  0
SECTION
  2
HEADER
  9
$ACADVER
  1
AC1009
  0
ENDSEC
  0
SECTION
  2
TABLES
  0
TABLE
  2
LAYER
  70
1
  0
LAYER
  2
Layer_0
  70
0
  62
7
  6
CONTINUOUS
  0
ENDTAB
  0
ENDSEC
  0
SECTION
  2
ENTITIES
  0
POLYLINE
  5
90
  8
Layer_0
  62
7
  66
1
  10
0
  20
0
  30
0
  0
VERTEX
  5
90
  8
Layer_0
  10
127.07887
  20
36.192169
  0
VERTEX
  5
91
  8
Layer_0
  10
127.01382
  20
36.056
  0
SEQEND
  0
POLYLINE
  5
93
  8
Layer_0
  62
7
  66
1
  10
0
  20
0
  30
0
  0
VERTEX
  5
93
  8
Layer_0
  10
127.01382
  20
36.056
  0
VERTEX
  5
94
  8
Layer_0
  10
126.87174
  20
35.889023
  0
SEQEND
  0
POLYLINE
  5
96
  8
Layer_0
  62
7
  66
1
  10
0
  20
0
  30
0
  0
VERTEX
  5
96
  8
Layer_0
  10
126.87174
  20
35.889023
  0
VERTEX
  5
97
  8
Layer_0
  10
126.71648
  20
35.825462
  0
SEQEND
  0
POLYLINE
  5
99
  8
Layer_0
  62
7
  66
1
  10
0
  20
0
  30
0
  0
VERTEX
  5
99
  8
Layer_0
  10
126.71648
  20
35.825462
  0
VERTEX
  5
9a
  8
Layer_0
  10
126.52639
  20
35.786942
  0
SEQEND
  0
POLYLINE
  5
9c
  8
Layer_0
  62
7
  66
1
  10
0
  20
0
  30
0
  0
VERTEX
  5
9c
  8
Layer_0
  10
126.52639
  20
35.786942
  0
VERTEX
  5
9d
  8
Layer_0
  10
126.37338
  20
35.752174
  0
SEQEND
  0
POLYLINE
  5
9f
  8
Layer_0
  62
7
  66
1
  10
0
  20
0
  30
0
  0
VERTEX
  5
9f
  8
Layer_0
  10
126.37338
  20
35.752174
  0
VERTEX
  5
a0
  8
Layer_0
  10
126.12518
  20
35.674263
  0
SEQEND
  0
POLYLINE
  5
a2
  8
Layer_0
  62
7
  66
1
  10
0
  20
0
  30
0
  0
VERTEX
  5
a2
  8
Layer_0
  10
126.12518
  20
35.674263
  0
VERTEX
  5
a3
  8
Layer_0
  10
125.79475
  20
35.558128
  0
SEQEND
  0
POLYLINE
  5
a5
  8
Layer_0
  62
7
  66
1
  10
0
  20
0
  30
0
  0
VERTEX
  5
a5
  8
Layer_0
  10
125.79475
  20
35.558128
  0
VERTEX
  5
a6
  8
Layer_0
  10
125.39508
  20
35.408752
  0
SEQEND
  0
POLYLINE
  5
a8
  8
Layer_0
  62
7
  66
1
  10
0
  20
0
  30
0
  0
VERTEX
  5
a8
  8
Layer_0
  10
125.39508
  20
35.408752
  0
VERTEX
  5
a9
  8
Layer_0
  10
124.43987
  20
35.030098
  0
SEQEND
  0
POLYLINE
  5
ab
  8
Layer_0
  62
7
  66
1
  10
0
  20
0
  30
0
  0
VERTEX
  5
ab
  8
Layer_0
  10
124.43987
  20
35.030098
  0
VERTEX
  5
ac
  8
Layer_0
  10
123.36336
  20
34.577972
  0
SEQEND
  0
POLYLINE
  5
ae
  8
Layer_0
  62
7
  66
1
  10
0
  20
0
  30
0
  0
VERTEX
  5
ae
  8
Layer_0
  10
123.36336
  20
34.577972
  0
VERTEX
  5
af
  8
Layer_0
  10
121.71266
  20
33.896843
  0
SEQEND
  0
POLYLINE
  5
b1
  8
Layer_0
  62
7
  66
1
  10
0
  20
0
  30
0
  0
VERTEX
  5
b1
  8
Layer_0
  10
121.71266
  20
33.896843
  0
VERTEX
  5
b2
  8
Layer_0
  10
120.07771
  20
33.281868
  0
SEQEND
  0
POLYLINE
  5
b4
  8
Layer_0
  62
7
  66
1
  10
0
  20
0
  30
0
  0
VERTEX
  5
b4
  8
Layer_0
  10
120.07771
  20
33.281868
  0
VERTEX
  5
b5
  8
Layer_0
  10
118.48415
  20
32.740295
  0
SEQEND
  0
POLYLINE
  5
b7
  8
Layer_0
  62
7
  66
1
  10
0
  20
0
  30
0
  0
VERTEX
  5
b7
  8
Layer_0
  10
118.48415
  20
32.740295
  0
VERTEX
  5
b8
  8
Layer_0
  10
116.95757
  20
32.279327
  0
SEQEND
  0
POLYLINE
  5
ba
  8
Layer_0
  62
7
  66
1
  10
0
  20
0
  30
0
  0
VERTEX
  5
ba
  8
Layer_0
  10
116.95757
  20
32.279327
  0
VERTEX
  5
bb
  8
Layer_0
  10
115.52364
  20
31.906181
  0
SEQEND
  0
POLYLINE
  5
bd
  8
Layer_0
  62
7
  66
1
  10
0
  20
0
  30
0
  0
VERTEX
  5
bd
  8
Layer_0
  10
115.52364
  20
31.906181
  0
VERTEX
  5
be
  8
Layer_0
  10
114.20795
  20
31.628098
  0
SEQEND
  0
POLYLINE
  5
c0
  8
Layer_0
  62
7
  66
1
  10
0
  20
0
  30
0
  0
VERTEX
  5
c0
  8
Layer_0
  10
114.20795
  20
31.628098
  0
VERTEX
  5
c1
  8
Layer_0
  10
113.60248
  20
31.526962
  0
SEQEND
  0
POLYLINE
  5
c3
  8
Layer_0
  62
7
  66
1
  10
0
  20
0
  30
0
  0
VERTEX
  5
c3
  8
Layer_0
  10
113.60248
  20
31.526962
  0
VERTEX
  5
c4
  8
Layer_0
  10
113.03617
  20
31.452286
  0
SEQEND
  0
POLYLINE
  5
c6
  8
Layer_0
  62
7
  66
1
  10
0
  20
0
  30
0
  0
VERTEX
  5
c6
  8
Layer_0
  10
113.03617
  20
31.452286
  0
VERTEX
  5
c7
  8
Layer_0
  10
112.51225
  20
31.404999
  0
SEQEND
  0
POLYLINE
  5
c9
  8
Layer_0
  62
7
  66
1
  10
0
  20
0
  30
0
  0
VERTEX
  5
c9
  8
Layer_0
  10
112.51225
  20
31.404999
  0
VERTEX
  5
ca
  8
Layer_0
  10
112.03392
  20
31.385948
  0
SEQEND
  0
POLYLINE
  5
cc
  8
Layer_0
  62
7
  66
1
  10
0
  20
0
  30
0
  0
VERTEX
  5
cc
  8
Layer_0
  10
112.03392
  20
31.385948
  0
VERTEX
  5
cd
  8
Layer_0
  10
110.93053
  20
31.411896
  0
SEQEND
  0
POLYLINE
  5
cf
  8
Layer_0
  62
7
  66
1
  10
0
  20
0
  30
0
  0
VERTEX
  5
cf
  8
Layer_0
  10
110.93053
  20
31.411896
  0
VERTEX
  5
d0
  8
Layer_0
  10
109.88299
  20
31.518188
  0
SEQEND
  0
POLYLINE
  5
d2
  8
Layer_0
  62
7
  66
1
  10
0
  20
0
  30
0
  0
VERTEX
  5
d2
  8
Layer_0
  10
109.88299
  20
31.518188
  0
VERTEX
  5
d3
  8
Layer_0
  10
108.86699
  20
31.713066
  0
SEQEND
  0
POLYLINE
  5
d5
  8
Layer_0
  62
7
  66
1
  10
0
  20
0
  30
0
  0
VERTEX
  5
d5
  8
Layer_0
  10
108.86699
  20
31.713066
  0
VERTEX
  5
d6
  8
Layer_0
  10
107.85822
  20
32.004768
  0
SEQEND
  0
POLYLINE
  5
d8
  8
Layer_0
  62
7
  66
1
  10
0
  20
0
  30
0
  0
VERTEX
  5
d8
  8
Layer_0
  10
107.85822
  20
32.004768
  0
VERTEX
  5
d9
  8
Layer_0
  10
106.83237
  20
32.401489
  0
SEQEND
  0
POLYLINE
  5
db
  8
Layer_0
  62
7
  66
1
  10
0
  20
0
  30
0
  0
VERTEX
  5
db
  8
Layer_0
  10
106.83237
  20
32.401489
  0
VERTEX
  5
dc
  8
Layer_0
  10
105.76513
  20
32.911469
  0
SEQEND
  0
POLYLINE
  5
de
  8
Layer_0
  62
7
  66
1
  10
0
  20
0
  30
0
  0
VERTEX
  5
de
  8
Layer_0
  10
105.76513
  20
32.911469
  0
VERTEX
  5
df
  8
Layer_0
  10
104.63219
  20
33.542946
  0
SEQEND
  0
POLYLINE
  5
e1
  8
Layer_0
  62
7
  66
1
  10
0
  20
0
  30
0
  0
VERTEX
  5
e1
  8
Layer_0
  10
104.63219
  20
33.542946
  0
VERTEX
  5
e2
  8
Layer_0
  10
103.40923
  20
34.304123
  0
SEQEND
  0
POLYLINE
  5
e4
  8
Layer_0
  62
7
  66
1
  10
0
  20
0
  30
0
  0
VERTEX
  5
e4
  8
Layer_0
  10
103.40923
  20
34.304123
  0
VERTEX
  5
e5
  8
Layer_0
  10
102.54637
  20
34.878395
  0
SEQEND
  0
POLYLINE
  5
e7
  8
Layer_0
  62
7
  66
1
  10
0
  20
0
  30
0
  0
VERTEX
  5
e7
  8
Layer_0
  10
102.54637
  20
34.878395
  0
VERTEX
  5
e8
  8
Layer_0
  10
101.80219
  20
35.411476
  0
SEQEND
  0
POLYLINE
  5
ea
  8
Layer_0
  62
7
  66
1
  10
0
  20
0
  30
0
  0
VERTEX
  5
ea
  8
Layer_0
  10
101.80219
  20
35.411476
  0
VERTEX
  5
eb
  8
Layer_0
  10
101.13751
  20
35.940994
  0
SEQEND
  0
POLYLINE
  5
ed
  8
Layer_0
  62
7
  66
1
  10
0
  20
0
  30
0
  0
VERTEX
  5
ed
  8
Layer_0
  10
101.13751
  20
35.940994
  0
VERTEX
  5
ee
  8
Layer_0
  10
100.51318
  20
36.504654
  0
SEQEND
  0
POLYLINE
  5
f0
  8
Layer_0
  62
7
  66
1
  10
0
  20
0
  30
0
  0
VERTEX
  5
f0
  8
Layer_0
  10
100.51318
  20
36.504654
  0
VERTEX
  5
f1
  8
Layer_0
  10
99.889969
  20
37.140091
  0
SEQEND
  0
POLYLINE
  5
f3
  8
Layer_0
  62
7
  66
1
  10
0
  20
0
  30
0
  0
VERTEX
  5
f3
  8
Layer_0
  10
99.889969
  20
37.140091
  0
VERTEX
  5
f4
  8
Layer_0
  10
99.228745
  20
37.884933
  0
SEQEND
  0
POLYLINE
  5
f6
  8
Layer_0
  62
7
  66
1
  10
0
  20
0
  30
0
  0
VERTEX
  5
f6
  8
Layer_0
  10
99.228745
  20
37.884933
  0
VERTEX
  5
f7
  8
Layer_0
  10
98.871628
  20
38.31015
  0
SEQEND
  0
POLYLINE
  5
f9
  8
Layer_0
  62
7
  66
1
  10
0
  20
0
  30
0
  0
VERTEX
  5
f9
  8
Layer_0
  10
98.871628
  20
38.31015
  0
VERTEX
  5
fa
  8
Layer_0
  10
98.490311
  20
38.776848
  0
SEQEND
  0
POLYLINE
  5
fc
  8
Layer_0
  62
7
  66
1
  10
0
  20
0
  30
0
  0
VERTEX
  5
fc
  8
Layer_0
  10
98.490311
  20
38.776848
  0
VERTEX
  5
fd
  8
Layer_0
  10
98.07991
  20
39.289757
  0
SEQEND
  0
POLYLINE
  5
ff
  8
Layer_0
  62
7
  66
1
  10
0
  20
0
  30
0
  0
VERTEX
  5
ff
  8
Layer_0
  10
98.07991
  20
39.289757
  0
VERTEX
  5
100
  8
Layer_0
  10
97.635498
  20
39.853539
  0
SEQEND
  0
POLYLINE
  5
102
  8
Layer_0
  62
7
  66
1
  10
0
  20
0
  30
0
  0
VERTEX
  5
102
  8
Layer_0
  10
97.635498
  20
39.853539
  0
VERTEX
  5
103
  8
Layer_0
  10
97.080139
  20
40.555458
  0
SEQEND
  0
POLYLINE
  5
105
  8
Layer_0
  62
7
  66
1
  10
0
  20
0
  30
0
  0
VERTEX
  5
105
  8
Layer_0
  10
97.080139
  20
40.555458
  0
VERTEX
  5
106
  8
Layer_0
  10
96.571404
  20
41.182877
  0
SEQEND
  0
POLYLINE
  5
108
  8
Layer_0
  62
7
  66
1
  10
0
  20
0
  30
0
  0
VERTEX
  5
108
  8
Layer_0
  10
96.571404
  20
41.182877
  0
VERTEX
  5
109
  8
Layer_0
  10
96.104828
  20
41.738846
  0
SEQEND
  0
POLYLINE
  5
10b
  8
Layer_0
  62
7
  66
1
  10
0
  20
0
  30
0
  0
VERTEX
  5
10b
  8
Layer_0
  10
96.104828
  20
41.738846
  0
VERTEX
  5
10c
  8
Layer_0
  10
95.675949
  20
42.226509
  0
SEQEND
  0
POLYLINE
  5
10e
  8
Layer_0
  62
7
  66
1
  10
0
  20
0
  30
0
  0
VERTEX
  5
10e
  8
Layer_0
  10
95.675949
  20
42.226509
  0
VERTEX
  5
10f
  8
Layer_0
  10
95.280289
  20
42.648949
  0
SEQEND
  0
POLYLINE
  5
111
  8
Layer_0
  62
7
  66
1
  10
0
  20
0
  30
0
  0
VERTEX
  5
111
  8
Layer_0
  10
95.280289
  20
42.648949
  0
VERTEX
  5
112
  8
Layer_0
  10
94.913383
  20
43.009262
  0
SEQEND
  0
POLYLINE
  5
114
  8
Layer_0
  62
7
  66
1
  10
0
  20
0
  30
0
  0
VERTEX
  5
114
  8
Layer_0
  10
94.913383
  20
43.009262
  0
VERTEX
  5
115
  8
Layer_0
  10
94.570801
  20
43.310562
  0
SEQEND
  0
POLYLINE
  5
117
  8
Layer_0
  62
7
  66
1
  10
0
  20
0
  30
0
  0
VERTEX
  5
117
  8
Layer_0
  10
94.570801
  20
43.310562
  0
VERTEX
  5
118
  8
Layer_0
  10
94.248062
  20
43.555946
  0
SEQEND
  0
POLYLINE
  5
11a
  8
Layer_0
  62
7
  66
1
  10
0
  20
0
  30
0
  0
VERTEX
  5
11a
  8
Layer_0
  10
94.248062
  20
43.555946
  0
VERTEX
  5
11b
  8
Layer_0
  10
93.644188
  20
43.891396
  0
SEQEND
  0
POLYLINE
  5
11d
  8
Layer_0
  62
7
  66
1
  10
0
  20
0
  30
0
  0
VERTEX
  5
11d
  8
Layer_0
  10
93.644188
  20
43.891396
  0
VERTEX
  5
11e
  8
Layer_0
  10
93.066116
  20
44.040443
  0
SEQEND
  0
POLYLINE
  5
120
  8
Layer_0
  62
7
  66
1
  10
0
  20
0
  30
0
  0
VERTEX
  5
120
  8
Layer_0
  10
93.066116
  20
44.040443
  0
VERTEX
  5
121
  8
Layer_0
  10
92.478096
  20
44.027863
  0
SEQEND
  0
POLYLINE
  5
123
  8
Layer_0
  62
7
  66
1
  10
0
  20
0
  30
0
  0
VERTEX
  5
123
  8
Layer_0
  10
92.478096
  20
44.027863
  0
VERTEX
  5
124
  8
Layer_0
  10
91.844437
  20
43.878555
  0
SEQEND
  0
POLYLINE
  5
126
  8
Layer_0
  62
7
  66
1
  10
0
  20
0
  30
0
  0
VERTEX
  5
126
  8
Layer_0
  10
91.844437
  20
43.878555
  0
VERTEX
  5
127
  8
Layer_0
  10
91.371826
  20
43.663094
  0
SEQEND
  0
POLYLINE
  5
129
  8
Layer_0
  62
7
  66
1
  10
0
  20
0
  30
0
  0
VERTEX
  5
129
  8
Layer_0
  10
91.371826
  20
43.663094
  0
VERTEX
  5
12a
  8
Layer_0
  10
90.900131
  20
43.322701
  0
SEQEND
  0
POLYLINE
  5
12c
  8
Layer_0
  62
7
  66
1
  10
0
  20
0
  30
0
  0
VERTEX
  5
12c
  8
Layer_0
  10
90.900131
  20
43.322701
  0
VERTEX
  5
12d
  8
Layer_0
  10
90.442551
  20
42.875824
  0
SEQEND
  0
POLYLINE
  5
12f
  8
Layer_0
  62
7
  66
1
  10
0
  20
0
  30
0
  0
VERTEX
  5
12f
  8
Layer_0
  10
90.442551
  20
42.875824
  0
VERTEX
  5
130
  8
Layer_0
  10
90.012375
  20
42.340881
  0
SEQEND
  0
POLYLINE
  5
132
  8
Layer_0
  62
7
  66
1
  10
0
  20
0
  30
0
  0
VERTEX
  5
132
  8
Layer_0
  10
90.012375
  20
42.340881
  0
VERTEX
  5
133
  8
Layer_0
  10
89.622887
  20
41.73632
  0
SEQEND
  0
POLYLINE
  5
135
  8
Layer_0
  62
7
  66
1
  10
0
  20
0
  30
0
  0
VERTEX
  5
135
  8
Layer_0
  10
89.622887
  20
41.73632
  0
VERTEX
  5
136
  8
Layer_0
  10
89.287308
  20
41.080566
  0
SEQEND
  0
POLYLINE
  5
138
  8
Layer_0
  62
7
  66
1
  10
0
  20
0
  30
0
  0
VERTEX
  5
138
  8
Layer_0
  10
89.287308
  20
41.080566
  0
VERTEX
  5
139
  8
Layer_0
  10
89.018944
  20
40.392067
  0
SEQEND
  0
POLYLINE
  5
13b
  8
Layer_0
  62
7
  66
1
  10
0
  20
0
  30
0
  0
VERTEX
  5
13b
  8
Layer_0
  10
89.018944
  20
40.392067
  0
VERTEX
  5
13c
  8
Layer_0
  10
88.831017
  20
39.68927
  0
SEQEND
  0
POLYLINE
  5
13e
  8
Layer_0
  62
7
  66
1
  10
0
  20
0
  30
0
  0
VERTEX
  5
13e
  8
Layer_0
  10
88.831017
  20
39.68927
  0
VERTEX
  5
13f
  8
Layer_0
  10
88.778305
  20
39.347221
  0
SEQEND
  0
POLYLINE
  5
141
  8
Layer_0
  62
7
  66
1
  10
0
  20
0
  30
0
  0
VERTEX
  5
141
  8
Layer_0
  10
88.778305
  20
39.347221
  0
VERTEX
  5
142
  8
Layer_0
  10
88.730988
  20
38.876511
  0
SEQEND
  0
POLYLINE
  5
144
  8
Layer_0
  62
7
  66
1
  10
0
  20
0
  30
0
  0
VERTEX
  5
144
  8
Layer_0
  10
88.730988
  20
38.876511
  0
VERTEX
  5
145
  8
Layer_0
  10
88.689949
  20
38.298241
  0
SEQEND
  0
POLYLINE
  5
147
  8
Layer_0
  62
7
  66
1
  10
0
  20
0
  30
0
  0
VERTEX
  5
147
  8
Layer_0
  10
88.689949
  20
38.298241
  0
VERTEX
  5
148
  8
Layer_0
  10
88.656105
  20
37.633575
  0
SEQEND
  0
POLYLINE
  5
14a
  8
Layer_0
  62
7
  66
1
  10
0
  20
0
  30
0
  0
VERTEX
  5
14a
  8
Layer_0
  10
88.656105
  20
37.633575
  0
VERTEX
  5
14b
  8
Layer_0
  10
88.613602
  20
36.129639
  0
SEQEND
  0
POLYLINE
  5
14d
  8
Layer_0
  62
7
  66
1
  10
0
  20
0
  30
0
  0
VERTEX
  5
14d
  8
Layer_0
  10
88.613602
  20
36.129639
  0
VERTEX
  5
14e
  8
Layer_0
  10
88.610703
  20
34.533852
  0
SEQEND
  0
POLYLINE
  5
150
  8
Layer_0
  62
7
  66
1
  10
0
  20
0
  30
0
  0
VERTEX
  5
150
  8
Layer_0
  10
88.610703
  20
34.533852
  0
VERTEX
  5
151
  8
Layer_0
  10
88.657532
  20
30.690659
  0
SEQEND
  0
POLYLINE
  5
153
  8
Layer_0
  62
7
  66
1
  10
0
  20
0
  30
0
  0
VERTEX
  5
153
  8
Layer_0
  10
88.657532
  20
30.690659
  0
VERTEX
  5
154
  8
Layer_0
  10
90.2612
  20
26.893776
  0
SEQEND
  0
POLYLINE
  5
156
  8
Layer_0
  62
7
  66
1
  10
0
  20
0
  30
0
  0
VERTEX
  5
156
  8
Layer_0
  10
90.2612
  20
26.893776
  0
VERTEX
  5
157
  8
Layer_0
  10
90.589272
  20
26.117821
  0
SEQEND
  0
POLYLINE
  5
159
  8
Layer_0
  62
7
  66
1
  10
0
  20
0
  30
0
  0
VERTEX
  5
159
  8
Layer_0
  10
90.589272
  20
26.117821
  0
VERTEX
  5
15a
  8
Layer_0
  10
90.881897
  20
25.432587
  0
SEQEND
  0
POLYLINE
  5
15c
  8
Layer_0
  62
7
  66
1
  10
0
  20
0
  30
0
  0
VERTEX
  5
15c
  8
Layer_0
  10
90.881897
  20
25.432587
  0
VERTEX
  5
15d
  8
Layer_0
  10
91.148476
  20
24.823647
  0
SEQEND
  0
POLYLINE
  5
15f
  8
Layer_0
  62
7
  66
1
  10
0
  20
0
  30
0
  0
VERTEX
  5
15f
  8
Layer_0
  10
91.148476
  20
24.823647
  0
VERTEX
  5
160
  8
Layer_0
  10
91.398392
  20
24.276558
  0
SEQEND
  0
POLYLINE
  5
162
  8
Layer_0
  62
7
  66
1
  10
0
  20
0
  30
0
  0
VERTEX
  5
162
  8
Layer_0
  10
91.398392
  20
24.276558
  0
VERTEX
  5
163
  8
Layer_0
  10
91.885818
  20
23.310204
  0
SEQEND
  0
POLYLINE
  5
165
  8
Layer_0
  62
7
  66
1
  10
0
  20
0
  30
0
  0
VERTEX
  5
165
  8
Layer_0
  10
91.885818
  20
23.310204
  0
VERTEX
  5
166
  8
Layer_0
  10
92.419357
  20
22.418137
  0
SEQEND
  0
POLYLINE
  5
168
  8
Layer_0
  62
7
  66
1
  10
0
  20
0
  30
0
  0
VERTEX
  5
168
  8
Layer_0
  10
92.419357
  20
22.418137
  0
VERTEX
  5
169
  8
Layer_0
  10
92.726883
  20
21.963882
  0
SEQEND
  0
POLYLINE
  5
16b
  8
Layer_0
  62
7
  66
1
  10
0
  20
0
  30
0
  0
VERTEX
  5
16b
  8
Layer_0
  10
92.726883
  20
21.963882
  0
VERTEX
  5
16c
  8
Layer_0
  10
93.074104
  20
21.484932
  0
SEQEND
  0
POLYLINE
  5
16e
  8
Layer_0
  62
7
  66
1
  10
0
  20
0
  30
0
  0
VERTEX
  5
16e
  8
Layer_0
  10
93.074104
  20
21.484932
  0
VERTEX
  5
16f
  8
Layer_0
  10
93.470421
  20
20.966797
  0
SEQEND
  0
POLYLINE
  5
171
  8
Layer_0
  62
7
  66
1
  10
0
  20
0
  30
0
  0
VERTEX
  5
171
  8
Layer_0
  10
93.470421
  20
20.966797
  0
VERTEX
  5
172
  8
Layer_0
  10
93.925224
  20
20.395142
  0
SEQEND
  0
POLYLINE
  5
174
  8
Layer_0
  62
7
  66
1
  10
0
  20
0
  30
0
  0
VERTEX
  5
174
  8
Layer_0
  10
93.925224
  20
20.395142
  0
VERTEX
  5
175
  8
Layer_0
  10
94.447906
  20
19.755432
  0
SEQEND
  0
POLYLINE
  5
177
  8
Layer_0
  62
7
  66
1
  10
0
  20
0
  30
0
  0
VERTEX
  5
177
  8
Layer_0
  10
94.447906
  20
19.755432
  0
VERTEX
  5
178
  8
Layer_0
  10
95.047852
  20
19.03334
  0
SEQEND
  0
POLYLINE
  5
17a
  8
Layer_0
  62
7
  66
1
  10
0
  20
0
  30
0
  0
VERTEX
  5
17a
  8
Layer_0
  10
95.047852
  20
19.03334
  0
VERTEX
  5
17b
  8
Layer_0
  10
95.734474
  20
18.214371
  0
SEQEND
  0
POLYLINE
  5
17d
  8
Layer_0
  62
7
  66
1
  10
0
  20
0
  30
0
  0
VERTEX
  5
17d
  8
Layer_0
  10
95.734474
  20
18.214371
  0
VERTEX
  5
17e
  8
Layer_0
  10
96.517136
  20
17.284119
  0
SEQEND
  0
POLYLINE
  5
180
  8
Layer_0
  62
7
  66
1
  10
0
  20
0
  30
0
  0
VERTEX
  5
180
  8
Layer_0
  10
96.517136
  20
17.284119
  0
VERTEX
  5
181
  8
Layer_0
  10
97.814911
  20
15.798904
  0
SEQEND
  0
POLYLINE
  5
183
  8
Layer_0
  62
7
  66
1
  10
0
  20
0
  30
0
  0
VERTEX
  5
183
  8
Layer_0
  10
97.814911
  20
15.798904
  0
VERTEX
  5
184
  8
Layer_0
  10
99.059303
  20
14.487671
  0
SEQEND
  0
POLYLINE
  5
186
  8
Layer_0
  62
7
  66
1
  10
0
  20
0
  30
0
  0
VERTEX
  5
186
  8
Layer_0
  10
99.059303
  20
14.487671
  0
VERTEX
  5
187
  8
Layer_0
  10
99.658188
  20
13.899902
  0
SEQEND
  0
POLYLINE
  5
189
  8
Layer_0
  62
7
  66
1
  10
0
  20
0
  30
0
  0
VERTEX
  5
189
  8
Layer_0
  10
99.658188
  20
13.899902
  0
VERTEX
  5
18a
  8
Layer_0
  10
100.2398
  20
13.358749
  0
SEQEND
  0
POLYLINE
  5
18c
  8
Layer_0
  62
7
  66
1
  10
0
  20
0
  30
0
  0
VERTEX
  5
18c
  8
Layer_0
  10
100.2398
  20
13.358749
  0
VERTEX
  5
18d
  8
Layer_0
  10
100.80284
  20
12.865234
  0
SEQEND
  0
POLYLINE
  5
18f
  8
Layer_0
  62
7
  66
1
  10
0
  20
0
  30
0
  0
VERTEX
  5
18f
  8
Layer_0
  10
100.80284
  20
12.865234
  0
VERTEX
  5
190
  8
Layer_0
  10
101.34595
  20
12.42038
  0
SEQEND
  0
POLYLINE
  5
192
  8
Layer_0
  62
7
  66
1
  10
0
  20
0
  30
0
  0
VERTEX
  5
192
  8
Layer_0
  10
101.34595
  20
12.42038
  0
VERTEX
  5
193
  8
Layer_0
  10
101.86786
  20
12.025238
  0
SEQEND
  0
POLYLINE
  5
195
  8
Layer_0
  62
7
  66
1
  10
0
  20
0
  30
0
  0
VERTEX
  5
195
  8
Layer_0
  10
101.86786
  20
12.025238
  0
VERTEX
  5
196
  8
Layer_0
  10
102.36725
  20
11.680847
  0
SEQEND
  0
POLYLINE
  5
198
  8
Layer_0
  62
7
  66
1
  10
0
  20
0
  30
0
  0
VERTEX
  5
198
  8
Layer_0
  10
102.36725
  20
11.680847
  0
VERTEX
  5
199
  8
Layer_0
  10
102.8428
  20
11.388214
  0
SEQEND
  0
POLYLINE
  5
19b
  8
Layer_0
  62
7
  66
1
  10
0
  20
0
  30
0
  0
VERTEX
  5
19b
  8
Layer_0
  10
102.8428
  20
11.388214
  0
VERTEX
  5
19c
  8
Layer_0
  10
103.29321
  20
11.148422
  0
SEQEND
  0
POLYLINE
  5
19e
  8
Layer_0
  62
7
  66
1
  10
0
  20
0
  30
0
  0
VERTEX
  5
19e
  8
Layer_0
  10
103.29321
  20
11.148422
  0
VERTEX
  5
19f
  8
Layer_0
  10
103.71716
  20
10.962433
  0
SEQEND
  0
POLYLINE
  5
1a1
  8
Layer_0
  62
7
  66
1
  10
0
  20
0
  30
0
  0
VERTEX
  5
1a1
  8
Layer_0
  10
103.71716
  20
10.962433
  0
VERTEX
  5
1a2
  8
Layer_0
  10
104.11337
  20
10.831329
  0
SEQEND
  0
POLYLINE
  5
1a4
  8
Layer_0
  62
7
  66
1
  10
0
  20
0
  30
0
  0
VERTEX
  5
1a4
  8
Layer_0
  10
104.11337
  20
10.831329
  0
VERTEX
  5
1a5
  8
Layer_0
  10
104.48048
  20
10.756165
  0
SEQEND
  0
POLYLINE
  5
1a7
  8
Layer_0
  62
7
  66
1
  10
0
  20
0
  30
0
  0
VERTEX
  5
1a7
  8
Layer_0
  10
104.48048
  20
10.756165
  0
VERTEX
  5
1a8
  8
Layer_0
  10
104.8172
  20
10.737915
  0
SEQEND
  0
POLYLINE
  5
1aa
  8
Layer_0
  62
7
  66
1
  10
0
  20
0
  30
0
  0
VERTEX
  5
1aa
  8
Layer_0
  10
104.8172
  20
10.737915
  0
VERTEX
  5
1ab
  8
Layer_0
  10
105.01336
  20
10.773682
  0
SEQEND
  0
POLYLINE
  5
1ad
  8
Layer_0
  62
7
  66
1
  10
0
  20
0
  30
0
  0
VERTEX
  5
1ad
  8
Layer_0
  10
105.01336
  20
10.773682
  0
VERTEX
  5
1ae
  8
Layer_0
  10
105.27307
  20
10.866241
  0
SEQEND
  0
POLYLINE
  5
1b0
  8
Layer_0
  62
7
  66
1
  10
0
  20
0
  30
0
  0
VERTEX
  5
1b0
  8
Layer_0
  10
105.27307
  20
10.866241
  0
VERTEX
  5
1b1
  8
Layer_0
  10
105.58516
  20
11.009323
  0
SEQEND
  0
POLYLINE
  5
1b3
  8
Layer_0
  62
7
  66
1
  10
0
  20
0
  30
0
  0
VERTEX
  5
1b3
  8
Layer_0
  10
105.58516
  20
11.009323
  0
VERTEX
  5
1b4
  8
Layer_0
  10
105.93848
  20
11.196671
  0
SEQEND
  0
POLYLINE
  5
1b6
  8
Layer_0
  62
7
  66
1
  10
0
  20
0
  30
0
  0
VERTEX
  5
1b6
  8
Layer_0
  10
105.93848
  20
11.196671
  0
VERTEX
  5
1b7
  8
Layer_0
  10
106.72408
  20
11.679138
  0
SEQEND
  0
POLYLINE
  5
1b9
  8
Layer_0
  62
7
  66
1
  10
0
  20
0
  30
0
  0
VERTEX
  5
1b9
  8
Layer_0
  10
106.72408
  20
11.679138
  0
VERTEX
  5
1ba
  8
Layer_0
  10
107.54051
  20
12.263596
  0
SEQEND
  0
POLYLINE
  5
1bc
  8
Layer_0
  62
7
  66
1
  10
0
  20
0
  30
0
  0
VERTEX
  5
1bc
  8
Layer_0
  10
107.54051
  20
12.263596
  0
VERTEX
  5
1bd
  8
Layer_0
  10
108.3846
  20
12.875259
  0
SEQEND
  0
POLYLINE
  5
1bf
  8
Layer_0
  62
7
  66
1
  10
0
  20
0
  30
0
  0
VERTEX
  5
1bf
  8
Layer_0
  10
108.3846
  20
12.875259
  0
VERTEX
  5
1c0
  8
Layer_0
  10
109.29802
  20
13.464081
  0
SEQEND
  0
POLYLINE
  5
1c2
  8
Layer_0
  62
7
  66
1
  10
0
  20
0
  30
0
  0
VERTEX
  5
1c2
  8
Layer_0
  10
109.29802
  20
13.464081
  0
VERTEX
  5
1c3
  8
Layer_0
  10
110.26645
  20
14.023041
  0
SEQEND
  0
POLYLINE
  5
1c5
  8
Layer_0
  62
7
  66
1
  10
0
  20
0
  30
0
  0
VERTEX
  5
1c5
  8
Layer_0
  10
110.26645
  20
14.023041
  0
VERTEX
  5
1c6
  8
Layer_0
  10
111.27557
  20
14.545151
  0
SEQEND
  0
POLYLINE
  5
1c8
  8
Layer_0
  62
7
  66
1
  10
0
  20
0
  30
0
  0
VERTEX
  5
1c8
  8
Layer_0
  10
111.27557
  20
14.545151
  0
VERTEX
  5
1c9
  8
Layer_0
  10
112.31111
  20
15.023407
  0
SEQEND
  0
POLYLINE
  5
1cb
  8
Layer_0
  62
7
  66
1
  10
0
  20
0
  30
0
  0
VERTEX
  5
1cb
  8
Layer_0
  10
112.31111
  20
15.023407
  0
VERTEX
  5
1cc
  8
Layer_0
  10
113.35873
  20
15.45079
  0
SEQEND
  0
POLYLINE
  5
1ce
  8
Layer_0
  62
7
  66
1
  10
0
  20
0
  30
0
  0
VERTEX
  5
1ce
  8
Layer_0
  10
113.35873
  20
15.45079
  0
VERTEX
  5
1cf
  8
Layer_0
  10
114.40414
  20
15.820328
  0
SEQEND
  0
POLYLINE
  5
1d1
  8
Layer_0
  62
7
  66
1
  10
0
  20
0
  30
0
  0
VERTEX
  5
1d1
  8
Layer_0
  10
114.40414
  20
15.820328
  0
VERTEX
  5
1d2
  8
Layer_0
  10
115.43304
  20
16.125031
  0
SEQEND
  0
POLYLINE
  5
1d4
  8
Layer_0
  62
7
  66
1
  10
0
  20
0
  30
0
  0
VERTEX
  5
1d4
  8
Layer_0
  10
115.43304
  20
16.125031
  0
VERTEX
  5
1d5
  8
Layer_0
  10
115.98427
  20
16.250793
  0
SEQEND
  0
POLYLINE
  5
1d7
  8
Layer_0
  62
7
  66
1
  10
0
  20
0
  30
0
  0
VERTEX
  5
1d7
  8
Layer_0
  10
115.98427
  20
16.250793
  0
VERTEX
  5
1d8
  8
Layer_0
  10
116.58675
  20
16.350388
  0
SEQEND
  0
POLYLINE
  5
1da
  8
Layer_0
  62
7
  66
1
  10
0
  20
0
  30
0
  0
VERTEX
  5
1da
  8
Layer_0
  10
116.58675
  20
16.350388
  0
VERTEX
  5
1db
  8
Layer_0
  10
117.23366
  20
16.424271
  0
SEQEND
  0
POLYLINE
  5
1dd
  8
Layer_0
  62
7
  66
1
  10
0
  20
0
  30
0
  0
VERTEX
  5
1dd
  8
Layer_0
  10
117.23366
  20
16.424271
  0
VERTEX
  5
1de
  8
Layer_0
  10
117.91815
  20
16.473007
  0
SEQEND
  0
POLYLINE
  5
1e0
  8
Layer_0
  62
7
  66
1
  10
0
  20
0
  30
0
  0
VERTEX
  5
1e0
  8
Layer_0
  10
117.91815
  20
16.473007
  0
VERTEX
  5
1e1
  8
Layer_0
  10
119.37253
  20
16.497025
  0
SEQEND
  0
POLYLINE
  5
1e3
  8
Layer_0
  62
7
  66
1
  10
0
  20
0
  30
0
  0
VERTEX
  5
1e3
  8
Layer_0
  10
119.37253
  20
16.497025
  0
VERTEX
  5
1e4
  8
Layer_0
  10
120.89519
  20
16.426575
  0
SEQEND
  0
POLYLINE
  5
1e6
  8
Layer_0
  62
7
  66
1
  10
0
  20
0
  30
0
  0
VERTEX
  5
1e6
  8
Layer_0
  10
120.89519
  20
16.426575
  0
VERTEX
  5
1e7
  8
Layer_0
  10
122.43139
  20
16.265823
  0
SEQEND
  0
POLYLINE
  5
1e9
  8
Layer_0
  62
7
  66
1
  10
0
  20
0
  30
0
  0
VERTEX
  5
1e9
  8
Layer_0
  10
122.43139
  20
16.265823
  0
VERTEX
  5
1ea
  8
Layer_0
  10
123.92644
  20
16.01886
  0
SEQEND
  0
POLYLINE
  5
1ec
  8
Layer_0
  62
7
  66
1
  10
0
  20
0
  30
0
  0
VERTEX
  5
1ec
  8
Layer_0
  10
123.92644
  20
16.01886
  0
VERTEX
  5
1ed
  8
Layer_0
  10
124.64142
  20
15.864365
  0
SEQEND
  0
POLYLINE
  5
1ef
  8
Layer_0
  62
7
  66
1
  10
0
  20
0
  30
0
  0
VERTEX
  5
1ef
  8
Layer_0
  10
124.64142
  20
15.864365
  0
VERTEX
  5
1f0
  8
Layer_0
  10
125.32561
  20
15.68985
  0
SEQEND
  0
POLYLINE
  5
1f2
  8
Layer_0
  62
7
  66
1
  10
0
  20
0
  30
0
  0
VERTEX
  5
1f2
  8
Layer_0
  10
125.32561
  20
15.68985
  0
VERTEX
  5
1f3
  8
Layer_0
  10
125.97214
  20
15.49585
  0
SEQEND
  0
POLYLINE
  5
1f5
  8
Layer_0
  62
7
  66
1
  10
0
  20
0
  30
0
  0
VERTEX
  5
1f5
  8
Layer_0
  10
125.97214
  20
15.49585
  0
VERTEX
  5
1f6
  8
Layer_0
  10
126.57419
  20
15.282913
  0
SEQEND
  0
POLYLINE
  5
1f8
  8
Layer_0
  62
7
  66
1
  10
0
  20
0
  30
0
  0
VERTEX
  5
1f8
  8
Layer_0
  10
126.57419
  20
15.282913
  0
VERTEX
  5
1f9
  8
Layer_0
  10
127.29686
  20
15.006271
  0
SEQEND
  0
POLYLINE
  5
1fb
  8
Layer_0
  62
7
  66
1
  10
0
  20
0
  30
0
  0
VERTEX
  5
1fb
  8
Layer_0
  10
127.29686
  20
15.006271
  0
VERTEX
  5
1fc
  8
Layer_0
  10
127.94598
  20
14.761703
  0
SEQEND
  0
POLYLINE
  5
1fe
  8
Layer_0
  62
7
  66
1
  10
0
  20
0
  30
0
  0
VERTEX
  5
1fe
  8
Layer_0
  10
127.94598
  20
14.761703
  0
VERTEX
  5
1ff
  8
Layer_0
  10
128.52887
  20
14.547699
  0
SEQEND
  0
POLYLINE
  5
201
  8
Layer_0
  62
7
  66
1
  10
0
  20
0
  30
0
  0
VERTEX
  5
201
  8
Layer_0
  10
128.52887
  20
14.547699
  0
VERTEX
  5
202
  8
Layer_0
  10
129.05281
  20
14.362717
  0
SEQEND
  0
POLYLINE
  5
204
  8
Layer_0
  62
7
  66
1
  10
0
  20
0
  30
0
  0
VERTEX
  5
204
  8
Layer_0
  10
129.05281
  20
14.362717
  0
VERTEX
  5
205
  8
Layer_0
  10
129.52513
  20
14.205215
  0
SEQEND
  0
POLYLINE
  5
207
  8
Layer_0
  62
7
  66
1
  10
0
  20
0
  30
0
  0
VERTEX
  5
207
  8
Layer_0
  10
129.52513
  20
14.205215
  0
VERTEX
  5
208
  8
Layer_0
  10
129.95313
  20
14.0737
  0
SEQEND
  0
POLYLINE
  5
20a
  8
Layer_0
  62
7
  66
1
  10
0
  20
0
  30
0
  0
VERTEX
  5
20a
  8
Layer_0
  10
129.95313
  20
14.0737
  0
VERTEX
  5
20b
  8
Layer_0
  10
130.3441
  20
13.966583
  0
SEQEND
  0
POLYLINE
  5
20d
  8
Layer_0
  62
7
  66
1
  10
0
  20
0
  30
0
  0
VERTEX
  5
20d
  8
Layer_0
  10
130.3441
  20
13.966583
  0
VERTEX
  5
20e
  8
Layer_0
  10
130.70535
  20
13.882324
  0
SEQEND
  0
POLYLINE
  5
210
  8
Layer_0
  62
7
  66
1
  10
0
  20
0
  30
0
  0
VERTEX
  5
210
  8
Layer_0
  10
130.70535
  20
13.882324
  0
VERTEX
  5
211
  8
Layer_0
  10
131.36798
  20
13.776306
  0
SEQEND
  0
POLYLINE
  5
213
  8
Layer_0
  62
7
  66
1
  10
0
  20
0
  30
0
  0
VERTEX
  5
213
  8
Layer_0
  10
131.36798
  20
13.776306
  0
VERTEX
  5
214
  8
Layer_0
  10
131.99944
  20
13.743408
  0
SEQEND
  0
POLYLINE
  5
216
  8
Layer_0
  62
7
  66
1
  10
0
  20
0
  30
0
  0
VERTEX
  5
216
  8
Layer_0
  10
131.99944
  20
13.743408
  0
VERTEX
  5
217
  8
Layer_0
  10
132.65817
  20
13.771301
  0
SEQEND
  0
POLYLINE
  5
219
  8
Layer_0
  62
7
  66
1
  10
0
  20
0
  30
0
  0
VERTEX
  5
219
  8
Layer_0
  10
132.65817
  20
13.771301
  0
VERTEX
  5
21a
  8
Layer_0
  10
133.40265
  20
13.847702
  0
SEQEND
  0
POLYLINE
  5
21c
  8
Layer_0
  62
7
  66
1
  10
0
  20
0
  30
0
  0
VERTEX
  5
21c
  8
Layer_0
  10
133.40265
  20
13.847702
  0
VERTEX
  5
21d
  8
Layer_0
  10
134.44586
  20
14.034454
  0
SEQEND
  0
POLYLINE
  5
21f
  8
Layer_0
  62
7
  66
1
  10
0
  20
0
  30
0
  0
VERTEX
  5
21f
  8
Layer_0
  10
134.44586
  20
14.034454
  0
VERTEX
  5
220
  8
Layer_0
  10
135.50293
  20
14.349487
  0
SEQEND
  0
POLYLINE
  5
222
  8
Layer_0
  62
7
  66
1
  10
0
  20
0
  30
0
  0
VERTEX
  5
222
  8
Layer_0
  10
135.50293
  20
14.349487
  0
VERTEX
  5
223
  8
Layer_0
  10
136.5918
  20
14.799164
  0
SEQEND
  0
POLYLINE
  5
225
  8
Layer_0
  62
7
  66
1
  10
0
  20
0
  30
0
  0
VERTEX
  5
225
  8
Layer_0
  10
136.5918
  20
14.799164
  0
VERTEX
  5
226
  8
Layer_0
  10
137.73045
  20
15.389938
  0
SEQEND
  0
POLYLINE
  5
228
  8
Layer_0
  62
7
  66
1
  10
0
  20
0
  30
0
  0
VERTEX
  5
228
  8
Layer_0
  10
137.73045
  20
15.389938
  0
VERTEX
  5
229
  8
Layer_0
  10
139.46114
  20
16.307983
  0
SEQEND
  0
POLYLINE
  5
22b
  8
Layer_0
  62
7
  66
1
  10
0
  20
0
  30
0
  0
VERTEX
  5
22b
  8
Layer_0
  10
139.46114
  20
16.307983
  0
VERTEX
  5
22c
  8
Layer_0
  10
141.21696
  20
17.10524
  0
SEQEND
  0
POLYLINE
  5
22e
  8
Layer_0
  62
7
  66
1
  10
0
  20
0
  30
0
  0
VERTEX
  5
22e
  8
Layer_0
  10
141.21696
  20
17.10524
  0
VERTEX
  5
22f
  8
Layer_0
  10
143.0365
  20
17.792267
  0
SEQEND
  0
POLYLINE
  5
231
  8
Layer_0
  62
7
  66
1
  10
0
  20
0
  30
0
  0
VERTEX
  5
231
  8
Layer_0
  10
143.0365
  20
17.792267
  0
VERTEX
  5
232
  8
Layer_0
  10
144.95834
  20
18.379547
  0
SEQEND
  0
POLYLINE
  5
234
  8
Layer_0
  62
7
  66
1
  10
0
  20
0
  30
0
  0
VERTEX
  5
234
  8
Layer_0
  10
144.95834
  20
18.379547
  0
VERTEX
  5
235
  8
Layer_0
  10
145.9697
  20
18.639038
  0
SEQEND
  0
POLYLINE
  5
237
  8
Layer_0
  62
7
  66
1
  10
0
  20
0
  30
0
  0
VERTEX
  5
237
  8
Layer_0
  10
145.9697
  20
18.639038
  0
VERTEX
  5
238
  8
Layer_0
  10
147.0211
  20
18.877563
  0
SEQEND
  0
POLYLINE
  5
23a
  8
Layer_0
  62
7
  66
1
  10
0
  20
0
  30
0
  0
VERTEX
  5
23a
  8
Layer_0
  10
147.0211
  20
18.877563
  0
VERTEX
  5
23b
  8
Layer_0
  10
148.11737
  20
19.096405
  0
SEQEND
  0
POLYLINE
  5
23d
  8
Layer_0
  62
7
  66
1
  10
0
  20
0
  30
0
  0
VERTEX
  5
23d
  8
Layer_0
  10
148.11737
  20
19.096405
  0
VERTEX
  5
23e
  8
Layer_0
  10
149.26334
  20
19.29686
  0
SEQEND
  0
POLYLINE
  5
240
  8
Layer_0
  62
7
  66
1
  10
0
  20
0
  30
0
  0
VERTEX
  5
240
  8
Layer_0
  10
149.26334
  20
19.29686
  0
VERTEX
  5
241
  8
Layer_0
  10
150.46382
  20
19.480286
  0
SEQEND
  0
POLYLINE
  5
243
  8
Layer_0
  62
7
  66
1
  10
0
  20
0
  30
0
  0
VERTEX
  5
243
  8
Layer_0
  10
150.46382
  20
19.480286
  0
VERTEX
  5
244
  8
Layer_0
  10
151.72365
  20
19.647949
  0
SEQEND
  0
POLYLINE
  5
246
  8
Layer_0
  62
7
  66
1
  10
0
  20
0
  30
0
  0
VERTEX
  5
246
  8
Layer_0
  10
151.72365
  20
19.647949
  0
VERTEX
  5
247
  8
Layer_0
  10
153.04765
  20
19.801193
  0
SEQEND
  0
POLYLINE
  5
249
  8
Layer_0
  62
7
  66
1
  10
0
  20
0
  30
0
  0
VERTEX
  5
249
  8
Layer_0
  10
153.04765
  20
19.801193
  0
VERTEX
  5
24a
  8
Layer_0
  10
154.44063
  20
19.94133
  0
SEQEND
  0
POLYLINE
  5
24c
  8
Layer_0
  62
7
  66
1
  10
0
  20
0
  30
0
  0
VERTEX
  5
24c
  8
Layer_0
  10
154.44063
  20
19.94133
  0
VERTEX
  5
24d
  8
Layer_0
  10
156.73602
  20
20.136765
  0
SEQEND
  0
POLYLINE
  5
24f
  8
Layer_0
  62
7
  66
1
  10
0
  20
0
  30
0
  0
VERTEX
  5
24f
  8
Layer_0
  10
156.73602
  20
20.136765
  0
VERTEX
  5
250
  8
Layer_0
  10
158.88879
  20
20.277359
  0
SEQEND
  0
POLYLINE
  5
252
  8
Layer_0
  62
7
  66
1
  10
0
  20
0
  30
0
  0
VERTEX
  5
252
  8
Layer_0
  10
158.88879
  20
20.277359
  0
VERTEX
  5
253
  8
Layer_0
  10
160.92998
  20
20.363113
  0
SEQEND
  0
POLYLINE
  5
255
  8
Layer_0
  62
7
  66
1
  10
0
  20
0
  30
0
  0
VERTEX
  5
255
  8
Layer_0
  10
160.92998
  20
20.363113
  0
VERTEX
  5
256
  8
Layer_0
  10
162.97182
  20
20.263168
  0
SEQEND
  0
POLYLINE
  5
258
  8
Layer_0
  62
7
  66
1
  10
0
  20
0
  30
0
  0
VERTEX
  5
258
  8
Layer_0
  10
162.97182
  20
20.263168
  0
VERTEX
  5
259
  8
Layer_0
  10
165.12564
  20
20.107635
  0
SEQEND
  0
POLYLINE
  5
25b
  8
Layer_0
  62
7
  66
1
  10
0
  20
0
  30
0
  0
VERTEX
  5
25b
  8
Layer_0
  10
165.12564
  20
20.107635
  0
VERTEX
  5
25c
  8
Layer_0
  10
167.42247
  20
19.896271
  0
SEQEND
  0
POLYLINE
  5
25e
  8
Layer_0
  62
7
  66
1
  10
0
  20
0
  30
0
  0
VERTEX
  5
25e
  8
Layer_0
  10
167.42247
  20
19.896271
  0
VERTEX
  5
25f
  8
Layer_0
  10
168.8165
  20
19.746445
  0
SEQEND
  0
POLYLINE
  5
261
  8
Layer_0
  62
7
  66
1
  10
0
  20
0
  30
0
  0
VERTEX
  5
261
  8
Layer_0
  10
168.8165
  20
19.746445
  0
VERTEX
  5
262
  8
Layer_0
  10
170.14162
  20
19.58403
  0
SEQEND
  0
POLYLINE
  5
264
  8
Layer_0
  62
7
  66
1
  10
0
  20
0
  30
0
  0
VERTEX
  5
264
  8
Layer_0
  10
170.14162
  20
19.58403
  0
VERTEX
  5
265
  8
Layer_0
  10
171.40266
  20
19.407593
  0
SEQEND
  0
POLYLINE
  5
267
  8
Layer_0
  62
7
  66
1
  10
0
  20
0
  30
0
  0
VERTEX
  5
267
  8
Layer_0
  10
171.40266
  20
19.407593
  0
VERTEX
  5
268
  8
Layer_0
  10
172.60449
  20
19.215836
  0
SEQEND
  0
POLYLINE
  5
26a
  8
Layer_0
  62
7
  66
1
  10
0
  20
0
  30
0
  0
VERTEX
  5
26a
  8
Layer_0
  10
172.60449
  20
19.215836
  0
VERTEX
  5
26b
  8
Layer_0
  10
173.75191
  20
19.007431
  0
SEQEND
  0
POLYLINE
  5
26d
  8
Layer_0
  62
7
  66
1
  10
0
  20
0
  30
0
  0
VERTEX
  5
26d
  8
Layer_0
  10
173.75191
  20
19.007431
  0
VERTEX
  5
26e
  8
Layer_0
  10
174.84976
  20
18.780975
  0
SEQEND
  0
POLYLINE
  5
270
  8
Layer_0
  62
7
  66
1
  10
0
  20
0
  30
0
  0
VERTEX
  5
270
  8
Layer_0
  10
174.84976
  20
18.780975
  0
VERTEX
  5
271
  8
Layer_0
  10
175.90288
  20
18.535141
  0
SEQEND
  0
POLYLINE
  5
273
  8
Layer_0
  62
7
  66
1
  10
0
  20
0
  30
0
  0
VERTEX
  5
273
  8
Layer_0
  10
175.90288
  20
18.535141
  0
VERTEX
  5
274
  8
Layer_0
  10
176.91611
  20
18.268616
  0
SEQEND
  0
POLYLINE
  5
276
  8
Layer_0
  62
7
  66
1
  10
0
  20
0
  30
0
  0
VERTEX
  5
276
  8
Layer_0
  10
176.91611
  20
18.268616
  0
VERTEX
  5
277
  8
Layer_0
  10
178.84218
  20
17.667984
  0
SEQEND
  0
POLYLINE
  5
279
  8
Layer_0
  62
7
  66
1
  10
0
  20
0
  30
0
  0
VERTEX
  5
279
  8
Layer_0
  10
178.84218
  20
17.667984
  0
VERTEX
  5
27a
  8
Layer_0
  10
180.66664
  20
16.968323
  0
SEQEND
  0
POLYLINE
  5
27c
  8
Layer_0
  62
7
  66
1
  10
0
  20
0
  30
0
  0
VERTEX
  5
27c
  8
Layer_0
  10
180.66664
  20
16.968323
  0
VERTEX
  5
27d
  8
Layer_0
  10
182.42818
  20
16.158829
  0
SEQEND
  0
POLYLINE
  5
27f
  8
Layer_0
  62
7
  66
1
  10
0
  20
0
  30
0
  0
VERTEX
  5
27f
  8
Layer_0
  10
182.42818
  20
16.158829
  0
VERTEX
  5
280
  8
Layer_0
  10
184.16544
  20
15.22876
  0
SEQEND
  0
POLYLINE
  5
282
  8
Layer_0
  62
7
  66
1
  10
0
  20
0
  30
0
  0
VERTEX
  5
282
  8
Layer_0
  10
184.16544
  20
15.22876
  0
VERTEX
  5
283
  8
Layer_0
  10
185.30832
  20
14.630066
  0
SEQEND
  0
POLYLINE
  5
285
  8
Layer_0
  62
7
  66
1
  10
0
  20
0
  30
0
  0
VERTEX
  5
285
  8
Layer_0
  10
185.30832
  20
14.630066
  0
VERTEX
  5
286
  8
Layer_0
  10
186.40042
  20
14.172806
  0
SEQEND
  0
POLYLINE
  5
288
  8
Layer_0
  62
7
  66
1
  10
0
  20
0
  30
0
  0
VERTEX
  5
288
  8
Layer_0
  10
186.40042
  20
14.172806
  0
VERTEX
  5
289
  8
Layer_0
  10
187.45975
  20
13.850418
  0
SEQEND
  0
POLYLINE
  5
28b
  8
Layer_0
  62
7
  66
1
  10
0
  20
0
  30
0
  0
VERTEX
  5
28b
  8
Layer_0
  10
187.45975
  20
13.850418
  0
VERTEX
  5
28c
  8
Layer_0
  10
188.5043
  20
13.656418
  0
SEQEND
  0
POLYLINE
  5
28e
  8
Layer_0
  62
7
  66
1
  10
0
  20
0
  30
0
  0
VERTEX
  5
28e
  8
Layer_0
  10
188.5043
  20
13.656418
  0
VERTEX
  5
28f
  8
Layer_0
  10
189.24934
  20
13.57486
  0
SEQEND
  0
POLYLINE
  5
291
  8
Layer_0
  62
7
  66
1
  10
0
  20
0
  30
0
  0
VERTEX
  5
291
  8
Layer_0
  10
189.24934
  20
13.57486
  0
VERTEX
  5
292
  8
Layer_0
  10
189.90829
  20
13.542404
  0
SEQEND
  0
POLYLINE
  5
294
  8
Layer_0
  62
7
  66
1
  10
0
  20
0
  30
0
  0
VERTEX
  5
294
  8
Layer_0
  10
189.90829
  20
13.542404
  0
VERTEX
  5
295
  8
Layer_0
  10
190.53954
  20
13.570923
  0
SEQEND
  0
POLYLINE
  5
297
  8
Layer_0
  62
7
  66
1
  10
0
  20
0
  30
0
  0
VERTEX
  5
297
  8
Layer_0
  10
190.53954
  20
13.570923
  0
VERTEX
  5
298
  8
Layer_0
  10
191.20142
  20
13.672318
  0
SEQEND
  0
POLYLINE
  5
29a
  8
Layer_0
  62
7
  66
1
  10
0
  20
0
  30
0
  0
VERTEX
  5
29a
  8
Layer_0
  10
191.20142
  20
13.672318
  0
VERTEX
  5
29b
  8
Layer_0
  10
191.56209
  20
13.754074
  0
SEQEND
  0
POLYLINE
  5
29d
  8
Layer_0
  62
7
  66
1
  10
0
  20
0
  30
0
  0
VERTEX
  5
29d
  8
Layer_0
  10
191.56209
  20
13.754074
  0
VERTEX
  5
29e
  8
Layer_0
  10
191.95232
  20
13.858475
  0
SEQEND
  0
POLYLINE
  5
2a0
  8
Layer_0
  62
7
  66
1
  10
0
  20
0
  30
0
  0
VERTEX
  5
2a0
  8
Layer_0
  10
191.95232
  20
13.858475
  0
VERTEX
  5
2a1
  8
Layer_0
  10
192.37938
  20
13.987045
  0
SEQEND
  0
POLYLINE
  5
2a3
  8
Layer_0
  62
7
  66
1
  10
0
  20
0
  30
0
  0
VERTEX
  5
2a3
  8
Layer_0
  10
192.37938
  20
13.987045
  0
VERTEX
  5
2a4
  8
Layer_0
  10
192.85059
  20
14.141281
  0
SEQEND
  0
POLYLINE
  5
2a6
  8
Layer_0
  62
7
  66
1
  10
0
  20
0
  30
0
  0
VERTEX
  5
2a6
  8
Layer_0
  10
192.85059
  20
14.141281
  0
VERTEX
  5
2a7
  8
Layer_0
  10
193.37323
  20
14.322617
  0
SEQEND
  0
POLYLINE
  5
2a9
  8
Layer_0
  62
7
  66
1
  10
0
  20
0
  30
0
  0
VERTEX
  5
2a9
  8
Layer_0
  10
193.37323
  20
14.322617
  0
VERTEX
  5
2aa
  8
Layer_0
  10
193.95461
  20
14.532578
  0
SEQEND
  0
POLYLINE
  5
2ac
  8
Layer_0
  62
7
  66
1
  10
0
  20
0
  30
0
  0
VERTEX
  5
2ac
  8
Layer_0
  10
193.95461
  20
14.532578
  0
VERTEX
  5
2ad
  8
Layer_0
  10
194.60201
  20
14.772629
  0
SEQEND
  0
POLYLINE
  5
2af
  8
Layer_0
  62
7
  66
1
  10
0
  20
0
  30
0
  0
VERTEX
  5
2af
  8
Layer_0
  10
194.60201
  20
14.772629
  0
VERTEX
  5
2b0
  8
Layer_0
  10
195.32272
  20
15.044281
  0
SEQEND
  0
POLYLINE
  5
2b2
  8
Layer_0
  62
7
  66
1
  10
0
  20
0
  30
0
  0
VERTEX
  5
2b2
  8
Layer_0
  10
195.32272
  20
15.044281
  0
VERTEX
  5
2b3
  8
Layer_0
  10
195.92328
  20
15.253036
  0
SEQEND
  0
POLYLINE
  5
2b5
  8
Layer_0
  62
7
  66
1
  10
0
  20
0
  30
0
  0
VERTEX
  5
2b5
  8
Layer_0
  10
195.92328
  20
15.253036
  0
VERTEX
  5
2b6
  8
Layer_0
  10
196.56845
  20
15.442551
  0
SEQEND
  0
POLYLINE
  5
2b8
  8
Layer_0
  62
7
  66
1
  10
0
  20
0
  30
0
  0
VERTEX
  5
2b8
  8
Layer_0
  10
196.56845
  20
15.442551
  0
VERTEX
  5
2b9
  8
Layer_0
  10
197.2514
  20
15.61232
  0
SEQEND
  0
POLYLINE
  5
2bb
  8
Layer_0
  62
7
  66
1
  10
0
  20
0
  30
0
  0
VERTEX
  5
2bb
  8
Layer_0
  10
197.2514
  20
15.61232
  0
VERTEX
  5
2bc
  8
Layer_0
  10
197.96532
  20
15.761841
  0
SEQEND
  0
POLYLINE
  5
2be
  8
Layer_0
  62
7
  66
1
  10
0
  20
0
  30
0
  0
VERTEX
  5
2be
  8
Layer_0
  10
197.96532
  20
15.761841
  0
VERTEX
  5
2bf
  8
Layer_0
  10
199.45865
  20
15.998459
  0
SEQEND
  0
POLYLINE
  5
2c1
  8
Layer_0
  62
7
  66
1
  10
0
  20
0
  30
0
  0
VERTEX
  5
2c1
  8
Layer_0
  10
199.45865
  20
15.998459
  0
VERTEX
  5
2c2
  8
Layer_0
  10
200.99374
  20
16.148544
  0
SEQEND
  0
POLYLINE
  5
2c4
  8
Layer_0
  62
7
  66
1
  10
0
  20
0
  30
0
  0
VERTEX
  5
2c4
  8
Layer_0
  10
200.99374
  20
16.148544
  0
VERTEX
  5
2c5
  8
Layer_0
  10
202.51593
  20
16.208405
  0
SEQEND
  0
POLYLINE
  5
2c7
  8
Layer_0
  62
7
  66
1
  10
0
  20
0
  30
0
  0
VERTEX
  5
2c7
  8
Layer_0
  10
202.51593
  20
16.208405
  0
VERTEX
  5
2c8
  8
Layer_0
  10
203.97052
  20
16.174301
  0
SEQEND
  0
POLYLINE
  5
2ca
  8
Layer_0
  62
7
  66
1
  10
0
  20
0
  30
0
  0
VERTEX
  5
2ca
  8
Layer_0
  10
203.97052
  20
16.174301
  0
VERTEX
  5
2cb
  8
Layer_0
  10
204.65538
  20
16.120804
  0
SEQEND
  0
POLYLINE
  5
2cd
  8
Layer_0
  62
7
  66
1
  10
0
  20
0
  30
0
  0
VERTEX
  5
2cd
  8
Layer_0
  10
204.65538
  20
16.120804
  0
VERTEX
  5
2ce
  8
Layer_0
  10
205.30283
  20
16.042435
  0
SEQEND
  0
POLYLINE
  5
2d0
  8
Layer_0
  62
7
  66
1
  10
0
  20
0
  30
0
  0
VERTEX
  5
2d0
  8
Layer_0
  10
205.30283
  20
16.042435
  0
VERTEX
  5
2d1
  8
Layer_0
  10
205.90604
  20
15.93866
  0
SEQEND
  0
POLYLINE
  5
2d3
  8
Layer_0
  62
7
  66
1
  10
0
  20
0
  30
0
  0
VERTEX
  5
2d3
  8
Layer_0
  10
205.90604
  20
15.93866
  0
VERTEX
  5
2d4
  8
Layer_0
  10
206.45816
  20
15.809067
  0
SEQEND
  0
POLYLINE
  5
2d6
  8
Layer_0
  62
7
  66
1
  10
0
  20
0
  30
0
  0
VERTEX
  5
2d6
  8
Layer_0
  10
206.45816
  20
15.809067
  0
VERTEX
  5
2d7
  8
Layer_0
  10
207.48924
  20
15.497208
  0
SEQEND
  0
POLYLINE
  5
2d9
  8
Layer_0
  62
7
  66
1
  10
0
  20
0
  30
0
  0
VERTEX
  5
2d9
  8
Layer_0
  10
207.48924
  20
15.497208
  0
VERTEX
  5
2da
  8
Layer_0
  10
208.53732
  20
15.120407
  0
SEQEND
  0
POLYLINE
  5
2dc
  8
Layer_0
  62
7
  66
1
  10
0
  20
0
  30
0
  0
VERTEX
  5
2dc
  8
Layer_0
  10
208.53732
  20
15.120407
  0
VERTEX
  5
2dd
  8
Layer_0
  10
209.58801
  20
14.68573
  0
SEQEND
  0
POLYLINE
  5
2df
  8
Layer_0
  62
7
  66
1
  10
0
  20
0
  30
0
  0
VERTEX
  5
2df
  8
Layer_0
  10
209.58801
  20
14.68573
  0
VERTEX
  5
2e0
  8
Layer_0
  10
210.62697
  20
14.200272
  0
SEQEND
  0
POLYLINE
  5
2e2
  8
Layer_0
  62
7
  66
1
  10
0
  20
0
  30
0
  0
VERTEX
  5
2e2
  8
Layer_0
  10
210.62697
  20
14.200272
  0
VERTEX
  5
2e3
  8
Layer_0
  10
211.63983
  20
13.671158
  0
SEQEND
  0
POLYLINE
  5
2e5
  8
Layer_0
  62
7
  66
1
  10
0
  20
0
  30
0
  0
VERTEX
  5
2e5
  8
Layer_0
  10
211.63983
  20
13.671158
  0
VERTEX
  5
2e6
  8
Layer_0
  10
212.61226
  20
13.105469
  0
SEQEND
  0
POLYLINE
  5
2e8
  8
Layer_0
  62
7
  66
1
  10
0
  20
0
  30
0
  0
VERTEX
  5
2e8
  8
Layer_0
  10
212.61226
  20
13.105469
  0
VERTEX
  5
2e9
  8
Layer_0
  10
213.52988
  20
12.510284
  0
SEQEND
  0
POLYLINE
  5
2eb
  8
Layer_0
  62
7
  66
1
  10
0
  20
0
  30
0
  0
VERTEX
  5
2eb
  8
Layer_0
  10
213.52988
  20
12.510284
  0
VERTEX
  5
2ec
  8
Layer_0
  10
214.37834
  20
11.892731
  0
SEQEND
  0
POLYLINE
  5
2ee
  8
Layer_0
  62
7
  66
1
  10
0
  20
0
  30
0
  0
VERTEX
  5
2ee
  8
Layer_0
  10
214.37834
  20
11.892731
  0
VERTEX
  5
2ef
  8
Layer_0
  10
215.19894
  20
11.302597
  0
SEQEND
  0
POLYLINE
  5
2f1
  8
Layer_0
  62
7
  66
1
  10
0
  20
0
  30
0
  0
VERTEX
  5
2f1
  8
Layer_0
  10
215.19894
  20
11.302597
  0
VERTEX
  5
2f2
  8
Layer_0
  10
215.98801
  20
10.814667
  0
SEQEND
  0
POLYLINE
  5
2f4
  8
Layer_0
  62
7
  66
1
  10
0
  20
0
  30
0
  0
VERTEX
  5
2f4
  8
Layer_0
  10
215.98801
  20
10.814667
  0
VERTEX
  5
2f5
  8
Layer_0
  10
216.34265
  20
10.624878
  0
SEQEND
  0
POLYLINE
  5
2f7
  8
Layer_0
  62
7
  66
1
  10
0
  20
0
  30
0
  0
VERTEX
  5
2f7
  8
Layer_0
  10
216.34265
  20
10.624878
  0
VERTEX
  5
2f8
  8
Layer_0
  10
216.65576
  20
10.479614
  0
SEQEND
  0
POLYLINE
  5
2fa
  8
Layer_0
  62
7
  66
1
  10
0
  20
0
  30
0
  0
VERTEX
  5
2fa
  8
Layer_0
  10
216.65576
  20
10.479614
  0
VERTEX
  5
2fb
  8
Layer_0
  10
216.91615
  20
10.385239
  0
SEQEND
  0
POLYLINE
  5
2fd
  8
Layer_0
  62
7
  66
1
  10
0
  20
0
  30
0
  0
VERTEX
  5
2fd
  8
Layer_0
  10
216.91615
  20
10.385239
  0
VERTEX
  5
2fe
  8
Layer_0
  10
217.11258
  20
10.348114
  0
SEQEND
  0
POLYLINE
  5
300
  8
Layer_0
  62
7
  66
1
  10
0
  20
0
  30
0
  0
VERTEX
  5
300
  8
Layer_0
  10
217.11258
  20
10.348114
  0
VERTEX
  5
301
  8
Layer_0
  10
217.44916
  20
10.364044
  0
SEQEND
  0
POLYLINE
  5
303
  8
Layer_0
  62
7
  66
1
  10
0
  20
0
  30
0
  0
VERTEX
  5
303
  8
Layer_0
  10
217.44916
  20
10.364044
  0
VERTEX
  5
304
  8
Layer_0
  10
217.81577
  20
10.436661
  0
SEQEND
  0
POLYLINE
  5
306
  8
Layer_0
  62
7
  66
1
  10
0
  20
0
  30
0
  0
VERTEX
  5
306
  8
Layer_0
  10
217.81577
  20
10.436661
  0
VERTEX
  5
307
  8
Layer_0
  10
218.21103
  20
10.565002
  0
SEQEND
  0
POLYLINE
  5
309
  8
Layer_0
  62
7
  66
1
  10
0
  20
0
  30
0
  0
VERTEX
  5
309
  8
Layer_0
  10
218.21103
  20
10.565002
  0
VERTEX
  5
30a
  8
Layer_0
  10
218.63367
  20
10.748047
  0
SEQEND
  0
POLYLINE
  5
30c
  8
Layer_0
  62
7
  66
1
  10
0
  20
0
  30
0
  0
VERTEX
  5
30c
  8
Layer_0
  10
218.63367
  20
10.748047
  0
VERTEX
  5
30d
  8
Layer_0
  10
219.0824
  20
10.984741
  0
SEQEND
  0
POLYLINE
  5
30f
  8
Layer_0
  62
7
  66
1
  10
0
  20
0
  30
0
  0
VERTEX
  5
30f
  8
Layer_0
  10
219.0824
  20
10.984741
  0
VERTEX
  5
310
  8
Layer_0
  10
219.55588
  20
11.274063
  0
SEQEND
  0
POLYLINE
  5
312
  8
Layer_0
  62
7
  66
1
  10
0
  20
0
  30
0
  0
VERTEX
  5
312
  8
Layer_0
  10
219.55588
  20
11.274063
  0
VERTEX
  5
313
  8
Layer_0
  10
220.05283
  20
11.615005
  0
SEQEND
  0
POLYLINE
  5
315
  8
Layer_0
  62
7
  66
1
  10
0
  20
0
  30
0
  0
VERTEX
  5
315
  8
Layer_0
  10
220.05283
  20
11.615005
  0
VERTEX
  5
316
  8
Layer_0
  10
220.57193
  20
12.006531
  0
SEQEND
  0
POLYLINE
  5
318
  8
Layer_0
  62
7
  66
1
  10
0
  20
0
  30
0
  0
VERTEX
  5
318
  8
Layer_0
  10
220.57193
  20
12.006531
  0
VERTEX
  5
319
  8
Layer_0
  10
221.11191
  20
12.447617
  0
SEQEND
  0
POLYLINE
  5
31b
  8
Layer_0
  62
7
  66
1
  10
0
  20
0
  30
0
  0
VERTEX
  5
31b
  8
Layer_0
  10
221.11191
  20
12.447617
  0
VERTEX
  5
31c
  8
Layer_0
  10
221.67145
  20
12.937241
  0
SEQEND
  0
POLYLINE
  5
31e
  8
Layer_0
  62
7
  66
1
  10
0
  20
0
  30
0
  0
VERTEX
  5
31e
  8
Layer_0
  10
221.67145
  20
12.937241
  0
VERTEX
  5
31f
  8
Layer_0
  10
222.24924
  20
13.474365
  0
SEQEND
  0
POLYLINE
  5
321
  8
Layer_0
  62
7
  66
1
  10
0
  20
0
  30
0
  0
VERTEX
  5
321
  8
Layer_0
  10
222.24924
  20
13.474365
  0
VERTEX
  5
322
  8
Layer_0
  10
222.84393
  20
14.057999
  0
SEQEND
  0
POLYLINE
  5
324
  8
Layer_0
  62
7
  66
1
  10
0
  20
0
  30
0
  0
VERTEX
  5
324
  8
Layer_0
  10
222.84393
  20
14.057999
  0
VERTEX
  5
325
  8
Layer_0
  10
224.07904
  20
15.360611
  0
SEQEND
  0
POLYLINE
  5
327
  8
Layer_0
  62
7
  66
1
  10
0
  20
0
  30
0
  0
VERTEX
  5
327
  8
Layer_0
  10
224.07904
  20
15.360611
  0
VERTEX
  5
328
  8
Layer_0
  10
225.3663
  20
16.836853
  0
SEQEND
  0
POLYLINE
  5
32a
  8
Layer_0
  62
7
  66
1
  10
0
  20
0
  30
0
  0
VERTEX
  5
32a
  8
Layer_0
  10
225.3663
  20
16.836853
  0
VERTEX
  5
32b
  8
Layer_0
  10
226.14236
  20
17.761703
  0
SEQEND
  0
POLYLINE
  5
32d
  8
Layer_0
  62
7
  66
1
  10
0
  20
0
  30
0
  0
VERTEX
  5
32d
  8
Layer_0
  10
226.14236
  20
17.761703
  0
VERTEX
  5
32e
  8
Layer_0
  10
226.82318
  20
18.575912
  0
SEQEND
  0
POLYLINE
  5
330
  8
Layer_0
  62
7
  66
1
  10
0
  20
0
  30
0
  0
VERTEX
  5
330
  8
Layer_0
  10
226.82318
  20
18.575912
  0
VERTEX
  5
331
  8
Layer_0
  10
227.418
  20
19.293884
  0
SEQEND
  0
POLYLINE
  5
333
  8
Layer_0
  62
7
  66
1
  10
0
  20
0
  30
0
  0
VERTEX
  5
333
  8
Layer_0
  10
227.418
  20
19.293884
  0
VERTEX
  5
334
  8
Layer_0
  10
227.93616
  20
19.929962
  0
SEQEND
  0
POLYLINE
  5
336
  8
Layer_0
  62
7
  66
1
  10
0
  20
0
  30
0
  0
VERTEX
  5
336
  8
Layer_0
  10
227.93616
  20
19.929962
  0
VERTEX
  5
337
  8
Layer_0
  10
228.3869
  20
20.498474
  0
SEQEND
  0
POLYLINE
  5
339
  8
Layer_0
  62
7
  66
1
  10
0
  20
0
  30
0
  0
VERTEX
  5
339
  8
Layer_0
  10
228.3869
  20
20.498474
  0
VERTEX
  5
33a
  8
Layer_0
  10
228.77954
  20
21.01387
  0
SEQEND
  0
POLYLINE
  5
33c
  8
Layer_0
  62
7
  66
1
  10
0
  20
0
  30
0
  0
VERTEX
  5
33c
  8
Layer_0
  10
228.77954
  20
21.01387
  0
VERTEX
  5
33d
  8
Layer_0
  10
229.12338
  20
21.490417
  0
SEQEND
  0
POLYLINE
  5
33f
  8
Layer_0
  62
7
  66
1
  10
0
  20
0
  30
0
  0
VERTEX
  5
33f
  8
Layer_0
  10
229.12338
  20
21.490417
  0
VERTEX
  5
340
  8
Layer_0
  10
229.42767
  20
21.942551
  0
SEQEND
  0
POLYLINE
  5
342
  8
Layer_0
  62
7
  66
1
  10
0
  20
0
  30
0
  0
VERTEX
  5
342
  8
Layer_0
  10
229.42767
  20
21.942551
  0
VERTEX
  5
343
  8
Layer_0
  10
229.95488
  20
22.83094
  0
SEQEND
  0
POLYLINE
  5
345
  8
Layer_0
  62
7
  66
1
  10
0
  20
0
  30
0
  0
VERTEX
  5
345
  8
Layer_0
  10
229.95488
  20
22.83094
  0
VERTEX
  5
346
  8
Layer_0
  10
230.43546
  20
23.793938
  0
SEQEND
  0
POLYLINE
  5
348
  8
Layer_0
  62
7
  66
1
  10
0
  20
0
  30
0
  0
VERTEX
  5
348
  8
Layer_0
  10
230.43546
  20
23.793938
  0
VERTEX
  5
349
  8
Layer_0
  10
230.68149
  20
24.339294
  0
SEQEND
  0
POLYLINE
  5
34b
  8
Layer_0
  62
7
  66
1
  10
0
  20
0
  30
0
  0
VERTEX
  5
34b
  8
Layer_0
  10
230.68149
  20
24.339294
  0
VERTEX
  5
34c
  8
Layer_0
  10
230.94374
  20
24.946411
  0
SEQEND
  0
POLYLINE
  5
34e
  8
Layer_0
  62
7
  66
1
  10
0
  20
0
  30
0
  0
VERTEX
  5
34e
  8
Layer_0
  10
230.94374
  20
24.946411
  0
VERTEX
  5
34f
  8
Layer_0
  10
231.23151
  20
25.629631
  0
SEQEND
  0
POLYLINE
  5
351
  8
Layer_0
  62
7
  66
1
  10
0
  20
0
  30
0
  0
VERTEX
  5
351
  8
Layer_0
  10
231.23151
  20
25.629631
  0
VERTEX
  5
352
  8
Layer_0
  10
231.55406
  20
26.403313
  0
SEQEND
  0
POLYLINE
  5
354
  8
Layer_0
  62
7
  66
1
  10
0
  20
0
  30
0
  0
VERTEX
  5
354
  8
Layer_0
  10
231.55406
  20
26.403313
  0
VERTEX
  5
355
  8
Layer_0
  10
233.13077
  20
30.189156
  0
SEQEND
  0
POLYLINE
  5
357
  8
Layer_0
  62
7
  66
1
  10
0
  20
0
  30
0
  0
VERTEX
  5
357
  8
Layer_0
  10
233.13077
  20
30.189156
  0
VERTEX
  5
358
  8
Layer_0
  10
233.15028
  20
34.032127
  0
SEQEND
  0
POLYLINE
  5
35a
  8
Layer_0
  62
7
  66
1
  10
0
  20
0
  30
0
  0
VERTEX
  5
35a
  8
Layer_0
  10
233.15028
  20
34.032127
  0
VERTEX
  5
35b
  8
Layer_0
  10
233.13605
  20
35.627975
  0
SEQEND
  0
POLYLINE
  5
35d
  8
Layer_0
  62
7
  66
1
  10
0
  20
0
  30
0
  0
VERTEX
  5
35d
  8
Layer_0
  10
233.13605
  20
35.627975
  0
VERTEX
  5
35e
  8
Layer_0
  10
233.08286
  20
37.13224
  0
SEQEND
  0
POLYLINE
  5
360
  8
Layer_0
  62
7
  66
1
  10
0
  20
0
  30
0
  0
VERTEX
  5
360
  8
Layer_0
  10
233.08286
  20
37.13224
  0
VERTEX
  5
361
  8
Layer_0
  10
233.04428
  20
37.797173
  0
SEQEND
  0
POLYLINE
  5
363
  8
Layer_0
  62
7
  66
1
  10
0
  20
0
  30
0
  0
VERTEX
  5
363
  8
Layer_0
  10
233.04428
  20
37.797173
  0
VERTEX
  5
364
  8
Layer_0
  10
232.99911
  20
38.375732
  0
SEQEND
  0
POLYLINE
  5
366
  8
Layer_0
  62
7
  66
1
  10
0
  20
0
  30
0
  0
VERTEX
  5
366
  8
Layer_0
  10
232.99911
  20
38.375732
  0
VERTEX
  5
367
  8
Layer_0
  10
232.94846
  20
38.846779
  0
SEQEND
  0
POLYLINE
  5
369
  8
Layer_0
  62
7
  66
1
  10
0
  20
0
  30
0
  0
VERTEX
  5
369
  8
Layer_0
  10
232.94846
  20
38.846779
  0
VERTEX
  5
36a
  8
Layer_0
  10
232.89331
  20
39.189201
  0
SEQEND
  0
POLYLINE
  5
36c
  8
Layer_0
  62
7
  66
1
  10
0
  20
0
  30
0
  0
VERTEX
  5
36c
  8
Layer_0
  10
232.89331
  20
39.189201
  0
VERTEX
  5
36d
  8
Layer_0
  10
232.70038
  20
39.893318
  0
SEQEND
  0
POLYLINE
  5
36f
  8
Layer_0
  62
7
  66
1
  10
0
  20
0
  30
0
  0
VERTEX
  5
36f
  8
Layer_0
  10
232.70038
  20
39.893318
  0
VERTEX
  5
370
  8
Layer_0
  10
232.42712
  20
40.583702
  0
SEQEND
  0
POLYLINE
  5
372
  8
Layer_0
  62
7
  66
1
  10
0
  20
0
  30
0
  0
VERTEX
  5
372
  8
Layer_0
  10
232.42712
  20
40.583702
  0
VERTEX
  5
373
  8
Layer_0
  10
232.08687
  20
41.241798
  0
SEQEND
  0
POLYLINE
  5
375
  8
Layer_0
  62
7
  66
1
  10
0
  20
0
  30
0
  0
VERTEX
  5
375
  8
Layer_0
  10
232.08687
  20
41.241798
  0
VERTEX
  5
376
  8
Layer_0
  10
231.69307
  20
41.849083
  0
SEQEND
  0
POLYLINE
  5
378
  8
Layer_0
  62
7
  66
1
  10
0
  20
0
  30
0
  0
VERTEX
  5
378
  8
Layer_0
  10
231.69307
  20
41.849083
  0
VERTEX
  5
379
  8
Layer_0
  10
231.25909
  20
42.387024
  0
SEQEND
  0
POLYLINE
  5
37b
  8
Layer_0
  62
7
  66
1
  10
0
  20
0
  30
0
  0
VERTEX
  5
37b
  8
Layer_0
  10
231.25909
  20
42.387024
  0
VERTEX
  5
37c
  8
Layer_0
  10
230.79831
  20
42.83709
  0
SEQEND
  0
POLYLINE
  5
37e
  8
Layer_0
  62
7
  66
1
  10
0
  20
0
  30
0
  0
VERTEX
  5
37e
  8
Layer_0
  10
230.79831
  20
42.83709
  0
VERTEX
  5
37f
  8
Layer_0
  10
230.32419
  20
43.180756
  0
SEQEND
  0
POLYLINE
  5
381
  8
Layer_0
  62
7
  66
1
  10
0
  20
0
  30
0
  0
VERTEX
  5
381
  8
Layer_0
  10
230.32419
  20
43.180756
  0
VERTEX
  5
382
  8
Layer_0
  10
229.85004
  20
43.399513
  0
SEQEND
  0
POLYLINE
  5
384
  8
Layer_0
  62
7
  66
1
  10
0
  20
0
  30
0
  0
VERTEX
  5
384
  8
Layer_0
  10
229.85004
  20
43.399513
  0
VERTEX
  5
385
  8
Layer_0
  10
229.2153
  20
43.553223
  0
SEQEND
  0
POLYLINE
  5
387
  8
Layer_0
  62
7
  66
1
  10
0
  20
0
  30
0
  0
VERTEX
  5
387
  8
Layer_0
  10
229.2153
  20
43.553223
  0
VERTEX
  5
388
  8
Layer_0
  10
228.62717
  20
43.569878
  0
SEQEND
  0
POLYLINE
  5
38a
  8
Layer_0
  62
7
  66
1
  10
0
  20
0
  30
0
  0
VERTEX
  5
38a
  8
Layer_0
  10
228.62717
  20
43.569878
  0
VERTEX
  5
38b
  8
Layer_0
  10
228.05014
  20
43.424843
  0
SEQEND
  0
POLYLINE
  5
38d
  8
Layer_0
  62
7
  66
1
  10
0
  20
0
  30
0
  0
VERTEX
  5
38d
  8
Layer_0
  10
228.05014
  20
43.424843
  0
VERTEX
  5
38e
  8
Layer_0
  10
227.44865
  20
43.09359
  0
SEQEND
  0
POLYLINE
  5
390
  8
Layer_0
  62
7
  66
1
  10
0
  20
0
  30
0
  0
VERTEX
  5
390
  8
Layer_0
  10
227.44865
  20
43.09359
  0
VERTEX
  5
391
  8
Layer_0
  10
227.12762
  20
42.850426
  0
SEQEND
  0
POLYLINE
  5
393
  8
Layer_0
  62
7
  66
1
  10
0
  20
0
  30
0
  0
VERTEX
  5
393
  8
Layer_0
  10
227.12762
  20
42.850426
  0
VERTEX
  5
394
  8
Layer_0
  10
226.78719
  20
42.551498
  0
SEQEND
  0
POLYLINE
  5
396
  8
Layer_0
  62
7
  66
1
  10
0
  20
0
  30
0
  0
VERTEX
  5
396
  8
Layer_0
  10
226.78719
  20
42.551498
  0
VERTEX
  5
397
  8
Layer_0
  10
226.42284
  20
42.193733
  0
SEQEND
  0
POLYLINE
  5
399
  8
Layer_0
  62
7
  66
1
  10
0
  20
0
  30
0
  0
VERTEX
  5
399
  8
Layer_0
  10
226.42284
  20
42.193733
  0
VERTEX
  5
39a
  8
Layer_0
  10
226.03018
  20
41.774025
  0
SEQEND
  0
POLYLINE
  5
39c
  8
Layer_0
  62
7
  66
1
  10
0
  20
0
  30
0
  0
VERTEX
  5
39c
  8
Layer_0
  10
226.03018
  20
41.774025
  0
VERTEX
  5
39d
  8
Layer_0
  10
225.60475
  20
41.28933
  0
SEQEND
  0
POLYLINE
  5
39f
  8
Layer_0
  62
7
  66
1
  10
0
  20
0
  30
0
  0
VERTEX
  5
39f
  8
Layer_0
  10
225.60475
  20
41.28933
  0
VERTEX
  5
3a0
  8
Layer_0
  10
225.14212
  20
40.73658
  0
SEQEND
  0
POLYLINE
  5
3a2
  8
Layer_0
  62
7
  66
1
  10
0
  20
0
  30
0
  0
VERTEX
  5
3a2
  8
Layer_0
  10
225.14212
  20
40.73658
  0
VERTEX
  5
3a3
  8
Layer_0
  10
224.63783
  20
40.112679
  0
SEQEND
  0
POLYLINE
  5
3a5
  8
Layer_0
  62
7
  66
1
  10
0
  20
0
  30
0
  0
VERTEX
  5
3a5
  8
Layer_0
  10
224.63783
  20
40.112679
  0
VERTEX
  5
3a6
  8
Layer_0
  10
224.08745
  20
39.414597
  0
SEQEND
  0
POLYLINE
  5
3a8
  8
Layer_0
  62
7
  66
1
  10
0
  20
0
  30
0
  0
VERTEX
  5
3a8
  8
Layer_0
  10
224.08745
  20
39.414597
  0
VERTEX
  5
3a9
  8
Layer_0
  10
223.64703
  20
38.853889
  0
SEQEND
  0
POLYLINE
  5
3ab
  8
Layer_0
  62
7
  66
1
  10
0
  20
0
  30
0
  0
VERTEX
  5
3ab
  8
Layer_0
  10
223.64703
  20
38.853889
  0
VERTEX
  5
3ac
  8
Layer_0
  10
223.24026
  20
38.343826
  0
SEQEND
  0
POLYLINE
  5
3ae
  8
Layer_0
  62
7
  66
1
  10
0
  20
0
  30
0
  0
VERTEX
  5
3ae
  8
Layer_0
  10
223.24026
  20
38.343826
  0
VERTEX
  5
3af
  8
Layer_0
  10
222.86226
  20
37.879753
  0
SEQEND
  0
POLYLINE
  5
3b1
  8
Layer_0
  62
7
  66
1
  10
0
  20
0
  30
0
  0
VERTEX
  5
3b1
  8
Layer_0
  10
222.86226
  20
37.879753
  0
VERTEX
  5
3b2
  8
Layer_0
  10
222.50815
  20
37.457008
  0
SEQEND
  0
POLYLINE
  5
3b4
  8
Layer_0
  62
7
  66
1
  10
0
  20
0
  30
0
  0
VERTEX
  5
3b4
  8
Layer_0
  10
222.50815
  20
37.457008
  0
VERTEX
  5
3b5
  8
Layer_0
  10
221.8522
  20
36.716736
  0
SEQEND
  0
POLYLINE
  5
3b7
  8
Layer_0
  62
7
  66
1
  10
0
  20
0
  30
0
  0
VERTEX
  5
3b7
  8
Layer_0
  10
221.8522
  20
36.716736
  0
VERTEX
  5
3b8
  8
Layer_0
  10
221.23349
  20
36.085617
  0
SEQEND
  0
POLYLINE
  5
3ba
  8
Layer_0
  62
7
  66
1
  10
0
  20
0
  30
0
  0
VERTEX
  5
3ba
  8
Layer_0
  10
221.23349
  20
36.085617
  0
VERTEX
  5
3bb
  8
Layer_0
  10
220.61316
  20
35.526276
  0
SEQEND
  0
POLYLINE
  5
3bd
  8
Layer_0
  62
7
  66
1
  10
0
  20
0
  30
0
  0
VERTEX
  5
3bd
  8
Layer_0
  10
220.61316
  20
35.526276
  0
VERTEX
  5
3be
  8
Layer_0
  10
219.95224
  20
35.00135
  0
SEQEND
  0
POLYLINE
  5
3c0
  8
Layer_0
  62
7
  66
1
  10
0
  20
0
  30
0
  0
VERTEX
  5
3c0
  8
Layer_0
  10
219.95224
  20
35.00135
  0
VERTEX
  5
3c1
  8
Layer_0
  10
219.21182
  20
34.473427
  0
SEQEND
  0
POLYLINE
  5
3c3
  8
Layer_0
  62
7
  66
1
  10
0
  20
0
  30
0
  0
VERTEX
  5
3c3
  8
Layer_0
  10
219.21182
  20
34.473427
  0
VERTEX
  5
3c4
  8
Layer_0
  10
218.35303
  20
33.905136
  0
SEQEND
  0
POLYLINE
  5
3c6
  8
Layer_0
  62
7
  66
1
  10
0
  20
0
  30
0
  0
VERTEX
  5
3c6
  8
Layer_0
  10
218.35303
  20
33.905136
  0
VERTEX
  5
3c7
  8
Layer_0
  10
217.13545
  20
33.15242
  0
SEQEND
  0
POLYLINE
  5
3c9
  8
Layer_0
  62
7
  66
1
  10
0
  20
0
  30
0
  0
VERTEX
  5
3c9
  8
Layer_0
  10
217.13545
  20
33.15242
  0
VERTEX
  5
3ca
  8
Layer_0
  10
216.00696
  20
32.528801
  0
SEQEND
  0
POLYLINE
  5
3cc
  8
Layer_0
  62
7
  66
1
  10
0
  20
0
  30
0
  0
VERTEX
  5
3cc
  8
Layer_0
  10
216.00696
  20
32.528801
  0
VERTEX
  5
3cd
  8
Layer_0
  10
214.94333
  20
32.026215
  0
SEQEND
  0
POLYLINE
  5
3cf
  8
Layer_0
  62
7
  66
1
  10
0
  20
0
  30
0
  0
VERTEX
  5
3cf
  8
Layer_0
  10
214.94333
  20
32.026215
  0
VERTEX
  5
3d0
  8
Layer_0
  10
213.92027
  20
31.636604
  0
SEQEND
  0
POLYLINE
  5
3d2
  8
Layer_0
  62
7
  66
1
  10
0
  20
0
  30
0
  0
VERTEX
  5
3d2
  8
Layer_0
  10
213.92027
  20
31.636604
  0
VERTEX
  5
3d3
  8
Layer_0
  10
212.91356
  20
31.351906
  0
SEQEND
  0
POLYLINE
  5
3d5
  8
Layer_0
  62
7
  66
1
  10
0
  20
0
  30
0
  0
VERTEX
  5
3d5
  8
Layer_0
  10
212.91356
  20
31.351906
  0
VERTEX
  5
3d6
  8
Layer_0
  10
211.89891
  20
31.16407
  0
SEQEND
  0
POLYLINE
  5
3d8
  8
Layer_0
  62
7
  66
1
  10
0
  20
0
  30
0
  0
VERTEX
  5
3d8
  8
Layer_0
  10
211.89891
  20
31.16407
  0
VERTEX
  5
3d9
  8
Layer_0
  10
210.85211
  20
31.065056
  0
SEQEND
  0
POLYLINE
  5
3db
  8
Layer_0
  62
7
  66
1
  10
0
  20
0
  30
0
  0
VERTEX
  5
3db
  8
Layer_0
  10
210.85211
  20
31.065056
  0
VERTEX
  5
3dc
  8
Layer_0
  10
209.74887
  20
31.046768
  0
SEQEND
  0
POLYLINE
  5
3de
  8
Layer_0
  62
7
  66
1
  10
0
  20
0
  30
0
  0
VERTEX
  5
3de
  8
Layer_0
  10
209.74887
  20
31.046768
  0
VERTEX
  5
3df
  8
Layer_0
  10
209.27039
  20
31.06913
  0
SEQEND
  0
POLYLINE
  5
3e1
  8
Layer_0
  62
7
  66
1
  10
0
  20
0
  30
0
  0
VERTEX
  5
3e1
  8
Layer_0
  10
209.27039
  20
31.06913
  0
VERTEX
  5
3e2
  8
Layer_0
  10
208.74612
  20
31.120064
  0
SEQEND
  0
POLYLINE
  5
3e4
  8
Layer_0
  62
7
  66
1
  10
0
  20
0
  30
0
  0
VERTEX
  5
3e4
  8
Layer_0
  10
208.74612
  20
31.120064
  0
VERTEX
  5
3e5
  8
Layer_0
  10
208.17926
  20
31.198669
  0
SEQEND
  0
POLYLINE
  5
3e7
  8
Layer_0
  62
7
  66
1
  10
0
  20
0
  30
0
  0
VERTEX
  5
3e7
  8
Layer_0
  10
208.17926
  20
31.198669
  0
VERTEX
  5
3e8
  8
Layer_0
  10
207.57306
  20
31.304008
  0
SEQEND
  0
POLYLINE
  5
3ea
  8
Layer_0
  62
7
  66
1
  10
0
  20
0
  30
0
  0
VERTEX
  5
3ea
  8
Layer_0
  10
207.57306
  20
31.304008
  0
VERTEX
  5
3eb
  8
Layer_0
  10
206.25537
  20
31.591232
  0
SEQEND
  0
POLYLINE
  5
3ed
  8
Layer_0
  62
7
  66
1
  10
0
  20
0
  30
0
  0
VERTEX
  5
3ed
  8
Layer_0
  10
206.25537
  20
31.591232
  0
VERTEX
  5
3ee
  8
Layer_0
  10
204.81874
  20
31.974342
  0
SEQEND
  0
POLYLINE
  5
3f0
  8
Layer_0
  62
7
  66
1
  10
0
  20
0
  30
0
  0
VERTEX
  5
3f0
  8
Layer_0
  10
204.81874
  20
31.974342
  0
VERTEX
  5
3f1
  8
Layer_0
  10
203.28886
  20
32.44593
  0
SEQEND
  0
POLYLINE
  5
3f3
  8
Layer_0
  62
7
  66
1
  10
0
  20
0
  30
0
  0
VERTEX
  5
3f3
  8
Layer_0
  10
203.28886
  20
32.44593
  0
VERTEX
  5
3f4
  8
Layer_0
  10
201.69139
  20
32.998573
  0
SEQEND
  0
POLYLINE
  5
3f6
  8
Layer_0
  62
7
  66
1
  10
0
  20
0
  30
0
  0
VERTEX
  5
3f6
  8
Layer_0
  10
201.69139
  20
32.998573
  0
VERTEX
  5
3f7
  8
Layer_0
  10
200.05203
  20
33.624916
  0
SEQEND
  0
POLYLINE
  5
3f9
  8
Layer_0
  62
7
  66
1
  10
0
  20
0
  30
0
  0
VERTEX
  5
3f9
  8
Layer_0
  10
200.05203
  20
33.624916
  0
VERTEX
  5
3fa
  8
Layer_0
  10
198.39645
  20
34.317513
  0
SEQEND
  0
POLYLINE
  5
3fc
  8
Layer_0
  62
7
  66
1
  10
0
  20
0
  30
0
  0
VERTEX
  5
3fc
  8
Layer_0
  10
198.39645
  20
34.317513
  0
VERTEX
  5
3fd
  8
Layer_0
  10
197.3167
  20
34.77713
  0
SEQEND
  0
POLYLINE
  5
3ff
  8
Layer_0
  62
7
  66
1
  10
0
  20
0
  30
0
  0
VERTEX
  5
3ff
  8
Layer_0
  10
197.3167
  20
34.77713
  0
VERTEX
  5
400
  8
Layer_0
  10
196.35878
  20
35.162422
  0
SEQEND
  0
POLYLINE
  5
402
  8
Layer_0
  62
7
  66
1
  10
0
  20
0
  30
0
  0
VERTEX
  5
402
  8
Layer_0
  10
196.35878
  20
35.162422
  0
VERTEX
  5
403
  8
Layer_0
  10
195.95804
  20
35.314575
  0
SEQEND
  0
POLYLINE
  5
405
  8
Layer_0
  62
7
  66
1
  10
0
  20
0
  30
0
  0
VERTEX
  5
405
  8
Layer_0
  10
195.95804
  20
35.314575
  0
VERTEX
  5
406
  8
Layer_0
  10
195.62677
  20
35.433006
  0
SEQEND
  0
POLYLINE
  5
408
  8
Layer_0
  62
7
  66
1
  10
0
  20
0
  30
0
  0
VERTEX
  5
408
  8
Layer_0
  10
195.62677
  20
35.433006
  0
VERTEX
  5
409
  8
Layer_0
  10
195.37801
  20
35.51265
  0
SEQEND
  0
POLYLINE
  5
40b
  8
Layer_0
  62
7
  66
1
  10
0
  20
0
  30
0
  0
VERTEX
  5
40b
  8
Layer_0
  10
195.37801
  20
35.51265
  0
VERTEX
  5
40c
  8
Layer_0
  10
195.22476
  20
35.548477
  0
SEQEND
  0
POLYLINE
  5
40e
  8
Layer_0
  62
7
  66
1
  10
0
  20
0
  30
0
  0
VERTEX
  5
40e
  8
Layer_0
  10
195.22476
  20
35.548477
  0
VERTEX
  5
40f
  8
Layer_0
  10
195.03438
  20
35.588318
  0
SEQEND
  0
POLYLINE
  5
411
  8
Layer_0
  62
7
  66
1
  10
0
  20
0
  30
0
  0
VERTEX
  5
411
  8
Layer_0
  10
195.03438
  20
35.588318
  0
VERTEX
  5
412
  8
Layer_0
  10
194.87866
  20
35.652962
  0
SEQEND
  0
POLYLINE
  5
414
  8
Layer_0
  62
7
  66
1
  10
0
  20
0
  30
0
  0
VERTEX
  5
414
  8
Layer_0
  10
194.87866
  20
35.652962
  0
VERTEX
  5
415
  8
Layer_0
  10
194.7354
  20
35.820923
  0
SEQEND
  0
POLYLINE
  5
417
  8
Layer_0
  62
7
  66
1
  10
0
  20
0
  30
0
  0
VERTEX
  5
417
  8
Layer_0
  10
194.7354
  20
35.820923
  0
VERTEX
  5
418
  8
Layer_0
  10
194.66937
  20
35.957565
  0
SEQEND
  0
POLYLINE
  5
41a
  8
Layer_0
  62
7
  66
1
  10
0
  20
0
  30
0
  0
VERTEX
  5
41a
  8
Layer_0
  10
194.66937
  20
35.957565
  0
VERTEX
  5
41b
  8
Layer_0
  10
194.48875
  20
36.172012
  0
SEQEND
  0
POLYLINE
  5
41d
  8
Layer_0
  62
7
  66
1
  10
0
  20
0
  30
0
  0
VERTEX
  5
41d
  8
Layer_0
  10
194.48875
  20
36.172012
  0
VERTEX
  5
41e
  8
Layer_0
  10
194.22115
  20
36.434937
  0
SEQEND
  0
POLYLINE
  5
420
  8
Layer_0
  62
7
  66
1
  10
0
  20
0
  30
0
  0
VERTEX
  5
420
  8
Layer_0
  10
194.22115
  20
36.434937
  0
VERTEX
  5
421
  8
Layer_0
  10
193.89413
  20
36.716866
  0
SEQEND
  0
POLYLINE
  5
423
  8
Layer_0
  62
7
  66
1
  10
0
  20
0
  30
0
  0
VERTEX
  5
423
  8
Layer_0
  10
193.89413
  20
36.716866
  0
VERTEX
  5
424
  8
Layer_0
  10
193.56757
  20
37.028648
  0
SEQEND
  0
POLYLINE
  5
426
  8
Layer_0
  62
7
  66
1
  10
0
  20
0
  30
0
  0
VERTEX
  5
426
  8
Layer_0
  10
193.56757
  20
37.028648
  0
VERTEX
  5
427
  8
Layer_0
  10
193.254
  20
37.421661
  0
SEQEND
  0
POLYLINE
  5
429
  8
Layer_0
  62
7
  66
1
  10
0
  20
0
  30
0
  0
VERTEX
  5
429
  8
Layer_0
  10
193.254
  20
37.421661
  0
VERTEX
  5
42a
  8
Layer_0
  10
192.95454
  20
37.891197
  0
SEQEND
  0
POLYLINE
  5
42c
  8
Layer_0
  62
7
  66
1
  10
0
  20
0
  30
0
  0
VERTEX
  5
42c
  8
Layer_0
  10
192.95454
  20
37.891197
  0
VERTEX
  5
42d
  8
Layer_0
  10
192.67041
  20
38.432564
  0
SEQEND
  0
POLYLINE
  5
42f
  8
Layer_0
  62
7
  66
1
  10
0
  20
0
  30
0
  0
VERTEX
  5
42f
  8
Layer_0
  10
192.67041
  20
38.432564
  0
VERTEX
  5
430
  8
Layer_0
  10
192.40274
  20
39.041061
  0
SEQEND
  0
POLYLINE
  5
432
  8
Layer_0
  62
7
  66
1
  10
0
  20
0
  30
0
  0
VERTEX
  5
432
  8
Layer_0
  10
192.40274
  20
39.041061
  0
VERTEX
  5
433
  8
Layer_0
  10
192.15271
  20
39.711998
  0
SEQEND
  0
POLYLINE
  5
435
  8
Layer_0
  62
7
  66
1
  10
0
  20
0
  30
0
  0
VERTEX
  5
435
  8
Layer_0
  10
192.15271
  20
39.711998
  0
VERTEX
  5
436
  8
Layer_0
  10
191.92151
  20
40.440712
  0
SEQEND
  0
POLYLINE
  5
438
  8
Layer_0
  62
7
  66
1
  10
0
  20
0
  30
0
  0
VERTEX
  5
438
  8
Layer_0
  10
191.92151
  20
40.440712
  0
VERTEX
  5
439
  8
Layer_0
  10
191.71027
  20
41.222473
  0
SEQEND
  0
POLYLINE
  5
43b
  8
Layer_0
  62
7
  66
1
  10
0
  20
0
  30
0
  0
VERTEX
  5
43b
  8
Layer_0
  10
191.71027
  20
41.222473
  0
VERTEX
  5
43c
  8
Layer_0
  10
191.35242
  20
42.926437
  0
SEQEND
  0
POLYLINE
  5
43e
  8
Layer_0
  62
7
  66
1
  10
0
  20
0
  30
0
  0
VERTEX
  5
43e
  8
Layer_0
  10
191.35242
  20
42.926437
  0
VERTEX
  5
43f
  8
Layer_0
  10
191.08852
  20
44.786316
  0
SEQEND
  0
POLYLINE
  5
441
  8
Layer_0
  62
7
  66
1
  10
0
  20
0
  30
0
  0
VERTEX
  5
441
  8
Layer_0
  10
191.08852
  20
44.786316
  0
VERTEX
  5
442
  8
Layer_0
  10
190.92789
  20
46.764595
  0
SEQEND
  0
POLYLINE
  5
444
  8
Layer_0
  62
7
  66
1
  10
0
  20
0
  30
0
  0
VERTEX
  5
444
  8
Layer_0
  10
190.92789
  20
46.764595
  0
VERTEX
  5
445
  8
Layer_0
  10
190.8799
  20
48.823715
  0
SEQEND
  0
POLYLINE
  5
447
  8
Layer_0
  62
7
  66
1
  10
0
  20
0
  30
0
  0
VERTEX
  5
447
  8
Layer_0
  10
190.8799
  20
48.823715
  0
VERTEX
  5
448
  8
Layer_0
  10
190.88298
  20
49.479515
  0
SEQEND
  0
POLYLINE
  5
44a
  8
Layer_0
  62
7
  66
1
  10
0
  20
0
  30
0
  0
VERTEX
  5
44a
  8
Layer_0
  10
190.88298
  20
49.479515
  0
VERTEX
  5
44b
  8
Layer_0
  10
190.8838
  20
50.059479
  0
SEQEND
  0
POLYLINE
  5
44d
  8
Layer_0
  62
7
  66
1
  10
0
  20
0
  30
0
  0
VERTEX
  5
44d
  8
Layer_0
  10
190.8838
  20
50.059479
  0
VERTEX
  5
44e
  8
Layer_0
  10
190.88113
  20
50.571228
  0
SEQEND
  0
POLYLINE
  5
450
  8
Layer_0
  62
7
  66
1
  10
0
  20
0
  30
0
  0
VERTEX
  5
450
  8
Layer_0
  10
190.88113
  20
50.571228
  0
VERTEX
  5
451
  8
Layer_0
  10
190.87376
  20
51.022354
  0
SEQEND
  0
POLYLINE
  5
453
  8
Layer_0
  62
7
  66
1
  10
0
  20
0
  30
0
  0
VERTEX
  5
453
  8
Layer_0
  10
190.87376
  20
51.022354
  0
VERTEX
  5
454
  8
Layer_0
  10
190.84006
  20
51.773163
  0
SEQEND
  0
POLYLINE
  5
456
  8
Layer_0
  62
7
  66
1
  10
0
  20
0
  30
0
  0
VERTEX
  5
456
  8
Layer_0
  10
190.84006
  20
51.773163
  0
VERTEX
  5
457
  8
Layer_0
  10
190.77296
  20
52.372765
  0
SEQEND
  0
POLYLINE
  5
459
  8
Layer_0
  62
7
  66
1
  10
0
  20
0
  30
0
  0
VERTEX
  5
459
  8
Layer_0
  10
190.77296
  20
52.372765
  0
VERTEX
  5
45a
  8
Layer_0
  10
190.66272
  20
52.881958
  0
SEQEND
  0
POLYLINE
  5
45c
  8
Layer_0
  62
7
  66
1
  10
0
  20
0
  30
0
  0
VERTEX
  5
45c
  8
Layer_0
  10
190.66272
  20
52.881958
  0
VERTEX
  5
45d
  8
Layer_0
  10
190.49963
  20
53.361618
  0
SEQEND
  0
POLYLINE
  5
45f
  8
Layer_0
  62
7
  66
1
  10
0
  20
0
  30
0
  0
VERTEX
  5
45f
  8
Layer_0
  10
190.49963
  20
53.361618
  0
VERTEX
  5
460
  8
Layer_0
  10
190.27394
  20
53.872574
  0
SEQEND
  0
POLYLINE
  5
462
  8
Layer_0
  62
7
  66
1
  10
0
  20
0
  30
0
  0
VERTEX
  5
462
  8
Layer_0
  10
190.27394
  20
53.872574
  0
VERTEX
  5
463
  8
Layer_0
  10
189.97592
  20
54.475662
  0
SEQEND
  0
POLYLINE
  5
465
  8
Layer_0
  62
7
  66
1
  10
0
  20
0
  30
0
  0
VERTEX
  5
465
  8
Layer_0
  10
189.97592
  20
54.475662
  0
VERTEX
  5
466
  8
Layer_0
  10
189.6685
  20
55.033623
  0
SEQEND
  0
POLYLINE
  5
468
  8
Layer_0
  62
7
  66
1
  10
0
  20
0
  30
0
  0
VERTEX
  5
468
  8
Layer_0
  10
189.6685
  20
55.033623
  0
VERTEX
  5
469
  8
Layer_0
  10
189.34142
  20
55.528786
  0
SEQEND
  0
POLYLINE
  5
46b
  8
Layer_0
  62
7
  66
1
  10
0
  20
0
  30
0
  0
VERTEX
  5
46b
  8
Layer_0
  10
189.34142
  20
55.528786
  42
0.053781933
  0
VERTEX
  5
46c
  8
Layer_0
  10
189.27328
  20
55.631912
  0
SEQEND
  0
POLYLINE
  5
46e
  8
Layer_0
  62
7
  66
1
  10
0
  20
0
  30
0
  0
VERTEX
  5
46e
  8
Layer_0
  10
189.27328
  20
55.631912
  42
-0.053485645
  0
VERTEX
  5
46f
  8
Layer_0
  10
189.22787
  20
55.700661
  0
SEQEND
  0
POLYLINE
  5
471
  8
Layer_0
  62
7
  66
1
  10
0
  20
0
  30
0
  0
VERTEX
  5
471
  8
Layer_0
  10
189.22787
  20
55.700661
  42
-0.0068500982
  0
VERTEX
  5
472
  8
Layer_0
  10
189.15976
  20
55.80378
  0
SEQEND
  0
POLYLINE
  5
474
  8
Layer_0
  62
7
  66
1
  10
0
  20
0
  30
0
  0
VERTEX
  5
474
  8
Layer_0
  10
189.15976
  20
55.803783
  0
VERTEX
  5
475
  8
Layer_0
  10
189.13704
  20
55.838147
  0
VERTEX
  5
476
  8
Layer_0
  10
189.11435
  20
55.872529
  0
SEQEND
  0
POLYLINE
  5
478
  8
Layer_0
  62
7
  66
1
  10
0
  20
0
  30
0
  0
VERTEX
  5
478
  8
Layer_0
  10
189.11435
  20
55.872528
  42
0.0055444362
  0
VERTEX
  5
479
  8
Layer_0
  10
189.06894
  20
55.941277
  0
SEQEND
  0
POLYLINE
  5
47b
  8
Layer_0
  62
7
  66
1
  10
0
  20
0
  30
0
  0
VERTEX
  5
47b
  8
Layer_0
  10
189.06894
  20
55.941277
  42
-0.050427569
  0
VERTEX
  5
47c
  8
Layer_0
  10
189.02353
  20
56.010025
  0
SEQEND
  0
POLYLINE
  5
47e
  8
Layer_0
  62
7
  66
1
  10
0
  20
0
  30
0
  0
VERTEX
  5
47e
  8
Layer_0
  10
189.02353
  20
56.010025
  42
-0.023961025
  0
VERTEX
  5
47f
  8
Layer_0
  10
188.95541
  20
56.113152
  0
SEQEND
  0
POLYLINE
  5
481
  8
Layer_0
  62
7
  66
1
  10
0
  20
0
  30
0
  0
VERTEX
  5
481
  8
Layer_0
  10
188.95541
  20
56.113152
  42
0.023988486
  0
VERTEX
  5
482
  8
Layer_0
  10
188.91
  20
56.181892
  0
SEQEND
  0
POLYLINE
  5
484
  8
Layer_0
  62
7
  66
1
  10
0
  20
0
  30
0
  0
VERTEX
  5
484
  8
Layer_0
  10
188.91
  20
56.181892
  42
-0.064470658
  0
VERTEX
  5
485
  8
Layer_0
  10
188.86458
  20
56.250641
  0
SEQEND
  0
POLYLINE
  5
487
  8
Layer_0
  62
7
  66
1
  10
0
  20
0
  30
0
  0
VERTEX
  5
487
  8
Layer_0
  10
188.86458
  20
56.250641
  42
-0.13724828
  0
VERTEX
  5
488
  8
Layer_0
  10
188.79646
  20
56.35376
  0
SEQEND
  0
POLYLINE
  5
48a
  8
Layer_0
  62
7
  66
1
  10
0
  20
0
  30
0
  0
VERTEX
  5
48a
  8
Layer_0
  10
188.79646
  20
56.35376
  42
-0.0040441589
  0
VERTEX
  5
48b
  8
Layer_0
  10
188.75105
  20
56.422516
  0
SEQEND
  0
POLYLINE
  5
48d
  8
Layer_0
  62
7
  66
1
  10
0
  20
0
  30
0
  0
VERTEX
  5
48d
  8
Layer_0
  10
188.75105
  20
56.422516
  42
-5.6886909e-05
  0
VERTEX
  5
48e
  8
Layer_0
  10
188.70564
  20
56.491257
  0
SEQEND
  0
POLYLINE
  5
490
  8
Layer_0
  62
7
  66
1
  10
0
  20
0
  30
0
  0
VERTEX
  5
490
  8
Layer_0
  10
188.70564
  20
56.491257
  42
0.024717615
  0
VERTEX
  5
491
  8
Layer_0
  10
188.63751
  20
56.594383
  0
SEQEND
  0
POLYLINE
  5
493
  8
Layer_0
  62
7
  66
1
  10
0
  20
0
  30
0
  0
VERTEX
  5
493
  8
Layer_0
  10
188.63751
  20
56.594383
  42
-0.075631482
  0
VERTEX
  5
494
  8
Layer_0
  10
188.5921
  20
56.663132
  0
SEQEND
  0
POLYLINE
  5
496
  8
Layer_0
  62
7
  66
1
  10
0
  20
0
  30
0
  0
VERTEX
  5
496
  8
Layer_0
  10
188.5921
  20
56.663132
  42
0.066368468
  0
VERTEX
  5
497
  8
Layer_0
  10
188.54669
  20
56.731873
  0
SEQEND
  0
POLYLINE
  5
499
  8
Layer_0
  62
7
  66
1
  10
0
  20
0
  30
0
  0
VERTEX
  5
499
  8
Layer_0
  10
188.54669
  20
56.731873
  42
0.014584122
  0
VERTEX
  5
49a
  8
Layer_0
  10
188.47858
  20
56.834999
  0
SEQEND
  0
POLYLINE
  5
49c
  8
Layer_0
  62
7
  66
1
  10
0
  20
0
  30
0
  0
VERTEX
  5
49c
  8
Layer_0
  10
188.47858
  20
56.834999
  42
0.004679674
  0
VERTEX
  5
49d
  8
Layer_0
  10
188.43317
  20
56.90374
  0
SEQEND
  0
POLYLINE
  5
49f
  8
Layer_0
  62
7
  66
1
  10
0
  20
0
  30
0
  0
VERTEX
  5
49f
  8
Layer_0
  10
188.43317
  20
56.90374
  0
VERTEX
  5
4a0
  8
Layer_0
  10
201.38821
  20
56.858772
  0
SEQEND
  0
POLYLINE
  5
4a2
  8
Layer_0
  62
7
  66
1
  10
0
  20
0
  30
0
  0
VERTEX
  5
4a2
  8
Layer_0
  10
201.38821
  20
56.858772
  0
VERTEX
  5
4a3
  8
Layer_0
  10
210.46596
  20
56.681488
  0
SEQEND
  0
POLYLINE
  5
4a5
  8
Layer_0
  62
7
  66
1
  10
0
  20
0
  30
0
  0
VERTEX
  5
4a5
  8
Layer_0
  10
210.46596
  20
56.681488
  0
VERTEX
  5
4a6
  8
Layer_0
  10
211.22662
  20
195.46303
  0
SEQEND
  0
POLYLINE
  5
4a8
  8
Layer_0
  62
7
  66
1
  10
0
  20
0
  30
0
  0
VERTEX
  5
4a8
  8
Layer_0
  10
211.22662
  20
195.46303
  0
VERTEX
  5
4a9
  8
Layer_0
  10
198.52794
  20
195.71104
  0
SEQEND
  0
POLYLINE
  5
4ab
  8
Layer_0
  62
7
  66
1
  10
0
  20
0
  30
0
  0
VERTEX
  5
4ab
  8
Layer_0
  10
198.52794
  20
195.71104
  0
VERTEX
  5
4ac
  8
Layer_0
  10
198.74481
  20
235.28043
  0
SEQEND
  0
POLYLINE
  5
4ae
  8
Layer_0
  62
7
  66
1
  10
0
  20
0
  30
0
  0
VERTEX
  5
4ae
  8
Layer_0
  10
198.74481
  20
235.28043
  0
VERTEX
  5
4af
  8
Layer_0
  10
198.78654
  20
242.89456
  0
SEQEND
  0
POLYLINE
  5
4b1
  8
Layer_0
  62
7
  66
1
  10
0
  20
0
  30
0
  0
VERTEX
  5
4b1
  8
Layer_0
  10
198.78654
  20
242.89456
  0
VERTEX
  5
4b2
  8
Layer_0
  10
198.88406
  20
260.68506
  0
SEQEND
  0
POLYLINE
  5
4b4
  8
Layer_0
  62
7
  66
1
  10
0
  20
0
  30
0
  0
VERTEX
  5
4b4
  8
Layer_0
  10
121.26633
  20
260.95447
  0
VERTEX
  5
4b5
  8
Layer_0
  10
121.49033
  20
243.16286
  0
SEQEND
  0
POLYLINE
  5
4b7
  8
Layer_0
  62
7
  66
1
  10
0
  20
0
  30
0
  0
VERTEX
  5
4b7
  8
Layer_0
  10
121.49033
  20
243.16286
  0
VERTEX
  5
4b8
  8
Layer_0
  10
121.58619
  20
235.54825
  0
SEQEND
  0
POLYLINE
  5
4ba
  8
Layer_0
  62
7
  66
1
  10
0
  20
0
  30
0
  0
VERTEX
  5
4ba
  8
Layer_0
  10
121.58619
  20
235.54825
  0
VERTEX
  5
4bb
  8
Layer_0
  10
122.0844
  20
195.97639
  0
SEQEND
  0
POLYLINE
  5
4bd
  8
Layer_0
  62
7
  66
1
  10
0
  20
0
  30
0
  0
VERTEX
  5
4bd
  8
Layer_0
  10
122.0844
  20
195.97639
  0
VERTEX
  5
4be
  8
Layer_0
  10
109.38718
  20
195.81653
  0
SEQEND
  0
POLYLINE
  5
4c0
  8
Layer_0
  62
7
  66
1
  10
0
  20
0
  30
0
  0
VERTEX
  5
4c0
  8
Layer_0
  10
109.38718
  20
195.81653
  0
VERTEX
  5
4c1
  8
Layer_0
  10
111.13456
  20
57.026276
  0
SEQEND
  0
POLYLINE
  5
4c3
  8
Layer_0
  62
7
  66
1
  10
0
  20
0
  30
0
  0
VERTEX
  5
4c3
  8
Layer_0
  10
111.13456
  20
57.026276
  0
VERTEX
  5
4c4
  8
Layer_0
  10
120.21126
  20
57.140549
  0
SEQEND
  0
POLYLINE
  5
4c6
  8
Layer_0
  62
7
  66
1
  10
0
  20
0
  30
0
  0
VERTEX
  5
4c6
  8
Layer_0
  10
120.21126
  20
57.140549
  0
VERTEX
  5
4c7
  8
Layer_0
  10
133.16632
  20
57.095589
  0
SEQEND
  0
POLYLINE
  5
4c9
  8
Layer_0
  62
7
  66
1
  10
0
  20
0
  30
0
  0
VERTEX
  5
4c9
  8
Layer_0
  10
133.16632
  20
57.095589
  0
VERTEX
  5
4ca
  8
Layer_0
  10
133.14386
  20
57.061371
  0
SEQEND
  0
POLYLINE
  5
4cc
  8
Layer_0
  62
7
  66
1
  10
0
  20
0
  30
0
  0
VERTEX
  5
4cc
  8
Layer_0
  10
133.14386
  20
57.061371
  0
VERTEX
  5
4cd
  8
Layer_0
  10
133.12138
  20
57.027145
  0
SEQEND
  0
POLYLINE
  5
4cf
  8
Layer_0
  62
7
  66
1
  10
0
  20
0
  30
0
  0
VERTEX
  5
4cf
  8
Layer_0
  10
133.12138
  20
57.027145
  0
VERTEX
  5
4d0
  8
Layer_0
  10
133.09892
  20
56.992935
  0
SEQEND
  0
POLYLINE
  5
4d2
  8
Layer_0
  62
7
  66
1
  10
0
  20
0
  30
0
  0
VERTEX
  5
4d2
  8
Layer_0
  10
133.09892
  20
56.992935
  0
VERTEX
  5
4d3
  8
Layer_0
  10
133.07646
  20
56.958717
  0
SEQEND
  0
POLYLINE
  5
4d5
  8
Layer_0
  62
7
  66
1
  10
0
  20
0
  30
0
  0
VERTEX
  5
4d5
  8
Layer_0
  10
133.07646
  20
56.958717
  0
VERTEX
  5
4d6
  8
Layer_0
  10
133.054
  20
56.9245
  0
SEQEND
  0
POLYLINE
  5
4d8
  8
Layer_0
  62
7
  66
1
  10
0
  20
0
  30
0
  0
VERTEX
  5
4d8
  8
Layer_0
  10
133.054
  20
56.9245
  0
VERTEX
  5
4d9
  8
Layer_0
  10
133.03154
  20
56.890282
  0
SEQEND
  0
POLYLINE
  5
4db
  8
Layer_0
  62
7
  66
1
  10
0
  20
0
  30
0
  0
VERTEX
  5
4db
  8
Layer_0
  10
133.03154
  20
56.890282
  0
VERTEX
  5
4dc
  8
Layer_0
  10
133.00908
  20
56.856064
  0
SEQEND
  0
POLYLINE
  5
4de
  8
Layer_0
  62
7
  66
1
  10
0
  20
0
  30
0
  0
VERTEX
  5
4de
  8
Layer_0
  10
133.00908
  20
56.856064
  0
VERTEX
  5
4df
  8
Layer_0
  10
132.98662
  20
56.821854
  0
SEQEND
  0
POLYLINE
  5
4e1
  8
Layer_0
  62
7
  66
1
  10
0
  20
0
  30
0
  0
VERTEX
  5
4e1
  8
Layer_0
  10
132.98662
  20
56.821854
  0
VERTEX
  5
4e2
  8
Layer_0
  10
132.96416
  20
56.787628
  0
SEQEND
  0
POLYLINE
  5
4e4
  8
Layer_0
  62
7
  66
1
  10
0
  20
0
  30
0
  0
VERTEX
  5
4e4
  8
Layer_0
  10
132.96416
  20
56.787628
  0
VERTEX
  5
4e5
  8
Layer_0
  10
132.94168
  20
56.753418
  0
SEQEND
  0
POLYLINE
  5
4e7
  8
Layer_0
  62
7
  66
1
  10
0
  20
0
  30
0
  0
VERTEX
  5
4e7
  8
Layer_0
  10
132.94168
  20
56.753418
  0
VERTEX
  5
4e8
  8
Layer_0
  10
132.91922
  20
56.719193
  0
SEQEND
  0
POLYLINE
  5
4ea
  8
Layer_0
  62
7
  66
1
  10
0
  20
0
  30
0
  0
VERTEX
  5
4ea
  8
Layer_0
  10
132.91922
  20
56.719193
  0
VERTEX
  5
4eb
  8
Layer_0
  10
132.89676
  20
56.684982
  0
SEQEND
  0
POLYLINE
  5
4ed
  8
Layer_0
  62
7
  66
1
  10
0
  20
0
  30
0
  0
VERTEX
  5
4ed
  8
Layer_0
  10
132.89676
  20
56.684982
  0
VERTEX
  5
4ee
  8
Layer_0
  10
132.8743
  20
56.650764
  0
SEQEND
  0
POLYLINE
  5
4f0
  8
Layer_0
  62
7
  66
1
  10
0
  20
0
  30
0
  0
VERTEX
  5
4f0
  8
Layer_0
  10
132.8743
  20
56.650764
  0
VERTEX
  5
4f1
  8
Layer_0
  10
132.85184
  20
56.616539
  0
SEQEND
  0
POLYLINE
  5
4f3
  8
Layer_0
  62
7
  66
1
  10
0
  20
0
  30
0
  0
VERTEX
  5
4f3
  8
Layer_0
  10
132.85184
  20
56.616539
  0
VERTEX
  5
4f4
  8
Layer_0
  10
132.82938
  20
56.582329
  0
SEQEND
  0
POLYLINE
  5
4f6
  8
Layer_0
  62
7
  66
1
  10
0
  20
0
  30
0
  0
VERTEX
  5
4f6
  8
Layer_0
  10
132.82938
  20
56.582329
  0
VERTEX
  5
4f7
  8
Layer_0
  10
132.80692
  20
56.548103
  0
SEQEND
  0
POLYLINE
  5
4f9
  8
Layer_0
  62
7
  66
1
  10
0
  20
0
  30
0
  0
VERTEX
  5
4f9
  8
Layer_0
  10
132.80692
  20
56.548103
  0
VERTEX
  5
4fa
  8
Layer_0
  10
132.78445
  20
56.513901
  0
SEQEND
  0
POLYLINE
  5
4fc
  8
Layer_0
  62
7
  66
1
  10
0
  20
0
  30
0
  0
VERTEX
  5
4fc
  8
Layer_0
  10
132.78445
  20
56.513901
  0
VERTEX
  5
4fd
  8
Layer_0
  10
132.76199
  20
56.479675
  0
SEQEND
  0
POLYLINE
  5
4ff
  8
Layer_0
  62
7
  66
1
  10
0
  20
0
  30
0
  0
VERTEX
  5
4ff
  8
Layer_0
  10
132.76199
  20
56.479675
  0
VERTEX
  5
500
  8
Layer_0
  10
132.73953
  20
56.445465
  0
SEQEND
  0
POLYLINE
  5
502
  8
Layer_0
  62
7
  66
1
  10
0
  20
0
  30
0
  0
VERTEX
  5
502
  8
Layer_0
  10
132.73953
  20
56.445465
  0
VERTEX
  5
503
  8
Layer_0
  10
132.71707
  20
56.41124
  0
SEQEND
  0
POLYLINE
  5
505
  8
Layer_0
  62
7
  66
1
  10
0
  20
0
  30
0
  0
VERTEX
  5
505
  8
Layer_0
  10
132.71707
  20
56.41124
  0
VERTEX
  5
506
  8
Layer_0
  10
132.69461
  20
56.377022
  0
SEQEND
  0
POLYLINE
  5
508
  8
Layer_0
  62
7
  66
1
  10
0
  20
0
  30
0
  0
VERTEX
  5
508
  8
Layer_0
  10
132.69461
  20
56.377022
  0
VERTEX
  5
509
  8
Layer_0
  10
132.67215
  20
56.342812
  0
SEQEND
  0
POLYLINE
  5
50b
  8
Layer_0
  62
7
  66
1
  10
0
  20
0
  30
0
  0
VERTEX
  5
50b
  8
Layer_0
  10
132.67215
  20
56.342812
  0
VERTEX
  5
50c
  8
Layer_0
  10
132.64967
  20
56.308594
  0
SEQEND
  0
POLYLINE
  5
50e
  8
Layer_0
  62
7
  66
1
  10
0
  20
0
  30
0
  0
VERTEX
  5
50e
  8
Layer_0
  10
132.64967
  20
56.308594
  0
VERTEX
  5
50f
  8
Layer_0
  10
132.62721
  20
56.274376
  0
SEQEND
  0
POLYLINE
  5
511
  8
Layer_0
  62
7
  66
1
  10
0
  20
0
  30
0
  0
VERTEX
  5
511
  8
Layer_0
  10
132.62721
  20
56.274376
  0
VERTEX
  5
512
  8
Layer_0
  10
132.60475
  20
56.24015
  0
SEQEND
  0
POLYLINE
  5
514
  8
Layer_0
  62
7
  66
1
  10
0
  20
0
  30
0
  0
VERTEX
  5
514
  8
Layer_0
  10
132.60475
  20
56.24015
  0
VERTEX
  5
515
  8
Layer_0
  10
132.58229
  20
56.20594
  0
SEQEND
  0
POLYLINE
  5
517
  8
Layer_0
  62
7
  66
1
  10
0
  20
0
  30
0
  0
VERTEX
  5
517
  8
Layer_0
  10
132.58229
  20
56.20594
  0
VERTEX
  5
518
  8
Layer_0
  10
132.55983
  20
56.171722
  0
SEQEND
  0
POLYLINE
  5
51a
  8
Layer_0
  62
7
  66
1
  10
0
  20
0
  30
0
  0
VERTEX
  5
51a
  8
Layer_0
  10
132.55983
  20
56.171722
  0
VERTEX
  5
51b
  8
Layer_0
  10
132.53737
  20
56.137505
  0
SEQEND
  0
POLYLINE
  5
51d
  8
Layer_0
  62
7
  66
1
  10
0
  20
0
  30
0
  0
VERTEX
  5
51d
  8
Layer_0
  10
132.53737
  20
56.137505
  0
VERTEX
  5
51e
  8
Layer_0
  10
132.51491
  20
56.103287
  0
SEQEND
  0
POLYLINE
  5
520
  8
Layer_0
  62
7
  66
1
  10
0
  20
0
  30
0
  0
VERTEX
  5
520
  8
Layer_0
  10
132.51491
  20
56.103287
  0
VERTEX
  5
521
  8
Layer_0
  10
132.49245
  20
56.069077
  0
SEQEND
  0
POLYLINE
  5
523
  8
Layer_0
  62
7
  66
1
  10
0
  20
0
  30
0
  0
VERTEX
  5
523
  8
Layer_0
  10
132.49245
  20
56.069077
  0
VERTEX
  5
524
  8
Layer_0
  10
132.46999
  20
56.034859
  0
SEQEND
  0
POLYLINE
  5
526
  8
Layer_0
  62
7
  66
1
  10
0
  20
0
  30
0
  0
VERTEX
  5
526
  8
Layer_0
  10
132.46999
  20
56.034859
  0
VERTEX
  5
527
  8
Layer_0
  10
132.44753
  20
56.000641
  0
SEQEND
  0
POLYLINE
  5
529
  8
Layer_0
  62
7
  66
1
  10
0
  20
0
  30
0
  0
VERTEX
  5
529
  8
Layer_0
  10
132.44753
  20
56.000641
  0
VERTEX
  5
52a
  8
Layer_0
  10
132.42505
  20
55.966415
  0
SEQEND
  0
POLYLINE
  5
52c
  8
Layer_0
  62
7
  66
1
  10
0
  20
0
  30
0
  0
VERTEX
  5
52c
  8
Layer_0
  10
132.42505
  20
55.966415
  42
-0.10982074
  0
VERTEX
  5
52d
  8
Layer_0
  10
132.38013
  20
55.897987
  0
SEQEND
  0
POLYLINE
  5
52f
  8
Layer_0
  62
7
  66
1
  10
0
  20
0
  30
0
  0
VERTEX
  5
52f
  8
Layer_0
  10
132.38013
  20
55.897984
  0
VERTEX
  5
530
  8
Layer_0
  10
132.32419
  20
55.812883
  0
VERTEX
  5
531
  8
Layer_0
  10
132.26782
  20
55.726898
  0
SEQEND
  0
POLYLINE
  5
533
  8
Layer_0
  62
7
  66
1
  10
0
  20
0
  30
0
  0
VERTEX
  5
533
  8
Layer_0
  10
132.26782
  20
55.726898
  0
VERTEX
  5
534
  8
Layer_0
  10
131.94424
  20
55.233986
  0
SEQEND
  0
POLYLINE
  5
536
  8
Layer_0
  62
7
  66
1
  10
0
  20
0
  30
0
  0
VERTEX
  5
536
  8
Layer_0
  10
131.94424
  20
55.233986
  0
VERTEX
  5
537
  8
Layer_0
  10
131.64078
  20
54.678154
  0
SEQEND
  0
POLYLINE
  5
539
  8
Layer_0
  62
7
  66
1
  10
0
  20
0
  30
0
  0
VERTEX
  5
539
  8
Layer_0
  10
131.64078
  20
54.678154
  0
VERTEX
  5
53a
  8
Layer_0
  10
131.34705
  20
54.077118
  0
SEQEND
  0
POLYLINE
  5
53c
  8
Layer_0
  62
7
  66
1
  10
0
  20
0
  30
0
  0
VERTEX
  5
53c
  8
Layer_0
  10
131.34705
  20
54.077118
  0
VERTEX
  5
53d
  8
Layer_0
  10
131.12498
  20
53.567719
  0
SEQEND
  0
POLYLINE
  5
53f
  8
Layer_0
  62
7
  66
1
  10
0
  20
0
  30
0
  0
VERTEX
  5
53f
  8
Layer_0
  10
131.12498
  20
53.567719
  0
VERTEX
  5
540
  8
Layer_0
  10
130.96529
  20
53.089188
  0
SEQEND
  0
POLYLINE
  5
542
  8
Layer_0
  62
7
  66
1
  10
0
  20
0
  30
0
  0
VERTEX
  5
542
  8
Layer_0
  10
130.96529
  20
53.089188
  0
VERTEX
  5
543
  8
Layer_0
  10
130.85867
  20
52.580734
  0
SEQEND
  0
POLYLINE
  5
545
  8
Layer_0
  62
7
  66
1
  10
0
  20
0
  30
0
  0
VERTEX
  5
545
  8
Layer_0
  10
130.85867
  20
52.580734
  0
VERTEX
  5
546
  8
Layer_0
  10
130.79584
  20
51.981575
  0
SEQEND
  0
POLYLINE
  5
548
  8
Layer_0
  62
7
  66
1
  10
0
  20
0
  30
0
  0
VERTEX
  5
548
  8
Layer_0
  10
130.79584
  20
51.981575
  0
VERTEX
  5
549
  8
Layer_0
  10
130.76747
  20
51.230995
  0
SEQEND
  0
POLYLINE
  5
54b
  8
Layer_0
  62
7
  66
1
  10
0
  20
0
  30
0
  0
VERTEX
  5
54b
  8
Layer_0
  10
130.76747
  20
51.230995
  0
VERTEX
  5
54c
  8
Layer_0
  10
130.76331
  20
50.779907
  0
SEQEND
  0
POLYLINE
  5
54e
  8
Layer_0
  62
7
  66
1
  10
0
  20
0
  30
0
  0
VERTEX
  5
54e
  8
Layer_0
  10
130.76331
  20
50.779907
  0
VERTEX
  5
54f
  8
Layer_0
  10
130.76428
  20
50.268166
  0
SEQEND
  0
POLYLINE
  5
551
  8
Layer_0
  62
7
  66
1
  10
0
  20
0
  30
0
  0
VERTEX
  5
551
  8
Layer_0
  10
130.76428
  20
50.268166
  0
VERTEX
  5
552
  8
Layer_0
  10
130.76923
  20
49.688187
  0
SEQEND
  0
POLYLINE
  5
554
  8
Layer_0
  62
7
  66
1
  10
0
  20
0
  30
0
  0
VERTEX
  5
554
  8
Layer_0
  10
130.76923
  20
49.688187
  0
VERTEX
  5
555
  8
Layer_0
  10
130.77696
  20
49.032349
  0
SEQEND
  0
POLYLINE
  5
557
  8
Layer_0
  62
7
  66
1
  10
0
  20
0
  30
0
  0
VERTEX
  5
557
  8
Layer_0
  10
130.77696
  20
49.032349
  0
VERTEX
  5
558
  8
Layer_0
  10
130.74361
  20
46.973495
  0
SEQEND
  0
POLYLINE
  5
55a
  8
Layer_0
  62
7
  66
1
  10
0
  20
0
  30
0
  0
VERTEX
  5
55a
  8
Layer_0
  10
130.74361
  20
46.973495
  0
VERTEX
  5
55b
  8
Layer_0
  10
130.59705
  20
44.996284
  0
SEQEND
  0
POLYLINE
  5
55d
  8
Layer_0
  62
7
  66
1
  10
0
  20
0
  30
0
  0
VERTEX
  5
55d
  8
Layer_0
  10
130.59705
  20
44.996284
  0
VERTEX
  5
55e
  8
Layer_0
  10
130.34636
  20
43.138199
  0
SEQEND
  0
POLYLINE
  5
560
  8
Layer_0
  62
7
  66
1
  10
0
  20
0
  30
0
  0
VERTEX
  5
560
  8
Layer_0
  10
130.34636
  20
43.138199
  0
VERTEX
  5
561
  8
Layer_0
  10
130.00061
  20
41.436676
  0
SEQEND
  0
POLYLINE
  5
563
  8
Layer_0
  62
7
  66
1
  10
0
  20
0
  30
0
  0
VERTEX
  5
563
  8
Layer_0
  10
130.00061
  20
41.436676
  0
VERTEX
  5
564
  8
Layer_0
  10
129.79494
  20
40.656372
  0
SEQEND
  0
POLYLINE
  5
566
  8
Layer_0
  62
7
  66
1
  10
0
  20
0
  30
0
  0
VERTEX
  5
566
  8
Layer_0
  10
129.79494
  20
40.656372
  0
VERTEX
  5
567
  8
Layer_0
  10
129.56891
  20
39.929237
  0
SEQEND
  0
POLYLINE
  5
569
  8
Layer_0
  62
7
  66
1
  10
0
  20
0
  30
0
  0
VERTEX
  5
569
  8
Layer_0
  10
129.56891
  20
39.929237
  0
VERTEX
  5
56a
  8
Layer_0
  10
129.32364
  20
39.260025
  0
SEQEND
  0
POLYLINE
  5
56c
  8
Layer_0
  62
7
  66
1
  10
0
  20
0
  30
0
  0
VERTEX
  5
56c
  8
Layer_0
  10
129.32364
  20
39.260025
  0
VERTEX
  5
56d
  8
Layer_0
  10
129.0603
  20
38.653366
  0
SEQEND
  0
POLYLINE
  5
56f
  8
Layer_0
  62
7
  66
1
  10
0
  20
0
  30
0
  0
VERTEX
  5
56f
  8
Layer_0
  10
129.0603
  20
38.653366
  0
VERTEX
  5
570
  8
Layer_0
  10
128.78
  20
38.113953
  0
SEQEND
  0
POLYLINE
  5
572
  8
Layer_0
  62
7
  66
1
  10
0
  20
0
  30
0
  0
VERTEX
  5
572
  8
Layer_0
  10
128.78
  20
38.113953
  0
VERTEX
  5
573
  8
Layer_0
  10
128.48389
  20
37.646484
  0
SEQEND
  0
POLYLINE
  5
575
  8
Layer_0
  62
7
  66
1
  10
0
  20
0
  30
0
  0
VERTEX
  5
575
  8
Layer_0
  10
128.48389
  20
37.646484
  0
VERTEX
  5
576
  8
Layer_0
  10
128.17308
  20
37.255646
  0
SEQEND
  0
POLYLINE
  5
578
  8
Layer_0
  62
7
  66
1
  10
0
  20
0
  30
0
  0
VERTEX
  5
578
  8
Layer_0
  10
128.17308
  20
37.255646
  0
VERTEX
  5
579
  8
Layer_0
  10
127.84873
  20
36.946121
  0
SEQEND
  0
POLYLINE
  5
57b
  8
Layer_0
  62
7
  66
1
  10
0
  20
0
  30
0
  0
VERTEX
  5
57b
  8
Layer_0
  10
127.84873
  20
36.946121
  0
VERTEX
  5
57c
  8
Layer_0
  10
127.52372
  20
36.666451
  0
SEQEND
  0
POLYLINE
  5
57e
  8
Layer_0
  62
7
  66
1
  10
0
  20
0
  30
0
  0
VERTEX
  5
57e
  8
Layer_0
  10
127.52372
  20
36.666451
  0
VERTEX
  5
57f
  8
Layer_0
  10
127.25797
  20
36.40538
  0
SEQEND
  0
POLYLINE
  5
581
  8
Layer_0
  62
7
  66
1
  10
0
  20
0
  30
0
  0
VERTEX
  5
581
  8
Layer_0
  10
127.25797
  20
36.40538
  0
VERTEX
  5
582
  8
Layer_0
  10
127.07887
  20
36.192169
  0
SEQEND
  0
POLYLINE
  5
584
  8
Layer_0
  62
7
  66
1
  10
0
  20
0
  30
0
  0
VERTEX
  5
584
  8
Layer_0
  10
127.07887
  20
36.192169
  0
VERTEX
  5
585
  8
Layer_0
  10
126.97619
  20
35.968811
  0
SEQEND
  0
POLYLINE
  5
587
  8
Layer_0
  62
7
  66
1
  10
0
  20
0
  30
0
  0
VERTEX
  5
587
  8
Layer_0
  10
194.77365
  20
35.733475
  0
VERTEX
  5
588
  8
Layer_0
  10
194.87866
  20
35.652962
  0
SEQEND
  0
POLYLINE
  5
58a
  8
Layer_0
  62
7
  66
1
  10
0
  20
0
  30
0
  0
VERTEX
  5
58a
  8
Layer_0
  10
160.79974
  20
56.999664
  0
VERTEX
  5
58b
  8
Layer_0
  10
185.56967
  20
56.913689
  0
SEQEND
  0
POLYLINE
  5
58d
  8
Layer_0
  62
7
  66
1
  10
0
  20
0
  30
0
  0
VERTEX
  5
58d
  8
Layer_0
  10
185.56967
  20
56.913689
  0
VERTEX
  5
58e
  8
Layer_0
  10
185.53302
  20
56.893318
  0
SEQEND
  0
POLYLINE
  5
590
  8
Layer_0
  62
7
  66
1
  10
0
  20
0
  30
0
  0
VERTEX
  5
590
  8
Layer_0
  10
185.53302
  20
56.893318
  0
VERTEX
  5
591
  8
Layer_0
  10
185.49637
  20
56.872955
  0
SEQEND
  0
POLYLINE
  5
593
  8
Layer_0
  62
7
  66
1
  10
0
  20
0
  30
0
  0
VERTEX
  5
593
  8
Layer_0
  10
185.49637
  20
56.872955
  0
VERTEX
  5
594
  8
Layer_0
  10
185.45972
  20
56.852589
  0
VERTEX
  5
595
  8
Layer_0
  10
185.42307
  20
56.832216
  0
SEQEND
  0
POLYLINE
  5
597
  8
Layer_0
  62
7
  66
1
  10
0
  20
0
  30
0
  0
VERTEX
  5
597
  8
Layer_0
  10
185.42307
  20
56.832214
  0
VERTEX
  5
598
  8
Layer_0
  10
185.38641
  20
56.811844
  0
SEQEND
  0
POLYLINE
  5
59a
  8
Layer_0
  62
7
  66
1
  10
0
  20
0
  30
0
  0
VERTEX
  5
59a
  8
Layer_0
  10
185.38641
  20
56.811844
  0
VERTEX
  5
59b
  8
Layer_0
  10
185.34978
  20
56.791489
  0
SEQEND
  0
POLYLINE
  5
59d
  8
Layer_0
  62
7
  66
1
  10
0
  20
0
  30
0
  0
VERTEX
  5
59d
  8
Layer_0
  10
185.34978
  20
56.791489
  0
VERTEX
  5
59e
  8
Layer_0
  10
185.31313
  20
56.771118
  0
SEQEND
  0
POLYLINE
  5
5a0
  8
Layer_0
  62
7
  66
1
  10
0
  20
0
  30
0
  0
VERTEX
  5
5a0
  8
Layer_0
  10
185.31313
  20
56.771118
  0
VERTEX
  5
5a1
  8
Layer_0
  10
185.27647
  20
56.750755
  0
SEQEND
  0
POLYLINE
  5
5a3
  8
Layer_0
  62
7
  66
1
  10
0
  20
0
  30
0
  0
VERTEX
  5
5a3
  8
Layer_0
  10
185.27647
  20
56.750755
  0
VERTEX
  5
5a4
  8
Layer_0
  10
185.23984
  20
56.730392
  0
SEQEND
  0
POLYLINE
  5
5a6
  8
Layer_0
  62
7
  66
1
  10
0
  20
0
  30
0
  0
VERTEX
  5
5a6
  8
Layer_0
  10
185.23984
  20
56.730392
  0
VERTEX
  5
5a7
  8
Layer_0
  10
185.20319
  20
56.710022
  0
SEQEND
  0
POLYLINE
  5
5a9
  8
Layer_0
  62
7
  66
1
  10
0
  20
0
  30
0
  0
VERTEX
  5
5a9
  8
Layer_0
  10
185.20319
  20
56.710022
  0
VERTEX
  5
5aa
  8
Layer_0
  10
185.16653
  20
56.689659
  0
SEQEND
  0
POLYLINE
  5
5ac
  8
Layer_0
  62
7
  66
1
  10
0
  20
0
  30
0
  0
VERTEX
  5
5ac
  8
Layer_0
  10
185.16653
  20
56.689659
  0
VERTEX
  5
5ad
  8
Layer_0
  10
185.12988
  20
56.669289
  0
SEQEND
  0
POLYLINE
  5
5af
  8
Layer_0
  62
7
  66
1
  10
0
  20
0
  30
0
  0
VERTEX
  5
5af
  8
Layer_0
  10
185.12988
  20
56.669289
  0
VERTEX
  5
5b0
  8
Layer_0
  10
185.09323
  20
56.648926
  0
SEQEND
  0
POLYLINE
  5
5b2
  8
Layer_0
  62
7
  66
1
  10
0
  20
0
  30
0
  0
VERTEX
  5
5b2
  8
Layer_0
  10
185.09323
  20
56.648926
  0
VERTEX
  5
5b3
  8
Layer_0
  10
185.05658
  20
56.628555
  0
SEQEND
  0
POLYLINE
  5
5b5
  8
Layer_0
  62
7
  66
1
  10
0
  20
0
  30
0
  0
VERTEX
  5
5b5
  8
Layer_0
  10
185.05658
  20
56.628555
  0
VERTEX
  5
5b6
  8
Layer_0
  10
185.01994
  20
56.608192
  0
SEQEND
  0
POLYLINE
  5
5b8
  8
Layer_0
  62
7
  66
1
  10
0
  20
0
  30
0
  0
VERTEX
  5
5b8
  8
Layer_0
  10
185.01994
  20
56.608192
  0
VERTEX
  5
5b9
  8
Layer_0
  10
184.98329
  20
56.58783
  0
SEQEND
  0
POLYLINE
  5
5bb
  8
Layer_0
  62
7
  66
1
  10
0
  20
0
  30
0
  0
VERTEX
  5
5bb
  8
Layer_0
  10
184.98329
  20
56.58783
  0
VERTEX
  5
5bc
  8
Layer_0
  10
184.94664
  20
56.567467
  0
SEQEND
  0
POLYLINE
  5
5be
  8
Layer_0
  62
7
  66
1
  10
0
  20
0
  30
0
  0
VERTEX
  5
5be
  8
Layer_0
  10
184.94664
  20
56.567467
  0
VERTEX
  5
5bf
  8
Layer_0
  10
184.90999
  20
56.547096
  0
SEQEND
  0
POLYLINE
  5
5c1
  8
Layer_0
  62
7
  66
1
  10
0
  20
0
  30
0
  0
VERTEX
  5
5c1
  8
Layer_0
  10
184.90999
  20
56.547096
  0
VERTEX
  5
5c2
  8
Layer_0
  10
184.87335
  20
56.526733
  0
SEQEND
  0
POLYLINE
  5
5c4
  8
Layer_0
  62
7
  66
1
  10
0
  20
0
  30
0
  0
VERTEX
  5
5c4
  8
Layer_0
  10
184.87335
  20
56.526733
  0
VERTEX
  5
5c5
  8
Layer_0
  10
184.8367
  20
56.506363
  0
SEQEND
  0
POLYLINE
  5
5c7
  8
Layer_0
  62
7
  66
1
  10
0
  20
0
  30
0
  0
VERTEX
  5
5c7
  8
Layer_0
  10
184.8367
  20
56.506363
  0
VERTEX
  5
5c8
  8
Layer_0
  10
184.80005
  20
56.486
  0
SEQEND
  0
POLYLINE
  5
5ca
  8
Layer_0
  62
7
  66
1
  10
0
  20
0
  30
0
  0
VERTEX
  5
5ca
  8
Layer_0
  10
184.80005
  20
56.486
  0
VERTEX
  5
5cb
  8
Layer_0
  10
184.7634
  20
56.46563
  0
SEQEND
  0
POLYLINE
  5
5cd
  8
Layer_0
  62
7
  66
1
  10
0
  20
0
  30
0
  0
VERTEX
  5
5cd
  8
Layer_0
  10
184.7634
  20
56.46563
  0
VERTEX
  5
5ce
  8
Layer_0
  10
184.72675
  20
56.445267
  0
SEQEND
  0
POLYLINE
  5
5d0
  8
Layer_0
  62
7
  66
1
  10
0
  20
0
  30
0
  0
VERTEX
  5
5d0
  8
Layer_0
  10
184.72675
  20
56.445267
  0
VERTEX
  5
5d1
  8
Layer_0
  10
184.69009
  20
56.424896
  0
SEQEND
  0
POLYLINE
  5
5d3
  8
Layer_0
  62
7
  66
1
  10
0
  20
0
  30
0
  0
VERTEX
  5
5d3
  8
Layer_0
  10
184.69009
  20
56.424896
  0
VERTEX
  5
5d4
  8
Layer_0
  10
184.65344
  20
56.404541
  0
SEQEND
  0
POLYLINE
  5
5d6
  8
Layer_0
  62
7
  66
1
  10
0
  20
0
  30
0
  0
VERTEX
  5
5d6
  8
Layer_0
  10
184.65344
  20
56.404541
  0
VERTEX
  5
5d7
  8
Layer_0
  10
184.61681
  20
56.384178
  0
SEQEND
  0
POLYLINE
  5
5d9
  8
Layer_0
  62
7
  66
1
  10
0
  20
0
  30
0
  0
VERTEX
  5
5d9
  8
Layer_0
  10
184.61681
  20
56.384178
  0
VERTEX
  5
5da
  8
Layer_0
  10
184.58015
  20
56.363808
  0
SEQEND
  0
POLYLINE
  5
5dc
  8
Layer_0
  62
7
  66
1
  10
0
  20
0
  30
0
  0
VERTEX
  5
5dc
  8
Layer_0
  10
184.58015
  20
56.363808
  0
VERTEX
  5
5dd
  8
Layer_0
  10
184.5435
  20
56.343445
  0
SEQEND
  0
POLYLINE
  5
5df
  8
Layer_0
  62
7
  66
1
  10
0
  20
0
  30
0
  0
VERTEX
  5
5df
  8
Layer_0
  10
184.5435
  20
56.343445
  0
VERTEX
  5
5e0
  8
Layer_0
  10
184.50687
  20
56.323074
  0
SEQEND
  0
POLYLINE
  5
5e2
  8
Layer_0
  62
7
  66
1
  10
0
  20
0
  30
0
  0
VERTEX
  5
5e2
  8
Layer_0
  10
184.50687
  20
56.323074
  0
VERTEX
  5
5e3
  8
Layer_0
  10
184.47021
  20
56.302711
  0
SEQEND
  0
POLYLINE
  5
5e5
  8
Layer_0
  62
7
  66
1
  10
0
  20
0
  30
0
  0
VERTEX
  5
5e5
  8
Layer_0
  10
184.47021
  20
56.302711
  0
VERTEX
  5
5e6
  8
Layer_0
  10
184.43356
  20
56.282341
  0
SEQEND
  0
POLYLINE
  5
5e8
  8
Layer_0
  62
7
  66
1
  10
0
  20
0
  30
0
  0
VERTEX
  5
5e8
  8
Layer_0
  10
184.43356
  20
56.282341
  0
VERTEX
  5
5e9
  8
Layer_0
  10
184.39691
  20
56.261978
  0
SEQEND
  0
POLYLINE
  5
5eb
  8
Layer_0
  62
7
  66
1
  10
0
  20
0
  30
0
  0
VERTEX
  5
5eb
  8
Layer_0
  10
184.39691
  20
56.261978
  0
VERTEX
  5
5ec
  8
Layer_0
  10
184.36026
  20
56.241608
  0
SEQEND
  0
POLYLINE
  5
5ee
  8
Layer_0
  62
7
  66
1
  10
0
  20
0
  30
0
  0
VERTEX
  5
5ee
  8
Layer_0
  10
184.36026
  20
56.241608
  0
VERTEX
  5
5ef
  8
Layer_0
  10
184.32362
  20
56.221252
  0
SEQEND
  0
POLYLINE
  5
5f1
  8
Layer_0
  62
7
  66
1
  10
0
  20
0
  30
0
  0
VERTEX
  5
5f1
  8
Layer_0
  10
184.32362
  20
56.221252
  0
VERTEX
  5
5f2
  8
Layer_0
  10
184.28697
  20
56.200882
  0
SEQEND
  0
POLYLINE
  5
5f4
  8
Layer_0
  62
7
  66
1
  10
0
  20
0
  30
0
  0
VERTEX
  5
5f4
  8
Layer_0
  10
184.28697
  20
56.200882
  0
VERTEX
  5
5f5
  8
Layer_0
  10
184.25032
  20
56.180519
  0
SEQEND
  0
POLYLINE
  5
5f7
  8
Layer_0
  62
7
  66
1
  10
0
  20
0
  30
0
  0
VERTEX
  5
5f7
  8
Layer_0
  10
184.25032
  20
56.180519
  0
VERTEX
  5
5f8
  8
Layer_0
  10
184.21367
  20
56.160149
  0
SEQEND
  0
POLYLINE
  5
5fa
  8
Layer_0
  62
7
  66
1
  10
0
  20
0
  30
0
  0
VERTEX
  5
5fa
  8
Layer_0
  10
184.21367
  20
56.160149
  0
VERTEX
  5
5fb
  8
Layer_0
  10
184.17702
  20
56.139786
  0
SEQEND
  0
POLYLINE
  5
5fd
  8
Layer_0
  62
7
  66
1
  10
0
  20
0
  30
0
  0
VERTEX
  5
5fd
  8
Layer_0
  10
184.17702
  20
56.139786
  0
VERTEX
  5
5fe
  8
Layer_0
  10
184.14038
  20
56.119415
  0
SEQEND
  0
POLYLINE
  5
600
  8
Layer_0
  62
7
  66
1
  10
0
  20
0
  30
0
  0
VERTEX
  5
600
  8
Layer_0
  10
184.14038
  20
56.119415
  0
VERTEX
  5
601
  8
Layer_0
  10
184.10373
  20
56.099052
  0
SEQEND
  0
POLYLINE
  5
603
  8
Layer_0
  62
7
  66
1
  10
0
  20
0
  30
0
  0
VERTEX
  5
603
  8
Layer_0
  10
184.10373
  20
56.099052
  0
VERTEX
  5
604
  8
Layer_0
  10
183.68692
  20
55.679756
  0
SEQEND
  0
POLYLINE
  5
606
  8
Layer_0
  62
7
  66
1
  10
0
  20
0
  30
0
  0
VERTEX
  5
606
  8
Layer_0
  10
183.68692
  20
55.679756
  0
VERTEX
  5
607
  8
Layer_0
  10
183.2858
  20
55.158211
  0
SEQEND
  0
POLYLINE
  5
609
  8
Layer_0
  62
7
  66
1
  10
0
  20
0
  30
0
  0
VERTEX
  5
609
  8
Layer_0
  10
183.2858
  20
55.158211
  0
VERTEX
  5
60a
  8
Layer_0
  10
182.95178
  20
54.510849
  0
SEQEND
  0
POLYLINE
  5
60c
  8
Layer_0
  62
7
  66
1
  10
0
  20
0
  30
0
  0
VERTEX
  5
60c
  8
Layer_0
  10
182.95178
  20
54.510849
  0
VERTEX
  5
60d
  8
Layer_0
  10
182.80646
  20
54.11972
  0
SEQEND
  0
POLYLINE
  5
60f
  8
Layer_0
  62
7
  66
1
  10
0
  20
0
  30
0
  0
VERTEX
  5
60f
  8
Layer_0
  10
182.80646
  20
54.11972
  0
VERTEX
  5
610
  8
Layer_0
  10
182.67371
  20
53.672806
  0
SEQEND
  0
POLYLINE
  5
612
  8
Layer_0
  62
7
  66
1
  10
0
  20
0
  30
0
  0
VERTEX
  5
612
  8
Layer_0
  10
182.67371
  20
53.672806
  0
VERTEX
  5
613
  8
Layer_0
  10
182.55212
  20
53.161995
  0
SEQEND
  0
POLYLINE
  5
615
  8
Layer_0
  62
7
  66
1
  10
0
  20
0
  30
0
  0
VERTEX
  5
615
  8
Layer_0
  10
182.55212
  20
53.161995
  0
VERTEX
  5
616
  8
Layer_0
  10
182.44032
  20
52.579185
  0
SEQEND
  0
POLYLINE
  5
618
  8
Layer_0
  62
7
  66
1
  10
0
  20
0
  30
0
  0
VERTEX
  5
618
  8
Layer_0
  10
182.44032
  20
52.579185
  0
VERTEX
  5
619
  8
Layer_0
  10
182.33688
  20
51.916275
  0
SEQEND
  0
POLYLINE
  5
61b
  8
Layer_0
  62
7
  66
1
  10
0
  20
0
  30
0
  0
VERTEX
  5
61b
  8
Layer_0
  10
182.33688
  20
51.916275
  0
VERTEX
  5
61c
  8
Layer_0
  10
182.24043
  20
51.165131
  0
SEQEND
  0
POLYLINE
  5
61e
  8
Layer_0
  62
7
  66
1
  10
0
  20
0
  30
0
  0
VERTEX
  5
61e
  8
Layer_0
  10
182.24043
  20
51.165131
  0
VERTEX
  5
61f
  8
Layer_0
  10
182.14954
  20
50.31765
  0
SEQEND
  0
POLYLINE
  5
621
  8
Layer_0
  62
7
  66
1
  10
0
  20
0
  30
0
  0
VERTEX
  5
621
  8
Layer_0
  10
182.14954
  20
50.31765
  0
VERTEX
  5
622
  8
Layer_0
  10
182.06282
  20
49.365723
  0
SEQEND
  0
POLYLINE
  5
624
  8
Layer_0
  62
7
  66
1
  10
0
  20
0
  30
0
  0
VERTEX
  5
624
  8
Layer_0
  10
182.06282
  20
49.365723
  0
VERTEX
  5
625
  8
Layer_0
  10
181.97888
  20
48.301254
  0
SEQEND
  0
POLYLINE
  5
627
  8
Layer_0
  62
7
  66
1
  10
0
  20
0
  30
0
  0
VERTEX
  5
627
  8
Layer_0
  10
181.97888
  20
48.301254
  0
VERTEX
  5
628
  8
Layer_0
  10
181.8963
  20
47.116135
  0
SEQEND
  0
POLYLINE
  5
62a
  8
Layer_0
  62
7
  66
1
  10
0
  20
0
  30
0
  0
VERTEX
  5
62a
  8
Layer_0
  10
181.8963
  20
47.116135
  0
VERTEX
  5
62b
  8
Layer_0
  10
181.81369
  20
45.802216
  0
SEQEND
  0
POLYLINE
  5
62d
  8
Layer_0
  62
7
  66
1
  10
0
  20
0
  30
0
  0
VERTEX
  5
62d
  8
Layer_0
  10
181.81369
  20
45.802216
  0
VERTEX
  5
62e
  8
Layer_0
  10
181.72963
  20
44.351433
  0
SEQEND
  0
POLYLINE
  5
630
  8
Layer_0
  62
7
  66
1
  10
0
  20
0
  30
0
  0
VERTEX
  5
630
  8
Layer_0
  10
181.72963
  20
44.351433
  0
VERTEX
  5
631
  8
Layer_0
  10
181.65938
  20
43.103279
  0
SEQEND
  0
POLYLINE
  5
633
  8
Layer_0
  62
7
  66
1
  10
0
  20
0
  30
0
  0
VERTEX
  5
633
  8
Layer_0
  10
181.65938
  20
43.103279
  0
VERTEX
  5
634
  8
Layer_0
  10
181.59612
  20
42.004921
  0
SEQEND
  0
POLYLINE
  5
636
  8
Layer_0
  62
7
  66
1
  10
0
  20
0
  30
0
  0
VERTEX
  5
636
  8
Layer_0
  10
181.59612
  20
42.004921
  0
VERTEX
  5
637
  8
Layer_0
  10
181.53819
  20
41.044571
  0
SEQEND
  0
POLYLINE
  5
639
  8
Layer_0
  62
7
  66
1
  10
0
  20
0
  30
0
  0
VERTEX
  5
639
  8
Layer_0
  10
181.53819
  20
41.044571
  0
VERTEX
  5
63a
  8
Layer_0
  10
181.48392
  20
40.21051
  0
SEQEND
  0
POLYLINE
  5
63c
  8
Layer_0
  62
7
  66
1
  10
0
  20
0
  30
0
  0
VERTEX
  5
63c
  8
Layer_0
  10
181.48392
  20
40.21051
  0
VERTEX
  5
63d
  8
Layer_0
  10
181.43161
  20
39.490982
  0
SEQEND
  0
POLYLINE
  5
63f
  8
Layer_0
  62
7
  66
1
  10
0
  20
0
  30
0
  0
VERTEX
  5
63f
  8
Layer_0
  10
181.43161
  20
39.490982
  0
VERTEX
  5
640
  8
Layer_0
  10
181.37964
  20
38.874229
  0
SEQEND
  0
POLYLINE
  5
642
  8
Layer_0
  62
7
  66
1
  10
0
  20
0
  30
0
  0
VERTEX
  5
642
  8
Layer_0
  10
181.37964
  20
38.874229
  0
VERTEX
  5
643
  8
Layer_0
  10
181.32629
  20
38.348526
  0
SEQEND
  0
POLYLINE
  5
645
  8
Layer_0
  62
7
  66
1
  10
0
  20
0
  30
0
  0
VERTEX
  5
645
  8
Layer_0
  10
181.32629
  20
38.348526
  0
VERTEX
  5
646
  8
Layer_0
  10
181.26993
  20
37.9021
  0
SEQEND
  0
POLYLINE
  5
648
  8
Layer_0
  62
7
  66
1
  10
0
  20
0
  30
0
  0
VERTEX
  5
648
  8
Layer_0
  10
181.26993
  20
37.9021
  0
VERTEX
  5
649
  8
Layer_0
  10
181.14139
  20
37.200119
  0
SEQEND
  0
POLYLINE
  5
64b
  8
Layer_0
  62
7
  66
1
  10
0
  20
0
  30
0
  0
VERTEX
  5
64b
  8
Layer_0
  10
181.14139
  20
37.200119
  0
VERTEX
  5
64c
  8
Layer_0
  10
180.98067
  20
36.674301
  0
SEQEND
  0
POLYLINE
  5
64e
  8
Layer_0
  62
7
  66
1
  10
0
  20
0
  30
0
  0
VERTEX
  5
64e
  8
Layer_0
  10
180.98067
  20
36.674301
  0
VERTEX
  5
64f
  8
Layer_0
  10
180.77438
  20
36.23069
  0
SEQEND
  0
POLYLINE
  5
651
  8
Layer_0
  62
7
  66
1
  10
0
  20
0
  30
0
  0
VERTEX
  5
651
  8
Layer_0
  10
180.77438
  20
36.23069
  0
VERTEX
  5
652
  8
Layer_0
  10
180.50916
  20
35.775276
  0
SEQEND
  0
POLYLINE
  5
654
  8
Layer_0
  62
7
  66
1
  10
0
  20
0
  30
0
  0
VERTEX
  5
654
  8
Layer_0
  10
180.50916
  20
35.775276
  0
VERTEX
  5
655
  8
Layer_0
  10
180.0715
  20
35.172638
  0
SEQEND
  0
POLYLINE
  5
657
  8
Layer_0
  62
7
  66
1
  10
0
  20
0
  30
0
  0
VERTEX
  5
657
  8
Layer_0
  10
180.0715
  20
35.172638
  0
VERTEX
  5
658
  8
Layer_0
  10
179.48262
  20
34.524284
  0
SEQEND
  0
POLYLINE
  5
65a
  8
Layer_0
  62
7
  66
1
  10
0
  20
0
  30
0
  0
VERTEX
  5
65a
  8
Layer_0
  10
179.48262
  20
34.524284
  0
VERTEX
  5
65b
  8
Layer_0
  10
178.8196
  20
33.908142
  0
SEQEND
  0
POLYLINE
  5
65d
  8
Layer_0
  62
7
  66
1
  10
0
  20
0
  30
0
  0
VERTEX
  5
65d
  8
Layer_0
  10
178.8196
  20
33.908142
  0
VERTEX
  5
65e
  8
Layer_0
  10
178.15955
  20
33.402054
  0
SEQEND
  0
POLYLINE
  5
660
  8
Layer_0
  62
7
  66
1
  10
0
  20
0
  30
0
  0
VERTEX
  5
660
  8
Layer_0
  10
178.15955
  20
33.402054
  0
VERTEX
  5
661
  8
Layer_0
  10
176.62531
  20
32.371536
  0
SEQEND
  0
POLYLINE
  5
663
  8
Layer_0
  62
7
  66
1
  10
0
  20
0
  30
0
  0
VERTEX
  5
663
  8
Layer_0
  10
176.62531
  20
32.371536
  0
VERTEX
  5
664
  8
Layer_0
  10
166.53033
  20
32.818565
  0
SEQEND
  0
POLYLINE
  5
666
  8
Layer_0
  62
7
  66
1
  10
0
  20
0
  30
0
  0
VERTEX
  5
666
  8
Layer_0
  10
166.53033
  20
32.818565
  0
VERTEX
  5
667
  8
Layer_0
  10
165.19089
  20
32.878517
  0
SEQEND
  0
POLYLINE
  5
669
  8
Layer_0
  62
7
  66
1
  10
0
  20
0
  30
0
  0
VERTEX
  5
669
  8
Layer_0
  10
165.19089
  20
32.878517
  0
VERTEX
  5
66a
  8
Layer_0
  10
163.91815
  20
32.936821
  0
SEQEND
  0
POLYLINE
  5
66c
  8
Layer_0
  62
7
  66
1
  10
0
  20
0
  30
0
  0
VERTEX
  5
66c
  8
Layer_0
  10
163.91815
  20
32.936821
  0
VERTEX
  5
66d
  8
Layer_0
  10
162.71021
  20
32.993713
  0
SEQEND
  0
POLYLINE
  5
66f
  8
Layer_0
  62
7
  66
1
  10
0
  20
0
  30
0
  0
VERTEX
  5
66f
  8
Layer_0
  10
162.71021
  20
32.993713
  0
VERTEX
  5
670
  8
Layer_0
  10
161.56508
  20
33.049438
  0
SEQEND
  0
POLYLINE
  5
672
  8
Layer_0
  62
7
  66
1
  10
0
  20
0
  30
0
  0
VERTEX
  5
672
  8
Layer_0
  10
161.56508
  20
33.049438
  0
VERTEX
  5
673
  8
Layer_0
  10
160.88487
  20
33.051796
  0
SEQEND
  0
POLYLINE
  5
675
  8
Layer_0
  62
7
  66
1
  10
0
  20
0
  30
0
  0
VERTEX
  5
675
  8
Layer_0
  10
160.88487
  20
33.051796
  0
VERTEX
  5
676
  8
Layer_0
  10
160.20467
  20
33.054161
  0
SEQEND
  0
POLYLINE
  5
678
  8
Layer_0
  62
7
  66
1
  10
0
  20
0
  30
0
  0
VERTEX
  5
678
  8
Layer_0
  10
160.20467
  20
33.054161
  0
VERTEX
  5
679
  8
Layer_0
  10
159.05989
  20
33.006378
  0
SEQEND
  0
POLYLINE
  5
67b
  8
Layer_0
  62
7
  66
1
  10
0
  20
0
  30
0
  0
VERTEX
  5
67b
  8
Layer_0
  10
159.05989
  20
33.006378
  0
VERTEX
  5
67c
  8
Layer_0
  10
157.85233
  20
32.957878
  0
SEQEND
  0
POLYLINE
  5
67e
  8
Layer_0
  62
7
  66
1
  10
0
  20
0
  30
0
  0
VERTEX
  5
67e
  8
Layer_0
  10
157.85233
  20
32.957878
  0
VERTEX
  5
67f
  8
Layer_0
  10
156.57999
  20
32.908409
  0
SEQEND
  0
POLYLINE
  5
681
  8
Layer_0
  62
7
  66
1
  10
0
  20
0
  30
0
  0
VERTEX
  5
681
  8
Layer_0
  10
156.57999
  20
32.908409
  0
VERTEX
  5
682
  8
Layer_0
  10
155.24092
  20
32.857758
  0
SEQEND
  0
POLYLINE
  5
684
  8
Layer_0
  62
7
  66
1
  10
0
  20
0
  30
0
  0
VERTEX
  5
684
  8
Layer_0
  10
155.24092
  20
32.857758
  0
VERTEX
  5
685
  8
Layer_0
  10
145.14888
  20
32.480797
  0
SEQEND
  0
POLYLINE
  5
687
  8
Layer_0
  62
7
  66
1
  10
0
  20
0
  30
0
  0
VERTEX
  5
687
  8
Layer_0
  10
145.14888
  20
32.480797
  0
VERTEX
  5
688
  8
Layer_0
  10
143.60727
  20
33.521988
  0
SEQEND
  0
POLYLINE
  5
68a
  8
Layer_0
  62
7
  66
1
  10
0
  20
0
  30
0
  0
VERTEX
  5
68a
  8
Layer_0
  10
143.60727
  20
33.521988
  0
VERTEX
  5
68b
  8
Layer_0
  10
142.9436
  20
34.032661
  0
SEQEND
  0
POLYLINE
  5
68d
  8
Layer_0
  62
7
  66
1
  10
0
  20
0
  30
0
  0
VERTEX
  5
68d
  8
Layer_0
  10
142.9436
  20
34.032661
  0
VERTEX
  5
68e
  8
Layer_0
  10
142.2762
  20
34.653442
  0
SEQEND
  0
POLYLINE
  5
690
  8
Layer_0
  62
7
  66
1
  10
0
  20
0
  30
0
  0
VERTEX
  5
690
  8
Layer_0
  10
142.2762
  20
34.653442
  0
VERTEX
  5
691
  8
Layer_0
  10
141.68268
  20
35.305885
  0
SEQEND
  0
POLYLINE
  5
693
  8
Layer_0
  62
7
  66
1
  10
0
  20
0
  30
0
  0
VERTEX
  5
693
  8
Layer_0
  10
141.68268
  20
35.305885
  0
VERTEX
  5
694
  8
Layer_0
  10
141.24074
  20
35.911591
  0
SEQEND
  0
POLYLINE
  5
696
  8
Layer_0
  62
7
  66
1
  10
0
  20
0
  30
0
  0
VERTEX
  5
696
  8
Layer_0
  10
141.24074
  20
35.911591
  0
VERTEX
  5
697
  8
Layer_0
  10
140.97226
  20
36.368858
  0
SEQEND
  0
POLYLINE
  5
699
  8
Layer_0
  62
7
  66
1
  10
0
  20
0
  30
0
  0
VERTEX
  5
699
  8
Layer_0
  10
140.97226
  20
36.368858
  0
VERTEX
  5
69a
  8
Layer_0
  10
140.76282
  20
36.813904
  0
SEQEND
  0
POLYLINE
  5
69c
  8
Layer_0
  62
7
  66
1
  10
0
  20
0
  30
0
  0
VERTEX
  5
69c
  8
Layer_0
  10
140.76282
  20
36.813904
  0
VERTEX
  5
69d
  8
Layer_0
  10
140.59836
  20
37.340851
  0
SEQEND
  0
POLYLINE
  5
69f
  8
Layer_0
  62
7
  66
1
  10
0
  20
0
  30
0
  0
VERTEX
  5
69f
  8
Layer_0
  10
140.59836
  20
37.340851
  0
VERTEX
  5
6a0
  8
Layer_0
  10
140.46483
  20
38.043732
  0
SEQEND
  0
POLYLINE
  5
6a2
  8
Layer_0
  62
7
  66
1
  10
0
  20
0
  30
0
  0
VERTEX
  5
6a2
  8
Layer_0
  10
140.46483
  20
38.043732
  0
VERTEX
  5
6a3
  8
Layer_0
  10
140.40529
  20
38.49057
  0
SEQEND
  0
POLYLINE
  5
6a5
  8
Layer_0
  62
7
  66
1
  10
0
  20
0
  30
0
  0
VERTEX
  5
6a5
  8
Layer_0
  10
140.40529
  20
38.49057
  0
VERTEX
  5
6a6
  8
Layer_0
  10
140.34821
  20
39.016655
  0
SEQEND
  0
POLYLINE
  5
6a8
  8
Layer_0
  62
7
  66
1
  10
0
  20
0
  30
0
  0
VERTEX
  5
6a8
  8
Layer_0
  10
140.34821
  20
39.016655
  0
VERTEX
  5
6a9
  8
Layer_0
  10
140.29184
  20
39.633781
  0
SEQEND
  0
POLYLINE
  5
6ab
  8
Layer_0
  62
7
  66
1
  10
0
  20
0
  30
0
  0
VERTEX
  5
6ab
  8
Layer_0
  10
140.29184
  20
39.633781
  0
VERTEX
  5
6ac
  8
Layer_0
  10
140.23442
  20
40.353699
  0
SEQEND
  0
POLYLINE
  5
6ae
  8
Layer_0
  62
7
  66
1
  10
0
  20
0
  30
0
  0
VERTEX
  5
6ae
  8
Layer_0
  10
140.23442
  20
40.353699
  0
VERTEX
  5
6af
  8
Layer_0
  10
140.17421
  20
41.188156
  0
SEQEND
  0
POLYLINE
  5
6b1
  8
Layer_0
  62
7
  66
1
  10
0
  20
0
  30
0
  0
VERTEX
  5
6b1
  8
Layer_0
  10
140.17421
  20
41.188156
  0
VERTEX
  5
6b2
  8
Layer_0
  10
140.10945
  20
42.148933
  0
SEQEND
  0
POLYLINE
  5
6b4
  8
Layer_0
  62
7
  66
1
  10
0
  20
0
  30
0
  0
VERTEX
  5
6b4
  8
Layer_0
  10
140.10945
  20
42.148933
  0
VERTEX
  5
6b5
  8
Layer_0
  10
140.03839
  20
43.247757
  0
SEQEND
  0
POLYLINE
  5
6b7
  8
Layer_0
  62
7
  66
1
  10
0
  20
0
  30
0
  0
VERTEX
  5
6b7
  8
Layer_0
  10
140.03839
  20
43.247757
  0
VERTEX
  5
6b8
  8
Layer_0
  10
139.95926
  20
44.496429
  0
SEQEND
  0
POLYLINE
  5
6ba
  8
Layer_0
  62
7
  66
1
  10
0
  20
0
  30
0
  0
VERTEX
  5
6ba
  8
Layer_0
  10
139.95926
  20
44.496429
  0
VERTEX
  5
6bb
  8
Layer_0
  10
139.86488
  20
45.947823
  0
SEQEND
  0
POLYLINE
  5
6bd
  8
Layer_0
  62
7
  66
1
  10
0
  20
0
  30
0
  0
VERTEX
  5
6bd
  8
Layer_0
  10
139.86488
  20
45.947823
  0
VERTEX
  5
6be
  8
Layer_0
  10
139.77293
  20
47.262352
  0
SEQEND
  0
POLYLINE
  5
6c0
  8
Layer_0
  62
7
  66
1
  10
0
  20
0
  30
0
  0
VERTEX
  5
6c0
  8
Layer_0
  10
139.77293
  20
47.262352
  0
VERTEX
  5
6c1
  8
Layer_0
  10
139.68192
  20
48.448082
  0
SEQEND
  0
POLYLINE
  5
6c3
  8
Layer_0
  62
7
  66
1
  10
0
  20
0
  30
0
  0
VERTEX
  5
6c3
  8
Layer_0
  10
139.68192
  20
48.448082
  0
VERTEX
  5
6c4
  8
Layer_0
  10
139.59039
  20
49.513161
  0
SEQEND
  0
POLYLINE
  5
6c6
  8
Layer_0
  62
7
  66
1
  10
0
  20
0
  30
0
  0
VERTEX
  5
6c6
  8
Layer_0
  10
139.59039
  20
49.513161
  0
VERTEX
  5
6c7
  8
Layer_0
  10
139.49692
  20
50.465698
  0
SEQEND
  0
POLYLINE
  5
6c9
  8
Layer_0
  62
7
  66
1
  10
0
  20
0
  30
0
  0
VERTEX
  5
6c9
  8
Layer_0
  10
139.49692
  20
50.465698
  0
VERTEX
  5
6ca
  8
Layer_0
  10
139.39999
  20
51.313843
  0
SEQEND
  0
POLYLINE
  5
6cc
  8
Layer_0
  62
7
  66
1
  10
0
  20
0
  30
0
  0
VERTEX
  5
6cc
  8
Layer_0
  10
139.39999
  20
51.313843
  0
VERTEX
  5
6cd
  8
Layer_0
  10
139.2982
  20
52.065674
  0
SEQEND
  0
POLYLINE
  5
6cf
  8
Layer_0
  62
7
  66
1
  10
0
  20
0
  30
0
  0
VERTEX
  5
6cf
  8
Layer_0
  10
139.2982
  20
52.065674
  0
VERTEX
  5
6d0
  8
Layer_0
  10
139.19005
  20
52.729317
  0
SEQEND
  0
POLYLINE
  5
6d2
  8
Layer_0
  62
7
  66
1
  10
0
  20
0
  30
0
  0
VERTEX
  5
6d2
  8
Layer_0
  10
139.19005
  20
52.729317
  0
VERTEX
  5
6d3
  8
Layer_0
  10
139.0741
  20
53.312927
  0
SEQEND
  0
POLYLINE
  5
6d5
  8
Layer_0
  62
7
  66
1
  10
0
  20
0
  30
0
  0
VERTEX
  5
6d5
  8
Layer_0
  10
139.0741
  20
53.312927
  0
VERTEX
  5
6d6
  8
Layer_0
  10
138.94888
  20
53.824585
  0
SEQEND
  0
POLYLINE
  5
6d8
  8
Layer_0
  62
7
  66
1
  10
0
  20
0
  30
0
  0
VERTEX
  5
6d8
  8
Layer_0
  10
138.94888
  20
53.824585
  0
VERTEX
  5
6d9
  8
Layer_0
  10
138.81296
  20
54.272423
  0
SEQEND
  0
POLYLINE
  5
6db
  8
Layer_0
  62
7
  66
1
  10
0
  20
0
  30
0
  0
VERTEX
  5
6db
  8
Layer_0
  10
138.81296
  20
54.272423
  0
VERTEX
  5
6dc
  8
Layer_0
  10
138.66484
  20
54.664574
  0
SEQEND
  0
POLYLINE
  5
6de
  8
Layer_0
  62
7
  66
1
  10
0
  20
0
  30
0
  0
VERTEX
  5
6de
  8
Layer_0
  10
138.66484
  20
54.664574
  0
VERTEX
  5
6df
  8
Layer_0
  10
138.32623
  20
55.31427
  0
SEQEND
  0
POLYLINE
  5
6e1
  8
Layer_0
  62
7
  66
1
  10
0
  20
0
  30
0
  0
VERTEX
  5
6e1
  8
Layer_0
  10
138.32623
  20
55.31427
  0
VERTEX
  5
6e2
  8
Layer_0
  10
137.92139
  20
55.838608
  0
SEQEND
  0
POLYLINE
  5
6e4
  8
Layer_0
  62
7
  66
1
  10
0
  20
0
  30
0
  0
VERTEX
  5
6e4
  8
Layer_0
  10
137.92139
  20
55.838608
  0
VERTEX
  5
6e5
  8
Layer_0
  10
137.50159
  20
56.260811
  0
SEQEND
  0
POLYLINE
  5
6e7
  8
Layer_0
  62
7
  66
1
  10
0
  20
0
  30
0
  0
VERTEX
  5
6e7
  8
Layer_0
  10
137.50159
  20
56.260811
  0
VERTEX
  5
6e8
  8
Layer_0
  10
137.46478
  20
56.281433
  0
SEQEND
  0
POLYLINE
  5
6ea
  8
Layer_0
  62
7
  66
1
  10
0
  20
0
  30
0
  0
VERTEX
  5
6ea
  8
Layer_0
  10
137.46478
  20
56.281433
  42
0.036573126
  0
VERTEX
  5
6eb
  8
Layer_0
  10
137.3912
  20
56.322678
  0
SEQEND
  0
POLYLINE
  5
6ed
  8
Layer_0
  62
7
  66
1
  10
0
  20
0
  30
0
  0
VERTEX
  5
6ed
  8
Layer_0
  10
137.3912
  20
56.322678
  0
VERTEX
  5
6ee
  8
Layer_0
  10
137.3544
  20
56.3433
  0
SEQEND
  0
POLYLINE
  5
6f0
  8
Layer_0
  62
7
  66
1
  10
0
  20
0
  30
0
  0
VERTEX
  5
6f0
  8
Layer_0
  10
137.3544
  20
56.3433
  0
VERTEX
  5
6f1
  8
Layer_0
  10
137.31761
  20
56.363922
  0
SEQEND
  0
POLYLINE
  5
6f3
  8
Layer_0
  62
7
  66
1
  10
0
  20
0
  30
0
  0
VERTEX
  5
6f3
  8
Layer_0
  10
137.31761
  20
56.363922
  0
VERTEX
  5
6f4
  8
Layer_0
  10
137.28082
  20
56.384544
  0
SEQEND
  0
POLYLINE
  5
6f6
  8
Layer_0
  62
7
  66
1
  10
0
  20
0
  30
0
  0
VERTEX
  5
6f6
  8
Layer_0
  10
137.28082
  20
56.384544
  0
VERTEX
  5
6f7
  8
Layer_0
  10
137.24402
  20
56.405159
  0
SEQEND
  0
POLYLINE
  5
6f9
  8
Layer_0
  62
7
  66
1
  10
0
  20
0
  30
0
  0
VERTEX
  5
6f9
  8
Layer_0
  10
137.24402
  20
56.405159
  0
VERTEX
  5
6fa
  8
Layer_0
  10
137.20723
  20
56.425781
  0
SEQEND
  0
POLYLINE
  5
6fc
  8
Layer_0
  62
7
  66
1
  10
0
  20
0
  30
0
  0
VERTEX
  5
6fc
  8
Layer_0
  10
137.20723
  20
56.425781
  0
VERTEX
  5
6fd
  8
Layer_0
  10
137.17044
  20
56.446404
  0
SEQEND
  0
POLYLINE
  5
6ff
  8
Layer_0
  62
7
  66
1
  10
0
  20
0
  30
0
  0
VERTEX
  5
6ff
  8
Layer_0
  10
137.17044
  20
56.446404
  0
VERTEX
  5
700
  8
Layer_0
  10
137.13364
  20
56.467026
  0
SEQEND
  0
POLYLINE
  5
702
  8
Layer_0
  62
7
  66
1
  10
0
  20
0
  30
0
  0
VERTEX
  5
702
  8
Layer_0
  10
137.13364
  20
56.467026
  0
VERTEX
  5
703
  8
Layer_0
  10
137.09685
  20
56.48764
  0
SEQEND
  0
POLYLINE
  5
705
  8
Layer_0
  62
7
  66
1
  10
0
  20
0
  30
0
  0
VERTEX
  5
705
  8
Layer_0
  10
137.09685
  20
56.48764
  0
VERTEX
  5
706
  8
Layer_0
  10
137.06004
  20
56.508263
  0
SEQEND
  0
POLYLINE
  5
708
  8
Layer_0
  62
7
  66
1
  10
0
  20
0
  30
0
  0
VERTEX
  5
708
  8
Layer_0
  10
137.06004
  20
56.508263
  0
VERTEX
  5
709
  8
Layer_0
  10
137.02325
  20
56.528885
  0
SEQEND
  0
POLYLINE
  5
70b
  8
Layer_0
  62
7
  66
1
  10
0
  20
0
  30
0
  0
VERTEX
  5
70b
  8
Layer_0
  10
137.02326
  20
56.528881
  0
VERTEX
  5
70c
  8
Layer_0
  10
136.98643
  20
56.549521
  0
VERTEX
  5
70d
  8
Layer_0
  10
136.94967
  20
56.57013
  0
SEQEND
  0
POLYLINE
  5
70f
  8
Layer_0
  62
7
  66
1
  10
0
  20
0
  30
0
  0
VERTEX
  5
70f
  8
Layer_0
  10
136.94966
  20
56.570129
  0
VERTEX
  5
710
  8
Layer_0
  10
136.91287
  20
56.590752
  0
SEQEND
  0
POLYLINE
  5
712
  8
Layer_0
  62
7
  66
1
  10
0
  20
0
  30
0
  0
VERTEX
  5
712
  8
Layer_0
  10
136.91287
  20
56.590752
  0
VERTEX
  5
713
  8
Layer_0
  10
136.87608
  20
56.611374
  0
SEQEND
  0
POLYLINE
  5
715
  8
Layer_0
  62
7
  66
1
  10
0
  20
0
  30
0
  0
VERTEX
  5
715
  8
Layer_0
  10
136.87608
  20
56.611374
  0
VERTEX
  5
716
  8
Layer_0
  10
136.83928
  20
56.631989
  0
SEQEND
  0
POLYLINE
  5
718
  8
Layer_0
  62
7
  66
1
  10
0
  20
0
  30
0
  0
VERTEX
  5
718
  8
Layer_0
  10
136.83928
  20
56.631989
  0
VERTEX
  5
719
  8
Layer_0
  10
136.80249
  20
56.652611
  0
SEQEND
  0
POLYLINE
  5
71b
  8
Layer_0
  62
7
  66
1
  10
0
  20
0
  30
0
  0
VERTEX
  5
71b
  8
Layer_0
  10
136.80249
  20
56.652611
  0
VERTEX
  5
71c
  8
Layer_0
  10
136.7657
  20
56.673233
  0
SEQEND
  0
POLYLINE
  5
71e
  8
Layer_0
  62
7
  66
1
  10
0
  20
0
  30
0
  0
VERTEX
  5
71e
  8
Layer_0
  10
136.7657
  20
56.673233
  0
VERTEX
  5
71f
  8
Layer_0
  10
136.7289
  20
56.693848
  0
SEQEND
  0
POLYLINE
  5
721
  8
Layer_0
  62
7
  66
1
  10
0
  20
0
  30
0
  0
VERTEX
  5
721
  8
Layer_0
  10
136.7289
  20
56.693848
  0
VERTEX
  5
722
  8
Layer_0
  10
136.69211
  20
56.71447
  0
SEQEND
  0
POLYLINE
  5
724
  8
Layer_0
  62
7
  66
1
  10
0
  20
0
  30
0
  0
VERTEX
  5
724
  8
Layer_0
  10
136.69211
  20
56.71447
  0
VERTEX
  5
725
  8
Layer_0
  10
136.65532
  20
56.735092
  0
SEQEND
  0
POLYLINE
  5
727
  8
Layer_0
  62
7
  66
1
  10
0
  20
0
  30
0
  0
VERTEX
  5
727
  8
Layer_0
  10
136.65532
  20
56.735092
  0
VERTEX
  5
728
  8
Layer_0
  10
136.61852
  20
56.755714
  0
SEQEND
  0
POLYLINE
  5
72a
  8
Layer_0
  62
7
  66
1
  10
0
  20
0
  30
0
  0
VERTEX
  5
72a
  8
Layer_0
  10
136.61852
  20
56.755714
  42
-0.21813676
  0
VERTEX
  5
72b
  8
Layer_0
  10
136.54494
  20
56.796959
  0
SEQEND
  0
POLYLINE
  5
72d
  8
Layer_0
  62
7
  66
1
  10
0
  20
0
  30
0
  0
VERTEX
  5
72d
  8
Layer_0
  10
136.54494
  20
56.796959
  0
VERTEX
  5
72e
  8
Layer_0
  10
136.50813
  20
56.817581
  0
SEQEND
  0
POLYLINE
  5
730
  8
Layer_0
  62
7
  66
1
  10
0
  20
0
  30
0
  0
VERTEX
  5
730
  8
Layer_0
  10
136.50813
  20
56.817581
  0
VERTEX
  5
731
  8
Layer_0
  10
136.47134
  20
56.838196
  0
SEQEND
  0
POLYLINE
  5
733
  8
Layer_0
  62
7
  66
1
  10
0
  20
0
  30
0
  0
VERTEX
  5
733
  8
Layer_0
  10
136.47134
  20
56.838196
  0
VERTEX
  5
734
  8
Layer_0
  10
136.43456
  20
56.858818
  0
SEQEND
  0
POLYLINE
  5
736
  8
Layer_0
  62
7
  66
1
  10
0
  20
0
  30
0
  0
VERTEX
  5
736
  8
Layer_0
  10
136.43456
  20
56.858818
  0
VERTEX
  5
737
  8
Layer_0
  10
136.39775
  20
56.87944
  0
SEQEND
  0
POLYLINE
  5
739
  8
Layer_0
  62
7
  66
1
  10
0
  20
0
  30
0
  0
VERTEX
  5
739
  8
Layer_0
  10
136.39775
  20
56.87944
  0
VERTEX
  5
73a
  8
Layer_0
  10
136.36096
  20
56.900063
  0
SEQEND
  0
POLYLINE
  5
73c
  8
Layer_0
  62
7
  66
1
  10
0
  20
0
  30
0
  0
VERTEX
  5
73c
  8
Layer_0
  10
136.36096
  20
56.900063
  0
VERTEX
  5
73d
  8
Layer_0
  10
136.32417
  20
56.920677
  0
SEQEND
  0
POLYLINE
  5
73f
  8
Layer_0
  62
7
  66
1
  10
0
  20
0
  30
0
  0
VERTEX
  5
73f
  8
Layer_0
  10
136.32417
  20
56.920677
  0
VERTEX
  5
740
  8
Layer_0
  10
136.28737
  20
56.941299
  0
SEQEND
  0
POLYLINE
  5
742
  8
Layer_0
  62
7
  66
1
  10
0
  20
0
  30
0
  0
VERTEX
  5
742
  8
Layer_0
  10
136.28737
  20
56.941299
  0
VERTEX
  5
743
  8
Layer_0
  10
136.25058
  20
56.961922
  0
SEQEND
  0
POLYLINE
  5
745
  8
Layer_0
  62
7
  66
1
  10
0
  20
0
  30
0
  0
VERTEX
  5
745
  8
Layer_0
  10
136.25058
  20
56.961922
  0
VERTEX
  5
746
  8
Layer_0
  10
136.21379
  20
56.982544
  0
SEQEND
  0
POLYLINE
  5
748
  8
Layer_0
  62
7
  66
1
  10
0
  20
0
  30
0
  0
VERTEX
  5
748
  8
Layer_0
  10
136.21379
  20
56.982544
  0
VERTEX
  5
749
  8
Layer_0
  10
136.17699
  20
57.003159
  0
SEQEND
  0
POLYLINE
  5
74b
  8
Layer_0
  62
7
  66
1
  10
0
  20
0
  30
0
  0
VERTEX
  5
74b
  8
Layer_0
  10
136.17699
  20
57.003159
  0
VERTEX
  5
74c
  8
Layer_0
  10
136.14023
  20
57.023793
  0
VERTEX
  5
74d
  8
Layer_0
  10
136.1034
  20
57.044407
  0
SEQEND
  0
POLYLINE
  5
74f
  8
Layer_0
  62
7
  66
1
  10
0
  20
0
  30
0
  0
VERTEX
  5
74f
  8
Layer_0
  10
136.10341
  20
57.044411
  0
VERTEX
  5
750
  8
Layer_0
  10
136.0666
  20
57.065025
  0
SEQEND
  0
POLYLINE
  5
752
  8
Layer_0
  62
7
  66
1
  10
0
  20
0
  30
0
  0
VERTEX
  5
752
  8
Layer_0
  10
136.0666
  20
57.065025
  0
VERTEX
  5
753
  8
Layer_0
  10
136.02982
  20
57.085648
  0
SEQEND
  0
POLYLINE
  5
755
  8
Layer_0
  62
7
  66
1
  10
0
  20
0
  30
0
  0
VERTEX
  5
755
  8
Layer_0
  10
136.02982
  20
57.085648
  0
VERTEX
  5
756
  8
Layer_0
  10
160.79974
  20
56.999664
  0
SEQEND
  0
POLYLINE
  5
758
  8
Layer_0
  62
7
  66
1
  10
0
  20
0
  30
0
  0
VERTEX
  5
758
  8
Layer_0
  10
137.6517
  20
56.176674
  0
VERTEX
  5
759
  8
Layer_0
  10
137.35146
  20
56.34494
  0
SEQEND
  0
POLYLINE
  5
75b
  8
Layer_0
  62
7
  66
1
  10
0
  20
0
  30
0
  0
VERTEX
  5
75b
  8
Layer_0
  10
189.43405
  20
55.388535
  0
VERTEX
  5
75c
  8
Layer_0
  10
189.24876
  20
55.669037
  0
SEQEND
  0
POLYLINE
  5
75e
  8
Layer_0
  62
7
  66
1
  10
0
  20
0
  30
0
  0
VERTEX
  5
75e
  8
Layer_0
  10
185.42014
  20
56.830582
  0
VERTEX
  5
75f
  8
Layer_0
  10
185.71919
  20
56.996773
  0
SEQEND
  0
POLYLINE
  5
761
  8
Layer_0
  62
7
  66
1
  10
0
  20
0
  30
0
  0
VERTEX
  5
761
  8
Layer_0
  10
132.17618
  20
55.587303
  0
VERTEX
  5
762
  8
Layer_0
  10
132.35947
  20
55.866508
  0
SEQEND
  0
POLYLINE
  5
764
  8
Layer_0
  62
7
  66
1
  10
0
  20
0
  30
0
  0
VERTEX
  5
764
  8
Layer_0
  10
188.52582
  20
56.763496
  0
VERTEX
  5
765
  8
Layer_0
  10
188.34052
  20
57.043983
  0
SEQEND
  0
POLYLINE
  5
767
  8
Layer_0
  62
7
  66
1
  10
0
  20
0
  30
0
  0
VERTEX
  5
767
  8
Layer_0
  10
136.17993
  20
57.001511
  0
VERTEX
  5
768
  8
Layer_0
  10
135.8797
  20
57.169777
  0
SEQEND
  0
POLYLINE
  5
76a
  8
Layer_0
  62
7
  66
1
  10
0
  20
0
  30
0
  0
VERTEX
  5
76a
  8
Layer_0
  10
183.95419
  20
56.015953
  0
VERTEX
  5
76b
  8
Layer_0
  10
184.25325
  20
56.182144
  0
SEQEND
  0
POLYLINE
  5
76d
  8
Layer_0
  62
7
  66
1
  10
0
  20
0
  30
0
  0
VERTEX
  5
76d
  8
Layer_0
  10
133.07468
  20
56.955978
  0
VERTEX
  5
76e
  8
Layer_0
  10
133.25797
  20
57.235191
  0
SEQEND
  0
POLYLINE
  5
770
  8
Layer_0
  62
7
  66
1
  10
0
  20
0
  30
0
  0
VERTEX
  5
770
  8
Layer_0
  10
193.8017
  20
270.39728
  0
VERTEX
  5
771
  8
Layer_0
  10
193.86674
  20
270.53345
  0
SEQEND
  0
POLYLINE
  5
773
  8
Layer_0
  62
7
  66
1
  10
0
  20
0
  30
0
  0
VERTEX
  5
773
  8
Layer_0
  10
193.86674
  20
270.53345
  0
VERTEX
  5
774
  8
Layer_0
  10
194.00882
  20
270.70044
  0
SEQEND
  0
POLYLINE
  5
776
  8
Layer_0
  62
7
  66
1
  10
0
  20
0
  30
0
  0
VERTEX
  5
776
  8
Layer_0
  10
194.00882
  20
270.70044
  0
VERTEX
  5
777
  8
Layer_0
  10
194.16408
  20
270.76401
  0
SEQEND
  0
POLYLINE
  5
779
  8
Layer_0
  62
7
  66
1
  10
0
  20
0
  30
0
  0
VERTEX
  5
779
  8
Layer_0
  10
194.16408
  20
270.76401
  0
VERTEX
  5
77a
  8
Layer_0
  10
194.35416
  20
270.80252
  0
SEQEND
  0
POLYLINE
  5
77c
  8
Layer_0
  62
7
  66
1
  10
0
  20
0
  30
0
  0
VERTEX
  5
77c
  8
Layer_0
  10
194.35416
  20
270.80252
  0
VERTEX
  5
77d
  8
Layer_0
  10
194.50717
  20
270.83728
  0
SEQEND
  0
POLYLINE
  5
77f
  8
Layer_0
  62
7
  66
1
  10
0
  20
0
  30
0
  0
VERTEX
  5
77f
  8
Layer_0
  10
194.50717
  20
270.83728
  0
VERTEX
  5
780
  8
Layer_0
  10
194.75537
  20
270.91522
  0
SEQEND
  0
POLYLINE
  5
782
  8
Layer_0
  62
7
  66
1
  10
0
  20
0
  30
0
  0
VERTEX
  5
782
  8
Layer_0
  10
194.75537
  20
270.91522
  0
VERTEX
  5
783
  8
Layer_0
  10
195.08578
  20
271.03137
  0
SEQEND
  0
POLYLINE
  5
785
  8
Layer_0
  62
7
  66
1
  10
0
  20
0
  30
0
  0
VERTEX
  5
785
  8
Layer_0
  10
195.08578
  20
271.03137
  0
VERTEX
  5
786
  8
Layer_0
  10
195.48546
  20
271.18079
  0
SEQEND
  0
POLYLINE
  5
788
  8
Layer_0
  62
7
  66
1
  10
0
  20
0
  30
0
  0
VERTEX
  5
788
  8
Layer_0
  10
195.48546
  20
271.18079
  0
VERTEX
  5
789
  8
Layer_0
  10
196.44064
  20
271.55945
  0
SEQEND
  0
POLYLINE
  5
78b
  8
Layer_0
  62
7
  66
1
  10
0
  20
0
  30
0
  0
VERTEX
  5
78b
  8
Layer_0
  10
196.44064
  20
271.55945
  0
VERTEX
  5
78c
  8
Layer_0
  10
197.51715
  20
272.01166
  0
SEQEND
  0
POLYLINE
  5
78e
  8
Layer_0
  62
7
  66
1
  10
0
  20
0
  30
0
  0
VERTEX
  5
78e
  8
Layer_0
  10
197.51715
  20
272.01166
  0
VERTEX
  5
78f
  8
Layer_0
  10
199.1678
  20
272.69284
  0
SEQEND
  0
POLYLINE
  5
791
  8
Layer_0
  62
7
  66
1
  10
0
  20
0
  30
0
  0
VERTEX
  5
791
  8
Layer_0
  10
199.1678
  20
272.69284
  0
VERTEX
  5
792
  8
Layer_0
  10
200.80272
  20
273.30789
  0
SEQEND
  0
POLYLINE
  5
794
  8
Layer_0
  62
7
  66
1
  10
0
  20
0
  30
0
  0
VERTEX
  5
794
  8
Layer_0
  10
200.80272
  20
273.30789
  0
VERTEX
  5
795
  8
Layer_0
  10
202.39627
  20
273.84955
  0
SEQEND
  0
POLYLINE
  5
797
  8
Layer_0
  62
7
  66
1
  10
0
  20
0
  30
0
  0
VERTEX
  5
797
  8
Layer_0
  10
202.39627
  20
273.84955
  0
VERTEX
  5
798
  8
Layer_0
  10
203.92282
  20
274.31058
  0
SEQEND
  0
POLYLINE
  5
79a
  8
Layer_0
  62
7
  66
1
  10
0
  20
0
  30
0
  0
VERTEX
  5
79a
  8
Layer_0
  10
203.92282
  20
274.31058
  0
VERTEX
  5
79b
  8
Layer_0
  10
205.35675
  20
274.68378
  0
SEQEND
  0
POLYLINE
  5
79d
  8
Layer_0
  62
7
  66
1
  10
0
  20
0
  30
0
  0
VERTEX
  5
79d
  8
Layer_0
  10
205.35675
  20
274.68378
  0
VERTEX
  5
79e
  8
Layer_0
  10
206.67241
  20
274.96191
  0
SEQEND
  0
POLYLINE
  5
7a0
  8
Layer_0
  62
7
  66
1
  10
0
  20
0
  30
0
  0
VERTEX
  5
7a0
  8
Layer_0
  10
206.67241
  20
274.96191
  0
VERTEX
  5
7a1
  8
Layer_0
  10
207.27788
  20
275.06311
  0
SEQEND
  0
POLYLINE
  5
7a3
  8
Layer_0
  62
7
  66
1
  10
0
  20
0
  30
0
  0
VERTEX
  5
7a3
  8
Layer_0
  10
207.27788
  20
275.06311
  0
VERTEX
  5
7a4
  8
Layer_0
  10
207.84418
  20
275.13779
  0
SEQEND
  0
POLYLINE
  5
7a6
  8
Layer_0
  62
7
  66
1
  10
0
  20
0
  30
0
  0
VERTEX
  5
7a6
  8
Layer_0
  10
207.84418
  20
275.13779
  0
VERTEX
  5
7a7
  8
Layer_0
  10
208.3681
  20
275.18512
  0
SEQEND
  0
POLYLINE
  5
7a9
  8
Layer_0
  62
7
  66
1
  10
0
  20
0
  30
0
  0
VERTEX
  5
7a9
  8
Layer_0
  10
208.3681
  20
275.18512
  0
VERTEX
  5
7aa
  8
Layer_0
  10
208.84644
  20
275.20416
  0
SEQEND
  0
POLYLINE
  5
7ac
  8
Layer_0
  62
7
  66
1
  10
0
  20
0
  30
0
  0
VERTEX
  5
7ac
  8
Layer_0
  10
208.84644
  20
275.20416
  0
VERTEX
  5
7ad
  8
Layer_0
  10
209.94983
  20
275.17828
  0
SEQEND
  0
POLYLINE
  5
7af
  8
Layer_0
  62
7
  66
1
  10
0
  20
0
  30
0
  0
VERTEX
  5
7af
  8
Layer_0
  10
209.94983
  20
275.17828
  0
VERTEX
  5
7b0
  8
Layer_0
  10
210.99738
  20
275.07202
  0
SEQEND
  0
POLYLINE
  5
7b2
  8
Layer_0
  62
7
  66
1
  10
0
  20
0
  30
0
  0
VERTEX
  5
7b2
  8
Layer_0
  10
210.99738
  20
275.07202
  0
VERTEX
  5
7b3
  8
Layer_0
  10
212.01338
  20
274.8772
  0
SEQEND
  0
POLYLINE
  5
7b5
  8
Layer_0
  62
7
  66
1
  10
0
  20
0
  30
0
  0
VERTEX
  5
7b5
  8
Layer_0
  10
212.01338
  20
274.8772
  0
VERTEX
  5
7b6
  8
Layer_0
  10
213.02217
  20
274.58554
  0
SEQEND
  0
POLYLINE
  5
7b8
  8
Layer_0
  62
7
  66
1
  10
0
  20
0
  30
0
  0
VERTEX
  5
7b8
  8
Layer_0
  10
213.02217
  20
274.58554
  0
VERTEX
  5
7b9
  8
Layer_0
  10
214.04803
  20
274.18887
  0
SEQEND
  0
POLYLINE
  5
7bb
  8
Layer_0
  62
7
  66
1
  10
0
  20
0
  30
0
  0
VERTEX
  5
7bb
  8
Layer_0
  10
214.04803
  20
274.18887
  0
VERTEX
  5
7bc
  8
Layer_0
  10
215.1153
  20
273.67896
  0
SEQEND
  0
POLYLINE
  5
7be
  8
Layer_0
  62
7
  66
1
  10
0
  20
0
  30
0
  0
VERTEX
  5
7be
  8
Layer_0
  10
215.1153
  20
273.67896
  0
VERTEX
  5
7bf
  8
Layer_0
  10
216.24826
  20
273.04752
  0
SEQEND
  0
POLYLINE
  5
7c1
  8
Layer_0
  62
7
  66
1
  10
0
  20
0
  30
0
  0
VERTEX
  5
7c1
  8
Layer_0
  10
216.24826
  20
273.04752
  0
VERTEX
  5
7c2
  8
Layer_0
  10
217.47127
  20
272.28641
  0
SEQEND
  0
POLYLINE
  5
7c4
  8
Layer_0
  62
7
  66
1
  10
0
  20
0
  30
0
  0
VERTEX
  5
7c4
  8
Layer_0
  10
217.47127
  20
272.28641
  0
VERTEX
  5
7c5
  8
Layer_0
  10
218.33414
  20
271.71216
  0
SEQEND
  0
POLYLINE
  5
7c7
  8
Layer_0
  62
7
  66
1
  10
0
  20
0
  30
0
  0
VERTEX
  5
7c7
  8
Layer_0
  10
218.33414
  20
271.71216
  0
VERTEX
  5
7c8
  8
Layer_0
  10
219.07835
  20
271.17914
  0
SEQEND
  0
POLYLINE
  5
7ca
  8
Layer_0
  62
7
  66
1
  10
0
  20
0
  30
0
  0
VERTEX
  5
7ca
  8
Layer_0
  10
219.07835
  20
271.17914
  0
VERTEX
  5
7cb
  8
Layer_0
  10
219.74304
  20
270.64963
  0
SEQEND
  0
POLYLINE
  5
7cd
  8
Layer_0
  62
7
  66
1
  10
0
  20
0
  30
0
  0
VERTEX
  5
7cd
  8
Layer_0
  10
219.74304
  20
270.64963
  0
VERTEX
  5
7ce
  8
Layer_0
  10
220.3674
  20
270.086
  0
SEQEND
  0
POLYLINE
  5
7d0
  8
Layer_0
  62
7
  66
1
  10
0
  20
0
  30
0
  0
VERTEX
  5
7d0
  8
Layer_0
  10
220.3674
  20
270.086
  0
VERTEX
  5
7d1
  8
Layer_0
  10
220.99065
  20
269.45059
  0
SEQEND
  0
POLYLINE
  5
7d3
  8
Layer_0
  62
7
  66
1
  10
0
  20
0
  30
0
  0
VERTEX
  5
7d3
  8
Layer_0
  10
220.99065
  20
269.45059
  0
VERTEX
  5
7d4
  8
Layer_0
  10
221.65192
  20
268.70578
  0
SEQEND
  0
POLYLINE
  5
7d6
  8
Layer_0
  62
7
  66
1
  10
0
  20
0
  30
0
  0
VERTEX
  5
7d6
  8
Layer_0
  10
221.65192
  20
268.70578
  0
VERTEX
  5
7d7
  8
Layer_0
  10
222.00905
  20
268.28058
  0
SEQEND
  0
POLYLINE
  5
7d9
  8
Layer_0
  62
7
  66
1
  10
0
  20
0
  30
0
  0
VERTEX
  5
7d9
  8
Layer_0
  10
222.00905
  20
268.28058
  0
VERTEX
  5
7da
  8
Layer_0
  10
222.39038
  20
267.8139
  0
SEQEND
  0
POLYLINE
  5
7dc
  8
Layer_0
  62
7
  66
1
  10
0
  20
0
  30
0
  0
VERTEX
  5
7dc
  8
Layer_0
  10
222.39038
  20
267.8139
  0
VERTEX
  5
7dd
  8
Layer_0
  10
222.80081
  20
267.30103
  0
SEQEND
  0
POLYLINE
  5
7df
  8
Layer_0
  62
7
  66
1
  10
0
  20
0
  30
0
  0
VERTEX
  5
7df
  8
Layer_0
  10
222.80081
  20
267.30103
  0
VERTEX
  5
7e0
  8
Layer_0
  10
223.24524
  20
266.73724
  0
SEQEND
  0
POLYLINE
  5
7e2
  8
Layer_0
  62
7
  66
1
  10
0
  20
0
  30
0
  0
VERTEX
  5
7e2
  8
Layer_0
  10
223.24524
  20
266.73724
  0
VERTEX
  5
7e3
  8
Layer_0
  10
223.80064
  20
266.03537
  0
SEQEND
  0
POLYLINE
  5
7e5
  8
Layer_0
  62
7
  66
1
  10
0
  20
0
  30
0
  0
VERTEX
  5
7e5
  8
Layer_0
  10
223.80064
  20
266.03537
  0
VERTEX
  5
7e6
  8
Layer_0
  10
224.3094
  20
265.40796
  0
SEQEND
  0
POLYLINE
  5
7e8
  8
Layer_0
  62
7
  66
1
  10
0
  20
0
  30
0
  0
VERTEX
  5
7e8
  8
Layer_0
  10
224.3094
  20
265.40796
  0
VERTEX
  5
7e9
  8
Layer_0
  10
224.776
  20
264.85202
  0
SEQEND
  0
POLYLINE
  5
7eb
  8
Layer_0
  62
7
  66
1
  10
0
  20
0
  30
0
  0
VERTEX
  5
7eb
  8
Layer_0
  10
224.776
  20
264.85202
  0
VERTEX
  5
7ec
  8
Layer_0
  10
225.20491
  20
264.36438
  0
SEQEND
  0
POLYLINE
  5
7ee
  8
Layer_0
  62
7
  66
1
  10
0
  20
0
  30
0
  0
VERTEX
  5
7ee
  8
Layer_0
  10
225.20491
  20
264.36438
  0
VERTEX
  5
7ef
  8
Layer_0
  10
225.60059
  20
263.94196
  0
SEQEND
  0
POLYLINE
  5
7f1
  8
Layer_0
  62
7
  66
1
  10
0
  20
0
  30
0
  0
VERTEX
  5
7f1
  8
Layer_0
  10
225.60059
  20
263.94196
  0
VERTEX
  5
7f2
  8
Layer_0
  10
225.9675
  20
263.58167
  0
SEQEND
  0
POLYLINE
  5
7f4
  8
Layer_0
  62
7
  66
1
  10
0
  20
0
  30
0
  0
VERTEX
  5
7f4
  8
Layer_0
  10
225.9675
  20
263.58167
  0
VERTEX
  5
7f5
  8
Layer_0
  10
226.3101
  20
263.28036
  0
SEQEND
  0
POLYLINE
  5
7f7
  8
Layer_0
  62
7
  66
1
  10
0
  20
0
  30
0
  0
VERTEX
  5
7f7
  8
Layer_0
  10
226.3101
  20
263.28036
  0
VERTEX
  5
7f8
  8
Layer_0
  10
226.63286
  20
263.035
  0
SEQEND
  0
POLYLINE
  5
7fa
  8
Layer_0
  62
7
  66
1
  10
0
  20
0
  30
0
  0
VERTEX
  5
7fa
  8
Layer_0
  10
226.63286
  20
263.035
  0
VERTEX
  5
7fb
  8
Layer_0
  10
227.23674
  20
262.69958
  0
SEQEND
  0
POLYLINE
  5
7fd
  8
Layer_0
  62
7
  66
1
  10
0
  20
0
  30
0
  0
VERTEX
  5
7fd
  8
Layer_0
  10
227.23674
  20
262.69958
  0
VERTEX
  5
7fe
  8
Layer_0
  10
227.81482
  20
262.55054
  0
SEQEND
  0
POLYLINE
  5
800
  8
Layer_0
  62
7
  66
1
  10
0
  20
0
  30
0
  0
VERTEX
  5
800
  8
Layer_0
  10
227.81482
  20
262.55054
  0
VERTEX
  5
801
  8
Layer_0
  10
228.40283
  20
262.56317
  0
SEQEND
  0
POLYLINE
  5
803
  8
Layer_0
  62
7
  66
1
  10
0
  20
0
  30
0
  0
VERTEX
  5
803
  8
Layer_0
  10
228.40283
  20
262.56317
  0
VERTEX
  5
804
  8
Layer_0
  10
229.03648
  20
262.71249
  0
SEQEND
  0
POLYLINE
  5
806
  8
Layer_0
  62
7
  66
1
  10
0
  20
0
  30
0
  0
VERTEX
  5
806
  8
Layer_0
  10
229.03648
  20
262.71249
  0
VERTEX
  5
807
  8
Layer_0
  10
229.50909
  20
262.92798
  0
SEQEND
  0
POLYLINE
  5
809
  8
Layer_0
  62
7
  66
1
  10
0
  20
0
  30
0
  0
VERTEX
  5
809
  8
Layer_0
  10
229.50909
  20
262.92798
  0
VERTEX
  5
80a
  8
Layer_0
  10
229.98077
  20
263.2684
  0
SEQEND
  0
POLYLINE
  5
80c
  8
Layer_0
  62
7
  66
1
  10
0
  20
0
  30
0
  0
VERTEX
  5
80c
  8
Layer_0
  10
229.98077
  20
263.2684
  0
VERTEX
  5
80d
  8
Layer_0
  10
230.43832
  20
263.7153
  0
SEQEND
  0
POLYLINE
  5
80f
  8
Layer_0
  62
7
  66
1
  10
0
  20
0
  30
0
  0
VERTEX
  5
80f
  8
Layer_0
  10
230.43832
  20
263.7153
  0
VERTEX
  5
810
  8
Layer_0
  10
230.86848
  20
264.25024
  0
SEQEND
  0
POLYLINE
  5
812
  8
Layer_0
  62
7
  66
1
  10
0
  20
0
  30
0
  0
VERTEX
  5
812
  8
Layer_0
  10
230.86848
  20
264.25024
  0
VERTEX
  5
813
  8
Layer_0
  10
231.25795
  20
264.85483
  0
SEQEND
  0
POLYLINE
  5
815
  8
Layer_0
  62
7
  66
1
  10
0
  20
0
  30
0
  0
VERTEX
  5
815
  8
Layer_0
  10
231.25795
  20
264.85483
  0
VERTEX
  5
816
  8
Layer_0
  10
231.59349
  20
265.51062
  0
SEQEND
  0
POLYLINE
  5
818
  8
Layer_0
  62
7
  66
1
  10
0
  20
0
  30
0
  0
VERTEX
  5
818
  8
Layer_0
  10
231.59349
  20
265.51062
  0
VERTEX
  5
819
  8
Layer_0
  10
231.86182
  20
266.19913
  0
SEQEND
  0
POLYLINE
  5
81b
  8
Layer_0
  62
7
  66
1
  10
0
  20
0
  30
0
  0
VERTEX
  5
81b
  8
Layer_0
  10
231.86182
  20
266.19913
  0
VERTEX
  5
81c
  8
Layer_0
  10
232.04971
  20
266.90192
  0
SEQEND
  0
POLYLINE
  5
81e
  8
Layer_0
  62
7
  66
1
  10
0
  20
0
  30
0
  0
VERTEX
  5
81e
  8
Layer_0
  10
232.04971
  20
266.90192
  0
VERTEX
  5
81f
  8
Layer_0
  10
232.10242
  20
267.24396
  0
SEQEND
  0
POLYLINE
  5
821
  8
Layer_0
  62
7
  66
1
  10
0
  20
0
  30
0
  0
VERTEX
  5
821
  8
Layer_0
  10
232.10242
  20
267.24396
  0
VERTEX
  5
822
  8
Layer_0
  10
232.14972
  20
267.71469
  0
SEQEND
  0
POLYLINE
  5
824
  8
Layer_0
  62
7
  66
1
  10
0
  20
0
  30
0
  0
VERTEX
  5
824
  8
Layer_0
  10
232.14972
  20
267.71469
  0
VERTEX
  5
825
  8
Layer_0
  10
232.19072
  20
268.29297
  0
SEQEND
  0
POLYLINE
  5
827
  8
Layer_0
  62
7
  66
1
  10
0
  20
0
  30
0
  0
VERTEX
  5
827
  8
Layer_0
  10
232.19072
  20
268.29297
  0
VERTEX
  5
828
  8
Layer_0
  10
232.22453
  20
268.95764
  0
SEQEND
  0
POLYLINE
  5
82a
  8
Layer_0
  62
7
  66
1
  10
0
  20
0
  30
0
  0
VERTEX
  5
82a
  8
Layer_0
  10
232.22453
  20
268.95764
  0
VERTEX
  5
82b
  8
Layer_0
  10
232.26697
  20
270.46158
  0
SEQEND
  0
POLYLINE
  5
82d
  8
Layer_0
  62
7
  66
1
  10
0
  20
0
  30
0
  0
VERTEX
  5
82d
  8
Layer_0
  10
232.26697
  20
270.46158
  0
VERTEX
  5
82e
  8
Layer_0
  10
232.26981
  20
272.05737
  0
SEQEND
  0
POLYLINE
  5
830
  8
Layer_0
  62
7
  66
1
  10
0
  20
0
  30
0
  0
VERTEX
  5
830
  8
Layer_0
  10
232.26981
  20
272.05737
  0
VERTEX
  5
831
  8
Layer_0
  10
232.22278
  20
275.90054
  0
SEQEND
  0
POLYLINE
  5
833
  8
Layer_0
  62
7
  66
1
  10
0
  20
0
  30
0
  0
VERTEX
  5
833
  8
Layer_0
  10
232.22278
  20
275.90054
  0
VERTEX
  5
834
  8
Layer_0
  10
230.61894
  20
279.69736
  0
SEQEND
  0
POLYLINE
  5
836
  8
Layer_0
  62
7
  66
1
  10
0
  20
0
  30
0
  0
VERTEX
  5
836
  8
Layer_0
  10
230.61894
  20
279.69736
  0
VERTEX
  5
837
  8
Layer_0
  10
230.29085
  20
280.4733
  0
SEQEND
  0
POLYLINE
  5
839
  8
Layer_0
  62
7
  66
1
  10
0
  20
0
  30
0
  0
VERTEX
  5
839
  8
Layer_0
  10
230.29085
  20
280.4733
  0
VERTEX
  5
83a
  8
Layer_0
  10
229.99818
  20
281.15851
  0
SEQEND
  0
POLYLINE
  5
83c
  8
Layer_0
  62
7
  66
1
  10
0
  20
0
  30
0
  0
VERTEX
  5
83c
  8
Layer_0
  10
229.99818
  20
281.15851
  0
VERTEX
  5
83d
  8
Layer_0
  10
229.73157
  20
281.76746
  0
SEQEND
  0
POLYLINE
  5
83f
  8
Layer_0
  62
7
  66
1
  10
0
  20
0
  30
0
  0
VERTEX
  5
83f
  8
Layer_0
  10
229.73157
  20
281.76746
  0
VERTEX
  5
840
  8
Layer_0
  10
229.48164
  20
282.31451
  0
SEQEND
  0
POLYLINE
  5
842
  8
Layer_0
  62
7
  66
1
  10
0
  20
0
  30
0
  0
VERTEX
  5
842
  8
Layer_0
  10
229.48164
  20
282.31451
  0
VERTEX
  5
843
  8
Layer_0
  10
228.99416
  20
283.28085
  0
SEQEND
  0
POLYLINE
  5
845
  8
Layer_0
  62
7
  66
1
  10
0
  20
0
  30
0
  0
VERTEX
  5
845
  8
Layer_0
  10
228.99416
  20
283.28085
  0
VERTEX
  5
846
  8
Layer_0
  10
228.46059
  20
284.17291
  0
SEQEND
  0
POLYLINE
  5
848
  8
Layer_0
  62
7
  66
1
  10
0
  20
0
  30
0
  0
VERTEX
  5
848
  8
Layer_0
  10
228.46059
  20
284.17291
  0
VERTEX
  5
849
  8
Layer_0
  10
228.15303
  20
284.62714
  0
SEQEND
  0
POLYLINE
  5
84b
  8
Layer_0
  62
7
  66
1
  10
0
  20
0
  30
0
  0
VERTEX
  5
84b
  8
Layer_0
  10
228.15303
  20
284.62714
  0
VERTEX
  5
84c
  8
Layer_0
  10
227.80579
  20
285.10608
  0
SEQEND
  0
POLYLINE
  5
84e
  8
Layer_0
  62
7
  66
1
  10
0
  20
0
  30
0
  0
VERTEX
  5
84e
  8
Layer_0
  10
227.80579
  20
285.10608
  0
VERTEX
  5
84f
  8
Layer_0
  10
227.40945
  20
285.62418
  0
SEQEND
  0
POLYLINE
  5
851
  8
Layer_0
  62
7
  66
1
  10
0
  20
0
  30
0
  0
VERTEX
  5
851
  8
Layer_0
  10
227.40945
  20
285.62418
  0
VERTEX
  5
852
  8
Layer_0
  10
226.95462
  20
286.19583
  0
SEQEND
  0
POLYLINE
  5
854
  8
Layer_0
  62
7
  66
1
  10
0
  20
0
  30
0
  0
VERTEX
  5
854
  8
Layer_0
  10
226.95462
  20
286.19583
  0
VERTEX
  5
855
  8
Layer_0
  10
226.43192
  20
286.83551
  0
SEQEND
  0
POLYLINE
  5
857
  8
Layer_0
  62
7
  66
1
  10
0
  20
0
  30
0
  0
VERTEX
  5
857
  8
Layer_0
  10
226.43192
  20
286.83551
  0
VERTEX
  5
858
  8
Layer_0
  10
225.83194
  20
287.55756
  0
SEQEND
  0
POLYLINE
  5
85a
  8
Layer_0
  62
7
  66
1
  10
0
  20
0
  30
0
  0
VERTEX
  5
85a
  8
Layer_0
  10
225.83194
  20
287.55756
  0
VERTEX
  5
85b
  8
Layer_0
  10
225.14526
  20
288.37653
  0
SEQEND
  0
POLYLINE
  5
85d
  8
Layer_0
  62
7
  66
1
  10
0
  20
0
  30
0
  0
VERTEX
  5
85d
  8
Layer_0
  10
225.14526
  20
288.37653
  0
VERTEX
  5
85e
  8
Layer_0
  10
224.36256
  20
289.30673
  0
SEQEND
  0
POLYLINE
  5
860
  8
Layer_0
  62
7
  66
1
  10
0
  20
0
  30
0
  0
VERTEX
  5
860
  8
Layer_0
  10
224.36256
  20
289.30673
  0
VERTEX
  5
861
  8
Layer_0
  10
223.06473
  20
290.7919
  0
SEQEND
  0
POLYLINE
  5
863
  8
Layer_0
  62
7
  66
1
  10
0
  20
0
  30
0
  0
VERTEX
  5
863
  8
Layer_0
  10
223.06473
  20
290.7919
  0
VERTEX
  5
864
  8
Layer_0
  10
221.82027
  20
292.10306
  0
SEQEND
  0
POLYLINE
  5
866
  8
Layer_0
  62
7
  66
1
  10
0
  20
0
  30
0
  0
VERTEX
  5
866
  8
Layer_0
  10
221.82027
  20
292.10306
  0
VERTEX
  5
867
  8
Layer_0
  10
221.22137
  20
292.6908
  0
SEQEND
  0
POLYLINE
  5
869
  8
Layer_0
  62
7
  66
1
  10
0
  20
0
  30
0
  0
VERTEX
  5
869
  8
Layer_0
  10
221.22137
  20
292.6908
  0
VERTEX
  5
86a
  8
Layer_0
  10
220.63972
  20
293.23193
  0
SEQEND
  0
POLYLINE
  5
86c
  8
Layer_0
  62
7
  66
1
  10
0
  20
0
  30
0
  0
VERTEX
  5
86c
  8
Layer_0
  10
220.63972
  20
293.23193
  0
VERTEX
  5
86d
  8
Layer_0
  10
220.07666
  20
293.7254
  0
SEQEND
  0
POLYLINE
  5
86f
  8
Layer_0
  62
7
  66
1
  10
0
  20
0
  30
0
  0
VERTEX
  5
86f
  8
Layer_0
  10
220.07666
  20
293.7254
  0
VERTEX
  5
870
  8
Layer_0
  10
219.53352
  20
294.17023
  0
SEQEND
  0
POLYLINE
  5
872
  8
Layer_0
  62
7
  66
1
  10
0
  20
0
  30
0
  0
VERTEX
  5
872
  8
Layer_0
  10
219.53352
  20
294.17023
  0
VERTEX
  5
873
  8
Layer_0
  10
219.0116
  20
294.56537
  0
SEQEND
  0
POLYLINE
  5
875
  8
Layer_0
  62
7
  66
1
  10
0
  20
0
  30
0
  0
VERTEX
  5
875
  8
Layer_0
  10
219.0116
  20
294.56537
  0
VERTEX
  5
876
  8
Layer_0
  10
218.51221
  20
294.90973
  0
SEQEND
  0
POLYLINE
  5
878
  8
Layer_0
  62
7
  66
1
  10
0
  20
0
  30
0
  0
VERTEX
  5
878
  8
Layer_0
  10
218.51221
  20
294.90973
  0
VERTEX
  5
879
  8
Layer_0
  10
218.03664
  20
295.20233
  0
SEQEND
  0
POLYLINE
  5
87b
  8
Layer_0
  62
7
  66
1
  10
0
  20
0
  30
0
  0
VERTEX
  5
87b
  8
Layer_0
  10
218.03664
  20
295.20233
  0
VERTEX
  5
87c
  8
Layer_0
  10
217.58621
  20
295.44211
  0
SEQEND
  0
POLYLINE
  5
87e
  8
Layer_0
  62
7
  66
1
  10
0
  20
0
  30
0
  0
VERTEX
  5
87e
  8
Layer_0
  10
217.58621
  20
295.44211
  0
VERTEX
  5
87f
  8
Layer_0
  10
217.16225
  20
295.62808
  0
SEQEND
  0
POLYLINE
  5
881
  8
Layer_0
  62
7
  66
1
  10
0
  20
0
  30
0
  0
VERTEX
  5
881
  8
Layer_0
  10
217.16225
  20
295.62808
  0
VERTEX
  5
882
  8
Layer_0
  10
216.76604
  20
295.75916
  0
SEQEND
  0
POLYLINE
  5
884
  8
Layer_0
  62
7
  66
1
  10
0
  20
0
  30
0
  0
VERTEX
  5
884
  8
Layer_0
  10
216.76604
  20
295.75916
  0
VERTEX
  5
885
  8
Layer_0
  10
216.39893
  20
295.83429
  0
SEQEND
  0
POLYLINE
  5
887
  8
Layer_0
  62
7
  66
1
  10
0
  20
0
  30
0
  0
VERTEX
  5
887
  8
Layer_0
  10
216.39893
  20
295.83429
  0
VERTEX
  5
888
  8
Layer_0
  10
216.06221
  20
295.85254
  0
SEQEND
  0
POLYLINE
  5
88a
  8
Layer_0
  62
7
  66
1
  10
0
  20
0
  30
0
  0
VERTEX
  5
88a
  8
Layer_0
  10
216.06221
  20
295.85254
  0
VERTEX
  5
88b
  8
Layer_0
  10
215.86606
  20
295.81677
  0
SEQEND
  0
POLYLINE
  5
88d
  8
Layer_0
  62
7
  66
1
  10
0
  20
0
  30
0
  0
VERTEX
  5
88d
  8
Layer_0
  10
215.86606
  20
295.81677
  0
VERTEX
  5
88e
  8
Layer_0
  10
215.60634
  20
295.72418
  0
SEQEND
  0
POLYLINE
  5
890
  8
Layer_0
  62
7
  66
1
  10
0
  20
0
  30
0
  0
VERTEX
  5
890
  8
Layer_0
  10
215.60634
  20
295.72418
  0
VERTEX
  5
891
  8
Layer_0
  10
215.29425
  20
295.58112
  0
SEQEND
  0
POLYLINE
  5
893
  8
Layer_0
  62
7
  66
1
  10
0
  20
0
  30
0
  0
VERTEX
  5
893
  8
Layer_0
  10
215.29425
  20
295.58112
  0
VERTEX
  5
894
  8
Layer_0
  10
214.94095
  20
295.39374
  0
SEQEND
  0
POLYLINE
  5
896
  8
Layer_0
  62
7
  66
1
  10
0
  20
0
  30
0
  0
VERTEX
  5
896
  8
Layer_0
  10
214.94095
  20
295.39374
  0
VERTEX
  5
897
  8
Layer_0
  10
214.15536
  20
294.91125
  0
SEQEND
  0
POLYLINE
  5
899
  8
Layer_0
  62
7
  66
1
  10
0
  20
0
  30
0
  0
VERTEX
  5
899
  8
Layer_0
  10
214.15536
  20
294.91125
  0
VERTEX
  5
89a
  8
Layer_0
  10
213.33896
  20
294.32675
  0
SEQEND
  0
POLYLINE
  5
89c
  8
Layer_0
  62
7
  66
1
  10
0
  20
0
  30
0
  0
VERTEX
  5
89c
  8
Layer_0
  10
213.33896
  20
294.32675
  0
VERTEX
  5
89d
  8
Layer_0
  10
212.4949
  20
293.71506
  0
SEQEND
  0
POLYLINE
  5
89f
  8
Layer_0
  62
7
  66
1
  10
0
  20
0
  30
0
  0
VERTEX
  5
89f
  8
Layer_0
  10
212.4949
  20
293.71506
  0
VERTEX
  5
8a0
  8
Layer_0
  10
211.58151
  20
293.12616
  0
SEQEND
  0
POLYLINE
  5
8a2
  8
Layer_0
  62
7
  66
1
  10
0
  20
0
  30
0
  0
VERTEX
  5
8a2
  8
Layer_0
  10
211.58151
  20
293.12616
  0
VERTEX
  5
8a3
  8
Layer_0
  10
210.6131
  20
292.56717
  0
SEQEND
  0
POLYLINE
  5
8a5
  8
Layer_0
  62
7
  66
1
  10
0
  20
0
  30
0
  0
VERTEX
  5
8a5
  8
Layer_0
  10
210.6131
  20
292.56717
  0
VERTEX
  5
8a6
  8
Layer_0
  10
209.604
  20
292.04504
  0
SEQEND
  0
POLYLINE
  5
8a8
  8
Layer_0
  62
7
  66
1
  10
0
  20
0
  30
0
  0
VERTEX
  5
8a8
  8
Layer_0
  10
209.604
  20
292.04504
  0
VERTEX
  5
8a9
  8
Layer_0
  10
208.5685
  20
291.56671
  0
SEQEND
  0
POLYLINE
  5
8ab
  8
Layer_0
  62
7
  66
1
  10
0
  20
0
  30
0
  0
VERTEX
  5
8ab
  8
Layer_0
  10
208.5685
  20
291.56671
  0
VERTEX
  5
8ac
  8
Layer_0
  10
207.5209
  20
291.13928
  0
SEQEND
  0
POLYLINE
  5
8ae
  8
Layer_0
  62
7
  66
1
  10
0
  20
0
  30
0
  0
VERTEX
  5
8ae
  8
Layer_0
  10
207.5209
  20
291.13928
  0
VERTEX
  5
8af
  8
Layer_0
  10
206.47549
  20
290.76971
  0
SEQEND
  0
POLYLINE
  5
8b1
  8
Layer_0
  62
7
  66
1
  10
0
  20
0
  30
0
  0
VERTEX
  5
8b1
  8
Layer_0
  10
206.47549
  20
290.76971
  0
VERTEX
  5
8b2
  8
Layer_0
  10
205.44661
  20
290.46497
  0
SEQEND
  0
POLYLINE
  5
8b4
  8
Layer_0
  62
7
  66
1
  10
0
  20
0
  30
0
  0
VERTEX
  5
8b4
  8
Layer_0
  10
205.44661
  20
290.46497
  0
VERTEX
  5
8b5
  8
Layer_0
  10
204.89539
  20
290.33917
  0
SEQEND
  0
POLYLINE
  5
8b7
  8
Layer_0
  62
7
  66
1
  10
0
  20
0
  30
0
  0
VERTEX
  5
8b7
  8
Layer_0
  10
204.89539
  20
290.33917
  0
VERTEX
  5
8b8
  8
Layer_0
  10
204.29291
  20
290.23953
  0
SEQEND
  0
POLYLINE
  5
8ba
  8
Layer_0
  62
7
  66
1
  10
0
  20
0
  30
0
  0
VERTEX
  5
8ba
  8
Layer_0
  10
204.29291
  20
290.23953
  0
VERTEX
  5
8bb
  8
Layer_0
  10
203.64601
  20
290.16562
  0
SEQEND
  0
POLYLINE
  5
8bd
  8
Layer_0
  62
7
  66
1
  10
0
  20
0
  30
0
  0
VERTEX
  5
8bd
  8
Layer_0
  10
203.64601
  20
290.16562
  0
VERTEX
  5
8be
  8
Layer_0
  10
202.96152
  20
290.11685
  0
SEQEND
  0
POLYLINE
  5
8c0
  8
Layer_0
  62
7
  66
1
  10
0
  20
0
  30
0
  0
VERTEX
  5
8c0
  8
Layer_0
  10
202.96152
  20
290.11685
  0
VERTEX
  5
8c1
  8
Layer_0
  10
201.50714
  20
290.09277
  0
SEQEND
  0
POLYLINE
  5
8c3
  8
Layer_0
  62
7
  66
1
  10
0
  20
0
  30
0
  0
VERTEX
  5
8c3
  8
Layer_0
  10
201.50714
  20
290.09277
  0
VERTEX
  5
8c4
  8
Layer_0
  10
199.98448
  20
290.16315
  0
SEQEND
  0
POLYLINE
  5
8c6
  8
Layer_0
  62
7
  66
1
  10
0
  20
0
  30
0
  0
VERTEX
  5
8c6
  8
Layer_0
  10
199.98448
  20
290.16315
  0
VERTEX
  5
8c7
  8
Layer_0
  10
198.44827
  20
290.32385
  0
SEQEND
  0
POLYLINE
  5
8c9
  8
Layer_0
  62
7
  66
1
  10
0
  20
0
  30
0
  0
VERTEX
  5
8c9
  8
Layer_0
  10
198.44827
  20
290.32385
  0
VERTEX
  5
8ca
  8
Layer_0
  10
196.95322
  20
290.57074
  0
SEQEND
  0
POLYLINE
  5
8cc
  8
Layer_0
  62
7
  66
1
  10
0
  20
0
  30
0
  0
VERTEX
  5
8cc
  8
Layer_0
  10
196.95322
  20
290.57074
  0
VERTEX
  5
8cd
  8
Layer_0
  10
196.23822
  20
290.72519
  0
SEQEND
  0
POLYLINE
  5
8cf
  8
Layer_0
  62
7
  66
1
  10
0
  20
0
  30
0
  0
VERTEX
  5
8cf
  8
Layer_0
  10
196.23822
  20
290.72519
  0
VERTEX
  5
8d0
  8
Layer_0
  10
195.55402
  20
290.89966
  0
SEQEND
  0
POLYLINE
  5
8d2
  8
Layer_0
  62
7
  66
1
  10
0
  20
0
  30
0
  0
VERTEX
  5
8d2
  8
Layer_0
  10
195.55402
  20
290.89966
  0
VERTEX
  5
8d3
  8
Layer_0
  10
194.90749
  20
291.09363
  0
SEQEND
  0
POLYLINE
  5
8d5
  8
Layer_0
  62
7
  66
1
  10
0
  20
0
  30
0
  0
VERTEX
  5
8d5
  8
Layer_0
  10
194.90749
  20
291.09363
  0
VERTEX
  5
8d6
  8
Layer_0
  10
194.30542
  20
291.30655
  0
SEQEND
  0
POLYLINE
  5
8d8
  8
Layer_0
  62
7
  66
1
  10
0
  20
0
  30
0
  0
VERTEX
  5
8d8
  8
Layer_0
  10
194.30542
  20
291.30655
  0
VERTEX
  5
8d9
  8
Layer_0
  10
193.58273
  20
291.58316
  0
SEQEND
  0
POLYLINE
  5
8db
  8
Layer_0
  62
7
  66
1
  10
0
  20
0
  30
0
  0
VERTEX
  5
8db
  8
Layer_0
  10
193.58273
  20
291.58316
  0
VERTEX
  5
8dc
  8
Layer_0
  10
192.93359
  20
291.8277
  0
SEQEND
  0
POLYLINE
  5
8de
  8
Layer_0
  62
7
  66
1
  10
0
  20
0
  30
0
  0
VERTEX
  5
8de
  8
Layer_0
  10
192.93359
  20
291.8277
  0
VERTEX
  5
8df
  8
Layer_0
  10
192.35071
  20
292.04169
  0
SEQEND
  0
POLYLINE
  5
8e1
  8
Layer_0
  62
7
  66
1
  10
0
  20
0
  30
0
  0
VERTEX
  5
8e1
  8
Layer_0
  10
192.35071
  20
292.04169
  0
VERTEX
  5
8e2
  8
Layer_0
  10
191.82675
  20
292.22662
  0
SEQEND
  0
POLYLINE
  5
8e4
  8
Layer_0
  62
7
  66
1
  10
0
  20
0
  30
0
  0
VERTEX
  5
8e4
  8
Layer_0
  10
191.82675
  20
292.22662
  0
VERTEX
  5
8e5
  8
Layer_0
  10
191.35443
  20
292.38409
  0
SEQEND
  0
POLYLINE
  5
8e7
  8
Layer_0
  62
7
  66
1
  10
0
  20
0
  30
0
  0
VERTEX
  5
8e7
  8
Layer_0
  10
191.35443
  20
292.38409
  0
VERTEX
  5
8e8
  8
Layer_0
  10
190.92644
  20
292.51563
  0
SEQEND
  0
POLYLINE
  5
8ea
  8
Layer_0
  62
7
  66
1
  10
0
  20
0
  30
0
  0
VERTEX
  5
8ea
  8
Layer_0
  10
190.92644
  20
292.51563
  0
VERTEX
  5
8eb
  8
Layer_0
  10
190.53546
  20
292.62271
  0
SEQEND
  0
POLYLINE
  5
8ed
  8
Layer_0
  62
7
  66
1
  10
0
  20
0
  30
0
  0
VERTEX
  5
8ed
  8
Layer_0
  10
190.53546
  20
292.62271
  0
VERTEX
  5
8ee
  8
Layer_0
  10
190.17419
  20
292.70697
  0
SEQEND
  0
POLYLINE
  5
8f0
  8
Layer_0
  62
7
  66
1
  10
0
  20
0
  30
0
  0
VERTEX
  5
8f0
  8
Layer_0
  10
190.17419
  20
292.70697
  0
VERTEX
  5
8f1
  8
Layer_0
  10
189.51157
  20
292.81293
  0
SEQEND
  0
POLYLINE
  5
8f3
  8
Layer_0
  62
7
  66
1
  10
0
  20
0
  30
0
  0
VERTEX
  5
8f3
  8
Layer_0
  10
189.51157
  20
292.81293
  0
VERTEX
  5
8f4
  8
Layer_0
  10
188.88011
  20
292.84583
  0
SEQEND
  0
POLYLINE
  5
8f6
  8
Layer_0
  62
7
  66
1
  10
0
  20
0
  30
0
  0
VERTEX
  5
8f6
  8
Layer_0
  10
188.88011
  20
292.84583
  0
VERTEX
  5
8f7
  8
Layer_0
  10
188.22137
  20
292.81787
  0
SEQEND
  0
POLYLINE
  5
8f9
  8
Layer_0
  62
7
  66
1
  10
0
  20
0
  30
0
  0
VERTEX
  5
8f9
  8
Layer_0
  10
188.22137
  20
292.81787
  0
VERTEX
  5
8fa
  8
Layer_0
  10
187.4769
  20
292.74146
  0
SEQEND
  0
POLYLINE
  5
8fc
  8
Layer_0
  62
7
  66
1
  10
0
  20
0
  30
0
  0
VERTEX
  5
8fc
  8
Layer_0
  10
187.4769
  20
292.74146
  0
VERTEX
  5
8fd
  8
Layer_0
  10
186.43369
  20
292.55463
  0
SEQEND
  0
POLYLINE
  5
8ff
  8
Layer_0
  62
7
  66
1
  10
0
  20
0
  30
0
  0
VERTEX
  5
8ff
  8
Layer_0
  10
186.43369
  20
292.55463
  0
VERTEX
  5
900
  8
Layer_0
  10
185.37665
  20
292.23956
  0
SEQEND
  0
POLYLINE
  5
902
  8
Layer_0
  62
7
  66
1
  10
0
  20
0
  30
0
  0
VERTEX
  5
902
  8
Layer_0
  10
185.37665
  20
292.23956
  0
VERTEX
  5
903
  8
Layer_0
  10
184.2878
  20
291.78983
  0
SEQEND
  0
POLYLINE
  5
905
  8
Layer_0
  62
7
  66
1
  10
0
  20
0
  30
0
  0
VERTEX
  5
905
  8
Layer_0
  10
184.2878
  20
291.78983
  0
VERTEX
  5
906
  8
Layer_0
  10
183.14915
  20
291.19901
  0
SEQEND
  0
POLYLINE
  5
908
  8
Layer_0
  62
7
  66
1
  10
0
  20
0
  30
0
  0
VERTEX
  5
908
  8
Layer_0
  10
183.14915
  20
291.19901
  0
VERTEX
  5
909
  8
Layer_0
  10
181.41852
  20
290.28088
  0
SEQEND
  0
POLYLINE
  5
90b
  8
Layer_0
  62
7
  66
1
  10
0
  20
0
  30
0
  0
VERTEX
  5
90b
  8
Layer_0
  10
181.41852
  20
290.28088
  0
VERTEX
  5
90c
  8
Layer_0
  10
179.66273
  20
289.48355
  0
SEQEND
  0
POLYLINE
  5
90e
  8
Layer_0
  62
7
  66
1
  10
0
  20
0
  30
0
  0
VERTEX
  5
90e
  8
Layer_0
  10
179.66273
  20
289.48355
  0
VERTEX
  5
90f
  8
Layer_0
  10
177.84323
  20
288.79645
  0
SEQEND
  0
POLYLINE
  5
911
  8
Layer_0
  62
7
  66
1
  10
0
  20
0
  30
0
  0
VERTEX
  5
911
  8
Layer_0
  10
177.84323
  20
288.79645
  0
VERTEX
  5
912
  8
Layer_0
  10
175.9214
  20
288.20908
  0
SEQEND
  0
POLYLINE
  5
914
  8
Layer_0
  62
7
  66
1
  10
0
  20
0
  30
0
  0
VERTEX
  5
914
  8
Layer_0
  10
175.9214
  20
288.20908
  0
VERTEX
  5
915
  8
Layer_0
  10
174.91006
  20
287.94952
  0
SEQEND
  0
POLYLINE
  5
917
  8
Layer_0
  62
7
  66
1
  10
0
  20
0
  30
0
  0
VERTEX
  5
917
  8
Layer_0
  10
174.91006
  20
287.94952
  0
VERTEX
  5
918
  8
Layer_0
  10
173.85867
  20
287.71097
  0
SEQEND
  0
POLYLINE
  5
91a
  8
Layer_0
  62
7
  66
1
  10
0
  20
0
  30
0
  0
VERTEX
  5
91a
  8
Layer_0
  10
173.85867
  20
287.71097
  0
VERTEX
  5
91b
  8
Layer_0
  10
172.76242
  20
287.49207
  0
SEQEND
  0
POLYLINE
  5
91d
  8
Layer_0
  62
7
  66
1
  10
0
  20
0
  30
0
  0
VERTEX
  5
91d
  8
Layer_0
  10
172.76242
  20
287.49207
  0
VERTEX
  5
91e
  8
Layer_0
  10
171.61646
  20
287.29156
  0
SEQEND
  0
POLYLINE
  5
920
  8
Layer_0
  62
7
  66
1
  10
0
  20
0
  30
0
  0
VERTEX
  5
920
  8
Layer_0
  10
171.61646
  20
287.29156
  0
VERTEX
  5
921
  8
Layer_0
  10
170.41599
  20
287.10809
  0
SEQEND
  0
POLYLINE
  5
923
  8
Layer_0
  62
7
  66
1
  10
0
  20
0
  30
0
  0
VERTEX
  5
923
  8
Layer_0
  10
170.41599
  20
287.10809
  0
VERTEX
  5
924
  8
Layer_0
  10
169.15616
  20
286.94037
  0
SEQEND
  0
POLYLINE
  5
926
  8
Layer_0
  62
7
  66
1
  10
0
  20
0
  30
0
  0
VERTEX
  5
926
  8
Layer_0
  10
169.15616
  20
286.94037
  0
VERTEX
  5
927
  8
Layer_0
  10
167.83217
  20
286.78705
  0
SEQEND
  0
POLYLINE
  5
929
  8
Layer_0
  62
7
  66
1
  10
0
  20
0
  30
0
  0
VERTEX
  5
929
  8
Layer_0
  10
167.83217
  20
286.78705
  0
VERTEX
  5
92a
  8
Layer_0
  10
166.43919
  20
286.64685
  0
SEQEND
  0
POLYLINE
  5
92c
  8
Layer_0
  62
7
  66
1
  10
0
  20
0
  30
0
  0
VERTEX
  5
92c
  8
Layer_0
  10
166.43919
  20
286.64685
  0
VERTEX
  5
92d
  8
Layer_0
  10
164.14381
  20
286.45129
  0
SEQEND
  0
POLYLINE
  5
92f
  8
Layer_0
  62
7
  66
1
  10
0
  20
0
  30
0
  0
VERTEX
  5
92f
  8
Layer_0
  10
164.14381
  20
286.45129
  0
VERTEX
  5
930
  8
Layer_0
  10
161.99104
  20
286.31064
  0
SEQEND
  0
POLYLINE
  5
932
  8
Layer_0
  62
7
  66
1
  10
0
  20
0
  30
0
  0
VERTEX
  5
932
  8
Layer_0
  10
161.99104
  20
286.31064
  0
VERTEX
  5
933
  8
Layer_0
  10
159.94986
  20
286.22479
  0
SEQEND
  0
POLYLINE
  5
935
  8
Layer_0
  62
7
  66
1
  10
0
  20
0
  30
0
  0
VERTEX
  5
935
  8
Layer_0
  10
159.94986
  20
286.22479
  0
VERTEX
  5
936
  8
Layer_0
  10
157.90802
  20
286.32462
  0
SEQEND
  0
POLYLINE
  5
938
  8
Layer_0
  62
7
  66
1
  10
0
  20
0
  30
0
  0
VERTEX
  5
938
  8
Layer_0
  10
157.90802
  20
286.32462
  0
VERTEX
  5
939
  8
Layer_0
  10
155.7542
  20
286.48004
  0
SEQEND
  0
POLYLINE
  5
93b
  8
Layer_0
  62
7
  66
1
  10
0
  20
0
  30
0
  0
VERTEX
  5
93b
  8
Layer_0
  10
155.7542
  20
286.48004
  0
VERTEX
  5
93c
  8
Layer_0
  10
153.45735
  20
286.69135
  0
SEQEND
  0
POLYLINE
  5
93e
  8
Layer_0
  62
7
  66
1
  10
0
  20
0
  30
0
  0
VERTEX
  5
93e
  8
Layer_0
  10
153.45735
  20
286.69135
  0
VERTEX
  5
93f
  8
Layer_0
  10
152.06332
  20
286.84106
  0
SEQEND
  0
POLYLINE
  5
941
  8
Layer_0
  62
7
  66
1
  10
0
  20
0
  30
0
  0
VERTEX
  5
941
  8
Layer_0
  10
152.06332
  20
286.84106
  0
VERTEX
  5
942
  8
Layer_0
  10
150.73819
  20
287.00345
  0
SEQEND
  0
POLYLINE
  5
944
  8
Layer_0
  62
7
  66
1
  10
0
  20
0
  30
0
  0
VERTEX
  5
944
  8
Layer_0
  10
150.73819
  20
287.00345
  0
VERTEX
  5
945
  8
Layer_0
  10
149.47713
  20
287.17981
  0
SEQEND
  0
POLYLINE
  5
947
  8
Layer_0
  62
7
  66
1
  10
0
  20
0
  30
0
  0
VERTEX
  5
947
  8
Layer_0
  10
149.47713
  20
287.17981
  0
VERTEX
  5
948
  8
Layer_0
  10
148.2753
  20
287.37152
  0
SEQEND
  0
POLYLINE
  5
94a
  8
Layer_0
  62
7
  66
1
  10
0
  20
0
  30
0
  0
VERTEX
  5
94a
  8
Layer_0
  10
148.2753
  20
287.37152
  0
VERTEX
  5
94b
  8
Layer_0
  10
147.12787
  20
287.57986
  0
SEQEND
  0
POLYLINE
  5
94d
  8
Layer_0
  62
7
  66
1
  10
0
  20
0
  30
0
  0
VERTEX
  5
94d
  8
Layer_0
  10
147.12787
  20
287.57986
  0
VERTEX
  5
94e
  8
Layer_0
  10
146.03001
  20
287.80627
  0
SEQEND
  0
POLYLINE
  5
950
  8
Layer_0
  62
7
  66
1
  10
0
  20
0
  30
0
  0
VERTEX
  5
950
  8
Layer_0
  10
146.03001
  20
287.80627
  0
VERTEX
  5
951
  8
Layer_0
  10
144.97688
  20
288.05206
  0
SEQEND
  0
POLYLINE
  5
953
  8
Layer_0
  62
7
  66
1
  10
0
  20
0
  30
0
  0
VERTEX
  5
953
  8
Layer_0
  10
144.97688
  20
288.05206
  0
VERTEX
  5
954
  8
Layer_0
  10
143.96365
  20
288.31854
  0
SEQEND
  0
POLYLINE
  5
956
  8
Layer_0
  62
7
  66
1
  10
0
  20
0
  30
0
  0
VERTEX
  5
956
  8
Layer_0
  10
143.96365
  20
288.31854
  0
VERTEX
  5
957
  8
Layer_0
  10
142.03755
  20
288.91907
  0
SEQEND
  0
POLYLINE
  5
959
  8
Layer_0
  62
7
  66
1
  10
0
  20
0
  30
0
  0
VERTEX
  5
959
  8
Layer_0
  10
142.03755
  20
288.91907
  0
VERTEX
  5
95a
  8
Layer_0
  10
140.21304
  20
289.61865
  0
SEQEND
  0
POLYLINE
  5
95c
  8
Layer_0
  62
7
  66
1
  10
0
  20
0
  30
0
  0
VERTEX
  5
95c
  8
Layer_0
  10
140.21304
  20
289.61865
  0
VERTEX
  5
95d
  8
Layer_0
  10
138.45148
  20
290.42804
  0
SEQEND
  0
POLYLINE
  5
95f
  8
Layer_0
  62
7
  66
1
  10
0
  20
0
  30
0
  0
VERTEX
  5
95f
  8
Layer_0
  10
138.45148
  20
290.42804
  0
VERTEX
  5
960
  8
Layer_0
  10
136.71417
  20
291.35806
  0
SEQEND
  0
POLYLINE
  5
962
  8
Layer_0
  62
7
  66
1
  10
0
  20
0
  30
0
  0
VERTEX
  5
962
  8
Layer_0
  10
136.71417
  20
291.35806
  0
VERTEX
  5
963
  8
Layer_0
  10
135.57126
  20
291.95673
  0
SEQEND
  0
POLYLINE
  5
965
  8
Layer_0
  62
7
  66
1
  10
0
  20
0
  30
0
  0
VERTEX
  5
965
  8
Layer_0
  10
135.57126
  20
291.95673
  0
VERTEX
  5
966
  8
Layer_0
  10
134.47914
  20
292.41391
  0
SEQEND
  0
POLYLINE
  5
968
  8
Layer_0
  62
7
  66
1
  10
0
  20
0
  30
0
  0
VERTEX
  5
968
  8
Layer_0
  10
134.47914
  20
292.41391
  0
VERTEX
  5
969
  8
Layer_0
  10
133.4198
  20
292.73624
  0
SEQEND
  0
POLYLINE
  5
96b
  8
Layer_0
  62
7
  66
1
  10
0
  20
0
  30
0
  0
VERTEX
  5
96b
  8
Layer_0
  10
133.4198
  20
292.73624
  0
VERTEX
  5
96c
  8
Layer_0
  10
132.37523
  20
292.93021
  0
SEQEND
  0
POLYLINE
  5
96e
  8
Layer_0
  62
7
  66
1
  10
0
  20
0
  30
0
  0
VERTEX
  5
96e
  8
Layer_0
  10
132.37523
  20
292.93021
  0
VERTEX
  5
96f
  8
Layer_0
  10
131.63019
  20
293.01172
  0
SEQEND
  0
POLYLINE
  5
971
  8
Layer_0
  62
7
  66
1
  10
0
  20
0
  30
0
  0
VERTEX
  5
971
  8
Layer_0
  10
131.63019
  20
293.01172
  0
VERTEX
  5
972
  8
Layer_0
  10
130.97122
  20
293.04416
  0
SEQEND
  0
POLYLINE
  5
974
  8
Layer_0
  62
7
  66
1
  10
0
  20
0
  30
0
  0
VERTEX
  5
974
  8
Layer_0
  10
130.97122
  20
293.04416
  0
VERTEX
  5
975
  8
Layer_0
  10
130.34
  20
293.01563
  0
SEQEND
  0
POLYLINE
  5
977
  8
Layer_0
  62
7
  66
1
  10
0
  20
0
  30
0
  0
VERTEX
  5
977
  8
Layer_0
  10
130.34
  20
293.01563
  0
VERTEX
  5
978
  8
Layer_0
  10
129.67812
  20
292.91418
  0
SEQEND
  0
POLYLINE
  5
97a
  8
Layer_0
  62
7
  66
1
  10
0
  20
0
  30
0
  0
VERTEX
  5
97a
  8
Layer_0
  10
129.67812
  20
292.91418
  0
VERTEX
  5
97b
  8
Layer_0
  10
129.31744
  20
292.8324
  0
SEQEND
  0
POLYLINE
  5
97d
  8
Layer_0
  62
7
  66
1
  10
0
  20
0
  30
0
  0
VERTEX
  5
97d
  8
Layer_0
  10
129.31744
  20
292.8324
  0
VERTEX
  5
97e
  8
Layer_0
  10
128.92723
  20
292.728
  0
SEQEND
  0
POLYLINE
  5
980
  8
Layer_0
  62
7
  66
1
  10
0
  20
0
  30
0
  0
VERTEX
  5
980
  8
Layer_0
  10
128.92723
  20
292.728
  0
VERTEX
  5
981
  8
Layer_0
  10
128.50017
  20
292.5994
  0
SEQEND
  0
POLYLINE
  5
983
  8
Layer_0
  62
7
  66
1
  10
0
  20
0
  30
0
  0
VERTEX
  5
983
  8
Layer_0
  10
128.50017
  20
292.5994
  0
VERTEX
  5
984
  8
Layer_0
  10
128.02896
  20
292.44513
  0
SEQEND
  0
POLYLINE
  5
986
  8
Layer_0
  62
7
  66
1
  10
0
  20
0
  30
0
  0
VERTEX
  5
986
  8
Layer_0
  10
128.02896
  20
292.44513
  0
VERTEX
  5
987
  8
Layer_0
  10
127.50633
  20
292.26379
  0
SEQEND
  0
POLYLINE
  5
989
  8
Layer_0
  62
7
  66
1
  10
0
  20
0
  30
0
  0
VERTEX
  5
989
  8
Layer_0
  10
127.50633
  20
292.26379
  0
VERTEX
  5
98a
  8
Layer_0
  10
126.92497
  20
292.0538
  0
SEQEND
  0
POLYLINE
  5
98c
  8
Layer_0
  62
7
  66
1
  10
0
  20
0
  30
0
  0
VERTEX
  5
98c
  8
Layer_0
  10
126.92497
  20
292.0538
  0
VERTEX
  5
98d
  8
Layer_0
  10
126.27757
  20
291.81372
  0
SEQEND
  0
POLYLINE
  5
98f
  8
Layer_0
  62
7
  66
1
  10
0
  20
0
  30
0
  0
VERTEX
  5
98f
  8
Layer_0
  10
126.27757
  20
291.81372
  0
VERTEX
  5
990
  8
Layer_0
  10
125.55687
  20
291.54205
  0
SEQEND
  0
POLYLINE
  5
992
  8
Layer_0
  62
7
  66
1
  10
0
  20
0
  30
0
  0
VERTEX
  5
992
  8
Layer_0
  10
125.55687
  20
291.54205
  0
VERTEX
  5
993
  8
Layer_0
  10
124.95633
  20
291.33325
  0
SEQEND
  0
POLYLINE
  5
995
  8
Layer_0
  62
7
  66
1
  10
0
  20
0
  30
0
  0
VERTEX
  5
995
  8
Layer_0
  10
124.95633
  20
291.33325
  0
VERTEX
  5
996
  8
Layer_0
  10
124.31116
  20
291.14368
  0
SEQEND
  0
POLYLINE
  5
998
  8
Layer_0
  62
7
  66
1
  10
0
  20
0
  30
0
  0
VERTEX
  5
998
  8
Layer_0
  10
124.31116
  20
291.14368
  0
VERTEX
  5
999
  8
Layer_0
  10
123.62822
  20
290.97391
  0
SEQEND
  0
POLYLINE
  5
99b
  8
Layer_0
  62
7
  66
1
  10
0
  20
0
  30
0
  0
VERTEX
  5
99b
  8
Layer_0
  10
123.62822
  20
290.97391
  0
VERTEX
  5
99c
  8
Layer_0
  10
122.91431
  20
290.82434
  0
SEQEND
  0
POLYLINE
  5
99e
  8
Layer_0
  62
7
  66
1
  10
0
  20
0
  30
0
  0
VERTEX
  5
99e
  8
Layer_0
  10
122.91431
  20
290.82434
  0
VERTEX
  5
99f
  8
Layer_0
  10
121.42099
  20
290.58765
  0
SEQEND
  0
POLYLINE
  5
9a1
  8
Layer_0
  62
7
  66
1
  10
0
  20
0
  30
0
  0
VERTEX
  5
9a1
  8
Layer_0
  10
121.42099
  20
290.58765
  0
VERTEX
  5
9a2
  8
Layer_0
  10
119.8859
  20
290.4375
  0
SEQEND
  0
POLYLINE
  5
9a4
  8
Layer_0
  62
7
  66
1
  10
0
  20
0
  30
0
  0
VERTEX
  5
9a4
  8
Layer_0
  10
119.8859
  20
290.4375
  0
VERTEX
  5
9a5
  8
Layer_0
  10
118.36371
  20
290.37756
  0
SEQEND
  0
POLYLINE
  5
9a7
  8
Layer_0
  62
7
  66
1
  10
0
  20
0
  30
0
  0
VERTEX
  5
9a7
  8
Layer_0
  10
118.36371
  20
290.37756
  0
VERTEX
  5
9a8
  8
Layer_0
  10
116.90913
  20
290.41162
  0
SEQEND
  0
POLYLINE
  5
9aa
  8
Layer_0
  62
7
  66
1
  10
0
  20
0
  30
0
  0
VERTEX
  5
9aa
  8
Layer_0
  10
116.90913
  20
290.41162
  0
VERTEX
  5
9ab
  8
Layer_0
  10
116.22427
  20
290.46509
  0
SEQEND
  0
POLYLINE
  5
9ad
  8
Layer_0
  62
7
  66
1
  10
0
  20
0
  30
0
  0
VERTEX
  5
9ad
  8
Layer_0
  10
116.22427
  20
290.46509
  0
VERTEX
  5
9ae
  8
Layer_0
  10
115.57681
  20
290.5434
  0
SEQEND
  0
POLYLINE
  5
9b0
  8
Layer_0
  62
7
  66
1
  10
0
  20
0
  30
0
  0
VERTEX
  5
9b0
  8
Layer_0
  10
115.57681
  20
290.5434
  0
VERTEX
  5
9b1
  8
Layer_0
  10
114.9736
  20
290.64716
  0
SEQEND
  0
POLYLINE
  5
9b3
  8
Layer_0
  62
7
  66
1
  10
0
  20
0
  30
0
  0
VERTEX
  5
9b3
  8
Layer_0
  10
114.9736
  20
290.64716
  0
VERTEX
  5
9b4
  8
Layer_0
  10
114.42146
  20
290.77673
  0
SEQEND
  0
POLYLINE
  5
9b6
  8
Layer_0
  62
7
  66
1
  10
0
  20
0
  30
0
  0
VERTEX
  5
9b6
  8
Layer_0
  10
114.42146
  20
290.77673
  0
VERTEX
  5
9b7
  8
Layer_0
  10
113.39037
  20
291.08853
  0
SEQEND
  0
POLYLINE
  5
9b9
  8
Layer_0
  62
7
  66
1
  10
0
  20
0
  30
0
  0
VERTEX
  5
9b9
  8
Layer_0
  10
113.39037
  20
291.08853
  0
VERTEX
  5
9ba
  8
Layer_0
  10
112.34227
  20
291.4653
  0
SEQEND
  0
POLYLINE
  5
9bc
  8
Layer_0
  62
7
  66
1
  10
0
  20
0
  30
0
  0
VERTEX
  5
9bc
  8
Layer_0
  10
112.34227
  20
291.4653
  0
VERTEX
  5
9bd
  8
Layer_0
  10
111.29156
  20
291.8999
  0
SEQEND
  0
POLYLINE
  5
9bf
  8
Layer_0
  62
7
  66
1
  10
0
  20
0
  30
0
  0
VERTEX
  5
9bf
  8
Layer_0
  10
111.29156
  20
291.8999
  0
VERTEX
  5
9c0
  8
Layer_0
  10
110.25259
  20
292.38535
  0
SEQEND
  0
POLYLINE
  5
9c2
  8
Layer_0
  62
7
  66
1
  10
0
  20
0
  30
0
  0
VERTEX
  5
9c2
  8
Layer_0
  10
110.25259
  20
292.38535
  0
VERTEX
  5
9c3
  8
Layer_0
  10
109.2397
  20
292.91443
  0
SEQEND
  0
POLYLINE
  5
9c5
  8
Layer_0
  62
7
  66
1
  10
0
  20
0
  30
0
  0
VERTEX
  5
9c5
  8
Layer_0
  10
109.2397
  20
292.91443
  0
VERTEX
  5
9c6
  8
Layer_0
  10
108.26724
  20
293.48004
  0
SEQEND
  0
POLYLINE
  5
9c8
  8
Layer_0
  62
7
  66
1
  10
0
  20
0
  30
0
  0
VERTEX
  5
9c8
  8
Layer_0
  10
108.26724
  20
293.48004
  0
VERTEX
  5
9c9
  8
Layer_0
  10
107.34959
  20
294.0752
  0
SEQEND
  0
POLYLINE
  5
9cb
  8
Layer_0
  62
7
  66
1
  10
0
  20
0
  30
0
  0
VERTEX
  5
9cb
  8
Layer_0
  10
107.34959
  20
294.0752
  0
VERTEX
  5
9cc
  8
Layer_0
  10
106.50111
  20
294.69269
  0
SEQEND
  0
POLYLINE
  5
9ce
  8
Layer_0
  62
7
  66
1
  10
0
  20
0
  30
0
  0
VERTEX
  5
9ce
  8
Layer_0
  10
106.50111
  20
294.69269
  0
VERTEX
  5
9cf
  8
Layer_0
  10
105.68047
  20
295.28278
  0
SEQEND
  0
POLYLINE
  5
9d1
  8
Layer_0
  62
7
  66
1
  10
0
  20
0
  30
0
  0
VERTEX
  5
9d1
  8
Layer_0
  10
105.68047
  20
295.28278
  0
VERTEX
  5
9d2
  8
Layer_0
  10
104.8914
  20
295.77069
  0
SEQEND
  0
POLYLINE
  5
9d4
  8
Layer_0
  62
7
  66
1
  10
0
  20
0
  30
0
  0
VERTEX
  5
9d4
  8
Layer_0
  10
104.8914
  20
295.77069
  0
VERTEX
  5
9d5
  8
Layer_0
  10
104.53674
  20
295.96045
  0
SEQEND
  0
POLYLINE
  5
9d7
  8
Layer_0
  62
7
  66
1
  10
0
  20
0
  30
0
  0
VERTEX
  5
9d7
  8
Layer_0
  10
104.53674
  20
295.96045
  0
VERTEX
  5
9d8
  8
Layer_0
  10
104.22362
  20
296.10571
  0
SEQEND
  0
POLYLINE
  5
9da
  8
Layer_0
  62
7
  66
1
  10
0
  20
0
  30
0
  0
VERTEX
  5
9da
  8
Layer_0
  10
104.22362
  20
296.10571
  0
VERTEX
  5
9db
  8
Layer_0
  10
103.96323
  20
296.20007
  0
SEQEND
  0
POLYLINE
  5
9dd
  8
Layer_0
  62
7
  66
1
  10
0
  20
0
  30
0
  0
VERTEX
  5
9dd
  8
Layer_0
  10
103.96323
  20
296.20007
  0
VERTEX
  5
9de
  8
Layer_0
  10
103.76681
  20
296.23718
  0
SEQEND
  0
POLYLINE
  5
9e0
  8
Layer_0
  62
7
  66
1
  10
0
  20
0
  30
0
  0
VERTEX
  5
9e0
  8
Layer_0
  10
103.76681
  20
296.23718
  0
VERTEX
  5
9e1
  8
Layer_0
  10
103.43021
  20
296.22125
  0
SEQEND
  0
POLYLINE
  5
9e3
  8
Layer_0
  62
7
  66
1
  10
0
  20
0
  30
0
  0
VERTEX
  5
9e3
  8
Layer_0
  10
103.43021
  20
296.22125
  0
VERTEX
  5
9e4
  8
Layer_0
  10
103.06363
  20
296.14862
  0
SEQEND
  0
POLYLINE
  5
9e6
  8
Layer_0
  62
7
  66
1
  10
0
  20
0
  30
0
  0
VERTEX
  5
9e6
  8
Layer_0
  10
103.06363
  20
296.14862
  0
VERTEX
  5
9e7
  8
Layer_0
  10
102.66836
  20
296.02026
  0
SEQEND
  0
POLYLINE
  5
9e9
  8
Layer_0
  62
7
  66
1
  10
0
  20
0
  30
0
  0
VERTEX
  5
9e9
  8
Layer_0
  10
102.66836
  20
296.02026
  0
VERTEX
  5
9ea
  8
Layer_0
  10
102.24573
  20
295.83719
  0
SEQEND
  0
POLYLINE
  5
9ec
  8
Layer_0
  62
7
  66
1
  10
0
  20
0
  30
0
  0
VERTEX
  5
9ec
  8
Layer_0
  10
102.24573
  20
295.83719
  0
VERTEX
  5
9ed
  8
Layer_0
  10
101.79701
  20
295.60046
  0
SEQEND
  0
POLYLINE
  5
9ef
  8
Layer_0
  62
7
  66
1
  10
0
  20
0
  30
0
  0
VERTEX
  5
9ef
  8
Layer_0
  10
101.79701
  20
295.60046
  0
VERTEX
  5
9f0
  8
Layer_0
  10
101.32354
  20
295.31113
  0
SEQEND
  0
POLYLINE
  5
9f2
  8
Layer_0
  62
7
  66
1
  10
0
  20
0
  30
0
  0
VERTEX
  5
9f2
  8
Layer_0
  10
101.32354
  20
295.31113
  0
VERTEX
  5
9f3
  8
Layer_0
  10
100.82661
  20
294.97015
  0
SEQEND
  0
POLYLINE
  5
9f5
  8
Layer_0
  62
7
  66
1
  10
0
  20
0
  30
0
  0
VERTEX
  5
9f5
  8
Layer_0
  10
100.82661
  20
294.97015
  0
VERTEX
  5
9f6
  8
Layer_0
  10
100.30752
  20
294.57861
  0
SEQEND
  0
POLYLINE
  5
9f8
  8
Layer_0
  62
7
  66
1
  10
0
  20
0
  30
0
  0
VERTEX
  5
9f8
  8
Layer_0
  10
100.30752
  20
294.57861
  0
VERTEX
  5
9f9
  8
Layer_0
  10
99.76757
  20
294.13751
  0
SEQEND
  0
POLYLINE
  5
9fb
  8
Layer_0
  62
7
  66
1
  10
0
  20
0
  30
0
  0
VERTEX
  5
9fb
  8
Layer_0
  10
99.76757
  20
294.13751
  0
VERTEX
  5
9fc
  8
Layer_0
  10
99.208054
  20
293.64786
  0
SEQEND
  0
POLYLINE
  5
9fe
  8
Layer_0
  62
7
  66
1
  10
0
  20
0
  30
0
  0
VERTEX
  5
9fe
  8
Layer_0
  10
99.208054
  20
293.64786
  0
VERTEX
  5
9ff
  8
Layer_0
  10
98.630287
  20
293.11072
  0
SEQEND
  0
POLYLINE
  5
a01
  8
Layer_0
  62
7
  66
1
  10
0
  20
0
  30
0
  0
VERTEX
  5
a01
  8
Layer_0
  10
98.630287
  20
293.11072
  0
VERTEX
  5
a02
  8
Layer_0
  10
98.035599
  20
292.52707
  0
SEQEND
  0
POLYLINE
  5
a04
  8
Layer_0
  62
7
  66
1
  10
0
  20
0
  30
0
  0
VERTEX
  5
a04
  8
Layer_0
  10
98.035599
  20
292.52707
  0
VERTEX
  5
a05
  8
Layer_0
  10
96.800568
  20
291.22437
  0
SEQEND
  0
POLYLINE
  5
a07
  8
Layer_0
  62
7
  66
1
  10
0
  20
0
  30
0
  0
VERTEX
  5
a07
  8
Layer_0
  10
96.800568
  20
291.22437
  0
VERTEX
  5
a08
  8
Layer_0
  10
95.513382
  20
289.74808
  0
SEQEND
  0
POLYLINE
  5
a0a
  8
Layer_0
  62
7
  66
1
  10
0
  20
0
  30
0
  0
VERTEX
  5
a0a
  8
Layer_0
  10
95.513382
  20
289.74808
  0
VERTEX
  5
a0b
  8
Layer_0
  10
94.73735
  20
288.82318
  0
SEQEND
  0
POLYLINE
  5
a0d
  8
Layer_0
  62
7
  66
1
  10
0
  20
0
  30
0
  0
VERTEX
  5
a0d
  8
Layer_0
  10
94.73735
  20
288.82318
  0
VERTEX
  5
a0e
  8
Layer_0
  10
94.05658
  20
288.00894
  0
SEQEND
  0
POLYLINE
  5
a10
  8
Layer_0
  62
7
  66
1
  10
0
  20
0
  30
0
  0
VERTEX
  5
a10
  8
Layer_0
  10
94.05658
  20
288.00894
  0
VERTEX
  5
a11
  8
Layer_0
  10
93.461777
  20
287.29095
  0
SEQEND
  0
POLYLINE
  5
a13
  8
Layer_0
  62
7
  66
1
  10
0
  20
0
  30
0
  0
VERTEX
  5
a13
  8
Layer_0
  10
93.461777
  20
287.29095
  0
VERTEX
  5
a14
  8
Layer_0
  10
92.943665
  20
286.65485
  0
SEQEND
  0
POLYLINE
  5
a16
  8
Layer_0
  62
7
  66
1
  10
0
  20
0
  30
0
  0
VERTEX
  5
a16
  8
Layer_0
  10
92.943665
  20
286.65485
  0
VERTEX
  5
a17
  8
Layer_0
  10
92.492943
  20
286.0863
  0
SEQEND
  0
POLYLINE
  5
a19
  8
Layer_0
  62
7
  66
1
  10
0
  20
0
  30
0
  0
VERTEX
  5
a19
  8
Layer_0
  10
92.492943
  20
286.0863
  0
VERTEX
  5
a1a
  8
Layer_0
  10
92.100319
  20
285.57092
  0
SEQEND
  0
POLYLINE
  5
a1c
  8
Layer_0
  62
7
  66
1
  10
0
  20
0
  30
0
  0
VERTEX
  5
a1c
  8
Layer_0
  10
92.100319
  20
285.57092
  0
VERTEX
  5
a1d
  8
Layer_0
  10
91.756516
  20
285.09433
  0
SEQEND
  0
POLYLINE
  5
a1f
  8
Layer_0
  62
7
  66
1
  10
0
  20
0
  30
0
  0
VERTEX
  5
a1f
  8
Layer_0
  10
91.756516
  20
285.09433
  0
VERTEX
  5
a20
  8
Layer_0
  10
91.45224
  20
284.64218
  0
SEQEND
  0
POLYLINE
  5
a22
  8
Layer_0
  62
7
  66
1
  10
0
  20
0
  30
0
  0
VERTEX
  5
a22
  8
Layer_0
  10
91.45224
  20
284.64218
  0
VERTEX
  5
a23
  8
Layer_0
  10
90.925072
  20
283.75378
  0
SEQEND
  0
POLYLINE
  5
a25
  8
Layer_0
  62
7
  66
1
  10
0
  20
0
  30
0
  0
VERTEX
  5
a25
  8
Layer_0
  10
90.925072
  20
283.75378
  0
VERTEX
  5
a26
  8
Layer_0
  10
90.444534
  20
282.79077
  0
SEQEND
  0
POLYLINE
  5
a28
  8
Layer_0
  62
7
  66
1
  10
0
  20
0
  30
0
  0
VERTEX
  5
a28
  8
Layer_0
  10
90.444534
  20
282.79077
  0
VERTEX
  5
a29
  8
Layer_0
  10
90.198532
  20
282.24539
  0
SEQEND
  0
POLYLINE
  5
a2b
  8
Layer_0
  62
7
  66
1
  10
0
  20
0
  30
0
  0
VERTEX
  5
a2b
  8
Layer_0
  10
90.198532
  20
282.24539
  0
VERTEX
  5
a2c
  8
Layer_0
  10
89.936302
  20
281.63824
  0
SEQEND
  0
POLYLINE
  5
a2e
  8
Layer_0
  62
7
  66
1
  10
0
  20
0
  30
0
  0
VERTEX
  5
a2e
  8
Layer_0
  10
89.936302
  20
281.63824
  0
VERTEX
  5
a2f
  8
Layer_0
  10
89.648575
  20
280.95502
  0
SEQEND
  0
POLYLINE
  5
a31
  8
Layer_0
  62
7
  66
1
  10
0
  20
0
  30
0
  0
VERTEX
  5
a31
  8
Layer_0
  10
89.648575
  20
280.95502
  0
VERTEX
  5
a32
  8
Layer_0
  10
89.32605
  20
280.18134
  0
SEQEND
  0
POLYLINE
  5
a34
  8
Layer_0
  62
7
  66
1
  10
0
  20
0
  30
0
  0
VERTEX
  5
a34
  8
Layer_0
  10
89.32605
  20
280.18134
  0
VERTEX
  5
a35
  8
Layer_0
  10
87.749519
  20
276.39542
  0
SEQEND
  0
POLYLINE
  5
a37
  8
Layer_0
  62
7
  66
1
  10
0
  20
0
  30
0
  0
VERTEX
  5
a37
  8
Layer_0
  10
87.749519
  20
276.39542
  0
VERTEX
  5
a38
  8
Layer_0
  10
87.730179
  20
272.55243
  0
SEQEND
  0
POLYLINE
  5
a3a
  8
Layer_0
  62
7
  66
1
  10
0
  20
0
  30
0
  0
VERTEX
  5
a3a
  8
Layer_0
  10
87.730179
  20
272.55243
  0
VERTEX
  5
a3b
  8
Layer_0
  10
87.744499
  20
270.9566
  0
SEQEND
  0
POLYLINE
  5
a3d
  8
Layer_0
  62
7
  66
1
  10
0
  20
0
  30
0
  0
VERTEX
  5
a3d
  8
Layer_0
  10
87.744499
  20
270.9566
  0
VERTEX
  5
a3e
  8
Layer_0
  10
87.797768
  20
269.45233
  0
SEQEND
  0
POLYLINE
  5
a40
  8
Layer_0
  62
7
  66
1
  10
0
  20
0
  30
0
  0
VERTEX
  5
a40
  8
Layer_0
  10
87.797768
  20
269.45233
  0
VERTEX
  5
a41
  8
Layer_0
  10
87.836365
  20
268.78741
  0
SEQEND
  0
POLYLINE
  5
a43
  8
Layer_0
  62
7
  66
1
  10
0
  20
0
  30
0
  0
VERTEX
  5
a43
  8
Layer_0
  10
87.836365
  20
268.78741
  0
VERTEX
  5
a44
  8
Layer_0
  10
87.881538
  20
268.20886
  0
SEQEND
  0
POLYLINE
  5
a46
  8
Layer_0
  62
7
  66
1
  10
0
  20
0
  30
0
  0
VERTEX
  5
a46
  8
Layer_0
  10
87.881538
  20
268.20886
  0
VERTEX
  5
a47
  8
Layer_0
  10
87.932236
  20
267.73779
  0
SEQEND
  0
POLYLINE
  5
a49
  8
Layer_0
  62
7
  66
1
  10
0
  20
0
  30
0
  0
VERTEX
  5
a49
  8
Layer_0
  10
87.932236
  20
267.73779
  0
VERTEX
  5
a4a
  8
Layer_0
  10
87.987389
  20
267.39539
  0
SEQEND
  0
POLYLINE
  5
a4c
  8
Layer_0
  62
7
  66
1
  10
0
  20
0
  30
0
  0
VERTEX
  5
a4c
  8
Layer_0
  10
87.987389
  20
267.39539
  0
VERTEX
  5
a4d
  8
Layer_0
  10
88.180351
  20
266.69128
  0
SEQEND
  0
POLYLINE
  5
a4f
  8
Layer_0
  62
7
  66
1
  10
0
  20
0
  30
0
  0
VERTEX
  5
a4f
  8
Layer_0
  10
88.180351
  20
266.69128
  0
VERTEX
  5
a50
  8
Layer_0
  10
88.453651
  20
266.00092
  0
SEQEND
  0
POLYLINE
  5
a52
  8
Layer_0
  62
7
  66
1
  10
0
  20
0
  30
0
  0
VERTEX
  5
a52
  8
Layer_0
  10
88.453651
  20
266.00092
  0
VERTEX
  5
a53
  8
Layer_0
  10
88.79393
  20
265.34283
  0
SEQEND
  0
POLYLINE
  5
a55
  8
Layer_0
  62
7
  66
1
  10
0
  20
0
  30
0
  0
VERTEX
  5
a55
  8
Layer_0
  10
88.79393
  20
265.34283
  0
VERTEX
  5
a56
  8
Layer_0
  10
89.187759
  20
264.73553
  0
SEQEND
  0
POLYLINE
  5
a58
  8
Layer_0
  62
7
  66
1
  10
0
  20
0
  30
0
  0
VERTEX
  5
a58
  8
Layer_0
  10
89.187759
  20
264.73553
  0
VERTEX
  5
a59
  8
Layer_0
  10
89.621773
  20
264.19763
  0
SEQEND
  0
POLYLINE
  5
a5b
  8
Layer_0
  62
7
  66
1
  10
0
  20
0
  30
0
  0
VERTEX
  5
a5b
  8
Layer_0
  10
89.621773
  20
264.19763
  0
VERTEX
  5
a5c
  8
Layer_0
  10
90.082558
  20
263.74759
  0
SEQEND
  0
POLYLINE
  5
a5e
  8
Layer_0
  62
7
  66
1
  10
0
  20
0
  30
0
  0
VERTEX
  5
a5e
  8
Layer_0
  10
90.082558
  20
263.74759
  0
VERTEX
  5
a5f
  8
Layer_0
  10
90.556709
  20
263.40393
  0
SEQEND
  0
POLYLINE
  5
a61
  8
Layer_0
  62
7
  66
1
  10
0
  20
0
  30
0
  0
VERTEX
  5
a61
  8
Layer_0
  10
90.556709
  20
263.40393
  0
VERTEX
  5
a62
  8
Layer_0
  10
91.030869
  20
263.18521
  0
SEQEND
  0
POLYLINE
  5
a64
  8
Layer_0
  62
7
  66
1
  10
0
  20
0
  30
0
  0
VERTEX
  5
a64
  8
Layer_0
  10
91.030869
  20
263.18521
  0
VERTEX
  5
a65
  8
Layer_0
  10
91.665611
  20
263.03152
  0
SEQEND
  0
POLYLINE
  5
a67
  8
Layer_0
  62
7
  66
1
  10
0
  20
0
  30
0
  0
VERTEX
  5
a67
  8
Layer_0
  10
91.665611
  20
263.03152
  0
VERTEX
  5
a68
  8
Layer_0
  10
92.253738
  20
263.01489
  0
SEQEND
  0
POLYLINE
  5
a6a
  8
Layer_0
  62
7
  66
1
  10
0
  20
0
  30
0
  0
VERTEX
  5
a6a
  8
Layer_0
  10
92.253738
  20
263.01489
  0
VERTEX
  5
a6b
  8
Layer_0
  10
92.830757
  20
263.15997
  0
SEQEND
  0
POLYLINE
  5
a6d
  8
Layer_0
  62
7
  66
1
  10
0
  20
0
  30
0
  0
VERTEX
  5
a6d
  8
Layer_0
  10
92.830757
  20
263.15997
  0
VERTEX
  5
a6e
  8
Layer_0
  10
93.432228
  20
263.49124
  0
SEQEND
  0
POLYLINE
  5
a70
  8
Layer_0
  62
7
  66
1
  10
0
  20
0
  30
0
  0
VERTEX
  5
a70
  8
Layer_0
  10
93.432228
  20
263.49124
  0
VERTEX
  5
a71
  8
Layer_0
  10
93.753235
  20
263.73441
  0
SEQEND
  0
POLYLINE
  5
a73
  8
Layer_0
  62
7
  66
1
  10
0
  20
0
  30
0
  0
VERTEX
  5
a73
  8
Layer_0
  10
93.753235
  20
263.73441
  0
VERTEX
  5
a74
  8
Layer_0
  10
94.093674
  20
264.03336
  0
SEQEND
  0
POLYLINE
  5
a76
  8
Layer_0
  62
7
  66
1
  10
0
  20
0
  30
0
  0
VERTEX
  5
a76
  8
Layer_0
  10
94.093674
  20
264.03336
  0
VERTEX
  5
a77
  8
Layer_0
  10
94.458008
  20
264.39114
  0
SEQEND
  0
POLYLINE
  5
a79
  8
Layer_0
  62
7
  66
1
  10
0
  20
0
  30
0
  0
VERTEX
  5
a79
  8
Layer_0
  10
94.458008
  20
264.39114
  0
VERTEX
  5
a7a
  8
Layer_0
  10
94.850647
  20
264.81085
  0
SEQEND
  0
POLYLINE
  5
a7c
  8
Layer_0
  62
7
  66
1
  10
0
  20
0
  30
0
  0
VERTEX
  5
a7c
  8
Layer_0
  10
94.850647
  20
264.81085
  0
VERTEX
  5
a7d
  8
Layer_0
  10
95.276047
  20
265.29559
  0
SEQEND
  0
POLYLINE
  5
a7f
  8
Layer_0
  62
7
  66
1
  10
0
  20
0
  30
0
  0
VERTEX
  5
a7f
  8
Layer_0
  10
95.276047
  20
265.29559
  0
VERTEX
  5
a80
  8
Layer_0
  10
95.738655
  20
265.84836
  0
SEQEND
  0
POLYLINE
  5
a82
  8
Layer_0
  62
7
  66
1
  10
0
  20
0
  30
0
  0
VERTEX
  5
a82
  8
Layer_0
  10
95.738655
  20
265.84836
  0
VERTEX
  5
a83
  8
Layer_0
  10
96.24292
  20
266.47229
  0
SEQEND
  0
POLYLINE
  5
a85
  8
Layer_0
  62
7
  66
1
  10
0
  20
0
  30
0
  0
VERTEX
  5
a85
  8
Layer_0
  10
96.24292
  20
266.47229
  0
VERTEX
  5
a86
  8
Layer_0
  10
96.793266
  20
267.17038
  0
SEQEND
  0
POLYLINE
  5
a88
  8
Layer_0
  62
7
  66
1
  10
0
  20
0
  30
0
  0
VERTEX
  5
a88
  8
Layer_0
  10
96.793266
  20
267.17038
  0
VERTEX
  5
a89
  8
Layer_0
  10
97.233665
  20
267.73111
  0
SEQEND
  0
POLYLINE
  5
a8b
  8
Layer_0
  62
7
  66
1
  10
0
  20
0
  30
0
  0
VERTEX
  5
a8b
  8
Layer_0
  10
97.233665
  20
267.73111
  0
VERTEX
  5
a8c
  8
Layer_0
  10
97.640411
  20
268.24121
  0
SEQEND
  0
POLYLINE
  5
a8e
  8
Layer_0
  62
7
  66
1
  10
0
  20
0
  30
0
  0
VERTEX
  5
a8e
  8
Layer_0
  10
97.640411
  20
268.24121
  0
VERTEX
  5
a8f
  8
Layer_0
  10
98.018387
  20
268.70526
  0
SEQEND
  0
POLYLINE
  5
a91
  8
Layer_0
  62
7
  66
1
  10
0
  20
0
  30
0
  0
VERTEX
  5
a91
  8
Layer_0
  10
98.018387
  20
268.70526
  0
VERTEX
  5
a92
  8
Layer_0
  10
98.372467
  20
269.12805
  0
SEQEND
  0
POLYLINE
  5
a94
  8
Layer_0
  62
7
  66
1
  10
0
  20
0
  30
0
  0
VERTEX
  5
a94
  8
Layer_0
  10
98.372467
  20
269.12805
  0
VERTEX
  5
a95
  8
Layer_0
  10
99.028381
  20
269.86835
  0
SEQEND
  0
POLYLINE
  5
a97
  8
Layer_0
  62
7
  66
1
  10
0
  20
0
  30
0
  0
VERTEX
  5
a97
  8
Layer_0
  10
99.028381
  20
269.86835
  0
VERTEX
  5
a98
  8
Layer_0
  10
99.647057
  20
270.49951
  0
SEQEND
  0
POLYLINE
  5
a9a
  8
Layer_0
  62
7
  66
1
  10
0
  20
0
  30
0
  0
VERTEX
  5
a9a
  8
Layer_0
  10
99.647057
  20
270.49951
  0
VERTEX
  5
a9b
  8
Layer_0
  10
100.26738
  20
271.05887
  0
SEQEND
  0
POLYLINE
  5
a9d
  8
Layer_0
  62
7
  66
1
  10
0
  20
0
  30
0
  0
VERTEX
  5
a9d
  8
Layer_0
  10
100.26738
  20
271.05887
  0
VERTEX
  5
a9e
  8
Layer_0
  10
100.92828
  20
271.5838
  0
SEQEND
  0
POLYLINE
  5
aa0
  8
Layer_0
  62
7
  66
1
  10
0
  20
0
  30
0
  0
VERTEX
  5
aa0
  8
Layer_0
  10
100.92828
  20
271.5838
  0
VERTEX
  5
aa1
  8
Layer_0
  10
101.66866
  20
272.11179
  0
SEQEND
  0
POLYLINE
  5
aa3
  8
Layer_0
  62
7
  66
1
  10
0
  20
0
  30
0
  0
VERTEX
  5
aa3
  8
Layer_0
  10
101.66866
  20
272.11179
  0
VERTEX
  5
aa4
  8
Layer_0
  10
102.52743
  20
272.68011
  0
SEQEND
  0
POLYLINE
  5
aa6
  8
Layer_0
  62
7
  66
1
  10
0
  20
0
  30
0
  0
VERTEX
  5
aa6
  8
Layer_0
  10
102.52743
  20
272.68011
  0
VERTEX
  5
aa7
  8
Layer_0
  10
103.74498
  20
273.43286
  0
SEQEND
  0
POLYLINE
  5
aa9
  8
Layer_0
  62
7
  66
1
  10
0
  20
0
  30
0
  0
VERTEX
  5
aa9
  8
Layer_0
  10
103.74498
  20
273.43286
  0
VERTEX
  5
aaa
  8
Layer_0
  10
104.87343
  20
274.05655
  0
SEQEND
  0
POLYLINE
  5
aac
  8
Layer_0
  62
7
  66
1
  10
0
  20
0
  30
0
  0
VERTEX
  5
aac
  8
Layer_0
  10
104.87343
  20
274.05655
  0
VERTEX
  5
aad
  8
Layer_0
  10
105.93704
  20
274.5592
  0
SEQEND
  0
POLYLINE
  5
aaf
  8
Layer_0
  62
7
  66
1
  10
0
  20
0
  30
0
  0
VERTEX
  5
aaf
  8
Layer_0
  10
105.93704
  20
274.5592
  0
VERTEX
  5
ab0
  8
Layer_0
  10
106.96008
  20
274.94885
  0
SEQEND
  0
POLYLINE
  5
ab2
  8
Layer_0
  62
7
  66
1
  10
0
  20
0
  30
0
  0
VERTEX
  5
ab2
  8
Layer_0
  10
106.96008
  20
274.94885
  0
VERTEX
  5
ab3
  8
Layer_0
  10
107.96679
  20
275.23358
  0
SEQEND
  0
POLYLINE
  5
ab5
  8
Layer_0
  62
7
  66
1
  10
0
  20
0
  30
0
  0
VERTEX
  5
ab5
  8
Layer_0
  10
107.96679
  20
275.23358
  0
VERTEX
  5
ab6
  8
Layer_0
  10
108.98141
  20
275.42148
  0
SEQEND
  0
POLYLINE
  5
ab8
  8
Layer_0
  62
7
  66
1
  10
0
  20
0
  30
0
  0
VERTEX
  5
ab8
  8
Layer_0
  10
108.98141
  20
275.42148
  0
VERTEX
  5
ab9
  8
Layer_0
  10
110.02822
  20
275.52054
  0
SEQEND
  0
POLYLINE
  5
abb
  8
Layer_0
  62
7
  66
1
  10
0
  20
0
  30
0
  0
VERTEX
  5
abb
  8
Layer_0
  10
110.02822
  20
275.52054
  0
VERTEX
  5
abc
  8
Layer_0
  10
111.13145
  20
275.53888
  0
SEQEND
  0
POLYLINE
  5
abe
  8
Layer_0
  62
7
  66
1
  10
0
  20
0
  30
0
  0
VERTEX
  5
abe
  8
Layer_0
  10
111.13145
  20
275.53888
  0
VERTEX
  5
abf
  8
Layer_0
  10
111.60995
  20
275.51654
  0
SEQEND
  0
POLYLINE
  5
ac1
  8
Layer_0
  62
7
  66
1
  10
0
  20
0
  30
0
  0
VERTEX
  5
ac1
  8
Layer_0
  10
111.60995
  20
275.51654
  0
VERTEX
  5
ac2
  8
Layer_0
  10
112.13422
  20
275.46564
  0
SEQEND
  0
POLYLINE
  5
ac4
  8
Layer_0
  62
7
  66
1
  10
0
  20
0
  30
0
  0
VERTEX
  5
ac4
  8
Layer_0
  10
112.13422
  20
275.46564
  0
VERTEX
  5
ac5
  8
Layer_0
  10
112.70107
  20
275.38702
  0
SEQEND
  0
POLYLINE
  5
ac7
  8
Layer_0
  62
7
  66
1
  10
0
  20
0
  30
0
  0
VERTEX
  5
ac7
  8
Layer_0
  10
112.70107
  20
275.38702
  0
VERTEX
  5
ac8
  8
Layer_0
  10
113.30728
  20
275.28174
  0
SEQEND
  0
POLYLINE
  5
aca
  8
Layer_0
  62
7
  66
1
  10
0
  20
0
  30
0
  0
VERTEX
  5
aca
  8
Layer_0
  10
113.30728
  20
275.28174
  0
VERTEX
  5
acb
  8
Layer_0
  10
114.62498
  20
274.99457
  0
SEQEND
  0
POLYLINE
  5
acd
  8
Layer_0
  62
7
  66
1
  10
0
  20
0
  30
0
  0
VERTEX
  5
acd
  8
Layer_0
  10
114.62498
  20
274.99457
  0
VERTEX
  5
ace
  8
Layer_0
  10
116.06163
  20
274.61151
  0
SEQEND
  0
POLYLINE
  5
ad0
  8
Layer_0
  62
7
  66
1
  10
0
  20
0
  30
0
  0
VERTEX
  5
ad0
  8
Layer_0
  10
116.06163
  20
274.61151
  0
VERTEX
  5
ad1
  8
Layer_0
  10
117.59154
  20
274.14001
  0
SEQEND
  0
POLYLINE
  5
ad3
  8
Layer_0
  62
7
  66
1
  10
0
  20
0
  30
0
  0
VERTEX
  5
ad3
  8
Layer_0
  10
117.59154
  20
274.14001
  0
VERTEX
  5
ad4
  8
Layer_0
  10
119.18903
  20
273.58743
  0
SEQEND
  0
POLYLINE
  5
ad6
  8
Layer_0
  62
7
  66
1
  10
0
  20
0
  30
0
  0
VERTEX
  5
ad6
  8
Layer_0
  10
119.18903
  20
273.58743
  0
VERTEX
  5
ad7
  8
Layer_0
  10
120.82841
  20
272.96118
  0
SEQEND
  0
POLYLINE
  5
ad9
  8
Layer_0
  62
7
  66
1
  10
0
  20
0
  30
0
  0
VERTEX
  5
ad9
  8
Layer_0
  10
120.82841
  20
272.96118
  0
VERTEX
  5
ada
  8
Layer_0
  10
122.48402
  20
272.26865
  0
SEQEND
  0
POLYLINE
  5
adc
  8
Layer_0
  62
7
  66
1
  10
0
  20
0
  30
0
  0
VERTEX
  5
adc
  8
Layer_0
  10
122.48402
  20
272.26865
  0
VERTEX
  5
add
  8
Layer_0
  10
123.5638
  20
271.80908
  0
SEQEND
  0
POLYLINE
  5
adf
  8
Layer_0
  62
7
  66
1
  10
0
  20
0
  30
0
  0
VERTEX
  5
adf
  8
Layer_0
  10
123.5638
  20
271.80908
  0
VERTEX
  5
ae0
  8
Layer_0
  10
124.52174
  20
271.42383
  0
SEQEND
  0
POLYLINE
  5
ae2
  8
Layer_0
  62
7
  66
1
  10
0
  20
0
  30
0
  0
VERTEX
  5
ae2
  8
Layer_0
  10
124.52174
  20
271.42383
  0
VERTEX
  5
ae3
  8
Layer_0
  10
124.92249
  20
271.2717
  0
SEQEND
  0
POLYLINE
  5
ae5
  8
Layer_0
  62
7
  66
1
  10
0
  20
0
  30
0
  0
VERTEX
  5
ae5
  8
Layer_0
  10
124.92249
  20
271.2717
  0
VERTEX
  5
ae6
  8
Layer_0
  10
125.25375
  20
271.15329
  0
SEQEND
  0
POLYLINE
  5
ae8
  8
Layer_0
  62
7
  66
1
  10
0
  20
0
  30
0
  0
VERTEX
  5
ae8
  8
Layer_0
  10
125.25375
  20
271.15329
  0
VERTEX
  5
ae9
  8
Layer_0
  10
125.50253
  20
271.07367
  0
SEQEND
  0
POLYLINE
  5
aeb
  8
Layer_0
  62
7
  66
1
  10
0
  20
0
  30
0
  0
VERTEX
  5
aeb
  8
Layer_0
  10
125.50253
  20
271.07367
  0
VERTEX
  5
aec
  8
Layer_0
  10
125.65578
  20
271.03784
  0
SEQEND
  0
POLYLINE
  5
aee
  8
Layer_0
  62
7
  66
1
  10
0
  20
0
  30
0
  0
VERTEX
  5
aee
  8
Layer_0
  10
125.65578
  20
271.03784
  0
VERTEX
  5
aef
  8
Layer_0
  10
125.84615
  20
270.99799
  0
SEQEND
  0
POLYLINE
  5
af1
  8
Layer_0
  62
7
  66
1
  10
0
  20
0
  30
0
  0
VERTEX
  5
af1
  8
Layer_0
  10
125.84615
  20
270.99799
  0
VERTEX
  5
af2
  8
Layer_0
  10
126.00188
  20
270.93338
  0
SEQEND
  0
POLYLINE
  5
af4
  8
Layer_0
  62
7
  66
1
  10
0
  20
0
  30
0
  0
VERTEX
  5
af4
  8
Layer_0
  10
126.00188
  20
270.93338
  0
VERTEX
  5
af5
  8
Layer_0
  10
126.14516
  20
270.76541
  0
SEQEND
  0
POLYLINE
  5
af7
  8
Layer_0
  62
7
  66
1
  10
0
  20
0
  30
0
  0
VERTEX
  5
af7
  8
Layer_0
  10
126.14516
  20
270.76541
  0
VERTEX
  5
af8
  8
Layer_0
  10
126.21118
  20
270.62878
  0
SEQEND
  0
POLYLINE
  5
afa
  8
Layer_0
  62
7
  66
1
  10
0
  20
0
  30
0
  0
VERTEX
  5
afa
  8
Layer_0
  10
126.21118
  20
270.62878
  0
VERTEX
  5
afb
  8
Layer_0
  10
126.39181
  20
270.41434
  0
SEQEND
  0
POLYLINE
  5
afd
  8
Layer_0
  62
7
  66
1
  10
0
  20
0
  30
0
  0
VERTEX
  5
afd
  8
Layer_0
  10
126.39181
  20
270.41434
  0
VERTEX
  5
afe
  8
Layer_0
  10
126.65944
  20
270.15143
  0
SEQEND
  0
POLYLINE
  5
b00
  8
Layer_0
  62
7
  66
1
  10
0
  20
0
  30
0
  0
VERTEX
  5
b00
  8
Layer_0
  10
126.65944
  20
270.15143
  0
VERTEX
  5
b01
  8
Layer_0
  10
126.98647
  20
269.86951
  0
SEQEND
  0
POLYLINE
  5
b03
  8
Layer_0
  62
7
  66
1
  10
0
  20
0
  30
0
  0
VERTEX
  5
b03
  8
Layer_0
  10
126.98647
  20
269.86951
  0
VERTEX
  5
b04
  8
Layer_0
  10
127.31303
  20
269.55774
  0
SEQEND
  0
POLYLINE
  5
b06
  8
Layer_0
  62
7
  66
1
  10
0
  20
0
  30
0
  0
VERTEX
  5
b06
  8
Layer_0
  10
127.31303
  20
269.55774
  0
VERTEX
  5
b07
  8
Layer_0
  10
127.62663
  20
269.16473
  0
SEQEND
  0
POLYLINE
  5
b09
  8
Layer_0
  62
7
  66
1
  10
0
  20
0
  30
0
  0
VERTEX
  5
b09
  8
Layer_0
  10
127.62663
  20
269.16473
  0
VERTEX
  5
b0a
  8
Layer_0
  10
127.9261
  20
268.69522
  0
SEQEND
  0
POLYLINE
  5
b0c
  8
Layer_0
  62
7
  66
1
  10
0
  20
0
  30
0
  0
VERTEX
  5
b0c
  8
Layer_0
  10
127.9261
  20
268.69522
  0
VERTEX
  5
b0d
  8
Layer_0
  10
128.21027
  20
268.15387
  0
SEQEND
  0
POLYLINE
  5
b0f
  8
Layer_0
  62
7
  66
1
  10
0
  20
0
  30
0
  0
VERTEX
  5
b0f
  8
Layer_0
  10
128.21027
  20
268.15387
  0
VERTEX
  5
b10
  8
Layer_0
  10
128.47797
  20
267.54538
  0
SEQEND
  0
POLYLINE
  5
b12
  8
Layer_0
  62
7
  66
1
  10
0
  20
0
  30
0
  0
VERTEX
  5
b12
  8
Layer_0
  10
128.47797
  20
267.54538
  0
VERTEX
  5
b13
  8
Layer_0
  10
128.72801
  20
266.87445
  0
SEQEND
  0
POLYLINE
  5
b15
  8
Layer_0
  62
7
  66
1
  10
0
  20
0
  30
0
  0
VERTEX
  5
b15
  8
Layer_0
  10
128.72801
  20
266.87445
  0
VERTEX
  5
b16
  8
Layer_0
  10
128.95926
  20
266.14575
  0
SEQEND
  0
POLYLINE
  5
b18
  8
Layer_0
  62
7
  66
1
  10
0
  20
0
  30
0
  0
VERTEX
  5
b18
  8
Layer_0
  10
128.95926
  20
266.14575
  0
VERTEX
  5
b19
  8
Layer_0
  10
129.17053
  20
265.36398
  0
SEQEND
  0
POLYLINE
  5
b1b
  8
Layer_0
  62
7
  66
1
  10
0
  20
0
  30
0
  0
VERTEX
  5
b1b
  8
Layer_0
  10
129.17053
  20
265.36398
  0
VERTEX
  5
b1c
  8
Layer_0
  10
129.52846
  20
263.66003
  0
SEQEND
  0
POLYLINE
  5
b1e
  8
Layer_0
  62
7
  66
1
  10
0
  20
0
  30
0
  0
VERTEX
  5
b1e
  8
Layer_0
  10
190.53453
  20
263.45108
  0
VERTEX
  5
b1f
  8
Layer_0
  10
190.8802
  20
265.15262
  0
SEQEND
  0
POLYLINE
  5
b21
  8
Layer_0
  62
7
  66
1
  10
0
  20
0
  30
0
  0
VERTEX
  5
b21
  8
Layer_0
  10
190.8802
  20
265.15262
  0
VERTEX
  5
b22
  8
Layer_0
  10
191.08585
  20
265.93295
  0
SEQEND
  0
POLYLINE
  5
b24
  8
Layer_0
  62
7
  66
1
  10
0
  20
0
  30
0
  0
VERTEX
  5
b24
  8
Layer_0
  10
191.08585
  20
265.93295
  0
VERTEX
  5
b25
  8
Layer_0
  10
191.31184
  20
266.6601
  0
SEQEND
  0
POLYLINE
  5
b27
  8
Layer_0
  62
7
  66
1
  10
0
  20
0
  30
0
  0
VERTEX
  5
b27
  8
Layer_0
  10
191.31184
  20
266.6601
  0
VERTEX
  5
b28
  8
Layer_0
  10
191.55707
  20
267.32932
  0
SEQEND
  0
POLYLINE
  5
b2a
  8
Layer_0
  62
7
  66
1
  10
0
  20
0
  30
0
  0
VERTEX
  5
b2a
  8
Layer_0
  10
191.55707
  20
267.32932
  0
VERTEX
  5
b2b
  8
Layer_0
  10
191.82039
  20
267.93597
  0
SEQEND
  0
POLYLINE
  5
b2d
  8
Layer_0
  62
7
  66
1
  10
0
  20
0
  30
0
  0
VERTEX
  5
b2d
  8
Layer_0
  10
191.82039
  20
267.93597
  0
VERTEX
  5
b2e
  8
Layer_0
  10
192.10066
  20
268.4754
  0
SEQEND
  0
POLYLINE
  5
b30
  8
Layer_0
  62
7
  66
1
  10
0
  20
0
  30
0
  0
VERTEX
  5
b30
  8
Layer_0
  10
192.10066
  20
268.4754
  0
VERTEX
  5
b31
  8
Layer_0
  10
192.39676
  20
268.94287
  0
SEQEND
  0
POLYLINE
  5
b33
  8
Layer_0
  62
7
  66
1
  10
0
  20
0
  30
0
  0
VERTEX
  5
b33
  8
Layer_0
  10
192.39676
  20
268.94287
  0
VERTEX
  5
b34
  8
Layer_0
  10
192.70753
  20
269.33374
  0
SEQEND
  0
POLYLINE
  5
b36
  8
Layer_0
  62
7
  66
1
  10
0
  20
0
  30
0
  0
VERTEX
  5
b36
  8
Layer_0
  10
192.70753
  20
269.33374
  0
VERTEX
  5
b37
  8
Layer_0
  10
193.03188
  20
269.64328
  0
SEQEND
  0
POLYLINE
  5
b39
  8
Layer_0
  62
7
  66
1
  10
0
  20
0
  30
0
  0
VERTEX
  5
b39
  8
Layer_0
  10
193.03188
  20
269.64328
  0
VERTEX
  5
b3a
  8
Layer_0
  10
193.35687
  20
269.92297
  0
SEQEND
  0
POLYLINE
  5
b3c
  8
Layer_0
  62
7
  66
1
  10
0
  20
0
  30
0
  0
VERTEX
  5
b3c
  8
Layer_0
  10
193.35687
  20
269.92297
  0
VERTEX
  5
b3d
  8
Layer_0
  10
193.62262
  20
270.18405
  0
SEQEND
  0
POLYLINE
  5
b3f
  8
Layer_0
  62
7
  66
1
  10
0
  20
0
  30
0
  0
VERTEX
  5
b3f
  8
Layer_0
  10
193.62262
  20
270.18405
  0
VERTEX
  5
b40
  8
Layer_0
  10
193.8017
  20
270.39728
  0
SEQEND
  0
POLYLINE
  5
b42
  8
Layer_0
  62
7
  66
1
  10
0
  20
0
  30
0
  0
VERTEX
  5
b42
  8
Layer_0
  10
193.8017
  20
270.39728
  0
VERTEX
  5
b43
  8
Layer_0
  10
193.90437
  20
270.62064
  0
SEQEND
  0
POLYLINE
  5
b45
  8
Layer_0
  62
7
  66
1
  10
0
  20
0
  30
0
  0
VERTEX
  5
b45
  8
Layer_0
  10
126.1069
  20
270.85284
  0
VERTEX
  5
b46
  8
Layer_0
  10
126.00188
  20
270.93338
  0
SEQEND
  0
POLYLINE
  5
b48
  8
Layer_0
  62
7
  66
1
  10
0
  20
0
  30
0
  0
VERTEX
  5
b48
  8
Layer_0
  10
139.06732
  20
260.7847
  0
VERTEX
  5
b49
  8
Layer_0
  10
139.15131
  20
262.2355
  0
SEQEND
  0
POLYLINE
  5
b4b
  8
Layer_0
  62
7
  66
1
  10
0
  20
0
  30
0
  0
VERTEX
  5
b4b
  8
Layer_0
  10
139.15131
  20
262.2355
  0
VERTEX
  5
b4c
  8
Layer_0
  10
139.22151
  20
263.48364
  0
SEQEND
  0
POLYLINE
  5
b4e
  8
Layer_0
  62
7
  66
1
  10
0
  20
0
  30
0
  0
VERTEX
  5
b4e
  8
Layer_0
  10
139.22151
  20
263.48364
  0
VERTEX
  5
b4f
  8
Layer_0
  10
139.28471
  20
264.582
  0
SEQEND
  0
POLYLINE
  5
b51
  8
Layer_0
  62
7
  66
1
  10
0
  20
0
  30
0
  0
VERTEX
  5
b51
  8
Layer_0
  10
139.28471
  20
264.582
  0
VERTEX
  5
b52
  8
Layer_0
  10
139.34261
  20
265.54236
  0
SEQEND
  0
POLYLINE
  5
b54
  8
Layer_0
  62
7
  66
1
  10
0
  20
0
  30
0
  0
VERTEX
  5
b54
  8
Layer_0
  10
139.34261
  20
265.54236
  0
VERTEX
  5
b55
  8
Layer_0
  10
139.39685
  20
266.37643
  0
SEQEND
  0
POLYLINE
  5
b57
  8
Layer_0
  62
7
  66
1
  10
0
  20
0
  30
0
  0
VERTEX
  5
b57
  8
Layer_0
  10
139.39685
  20
266.37643
  0
VERTEX
  5
b58
  8
Layer_0
  10
139.4491
  20
267.09595
  0
SEQEND
  0
POLYLINE
  5
b5a
  8
Layer_0
  62
7
  66
1
  10
0
  20
0
  30
0
  0
VERTEX
  5
b5a
  8
Layer_0
  10
139.4491
  20
267.09595
  0
VERTEX
  5
b5b
  8
Layer_0
  10
139.50105
  20
267.71271
  0
SEQEND
  0
POLYLINE
  5
b5d
  8
Layer_0
  62
7
  66
1
  10
0
  20
0
  30
0
  0
VERTEX
  5
b5d
  8
Layer_0
  10
139.50105
  20
267.71271
  0
VERTEX
  5
b5e
  8
Layer_0
  10
139.55437
  20
268.2384
  0
SEQEND
  0
POLYLINE
  5
b60
  8
Layer_0
  62
7
  66
1
  10
0
  20
0
  30
0
  0
VERTEX
  5
b60
  8
Layer_0
  10
139.55437
  20
268.2384
  0
VERTEX
  5
b61
  8
Layer_0
  10
139.61072
  20
268.68488
  0
SEQEND
  0
POLYLINE
  5
b63
  8
Layer_0
  62
7
  66
1
  10
0
  20
0
  30
0
  0
VERTEX
  5
b63
  8
Layer_0
  10
139.61072
  20
268.68488
  0
VERTEX
  5
b64
  8
Layer_0
  10
139.73923
  20
269.38684
  0
SEQEND
  0
POLYLINE
  5
b66
  8
Layer_0
  62
7
  66
1
  10
0
  20
0
  30
0
  0
VERTEX
  5
b66
  8
Layer_0
  10
139.73923
  20
269.38684
  0
VERTEX
  5
b67
  8
Layer_0
  10
139.89992
  20
269.91266
  0
SEQEND
  0
POLYLINE
  5
b69
  8
Layer_0
  62
7
  66
1
  10
0
  20
0
  30
0
  0
VERTEX
  5
b69
  8
Layer_0
  10
139.89992
  20
269.91266
  0
VERTEX
  5
b6a
  8
Layer_0
  10
140.10619
  20
270.35626
  0
SEQEND
  0
POLYLINE
  5
b6c
  8
Layer_0
  62
7
  66
1
  10
0
  20
0
  30
0
  0
VERTEX
  5
b6c
  8
Layer_0
  10
140.10619
  20
270.35626
  0
VERTEX
  5
b6d
  8
Layer_0
  10
140.3714
  20
270.81171
  0
SEQEND
  0
POLYLINE
  5
b6f
  8
Layer_0
  62
7
  66
1
  10
0
  20
0
  30
0
  0
VERTEX
  5
b6f
  8
Layer_0
  10
140.3714
  20
270.81171
  0
VERTEX
  5
b70
  8
Layer_0
  10
140.80902
  20
271.41437
  0
SEQEND
  0
POLYLINE
  5
b72
  8
Layer_0
  62
7
  66
1
  10
0
  20
0
  30
0
  0
VERTEX
  5
b72
  8
Layer_0
  10
140.80902
  20
271.41437
  0
VERTEX
  5
b73
  8
Layer_0
  10
141.39787
  20
272.06274
  0
SEQEND
  0
POLYLINE
  5
b75
  8
Layer_0
  62
7
  66
1
  10
0
  20
0
  30
0
  0
VERTEX
  5
b75
  8
Layer_0
  10
141.39787
  20
272.06274
  0
VERTEX
  5
b76
  8
Layer_0
  10
142.06087
  20
272.67892
  0
SEQEND
  0
POLYLINE
  5
b78
  8
Layer_0
  62
7
  66
1
  10
0
  20
0
  30
0
  0
VERTEX
  5
b78
  8
Layer_0
  10
142.06087
  20
272.67892
  0
VERTEX
  5
b79
  8
Layer_0
  10
142.72089
  20
273.18503
  0
SEQEND
  0
POLYLINE
  5
b7b
  8
Layer_0
  62
7
  66
1
  10
0
  20
0
  30
0
  0
VERTEX
  5
b7b
  8
Layer_0
  10
142.72089
  20
273.18503
  0
VERTEX
  5
b7c
  8
Layer_0
  10
144.2551
  20
274.21564
  0
SEQEND
  0
POLYLINE
  5
b7e
  8
Layer_0
  62
7
  66
1
  10
0
  20
0
  30
0
  0
VERTEX
  5
b7e
  8
Layer_0
  10
144.2551
  20
274.21564
  0
VERTEX
  5
b7f
  8
Layer_0
  10
154.35007
  20
273.76904
  0
SEQEND
  0
POLYLINE
  5
b81
  8
Layer_0
  62
7
  66
1
  10
0
  20
0
  30
0
  0
VERTEX
  5
b81
  8
Layer_0
  10
154.35007
  20
273.76904
  0
VERTEX
  5
b82
  8
Layer_0
  10
155.68954
  20
273.70917
  0
SEQEND
  0
POLYLINE
  5
b84
  8
Layer_0
  62
7
  66
1
  10
0
  20
0
  30
0
  0
VERTEX
  5
b84
  8
Layer_0
  10
155.68954
  20
273.70917
  0
VERTEX
  5
b85
  8
Layer_0
  10
156.96227
  20
273.65094
  0
SEQEND
  0
POLYLINE
  5
b87
  8
Layer_0
  62
7
  66
1
  10
0
  20
0
  30
0
  0
VERTEX
  5
b87
  8
Layer_0
  10
156.96227
  20
273.65094
  0
VERTEX
  5
b88
  8
Layer_0
  10
158.17021
  20
273.59409
  0
SEQEND
  0
POLYLINE
  5
b8a
  8
Layer_0
  62
7
  66
1
  10
0
  20
0
  30
0
  0
VERTEX
  5
b8a
  8
Layer_0
  10
158.17021
  20
273.59409
  0
VERTEX
  5
b8b
  8
Layer_0
  10
159.31535
  20
273.53842
  0
SEQEND
  0
POLYLINE
  5
b8d
  8
Layer_0
  62
7
  66
1
  10
0
  20
0
  30
0
  0
VERTEX
  5
b8d
  8
Layer_0
  10
159.31535
  20
273.53842
  0
VERTEX
  5
b8e
  8
Layer_0
  10
159.99556
  20
273.53607
  0
SEQEND
  0
POLYLINE
  5
b90
  8
Layer_0
  62
7
  66
1
  10
0
  20
0
  30
0
  0
VERTEX
  5
b90
  8
Layer_0
  10
159.99556
  20
273.53607
  0
VERTEX
  5
b91
  8
Layer_0
  10
160.67577
  20
273.53375
  0
SEQEND
  0
POLYLINE
  5
b93
  8
Layer_0
  62
7
  66
1
  10
0
  20
0
  30
0
  0
VERTEX
  5
b93
  8
Layer_0
  10
160.67577
  20
273.53375
  0
VERTEX
  5
b94
  8
Layer_0
  10
161.82053
  20
273.5816
  0
SEQEND
  0
POLYLINE
  5
b96
  8
Layer_0
  62
7
  66
1
  10
0
  20
0
  30
0
  0
VERTEX
  5
b96
  8
Layer_0
  10
161.82053
  20
273.5816
  0
VERTEX
  5
b97
  8
Layer_0
  10
163.02809
  20
273.63016
  0
SEQEND
  0
POLYLINE
  5
b99
  8
Layer_0
  62
7
  66
1
  10
0
  20
0
  30
0
  0
VERTEX
  5
b99
  8
Layer_0
  10
163.02809
  20
273.63016
  0
VERTEX
  5
b9a
  8
Layer_0
  10
164.30043
  20
273.67969
  0
SEQEND
  0
POLYLINE
  5
b9c
  8
Layer_0
  62
7
  66
1
  10
0
  20
0
  30
0
  0
VERTEX
  5
b9c
  8
Layer_0
  10
164.30043
  20
273.67969
  0
VERTEX
  5
b9d
  8
Layer_0
  10
165.6395
  20
273.73041
  0
SEQEND
  0
POLYLINE
  5
b9f
  8
Layer_0
  62
7
  66
1
  10
0
  20
0
  30
0
  0
VERTEX
  5
b9f
  8
Layer_0
  10
165.6395
  20
273.73041
  0
VERTEX
  5
ba0
  8
Layer_0
  10
175.73151
  20
274.10782
  0
SEQEND
  0
POLYLINE
  5
ba2
  8
Layer_0
  62
7
  66
1
  10
0
  20
0
  30
0
  0
VERTEX
  5
ba2
  8
Layer_0
  10
175.73151
  20
274.10782
  0
VERTEX
  5
ba3
  8
Layer_0
  10
177.27318
  20
273.06668
  0
SEQEND
  0
POLYLINE
  5
ba5
  8
Layer_0
  62
7
  66
1
  10
0
  20
0
  30
0
  0
VERTEX
  5
ba5
  8
Layer_0
  10
177.27318
  20
273.06668
  0
VERTEX
  5
ba6
  8
Layer_0
  10
177.93686
  20
272.55603
  0
SEQEND
  0
POLYLINE
  5
ba8
  8
Layer_0
  62
7
  66
1
  10
0
  20
0
  30
0
  0
VERTEX
  5
ba8
  8
Layer_0
  10
177.93686
  20
272.55603
  0
VERTEX
  5
ba9
  8
Layer_0
  10
178.60431
  20
271.9353
  0
SEQEND
  0
POLYLINE
  5
bab
  8
Layer_0
  62
7
  66
1
  10
0
  20
0
  30
0
  0
VERTEX
  5
bab
  8
Layer_0
  10
178.60431
  20
271.9353
  0
VERTEX
  5
bac
  8
Layer_0
  10
179.19785
  20
271.2829
  0
SEQEND
  0
POLYLINE
  5
bae
  8
Layer_0
  62
7
  66
1
  10
0
  20
0
  30
0
  0
VERTEX
  5
bae
  8
Layer_0
  10
179.19785
  20
271.2829
  0
VERTEX
  5
baf
  8
Layer_0
  10
179.63982
  20
270.67719
  0
SEQEND
  0
POLYLINE
  5
bb1
  8
Layer_0
  62
7
  66
1
  10
0
  20
0
  30
0
  0
VERTEX
  5
bb1
  8
Layer_0
  10
179.63982
  20
270.67719
  0
VERTEX
  5
bb2
  8
Layer_0
  10
179.90831
  20
270.21994
  0
SEQEND
  0
POLYLINE
  5
bb4
  8
Layer_0
  62
7
  66
1
  10
0
  20
0
  30
0
  0
VERTEX
  5
bb4
  8
Layer_0
  10
179.90831
  20
270.21994
  0
VERTEX
  5
bb5
  8
Layer_0
  10
180.11778
  20
269.7749
  0
SEQEND
  0
POLYLINE
  5
bb7
  8
Layer_0
  62
7
  66
1
  10
0
  20
0
  30
0
  0
VERTEX
  5
bb7
  8
Layer_0
  10
180.11778
  20
269.7749
  0
VERTEX
  5
bb8
  8
Layer_0
  10
180.28227
  20
269.24799
  0
SEQEND
  0
POLYLINE
  5
bba
  8
Layer_0
  62
7
  66
1
  10
0
  20
0
  30
0
  0
VERTEX
  5
bba
  8
Layer_0
  10
180.28227
  20
269.24799
  0
VERTEX
  5
bbb
  8
Layer_0
  10
180.41583
  20
268.5451
  0
SEQEND
  0
POLYLINE
  5
bbd
  8
Layer_0
  62
7
  66
1
  10
0
  20
0
  30
0
  0
VERTEX
  5
bbd
  8
Layer_0
  10
180.41583
  20
268.5451
  0
VERTEX
  5
bbe
  8
Layer_0
  10
180.4754
  20
268.09827
  0
SEQEND
  0
POLYLINE
  5
bc0
  8
Layer_0
  62
7
  66
1
  10
0
  20
0
  30
0
  0
VERTEX
  5
bc0
  8
Layer_0
  10
180.4754
  20
268.09827
  0
VERTEX
  5
bc1
  8
Layer_0
  10
180.5325
  20
267.57217
  0
SEQEND
  0
POLYLINE
  5
bc3
  8
Layer_0
  62
7
  66
1
  10
0
  20
0
  30
0
  0
VERTEX
  5
bc3
  8
Layer_0
  10
180.5325
  20
267.57217
  0
VERTEX
  5
bc4
  8
Layer_0
  10
180.5889
  20
266.95505
  0
SEQEND
  0
POLYLINE
  5
bc6
  8
Layer_0
  62
7
  66
1
  10
0
  20
0
  30
0
  0
VERTEX
  5
bc6
  8
Layer_0
  10
180.5889
  20
266.95505
  0
VERTEX
  5
bc7
  8
Layer_0
  10
180.64633
  20
266.23514
  0
SEQEND
  0
POLYLINE
  5
bc9
  8
Layer_0
  62
7
  66
1
  10
0
  20
0
  30
0
  0
VERTEX
  5
bc9
  8
Layer_0
  10
180.64633
  20
266.23514
  0
VERTEX
  5
bca
  8
Layer_0
  10
180.70659
  20
265.4007
  0
SEQEND
  0
POLYLINE
  5
bcc
  8
Layer_0
  62
7
  66
1
  10
0
  20
0
  30
0
  0
VERTEX
  5
bcc
  8
Layer_0
  10
180.70659
  20
265.4007
  0
VERTEX
  5
bcd
  8
Layer_0
  10
180.77139
  20
264.43991
  0
SEQEND
  0
POLYLINE
  5
bcf
  8
Layer_0
  62
7
  66
1
  10
0
  20
0
  30
0
  0
VERTEX
  5
bcf
  8
Layer_0
  10
180.77139
  20
264.43991
  0
VERTEX
  5
bd0
  8
Layer_0
  10
180.84251
  20
263.34109
  0
SEQEND
  0
POLYLINE
  5
bd2
  8
Layer_0
  62
7
  66
1
  10
0
  20
0
  30
0
  0
VERTEX
  5
bd2
  8
Layer_0
  10
180.84251
  20
263.34109
  0
VERTEX
  5
bd3
  8
Layer_0
  10
180.92169
  20
262.09241
  0
SEQEND
  0
POLYLINE
  5
bd5
  8
Layer_0
  62
7
  66
1
  10
0
  20
0
  30
0
  0
VERTEX
  5
bd5
  8
Layer_0
  10
180.92169
  20
262.09241
  0
VERTEX
  5
bd6
  8
Layer_0
  10
181.01613
  20
260.64102
  0
SEQEND
  0
POLYLINE
  5
bd8
  8
Layer_0
  62
7
  66
1
  10
0
  20
0
  30
0
  0
VERTEX
  5
bd8
  8
Layer_0
  10
121.26633
  20
260.95447
  0
VERTEX
  5
bd9
  8
Layer_0
  10
129.86359
  20
260.92462
  0
SEQEND
  0
POLYLINE
  5
bdb
  8
Layer_0
  62
7
  66
1
  10
0
  20
0
  30
0
  0
VERTEX
  5
bdb
  8
Layer_0
  10
129.52846
  20
263.66003
  0
VERTEX
  5
bdc
  8
Layer_0
  10
129.79245
  20
261.80017
  0
VERTEX
  5
bdd
  8
Layer_0
  10
129.86359
  20
260.92462
  0
SEQEND
  0
POLYLINE
  5
bdf
  8
Layer_0
  62
7
  66
1
  10
0
  20
0
  30
0
  0
VERTEX
  5
bdf
  8
Layer_0
  10
190.53453
  20
263.45108
  0
VERTEX
  5
be0
  8
Layer_0
  10
190.28392
  20
261.59299
  0
VERTEX
  5
be1
  8
Layer_0
  10
190.21889
  20
260.71515
  0
SEQEND
  0
POLYLINE
  5
be3
  8
Layer_0
  62
7
  66
1
  10
0
  20
0
  30
0
  0
VERTEX
  5
be3
  8
Layer_0
  10
139.07358
  20
260.89267
  0
VERTEX
  5
be4
  8
Layer_0
  10
181.00923
  20
260.7471
  0
SEQEND
  0
POLYLINE
  5
be6
  8
Layer_0
  62
7
  66
1
  10
0
  20
0
  30
0
  0
VERTEX
  5
be6
  8
Layer_0
  10
190.21889
  20
260.71515
  0
VERTEX
  5
be7
  8
Layer_0
  10
198.88406
  20
260.68506
  0
SEQEND
  0
POLYLINE
  5
be9
  8
Layer_0
  62
7
  70
1
  66
1
  10
0
  20
0
  30
0
  0
VERTEX
  5
be9
  8
Layer_0
  10
217.3667
  20
5.3544922
  0
VERTEX
  5
bea
  8
Layer_0
  10
217.37549
  20
5.3549805
  0
VERTEX
  5
beb
  8
Layer_0
  10
217.68848
  20
5.3701172
  0
VERTEX
  5
bec
  8
Layer_0
  10
217.71289
  20
5.371582
  0
VERTEX
  5
bed
  8
Layer_0
  10
217.73486
  20
5.3725586
  0
VERTEX
  5
bee
  8
Layer_0
  10
217.80127
  20
5.3774414
  0
VERTEX
  5
bef
  8
Layer_0
  10
217.88574
  20
5.3833008
  0
VERTEX
  5
bf0
  8
Layer_0
  10
217.91357
  20
5.3862305
  0
VERTEX
  5
bf1
  8
Layer_0
  10
217.93213
  20
5.3876953
  0
VERTEX
  5
bf2
  8
Layer_0
  10
217.98926
  20
5.3945313
  0
VERTEX
  5
bf3
  8
Layer_0
  10
218.08203
  20
5.4042969
  0
VERTEX
  5
bf4
  8
Layer_0
  10
218.11035
  20
5.4086914
  0
VERTEX
  5
bf5
  8
Layer_0
  10
218.12842
  20
5.4106445
  0
VERTEX
  5
bf6
  8
Layer_0
  10
218.16357
  20
5.4165039
  0
VERTEX
  5
bf7
  8
Layer_0
  10
218.27783
  20
5.4335938
  0
VERTEX
  5
bf8
  8
Layer_0
  10
218.37354
  20
5.4511719
  0
VERTEX
  5
bf9
  8
Layer_0
  10
218.41602
  20
5.4584961
  42
0.0096074923
  0
VERTEX
  5
bfa
  8
Layer_0
  10
218.8457
  20
5.5444336
  42
0.091421577
  0
VERTEX
  5
bfb
  8
Layer_0
  10
222.38574
  20
7.1518555
  42
0.050399549
  0
VERTEX
  5
bfc
  8
Layer_0
  10
226.48633
  20
10.633301
  42
0.0094803458
  0
VERTEX
  5
bfd
  8
Layer_0
  10
227.84033
  20
12.066406
  42
0.017717667
  0
VERTEX
  5
bfe
  8
Layer_0
  10
232.83496
  20
18.088867
  42
0.064925018
  0
VERTEX
  5
bff
  8
Layer_0
  10
235.53369
  20
22.963379
  0
VERTEX
  5
c00
  8
Layer_0
  10
235.5415
  20
22.982422
  0
VERTEX
  5
c01
  8
Layer_0
  10
235.55225
  20
23.006348
  42
0.016449112
  0
VERTEX
  5
c02
  8
Layer_0
  10
235.84473
  20
23.702148
  0
VERTEX
  5
c03
  8
Layer_0
  10
235.84619
  20
23.705078
  0
VERTEX
  5
c04
  8
Layer_0
  10
236.16504
  20
24.470215
  0
VERTEX
  5
c05
  8
Layer_0
  10
236.16992
  20
24.480957
  0
VERTEX
  5
c06
  8
Layer_0
  10
237.74658
  20
28.266602
  0
VERTEX
  5
c07
  8
Layer_0
  10
237.7583
  20
28.296387
  0
VERTEX
  5
c08
  8
Layer_0
  10
237.7749
  20
28.335938
  0
VERTEX
  5
c09
  8
Layer_0
  10
237.79688
  20
28.394531
  0
VERTEX
  5
c0a
  8
Layer_0
  10
237.81885
  20
28.450684
  0
VERTEX
  5
c0b
  8
Layer_0
  10
237.82959
  20
28.481445
  0
VERTEX
  5
c0c
  8
Layer_0
  10
237.84424
  20
28.520996
  0
VERTEX
  5
c0d
  8
Layer_0
  10
237.86328
  20
28.578613
  0
VERTEX
  5
c0e
  8
Layer_0
  10
237.88379
  20
28.637207
  0
VERTEX
  5
c0f
  8
Layer_0
  10
237.8916
  20
28.663086
  0
VERTEX
  5
c10
  8
Layer_0
  10
237.90674
  20
28.708496
  0
VERTEX
  5
c11
  8
Layer_0
  10
237.92627
  20
28.775879
  0
VERTEX
  5
c12
  8
Layer_0
  10
237.94141
  20
28.826172
  0
VERTEX
  5
c13
  8
Layer_0
  10
237.94775
  20
28.850586
  0
VERTEX
  5
c14
  8
Layer_0
  10
237.96143
  20
28.898438
  0
VERTEX
  5
c15
  8
Layer_0
  10
237.97656
  20
28.959961
  0
VERTEX
  5
c16
  8
Layer_0
  10
237.9917
  20
29.017578
  0
VERTEX
  5
c17
  8
Layer_0
  10
237.99707
  20
29.041992
  0
VERTEX
  5
c18
  8
Layer_0
  10
238.00879
  20
29.090332
  0
VERTEX
  5
c19
  8
Layer_0
  10
238.02197
  20
29.15625
  0
VERTEX
  5
c1a
  8
Layer_0
  10
238.03418
  20
29.210449
  0
VERTEX
  5
c1b
  8
Layer_0
  10
238.03955
  20
29.240234
  0
VERTEX
  5
c1c
  8
Layer_0
  10
238.04834
  20
29.28418
  0
VERTEX
  5
c1d
  8
Layer_0
  10
238.05859
  20
29.34668
  0
VERTEX
  5
c1e
  8
Layer_0
  10
238.06885
  20
29.404785
  0
VERTEX
  5
c1f
  8
Layer_0
  10
238.07324
  20
29.436523
  0
VERTEX
  5
c20
  8
Layer_0
  10
238.08008
  20
29.479004
  0
VERTEX
  5
c21
  8
Layer_0
  10
238.08691
  20
29.533691
  0
VERTEX
  5
c22
  8
Layer_0
  10
238.09619
  20
29.600586
  0
VERTEX
  5
c23
  8
Layer_0
  10
238.1001
  20
29.63916
  0
VERTEX
  5
c24
  8
Layer_0
  10
238.10449
  20
29.675293
  0
VERTEX
  5
c25
  8
Layer_0
  10
238.10742
  20
29.711914
  0
VERTEX
  5
c26
  8
Layer_0
  10
238.11572
  20
29.797363
  0
VERTEX
  5
c27
  8
Layer_0
  10
238.11865
  20
29.84668
  0
VERTEX
  5
c28
  8
Layer_0
  10
238.12061
  20
29.87207
  0
VERTEX
  5
c29
  8
Layer_0
  10
238.12158
  20
29.896973
  0
VERTEX
  5
c2a
  8
Layer_0
  10
238.12695
  20
29.994629
  0
VERTEX
  5
c2b
  8
Layer_0
  10
238.12939
  20
30.115723
  0
VERTEX
  5
c2c
  8
Layer_0
  10
238.13086
  20
30.163574
  0
VERTEX
  5
c2d
  8
Layer_0
  10
238.15039
  20
34.006836
  0
VERTEX
  5
c2e
  8
Layer_0
  10
238.1499
  20
34.044922
  0
VERTEX
  5
c2f
  8
Layer_0
  10
238.15039
  20
34.07666
  42
0.011628418
  0
VERTEX
  5
c30
  8
Layer_0
  10
238.1333
  20
35.763672
  0
VERTEX
  5
c31
  8
Layer_0
  10
238.1333
  20
35.804688
  42
0.012397026
  0
VERTEX
  5
c32
  8
Layer_0
  10
238.07568
  20
37.382324
  42
0.042288948
  0
VERTEX
  5
c33
  8
Layer_0
  10
237.77686
  20
40.258301
  42
0.16082263
  0
VERTEX
  5
c34
  8
Layer_0
  10
233.96436
  20
46.707031
  0
VERTEX
  5
c35
  8
Layer_0
  10
233.93945
  20
46.726074
  0
VERTEX
  5
c36
  8
Layer_0
  10
233.84229
  20
46.803711
  0
VERTEX
  5
c37
  8
Layer_0
  10
233.76074
  20
46.86377
  0
VERTEX
  5
c38
  8
Layer_0
  10
233.7334
  20
46.884766
  42
0.012219008
  0
VERTEX
  5
c39
  8
Layer_0
  10
233.22949
  20
47.249023
  42
0.082371085
  0
VERTEX
  5
c3a
  8
Layer_0
  10
231.02734
  20
48.258789
  42
0.085393006
  0
VERTEX
  5
c3b
  8
Layer_0
  10
228.43652
  20
48.56543
  42
0.064823926
  0
VERTEX
  5
c3c
  8
Layer_0
  10
226.82715
  20
48.272949
  0
VERTEX
  5
c3d
  8
Layer_0
  10
226.68311
  20
48.233398
  42
-0.0016735307
  0
VERTEX
  5
c3e
  8
Layer_0
  10
226.63672
  20
48.220703
  42
-0.0015211422
  0
VERTEX
  5
c3f
  8
Layer_0
  10
226.45166
  20
48.162598
  0
VERTEX
  5
c40
  8
Layer_0
  10
226.26563
  20
48.095703
  42
0.10690912
  0
VERTEX
  5
c41
  8
Layer_0
  10
222.9209
  20
45.762695
  42
0.017076745
  0
VERTEX
  5
c42
  8
Layer_0
  10
222.77197
  20
45.609863
  0
VERTEX
  5
c43
  8
Layer_0
  10
222.77051
  20
45.608398
  42
0.0094309625
  0
VERTEX
  5
c44
  8
Layer_0
  10
222.29443
  20
45.095703
  42
0.017169624
  0
VERTEX
  5
c45
  8
Layer_0
  10
219.35449
  20
41.490723
  0
VERTEX
  5
c46
  8
Layer_0
  10
219
  20
41.055664
  42
-0.044363438
  0
VERTEX
  5
c47
  8
Layer_0
  10
217.38281
  20
39.345703
  42
-0.030174012
  0
VERTEX
  5
c48
  8
Layer_0
  10
215.65186
  20
38.11377
  42
-0.024453772
  0
VERTEX
  5
c49
  8
Layer_0
  10
213.7251
  20
36.980957
  42
-0.064869888
  0
VERTEX
  5
c4a
  8
Layer_0
  10
211.77539
  20
36.226563
  42
-0.10853979
  0
VERTEX
  5
c4b
  8
Layer_0
  10
208.53516
  20
36.211914
  42
-0.038951183
  0
VERTEX
  5
c4c
  8
Layer_0
  10
203.40332
  20
37.696777
  42
-0.015436135
  0
VERTEX
  5
c4d
  8
Layer_0
  10
200.36035
  20
38.915527
  0
VERTEX
  5
c4e
  8
Layer_0
  10
200.35645
  20
38.91748
  42
0.010418244
  0
VERTEX
  5
c4f
  8
Layer_0
  10
199.21973
  20
39.400391
  42
0.0089985713
  0
VERTEX
  5
c50
  8
Layer_0
  10
197.74219
  20
39.985352
  42
0.038835994
  0
VERTEX
  5
c51
  8
Layer_0
  10
197.72217
  20
40.004395
  42
0.00756397
  0
VERTEX
  5
c52
  8
Layer_0
  10
197.2832
  20
40.402344
  0
VERTEX
  5
c53
  8
Layer_0
  10
197.1792
  20
40.600098
  42
-0.048294123
  0
VERTEX
  5
c54
  8
Layer_0
  10
196.57568
  20
42.383789
  0
VERTEX
  5
c55
  8
Layer_0
  10
196.27979
  20
43.791992
  0
VERTEX
  5
c56
  8
Layer_0
  10
196.06006
  20
45.336914
  0
VERTEX
  5
c57
  8
Layer_0
  10
195.92285
  20
47.023926
  42
-0.0049477497
  0
VERTEX
  5
c58
  8
Layer_0
  10
195.88037
  20
50.657715
  0
VERTEX
  5
c59
  8
Layer_0
  10
195.87256
  20
51.108887
  0
VERTEX
  5
c5a
  8
Layer_0
  10
195.86963
  20
51.181641
  0
VERTEX
  5
c5b
  8
Layer_0
  10
195.86865
  20
51.246582
  0
VERTEX
  5
c5c
  8
Layer_0
  10
195.84033
  20
51.87793
  0
VERTEX
  5
c5d
  8
Layer_0
  10
201.33398
  20
51.858887
  0
VERTEX
  5
c5e
  8
Layer_0
  10
210.36816
  20
51.682617
  0
VERTEX
  5
c5f
  8
Layer_0
  10
210.42432
  20
51.682617
  0
VERTEX
  5
c60
  8
Layer_0
  10
210.49023
  20
51.681641
  0
VERTEX
  5
c61
  8
Layer_0
  10
210.52979
  20
51.682617
  0
VERTEX
  5
c62
  8
Layer_0
  10
210.56592
  20
51.682617
  0
VERTEX
  5
c63
  8
Layer_0
  10
210.62598
  20
51.685059
  0
VERTEX
  5
c64
  8
Layer_0
  10
210.68799
  20
51.686523
  0
VERTEX
  5
c65
  8
Layer_0
  10
210.72559
  20
51.688965
  0
VERTEX
  5
c66
  8
Layer_0
  10
210.76318
  20
51.69043
  0
VERTEX
  5
c67
  8
Layer_0
  10
210.82617
  20
51.695313
  0
VERTEX
  5
c68
  8
Layer_0
  10
210.88525
  20
51.699219
  0
VERTEX
  5
c69
  8
Layer_0
  10
210.91992
  20
51.702637
  0
VERTEX
  5
c6a
  8
Layer_0
  10
210.96045
  20
51.706055
  0
VERTEX
  5
c6b
  8
Layer_0
  10
211.02881
  20
51.714355
  0
VERTEX
  5
c6c
  8
Layer_0
  10
211.08154
  20
51.719727
  0
VERTEX
  5
c6d
  8
Layer_0
  10
211.11279
  20
51.724121
  0
VERTEX
  5
c6e
  8
Layer_0
  10
211.15674
  20
51.729492
  0
VERTEX
  5
c6f
  8
Layer_0
  10
211.22705
  20
51.740723
  0
VERTEX
  5
c70
  8
Layer_0
  10
211.27734
  20
51.748047
  0
VERTEX
  5
c71
  8
Layer_0
  10
211.30908
  20
51.753906
  0
VERTEX
  5
c72
  8
Layer_0
  10
211.35156
  20
51.760742
  0
VERTEX
  5
c73
  8
Layer_0
  10
211.3999
  20
51.770508
  0
VERTEX
  5
c74
  8
Layer_0
  10
211.47168
  20
51.783691
  0
VERTEX
  5
c75
  8
Layer_0
  10
211.51953
  20
51.794434
  0
VERTEX
  5
c76
  8
Layer_0
  10
211.54541
  20
51.799805
  0
VERTEX
  5
c77
  8
Layer_0
  10
211.59619
  20
51.812012
  0
VERTEX
  5
c78
  8
Layer_0
  10
211.66455
  20
51.827637
  0
VERTEX
  5
c79
  8
Layer_0
  10
211.69922
  20
51.836914
  0
VERTEX
  5
c7a
  8
Layer_0
  10
211.73779
  20
51.846191
  0
VERTEX
  5
c7b
  8
Layer_0
  10
211.79297
  20
51.861816
  0
VERTEX
  5
c7c
  8
Layer_0
  10
211.85547
  20
51.878418
  0
VERTEX
  5
c7d
  8
Layer_0
  10
211.8916
  20
51.889648
  0
VERTEX
  5
c7e
  8
Layer_0
  10
211.92773
  20
51.899902
  0
VERTEX
  5
c7f
  8
Layer_0
  10
211.98291
  20
51.917969
  0
VERTEX
  5
c80
  8
Layer_0
  10
212.04395
  20
51.937012
  0
VERTEX
  5
c81
  8
Layer_0
  10
212.07617
  20
51.948242
  0
VERTEX
  5
c82
  8
Layer_0
  10
212.11572
  20
51.961426
  0
VERTEX
  5
c83
  8
Layer_0
  10
212.18506
  20
51.987305
  0
VERTEX
  5
c84
  8
Layer_0
  10
212.23047
  20
52.003418
  0
VERTEX
  5
c85
  8
Layer_0
  10
212.25098
  20
52.011719
  0
VERTEX
  5
c86
  8
Layer_0
  10
212.30078
  20
52.030273
  0
VERTEX
  5
c87
  8
Layer_0
  10
212.36963
  20
52.059082
  0
VERTEX
  5
c88
  8
Layer_0
  10
212.41357
  20
52.07666
  0
VERTEX
  5
c89
  8
Layer_0
  10
212.43994
  20
52.088379
  0
VERTEX
  5
c8a
  8
Layer_0
  10
212.48291
  20
52.106445
  0
VERTEX
  5
c8b
  8
Layer_0
  10
212.53857
  20
52.132324
  0
VERTEX
  5
c8c
  8
Layer_0
  10
212.59424
  20
52.157227
  0
VERTEX
  5
c8d
  8
Layer_0
  10
212.63086
  20
52.175293
  0
VERTEX
  5
c8e
  8
Layer_0
  10
212.66211
  20
52.189941
  0
VERTEX
  5
c8f
  8
Layer_0
  10
212.71143
  20
52.215332
  0
VERTEX
  5
c90
  8
Layer_0
  10
212.77148
  20
52.245117
  0
VERTEX
  5
c91
  8
Layer_0
  10
212.79834
  20
52.259766
  0
VERTEX
  5
c92
  8
Layer_0
  10
212.83838
  20
52.280273
  0
VERTEX
  5
c93
  8
Layer_0
  10
212.89258
  20
52.311035
  0
VERTEX
  5
c94
  8
Layer_0
  10
212.94482
  20
52.339355
  0
VERTEX
  5
c95
  8
Layer_0
  10
212.97656
  20
52.358398
  0
VERTEX
  5
c96
  8
Layer_0
  10
213.01025
  20
52.377441
  0
VERTEX
  5
c97
  8
Layer_0
  10
213.05273
  20
52.403809
  0
VERTEX
  5
c98
  8
Layer_0
  10
213.11475
  20
52.440918
  0
VERTEX
  5
c99
  8
Layer_0
  10
213.15137
  20
52.464844
  0
VERTEX
  5
c9a
  8
Layer_0
  10
213.17822
  20
52.481445
  0
VERTEX
  5
c9b
  8
Layer_0
  10
213.21436
  20
52.505859
  0
VERTEX
  5
c9c
  8
Layer_0
  10
213.28027
  20
52.548828
  0
VERTEX
  5
c9d
  8
Layer_0
  10
213.31055
  20
52.570313
  0
VERTEX
  5
c9e
  8
Layer_0
  10
213.34229
  20
52.591797
  0
VERTEX
  5
c9f
  8
Layer_0
  10
213.38086
  20
52.620117
  0
VERTEX
  5
ca0
  8
Layer_0
  10
213.44141
  20
52.663086
  0
VERTEX
  5
ca1
  8
Layer_0
  10
213.47363
  20
52.687988
  0
VERTEX
  5
ca2
  8
Layer_0
  10
213.50146
  20
52.708496
  0
VERTEX
  5
ca3
  8
Layer_0
  10
213.54932
  20
52.746582
  0
VERTEX
  5
ca4
  8
Layer_0
  10
213.59766
  20
52.78418
  0
VERTEX
  5
ca5
  8
Layer_0
  10
213.61572
  20
52.799316
  0
VERTEX
  5
ca6
  8
Layer_0
  10
213.65625
  20
52.831543
  0
VERTEX
  5
ca7
  8
Layer_0
  10
213.70654
  20
52.875
  0
VERTEX
  5
ca8
  8
Layer_0
  10
213.74902
  20
52.910645
  0
VERTEX
  5
ca9
  8
Layer_0
  10
213.77881
  20
52.9375
  0
VERTEX
  5
caa
  8
Layer_0
  10
213.80566
  20
52.960938
  0
VERTEX
  5
cab
  8
Layer_0
  10
213.84619
  20
52.998535
  0
VERTEX
  5
cac
  8
Layer_0
  10
213.89551
  20
53.043457
  0
VERTEX
  5
cad
  8
Layer_0
  10
213.91797
  20
53.06543
  0
VERTEX
  5
cae
  8
Layer_0
  10
213.9502
  20
53.095703
  0
VERTEX
  5
caf
  8
Layer_0
  10
213.99463
  20
53.140625
  0
VERTEX
  5
cb0
  8
Layer_0
  10
214.03662
  20
53.182129
  0
VERTEX
  5
cb1
  8
Layer_0
  10
214.04932
  20
53.195801
  0
VERTEX
  5
cb2
  8
Layer_0
  10
214.08936
  20
53.236328
  0
VERTEX
  5
cb3
  8
Layer_0
  10
214.12793
  20
53.278809
  0
VERTEX
  5
cb4
  8
Layer_0
  10
214.17236
  20
53.325684
  0
VERTEX
  5
cb5
  8
Layer_0
  10
214.20068
  20
53.358398
  0
VERTEX
  5
cb6
  8
Layer_0
  10
214.22266
  20
53.382324
  0
VERTEX
  5
cb7
  8
Layer_0
  10
214.24805
  20
53.412598
  0
VERTEX
  5
cb8
  8
Layer_0
  10
214.30225
  20
53.474609
  0
VERTEX
  5
cb9
  8
Layer_0
  10
214.33105
  20
53.510742
  0
VERTEX
  5
cba
  8
Layer_0
  10
214.3501
  20
53.533203
  0
VERTEX
  5
cbb
  8
Layer_0
  10
214.37939
  20
53.570801
  0
VERTEX
  5
cbc
  8
Layer_0
  10
214.42578
  20
53.628906
  0
VERTEX
  5
cbd
  8
Layer_0
  10
214.44189
  20
53.650879
  0
VERTEX
  5
cbe
  8
Layer_0
  10
214.47168
  20
53.688965
  0
VERTEX
  5
cbf
  8
Layer_0
  10
214.50391
  20
53.734375
  0
VERTEX
  5
cc0
  8
Layer_0
  10
214.54346
  20
53.787598
  0
VERTEX
  5
cc1
  8
Layer_0
  10
214.56543
  20
53.820313
  0
VERTEX
  5
cc2
  8
Layer_0
  10
214.58643
  20
53.849609
  0
VERTEX
  5
cc3
  8
Layer_0
  10
214.61914
  20
53.899414
  0
VERTEX
  5
cc4
  8
Layer_0
  10
214.6543
  20
53.951172
  0
VERTEX
  5
cc5
  8
Layer_0
  10
214.66797
  20
53.973145
  0
VERTEX
  5
cc6
  8
Layer_0
  10
214.69531
  20
54.014648
  0
VERTEX
  5
cc7
  8
Layer_0
  10
214.72314
  20
54.061035
  0
VERTEX
  5
cc8
  8
Layer_0
  10
214.75928
  20
54.118652
  0
VERTEX
  5
cc9
  8
Layer_0
  10
214.78076
  20
54.15625
  0
VERTEX
  5
cca
  8
Layer_0
  10
214.79736
  20
54.184082
  0
VERTEX
  5
ccb
  8
Layer_0
  10
214.82031
  20
54.226074
  0
VERTEX
  5
ccc
  8
Layer_0
  10
214.85693
  20
54.290527
  0
VERTEX
  5
ccd
  8
Layer_0
  10
214.87354
  20
54.322754
  0
VERTEX
  5
cce
  8
Layer_0
  10
214.89258
  20
54.357422
  0
VERTEX
  5
ccf
  8
Layer_0
  10
214.90576
  20
54.384277
  0
VERTEX
  5
cd0
  8
Layer_0
  10
214.94824
  20
54.46582
  0
VERTEX
  5
cd1
  8
Layer_0
  10
214.97021
  20
54.512695
  0
VERTEX
  5
cd2
  8
Layer_0
  10
214.98096
  20
54.53418
  0
VERTEX
  5
cd3
  8
Layer_0
  10
215
  20
54.57666
  0
VERTEX
  5
cd4
  8
Layer_0
  10
215.03223
  20
54.64502
  0
VERTEX
  5
cd5
  8
Layer_0
  10
215.04395
  20
54.672852
  0
VERTEX
  5
cd6
  8
Layer_0
  10
215.0625
  20
54.713867
  0
VERTEX
  5
cd7
  8
Layer_0
  10
215.0874
  20
54.775879
  0
VERTEX
  5
cd8
  8
Layer_0
  10
215.10889
  20
54.82666
  0
VERTEX
  5
cd9
  8
Layer_0
  10
215.11963
  20
54.85498
  0
VERTEX
  5
cda
  8
Layer_0
  10
215.13672
  20
54.897461
  0
VERTEX
  5
cdb
  8
Layer_0
  10
215.15869
  20
54.958496
  0
VERTEX
  5
cdc
  8
Layer_0
  10
215.17871
  20
55.011719
  0
VERTEX
  5
cdd
  8
Layer_0
  10
215.18896
  20
55.04248
  0
VERTEX
  5
cde
  8
Layer_0
  10
215.20361
  20
55.083496
  0
VERTEX
  5
cdf
  8
Layer_0
  10
215.21777
  20
55.128418
  0
VERTEX
  5
ce0
  8
Layer_0
  10
215.24121
  20
55.199219
  0
VERTEX
  5
ce1
  8
Layer_0
  10
215.25488
  20
55.246582
  0
VERTEX
  5
ce2
  8
Layer_0
  10
215.2627
  20
55.271973
  0
VERTEX
  5
ce3
  8
Layer_0
  10
215.27197
  20
55.306641
  0
VERTEX
  5
ce4
  8
Layer_0
  10
215.2959
  20
55.38916
  0
VERTEX
  5
ce5
  8
Layer_0
  10
215.30371
  20
55.420898
  0
VERTEX
  5
ce6
  8
Layer_0
  10
215.31494
  20
55.462402
  0
VERTEX
  5
ce7
  8
Layer_0
  10
215.32813
  20
55.519043
  0
VERTEX
  5
ce8
  8
Layer_0
  10
215.34326
  20
55.581055
  0
VERTEX
  5
ce9
  8
Layer_0
  10
215.34912
  20
55.610352
  0
VERTEX
  5
cea
  8
Layer_0
  10
215.35938
  20
55.654785
  0
VERTEX
  5
ceb
  8
Layer_0
  10
215.37109
  20
55.717285
  0
VERTEX
  5
cec
  8
Layer_0
  10
215.38281
  20
55.774902
  0
VERTEX
  5
ced
  8
Layer_0
  10
215.3877
  20
55.804199
  0
VERTEX
  5
cee
  8
Layer_0
  10
215.396
  20
55.849121
  0
VERTEX
  5
cef
  8
Layer_0
  10
215.40479
  20
55.906738
  0
VERTEX
  5
cf0
  8
Layer_0
  10
215.41504
  20
55.969727
  0
VERTEX
  5
cf1
  8
Layer_0
  10
215.41895
  20
56.000977
  0
VERTEX
  5
cf2
  8
Layer_0
  10
215.42529
  20
56.044434
  0
VERTEX
  5
cf3
  8
Layer_0
  10
215.43311
  20
56.116211
  0
VERTEX
  5
cf4
  8
Layer_0
  10
215.43896
  20
56.166016
  0
VERTEX
  5
cf5
  8
Layer_0
  10
215.44141
  20
56.193359
  0
VERTEX
  5
cf6
  8
Layer_0
  10
215.44629
  20
56.241211
  0
VERTEX
  5
cf7
  8
Layer_0
  10
215.45068
  20
56.302246
  0
VERTEX
  5
cf8
  8
Layer_0
  10
215.45557
  20
56.362793
  0
VERTEX
  5
cf9
  8
Layer_0
  10
215.45654
  20
56.386719
  0
VERTEX
  5
cfa
  8
Layer_0
  10
215.45996
  20
56.438477
  42
0.016704135
  0
VERTEX
  5
cfb
  8
Layer_0
  10
215.46582
  20
56.654297
  0
VERTEX
  5
cfc
  8
Layer_0
  10
216.22656
  20
195.43555
  42
0.40995108
  0
VERTEX
  5
cfd
  8
Layer_0
  10
211.32422
  20
200.46191
  0
VERTEX
  5
cfe
  8
Layer_0
  10
203.55469
  20
200.61377
  0
VERTEX
  5
cff
  8
Layer_0
  10
203.74463
  20
235.25293
  0
VERTEX
  5
d00
  8
Layer_0
  10
203.78662
  20
242.86719
  0
VERTEX
  5
d01
  8
Layer_0
  10
203.88428
  20
260.65771
  0
VERTEX
  5
d02
  8
Layer_0
  10
203.88379
  20
260.67432
  0
VERTEX
  5
d03
  8
Layer_0
  10
203.88428
  20
260.71924
  0
VERTEX
  5
d04
  8
Layer_0
  10
203.88232
  20
260.78223
  0
VERTEX
  5
d05
  8
Layer_0
  10
203.88135
  20
260.85547
  0
VERTEX
  5
d06
  8
Layer_0
  10
203.87988
  20
260.87842
  0
VERTEX
  5
d07
  8
Layer_0
  10
203.87891
  20
260.91699
  0
VERTEX
  5
d08
  8
Layer_0
  10
203.87402
  20
260.98828
  42
-0.0032800765
  0
VERTEX
  5
d09
  8
Layer_0
  10
203.86816
  20
261.0791
  0
VERTEX
  5
d0a
  8
Layer_0
  10
203.86572
  20
261.11426
  0
VERTEX
  5
d0b
  8
Layer_0
  10
203.86035
  20
261.16504
  0
VERTEX
  5
d0c
  8
Layer_0
  10
203.85254
  20
261.24951
  42
0.38029875
  0
VERTEX
  5
d0d
  8
Layer_0
  10
198.90186
  20
265.68506
  0
VERTEX
  5
d0e
  8
Layer_0
  10
196.29834
  20
265.69434
  42
-0.16388201
  0
VERTEX
  5
d0f
  8
Layer_0
  10
196.64893
  20
266.15967
  42
-0.0053302303
  0
VERTEX
  5
d10
  8
Layer_0
  10
196.76514
  20
266.26465
  42
-0.0058081842
  0
VERTEX
  5
d11
  8
Layer_0
  10
196.86182
  20
266.35693
  0
VERTEX
  5
d12
  8
Layer_0
  10
197.2373
  20
266.49756
  42
0.006857286
  0
VERTEX
  5
d13
  8
Layer_0
  10
201.00049
  20
268.04004
  0
VERTEX
  5
d14
  8
Layer_0
  10
202.4873
  20
268.59961
  42
-0.039057607
  0
VERTEX
  5
d15
  8
Layer_0
  10
207.60303
  20
270.04834
  42
-0.15442233
  0
VERTEX
  5
d16
  8
Layer_0
  10
212.06445
  20
269.59521
  42
-0.039006056
  0
VERTEX
  5
d17
  8
Layer_0
  10
214.76074
  20
268.08447
  42
-0.049914824
  0
VERTEX
  5
d18
  8
Layer_0
  10
216.90723
  20
266.47314
  42
-0.028256211
  0
VERTEX
  5
d19
  8
Layer_0
  10
219.31787
  20
263.64307
  42
0.0059244072
  0
VERTEX
  5
d1a
  8
Layer_0
  10
219.32422
  20
263.63428
  0
VERTEX
  5
d1b
  8
Layer_0
  10
219.87988
  20
262.93213
  42
0.038800337
  0
VERTEX
  5
d1c
  8
Layer_0
  10
222.6665
  20
259.82617
  42
0.012019491
  0
VERTEX
  5
d1d
  8
Layer_0
  10
223.03223
  20
259.50537
  42
0.10277741
  0
VERTEX
  5
d1e
  8
Layer_0
  10
223.09521
  20
259.45215
  42
0.021761019
  0
VERTEX
  5
d1f
  8
Layer_0
  10
223.26563
  20
259.31494
  42
0.058000775
  0
VERTEX
  5
d20
  8
Layer_0
  10
224.98389
  20
258.23584
  0
VERTEX
  5
d21
  8
Layer_0
  10
225.12939
  20
258.16602
  0
VERTEX
  5
d22
  8
Layer_0
  10
225.15674
  20
258.15283
  42
0.056425113
  0
VERTEX
  5
d23
  8
Layer_0
  10
226.6499
  20
257.68848
  42
0.07747339
  0
VERTEX
  5
d24
  8
Layer_0
  10
228.50684
  20
257.56396
  0
VERTEX
  5
d25
  8
Layer_0
  10
228.57422
  20
257.56689
  0
VERTEX
  5
d26
  8
Layer_0
  10
228.67578
  20
257.57031
  42
0.056801646
  0
VERTEX
  5
d27
  8
Layer_0
  10
230.23535
  20
257.85889
  42
0.10381717
  0
VERTEX
  5
d28
  8
Layer_0
  10
233.00293
  20
259.28613
  42
0.099113999
  0
VERTEX
  5
d29
  8
Layer_0
  10
235.70898
  20
262.57813
  0
VERTEX
  5
d2a
  8
Layer_0
  10
236.04053
  20
263.22607
  42
-0.038039435
  0
VERTEX
  5
d2b
  8
Layer_0
  10
236.0874
  20
263.32129
  42
-0.0032789606
  0
VERTEX
  5
d2c
  8
Layer_0
  10
236.1377
  20
263.42529
  0
VERTEX
  5
d2d
  8
Layer_0
  10
236.13867
  20
263.42773
  42
0.10174413
  0
VERTEX
  5
d2e
  8
Layer_0
  10
237.18457
  20
268.04004
  42
0.0093975809
  0
VERTEX
  5
d2f
  8
Layer_0
  10
237.22021
  20
268.76953
  42
0.013125192
  0
VERTEX
  5
d30
  8
Layer_0
  10
237.26953
  20
272.11914
  0
VERTEX
  5
d31
  8
Layer_0
  10
237.22217
  20
275.96191
  42
0.09657713
  0
VERTEX
  5
d32
  8
Layer_0
  10
236.82861
  20
277.8457
  42
0.0058211719
  0
VERTEX
  5
d33
  8
Layer_0
  10
234.27881
  20
283.84619
  42
0.073150604
  0
VERTEX
  5
d34
  8
Layer_0
  10
230.84717
  20
289.33301
  42
0.010642692
  0
VERTEX
  5
d35
  8
Layer_0
  10
226.69092
  20
294.23438
  42
0.025017471
  0
VERTEX
  5
d36
  8
Layer_0
  10
223.93604
  20
296.99121
  42
0.066588842
  0
VERTEX
  5
d37
  8
Layer_0
  10
219.85742
  20
299.89648
  0
VERTEX
  5
d38
  8
Layer_0
  10
219.81592
  20
299.91602
  0
VERTEX
  5
d39
  8
Layer_0
  10
219.76025
  20
299.94434
  0
VERTEX
  5
d3a
  8
Layer_0
  10
219.62451
  20
300.00684
  0
VERTEX
  5
d3b
  8
Layer_0
  10
219.59424
  20
300.021
  0
VERTEX
  5
d3c
  8
Layer_0
  10
219.19482
  20
300.1958
  42
0.065633028
  0
VERTEX
  5
d3d
  8
Layer_0
  10
219.16992
  20
300.20703
  42
-0.0078796286
  0
VERTEX
  5
d3e
  8
Layer_0
  10
218.99609
  20
300.2793
  0
VERTEX
  5
d3f
  8
Layer_0
  10
218.9873
  20
300.28271
  42
0.034676237
  0
VERTEX
  5
d40
  8
Layer_0
  10
218.75488
  20
300.3667
  42
0.13053565
  0
VERTEX
  5
d41
  8
Layer_0
  10
215.13818
  20
300.76611
  42
0.09253676
  0
VERTEX
  5
d42
  8
Layer_0
  10
212.32471
  20
299.6543
  42
0.0098710506
  0
VERTEX
  5
d43
  8
Layer_0
  10
211.51611
  20
299.15723
  0
VERTEX
  5
d44
  8
Layer_0
  10
211.48682
  20
299.13965
  42
-0.011087995
  0
VERTEX
  5
d45
  8
Layer_0
  10
211.37256
  20
299.06543
  42
-0.0042780774
  0
VERTEX
  5
d46
  8
Layer_0
  10
211.24463
  20
298.97656
  0
VERTEX
  5
d47
  8
Layer_0
  10
210.42822
  20
298.39209
  0
VERTEX
  5
d48
  8
Layer_0
  10
210.41406
  20
298.38135
  0
VERTEX
  5
d49
  8
Layer_0
  10
210.40381
  20
298.37451
  0
VERTEX
  5
d4a
  8
Layer_0
  10
209.67041
  20
297.84277
  42
-0.085631314
  0
VERTEX
  5
d4b
  8
Layer_0
  10
203.9292
  20
295.24756
  42
-0.032720191
  0
VERTEX
  5
d4c
  8
Layer_0
  10
202.74561
  20
295.11377
  42
-0.074516836
  0
VERTEX
  5
d4d
  8
Layer_0
  10
196.90088
  20
295.71631
  42
-0.013896809
  0
VERTEX
  5
d4e
  8
Layer_0
  10
194.67578
  20
296.51416
  0
VERTEX
  5
d4f
  8
Layer_0
  10
194.65576
  20
296.52197
  42
0.012257442
  0
VERTEX
  5
d50
  8
Layer_0
  10
194.02637
  20
296.75146
  0
VERTEX
  5
d51
  8
Layer_0
  10
194.01563
  20
296.75586
  42
0.0076812064
  0
VERTEX
  5
d52
  8
Layer_0
  10
193.44922
  20
296.95508
  42
0.067244384
  0
VERTEX
  5
d53
  8
Layer_0
  10
189.77002
  20
297.80615
  0
VERTEX
  5
d54
  8
Layer_0
  10
189.15918
  20
297.83789
  42
-0.011157355
  0
VERTEX
  5
d55
  8
Layer_0
  10
189.0874
  20
297.84033
  0
VERTEX
  5
d56
  8
Layer_0
  10
188.96045
  20
297.84521
  0
VERTEX
  5
d57
  8
Layer_0
  10
188.94092
  20
297.84521
  0
VERTEX
  5
d58
  8
Layer_0
  10
188.74316
  20
297.84375
  0
VERTEX
  5
d59
  8
Layer_0
  10
188.7002
  20
297.8418
  0
VERTEX
  5
d5a
  8
Layer_0
  10
188.66895
  20
297.84131
  42
0.080377703
  0
VERTEX
  5
d5b
  8
Layer_0
  10
183.72852
  20
296.95996
  42
0.016161478
  0
VERTEX
  5
d5c
  8
Layer_0
  10
183.50781
  20
296.87646
  42
0.010305869
  0
VERTEX
  5
d5d
  8
Layer_0
  10
182.19775
  20
296.33252
  42
0.015729984
  0
VERTEX
  5
d5e
  8
Layer_0
  10
181.99512
  20
296.23291
  42
0.0094672211
  0
VERTEX
  5
d5f
  8
Layer_0
  10
180.82275
  20
295.62451
  0
VERTEX
  5
d60
  8
Layer_0
  10
180.80469
  20
295.61572
  0
VERTEX
  5
d61
  8
Layer_0
  10
179.21143
  20
294.77002
  0
VERTEX
  5
d62
  8
Layer_0
  10
177.74121
  20
294.10254
  0
VERTEX
  5
d63
  8
Layer_0
  10
176.22705
  20
293.53076
  0
VERTEX
  5
d64
  8
Layer_0
  10
174.56543
  20
293.02295
  42
-0.035350485
  0
VERTEX
  5
d65
  8
Layer_0
  10
168.53174
  20
291.90137
  42
-0.021414263
  0
VERTEX
  5
d66
  8
Layer_0
  10
159.96826
  20
291.22998
  42
-0.024989045
  0
VERTEX
  5
d67
  8
Layer_0
  10
150.23291
  20
292.12256
  42
-0.046301414
  0
VERTEX
  5
d68
  8
Layer_0
  10
143.67578
  20
293.64551
  0
VERTEX
  5
d69
  8
Layer_0
  10
142.15576
  20
294.22852
  0
VERTEX
  5
d6a
  8
Layer_0
  10
140.68115
  20
294.90625
  0
VERTEX
  5
d6b
  8
Layer_0
  10
139.07324
  20
295.7666
  42
0.022109601
  0
VERTEX
  5
d6c
  8
Layer_0
  10
137.53369
  20
296.55518
  42
0.021444982
  0
VERTEX
  5
d6d
  8
Layer_0
  10
136.04053
  20
297.16406
  0
VERTEX
  5
d6e
  8
Layer_0
  10
135.97363
  20
297.18457
  0
VERTEX
  5
d6f
  8
Layer_0
  10
135.93457
  20
297.19775
  42
0.010318762
  0
VERTEX
  5
d70
  8
Layer_0
  10
134.84082
  20
297.52979
  0
VERTEX
  5
d71
  8
Layer_0
  10
134.80762
  20
297.54004
  42
-0.0087546986
  0
VERTEX
  5
d72
  8
Layer_0
  10
134.68506
  20
297.57373
  42
-0.007010444
  0
VERTEX
  5
d73
  8
Layer_0
  10
134.6167
  20
297.59082
  0
VERTEX
  5
d74
  8
Layer_0
  10
134.58447
  20
297.59766
  42
0.017726089
  0
VERTEX
  5
d75
  8
Layer_0
  10
134.37012
  20
297.64404
  42
0.057608749
  0
VERTEX
  5
d76
  8
Layer_0
  10
130.74707
  20
298.03906
  42
0.075772352
  0
VERTEX
  5
d77
  8
Layer_0
  10
126.94385
  20
297.35156
  42
0.0098787453
  0
VERTEX
  5
d78
  8
Layer_0
  10
126.41113
  20
297.17578
  42
0.0049661458
  0
VERTEX
  5
d79
  8
Layer_0
  10
123.43066
  20
296.09668
  0
VERTEX
  5
d7a
  8
Layer_0
  10
122.99219
  20
295.96777
  42
-0.034178358
  0
VERTEX
  5
d7b
  8
Layer_0
  10
120.78564
  20
295.54932
  42
-0.053810721
  0
VERTEX
  5
d7c
  8
Layer_0
  10
116.71338
  20
295.44238
  42
-0.043575694
  0
VERTEX
  5
d7d
  8
Layer_0
  10
115.72217
  20
295.60742
  42
-0.093018
  0
VERTEX
  5
d7e
  8
Layer_0
  10
109.41992
  20
298.75244
  0
VERTEX
  5
d7f
  8
Layer_0
  10
108.59961
  20
299.34229
  0
VERTEX
  5
d80
  8
Layer_0
  10
108.57129
  20
299.36182
  42
-0.001256788
  0
VERTEX
  5
d81
  8
Layer_0
  10
108.53174
  20
299.38916
  0
VERTEX
  5
d82
  8
Layer_0
  10
108.43701
  20
299.45459
  0
VERTEX
  5
d83
  8
Layer_0
  10
108.33252
  20
299.52051
  0
VERTEX
  5
d84
  8
Layer_0
  10
108.30957
  20
299.53564
  42
0.0042471949
  0
VERTEX
  5
d85
  8
Layer_0
  10
107.51807
  20
300.0249
  42
0.084775151
  0
VERTEX
  5
d86
  8
Layer_0
  10
104.89014
  20
301.11377
  42
0.010744521
  0
VERTEX
  5
d87
  8
Layer_0
  10
104.64307
  20
301.15918
  42
0.13002514
  0
VERTEX
  5
d88
  8
Layer_0
  10
100.9624
  20
300.72021
  0
VERTEX
  5
d89
  8
Layer_0
  10
100.95264
  20
300.7168
  0
VERTEX
  5
d8a
  8
Layer_0
  10
100.95117
  20
300.71631
  42
0.076336013
  0
VERTEX
  5
d8b
  8
Layer_0
  10
97.296387
  20
298.56982
  42
0.032106086
  0
VERTEX
  5
d8c
  8
Layer_0
  10
94.387207
  20
295.9458
  42
0.0094796077
  0
VERTEX
  5
d8d
  8
Layer_0
  10
93.039551
  20
294.51904
  0
VERTEX
  5
d8e
  8
Layer_0
  10
93.033203
  20
294.51172
  0
VERTEX
  5
d8f
  8
Layer_0
  10
93.032227
  20
294.51074
  0
VERTEX
  5
d90
  8
Layer_0
  10
91.744629
  20
293.03418
  0
VERTEX
  5
d91
  8
Layer_0
  10
91.706543
  20
292.98877
  0
VERTEX
  5
d92
  8
Layer_0
  10
91.682617
  20
292.96191
  0
VERTEX
  5
d93
  8
Layer_0
  10
90.906738
  20
292.03711
  0
VERTEX
  5
d94
  8
Layer_0
  10
90.900391
  20
292.02881
  0
VERTEX
  5
d95
  8
Layer_0
  10
90.220215
  20
291.21533
  0
VERTEX
  5
d96
  8
Layer_0
  10
90.208984
  20
291.20166
  0
VERTEX
  5
d97
  8
Layer_0
  10
90.206543
  20
291.19873
  42
0.0045923112
  0
VERTEX
  5
d98
  8
Layer_0
  10
89.599121
  20
290.46533
  42
0.033115632
  0
VERTEX
  5
d99
  8
Layer_0
  10
87.151855
  20
287.19287
  42
0.011203859
  0
VERTEX
  5
d9a
  8
Layer_0
  10
86.611816
  20
286.28125
  42
0.027197712
  0
VERTEX
  5
d9b
  8
Layer_0
  10
84.708984
  20
282.09961
  0
VERTEX
  5
d9c
  8
Layer_0
  10
83.133789
  20
278.31787
  0
VERTEX
  5
d9d
  8
Layer_0
  10
83.120605
  20
278.28467
  0
VERTEX
  5
d9e
  8
Layer_0
  10
83.105469
  20
278.24854
  0
VERTEX
  5
d9f
  8
Layer_0
  10
83.081055
  20
278.18311
  0
VERTEX
  5
da0
  8
Layer_0
  10
83.061523
  20
278.13379
  0
VERTEX
  5
da1
  8
Layer_0
  10
83.046387
  20
278.09033
  0
VERTEX
  5
da2
  8
Layer_0
  10
83.036133
  20
278.06348
  0
VERTEX
  5
da3
  8
Layer_0
  10
83.012207
  20
277.99219
  0
VERTEX
  5
da4
  8
Layer_0
  10
82.996582
  20
277.94727
  0
VERTEX
  5
da5
  8
Layer_0
  10
82.984863
  20
277.90918
  0
VERTEX
  5
da6
  8
Layer_0
  10
82.973633
  20
277.87598
  0
VERTEX
  5
da7
  8
Layer_0
  10
82.949219
  20
277.79199
  0
VERTEX
  5
da8
  8
Layer_0
  10
82.938965
  20
277.7583
  0
VERTEX
  5
da9
  8
Layer_0
  10
82.929688
  20
277.72266
  0
VERTEX
  5
daa
  8
Layer_0
  10
82.918945
  20
277.68604
  0
VERTEX
  5
dab
  8
Layer_0
  10
82.901367
  20
277.61523
  0
VERTEX
  5
dac
  8
Layer_0
  10
82.888672
  20
277.56689
  0
VERTEX
  5
dad
  8
Layer_0
  10
82.881348
  20
277.53418
  0
VERTEX
  5
dae
  8
Layer_0
  10
82.871582
  20
277.49414
  0
VERTEX
  5
daf
  8
Layer_0
  10
82.857422
  20
277.42432
  0
VERTEX
  5
db0
  8
Layer_0
  10
82.846191
  20
277.37402
  0
VERTEX
  5
db1
  8
Layer_0
  10
82.839355
  20
277.33545
  0
VERTEX
  5
db2
  8
Layer_0
  10
82.832031
  20
277.30029
  0
VERTEX
  5
db3
  8
Layer_0
  10
82.821289
  20
277.2334
  0
VERTEX
  5
db4
  8
Layer_0
  10
82.811523
  20
277.17969
  0
VERTEX
  5
db5
  8
Layer_0
  10
82.806152
  20
277.14063
  0
VERTEX
  5
db6
  8
Layer_0
  10
82.800293
  20
277.10547
  42
-0.0077101298
  0
VERTEX
  5
db7
  8
Layer_0
  10
82.78418
  20
276.98389
  42
-0.01238922
  0
VERTEX
  5
db8
  8
Layer_0
  10
82.775879
  20
276.90918
  42
-0.013025921
  0
VERTEX
  5
db9
  8
Layer_0
  10
82.764648
  20
276.78711
  42
-0.038345129
  0
VERTEX
  5
dba
  8
Layer_0
  10
82.759766
  20
276.7124
  42
-0.013345841
  0
VERTEX
  5
dbb
  8
Layer_0
  10
82.753418
  20
276.58984
  42
-0.0084360842
  0
VERTEX
  5
dbc
  8
Layer_0
  10
82.749512
  20
276.4209
  0
VERTEX
  5
dbd
  8
Layer_0
  10
82.72998
  20
272.57764
  0
VERTEX
  5
dbe
  8
Layer_0
  10
82.730469
  20
272.52979
  0
VERTEX
  5
dbf
  8
Layer_0
  10
82.72998
  20
272.50635
  42
0.0090490542
  0
VERTEX
  5
dc0
  8
Layer_0
  10
82.747559
  20
270.80371
  0
VERTEX
  5
dc1
  8
Layer_0
  10
82.747559
  20
270.77979
  42
0.0094211323
  0
VERTEX
  5
dc2
  8
Layer_0
  10
82.805176
  20
269.19434
  42
0.041006591
  0
VERTEX
  5
dc3
  8
Layer_0
  10
83.096191
  20
266.35791
  0
VERTEX
  5
dc4
  8
Layer_0
  10
83.106445
  20
266.31494
  0
VERTEX
  5
dc5
  8
Layer_0
  10
83.129395
  20
266.2124
  0
VERTEX
  5
dc6
  8
Layer_0
  10
83.158203
  20
266.10254
  0
VERTEX
  5
dc7
  8
Layer_0
  10
83.165039
  20
266.07471
  42
0.0078952512
  0
VERTEX
  5
dc8
  8
Layer_0
  10
83.367676
  20
265.33691
  42
0.018204204
  0
VERTEX
  5
dc9
  8
Layer_0
  10
83.388184
  20
265.26758
  42
0.026063089
  0
VERTEX
  5
dca
  8
Layer_0
  10
83.427734
  20
265.13916
  42
0.11012073
  0
VERTEX
  5
dcb
  8
Layer_0
  10
86.12793
  20
260.62061
  42
0.0085266563
  0
VERTEX
  5
dcc
  8
Layer_0
  10
86.615234
  20
260.14551
  0
VERTEX
  5
dcd
  8
Layer_0
  10
86.621094
  20
260.13965
  42
-0.0040730113
  0
VERTEX
  5
dce
  8
Layer_0
  10
86.73291
  20
260.03516
  42
-0.013898593
  0
VERTEX
  5
dcf
  8
Layer_0
  10
86.766113
  20
260.00586
  42
-0.0030782429
  0
VERTEX
  5
dd0
  8
Layer_0
  10
86.882324
  20
259.90576
  42
-0.011267563
  0
VERTEX
  5
dd1
  8
Layer_0
  10
86.916504
  20
259.87744
  42
-0.013596851
  0
VERTEX
  5
dd2
  8
Layer_0
  10
87.036621
  20
259.78223
  42
-0.02120386
  0
VERTEX
  5
dd3
  8
Layer_0
  10
87.147461
  20
259.69971
  0
VERTEX
  5
dd4
  8
Layer_0
  10
87.621582
  20
259.35596
  0
VERTEX
  5
dd5
  8
Layer_0
  10
87.658203
  20
259.33057
  0
VERTEX
  5
dd6
  8
Layer_0
  10
87.695801
  20
259.30322
  0
VERTEX
  5
dd7
  8
Layer_0
  10
87.755371
  20
259.26318
  0
VERTEX
  5
dd8
  8
Layer_0
  10
87.78418
  20
259.24316
  0
VERTEX
  5
dd9
  8
Layer_0
  10
87.812988
  20
259.22461
  0
VERTEX
  5
dda
  8
Layer_0
  10
87.859863
  20
259.19336
  0
VERTEX
  5
ddb
  8
Layer_0
  10
87.911133
  20
259.16211
  0
VERTEX
  5
ddc
  8
Layer_0
  10
87.950684
  20
259.13672
  42
0.091512949
  0
VERTEX
  5
ddd
  8
Layer_0
  10
90.661621
  20
258.13379
  42
0.05611278
  0
VERTEX
  5
dde
  8
Layer_0
  10
92.27002
  20
258.01611
  42
0.022118052
  0
VERTEX
  5
ddf
  8
Layer_0
  10
92.356934
  20
258.01709
  42
0.069567701
  0
VERTEX
  5
de0
  8
Layer_0
  10
94.053711
  20
258.31201
  0
VERTEX
  5
de1
  8
Layer_0
  10
94.174805
  20
258.34521
  0
VERTEX
  5
de2
  8
Layer_0
  10
94.237305
  20
258.3623
  0
VERTEX
  5
de3
  8
Layer_0
  10
94.244141
  20
258.36426
  42
-0.0019815584
  0
VERTEX
  5
de4
  8
Layer_0
  10
94.429199
  20
258.42236
  0
VERTEX
  5
de5
  8
Layer_0
  10
94.615234
  20
258.48926
  42
0.10743688
  0
VERTEX
  5
de6
  8
Layer_0
  10
97.962402
  20
260.82471
  42
0.028571379
  0
VERTEX
  5
de7
  8
Layer_0
  10
100.7251
  20
264.08154
  0
VERTEX
  5
de8
  8
Layer_0
  10
101.14355
  20
264.61426
  42
-0.03152779
  0
VERTEX
  5
de9
  8
Layer_0
  10
103.11182
  20
266.89111
  42
-0.050570984
  0
VERTEX
  5
dea
  8
Layer_0
  10
105.22461
  20
268.46924
  42
-0.024588401
  0
VERTEX
  5
deb
  8
Layer_0
  10
107.15527
  20
269.60449
  42
-0.064814754
  0
VERTEX
  5
dec
  8
Layer_0
  10
109.10498
  20
270.35889
  42
-0.1086262
  0
VERTEX
  5
ded
  8
Layer_0
  10
112.34521
  20
270.37402
  42
-0.038769956
  0
VERTEX
  5
dee
  8
Layer_0
  10
117.47363
  20
268.89014
  42
-0.01091029
  0
VERTEX
  5
def
  8
Layer_0
  10
121.66602
  20
267.18408
  0
VERTEX
  5
df0
  8
Layer_0
  10
121.69824
  20
267.16992
  42
0.010834254
  0
VERTEX
  5
df1
  8
Layer_0
  10
122.71436
  20
266.7627
  42
0.013368267
  0
VERTEX
  5
df2
  8
Layer_0
  10
123.14063
  20
266.59961
  42
0.0010718865
  0
VERTEX
  5
df3
  8
Layer_0
  10
123.17871
  20
266.56201
  0
VERTEX
  5
df4
  8
Layer_0
  10
123.20361
  20
266.53906
  0
VERTEX
  5
df5
  8
Layer_0
  10
123.30029
  20
266.44775
  0
VERTEX
  5
df6
  8
Layer_0
  10
123.37109
  20
266.38623
  0
VERTEX
  5
df7
  8
Layer_0
  10
123.39404
  20
266.36523
  0
VERTEX
  5
df8
  8
Layer_0
  10
123.58936
  20
266.19678
  42
-0.036202543
  0
VERTEX
  5
df9
  8
Layer_0
  10
123.71924
  20
265.94629
  42
0.005194982
  0
VERTEX
  5
dfa
  8
Layer_0
  10
121.15137
  20
265.95313
  0
VERTEX
  5
dfb
  8
Layer_0
  10
121.11816
  20
265.95166
  0
VERTEX
  5
dfc
  8
Layer_0
  10
121.08594
  20
265.95117
  0
VERTEX
  5
dfd
  8
Layer_0
  10
121.02246
  20
265.94775
  0
VERTEX
  5
dfe
  8
Layer_0
  10
120.95361
  20
265.94482
  42
0.39953023
  0
VERTEX
  5
dff
  8
Layer_0
  10
116.2666
  20
260.8916
  0
VERTEX
  5
e00
  8
Layer_0
  10
116.49072
  20
243.1001
  0
VERTEX
  5
e01
  8
Layer_0
  10
116.58691
  20
235.48535
  0
VERTEX
  5
e02
  8
Layer_0
  10
117.02197
  20
200.91309
  0
VERTEX
  5
e03
  8
Layer_0
  10
109.32422
  20
200.81592
  42
0.41408569
  0
VERTEX
  5
e04
  8
Layer_0
  10
104.3877
  20
195.75342
  0
VERTEX
  5
e05
  8
Layer_0
  10
106.13525
  20
56.963379
  0
VERTEX
  5
e06
  8
Layer_0
  10
106.13623
  20
56.925781
  0
VERTEX
  5
e07
  8
Layer_0
  10
106.13623
  20
56.911621
  0
VERTEX
  5
e08
  8
Layer_0
  10
106.13916
  20
56.836426
  0
VERTEX
  5
e09
  8
Layer_0
  10
106.1416
  20
56.766113
  0
VERTEX
  5
e0a
  8
Layer_0
  10
106.14355
  20
56.736328
  0
VERTEX
  5
e0b
  8
Layer_0
  10
106.14453
  20
56.714355
  0
VERTEX
  5
e0c
  8
Layer_0
  10
106.15137
  20
56.62793
  0
VERTEX
  5
e0d
  8
Layer_0
  10
106.15576
  20
56.568848
  0
VERTEX
  5
e0e
  8
Layer_0
  10
106.1582
  20
56.54541
  0
VERTEX
  5
e0f
  8
Layer_0
  10
106.16064
  20
56.51709
  0
VERTEX
  5
e10
  8
Layer_0
  10
106.17236
  20
56.419434
  0
VERTEX
  5
e11
  8
Layer_0
  10
106.17773
  20
56.372559
  0
VERTEX
  5
e12
  8
Layer_0
  10
106.18066
  20
56.353027
  0
VERTEX
  5
e13
  8
Layer_0
  10
106.18457
  20
56.320801
  0
VERTEX
  5
e14
  8
Layer_0
  10
106.20117
  20
56.219238
  0
VERTEX
  5
e15
  8
Layer_0
  10
106.20752
  20
56.176758
  0
VERTEX
  5
e16
  8
Layer_0
  10
106.21191
  20
56.152832
  0
VERTEX
  5
e17
  8
Layer_0
  10
106.21631
  20
56.125977
  0
VERTEX
  5
e18
  8
Layer_0
  10
106.23291
  20
56.044434
  0
VERTEX
  5
e19
  8
Layer_0
  10
106.24463
  20
55.98291
  0
VERTEX
  5
e1a
  8
Layer_0
  10
106.25195
  20
55.951172
  0
VERTEX
  5
e1b
  8
Layer_0
  10
106.25586
  20
55.932129
  0
VERTEX
  5
e1c
  8
Layer_0
  10
106.27344
  20
55.860352
  0
VERTEX
  5
e1d
  8
Layer_0
  10
106.29004
  20
55.790527
  0
VERTEX
  5
e1e
  8
Layer_0
  10
106.29736
  20
55.76416
  0
VERTEX
  5
e1f
  8
Layer_0
  10
106.30322
  20
55.740234
  0
VERTEX
  5
e20
  8
Layer_0
  10
106.32861
  20
55.650879
  0
VERTEX
  5
e21
  8
Layer_0
  10
106.34277
  20
55.600098
  0
VERTEX
  5
e22
  8
Layer_0
  10
106.34717
  20
55.586914
  0
VERTEX
  5
e23
  8
Layer_0
  10
106.35742
  20
55.550293
  0
VERTEX
  5
e24
  8
Layer_0
  10
106.39404
  20
55.438965
  0
VERTEX
  5
e25
  8
Layer_0
  10
106.40283
  20
55.411621
  0
VERTEX
  5
e26
  8
Layer_0
  10
106.40918
  20
55.393555
  0
VERTEX
  5
e27
  8
Layer_0
  10
106.41943
  20
55.362793
  0
VERTEX
  5
e28
  8
Layer_0
  10
106.45215
  20
55.275879
  0
VERTEX
  5
e29
  8
Layer_0
  10
106.47021
  20
55.226074
  0
VERTEX
  5
e2a
  8
Layer_0
  10
106.48193
  20
55.197266
  0
VERTEX
  5
e2b
  8
Layer_0
  10
106.48926
  20
55.177734
  0
VERTEX
  5
e2c
  8
Layer_0
  10
106.51367
  20
55.119629
  0
VERTEX
  5
e2d
  8
Layer_0
  10
106.54492
  20
55.042969
  0
VERTEX
  5
e2e
  8
Layer_0
  10
106.55957
  20
55.010742
  0
VERTEX
  5
e2f
  8
Layer_0
  10
106.56592
  20
54.995605
  0
VERTEX
  5
e30
  8
Layer_0
  10
106.59863
  20
54.925293
  0
VERTEX
  5
e31
  8
Layer_0
  10
106.62695
  20
54.863281
  0
VERTEX
  5
e32
  8
Layer_0
  10
106.63623
  20
54.844727
  0
VERTEX
  5
e33
  8
Layer_0
  10
106.64941
  20
54.816406
  0
VERTEX
  5
e34
  8
Layer_0
  10
106.69141
  20
54.735352
  0
VERTEX
  5
e35
  8
Layer_0
  10
106.71582
  20
54.686523
  0
VERTEX
  5
e36
  8
Layer_0
  10
106.72998
  20
54.661133
  0
VERTEX
  5
e37
  8
Layer_0
  10
106.74023
  20
54.641113
  0
VERTEX
  5
e38
  8
Layer_0
  10
106.79688
  20
54.541016
  0
VERTEX
  5
e39
  8
Layer_0
  10
106.81201
  20
54.51416
  0
VERTEX
  5
e3a
  8
Layer_0
  10
106.81836
  20
54.503418
  0
VERTEX
  5
e3b
  8
Layer_0
  10
106.83789
  20
54.469238
  0
VERTEX
  5
e3c
  8
Layer_0
  10
106.89844
  20
54.371582
  0
VERTEX
  5
e3d
  8
Layer_0
  10
106.91455
  20
54.345215
  0
VERTEX
  5
e3e
  8
Layer_0
  10
106.92285
  20
54.33252
  0
VERTEX
  5
e3f
  8
Layer_0
  10
106.94238
  20
54.30127
  0
VERTEX
  5
e40
  8
Layer_0
  10
106.99463
  20
54.224609
  0
VERTEX
  5
e41
  8
Layer_0
  10
107.02393
  20
54.180176
  0
VERTEX
  5
e42
  8
Layer_0
  10
107.03955
  20
54.158691
  0
VERTEX
  5
e43
  8
Layer_0
  10
107.05371
  20
54.137695
  0
VERTEX
  5
e44
  8
Layer_0
  10
107.09717
  20
54.078613
  0
VERTEX
  5
e45
  8
Layer_0
  10
107.13965
  20
54.02002
  0
VERTEX
  5
e46
  8
Layer_0
  10
107.15771
  20
53.99707
  0
VERTEX
  5
e47
  8
Layer_0
  10
107.1709
  20
53.979004
  0
VERTEX
  5
e48
  8
Layer_0
  10
107.21387
  20
53.925293
  0
VERTEX
  5
e49
  8
Layer_0
  10
107.26123
  20
53.864746
  0
VERTEX
  5
e4a
  8
Layer_0
  10
107.28369
  20
53.838379
  0
VERTEX
  5
e4b
  8
Layer_0
  10
107.29443
  20
53.824707
  0
VERTEX
  5
e4c
  8
Layer_0
  10
107.3335
  20
53.779785
  0
VERTEX
  5
e4d
  8
Layer_0
  10
107.38916
  20
53.713867
  0
VERTEX
  5
e4e
  8
Layer_0
  10
107.4126
  20
53.688477
  0
VERTEX
  5
e4f
  8
Layer_0
  10
107.42383
  20
53.675293
  0
VERTEX
  5
e50
  8
Layer_0
  10
107.46436
  20
53.632324
  0
VERTEX
  5
e51
  8
Layer_0
  10
107.52295
  20
53.568359
  0
VERTEX
  5
e52
  8
Layer_0
  10
107.54736
  20
53.543945
  0
VERTEX
  5
e53
  8
Layer_0
  10
107.55908
  20
53.53125
  0
VERTEX
  5
e54
  8
Layer_0
  10
107.62891
  20
53.462402
  0
VERTEX
  5
e55
  8
Layer_0
  10
107.6626
  20
53.428711
  0
VERTEX
  5
e56
  8
Layer_0
  10
107.67871
  20
53.413574
  0
VERTEX
  5
e57
  8
Layer_0
  10
107.7002
  20
53.392578
  0
VERTEX
  5
e58
  8
Layer_0
  10
107.76172
  20
53.336426
  0
VERTEX
  5
e59
  8
Layer_0
  10
107.80762
  20
53.293945
  0
VERTEX
  5
e5a
  8
Layer_0
  10
107.82568
  20
53.27832
  0
VERTEX
  5
e5b
  8
Layer_0
  10
107.84619
  20
53.259766
  0
VERTEX
  5
e5c
  8
Layer_0
  10
107.90674
  20
53.208984
  0
VERTEX
  5
e5d
  8
Layer_0
  10
107.95752
  20
53.165527
  0
VERTEX
  5
e5e
  8
Layer_0
  10
107.98389
  20
53.144531
  0
VERTEX
  5
e5f
  8
Layer_0
  10
107.99805
  20
53.132813
  0
VERTEX
  5
e60
  8
Layer_0
  10
108.05225
  20
53.09082
  0
VERTEX
  5
e61
  8
Layer_0
  10
108.11279
  20
53.042969
  0
VERTEX
  5
e62
  8
Layer_0
  10
108.13428
  20
53.027344
  0
VERTEX
  5
e63
  8
Layer_0
  10
108.1543
  20
53.011719
  0
VERTEX
  5
e64
  8
Layer_0
  10
108.21875
  20
52.96582
  0
VERTEX
  5
e65
  8
Layer_0
  10
108.27246
  20
52.926758
  0
VERTEX
  5
e66
  8
Layer_0
  10
108.29639
  20
52.910645
  0
VERTEX
  5
e67
  8
Layer_0
  10
108.31494
  20
52.897461
  0
VERTEX
  5
e68
  8
Layer_0
  10
108.3833
  20
52.852539
  0
VERTEX
  5
e69
  8
Layer_0
  10
108.43652
  20
52.816895
  0
VERTEX
  5
e6a
  8
Layer_0
  10
108.46191
  20
52.80127
  0
VERTEX
  5
e6b
  8
Layer_0
  10
108.48047
  20
52.789063
  0
VERTEX
  5
e6c
  8
Layer_0
  10
108.5415
  20
52.752441
  0
VERTEX
  5
e6d
  8
Layer_0
  10
108.60498
  20
52.713379
  0
VERTEX
  5
e6e
  8
Layer_0
  10
108.63379
  20
52.697266
  0
VERTEX
  5
e6f
  8
Layer_0
  10
108.6499
  20
52.6875
  0
VERTEX
  5
e70
  8
Layer_0
  10
108.70068
  20
52.659668
  0
VERTEX
  5
e71
  8
Layer_0
  10
108.77734
  20
52.616699
  0
VERTEX
  5
e72
  8
Layer_0
  10
108.81006
  20
52.600098
  0
VERTEX
  5
e73
  8
Layer_0
  10
108.82324
  20
52.592773
  0
VERTEX
  5
e74
  8
Layer_0
  10
108.90088
  20
52.554199
  0
VERTEX
  5
e75
  8
Layer_0
  10
108.95361
  20
52.527344
  0
VERTEX
  5
e76
  8
Layer_0
  10
108.98193
  20
52.51416
  0
VERTEX
  5
e77
  8
Layer_0
  10
109.00049
  20
52.504883
  0
VERTEX
  5
e78
  8
Layer_0
  10
109.0708
  20
52.473145
  0
VERTEX
  5
e79
  8
Layer_0
  10
109.1333
  20
52.444336
  0
VERTEX
  5
e7a
  8
Layer_0
  10
109.1543
  20
52.435547
  0
VERTEX
  5
e7b
  8
Layer_0
  10
109.18066
  20
52.423828
  0
VERTEX
  5
e7c
  8
Layer_0
  10
109.26514
  20
52.390137
  0
VERTEX
  5
e7d
  8
Layer_0
  10
109.31592
  20
52.369141
  0
VERTEX
  5
e7e
  8
Layer_0
  10
109.33984
  20
52.360352
  0
VERTEX
  5
e7f
  8
Layer_0
  10
109.36426
  20
52.350586
  0
VERTEX
  5
e80
  8
Layer_0
  10
109.43408
  20
52.325684
  0
VERTEX
  5
e81
  8
Layer_0
  10
109.50146
  20
52.300781
  0
VERTEX
  5
e82
  8
Layer_0
  10
109.52734
  20
52.29248
  0
VERTEX
  5
e83
  8
Layer_0
  10
109.55029
  20
52.28418
  0
VERTEX
  5
e84
  8
Layer_0
  10
109.61572
  20
52.263672
  0
VERTEX
  5
e85
  8
Layer_0
  10
109.68945
  20
52.239746
  0
VERTEX
  5
e86
  8
Layer_0
  10
109.71777
  20
52.231934
  0
VERTEX
  5
e87
  8
Layer_0
  10
109.73926
  20
52.225098
  0
VERTEX
  5
e88
  8
Layer_0
  10
109.80469
  20
52.20752
  0
VERTEX
  5
e89
  8
Layer_0
  10
109.87939
  20
52.186523
  0
VERTEX
  5
e8a
  8
Layer_0
  10
109.90674
  20
52.180176
  0
VERTEX
  5
e8b
  8
Layer_0
  10
109.92969
  20
52.173828
  0
VERTEX
  5
e8c
  8
Layer_0
  10
109.99805
  20
52.158203
  0
VERTEX
  5
e8d
  8
Layer_0
  10
110.07178
  20
52.140625
  0
VERTEX
  5
e8e
  8
Layer_0
  10
110.09814
  20
52.135254
  0
VERTEX
  5
e8f
  8
Layer_0
  10
110.12256
  20
52.129883
  0
VERTEX
  5
e90
  8
Layer_0
  10
110.19531
  20
52.116211
  0
VERTEX
  5
e91
  8
Layer_0
  10
110.26563
  20
52.102539
  0
VERTEX
  5
e92
  8
Layer_0
  10
110.29346
  20
52.098145
  0
VERTEX
  5
e93
  8
Layer_0
  10
110.31689
  20
52.09375
  0
VERTEX
  5
e94
  8
Layer_0
  10
110.37744
  20
52.084961
  0
VERTEX
  5
e95
  8
Layer_0
  10
110.46094
  20
52.071777
  0
VERTEX
  5
e96
  8
Layer_0
  10
110.49658
  20
52.067871
  0
VERTEX
  5
e97
  8
Layer_0
  10
110.51221
  20
52.06543
  0
VERTEX
  5
e98
  8
Layer_0
  10
110.57422
  20
52.058594
  0
VERTEX
  5
e99
  8
Layer_0
  10
110.65723
  20
52.049316
  0
VERTEX
  5
e9a
  8
Layer_0
  10
110.67871
  20
52.047852
  0
VERTEX
  5
e9b
  8
Layer_0
  10
110.70898
  20
52.044434
  0
VERTEX
  5
e9c
  8
Layer_0
  10
110.78271
  20
52.039551
  0
VERTEX
  5
e9d
  8
Layer_0
  10
110.85449
  20
52.03418
  0
VERTEX
  5
e9e
  8
Layer_0
  10
110.88721
  20
52.033203
  0
VERTEX
  5
e9f
  8
Layer_0
  10
110.90625
  20
52.031738
  0
VERTEX
  5
ea0
  8
Layer_0
  10
110.93164
  20
52.03125
  0
VERTEX
  5
ea1
  8
Layer_0
  10
111.05176
  20
52.026855
  0
VERTEX
  5
ea2
  8
Layer_0
  10
111.16455
  20
52.027344
  0
VERTEX
  5
ea3
  8
Layer_0
  10
111.19775
  20
52.026855
  0
VERTEX
  5
ea4
  8
Layer_0
  10
120.22656
  20
52.140625
  0
VERTEX
  5
ea5
  8
Layer_0
  10
125.79736
  20
52.121094
  0
VERTEX
  5
ea6
  8
Layer_0
  10
125.771
  20
51.419434
  0
VERTEX
  5
ea7
  8
Layer_0
  10
125.76953
  20
51.322754
  0
VERTEX
  5
ea8
  8
Layer_0
  10
125.76758
  20
51.279785
  42
0.0096000658
  0
VERTEX
  5
ea9
  8
Layer_0
  10
125.76367
  20
50.780273
  42
0.011993735
  0
VERTEX
  5
eaa
  8
Layer_0
  10
125.76465
  20
50.237793
  42
0.0023934328
  0
VERTEX
  5
eab
  8
Layer_0
  10
125.77637
  20
49.039063
  0
VERTEX
  5
eac
  8
Layer_0
  10
125.74658
  20
47.195801
  0
VERTEX
  5
ead
  8
Layer_0
  10
125.62207
  20
45.515625
  0
VERTEX
  5
eae
  8
Layer_0
  10
125.4126
  20
43.967285
  0
VERTEX
  5
eaf
  8
Layer_0
  10
125.12793
  20
42.567383
  42
-0.066664403
  0
VERTEX
  5
eb0
  8
Layer_0
  10
124.44238
  20
40.61084
  0
VERTEX
  5
eb1
  8
Layer_0
  10
124.26025
  20
40.454102
  0
VERTEX
  5
eb2
  8
Layer_0
  10
124.24707
  20
40.442383
  0
VERTEX
  5
eb3
  8
Layer_0
  10
124.23535
  20
40.432617
  0
VERTEX
  5
eb4
  8
Layer_0
  10
124.20801
  20
40.407227
  0
VERTEX
  5
eb5
  8
Layer_0
  10
124.11279
  20
40.322266
  0
VERTEX
  5
eb6
  8
Layer_0
  10
124.04443
  20
40.255859
  42
-0.00741146
  0
VERTEX
  5
eb7
  8
Layer_0
  10
124.01855
  20
40.231934
  0
VERTEX
  5
eb8
  8
Layer_0
  10
123.64502
  20
40.092285
  0
VERTEX
  5
eb9
  8
Layer_0
  10
123.58691
  20
40.069336
  0
VERTEX
  5
eba
  8
Layer_0
  10
123.55322
  20
40.057129
  42
0.010159152
  0
VERTEX
  5
ebb
  8
Layer_0
  10
122.53418
  20
39.651855
  42
0.013950184
  0
VERTEX
  5
ebc
  8
Layer_0
  10
121.46289
  20
39.203125
  42
0.0054992055
  0
VERTEX
  5
ebd
  8
Layer_0
  10
119.8667
  20
38.544434
  0
VERTEX
  5
ebe
  8
Layer_0
  10
118.38818
  20
37.988281
  42
-0.039039229
  0
VERTEX
  5
ebf
  8
Layer_0
  10
113.27734
  20
36.541504
  42
-0.15414748
  0
VERTEX
  5
ec0
  8
Layer_0
  10
108.82031
  20
36.993164
  42
-0.03912627
  0
VERTEX
  5
ec1
  8
Layer_0
  10
106.1123
  20
38.51123
  42
-0.049349854
  0
VERTEX
  5
ec2
  8
Layer_0
  10
103.97705
  20
40.11377
  42
-0.028536203
  0
VERTEX
  5
ec3
  8
Layer_0
  10
101.55664
  20
42.956543
  0
VERTEX
  5
ec4
  8
Layer_0
  10
101.00098
  20
43.658691
  0
VERTEX
  5
ec5
  8
Layer_0
  10
100.97998
  20
43.684082
  0
VERTEX
  5
ec6
  8
Layer_0
  10
100.96387
  20
43.705078
  42
0.0095807634
  0
VERTEX
  5
ec7
  8
Layer_0
  10
100.41846
  20
44.375977
  42
0.049687511
  0
VERTEX
  5
ec8
  8
Layer_0
  10
97.720703
  20
47.193848
  0
VERTEX
  5
ec9
  8
Layer_0
  10
97.625977
  20
47.267578
  0
VERTEX
  5
eca
  8
Layer_0
  10
97.598633
  20
47.289551
  42
0.012302435
  0
VERTEX
  5
ecb
  8
Layer_0
  10
97.265137
  20
47.542969
  42
0.045244286
  0
VERTEX
  5
ecc
  8
Layer_0
  10
96.071777
  20
48.262695
  42
0.077128731
  0
VERTEX
  5
ecd
  8
Layer_0
  10
94.312988
  20
48.882324
  0
VERTEX
  5
ece
  8
Layer_0
  10
94.279785
  20
48.890137
  0
VERTEX
  5
ecf
  8
Layer_0
  10
94.227051
  20
48.903809
  0
VERTEX
  5
ed0
  8
Layer_0
  10
94.166504
  20
48.916992
  0
VERTEX
  5
ed1
  8
Layer_0
  10
94.121094
  20
48.927734
  0
VERTEX
  5
ed2
  8
Layer_0
  10
94.081543
  20
48.935547
  0
VERTEX
  5
ed3
  8
Layer_0
  10
94.03418
  20
48.945801
  0
VERTEX
  5
ed4
  8
Layer_0
  10
93.977051
  20
48.956055
  0
VERTEX
  5
ed5
  8
Layer_0
  10
93.926758
  20
48.96582
  0
VERTEX
  5
ed6
  8
Layer_0
  10
93.887207
  20
48.972168
  0
VERTEX
  5
ed7
  8
Layer_0
  10
93.839355
  20
48.980469
  0
VERTEX
  5
ed8
  8
Layer_0
  10
93.785156
  20
48.987793
  0
VERTEX
  5
ed9
  8
Layer_0
  10
93.731445
  20
48.996094
  0
VERTEX
  5
eda
  8
Layer_0
  10
93.677246
  20
49.002441
  0
VERTEX
  5
edb
  8
Layer_0
  10
93.643555
  20
49.006836
  0
VERTEX
  5
edc
  8
Layer_0
  10
93.60498
  20
49.010742
  0
VERTEX
  5
edd
  8
Layer_0
  10
93.535156
  20
49.018555
  0
VERTEX
  5
ede
  8
Layer_0
  10
93.47998
  20
49.022461
  0
VERTEX
  5
edf
  8
Layer_0
  10
93.446777
  20
49.025879
  0
VERTEX
  5
ee0
  8
Layer_0
  10
93.404297
  20
49.02832
  0
VERTEX
  5
ee1
  8
Layer_0
  10
93.338379
  20
49.033203
  0
VERTEX
  5
ee2
  8
Layer_0
  10
93.286621
  20
49.035156
  0
VERTEX
  5
ee3
  8
Layer_0
  10
93.249512
  20
49.037109
  0
VERTEX
  5
ee4
  8
Layer_0
  10
93.217773
  20
49.037598
  0
VERTEX
  5
ee5
  8
Layer_0
  10
93.140625
  20
49.040039
  0
VERTEX
  5
ee6
  8
Layer_0
  10
92.989258
  20
49.039063
  0
VERTEX
  5
ee7
  8
Layer_0
  10
92.958008
  20
49.039551
  42
0.080290273
  0
VERTEX
  5
ee8
  8
Layer_0
  10
90.602539
  20
48.72168
  0
VERTEX
  5
ee9
  8
Layer_0
  10
90.556641
  20
48.708984
  0
VERTEX
  5
eea
  8
Layer_0
  10
90.505371
  20
48.695801
  0
VERTEX
  5
eeb
  8
Layer_0
  10
90.460449
  20
48.682129
  0
VERTEX
  5
eec
  8
Layer_0
  10
90.412109
  20
48.668945
  0
VERTEX
  5
eed
  8
Layer_0
  10
90.362793
  20
48.65332
  0
VERTEX
  5
eee
  8
Layer_0
  10
90.316406
  20
48.63916
  0
VERTEX
  5
eef
  8
Layer_0
  10
90.260742
  20
48.620117
  0
VERTEX
  5
ef0
  8
Layer_0
  10
90.224121
  20
48.608398
  0
VERTEX
  5
ef1
  8
Layer_0
  10
90.182129
  20
48.593262
  0
VERTEX
  5
ef2
  8
Layer_0
  10
90.129395
  20
48.575195
  0
VERTEX
  5
ef3
  8
Layer_0
  10
90.087891
  20
48.559082
  0
VERTEX
  5
ef4
  8
Layer_0
  10
90.038086
  20
48.541016
  0
VERTEX
  5
ef5
  8
Layer_0
  10
89.997559
  20
48.523926
  0
VERTEX
  5
ef6
  8
Layer_0
  10
89.944824
  20
48.503418
  0
VERTEX
  5
ef7
  8
Layer_0
  10
89.796387
  20
48.438965
  0
VERTEX
  5
ef8
  8
Layer_0
  10
89.769531
  20
48.427734
  42
0.079048001
  0
VERTEX
  5
ef9
  8
Layer_0
  10
87.722168
  20
47.181641
  42
0.021677502
  0
VERTEX
  5
efa
  8
Layer_0
  10
87.644043
  20
47.116699
  42
0.027025304
  0
VERTEX
  5
efb
  8
Layer_0
  10
87.587402
  20
47.066406
  42
0.019296164
  0
VERTEX
  5
efc
  8
Layer_0
  10
87.422852
  20
46.914551
  42
0.019461497
  0
VERTEX
  5
efd
  8
Layer_0
  10
87.379395
  20
46.873047
  42
0.10683871
  0
VERTEX
  5
efe
  8
Layer_0
  10
84.62793
  20
42.894531
  42
0.011247903
  0
VERTEX
  5
eff
  8
Layer_0
  10
84.348145
  20
42.173828
  42
0.026895842
  0
VERTEX
  5
f00
  8
Layer_0
  10
84.316406
  20
42.087891
  42
0.022994463
  0
VERTEX
  5
f01
  8
Layer_0
  10
84.279785
  20
41.983887
  42
0.029114209
  0
VERTEX
  5
f02
  8
Layer_0
  10
84.261719
  20
41.927734
  42
0.019933518
  0
VERTEX
  5
f03
  8
Layer_0
  10
84.197754
  20
41.713867
  42
0.06807117
  0
VERTEX
  5
f04
  8
Layer_0
  10
83.696289
  20
38.55127
  42
0.011960125
  0
VERTEX
  5
f05
  8
Layer_0
  10
83.660645
  20
37.813477
  0
VERTEX
  5
f06
  8
Layer_0
  10
83.658203
  20
37.774902
  42
0.011514908
  0
VERTEX
  5
f07
  8
Layer_0
  10
83.615234
  20
36.177734
  0
VERTEX
  5
f08
  8
Layer_0
  10
83.61377
  20
36.13916
  42
0.0096886264
  0
VERTEX
  5
f09
  8
Layer_0
  10
83.611816
  20
34.487305
  0
VERTEX
  5
f0a
  8
Layer_0
  10
83.611328
  20
34.472656
  0
VERTEX
  5
f0b
  8
Layer_0
  10
83.658203
  20
30.629395
  0
VERTEX
  5
f0c
  8
Layer_0
  10
83.65918
  20
30.591797
  0
VERTEX
  5
f0d
  8
Layer_0
  10
83.65918
  20
30.56543
  0
VERTEX
  5
f0e
  8
Layer_0
  10
83.663086
  20
30.472168
  0
VERTEX
  5
f0f
  8
Layer_0
  10
83.664551
  20
30.432129
  0
VERTEX
  5
f10
  8
Layer_0
  10
83.666016
  20
30.40918
  0
VERTEX
  5
f11
  8
Layer_0
  10
83.667969
  20
30.367676
  0
VERTEX
  5
f12
  8
Layer_0
  10
83.67627
  20
30.266602
  0
VERTEX
  5
f13
  8
Layer_0
  10
83.678711
  20
30.234863
  0
VERTEX
  5
f14
  8
Layer_0
  10
83.680664
  20
30.21582
  0
VERTEX
  5
f15
  8
Layer_0
  10
83.68457
  20
30.170898
  0
VERTEX
  5
f16
  8
Layer_0
  10
83.694336
  20
30.09375
  0
VERTEX
  5
f17
  8
Layer_0
  10
83.700195
  20
30.038574
  0
VERTEX
  5
f18
  8
Layer_0
  10
83.705078
  20
30.005371
  0
VERTEX
  5
f19
  8
Layer_0
  10
83.708984
  20
29.974609
  0
VERTEX
  5
f1a
  8
Layer_0
  10
83.722168
  20
29.894043
  0
VERTEX
  5
f1b
  8
Layer_0
  10
83.72998
  20
29.842773
  0
VERTEX
  5
f1c
  8
Layer_0
  10
83.73584
  20
29.811523
  0
VERTEX
  5
f1d
  8
Layer_0
  10
83.741211
  20
29.779785
  0
VERTEX
  5
f1e
  8
Layer_0
  10
83.758301
  20
29.697266
  0
VERTEX
  5
f1f
  8
Layer_0
  10
83.767578
  20
29.648926
  0
VERTEX
  5
f20
  8
Layer_0
  10
83.775391
  20
29.615234
  0
VERTEX
  5
f21
  8
Layer_0
  10
83.78125
  20
29.585938
  0
VERTEX
  5
f22
  8
Layer_0
  10
83.80127
  20
29.504395
  0
VERTEX
  5
f23
  8
Layer_0
  10
83.8125
  20
29.456543
  0
VERTEX
  5
f24
  8
Layer_0
  10
83.821777
  20
29.422363
  0
VERTEX
  5
f25
  8
Layer_0
  10
83.828613
  20
29.394531
  0
VERTEX
  5
f26
  8
Layer_0
  10
83.845215
  20
29.337402
  0
VERTEX
  5
f27
  8
Layer_0
  10
83.864746
  20
29.266113
  0
VERTEX
  5
f28
  8
Layer_0
  10
83.879395
  20
29.219727
  0
VERTEX
  5
f29
  8
Layer_0
  10
83.883789
  20
29.20459
  0
VERTEX
  5
f2a
  8
Layer_0
  10
83.899902
  20
29.15625
  0
VERTEX
  5
f2b
  8
Layer_0
  10
83.924805
  20
29.077637
  0
VERTEX
  5
f2c
  8
Layer_0
  10
83.941406
  20
29.032227
  0
VERTEX
  5
f2d
  8
Layer_0
  10
83.946289
  20
29.01709
  0
VERTEX
  5
f2e
  8
Layer_0
  10
83.95459
  20
28.995605
  0
VERTEX
  5
f2f
  8
Layer_0
  10
83.992188
  20
28.89209
  0
VERTEX
  5
f30
  8
Layer_0
  10
84.047363
  20
28.756348
  0
VERTEX
  5
f31
  8
Layer_0
  10
84.051758
  20
28.745117
  0
VERTEX
  5
f32
  8
Layer_0
  10
84.067383
  20
28.708496
  0
VERTEX
  5
f33
  8
Layer_0
  10
84.068359
  20
28.705078
  0
VERTEX
  5
f34
  8
Layer_0
  10
85.655273
  20
24.948242
  0
VERTEX
  5
f35
  8
Layer_0
  10
85.660156
  20
24.937012
  42
-0.015945784
  0
VERTEX
  5
f36
  8
Layer_0
  10
85.990723
  20
24.154297
  0
VERTEX
  5
f37
  8
Layer_0
  10
86.283203
  20
23.469238
  0
VERTEX
  5
f38
  8
Layer_0
  10
86.299316
  20
23.433594
  0
VERTEX
  5
f39
  8
Layer_0
  10
86.301758
  20
23.427246
  42
0.009258515
  0
VERTEX
  5
f3a
  8
Layer_0
  10
86.59375
  20
22.763184
  42
0.073801869
  0
VERTEX
  5
f3b
  8
Layer_0
  10
90.037109
  20
17.252441
  42
0.010532687
  0
VERTEX
  5
f3c
  8
Layer_0
  10
94.187988
  20
12.356934
  42
0.010794029
  0
VERTEX
  5
f3d
  8
Layer_0
  10
95.538086
  20
10.938965
  42
0.053116587
  0
VERTEX
  5
f3e
  8
Layer_0
  10
99.726074
  20
7.4355469
  42
0.089453869
  0
VERTEX
  5
f3f
  8
Layer_0
  10
103.12012
  20
5.9311523
  42
0.013770182
  0
VERTEX
  5
f40
  8
Layer_0
  10
103.50244
  20
5.8535156
  42
0.16972595
  0
VERTEX
  5
f41
  8
Layer_0
  10
107.67725
  20
6.4682617
  42
0.020523053
  0
VERTEX
  5
f42
  8
Layer_0
  10
107.90381
  20
6.5805664
  42
0.016140327
  0
VERTEX
  5
f43
  8
Layer_0
  10
108.27734
  20
6.777832
  42
0.035792881
  0
VERTEX
  5
f44
  8
Layer_0
  10
110.47461
  20
8.2148438
  0
VERTEX
  5
f45
  8
Layer_0
  10
111.20703
  20
8.7456055
  42
-0.08573651
  0
VERTEX
  5
f46
  8
Layer_0
  10
116.95166
  20
11.342773
  42
-0.032803875
  0
VERTEX
  5
f47
  8
Layer_0
  10
118.13379
  20
11.476074
  42
-0.074519442
  0
VERTEX
  5
f48
  8
Layer_0
  10
123.9873
  20
10.871094
  42
-0.01355931
  0
VERTEX
  5
f49
  8
Layer_0
  10
126.20557
  20
10.074707
  0
VERTEX
  5
f4a
  8
Layer_0
  10
126.22363
  20
10.067383
  42
0.01018415
  0
VERTEX
  5
f4b
  8
Layer_0
  10
126.85352
  20
9.8374023
  42
0.061154664
  0
VERTEX
  5
f4c
  8
Layer_0
  10
130.80322
  20
8.8085938
  42
0.02493153
  0
VERTEX
  5
f4d
  8
Layer_0
  10
130.84424
  20
8.8046875
  42
0.021254613
  0
VERTEX
  5
f4e
  8
Layer_0
  10
131.08203
  20
8.7856445
  42
0.056903295
  0
VERTEX
  5
f4f
  8
Layer_0
  10
134.31152
  20
8.9311523
  42
0.011324224
  0
VERTEX
  5
f50
  8
Layer_0
  10
135.36426
  20
9.1206055
  42
0.02241577
  0
VERTEX
  5
f51
  8
Layer_0
  10
135.4502
  20
9.1376953
  42
0.021608931
  0
VERTEX
  5
f52
  8
Layer_0
  10
135.87354
  20
9.2426758
  42
0.010590561
  0
VERTEX
  5
f53
  8
Layer_0
  10
136.94434
  20
9.5620117
  42
0.023967233
  0
VERTEX
  5
f54
  8
Layer_0
  10
137.41162
  20
9.7280273
  42
0.014500204
  0
VERTEX
  5
f55
  8
Layer_0
  10
138.68164
  20
10.256836
  42
0.020471409
  0
VERTEX
  5
f56
  8
Layer_0
  10
138.87842
  20
10.353516
  42
0.0065117101
  0
VERTEX
  5
f57
  8
Layer_0
  10
140.0542
  20
10.963379
  42
0.012089087
  0
VERTEX
  5
f58
  8
Layer_0
  10
141.66504
  20
11.817383
  0
VERTEX
  5
f59
  8
Layer_0
  10
143.13574
  20
12.485352
  0
VERTEX
  5
f5a
  8
Layer_0
  10
144.64844
  20
13.056641
  0
VERTEX
  5
f5b
  8
Layer_0
  10
146.31494
  20
13.56543
  42
-0.035399525
  0
VERTEX
  5
f5c
  8
Layer_0
  10
152.34814
  20
14.687012
  42
-0.021391013
  0
VERTEX
  5
f5d
  8
Layer_0
  10
160.91162
  20
15.35791
  42
-0.024980579
  0
VERTEX
  5
f5e
  8
Layer_0
  10
170.64697
  20
14.464844
  42
-0.046314508
  0
VERTEX
  5
f5f
  8
Layer_0
  10
177.20166
  20
12.941895
  0
VERTEX
  5
f60
  8
Layer_0
  10
178.72266
  20
12.358398
  0
VERTEX
  5
f61
  8
Layer_0
  10
180.20459
  20
11.677734
  0
VERTEX
  5
f62
  8
Layer_0
  10
181.80664
  20
10.820313
  0
VERTEX
  5
f63
  8
Layer_0
  10
181.8335
  20
10.806641
  0
VERTEX
  5
f64
  8
Layer_0
  10
181.84375
  20
10.800781
  42
0.014198856
  0
VERTEX
  5
f65
  8
Layer_0
  10
183.16309
  20
10.113281
  42
0.019000981
  0
VERTEX
  5
f66
  8
Layer_0
  10
183.36621
  20
10.022949
  42
0.016788456
  0
VERTEX
  5
f67
  8
Layer_0
  10
184.47021
  20
9.5605469
  0
VERTEX
  5
f68
  8
Layer_0
  10
184.47168
  20
9.5600586
  0
VERTEX
  5
f69
  8
Layer_0
  10
184.48486
  20
9.5541992
  42
0.028904071
  0
VERTEX
  5
f6a
  8
Layer_0
  10
186.38721
  20
8.9667969
  0
VERTEX
  5
f6b
  8
Layer_0
  10
186.53027
  20
8.9384766
  0
VERTEX
  5
f6c
  8
Layer_0
  10
186.54541
  20
8.9350586
  0
VERTEX
  5
f6d
  8
Layer_0
  10
186.56885
  20
8.9306641
  0
VERTEX
  5
f6e
  8
Layer_0
  10
186.58105
  20
8.9282227
  0
VERTEX
  5
f6f
  8
Layer_0
  10
186.58838
  20
8.9272461
  0
VERTEX
  5
f70
  8
Layer_0
  10
187.58984
  20
8.7407227
  0
VERTEX
  5
f71
  8
Layer_0
  10
187.625
  20
8.7348633
  0
VERTEX
  5
f72
  8
Layer_0
  10
187.67188
  20
8.7260742
  0
VERTEX
  5
f73
  8
Layer_0
  10
187.7124
  20
8.7202148
  0
VERTEX
  5
f74
  8
Layer_0
  10
187.78467
  20
8.7084961
  0
VERTEX
  5
f75
  8
Layer_0
  10
187.94678
  20
8.6879883
  0
VERTEX
  5
f76
  8
Layer_0
  10
187.96045
  20
8.6860352
  42
-0.0066308924
  0
VERTEX
  5
f77
  8
Layer_0
  10
187.98096
  20
8.6835938
  42
-0.0010869228
  0
VERTEX
  5
f78
  8
Layer_0
  10
188.71436
  20
8.6035156
  42
-0.0040344556
  0
VERTEX
  5
f79
  8
Layer_0
  10
188.90234
  20
8.5869141
  42
-0.016314556
  0
VERTEX
  5
f7a
  8
Layer_0
  10
189.00537
  20
8.5805664
  0
VERTEX
  5
f7b
  8
Layer_0
  10
189.64111
  20
8.5493164
  0
VERTEX
  5
f7c
  8
Layer_0
  10
189.646
  20
8.5493164
  0
VERTEX
  5
f7d
  8
Layer_0
  10
189.66406
  20
8.5483398
  42
0.088136875
  0
VERTEX
  5
f7e
  8
Layer_0
  10
193.93555
  20
9.2348633
  42
0.0097504727
  0
VERTEX
  5
f7f
  8
Layer_0
  10
194.46826
  20
9.4106445
  42
0.0049682788
  0
VERTEX
  5
f80
  8
Layer_0
  10
197.4502
  20
10.490234
  0
VERTEX
  5
f81
  8
Layer_0
  10
197.87939
  20
10.616211
  42
-0.034093813
  0
VERTEX
  5
f82
  8
Layer_0
  10
200.09326
  20
11.036621
  42
-0.053764164
  0
VERTEX
  5
f83
  8
Layer_0
  10
204.16699
  20
11.143555
  42
-0.066713849
  0
VERTEX
  5
f84
  8
Layer_0
  10
205.91602
  20
10.749512
  42
-0.082976999
  0
VERTEX
  5
f85
  8
Layer_0
  10
211.45947
  20
7.8330078
  0
VERTEX
  5
f86
  8
Layer_0
  10
212.27979
  20
7.2431641
  0
VERTEX
  5
f87
  8
Layer_0
  10
212.30371
  20
7.2265625
  0
VERTEX
  5
f88
  8
Layer_0
  10
212.32422
  20
7.2114258
  0
VERTEX
  5
f89
  8
Layer_0
  10
212.36475
  20
7.1845703
  0
VERTEX
  5
f8a
  8
Layer_0
  10
212.44238
  20
7.1308594
  0
VERTEX
  5
f8b
  8
Layer_0
  10
212.54199
  20
7.0678711
  0
VERTEX
  5
f8c
  8
Layer_0
  10
212.56787
  20
7.0507813
  0
VERTEX
  5
f8d
  8
Layer_0
  10
213.35693
  20
6.5625
  0
VERTEX
  5
f8e
  8
Layer_0
  10
213.36377
  20
6.5581055
  42
0.017023339
  0
VERTEX
  5
f8f
  8
Layer_0
  10
213.41895
  20
6.5258789
  42
0.084836497
  0
VERTEX
  5
f90
  8
Layer_0
  10
215.98926
  20
5.4716797
  42
0.011569371
  0
VERTEX
  5
f91
  8
Layer_0
  10
216.23633
  20
5.4262695
  42
0.056864626
  0
SEQEND
  0
POLYLINE
  5
f93
  8
Layer_0
  62
7
  70
1
  66
1
  10
0
  20
0
  30
0
  0
VERTEX
  5
f93
  8
Layer_0
  10
158.41309
  20
278.58838
  42
0.0017059738
  0
VERTEX
  5
f94
  8
Layer_0
  10
144.125
  20
279.21338
  42
0.14212517
  0
VERTEX
  5
f95
  8
Layer_0
  10
141.46631
  20
278.36621
  42
0.0042532685
  0
VERTEX
  5
f96
  8
Layer_0
  10
139.92285
  20
277.3291
  42
0.00507539
  0
VERTEX
  5
f97
  8
Layer_0
  10
139.87793
  20
277.29736
  42
0.01710109
  0
VERTEX
  5
f98
  8
Layer_0
  10
139.70947
  20
277.17529
  42
0.088236167
  0
VERTEX
  5
f99
  8
Layer_0
  10
136.24219
  20
273.62939
  0
VERTEX
  5
f9a
  8
Layer_0
  10
136.21143
  20
273.58545
  0
VERTEX
  5
f9b
  8
Layer_0
  10
136.20752
  20
273.57959
  0
VERTEX
  5
f9c
  8
Layer_0
  10
136.19336
  20
273.55713
  0
VERTEX
  5
f9d
  8
Layer_0
  10
136.10547
  20
273.41895
  0
VERTEX
  5
f9e
  8
Layer_0
  10
136.07275
  20
273.36328
  0
VERTEX
  5
f9f
  8
Layer_0
  10
136.05322
  20
273.33203
  42
0.11251551
  0
VERTEX
  5
fa0
  8
Layer_0
  10
134.6543
  20
269.3374
  42
0.017907127
  0
VERTEX
  5
fa1
  8
Layer_0
  10
134.31348
  20
265.20264
  0
VERTEX
  5
fa2
  8
Layer_0
  10
134.06348
  20
266.3916
  42
0.023385504
  0
VERTEX
  5
fa3
  8
Layer_0
  10
134.00537
  20
266.63428
  42
0.067335557
  0
VERTEX
  5
fa4
  8
Layer_0
  10
132.28955
  20
271.13721
  0
VERTEX
  5
fa5
  8
Layer_0
  10
132.27588
  20
271.16016
  0
VERTEX
  5
fa6
  8
Layer_0
  10
132.2583
  20
271.19189
  42
0.084052254
  0
VERTEX
  5
fa7
  8
Layer_0
  10
130.23926
  20
273.6665
  42
0.19163608
  0
VERTEX
  5
fa8
  8
Layer_0
  10
126.8252
  20
275.90137
  0
VERTEX
  5
fa9
  8
Layer_0
  10
126.65723
  20
275.96143
  42
-0.0038718898
  0
VERTEX
  5
faa
  8
Layer_0
  10
122.61182
  20
277.63281
  0
VERTEX
  5
fab
  8
Layer_0
  10
120.97217
  20
278.25879
  0
VERTEX
  5
fac
  8
Layer_0
  10
120.85791
  20
278.29932
  0
VERTEX
  5
fad
  8
Layer_0
  10
120.82373
  20
278.3125
  42
0.039271162
  0
VERTEX
  5
fae
  8
Layer_0
  10
114.15967
  20
280.2085
  42
0.10899039
  0
VERTEX
  5
faf
  8
Layer_0
  10
106.60645
  20
280.04492
  42
0.056665663
  0
VERTEX
  5
fb0
  8
Layer_0
  10
102.72412
  20
278.5708
  0
VERTEX
  5
fb1
  8
Layer_0
  10
102.71436
  20
278.56641
  42
-0.0056565954
  0
VERTEX
  5
fb2
  8
Layer_0
  10
102.56055
  20
278.48975
  42
-0.01041615
  0
VERTEX
  5
fb3
  8
Layer_0
  10
102.45508
  20
278.43311
  0
VERTEX
  5
fb4
  8
Layer_0
  10
101.32666
  20
277.80957
  42
0.019144616
  0
VERTEX
  5
fb5
  8
Layer_0
  10
101.12939
  20
277.69385
  0
VERTEX
  5
fb6
  8
Layer_0
  10
101.11572
  20
277.68604
  42
0.010225104
  0
VERTEX
  5
fb7
  8
Layer_0
  10
99.799805
  20
276.86963
  42
0.050368608
  0
VERTEX
  5
fb8
  8
Layer_0
  10
96.285645
  20
274.20117
  0
VERTEX
  5
fb9
  8
Layer_0
  10
96.255371
  20
274.17188
  0
VERTEX
  5
fba
  8
Layer_0
  10
96.154785
  20
274.07764
  0
VERTEX
  5
fbb
  8
Layer_0
  10
96.102539
  20
274.0249
  0
VERTEX
  5
fbc
  8
Layer_0
  10
96.075684
  20
273.99902
  42
0.031566943
  0
VERTEX
  5
fbd
  8
Layer_0
  10
92.866211
  20
270.26514
  0
VERTEX
  5
fbe
  8
Layer_0
  10
92.776367
  20
270.15088
  42
-0.012790246
  0
VERTEX
  5
fbf
  8
Layer_0
  10
92.744629
  20
275.38379
  0
VERTEX
  5
fc0
  8
Layer_0
  10
93.941895
  20
278.25879
  42
-0.020473554
  0
VERTEX
  5
fc1
  8
Layer_0
  10
95.319336
  20
281.36133
  42
-0.044541168
  0
VERTEX
  5
fc2
  8
Layer_0
  10
96.82373
  20
283.50049
  42
-0.0041404287
  0
VERTEX
  5
fc3
  8
Layer_0
  10
97.88916
  20
284.79785
  0
VERTEX
  5
fc4
  8
Layer_0
  10
97.893066
  20
284.80225
  0
VERTEX
  5
fc5
  8
Layer_0
  10
98.5625
  20
285.60352
  0
VERTEX
  5
fc6
  8
Layer_0
  10
98.567871
  20
285.60938
  0
VERTEX
  5
fc7
  8
Layer_0
  10
99.314941
  20
286.5
  42
-0.020840003
  0
VERTEX
  5
fc8
  8
Layer_0
  10
101.60547
  20
289.02539
  42
-0.034423973
  0
VERTEX
  5
fc9
  8
Layer_0
  10
103.47852
  20
290.70801
  0
VERTEX
  5
fca
  8
Layer_0
  10
103.58203
  20
290.6333
  0
VERTEX
  5
fcb
  8
Layer_0
  10
103.58545
  20
290.63086
  0
VERTEX
  5
fcc
  8
Layer_0
  10
104.40723
  20
290.03271
  42
0.021306683
  0
VERTEX
  5
fcd
  8
Layer_0
  10
104.60596
  20
289.896
  42
0.082091745
  0
VERTEX
  5
fce
  8
Layer_0
  10
113.27686
  20
285.90967
  42
0.011900694
  0
VERTEX
  5
fcf
  8
Layer_0
  10
113.83643
  20
285.77832
  0
VERTEX
  5
fd0
  8
Layer_0
  10
113.8418
  20
285.77686
  42
-0.0019106762
  0
VERTEX
  5
fd1
  8
Layer_0
  10
114.02197
  20
285.73828
  42
-0.013824703
  0
VERTEX
  5
fd2
  8
Layer_0
  10
114.12793
  20
285.71924
  0
VERTEX
  5
fd3
  8
Layer_0
  10
114.73096
  20
285.61572
  42
0.029330925
  0
VERTEX
  5
fd4
  8
Layer_0
  10
114.96191
  20
285.58203
  42
0.023130963
  0
VERTEX
  5
fd5
  8
Layer_0
  10
116.7915
  20
285.41309
  42
0.010583048
  0
VERTEX
  5
fd6
  8
Layer_0
  10
118.25781
  20
285.37891
  42
0.011872863
  0
VERTEX
  5
fd7
  8
Layer_0
  10
118.29443
  20
285.37891
  42
0.054334692
  0
VERTEX
  5
fd8
  8
Layer_0
  10
124.83301
  20
286.12158
  42
0.0096169847
  0
VERTEX
  5
fd9
  8
Layer_0
  10
125.70654
  20
286.34229
  0
VERTEX
  5
fda
  8
Layer_0
  10
125.71045
  20
286.34326
  0
VERTEX
  5
fdb
  8
Layer_0
  10
125.72266
  20
286.34668
  42
0.024335499
  0
VERTEX
  5
fdc
  8
Layer_0
  10
128.66943
  20
287.36816
  0
VERTEX
  5
fdd
  8
Layer_0
  10
129.14844
  20
287.54102
  42
-0.03238755
  0
VERTEX
  5
fde
  8
Layer_0
  10
130.61133
  20
287.99902
  42
-0.080928496
  0
VERTEX
  5
fdf
  8
Layer_0
  10
131.23828
  20
288.0249
  42
-0.09890848
  0
VERTEX
  5
fe0
  8
Layer_0
  10
133.44238
  20
287.42725
  42
-0.0045125987
  0
VERTEX
  5
fe1
  8
Layer_0
  10
136.09277
  20
286.01953
  42
-0.00066134644
  0
VERTEX
  5
fe2
  8
Layer_0
  10
136.12744
  20
286.00195
  0
VERTEX
  5
fe3
  8
Layer_0
  10
136.26855
  20
285.93018
  0
VERTEX
  5
fe4
  8
Layer_0
  10
136.32861
  20
285.90234
  0
VERTEX
  5
fe5
  8
Layer_0
  10
136.36328
  20
285.88525
  42
0.0092385187
  0
VERTEX
  5
fe6
  8
Layer_0
  10
138.14355
  20
285.06738
  42
0.0055629126
  0
VERTEX
  5
fe7
  8
Layer_0
  10
138.17725
  20
285.05273
  42
0.0035149805
  0
VERTEX
  5
fe8
  8
Layer_0
  10
138.42285
  20
284.9502
  0
VERTEX
  5
fe9
  8
Layer_0
  10
140.24756
  20
284.25049
  0
VERTEX
  5
fea
  8
Layer_0
  10
140.25195
  20
284.24902
  0
VERTEX
  5
feb
  8
Layer_0
  10
140.27344
  20
284.24023
  0
VERTEX
  5
fec
  8
Layer_0
  10
140.32031
  20
284.22412
  0
VERTEX
  5
fed
  8
Layer_0
  10
140.43311
  20
284.18311
  42
0.01191533
  0
VERTEX
  5
fee
  8
Layer_0
  10
142.69385
  20
283.48242
  42
0.010896998
  0
VERTEX
  5
fef
  8
Layer_0
  10
143.80273
  20
283.19336
  42
0.03229372
  0
VERTEX
  5
ff0
  8
Layer_0
  10
151.52881
  20
281.87012
  42
0.010385417
  0
VERTEX
  5
ff1
  8
Layer_0
  10
152.96777
  20
281.71631
  0
VERTEX
  5
ff2
  8
Layer_0
  10
152.99902
  20
281.7124
  42
0.010294516
  0
VERTEX
  5
ff3
  8
Layer_0
  10
155.37109
  20
281.49561
  0
VERTEX
  5
ff4
  8
Layer_0
  10
155.39502
  20
281.49316
  42
0.0083850974
  0
VERTEX
  5
ff5
  8
Layer_0
  10
157.61963
  20
281.33398
  0
VERTEX
  5
ff6
  8
Layer_0
  10
157.66357
  20
281.33057
  42
0.0091464215
  0
VERTEX
  5
ff7
  8
Layer_0
  10
159.88037
  20
281.2251
  42
0.010797133
  0
VERTEX
  5
ff8
  8
Layer_0
  10
160.16016
  20
281.229
  42
0.010920101
  0
VERTEX
  5
ff9
  8
Layer_0
  10
162.28564
  20
281.32031
  0
VERTEX
  5
ffa
  8
Layer_0
  10
162.31689
  20
281.32129
  42
0.010247892
  0
VERTEX
  5
ffb
  8
Layer_0
  10
164.53271
  20
281.46729
  0
VERTEX
  5
ffc
  8
Layer_0
  10
164.56934
  20
281.46924
  0
VERTEX
  5
ffd
  8
Layer_0
  10
166.86426
  20
281.66504
  42
0.029320515
  0
VERTEX
  5
ffe
  8
Layer_0
  10
174.96631
  20
282.83496
  42
0.0098843713
  0
VERTEX
  5
fff
  8
Layer_0
  10
176.11768
  20
283.09863
  42
0.018308937
  0
VERTEX
  5
1000
  8
Layer_0
  10
177.38281
  20
283.42725
  42
0.0088385931
  0
VERTEX
  5
1001
  8
Layer_0
  10
179.32568
  20
284.02148
  42
0.013721843
  0
VERTEX
  5
1002
  8
Layer_0
  10
179.60938
  20
284.11865
  42
0.012760001
  0
VERTEX
  5
1003
  8
Layer_0
  10
181.44189
  20
284.81104
  42
0.026106052
  0
VERTEX
  5
1004
  8
Layer_0
  10
181.50244
  20
284.83545
  42
0.0042700285
  0
VERTEX
  5
1005
  8
Layer_0
  10
181.72998
  20
284.93066
  42
0.010370594
  0
VERTEX
  5
1006
  8
Layer_0
  10
183.66406
  20
285.81348
  0
VERTEX
  5
1007
  8
Layer_0
  10
183.72119
  20
285.84375
  0
VERTEX
  5
1008
  8
Layer_0
  10
183.7627
  20
285.86426
  0
VERTEX
  5
1009
  8
Layer_0
  10
185.49121
  20
286.78174
  0
VERTEX
  5
100a
  8
Layer_0
  10
186.39355
  20
287.25
  42
-0.050945103
  0
VERTEX
  5
100b
  8
Layer_0
  10
187.5957
  20
287.68359
  42
-0.065888039
  0
VERTEX
  5
100c
  8
Layer_0
  10
188.98242
  20
287.83398
  42
-0.045910611
  0
VERTEX
  5
100d
  8
Layer_0
  10
190.62842
  20
287.34717
  0
VERTEX
  5
100e
  8
Layer_0
  10
191.21143
  20
287.1333
  0
VERTEX
  5
100f
  8
Layer_0
  10
191.21094
  20
287.1333
  0
VERTEX
  5
1010
  8
Layer_0
  10
191.81885
  20
286.9043
  0
VERTEX
  5
1011
  8
Layer_0
  10
191.82227
  20
286.90332
  0
VERTEX
  5
1012
  8
Layer_0
  10
192.52051
  20
286.63623
  42
0.043780123
  0
VERTEX
  5
1013
  8
Layer_0
  10
196.1377
  20
285.6377
  0
VERTEX
  5
1014
  8
Layer_0
  10
197.63281
  20
285.39063
  0
VERTEX
  5
1015
  8
Layer_0
  10
197.6377
  20
285.39014
  42
0.0086412962
  0
VERTEX
  5
1016
  8
Layer_0
  10
197.64648
  20
285.38867
  0
VERTEX
  5
1017
  8
Layer_0
  10
197.82861
  20
285.3623
  0
VERTEX
  5
1018
  8
Layer_0
  10
197.89893
  20
285.35498
  0
VERTEX
  5
1019
  8
Layer_0
  10
197.92822
  20
285.35107
  0
VERTEX
  5
101a
  8
Layer_0
  10
199.45508
  20
285.19141
  42
0.0047544004
  0
VERTEX
  5
101b
  8
Layer_0
  10
199.47412
  20
285.18945
  0
VERTEX
  5
101c
  8
Layer_0
  10
199.66113
  20
285.17334
  0
VERTEX
  5
101d
  8
Layer_0
  10
199.72949
  20
285.17041
  0
VERTEX
  5
101e
  8
Layer_0
  10
199.75391
  20
285.16846
  0
VERTEX
  5
101f
  8
Layer_0
  10
201.27686
  20
285.09814
  42
0.0012186736
  0
VERTEX
  5
1020
  8
Layer_0
  10
201.29785
  20
285.09717
  42
-0.0041575817
  0
VERTEX
  5
1021
  8
Layer_0
  10
201.47412
  20
285.09277
  42
-0.046050246
  0
VERTEX
  5
1022
  8
Layer_0
  10
201.58936
  20
285.09326
  0
VERTEX
  5
1023
  8
Layer_0
  10
203.04346
  20
285.11719
  42
0.017579373
  0
VERTEX
  5
1024
  8
Layer_0
  10
203.28955
  20
285.12842
  42
0.072953539
  0
VERTEX
  5
1025
  8
Layer_0
  10
208.14258
  20
286.05566
  42
0.0097916187
  0
VERTEX
  5
1026
  8
Layer_0
  10
209.37256
  20
286.49463
  42
0.069508894
  0
VERTEX
  5
1027
  8
Layer_0
  10
216.33398
  20
290.32178
  0
VERTEX
  5
1028
  8
Layer_0
  10
216.44287
  20
290.23926
  42
-0.02925504
  0
VERTEX
  5
1029
  8
Layer_0
  10
218.2627
  20
288.58887
  42
-0.019775033
  0
VERTEX
  5
102a
  8
Layer_0
  10
221.31445
  20
285.16357
  0
VERTEX
  5
102b
  8
Layer_0
  10
222.00049
  20
284.34521
  42
-0.0269791
  0
VERTEX
  5
102c
  8
Layer_0
  10
224.24072
  20
281.48682
  42
-0.041265391
  0
VERTEX
  5
102d
  8
Layer_0
  10
225.4126
  20
279.16553
  42
-0.0017617493
  0
VERTEX
  5
102e
  8
Layer_0
  10
226.01416
  20
277.74951
  0
VERTEX
  5
102f
  8
Layer_0
  10
226.01758
  20
277.7417
  0
VERTEX
  5
1030
  8
Layer_0
  10
227.23535
  20
274.85791
  42
-0.0070728967
  0
VERTEX
  5
1031
  8
Layer_0
  10
227.26709
  20
270.5249
  0
VERTEX
  5
1032
  8
Layer_0
  10
227.24463
  20
269.74072
  42
0.003336417
  0
VERTEX
  5
1033
  8
Layer_0
  10
227.15674
  20
269.85156
  42
0.0048847884
  0
VERTEX
  5
1034
  8
Layer_0
  10
226.71777
  20
270.4082
  42
0.035090777
  0
VERTEX
  5
1035
  8
Layer_0
  10
223.71826
  20
273.79688
  0
VERTEX
  5
1036
  8
Layer_0
  10
223.09424
  20
274.36035
  0
VERTEX
  5
1037
  8
Layer_0
  10
223.08838
  20
274.36523
  42
-0.0043693807
  0
VERTEX
  5
1038
  8
Layer_0
  10
223.07178
  20
274.37988
  0
VERTEX
  5
1039
  8
Layer_0
  10
222.94482
  20
274.48975
  42
0.032994175
  0
VERTEX
  5
103a
  8
Layer_0
  10
220.11182
  20
276.53223
  42
0.0099702094
  0
VERTEX
  5
103b
  8
Layer_0
  10
218.71875
  20
277.39404
  0
VERTEX
  5
103c
  8
Layer_0
  10
218.70264
  20
277.40283
  0
VERTEX
  5
103d
  8
Layer_0
  10
218.68359
  20
277.41406
  42
0.016824901
  0
VERTEX
  5
103e
  8
Layer_0
  10
217.53564
  20
278.05371
  0
VERTEX
  5
103f
  8
Layer_0
  10
217.5293
  20
278.05762
  42
-0.0022564068
  0
VERTEX
  5
1040
  8
Layer_0
  10
217.37646
  20
278.13867
  42
-0.011868028
  0
VERTEX
  5
1041
  8
Layer_0
  10
217.27002
  20
278.19092
  0
VERTEX
  5
1042
  8
Layer_0
  10
216.20264
  20
278.70068
  0
VERTEX
  5
1043
  8
Layer_0
  10
216.1665
  20
278.7168
  0
VERTEX
  5
1044
  8
Layer_0
  10
216.11914
  20
278.73975
  42
0.070458238
  0
VERTEX
  5
1045
  8
Layer_0
  10
211.54883
  20
280.04199
  0
VERTEX
  5
1046
  8
Layer_0
  10
211.51416
  20
280.04492
  0
VERTEX
  5
1047
  8
Layer_0
  10
211.50049
  20
280.04688
  42
0.011414088
  0
VERTEX
  5
1048
  8
Layer_0
  10
210.40967
  20
280.15625
  42
0.021955617
  0
VERTEX
  5
1049
  8
Layer_0
  10
210.0459
  20
280.17725
  42
0.010428365
  0
VERTEX
  5
104a
  8
Layer_0
  10
208.95068
  20
280.20264
  0
VERTEX
  5
104b
  8
Layer_0
  10
208.93945
  20
280.20313
  42
-0.010165251
  0
VERTEX
  5
104c
  8
Layer_0
  10
208.76611
  20
280.20361
  42
-0.012006613
  0
VERTEX
  5
104d
  8
Layer_0
  10
208.64795
  20
280.2002
  0
VERTEX
  5
104e
  8
Layer_0
  10
208.16943
  20
280.18115
  42
0.032900484
  0
VERTEX
  5
104f
  8
Layer_0
  10
205.63721
  20
279.85352
  42
0.0092243459
  0
VERTEX
  5
1050
  8
Layer_0
  10
204.12939
  20
279.53076
  0
VERTEX
  5
1051
  8
Layer_0
  10
204.10449
  20
279.52393
  0
VERTEX
  5
1052
  8
Layer_0
  10
204.09814
  20
279.52246
  42
0.0089615904
  0
VERTEX
  5
1053
  8
Layer_0
  10
202.47363
  20
279.09619
  0
VERTEX
  5
1054
  8
Layer_0
  10
202.45996
  20
279.0918
  0
VERTEX
  5
1055
  8
Layer_0
  10
200.95117
  20
278.63623
  0
VERTEX
  5
1056
  8
Layer_0
  10
200.82324
  20
278.59473
  0
VERTEX
  5
1057
  8
Layer_0
  10
200.78809
  20
278.58398
  42
0.02387747
  0
VERTEX
  5
1058
  8
Layer_0
  10
194.54688
  20
276.18701
  0
VERTEX
  5
1059
  8
Layer_0
  10
193.69678
  20
275.8501
  42
-0.057706294
  0
VERTEX
  5
105a
  8
Layer_0
  10
193.16895
  20
275.66406
  42
-0.0052059889
  0
VERTEX
  5
105b
  8
Layer_0
  10
193.11621
  20
275.65332
  42
-0.0089954177
  0
VERTEX
  5
105c
  8
Layer_0
  10
192.97607
  20
275.62109
  42
-0.0091123446
  0
VERTEX
  5
105d
  8
Layer_0
  10
192.92383
  20
275.60791
  42
-0.0077674647
  0
VERTEX
  5
105e
  8
Layer_0
  10
192.78516
  20
275.57031
  0
VERTEX
  5
105f
  8
Layer_0
  10
192.75635
  20
275.56152
  42
0.035646324
  0
VERTEX
  5
1060
  8
Layer_0
  10
192.66943
  20
275.53467
  42
0.019123817
  0
VERTEX
  5
1061
  8
Layer_0
  10
192.56152
  20
275.5
  42
0.0054807445
  0
VERTEX
  5
1062
  8
Layer_0
  10
192.51611
  20
275.48389
  42
0.017000412
  0
VERTEX
  5
1063
  8
Layer_0
  10
192.30859
  20
275.40625
  42
0.15238635
  0
VERTEX
  5
1064
  8
Layer_0
  10
189.771
  20
273.43311
  42
0.017513107
  0
VERTEX
  5
1065
  8
Layer_0
  10
189.60352
  20
273.28174
  42
0.10376625
  0
VERTEX
  5
1066
  8
Layer_0
  10
187.24512
  20
269.95117
  42
0.063382854
  0
VERTEX
  5
1067
  8
Layer_0
  10
185.74561
  20
264.99121
  0
VERTEX
  5
1068
  8
Layer_0
  10
185.69531
  20
265.73779
  0
VERTEX
  5
1069
  8
Layer_0
  10
185.69434
  20
265.74609
  0
VERTEX
  5
106a
  8
Layer_0
  10
185.69385
  20
265.75977
  42
0.011606725
  0
VERTEX
  5
106b
  8
Layer_0
  10
185.63086
  20
266.62354
  42
0.039049672
  0
VERTEX
  5
106c
  8
Layer_0
  10
185.14502
  20
270.4082
  0
VERTEX
  5
106d
  8
Layer_0
  10
185.13379
  20
270.45801
  42
-0.0084584451
  0
VERTEX
  5
106e
  8
Layer_0
  10
185.10498
  20
270.56787
  42
-0.0044304355
  0
VERTEX
  5
106f
  8
Layer_0
  10
185.05469
  20
270.73877
  0
VERTEX
  5
1070
  8
Layer_0
  10
184.89014
  20
271.26563
  42
0.084232121
  0
VERTEX
  5
1071
  8
Layer_0
  10
183.16406
  20
274.32568
  0
VERTEX
  5
1072
  8
Layer_0
  10
183.1167
  20
274.3877
  42
-0.0054723705
  0
VERTEX
  5
1073
  8
Layer_0
  10
183.08789
  20
274.42383
  42
-0.040079889
  0
VERTEX
  5
1074
  8
Layer_0
  10
182.99121
  20
274.54004
  42
-0.0069145572
  0
VERTEX
  5
1075
  8
Layer_0
  10
182.89795
  20
274.64551
  0
VERTEX
  5
1076
  8
Layer_0
  10
182.30469
  20
275.29834
  0
VERTEX
  5
1077
  8
Layer_0
  10
182.26416
  20
275.34131
  0
VERTEX
  5
1078
  8
Layer_0
  10
182.2168
  20
275.39258
  42
0.048273845
  0
VERTEX
  5
1079
  8
Layer_0
  10
180.07129
  20
277.21045
  42
0.01156278
  0
VERTEX
  5
107a
  8
Layer_0
  10
178.4873
  20
278.27881
  42
0.15690114
  0
VERTEX
  5
107b
  8
Layer_0
  10
175.54443
  20
279.10449
  0
VERTEX
  5
107c
  8
Layer_0
  10
165.45313
  20
278.72705
  0
VERTEX
  5
107d
  8
Layer_0
  10
165.4502
  20
278.72705
  42
0.0012906918
  0
VERTEX
  5
107e
  8
Layer_0
  10
160.58154
  20
278.53418
  0
VERTEX
  5
107f
  8
Layer_0
  10
159.4458
  20
278.53809
  0
SEQEND
  0
POLYLINE
  5
1081
  8
Layer_0
  62
7
  70
1
  66
1
  10
0
  20
0
  30
0
  0
VERTEX
  5
1081
  8
Layer_0
  10
160.85547
  20
268.53711
  42
-0.0016216732
  0
VERTEX
  5
1082
  8
Layer_0
  10
174.28662
  20
269.05029
  42
-0.088134286
  0
VERTEX
  5
1083
  8
Layer_0
  10
175.43896
  20
267.95166
  42
-0.021781816
  0
VERTEX
  5
1084
  8
Layer_0
  10
175.66699
  20
265.76563
  0
VERTEX
  5
1085
  8
Layer_0
  10
144.37451
  20
265.87402
  42
-0.024982417
  0
VERTEX
  5
1086
  8
Layer_0
  10
144.58887
  20
268.11035
  42
-0.084697006
  0
VERTEX
  5
1087
  8
Layer_0
  10
145.67773
  20
269.14795
  0
VERTEX
  5
1088
  8
Layer_0
  10
154.12158
  20
268.77441
  0
VERTEX
  5
1089
  8
Layer_0
  10
154.12598
  20
268.77393
  42
0.0068957933
  0
VERTEX
  5
108a
  8
Layer_0
  10
155.47998
  20
268.71338
  0
VERTEX
  5
108b
  8
Layer_0
  10
156.71875
  20
268.65674
  0
VERTEX
  5
108c
  8
Layer_0
  10
156.72803
  20
268.65625
  0
VERTEX
  5
108d
  8
Layer_0
  10
157.93604
  20
268.59961
  0
VERTEX
  5
108e
  8
Layer_0
  10
157.93994
  20
268.59961
  0
VERTEX
  5
108f
  8
Layer_0
  10
159.07275
  20
268.54443
  42
0.023487152
  0
VERTEX
  5
1090
  8
Layer_0
  10
159.29004
  20
268.53906
  0
VERTEX
  5
1091
  8
Layer_0
  10
159.29736
  20
268.53857
  42
0.010503194
  0
SEQEND
  0
POLYLINE
  5
1093
  8
Layer_0
  62
7
  70
1
  66
1
  10
0
  20
0
  30
0
  0
VERTEX
  5
1093
  8
Layer_0
  10
136.6543
  20
62.109375
  42
0.099597427
  0
VERTEX
  5
1094
  8
Layer_0
  10
134.68896
  20
62.025879
  42
0.13209207
  0
VERTEX
  5
1095
  8
Layer_0
  10
132.10352
  20
62.099609
  0
VERTEX
  5
1096
  8
Layer_0
  10
120.229
  20
62.140625
  0
VERTEX
  5
1097
  8
Layer_0
  10
120.1748
  20
62.139648
  0
VERTEX
  5
1098
  8
Layer_0
  10
120.14844
  20
62.140137
  0
VERTEX
  5
1099
  8
Layer_0
  10
116.07129
  20
62.088867
  0
VERTEX
  5
109a
  8
Layer_0
  10
114.44971
  20
190.87988
  0
VERTEX
  5
109b
  8
Layer_0
  10
122.14746
  20
190.97705
  0
VERTEX
  5
109c
  8
Layer_0
  10
122.17383
  20
190.97803
  0
VERTEX
  5
109d
  8
Layer_0
  10
122.19922
  20
190.97803
  42
-0.0049347153
  0
VERTEX
  5
109e
  8
Layer_0
  10
122.34521
  20
190.9834
  42
-0.0089256958
  0
VERTEX
  5
109f
  8
Layer_0
  10
122.39648
  20
190.98633
  42
-0.0057440812
  0
VERTEX
  5
10a0
  8
Layer_0
  10
122.54199
  20
190.99756
  42
-0.0075136673
  0
VERTEX
  5
10a1
  8
Layer_0
  10
122.59375
  20
191.00244
  42
-0.0068687028
  0
VERTEX
  5
10a2
  8
Layer_0
  10
122.73877
  20
191.01953
  42
-0.026942409
  0
VERTEX
  5
10a3
  8
Layer_0
  10
122.79004
  20
191.02637
  42
-0.0076306865
  0
VERTEX
  5
10a4
  8
Layer_0
  10
122.93408
  20
191.04932
  0
VERTEX
  5
10a5
  8
Layer_0
  10
122.95068
  20
191.05273
  42
0.36768589
  0
VERTEX
  5
10a6
  8
Layer_0
  10
127.08398
  20
196.03955
  0
VERTEX
  5
10a7
  8
Layer_0
  10
126.58594
  20
235.59912
  0
VERTEX
  5
10a8
  8
Layer_0
  10
126.58594
  20
235.61133
  0
VERTEX
  5
10a9
  8
Layer_0
  10
126.48975
  20
243.21338
  0
VERTEX
  5
10aa
  8
Layer_0
  10
126.48975
  20
243.22607
  0
VERTEX
  5
10ab
  8
Layer_0
  10
126.32959
  20
255.93701
  0
VERTEX
  5
10ac
  8
Layer_0
  10
129.84668
  20
255.9248
  0
VERTEX
  5
10ad
  8
Layer_0
  10
129.89063
  20
255.92578
  42
-0.11163107
  0
VERTEX
  5
10ae
  8
Layer_0
  10
129.9873
  20
255.92725
  0
VERTEX
  5
10af
  8
Layer_0
  10
130.04395
  20
255.92822
  0
VERTEX
  5
10b0
  8
Layer_0
  10
130.08154
  20
255.93018
  42
0.0013960423
  0
VERTEX
  5
10b1
  8
Layer_0
  10
130.24121
  20
255.93896
  0
VERTEX
  5
10b2
  8
Layer_0
  10
130.28467
  20
255.94336
  42
0.013247661
  0
VERTEX
  5
10b3
  8
Layer_0
  10
130.38135
  20
255.95264
  42
0.26895665
  0
VERTEX
  5
10b4
  8
Layer_0
  10
134.43604
  20
258.90186
  0
VERTEX
  5
10b5
  8
Layer_0
  10
134.49463
  20
258.76172
  42
0.35336848
  0
VERTEX
  5
10b6
  8
Layer_0
  10
140.07861
  20
255.88916
  0
VERTEX
  5
10b7
  8
Layer_0
  10
179.97852
  20
255.75049
  0
VERTEX
  5
10b8
  8
Layer_0
  10
180.01563
  20
255.74219
  42
0.35909948
  0
VERTEX
  5
10b9
  8
Layer_0
  10
185.6333
  20
258.72363
  42
-0.0013504846
  0
VERTEX
  5
10ba
  8
Layer_0
  10
185.69482
  20
258.58545
  42
-0.029858212
  0
VERTEX
  5
10bb
  8
Layer_0
  10
185.78662
  20
258.40137
  0
VERTEX
  5
10bc
  8
Layer_0
  10
185.78662
  20
258.40088
  42
0.27837752
  0
VERTEX
  5
10bd
  8
Layer_0
  10
190.20117
  20
255.71533
  0
VERTEX
  5
10be
  8
Layer_0
  10
193.85693
  20
255.70264
  0
VERTEX
  5
10bf
  8
Layer_0
  10
193.78662
  20
242.92188
  0
VERTEX
  5
10c0
  8
Layer_0
  10
193.74463
  20
235.30762
  0
VERTEX
  5
10c1
  8
Layer_0
  10
193.52783
  20
195.73828
  42
0.40990209
  0
VERTEX
  5
10c2
  8
Layer_0
  10
198.43018
  20
190.71191
  0
VERTEX
  5
10c3
  8
Layer_0
  10
206.19971
  20
190.56006
  0
VERTEX
  5
10c4
  8
Layer_0
  10
205.49365
  20
61.779785
  0
VERTEX
  5
10c5
  8
Layer_0
  10
201.48584
  20
61.85791
  0
VERTEX
  5
10c6
  8
Layer_0
  10
201.43506
  20
61.85791
  0
VERTEX
  5
10c7
  8
Layer_0
  10
201.40576
  20
61.858887
  0
VERTEX
  5
10c8
  8
Layer_0
  10
189.53027
  20
61.899902
  0
VERTEX
  5
10c9
  8
Layer_0
  10
189.50439
  20
61.906738
  42
0.13054884
  0
VERTEX
  5
10ca
  8
Layer_0
  10
186.94189
  20
61.84375
  42
0.10774538
  0
VERTEX
  5
10cb
  8
Layer_0
  10
184.82959
  20
61.916016
  0
VERTEX
  5
10cc
  8
Layer_0
  10
136.80518
  20
62.083008
  0
SEQEND
  0
POLYLINE
  5
10ce
  8
Layer_0
  62
7
  70
1
  66
1
  10
0
  20
0
  30
0
  0
VERTEX
  5
10ce
  8
Layer_0
  10
160.22266
  20
38.054199
  42
0.021721758
  0
VERTEX
  5
10cf
  8
Layer_0
  10
160.01074
  20
38.049805
  42
0.021032384
  0
VERTEX
  5
10d0
  8
Layer_0
  10
158.86377
  20
38.002441
  42
0.0068137896
  0
VERTEX
  5
10d1
  8
Layer_0
  10
157.64307
  20
37.953613
  0
VERTEX
  5
10d2
  8
Layer_0
  10
156.39844
  20
37.904785
  0
VERTEX
  5
10d3
  8
Layer_0
  10
156.39258
  20
37.904785
  0
VERTEX
  5
10d4
  8
Layer_0
  10
155.05322
  20
37.854492
  0
VERTEX
  5
10d5
  8
Layer_0
  10
155.05127
  20
37.854492
  0
VERTEX
  5
10d6
  8
Layer_0
  10
146.59375
  20
37.538574
  42
-0.087793563
  0
VERTEX
  5
10d7
  8
Layer_0
  10
145.44141
  20
38.637695
  42
-0.022299533
  0
VERTEX
  5
10d8
  8
Layer_0
  10
145.16162
  20
41.544434
  0
VERTEX
  5
10d9
  8
Layer_0
  10
145.09912
  20
42.46875
  0
VERTEX
  5
10da
  8
Layer_0
  10
145.09912
  20
42.470703
  0
VERTEX
  5
10db
  8
Layer_0
  10
145.02881
  20
43.560059
  0
VERTEX
  5
10dc
  8
Layer_0
  10
145.02881
  20
43.563477
  42
0.014298135
  0
VERTEX
  5
10dd
  8
Layer_0
  10
144.36719
  20
51.883301
  0
VERTEX
  5
10de
  8
Layer_0
  10
144.35938
  20
51.94043
  0
VERTEX
  5
10df
  8
Layer_0
  10
144.35498
  20
51.983398
  0
VERTEX
  5
10e0
  8
Layer_0
  10
144.34521
  20
52.056641
  0
VERTEX
  5
10e1
  8
Layer_0
  10
160.78223
  20
51.999512
  0
VERTEX
  5
10e2
  8
Layer_0
  10
177.29932
  20
51.942383
  0
VERTEX
  5
10e3
  8
Layer_0
  10
177.28125
  20
51.803223
  0
VERTEX
  5
10e4
  8
Layer_0
  10
177.27441
  20
51.739258
  0
VERTEX
  5
10e5
  8
Layer_0
  10
177.26855
  20
51.698242
  42
0.0098238764
  0
VERTEX
  5
10e6
  8
Layer_0
  10
177.17236
  20
50.789551
  42
0.010014266
  0
VERTEX
  5
10e7
  8
Layer_0
  10
176.60449
  20
42.286621
  0
VERTEX
  5
10e8
  8
Layer_0
  10
176.54736
  20
41.346191
  0
VERTEX
  5
10e9
  8
Layer_0
  10
176.54736
  20
41.342773
  42
-0.026264859
  0
VERTEX
  5
10ea
  8
Layer_0
  10
176.29248
  20
38.478027
  42
-0.085149938
  0
VERTEX
  5
10eb
  8
Layer_0
  10
175.20313
  20
37.439453
  0
VERTEX
  5
10ec
  8
Layer_0
  10
166.75879
  20
37.812988
  0
VERTEX
  5
10ed
  8
Layer_0
  10
166.75439
  20
37.813477
  0
VERTEX
  5
10ee
  8
Layer_0
  10
165.41504
  20
37.873535
  0
VERTEX
  5
10ef
  8
Layer_0
  10
165.40479
  20
37.874023
  0
VERTEX
  5
10f0
  8
Layer_0
  10
164.15869
  20
37.931152
  0
VERTEX
  5
10f1
  8
Layer_0
  10
164.15234
  20
37.931641
  0
VERTEX
  5
10f2
  8
Layer_0
  10
162.94482
  20
37.988281
  0
VERTEX
  5
10f3
  8
Layer_0
  10
162.94092
  20
37.988281
  0
VERTEX
  5
10f4
  8
Layer_0
  10
161.80762
  20
38.043457
  42
0.011401395
  0
SEQEND
  0
POLYLINE
  5
10f6
  8
Layer_0
  62
7
  70
1
  66
1
  10
0
  20
0
  30
0
  0
VERTEX
  5
10f6
  8
Layer_0
  10
162.46777
  20
27.999512
  0
VERTEX
  5
10f7
  8
Layer_0
  10
162.47119
  20
27.999512
  0
VERTEX
  5
10f8
  8
Layer_0
  10
162.47607
  20
27.999023
  42
0.0014304203
  0
VERTEX
  5
10f9
  8
Layer_0
  10
176.66797
  20
27.372559
  42
0.021115124
  0
VERTEX
  5
10fa
  8
Layer_0
  10
176.75293
  20
27.374023
  42
0.02058767
  0
VERTEX
  5
10fb
  8
Layer_0
  10
176.87695
  20
27.378906
  42
0.13637387
  0
VERTEX
  5
10fc
  8
Layer_0
  10
179.41309
  20
28.220703
  0
VERTEX
  5
10fd
  8
Layer_0
  10
180.94727
  20
29.250977
  0
VERTEX
  5
10fe
  8
Layer_0
  10
180.95068
  20
29.253418
  42
0.097145326
  0
VERTEX
  5
10ff
  8
Layer_0
  10
184.77344
  20
33.164063
  0
VERTEX
  5
1100
  8
Layer_0
  10
184.81104
  20
33.228516
  0
VERTEX
  5
1101
  8
Layer_0
  10
184.82959
  20
33.258301
  42
0.1067719
  0
VERTEX
  5
1102
  8
Layer_0
  10
186.18848
  20
37.00293
  42
0.02169425
  0
VERTEX
  5
1103
  8
Layer_0
  10
186.56738
  20
41.383789
  42
-0.0045970207
  0
VERTEX
  5
1104
  8
Layer_0
  10
186.81543
  20
40.203613
  42
-0.0051015053
  0
VERTEX
  5
1105
  8
Layer_0
  10
186.81738
  20
40.194824
  0
VERTEX
  5
1106
  8
Layer_0
  10
186.86182
  20
40.001953
  0
VERTEX
  5
1107
  8
Layer_0
  10
186.87842
  20
39.94043
  0
VERTEX
  5
1108
  8
Layer_0
  10
186.8833
  20
39.919922
  42
0.056705394
  0
VERTEX
  5
1109
  8
Layer_0
  10
188.26855
  20
36.061035
  42
0.10182685
  0
VERTEX
  5
110a
  8
Layer_0
  10
190.64209
  20
32.918945
  42
0.19153806
  0
VERTEX
  5
110b
  8
Layer_0
  10
194.05469
  20
30.685059
  0
VERTEX
  5
110c
  8
Layer_0
  10
194.24512
  20
30.616699
  42
-0.0034388917
  0
VERTEX
  5
110d
  8
Layer_0
  10
198.26709
  20
28.95459
  0
VERTEX
  5
110e
  8
Layer_0
  10
199.90625
  20
28.328125
  0
VERTEX
  5
110f
  8
Layer_0
  10
200.02393
  20
28.285645
  0
VERTEX
  5
1110
  8
Layer_0
  10
200.05664
  20
28.273438
  42
0.0095920797
  0
VERTEX
  5
1111
  8
Layer_0
  10
201.80322
  20
27.672363
  42
0.0075757299
  0
VERTEX
  5
1112
  8
Layer_0
  10
201.84229
  20
27.659668
  0
VERTEX
  5
1113
  8
Layer_0
  10
201.84814
  20
27.658203
  0
VERTEX
  5
1114
  8
Layer_0
  10
203.3457
  20
27.196289
  0
VERTEX
  5
1115
  8
Layer_0
  10
203.50684
  20
27.149902
  0
VERTEX
  5
1116
  8
Layer_0
  10
203.53125
  20
27.142578
  42
0.010437472
  0
VERTEX
  5
1117
  8
Layer_0
  10
205.15967
  20
26.712891
  42
0.032004788
  0
VERTEX
  5
1118
  8
Layer_0
  10
208.27344
  20
26.142578
  42
0.08664844
  0
VERTEX
  5
1119
  8
Layer_0
  10
214.27393
  20
26.540527
  42
0.056660297
  0
VERTEX
  5
111a
  8
Layer_0
  10
218.15527
  20
28.01416
  0
VERTEX
  5
111b
  8
Layer_0
  10
218.16602
  20
28.019043
  42
-0.0075569635
  0
VERTEX
  5
111c
  8
Layer_0
  10
218.31982
  20
28.095703
  42
-0.015181823
  0
VERTEX
  5
111d
  8
Layer_0
  10
218.42529
  20
28.152344
  0
VERTEX
  5
111e
  8
Layer_0
  10
219.55371
  20
28.775879
  42
0.01998774
  0
VERTEX
  5
111f
  8
Layer_0
  10
219.74707
  20
28.88916
  42
0.027667474
  0
VERTEX
  5
1120
  8
Layer_0
  10
223.06104
  20
31.085449
  42
0.0053956382
  0
VERTEX
  5
1121
  8
Layer_0
  10
223.72998
  20
31.616699
  0
VERTEX
  5
1122
  8
Layer_0
  10
223.73926
  20
31.624023
  42
-0.0045774077
  0
VERTEX
  5
1123
  8
Layer_0
  10
223.87451
  20
31.736328
  42
-0.010731358
  0
VERTEX
  5
1124
  8
Layer_0
  10
223.96143
  20
31.812988
  0
VERTEX
  5
1125
  8
Layer_0
  10
224.58154
  20
32.37207
  42
0.035567552
  0
VERTEX
  5
1126
  8
Layer_0
  10
227.57861
  20
35.765137
  0
VERTEX
  5
1127
  8
Layer_0
  10
228.00928
  20
36.313477
  0
VERTEX
  5
1128
  8
Layer_0
  10
228.01465
  20
36.319824
  0
VERTEX
  5
1129
  8
Layer_0
  10
228.10449
  20
36.433594
  42
-0.012681645
  0
VERTEX
  5
112a
  8
Layer_0
  10
228.13574
  20
31.200195
  0
VERTEX
  5
112b
  8
Layer_0
  10
226.93848
  20
28.325684
  0
VERTEX
  5
112c
  8
Layer_0
  10
226.93408
  20
28.314941
  42
-0.020524716
  0
VERTEX
  5
112d
  8
Layer_0
  10
225.55957
  20
25.221191
  42
-0.044620154
  0
VERTEX
  5
112e
  8
Layer_0
  10
224.0459
  20
23.071777
  0
VERTEX
  5
112f
  8
Layer_0
  10
223.54053
  20
22.451172
  0
VERTEX
  5
1130
  8
Layer_0
  10
223.53906
  20
22.449219
  0
VERTEX
  5
1131
  8
Layer_0
  10
222.97217
  20
21.764648
  0
VERTEX
  5
1132
  8
Layer_0
  10
222.96387
  20
21.754395
  42
-0.0070011221
  0
VERTEX
  5
1133
  8
Layer_0
  10
220.37305
  20
18.71875
  42
-0.025692711
  0
VERTEX
  5
1134
  8
Layer_0
  10
218.32129
  20
16.649414
  42
-0.027326789
  0
VERTEX
  5
1135
  8
Layer_0
  10
217.40088
  20
15.877441
  42
-0.0022152838
  0
VERTEX
  5
1136
  8
Layer_0
  10
216.47217
  20
16.552734
  0
VERTEX
  5
1137
  8
Layer_0
  10
216.31006
  20
16.666016
  0
VERTEX
  5
1138
  8
Layer_0
  10
216.27539
  20
16.688477
  0
VERTEX
  5
1139
  8
Layer_0
  10
216.25098
  20
16.705078
  42
0.010555845
  0
VERTEX
  5
113a
  8
Layer_0
  10
215.16553
  20
17.404297
  0
VERTEX
  5
113b
  8
Layer_0
  10
215.14648
  20
17.415039
  0
VERTEX
  5
113c
  8
Layer_0
  10
215.12695
  20
17.427246
  42
0.010646999
  0
VERTEX
  5
113d
  8
Layer_0
  10
213.98145
  20
18.088867
  0
VERTEX
  5
113e
  8
Layer_0
  10
213.96875
  20
18.095215
  0
VERTEX
  5
113f
  8
Layer_0
  10
213.9541
  20
18.103516
  42
0.010438325
  0
VERTEX
  5
1140
  8
Layer_0
  10
212.76416
  20
18.720215
  42
0.049741234
  0
VERTEX
  5
1141
  8
Layer_0
  10
207.59961
  20
20.677246
  42
0.050139601
  0
VERTEX
  5
1142
  8
Layer_0
  10
204.08838
  20
21.172852
  42
0.011698436
  0
VERTEX
  5
1143
  8
Layer_0
  10
202.62207
  20
21.207031
  0
VERTEX
  5
1144
  8
Layer_0
  10
202.61035
  20
21.20752
  42
-0.012335507
  0
VERTEX
  5
1145
  8
Layer_0
  10
202.43604
  20
21.208008
  42
-0.0093121255
  0
VERTEX
  5
1146
  8
Layer_0
  10
202.31885
  20
21.20459
  0
VERTEX
  5
1147
  8
Layer_0
  10
200.79639
  20
21.144531
  42
0.021997054
  0
VERTEX
  5
1148
  8
Layer_0
  10
200.54688
  20
21.127441
  0
VERTEX
  5
1149
  8
Layer_0
  10
200.50781
  20
21.125
  42
0.010756855
  0
VERTEX
  5
114a
  8
Layer_0
  10
198.77637
  20
20.95166
  0
VERTEX
  5
114b
  8
Layer_0
  10
198.71875
  20
20.942383
  0
VERTEX
  5
114c
  8
Layer_0
  10
198.67529
  20
20.937012
  42
0.010857599
  0
VERTEX
  5
114d
  8
Layer_0
  10
196.98779
  20
20.665039
  0
VERTEX
  5
114e
  8
Layer_0
  10
196.96582
  20
20.660156
  0
VERTEX
  5
114f
  8
Layer_0
  10
196.94092
  20
20.655762
  42
0.048911375
  0
VERTEX
  5
1150
  8
Layer_0
  10
192.83691
  20
19.450684
  42
0.017535734
  0
VERTEX
  5
1151
  8
Layer_0
  10
192.20996
  20
19.218262
  0
VERTEX
  5
1152
  8
Layer_0
  10
191.71973
  20
19.041504
  42
-0.031591577
  0
VERTEX
  5
1153
  8
Layer_0
  10
190.27588
  20
18.588867
  42
-0.097265102
  0
VERTEX
  5
1154
  8
Layer_0
  10
189.23438
  20
18.605957
  42
-0.079494851
  0
VERTEX
  5
1155
  8
Layer_0
  10
187.43896
  20
19.158203
  0
VERTEX
  5
1156
  8
Layer_0
  10
186.52539
  20
19.637207
  0
VERTEX
  5
1157
  8
Layer_0
  10
186.52441
  20
19.637695
  42
-0.005780839
  0
VERTEX
  5
1158
  8
Layer_0
  10
184.77734
  20
20.572754
  42
-0.0070096508
  0
VERTEX
  5
1159
  8
Layer_0
  10
184.61133
  20
20.656738
  42
-0.013973452
  0
VERTEX
  5
115a
  8
Layer_0
  10
184.51611
  20
20.702148
  0
VERTEX
  5
115b
  8
Layer_0
  10
182.75439
  20
21.511719
  0
VERTEX
  5
115c
  8
Layer_0
  10
182.73584
  20
21.519531
  0
VERTEX
  5
115d
  8
Layer_0
  10
182.72607
  20
21.524414
  0
VERTEX
  5
115e
  8
Layer_0
  10
182.70508
  20
21.533203
  0
VERTEX
  5
115f
  8
Layer_0
  10
182.57324
  20
21.590332
  0
VERTEX
  5
1160
  8
Layer_0
  10
182.49609
  20
21.620605
  0
VERTEX
  5
1161
  8
Layer_0
  10
182.45703
  20
21.636719
  42
0.011519377
  0
VERTEX
  5
1162
  8
Layer_0
  10
180.62598
  20
22.338867
  42
0.014318183
  0
VERTEX
  5
1163
  8
Layer_0
  10
180.33057
  20
22.441406
  42
0.0097736449
  0
VERTEX
  5
1164
  8
Layer_0
  10
178.21436
  20
23.097168
  0
VERTEX
  5
1165
  8
Layer_0
  10
178.19775
  20
23.101074
  0
VERTEX
  5
1166
  8
Layer_0
  10
178.18848
  20
23.104004
  42
0.011163637
  0
VERTEX
  5
1167
  8
Layer_0
  10
177.07129
  20
23.395508
  42
0.032179292
  0
VERTEX
  5
1168
  8
Layer_0
  10
169.35107
  20
24.717773
  42
0.01009429
  0
VERTEX
  5
1169
  8
Layer_0
  10
167.90674
  20
24.87207
  0
VERTEX
  5
116a
  8
Layer_0
  10
167.87939
  20
24.875488
  42
0.0085591753
  0
VERTEX
  5
116b
  8
Layer_0
  10
165.51709
  20
25.091309
  42
0.014976278
  0
VERTEX
  5
116c
  8
Layer_0
  10
160.97754
  20
25.363281
  42
0.031048872
  0
VERTEX
  5
116d
  8
Layer_0
  10
148.40088
  20
24.222168
  42
0.009889578
  0
VERTEX
  5
116e
  8
Layer_0
  10
147.16748
  20
24.004395
  42
0.051938224
  0
VERTEX
  5
116f
  8
Layer_0
  10
139.38281
  20
21.755859
  42
0.019764875
  0
VERTEX
  5
1170
  8
Layer_0
  10
139.18213
  20
21.671875
  0
VERTEX
  5
1171
  8
Layer_0
  10
139.14941
  20
21.658203
  42
0.010397909
  0
VERTEX
  5
1172
  8
Layer_0
  10
137.21533
  20
20.775391
  0
VERTEX
  5
1173
  8
Layer_0
  10
137.15137
  20
20.741699
  0
VERTEX
  5
1174
  8
Layer_0
  10
137.11768
  20
20.725098
  0
VERTEX
  5
1175
  8
Layer_0
  10
135.38721
  20
19.807129
  0
VERTEX
  5
1176
  8
Layer_0
  10
135.38525
  20
19.806152
  0
VERTEX
  5
1177
  8
Layer_0
  10
134.48584
  20
19.339355
  42
-0.10862535
  0
VERTEX
  5
1178
  8
Layer_0
  10
132.02148
  20
18.749023
  42
-0.070754503
  0
VERTEX
  5
1179
  8
Layer_0
  10
131.05371
  20
18.966309
  42
-0.0042537812
  0
VERTEX
  5
117a
  8
Layer_0
  10
127.64258
  20
20.208984
  0
VERTEX
  5
117b
  8
Layer_0
  10
127.45508
  20
20.270996
  0
VERTEX
  5
117c
  8
Layer_0
  10
127.43311
  20
20.277344
  0
VERTEX
  5
117d
  8
Layer_0
  10
127.4082
  20
20.285645
  42
0.010597393
  0
VERTEX
  5
117e
  8
Layer_0
  10
126.57129
  20
20.532227
  0
VERTEX
  5
117f
  8
Layer_0
  10
126.56836
  20
20.532715
  0
VERTEX
  5
1180
  8
Layer_0
  10
126.56055
  20
20.535156
  42
0.04488101
  0
VERTEX
  5
1181
  8
Layer_0
  10
121.4165
  20
21.399414
  42
0.041118821
  0
VERTEX
  5
1182
  8
Layer_0
  10
116.87793
  20
21.411621
  42
0.015305889
  0
VERTEX
  5
1183
  8
Layer_0
  10
116.67334
  20
21.392578
  42
0.060353366
  0
VERTEX
  5
1184
  8
Layer_0
  10
112.7373
  20
20.53418
  42
0.0097416474
  0
VERTEX
  5
1185
  8
Layer_0
  10
111.50732
  20
20.095215
  0
VERTEX
  5
1186
  8
Layer_0
  10
111.48047
  20
20.083984
  0
VERTEX
  5
1187
  8
Layer_0
  10
111.47119
  20
20.080566
  42
0.0095191632
  0
VERTEX
  5
1188
  8
Layer_0
  10
110.2417
  20
19.575195
  0
VERTEX
  5
1189
  8
Layer_0
  10
110.22607
  20
19.567871
  0
VERTEX
  5
118a
  8
Layer_0
  10
110.21387
  20
19.5625
  42
0.0098979685
  0
VERTEX
  5
118b
  8
Layer_0
  10
109.00049
  20
18.997559
  0
VERTEX
  5
118c
  8
Layer_0
  10
108.98682
  20
18.990234
  0
VERTEX
  5
118d
  8
Layer_0
  10
108.97754
  20
18.98584
  42
0.0096390381
  0
VERTEX
  5
118e
  8
Layer_0
  10
107.79492
  20
18.369629
  0
VERTEX
  5
118f
  8
Layer_0
  10
107.76953
  20
18.354492
  0
VERTEX
  5
1190
  8
Layer_0
  10
107.76758
  20
18.353516
  42
0.0093409593
  0
VERTEX
  5
1191
  8
Layer_0
  10
106.62939
  20
17.692383
  0
VERTEX
  5
1192
  8
Layer_0
  10
106.60254
  20
17.674805
  0
VERTEX
  5
1193
  8
Layer_0
  10
106.58936
  20
17.666992
  42
0.010541744
  0
VERTEX
  5
1194
  8
Layer_0
  10
105.5127
  20
16.968262
  0
VERTEX
  5
1195
  8
Layer_0
  10
105.47705
  20
16.942383
  0
VERTEX
  5
1196
  8
Layer_0
  10
105.45068
  20
16.924316
  42
0.008307101
  0
VERTEX
  5
1197
  8
Layer_0
  10
104.59863
  20
16.306641
  0
VERTEX
  5
1198
  8
Layer_0
  10
104.54639
  20
16.269043
  42
-0.033148426
  0
VERTEX
  5
1199
  8
Layer_0
  10
102.62695
  20
17.992188
  42
-0.019703826
  0
VERTEX
  5
119a
  8
Layer_0
  10
99.565918
  20
21.426758
  42
-0.018894429
  0
VERTEX
  5
119b
  8
Layer_0
  10
96.827148
  20
24.82666
  42
-0.050440977
  0
VERTEX
  5
119c
  8
Layer_0
  10
95.480469
  20
27.395996
  0
VERTEX
  5
119d
  8
Layer_0
  10
95.187988
  20
28.081055
  0
VERTEX
  5
119e
  8
Layer_0
  10
95.184082
  20
28.089844
  0
VERTEX
  5
119f
  8
Layer_0
  10
94.866211
  20
28.841309
  0
VERTEX
  5
11a0
  8
Layer_0
  10
94.865723
  20
28.842773
  0
VERTEX
  5
11a1
  8
Layer_0
  10
93.645508
  20
31.731445
  42
-0.0071581822
  0
VERTEX
  5
11a2
  8
Layer_0
  10
93.61377
  20
36.049316
  0
VERTEX
  5
11a3
  8
Layer_0
  10
93.63623
  20
36.849609
  42
0.010230094
  0
VERTEX
  5
11a4
  8
Layer_0
  10
93.730957
  20
36.730957
  42
0.010171631
  0
VERTEX
  5
11a5
  8
Layer_0
  10
94.164063
  20
36.181641
  42
0.035313088
  0
VERTEX
  5
11a6
  8
Layer_0
  10
97.162109
  20
32.793945
  42
0.0065896568
  0
VERTEX
  5
11a7
  8
Layer_0
  10
97.798828
  20
32.219238
  42
0.00886106
  0
VERTEX
  5
11a8
  8
Layer_0
  10
97.819824
  20
32.201172
  42
0.018560832
  0
VERTEX
  5
11a9
  8
Layer_0
  10
97.990234
  20
32.057129
  42
0.030531958
  0
VERTEX
  5
11aa
  8
Layer_0
  10
100.76709
  20
30.059082
  42
0.010040566
  0
VERTEX
  5
11ab
  8
Layer_0
  10
102.16016
  20
29.196777
  0
VERTEX
  5
11ac
  8
Layer_0
  10
102.18701
  20
29.182129
  0
VERTEX
  5
11ad
  8
Layer_0
  10
102.19824
  20
29.175293
  42
0.013058479
  0
VERTEX
  5
11ae
  8
Layer_0
  10
103.34131
  20
28.538574
  42
0.037255944
  0
VERTEX
  5
11af
  8
Layer_0
  10
103.37256
  20
28.521973
  42
0.02071994
  0
VERTEX
  5
11b0
  8
Layer_0
  10
103.58154
  20
28.414551
  42
0.064929019
  0
VERTEX
  5
11b1
  8
Layer_0
  10
107.89307
  20
26.80957
  42
0.10517977
  0
VERTEX
  5
11b2
  8
Layer_0
  10
115.24316
  20
26.736328
  42
0.0092362096
  0
VERTEX
  5
11b3
  8
Layer_0
  10
116.75098
  20
27.059082
  0
VERTEX
  5
11b4
  8
Layer_0
  10
116.77588
  20
27.065918
  0
VERTEX
  5
11b5
  8
Layer_0
  10
116.78223
  20
27.067383
  42
0.0090246886
  0
VERTEX
  5
11b6
  8
Layer_0
  10
118.40674
  20
27.493652
  0
VERTEX
  5
11b7
  8
Layer_0
  10
118.42188
  20
27.498535
  0
VERTEX
  5
11b8
  8
Layer_0
  10
119.9292
  20
27.953613
  0
VERTEX
  5
11b9
  8
Layer_0
  10
120.06006
  20
27.996094
  0
VERTEX
  5
11ba
  8
Layer_0
  10
120.09326
  20
28.006348
  42
0.024290076
  0
VERTEX
  5
11bb
  8
Layer_0
  10
126.32129
  20
30.397461
  0
VERTEX
  5
11bc
  8
Layer_0
  10
127.19873
  20
30.745117
  42
-0.033457441
  0
VERTEX
  5
11bd
  8
Layer_0
  10
128.12061
  20
31.027344
  0
VERTEX
  5
11be
  8
Layer_0
  10
128.14697
  20
31.034668
  0
VERTEX
  5
11bf
  8
Layer_0
  10
128.20166
  20
31.052246
  0
VERTEX
  5
11c0
  8
Layer_0
  10
128.28418
  20
31.077637
  0
VERTEX
  5
11c1
  8
Layer_0
  10
128.31885
  20
31.089844
  0
VERTEX
  5
11c2
  8
Layer_0
  10
128.33545
  20
31.095215
  0
VERTEX
  5
11c3
  8
Layer_0
  10
128.35889
  20
31.104004
  0
VERTEX
  5
11c4
  8
Layer_0
  10
128.4707
  20
31.143555
  0
VERTEX
  5
11c5
  8
Layer_0
  10
128.56934
  20
31.182617
  0
VERTEX
  5
11c6
  8
Layer_0
  10
128.6084
  20
31.197266
  42
0.010803235
  0
VERTEX
  5
11c7
  8
Layer_0
  10
128.83447
  20
31.291504
  42
0.13924343
  0
VERTEX
  5
11c8
  8
Layer_0
  10
131.1123
  20
33.158691
  42
0.10724738
  0
VERTEX
  5
11c9
  8
Layer_0
  10
133.5835
  20
36.522461
  0
VERTEX
  5
11ca
  8
Layer_0
  10
133.62695
  20
36.619141
  0
VERTEX
  5
11cb
  8
Layer_0
  10
133.64795
  20
36.664063
  42
0.062031976
  0
VERTEX
  5
11cc
  8
Layer_0
  10
135.13525
  20
41.596191
  0
VERTEX
  5
11cd
  8
Layer_0
  10
135.18555
  20
40.851074
  0
VERTEX
  5
11ce
  8
Layer_0
  10
135.18652
  20
40.837402
  0
VERTEX
  5
11cf
  8
Layer_0
  10
135.18701
  20
40.829102
  42
0.025175252
  0
VERTEX
  5
11d0
  8
Layer_0
  10
135.55225
  20
37.112793
  42
0.0089577848
  0
VERTEX
  5
11d1
  8
Layer_0
  10
135.69531
  20
36.362793
  42
0.019116146
  0
VERTEX
  5
11d2
  8
Layer_0
  10
135.71484
  20
36.27002
  42
0.017964325
  0
VERTEX
  5
11d3
  8
Layer_0
  10
135.73877
  20
36.165527
  42
0.108036
  0
VERTEX
  5
11d4
  8
Layer_0
  10
137.67383
  20
32.317383
  0
VERTEX
  5
11d5
  8
Layer_0
  10
137.71631
  20
32.262695
  0
VERTEX
  5
11d6
  8
Layer_0
  10
137.76221
  20
32.202148
  0
VERTEX
  5
11d7
  8
Layer_0
  10
137.78076
  20
32.179688
  0
VERTEX
  5
11d8
  8
Layer_0
  10
137.79492
  20
32.161133
  0
VERTEX
  5
11d9
  8
Layer_0
  10
137.82715
  20
32.123535
  0
VERTEX
  5
11da
  8
Layer_0
  10
137.88818
  20
32.049805
  0
VERTEX
  5
11db
  8
Layer_0
  10
137.95313
  20
31.976563
  0
VERTEX
  5
11dc
  8
Layer_0
  10
137.98486
  20
31.939941
  42
0.010370575
  0
VERTEX
  5
11dd
  8
Layer_0
  10
138.6333
  20
31.22998
  42
0.04941415
  0
VERTEX
  5
11de
  8
Layer_0
  10
140.80908
  20
29.378418
  42
0.0089917736
  0
VERTEX
  5
11df
  8
Layer_0
  10
142.38818
  20
28.312988
  42
0.15703019
  0
VERTEX
  5
11e0
  8
Layer_0
  10
145.33545
  20
27.484375
  0
VERTEX
  5
11e1
  8
Layer_0
  10
155.42676
  20
27.861328
  0
VERTEX
  5
11e2
  8
Layer_0
  10
155.42822
  20
27.861328
  42
0.0012847442
  0
VERTEX
  5
11e3
  8
Layer_0
  10
160.29883
  20
28.053711
  0
VERTEX
  5
11e4
  8
Layer_0
  10
161.43457
  20
28.049805
  0
SEQEND
  0
ENDSEC
  0
EOF
