ISO-10303-21;
HEADER;
FILE_DESCRIPTION (( 'STEP AP203' ),
    '1' );
FILE_NAME ('228-2500-002.step',
    '2022-06-06T18:31:41',
    ( '' ),
    ( '' ),
    'SwSTEP 2.0',
    'SolidWorks 2021',
    '' );
FILE_SCHEMA (( 'CONFIG_CONTROL_DESIGN' ));
ENDSEC;

DATA;
#1 = CARTESIAN_POINT ( 'NONE',  ( 3.135382751754558051, -0.5000000000000016653, -2.286000000000000032 ) ) ;
#2 = ORIENTED_EDGE ( 'NONE', *, *, #2493, .T. ) ;
#3 = DATE_AND_TIME ( #656, #3693 ) ;
#4 = LINE ( 'NONE', #4468, #3045 ) ;
#5 = ORIENTED_EDGE ( 'NONE', *, *, #2287, .F. ) ;
#6 = CARTESIAN_POINT ( 'NONE',  ( 12.70000000000000107, 5.200000000000001066, 3.049999999999999822 ) ) ;
#7 = VERTEX_POINT ( 'NONE', #2317 ) ;
#8 = ORIENTED_EDGE ( 'NONE', *, *, #1364, .T. ) ;
#9 = CARTESIAN_POINT ( 'NONE',  ( -12.69999999999999929, -5.200000000000001066, 3.049999999999999822 ) ) ;
#10 = CARTESIAN_POINT ( 'NONE',  ( -12.69999999999999929, -5.200000000000001066, -2.286000000000000032 ) ) ;
#11 = ORIENTED_EDGE ( 'NONE', *, *, #2760, .T. ) ;
#12 = CYLINDRICAL_SURFACE ( 'NONE', #820, 3.174999999999997158 ) ;
#13 = DIRECTION ( 'NONE',  ( -1.000000000000000000, 0.000000000000000000, 0.000000000000000000 ) ) ;
#14 = ORIENTED_EDGE ( 'NONE', *, *, #4484, .T. ) ;
#15 = CARTESIAN_POINT ( 'NONE',  ( 0.000000000000000000, 0.000000000000000000, 2.286000000000000032 ) ) ;
#16 = CARTESIAN_POINT ( 'NONE',  ( -4.492893218813449607, 5.199999999999998401, 3.049999999999999822 ) ) ;
#17 = DIRECTION ( 'NONE',  ( 0.7071067811865479058, -0.7071067811865472397, -0.000000000000000000 ) ) ;
#18 = DIRECTION ( 'NONE',  ( -1.000000000000000000, -6.829619984160659279E-17, 0.000000000000000000 ) ) ;
#19 = CC_DESIGN_PERSON_AND_ORGANIZATION_ASSIGNMENT ( #1300, #3203, ( #3222 ) ) ;
#20 = ORIENTED_EDGE ( 'NONE', *, *, #2465, .T. ) ;
#21 = DIRECTION ( 'NONE',  ( -0.000000000000000000, -0.000000000000000000, -1.000000000000000000 ) ) ;
#22 = ORIENTED_EDGE ( 'NONE', *, *, #716, .F. ) ;
#23 = LINE ( 'NONE', #1483, #171 ) ;
#24 = ADVANCED_FACE ( 'NONE', ( #790 ), #3775, .T. ) ;
#25 = EDGE_CURVE ( 'NONE', #1705, #3427, #3021, .T. ) ;
#26 = ORIENTED_EDGE ( 'NONE', *, *, #1908, .F. ) ;
#27 = DIRECTION ( 'NONE',  ( -0.000000000000000000, -0.000000000000000000, -1.000000000000000000 ) ) ;
#28 = ORIENTED_EDGE ( 'NONE', *, *, #3116, .T. ) ;
#29 = VERTEX_POINT ( 'NONE', #3796 ) ;
#30 = DIRECTION ( 'NONE',  ( 0.000000000000000000, 0.000000000000000000, 1.000000000000000000 ) ) ;
#31 = DIRECTION ( 'NONE',  ( 0.7071067811865479058, 0.7071067811865472397, 0.000000000000000000 ) ) ;
#32 = VERTEX_POINT ( 'NONE', #518 ) ;
#33 = VERTEX_POINT ( 'NONE', #1178 ) ;
#34 = CARTESIAN_POINT ( 'NONE',  ( 1.863497014787709682, 2.570603795974261363, -1.000000000000000000 ) ) ;
#35 = ADVANCED_FACE ( 'NONE', ( #2656 ), #2725, .T. ) ;
#36 = CARTESIAN_POINT ( 'NONE',  ( 7.495643923738959380, -0.5000000000000005551, 2.286000000000000032 ) ) ;
#37 = ORIENTED_EDGE ( 'NONE', *, *, #3286, .F. ) ;
#38 = DIRECTION ( 'NONE',  ( 1.000000000000000000, 0.000000000000000000, 0.000000000000000000 ) ) ;
#39 = VECTOR ( 'NONE', #188, 1000.000000000000000 ) ;
#40 = AXIS2_PLACEMENT_3D ( 'NONE', #757, #1022, #2913 ) ;
#41 = LINE ( 'NONE', #16, #47 ) ;
#42 = AXIS2_PLACEMENT_3D ( 'NONE', #1203, #1565, #843 ) ;
#43 = CIRCLE ( 'NONE', #1740, 6.200000000000000178 ) ;
#44 = CARTESIAN_POINT ( 'NONE',  ( -12.69999999999999929, -6.199999999999997513, 1.000000000000000000 ) ) ;
#45 = DIRECTION ( 'NONE',  ( 0.7071067811865536790, -0.7071067811865414665, 0.000000000000000000 ) ) ;
#46 = VECTOR ( 'NONE', #3429, 1000.000000000000000 ) ;
#47 = VECTOR ( 'NONE', #1961, 1000.000000000000000 ) ;
#48 = VECTOR ( 'NONE', #3508, 1000.000000000000000 ) ;
#49 = ORIENTED_EDGE ( 'NONE', *, *, #4602, .T. ) ;
#50 = AXIS2_PLACEMENT_3D ( 'NONE', #3580, #253, #1086 ) ;
#51 = VERTEX_POINT ( 'NONE', #3479 ) ;
#52 = CARTESIAN_POINT ( 'NONE',  ( 2.265685708190565251, 1.558578927004023118, -2.286000000000000032 ) ) ;
#53 = CIRCLE ( 'NONE', #4701, 2.100000000000004530 ) ;
#54 = ORIENTED_EDGE ( 'NONE', *, *, #866, .F. ) ;
#55 = LINE ( 'NONE', #3331, #1982 ) ;
#56 = ORIENTED_EDGE ( 'NONE', *, *, #865, .T. ) ;
#57 = ORIENTED_EDGE ( 'NONE', *, *, #596, .F. ) ;
#58 = DIRECTION ( 'NONE',  ( 0.000000000000000000, 0.000000000000000000, 1.000000000000000000 ) ) ;
#59 = EDGE_CURVE ( 'NONE', #1121, #2589, #2087, .T. ) ;
#60 = EDGE_CURVE ( 'NONE', #3111, #763, #3409, .T. ) ;
#61 = DIRECTION ( 'NONE',  ( -0.7071067811865473507, -0.7071067811865477948, 0.000000000000000000 ) ) ;
#62 = ORIENTED_EDGE ( 'NONE', *, *, #4737, .T. ) ;
#63 = ORIENTED_EDGE ( 'NONE', *, *, #595, .F. ) ;
#64 = DIRECTION ( 'NONE',  ( -0.7071067811865536790, 0.7071067811865414665, 0.000000000000000000 ) ) ;
#65 = LINE ( 'NONE', #4502, #1737 ) ;
#66 = ADVANCED_FACE ( 'NONE', ( #2000 ), #82, .F. ) ;
#67 = VERTEX_POINT ( 'NONE', #1560 ) ;
#68 = DIRECTION ( 'NONE',  ( -0.7071067811865477948, -0.7071067811865473507, -0.000000000000000000 ) ) ;
#69 = DIRECTION ( 'NONE',  ( 0.7071067811865466846, 0.7071067811865483499, 0.000000000000000000 ) ) ;
#70 = DIRECTION ( 'NONE',  ( 1.000000000000000000, 0.000000000000000000, 0.000000000000000000 ) ) ;
#71 = CARTESIAN_POINT ( 'NONE',  ( -10.59999999999999432, 0.000000000000000000, -2.286000000000000032 ) ) ;
#72 = VECTOR ( 'NONE', #3987, 1000.000000000000000 ) ;
#73 = VERTEX_POINT ( 'NONE', #3065 ) ;
#74 = AXIS2_PLACEMENT_3D ( 'NONE', #4253, #1018, #649 ) ;
#75 = CARTESIAN_POINT ( 'NONE',  ( -11.35220779386423295, -1.347792206135770554, -1.000000000000000000 ) ) ;
#76 = AXIS2_PLACEMENT_3D ( 'NONE', #2677, #3094, #882 ) ;
#77 = LINE ( 'NONE', #4421, #356 ) ;
#78 = EDGE_LOOP ( 'NONE', ( #1616, #3470, #685, #1852 ) ) ;
#79 = EDGE_LOOP ( 'NONE', ( #2823, #2944, #3869, #1264, #4718, #3060 ) ) ;
#80 = LINE ( 'NONE', #3381, #2612 ) ;
#81 = CARTESIAN_POINT ( 'NONE',  ( -5.204356076261039910, -0.5000000000000005551, -2.286000000000000032 ) ) ;
#82 = PLANE ( 'NONE',  #464 ) ;
#83 = ORIENTED_EDGE ( 'NONE', *, *, #4680, .F. ) ;
#84 = CARTESIAN_POINT ( 'NONE',  ( -12.69999999999999929, 5.199999999999997513, 1.000000000000000000 ) ) ;
#85 = EDGE_CURVE ( 'NONE', #1043, #2657, #812, .T. ) ;
#86 = LINE ( 'NONE', #3338, #4612 ) ;
#87 = EDGE_LOOP ( 'NONE', ( #3424, #2239, #1438, #604 ) ) ;
#88 = CARTESIAN_POINT ( 'NONE',  ( 0.000000000000000000, 0.000000000000000000, -2.286000000000000032 ) ) ;
#89 = AXIS2_PLACEMENT_3D ( 'NONE', #3623, #2068, #1776 ) ;
#90 = ADVANCED_FACE ( 'NONE', ( #1904 ), #2337, .T. ) ;
#91 = EDGE_CURVE ( 'NONE', #4255, #2019, #452, .T. ) ;
#92 = DIRECTION ( 'NONE',  ( 1.000000000000000000, 2.601884744300114343E-16, 0.000000000000000000 ) ) ;
#93 = DIRECTION ( 'NONE',  ( 0.000000000000000000, 0.000000000000000000, 1.000000000000000000 ) ) ;
#94 = LINE ( 'NONE', #4559, #3949 ) ;
#95 = ORIENTED_EDGE ( 'NONE', *, *, #1809, .T. ) ;
#96 = CARTESIAN_POINT ( 'NONE',  ( -7.895584412271579033, 5.199999999999998401, 2.286000000000000032 ) ) ;
#97 = LINE ( 'NONE', #4515, #3920 ) ;
#98 = ORIENTED_EDGE ( 'NONE', *, *, #2081, .F. ) ;
#99 = ORIENTED_EDGE ( 'NONE', *, *, #803, .T. ) ;
#100 = FACE_OUTER_BOUND ( 'NONE', #3196, .T. ) ;
#101 = CARTESIAN_POINT ( 'NONE',  ( 1.558578927004018455, 2.265685708190569692, -2.286000000000000032 ) ) ;
#102 = ORIENTED_EDGE ( 'NONE', *, *, #2571, .F. ) ;
#103 = ORIENTED_EDGE ( 'NONE', *, *, #4242, .T. ) ;
#104 = CARTESIAN_POINT ( 'NONE',  ( 5.355761184457489499, 4.648654403270945146, -1.000000000000000000 ) ) ;
#105 = CARTESIAN_POINT ( 'NONE',  ( 4.804415587728419368, 5.200000000000000178, 3.049999999999999822 ) ) ;
#106 = LINE ( 'NONE', #3098, #4243 ) ;
#107 = LINE ( 'NONE', #429, #1131 ) ;
#108 = VERTEX_POINT ( 'NONE', #1972 ) ;
#109 = PLANE ( 'NONE',  #1594 ) ;
#110 = CARTESIAN_POINT ( 'NONE',  ( 2.570603795974256478, 1.863497014787715678, 1.000000000000000000 ) ) ;
#111 = EDGE_CURVE ( 'NONE', #217, #1079, #3452, .T. ) ;
#112 = EDGE_CURVE ( 'NONE', #2037, #3744, #2633, .T. ) ;
#113 = CARTESIAN_POINT ( 'NONE',  ( -11.14142107299598194, 2.265685708190569692, -2.286000000000000032 ) ) ;
#114 = PLANE ( 'NONE',  #3244 ) ;
#115 = AXIS2_PLACEMENT_3D ( 'NONE', #574, #3995, #2618 ) ;
#116 = VECTOR ( 'NONE', #2919, 1000.000000000000000 ) ;
#117 = ORIENTED_EDGE ( 'NONE', *, *, #865, .F. ) ;
#118 = EDGE_CURVE ( 'NONE', #989, #270, #2429, .T. ) ;
#119 = VECTOR ( 'NONE', #2121, 1000.000000000000000 ) ;
#120 = AXIS2_PLACEMENT_3D ( 'NONE', #2420, #2079, #3173 ) ;
#121 = DIRECTION ( 'NONE',  ( -0.000000000000000000, -0.000000000000000000, 1.000000000000000000 ) ) ;
#122 = CARTESIAN_POINT ( 'NONE',  ( 6.349999999999998757, -5.068629150101524594, -3.049999999999999822 ) ) ;
#123 = VERTEX_POINT ( 'NONE', #3181 ) ;
#124 = ORIENTED_EDGE ( 'NONE', *, *, #1638, .F. ) ;
#125 = EDGE_CURVE ( 'NONE', #3851, #258, #3669, .T. ) ;
#126 = CARTESIAN_POINT ( 'NONE',  ( 5.218629150101521397, -6.200000000000001954, 3.049999999999999822 ) ) ;
#127 = DIRECTION ( 'NONE',  ( 0.7071067811865477948, -0.7071067811865473507, 0.000000000000000000 ) ) ;
#128 = CIRCLE ( 'NONE', #1835, 3.174999999999997602 ) ;
#129 = CARTESIAN_POINT ( 'NONE',  ( 12.70000000000000107, 5.200000000000001066, 2.286000000000000032 ) ) ;
#130 = ORIENTED_EDGE ( 'NONE', *, *, #2071, .F. ) ;
#131 = LINE ( 'NONE', #84, #1833 ) ;
#132 = CARTESIAN_POINT ( 'NONE',  ( -5.218629150101525838, -6.200000000000001954, -3.049999999999999822 ) ) ;
#133 = VECTOR ( 'NONE', #1659, 1000.000000000000000 ) ;
#134 = LINE ( 'NONE', #3525, #133 ) ;
#135 = ORIENTED_EDGE ( 'NONE', *, *, #1256, .T. ) ;
#136 = CARTESIAN_POINT ( 'NONE',  ( -7.895584412271592356, -5.200000000000001066, -2.286000000000000032 ) ) ;
#137 = ORIENTED_EDGE ( 'NONE', *, *, #4092, .T. ) ;
#138 = DIRECTION ( 'NONE',  ( 0.000000000000000000, 0.000000000000000000, 1.000000000000000000 ) ) ;
#139 = LINE ( 'NONE', #3537, #1595 ) ;
#140 = CARTESIAN_POINT ( 'NONE',  ( -12.69999999999999929, -5.200000000000001066, -2.286000000000000032 ) ) ;
#141 = LINE ( 'NONE', #507, #2631 ) ;
#142 = EDGE_CURVE ( 'NONE', #2481, #4736, #3137, .T. ) ;
#143 = EDGE_CURVE ( 'NONE', #4793, #1823, #584, .T. ) ;
#144 = ORIENTED_EDGE ( 'NONE', *, *, #4737, .F. ) ;
#145 = CARTESIAN_POINT ( 'NONE',  ( 5.218629150101521397, -6.200000000000001954, -3.049999999999999822 ) ) ;
#146 = VECTOR ( 'NONE', #737, 1000.000000000000000 ) ;
#147 = EDGE_CURVE ( 'NONE', #1812, #4533, #1728, .T. ) ;
#148 = EDGE_CURVE ( 'NONE', #2423, #3619, #3501, .T. ) ;
#149 = FACE_OUTER_BOUND ( 'NONE', #3270, .T. ) ;
#150 = EDGE_LOOP ( 'NONE', ( #1504, #3565, #542, #4171 ) ) ;
#151 = ORIENTED_EDGE ( 'NONE', *, *, #4147, .T. ) ;
#152 = DIRECTION ( 'NONE',  ( -0.7071067811865479058, 0.7071067811865472397, 0.000000000000000000 ) ) ;
#153 = AXIS2_PLACEMENT_3D ( 'NONE', #3841, #1270, #1654 ) ;
#154 = DIRECTION ( 'NONE',  ( 0.7071067811865414665, 0.7071067811865536790, -0.000000000000000000 ) ) ;
#155 = CARTESIAN_POINT ( 'NONE',  ( -11.14142107299598194, 2.265685708190569692, 2.286000000000000032 ) ) ;
#156 = ORIENTED_EDGE ( 'NONE', *, *, #267, .F. ) ;
#157 = LINE ( 'NONE', #1562, #2059 ) ;
#158 = PLANE ( 'NONE',  #2550 ) ;
#159 = DIRECTION ( 'NONE',  ( -0.000000000000000000, -0.000000000000000000, -1.000000000000000000 ) ) ;
#160 = ORIENTED_EDGE ( 'NONE', *, *, #1354, .F. ) ;
#161 = CARTESIAN_POINT ( 'NONE',  ( -7.895584412271592356, -5.200000000000001066, 3.049999999999999822 ) ) ;
#162 = VERTEX_POINT ( 'NONE', #999 ) ;
#163 = CARTESIAN_POINT ( 'NONE',  ( -8.895584412271597685, -6.199999999999999289, 3.049999999999999822 ) ) ;
#164 = DIRECTION ( 'NONE',  ( 0.7071067811865479058, -0.7071067811865472397, -0.000000000000000000 ) ) ;
#165 = VECTOR ( 'NONE', #3057, 1000.000000000000000 ) ;
#166 = DIRECTION ( 'NONE',  ( 0.7071067811865477948, -0.7071067811865473507, 0.000000000000000000 ) ) ;
#167 = CARTESIAN_POINT ( 'NONE',  ( -6.350000000000003197, -3.654415587728425674, 1.000000000000000000 ) ) ;
#168 = VECTOR ( 'NONE', #413, 1000.000000000000000 ) ;
#169 = ORIENTED_EDGE ( 'NONE', *, *, #393, .F. ) ;
#170 = CYLINDRICAL_SURFACE ( 'NONE', #4730, 3.174999999999997602 ) ;
#171 = VECTOR ( 'NONE', #4440, 1000.000000000000000 ) ;
#172 = ORIENTED_EDGE ( 'NONE', *, *, #3945, .T. ) ;
#173 = DIRECTION ( 'NONE',  ( 1.000000000000000000, 0.000000000000000000, 0.000000000000000000 ) ) ;
#174 = FACE_OUTER_BOUND ( 'NONE', #3631, .T. ) ;
#175 = EDGE_CURVE ( 'NONE', #1148, #376, #2411, .T. ) ;
#176 = EDGE_CURVE ( 'NONE', #1780, #867, #4254, .T. ) ;
#177 = CARTESIAN_POINT ( 'NONE',  ( -1.863497014787709238, -2.570603795974260919, 2.286000000000000032 ) ) ;
#178 = ORIENTED_EDGE ( 'NONE', *, *, #2619, .F. ) ;
#179 = PERSON_AND_ORGANIZATION ( #4126, #1290 ) ;
#180 = DIRECTION ( 'NONE',  ( -1.000000000000000000, 0.000000000000000000, 0.000000000000000000 ) ) ;
#181 = DIRECTION ( 'NONE',  ( 0.7071067811865477948, 0.7071067811865473507, 0.000000000000000000 ) ) ;
#182 = EDGE_LOOP ( 'NONE', ( #3958, #1838, #1777, #1171 ) ) ;
#183 = CARTESIAN_POINT ( 'NONE',  ( 8.207106781186547906, -5.200000000000000178, 2.286000000000000032 ) ) ;
#184 = EDGE_CURVE ( 'NONE', #3373, #874, #2111, .T. ) ;
#185 = ORIENTED_EDGE ( 'NONE', *, *, #2963, .F. ) ;
#186 = FACE_OUTER_BOUND ( 'NONE', #1369, .T. ) ;
#187 = CARTESIAN_POINT ( 'NONE',  ( -12.69999999999999929, 0.000000000000000000, -2.286000000000000032 ) ) ;
#188 = DIRECTION ( 'NONE',  ( 0.000000000000000000, 0.000000000000000000, 1.000000000000000000 ) ) ;
#189 = CARTESIAN_POINT ( 'NONE',  ( -12.69999999999999929, 0.4999999999999958922, -1.000000000000000000 ) ) ;
#190 = ORIENTED_EDGE ( 'NONE', *, *, #4379, .F. ) ;
#191 = CARTESIAN_POINT ( 'NONE',  ( -17.89999999999999858, 0.000000000000000000, 1.000000000000000000 ) ) ;
#192 = AXIS2_PLACEMENT_3D ( 'NONE', #4433, #2279, #70 ) ;
#193 = VECTOR ( 'NONE', #1819, 1000.000000000000114 ) ;
#194 = ORIENTED_EDGE ( 'NONE', *, *, #382, .F. ) ;
#195 = DIRECTION ( 'NONE',  ( 0.7071067811865481278, 0.7071067811865469066, 0.000000000000000000 ) ) ;
#196 = VECTOR ( 'NONE', #1883, 1000.000000000000000 ) ;
#197 = AXIS2_PLACEMENT_3D ( 'NONE', #2482, #4735, #3959 ) ;
#198 = DIRECTION ( 'NONE',  ( -1.000000000000000000, 0.000000000000000000, 0.000000000000000000 ) ) ;
#199 = DIRECTION ( 'NONE',  ( -0.000000000000000000, -0.000000000000000000, -1.000000000000000000 ) ) ;
#200 = VERTEX_POINT ( 'NONE', #2065 ) ;
#201 = DATE_AND_TIME ( #3523, #4542 ) ;
#202 = DIRECTION ( 'NONE',  ( 0.000000000000000000, 0.000000000000000000, 1.000000000000000000 ) ) ;
#203 = APPROVAL_PERSON_ORGANIZATION ( #543, #1733, #4620 ) ;
#204 = DIRECTION ( 'NONE',  ( -0.7071067811865473507, 0.7071067811865477948, 0.000000000000000000 ) ) ;
#205 = ORIENTED_EDGE ( 'NONE', *, *, #415, .F. ) ;
#206 = EDGE_CURVE ( 'NONE', #467, #4039, #3521, .T. ) ;
#207 = EDGE_LOOP ( 'NONE', ( #2346, #1564, #1694, #802, #978, #26 ) ) ;
#208 = EDGE_CURVE ( 'NONE', #2237, #2164, #2587, .T. ) ;
#209 = DIRECTION ( 'NONE',  ( 1.000000000000000000, -1.024442997624098707E-16, 0.000000000000000000 ) ) ;
#210 = VECTOR ( 'NONE', #615, 1000.000000000000114 ) ;
#211 = VECTOR ( 'NONE', #879, 1000.000000000000000 ) ;
#212 = ORIENTED_EDGE ( 'NONE', *, *, #2282, .F. ) ;
#213 = CYLINDRICAL_SURFACE ( 'NONE', #2831, 3.174999999999997158 ) ;
#214 = EDGE_CURVE ( 'NONE', #1389, #1199, #3118, .T. ) ;
#215 = CARTESIAN_POINT ( 'NONE',  ( 4.492893218813454936, -5.200000000000001066, -1.000000000000000000 ) ) ;
#216 = PLANE ( 'NONE',  #3449 ) ;
#217 = VERTEX_POINT ( 'NONE', #2389 ) ;
#218 = LINE ( 'NONE', #3224, #2954 ) ;
#219 = ORIENTED_EDGE ( 'NONE', *, *, #331, .T. ) ;
#220 = CARTESIAN_POINT ( 'NONE',  ( 1.863497014787710571, 2.570603795974260919, 1.000000000000000000 ) ) ;
#221 = LINE ( 'NONE', #3865, #1516 ) ;
#222 = ORIENTED_EDGE ( 'NONE', *, *, #566, .F. ) ;
#223 = CALENDAR_DATE ( 2022, 6, 6 ) ;
#224 = CARTESIAN_POINT ( 'NONE',  ( -7.697792206135830817, 5.002207793864255514, -1.000000000000000000 ) ) ;
#225 = LINE ( 'NONE', #4278, #1760 ) ;
#226 = ORIENTED_EDGE ( 'NONE', *, *, #2104, .F. ) ;
#227 = ORIENTED_EDGE ( 'NONE', *, *, #1745, .F. ) ;
#228 = AXIS2_PLACEMENT_3D ( 'NONE', #1082, #2559, #31 ) ;
#229 = CARTESIAN_POINT ( 'NONE',  ( 0.000000000000000000, 0.000000000000000000, 2.286000000000000032 ) ) ;
#230 = ORIENTED_EDGE ( 'NONE', *, *, #3321, .T. ) ;
#231 = DIRECTION ( 'NONE',  ( 0.7071067811865501263, 0.7071067811865450192, 0.000000000000000000 ) ) ;
#232 = AXIS2_PLACEMENT_3D ( 'NONE', #4182, #836, #1539 ) ;
#233 = EDGE_CURVE ( 'NONE', #4325, #3427, #1298, .T. ) ;
#234 = CARTESIAN_POINT ( 'NONE',  ( 0.000000000000000000, 0.000000000000000000, 2.286000000000000032 ) ) ;
#235 = DIRECTION ( 'NONE',  ( -0.7071067811865473507, -0.7071067811865477948, 0.000000000000000000 ) ) ;
#236 = EDGE_CURVE ( 'NONE', #3280, #853, #3546, .T. ) ;
#237 = EDGE_CURVE ( 'NONE', #3339, #2880, #221, .T. ) ;
#238 = DIRECTION ( 'NONE',  ( 1.000000000000000000, 0.000000000000000000, 0.000000000000000000 ) ) ;
#239 = EDGE_LOOP ( 'NONE', ( #2364, #4452, #4600, #4725, #2484, #2160, #1072, #1168 ) ) ;
#240 = ADVANCED_FACE ( 'NONE', ( #3955 ), #541, .F. ) ;
#241 = AXIS2_PLACEMENT_3D ( 'NONE', #4659, #1738, #3639 ) ;
#242 = DIRECTION ( 'NONE',  ( -0.000000000000000000, -0.000000000000000000, -1.000000000000000000 ) ) ;
#243 = DIRECTION ( 'NONE',  ( 0.000000000000000000, 0.000000000000000000, 1.000000000000000000 ) ) ;
#244 = FACE_OUTER_BOUND ( 'NONE', #1716, .T. ) ;
#245 = ORIENTED_EDGE ( 'NONE', *, *, #3805, .F. ) ;
#246 = LINE ( 'NONE', #224, #3272 ) ;
#247 = DIRECTION ( 'NONE',  ( 0.7071067811865501263, 0.7071067811865450192, 0.000000000000000000 ) ) ;
#248 = ORIENTED_EDGE ( 'NONE', *, *, #3233, .F. ) ;
#249 = ORIENTED_EDGE ( 'NONE', *, *, #294, .F. ) ;
#250 = CARTESIAN_POINT ( 'NONE',  ( -12.69999999999999929, -6.199999999999997513, -3.049999999999999822 ) ) ;
#251 = ORIENTED_EDGE ( 'NONE', *, *, #4631, .F. ) ;
#252 = PLANE ( 'NONE',  #1984 ) ;
#253 = DIRECTION ( 'NONE',  ( -2.601884744300114343E-16, 1.000000000000000000, 0.000000000000000000 ) ) ;
#254 = CARTESIAN_POINT ( 'NONE',  ( 11.14142107299598194, 2.265685708190569692, 2.286000000000000032 ) ) ;
#255 = VECTOR ( 'NONE', #2478, 1000.000000000000000 ) ;
#256 = LINE ( 'NONE', #3685, #1672 ) ;
#257 = EDGE_CURVE ( 'NONE', #1068, #1587, #2130, .T. ) ;
#258 = VERTEX_POINT ( 'NONE', #977 ) ;
#259 = EDGE_CURVE ( 'NONE', #3235, #3012, #578, .T. ) ;
#260 = LINE ( 'NONE', #3976, #869 ) ;
#261 = ADVANCED_FACE ( 'NONE', ( #244 ), #1721, .T. ) ;
#262 = FACE_OUTER_BOUND ( 'NONE', #1673, .T. ) ;
#263 = DIRECTION ( 'NONE',  ( -0.000000000000000000, -0.000000000000000000, -1.000000000000000000 ) ) ;
#264 = ORIENTED_EDGE ( 'NONE', *, *, #1186, .T. ) ;
#265 = DIRECTION ( 'NONE',  ( 0.7071067811865481278, 0.7071067811865469066, 0.000000000000000000 ) ) ;
#266 = AXIS2_PLACEMENT_3D ( 'NONE', #2775, #607, #562 ) ;
#267 = EDGE_CURVE ( 'NONE', #123, #4282, #4342, .T. ) ;
#268 = EDGE_LOOP ( 'NONE', ( #4058, #1756, #2290, #2007 ) ) ;
#269 = LINE ( 'NONE', #1704, #4469 ) ;
#270 = VERTEX_POINT ( 'NONE', #2500 ) ;
#271 = ORIENTED_EDGE ( 'NONE', *, *, #4743, .F. ) ;
#272 = VECTOR ( 'NONE', #4167, 1000.000000000000114 ) ;
#273 = VECTOR ( 'NONE', #4199, 1000.000000000000114 ) ;
#274 = DIRECTION ( 'NONE',  ( 0.000000000000000000, 0.000000000000000000, 1.000000000000000000 ) ) ;
#275 = DIRECTION ( 'NONE',  ( -1.000000000000000000, 0.000000000000000000, 0.000000000000000000 ) ) ;
#276 = ORIENTED_EDGE ( 'NONE', *, *, #184, .T. ) ;
#277 = CARTESIAN_POINT ( 'NONE',  ( 12.69999999999999929, 6.200000000000001954, -3.049999999999999822 ) ) ;
#278 = AXIS2_PLACEMENT_3D ( 'NONE', #2639, #1813, #4773 ) ;
#279 = CIRCLE ( 'NONE', #1521, 3.174999999999997158 ) ;
#280 = DIRECTION ( 'NONE',  ( 0.7071067811865483499, 0.7071067811865465735, -0.000000000000000000 ) ) ;
#281 = VECTOR ( 'NONE', #1431, 1000.000000000000000 ) ;
#282 = DIRECTION ( 'NONE',  ( 1.000000000000000000, 2.601884744300114343E-16, -0.000000000000000000 ) ) ;
#283 = LINE ( 'NONE', #1453, #583 ) ;
#284 = ORIENTED_EDGE ( 'NONE', *, *, #1425, .F. ) ;
#285 = CARTESIAN_POINT ( 'NONE',  ( 2.265685708190565251, 1.558578927004023118, 2.286000000000000032 ) ) ;
#286 = DIRECTION ( 'NONE',  ( 0.000000000000000000, 0.000000000000000000, 1.000000000000000000 ) ) ;
#287 = EDGE_CURVE ( 'NONE', #1123, #1423, #3229, .T. ) ;
#288 = ORIENTED_EDGE ( 'NONE', *, *, #2426, .T. ) ;
#289 = CARTESIAN_POINT ( 'NONE',  ( 12.69999999999999929, 0.000000000000000000, 2.286000000000000032 ) ) ;
#290 = CARTESIAN_POINT ( 'NONE',  ( -3.135382751754558051, 0.5000000000000000000, 2.286000000000000032 ) ) ;
#291 = ORIENTED_EDGE ( 'NONE', *, *, #856, .T. ) ;
#292 = APPROVAL_DATE_TIME ( #3, #3759 ) ;
#293 = DIRECTION ( 'NONE',  ( 1.000000000000000000, 0.000000000000000000, 0.000000000000000000 ) ) ;
#294 = EDGE_CURVE ( 'NONE', #2718, #3592, #1384, .T. ) ;
#295 = ADVANCED_FACE ( 'NONE', ( #654 ), #3276, .F. ) ;
#296 = DIRECTION ( 'NONE',  ( 0.7071067811865483499, 0.7071067811865465735, -0.000000000000000000 ) ) ;
#297 = EDGE_LOOP ( 'NONE', ( #2897, #4351, #194, #2628 ) ) ;
#298 = ORIENTED_EDGE ( 'NONE', *, *, #112, .F. ) ;
#299 = CARTESIAN_POINT ( 'NONE',  ( -12.69999999999999929, 0.000000000000000000, 2.286000000000000032 ) ) ;
#300 = PLANE ( 'NONE',  #2085 ) ;
#301 = EDGE_LOOP ( 'NONE', ( #1345, #1950, #4187, #1942 ) ) ;
#302 = CARTESIAN_POINT ( 'NONE',  ( 10.12939620402574192, 1.863497014787713457, 1.000000000000000000 ) ) ;
#303 = AXIS2_PLACEMENT_3D ( 'NONE', #1929, #3404, #1246 ) ;
#304 = CARTESIAN_POINT ( 'NONE',  ( 9.564617248245440351, -0.5000000000000001110, 2.286000000000000032 ) ) ;
#305 = VECTOR ( 'NONE', #3366, 1000.000000000000000 ) ;
#306 = VERTEX_POINT ( 'NONE', #3327 ) ;
#307 = CARTESIAN_POINT ( 'NONE',  ( 5.218629150101521397, 6.200000000000001954, -3.049999999999999822 ) ) ;
#308 = ADVANCED_BREP_SHAPE_REPRESENTATION ( '228-2500-002', ( #2822, #4233 ), #1989 ) ;
#309 = CARTESIAN_POINT ( 'NONE',  ( 10.12939620402574192, -1.863497014787713457, 2.286000000000000032 ) ) ;
#310 = ORIENTED_EDGE ( 'NONE', *, *, #856, .F. ) ;
#311 = CARTESIAN_POINT ( 'NONE',  ( -6.703553390593287808, -5.996446609406722139, 1.000000000000000000 ) ) ;
#312 = CARTESIAN_POINT ( 'NONE',  ( -10.12939620402574192, -1.863497014787715012, 2.286000000000000032 ) ) ;
#313 = ORIENTED_EDGE ( 'NONE', *, *, #1865, .F. ) ;
#314 = DIRECTION ( 'NONE',  ( 0.7071067811865477948, -0.7071067811865473507, 0.000000000000000000 ) ) ;
#315 = EDGE_CURVE ( 'NONE', #4491, #3339, #2573, .T. ) ;
#316 = VECTOR ( 'NONE', #3109, 999.9999999999998863 ) ;
#317 = CARTESIAN_POINT ( 'NONE',  ( -12.69999999999999929, -0.5000000000000057732, 1.000000000000000000 ) ) ;
#318 = EDGE_LOOP ( 'NONE', ( #227, #635, #608, #3324 ) ) ;
#319 = DIRECTION ( 'NONE',  ( -0.000000000000000000, -0.000000000000000000, -1.000000000000000000 ) ) ;
#320 = CARTESIAN_POINT ( 'NONE',  ( 9.564617248245442127, 0.5000000000000016653, 2.286000000000000032 ) ) ;
#321 = ORIENTED_EDGE ( 'NONE', *, *, #4743, .T. ) ;
#322 = EDGE_LOOP ( 'NONE', ( #4415, #219, #1531, #4087 ) ) ;
#323 = LINE ( 'NONE', #2148, #2998 ) ;
#324 = EDGE_CURVE ( 'NONE', #721, #4287, #1050, .T. ) ;
#325 = ADVANCED_FACE ( 'NONE', ( #3621 ), #4756, .F. ) ;
#326 = DIRECTION ( 'NONE',  ( -6.829619984160659279E-17, 1.000000000000000000, 0.000000000000000000 ) ) ;
#327 = EDGE_LOOP ( 'NONE', ( #3719, #712, #3672, #3803, #190, #569, #758 ) ) ;
#328 = CARTESIAN_POINT ( 'NONE',  ( 0.000000000000000000, 0.000000000000000000, 2.286000000000000032 ) ) ;
#329 = PLANE ( 'NONE',  #50 ) ;
#330 = VECTOR ( 'NONE', #4033, 1000.000000000000000 ) ;
#331 = EDGE_CURVE ( 'NONE', #1848, #2719, #1774, .T. ) ;
#332 = ORIENTED_EDGE ( 'NONE', *, *, #1421, .F. ) ;
#333 = DIRECTION ( 'NONE',  ( 0.000000000000000000, 0.000000000000000000, 1.000000000000000000 ) ) ;
#334 = CARTESIAN_POINT ( 'NONE',  ( 0.000000000000000000, 0.000000000000000000, -2.286000000000000032 ) ) ;
#335 = LINE ( 'NONE', #1815, #2292 ) ;
#336 = DIRECTION ( 'NONE',  ( 1.000000000000000000, 2.601884744300114343E-16, 0.000000000000000000 ) ) ;
#337 = VERTEX_POINT ( 'NONE', #1 ) ;
#338 = CARTESIAN_POINT ( 'NONE',  ( -7.697792206135812165, -5.002207793864224428, -1.000000000000000000 ) ) ;
#339 = VERTEX_POINT ( 'NONE', #290 ) ;
#340 = CARTESIAN_POINT ( 'NONE',  ( 6.349999999999997868, 3.654415587728447434, 2.286000000000000032 ) ) ;
#341 = ORIENTED_EDGE ( 'NONE', *, *, #1420, .F. ) ;
#342 = DIRECTION ( 'NONE',  ( 1.000000000000000000, 8.881784197001254296E-16, 0.000000000000000000 ) ) ;
#343 = ORIENTED_EDGE ( 'NONE', *, *, #926, .F. ) ;
#344 = ORIENTED_EDGE ( 'NONE', *, *, #4327, .F. ) ;
#345 = CARTESIAN_POINT ( 'NONE',  ( 3.135382751754558051, 0.5000000000000001110, 2.286000000000000032 ) ) ;
#346 = CARTESIAN_POINT ( 'NONE',  ( -5.996446609406728356, -6.703553390593275374, -1.000000000000000000 ) ) ;
#347 = ORIENTED_EDGE ( 'NONE', *, *, #3232, .F. ) ;
#348 = DIRECTION ( 'NONE',  ( 1.000000000000000000, 1.365923996832131116E-16, -0.000000000000000000 ) ) ;
#349 = EDGE_CURVE ( 'NONE', #3378, #403, #2862, .T. ) ;
#350 = VECTOR ( 'NONE', #2350, 1000.000000000000000 ) ;
#351 = ADVANCED_FACE ( 'NONE', ( #1408 ), #2885, .F. ) ;
#352 = VECTOR ( 'NONE', #4048, 1000.000000000000114 ) ;
#353 = CARTESIAN_POINT ( 'NONE',  ( -12.69999999999999929, -5.200000000000001066, 2.286000000000000032 ) ) ;
#354 = VECTOR ( 'NONE', #2300, 1000.000000000000000 ) ;
#355 = VECTOR ( 'NONE', #1011, 1000.000000000000000 ) ;
#356 = VECTOR ( 'NONE', #4788, 1000.000000000000000 ) ;
#357 = VERTEX_POINT ( 'NONE', #4031 ) ;
#358 = CARTESIAN_POINT ( 'NONE',  ( 6.349999999999998757, 5.068629150101524594, -3.049999999999999822 ) ) ;
#359 = EDGE_CURVE ( 'NONE', #4533, #1010, #4052, .T. ) ;
#360 = EDGE_CURVE ( 'NONE', #2135, #3917, #3666, .T. ) ;
#361 = AXIS2_PLACEMENT_3D ( 'NONE', #2679, #4138, #3798 ) ;
#362 = CIRCLE ( 'NONE', #1525, 3.174999999999997158 ) ;
#363 = DIRECTION ( 'NONE',  ( 0.7071067811865454633, -0.7071067811865496822, 0.000000000000000000 ) ) ;
#364 = VECTOR ( 'NONE', #497, 1000.000000000000000 ) ;
#365 = CARTESIAN_POINT ( 'NONE',  ( -8.207106781186542577, 5.200000000000001066, 2.286000000000000032 ) ) ;
#366 = EDGE_CURVE ( 'NONE', #2921, #3888, #1095, .T. ) ;
#367 = VECTOR ( 'NONE', #3799, 999.9999999999998863 ) ;
#368 = CARTESIAN_POINT ( 'NONE',  ( -6.350000000000001421, 3.654415587728447434, -1.000000000000000000 ) ) ;
#369 = EDGE_LOOP ( 'NONE', ( #1254, #1294 ) ) ;
#370 = DIRECTION ( 'NONE',  ( 0.7071067811865466846, 0.7071067811865483499, 0.000000000000000000 ) ) ;
#371 = ORIENTED_EDGE ( 'NONE', *, *, #4215, .F. ) ;
#372 = LINE ( 'NONE', #52, #2274 ) ;
#373 = ORIENTED_EDGE ( 'NONE', *, *, #1693, .T. ) ;
#374 = CARTESIAN_POINT ( 'NONE',  ( 10.12939620402574192, 1.863497014787714789, 2.286000000000000032 ) ) ;
#375 = ORIENTED_EDGE ( 'NONE', *, *, #1653, .T. ) ;
#376 = VERTEX_POINT ( 'NONE', #1459 ) ;
#377 = CARTESIAN_POINT ( 'NONE',  ( -6.350000000000003197, -3.654415587728423898, -3.049999999999999822 ) ) ;
#378 = DIRECTION ( 'NONE',  ( 0.7071067811865477948, -0.7071067811865473507, 0.000000000000000000 ) ) ;
#379 = ORIENTED_EDGE ( 'NONE', *, *, #1986, .T. ) ;
#380 = DIRECTION ( 'NONE',  ( 0.000000000000000000, 0.000000000000000000, 1.000000000000000000 ) ) ;
#381 = CARTESIAN_POINT ( 'NONE',  ( 12.70000000000000107, 5.200000000000001066, 3.049999999999999822 ) ) ;
#382 = EDGE_CURVE ( 'NONE', #3985, #1491, #4416, .T. ) ;
#383 = ORIENTED_EDGE ( 'NONE', *, *, #2128, .F. ) ;
#384 = DIRECTION ( 'NONE',  ( 1.000000000000000000, 0.000000000000000000, -0.000000000000000000 ) ) ;
#385 = AXIS2_PLACEMENT_3D ( 'NONE', #521, #2728, #494 ) ;
#386 = DIRECTION ( 'NONE',  ( 2.601884744300114343E-16, -1.000000000000000000, 0.000000000000000000 ) ) ;
#387 = VECTOR ( 'NONE', #857, 1000.000000000000000 ) ;
#388 = ADVANCED_FACE ( 'NONE', ( #4438 ), #1847, .T. ) ;
#389 = EDGE_CURVE ( 'NONE', #591, #3235, #2597, .T. ) ;
#390 = DIRECTION ( 'NONE',  ( 1.000000000000000000, 0.000000000000000000, 0.000000000000000000 ) ) ;
#391 = CARTESIAN_POINT ( 'NONE',  ( -12.69999999999999929, -5.200000000000001066, 3.049999999999999822 ) ) ;
#392 = ORIENTED_EDGE ( 'NONE', *, *, #1512, .F. ) ;
#393 = EDGE_CURVE ( 'NONE', #1848, #4493, #3532, .T. ) ;
#394 = CARTESIAN_POINT ( 'NONE',  ( -12.69999999999999929, 0.000000000000000000, -1.000000000000000000 ) ) ;
#395 = VERTEX_POINT ( 'NONE', #1872 ) ;
#396 = DIRECTION ( 'NONE',  ( -0.7071067811865536790, 0.7071067811865414665, 0.000000000000000000 ) ) ;
#397 = ORIENTED_EDGE ( 'NONE', *, *, #1548, .F. ) ;
#398 = FACE_BOUND ( 'NONE', #4670, .T. ) ;
#399 = ORIENTED_EDGE ( 'NONE', *, *, #4093, .F. ) ;
#400 = ORIENTED_EDGE ( 'NONE', *, *, #4448, .T. ) ;
#401 = DIRECTION ( 'NONE',  ( -0.7071067811865473507, -0.7071067811865477948, 0.000000000000000000 ) ) ;
#402 = CARTESIAN_POINT ( 'NONE',  ( -10.59999999999999432, 0.000000000000000000, -2.286999999999999922 ) ) ;
#403 = VERTEX_POINT ( 'NONE', #1501 ) ;
#404 = EDGE_LOOP ( 'NONE', ( #1257, #1996, #1651, #625 ) ) ;
#405 = LINE ( 'NONE', #1808, #435 ) ;
#406 = VECTOR ( 'NONE', #605, 1000.000000000000000 ) ;
#407 = PLANE ( 'NONE',  #2055 ) ;
#408 = ORIENTED_EDGE ( 'NONE', *, *, #2343, .F. ) ;
#409 = CARTESIAN_POINT ( 'NONE',  ( 7.481370849898475228, -6.199999999999999289, 3.049999999999999822 ) ) ;
#410 = VECTOR ( 'NONE', #710, 1000.000000000000114 ) ;
#411 = DIRECTION ( 'NONE',  ( 0.7071067811865479058, 0.7071067811865472397, 0.000000000000000000 ) ) ;
#412 = DIRECTION ( 'NONE',  ( -0.000000000000000000, -0.000000000000000000, -1.000000000000000000 ) ) ;
#413 = DIRECTION ( 'NONE',  ( -0.000000000000000000, -0.000000000000000000, -1.000000000000000000 ) ) ;
#414 = EDGE_CURVE ( 'NONE', #67, #4262, #476, .T. ) ;
#415 = EDGE_CURVE ( 'NONE', #3813, #1145, #4066, .T. ) ;
#416 = ORIENTED_EDGE ( 'NONE', *, *, #829, .T. ) ;
#417 = ORIENTED_EDGE ( 'NONE', *, *, #4437, .T. ) ;
#418 = CARTESIAN_POINT ( 'NONE',  ( 12.70000000000000107, 5.200000000000001066, 3.049999999999999822 ) ) ;
#419 = ORIENTED_EDGE ( 'NONE', *, *, #623, .F. ) ;
#420 = EDGE_CURVE ( 'NONE', #1875, #4262, #86, .T. ) ;
#421 = FACE_OUTER_BOUND ( 'NONE', #2890, .T. ) ;
#422 = VERTEX_POINT ( 'NONE', #4139 ) ;
#423 = ORIENTED_EDGE ( 'NONE', *, *, #3291, .T. ) ;
#424 = LINE ( 'NONE', #4791, #4780 ) ;
#425 = LINE ( 'NONE', #402, #1007 ) ;
#426 = ORIENTED_EDGE ( 'NONE', *, *, #4273, .T. ) ;
#427 = ORIENTED_EDGE ( 'NONE', *, *, #976, .T. ) ;
#428 = CARTESIAN_POINT ( 'NONE',  ( -5.355761184457489499, -4.648654403270943369, -1.000000000000000000 ) ) ;
#429 = CARTESIAN_POINT ( 'NONE',  ( -8.895584412271597685, -6.199999999999999289, -2.286000000000000032 ) ) ;
#430 = ORIENTED_EDGE ( 'NONE', *, *, #60, .F. ) ;
#431 = CARTESIAN_POINT ( 'NONE',  ( -12.69999999999999929, -0.5000000000000025535, 1.000000000000000000 ) ) ;
#432 = VECTOR ( 'NONE', #3318, 1000.000000000000000 ) ;
#433 = AXIS2_PLACEMENT_3D ( 'NONE', #4116, #3730, #2682 ) ;
#434 = DIRECTION ( 'NONE',  ( -0.000000000000000000, -0.000000000000000000, -1.000000000000000000 ) ) ;
#435 = VECTOR ( 'NONE', #1492, 1000.000000000000000 ) ;
#436 = AXIS2_PLACEMENT_3D ( 'NONE', #4174, #3584, #4676 ) ;
#437 = LINE ( 'NONE', #4459, #2476 ) ;
#438 = CARTESIAN_POINT ( 'NONE',  ( -10.12939620402574192, -1.863497014787715456, -2.286000000000000032 ) ) ;
#439 = AXIS2_PLACEMENT_3D ( 'NONE', #547, #2028, #1661 ) ;
#440 = ORIENTED_EDGE ( 'NONE', *, *, #3346, .F. ) ;
#441 = CIRCLE ( 'NONE', #3390, 3.174999999999997602 ) ;
#442 = EDGE_CURVE ( 'NONE', #1403, #51, #2250, .T. ) ;
#443 = DIRECTION ( 'NONE',  ( -1.000000000000000000, -6.829619984160659279E-17, 0.000000000000000000 ) ) ;
#444 = ORIENTED_EDGE ( 'NONE', *, *, #4122, .F. ) ;
#445 = DIRECTION ( 'NONE',  ( 0.000000000000000000, 0.000000000000000000, 1.000000000000000000 ) ) ;
#446 = ORIENTED_EDGE ( 'NONE', *, *, #839, .T. ) ;
#447 = ORIENTED_EDGE ( 'NONE', *, *, #3794, .T. ) ;
#448 = CARTESIAN_POINT ( 'NONE',  ( -4.804415587728434467, -5.200000000000001066, 3.049999999999999822 ) ) ;
#449 = PLANE ( 'NONE',  #4720 ) ;
#450 = ADVANCED_FACE ( 'NONE', ( #744 ), #1493, .F. ) ;
#451 = ADVANCED_FACE ( 'NONE', ( #1933 ), #4165, .F. ) ;
#452 = LINE ( 'NONE', #1930, #4188 ) ;
#453 = VERTEX_POINT ( 'NONE', #3432 ) ;
#454 = CARTESIAN_POINT ( 'NONE',  ( -12.69999999999999929, 0.000000000000000000, -3.049999999999999822 ) ) ;
#455 = DIRECTION ( 'NONE',  ( -0.000000000000000000, -0.000000000000000000, -1.000000000000000000 ) ) ;
#456 = ORIENTED_EDGE ( 'NONE', *, *, #3643, .F. ) ;
#457 = LINE ( 'NONE', #4241, #663 ) ;
#458 = LINE ( 'NONE', #3050, #3996 ) ;
#459 = LINE ( 'NONE', #923, #4531 ) ;
#460 = LINE ( 'NONE', #1988, #3100 ) ;
#461 = VECTOR ( 'NONE', #691, 1000.000000000000114 ) ;
#462 = EDGE_LOOP ( 'NONE', ( #912, #2986, #4783, #2894 ) ) ;
#463 = DIRECTION ( 'NONE',  ( 0.000000000000000000, 0.000000000000000000, 1.000000000000000000 ) ) ;
#464 = AXIS2_PLACEMENT_3D ( 'NONE', #155, #2271, #1198 ) ;
#465 = CARTESIAN_POINT ( 'NONE',  ( -2.570603795974257810, -1.863497014787714345, -2.286000000000000032 ) ) ;
#466 = ORIENTED_EDGE ( 'NONE', *, *, #3905, .F. ) ;
#467 = VERTEX_POINT ( 'NONE', #1201 ) ;
#468 = CARTESIAN_POINT ( 'NONE',  ( 0.000000000000000000, 0.000000000000000000, 2.286000000000000032 ) ) ;
#469 = DIRECTION ( 'NONE',  ( -0.7071067811865466846, 0.7071067811865483499, 0.000000000000000000 ) ) ;
#470 = DIRECTION ( 'NONE',  ( -0.000000000000000000, -0.000000000000000000, -1.000000000000000000 ) ) ;
#471 = VERTEX_POINT ( 'NONE', #3046 ) ;
#472 = DIRECTION ( 'NONE',  ( 0.000000000000000000, 0.000000000000000000, 1.000000000000000000 ) ) ;
#473 = CARTESIAN_POINT ( 'NONE',  ( 10.83650298521228983, -2.570603795974260919, 1.000000000000000000 ) ) ;
#474 = ADVANCED_FACE ( 'NONE', ( #2226 ), #407, .T. ) ;
#475 = ADVANCED_FACE ( 'NONE', ( #3707 ), #2321, .F. ) ;
#476 = LINE ( 'NONE', #1181, #3213 ) ;
#477 = ORIENTED_EDGE ( 'NONE', *, *, #3642, .T. ) ;
#478 = DIRECTION ( 'NONE',  ( -0.000000000000000000, -0.000000000000000000, 1.000000000000000000 ) ) ;
#479 = CIRCLE ( 'NONE', #4196, 2.100000000000004530 ) ;
#480 = EDGE_CURVE ( 'NONE', #631, #3964, #107, .T. ) ;
#481 = CARTESIAN_POINT ( 'NONE',  ( -6.350000000000000533, 5.068629150101524594, 3.049999999999999822 ) ) ;
#482 = CARTESIAN_POINT ( 'NONE',  ( 3.135382751754558051, -0.5000000000000016653, 2.286000000000000032 ) ) ;
#483 = DIRECTION ( 'NONE',  ( 1.000000000000000000, 6.829619984160659279E-17, 0.000000000000000000 ) ) ;
#484 = ORIENTED_EDGE ( 'NONE', *, *, #3738, .T. ) ;
#485 = CARTESIAN_POINT ( 'NONE',  ( -7.481370849898477893, 6.200000000000001954, -3.049999999999999822 ) ) ;
#486 = DIRECTION ( 'NONE',  ( -0.7071067811865473507, -0.7071067811865477948, 0.000000000000000000 ) ) ;
#487 = ORIENTED_EDGE ( 'NONE', *, *, #2041, .F. ) ;
#488 = VERTEX_POINT ( 'NONE', #3026 ) ;
#489 = CARTESIAN_POINT ( 'NONE',  ( -2.570603795974257810, 1.863497014787714345, 2.286000000000000032 ) ) ;
#490 = DIRECTION ( 'NONE',  ( -0.7071067811865481278, -0.7071067811865470176, -0.000000000000000000 ) ) ;
#491 = DIRECTION ( 'NONE',  ( 0.000000000000000000, 0.000000000000000000, 1.000000000000000000 ) ) ;
#492 = EDGE_LOOP ( 'NONE', ( #3648, #4014, #4660, #298 ) ) ;
#493 = LINE ( 'NONE', #3844, #825 ) ;
#494 = DIRECTION ( 'NONE',  ( 1.000000000000000000, 0.000000000000000000, 0.000000000000000000 ) ) ;
#495 = LINE ( 'NONE', #2392, #522 ) ;
#496 = ORIENTED_EDGE ( 'NONE', *, *, #4575, .T. ) ;
#497 = DIRECTION ( 'NONE',  ( 0.7071067811865536790, -0.7071067811865414665, 0.000000000000000000 ) ) ;
#498 = ORIENTED_EDGE ( 'NONE', *, *, #1840, .F. ) ;
#499 = CARTESIAN_POINT ( 'NONE',  ( 4.804415587728398052, -5.200000000000004619, 3.049999999999999822 ) ) ;
#500 = EDGE_CURVE ( 'NONE', #162, #453, #3604, .T. ) ;
#501 = ADVANCED_FACE ( 'NONE', ( #1109 ), #3753, .F. ) ;
#502 = ADVANCED_FACE ( 'NONE', ( #769 ), #2615, .F. ) ;
#503 = DIRECTION ( 'NONE',  ( 1.000000000000000000, 0.000000000000000000, 0.000000000000000000 ) ) ;
#504 = PLANE ( 'NONE',  #2126 ) ;
#505 = EDGE_CURVE ( 'NONE', #514, #306, #815, .T. ) ;
#506 = EDGE_CURVE ( 'NONE', #3879, #3076, #4481, .T. ) ;
#507 = CARTESIAN_POINT ( 'NONE',  ( -12.69999999999999929, 0.4999999999999958922, 1.000000000000000000 ) ) ;
#508 = VECTOR ( 'NONE', #876, 1000.000000000000000 ) ;
#509 = ORIENTED_EDGE ( 'NONE', *, *, #4027, .F. ) ;
#510 = CIRCLE ( 'NONE', #1746, 2.100000000000004530 ) ;
#511 = LINE ( 'NONE', #2716, #2034 ) ;
#512 = DIRECTION ( 'NONE',  ( -0.000000000000000000, -0.000000000000000000, -1.000000000000000000 ) ) ;
#513 = ORIENTED_EDGE ( 'NONE', *, *, #3505, .F. ) ;
#514 = VERTEX_POINT ( 'NONE', #1911 ) ;
#515 = VECTOR ( 'NONE', #3040, 1000.000000000000000 ) ;
#516 = CARTESIAN_POINT ( 'NONE',  ( 4.492893218813453160, 5.200000000000000178, 2.286000000000000032 ) ) ;
#517 = DIRECTION ( 'NONE',  ( -0.000000000000000000, -0.000000000000000000, -1.000000000000000000 ) ) ;
#518 = CARTESIAN_POINT ( 'NONE',  ( -7.895584412271592356, -5.200000000000001066, -3.049999999999999822 ) ) ;
#519 = ORIENTED_EDGE ( 'NONE', *, *, #1311, .T. ) ;
#520 = DIRECTION ( 'NONE',  ( -0.000000000000000000, -0.000000000000000000, 1.000000000000000000 ) ) ;
#521 = CARTESIAN_POINT ( 'NONE',  ( 0.000000000000000000, 0.000000000000000000, 1.000000000000000000 ) ) ;
#522 = VECTOR ( 'NONE', #3122, 1000.000000000000000 ) ;
#523 = LINE ( 'NONE', #4599, #987 ) ;
#524 = ORIENTED_EDGE ( 'NONE', *, *, #3152, .F. ) ;
#525 = CARTESIAN_POINT ( 'NONE',  ( -4.804415587728444237, 5.199999999999999289, -3.049999999999999822 ) ) ;
#526 = ORIENTED_EDGE ( 'NONE', *, *, #1741, .T. ) ;
#527 = LINE ( 'NONE', #431, #4227 ) ;
#528 = CARTESIAN_POINT ( 'NONE',  ( 0.000000000000000000, 0.000000000000000000, 2.286000000000000032 ) ) ;
#529 = DIRECTION ( 'NONE',  ( -0.000000000000000000, -0.000000000000000000, -1.000000000000000000 ) ) ;
#530 = DIRECTION ( 'NONE',  ( 0.000000000000000000, 0.000000000000000000, 1.000000000000000000 ) ) ;
#531 = EDGE_CURVE ( 'NONE', #4638, #4371, #65, .T. ) ;
#532 = EDGE_LOOP ( 'NONE', ( #4386, #3982, #3628, #3502 ) ) ;
#533 = EDGE_CURVE ( 'NONE', #3542, #3102, #2367, .T. ) ;
#534 = CARTESIAN_POINT ( 'NONE',  ( 12.69999999999999751, -6.200000000000000178, -3.049999999999999822 ) ) ;
#535 = AXIS2_PLACEMENT_3D ( 'NONE', #3283, #2196, #275 ) ;
#536 = ORIENTED_EDGE ( 'NONE', *, *, #2405, .F. ) ;
#537 = EDGE_CURVE ( 'NONE', #2958, #2268, #3914, .T. ) ;
#538 = CARTESIAN_POINT ( 'NONE',  ( 9.564617248245440351, -0.5000000000000001110, -2.286000000000000032 ) ) ;
#539 = AXIS2_PLACEMENT_3D ( 'NONE', #2655, #3816, #4498 ) ;
#540 = LINE ( 'NONE', #4228, #1859 ) ;
#541 = PLANE ( 'NONE',  #2755 ) ;
#542 = ORIENTED_EDGE ( 'NONE', *, *, #4766, .T. ) ;
#543 = PERSON_AND_ORGANIZATION ( #4126, #1290 ) ;
#544 = DIRECTION ( 'NONE',  ( 1.000000000000000000, 0.000000000000000000, -0.000000000000000000 ) ) ;
#545 = CARTESIAN_POINT ( 'NONE',  ( -14.80000000000000426, 2.571758278209447380E-16, 2.286000000000000032 ) ) ;
#546 = ORIENTED_EDGE ( 'NONE', *, *, #533, .F. ) ;
#547 = CARTESIAN_POINT ( 'NONE',  ( -12.69999999999999929, 0.000000000000000000, -1.000000000000000000 ) ) ;
#548 = VERTEX_POINT ( 'NONE', #525 ) ;
#549 = CARTESIAN_POINT ( 'NONE',  ( -8.895584412271597685, 6.199999999999999289, 3.049999999999999822 ) ) ;
#550 = DIRECTION ( 'NONE',  ( -0.000000000000000000, -0.000000000000000000, -1.000000000000000000 ) ) ;
#551 = VECTOR ( 'NONE', #2141, 1000.000000000000000 ) ;
#552 = DIRECTION ( 'NONE',  ( 1.000000000000000000, 0.000000000000000000, 0.000000000000000000 ) ) ;
#553 = CARTESIAN_POINT ( 'NONE',  ( 12.69999999999999929, 5.200000000000000178, 3.049999999999999822 ) ) ;
#554 = VERTEX_POINT ( 'NONE', #2006 ) ;
#555 = LINE ( 'NONE', #485, #2259 ) ;
#556 = EDGE_CURVE ( 'NONE', #270, #2563, #128, .T. ) ;
#557 = EDGE_CURVE ( 'NONE', #7, #2247, #2731, .T. ) ;
#558 = VECTOR ( 'NONE', #3159, 1000.000000000000000 ) ;
#559 = ORIENTED_EDGE ( 'NONE', *, *, #4510, .T. ) ;
#560 = CARTESIAN_POINT ( 'NONE',  ( -10.12939620402574192, -1.863497014787714789, 2.286000000000000032 ) ) ;
#561 = CARTESIAN_POINT ( 'NONE',  ( 12.69999999999999929, 0.000000000000000000, 3.049999999999999822 ) ) ;
#562 = DIRECTION ( 'NONE',  ( 1.000000000000000000, 0.000000000000000000, 0.000000000000000000 ) ) ;
#563 = ORIENTED_EDGE ( 'NONE', *, *, #4603, .T. ) ;
#564 = PERSON_AND_ORGANIZATION_ROLE ( 'classification_officer' ) ;
#565 = CARTESIAN_POINT ( 'NONE',  ( 5.355761184457477952, -4.648654403270934488, 2.286000000000000032 ) ) ;
#566 = EDGE_CURVE ( 'NONE', #959, #1319, #889, .T. ) ;
#567 = CARTESIAN_POINT ( 'NONE',  ( -8.207106781186544353, -5.200000000000001066, 2.286000000000000032 ) ) ;
#568 = ORIENTED_EDGE ( 'NONE', *, *, #175, .T. ) ;
#569 = ORIENTED_EDGE ( 'NONE', *, *, #686, .F. ) ;
#570 = PLANE ( 'NONE',  #594 ) ;
#571 = ORIENTED_EDGE ( 'NONE', *, *, #4479, .F. ) ;
#572 = DIRECTION ( 'NONE',  ( 0.7071067811865481278, 0.7071067811865469066, -0.000000000000000000 ) ) ;
#573 = PLANE ( 'NONE',  #4077 ) ;
#574 = CARTESIAN_POINT ( 'NONE',  ( -1.558578927004018011, 2.265685708190569692, 2.286000000000000032 ) ) ;
#575 = ORIENTED_EDGE ( 'NONE', *, *, #1455, .F. ) ;
#576 = CARTESIAN_POINT ( 'NONE',  ( -12.69999999999999929, 0.000000000000000000, 2.286000000000000032 ) ) ;
#577 = VECTOR ( 'NONE', #1065, 1000.000000000000000 ) ;
#578 = CIRCLE ( 'NONE', #658, 5.200000000000000178 ) ;
#579 = ORIENTED_EDGE ( 'NONE', *, *, #2256, .T. ) ;
#580 = CYLINDRICAL_SURFACE ( 'NONE', #1834, 3.174999999999997158 ) ;
#581 = EDGE_CURVE ( 'NONE', #422, #1199, #1617, .T. ) ;
#582 = AXIS2_PLACEMENT_3D ( 'NONE', #328, #4450, #3361 ) ;
#583 = VECTOR ( 'NONE', #3609, 1000.000000000000000 ) ;
#584 = LINE ( 'NONE', #2042, #3437 ) ;
#585 = ORIENTED_EDGE ( 'NONE', *, *, #4774, .F. ) ;
#586 = DATE_TIME_ROLE ( 'classification_date' ) ;
#587 = CYLINDRICAL_SURFACE ( 'NONE', #1402, 3.174999999999997602 ) ;
#588 = AXIS2_PLACEMENT_3D ( 'NONE', #454, #4501, #1541 ) ;
#589 = VECTOR ( 'NONE', #652, 1000.000000000000000 ) ;
#590 = CARTESIAN_POINT ( 'NONE',  ( 3.135382751754558051, 0.5000000000000000000, -2.286000000000000032 ) ) ;
#591 = VERTEX_POINT ( 'NONE', #4578 ) ;
#592 = ORIENTED_EDGE ( 'NONE', *, *, #324, .F. ) ;
#593 = PLANE ( 'NONE',  #1293 ) ;
#594 = AXIS2_PLACEMENT_3D ( 'NONE', #3824, #864, #2394 ) ;
#595 = EDGE_CURVE ( 'NONE', #2094, #1848, #1325, .T. ) ;
#596 = EDGE_CURVE ( 'NONE', #938, #3336, #2803, .T. ) ;
#597 = CIRCLE ( 'NONE', #1063, 3.174999999999997602 ) ;
#598 = ORIENTED_EDGE ( 'NONE', *, *, #3558, .T. ) ;
#599 = DIRECTION ( 'NONE',  ( 1.000000000000000000, 0.000000000000000000, -0.000000000000000000 ) ) ;
#600 = CARTESIAN_POINT ( 'NONE',  ( 7.344238815542503573, 4.648654403270950475, 3.049999999999999822 ) ) ;
#601 = EDGE_CURVE ( 'NONE', #631, #32, #4189, .T. ) ;
#602 = DIRECTION ( 'NONE',  ( 0.000000000000000000, 0.000000000000000000, -1.000000000000000000 ) ) ;
#603 = DIRECTION ( 'NONE',  ( 0.7071067811865477948, -0.7071067811865473507, 0.000000000000000000 ) ) ;
#604 = ORIENTED_EDGE ( 'NONE', *, *, #3673, .T. ) ;
#605 = DIRECTION ( 'NONE',  ( 0.7071067811865536790, -0.7071067811865414665, 0.000000000000000000 ) ) ;
#606 = CARTESIAN_POINT ( 'NONE',  ( -9.564617248245440351, 0.4999999999999998890, -2.286000000000000032 ) ) ;
#607 = DIRECTION ( 'NONE',  ( 0.000000000000000000, 0.000000000000000000, 1.000000000000000000 ) ) ;
#608 = ORIENTED_EDGE ( 'NONE', *, *, #175, .F. ) ;
#609 = DATE_AND_TIME ( #3503, #1211 ) ;
#610 = CARTESIAN_POINT ( 'NONE',  ( 0.000000000000000000, 0.000000000000000000, 2.286000000000000032 ) ) ;
#611 = CARTESIAN_POINT ( 'NONE',  ( 4.492893218813453160, 5.200000000000000178, 1.000000000000000444 ) ) ;
#612 = ORIENTED_EDGE ( 'NONE', *, *, #2287, .T. ) ;
#613 = ORIENTED_EDGE ( 'NONE', *, *, #3679, .F. ) ;
#614 = VECTOR ( 'NONE', #3831, 1000.000000000000000 ) ;
#615 = DIRECTION ( 'NONE',  ( 0.7071067811865454633, -0.7071067811865496822, 0.000000000000000000 ) ) ;
#616 = ORIENTED_EDGE ( 'NONE', *, *, #91, .F. ) ;
#617 = CARTESIAN_POINT ( 'NONE',  ( -7.481370849898477893, -6.200000000000001954, -3.049999999999999822 ) ) ;
#618 = EDGE_CURVE ( 'NONE', #2047, #4039, #2754, .T. ) ;
#619 = ADVANCED_FACE ( 'NONE', ( #1255 ), #570, .F. ) ;
#620 = CARTESIAN_POINT ( 'NONE',  ( 7.895584412271554164, 5.199999999999999289, -2.286000000000000032 ) ) ;
#621 = DIRECTION ( 'NONE',  ( 1.000000000000000000, 0.000000000000000000, -0.000000000000000000 ) ) ;
#622 = CARTESIAN_POINT ( 'NONE',  ( -12.69999999999999929, 0.000000000000000000, 1.000000000000000000 ) ) ;
#623 = EDGE_CURVE ( 'NONE', #2796, #2481, #3850, .T. ) ;
#624 = CARTESIAN_POINT ( 'NONE',  ( -7.481370849898477893, -6.200000000000001954, 3.049999999999999822 ) ) ;
#625 = ORIENTED_EDGE ( 'NONE', *, *, #2669, .T. ) ;
#626 = CIRCLE ( 'NONE', #2566, 3.174999999999997602 ) ;
#627 = DIRECTION ( 'NONE',  ( 0.000000000000000000, 0.000000000000000000, 1.000000000000000000 ) ) ;
#628 = CARTESIAN_POINT ( 'NONE',  ( -5.996446609406728356, 6.703553390593275374, -1.000000000000000000 ) ) ;
#629 = UNCERTAINTY_MEASURE_WITH_UNIT (LENGTH_MEASURE( 1.000000000000000082E-05 ), #4231, 'distance_accuracy_value', 'NONE');
#630 = CARTESIAN_POINT ( 'NONE',  ( 7.344238815542510679, -4.648654403270944258, 3.049999999999999822 ) ) ;
#631 = VERTEX_POINT ( 'NONE', #136 ) ;
#632 = CALENDAR_DATE ( 2022, 6, 6 ) ;
#633 = LINE ( 'NONE', #3231, #1568 ) ;
#634 = VECTOR ( 'NONE', #242, 1000.000000000000000 ) ;
#635 = ORIENTED_EDGE ( 'NONE', *, *, #4544, .F. ) ;
#636 = LINE ( 'NONE', #2092, #2837 ) ;
#637 = ORIENTED_EDGE ( 'NONE', *, *, #2256, .F. ) ;
#638 = ORIENTED_EDGE ( 'NONE', *, *, #975, .T. ) ;
#639 = CARTESIAN_POINT ( 'NONE',  ( 9.564617248245442127, 0.5000000000000018874, -2.286000000000000032 ) ) ;
#640 = ORIENTED_EDGE ( 'NONE', *, *, #3832, .T. ) ;
#641 = FACE_OUTER_BOUND ( 'NONE', #1239, .T. ) ;
#642 = CARTESIAN_POINT ( 'NONE',  ( 4.492893218813454936, -5.200000000000001066, 1.000000000000000000 ) ) ;
#643 = EDGE_CURVE ( 'NONE', #1053, #833, #4281, .T. ) ;
#644 = PLANE ( 'NONE',  #4690 ) ;
#645 = PLANE ( 'NONE',  #3372 ) ;
#646 = ORIENTED_EDGE ( 'NONE', *, *, #2017, .T. ) ;
#647 = EDGE_CURVE ( 'NONE', #3307, #1735, #2048, .T. ) ;
#648 = EDGE_CURVE ( 'NONE', #2650, #1785, #1978, .T. ) ;
#649 = DIRECTION ( 'NONE',  ( -1.000000000000000000, 0.000000000000000000, 0.000000000000000000 ) ) ;
#650 = DIRECTION ( 'NONE',  ( 0.000000000000000000, 0.000000000000000000, 1.000000000000000000 ) ) ;
#651 = VERTEX_POINT ( 'NONE', #3101 ) ;
#652 = DIRECTION ( 'NONE',  ( 0.000000000000000000, 0.000000000000000000, -1.000000000000000000 ) ) ;
#653 = CIRCLE ( 'NONE', #1589, 2.100000000000004530 ) ;
#654 = FACE_OUTER_BOUND ( 'NONE', #2283, .T. ) ;
#655 = EDGE_LOOP ( 'NONE', ( #1973, #2192, #5, #2851 ) ) ;
#656 = CALENDAR_DATE ( 2022, 6, 6 ) ;
#657 = LINE ( 'NONE', #1386, #3895 ) ;
#658 = AXIS2_PLACEMENT_3D ( 'NONE', #2456, #2088, #3568 ) ;
#659 = VERTEX_POINT ( 'NONE', #183 ) ;
#660 = LINE ( 'NONE', #320, #4313 ) ;
#661 = ORIENTED_EDGE ( 'NONE', *, *, #4564, .T. ) ;
#662 = EDGE_LOOP ( 'NONE', ( #1831, #4443, #1350, #3447, #4370, #2927 ) ) ;
#663 = VECTOR ( 'NONE', #2709, 1000.000000000000000 ) ;
#664 = VECTOR ( 'NONE', #2651, 1000.000000000000000 ) ;
#665 = DIRECTION ( 'NONE',  ( 1.000000000000000000, 0.000000000000000000, 0.000000000000000000 ) ) ;
#666 = FACE_OUTER_BOUND ( 'NONE', #322, .T. ) ;
#667 = ORIENTED_EDGE ( 'NONE', *, *, #1567, .F. ) ;
#668 = CARTESIAN_POINT ( 'NONE',  ( -5.355761184457495716, 4.648654403270949587, 1.000000000000000444 ) ) ;
#669 = VECTOR ( 'NONE', #2305, 1000.000000000000114 ) ;
#670 = CIRCLE ( 'NONE', #1215, 5.200000000000000178 ) ;
#671 = DIRECTION ( 'NONE',  ( -0.000000000000000000, -0.000000000000000000, -1.000000000000000000 ) ) ;
#672 = AXIS2_PLACEMENT_3D ( 'NONE', #468, #2699, #854 ) ;
#673 = DIRECTION ( 'NONE',  ( 1.000000000000000000, 0.000000000000000000, -0.000000000000000000 ) ) ;
#674 = DIRECTION ( 'NONE',  ( -0.7071067811865479058, 0.7071067811865472397, 0.000000000000000000 ) ) ;
#675 = ORIENTED_EDGE ( 'NONE', *, *, #4353, .T. ) ;
#676 = CARTESIAN_POINT ( 'NONE',  ( -6.350000000000001421, 3.654415587728447434, 3.049999999999999822 ) ) ;
#677 = CARTESIAN_POINT ( 'NONE',  ( 11.14142107299598194, 2.265685708190569692, -2.286000000000000032 ) ) ;
#678 = EDGE_CURVE ( 'NONE', #3274, #1685, #3925, .T. ) ;
#679 = ADVANCED_FACE ( 'NONE', ( #2437 ), #593, .T. ) ;
#680 = ORIENTED_EDGE ( 'NONE', *, *, #3832, .F. ) ;
#681 = LINE ( 'NONE', #628, #281 ) ;
#682 = DIRECTION ( 'NONE',  ( 1.000000000000000000, 6.829619984160659279E-17, 0.000000000000000000 ) ) ;
#683 = VERTEX_POINT ( 'NONE', #1586 ) ;
#684 = DIRECTION ( 'NONE',  ( -1.000000000000000000, 0.000000000000000000, 0.000000000000000000 ) ) ;
#685 = ORIENTED_EDGE ( 'NONE', *, *, #2511, .T. ) ;
#686 = EDGE_CURVE ( 'NONE', #1924, #4029, #4554, .T. ) ;
#687 = CARTESIAN_POINT ( 'NONE',  ( 0.000000000000000000, 0.000000000000000000, 2.286000000000000032 ) ) ;
#688 = ORIENTED_EDGE ( 'NONE', *, *, #2315, .F. ) ;
#689 = ORIENTED_EDGE ( 'NONE', *, *, #85, .T. ) ;
#690 = FACE_OUTER_BOUND ( 'NONE', #4496, .T. ) ;
#691 = DIRECTION ( 'NONE',  ( -0.7071067811865481278, 0.7071067811865469066, 0.000000000000000000 ) ) ;
#692 = ORIENTED_EDGE ( 'NONE', *, *, #1934, .F. ) ;
#693 = CARTESIAN_POINT ( 'NONE',  ( -12.69999999999999929, 0.000000000000000000, 2.286000000000000032 ) ) ;
#694 = FACE_OUTER_BOUND ( 'NONE', #4609, .T. ) ;
#695 = VECTOR ( 'NONE', #3612, 1000.000000000000114 ) ;
#696 = ORIENTED_EDGE ( 'NONE', *, *, #892, .T. ) ;
#697 = CARTESIAN_POINT ( 'NONE',  ( -6.350000000000003197, -3.654415587728423898, 3.049999999999999822 ) ) ;
#698 = VECTOR ( 'NONE', #933, 1000.000000000000000 ) ;
#699 = DIRECTION ( 'NONE',  ( -1.000000000000000000, 0.000000000000000000, 0.000000000000000000 ) ) ;
#700 = ORIENTED_EDGE ( 'NONE', *, *, #2812, .T. ) ;
#701 = LINE ( 'NONE', #1456, #3602 ) ;
#702 = PLANE ( 'NONE',  #4585 ) ;
#703 = VERTEX_POINT ( 'NONE', #1030 ) ;
#704 = CARTESIAN_POINT ( 'NONE',  ( 6.349999999999998757, 5.068629150101524594, -3.049999999999999822 ) ) ;
#705 = AXIS2_PLACEMENT_3D ( 'NONE', #2353, #1994, #3472 ) ;
#706 = ADVANCED_FACE ( 'NONE', ( #1707 ), #2535, .F. ) ;
#707 = EDGE_CURVE ( 'NONE', #2329, #29, #2922, .T. ) ;
#708 = DIRECTION ( 'NONE',  ( 0.7071067811865481278, 0.7071067811865469066, -0.000000000000000000 ) ) ;
#709 = ORIENTED_EDGE ( 'NONE', *, *, #1572, .T. ) ;
#710 = DIRECTION ( 'NONE',  ( 0.7071067811865454633, -0.7071067811865496822, 0.000000000000000000 ) ) ;
#711 = CARTESIAN_POINT ( 'NONE',  ( -4.492893218813453160, -5.200000000000001066, 3.049999999999999822 ) ) ;
#712 = ORIENTED_EDGE ( 'NONE', *, *, #2223, .F. ) ;
#713 = ORIENTED_EDGE ( 'NONE', *, *, #648, .T. ) ;
#714 = CARTESIAN_POINT ( 'NONE',  ( -15.87499999999999645, 0.000000000000000000, 2.286000000000000032 ) ) ;
#715 = DIRECTION ( 'NONE',  ( -0.000000000000000000, -0.000000000000000000, -1.000000000000000000 ) ) ;
#716 = EDGE_CURVE ( 'NONE', #4255, #2412, #1344, .T. ) ;
#717 = EDGE_CURVE ( 'NONE', #1116, #2719, #2303, .T. ) ;
#718 = ORIENTED_EDGE ( 'NONE', *, *, #3117, .T. ) ;
#719 = CARTESIAN_POINT ( 'NONE',  ( -12.69999999999999929, -0.5000000000000025535, -1.000000000000000000 ) ) ;
#720 = DIRECTION ( 'NONE',  ( 0.7071067811865536790, -0.7071067811865414665, 0.000000000000000000 ) ) ;
#721 = VERTEX_POINT ( 'NONE', #714 ) ;
#722 = CARTESIAN_POINT ( 'NONE',  ( -7.895584412271579922, 5.199999999999998401, -2.286000000000000032 ) ) ;
#723 = CARTESIAN_POINT ( 'NONE',  ( 6.349999999999996980, 3.654415587728449655, 1.000000000000000000 ) ) ;
#724 = AXIS2_PLACEMENT_3D ( 'NONE', #4662, #4682, #1338 ) ;
#725 = PLANE ( 'NONE',  #2402 ) ;
#726 = FACE_OUTER_BOUND ( 'NONE', #2215, .T. ) ;
#727 = ORIENTED_EDGE ( 'NONE', *, *, #236, .F. ) ;
#728 = DIRECTION ( 'NONE',  ( -0.000000000000000000, -0.000000000000000000, -1.000000000000000000 ) ) ;
#729 = ORIENTED_EDGE ( 'NONE', *, *, #176, .F. ) ;
#730 = CARTESIAN_POINT ( 'NONE',  ( 12.69999999999999929, 0.000000000000000000, -3.049999999999999822 ) ) ;
#731 = EDGE_LOOP ( 'NONE', ( #1935, #1370, #946, #291 ) ) ;
#732 = LINE ( 'NONE', #784, #2373 ) ;
#733 = ORIENTED_EDGE ( 'NONE', *, *, #1333, .T. ) ;
#734 = EDGE_CURVE ( 'NONE', #938, #2268, #4778, .T. ) ;
#735 = EDGE_LOOP ( 'NONE', ( #3443, #4417, #1826, #4329 ) ) ;
#736 = DIRECTION ( 'NONE',  ( 0.000000000000000000, 0.000000000000000000, -1.000000000000000000 ) ) ;
#737 = DIRECTION ( 'NONE',  ( -1.000000000000000000, -6.829619984160659279E-17, 0.000000000000000000 ) ) ;
#738 = VERTEX_POINT ( 'NONE', #2824 ) ;
#739 = CARTESIAN_POINT ( 'NONE',  ( -4.804415587728450454, 5.199999999999998401, 3.049999999999999822 ) ) ;
#740 = VECTOR ( 'NONE', #3154, 1000.000000000000000 ) ;
#741 = VECTOR ( 'NONE', #3911, 1000.000000000000000 ) ;
#742 = EDGE_CURVE ( 'NONE', #1289, #4790, #1782, .T. ) ;
#743 = EDGE_CURVE ( 'NONE', #1087, #1878, #985, .T. ) ;
#744 = FACE_OUTER_BOUND ( 'NONE', #4347, .T. ) ;
#745 = VECTOR ( 'NONE', #380, 1000.000000000000000 ) ;
#746 = AXIS2_PLACEMENT_3D ( 'NONE', #234, #4265, #4309 ) ;
#747 = EDGE_LOOP ( 'NONE', ( #4302, #1861, #4688, #3677, #417, #2834, #20 ) ) ;
#748 = LINE ( 'NONE', #4748, #973 ) ;
#749 = LOCAL_TIME ( 13, 31, 41.00000000000000000, #1657 ) ;
#750 = AXIS2_PLACEMENT_3D ( 'NONE', #1074, #2184, #4030 ) ;
#751 = ADVANCED_FACE ( 'NONE', ( #3963 ), #3209, .F. ) ;
#752 = DIRECTION ( 'NONE',  ( -0.000000000000000000, -0.000000000000000000, -1.000000000000000000 ) ) ;
#753 = CARTESIAN_POINT ( 'NONE',  ( -9.564617248245440351, 0.5000000000000001110, 1.000000000000000000 ) ) ;
#754 = VECTOR ( 'NONE', #181, 1000.000000000000000 ) ;
#755 = CARTESIAN_POINT ( 'NONE',  ( -12.34644660940672800, 0.3535533905932706222, 1.000000000000000000 ) ) ;
#756 = ORIENTED_EDGE ( 'NONE', *, *, #2787, .T. ) ;
#757 = CARTESIAN_POINT ( 'NONE',  ( -12.69999999999999929, 0.000000000000000000, 2.286000000000000032 ) ) ;
#758 = ORIENTED_EDGE ( 'NONE', *, *, #1005, .F. ) ;
#759 = CARTESIAN_POINT ( 'NONE',  ( 5.355761184457477952, -4.648654403270934488, 3.049999999999999822 ) ) ;
#760 = EDGE_LOOP ( 'NONE', ( #3210, #3356 ) ) ;
#761 = CARTESIAN_POINT ( 'NONE',  ( -12.69999999999999929, 0.000000000000000000, 1.000000000000000000 ) ) ;
#762 = ORIENTED_EDGE ( 'NONE', *, *, #2261, .T. ) ;
#763 = VERTEX_POINT ( 'NONE', #639 ) ;
#764 = DIRECTION ( 'NONE',  ( -6.829619984160659279E-17, 1.000000000000000000, 0.000000000000000000 ) ) ;
#765 = CARTESIAN_POINT ( 'NONE',  ( 10.83650298521228983, 2.570603795974260919, -1.000000000000000000 ) ) ;
#766 = VERTEX_POINT ( 'NONE', #250 ) ;
#767 = EDGE_LOOP ( 'NONE', ( #383, #2462, #4524, #397 ) ) ;
#768 = LINE ( 'NONE', #4405, #2216 ) ;
#769 = FACE_OUTER_BOUND ( 'NONE', #3866, .T. ) ;
#770 = ORIENTED_EDGE ( 'NONE', *, *, #2195, .T. ) ;
#771 = CYLINDRICAL_SURFACE ( 'NONE', #4611, 3.174999999999997602 ) ;
#772 = EDGE_CURVE ( 'NONE', #403, #959, #4001, .T. ) ;
#773 = VECTOR ( 'NONE', #490, 1000.000000000000000 ) ;
#774 = ADVANCED_FACE ( 'NONE', ( #690 ), #1805, .T. ) ;
#775 = LINE ( 'NONE', #1496, #3847 ) ;
#776 = VECTOR ( 'NONE', #4546, 1000.000000000000000 ) ;
#777 = DIRECTION ( 'NONE',  ( -0.000000000000000000, -0.000000000000000000, -1.000000000000000000 ) ) ;
#778 = EDGE_CURVE ( 'NONE', #786, #108, #4015, .T. ) ;
#779 = CARTESIAN_POINT ( 'NONE',  ( -8.895584412271597685, 6.199999999999999289, -3.049999999999999822 ) ) ;
#780 = ORIENTED_EDGE ( 'NONE', *, *, #4172, .T. ) ;
#781 = EDGE_LOOP ( 'NONE', ( #2914, #2043, #1202, #3724 ) ) ;
#782 = CARTESIAN_POINT ( 'NONE',  ( -5.218629150101525838, -6.200000000000001954, -3.049999999999999822 ) ) ;
#783 = ORIENTED_EDGE ( 'NONE', *, *, #4358, .F. ) ;
#784 = CARTESIAN_POINT ( 'NONE',  ( 10.83650298521228983, -2.570603795974260919, 2.286000000000000032 ) ) ;
#785 = ORIENTED_EDGE ( 'NONE', *, *, #176, .T. ) ;
#786 = VERTEX_POINT ( 'NONE', #3652 ) ;
#787 = CARTESIAN_POINT ( 'NONE',  ( -12.69999999999999929, -5.200000000000001066, 2.286000000000000032 ) ) ;
#788 = AXIS2_PLACEMENT_3D ( 'NONE', #1049, #2502, #293 ) ;
#789 = PLANE ( 'NONE',  #303 ) ;
#790 = FACE_OUTER_BOUND ( 'NONE', #462, .T. ) ;
#791 = EDGE_LOOP ( 'NONE', ( #4219, #2865, #3017, #1409, #130, #3600 ) ) ;
#792 = CARTESIAN_POINT ( 'NONE',  ( -1.863497014787709238, 2.570603795974260919, 2.286000000000000032 ) ) ;
#793 = DIRECTION ( 'NONE',  ( 0.000000000000000000, 0.000000000000000000, -1.000000000000000000 ) ) ;
#794 = EDGE_LOOP ( 'NONE', ( #3527, #1023 ) ) ;
#795 = DIRECTION ( 'NONE',  ( 0.000000000000000000, 0.000000000000000000, 1.000000000000000000 ) ) ;
#796 = CIRCLE ( 'NONE', #4746, 6.200000000000001066 ) ;
#797 = DIRECTION ( 'NONE',  ( 0.7071067811865481278, 0.7071067811865469066, 0.000000000000000000 ) ) ;
#798 = EDGE_CURVE ( 'NONE', #4736, #683, #1009, .T. ) ;
#799 = FACE_OUTER_BOUND ( 'NONE', #2692, .T. ) ;
#800 = DIRECTION ( 'NONE',  ( 1.000000000000000000, 1.365923996832131116E-16, 0.000000000000000000 ) ) ;
#801 = EDGE_CURVE ( 'NONE', #514, #3099, #670, .T. ) ;
#802 = ORIENTED_EDGE ( 'NONE', *, *, #4273, .F. ) ;
#803 = EDGE_CURVE ( 'NONE', #453, #2037, #323, .T. ) ;
#804 = ORIENTED_EDGE ( 'NONE', *, *, #707, .T. ) ;
#805 = CARTESIAN_POINT ( 'NONE',  ( -12.69999999999999929, -5.200000000000001066, 1.000000000000000000 ) ) ;
#806 = ORIENTED_EDGE ( 'NONE', *, *, #3496, .F. ) ;
#807 = CARTESIAN_POINT ( 'NONE',  ( -12.69999999999999929, 0.000000000000000000, -3.049999999999999822 ) ) ;
#808 = VERTEX_POINT ( 'NONE', #4402 ) ;
#809 = VERTEX_POINT ( 'NONE', #1758 ) ;
#810 = CARTESIAN_POINT ( 'NONE',  ( 5.218629150101521397, -6.200000000000001954, -3.049999999999999822 ) ) ;
#811 = CARTESIAN_POINT ( 'NONE',  ( -10.43431429180943404, 1.558578927004023118, -2.286000000000000032 ) ) ;
#812 = LINE ( 'NONE', #1634, #1317 ) ;
#813 = ORIENTED_EDGE ( 'NONE', *, *, #4388, .F. ) ;
#814 = DIRECTION ( 'NONE',  ( 0.000000000000000000, 0.000000000000000000, 1.000000000000000000 ) ) ;
#815 = LINE ( 'NONE', #3003, #354 ) ;
#816 = ORIENTED_EDGE ( 'NONE', *, *, #500, .T. ) ;
#817 = CARTESIAN_POINT ( 'NONE',  ( 5.355761184457477952, -4.648654403270934488, -2.286000000000000032 ) ) ;
#818 = VECTOR ( 'NONE', #3950, 1000.000000000000114 ) ;
#819 = DIRECTION ( 'NONE',  ( -1.000000000000000000, 0.000000000000000000, 0.000000000000000000 ) ) ;
#820 = AXIS2_PLACEMENT_3D ( 'NONE', #693, #1060, #4065 ) ;
#821 = CIRCLE ( 'NONE', #3450, 3.174999999999997158 ) ;
#822 = CARTESIAN_POINT ( 'NONE',  ( 0.000000000000000000, 0.000000000000000000, -2.286000000000000032 ) ) ;
#823 = FACE_OUTER_BOUND ( 'NONE', #2386, .T. ) ;
#824 = EDGE_CURVE ( 'NONE', #2089, #721, #1061, .T. ) ;
#825 = VECTOR ( 'NONE', #472, 1000.000000000000000 ) ;
#826 = VECTOR ( 'NONE', #1641, 1000.000000000000000 ) ;
#827 = ORIENTED_EDGE ( 'NONE', *, *, #1773, .F. ) ;
#828 = CARTESIAN_POINT ( 'NONE',  ( -12.34644660940672800, 0.3535533905932706222, -1.000000000000000000 ) ) ;
#829 = EDGE_CURVE ( 'NONE', #2504, #4638, #4547, .T. ) ;
#830 = EDGE_CURVE ( 'NONE', #4422, #2015, #2892, .T. ) ;
#831 = CARTESIAN_POINT ( 'NONE',  ( -1.863497014787709682, 2.570603795974261363, -1.000000000000000000 ) ) ;
#832 = EDGE_LOOP ( 'NONE', ( #1722, #2359, #3066, #4464, #4059, #2156 ) ) ;
#833 = VERTEX_POINT ( 'NONE', #2968 ) ;
#834 = LINE ( 'NONE', #3018, #3306 ) ;
#835 = CARTESIAN_POINT ( 'NONE',  ( -12.69999999999999929, 0.000000000000000000, 1.000000000000000000 ) ) ;
#836 = DIRECTION ( 'NONE',  ( -0.000000000000000000, -0.000000000000000000, -1.000000000000000000 ) ) ;
#837 = EDGE_LOOP ( 'NONE', ( #2035, #212 ) ) ;
#838 = LINE ( 'NONE', #4184, #1912 ) ;
#839 = EDGE_CURVE ( 'NONE', #2552, #1047, #2945, .T. ) ;
#840 = CARTESIAN_POINT ( 'NONE',  ( 7.481370849898473452, -6.200000000000001954, -3.049999999999999822 ) ) ;
#841 = DIRECTION ( 'NONE',  ( 1.000000000000000000, 0.000000000000000000, -0.000000000000000000 ) ) ;
#842 = ORIENTED_EDGE ( 'NONE', *, *, #1135, .F. ) ;
#843 = DIRECTION ( 'NONE',  ( 1.000000000000000000, 0.000000000000000000, 0.000000000000000000 ) ) ;
#844 = DIRECTION ( 'NONE',  ( 0.7071067811865481278, -0.7071067811865470176, 0.000000000000000000 ) ) ;
#845 = CARTESIAN_POINT ( 'NONE',  ( 7.895584412271564823, -5.200000000000000178, 3.049999999999999822 ) ) ;
#846 = DIRECTION ( 'NONE',  ( 1.000000000000000000, 8.881784197001252323E-16, 0.000000000000000000 ) ) ;
#847 = AXIS2_PLACEMENT_3D ( 'NONE', #3156, #4634, #1669 ) ;
#848 = ORIENTED_EDGE ( 'NONE', *, *, #2644, .F. ) ;
#849 = LINE ( 'NONE', #2016, #3034 ) ;
#850 = AXIS2_PLACEMENT_3D ( 'NONE', #858, #4204, #4136 ) ;
#851 = CARTESIAN_POINT ( 'NONE',  ( 11.14142107299598194, -2.265685708190569692, 2.286000000000000032 ) ) ;
#852 = VERTEX_POINT ( 'NONE', #377 ) ;
#853 = VERTEX_POINT ( 'NONE', #810 ) ;
#854 = DIRECTION ( 'NONE',  ( 1.000000000000000000, 0.000000000000000000, 0.000000000000000000 ) ) ;
#855 = ADVANCED_FACE ( 'NONE', ( #4424 ), #1829, .F. ) ;
#856 = EDGE_CURVE ( 'NONE', #2135, #3964, #1175, .T. ) ;
#857 = DIRECTION ( 'NONE',  ( 0.000000000000000000, 0.000000000000000000, -1.000000000000000000 ) ) ;
#858 = CARTESIAN_POINT ( 'NONE',  ( 0.000000000000000000, 0.000000000000000000, 2.286000000000000032 ) ) ;
#859 = ORIENTED_EDGE ( 'NONE', *, *, #4635, .T. ) ;
#860 = LINE ( 'NONE', #792, #2912 ) ;
#861 = CARTESIAN_POINT ( 'NONE',  ( -6.350000000000000533, -5.068629150101524594, 3.049999999999999822 ) ) ;
#862 = DIRECTION ( 'NONE',  ( 0.000000000000000000, 0.000000000000000000, 1.000000000000000000 ) ) ;
#863 = ORIENTED_EDGE ( 'NONE', *, *, #3052, .F. ) ;
#864 = DIRECTION ( 'NONE',  ( 0.7071067811865469066, 0.7071067811865481278, -0.000000000000000000 ) ) ;
#865 = EDGE_CURVE ( 'NONE', #1556, #1540, #4060, .T. ) ;
#866 = EDGE_CURVE ( 'NONE', #3257, #2638, #4088, .T. ) ;
#867 = VERTEX_POINT ( 'NONE', #1104 ) ;
#868 = CARTESIAN_POINT ( 'NONE',  ( -6.350000000000003197, -3.654415587728423898, 3.049999999999999822 ) ) ;
#869 = VECTOR ( 'NONE', #650, 1000.000000000000000 ) ;
#870 = EDGE_CURVE ( 'NONE', #3330, #1502, #1557, .T. ) ;
#871 = PLANE ( 'NONE',  #4303 ) ;
#872 = DIRECTION ( 'NONE',  ( -0.7071067811865481278, -0.7071067811865470176, -0.000000000000000000 ) ) ;
#873 = CARTESIAN_POINT ( 'NONE',  ( 2.570603795974257366, -1.863497014787715012, 2.286000000000000032 ) ) ;
#874 = VERTEX_POINT ( 'NONE', #3772 ) ;
#875 = CARTESIAN_POINT ( 'NONE',  ( 8.207106781186547906, 5.200000000000000178, 2.286000000000000032 ) ) ;
#876 = DIRECTION ( 'NONE',  ( -1.000000000000000000, -6.829619984160659279E-17, 0.000000000000000000 ) ) ;
#877 = EDGE_LOOP ( 'NONE', ( #2368, #2715, #667, #1555 ) ) ;
#878 = VERTEX_POINT ( 'NONE', #448 ) ;
#879 = DIRECTION ( 'NONE',  ( -0.000000000000000000, -0.000000000000000000, -1.000000000000000000 ) ) ;
#880 = CARTESIAN_POINT ( 'NONE',  ( 4.492893218813453160, 5.200000000000000178, -2.286000000000000032 ) ) ;
#881 = VECTOR ( 'NONE', #3591, 1000.000000000000000 ) ;
#882 = DIRECTION ( 'NONE',  ( 1.000000000000000000, 0.000000000000000000, 0.000000000000000000 ) ) ;
#883 = ORIENTED_EDGE ( 'NONE', *, *, #1627, .T. ) ;
#884 = CARTESIAN_POINT ( 'NONE',  ( 12.70000000000000107, 5.200000000000001066, -2.286000000000000032 ) ) ;
#885 = DIRECTION ( 'NONE',  ( 0.000000000000000000, 0.000000000000000000, 1.000000000000000000 ) ) ;
#886 = APPROVAL ( #3570, 'UNSPECIFIED' ) ;
#887 = FACE_OUTER_BOUND ( 'NONE', #954, .T. ) ;
#888 = ORIENTED_EDGE ( 'NONE', *, *, #2194, .T. ) ;
#889 = LINE ( 'NONE', #1279, #4463 ) ;
#890 = ORIENTED_EDGE ( 'NONE', *, *, #2166, .F. ) ;
#891 = DIRECTION ( 'NONE',  ( 1.000000000000000000, 0.000000000000000000, -0.000000000000000000 ) ) ;
#892 = EDGE_CURVE ( 'NONE', #1969, #4555, #424, .T. ) ;
#893 = EDGE_CURVE ( 'NONE', #2483, #1625, #4497, .T. ) ;
#894 = LINE ( 'NONE', #1645, #2763 ) ;
#895 = VECTOR ( 'NONE', #1622, 1000.000000000000000 ) ;
#896 = LINE ( 'NONE', #1668, #4072 ) ;
#897 = CARTESIAN_POINT ( 'NONE',  ( 7.344238815542505350, 4.648654403270954028, -1.000000000000000000 ) ) ;
#898 = EDGE_CURVE ( 'NONE', #2790, #2718, #3301, .T. ) ;
#899 = VECTOR ( 'NONE', #4605, 1000.000000000000000 ) ;
#900 = AXIS2_PLACEMENT_3D ( 'NONE', #1851, #1898, #2266 ) ;
#901 = ORIENTED_EDGE ( 'NONE', *, *, #4379, .T. ) ;
#902 = AXIS2_PLACEMENT_3D ( 'NONE', #1613, #520, #4522 ) ;
#903 = VECTOR ( 'NONE', #3756, 1000.000000000000000 ) ;
#904 = CARTESIAN_POINT ( 'NONE',  ( -12.69999999999999929, -5.200000000000001066, -3.049999999999999822 ) ) ;
#905 = VECTOR ( 'NONE', #2218, 1000.000000000000000 ) ;
#906 = ORIENTED_EDGE ( 'NONE', *, *, #2581, .T. ) ;
#907 = EDGE_LOOP ( 'NONE', ( #3310, #419, #4396, #4548, #2355, #4516 ) ) ;
#908 = AXIS2_PLACEMENT_3D ( 'NONE', #3454, #1583, #4206 ) ;
#909 = FACE_OUTER_BOUND ( 'NONE', #3299, .T. ) ;
#910 = DIRECTION ( 'NONE',  ( -0.7071067811865477948, -0.7071067811865473507, -0.000000000000000000 ) ) ;
#911 = DIRECTION ( 'NONE',  ( 1.000000000000000000, -1.024442997624098707E-16, 0.000000000000000000 ) ) ;
#912 = ORIENTED_EDGE ( 'NONE', *, *, #3971, .F. ) ;
#913 = CARTESIAN_POINT ( 'NONE',  ( -4.492893218813449607, 5.199999999999998401, 1.000000000000000444 ) ) ;
#914 = VECTOR ( 'NONE', #3868, 1000.000000000000114 ) ;
#915 = DIRECTION ( 'NONE',  ( 1.000000000000000000, 0.000000000000000000, 0.000000000000000000 ) ) ;
#916 = EDGE_LOOP ( 'NONE', ( #4710, #1110, #399, #692 ) ) ;
#917 = DIRECTION ( 'NONE',  ( 1.000000000000000000, 0.000000000000000000, 0.000000000000000000 ) ) ;
#918 = ORIENTED_EDGE ( 'NONE', *, *, #717, .F. ) ;
#919 = DIRECTION ( 'NONE',  ( 0.000000000000000000, 0.000000000000000000, 1.000000000000000000 ) ) ;
#920 = DIRECTION ( 'NONE',  ( -0.7071067811865479058, 0.7071067811865472397, 0.000000000000000000 ) ) ;
#921 = EDGE_CURVE ( 'NONE', #867, #1423, #3703, .T. ) ;
#922 = ADVANCED_FACE ( 'NONE', ( #3748 ), #2291, .T. ) ;
#923 = CARTESIAN_POINT ( 'NONE',  ( 12.69999999999999929, 6.200000000000001954, -3.049999999999999822 ) ) ;
#924 = PLANE ( 'NONE',  #928 ) ;
#925 = ORIENTED_EDGE ( 'NONE', *, *, #3582, .F. ) ;
#926 = EDGE_CURVE ( 'NONE', #2260, #1250, #1901, .T. ) ;
#927 = DIRECTION ( 'NONE',  ( -1.000000000000000000, 0.000000000000000000, 0.000000000000000000 ) ) ;
#928 = AXIS2_PLACEMENT_3D ( 'NONE', #4170, #530, #2766 ) ;
#929 = ORIENTED_EDGE ( 'NONE', *, *, #1477, .F. ) ;
#930 = LINE ( 'NONE', #1224, #4164 ) ;
#931 = VECTOR ( 'NONE', #1550, 1000.000000000000114 ) ;
#932 = DIRECTION ( 'NONE',  ( 0.7071067811865481278, 0.7071067811865469066, -0.000000000000000000 ) ) ;
#933 = DIRECTION ( 'NONE',  ( 0.000000000000000000, 0.000000000000000000, 1.000000000000000000 ) ) ;
#934 = ORIENTED_EDGE ( 'NONE', *, *, #772, .T. ) ;
#935 = PERSON_AND_ORGANIZATION_ROLE ( 'design_owner' ) ;
#936 = LINE ( 'NONE', #2391, #3560 ) ;
#937 = CARTESIAN_POINT ( 'NONE',  ( 12.69999999999999929, 6.200000000000001954, 3.049999999999999822 ) ) ;
#938 = VERTEX_POINT ( 'NONE', #3675 ) ;
#939 = CARTESIAN_POINT ( 'NONE',  ( -5.996446609406728356, 6.703553390593275374, 1.000000000000000000 ) ) ;
#940 = ORIENTED_EDGE ( 'NONE', *, *, #4593, .F. ) ;
#941 = DIRECTION ( 'NONE',  ( 0.7071067811865414665, 0.7071067811865536790, -0.000000000000000000 ) ) ;
#942 = CARTESIAN_POINT ( 'NONE',  ( -5.002207793864156926, 7.697792206135797066, -1.000000000000000000 ) ) ;
#943 = VECTOR ( 'NONE', #2424, 1000.000000000000114 ) ;
#944 = LINE ( 'NONE', #3634, #3990 ) ;
#945 = EDGE_CURVE ( 'NONE', #683, #3413, #2243, .T. ) ;
#946 = ORIENTED_EDGE ( 'NONE', *, *, #2705, .T. ) ;
#947 = DIRECTION ( 'NONE',  ( -0.000000000000000000, -0.000000000000000000, -1.000000000000000000 ) ) ;
#948 = EDGE_CURVE ( 'NONE', #3359, #4555, #80, .T. ) ;
#949 = EDGE_CURVE ( 'NONE', #3859, #4646, #1598, .T. ) ;
#950 = VECTOR ( 'NONE', #2406, 1000.000000000000000 ) ;
#951 = ORIENTED_EDGE ( 'NONE', *, *, #678, .T. ) ;
#952 = FACE_OUTER_BOUND ( 'NONE', #2147, .T. ) ;
#953 = DIRECTION ( 'NONE',  ( 0.000000000000000000, 0.000000000000000000, 1.000000000000000000 ) ) ;
#954 = EDGE_LOOP ( 'NONE', ( #598, #2452, #3355, #423, #2756, #3892, #4125, #1792 ) ) ;
#955 = SECURITY_CLASSIFICATION_LEVEL ( 'unclassified' ) ;
#956 = LINE ( 'NONE', #4277, #4178 ) ;
#957 = LINE ( 'NONE', #1778, #2227 ) ;
#958 = ORIENTED_EDGE ( 'NONE', *, *, #3642, .F. ) ;
#959 = VERTEX_POINT ( 'NONE', #4518 ) ;
#960 = CARTESIAN_POINT ( 'NONE',  ( -12.69999999999999929, -6.199999999999997513, 3.049999999999999822 ) ) ;
#961 = ORIENTED_EDGE ( 'NONE', *, *, #772, .F. ) ;
#962 = FACE_BOUND ( 'NONE', #369, .T. ) ;
#963 = CARTESIAN_POINT ( 'NONE',  ( -3.135382751754558051, 0.5000000000000016653, 2.286000000000000032 ) ) ;
#964 = CARTESIAN_POINT ( 'NONE',  ( -12.69999999999999929, 0.4999999999999992784, -1.000000000000000000 ) ) ;
#965 = FACE_OUTER_BOUND ( 'NONE', #1249, .T. ) ;
#966 = VERTEX_POINT ( 'NONE', #4158 ) ;
#967 = FACE_OUTER_BOUND ( 'NONE', #239, .T. ) ;
#968 = VECTOR ( 'NONE', #4509, 1000.000000000000000 ) ;
#969 = AXIS2_PLACEMENT_3D ( 'NONE', #687, #4759, #2145 ) ;
#970 = VECTOR ( 'NONE', #911, 1000.000000000000000 ) ;
#971 = ORIENTED_EDGE ( 'NONE', *, *, #2517, .T. ) ;
#972 = CYLINDRICAL_SURFACE ( 'NONE', #1990, 6.200000000000001066 ) ;
#973 = VECTOR ( 'NONE', #1111, 1000.000000000000000 ) ;
#974 = AXIS2_PLACEMENT_3D ( 'NONE', #4193, #434, #1141 ) ;
#975 = EDGE_CURVE ( 'NONE', #3373, #2228, #597, .T. ) ;
#976 = EDGE_CURVE ( 'NONE', #4407, #1820, #834, .T. ) ;
#977 = CARTESIAN_POINT ( 'NONE',  ( -18.89999999999999858, 0.000000000000000000, 3.049999999999999822 ) ) ;
#978 = ORIENTED_EDGE ( 'NONE', *, *, #2143, .T. ) ;
#979 = CARTESIAN_POINT ( 'NONE',  ( 1.558578927004018455, 2.265685708190569692, 2.286000000000000032 ) ) ;
#980 = CC_DESIGN_APPROVAL ( #886, ( #3222 ) ) ;
#981 = VECTOR ( 'NONE', #4474, 1000.000000000000114 ) ;
#982 = DIRECTION ( 'NONE',  ( -0.000000000000000000, -0.000000000000000000, -1.000000000000000000 ) ) ;
#983 = ORIENTED_EDGE ( 'NONE', *, *, #3266, .T. ) ;
#984 = ORIENTED_EDGE ( 'NONE', *, *, #4389, .T. ) ;
#985 = LINE ( 'NONE', #2506, #3078 ) ;
#986 = VECTOR ( 'NONE', #3311, 1000.000000000000000 ) ;
#987 = VECTOR ( 'NONE', #2045, 1000.000000000000000 ) ;
#988 = EDGE_CURVE ( 'NONE', #683, #1540, #441, .T. ) ;
#989 = VERTEX_POINT ( 'NONE', #1579 ) ;
#990 = LINE ( 'NONE', #617, #4770 ) ;
#991 = DIRECTION ( 'NONE',  ( 0.7071067811865454633, -0.7071067811865496822, 0.000000000000000000 ) ) ;
#992 = FACE_OUTER_BOUND ( 'NONE', #1530, .T. ) ;
#993 = PLANE ( 'NONE',  #2753 ) ;
#994 = DIRECTION ( 'NONE',  ( 0.7071067811865501263, 0.7071067811865450192, -0.000000000000000000 ) ) ;
#995 = ORIENTED_EDGE ( 'NONE', *, *, #1485, .F. ) ;
#996 = DIRECTION ( 'NONE',  ( -0.000000000000000000, -0.000000000000000000, -1.000000000000000000 ) ) ;
#997 = DIRECTION ( 'NONE',  ( -1.000000000000000000, 0.000000000000000000, 0.000000000000000000 ) ) ;
#998 = VECTOR ( 'NONE', #2778, 1000.000000000000000 ) ;
#999 = CARTESIAN_POINT ( 'NONE',  ( -15.87499999999999645, 0.000000000000000000, 1.000000000000000000 ) ) ;
#1000 = ORIENTED_EDGE ( 'NONE', *, *, #2644, .T. ) ;
#1001 = CARTESIAN_POINT ( 'NONE',  ( 7.895584412271564823, -5.200000000000000178, -2.286000000000000032 ) ) ;
#1002 = ORIENTED_EDGE ( 'NONE', *, *, #118, .F. ) ;
#1003 = DIRECTION ( 'NONE',  ( -0.000000000000000000, -0.000000000000000000, -1.000000000000000000 ) ) ;
#1004 = EDGE_LOOP ( 'NONE', ( #3220, #1100, #1931, #4009 ) ) ;
#1005 = EDGE_CURVE ( 'NONE', #4619, #1924, #362, .T. ) ;
#1006 = VERTEX_POINT ( 'NONE', #1316 ) ;
#1007 = VECTOR ( 'NONE', #4519, 1000.000000000000000 ) ;
#1008 = ADVANCED_FACE ( 'NONE', ( #909 ), #3425, .F. ) ;
#1009 = LINE ( 'NONE', #2119, #4238 ) ;
#1010 = VERTEX_POINT ( 'NONE', #2794 ) ;
#1011 = DIRECTION ( 'NONE',  ( -1.000000000000000000, -1.365923996832131116E-16, 0.000000000000000000 ) ) ;
#1012 = ADVANCED_FACE ( 'NONE', ( #100 ), #4202, .F. ) ;
#1013 = EDGE_CURVE ( 'NONE', #2701, #1047, #1632, .T. ) ;
#1014 = LINE ( 'NONE', #4019, #4627 ) ;
#1015 = DIRECTION ( 'NONE',  ( 0.7071067811865477948, -0.7071067811865473507, 0.000000000000000000 ) ) ;
#1016 = FACE_OUTER_BOUND ( 'NONE', #4667, .T. ) ;
#1017 = VERTEX_POINT ( 'NONE', #538 ) ;
#1018 = DIRECTION ( 'NONE',  ( -0.000000000000000000, -0.000000000000000000, -1.000000000000000000 ) ) ;
#1019 = VECTOR ( 'NONE', #627, 1000.000000000000000 ) ;
#1020 = CARTESIAN_POINT ( 'NONE',  ( 4.804415587728419368, 5.200000000000000178, -2.286000000000000032 ) ) ;
#1021 = CARTESIAN_POINT ( 'NONE',  ( 1.863497014787710127, 2.570603795974261807, 2.286000000000000032 ) ) ;
#1022 = DIRECTION ( 'NONE',  ( 0.000000000000000000, 0.000000000000000000, 1.000000000000000000 ) ) ;
#1023 = ORIENTED_EDGE ( 'NONE', *, *, #4717, .F. ) ;
#1024 = CARTESIAN_POINT ( 'NONE',  ( -12.69999999999999929, 0.000000000000000000, 2.286000000000000032 ) ) ;
#1025 = VECTOR ( 'NONE', #2649, 1000.000000000000000 ) ;
#1026 = VERTEX_POINT ( 'NONE', #3448 ) ;
#1027 = DIRECTION ( 'NONE',  ( 0.7071067811865501263, 0.7071067811865450192, -0.000000000000000000 ) ) ;
#1028 = VERTEX_POINT ( 'NONE', #126 ) ;
#1029 = ORIENTED_EDGE ( 'NONE', *, *, #2705, .F. ) ;
#1030 = CARTESIAN_POINT ( 'NONE',  ( 7.344238815542504462, 4.648654403270949587, -2.286000000000000032 ) ) ;
#1031 = DIRECTION ( 'NONE',  ( -0.000000000000000000, -0.000000000000000000, -1.000000000000000000 ) ) ;
#1032 = EDGE_LOOP ( 'NONE', ( #2653, #2383, #3746, #2115 ) ) ;
#1033 = DIRECTION ( 'NONE',  ( -0.7071067811865483499, -0.7071067811865465735, 0.000000000000000000 ) ) ;
#1034 = CYLINDRICAL_SURFACE ( 'NONE', #1295, 3.174999999999997158 ) ;
#1035 = PLANE ( 'NONE',  #1667 ) ;
#1036 = EDGE_CURVE ( 'NONE', #3751, #1977, #3499, .T. ) ;
#1037 = EDGE_CURVE ( 'NONE', #3458, #2466, #3135, .T. ) ;
#1038 = DIRECTION ( 'NONE',  ( -0.7071067811865496822, -0.7071067811865454633, 0.000000000000000000 ) ) ;
#1039 = ORIENTED_EDGE ( 'NONE', *, *, #324, .T. ) ;
#1040 = LINE ( 'NONE', #3886, #2014 ) ;
#1041 = EDGE_CURVE ( 'NONE', #3637, #4591, #1366, .T. ) ;
#1042 = DIRECTION ( 'NONE',  ( 0.000000000000000000, 0.000000000000000000, 1.000000000000000000 ) ) ;
#1043 = VERTEX_POINT ( 'NONE', #4274 ) ;
#1044 = DIRECTION ( 'NONE',  ( -1.000000000000000000, 0.000000000000000000, 0.000000000000000000 ) ) ;
#1045 = AXIS2_PLACEMENT_3D ( 'NONE', #3662, #2978, #1843 ) ;
#1046 = DIRECTION ( 'NONE',  ( -0.000000000000000000, -0.000000000000000000, 1.000000000000000000 ) ) ;
#1047 = VERTEX_POINT ( 'NONE', #2313 ) ;
#1048 = SHAPE_DEFINITION_REPRESENTATION ( #3587, #308 ) ;
#1049 = CARTESIAN_POINT ( 'NONE',  ( -12.69999999999999929, 0.000000000000000000, -2.286000000000000032 ) ) ;
#1050 = CIRCLE ( 'NONE', #40, 3.174999999999997158 ) ;
#1051 = ORIENTED_EDGE ( 'NONE', *, *, #3084, .F. ) ;
#1052 = LINE ( 'NONE', #3649, #1528 ) ;
#1053 = VERTEX_POINT ( 'NONE', #3885 ) ;
#1054 = ORIENTED_EDGE ( 'NONE', *, *, #2761, .T. ) ;
#1055 = VECTOR ( 'NONE', #572, 1000.000000000000114 ) ;
#1056 = VECTOR ( 'NONE', #3671, 1000.000000000000000 ) ;
#1057 = DIRECTION ( 'NONE',  ( 0.7071067811865472397, -0.7071067811865479058, 0.000000000000000000 ) ) ;
#1058 = DIRECTION ( 'NONE',  ( -0.7071067811865477948, -0.7071067811865473507, 0.000000000000000000 ) ) ;
#1059 = ORIENTED_EDGE ( 'NONE', *, *, #2098, .F. ) ;
#1060 = DIRECTION ( 'NONE',  ( -0.000000000000000000, -0.000000000000000000, -1.000000000000000000 ) ) ;
#1061 = CIRCLE ( 'NONE', #3774, 3.174999999999997158 ) ;
#1062 = CARTESIAN_POINT ( 'NONE',  ( -12.69999999999999929, 6.200000000000001954, 1.000000000000000000 ) ) ;
#1063 = AXIS2_PLACEMENT_3D ( 'NONE', #2630, #58, #1537 ) ;
#1064 = ORIENTED_EDGE ( 'NONE', *, *, #1566, .T. ) ;
#1065 = DIRECTION ( 'NONE',  ( 0.000000000000000000, 0.000000000000000000, -1.000000000000000000 ) ) ;
#1066 = FACE_OUTER_BOUND ( 'NONE', #2311, .T. ) ;
#1067 = EDGE_CURVE ( 'NONE', #1545, #1148, #1449, .T. ) ;
#1068 = VERTEX_POINT ( 'NONE', #560 ) ;
#1069 = EDGE_CURVE ( 'NONE', #4262, #395, #930, .T. ) ;
#1070 = DIRECTION ( 'NONE',  ( 0.7071067811865472397, 0.7071067811865479058, -0.000000000000000000 ) ) ;
#1071 = DIRECTION ( 'NONE',  ( -0.000000000000000000, -0.000000000000000000, 1.000000000000000000 ) ) ;
#1072 = ORIENTED_EDGE ( 'NONE', *, *, #2470, .F. ) ;
#1073 = EDGE_CURVE ( 'NONE', #1820, #1026, #3815, .T. ) ;
#1074 = CARTESIAN_POINT ( 'NONE',  ( -10.43431429180943404, 1.558578927004023118, 2.286000000000000032 ) ) ;
#1075 = DIRECTION ( 'NONE',  ( 0.7071067811865479058, 0.7071067811865472397, 0.000000000000000000 ) ) ;
#1076 = ORIENTED_EDGE ( 'NONE', *, *, #393, .T. ) ;
#1077 = DIRECTION ( 'NONE',  ( -0.000000000000000000, -0.000000000000000000, -1.000000000000000000 ) ) ;
#1078 = DIRECTION ( 'NONE',  ( 1.000000000000000000, 0.000000000000000000, 0.000000000000000000 ) ) ;
#1079 = VERTEX_POINT ( 'NONE', #516 ) ;
#1080 = ORIENTED_EDGE ( 'NONE', *, *, #4804, .F. ) ;
#1081 = DIRECTION ( 'NONE',  ( 1.000000000000000000, 0.000000000000000000, 0.000000000000000000 ) ) ;
#1082 = CARTESIAN_POINT ( 'NONE',  ( -2.265685708190566139, -1.558578927004023118, 2.286000000000000032 ) ) ;
#1083 = ORIENTED_EDGE ( 'NONE', *, *, #4528, .F. ) ;
#1084 = FACE_OUTER_BOUND ( 'NONE', #79, .T. ) ;
#1085 = VECTOR ( 'NONE', #1949, 1000.000000000000000 ) ;
#1086 = DIRECTION ( 'NONE',  ( -1.000000000000000000, -2.601884744300114343E-16, 0.000000000000000000 ) ) ;
#1087 = VERTEX_POINT ( 'NONE', #1970 ) ;
#1088 = DIRECTION ( 'NONE',  ( 0.000000000000000000, -0.000000000000000000, -1.000000000000000000 ) ) ;
#1089 = CARTESIAN_POINT ( 'NONE',  ( -2.265685708190566139, 1.558578927004023118, 2.286000000000000032 ) ) ;
#1090 = FACE_OUTER_BOUND ( 'NONE', #735, .T. ) ;
#1091 = LINE ( 'NONE', #779, #1480 ) ;
#1092 = ADVANCED_FACE ( 'NONE', ( #2038 ), #1609, .F. ) ;
#1093 = ORIENTED_EDGE ( 'NONE', *, *, #1773, .T. ) ;
#1094 = CIRCLE ( 'NONE', #241, 3.174999999999997602 ) ;
#1095 = LINE ( 'NONE', #4784, #4378 ) ;
#1096 = ORIENTED_EDGE ( 'NONE', *, *, #2078, .T. ) ;
#1097 = LINE ( 'NONE', #759, #3494 ) ;
#1098 = ADVANCED_FACE ( 'NONE', ( #1652 ), #3092, .F. ) ;
#1099 = EDGE_CURVE ( 'NONE', #1116, #4493, #3477, .T. ) ;
#1100 = ORIENTED_EDGE ( 'NONE', *, *, #125, .F. ) ;
#1101 = FACE_OUTER_BOUND ( 'NONE', #2393, .T. ) ;
#1102 = ORIENTED_EDGE ( 'NONE', *, *, #2868, .F. ) ;
#1103 = ORIENTED_EDGE ( 'NONE', *, *, #618, .T. ) ;
#1104 = CARTESIAN_POINT ( 'NONE',  ( 6.349999999999996092, -3.654415587728423898, -3.049999999999999822 ) ) ;
#1105 = FACE_OUTER_BOUND ( 'NONE', #747, .T. ) ;
#1106 = ORIENTED_EDGE ( 'NONE', *, *, #1067, .T. ) ;
#1107 = DIRECTION ( 'NONE',  ( -1.000000000000000000, 0.000000000000000000, 0.000000000000000000 ) ) ;
#1108 = EDGE_CURVE ( 'NONE', #3280, #1087, #1269, .T. ) ;
#1109 = FACE_OUTER_BOUND ( 'NONE', #2062, .T. ) ;
#1110 = ORIENTED_EDGE ( 'NONE', *, *, #1745, .T. ) ;
#1111 = DIRECTION ( 'NONE',  ( 0.7071067811865477948, 0.7071067811865473507, 0.000000000000000000 ) ) ;
#1112 = DIRECTION ( 'NONE',  ( -1.000000000000000000, 0.000000000000000000, 0.000000000000000000 ) ) ;
#1113 = VECTOR ( 'NONE', #2795, 1000.000000000000000 ) ;
#1114 = CARTESIAN_POINT ( 'NONE',  ( 6.349999999999997868, 3.654415587728447434, 3.049999999999999822 ) ) ;
#1115 = FACE_OUTER_BOUND ( 'NONE', #1706, .T. ) ;
#1116 = VERTEX_POINT ( 'NONE', #606 ) ;
#1117 = DIRECTION ( 'NONE',  ( -1.000000000000000000, 0.000000000000000000, 0.000000000000000000 ) ) ;
#1118 = ORIENTED_EDGE ( 'NONE', *, *, #3901, .F. ) ;
#1119 = APPROVAL_ROLE ( '' ) ;
#1120 = DIRECTION ( 'NONE',  ( -0.000000000000000000, -0.000000000000000000, 1.000000000000000000 ) ) ;
#1121 = VERTEX_POINT ( 'NONE', #2524 ) ;
#1122 = LINE ( 'NONE', #1172, #664 ) ;
#1123 = VERTEX_POINT ( 'NONE', #3641 ) ;
#1124 = ORIENTED_EDGE ( 'NONE', *, *, #3126, .T. ) ;
#1125 = CARTESIAN_POINT ( 'NONE',  ( 7.895584412271554164, 5.200000000000000178, 3.049999999999999822 ) ) ;
#1126 = ADVANCED_FACE ( 'NONE', ( #262 ), #2477, .T. ) ;
#1127 = EDGE_CURVE ( 'NONE', #200, #4533, #1381, .T. ) ;
#1128 = LINE ( 'NONE', #3261, #2399 ) ;
#1129 = VERTEX_POINT ( 'NONE', #220 ) ;
#1130 = CARTESIAN_POINT ( 'NONE',  ( 2.265685708190565251, -1.558578927004023118, 2.286000000000000032 ) ) ;
#1131 = VECTOR ( 'NONE', #2950, 1000.000000000000114 ) ;
#1132 = CIRCLE ( 'NONE', #2053, 3.174999999999997158 ) ;
#1133 = CIRCLE ( 'NONE', #969, 3.174999999999997602 ) ;
#1134 = DIRECTION ( 'NONE',  ( 0.000000000000000000, 0.000000000000000000, 1.000000000000000000 ) ) ;
#1135 = EDGE_CURVE ( 'NONE', #1660, #2246, #4364, .T. ) ;
#1136 = AXIS2_PLACEMENT_3D ( 'NONE', #528, #3875, #1328 ) ;
#1137 = ORIENTED_EDGE ( 'NONE', *, *, #4801, .F. ) ;
#1138 = DIRECTION ( 'NONE',  ( -0.7071067811865473507, 0.7071067811865477948, 0.000000000000000000 ) ) ;
#1139 = ADVANCED_FACE ( 'NONE', ( #952 ), #580, .T. ) ;
#1140 = VECTOR ( 'NONE', #3061, 1000.000000000000000 ) ;
#1141 = DIRECTION ( 'NONE',  ( 1.000000000000000000, 8.881784197001252323E-16, 0.000000000000000000 ) ) ;
#1142 = CARTESIAN_POINT ( 'NONE',  ( 10.43431429180943404, 1.558578927004023118, 2.286000000000000032 ) ) ;
#1143 = VECTOR ( 'NONE', #280, 1000.000000000000114 ) ;
#1144 = LINE ( 'NONE', #4487, #168 ) ;
#1145 = VERTEX_POINT ( 'NONE', #2064 ) ;
#1146 = VERTEX_POINT ( 'NONE', #2137 ) ;
#1147 = DIRECTION ( 'NONE',  ( 0.000000000000000000, 0.000000000000000000, 1.000000000000000000 ) ) ;
#1148 = VERTEX_POINT ( 'NONE', #3620 ) ;
#1149 = FACE_BOUND ( 'NONE', #760, .T. ) ;
#1150 = ORIENTED_EDGE ( 'NONE', *, *, #4180, .T. ) ;
#1151 = VERTEX_POINT ( 'NONE', #2814 ) ;
#1152 = CARTESIAN_POINT ( 'NONE',  ( 2.570603795974257366, 1.863497014787715012, 2.286000000000000032 ) ) ;
#1153 = CARTESIAN_POINT ( 'NONE',  ( -6.350000000000000533, -5.068629150101524594, -3.049999999999999822 ) ) ;
#1154 = DIRECTION ( 'NONE',  ( -1.000000000000000000, -1.365923996832131116E-16, 0.000000000000000000 ) ) ;
#1155 = ORIENTED_EDGE ( 'NONE', *, *, #643, .F. ) ;
#1156 = LINE ( 'NONE', #3819, #2683 ) ;
#1157 = EDGE_CURVE ( 'NONE', #4489, #809, #3075, .T. ) ;
#1158 = CARTESIAN_POINT ( 'NONE',  ( 8.207106781186547906, 5.200000000000000178, 3.049999999999999822 ) ) ;
#1159 = ORIENTED_EDGE ( 'NONE', *, *, #2669, .F. ) ;
#1160 = LINE ( 'NONE', #1495, #2980 ) ;
#1161 = VECTOR ( 'NONE', #3820, 1000.000000000000000 ) ;
#1162 = ADVANCED_FACE ( 'NONE', ( #3545 ), #1698, .F. ) ;
#1163 = ADVANCED_FACE ( 'NONE', ( #4007 ), #3567, .T. ) ;
#1164 = DIRECTION ( 'NONE',  ( 0.7071067811865481278, -0.7071067811865470176, 0.000000000000000000 ) ) ;
#1165 = VECTOR ( 'NONE', #3736, 1000.000000000000000 ) ;
#1166 = DIRECTION ( 'NONE',  ( 0.000000000000000000, 0.000000000000000000, 1.000000000000000000 ) ) ;
#1167 = CARTESIAN_POINT ( 'NONE',  ( 12.70000000000000107, 5.200000000000001066, 3.049999999999999822 ) ) ;
#1168 = ORIENTED_EDGE ( 'NONE', *, *, #2811, .T. ) ;
#1169 = ORIENTED_EDGE ( 'NONE', *, *, #1954, .F. ) ;
#1170 = LINE ( 'NONE', #2575, #1025 ) ;
#1171 = ORIENTED_EDGE ( 'NONE', *, *, #506, .F. ) ;
#1172 = CARTESIAN_POINT ( 'NONE',  ( -7.344238815542514232, 4.648654403270943369, 3.049999999999999822 ) ) ;
#1173 = VERTEX_POINT ( 'NONE', #1337 ) ;
#1174 = EDGE_LOOP ( 'NONE', ( #4064, #2883, #2046, #3797, #4572, #579, #1536, #4495, #4081, #2702, #2708, #28, #1946, #526, #2523, #1798, #4155 ) ) ;
#1175 = LINE ( 'NONE', #1854, #2451 ) ;
#1176 = AXIS2_PLACEMENT_3D ( 'NONE', #2528, #4367, #684 ) ;
#1177 = DIRECTION ( 'NONE',  ( 1.000000000000000000, 1.365923996832131116E-16, -0.000000000000000000 ) ) ;
#1178 = CARTESIAN_POINT ( 'NONE',  ( 6.349999999999998757, -5.068629150101524594, -3.049999999999999822 ) ) ;
#1179 = ORIENTED_EDGE ( 'NONE', *, *, #1247, .T. ) ;
#1180 = CARTESIAN_POINT ( 'NONE',  ( -12.69999999999999929, 5.199999999999997513, -1.000000000000000000 ) ) ;
#1181 = CARTESIAN_POINT ( 'NONE',  ( 6.349999999999997868, 3.654415587728447434, 3.049999999999999822 ) ) ;
#1182 = ORIENTED_EDGE ( 'NONE', *, *, #2930, .T. ) ;
#1183 = LINE ( 'NONE', #4192, #2298 ) ;
#1184 = VECTOR ( 'NONE', #4711, 1000.000000000000114 ) ;
#1185 = CARTESIAN_POINT ( 'NONE',  ( 0.000000000000000000, 0.000000000000000000, 2.286000000000000032 ) ) ;
#1186 = EDGE_CURVE ( 'NONE', #3928, #1812, #681, .T. ) ;
#1187 = ADVANCED_FACE ( 'NONE', ( #1770 ), #972, .T. ) ;
#1188 = LINE ( 'NONE', #4143, #4221 ) ;
#1189 = CARTESIAN_POINT ( 'NONE',  ( 10.12939620402574370, -1.863497014787714345, -2.286000000000000032 ) ) ;
#1190 = ORIENTED_EDGE ( 'NONE', *, *, #1543, .F. ) ;
#1191 = EDGE_CURVE ( 'NONE', #1601, #1079, #3931, .T. ) ;
#1192 = CARTESIAN_POINT ( 'NONE',  ( 6.349999999999997868, 3.654415587728447434, 3.049999999999999822 ) ) ;
#1193 = CARTESIAN_POINT ( 'NONE',  ( -7.697792206135812165, -5.002207793864224428, 1.000000000000000000 ) ) ;
#1194 = ORIENTED_EDGE ( 'NONE', *, *, #975, .F. ) ;
#1195 = ORIENTED_EDGE ( 'NONE', *, *, #4190, .T. ) ;
#1196 = DIRECTION ( 'NONE',  ( 0.7071067811865477948, -0.7071067811865473507, 0.000000000000000000 ) ) ;
#1197 = FACE_OUTER_BOUND ( 'NONE', #655, .T. ) ;
#1198 = DIRECTION ( 'NONE',  ( 0.7071067811865481278, 0.7071067811865469066, 0.000000000000000000 ) ) ;
#1199 = VERTEX_POINT ( 'NONE', #3590 ) ;
#1200 = CARTESIAN_POINT ( 'NONE',  ( 12.69999999999999574, -5.200000000000000178, -1.000000000000000000 ) ) ;
#1201 = CARTESIAN_POINT ( 'NONE',  ( 7.344238815542513343, -4.648654403270946922, 1.000000000000000000 ) ) ;
#1202 = ORIENTED_EDGE ( 'NONE', *, *, #1986, .F. ) ;
#1203 = CARTESIAN_POINT ( 'NONE',  ( 0.000000000000000000, 0.000000000000000000, -1.000000000000000000 ) ) ;
#1204 = AXIS2_PLACEMENT_3D ( 'NONE', #44, #3713, #3343 ) ;
#1205 = VECTOR ( 'NONE', #1046, 1000.000000000000000 ) ;
#1206 = CARTESIAN_POINT ( 'NONE',  ( -6.350000000000003197, -3.654415587728423898, 3.049999999999999822 ) ) ;
#1207 = CIRCLE ( 'NONE', #3150, 5.200000000000000178 ) ;
#1208 = CIRCLE ( 'NONE', #1441, 2.100000000000004530 ) ;
#1209 = DIRECTION ( 'NONE',  ( -1.000000000000000000, 0.000000000000000000, 0.000000000000000000 ) ) ;
#1210 = DIRECTION ( 'NONE',  ( -1.000000000000000000, -6.829619984160659279E-17, 0.000000000000000000 ) ) ;
#1211 = LOCAL_TIME ( 13, 31, 41.00000000000000000, #2458 ) ;
#1212 = VECTOR ( 'NONE', #1466, 1000.000000000000000 ) ;
#1213 = ADVANCED_FACE ( 'NONE', ( #1720 ), #2428, .F. ) ;
#1214 = ADVANCED_FACE ( 'NONE', ( #4706 ), #4729, .F. ) ;
#1215 = AXIS2_PLACEMENT_3D ( 'NONE', #2172, #274, #2870 ) ;
#1216 = ORIENTED_EDGE ( 'NONE', *, *, #893, .F. ) ;
#1217 = AXIS2_PLACEMENT_3D ( 'NONE', #3141, #2320, #2751 ) ;
#1218 = DIRECTION ( 'NONE',  ( 0.7071067811865477948, -0.7071067811865473507, 0.000000000000000000 ) ) ;
#1219 = ADVANCED_FACE ( 'NONE', ( #1796 ), #3904, .F. ) ;
#1220 = EDGE_CURVE ( 'NONE', #29, #2557, #2549, .T. ) ;
#1221 = DIRECTION ( 'NONE',  ( -0.000000000000000000, -0.000000000000000000, -1.000000000000000000 ) ) ;
#1222 = ORIENTED_EDGE ( 'NONE', *, *, #742, .F. ) ;
#1223 = VERTEX_POINT ( 'NONE', #642 ) ;
#1224 = CARTESIAN_POINT ( 'NONE',  ( 6.349999999999997868, 3.654415587728447434, -3.049999999999999822 ) ) ;
#1225 = PLANE ( 'NONE',  #3485 ) ;
#1226 = EDGE_LOOP ( 'NONE', ( #1914, #3493, #4162, #1150 ) ) ;
#1227 = ORIENTED_EDGE ( 'NONE', *, *, #3711, .F. ) ;
#1228 = CARTESIAN_POINT ( 'NONE',  ( 3.804415587728402492, 6.199999999999999289, 3.049999999999999822 ) ) ;
#1229 = CARTESIAN_POINT ( 'NONE',  ( -4.492893218813446943, 5.199999999999998401, 2.286000000000000032 ) ) ;
#1230 = PLANE ( 'NONE',  #1217 ) ;
#1231 = DIRECTION ( 'NONE',  ( -1.000000000000000000, -2.601884744300114343E-16, 0.000000000000000000 ) ) ;
#1232 = ORIENTED_EDGE ( 'NONE', *, *, #1191, .F. ) ;
#1233 = LINE ( 'NONE', #1546, #899 ) ;
#1234 = FACE_OUTER_BOUND ( 'NONE', #3837, .T. ) ;
#1235 = AXIS2_PLACEMENT_3D ( 'NONE', #1682, #4574, #180 ) ;
#1236 = CARTESIAN_POINT ( 'NONE',  ( -4.804415587728434467, -5.200000000000001066, -2.286000000000000032 ) ) ;
#1237 = CARTESIAN_POINT ( 'NONE',  ( -12.69999999999999929, -5.200000000000001066, 3.049999999999999822 ) ) ;
#1238 = VECTOR ( 'NONE', #1647, 1000.000000000000000 ) ;
#1239 = EDGE_LOOP ( 'NONE', ( #688, #271, #172, #22, #4482, #440, #4225, #1905, #1465, #487, #2847, #1059, #1194, #575, #3768, #1574, #585, #2083, #806, #3667, #613, #2585, #4441, #1155, #1390, #513, #2726, #1886, #3836, #4753, #918, #3284, #2776, #3862, #4713, #3277, #1921, #1169, #3952, #37, #1850, #1991, #1482, #1881, #430, #3095, #1687, #2744, #3507 ) ) ;
#1240 = CC_DESIGN_PERSON_AND_ORGANIZATION_ASSIGNMENT ( #2817, #935, ( #2736 ) ) ;
#1241 = DIRECTION ( 'NONE',  ( 0.7071067811865466846, 0.7071067811865483499, 0.000000000000000000 ) ) ;
#1242 = DIRECTION ( 'NONE',  ( -1.000000000000000000, -1.365923996832131116E-16, 0.000000000000000000 ) ) ;
#1243 = ORIENTED_EDGE ( 'NONE', *, *, #2489, .T. ) ;
#1244 = ORIENTED_EDGE ( 'NONE', *, *, #2488, .T. ) ;
#1245 = DIRECTION ( 'NONE',  ( -0.000000000000000000, -0.000000000000000000, -1.000000000000000000 ) ) ;
#1246 = DIRECTION ( 'NONE',  ( -0.7071067811865536790, 0.7071067811865414665, 0.000000000000000000 ) ) ;
#1247 = EDGE_CURVE ( 'NONE', #123, #1319, #3212, .T. ) ;
#1248 = ADVANCED_FACE ( 'NONE', ( #992 ), #1034, .T. ) ;
#1249 = EDGE_LOOP ( 'NONE', ( #1561, #2772, #680, #3577 ) ) ;
#1250 = VERTEX_POINT ( 'NONE', #2926 ) ;
#1251 = DIRECTION ( 'NONE',  ( -0.7071067811865481278, 0.7071067811865469066, 0.000000000000000000 ) ) ;
#1252 = LINE ( 'NONE', #861, #4102 ) ;
#1253 = PLANE ( 'NONE',  #1992 ) ;
#1254 = ORIENTED_EDGE ( 'NONE', *, *, #1868, .F. ) ;
#1255 = FACE_OUTER_BOUND ( 'NONE', #3360, .T. ) ;
#1256 = EDGE_CURVE ( 'NONE', #2661, #2201, #3315, .T. ) ;
#1257 = ORIENTED_EDGE ( 'NONE', *, *, #3740, .T. ) ;
#1258 = LINE ( 'NONE', #1980, #272 ) ;
#1259 = AXIS2_PLACEMENT_3D ( 'NONE', #2182, #1476, #2568 ) ;
#1260 = CARTESIAN_POINT ( 'NONE',  ( -3.135382751754558051, 0.5000000000000016653, 1.000000000000000000 ) ) ;
#1261 = DIRECTION ( 'NONE',  ( -0.7071067811865483499, -0.7071067811865465735, 0.000000000000000000 ) ) ;
#1262 = LINE ( 'NONE', #3131, #1238 ) ;
#1263 = AXIS2_PLACEMENT_3D ( 'NONE', #2693, #2385, #3861 ) ;
#1264 = ORIENTED_EDGE ( 'NONE', *, *, #2791, .F. ) ;
#1265 = DIRECTION ( 'NONE',  ( -1.000000000000000000, -2.601884744300114343E-16, 0.000000000000000000 ) ) ;
#1266 = DIRECTION ( 'NONE',  ( -1.000000000000000000, -6.829619984160659279E-17, 0.000000000000000000 ) ) ;
#1267 = ORIENTED_EDGE ( 'NONE', *, *, #505, .F. ) ;
#1268 = EDGE_LOOP ( 'NONE', ( #160, #4785, #2935, #185 ) ) ;
#1269 = LINE ( 'NONE', #3978, #4699 ) ;
#1270 = DIRECTION ( 'NONE',  ( 0.000000000000000000, 0.000000000000000000, 1.000000000000000000 ) ) ;
#1271 = CARTESIAN_POINT ( 'NONE',  ( -12.69999999999999929, -6.199999999999997513, -3.049999999999999822 ) ) ;
#1272 = ORIENTED_EDGE ( 'NONE', *, *, #148, .T. ) ;
#1273 = PERSON_AND_ORGANIZATION ( #4126, #1290 ) ;
#1274 = CYLINDRICAL_SURFACE ( 'NONE', #1235, 5.200000000000000178 ) ;
#1275 = CARTESIAN_POINT ( 'NONE',  ( -11.35220779386419387, 1.347792206135796977, -1.000000000000000000 ) ) ;
#1276 = ORIENTED_EDGE ( 'NONE', *, *, #237, .F. ) ;
#1277 = EDGE_CURVE ( 'NONE', #809, #4489, #4239, .T. ) ;
#1278 = ADVANCED_FACE ( 'NONE', ( #1811 ), #329, .F. ) ;
#1279 = CARTESIAN_POINT ( 'NONE',  ( 2.704163456597990844, -0.4999999999999998890, 2.286000000000000032 ) ) ;
#1280 = EDGE_LOOP ( 'NONE', ( #1513, #2117, #1873, #169, #63, #2629, #3781 ) ) ;
#1281 = CARTESIAN_POINT ( 'NONE',  ( -8.207106781186544353, -5.200000000000001066, 1.000000000000000000 ) ) ;
#1282 = ADVANCED_FACE ( 'NONE', ( #3967 ), #3948, .T. ) ;
#1283 = CARTESIAN_POINT ( 'NONE',  ( -12.69999999999999929, -6.199999999999997513, 1.000000000000000000 ) ) ;
#1284 = VECTOR ( 'NONE', #872, 1000.000000000000000 ) ;
#1285 = DIRECTION ( 'NONE',  ( -0.000000000000000000, -0.000000000000000000, -1.000000000000000000 ) ) ;
#1286 = DIRECTION ( 'NONE',  ( 0.000000000000000000, 0.000000000000000000, 1.000000000000000000 ) ) ;
#1287 = AXIS2_PLACEMENT_3D ( 'NONE', #2826, #1397, #231 ) ;
#1288 = AXIS2_PLACEMENT_3D ( 'NONE', #2179, #4359, #4749 ) ;
#1289 = VERTEX_POINT ( 'NONE', #4332 ) ;
#1290 = ORGANIZATION ( 'UNSPECIFIED', 'UNSPECIFIED', '' ) ;
#1291 = VECTOR ( 'NONE', #3341, 1000.000000000000000 ) ;
#1292 = DIRECTION ( 'NONE',  ( 2.601884744300114343E-16, -1.000000000000000000, 0.000000000000000000 ) ) ;
#1293 = AXIS2_PLACEMENT_3D ( 'NONE', #2074, #1304, #3554 ) ;
#1294 = ORIENTED_EDGE ( 'NONE', *, *, #2808, .F. ) ;
#1295 = AXIS2_PLACEMENT_3D ( 'NONE', #2490, #671, #4795 ) ;
#1296 = DIRECTION ( 'NONE',  ( 0.000000000000000000, 0.000000000000000000, 1.000000000000000000 ) ) ;
#1297 = FACE_OUTER_BOUND ( 'NONE', #907, .T. ) ;
#1298 = LINE ( 'NONE', #3887, #3147 ) ;
#1299 = VERTEX_POINT ( 'NONE', #2539 ) ;
#1300 = PERSON_AND_ORGANIZATION ( #4126, #1290 ) ;
#1301 = DIRECTION ( 'NONE',  ( 0.000000000000000000, 0.000000000000000000, -1.000000000000000000 ) ) ;
#1302 = CARTESIAN_POINT ( 'NONE',  ( 2.100000000000004530, 0.000000000000000000, 2.286000000000000032 ) ) ;
#1303 = ORIENTED_EDGE ( 'NONE', *, *, #4062, .T. ) ;
#1304 = DIRECTION ( 'NONE',  ( 0.000000000000000000, 0.000000000000000000, 1.000000000000000000 ) ) ;
#1305 = ORIENTED_EDGE ( 'NONE', *, *, #3143, .T. ) ;
#1306 = CARTESIAN_POINT ( 'NONE',  ( 3.135382751754558051, -0.5000000000000016653, 2.286000000000000032 ) ) ;
#1307 = EDGE_CURVE ( 'NONE', #2019, #4619, #4745, .T. ) ;
#1308 = FACE_OUTER_BOUND ( 'NONE', #832, .T. ) ;
#1309 = DIRECTION ( 'NONE',  ( -0.7071067811865479058, 0.7071067811865472397, 0.000000000000000000 ) ) ;
#1310 = ADVANCED_FACE ( 'NONE', ( #3633 ), #2896, .T. ) ;
#1311 = EDGE_CURVE ( 'NONE', #763, #1556, #1014, .T. ) ;
#1312 = ORIENTED_EDGE ( 'NONE', *, *, #1784, .F. ) ;
#1313 = DIRECTION ( 'NONE',  ( 1.000000000000000000, 0.000000000000000000, 0.000000000000000000 ) ) ;
#1314 = CIRCLE ( 'NONE', #4563, 5.200000000000000178 ) ;
#1315 = ORIENTED_EDGE ( 'NONE', *, *, #2041, .T. ) ;
#1316 = CARTESIAN_POINT ( 'NONE',  ( -4.804415587728446013, 5.199999999999999289, -2.286000000000000032 ) ) ;
#1317 = VECTOR ( 'NONE', #4520, 1000.000000000000000 ) ;
#1318 = CARTESIAN_POINT ( 'NONE',  ( 0.3535533905932690679, -13.05355339059327768, 1.000000000000000000 ) ) ;
#1319 = VERTEX_POINT ( 'NONE', #3603 ) ;
#1320 = APPLICATION_PROTOCOL_DEFINITION ( 'international standard', 'config_control_design', 1994, #2106 ) ;
#1321 = LINE ( 'NONE', #3653, #2710 ) ;
#1322 = CARTESIAN_POINT ( 'NONE',  ( -5.218629150101525838, 6.200000000000001954, -3.049999999999999822 ) ) ;
#1323 = VERTEX_POINT ( 'NONE', #4045 ) ;
#1324 = EDGE_LOOP ( 'NONE', ( #456, #4005, #3645, #1232 ) ) ;
#1325 = LINE ( 'NONE', #2345, #3155 ) ;
#1326 = ORIENTED_EDGE ( 'NONE', *, *, #25, .T. ) ;
#1327 = CARTESIAN_POINT ( 'NONE',  ( 2.265685708190565251, -1.558578927004023118, -2.286000000000000032 ) ) ;
#1328 = DIRECTION ( 'NONE',  ( -1.000000000000000000, 0.000000000000000000, 0.000000000000000000 ) ) ;
#1329 = VECTOR ( 'NONE', #3010, 1000.000000000000000 ) ;
#1330 = DIRECTION ( 'NONE',  ( -0.000000000000000000, -0.000000000000000000, -1.000000000000000000 ) ) ;
#1331 = EDGE_CURVE ( 'NONE', #488, #376, #1471, .T. ) ;
#1332 = ORIENTED_EDGE ( 'NONE', *, *, #2695, .T. ) ;
#1333 = EDGE_CURVE ( 'NONE', #1969, #4175, #4697, .T. ) ;
#1334 = CARTESIAN_POINT ( 'NONE',  ( 4.804415587728419368, 5.200000000000000178, 3.049999999999999822 ) ) ;
#1335 = ORIENTED_EDGE ( 'NONE', *, *, #4436, .F. ) ;
#1336 = EDGE_CURVE ( 'NONE', #3751, #2552, #1422, .T. ) ;
#1337 = CARTESIAN_POINT ( 'NONE',  ( -2.570603795974257810, -1.863497014787714345, 1.000000000000000000 ) ) ;
#1338 = DIRECTION ( 'NONE',  ( 1.000000000000000000, 0.000000000000000000, 0.000000000000000000 ) ) ;
#1339 = ORIENTED_EDGE ( 'NONE', *, *, #3519, .T. ) ;
#1340 = CARTESIAN_POINT ( 'NONE',  ( 0.000000000000000000, 0.000000000000000000, -2.286999999999999922 ) ) ;
#1341 = CARTESIAN_POINT ( 'NONE',  ( -5.218629150101525838, 6.200000000000001954, -3.049999999999999822 ) ) ;
#1342 = VERTEX_POINT ( 'NONE', #2510 ) ;
#1343 = ORIENTED_EDGE ( 'NONE', *, *, #3005, .F. ) ;
#1344 = LINE ( 'NONE', #2463, #210 ) ;
#1345 = ORIENTED_EDGE ( 'NONE', *, *, #3710, .F. ) ;
#1346 = LINE ( 'NONE', #1688, #2444 ) ;
#1347 = CARTESIAN_POINT ( 'NONE',  ( -10.12939620402574192, -1.863497014787714789, -1.000000000000000000 ) ) ;
#1348 = CARTESIAN_POINT ( 'NONE',  ( -12.69999999999999929, 0.000000000000000000, -2.286000000000000032 ) ) ;
#1349 = DIRECTION ( 'NONE',  ( -0.7071067811865477948, -0.7071067811865473507, 0.000000000000000000 ) ) ;
#1350 = ORIENTED_EDGE ( 'NONE', *, *, #1841, .F. ) ;
#1351 = DIRECTION ( 'NONE',  ( 0.000000000000000000, 0.000000000000000000, 1.000000000000000000 ) ) ;
#1352 = ADVANCED_FACE ( 'NONE', ( #694 ), #3991, .F. ) ;
#1353 = AXIS2_PLACEMENT_3D ( 'NONE', #2492, #3969, #2154 ) ;
#1354 = EDGE_CURVE ( 'NONE', #4324, #4586, #3288, .T. ) ;
#1355 = AXIS2_PLACEMENT_3D ( 'NONE', #807, #4471, #2555 ) ;
#1356 = CARTESIAN_POINT ( 'NONE',  ( 12.69999999999999929, 0.000000000000000000, 2.286000000000000032 ) ) ;
#1357 = AXIS2_PLACEMENT_3D ( 'NONE', #3534, #3149, #599 ) ;
#1358 = VECTOR ( 'NONE', #69, 1000.000000000000000 ) ;
#1359 = DIRECTION ( 'NONE',  ( 0.000000000000000000, 0.000000000000000000, 1.000000000000000000 ) ) ;
#1360 = EDGE_LOOP ( 'NONE', ( #3433, #2197, #1825, #3640, #637, #245 ) ) ;
#1361 = COORDINATED_UNIVERSAL_TIME_OFFSET ( 6, 0, .BEHIND. ) ;
#1362 = DIRECTION ( 'NONE',  ( 0.000000000000000000, 0.000000000000000000, 1.000000000000000000 ) ) ;
#1363 = EDGE_CURVE ( 'NONE', #217, #3888, #2469, .T. ) ;
#1364 = EDGE_CURVE ( 'NONE', #2407, #1462, #2199, .T. ) ;
#1365 = LOCAL_TIME ( 13, 31, 41.00000000000000000, #3164 ) ;
#1366 = CIRCLE ( 'NONE', #672, 3.174999999999997602 ) ;
#1367 = ORIENTED_EDGE ( 'NONE', *, *, #1718, .T. ) ;
#1368 = DIRECTION ( 'NONE',  ( -0.000000000000000000, -0.000000000000000000, -1.000000000000000000 ) ) ;
#1369 = EDGE_LOOP ( 'NONE', ( #783, #2652, #2920, #2574 ) ) ;
#1370 = ORIENTED_EDGE ( 'NONE', *, *, #537, .T. ) ;
#1371 = CARTESIAN_POINT ( 'NONE',  ( -7.344238815542522225, -4.648654403270934488, 3.049999999999999822 ) ) ;
#1372 = VECTOR ( 'NONE', #4310, 1000.000000000000114 ) ;
#1373 = ORIENTED_EDGE ( 'NONE', *, *, #25, .F. ) ;
#1374 = DIRECTION ( 'NONE',  ( -0.000000000000000000, -0.000000000000000000, -1.000000000000000000 ) ) ;
#1375 = CARTESIAN_POINT ( 'NONE',  ( -8.895584412271597685, 6.199999999999999289, 2.286000000000000032 ) ) ;
#1376 = DIRECTION ( 'NONE',  ( -0.000000000000000000, -0.000000000000000000, 1.000000000000000000 ) ) ;
#1377 = CARTESIAN_POINT ( 'NONE',  ( -1.863497014787709238, 2.570603795974260919, 2.286000000000000032 ) ) ;
#1378 = ORIENTED_EDGE ( 'NONE', *, *, #3353, .T. ) ;
#1379 = LINE ( 'NONE', #2858, #695 ) ;
#1380 = LINE ( 'NONE', #2158, #4270 ) ;
#1381 = LINE ( 'NONE', #1021, #3778 ) ;
#1382 = EDGE_CURVE ( 'NONE', #3099, #2634, #134, .T. ) ;
#1383 = AXIS2_PLACEMENT_3D ( 'NONE', #1584, #3845, #2704 ) ;
#1384 = LINE ( 'NONE', #3718, #1822 ) ;
#1385 = EDGE_LOOP ( 'NONE', ( #2430, #3728, #2609, #509 ) ) ;
#1386 = CARTESIAN_POINT ( 'NONE',  ( -12.69999999999999929, -6.199999999999997513, -3.049999999999999822 ) ) ;
#1387 = ORIENTED_EDGE ( 'NONE', *, *, #1593, .T. ) ;
#1388 = CARTESIAN_POINT ( 'NONE',  ( -4.804415587728435355, -5.200000000000001066, 2.286000000000000032 ) ) ;
#1389 = VERTEX_POINT ( 'NONE', #473 ) ;
#1390 = ORIENTED_EDGE ( 'NONE', *, *, #2433, .F. ) ;
#1391 = VECTOR ( 'NONE', #910, 1000.000000000000000 ) ;
#1392 = DIRECTION ( 'NONE',  ( 1.000000000000000000, 8.881784197001252323E-16, 0.000000000000000000 ) ) ;
#1393 = ADVANCED_FACE ( 'NONE', ( #887 ), #1230, .T. ) ;
#1394 = ADVANCED_FACE ( 'NONE', ( #2004 ), #1253, .T. ) ;
#1395 = CARTESIAN_POINT ( 'NONE',  ( -3.135382751754558051, -0.5000000000000001110, 1.000000000000000000 ) ) ;
#1396 = ORIENTED_EDGE ( 'NONE', *, *, #1500, .F. ) ;
#1397 = DIRECTION ( 'NONE',  ( 0.7071067811865450192, -0.7071067811865501263, 0.000000000000000000 ) ) ;
#1398 = CARTESIAN_POINT ( 'NONE',  ( 12.70000000000000107, 5.200000000000001066, 3.049999999999999822 ) ) ;
#1399 = ADVANCED_FACE ( 'NONE', ( #1955 ), #3457, .F. ) ;
#1400 = DIRECTION ( 'NONE',  ( -0.7071067811865473507, -0.7071067811865477948, 0.000000000000000000 ) ) ;
#1401 = LINE ( 'NONE', #1377, #4151 ) ;
#1402 = AXIS2_PLACEMENT_3D ( 'NONE', #610, #1750, #1435 ) ;
#1403 = VERTEX_POINT ( 'NONE', #937 ) ;
#1404 = DIRECTION ( 'NONE',  ( -1.000000000000000000, 0.000000000000000000, 0.000000000000000000 ) ) ;
#1405 = DIRECTION ( 'NONE',  ( -0.000000000000000000, -0.000000000000000000, -1.000000000000000000 ) ) ;
#1406 = EDGE_LOOP ( 'NONE', ( #616, #4655, #3249, #95, #729, #2301 ) ) ;
#1407 = CARTESIAN_POINT ( 'NONE',  ( -10.43431429180943404, -1.558578927004023118, 2.286000000000000032 ) ) ;
#1408 = FACE_OUTER_BOUND ( 'NONE', #2678, .T. ) ;
#1409 = ORIENTED_EDGE ( 'NONE', *, *, #1069, .T. ) ;
#1410 = PLANE ( 'NONE',  #2497 ) ;
#1411 = VECTOR ( 'NONE', #1241, 1000.000000000000000 ) ;
#1412 = ORIENTED_EDGE ( 'NONE', *, *, #382, .T. ) ;
#1413 = CARTESIAN_POINT ( 'NONE',  ( -7.895584412271577257, 5.199999999999997513, 3.049999999999999822 ) ) ;
#1414 = VERTEX_POINT ( 'NONE', #840 ) ;
#1415 = EDGE_LOOP ( 'NONE', ( #3742, #4596, #1118, #901 ) ) ;
#1416 = DIRECTION ( 'NONE',  ( 0.000000000000000000, 0.000000000000000000, 1.000000000000000000 ) ) ;
#1417 = DIRECTION ( 'NONE',  ( 0.7071067811865479058, 0.7071067811865472397, -0.000000000000000000 ) ) ;
#1418 = EDGE_LOOP ( 'NONE', ( #3160, #3123, #785, #4663, #4677, #1315 ) ) ;
#1419 = DIRECTION ( 'NONE',  ( 0.000000000000000000, 0.000000000000000000, 1.000000000000000000 ) ) ;
#1420 = EDGE_CURVE ( 'NONE', #2975, #2918, #106, .T. ) ;
#1421 = EDGE_CURVE ( 'NONE', #1173, #3363, #2453, .T. ) ;
#1422 = LINE ( 'NONE', #1763, #1372 ) ;
#1423 = VERTEX_POINT ( 'NONE', #3166 ) ;
#1424 = CYLINDRICAL_SURFACE ( 'NONE', #278, 3.174999999999997158 ) ;
#1425 = EDGE_CURVE ( 'NONE', #2072, #4224, #1683, .T. ) ;
#1426 = DIRECTION ( 'NONE',  ( 0.000000000000000000, 0.000000000000000000, 1.000000000000000000 ) ) ;
#1427 = ORIENTED_EDGE ( 'NONE', *, *, #566, .T. ) ;
#1428 = CARTESIAN_POINT ( 'NONE',  ( -8.207106781186549682, 5.199999999999998401, -1.000000000000000000 ) ) ;
#1429 = CARTESIAN_POINT ( 'NONE',  ( 1.558578927004018455, 2.265685708190569692, 2.286000000000000032 ) ) ;
#1430 = ORIENTED_EDGE ( 'NONE', *, *, #1712, .T. ) ;
#1431 = DIRECTION ( 'NONE',  ( 0.7071067811865477948, -0.7071067811865473507, 0.000000000000000000 ) ) ;
#1432 = VECTOR ( 'NONE', #3268, 1000.000000000000114 ) ;
#1433 = CARTESIAN_POINT ( 'NONE',  ( 12.69999999999999929, 0.000000000000000000, 3.049999999999999822 ) ) ;
#1434 = ORIENTED_EDGE ( 'NONE', *, *, #893, .T. ) ;
#1435 = DIRECTION ( 'NONE',  ( -1.000000000000000000, 0.000000000000000000, 0.000000000000000000 ) ) ;
#1436 = VECTOR ( 'NONE', #2022, 1000.000000000000000 ) ;
#1437 = CARTESIAN_POINT ( 'NONE',  ( 10.83650298521228983, -2.570603795974261363, 2.286000000000000032 ) ) ;
#1438 = ORIENTED_EDGE ( 'NONE', *, *, #3371, .F. ) ;
#1439 = EDGE_LOOP ( 'NONE', ( #906, #2948, #1159, #2537 ) ) ;
#1440 = VECTOR ( 'NONE', #3578, 1000.000000000000000 ) ;
#1441 = AXIS2_PLACEMENT_3D ( 'NONE', #1944, #512, #238 ) ;
#1442 = DIRECTION ( 'NONE',  ( -1.000000000000000000, 0.000000000000000000, 0.000000000000000000 ) ) ;
#1443 = DIRECTION ( 'NONE',  ( 0.000000000000000000, 0.000000000000000000, 1.000000000000000000 ) ) ;
#1444 = VERTEX_POINT ( 'NONE', #4235 ) ;
#1445 = FACE_OUTER_BOUND ( 'NONE', #2960, .T. ) ;
#1446 = CIRCLE ( 'NONE', #588, 6.200000000000000178 ) ;
#1447 = AXIS2_PLACEMENT_3D ( 'NONE', #229, #1727, #665 ) ;
#1448 = DIRECTION ( 'NONE',  ( -0.000000000000000000, -0.000000000000000000, -1.000000000000000000 ) ) ;
#1449 = CIRCLE ( 'NONE', #4079, 3.174999999999997158 ) ;
#1450 = EDGE_CURVE ( 'NONE', #3592, #1479, #53, .T. ) ;
#1451 = ORIENTED_EDGE ( 'NONE', *, *, #3152, .T. ) ;
#1452 = LINE ( 'NONE', #1473, #577 ) ;
#1453 = CARTESIAN_POINT ( 'NONE',  ( -12.69999999999999929, -5.200000000000001066, 3.049999999999999822 ) ) ;
#1454 = ADVANCED_FACE ( 'NONE', ( #1615 ), #3891, .T. ) ;
#1455 = EDGE_CURVE ( 'NONE', #4422, #3373, #2729, .T. ) ;
#1456 = CARTESIAN_POINT ( 'NONE',  ( 3.135382751754558051, 0.5000000000000001110, 2.286000000000000032 ) ) ;
#1457 = PLANE ( 'NONE',  #2491 ) ;
#1458 = ORIENTED_EDGE ( 'NONE', *, *, #3643, .T. ) ;
#1459 = CARTESIAN_POINT ( 'NONE',  ( 10.83650298521228983, 2.570603795974261363, 1.000000000000000000 ) ) ;
#1460 = EDGE_LOOP ( 'NONE', ( #427, #1631, #1303, #661 ) ) ;
#1461 = PLANE ( 'NONE',  #3880 ) ;
#1462 = VERTEX_POINT ( 'NONE', #567 ) ;
#1463 = CARTESIAN_POINT ( 'NONE',  ( -1.863497014787711015, 2.570603795974260475, 1.000000000000000000 ) ) ;
#1464 = ORIENTED_EDGE ( 'NONE', *, *, #988, .F. ) ;
#1465 = ORIENTED_EDGE ( 'NONE', *, *, #4510, .F. ) ;
#1466 = DIRECTION ( 'NONE',  ( -0.000000000000000000, -0.000000000000000000, -1.000000000000000000 ) ) ;
#1467 = LINE ( 'NONE', #10, #146 ) ;
#1468 = ORIENTED_EDGE ( 'NONE', *, *, #2850, .T. ) ;
#1469 = DIRECTION ( 'NONE',  ( 1.000000000000000000, 0.000000000000000000, 0.000000000000000000 ) ) ;
#1470 = VECTOR ( 'NONE', #3468, 1000.000000000000000 ) ;
#1471 = LINE ( 'NONE', #2853, #2530 ) ;
#1472 = ORIENTED_EDGE ( 'NONE', *, *, #1693, .F. ) ;
#1473 = CARTESIAN_POINT ( 'NONE',  ( -7.895584412271592356, -5.200000000000001066, 3.049999999999999822 ) ) ;
#1474 = CARTESIAN_POINT ( 'NONE',  ( -12.69999999999999929, 0.000000000000000000, 2.286000000000000032 ) ) ;
#1475 = DIRECTION ( 'NONE',  ( 0.000000000000000000, 0.000000000000000000, -1.000000000000000000 ) ) ;
#1476 = DIRECTION ( 'NONE',  ( -0.000000000000000000, -0.000000000000000000, -1.000000000000000000 ) ) ;
#1477 = EDGE_CURVE ( 'NONE', #4555, #3458, #4208, .T. ) ;
#1478 = EDGE_CURVE ( 'NONE', #1705, #3138, #523, .T. ) ;
#1479 = VERTEX_POINT ( 'NONE', #1302 ) ;
#1480 = VECTOR ( 'NONE', #45, 1000.000000000000000 ) ;
#1481 = CARTESIAN_POINT ( 'NONE',  ( -12.69999999999999929, 0.000000000000000000, 2.286000000000000032 ) ) ;
#1482 = ORIENTED_EDGE ( 'NONE', *, *, #1662, .F. ) ;
#1483 = CARTESIAN_POINT ( 'NONE',  ( 2.570603795974257366, 1.863497014787715012, 2.286000000000000032 ) ) ;
#1484 = ORIENTED_EDGE ( 'NONE', *, *, #945, .F. ) ;
#1485 = EDGE_CURVE ( 'NONE', #2650, #766, #495, .T. ) ;
#1486 = DIRECTION ( 'NONE',  ( 0.000000000000000000, 0.000000000000000000, 1.000000000000000000 ) ) ;
#1487 = EDGE_LOOP ( 'NONE', ( #4105, #2888, #4668, #3484, #3731, #2647 ) ) ;
#1488 = EDGE_LOOP ( 'NONE', ( #2845, #1054, #3893, #343 ) ) ;
#1489 = CARTESIAN_POINT ( 'NONE',  ( 12.69999999999999929, 0.000000000000000000, 1.000000000000000000 ) ) ;
#1490 = CARTESIAN_POINT ( 'NONE',  ( -13.05355339059327768, -0.3535533905932778942, 1.000000000000000000 ) ) ;
#1491 = VERTEX_POINT ( 'NONE', #1322 ) ;
#1492 = DIRECTION ( 'NONE',  ( 0.000000000000000000, 0.000000000000000000, -1.000000000000000000 ) ) ;
#1493 = CYLINDRICAL_SURFACE ( 'NONE', #433, 2.100000000000004530 ) ;
#1494 = ORIENTED_EDGE ( 'NONE', *, *, #2370, .F. ) ;
#1495 = CARTESIAN_POINT ( 'NONE',  ( -10.83650298521228983, 2.570603795974261807, 2.286000000000000032 ) ) ;
#1496 = CARTESIAN_POINT ( 'NONE',  ( 1.558578927004018455, -2.265685708190569692, -2.286000000000000032 ) ) ;
#1497 = CARTESIAN_POINT ( 'NONE',  ( 10.43431429180943404, 1.558578927004023118, -2.286000000000000032 ) ) ;
#1498 = CYLINDRICAL_SURFACE ( 'NONE', #3342, 5.200000000000000178 ) ;
#1499 = ORIENTED_EDGE ( 'NONE', *, *, #1013, .T. ) ;
#1500 = EDGE_CURVE ( 'NONE', #3917, #4790, #1976, .T. ) ;
#1501 = CARTESIAN_POINT ( 'NONE',  ( 2.570603795974256478, -1.863497014787715678, 2.286000000000000032 ) ) ;
#1502 = VERTEX_POINT ( 'NONE', #545 ) ;
#1503 = DIRECTION ( 'NONE',  ( -0.000000000000000000, -0.000000000000000000, -1.000000000000000000 ) ) ;
#1504 = ORIENTED_EDGE ( 'NONE', *, *, #2768, .F. ) ;
#1505 = DIRECTION ( 'NONE',  ( 0.000000000000000000, 0.000000000000000000, 1.000000000000000000 ) ) ;
#1506 = VERTEX_POINT ( 'NONE', #2799 ) ;
#1507 = ORIENTED_EDGE ( 'NONE', *, *, #1638, .T. ) ;
#1508 = CARTESIAN_POINT ( 'NONE',  ( -12.69999999999999929, -5.200000000000001066, 2.286000000000000032 ) ) ;
#1509 = CIRCLE ( 'NONE', #2828, 3.174999999999997602 ) ;
#1510 = CARTESIAN_POINT ( 'NONE',  ( 12.69999999999999929, 0.000000000000000000, -3.049999999999999822 ) ) ;
#1511 = EDGE_CURVE ( 'NONE', #1882, #3888, #2025, .T. ) ;
#1512 = EDGE_CURVE ( 'NONE', #7, #3859, #660, .T. ) ;
#1513 = ORIENTED_EDGE ( 'NONE', *, *, #4062, .F. ) ;
#1514 = VERTEX_POINT ( 'NONE', #1413 ) ;
#1515 = DIRECTION ( 'NONE',  ( -0.000000000000000000, -0.000000000000000000, -1.000000000000000000 ) ) ;
#1516 = VECTOR ( 'NONE', #4293, 1000.000000000000000 ) ;
#1517 = AXIS2_PLACEMENT_3D ( 'NONE', #88, #138, #3488 ) ;
#1518 = CIRCLE ( 'NONE', #1910, 3.174999999999997602 ) ;
#1519 = DIRECTION ( 'NONE',  ( -2.601884744300114343E-16, 1.000000000000000000, 0.000000000000000000 ) ) ;
#1520 = AXIS2_PLACEMENT_3D ( 'NONE', #2002, #2727, #2703 ) ;
#1521 = AXIS2_PLACEMENT_3D ( 'NONE', #3829, #4632, #503 ) ;
#1522 = ORIENTED_EDGE ( 'NONE', *, *, #3625, .T. ) ;
#1523 = LINE ( 'NONE', #358, #1909 ) ;
#1524 = VECTOR ( 'NONE', #2654, 1000.000000000000000 ) ;
#1525 = AXIS2_PLACEMENT_3D ( 'NONE', #3838, #4639, #2720 ) ;
#1526 = CARTESIAN_POINT ( 'NONE',  ( -8.895584412271597685, -6.199999999999999289, 2.286000000000000032 ) ) ;
#1527 = DIRECTION ( 'NONE',  ( -0.000000000000000000, -0.000000000000000000, -1.000000000000000000 ) ) ;
#1528 = VECTOR ( 'NONE', #3936, 1000.000000000000000 ) ;
#1529 = LINE ( 'NONE', #2979, #2262 ) ;
#1530 = EDGE_LOOP ( 'NONE', ( #2809, #4734, #4368, #4046 ) ) ;
#1531 = ORIENTED_EDGE ( 'NONE', *, *, #3562, .T. ) ;
#1532 = LINE ( 'NONE', #782, #3419 ) ;
#1533 = ORIENTED_EDGE ( 'NONE', *, *, #2667, .T. ) ;
#1534 = CARTESIAN_POINT ( 'NONE',  ( 12.69999999999999751, -6.200000000000000178, 3.049999999999999822 ) ) ;
#1535 = ORIENTED_EDGE ( 'NONE', *, *, #2516, .F. ) ;
#1536 = ORIENTED_EDGE ( 'NONE', *, *, #1069, .F. ) ;
#1537 = DIRECTION ( 'NONE',  ( 1.000000000000000000, 0.000000000000000000, 0.000000000000000000 ) ) ;
#1538 = CARTESIAN_POINT ( 'NONE',  ( 12.69999999999999929, 0.000000000000000000, -2.286999999999999922 ) ) ;
#1539 = DIRECTION ( 'NONE',  ( -1.000000000000000000, 0.000000000000000000, 0.000000000000000000 ) ) ;
#1540 = VERTEX_POINT ( 'NONE', #3551 ) ;
#1541 = DIRECTION ( 'NONE',  ( 1.000000000000000000, 0.000000000000000000, 0.000000000000000000 ) ) ;
#1542 = ADVANCED_FACE ( 'NONE', ( #3596 ), #2116, .F. ) ;
#1543 = EDGE_CURVE ( 'NONE', #4407, #1006, #2460, .T. ) ;
#1544 = DIRECTION ( 'NONE',  ( -1.000000000000000000, -6.829619984160659279E-17, 0.000000000000000000 ) ) ;
#1545 = VERTEX_POINT ( 'NONE', #1437 ) ;
#1546 = CARTESIAN_POINT ( 'NONE',  ( 9.564617248245440351, -0.5000000000000001110, 2.286000000000000032 ) ) ;
#1547 = AXIS2_PLACEMENT_3D ( 'NONE', #2044, #3524, #544 ) ;
#1548 = EDGE_CURVE ( 'NONE', #1342, #1951, #225, .T. ) ;
#1549 = DIRECTION ( 'NONE',  ( 0.000000000000000000, 0.000000000000000000, 1.000000000000000000 ) ) ;
#1550 = DIRECTION ( 'NONE',  ( -0.7071067811865501263, -0.7071067811865450192, -0.000000000000000000 ) ) ;
#1551 = CARTESIAN_POINT ( 'NONE',  ( -17.89999999999999858, 0.000000000000000000, 3.049999999999999822 ) ) ;
#1552 = ORIENTED_EDGE ( 'NONE', *, *, #3625, .F. ) ;
#1553 = CARTESIAN_POINT ( 'NONE',  ( -1.863497014787709682, -2.570603795974261363, 1.000000000000000000 ) ) ;
#1554 = CARTESIAN_POINT ( 'NONE',  ( -2.570603795974257810, 1.863497014787714567, -2.286000000000000032 ) ) ;
#1555 = ORIENTED_EDGE ( 'NONE', *, *, #257, .F. ) ;
#1556 = VERTEX_POINT ( 'NONE', #590 ) ;
#1557 = LINE ( 'NONE', #4445, #1524 ) ;
#1558 = AXIS2_PLACEMENT_3D ( 'NONE', #2468, #1077, #4665 ) ;
#1559 = DIRECTION ( 'NONE',  ( 0.7071067811865483499, 0.7071067811865466846, 0.000000000000000000 ) ) ;
#1560 = CARTESIAN_POINT ( 'NONE',  ( 6.349999999999997868, 3.654415587728447434, -1.000000000000000000 ) ) ;
#1561 = ORIENTED_EDGE ( 'NONE', *, *, #1784, .T. ) ;
#1562 = CARTESIAN_POINT ( 'NONE',  ( 11.14142107299598194, -2.265685708190569692, -2.286000000000000032 ) ) ;
#1563 = CARTESIAN_POINT ( 'NONE',  ( -12.69999999999999929, -5.200000000000001066, 3.049999999999999822 ) ) ;
#1564 = ORIENTED_EDGE ( 'NONE', *, *, #2078, .F. ) ;
#1565 = DIRECTION ( 'NONE',  ( -0.000000000000000000, -0.000000000000000000, -1.000000000000000000 ) ) ;
#1566 = EDGE_CURVE ( 'NONE', #1491, #2657, #1724, .T. ) ;
#1567 = EDGE_CURVE ( 'NONE', #1587, #1121, #957, .T. ) ;
#1568 = VECTOR ( 'NONE', #3594, 1000.000000000000000 ) ;
#1569 = CARTESIAN_POINT ( 'NONE',  ( 12.69999999999999929, 5.200000000000001066, -1.000000000000000000 ) ) ;
#1570 = LINE ( 'NONE', #2377, #4454 ) ;
#1571 = EDGE_CURVE ( 'NONE', #1618, #1006, #269, .T. ) ;
#1572 = EDGE_CURVE ( 'NONE', #3179, #4793, #636, .T. ) ;
#1573 = FACE_OUTER_BOUND ( 'NONE', #2066, .T. ) ;
#1574 = ORIENTED_EDGE ( 'NONE', *, *, #4190, .F. ) ;
#1575 = LINE ( 'NONE', #4173, #2646 ) ;
#1576 = CARTESIAN_POINT ( 'NONE',  ( -6.350000000000000533, -5.068629150101524594, 3.049999999999999822 ) ) ;
#1577 = ORIENTED_EDGE ( 'NONE', *, *, #3411, .F. ) ;
#1578 = EDGE_LOOP ( 'NONE', ( #2970, #4467, #3597, #2576 ) ) ;
#1579 = CARTESIAN_POINT ( 'NONE',  ( 1.863497014787710571, -2.570603795974260919, 2.286000000000000032 ) ) ;
#1580 = DIRECTION ( 'NONE',  ( 1.000000000000000000, 0.000000000000000000, -0.000000000000000000 ) ) ;
#1581 = ORIENTED_EDGE ( 'NONE', *, *, #2714, .F. ) ;
#1582 = ORIENTED_EDGE ( 'NONE', *, *, #208, .T. ) ;
#1583 = DIRECTION ( 'NONE',  ( 0.000000000000000000, 0.000000000000000000, 1.000000000000000000 ) ) ;
#1584 = CARTESIAN_POINT ( 'NONE',  ( -12.69999999999999929, 0.000000000000000000, -2.286000000000000032 ) ) ;
#1585 = CARTESIAN_POINT ( 'NONE',  ( 0.000000000000000000, 0.000000000000000000, 1.000000000000000000 ) ) ;
#1586 = CARTESIAN_POINT ( 'NONE',  ( 2.570603795974257366, 1.863497014787715012, -1.000000000000000000 ) ) ;
#1587 = VERTEX_POINT ( 'NONE', #4323 ) ;
#1588 = DIRECTION ( 'NONE',  ( 0.000000000000000000, 1.000000000000000000, 0.000000000000000000 ) ) ;
#1589 = AXIS2_PLACEMENT_3D ( 'NONE', #1348, #1330, #2471 ) ;
#1590 = VECTOR ( 'NONE', #3806, 1000.000000000000000 ) ;
#1591 = VECTOR ( 'NONE', #13, 1000.000000000000000 ) ;
#1592 = FACE_OUTER_BOUND ( 'NONE', #3956, .T. ) ;
#1593 = EDGE_CURVE ( 'NONE', #2918, #1053, #2820, .T. ) ;
#1594 = AXIS2_PLACEMENT_3D ( 'NONE', #3414, #1588, #2396 ) ;
#1595 = VECTOR ( 'NONE', #920, 1000.000000000000000 ) ;
#1596 = DIRECTION ( 'NONE',  ( -1.000000000000000000, -6.829619984160659279E-17, 0.000000000000000000 ) ) ;
#1597 = DIRECTION ( 'NONE',  ( -1.000000000000000000, -1.365923996832131116E-16, 0.000000000000000000 ) ) ;
#1598 = CIRCLE ( 'NONE', #2304, 3.174999999999997158 ) ;
#1599 = VECTOR ( 'NONE', #2707, 1000.000000000000000 ) ;
#1600 = EDGE_CURVE ( 'NONE', #4200, #1779, #1052, .T. ) ;
#1601 = VERTEX_POINT ( 'NONE', #611 ) ;
#1602 = ADVANCED_FACE ( 'NONE', ( #2846 ), #2889, .F. ) ;
#1603 = VECTOR ( 'NONE', #4644, 1000.000000000000114 ) ;
#1604 = PLANE ( 'NONE',  #705 ) ;
#1605 = CARTESIAN_POINT ( 'NONE',  ( 6.349999999999996092, -3.654415587728426118, 1.000000000000000000 ) ) ;
#1606 = ORIENTED_EDGE ( 'NONE', *, *, #3938, .T. ) ;
#1607 = ORIENTED_EDGE ( 'NONE', *, *, #3225, .F. ) ;
#1608 = ADVANCED_FACE ( 'NONE', ( #3255 ), #2434, .F. ) ;
#1609 = PLANE ( 'NONE',  #3923 ) ;
#1610 = LINE ( 'NONE', #3093, #4264 ) ;
#1611 = DIRECTION ( 'NONE',  ( 1.000000000000000000, 0.000000000000000000, 0.000000000000000000 ) ) ;
#1612 = ORIENTED_EDGE ( 'NONE', *, *, #4653, .T. ) ;
#1613 = CARTESIAN_POINT ( 'NONE',  ( 0.000000000000000000, 0.000000000000000000, -2.286999999999999922 ) ) ;
#1614 = CARTESIAN_POINT ( 'NONE',  ( -8.207106781186544353, -5.200000000000001066, 3.049999999999999822 ) ) ;
#1615 = FACE_OUTER_BOUND ( 'NONE', #318, .T. ) ;
#1616 = ORIENTED_EDGE ( 'NONE', *, *, #686, .T. ) ;
#1617 = LINE ( 'NONE', #4237, #1916 ) ;
#1618 = VERTEX_POINT ( 'NONE', #4712 ) ;
#1619 = LINE ( 'NONE', #163, #2992 ) ;
#1620 = FACE_OUTER_BOUND ( 'NONE', #2220, .T. ) ;
#1621 = VECTOR ( 'NONE', #378, 999.9999999999998863 ) ;
#1622 = DIRECTION ( 'NONE',  ( -1.000000000000000000, -6.829619984160659279E-17, 0.000000000000000000 ) ) ;
#1623 = LINE ( 'NONE', #3054, #3636 ) ;
#1624 = VECTOR ( 'NONE', #3426, 1000.000000000000000 ) ;
#1625 = VERTEX_POINT ( 'NONE', #1388 ) ;
#1626 = CARTESIAN_POINT ( 'NONE',  ( 12.69999999999999574, -5.200000000000000178, 3.049999999999999822 ) ) ;
#1627 = EDGE_CURVE ( 'NONE', #3274, #2848, #4345, .T. ) ;
#1628 = EDGE_CURVE ( 'NONE', #2151, #1780, #4369, .T. ) ;
#1629 = DIRECTION ( 'NONE',  ( -0.7071067811865473507, 0.7071067811865477948, 0.000000000000000000 ) ) ;
#1630 = ORIENTED_EDGE ( 'NONE', *, *, #4034, .T. ) ;
#1631 = ORIENTED_EDGE ( 'NONE', *, *, #1073, .T. ) ;
#1632 = LINE ( 'NONE', #2409, #3223 ) ;
#1633 = DIRECTION ( 'NONE',  ( -0.7071067811865477948, 0.7071067811865473507, -0.000000000000000000 ) ) ;
#1634 = CARTESIAN_POINT ( 'NONE',  ( 12.69999999999999929, 6.200000000000001954, 3.049999999999999822 ) ) ;
#1635 = ORIENTED_EDGE ( 'NONE', *, *, #1382, .T. ) ;
#1636 = LINE ( 'NONE', #884, #4384 ) ;
#1637 = FACE_BOUND ( 'NONE', #3708, .T. ) ;
#1638 = EDGE_CURVE ( 'NONE', #4280, #2164, #3279, .T. ) ;
#1639 = CARTESIAN_POINT ( 'NONE',  ( -1.558578927004018011, -2.265685708190569692, -2.286000000000000032 ) ) ;
#1640 = VERTEX_POINT ( 'NONE', #3983 ) ;
#1641 = DIRECTION ( 'NONE',  ( -0.7071067811865479058, -0.7071067811865472397, 0.000000000000000000 ) ) ;
#1642 = ORIENTED_EDGE ( 'NONE', *, *, #1663, .T. ) ;
#1643 = LINE ( 'NONE', #3826, #2132 ) ;
#1644 = VECTOR ( 'NONE', #4339, 1000.000000000000000 ) ;
#1645 = CARTESIAN_POINT ( 'NONE',  ( -1.558578927004018011, 2.265685708190569692, 2.286000000000000032 ) ) ;
#1646 = FACE_OUTER_BOUND ( 'NONE', #3188, .T. ) ;
#1647 = DIRECTION ( 'NONE',  ( -1.000000000000000000, -1.365923996832131116E-16, 0.000000000000000000 ) ) ;
#1648 = CIRCLE ( 'NONE', #3264, 2.100000000000004530 ) ;
#1649 = ORIENTED_EDGE ( 'NONE', *, *, #2768, .T. ) ;
#1650 = LINE ( 'NONE', #3133, #1411 ) ;
#1651 = ORIENTED_EDGE ( 'NONE', *, *, #442, .F. ) ;
#1652 = FACE_OUTER_BOUND ( 'NONE', #1488, .T. ) ;
#1653 = EDGE_CURVE ( 'NONE', #1444, #339, #1133, .T. ) ;
#1654 = DIRECTION ( 'NONE',  ( 1.000000000000000000, 0.000000000000000000, -0.000000000000000000 ) ) ;
#1655 = DIRECTION ( 'NONE',  ( -0.7071067811865473507, 0.7071067811865477948, 0.000000000000000000 ) ) ;
#1656 = VERTEX_POINT ( 'NONE', #3626 ) ;
#1657 = COORDINATED_UNIVERSAL_TIME_OFFSET ( 6, 0, .BEHIND. ) ;
#1658 = LINE ( 'NONE', #1975, #3870 ) ;
#1659 = DIRECTION ( 'NONE',  ( -0.000000000000000000, -0.000000000000000000, -1.000000000000000000 ) ) ;
#1660 = VERTEX_POINT ( 'NONE', #2965 ) ;
#1661 = DIRECTION ( 'NONE',  ( 1.000000000000000000, 0.000000000000000000, 0.000000000000000000 ) ) ;
#1662 = EDGE_CURVE ( 'NONE', #1556, #3413, #2522, .T. ) ;
#1663 = EDGE_CURVE ( 'NONE', #3254, #2483, #2240, .T. ) ;
#1664 = EDGE_LOOP ( 'NONE', ( #2187, #1458, #2118, #4580 ) ) ;
#1665 = DIRECTION ( 'NONE',  ( -1.000000000000000000, 0.000000000000000000, 0.000000000000000000 ) ) ;
#1666 = LINE ( 'NONE', #2349, #4462 ) ;
#1667 = AXIS2_PLACEMENT_3D ( 'NONE', #307, #235, #2512 ) ;
#1668 = CARTESIAN_POINT ( 'NONE',  ( -12.69999999999999929, -5.200000000000001066, -2.286000000000000032 ) ) ;
#1669 = DIRECTION ( 'NONE',  ( 1.000000000000000000, 1.776356839400250465E-15, 0.000000000000000000 ) ) ;
#1670 = AXIS2_PLACEMENT_3D ( 'NONE', #1433, #4080, #3644 ) ;
#1671 = VECTOR ( 'NONE', #3337, 1000.000000000000000 ) ;
#1672 = VECTOR ( 'NONE', #2901, 1000.000000000000000 ) ;
#1673 = EDGE_LOOP ( 'NONE', ( #1877, #4477, #2168, #3692 ) ) ;
#1674 = CARTESIAN_POINT ( 'NONE',  ( -5.218629150101525838, 6.200000000000001954, 3.049999999999999822 ) ) ;
#1675 = AXIS2_PLACEMENT_3D ( 'NONE', #2558, #3237, #1392 ) ;
#1676 = ORIENTED_EDGE ( 'NONE', *, *, #2136, .T. ) ;
#1677 = AXIS2_PLACEMENT_3D ( 'NONE', #289, #2838, #4317 ) ;
#1678 = CARTESIAN_POINT ( 'NONE',  ( 1.558578927004018455, -2.265685708190569692, 2.286000000000000032 ) ) ;
#1679 = CARTESIAN_POINT ( 'NONE',  ( 0.000000000000000000, 0.000000000000000000, -1.000000000000000000 ) ) ;
#1680 = ORIENTED_EDGE ( 'NONE', *, *, #949, .F. ) ;
#1681 = PERSON_AND_ORGANIZATION_ROLE ( 'creator' ) ;
#1682 = CARTESIAN_POINT ( 'NONE',  ( -12.69999999999999929, 0.000000000000000000, 3.049999999999999822 ) ) ;
#1683 = LINE ( 'NONE', #2414, #3079 ) ;
#1684 = ORIENTED_EDGE ( 'NONE', *, *, #233, .T. ) ;
#1685 = VERTEX_POINT ( 'NONE', #3722 ) ;
#1686 = DIRECTION ( 'NONE',  ( -0.000000000000000000, -0.000000000000000000, -1.000000000000000000 ) ) ;
#1687 = ORIENTED_EDGE ( 'NONE', *, *, #3684, .T. ) ;
#1688 = CARTESIAN_POINT ( 'NONE',  ( -12.34644660940672800, -0.3535533905932706222, 1.000000000000000000 ) ) ;
#1689 = EDGE_CURVE ( 'NONE', #3111, #3102, #2942, .T. ) ;
#1690 = ADVANCED_FACE ( 'NONE', ( #1824, #4085, #398, #1149 ), #3308, .T. ) ;
#1691 = DIRECTION ( 'NONE',  ( 1.000000000000000000, 0.000000000000000000, 0.000000000000000000 ) ) ;
#1692 = LINE ( 'NONE', #4311, #2365 ) ;
#1693 = EDGE_CURVE ( 'NONE', #2047, #3930, #77, .T. ) ;
#1694 = ORIENTED_EDGE ( 'NONE', *, *, #4211, .F. ) ;
#1695 = DIRECTION ( 'NONE',  ( 0.7071067811865454633, -0.7071067811865496822, 0.000000000000000000 ) ) ;
#1696 = VECTOR ( 'NONE', #1597, 1000.000000000000000 ) ;
#1697 = VERTEX_POINT ( 'NONE', #3745 ) ;
#1698 = CYLINDRICAL_SURFACE ( 'NONE', #2222, 5.200000000000000178 ) ;
#1699 = VECTOR ( 'NONE', #1154, 1000.000000000000000 ) ;
#1700 = CARTESIAN_POINT ( 'NONE',  ( 5.218629150101521397, -6.200000000000001954, -3.049999999999999822 ) ) ;
#1701 = ORIENTED_EDGE ( 'NONE', *, *, #4318, .T. ) ;
#1702 =( NAMED_UNIT ( * ) SI_UNIT ( $, .STERADIAN. ) SOLID_ANGLE_UNIT ( ) );
#1703 = PLANE ( 'NONE',  #3663 ) ;
#1704 = CARTESIAN_POINT ( 'NONE',  ( 12.70000000000000107, 5.200000000000001066, -2.286000000000000032 ) ) ;
#1705 = VERTEX_POINT ( 'NONE', #4442 ) ;
#1706 = EDGE_LOOP ( 'NONE', ( #8, #4299, #1684, #1373, #4499, #3544 ) ) ;
#1707 = FACE_OUTER_BOUND ( 'NONE', #207, .T. ) ;
#1708 = ORIENTED_EDGE ( 'NONE', *, *, #3938, .F. ) ;
#1709 = LINE ( 'NONE', #1306, #1440 ) ;
#1710 = CARTESIAN_POINT ( 'NONE',  ( 12.70000000000000107, 5.200000000000001066, -3.049999999999999822 ) ) ;
#1711 = AXIS2_PLACEMENT_3D ( 'NONE', #2475, #1405, #3929 ) ;
#1712 = EDGE_CURVE ( 'NONE', #1514, #514, #4494, .T. ) ;
#1713 = EDGE_CURVE ( 'NONE', #3170, #1323, #2627, .T. ) ;
#1714 = CARTESIAN_POINT ( 'NONE',  ( -12.69999999999999929, 6.200000000000000178, -3.049999999999999822 ) ) ;
#1715 = DIRECTION ( 'NONE',  ( 0.7071067811865477948, -0.7071067811865473507, 0.000000000000000000 ) ) ;
#1716 = EDGE_LOOP ( 'NONE', ( #2107, #151, #2276, #995 ) ) ;
#1717 = EDGE_CURVE ( 'NONE', #4191, #766, #43, .T. ) ;
#1718 = EDGE_CURVE ( 'NONE', #3230, #162, #821, .T. ) ;
#1719 = LINE ( 'NONE', #3178, #943 ) ;
#1720 = FACE_OUTER_BOUND ( 'NONE', #2171, .T. ) ;
#1721 = CYLINDRICAL_SURFACE ( 'NONE', #2905, 6.200000000000001066 ) ;
#1722 = ORIENTED_EDGE ( 'NONE', *, *, #206, .F. ) ;
#1723 = LINE ( 'NONE', #3204, #551 ) ;
#1724 = LINE ( 'NONE', #1341, #3618 ) ;
#1725 = ORIENTED_EDGE ( 'NONE', *, *, #2464, .F. ) ;
#1726 = ORIENTED_EDGE ( 'NONE', *, *, #2405, .T. ) ;
#1727 = DIRECTION ( 'NONE',  ( 0.000000000000000000, 0.000000000000000000, 1.000000000000000000 ) ) ;
#1728 = CIRCLE ( 'NONE', #4674, 3.174999999999997602 ) ;
#1729 = ORIENTED_EDGE ( 'NONE', *, *, #2619, .T. ) ;
#1730 = CARTESIAN_POINT ( 'NONE',  ( -5.355761184457495716, 4.648654403270949587, -2.286000000000000032 ) ) ;
#1731 = DIRECTION ( 'NONE',  ( 1.365923996832131116E-16, -1.000000000000000000, 0.000000000000000000 ) ) ;
#1732 = FACE_OUTER_BOUND ( 'NONE', #1757, .T. ) ;
#1733 = APPROVAL ( #2090, 'UNSPECIFIED' ) ;
#1734 = CYLINDRICAL_SURFACE ( 'NONE', #1288, 2.100000000000004530 ) ;
#1735 = VERTEX_POINT ( 'NONE', #1463 ) ;
#1736 = DIRECTION ( 'NONE',  ( -0.7071067811865536790, 0.7071067811865414665, 0.000000000000000000 ) ) ;
#1737 = VECTOR ( 'NONE', #455, 1000.000000000000000 ) ;
#1738 = DIRECTION ( 'NONE',  ( 0.000000000000000000, 0.000000000000000000, 1.000000000000000000 ) ) ;
#1739 = VECTOR ( 'NONE', #282, 1000.000000000000000 ) ;
#1740 = AXIS2_PLACEMENT_3D ( 'NONE', #2213, #4037, #1078 ) ;
#1741 = EDGE_CURVE ( 'NONE', #4371, #3896, #4771, .T. ) ;
#1742 = ADVANCED_FACE ( 'NONE', ( #1101 ), #4108, .F. ) ;
#1743 = CARTESIAN_POINT ( 'NONE',  ( 4.492893218813453160, 5.200000000000000178, 3.049999999999999822 ) ) ;
#1744 = VECTOR ( 'NONE', #348, 1000.000000000000000 ) ;
#1745 = EDGE_CURVE ( 'NONE', #1389, #1545, #732, .T. ) ;
#1746 = AXIS2_PLACEMENT_3D ( 'NONE', #187, #550, #1691 ) ;
#1747 = DIRECTION ( 'NONE',  ( 0.000000000000000000, 0.000000000000000000, 1.000000000000000000 ) ) ;
#1748 = ORIENTED_EDGE ( 'NONE', *, *, #4242, .F. ) ;
#1749 = CARTESIAN_POINT ( 'NONE',  ( 0.000000000000000000, 0.000000000000000000, 0.000000000000000000 ) ) ;
#1750 = DIRECTION ( 'NONE',  ( -0.000000000000000000, -0.000000000000000000, -1.000000000000000000 ) ) ;
#1751 = VECTOR ( 'NONE', #2417, 1000.000000000000000 ) ;
#1752 = CC_DESIGN_APPROVAL ( #3759, ( #3922 ) ) ;
#1753 = AXIS2_PLACEMENT_3D ( 'NONE', #3275, #4681, #1044 ) ;
#1754 = ADVANCED_FACE ( 'NONE', ( #421 ), #3700, .F. ) ;
#1755 = CARTESIAN_POINT ( 'NONE',  ( -6.350000000000001421, 3.654415587728447434, 3.049999999999999822 ) ) ;
#1756 = ORIENTED_EDGE ( 'NONE', *, *, #1803, .T. ) ;
#1757 = EDGE_LOOP ( 'NONE', ( #4404, #1396, #4789, #1029, #4068, #4741, #4683 ) ) ;
#1758 = CARTESIAN_POINT ( 'NONE',  ( 10.59999999999999432, 2.571758278209447380E-16, 2.286000000000000032 ) ) ;
#1759 = DIRECTION ( 'NONE',  ( 0.7071067811865477948, -0.7071067811865473507, 0.000000000000000000 ) ) ;
#1760 = VECTOR ( 'NONE', #1003, 1000.000000000000000 ) ;
#1761 = ORIENTED_EDGE ( 'NONE', *, *, #734, .T. ) ;
#1762 = FACE_OUTER_BOUND ( 'NONE', #3127, .T. ) ;
#1763 = CARTESIAN_POINT ( 'NONE',  ( 6.349999999999997868, 3.654415587728447434, 3.049999999999999822 ) ) ;
#1764 = CARTESIAN_POINT ( 'NONE',  ( -4.804415587728450454, 5.199999999999998401, 3.049999999999999822 ) ) ;
#1765 = CARTESIAN_POINT ( 'NONE',  ( 0.000000000000000000, 0.000000000000000000, -2.286000000000000032 ) ) ;
#1766 = VERTEX_POINT ( 'NONE', #2601 ) ;
#1767 = DIRECTION ( 'NONE',  ( -0.000000000000000000, -0.000000000000000000, 1.000000000000000000 ) ) ;
#1768 = CARTESIAN_POINT ( 'NONE',  ( -12.69999999999999929, -6.199999999999997513, 3.049999999999999822 ) ) ;
#1769 = ORIENTED_EDGE ( 'NONE', *, *, #4297, .F. ) ;
#1770 = FACE_OUTER_BOUND ( 'NONE', #1004, .T. ) ;
#1771 = EDGE_CURVE ( 'NONE', #1123, #3913, #55, .T. ) ;
#1772 = AXIS2_PLACEMENT_3D ( 'NONE', #1783, #4350, #3676 ) ;
#1773 = EDGE_CURVE ( 'NONE', #2466, #2201, #1122, .T. ) ;
#1774 = LINE ( 'NONE', #4008, #4769 ) ;
#1775 = ORIENTED_EDGE ( 'NONE', *, *, #4532, .T. ) ;
#1776 = DIRECTION ( 'NONE',  ( 0.7071067811865477948, -0.7071067811865473507, 0.000000000000000000 ) ) ;
#1777 = ORIENTED_EDGE ( 'NONE', *, *, #2840, .T. ) ;
#1778 = CARTESIAN_POINT ( 'NONE',  ( -9.564617248245442127, -0.5000000000000016653, 2.286000000000000032 ) ) ;
#1779 = VERTEX_POINT ( 'NONE', #1534 ) ;
#1780 = VERTEX_POINT ( 'NONE', #4131 ) ;
#1781 = VECTOR ( 'NONE', #3041, 1000.000000000000000 ) ;
#1782 = LINE ( 'NONE', #4669, #2916 ) ;
#1783 = CARTESIAN_POINT ( 'NONE',  ( -12.69999999999999929, 0.000000000000000000, 1.000000000000000000 ) ) ;
#1784 = EDGE_CURVE ( 'NONE', #4200, #2265, #3769, .T. ) ;
#1785 = VERTEX_POINT ( 'NONE', #624 ) ;
#1786 = DIRECTION ( 'NONE',  ( -1.000000000000000000, -1.365923996832131116E-16, 0.000000000000000000 ) ) ;
#1787 = DIRECTION ( 'NONE',  ( 0.7071067811865477948, -0.7071067811865473507, 0.000000000000000000 ) ) ;
#1788 = ORIENTED_EDGE ( 'NONE', *, *, #3505, .T. ) ;
#1789 = CARTESIAN_POINT ( 'NONE',  ( -18.89999999999999858, 0.000000000000000000, 1.000000000000000000 ) ) ;
#1790 = FACE_OUTER_BOUND ( 'NONE', #1418, .T. ) ;
#1791 = VECTOR ( 'NONE', #1922, 1000.000000000000114 ) ;
#1792 = ORIENTED_EDGE ( 'NONE', *, *, #3802, .T. ) ;
#1793 = CARTESIAN_POINT ( 'NONE',  ( -2.570603795974257810, 1.863497014787714345, 2.286000000000000032 ) ) ;
#1794 = DIRECTION ( 'NONE',  ( -0.7071067811865479058, 0.7071067811865472397, 0.000000000000000000 ) ) ;
#1795 = VERTEX_POINT ( 'NONE', #465 ) ;
#1796 = FACE_OUTER_BOUND ( 'NONE', #4156, .T. ) ;
#1797 = CARTESIAN_POINT ( 'NONE',  ( -12.69999999999999929, -5.200000000000001066, -3.049999999999999822 ) ) ;
#1798 = ORIENTED_EDGE ( 'NONE', *, *, #3766, .F. ) ;
#1799 = DIRECTION ( 'NONE',  ( 1.000000000000000000, 0.000000000000000000, 0.000000000000000000 ) ) ;
#1800 = CIRCLE ( 'NONE', #4119, 3.174999999999997602 ) ;
#1801 = CARTESIAN_POINT ( 'NONE',  ( -15.87499999999999645, 0.000000000000000000, 2.286000000000000032 ) ) ;
#1802 = ORIENTED_EDGE ( 'NONE', *, *, #3051, .T. ) ;
#1803 = EDGE_CURVE ( 'NONE', #2260, #2015, #2671, .T. ) ;
#1804 = ORIENTED_EDGE ( 'NONE', *, *, #3382, .T. ) ;
#1805 = CYLINDRICAL_SURFACE ( 'NONE', #3305, 3.174999999999997602 ) ;
#1806 = CARTESIAN_POINT ( 'NONE',  ( 2.570603795974256478, 1.863497014787715678, -2.286000000000000032 ) ) ;
#1807 = EDGE_LOOP ( 'NONE', ( #3884, #3814, #4649, #2939, #1430, #2556 ) ) ;
#1808 = CARTESIAN_POINT ( 'NONE',  ( -5.355761184457495716, 4.648654403270949587, 3.049999999999999822 ) ) ;
#1809 = EDGE_CURVE ( 'NONE', #591, #867, #2082, .T. ) ;
#1810 = ADVANCED_FACE ( 'NONE', ( #149 ), #3563, .F. ) ;
#1811 = FACE_OUTER_BOUND ( 'NONE', #4419, .T. ) ;
#1812 = VERTEX_POINT ( 'NONE', #831 ) ;
#1813 = DIRECTION ( 'NONE',  ( -0.000000000000000000, -0.000000000000000000, -1.000000000000000000 ) ) ;
#1814 = CARTESIAN_POINT ( 'NONE',  ( 8.207106781186547906, -5.200000000000000178, 3.049999999999999822 ) ) ;
#1815 = CARTESIAN_POINT ( 'NONE',  ( 12.69999999999999929, 5.200000000000000178, 3.049999999999999822 ) ) ;
#1816 = DIRECTION ( 'NONE',  ( 0.7071067811865477948, -0.7071067811865473507, 0.000000000000000000 ) ) ;
#1817 = ORIENTED_EDGE ( 'NONE', *, *, #3176, .T. ) ;
#1818 = CIRCLE ( 'NONE', #192, 3.174999999999997158 ) ;
#1819 = DIRECTION ( 'NONE',  ( 0.7071067811865501263, 0.7071067811865450192, -0.000000000000000000 ) ) ;
#1820 = VERTEX_POINT ( 'NONE', #1554 ) ;
#1821 = DIRECTION ( 'NONE',  ( -0.7071067811865466846, 0.7071067811865484609, 0.000000000000000000 ) ) ;
#1822 = VECTOR ( 'NONE', #3979, 1000.000000000000000 ) ;
#1823 = VERTEX_POINT ( 'NONE', #1605 ) ;
#1824 = FACE_OUTER_BOUND ( 'NONE', #4560, .T. ) ;
#1825 = ORIENTED_EDGE ( 'NONE', *, *, #4744, .T. ) ;
#1826 = ORIENTED_EDGE ( 'NONE', *, *, #3794, .F. ) ;
#1827 = AXIS2_PLACEMENT_3D ( 'NONE', #1858, #4742, #4427 ) ;
#1828 = VECTOR ( 'NONE', #1715, 999.9999999999998863 ) ;
#1829 = PLANE ( 'NONE',  #3611 ) ;
#1830 = CARTESIAN_POINT ( 'NONE',  ( 12.69999999999999929, 0.000000000000000000, -2.286000000000000032 ) ) ;
#1831 = ORIENTED_EDGE ( 'NONE', *, *, #3945, .F. ) ;
#1832 = CARTESIAN_POINT ( 'NONE',  ( 12.69999999999999929, 0.000000000000000000, 2.286000000000000032 ) ) ;
#1833 = VECTOR ( 'NONE', #2296, 1000.000000000000000 ) ;
#1834 = AXIS2_PLACEMENT_3D ( 'NONE', #1356, #2861, #997 ) ;
#1835 = AXIS2_PLACEMENT_3D ( 'NONE', #4212, #3169, #917 ) ;
#1836 = DIRECTION ( 'NONE',  ( 0.000000000000000000, 0.000000000000000000, 1.000000000000000000 ) ) ;
#1837 = VECTOR ( 'NONE', #4553, 1000.000000000000000 ) ;
#1838 = ORIENTED_EDGE ( 'NONE', *, *, #3531, .T. ) ;
#1839 = LINE ( 'NONE', #697, #3293 ) ;
#1840 = EDGE_CURVE ( 'NONE', #2423, #1173, #2472, .T. ) ;
#1841 = EDGE_CURVE ( 'NONE', #4760, #357, #3089, .T. ) ;
#1842 = PLANE ( 'NONE',  #3687 ) ;
#1843 = DIRECTION ( 'NONE',  ( -1.000000000000000000, 0.000000000000000000, 0.000000000000000000 ) ) ;
#1844 = ADVANCED_FACE ( 'NONE', ( #3037 ), #3927, .F. ) ;
#1845 = PLANE ( 'NONE',  #3326 ) ;
#1846 = ORIENTED_EDGE ( 'NONE', *, *, #349, .T. ) ;
#1847 = CYLINDRICAL_SURFACE ( 'NONE', #3762, 3.174999999999997158 ) ;
#1848 = VERTEX_POINT ( 'NONE', #3835 ) ;
#1849 = LINE ( 'NONE', #3329, #410 ) ;
#1850 = ORIENTED_EDGE ( 'NONE', *, *, #623, .T. ) ;
#1851 = CARTESIAN_POINT ( 'NONE',  ( 6.349999999999997868, 3.654415587728447434, 3.049999999999999822 ) ) ;
#1852 = ORIENTED_EDGE ( 'NONE', *, *, #4269, .T. ) ;
#1853 = ORIENTED_EDGE ( 'NONE', *, *, #4122, .T. ) ;
#1854 = CARTESIAN_POINT ( 'NONE',  ( -7.344238815542522225, -4.648654403270934488, 3.049999999999999822 ) ) ;
#1855 = AXIS2_PLACEMENT_3D ( 'NONE', #3418, #3106, #4584 ) ;
#1856 = PLANE ( 'NONE',  #1772 ) ;
#1857 = ORIENTED_EDGE ( 'NONE', *, *, #1307, .T. ) ;
#1858 = CARTESIAN_POINT ( 'NONE',  ( 12.69999999999999929, 0.000000000000000000, 1.000000000000000000 ) ) ;
#1859 = VECTOR ( 'NONE', #2904, 1000.000000000000000 ) ;
#1860 = DIRECTION ( 'NONE',  ( -1.000000000000000000, -1.365923996832131116E-16, 0.000000000000000000 ) ) ;
#1861 = ORIENTED_EDGE ( 'NONE', *, *, #948, .T. ) ;
#1862 = DIRECTION ( 'NONE',  ( -1.000000000000000000, 0.000000000000000000, 0.000000000000000000 ) ) ;
#1863 = LINE ( 'NONE', #4120, #2993 ) ;
#1864 = ADVANCED_FACE ( 'NONE', ( #3422 ), #2742, .F. ) ;
#1865 = EDGE_CURVE ( 'NONE', #1414, #2672, #3194, .T. ) ;
#1866 = LINE ( 'NONE', #1497, #1981 ) ;
#1867 = CARTESIAN_POINT ( 'NONE',  ( -12.69999999999999929, 0.000000000000000000, -1.000000000000000000 ) ) ;
#1868 = EDGE_CURVE ( 'NONE', #4343, #4148, #1208, .T. ) ;
#1869 = ORIENTED_EDGE ( 'NONE', *, *, #4006, .F. ) ;
#1870 = EDGE_CURVE ( 'NONE', #3705, #1423, #97, .T. ) ;
#1871 = AXIS2_PLACEMENT_3D ( 'NONE', #1867, #4101, #3690 ) ;
#1872 = CARTESIAN_POINT ( 'NONE',  ( 7.895584412271554164, 5.200000000000000178, -3.049999999999999822 ) ) ;
#1873 = ORIENTED_EDGE ( 'NONE', *, *, #4092, .F. ) ;
#1874 = CARTESIAN_POINT ( 'NONE',  ( 5.355761184457485946, 4.648654403270942481, -2.286000000000000032 ) ) ;
#1875 = VERTEX_POINT ( 'NONE', #3951 ) ;
#1876 = DIRECTION ( 'NONE',  ( 0.000000000000000000, 0.000000000000000000, 1.000000000000000000 ) ) ;
#1877 = ORIENTED_EDGE ( 'NONE', *, *, #1127, .F. ) ;
#1878 = VERTEX_POINT ( 'NONE', #1576 ) ;
#1879 = DIRECTION ( 'NONE',  ( 1.000000000000000000, 0.000000000000000000, 0.000000000000000000 ) ) ;
#1880 = FACE_OUTER_BOUND ( 'NONE', #2461, .T. ) ;
#1881 = ORIENTED_EDGE ( 'NONE', *, *, #1311, .F. ) ;
#1882 = VERTEX_POINT ( 'NONE', #3058 ) ;
#1883 = DIRECTION ( 'NONE',  ( -0.7071067811865477948, 0.7071067811865473507, -0.000000000000000000 ) ) ;
#1884 = CIRCLE ( 'NONE', #788, 3.174999999999997158 ) ;
#1885 = DIRECTION ( 'NONE',  ( 0.7071067811865536790, -0.7071067811865414665, 0.000000000000000000 ) ) ;
#1886 = ORIENTED_EDGE ( 'NONE', *, *, #4579, .F. ) ;
#1887 = LINE ( 'NONE', #2564, #4767 ) ;
#1888 = CARTESIAN_POINT ( 'NONE',  ( -7.344238815542522225, -4.648654403270934488, -1.000000000000000000 ) ) ;
#1889 = DIRECTION ( 'NONE',  ( 0.000000000000000000, 0.000000000000000000, 1.000000000000000000 ) ) ;
#1890 = DIRECTION ( 'NONE',  ( 0.7071067811865477948, -0.7071067811865473507, 0.000000000000000000 ) ) ;
#1891 = PRODUCT_RELATED_PRODUCT_CATEGORY ( 'detail', '', ( #2736 ) ) ;
#1892 = EDGE_LOOP ( 'NONE', ( #890, #2242, #2825, #3655 ) ) ;
#1893 = ORIENTED_EDGE ( 'NONE', *, *, #798, .F. ) ;
#1894 = DIRECTION ( 'NONE',  ( -0.7071067811865483499, -0.7071067811865465735, 0.000000000000000000 ) ) ;
#1895 = EDGE_CURVE ( 'NONE', #2661, #3744, #3473, .T. ) ;
#1896 = EDGE_CURVE ( 'NONE', #3378, #4793, #2331, .T. ) ;
#1897 = ORIENTED_EDGE ( 'NONE', *, *, #1627, .F. ) ;
#1898 = DIRECTION ( 'NONE',  ( -0.7071067811865466846, 0.7071067811865484609, 0.000000000000000000 ) ) ;
#1899 = ORIENTED_EDGE ( 'NONE', *, *, #366, .T. ) ;
#1900 = ORIENTED_EDGE ( 'NONE', *, *, #4097, .F. ) ;
#1901 = LINE ( 'NONE', #3402, #515 ) ;
#1902 = AXIS2_PLACEMENT_3D ( 'NONE', #4654, #2807, #2855 ) ;
#1903 = LINE ( 'NONE', #3064, #776 ) ;
#1904 = FACE_OUTER_BOUND ( 'NONE', #662, .T. ) ;
#1905 = ORIENTED_EDGE ( 'NONE', *, *, #2785, .F. ) ;
#1906 = DIRECTION ( 'NONE',  ( 0.7071067811865479058, 0.7071067811865472397, -0.000000000000000000 ) ) ;
#1907 = AXIS2_PLACEMENT_3D ( 'NONE', #394, #21, #3349 ) ;
#1908 = EDGE_CURVE ( 'NONE', #108, #3038, #3812, .T. ) ;
#1909 = VECTOR ( 'NONE', #2277, 1000.000000000000000 ) ;
#1910 = AXIS2_PLACEMENT_3D ( 'NONE', #334, #1426, #3972 ) ;
#1911 = CARTESIAN_POINT ( 'NONE',  ( -12.70000000000000284, 5.199999999999997513, 3.049999999999999822 ) ) ;
#1912 = VECTOR ( 'NONE', #1952, 1000.000000000000000 ) ;
#1913 = AXIS2_PLACEMENT_3D ( 'NONE', #3416, #386, #92 ) ;
#1914 = ORIENTED_EDGE ( 'NONE', *, *, #1713, .F. ) ;
#1915 = PLANE ( 'NONE',  #3605 ) ;
#1916 = VECTOR ( 'NONE', #4601, 1000.000000000000000 ) ;
#1917 = AXIS2_PLACEMENT_3D ( 'NONE', #2562, #2876, #621 ) ;
#1918 = CARTESIAN_POINT ( 'NONE',  ( 5.355761184457477952, -4.648654403270934488, -1.000000000000000000 ) ) ;
#1919 = FACE_OUTER_BOUND ( 'NONE', #877, .T. ) ;
#1920 = DIRECTION ( 'NONE',  ( 2.601884744300114343E-16, -1.000000000000000000, 0.000000000000000000 ) ) ;
#1921 = ORIENTED_EDGE ( 'NONE', *, *, #4806, .F. ) ;
#1922 = DIRECTION ( 'NONE',  ( 0.7071067811865483499, 0.7071067811865465735, -0.000000000000000000 ) ) ;
#1923 = CARTESIAN_POINT ( 'NONE',  ( 6.349999999999998757, -5.068629150101524594, 3.049999999999999822 ) ) ;
#1924 = VERTEX_POINT ( 'NONE', #4222 ) ;
#1925 = ORIENTED_EDGE ( 'NONE', *, *, #2194, .F. ) ;
#1926 = DIRECTION ( 'NONE',  ( -1.000000000000000000, -6.829619984160659279E-17, 0.000000000000000000 ) ) ;
#1927 = ADVANCED_FACE ( 'NONE', ( #965 ), #1967, .F. ) ;
#1928 = ADVANCED_FACE ( 'NONE', ( #3110 ), #2446, .T. ) ;
#1929 = CARTESIAN_POINT ( 'NONE',  ( -8.895584412271597685, 6.199999999999999289, 3.049999999999999822 ) ) ;
#1930 = CARTESIAN_POINT ( 'NONE',  ( 7.344238815542510679, -4.648654403270944258, 3.049999999999999822 ) ) ;
#1931 = ORIENTED_EDGE ( 'NONE', *, *, #2641, .T. ) ;
#1932 = LINE ( 'NONE', #3407, #3538 ) ;
#1933 = FACE_OUTER_BOUND ( 'NONE', #268, .T. ) ;
#1934 = EDGE_CURVE ( 'NONE', #1199, #659, #4798, .T. ) ;
#1935 = ORIENTED_EDGE ( 'NONE', *, *, #3679, .T. ) ;
#1936 = FACE_OUTER_BOUND ( 'NONE', #327, .T. ) ;
#1937 = VECTOR ( 'NONE', #715, 1000.000000000000000 ) ;
#1938 = CARTESIAN_POINT ( 'NONE',  ( -10.83650298521228983, 2.570603795974261363, 2.286000000000000032 ) ) ;
#1939 = CLOSED_SHELL ( 'NONE', ( #2931, #261, #1162, #3476, #4675, #450, #1985, #4247, #1163, #3975, #4333, #4153, #24, #4061, #2455, #1454, #90, #922, #2316, #1993, #679, #501, #1248, #1139, #1282, #1394, #1754, #2584, #3469, #451, #3767, #1928, #3883, #4534, #3088, #474, #1602, #2049, #1310, #3906, #774, #1126, #35, #2640, #2900, #1393, #4657, #3616, #4289, #2077, #3056, #4000, #2398, #2281, #2200, #1213, #3325, #3083, #4127, #2159, #4526, #1542, #3586, #3226, #3415, #388, #4414, #3792, #3410, #2996, #706, #4447, #2230, #4630, #3024, #2554, #3471, #4480, #3801, #1352, #4420, #1690, #1964, #2380, #1608, #3497, #3607, #3259, #2231, #1187, #4145, #3617, #3195, #3654, #325, #2732, #855, #4210, #3466, #2972, #2694, #1278, #4679, #3385, #2073, #66, #1219, #1214, #619, #1844, #3557, #1092, #1810, #4121, #1959, #3440, #1742, #1399, #751, #2344, #4098, #240, #1927, #2614, #502, #4708, #2103, #3581, #1008, #2379, #475, #2348, #1098, #3087, #295, #1012, #2936, #3998, #3714, #351, #1864, #4413, #2125 ) ) ;
#1940 = CARTESIAN_POINT ( 'NONE',  ( 8.207106781186547906, 5.200000000000000178, -1.000000000000000000 ) ) ;
#1941 = CARTESIAN_POINT ( 'NONE',  ( 10.12939620402574192, 1.863497014787714345, -1.000000000000000000 ) ) ;
#1942 = ORIENTED_EDGE ( 'NONE', *, *, #1653, .F. ) ;
#1943 = CARTESIAN_POINT ( 'NONE',  ( -10.12939620402574192, 1.863497014787714789, -2.286000000000000032 ) ) ;
#1944 = CARTESIAN_POINT ( 'NONE',  ( 12.69999999999999929, 0.000000000000000000, -2.286000000000000032 ) ) ;
#1945 = ORIENTED_EDGE ( 'NONE', *, *, #2875, .T. ) ;
#1946 = ORIENTED_EDGE ( 'NONE', *, *, #4686, .T. ) ;
#1947 = CARTESIAN_POINT ( 'NONE',  ( 0.000000000000000000, 0.000000000000000000, -1.000000000000000000 ) ) ;
#1948 = VECTOR ( 'NONE', #3543, 1000.000000000000000 ) ;
#1949 = DIRECTION ( 'NONE',  ( 1.000000000000000000, 2.601884744300114836E-16, 0.000000000000000000 ) ) ;
#1950 = ORIENTED_EDGE ( 'NONE', *, *, #3260, .F. ) ;
#1951 = VERTEX_POINT ( 'NONE', #3292 ) ;
#1952 = DIRECTION ( 'NONE',  ( -0.7071067811865479058, -0.7071067811865472397, 0.000000000000000000 ) ) ;
#1953 = DIRECTION ( 'NONE',  ( 1.000000000000000000, 0.000000000000000000, 0.000000000000000000 ) ) ;
#1954 = EDGE_CURVE ( 'NONE', #200, #1697, #1518, .T. ) ;
#1955 = FACE_OUTER_BOUND ( 'NONE', #3674, .T. ) ;
#1956 = CARTESIAN_POINT ( 'NONE',  ( -12.69999999999999929, 0.000000000000000000, -1.000000000000000000 ) ) ;
#1957 = ORIENTED_EDGE ( 'NONE', *, *, #2403, .F. ) ;
#1958 = CARTESIAN_POINT ( 'NONE',  ( -12.69999999999999929, 0.000000000000000000, 3.049999999999999822 ) ) ;
#1959 = ADVANCED_FACE ( 'NONE', ( #2124 ), #645, .F. ) ;
#1960 = EDGE_CURVE ( 'NONE', #1129, #3637, #256, .T. ) ;
#1961 = DIRECTION ( 'NONE',  ( 0.000000000000000000, 0.000000000000000000, -1.000000000000000000 ) ) ;
#1962 = LINE ( 'NONE', #845, #39 ) ;
#1963 = LINE ( 'NONE', #1237, #2324 ) ;
#1964 = ADVANCED_FACE ( 'NONE', ( #1016 ), #1734, .F. ) ;
#1965 = ORIENTED_EDGE ( 'NONE', *, *, #1420, .T. ) ;
#1966 = FACE_OUTER_BOUND ( 'NONE', #781, .T. ) ;
#1967 = PLANE ( 'NONE',  #2759 ) ;
#1968 = ORIENTED_EDGE ( 'NONE', *, *, #143, .T. ) ;
#1969 = VERTEX_POINT ( 'NONE', #4385 ) ;
#1970 = CARTESIAN_POINT ( 'NONE',  ( -6.350000000000000533, -5.068629150101524594, -3.049999999999999822 ) ) ;
#1971 = DIRECTION ( 'NONE',  ( 0.000000000000000000, 0.000000000000000000, 1.000000000000000000 ) ) ;
#1972 = CARTESIAN_POINT ( 'NONE',  ( -7.344238815542520449, -4.648654403270935376, 1.000000000000000000 ) ) ;
#1973 = ORIENTED_EDGE ( 'NONE', *, *, #2957, .F. ) ;
#1974 = LINE ( 'NONE', #1180, #46 ) ;
#1975 = CARTESIAN_POINT ( 'NONE',  ( -5.204356076261039910, 0.5000000000000005551, 2.286000000000000032 ) ) ;
#1976 = LINE ( 'NONE', #1275, #914 ) ;
#1977 = VERTEX_POINT ( 'NONE', #723 ) ;
#1978 = LINE ( 'NONE', #960, #4312 ) ;
#1979 = ORIENTED_EDGE ( 'NONE', *, *, #3779, .T. ) ;
#1980 = CARTESIAN_POINT ( 'NONE',  ( 3.804415587728402492, -6.199999999999999289, 3.049999999999999822 ) ) ;
#1981 = VECTOR ( 'NONE', #17, 1000.000000000000000 ) ;
#1982 = VECTOR ( 'NONE', #1486, 1000.000000000000000 ) ;
#1983 = DIRECTION ( 'NONE',  ( -0.000000000000000000, -0.000000000000000000, -1.000000000000000000 ) ) ;
#1984 = AXIS2_PLACEMENT_3D ( 'NONE', #549, #941, #2076 ) ;
#1985 = ADVANCED_FACE ( 'NONE', ( #1066 ), #4777, .T. ) ;
#1986 = EDGE_CURVE ( 'NONE', #4591, #1735, #1401, .T. ) ;
#1987 = CARTESIAN_POINT ( 'NONE',  ( -7.344238815542522225, -4.648654403270934488, -2.286000000000000032 ) ) ;
#1988 = CARTESIAN_POINT ( 'NONE',  ( -7.481370849898477893, -6.200000000000001954, -3.049999999999999822 ) ) ;
#1989 =( GEOMETRIC_REPRESENTATION_CONTEXT ( 3 ) GLOBAL_UNCERTAINTY_ASSIGNED_CONTEXT ( ( #629 ) ) GLOBAL_UNIT_ASSIGNED_CONTEXT ( ( #4231, #4642, #1702 ) ) REPRESENTATION_CONTEXT ( 'NONE', 'WORKASPACE' ) );
#1990 = AXIS2_PLACEMENT_3D ( 'NONE', #2110, #2911, #2454 ) ;
#1991 = ORIENTED_EDGE ( 'NONE', *, *, #2517, .F. ) ;
#1992 = AXIS2_PLACEMENT_3D ( 'NONE', #3072, #2706, #4623 ) ;
#1993 = ADVANCED_FACE ( 'NONE', ( #2494 ), #2542, .F. ) ;
#1994 = DIRECTION ( 'NONE',  ( 0.7071067811865483499, -0.7071067811865466846, 0.000000000000000000 ) ) ;
#1995 = DIRECTION ( 'NONE',  ( -0.7071067811865466846, 0.7071067811865483499, 0.000000000000000000 ) ) ;
#1996 = ORIENTED_EDGE ( 'NONE', *, *, #3582, .T. ) ;
#1997 = EDGE_LOOP ( 'NONE', ( #3651, #2673, #1326, #718 ) ) ;
#1998 = DIRECTION ( 'NONE',  ( 0.7071067811865469066, 0.7071067811865481278, -0.000000000000000000 ) ) ;
#1999 = CARTESIAN_POINT ( 'NONE',  ( 1.863497014787710127, 2.570603795974261363, 2.286000000000000032 ) ) ;
#2000 = FACE_OUTER_BOUND ( 'NONE', #492, .T. ) ;
#2001 = ORIENTED_EDGE ( 'NONE', *, *, #1247, .F. ) ;
#2002 = CARTESIAN_POINT ( 'NONE',  ( 7.495643923738959380, -0.5000000000000005551, 2.286000000000000032 ) ) ;
#2003 = LINE ( 'NONE', #4598, #2162 ) ;
#2004 = FACE_OUTER_BOUND ( 'NONE', #3526, .T. ) ;
#2005 = EDGE_LOOP ( 'NONE', ( #3843, #4449, #3984, #2886 ) ) ;
#2006 = CARTESIAN_POINT ( 'NONE',  ( -9.564617248245440351, 0.5000000000000016653, 2.286000000000000032 ) ) ;
#2007 = ORIENTED_EDGE ( 'NONE', *, *, #2017, .F. ) ;
#2008 = DIRECTION ( 'NONE',  ( 0.000000000000000000, 0.000000000000000000, 1.000000000000000000 ) ) ;
#2009 = DIRECTION ( 'NONE',  ( -0.7071067811865479058, 0.7071067811865472397, 0.000000000000000000 ) ) ;
#2010 = VECTOR ( 'NONE', #1443, 1000.000000000000000 ) ;
#2011 = FACE_OUTER_BOUND ( 'NONE', #3933, .T. ) ;
#2012 = CARTESIAN_POINT ( 'NONE',  ( 8.207106781186547906, 5.200000000000000178, -2.286000000000000032 ) ) ;
#2013 = EDGE_CURVE ( 'NONE', #1342, #3595, #3243, .T. ) ;
#2014 = VECTOR ( 'NONE', #1767, 1000.000000000000000 ) ;
#2015 = VERTEX_POINT ( 'NONE', #2565 ) ;
#2016 = CARTESIAN_POINT ( 'NONE',  ( 10.59999999999999432, 2.571758278209447380E-16, -2.286999999999999922 ) ) ;
#2017 = EDGE_CURVE ( 'NONE', #2903, #874, #2299, .T. ) ;
#2018 = EDGE_CURVE ( 'NONE', #1299, #3776, #283, .T. ) ;
#2019 = VERTEX_POINT ( 'NONE', #2232 ) ;
#2020 = CARTESIAN_POINT ( 'NONE',  ( -7.697792206135830817, 5.002207793864255514, 1.000000000000000000 ) ) ;
#2021 = CARTESIAN_POINT ( 'NONE',  ( 5.218629150101521397, -6.200000000000001954, 3.049999999999999822 ) ) ;
#2022 = DIRECTION ( 'NONE',  ( -0.7071067811865477948, -0.7071067811865473507, 0.000000000000000000 ) ) ;
#2023 = ORIENTED_EDGE ( 'NONE', *, *, #3680, .T. ) ;
#2024 = FACE_OUTER_BOUND ( 'NONE', #3474, .T. ) ;
#2025 = LINE ( 'NONE', #3506, #754 ) ;
#2026 = VECTOR ( 'NONE', #3765, 1000.000000000000000 ) ;
#2027 = ORIENTED_EDGE ( 'NONE', *, *, #233, .F. ) ;
#2028 = DIRECTION ( 'NONE',  ( -0.000000000000000000, -0.000000000000000000, -1.000000000000000000 ) ) ;
#2029 = ORIENTED_EDGE ( 'NONE', *, *, #4656, .T. ) ;
#2030 = FACE_OUTER_BOUND ( 'NONE', #916, .T. ) ;
#2031 = DIRECTION ( 'NONE',  ( 0.000000000000000000, 1.000000000000000000, 0.000000000000000000 ) ) ;
#2032 = CARTESIAN_POINT ( 'NONE',  ( -12.69999999999999929, -5.200000000000001066, -3.049999999999999822 ) ) ;
#2033 = DIRECTION ( 'NONE',  ( 0.000000000000000000, 0.000000000000000000, 1.000000000000000000 ) ) ;
#2034 = VECTOR ( 'NONE', #2741, 1000.000000000000000 ) ;
#2035 = ORIENTED_EDGE ( 'NONE', *, *, #4034, .F. ) ;
#2036 = DIRECTION ( 'NONE',  ( -0.000000000000000000, -0.000000000000000000, 1.000000000000000000 ) ) ;
#2037 = VERTEX_POINT ( 'NONE', #3661 ) ;
#2038 = FACE_OUTER_BOUND ( 'NONE', #1460, .T. ) ;
#2039 = PLANE ( 'NONE',  #2860 ) ;
#2040 = EDGE_CURVE ( 'NONE', #4280, #1795, #3298, .T. ) ;
#2041 = EDGE_CURVE ( 'NONE', #3705, #4366, #3219, .T. ) ;
#2042 = CARTESIAN_POINT ( 'NONE',  ( -1.347792206135857151, -11.35220779386422407, 1.000000000000000000 ) ) ;
#2043 = ORIENTED_EDGE ( 'NONE', *, *, #3175, .F. ) ;
#2044 = CARTESIAN_POINT ( 'NONE',  ( 12.69999999999999929, 0.000000000000000000, 3.049999999999999822 ) ) ;
#2045 = DIRECTION ( 'NONE',  ( 1.000000000000000000, 6.829619984160659279E-17, 0.000000000000000000 ) ) ;
#2046 = ORIENTED_EDGE ( 'NONE', *, *, #1809, .F. ) ;
#2047 = VERTEX_POINT ( 'NONE', #309 ) ;
#2048 = LINE ( 'NONE', #939, #48 ) ;
#2049 = ADVANCED_FACE ( 'NONE', ( #1790 ), #1842, .F. ) ;
#2050 = ORIENTED_EDGE ( 'NONE', *, *, #2934, .T. ) ;
#2051 = CARTESIAN_POINT ( 'NONE',  ( -6.350000000000003197, -3.654415587728423898, 2.286000000000000032 ) ) ;
#2052 = CARTESIAN_POINT ( 'NONE',  ( 7.344238815542503573, 4.648654403270950475, 1.000000000000000444 ) ) ;
#2053 = AXIS2_PLACEMENT_3D ( 'NONE', #4408, #3340, #38 ) ;
#2054 = LINE ( 'NONE', #3216, #818 ) ;
#2055 = AXIS2_PLACEMENT_3D ( 'NONE', #1563, #3362, #1544 ) ;
#2056 = CIRCLE ( 'NONE', #4076, 5.200000000000000178 ) ;
#2057 = AXIS2_PLACEMENT_3D ( 'NONE', #2856, #752, #2879 ) ;
#2058 = ORIENTED_EDGE ( 'NONE', *, *, #111, .T. ) ;
#2059 = VECTOR ( 'NONE', #1906, 999.9999999999998863 ) ;
#2060 = CARTESIAN_POINT ( 'NONE',  ( 12.69999999999999929, 6.200000000000001954, 3.049999999999999822 ) ) ;
#2061 = AXIS2_PLACEMENT_3D ( 'NONE', #4692, #2193, #3282 ) ;
#2062 = EDGE_LOOP ( 'NONE', ( #1080, #546, #2626, #1464, #1893, #1227, #466 ) ) ;
#2063 = AXIS2_PLACEMENT_3D ( 'NONE', #1678, #1998, #4568 ) ;
#2064 = CARTESIAN_POINT ( 'NONE',  ( -4.804415587728443349, 5.199999999999998401, 3.049999999999999822 ) ) ;
#2065 = CARTESIAN_POINT ( 'NONE',  ( 1.863497014787710571, 2.570603795974260919, -2.286000000000000032 ) ) ;
#2066 = EDGE_LOOP ( 'NONE', ( #1244, #4796, #4197, #3761, #2263, #3818, #2600 ) ) ;
#2067 = PERSON_AND_ORGANIZATION ( #4126, #1290 ) ;
#2068 = DIRECTION ( 'NONE',  ( -0.7071067811865473507, -0.7071067811865477948, 0.000000000000000000 ) ) ;
#2069 = DIRECTION ( 'NONE',  ( 0.7071067811865450192, -0.7071067811865501263, 0.000000000000000000 ) ) ;
#2070 = VERTEX_POINT ( 'NONE', #4409 ) ;
#2071 = EDGE_CURVE ( 'NONE', #2338, #395, #2953, .T. ) ;
#2072 = VERTEX_POINT ( 'NONE', #4142 ) ;
#2073 = ADVANCED_FACE ( 'NONE', ( #1234 ), #871, .F. ) ;
#2074 = CARTESIAN_POINT ( 'NONE',  ( -12.69999999999999929, 0.000000000000000000, 1.000000000000000000 ) ) ;
#2075 = ORIENTED_EDGE ( 'NONE', *, *, #1895, .T. ) ;
#2076 = DIRECTION ( 'NONE',  ( -0.7071067811865536790, 0.7071067811865414665, 0.000000000000000000 ) ) ;
#2077 = ADVANCED_FACE ( 'NONE', ( #3008 ), #3394, .F. ) ;
#2078 = EDGE_CURVE ( 'NONE', #2407, #786, #4168, .T. ) ;
#2079 = DIRECTION ( 'NONE',  ( -0.7071067811865496822, -0.7071067811865454633, 0.000000000000000000 ) ) ;
#2080 = DIRECTION ( 'NONE',  ( 0.000000000000000000, 0.000000000000000000, 1.000000000000000000 ) ) ;
#2081 = EDGE_CURVE ( 'NONE', #3928, #1618, #41, .T. ) ;
#2082 = LINE ( 'NONE', #4154, #273 ) ;
#2083 = ORIENTED_EDGE ( 'NONE', *, *, #2040, .F. ) ;
#2084 = DIRECTION ( 'NONE',  ( 1.000000000000000000, 0.000000000000000000, 0.000000000000000000 ) ) ;
#2085 = AXIS2_PLACEMENT_3D ( 'NONE', #3704, #326, #2536 ) ;
#2086 = DIRECTION ( 'NONE',  ( 0.000000000000000000, 0.000000000000000000, 1.000000000000000000 ) ) ;
#2087 = CIRCLE ( 'NONE', #3564, 3.174999999999997158 ) ;
#2088 = DIRECTION ( 'NONE',  ( 0.000000000000000000, 0.000000000000000000, 1.000000000000000000 ) ) ;
#2089 = VERTEX_POINT ( 'NONE', #1938 ) ;
#2090 = APPROVAL_STATUS ( 'not_yet_approved' ) ;
#2091 = CARTESIAN_POINT ( 'NONE',  ( -5.002207793864249297, -7.697792206135769533, 1.000000000000000000 ) ) ;
#2092 = CARTESIAN_POINT ( 'NONE',  ( 5.355761184457477952, -4.648654403270934488, 3.049999999999999822 ) ) ;
#2093 = ORIENTED_EDGE ( 'NONE', *, *, #2040, .T. ) ;
#2094 = VERTEX_POINT ( 'NONE', #3080 ) ;
#2095 = DIRECTION ( 'NONE',  ( 0.000000000000000000, 0.000000000000000000, 1.000000000000000000 ) ) ;
#2096 = EDGE_LOOP ( 'NONE', ( #1725, #4240, #4382, #4348 ) ) ;
#2097 = FACE_BOUND ( 'NONE', #837, .T. ) ;
#2098 = EDGE_CURVE ( 'NONE', #2228, #1250, #775, .T. ) ;
#2099 = CARTESIAN_POINT ( 'NONE',  ( 5.218629150101521397, 6.200000000000001954, -3.049999999999999822 ) ) ;
#2100 = DIRECTION ( 'NONE',  ( -1.000000000000000000, -2.601884744300114836E-16, -0.000000000000000000 ) ) ;
#2101 = CIRCLE ( 'NONE', #3960, 2.100000000000004530 ) ;
#2102 = DIRECTION ( 'NONE',  ( 1.000000000000000000, 0.000000000000000000, -0.000000000000000000 ) ) ;
#2103 = ADVANCED_FACE ( 'NONE', ( #4456 ), #2977, .F. ) ;
#2104 = EDGE_CURVE ( 'NONE', #2880, #2657, #2254, .T. ) ;
#2105 = CARTESIAN_POINT ( 'NONE',  ( 0.000000000000000000, 0.000000000000000000, 2.286000000000000032 ) ) ;
#2106 = APPLICATION_CONTEXT ( 'configuration controlled 3d designs of mechanical parts and assemblies' ) ;
#2107 = ORIENTED_EDGE ( 'NONE', *, *, #4532, .F. ) ;
#2108 = EDGE_CURVE ( 'NONE', #808, #1685, #3733, .T. ) ;
#2109 = CARTESIAN_POINT ( 'NONE',  ( 0.000000000000000000, 0.000000000000000000, 1.000000000000000000 ) ) ;
#2110 = CARTESIAN_POINT ( 'NONE',  ( -12.69999999999999929, 0.000000000000000000, 1.000000000000000000 ) ) ;
#2111 = LINE ( 'NONE', #177, #2973 ) ;
#2112 = VERTEX_POINT ( 'NONE', #110 ) ;
#2113 = DIRECTION ( 'NONE',  ( 1.000000000000000000, 0.000000000000000000, 0.000000000000000000 ) ) ;
#2114 = FACE_OUTER_BOUND ( 'NONE', #4732, .T. ) ;
#2115 = ORIENTED_EDGE ( 'NONE', *, *, #1157, .T. ) ;
#2116 = PLANE ( 'NONE',  #3464 ) ;
#2117 = ORIENTED_EDGE ( 'NONE', *, *, #2787, .F. ) ;
#2118 = ORIENTED_EDGE ( 'NONE', *, *, #3558, .F. ) ;
#2119 = CARTESIAN_POINT ( 'NONE',  ( -5.996446609406733685, -6.703553390593270045, -1.000000000000000000 ) ) ;
#2120 = VERTEX_POINT ( 'NONE', #1569 ) ;
#2121 = DIRECTION ( 'NONE',  ( -0.000000000000000000, -0.000000000000000000, -1.000000000000000000 ) ) ;
#2122 = DIRECTION ( 'NONE',  ( 1.000000000000000000, 0.000000000000000000, 0.000000000000000000 ) ) ;
#2123 = CYLINDRICAL_SURFACE ( 'NONE', #1902, 3.174999999999997158 ) ;
#2124 = FACE_OUTER_BOUND ( 'NONE', #2801, .T. ) ;
#2125 = ADVANCED_FACE ( 'NONE', ( #1592 ), #2711, .F. ) ;
#2126 = AXIS2_PLACEMENT_3D ( 'NONE', #3130, #93, #4169 ) ;
#2127 = ORIENTED_EDGE ( 'NONE', *, *, #798, .T. ) ;
#2128 = EDGE_CURVE ( 'NONE', #4638, #1342, #2217, .T. ) ;
#2129 = FACE_OUTER_BOUND ( 'NONE', #1439, .T. ) ;
#2130 = CIRCLE ( 'NONE', #266, 3.174999999999997158 ) ;
#2131 = CARTESIAN_POINT ( 'NONE',  ( 12.69999999999999929, 0.000000000000000000, -2.286000000000000032 ) ) ;
#2132 = VECTOR ( 'NONE', #2662, 1000.000000000000000 ) ;
#2133 = VECTOR ( 'NONE', #1221, 1000.000000000000000 ) ;
#2134 = EDGE_CURVE ( 'NONE', #2661, #1514, #3712, .T. ) ;
#2135 = VERTEX_POINT ( 'NONE', #1888 ) ;
#2136 = EDGE_CURVE ( 'NONE', #2921, #2112, #1863, .T. ) ;
#2137 = CARTESIAN_POINT ( 'NONE',  ( -7.481370849898477893, -6.200000000000001954, -3.049999999999999822 ) ) ;
#2138 = VECTOR ( 'NONE', #2762, 1000.000000000000000 ) ;
#2139 = DIRECTION ( 'NONE',  ( 0.7071067811865477948, -0.7071067811865473507, 0.000000000000000000 ) ) ;
#2140 = ORIENTED_EDGE ( 'NONE', *, *, #4246, .T. ) ;
#2141 = DIRECTION ( 'NONE',  ( 0.000000000000000000, 0.000000000000000000, -1.000000000000000000 ) ) ;
#2142 = VECTOR ( 'NONE', #4648, 1000.000000000000000 ) ;
#2143 = EDGE_CURVE ( 'NONE', #4042, #3038, #2278, .T. ) ;
#2144 = AXIS2_PLACEMENT_3D ( 'NONE', #3241, #4406, #2122 ) ;
#2145 = DIRECTION ( 'NONE',  ( 1.000000000000000000, 0.000000000000000000, 0.000000000000000000 ) ) ;
#2146 = ORIENTED_EDGE ( 'NONE', *, *, #1485, .T. ) ;
#2147 = EDGE_LOOP ( 'NONE', ( #4201, #1680, #392, #2891 ) ) ;
#2148 = CARTESIAN_POINT ( 'NONE',  ( -13.05355339059327768, 0.3535533905932778942, 1.000000000000000000 ) ) ;
#2149 = DIRECTION ( 'NONE',  ( 1.000000000000000000, 0.000000000000000000, 0.000000000000000000 ) ) ;
#2150 = AXIS2_PLACEMENT_3D ( 'NONE', #1585, #159, #4258 ) ;
#2151 = VERTEX_POINT ( 'NONE', #1918 ) ;
#2152 = DIRECTION ( 'NONE',  ( 0.000000000000000000, 0.000000000000000000, -1.000000000000000000 ) ) ;
#2153 = DIRECTION ( 'NONE',  ( 0.7071067811865536790, -0.7071067811865414665, 0.000000000000000000 ) ) ;
#2154 = DIRECTION ( 'NONE',  ( 1.000000000000000000, 0.000000000000000000, 0.000000000000000000 ) ) ;
#2155 = DIRECTION ( 'NONE',  ( 1.000000000000000000, 0.000000000000000000, 0.000000000000000000 ) ) ;
#2156 = ORIENTED_EDGE ( 'NONE', *, *, #4070, .F. ) ;
#2157 = CARTESIAN_POINT ( 'NONE',  ( 4.804415587728401604, -5.200000000000007283, -2.286000000000000032 ) ) ;
#2158 = CARTESIAN_POINT ( 'NONE',  ( 1.863497014787710127, -2.570603795974261807, 2.286000000000000032 ) ) ;
#2159 = ADVANCED_FACE ( 'NONE', ( #3031 ), #4508, .T. ) ;
#2160 = ORIENTED_EDGE ( 'NONE', *, *, #4097, .T. ) ;
#2161 = DIRECTION ( 'NONE',  ( -0.7071067811865473507, -0.7071067811865477948, 0.000000000000000000 ) ) ;
#2162 = VECTOR ( 'NONE', #3482, 1000.000000000000000 ) ;
#2163 = CARTESIAN_POINT ( 'NONE',  ( -7.481370849898477893, 6.200000000000001954, -3.049999999999999822 ) ) ;
#2164 = VERTEX_POINT ( 'NONE', #3783 ) ;
#2165 = CARTESIAN_POINT ( 'NONE',  ( 12.69999999999999929, 0.000000000000000000, -1.000000000000000000 ) ) ;
#2166 = EDGE_CURVE ( 'NONE', #989, #2638, #458, .T. ) ;
#2167 = EDGE_CURVE ( 'NONE', #3090, #703, #2806, .T. ) ;
#2168 = ORIENTED_EDGE ( 'NONE', *, *, #4781, .F. ) ;
#2169 = DIRECTION ( 'NONE',  ( -1.000000000000000000, -1.365923996832131116E-16, 0.000000000000000000 ) ) ;
#2170 = ORIENTED_EDGE ( 'NONE', *, *, #91, .T. ) ;
#2171 = EDGE_LOOP ( 'NONE', ( #1222, #1195, #4107, #2284, #2416, #3908 ) ) ;
#2172 = CARTESIAN_POINT ( 'NONE',  ( -12.69999999999999929, 0.000000000000000000, 3.049999999999999822 ) ) ;
#2173 = CYLINDRICAL_SURFACE ( 'NONE', #535, 3.174999999999997158 ) ;
#2174 = VERTEX_POINT ( 'NONE', #1260 ) ;
#2175 = CARTESIAN_POINT ( 'NONE',  ( -17.89999999999999858, 0.000000000000000000, -1.000000000000000000 ) ) ;
#2176 = DIRECTION ( 'NONE',  ( 0.000000000000000000, -1.000000000000000000, 0.000000000000000000 ) ) ;
#2177 = ORIENTED_EDGE ( 'NONE', *, *, #4806, .T. ) ;
#2178 = PLANE ( 'NONE',  #2675 ) ;
#2179 = CARTESIAN_POINT ( 'NONE',  ( -12.69999999999999929, 0.000000000000000000, -2.286999999999999922 ) ) ;
#2180 = AXIS2_PLACEMENT_3D ( 'NONE', #2165, #319, #1799 ) ;
#2181 = CARTESIAN_POINT ( 'NONE',  ( -12.69999999999999929, 0.000000000000000000, 2.286000000000000032 ) ) ;
#2182 = CARTESIAN_POINT ( 'NONE',  ( -12.69999999999999929, 0.000000000000000000, 1.000000000000000000 ) ) ;
#2183 = EDGE_LOOP ( 'NONE', ( #2804, #4571, #3517, #2, #1676, #2289, #1124 ) ) ;
#2184 = DIRECTION ( 'NONE',  ( -0.7071067811865473507, 0.7071067811865477948, 0.000000000000000000 ) ) ;
#2185 = CC_DESIGN_DATE_AND_TIME_ASSIGNMENT ( #609, #3934, ( #2603 ) ) ;
#2186 = DIRECTION ( 'NONE',  ( -0.000000000000000000, -0.000000000000000000, -1.000000000000000000 ) ) ;
#2187 = ORIENTED_EDGE ( 'NONE', *, *, #3175, .T. ) ;
#2188 = FACE_OUTER_BOUND ( 'NONE', #3119, .T. ) ;
#2189 = EDGE_LOOP ( 'NONE', ( #4521, #883, #3977, #4567 ) ) ;
#2190 = DIRECTION ( 'NONE',  ( 1.000000000000000000, 0.000000000000000000, 0.000000000000000000 ) ) ;
#2191 = ORIENTED_EDGE ( 'NONE', *, *, #2819, .F. ) ;
#2192 = ORIENTED_EDGE ( 'NONE', *, *, #2854, .T. ) ;
#2193 = DIRECTION ( 'NONE',  ( 0.7071067811865450192, -0.7071067811865501263, 0.000000000000000000 ) ) ;
#2194 = EDGE_CURVE ( 'NONE', #4591, #3182, #894, .T. ) ;
#2195 = EDGE_CURVE ( 'NONE', #3585, #2423, #4622, .T. ) ;
#2196 = DIRECTION ( 'NONE',  ( -0.000000000000000000, -0.000000000000000000, -1.000000000000000000 ) ) ;
#2197 = ORIENTED_EDGE ( 'NONE', *, *, #506, .T. ) ;
#2198 = FACE_OUTER_BOUND ( 'NONE', #1268, .T. ) ;
#2199 = LINE ( 'NONE', #353, #1837 ) ;
#2200 = ADVANCED_FACE ( 'NONE', ( #3104 ), #3490, .F. ) ;
#2201 = VERTEX_POINT ( 'NONE', #3465 ) ;
#2202 = CARTESIAN_POINT ( 'NONE',  ( -12.69999999999999929, 5.199999999999997513, -1.000000000000000000 ) ) ;
#2203 = CARTESIAN_POINT ( 'NONE',  ( 6.349999999999996092, -3.654415587728423898, 3.049999999999999822 ) ) ;
#2204 = DIRECTION ( 'NONE',  ( -0.7071067811865479058, 0.7071067811865472397, 0.000000000000000000 ) ) ;
#2205 = DIRECTION ( 'NONE',  ( -6.829619984160659279E-17, 1.000000000000000000, 0.000000000000000000 ) ) ;
#2206 = ORIENTED_EDGE ( 'NONE', *, *, #3287, .T. ) ;
#2207 = VECTOR ( 'NONE', #1475, 1000.000000000000000 ) ;
#2208 = AXIS2_PLACEMENT_3D ( 'NONE', #3399, #1505, #2190 ) ;
#2209 = CARTESIAN_POINT ( 'NONE',  ( -6.350000000000000533, 5.068629150101524594, -3.049999999999999822 ) ) ;
#2210 = ORIENTED_EDGE ( 'NONE', *, *, #2108, .F. ) ;
#2211 = LINE ( 'NONE', #75, #4505 ) ;
#2212 = ORIENTED_EDGE ( 'NONE', *, *, #3436, .F. ) ;
#2213 = CARTESIAN_POINT ( 'NONE',  ( -12.69999999999999929, 0.000000000000000000, -3.049999999999999822 ) ) ;
#2214 = ORIENTED_EDGE ( 'NONE', *, *, #643, .T. ) ;
#2215 = EDGE_LOOP ( 'NONE', ( #2813, #2404, #3055, #762 ) ) ;
#2216 = VECTOR ( 'NONE', #3263, 1000.000000000000000 ) ;
#2217 = CIRCLE ( 'NONE', #974, 5.200000000000000178 ) ;
#2218 = DIRECTION ( 'NONE',  ( -1.000000000000000000, -6.829619984160659279E-17, 0.000000000000000000 ) ) ;
#2219 = CARTESIAN_POINT ( 'NONE',  ( -5.996446609406733685, 6.703553390593270045, -1.000000000000000000 ) ) ;
#2220 = EDGE_LOOP ( 'NONE', ( #2752, #813, #2821, #3833 ) ) ;
#2221 = LINE ( 'NONE', #3632, #1744 ) ;
#2222 = AXIS2_PLACEMENT_3D ( 'NONE', #3954, #3180, #4292 ) ;
#2223 = EDGE_CURVE ( 'NONE', #1780, #2019, #4216, .T. ) ;
#2224 = EDGE_CURVE ( 'NONE', #1969, #1444, #4284, .T. ) ;
#2225 = AXIS2_PLACEMENT_3D ( 'NONE', #3412, #1686, #2781 ) ;
#2226 = FACE_OUTER_BOUND ( 'NONE', #3670, .T. ) ;
#2227 = VECTOR ( 'NONE', #4666, 1000.000000000000000 ) ;
#2228 = VERTEX_POINT ( 'NONE', #2440 ) ;
#2229 = CARTESIAN_POINT ( 'NONE',  ( -12.69999999999999929, 0.000000000000000000, -1.000000000000000000 ) ) ;
#2230 = ADVANCED_FACE ( 'NONE', ( #4606 ), #4672, .T. ) ;
#2231 = ADVANCED_FACE ( 'NONE', ( #1620 ), #573, .F. ) ;
#2232 = CARTESIAN_POINT ( 'NONE',  ( 7.344238815542510679, -4.648654403270944258, -1.000000000000000000 ) ) ;
#2233 = CARTESIAN_POINT ( 'NONE',  ( 0.000000000000000000, 0.000000000000000000, 1.000000000000000000 ) ) ;
#2234 = LINE ( 'NONE', #3715, #2937 ) ;
#2235 = EDGE_LOOP ( 'NONE', ( #3332, #3420, #3132, #3059 ) ) ;
#2236 = CARTESIAN_POINT ( 'NONE',  ( -12.69999999999999929, -5.200000000000001066, -3.049999999999999822 ) ) ;
#2237 = VERTEX_POINT ( 'NONE', #3559 ) ;
#2238 = LINE ( 'NONE', #3697, #3741 ) ;
#2239 = ORIENTED_EDGE ( 'NONE', *, *, #1840, .T. ) ;
#2240 = LINE ( 'NONE', #711, #116 ) ;
#2241 = ORIENTED_EDGE ( 'NONE', *, *, #2425, .T. ) ;
#2242 = ORIENTED_EDGE ( 'NONE', *, *, #118, .T. ) ;
#2243 = LINE ( 'NONE', #1152, #1212 ) ;
#2244 = CIRCLE ( 'NONE', #385, 3.174999999999997602 ) ;
#2245 = LINE ( 'NONE', #346, #72 ) ;
#2246 = VERTEX_POINT ( 'NONE', #2052 ) ;
#2247 = VERTEX_POINT ( 'NONE', #3512 ) ;
#2248 = LINE ( 'NONE', #739, #3846 ) ;
#2249 = AXIS2_PLACEMENT_3D ( 'NONE', #2358, #517, #1404 ) ;
#2250 = LINE ( 'NONE', #2637, #1591 ) ;
#2251 = CC_DESIGN_DATE_AND_TIME_ASSIGNMENT ( #201, #586, ( #3922 ) ) ;
#2252 = ORIENTED_EDGE ( 'NONE', *, *, #267, .T. ) ;
#2253 = FACE_OUTER_BOUND ( 'NONE', #2648, .T. ) ;
#2254 = LINE ( 'NONE', #481, #1358 ) ;
#2255 = EDGE_CURVE ( 'NONE', #4646, #2246, #139, .T. ) ;
#2256 = EDGE_CURVE ( 'NONE', #3012, #395, #2397, .T. ) ;
#2257 = CARTESIAN_POINT ( 'NONE',  ( 12.69999999999999574, -5.200000000000000178, 3.049999999999999822 ) ) ;
#2258 = CARTESIAN_POINT ( 'NONE',  ( -12.69999999999999929, 0.000000000000000000, 3.049999999999999822 ) ) ;
#2259 = VECTOR ( 'NONE', #1218, 1000.000000000000000 ) ;
#2260 = VERTEX_POINT ( 'NONE', #215 ) ;
#2261 = EDGE_CURVE ( 'NONE', #339, #2174, #2737, .T. ) ;
#2262 = VECTOR ( 'NONE', #1071, 1000.000000000000000 ) ;
#2263 = ORIENTED_EDGE ( 'NONE', *, *, #59, .T. ) ;
#2264 = FACE_OUTER_BOUND ( 'NONE', #791, .T. ) ;
#2265 = VERTEX_POINT ( 'NONE', #2374 ) ;
#2266 = DIRECTION ( 'NONE',  ( -0.7071067811865483499, -0.7071067811865465735, 0.000000000000000000 ) ) ;
#2267 = ORIENTED_EDGE ( 'NONE', *, *, #988, .T. ) ;
#2268 = VERTEX_POINT ( 'NONE', #1347 ) ;
#2269 = CARTESIAN_POINT ( 'NONE',  ( 0.000000000000000000, 0.000000000000000000, -2.286000000000000032 ) ) ;
#2270 = LINE ( 'NONE', #81, #1085 ) ;
#2271 = DIRECTION ( 'NONE',  ( 0.7071067811865469066, -0.7071067811865481278, 0.000000000000000000 ) ) ;
#2272 = ORIENTED_EDGE ( 'NONE', *, *, #359, .T. ) ;
#2273 = PLANE ( 'NONE',  #361 ) ;
#2274 = VECTOR ( 'NONE', #2285, 1000.000000000000000 ) ;
#2275 = DIRECTION ( 'NONE',  ( -0.7071067811865473507, 0.7071067811865477948, 0.000000000000000000 ) ) ;
#2276 = ORIENTED_EDGE ( 'NONE', *, *, #1717, .T. ) ;
#2277 = DIRECTION ( 'NONE',  ( -0.000000000000000000, -0.000000000000000000, 1.000000000000000000 ) ) ;
#2278 = LINE ( 'NONE', #1206, #903 ) ;
#2279 = DIRECTION ( 'NONE',  ( 0.000000000000000000, 0.000000000000000000, 1.000000000000000000 ) ) ;
#2280 = DIRECTION ( 'NONE',  ( 1.365923996832131116E-16, -1.000000000000000000, 0.000000000000000000 ) ) ;
#2281 = ADVANCED_FACE ( 'NONE', ( #4651 ), #3854, .T. ) ;
#2282 = EDGE_CURVE ( 'NONE', #3330, #3091, #510, .T. ) ;
#2283 = EDGE_LOOP ( 'NONE', ( #3202, #1846, #4689, #709 ) ) ;
#2284 = ORIENTED_EDGE ( 'NONE', *, *, #4298, .T. ) ;
#2285 = DIRECTION ( 'NONE',  ( 0.7071067811865477948, 0.7071067811865473507, 0.000000000000000000 ) ) ;
#2286 = EDGE_LOOP ( 'NONE', ( #2910, #4249, #57, #1761 ) ) ;
#2287 = EDGE_CURVE ( 'NONE', #786, #1068, #1666, .T. ) ;
#2288 = DIRECTION ( 'NONE',  ( -0.7071067811865473507, 0.7071067811865477948, 0.000000000000000000 ) ) ;
#2289 = ORIENTED_EDGE ( 'NONE', *, *, #3827, .T. ) ;
#2290 = ORIENTED_EDGE ( 'NONE', *, *, #3382, .F. ) ;
#2291 = PLANE ( 'NONE',  #2917 ) ;
#2292 = VECTOR ( 'NONE', #1527, 1000.000000000000000 ) ;
#2293 = PLANE ( 'NONE',  #3248 ) ;
#2294 = ORIENTED_EDGE ( 'NONE', *, *, #1771, .T. ) ;
#2295 = ORIENTED_EDGE ( 'NONE', *, *, #581, .F. ) ;
#2296 = DIRECTION ( 'NONE',  ( 1.000000000000000000, 1.365923996832131116E-16, -0.000000000000000000 ) ) ;
#2297 = AXIS2_PLACEMENT_3D ( 'NONE', #2526, #4395, #1075 ) ;
#2298 = VECTOR ( 'NONE', #68, 1000.000000000000000 ) ;
#2299 = CIRCLE ( 'NONE', #2057, 3.174999999999997602 ) ;
#2300 = DIRECTION ( 'NONE',  ( -0.000000000000000000, -0.000000000000000000, -1.000000000000000000 ) ) ;
#2301 = ORIENTED_EDGE ( 'NONE', *, *, #2223, .T. ) ;
#2302 = CARTESIAN_POINT ( 'NONE',  ( 14.80000000000000426, 0.000000000000000000, -2.286000000000000032 ) ) ;
#2303 = CIRCLE ( 'NONE', #2529, 3.174999999999997158 ) ;
#2304 = AXIS2_PLACEMENT_3D ( 'NONE', #1489, #2994, #1879 ) ;
#2305 = DIRECTION ( 'NONE',  ( 0.7071067811865501263, 0.7071067811865450192, 0.000000000000000000 ) ) ;
#2306 = LINE ( 'NONE', #2764, #3686 ) ;
#2307 = CARTESIAN_POINT ( 'NONE',  ( 12.70000000000000107, 5.200000000000001066, 3.049999999999999822 ) ) ;
#2308 = ORIENTED_EDGE ( 'NONE', *, *, #2667, .F. ) ;
#2309 = CARTESIAN_POINT ( 'NONE',  ( 12.69999999999999929, 6.200000000000001954, 1.000000000000000000 ) ) ;
#2310 = CARTESIAN_POINT ( 'NONE',  ( -2.570603795974257810, -1.863497014787714345, 2.286000000000000032 ) ) ;
#2311 = EDGE_LOOP ( 'NONE', ( #592, #4128, #4038, #3973 ) ) ;
#2312 = ORIENTED_EDGE ( 'NONE', *, *, #801, .T. ) ;
#2313 = CARTESIAN_POINT ( 'NONE',  ( 7.895584412271554164, 5.200000000000000178, 2.286000000000000032 ) ) ;
#2314 = FACE_OUTER_BOUND ( 'NONE', #3942, .T. ) ;
#2315 = EDGE_CURVE ( 'NONE', #3170, #2951, #279, .T. ) ;
#2316 = ADVANCED_FACE ( 'NONE', ( #1308 ), #2784, .F. ) ;
#2317 = CARTESIAN_POINT ( 'NONE',  ( 9.564617248245442127, 0.5000000000000000000, 2.286000000000000032 ) ) ;
#2318 = ORIENTED_EDGE ( 'NONE', *, *, #1713, .T. ) ;
#2319 = DIRECTION ( 'NONE',  ( 0.7071067811865414665, 0.7071067811865536790, -0.000000000000000000 ) ) ;
#2320 = DIRECTION ( 'NONE',  ( 1.365923996832131116E-16, -1.000000000000000000, 0.000000000000000000 ) ) ;
#2321 = PLANE ( 'NONE',  #4535 ) ;
#2322 = EDGE_LOOP ( 'NONE', ( #2842, #4259, #400, #4541, #1900, #1190 ) ) ;
#2323 = LINE ( 'NONE', #3804, #4380 ) ;
#2324 = VECTOR ( 'NONE', #483, 1000.000000000000000 ) ;
#2325 = CARTESIAN_POINT ( 'NONE',  ( -7.895584412271579922, 5.199999999999998401, 3.049999999999999822 ) ) ;
#2326 = VECTOR ( 'NONE', #3042, 1000.000000000000000 ) ;
#2327 = CARTESIAN_POINT ( 'NONE',  ( -12.69999999999999929, 6.200000000000000178, 3.049999999999999822 ) ) ;
#2328 = DIRECTION ( 'NONE',  ( 1.000000000000000000, 0.000000000000000000, -0.000000000000000000 ) ) ;
#2329 = VERTEX_POINT ( 'NONE', #2099 ) ;
#2330 = CARTESIAN_POINT ( 'NONE',  ( 0.000000000000000000, 0.000000000000000000, 2.286000000000000032 ) ) ;
#2331 = LINE ( 'NONE', #2833, #1828 ) ;
#2332 = ORIENTED_EDGE ( 'NONE', *, *, #3145, .F. ) ;
#2333 = ORIENTED_EDGE ( 'NONE', *, *, #4544, .T. ) ;
#2334 = CARTESIAN_POINT ( 'NONE',  ( 1.558578927004018455, 2.265685708190569692, 2.286000000000000032 ) ) ;
#2335 = CIRCLE ( 'NONE', #1711, 3.174999999999997602 ) ;
#2336 = DIRECTION ( 'NONE',  ( 0.000000000000000000, 0.000000000000000000, 1.000000000000000000 ) ) ;
#2337 = PLANE ( 'NONE',  #2946 ) ;
#2338 = VERTEX_POINT ( 'NONE', #620 ) ;
#2339 = CARTESIAN_POINT ( 'NONE',  ( -12.69999999999999929, 0.000000000000000000, -3.049999999999999822 ) ) ;
#2340 = CARTESIAN_POINT ( 'NONE',  ( 12.69999999999999929, 0.000000000000000000, 3.049999999999999822 ) ) ;
#2341 = CARTESIAN_POINT ( 'NONE',  ( 0.000000000000000000, 0.000000000000000000, 2.286000000000000032 ) ) ;
#2342 = ORIENTED_EDGE ( 'NONE', *, *, #3530, .T. ) ;
#2343 = EDGE_CURVE ( 'NONE', #1766, #422, #3004, .T. ) ;
#2344 = ADVANCED_FACE ( 'NONE', ( #2114 ), #1410, .F. ) ;
#2345 = CARTESIAN_POINT ( 'NONE',  ( -12.34644660940672800, -0.3535533905932706222, -1.000000000000000000 ) ) ;
#2346 = ORIENTED_EDGE ( 'NONE', *, *, #778, .F. ) ;
#2347 = DIRECTION ( 'NONE',  ( -1.000000000000000000, -6.829619984160659279E-17, 0.000000000000000000 ) ) ;
#2348 = ADVANCED_FACE ( 'NONE', ( #2915 ), #3184, .F. ) ;
#2349 = CARTESIAN_POINT ( 'NONE',  ( -10.43431429180943404, -1.558578927004023118, 2.286000000000000032 ) ) ;
#2350 = DIRECTION ( 'NONE',  ( -0.7071067811865466846, 0.7071067811865483499, -0.000000000000000000 ) ) ;
#2351 = CARTESIAN_POINT ( 'NONE',  ( -12.69999999999999929, 0.000000000000000000, 1.000000000000000000 ) ) ;
#2352 = ORIENTED_EDGE ( 'NONE', *, *, #2819, .T. ) ;
#2353 = CARTESIAN_POINT ( 'NONE',  ( -6.350000000000000533, 5.068629150101524594, -3.049999999999999822 ) ) ;
#2354 = CARTESIAN_POINT ( 'NONE',  ( -12.69999999999999929, -5.200000000000001066, -1.000000000000000000 ) ) ;
#2355 = ORIENTED_EDGE ( 'NONE', *, *, #414, .F. ) ;
#2356 = ORIENTED_EDGE ( 'NONE', *, *, #4297, .T. ) ;
#2357 = CARTESIAN_POINT ( 'NONE',  ( 12.69999999999999929, 0.000000000000000000, 2.286000000000000032 ) ) ;
#2358 = CARTESIAN_POINT ( 'NONE',  ( 12.69999999999999929, 0.000000000000000000, 1.000000000000000000 ) ) ;
#2359 = ORIENTED_EDGE ( 'NONE', *, *, #2875, .F. ) ;
#2360 = ORIENTED_EDGE ( 'NONE', *, *, #331, .F. ) ;
#2361 = CARTESIAN_POINT ( 'NONE',  ( 12.69999999999999929, 6.200000000000001954, -3.049999999999999822 ) ) ;
#2362 = CARTESIAN_POINT ( 'NONE',  ( -4.492893218813453160, -5.200000000000001066, 1.000000000000000000 ) ) ;
#2363 = DIRECTION ( 'NONE',  ( 0.000000000000000000, 0.000000000000000000, 1.000000000000000000 ) ) ;
#2364 = ORIENTED_EDGE ( 'NONE', *, *, #3286, .T. ) ;
#2365 = VECTOR ( 'NONE', #1376, 1000.000000000000000 ) ;
#2366 = CARTESIAN_POINT ( 'NONE',  ( -9.564617248245442127, -0.5000000000000016653, 2.286000000000000032 ) ) ;
#2367 = CIRCLE ( 'NONE', #2225, 3.174999999999997158 ) ;
#2368 = ORIENTED_EDGE ( 'NONE', *, *, #2854, .F. ) ;
#2369 = CARTESIAN_POINT ( 'NONE',  ( -10.83650298521228983, -2.570603795974261807, 2.286000000000000032 ) ) ;
#2370 = EDGE_CURVE ( 'NONE', #2504, #3896, #633, .T. ) ;
#2371 = VECTOR ( 'NONE', #3491, 1000.000000000000000 ) ;
#2372 = EDGE_CURVE ( 'NONE', #3006, #2094, #246, .T. ) ;
#2373 = VECTOR ( 'NONE', #445, 1000.000000000000000 ) ;
#2374 = CARTESIAN_POINT ( 'NONE',  ( 6.349999999999998757, -5.068629150101524594, 3.049999999999999822 ) ) ;
#2375 = CIRCLE ( 'NONE', #1517, 3.174999999999997602 ) ;
#2376 = AXIS2_PLACEMENT_3D ( 'NONE', #4485, #3438, #4527 ) ;
#2377 = CARTESIAN_POINT ( 'NONE',  ( -12.69999999999999929, -5.200000000000001066, 2.286000000000000032 ) ) ;
#2378 = AXIS2_PLACEMENT_3D ( 'NONE', #4304, #4715, #4040 ) ;
#2379 = ADVANCED_FACE ( 'NONE', ( #3253 ), #1703, .F. ) ;
#2380 = ADVANCED_FACE ( 'NONE', ( #2818 ), #4322, .F. ) ;
#2381 = CARTESIAN_POINT ( 'NONE',  ( 10.12939620402574192, 1.863497014787713457, -2.286000000000000032 ) ) ;
#2382 = AXIS2_PLACEMENT_3D ( 'NONE', #4754, #243, #2884 ) ;
#2383 = ORIENTED_EDGE ( 'NONE', *, *, #2808, .T. ) ;
#2384 = VECTOR ( 'NONE', #982, 1000.000000000000000 ) ;
#2385 = DIRECTION ( 'NONE',  ( -0.000000000000000000, -0.000000000000000000, -1.000000000000000000 ) ) ;
#2386 = EDGE_LOOP ( 'NONE', ( #3702, #4140, #2793, #3245, #2436, #2294, #3849, #3190 ) ) ;
#2387 = DIRECTION ( 'NONE',  ( 0.7071067811865483499, 0.7071067811865465735, 0.000000000000000000 ) ) ;
#2388 = LINE ( 'NONE', #311, #3874 ) ;
#2389 = CARTESIAN_POINT ( 'NONE',  ( 4.804415587728419368, 5.200000000000000178, 2.286000000000000032 ) ) ;
#2390 = ORIENTED_EDGE ( 'NONE', *, *, #4766, .F. ) ;
#2391 = CARTESIAN_POINT ( 'NONE',  ( -7.344238815542514232, 4.648654403270943369, 3.049999999999999822 ) ) ;
#2392 = CARTESIAN_POINT ( 'NONE',  ( -12.69999999999999929, -6.199999999999997513, 1.000000000000000000 ) ) ;
#2393 = EDGE_LOOP ( 'NONE', ( #3397, #276, #1804, #3980 ) ) ;
#2394 = DIRECTION ( 'NONE',  ( -0.7071067811865481278, 0.7071067811865469066, 0.000000000000000000 ) ) ;
#2395 = EDGE_LOOP ( 'NONE', ( #1472, #3553, #2001, #4133 ) ) ;
#2396 = DIRECTION ( 'NONE',  ( 0.000000000000000000, -0.000000000000000000, 1.000000000000000000 ) ) ;
#2397 = LINE ( 'NONE', #1710, #3218 ) ;
#2398 = ADVANCED_FACE ( 'NONE', ( #2553 ), #587, .T. ) ;
#2399 = VECTOR ( 'NONE', #1417, 1000.000000000000000 ) ;
#2400 = DIRECTION ( 'NONE',  ( -1.000000000000000000, 0.000000000000000000, 0.000000000000000000 ) ) ;
#2401 = PLANE ( 'NONE',  #1855 ) ;
#2402 = AXIS2_PLACEMENT_3D ( 'NONE', #4779, #1070, #2204 ) ;
#2403 = EDGE_CURVE ( 'NONE', #2246, #1977, #4397, .T. ) ;
#2404 = ORIENTED_EDGE ( 'NONE', *, *, #3882, .T. ) ;
#2405 = EDGE_CURVE ( 'NONE', #2701, #488, #1723, .T. ) ;
#2406 = DIRECTION ( 'NONE',  ( -0.000000000000000000, -0.000000000000000000, -1.000000000000000000 ) ) ;
#2407 = VERTEX_POINT ( 'NONE', #4685 ) ;
#2408 = EDGE_CURVE ( 'NONE', #4624, #1502, #1648, .T. ) ;
#2409 = CARTESIAN_POINT ( 'NONE',  ( 12.70000000000000107, 5.200000000000001066, 2.286000000000000032 ) ) ;
#2410 = CARTESIAN_POINT ( 'NONE',  ( -5.355761184457489499, -4.648654403270943369, 3.049999999999999822 ) ) ;
#2411 = LINE ( 'NONE', #2747, #4055 ) ;
#2412 = VERTEX_POINT ( 'NONE', #1001 ) ;
#2413 = CARTESIAN_POINT ( 'NONE',  ( -6.350000000000001421, 3.654415587728447434, -3.049999999999999822 ) ) ;
#2414 = CARTESIAN_POINT ( 'NONE',  ( -7.895584412271579922, 5.199999999999998401, 3.049999999999999822 ) ) ;
#2415 = ORIENTED_EDGE ( 'NONE', *, *, #142, .T. ) ;
#2416 = ORIENTED_EDGE ( 'NONE', *, *, #4389, .F. ) ;
#2417 = DIRECTION ( 'NONE',  ( 0.000000000000000000, 0.000000000000000000, 1.000000000000000000 ) ) ;
#2418 = ORIENTED_EDGE ( 'NONE', *, *, #4067, .T. ) ;
#2419 = LINE ( 'NONE', #3171, #355 ) ;
#2420 = CARTESIAN_POINT ( 'NONE',  ( -6.350000000000003197, -3.654415587728423898, 3.049999999999999822 ) ) ;
#2421 = PLANE ( 'NONE',  #115 ) ;
#2422 = AXIS2_PLACEMENT_3D ( 'NONE', #1192, #1821, #3743 ) ;
#2423 = VERTEX_POINT ( 'NONE', #2480 ) ;
#2424 = DIRECTION ( 'NONE',  ( -0.7071067811865481278, 0.7071067811865469066, 0.000000000000000000 ) ) ;
#2425 = EDGE_CURVE ( 'NONE', #766, #1146, #657, .T. ) ;
#2426 = EDGE_CURVE ( 'NONE', #1506, #1116, #2864, .T. ) ;
#2427 = ORIENTED_EDGE ( 'NONE', *, *, #2372, .T. ) ;
#2428 = PLANE ( 'NONE',  #3541 ) ;
#2429 = LINE ( 'NONE', #3201, #4028 ) ;
#2430 = ORIENTED_EDGE ( 'NONE', *, *, #898, .T. ) ;
#2431 = MECHANICAL_CONTEXT ( 'NONE', #2106, 'mechanical' ) ;
#2432 = CARTESIAN_POINT ( 'NONE',  ( -12.69999999999999929, 0.000000000000000000, -1.000000000000000000 ) ) ;
#2433 = EDGE_CURVE ( 'NONE', #2848, #1053, #1884, .T. ) ;
#2434 = CYLINDRICAL_SURFACE ( 'NONE', #197, 2.100000000000004530 ) ;
#2435 = EDGE_LOOP ( 'NONE', ( #4728, #571, #4472, #4764 ) ) ;
#2436 = ORIENTED_EDGE ( 'NONE', *, *, #287, .F. ) ;
#2437 = FACE_OUTER_BOUND ( 'NONE', #2183, .T. ) ;
#2438 = ORIENTED_EDGE ( 'NONE', *, *, #4448, .F. ) ;
#2439 = CARTESIAN_POINT ( 'NONE',  ( 14.80000000000000426, 0.000000000000000000, 2.286000000000000032 ) ) ;
#2440 = CARTESIAN_POINT ( 'NONE',  ( 1.863497014787710127, -2.570603795974261363, -2.286000000000000032 ) ) ;
#2441 = VECTOR ( 'NONE', #3081, 999.9999999999998863 ) ;
#2442 = LINE ( 'NONE', #1764, #3144 ) ;
#2443 = AXIS2_PLACEMENT_3D ( 'NONE', #36, #1519, #2660 ) ;
#2444 = VECTOR ( 'NONE', #4263, 999.9999999999998863 ) ;
#2445 = AXIS2_PLACEMENT_3D ( 'NONE', #1765, #4724, #2155 ) ;
#2446 = CYLINDRICAL_SURFACE ( 'NONE', #3151, 3.174999999999997602 ) ;
#2447 = ORIENTED_EDGE ( 'NONE', *, *, #4027, .T. ) ;
#2448 = AXIS2_PLACEMENT_3D ( 'NONE', #1228, #2319, #64 ) ;
#2449 = AXIS2_PLACEMENT_3D ( 'NONE', #2334, #4226, #195 ) ;
#2450 = DIRECTION ( 'NONE',  ( -1.000000000000000000, 0.000000000000000000, 0.000000000000000000 ) ) ;
#2451 = VECTOR ( 'NONE', #736, 1000.000000000000000 ) ;
#2452 = ORIENTED_EDGE ( 'NONE', *, *, #1191, .T. ) ;
#2453 = CIRCLE ( 'NONE', #2150, 3.174999999999997602 ) ;
#2454 = DIRECTION ( 'NONE',  ( -1.000000000000000000, 0.000000000000000000, 0.000000000000000000 ) ) ;
#2455 = ADVANCED_FACE ( 'NONE', ( #4733 ), #2887, .T. ) ;
#2456 = CARTESIAN_POINT ( 'NONE',  ( 12.69999999999999929, 0.000000000000000000, -3.049999999999999822 ) ) ;
#2457 = EDGE_LOOP ( 'NONE', ( #2127, #3747, #971, #2415 ) ) ;
#2458 = COORDINATED_UNIVERSAL_TIME_OFFSET ( 6, 0, .BEHIND. ) ;
#2459 = DIRECTION ( 'NONE',  ( 0.7071067811865469066, -0.7071067811865481278, 0.000000000000000000 ) ) ;
#2460 = LINE ( 'NONE', #4300, #3227 ) ;
#2461 = EDGE_LOOP ( 'NONE', ( #3239, #4213, #4645, #3022 ) ) ;
#2462 = ORIENTED_EDGE ( 'NONE', *, *, #531, .T. ) ;
#2463 = CARTESIAN_POINT ( 'NONE',  ( 6.349999999999996092, -3.654415587728423898, -2.286000000000000032 ) ) ;
#2464 = EDGE_CURVE ( 'NONE', #2120, #4760, #4356, .T. ) ;
#2465 = EDGE_CURVE ( 'NONE', #3823, #2174, #3278, .T. ) ;
#2466 = VERTEX_POINT ( 'NONE', #2625 ) ;
#2467 = DIRECTION ( 'NONE',  ( -0.7071067811865477948, -0.7071067811865473507, 0.000000000000000000 ) ) ;
#2468 = CARTESIAN_POINT ( 'NONE',  ( 12.69999999999999929, 0.000000000000000000, 1.000000000000000000 ) ) ;
#2469 = LINE ( 'NONE', #3681, #3853 ) ;
#2470 = EDGE_CURVE ( 'NONE', #1875, #548, #1170, .T. ) ;
#2471 = DIRECTION ( 'NONE',  ( 1.000000000000000000, 0.000000000000000000, 0.000000000000000000 ) ) ;
#2472 = LINE ( 'NONE', #2310, #2133 ) ;
#2473 = CIRCLE ( 'NONE', #847, 3.174999999999997602 ) ;
#2474 = ORIENTED_EDGE ( 'NONE', *, *, #3673, .F. ) ;
#2475 = CARTESIAN_POINT ( 'NONE',  ( 0.000000000000000000, 0.000000000000000000, -1.000000000000000000 ) ) ;
#2476 = VECTOR ( 'NONE', #2932, 1000.000000000000000 ) ;
#2477 = CYLINDRICAL_SURFACE ( 'NONE', #1753, 3.174999999999997602 ) ;
#2478 = DIRECTION ( 'NONE',  ( -0.000000000000000000, -0.000000000000000000, -1.000000000000000000 ) ) ;
#2479 = ORIENTED_EDGE ( 'NONE', *, *, #892, .F. ) ;
#2480 = CARTESIAN_POINT ( 'NONE',  ( -2.570603795974257810, -1.863497014787714567, 2.286000000000000032 ) ) ;
#2481 = VERTEX_POINT ( 'NONE', #1874 ) ;
#2482 = CARTESIAN_POINT ( 'NONE',  ( 12.69999999999999929, 0.000000000000000000, -2.286999999999999922 ) ) ;
#2483 = VERTEX_POINT ( 'NONE', #2961 ) ;
#2484 = ORIENTED_EDGE ( 'NONE', *, *, #1571, .T. ) ;
#2485 = CARTESIAN_POINT ( 'NONE',  ( -2.265685708190566139, -1.558578927004023118, 2.286000000000000032 ) ) ;
#2486 = ORIENTED_EDGE ( 'NONE', *, *, #596, .T. ) ;
#2487 = PLANE ( 'NONE',  #2758 ) ;
#2488 = EDGE_CURVE ( 'NONE', #3038, #2070, #1849, .T. ) ;
#2489 = EDGE_CURVE ( 'NONE', #3148, #4255, #4082, .T. ) ;
#2490 = CARTESIAN_POINT ( 'NONE',  ( 12.69999999999999929, 0.000000000000000000, 2.286000000000000032 ) ) ;
#2491 = AXIS2_PLACEMENT_3D ( 'NONE', #391, #2205, #18 ) ;
#2492 = CARTESIAN_POINT ( 'NONE',  ( 12.69999999999999929, 0.000000000000000000, 3.049999999999999822 ) ) ;
#2493 = EDGE_CURVE ( 'NONE', #1977, #2921, #4, .T. ) ;
#2494 = FACE_OUTER_BOUND ( 'NONE', #1406, .T. ) ;
#2495 = ORIENTED_EDGE ( 'NONE', *, *, #1099, .T. ) ;
#2496 = DIRECTION ( 'NONE',  ( -0.000000000000000000, -0.000000000000000000, -1.000000000000000000 ) ) ;
#2497 = AXIS2_PLACEMENT_3D ( 'NONE', #3549, #3571, #2844 ) ;
#2498 = LINE ( 'NONE', #312, #1019 ) ;
#2499 = DIRECTION ( 'NONE',  ( 0.000000000000000000, 0.000000000000000000, 1.000000000000000000 ) ) ;
#2500 = CARTESIAN_POINT ( 'NONE',  ( 1.863497014787709682, -2.570603795974261363, 1.000000000000000000 ) ) ;
#2501 = ORIENTED_EDGE ( 'NONE', *, *, #4652, .F. ) ;
#2502 = DIRECTION ( 'NONE',  ( 0.000000000000000000, 0.000000000000000000, 1.000000000000000000 ) ) ;
#2503 = CARTESIAN_POINT ( 'NONE',  ( -3.135382751754558051, -0.5000000000000001110, 2.286000000000000032 ) ) ;
#2504 = VERTEX_POINT ( 'NONE', #3036 ) ;
#2505 = ORIENTED_EDGE ( 'NONE', *, *, #3172, .T. ) ;
#2506 = CARTESIAN_POINT ( 'NONE',  ( -6.350000000000000533, -5.068629150101524594, -3.049999999999999822 ) ) ;
#2507 = LINE ( 'NONE', #2219, #1621 ) ;
#2508 = EDGE_LOOP ( 'NONE', ( #249, #2598, #2447, #1182 ) ) ;
#2509 = CARTESIAN_POINT ( 'NONE',  ( -1.863497014787709682, 2.570603795974261807, 2.286000000000000032 ) ) ;
#2510 = CARTESIAN_POINT ( 'NONE',  ( -12.70000000000000284, 5.199999999999997513, -1.000000000000000000 ) ) ;
#2511 = EDGE_CURVE ( 'NONE', #337, #1017, #4418, .T. ) ;
#2512 = DIRECTION ( 'NONE',  ( 0.7071067811865477948, -0.7071067811865473507, 0.000000000000000000 ) ) ;
#2513 = CARTESIAN_POINT ( 'NONE',  ( -12.69999999999999929, 5.199999999999997513, -1.000000000000000000 ) ) ;
#2514 = VECTOR ( 'NONE', #4049, 1000.000000000000000 ) ;
#2515 = ORIENTED_EDGE ( 'NONE', *, *, #2166, .T. ) ;
#2516 = EDGE_CURVE ( 'NONE', #1223, #3254, #3351, .T. ) ;
#2517 = EDGE_CURVE ( 'NONE', #3413, #2481, #372, .T. ) ;
#2518 = CYLINDRICAL_SURFACE ( 'NONE', #3489, 5.200000000000000178 ) ;
#2519 = VECTOR ( 'NONE', #682, 1000.000000000000000 ) ;
#2520 = DIRECTION ( 'NONE',  ( -0.000000000000000000, -0.000000000000000000, -1.000000000000000000 ) ) ;
#2521 = VECTOR ( 'NONE', #3314, 1000.000000000000000 ) ;
#2522 = CIRCLE ( 'NONE', #2208, 3.174999999999997602 ) ;
#2523 = ORIENTED_EDGE ( 'NONE', *, *, #2714, .T. ) ;
#2524 = CARTESIAN_POINT ( 'NONE',  ( -9.564617248245442127, -0.5000000000000016653, 1.000000000000000000 ) ) ;
#2525 = VECTOR ( 'NONE', #164, 1000.000000000000000 ) ;
#2526 = CARTESIAN_POINT ( 'NONE',  ( 10.43431429180943404, -1.558578927004023118, 2.286000000000000032 ) ) ;
#2527 = ORIENTED_EDGE ( 'NONE', *, *, #1041, .T. ) ;
#2528 = CARTESIAN_POINT ( 'NONE',  ( 12.69999999999999929, 0.000000000000000000, 2.286000000000000032 ) ) ;
#2529 = AXIS2_PLACEMENT_3D ( 'NONE', #3189, #2095, #4326 ) ;
#2530 = VECTOR ( 'NONE', #1787, 1000.000000000000000 ) ;
#2531 = ORIENTED_EDGE ( 'NONE', *, *, #2516, .T. ) ;
#2532 = CARTESIAN_POINT ( 'NONE',  ( -1.347792206135857151, -11.35220779386422407, -1.000000000000000000 ) ) ;
#2533 = EDGE_LOOP ( 'NONE', ( #3428, #2206, #4805, #2579, #1581, #1494 ) ) ;
#2534 = ORIENTED_EDGE ( 'NONE', *, *, #4479, .T. ) ;
#2535 = PLANE ( 'NONE',  #2061 ) ;
#2536 = DIRECTION ( 'NONE',  ( -1.000000000000000000, -6.829619984160659279E-17, 0.000000000000000000 ) ) ;
#2537 = ORIENTED_EDGE ( 'NONE', *, *, #4067, .F. ) ;
#2538 = LINE ( 'NONE', #3001, #2521 ) ;
#2539 = CARTESIAN_POINT ( 'NONE',  ( 7.895584412271559493, -5.199999999999996625, 3.049999999999999822 ) ) ;
#2540 = EDGE_LOOP ( 'NONE', ( #3988, #940, #3610, #2991 ) ) ;
#2541 = LINE ( 'NONE', #1789, #432 ) ;
#2542 = PLANE ( 'NONE',  #4616 ) ;
#2543 = ORIENTED_EDGE ( 'NONE', *, *, #1127, .T. ) ;
#2544 = CARTESIAN_POINT ( 'NONE',  ( 4.804415587728406933, -5.200000000000001066, 3.049999999999999822 ) ) ;
#2545 = DIRECTION ( 'NONE',  ( 0.000000000000000000, 0.000000000000000000, 1.000000000000000000 ) ) ;
#2546 = EDGE_CURVE ( 'NONE', #1882, #2112, #23, .T. ) ;
#2547 = EDGE_CURVE ( 'NONE', #3280, #3309, #1532, .T. ) ;
#2548 = ORIENTED_EDGE ( 'NONE', *, *, #557, .F. ) ;
#2549 = LINE ( 'NONE', #704, #3461 ) ;
#2550 = AXIS2_PLACEMENT_3D ( 'NONE', #2432, #202, #3455 ) ;
#2551 = CARTESIAN_POINT ( 'NONE',  ( 2.570603795974257366, -1.863497014787715012, 2.286000000000000032 ) ) ;
#2552 = VERTEX_POINT ( 'NONE', #3304 ) ;
#2553 = FACE_OUTER_BOUND ( 'NONE', #2624, .T. ) ;
#2554 = ADVANCED_FACE ( 'NONE', ( #3013 ), #1461, .T. ) ;
#2555 = DIRECTION ( 'NONE',  ( 1.000000000000000000, 0.000000000000000000, 0.000000000000000000 ) ) ;
#2556 = ORIENTED_EDGE ( 'NONE', *, *, #505, .T. ) ;
#2557 = VERTEX_POINT ( 'NONE', #2940 ) ;
#2558 = CARTESIAN_POINT ( 'NONE',  ( -12.69999999999999929, 0.000000000000000000, -1.000000000000000000 ) ) ;
#2559 = DIRECTION ( 'NONE',  ( 0.7071067811865472397, -0.7071067811865479058, 0.000000000000000000 ) ) ;
#2560 = ORIENTED_EDGE ( 'NONE', *, *, #2850, .F. ) ;
#2561 = CARTESIAN_POINT ( 'NONE',  ( 8.207106781186547906, -5.200000000000000178, 3.049999999999999822 ) ) ;
#2562 = CARTESIAN_POINT ( 'NONE',  ( -12.69999999999999929, 0.000000000000000000, 1.000000000000000000 ) ) ;
#2563 = VERTEX_POINT ( 'NONE', #1553 ) ;
#2564 = CARTESIAN_POINT ( 'NONE',  ( -6.350000000000003197, -3.654415587728423898, -2.286000000000000032 ) ) ;
#2565 = CARTESIAN_POINT ( 'NONE',  ( -4.492893218813453160, -5.200000000000001066, -1.000000000000000000 ) ) ;
#2566 = AXIS2_PLACEMENT_3D ( 'NONE', #2109, #2520, #1313 ) ;
#2567 = CYLINDRICAL_SURFACE ( 'NONE', #4146, 3.174999999999997158 ) ;
#2568 = DIRECTION ( 'NONE',  ( 1.000000000000000000, 5.329070518200752183E-15, 0.000000000000000000 ) ) ;
#2569 = ORIENTED_EDGE ( 'NONE', *, *, #824, .T. ) ;
#2570 = AXIS2_PLACEMENT_3D ( 'NONE', #2815, #199, #3162 ) ;
#2571 = EDGE_CURVE ( 'NONE', #1660, #1047, #2599, .T. ) ;
#2572 = EDGE_CURVE ( 'NONE', #2151, #4366, #1097, .T. ) ;
#2573 = LINE ( 'NONE', #2163, #1205 ) ;
#2574 = ORIENTED_EDGE ( 'NONE', *, *, #500, .F. ) ;
#2575 = CARTESIAN_POINT ( 'NONE',  ( 12.70000000000000107, 5.200000000000001066, -3.049999999999999822 ) ) ;
#2576 = ORIENTED_EDGE ( 'NONE', *, *, #2962, .F. ) ;
#2577 = DIRECTION ( 'NONE',  ( -0.7071067811865477948, -0.7071067811865473507, 0.000000000000000000 ) ) ;
#2578 = ORIENTED_EDGE ( 'NONE', *, *, #898, .F. ) ;
#2579 = ORIENTED_EDGE ( 'NONE', *, *, #601, .T. ) ;
#2580 = DIRECTION ( 'NONE',  ( 0.000000000000000000, 0.000000000000000000, -1.000000000000000000 ) ) ;
#2581 = EDGE_CURVE ( 'NONE', #1779, #2672, #2238, .T. ) ;
#2582 = LINE ( 'NONE', #3335, #1937 ) ;
#2583 = EDGE_CURVE ( 'NONE', #2672, #4517, #796, .T. ) ;
#2584 = ADVANCED_FACE ( 'NONE', ( #2264 ), #2987, .F. ) ;
#2585 = ORIENTED_EDGE ( 'NONE', *, *, #480, .F. ) ;
#2586 = LINE ( 'NONE', #1130, #196 ) ;
#2587 = CIRCLE ( 'NONE', #2570, 3.174999999999997602 ) ;
#2588 = CARTESIAN_POINT ( 'NONE',  ( -12.69999999999999929, 0.000000000000000000, -1.000000000000000000 ) ) ;
#2589 = VERTEX_POINT ( 'NONE', #3398 ) ;
#2590 = CARTESIAN_POINT ( 'NONE',  ( 12.69999999999999929, 5.200000000000001066, 3.049999999999999822 ) ) ;
#2591 = DIRECTION ( 'NONE',  ( -0.000000000000000000, -0.000000000000000000, -1.000000000000000000 ) ) ;
#2592 = CARTESIAN_POINT ( 'NONE',  ( 12.69999999999999929, 6.200000000000001954, -3.049999999999999822 ) ) ;
#2593 = CARTESIAN_POINT ( 'NONE',  ( -6.350000000000001421, 3.654415587728447434, -3.049999999999999822 ) ) ;
#2594 = EDGE_LOOP ( 'NONE', ( #3650, #230, #1577, #2501 ) ) ;
#2595 = VECTOR ( 'NONE', #1309, 1000.000000000000000 ) ;
#2596 = AXIS2_PLACEMENT_3D ( 'NONE', #4314, #486, #603 ) ;
#2597 = LINE ( 'NONE', #2236, #3992 ) ;
#2598 = ORIENTED_EDGE ( 'NONE', *, *, #3856, .T. ) ;
#2599 = LINE ( 'NONE', #340, #1791 ) ;
#2600 = ORIENTED_EDGE ( 'NONE', *, *, #1908, .T. ) ;
#2601 = CARTESIAN_POINT ( 'NONE',  ( 12.69999999999999929, 5.200000000000000178, 1.000000000000000000 ) ) ;
#2602 = ORIENTED_EDGE ( 'NONE', *, *, #1548, .T. ) ;
#2603 = PRODUCT_DEFINITION ( 'UNKNOWN', '', #3222, #4755 ) ;
#2604 = ORIENTED_EDGE ( 'NONE', *, *, #866, .T. ) ;
#2605 = VECTOR ( 'NONE', #4671, 1000.000000000000000 ) ;
#2606 = APPLICATION_CONTEXT ( 'configuration controlled 3d designs of mechanical parts and assemblies' ) ;
#2607 = DIRECTION ( 'NONE',  ( -0.000000000000000000, -0.000000000000000000, -1.000000000000000000 ) ) ;
#2608 = FACE_OUTER_BOUND ( 'NONE', #4566, .T. ) ;
#2609 = ORIENTED_EDGE ( 'NONE', *, *, #1450, .T. ) ;
#2610 = LINE ( 'NONE', #3656, #2908 ) ;
#2611 = CIRCLE ( 'NONE', #4157, 5.200000000000000178 ) ;
#2612 = VECTOR ( 'NONE', #3334, 1000.000000000000000 ) ;
#2613 = EDGE_CURVE ( 'NONE', #73, #3006, #2211, .T. ) ;
#2614 = ADVANCED_FACE ( 'NONE', ( #2188 ), #3374, .F. ) ;
#2615 = PLANE ( 'NONE',  #2443 ) ;
#2616 = AXIS2_PLACEMENT_3D ( 'NONE', #3848, #3822, #3483 ) ;
#2617 = ORIENTED_EDGE ( 'NONE', *, *, #2134, .F. ) ;
#2618 = DIRECTION ( 'NONE',  ( 0.7071067811865477948, -0.7071067811865473507, 0.000000000000000000 ) ) ;
#2619 = EDGE_CURVE ( 'NONE', #4132, #989, #1800, .T. ) ;
#2620 = CARTESIAN_POINT ( 'NONE',  ( -11.14142107299598194, 2.265685708190569692, 2.286000000000000032 ) ) ;
#2621 = LINE ( 'NONE', #3009, #350 ) ;
#2622 = CARTESIAN_POINT ( 'NONE',  ( 11.14142107299598194, 2.265685708190569692, 2.286000000000000032 ) ) ;
#2623 = ORIENTED_EDGE ( 'NONE', *, *, #3971, .T. ) ;
#2624 = EDGE_LOOP ( 'NONE', ( #83, #1582, #124, #2093 ) ) ;
#2625 = CARTESIAN_POINT ( 'NONE',  ( -7.344238815542514232, 4.648654403270943369, 1.000000000000000444 ) ) ;
#2626 = ORIENTED_EDGE ( 'NONE', *, *, #3176, .F. ) ;
#2627 = LINE ( 'NONE', #4399, #4691 ) ;
#2628 = ORIENTED_EDGE ( 'NONE', *, *, #2722, .T. ) ;
#2629 = ORIENTED_EDGE ( 'NONE', *, *, #2372, .F. ) ;
#2630 = CARTESIAN_POINT ( 'NONE',  ( 0.000000000000000000, 0.000000000000000000, -2.286000000000000032 ) ) ;
#2631 = VECTOR ( 'NONE', #3082, 1000.000000000000000 ) ;
#2632 = CARTESIAN_POINT ( 'NONE',  ( -6.350000000000001421, 3.654415587728448767, 1.000000000000000000 ) ) ;
#2633 = LINE ( 'NONE', #4113, #698 ) ;
#2634 = VERTEX_POINT ( 'NONE', #191 ) ;
#2635 = PLANE ( 'NONE',  #1520 ) ;
#2636 = VECTOR ( 'NONE', #1889, 1000.000000000000000 ) ;
#2637 = CARTESIAN_POINT ( 'NONE',  ( 12.69999999999999929, 6.200000000000001954, 3.049999999999999822 ) ) ;
#2638 = VERTEX_POINT ( 'NONE', #3834 ) ;
#2639 = CARTESIAN_POINT ( 'NONE',  ( -12.69999999999999929, 0.000000000000000000, 2.286000000000000032 ) ) ;
#2640 = ADVANCED_FACE ( 'NONE', ( #1966 ), #170, .T. ) ;
#2641 = EDGE_CURVE ( 'NONE', #3851, #4109, #4561, .T. ) ;
#2642 = CARTESIAN_POINT ( 'NONE',  ( 10.43431429180943404, -1.558578927004023118, 2.286000000000000032 ) ) ;
#2643 = DIRECTION ( 'NONE',  ( -1.000000000000000000, 0.000000000000000000, 0.000000000000000000 ) ) ;
#2644 = EDGE_CURVE ( 'NONE', #738, #51, #1650, .T. ) ;
#2645 = CARTESIAN_POINT ( 'NONE',  ( 12.69999999999999929, 5.200000000000000178, -3.049999999999999822 ) ) ;
#2646 = VECTOR ( 'NONE', #2036, 1000.000000000000000 ) ;
#2647 = ORIENTED_EDGE ( 'NONE', *, *, #4327, .T. ) ;
#2648 = EDGE_LOOP ( 'NONE', ( #3575, #675, #2872, #756 ) ) ;
#2649 = DIRECTION ( 'NONE',  ( -1.000000000000000000, -1.365923996832131116E-16, 0.000000000000000000 ) ) ;
#2650 = VERTEX_POINT ( 'NONE', #4538 ) ;
#2651 = DIRECTION ( 'NONE',  ( 0.000000000000000000, 0.000000000000000000, 1.000000000000000000 ) ) ;
#2652 = ORIENTED_EDGE ( 'NONE', *, *, #824, .F. ) ;
#2653 = ORIENTED_EDGE ( 'NONE', *, *, #2723, .F. ) ;
#2654 = DIRECTION ( 'NONE',  ( -0.000000000000000000, -0.000000000000000000, 1.000000000000000000 ) ) ;
#2655 = CARTESIAN_POINT ( 'NONE',  ( -12.69999999999999929, 0.000000000000000000, -2.286000000000000032 ) ) ;
#2656 = FACE_OUTER_BOUND ( 'NONE', #2540, .T. ) ;
#2657 = VERTEX_POINT ( 'NONE', #1674 ) ;
#2658 = CARTESIAN_POINT ( 'NONE',  ( -2.570603795974257810, -1.863497014787714345, 2.286000000000000032 ) ) ;
#2659 = VECTOR ( 'NONE', #443, 1000.000000000000000 ) ;
#2660 = DIRECTION ( 'NONE',  ( -1.000000000000000000, -2.601884744300114343E-16, 0.000000000000000000 ) ) ;
#2661 = VERTEX_POINT ( 'NONE', #96 ) ;
#2662 = DIRECTION ( 'NONE',  ( -0.000000000000000000, -0.000000000000000000, -1.000000000000000000 ) ) ;
#2663 = DIRECTION ( 'NONE',  ( -0.000000000000000000, -0.000000000000000000, -1.000000000000000000 ) ) ;
#2664 = EDGE_CURVE ( 'NONE', #3930, #123, #2800, .T. ) ;
#2665 = LINE ( 'NONE', #4529, #968 ) ;
#2666 = FACE_OUTER_BOUND ( 'NONE', #1892, .T. ) ;
#2667 = EDGE_CURVE ( 'NONE', #853, #1028, #3421, .T. ) ;
#2668 = ORIENTED_EDGE ( 'NONE', *, *, #870, .F. ) ;
#2669 = EDGE_CURVE ( 'NONE', #1403, #4517, #3811, .T. ) ;
#2670 = CARTESIAN_POINT ( 'NONE',  ( 0.000000000000000000, 0.000000000000000000, 2.286000000000000032 ) ) ;
#2671 = LINE ( 'NONE', #2354, #4537 ) ;
#2672 = VERTEX_POINT ( 'NONE', #534 ) ;
#2673 = ORIENTED_EDGE ( 'NONE', *, *, #4267, .T. ) ;
#2674 = CARTESIAN_POINT ( 'NONE',  ( 3.804415587728402492, -6.199999999999999289, -3.049999999999999822 ) ) ;
#2675 = AXIS2_PLACEMENT_3D ( 'NONE', #2976, #1138, #3364 ) ;
#2676 = LINE ( 'NONE', #811, #1781 ) ;
#2677 = CARTESIAN_POINT ( 'NONE',  ( 12.69999999999999929, 0.000000000000000000, -2.286000000000000032 ) ) ;
#2678 = EDGE_LOOP ( 'NONE', ( #1857, #2623, #1243, #2170 ) ) ;
#2679 = CARTESIAN_POINT ( 'NONE',  ( -9.995836543402008445, 0.4999999999999998890, 2.286000000000000032 ) ) ;
#2680 = AXIS2_PLACEMENT_3D ( 'NONE', #4451, #3391, #4429 ) ;
#2681 = AXIS2_PLACEMENT_3D ( 'NONE', #3678, #1419, #1469 ) ;
#2682 = DIRECTION ( 'NONE',  ( 1.000000000000000000, 0.000000000000000000, 0.000000000000000000 ) ) ;
#2683 = VECTOR ( 'NONE', #1251, 1000.000000000000114 ) ;
#2684 = ORIENTED_EDGE ( 'NONE', *, *, #4035, .T. ) ;
#2685 = DIRECTION ( 'NONE',  ( -0.7071067811865454633, 0.7071067811865496822, -0.000000000000000000 ) ) ;
#2686 = VECTOR ( 'NONE', #3941, 1000.000000000000000 ) ;
#2687 = VECTOR ( 'NONE', #4134, 1000.000000000000000 ) ;
#2688 = DIRECTION ( 'NONE',  ( -0.7071067811865477948, -0.7071067811865473507, 0.000000000000000000 ) ) ;
#2689 = LINE ( 'NONE', #2738, #3760 ) ;
#2690 = DIRECTION ( 'NONE',  ( -0.7071067811865477948, -0.7071067811865473507, -0.000000000000000000 ) ) ;
#2691 = EDGE_CURVE ( 'NONE', #471, #1823, #511, .T. ) ;
#2692 = EDGE_LOOP ( 'NONE', ( #2241, #2534, #3048, #2146 ) ) ;
#2693 = CARTESIAN_POINT ( 'NONE',  ( 12.69999999999999929, 0.000000000000000000, 1.000000000000000000 ) ) ;
#2694 = ADVANCED_FACE ( 'NONE', ( #4198 ), #4152, .F. ) ;
#2695 = EDGE_CURVE ( 'NONE', #4491, #3985, #555, .T. ) ;
#2696 = CARTESIAN_POINT ( 'NONE',  ( -12.69999999999999929, -5.200000000000001066, -1.000000000000000000 ) ) ;
#2697 = ORIENTED_EDGE ( 'NONE', *, *, #1600, .T. ) ;
#2698 = ORIENTED_EDGE ( 'NONE', *, *, #3233, .T. ) ;
#2699 = DIRECTION ( 'NONE',  ( 0.000000000000000000, 0.000000000000000000, 1.000000000000000000 ) ) ;
#2700 = LINE ( 'NONE', #4475, #387 ) ;
#2701 = VERTEX_POINT ( 'NONE', #875 ) ;
#2702 = ORIENTED_EDGE ( 'NONE', *, *, #3320, .F. ) ;
#2703 = DIRECTION ( 'NONE',  ( -1.000000000000000000, -2.601884744300114343E-16, 0.000000000000000000 ) ) ;
#2704 = DIRECTION ( 'NONE',  ( 1.000000000000000000, 0.000000000000000000, 0.000000000000000000 ) ) ;
#2705 = EDGE_CURVE ( 'NONE', #2268, #2135, #4220, .T. ) ;
#2706 = DIRECTION ( 'NONE',  ( 1.365923996832131116E-16, -1.000000000000000000, 0.000000000000000000 ) ) ;
#2707 = DIRECTION ( 'NONE',  ( 0.7071067811865481278, -0.7071067811865470176, 0.000000000000000000 ) ) ;
#2708 = ORIENTED_EDGE ( 'NONE', *, *, #2906, .F. ) ;
#2709 = DIRECTION ( 'NONE',  ( -0.000000000000000000, -0.000000000000000000, -1.000000000000000000 ) ) ;
#2710 = VECTOR ( 'NONE', #1031, 1000.000000000000000 ) ;
#2711 = PLANE ( 'NONE',  #4308 ) ;
#2712 = CARTESIAN_POINT ( 'NONE',  ( -6.350000000000003197, -3.654415587728423898, -1.000000000000000000 ) ) ;
#2713 = LINE ( 'NONE', #873, #4023 ) ;
#2714 = EDGE_CURVE ( 'NONE', #3896, #32, #3444, .T. ) ;
#2715 = ORIENTED_EDGE ( 'NONE', *, *, #59, .F. ) ;
#2716 = CARTESIAN_POINT ( 'NONE',  ( 6.349999999999996092, -3.654415587728423898, 3.049999999999999822 ) ) ;
#2717 = DIRECTION ( 'NONE',  ( 0.7071067811865483499, 0.7071067811865466846, 0.000000000000000000 ) ) ;
#2718 = VERTEX_POINT ( 'NONE', #3787 ) ;
#2719 = VERTEX_POINT ( 'NONE', #1943 ) ;
#2720 = DIRECTION ( 'NONE',  ( 1.000000000000000000, 0.000000000000000000, 0.000000000000000000 ) ) ;
#2721 = VECTOR ( 'NONE', #1695, 1000.000000000000114 ) ;
#2722 = EDGE_CURVE ( 'NONE', #3985, #2880, #1575, .T. ) ;
#2723 = EDGE_CURVE ( 'NONE', #4148, #809, #849, .T. ) ;
#2724 = FACE_OUTER_BOUND ( 'NONE', #1578, .T. ) ;
#2725 = CYLINDRICAL_SURFACE ( 'NONE', #850, 3.174999999999997602 ) ;
#2726 = ORIENTED_EDGE ( 'NONE', *, *, #3946, .F. ) ;
#2727 = DIRECTION ( 'NONE',  ( -2.601884744300114343E-16, 1.000000000000000000, 0.000000000000000000 ) ) ;
#2728 = DIRECTION ( 'NONE',  ( -0.000000000000000000, -0.000000000000000000, -1.000000000000000000 ) ) ;
#2729 = LINE ( 'NONE', #1639, #367 ) ;
#2730 = ORIENTED_EDGE ( 'NONE', *, *, #2750, .F. ) ;
#2731 = LINE ( 'NONE', #3894, #2142 ) ;
#2732 = ADVANCED_FACE ( 'NONE', ( #4610 ), #1604, .F. ) ;
#2733 = EDGE_CURVE ( 'NONE', #4760, #3235, #4250, .T. ) ;
#2734 = ORIENTED_EDGE ( 'NONE', *, *, #870, .T. ) ;
#2735 = DIRECTION ( 'NONE',  ( -0.7071067811865501263, -0.7071067811865450192, -0.000000000000000000 ) ) ;
#2736 = PRODUCT ( '228-2500-002', '228-2500-002', '', ( #2431 ) ) ;
#2737 = LINE ( 'NONE', #963, #4696 ) ;
#2738 = CARTESIAN_POINT ( 'NONE',  ( -5.002207793864249297, -7.697792206135769533, -1.000000000000000000 ) ) ;
#2739 = DIRECTION ( 'NONE',  ( -0.7071067811865454633, 0.7071067811865496822, -0.000000000000000000 ) ) ;
#2740 = EDGE_LOOP ( 'NONE', ( #1522, #2308, #3369, #3387 ) ) ;
#2741 = DIRECTION ( 'NONE',  ( -0.000000000000000000, -0.000000000000000000, -1.000000000000000000 ) ) ;
#2742 = PLANE ( 'NONE',  #3215 ) ;
#2743 = EDGE_LOOP ( 'NONE', ( #2360, #1076, #3701, #4435 ) ) ;
#2744 = ORIENTED_EDGE ( 'NONE', *, *, #4744, .F. ) ;
#2745 = DIRECTION ( 'NONE',  ( 1.000000000000000000, 7.105427357601001859E-15, 0.000000000000000000 ) ) ;
#2746 = DIRECTION ( 'NONE',  ( -0.000000000000000000, -0.000000000000000000, -1.000000000000000000 ) ) ;
#2747 = CARTESIAN_POINT ( 'NONE',  ( 10.83650298521228983, 2.570603795974260919, 2.286000000000000032 ) ) ;
#2748 = ORIENTED_EDGE ( 'NONE', *, *, #1354, .T. ) ;
#2749 = LINE ( 'NONE', #3140, #998 ) ;
#2750 = EDGE_CURVE ( 'NONE', #1587, #3585, #3615, .T. ) ;
#2751 = DIRECTION ( 'NONE',  ( 1.000000000000000000, 1.365923996832131116E-16, 0.000000000000000000 ) ) ;
#2752 = ORIENTED_EDGE ( 'NONE', *, *, #1600, .F. ) ;
#2753 = AXIS2_PLACEMENT_3D ( 'NONE', #622, #2080, #2102 ) ;
#2754 = LINE ( 'NONE', #3486, #826 ) ;
#2755 = AXIS2_PLACEMENT_3D ( 'NONE', #1700, #1655, #4618 ) ;
#2756 = ORIENTED_EDGE ( 'NONE', *, *, #415, .T. ) ;
#2757 = DIRECTION ( 'NONE',  ( -1.000000000000000000, -2.601884744300114343E-16, 0.000000000000000000 ) ) ;
#2758 = AXIS2_PLACEMENT_3D ( 'NONE', #4330, #3511, #2467 ) ;
#2759 = AXIS2_PLACEMENT_3D ( 'NONE', #122, #2717, #1995 ) ;
#2760 = EDGE_CURVE ( 'NONE', #1223, #270, #1719, .T. ) ;
#2761 = EDGE_CURVE ( 'NONE', #2903, #2228, #1380, .T. ) ;
#2762 = DIRECTION ( 'NONE',  ( 0.000000000000000000, 0.000000000000000000, -1.000000000000000000 ) ) ;
#2763 = VECTOR ( 'NONE', #2009, 999.9999999999998863 ) ;
#2764 = CARTESIAN_POINT ( 'NONE',  ( -9.564617248245440351, 0.5000000000000001110, 2.286000000000000032 ) ) ;
#2765 = VECTOR ( 'NONE', #2849, 1000.000000000000000 ) ;
#2766 = DIRECTION ( 'NONE',  ( 1.000000000000000000, 0.000000000000000000, -0.000000000000000000 ) ) ;
#2767 = AXIS2_PLACEMENT_3D ( 'NONE', #1398, #1731, #4721 ) ;
#2768 = EDGE_CURVE ( 'NONE', #3339, #3851, #3247, .T. ) ;
#2769 = ORIENTED_EDGE ( 'NONE', *, *, #3710, .T. ) ;
#2770 = AXIS2_PLACEMENT_3D ( 'NONE', #3572, #2069, #247 ) ;
#2771 = DIRECTION ( 'NONE',  ( 1.000000000000000000, 0.000000000000000000, 0.000000000000000000 ) ) ;
#2772 = ORIENTED_EDGE ( 'NONE', *, *, #4562, .F. ) ;
#2773 = CARTESIAN_POINT ( 'NONE',  ( 10.43431429180943404, 1.558578927004023118, 2.286000000000000032 ) ) ;
#2774 = FACE_OUTER_BOUND ( 'NONE', #1997, .T. ) ;
#2775 = CARTESIAN_POINT ( 'NONE',  ( -12.69999999999999929, 0.000000000000000000, 2.286000000000000032 ) ) ;
#2776 = ORIENTED_EDGE ( 'NONE', *, *, #4353, .F. ) ;
#2777 = LINE ( 'NONE', #3889, #3300 ) ;
#2778 = DIRECTION ( 'NONE',  ( -1.000000000000000000, -1.365923996832131116E-16, 0.000000000000000000 ) ) ;
#2779 = CARTESIAN_POINT ( 'NONE',  ( -1.558578927004018011, -2.265685708190569692, 2.286000000000000032 ) ) ;
#2780 = ORIENTED_EDGE ( 'NONE', *, *, #4781, .T. ) ;
#2781 = DIRECTION ( 'NONE',  ( 1.000000000000000000, 0.000000000000000000, 0.000000000000000000 ) ) ;
#2782 = ORIENTED_EDGE ( 'NONE', *, *, #1037, .F. ) ;
#2783 = PLANE ( 'NONE',  #1357 ) ;
#2784 = PLANE ( 'NONE',  #4234 ) ;
#2785 = EDGE_CURVE ( 'NONE', #3699, #337, #1094, .T. ) ;
#2786 = VECTOR ( 'NONE', #1301, 1000.000000000000000 ) ;
#2787 = EDGE_CURVE ( 'NONE', #3406, #1026, #2335, .T. ) ;
#2788 = LINE ( 'NONE', #4723, #740 ) ;
#2789 = CIRCLE ( 'NONE', #539, 3.174999999999997158 ) ;
#2790 = VERTEX_POINT ( 'NONE', #2882 ) ;
#2791 = EDGE_CURVE ( 'NONE', #3813, #3751, #3902, .T. ) ;
#2792 = CARTESIAN_POINT ( 'NONE',  ( -8.895584412271597685, 6.199999999999999289, -2.286000000000000032 ) ) ;
#2793 = ORIENTED_EDGE ( 'NONE', *, *, #3970, .F. ) ;
#2794 = CARTESIAN_POINT ( 'NONE',  ( 4.492893218813454936, 5.200000000000000178, -1.000000000000000000 ) ) ;
#2795 = DIRECTION ( 'NONE',  ( -0.7071067811865479058, -0.7071067811865472397, 0.000000000000000000 ) ) ;
#2796 = VERTEX_POINT ( 'NONE', #1020 ) ;
#2797 = DATE_AND_TIME ( #632, #1365 ) ;
#2798 = FACE_OUTER_BOUND ( 'NONE', #3446, .T. ) ;
#2799 = CARTESIAN_POINT ( 'NONE',  ( -3.135382751754558051, 0.5000000000000016653, -2.286000000000000032 ) ) ;
#2800 = CIRCLE ( 'NONE', #1263, 3.174999999999997158 ) ;
#2801 = EDGE_LOOP ( 'NONE', ( #3510, #2769, #3721, #696 ) ) ;
#2802 = ORIENTED_EDGE ( 'NONE', *, *, #601, .F. ) ;
#2803 = LINE ( 'NONE', #2366, #4160 ) ;
#2804 = ORIENTED_EDGE ( 'NONE', *, *, #949, .T. ) ;
#2805 = PLANE ( 'NONE',  #1287 ) ;
#2806 = LINE ( 'NONE', #600, #2138 ) ;
#2807 = DIRECTION ( 'NONE',  ( -0.000000000000000000, -0.000000000000000000, -1.000000000000000000 ) ) ;
#2808 = EDGE_CURVE ( 'NONE', #4148, #4343, #479, .T. ) ;
#2809 = ORIENTED_EDGE ( 'NONE', *, *, #1689, .F. ) ;
#2810 = CARTESIAN_POINT ( 'NONE',  ( -6.350000000000000533, 5.068629150101524594, 3.049999999999999822 ) ) ;
#2811 = EDGE_CURVE ( 'NONE', #1875, #2796, #4288, .T. ) ;
#2812 = EDGE_CURVE ( 'NONE', #1625, #878, #4362, .T. ) ;
#2813 = ORIENTED_EDGE ( 'NONE', *, *, #2465, .F. ) ;
#2814 = CARTESIAN_POINT ( 'NONE',  ( 7.895584412271563046, -5.199999999999999289, 2.286000000000000032 ) ) ;
#2815 = CARTESIAN_POINT ( 'NONE',  ( 0.000000000000000000, 0.000000000000000000, -1.000000000000000000 ) ) ;
#2816 = ORIENTED_EDGE ( 'NONE', *, *, #1662, .T. ) ;
#2817 = PERSON_AND_ORGANIZATION ( #4126, #1290 ) ;
#2818 = FACE_OUTER_BOUND ( 'NONE', #2508, .T. ) ;
#2819 = EDGE_CURVE ( 'NONE', #3309, #1028, #2836, .T. ) ;
#2820 = LINE ( 'NONE', #4687, #2384 ) ;
#2821 = ORIENTED_EDGE ( 'NONE', *, *, #1865, .T. ) ;
#2822 = MANIFOLD_SOLID_BREP ( '228-2500-002', #1939 ) ;
#2823 = ORIENTED_EDGE ( 'NONE', *, *, #366, .F. ) ;
#2824 = CARTESIAN_POINT ( 'NONE',  ( 6.349999999999998757, 5.068629150101524594, 3.049999999999999822 ) ) ;
#2825 = ORIENTED_EDGE ( 'NONE', *, *, #2760, .F. ) ;
#2826 = CARTESIAN_POINT ( 'NONE',  ( -8.895584412271597685, -6.199999999999999289, 3.049999999999999822 ) ) ;
#2827 = DIRECTION ( 'NONE',  ( -1.000000000000000000, -1.365923996832131116E-16, 0.000000000000000000 ) ) ;
#2828 = AXIS2_PLACEMENT_3D ( 'NONE', #2233, #412, #390 ) ;
#2829 = VECTOR ( 'NONE', #1027, 1000.000000000000114 ) ;
#2830 = DIRECTION ( 'NONE',  ( 0.000000000000000000, 0.000000000000000000, 1.000000000000000000 ) ) ;
#2831 = AXIS2_PLACEMENT_3D ( 'NONE', #4283, #3965, #1665 ) ;
#2832 = VECTOR ( 'NONE', #3129, 1000.000000000000114 ) ;
#2833 = CARTESIAN_POINT ( 'NONE',  ( -5.996446609406733685, 6.703553390593270045, 1.000000000000000000 ) ) ;
#2834 = ORIENTED_EDGE ( 'NONE', *, *, #2963, .T. ) ;
#2835 = AXIS2_PLACEMENT_3D ( 'NONE', #1407, #2161, #314 ) ;
#2836 = LINE ( 'NONE', #1768, #1948 ) ;
#2837 = VECTOR ( 'NONE', #3185, 1000.000000000000000 ) ;
#2838 = DIRECTION ( 'NONE',  ( 0.000000000000000000, 0.000000000000000000, 1.000000000000000000 ) ) ;
#2839 = EDGE_CURVE ( 'NONE', #554, #4324, #3809, .T. ) ;
#2840 = EDGE_CURVE ( 'NONE', #2951, #3076, #4316, .T. ) ;
#2841 = CARTESIAN_POINT ( 'NONE',  ( -2.265685708190566139, -1.558578927004023118, 2.286000000000000032 ) ) ;
#2842 = ORIENTED_EDGE ( 'NONE', *, *, #4564, .F. ) ;
#2843 = DIRECTION ( 'NONE',  ( -0.7071067811865479058, 0.7071067811865472397, 0.000000000000000000 ) ) ;
#2844 = DIRECTION ( 'NONE',  ( 0.7071067811865466846, 0.7071067811865483499, 0.000000000000000000 ) ) ;
#2845 = ORIENTED_EDGE ( 'NONE', *, *, #4707, .T. ) ;
#2846 = FACE_OUTER_BOUND ( 'NONE', #3187, .T. ) ;
#2847 = ORIENTED_EDGE ( 'NONE', *, *, #3970, .T. ) ;
#2848 = VERTEX_POINT ( 'NONE', #2859 ) ;
#2849 = DIRECTION ( 'NONE',  ( 0.000000000000000000, 0.000000000000000000, -1.000000000000000000 ) ) ;
#2850 = EDGE_CURVE ( 'NONE', #2329, #1043, #218, .T. ) ;
#2851 = ORIENTED_EDGE ( 'NONE', *, *, #778, .T. ) ;
#2852 = DIRECTION ( 'NONE',  ( 0.7071067811865454633, -0.7071067811865496822, 0.000000000000000000 ) ) ;
#2853 = CARTESIAN_POINT ( 'NONE',  ( 0.3535533905932690679, 13.05355339059327768, 1.000000000000000000 ) ) ;
#2854 = EDGE_CURVE ( 'NONE', #2589, #1068, #2498, .T. ) ;
#2855 = DIRECTION ( 'NONE',  ( -1.000000000000000000, 0.000000000000000000, 0.000000000000000000 ) ) ;
#2856 = CARTESIAN_POINT ( 'NONE',  ( 0.000000000000000000, 0.000000000000000000, -1.000000000000000000 ) ) ;
#2857 = ORIENTED_EDGE ( 'NONE', *, *, #2128, .T. ) ;
#2858 = CARTESIAN_POINT ( 'NONE',  ( 6.349999999999997868, 3.654415587728447434, -2.286000000000000032 ) ) ;
#2859 = CARTESIAN_POINT ( 'NONE',  ( -15.87499999999999645, 0.000000000000000000, -2.286000000000000032 ) ) ;
#2860 = AXIS2_PLACEMENT_3D ( 'NONE', #4390, #154, #1736 ) ;
#2861 = DIRECTION ( 'NONE',  ( -0.000000000000000000, -0.000000000000000000, -1.000000000000000000 ) ) ;
#2862 = LINE ( 'NONE', #2551, #3915 ) ;
#2863 = ORIENTED_EDGE ( 'NONE', *, *, #236, .T. ) ;
#2864 = LINE ( 'NONE', #4344, #4590 ) ;
#2865 = ORIENTED_EDGE ( 'NONE', *, *, #3905, .T. ) ;
#2866 = DIRECTION ( 'NONE',  ( -0.000000000000000000, -0.000000000000000000, 1.000000000000000000 ) ) ;
#2867 = ORIENTED_EDGE ( 'NONE', *, *, #4267, .F. ) ;
#2868 = EDGE_CURVE ( 'NONE', #4282, #3378, #626, .T. ) ;
#2869 = ORIENTED_EDGE ( 'NONE', *, *, #2143, .F. ) ;
#2870 = DIRECTION ( 'NONE',  ( 1.000000000000000000, 0.000000000000000000, 0.000000000000000000 ) ) ;
#2871 = CARTESIAN_POINT ( 'NONE',  ( -14.80000000000000426, 2.571758278209447380E-16, -2.286000000000000032 ) ) ;
#2872 = ORIENTED_EDGE ( 'NONE', *, *, #3353, .F. ) ;
#2873 = CARTESIAN_POINT ( 'NONE',  ( -13.05355339059327768, 0.3535533905932778942, -1.000000000000000000 ) ) ;
#2874 = EDGE_CURVE ( 'NONE', #4224, #966, #3589, .T. ) ;
#2875 = EDGE_CURVE ( 'NONE', #1823, #467, #4271, .T. ) ;
#2876 = DIRECTION ( 'NONE',  ( 0.000000000000000000, 0.000000000000000000, 1.000000000000000000 ) ) ;
#2877 = CIRCLE ( 'NONE', #1259, 3.174999999999997158 ) ;
#2878 = LINE ( 'NONE', #4335, #2595 ) ;
#2879 = DIRECTION ( 'NONE',  ( 1.000000000000000000, 0.000000000000000000, 0.000000000000000000 ) ) ;
#2880 = VERTEX_POINT ( 'NONE', #2810 ) ;
#2881 = LINE ( 'NONE', #2410, #4104 ) ;
#2882 = CARTESIAN_POINT ( 'NONE',  ( 2.100000000000004530, 0.000000000000000000, -2.286000000000000032 ) ) ;
#2883 = ORIENTED_EDGE ( 'NONE', *, *, #921, .F. ) ;
#2884 = DIRECTION ( 'NONE',  ( 1.000000000000000000, 0.000000000000000000, -0.000000000000000000 ) ) ;
#2885 = PLANE ( 'NONE',  #2297 ) ;
#2886 = ORIENTED_EDGE ( 'NONE', *, *, #1741, .F. ) ;
#2887 = CYLINDRICAL_SURFACE ( 'NONE', #1176, 3.174999999999997158 ) ;
#2888 = ORIENTED_EDGE ( 'NONE', *, *, #1934, .T. ) ;
#2889 = PLANE ( 'NONE',  #2770 ) ;
#2890 = EDGE_LOOP ( 'NONE', ( #842, #3401, #4426, #3177, #3717, #1957 ) ) ;
#2891 = ORIENTED_EDGE ( 'NONE', *, *, #3821, .F. ) ;
#2892 = LINE ( 'NONE', #4372, #4387 ) ;
#2893 = CARTESIAN_POINT ( 'NONE',  ( -10.43431429180943404, 1.558578927004023118, 2.286000000000000032 ) ) ;
#2894 = ORIENTED_EDGE ( 'NONE', *, *, #3346, .T. ) ;
#2895 = CARTESIAN_POINT ( 'NONE',  ( -10.59999999999999432, 0.000000000000000000, 2.286000000000000032 ) ) ;
#2896 = PLANE ( 'NONE',  #1917 ) ;
#2897 = ORIENTED_EDGE ( 'NONE', *, *, #2104, .T. ) ;
#2898 = CARTESIAN_POINT ( 'NONE',  ( -1.863497014787711015, -2.570603795974260475, 2.286000000000000032 ) ) ;
#2899 = EDGE_CURVE ( 'NONE', #591, #2412, #260, .T. ) ;
#2900 = ADVANCED_FACE ( 'NONE', ( #967 ), #3566, .T. ) ;
#2901 = DIRECTION ( 'NONE',  ( 0.000000000000000000, 0.000000000000000000, 1.000000000000000000 ) ) ;
#2902 = VECTOR ( 'NONE', #529, 1000.000000000000000 ) ;
#2903 = VERTEX_POINT ( 'NONE', #4050 ) ;
#2904 = DIRECTION ( 'NONE',  ( 0.7071067811865479058, 0.7071067811865472397, -0.000000000000000000 ) ) ;
#2905 = AXIS2_PLACEMENT_3D ( 'NONE', #2938, #728, #3251 ) ;
#2906 = EDGE_CURVE ( 'NONE', #2072, #3016, #1091, .T. ) ;
#2907 = DIRECTION ( 'NONE',  ( -0.000000000000000000, -0.000000000000000000, -1.000000000000000000 ) ) ;
#2908 = VECTOR ( 'NONE', #3729, 1000.000000000000000 ) ;
#2909 = VECTOR ( 'NONE', #3354, 1000.000000000000000 ) ;
#2910 = ORIENTED_EDGE ( 'NONE', *, *, #537, .F. ) ;
#2911 = DIRECTION ( 'NONE',  ( -0.000000000000000000, -0.000000000000000000, -1.000000000000000000 ) ) ;
#2912 = VECTOR ( 'NONE', #3752, 1000.000000000000000 ) ;
#2913 = DIRECTION ( 'NONE',  ( 1.000000000000000000, 0.000000000000000000, 0.000000000000000000 ) ) ;
#2914 = ORIENTED_EDGE ( 'NONE', *, *, #1960, .F. ) ;
#2915 = FACE_OUTER_BOUND ( 'NONE', #4693, .T. ) ;
#2916 = VECTOR ( 'NONE', #4349, 1000.000000000000000 ) ;
#2917 = AXIS2_PLACEMENT_3D ( 'NONE', #9, #764, #1926 ) ;
#2918 = VERTEX_POINT ( 'NONE', #4124 ) ;
#2919 = DIRECTION ( 'NONE',  ( 0.000000000000000000, 0.000000000000000000, 1.000000000000000000 ) ) ;
#2920 = ORIENTED_EDGE ( 'NONE', *, *, #4181, .F. ) ;
#2921 = VERTEX_POINT ( 'NONE', #4026 ) ;
#2922 = LINE ( 'NONE', #4739, #2686 ) ;
#2923 = LINE ( 'NONE', #4446, #4800 ) ;
#2924 = ORIENTED_EDGE ( 'NONE', *, *, #4635, .F. ) ;
#2925 = DIRECTION ( 'NONE',  ( 0.7071067811865536790, -0.7071067811865414665, 0.000000000000000000 ) ) ;
#2926 = CARTESIAN_POINT ( 'NONE',  ( 4.492893218813454936, -5.200000000000001066, -2.286000000000000032 ) ) ;
#2927 = ORIENTED_EDGE ( 'NONE', *, *, #2899, .T. ) ;
#2928 = DIRECTION ( 'NONE',  ( -0.000000000000000000, -0.000000000000000000, -1.000000000000000000 ) ) ;
#2929 = DIRECTION ( 'NONE',  ( 0.7071067811865501263, 0.7071067811865450192, 0.000000000000000000 ) ) ;
#2930 = EDGE_CURVE ( 'NONE', #1479, #3592, #2101, .T. ) ;
#2931 = ADVANCED_FACE ( 'NONE', ( #3737 ), #1498, .F. ) ;
#2932 = DIRECTION ( 'NONE',  ( -0.7071067811865536790, 0.7071067811865414665, 0.000000000000000000 ) ) ;
#2933 = DIRECTION ( 'NONE',  ( -1.000000000000000000, 0.000000000000000000, 0.000000000000000000 ) ) ;
#2934 = EDGE_CURVE ( 'NONE', #3542, #763, #1144, .T. ) ;
#2935 = ORIENTED_EDGE ( 'NONE', *, *, #3882, .F. ) ;
#2936 = ADVANCED_FACE ( 'NONE', ( #4412 ), #702, .F. ) ;
#2937 = VECTOR ( 'NONE', #1210, 1000.000000000000000 ) ;
#2938 = CARTESIAN_POINT ( 'NONE',  ( -12.69999999999999929, 0.000000000000000000, 1.000000000000000000 ) ) ;
#2939 = ORIENTED_EDGE ( 'NONE', *, *, #2134, .T. ) ;
#2940 = CARTESIAN_POINT ( 'NONE',  ( 7.481370849898473452, 6.200000000000001954, -3.049999999999999822 ) ) ;
#2941 = ORIENTED_EDGE ( 'NONE', *, *, #1331, .F. ) ;
#2942 = LINE ( 'NONE', #374, #2909 ) ;
#2943 = ORIENTED_EDGE ( 'NONE', *, *, #3316, .F. ) ;
#2944 = ORIENTED_EDGE ( 'NONE', *, *, #2493, .F. ) ;
#2945 = LINE ( 'NONE', #1125, #3698 ) ;
#2946 = AXIS2_PLACEMENT_3D ( 'NONE', #3817, #4476, #3405 ) ;
#2947 = PLANE ( 'NONE',  #4647 ) ;
#2948 = ORIENTED_EDGE ( 'NONE', *, *, #2583, .T. ) ;
#2949 = CARTESIAN_POINT ( 'NONE',  ( 0.000000000000000000, 0.000000000000000000, 2.286000000000000032 ) ) ;
#2950 = DIRECTION ( 'NONE',  ( 0.7071067811865501263, 0.7071067811865450192, 0.000000000000000000 ) ) ;
#2951 = VERTEX_POINT ( 'NONE', #3758 ) ;
#2952 = CARTESIAN_POINT ( 'NONE',  ( -12.69999999999999929, 6.200000000000001954, 1.000000000000000000 ) ) ;
#2953 = LINE ( 'NONE', #4432, #1590 ) ;
#2954 = VECTOR ( 'NONE', #3953, 1000.000000000000000 ) ;
#2955 = CARTESIAN_POINT ( 'NONE',  ( 4.804415587728419368, 5.200000000000000178, 3.049999999999999822 ) ) ;
#2956 = CARTESIAN_POINT ( 'NONE',  ( -9.995836543402008445, 0.4999999999999998890, 2.286000000000000032 ) ) ;
#2957 = EDGE_CURVE ( 'NONE', #2589, #108, #4392, .T. ) ;
#2958 = VERTEX_POINT ( 'NONE', #438 ) ;
#2959 = DIRECTION ( 'NONE',  ( -0.000000000000000000, -0.000000000000000000, -1.000000000000000000 ) ) ;
#2960 = EDGE_LOOP ( 'NONE', ( #3236, #1102, #1335, #961 ) ) ;
#2961 = CARTESIAN_POINT ( 'NONE',  ( -4.492893218813451384, -5.200000000000001066, 2.286000000000000032 ) ) ;
#2962 = EDGE_CURVE ( 'NONE', #4343, #4489, #1529, .T. ) ;
#2963 = EDGE_CURVE ( 'NONE', #4586, #3823, #2877, .T. ) ;
#2964 = VERTEX_POINT ( 'NONE', #3664 ) ;
#2965 = CARTESIAN_POINT ( 'NONE',  ( 7.344238815542504462, 4.648654403270949587, 2.286000000000000032 ) ) ;
#2966 = ORIENTED_EDGE ( 'NONE', *, *, #3550, .T. ) ;
#2967 = ORIENTED_EDGE ( 'NONE', *, *, #2224, .T. ) ;
#2968 = CARTESIAN_POINT ( 'NONE',  ( -8.207106781186544353, -5.200000000000001066, -2.286000000000000032 ) ) ;
#2969 = LINE ( 'NONE', #4763, #2010 ) ;
#2970 = ORIENTED_EDGE ( 'NONE', *, *, #1868, .T. ) ;
#2971 = LINE ( 'NONE', #4765, #3919 ) ;
#2972 = ADVANCED_FACE ( 'NONE', ( #726 ), #4434, .F. ) ;
#2973 = VECTOR ( 'NONE', #953, 1000.000000000000000 ) ;
#2974 = CARTESIAN_POINT ( 'NONE',  ( 2.265685708190565251, 1.558578927004023118, 2.286000000000000032 ) ) ;
#2975 = VERTEX_POINT ( 'NONE', #3296 ) ;
#2976 = CARTESIAN_POINT ( 'NONE',  ( -7.481370849898477893, -6.200000000000001954, -3.049999999999999822 ) ) ;
#2977 = PLANE ( 'NONE',  #1913 ) ;
#2978 = DIRECTION ( 'NONE',  ( -0.000000000000000000, -0.000000000000000000, -1.000000000000000000 ) ) ;
#2979 = CARTESIAN_POINT ( 'NONE',  ( 14.80000000000000426, 0.000000000000000000, -2.286999999999999922 ) ) ;
#2980 = VECTOR ( 'NONE', #333, 1000.000000000000000 ) ;
#2981 = ORIENTED_EDGE ( 'NONE', *, *, #4290, .T. ) ;
#2982 = AXIS2_PLACEMENT_3D ( 'NONE', #4365, #4709, #2139 ) ;
#2983 = VECTOR ( 'NONE', #2347, 1000.000000000000000 ) ;
#2984 = VECTOR ( 'NONE', #994, 1000.000000000000114 ) ;
#2985 = DIRECTION ( 'NONE',  ( 1.000000000000000000, 6.829619984160659279E-17, 0.000000000000000000 ) ) ;
#2986 = ORIENTED_EDGE ( 'NONE', *, *, #1005, .T. ) ;
#2987 = PLANE ( 'NONE',  #2422 ) ;
#2988 = ORIENTED_EDGE ( 'NONE', *, *, #1333, .F. ) ;
#2989 = CARTESIAN_POINT ( 'NONE',  ( -12.69999999999999929, 0.000000000000000000, 2.286000000000000032 ) ) ;
#2990 = ORIENTED_EDGE ( 'NONE', *, *, #1363, .F. ) ;
#2991 = ORIENTED_EDGE ( 'NONE', *, *, #3827, .F. ) ;
#2992 = VECTOR ( 'NONE', #2735, 1000.000000000000114 ) ;
#2993 = VECTOR ( 'NONE', #2688, 999.9999999999998863 ) ;
#2994 = DIRECTION ( 'NONE',  ( -0.000000000000000000, -0.000000000000000000, -1.000000000000000000 ) ) ;
#2995 = EDGE_CURVE ( 'NONE', #1079, #3637, #4782, .T. ) ;
#2996 = ADVANCED_FACE ( 'NONE', ( #1115 ), #1457, .T. ) ;
#2997 = FACE_BOUND ( 'NONE', #1174, .T. ) ;
#2998 = VECTOR ( 'NONE', #4762, 1000.000000000000114 ) ;
#2999 = EDGE_LOOP ( 'NONE', ( #288, #2495, #137, #1378 ) ) ;
#3000 = ORIENTED_EDGE ( 'NONE', *, *, #801, .F. ) ;
#3001 = CARTESIAN_POINT ( 'NONE',  ( 6.349999999999998757, -5.068629150101524594, -3.049999999999999822 ) ) ;
#3002 = VECTOR ( 'NONE', #1836, 1000.000000000000000 ) ;
#3003 = CARTESIAN_POINT ( 'NONE',  ( -12.70000000000000284, 5.199999999999997513, 3.049999999999999822 ) ) ;
#3004 = CIRCLE ( 'NONE', #1558, 5.200000000000000178 ) ;
#3005 = EDGE_CURVE ( 'NONE', #2918, #3274, #4044, .T. ) ;
#3006 = VERTEX_POINT ( 'NONE', #368 ) ;
#3007 = LINE ( 'NONE', #2202, #4695 ) ;
#3008 = FACE_OUTER_BOUND ( 'NONE', #404, .T. ) ;
#3009 = CARTESIAN_POINT ( 'NONE',  ( 6.349999999999998757, -5.068629150101524594, -3.049999999999999822 ) ) ;
#3010 = DIRECTION ( 'NONE',  ( -0.7071067811865481278, -0.7071067811865470176, -0.000000000000000000 ) ) ;
#3011 = EDGE_LOOP ( 'NONE', ( #2943, #3328, #284, #4230, #2438, #2427 ) ) ;
#3012 = VERTEX_POINT ( 'NONE', #2645 ) ;
#3013 = FACE_OUTER_BOUND ( 'NONE', #1807, .T. ) ;
#3014 = ORIENTED_EDGE ( 'NONE', *, *, #3519, .F. ) ;
#3015 = DIRECTION ( 'NONE',  ( 1.000000000000000000, 0.000000000000000000, -0.000000000000000000 ) ) ;
#3016 = VERTEX_POINT ( 'NONE', #2593 ) ;
#3017 = ORIENTED_EDGE ( 'NONE', *, *, #414, .T. ) ;
#3018 = CARTESIAN_POINT ( 'NONE',  ( -2.265685708190566139, 1.558578927004023118, -2.286000000000000032 ) ) ;
#3019 = AXIS2_PLACEMENT_3D ( 'NONE', #2351, #1286, #2328 ) ;
#3020 = DIRECTION ( 'NONE',  ( 1.000000000000000000, 0.000000000000000000, 0.000000000000000000 ) ) ;
#3021 = LINE ( 'NONE', #3842, #2326 ) ;
#3022 = ORIENTED_EDGE ( 'NONE', *, *, #2547, .T. ) ;
#3023 = CARTESIAN_POINT ( 'NONE',  ( 5.355761184457479729, -4.648654403270935376, 1.000000000000000000 ) ) ;
#3024 = ADVANCED_FACE ( 'NONE', ( #4460 ), #1845, .T. ) ;
#3025 = VECTOR ( 'NONE', #4025, 1000.000000000000000 ) ;
#3026 = CARTESIAN_POINT ( 'NONE',  ( 8.207106781186547906, 5.200000000000000178, 1.000000000000000444 ) ) ;
#3027 = ORIENTED_EDGE ( 'NONE', *, *, #3496, .T. ) ;
#3028 = DIRECTION ( 'NONE',  ( -0.000000000000000000, -0.000000000000000000, -1.000000000000000000 ) ) ;
#3029 = EDGE_CURVE ( 'NONE', #631, #833, #2234, .T. ) ;
#3030 = EDGE_CURVE ( 'NONE', #1087, #1146, #460, .T. ) ;
#3031 = FACE_OUTER_BOUND ( 'NONE', #301, .T. ) ;
#3032 = CYLINDRICAL_SURFACE ( 'NONE', #1045, 3.174999999999997602 ) ;
#3033 = LINE ( 'NONE', #553, #614 ) ;
#3034 = VECTOR ( 'NONE', #121, 1000.000000000000000 ) ;
#3035 = ORIENTED_EDGE ( 'NONE', *, *, #4172, .F. ) ;
#3036 = CARTESIAN_POINT ( 'NONE',  ( -12.69999999999999929, -5.200000000000001066, -1.000000000000000000 ) ) ;
#3037 = FACE_OUTER_BOUND ( 'NONE', #2594, .T. ) ;
#3038 = VERTEX_POINT ( 'NONE', #167 ) ;
#3039 = ORIENTED_EDGE ( 'NONE', *, *, #3084, .T. ) ;
#3040 = DIRECTION ( 'NONE',  ( 0.000000000000000000, 0.000000000000000000, -1.000000000000000000 ) ) ;
#3041 = DIRECTION ( 'NONE',  ( 0.7071067811865477948, 0.7071067811865473507, 0.000000000000000000 ) ) ;
#3042 = DIRECTION ( 'NONE',  ( -0.000000000000000000, -0.000000000000000000, -1.000000000000000000 ) ) ;
#3043 = ORIENTED_EDGE ( 'NONE', *, *, #85, .F. ) ;
#3044 = DIRECTION ( 'NONE',  ( 1.000000000000000000, 0.000000000000000000, 0.000000000000000000 ) ) ;
#3045 = VECTOR ( 'NONE', #396, 1000.000000000000000 ) ;
#3046 = CARTESIAN_POINT ( 'NONE',  ( 6.349999999999996092, -3.654415587728423898, 3.049999999999999822 ) ) ;
#3047 = CC_DESIGN_PERSON_AND_ORGANIZATION_ASSIGNMENT ( #1273, #1681, ( #2603 ) ) ;
#3048 = ORIENTED_EDGE ( 'NONE', *, *, #648, .F. ) ;
#3049 = CARTESIAN_POINT ( 'NONE',  ( -3.135382751754558051, -0.5000000000000001110, -2.286000000000000032 ) ) ;
#3050 = CARTESIAN_POINT ( 'NONE',  ( 1.558578927004018455, -2.265685708190569692, 2.286000000000000032 ) ) ;
#3051 = EDGE_CURVE ( 'NONE', #4251, #1766, #3033, .T. ) ;
#3052 = EDGE_CURVE ( 'NONE', #2563, #3254, #4144, .T. ) ;
#3053 = LINE ( 'NONE', #3513, #2441 ) ;
#3054 = CARTESIAN_POINT ( 'NONE',  ( 0.3535533905932690679, -13.05355339059327768, -1.000000000000000000 ) ) ;
#3055 = ORIENTED_EDGE ( 'NONE', *, *, #3266, .F. ) ;
#3056 = ADVANCED_FACE ( 'NONE', ( #1573 ), #4530, .T. ) ;
#3057 = DIRECTION ( 'NONE',  ( 1.000000000000000000, 6.829619984160659279E-17, 0.000000000000000000 ) ) ;
#3058 = CARTESIAN_POINT ( 'NONE',  ( 2.570603795974257366, 1.863497014787715012, 2.286000000000000032 ) ) ;
#3059 = ORIENTED_EDGE ( 'NONE', *, *, #742, .T. ) ;
#3060 = ORIENTED_EDGE ( 'NONE', *, *, #1363, .T. ) ;
#3061 = DIRECTION ( 'NONE',  ( -0.7071067811865536790, 0.7071067811865414665, 0.000000000000000000 ) ) ;
#3062 = AXIS2_PLACEMENT_3D ( 'NONE', #822, #4558, #552 ) ;
#3063 = VECTOR ( 'NONE', #4012, 1000.000000000000000 ) ;
#3064 = CARTESIAN_POINT ( 'NONE',  ( 10.83650298521228983, 2.570603795974260919, 2.286000000000000032 ) ) ;
#3065 = CARTESIAN_POINT ( 'NONE',  ( -5.355761184457495716, 4.648654403270950475, -1.000000000000000000 ) ) ;
#3066 = ORIENTED_EDGE ( 'NONE', *, *, #2691, .F. ) ;
#3067 = LINE ( 'NONE', #2658, #4776 ) ;
#3068 = DIRECTION ( 'NONE',  ( 0.7071067811865479058, 0.7071067811865472397, -0.000000000000000000 ) ) ;
#3069 = VECTOR ( 'NONE', #793, 1000.000000000000000 ) ;
#3070 = CIRCLE ( 'NONE', #2681, 6.200000000000000178 ) ;
#3071 = VECTOR ( 'NONE', #4588, 1000.000000000000000 ) ;
#3072 = CARTESIAN_POINT ( 'NONE',  ( 12.70000000000000107, 5.200000000000001066, 3.049999999999999822 ) ) ;
#3073 = CARTESIAN_POINT ( 'NONE',  ( -12.69999999999999929, -0.5000000000000057732, -1.000000000000000000 ) ) ;
#3074 = CIRCLE ( 'NONE', #908, 2.100000000000004530 ) ;
#3075 = CIRCLE ( 'NONE', #1677, 2.100000000000004530 ) ;
#3076 = VERTEX_POINT ( 'NONE', #2012 ) ;
#3077 = DIRECTION ( 'NONE',  ( 1.000000000000000000, 8.881784197001252323E-16, 0.000000000000000000 ) ) ;
#3078 = VECTOR ( 'NONE', #3576, 1000.000000000000000 ) ;
#3079 = VECTOR ( 'NONE', #2363, 1000.000000000000000 ) ;
#3080 = CARTESIAN_POINT ( 'NONE',  ( -7.344238815542513343, 4.648654403270944258, -1.000000000000000000 ) ) ;
#3081 = DIRECTION ( 'NONE',  ( -0.7071067811865479058, 0.7071067811865472397, 0.000000000000000000 ) ) ;
#3082 = DIRECTION ( 'NONE',  ( 1.000000000000000000, 2.601884744300114343E-16, -0.000000000000000000 ) ) ;
#3083 = ADVANCED_FACE ( 'NONE', ( #3858 ), #924, .F. ) ;
#3084 = EDGE_CURVE ( 'NONE', #1323, #357, #1623, .T. ) ;
#3085 = EDGE_LOOP ( 'NONE', ( #310, #4540, #984, #3786, #2802, #4024 ) ) ;
#3086 = DIRECTION ( 'NONE',  ( 1.000000000000000000, 2.601884744300114343E-16, 0.000000000000000000 ) ) ;
#3087 = ADVANCED_FACE ( 'NONE', ( #2666 ), #2401, .F. ) ;
#3088 = ADVANCED_FACE ( 'NONE', ( #823 ), #114, .T. ) ;
#3089 = LINE ( 'NONE', #2696, #508 ) ;
#3090 = VERTEX_POINT ( 'NONE', #897 ) ;
#3091 = VERTEX_POINT ( 'NONE', #71 ) ;
#3092 = PLANE ( 'NONE',  #2063 ) ;
#3093 = CARTESIAN_POINT ( 'NONE',  ( -12.69999999999999929, 5.199999999999997513, 1.000000000000000000 ) ) ;
#3094 = DIRECTION ( 'NONE',  ( 0.000000000000000000, 0.000000000000000000, 1.000000000000000000 ) ) ;
#3095 = ORIENTED_EDGE ( 'NONE', *, *, #3828, .F. ) ;
#3096 = CYLINDRICAL_SURFACE ( 'NONE', #902, 2.100000000000004530 ) ;
#3097 = DIRECTION ( 'NONE',  ( 0.000000000000000000, 0.000000000000000000, 1.000000000000000000 ) ) ;
#3098 = CARTESIAN_POINT ( 'NONE',  ( -13.05355339059327768, -0.3535533905932778942, -1.000000000000000000 ) ) ;
#3099 = VERTEX_POINT ( 'NONE', #1551 ) ;
#3100 = VECTOR ( 'NONE', #2690, 1000.000000000000000 ) ;
#3101 = CARTESIAN_POINT ( 'NONE',  ( 2.570603795974256478, -1.863497014787715678, -1.000000000000000000 ) ) ;
#3102 = VERTEX_POINT ( 'NONE', #1941 ) ;
#3103 = LINE ( 'NONE', #3852, #2983 ) ;
#3104 = FACE_OUTER_BOUND ( 'NONE', #4013, .T. ) ;
#3105 = CARTESIAN_POINT ( 'NONE',  ( 9.564617248245442127, 0.5000000000000016653, 1.000000000000000000 ) ) ;
#3106 = DIRECTION ( 'NONE',  ( 0.7071067811865469066, 0.7071067811865481278, -0.000000000000000000 ) ) ;
#3107 = EDGE_LOOP ( 'NONE', ( #498, #3771, #144, #332 ) ) ;
#3108 = CC_DESIGN_PERSON_AND_ORGANIZATION_ASSIGNMENT ( #3909, #564, ( #3922 ) ) ;
#3109 = DIRECTION ( 'NONE',  ( 0.7071067811865477948, -0.7071067811865473507, 0.000000000000000000 ) ) ;
#3110 = FACE_OUTER_BOUND ( 'NONE', #1415, .T. ) ;
#3111 = VERTEX_POINT ( 'NONE', #2381 ) ;
#3112 = ORIENTED_EDGE ( 'NONE', *, *, #4093, .T. ) ;
#3113 = CARTESIAN_POINT ( 'NONE',  ( -9.564617248245440351, 0.5000000000000001110, 2.286000000000000032 ) ) ;
#3114 = AXIS2_PLACEMENT_3D ( 'NONE', #2956, #1920, #336 ) ;
#3115 = CARTESIAN_POINT ( 'NONE',  ( 2.570603795974257366, -1.863497014787715012, -2.286000000000000032 ) ) ;
#3116 = EDGE_CURVE ( 'NONE', #2072, #1951, #1262, .T. ) ;
#3117 = EDGE_CURVE ( 'NONE', #3427, #2634, #1314, .T. ) ;
#3118 = LINE ( 'NONE', #1318, #1436 ) ;
#3119 = EDGE_LOOP ( 'NONE', ( #3317, #1979, #2548, #4444 ) ) ;
#3120 = FACE_OUTER_BOUND ( 'NONE', #78, .T. ) ;
#3121 = DIRECTION ( 'NONE',  ( 0.000000000000000000, 0.000000000000000000, 1.000000000000000000 ) ) ;
#3122 = DIRECTION ( 'NONE',  ( -0.000000000000000000, -0.000000000000000000, -1.000000000000000000 ) ) ;
#3123 = ORIENTED_EDGE ( 'NONE', *, *, #1628, .T. ) ;
#3124 = DIRECTION ( 'NONE',  ( -0.000000000000000000, -0.000000000000000000, -1.000000000000000000 ) ) ;
#3125 = AXIS2_PLACEMENT_3D ( 'NONE', #3668, #1292, #3086 ) ;
#3126 = EDGE_CURVE ( 'NONE', #2964, #3859, #141, .T. ) ;
#3127 = EDGE_LOOP ( 'NONE', ( #2479, #733, #251, #4703, #2023, #929 ) ) ;
#3128 = FACE_OUTER_BOUND ( 'NONE', #4400, .T. ) ;
#3129 = DIRECTION ( 'NONE',  ( 0.7071067811865454633, -0.7071067811865496822, 0.000000000000000000 ) ) ;
#3130 = CARTESIAN_POINT ( 'NONE',  ( -12.69999999999999929, 0.000000000000000000, -1.000000000000000000 ) ) ;
#3131 = CARTESIAN_POINT ( 'NONE',  ( 12.70000000000000107, 5.200000000000001066, -3.049999999999999822 ) ) ;
#3132 = ORIENTED_EDGE ( 'NONE', *, *, #4774, .T. ) ;
#3133 = CARTESIAN_POINT ( 'NONE',  ( 6.349999999999998757, 5.068629150101524594, 3.049999999999999822 ) ) ;
#3134 = ORIENTED_EDGE ( 'NONE', *, *, #557, .T. ) ;
#3135 = LINE ( 'NONE', #2020, #1140 ) ;
#3136 = FACE_OUTER_BOUND ( 'NONE', #2096, .T. ) ;
#3137 = LINE ( 'NONE', #4640, #4286 ) ;
#3138 = VERTEX_POINT ( 'NONE', #4511 ) ;
#3139 = APPROVAL_ROLE ( '' ) ;
#3140 = CARTESIAN_POINT ( 'NONE',  ( 12.70000000000000107, 5.200000000000001066, -2.286000000000000032 ) ) ;
#3141 = CARTESIAN_POINT ( 'NONE',  ( 12.70000000000000107, 5.200000000000001066, 3.049999999999999822 ) ) ;
#3142 = ORIENTED_EDGE ( 'NONE', *, *, #3946, .T. ) ;
#3143 = EDGE_CURVE ( 'NONE', #1299, #471, #94, .T. ) ;
#3144 = VECTOR ( 'NONE', #602, 1000.000000000000000 ) ;
#3145 = EDGE_CURVE ( 'NONE', #878, #4374, #1963, .T. ) ;
#3146 = CARTESIAN_POINT ( 'NONE',  ( -11.14142107299598194, -2.265685708190569692, -2.286000000000000032 ) ) ;
#3147 = VECTOR ( 'NONE', #4595, 1000.000000000000000 ) ;
#3148 = VERTEX_POINT ( 'NONE', #1189 ) ;
#3149 = DIRECTION ( 'NONE',  ( 0.000000000000000000, 0.000000000000000000, 1.000000000000000000 ) ) ;
#3150 = AXIS2_PLACEMENT_3D ( 'NONE', #4141, #3028, #3077 ) ;
#3151 = AXIS2_PLACEMENT_3D ( 'NONE', #2105, #3997, #699 ) ;
#3152 = EDGE_CURVE ( 'NONE', #4251, #2552, #3442, .T. ) ;
#3153 = DIRECTION ( 'NONE',  ( -0.7071067811865477948, 0.7071067811865473507, -0.000000000000000000 ) ) ;
#3154 = DIRECTION ( 'NONE',  ( 0.000000000000000000, 0.000000000000000000, 1.000000000000000000 ) ) ;
#3155 = VECTOR ( 'NONE', #4261, 999.9999999999998863 ) ;
#3156 = CARTESIAN_POINT ( 'NONE',  ( 0.000000000000000000, 0.000000000000000000, 1.000000000000000000 ) ) ;
#3157 = AXIS2_PLACEMENT_3D ( 'NONE', #2773, #4545, #152 ) ;
#3158 = VERTEX_POINT ( 'NONE', #4248 ) ;
#3159 = DIRECTION ( 'NONE',  ( -0.000000000000000000, -0.000000000000000000, 1.000000000000000000 ) ) ;
#3160 = ORIENTED_EDGE ( 'NONE', *, *, #2572, .F. ) ;
#3161 = CARTESIAN_POINT ( 'NONE',  ( 6.349999999999997868, 3.654415587728447434, 3.049999999999999822 ) ) ;
#3162 = DIRECTION ( 'NONE',  ( 1.000000000000000000, 0.000000000000000000, 0.000000000000000000 ) ) ;
#3163 = ORIENTED_EDGE ( 'NONE', *, *, #2812, .F. ) ;
#3164 = COORDINATED_UNIVERSAL_TIME_OFFSET ( 6, 0, .BEHIND. ) ;
#3165 = LINE ( 'NONE', #1614, #2786 ) ;
#3166 = CARTESIAN_POINT ( 'NONE',  ( 4.804415587728400716, -5.200000000000007283, -3.049999999999999822 ) ) ;
#3167 = ORIENTED_EDGE ( 'NONE', *, *, #3856, .F. ) ;
#3168 = ORIENTED_EDGE ( 'NONE', *, *, #3802, .F. ) ;
#3169 = DIRECTION ( 'NONE',  ( -0.000000000000000000, -0.000000000000000000, -1.000000000000000000 ) ) ;
#3170 = VERTEX_POINT ( 'NONE', #3785 ) ;
#3171 = CARTESIAN_POINT ( 'NONE',  ( 12.70000000000000107, 5.200000000000001066, 2.286000000000000032 ) ) ;
#3172 = EDGE_CURVE ( 'NONE', #3699, #651, #2713, .T. ) ;
#3173 = DIRECTION ( 'NONE',  ( 0.7071067811865454633, -0.7071067811865496822, 0.000000000000000000 ) ) ;
#3174 = CARTESIAN_POINT ( 'NONE',  ( -6.350000000000000533, 5.068629150101524594, -3.049999999999999822 ) ) ;
#3175 = EDGE_CURVE ( 'NONE', #1735, #1129, #2473, .T. ) ;
#3176 = EDGE_CURVE ( 'NONE', #1540, #3542, #3514, .T. ) ;
#3177 = ORIENTED_EDGE ( 'NONE', *, *, #1336, .F. ) ;
#3178 = CARTESIAN_POINT ( 'NONE',  ( -6.703553390593287808, 5.996446609406722139, 1.000000000000000000 ) ) ;
#3179 = VERTEX_POINT ( 'NONE', #565 ) ;
#3180 = DIRECTION ( 'NONE',  ( -0.000000000000000000, -0.000000000000000000, -1.000000000000000000 ) ) ;
#3181 = CARTESIAN_POINT ( 'NONE',  ( 9.564617248245440351, -0.5000000000000001110, 1.000000000000000000 ) ) ;
#3182 = VERTEX_POINT ( 'NONE', #1229 ) ;
#3183 = DATE_AND_TIME ( #223, #749 ) ;
#3184 = PLANE ( 'NONE',  #89 ) ;
#3185 = DIRECTION ( 'NONE',  ( 0.000000000000000000, 0.000000000000000000, -1.000000000000000000 ) ) ;
#3186 = VECTOR ( 'NONE', #286, 1000.000000000000000 ) ;
#3187 = EDGE_LOOP ( 'NONE', ( #4641, #3035, #4294, #1769, #4549, #4051 ) ) ;
#3188 = EDGE_LOOP ( 'NONE', ( #3739, #4036, #4305, #2140 ) ) ;
#3189 = CARTESIAN_POINT ( 'NONE',  ( -12.69999999999999929, 0.000000000000000000, -2.286000000000000032 ) ) ;
#3190 = ORIENTED_EDGE ( 'NONE', *, *, #830, .T. ) ;
#3191 = FACE_OUTER_BOUND ( 'NONE', #3011, .T. ) ;
#3192 = DIRECTION ( 'NONE',  ( -0.000000000000000000, -0.000000000000000000, -1.000000000000000000 ) ) ;
#3193 = FACE_OUTER_BOUND ( 'NONE', #3555, .T. ) ;
#3194 = LINE ( 'NONE', #3445, #3764 ) ;
#3195 = ADVANCED_FACE ( 'NONE', ( #2798, #1637 ), #4551, .T. ) ;
#3196 = EDGE_LOOP ( 'NONE', ( #3789, #4439, #4315, #3937 ) ) ;
#3197 = EDGE_CURVE ( 'NONE', #4287, #1462, #2003, .T. ) ;
#3198 = DIRECTION ( 'NONE',  ( 1.000000000000000000, 0.000000000000000000, 0.000000000000000000 ) ) ;
#3199 = EDGE_CURVE ( 'NONE', #2958, #3336, #3403, .T. ) ;
#3200 = DIRECTION ( 'NONE',  ( -0.7071067811865496822, -0.7071067811865454633, 0.000000000000000000 ) ) ;
#3201 = CARTESIAN_POINT ( 'NONE',  ( 1.863497014787710127, -2.570603795974261807, 2.286000000000000032 ) ) ;
#3202 = ORIENTED_EDGE ( 'NONE', *, *, #1896, .F. ) ;
#3203 = PERSON_AND_ORGANIZATION_ROLE ( 'creator' ) ;
#3204 = CARTESIAN_POINT ( 'NONE',  ( 8.207106781186547906, 5.200000000000000178, 3.049999999999999822 ) ) ;
#3205 = ORIENTED_EDGE ( 'NONE', *, *, #3821, .T. ) ;
#3206 = DIRECTION ( 'NONE',  ( -0.7071067811865466846, 0.7071067811865484609, 0.000000000000000000 ) ) ;
#3207 = ORIENTED_EDGE ( 'NONE', *, *, #1896, .T. ) ;
#3208 = ORIENTED_EDGE ( 'NONE', *, *, #1567, .T. ) ;
#3209 = PLANE ( 'NONE',  #3384 ) ;
#3210 = ORIENTED_EDGE ( 'NONE', *, *, #1157, .F. ) ;
#3211 = LINE ( 'NONE', #2051, #3535 ) ;
#3212 = LINE ( 'NONE', #304, #3002 ) ;
#3213 = VECTOR ( 'NONE', #3780, 1000.000000000000000 ) ;
#3214 = AXIS2_PLACEMENT_3D ( 'NONE', #2229, #795, #384 ) ;
#3215 = AXIS2_PLACEMENT_3D ( 'NONE', #851, #1629, #1349 ) ;
#3216 = CARTESIAN_POINT ( 'NONE',  ( -6.350000000000001421, 3.654415587728447434, 3.049999999999999822 ) ) ;
#3217 = AXIS2_PLACEMENT_3D ( 'NONE', #2949, #1515, #1107 ) ;
#3218 = VECTOR ( 'NONE', #2827, 1000.000000000000000 ) ;
#3219 = LINE ( 'NONE', #3635, #352 ) ;
#3220 = ORIENTED_EDGE ( 'NONE', *, *, #4147, .F. ) ;
#3221 = CARTESIAN_POINT ( 'NONE',  ( -5.355761184457489499, -4.648654403270943369, 2.286000000000000032 ) ) ;
#3222 = PRODUCT_DEFINITION_FORMATION_WITH_SPECIFIED_SOURCE ( 'ANY', '', #2736, .NOT_KNOWN. ) ;
#3223 = VECTOR ( 'NONE', #3518, 1000.000000000000000 ) ;
#3224 = CARTESIAN_POINT ( 'NONE',  ( 5.218629150101521397, 6.200000000000001954, -3.049999999999999822 ) ) ;
#3225 = EDGE_CURVE ( 'NONE', #2483, #4132, #956, .T. ) ;
#3226 = ADVANCED_FACE ( 'NONE', ( #2024 ), #158, .F. ) ;
#3227 = VECTOR ( 'NONE', #296, 1000.000000000000114 ) ;
#3228 = DIRECTION ( 'NONE',  ( 0.7071067811865454633, -0.7071067811865496822, 0.000000000000000000 ) ) ;
#3229 = LINE ( 'NONE', #1797, #2519 ) ;
#3230 = VERTEX_POINT ( 'NONE', #4185 ) ;
#3231 = CARTESIAN_POINT ( 'NONE',  ( -12.69999999999999929, -5.200000000000001066, 3.049999999999999822 ) ) ;
#3232 = EDGE_CURVE ( 'NONE', #3309, #1878, #1252, .T. ) ;
#3233 = EDGE_CURVE ( 'NONE', #3776, #4251, #4488, .T. ) ;
#3234 = DIRECTION ( 'NONE',  ( -0.7071067811865483499, -0.7071067811865465735, 0.000000000000000000 ) ) ;
#3235 = VERTEX_POINT ( 'NONE', #4207 ) ;
#3236 = ORIENTED_EDGE ( 'NONE', *, *, #349, .F. ) ;
#3237 = DIRECTION ( 'NONE',  ( -0.000000000000000000, -0.000000000000000000, -1.000000000000000000 ) ) ;
#3238 = DIRECTION ( 'NONE',  ( -0.7071067811865473507, 0.7071067811865477948, 0.000000000000000000 ) ) ;
#3239 = ORIENTED_EDGE ( 'NONE', *, *, #3232, .T. ) ;
#3240 = PLANE ( 'NONE',  #3456 ) ;
#3241 = CARTESIAN_POINT ( 'NONE',  ( 12.69999999999999929, 0.000000000000000000, 2.286000000000000032 ) ) ;
#3242 = CARTESIAN_POINT ( 'NONE',  ( 7.344238815542511567, -4.648654403270943369, 2.286000000000000032 ) ) ;
#3243 = LINE ( 'NONE', #2513, #4381 ) ;
#3244 = AXIS2_PLACEMENT_3D ( 'NONE', #3877, #3808, #3492 ) ;
#3245 = ORIENTED_EDGE ( 'NONE', *, *, #1870, .T. ) ;
#3246 = LINE ( 'NONE', #676, #4569 ) ;
#3247 = LINE ( 'NONE', #2060, #3348 ) ;
#3248 = AXIS2_PLACEMENT_3D ( 'NONE', #285, #4594, #4338 ) ;
#3249 = ORIENTED_EDGE ( 'NONE', *, *, #2899, .F. ) ;
#3250 = CARTESIAN_POINT ( 'NONE',  ( -6.350000000000003197, -3.654415587728423898, 3.049999999999999822 ) ) ;
#3251 = DIRECTION ( 'NONE',  ( -1.000000000000000000, 0.000000000000000000, 0.000000000000000000 ) ) ;
#3252 = ORIENTED_EDGE ( 'NONE', *, *, #3145, .T. ) ;
#3253 = FACE_OUTER_BOUND ( 'NONE', #1324, .T. ) ;
#3254 = VERTEX_POINT ( 'NONE', #2362 ) ;
#3255 = FACE_OUTER_BOUND ( 'NONE', #1032, .T. ) ;
#3256 = ORIENTED_EDGE ( 'NONE', *, *, #2464, .T. ) ;
#3257 = VERTEX_POINT ( 'NONE', #3504 ) ;
#3258 = DIRECTION ( 'NONE',  ( -0.000000000000000000, -0.000000000000000000, -1.000000000000000000 ) ) ;
#3259 = ADVANCED_FACE ( 'NONE', ( #4257 ), #1274, .F. ) ;
#3260 = EDGE_CURVE ( 'NONE', #2174, #3359, #2244, .T. ) ;
#3261 = CARTESIAN_POINT ( 'NONE',  ( -6.703553390593275374, -5.996446609406729245, 1.000000000000000000 ) ) ;
#3262 = ORIENTED_EDGE ( 'NONE', *, *, #2664, .T. ) ;
#3263 = DIRECTION ( 'NONE',  ( 0.000000000000000000, 0.000000000000000000, 1.000000000000000000 ) ) ;
#3264 = AXIS2_PLACEMENT_3D ( 'NONE', #1024, #1362, #3981 ) ;
#3265 = CARTESIAN_POINT ( 'NONE',  ( -6.350000000000001421, 3.654415587728447434, 2.286000000000000032 ) ) ;
#3266 = EDGE_CURVE ( 'NONE', #339, #554, #1658, .T. ) ;
#3267 = ORIENTED_EDGE ( 'NONE', *, *, #2425, .F. ) ;
#3268 = DIRECTION ( 'NONE',  ( 0.7071067811865501263, 0.7071067811865450192, 0.000000000000000000 ) ) ;
#3269 = CARTESIAN_POINT ( 'NONE',  ( 3.804415587728402492, -6.199999999999999289, 3.049999999999999822 ) ) ;
#3270 = EDGE_LOOP ( 'NONE', ( #264, #2780, #2177, #98 ) ) ;
#3271 = CARTESIAN_POINT ( 'NONE',  ( -2.100000000000004530, 2.571758278209447380E-16, 2.286000000000000032 ) ) ;
#3272 = VECTOR ( 'NONE', #3647, 1000.000000000000000 ) ;
#3273 = DIRECTION ( 'NONE',  ( 1.000000000000000000, -2.601884744300114836E-16, 0.000000000000000000 ) ) ;
#3274 = VERTEX_POINT ( 'NONE', #4621 ) ;
#3275 = CARTESIAN_POINT ( 'NONE',  ( 0.000000000000000000, 0.000000000000000000, 2.286000000000000032 ) ) ;
#3276 = PLANE ( 'NONE',  #2982 ) ;
#3277 = ORIENTED_EDGE ( 'NONE', *, *, #1571, .F. ) ;
#3278 = LINE ( 'NONE', #4758, #330 ) ;
#3279 = LINE ( 'NONE', #2503, #3063 ) ;
#3280 = VERTEX_POINT ( 'NONE', #132 ) ;
#3281 = ORIENTED_EDGE ( 'NONE', *, *, #618, .F. ) ;
#3282 = DIRECTION ( 'NONE',  ( 0.7071067811865501263, 0.7071067811865450192, 0.000000000000000000 ) ) ;
#3283 = CARTESIAN_POINT ( 'NONE',  ( -12.69999999999999929, 0.000000000000000000, 2.286000000000000032 ) ) ;
#3284 = ORIENTED_EDGE ( 'NONE', *, *, #2426, .F. ) ;
#3285 = DIRECTION ( 'NONE',  ( 0.000000000000000000, 0.000000000000000000, 1.000000000000000000 ) ) ;
#3286 = EDGE_CURVE ( 'NONE', #2796, #3475, #2749, .T. ) ;
#3287 = EDGE_CURVE ( 'NONE', #2975, #833, #3165, .T. ) ;
#3288 = LINE ( 'NONE', #4768, #4552 ) ;
#3289 = EDGE_LOOP ( 'NONE', ( #321, #2318, #3039, #1083 ) ) ;
#3290 = FACE_OUTER_BOUND ( 'NONE', #150, .T. ) ;
#3291 = EDGE_CURVE ( 'NONE', #217, #3813, #4232, .T. ) ;
#3292 = CARTESIAN_POINT ( 'NONE',  ( -12.69999999999999929, 5.199999999999997513, -3.049999999999999822 ) ) ;
#3293 = VECTOR ( 'NONE', #3755, 1000.000000000000114 ) ;
#3294 = LINE ( 'NONE', #3757, #931 ) ;
#3295 = AXIS2_PLACEMENT_3D ( 'NONE', #2588, #1134, #4094 ) ;
#3296 = CARTESIAN_POINT ( 'NONE',  ( -8.207106781186544353, -5.200000000000001066, -1.000000000000000000 ) ) ;
#3297 = AXIS2_PLACEMENT_3D ( 'NONE', #1832, #3285, #4794 ) ;
#3298 = CIRCLE ( 'NONE', #2445, 3.174999999999997602 ) ;
#3299 = EDGE_LOOP ( 'NONE', ( #4503, #2543, #2272, #4090 ) ) ;
#3300 = VECTOR ( 'NONE', #3593, 999.9999999999998863 ) ;
#3301 = CIRCLE ( 'NONE', #3694, 2.100000000000004530 ) ;
#3302 = CARTESIAN_POINT ( 'NONE',  ( -6.703553390593287808, -5.996446609406722139, -1.000000000000000000 ) ) ;
#3303 = ORIENTED_EDGE ( 'NONE', *, *, #1336, .T. ) ;
#3304 = CARTESIAN_POINT ( 'NONE',  ( 7.895584412271555941, 5.200000000000000178, 3.049999999999999822 ) ) ;
#3305 = AXIS2_PLACEMENT_3D ( 'NONE', #3986, #3258, #1442 ) ;
#3306 = VECTOR ( 'NONE', #4177, 1000.000000000000000 ) ;
#3307 = VERTEX_POINT ( 'NONE', #913 ) ;
#3308 = PLANE ( 'NONE',  #3840 ) ;
#3309 = VERTEX_POINT ( 'NONE', #3890 ) ;
#3310 = ORIENTED_EDGE ( 'NONE', *, *, #142, .F. ) ;
#3311 = DIRECTION ( 'NONE',  ( 0.000000000000000000, 0.000000000000000000, 1.000000000000000000 ) ) ;
#3312 = DIRECTION ( 'NONE',  ( 0.000000000000000000, 0.000000000000000000, 1.000000000000000000 ) ) ;
#3313 = ORIENTED_EDGE ( 'NONE', *, *, #707, .F. ) ;
#3314 = DIRECTION ( 'NONE',  ( -0.000000000000000000, -0.000000000000000000, 1.000000000000000000 ) ) ;
#3315 = LINE ( 'NONE', #1375, #3614 ) ;
#3316 = EDGE_CURVE ( 'NONE', #966, #2094, #936, .T. ) ;
#3317 = ORIENTED_EDGE ( 'NONE', *, *, #3126, .F. ) ;
#3318 = DIRECTION ( 'NONE',  ( -0.000000000000000000, -0.000000000000000000, -1.000000000000000000 ) ) ;
#3319 = DIRECTION ( 'NONE',  ( -0.000000000000000000, -0.000000000000000000, -1.000000000000000000 ) ) ;
#3320 = EDGE_CURVE ( 'NONE', #3016, #548, #3867, .T. ) ;
#3321 = EDGE_CURVE ( 'NONE', #4287, #3230, #1321, .T. ) ;
#3322 = LINE ( 'NONE', #4802, #2207 ) ;
#3323 = CARTESIAN_POINT ( 'NONE',  ( 12.70000000000000107, 5.200000000000001066, 3.049999999999999822 ) ) ;
#3324 = ORIENTED_EDGE ( 'NONE', *, *, #1067, .F. ) ;
#3325 = ADVANCED_FACE ( 'NONE', ( #1105 ), #1856, .T. ) ;
#3326 = AXIS2_PLACEMENT_3D ( 'NONE', #3323, #4803, #4075 ) ;
#3327 = CARTESIAN_POINT ( 'NONE',  ( -12.70000000000000284, 5.199999999999997513, 1.000000000000000000 ) ) ;
#3328 = ORIENTED_EDGE ( 'NONE', *, *, #2874, .F. ) ;
#3329 = CARTESIAN_POINT ( 'NONE',  ( -11.35220779386419387, 1.347792206135796977, 1.000000000000000000 ) ) ;
#3330 = VERTEX_POINT ( 'NONE', #2871 ) ;
#3331 = CARTESIAN_POINT ( 'NONE',  ( -4.804415587728434467, -5.200000000000001066, 3.049999999999999822 ) ) ;
#3332 = ORIENTED_EDGE ( 'NONE', *, *, #3588, .T. ) ;
#3333 = ORIENTED_EDGE ( 'NONE', *, *, #4506, .F. ) ;
#3334 = DIRECTION ( 'NONE',  ( -0.7071067811865479058, 0.7071067811865472397, 0.000000000000000000 ) ) ;
#3335 = CARTESIAN_POINT ( 'NONE',  ( -3.135382751754558051, 0.5000000000000016653, 2.286000000000000032 ) ) ;
#3336 = VERTEX_POINT ( 'NONE', #4740 ) ;
#3337 = DIRECTION ( 'NONE',  ( -1.000000000000000000, -2.601884744300114343E-16, 0.000000000000000000 ) ) ;
#3338 = CARTESIAN_POINT ( 'NONE',  ( 3.804415587728402492, 6.199999999999999289, -3.049999999999999822 ) ) ;
#3339 = VERTEX_POINT ( 'NONE', #4792 ) ;
#3340 = DIRECTION ( 'NONE',  ( -0.000000000000000000, -0.000000000000000000, -1.000000000000000000 ) ) ;
#3341 = DIRECTION ( 'NONE',  ( 0.000000000000000000, 0.000000000000000000, 1.000000000000000000 ) ) ;
#3342 = AXIS2_PLACEMENT_3D ( 'NONE', #2258, #2907, #2933 ) ;
#3343 = DIRECTION ( 'NONE',  ( 0.000000000000000000, -0.000000000000000000, 1.000000000000000000 ) ) ;
#3344 = DIRECTION ( 'NONE',  ( -0.7071067811865473507, -0.7071067811865477948, 0.000000000000000000 ) ) ;
#3345 = EDGE_CURVE ( 'NONE', #651, #2151, #2507, .T. ) ;
#3346 = EDGE_CURVE ( 'NONE', #1017, #3148, #4410, .T. ) ;
#3347 = ORIENTED_EDGE ( 'NONE', *, *, #214, .T. ) ;
#3348 = VECTOR ( 'NONE', #2450, 1000.000000000000000 ) ;
#3349 = DIRECTION ( 'NONE',  ( 1.000000000000000000, 4.440892098500626951E-15, 0.000000000000000000 ) ) ;
#3350 = ORIENTED_EDGE ( 'NONE', *, *, #3051, .F. ) ;
#3351 = LINE ( 'NONE', #805, #2659 ) ;
#3352 = VERTEX_POINT ( 'NONE', #765 ) ;
#3353 = EDGE_CURVE ( 'NONE', #3406, #1506, #2582, .T. ) ;
#3354 = DIRECTION ( 'NONE',  ( 0.000000000000000000, 0.000000000000000000, 1.000000000000000000 ) ) ;
#3355 = ORIENTED_EDGE ( 'NONE', *, *, #111, .F. ) ;
#3356 = ORIENTED_EDGE ( 'NONE', *, *, #1277, .F. ) ;
#3357 = DIRECTION ( 'NONE',  ( 1.000000000000000000, 0.000000000000000000, 0.000000000000000000 ) ) ;
#3358 = CARTESIAN_POINT ( 'NONE',  ( -11.14142107299598194, 2.265685708190569692, 2.286000000000000032 ) ) ;
#3359 = VERTEX_POINT ( 'NONE', #4063 ) ;
#3360 = EDGE_LOOP ( 'NONE', ( #1965, #1387, #2214, #3999 ) ) ;
#3361 = DIRECTION ( 'NONE',  ( 1.000000000000000000, 0.000000000000000000, 0.000000000000000000 ) ) ;
#3362 = DIRECTION ( 'NONE',  ( -6.829619984160659279E-17, 1.000000000000000000, 0.000000000000000000 ) ) ;
#3363 = VERTEX_POINT ( 'NONE', #1395 ) ;
#3364 = DIRECTION ( 'NONE',  ( -0.7071067811865477948, -0.7071067811865473507, 0.000000000000000000 ) ) ;
#3365 = DIRECTION ( 'NONE',  ( 0.7071067811865472397, -0.7071067811865479058, 0.000000000000000000 ) ) ;
#3366 = DIRECTION ( 'NONE',  ( 0.000000000000000000, 0.000000000000000000, 1.000000000000000000 ) ) ;
#3367 = DIRECTION ( 'NONE',  ( 1.000000000000000000, 0.000000000000000000, 0.000000000000000000 ) ) ;
#3368 = CIRCLE ( 'NONE', #1353, 6.200000000000001066 ) ;
#3369 = ORIENTED_EDGE ( 'NONE', *, *, #4354, .F. ) ;
#3370 = VECTOR ( 'NONE', #3695, 1000.000000000000000 ) ;
#3371 = EDGE_CURVE ( 'NONE', #2070, #1173, #1128, .T. ) ;
#3372 = AXIS2_PLACEMENT_3D ( 'NONE', #1089, #4702, #674 ) ;
#3373 = VERTEX_POINT ( 'NONE', #4373 ) ;
#3374 = PLANE ( 'NONE',  #3125 ) ;
#3375 = ORIENTED_EDGE ( 'NONE', *, *, #4656, .F. ) ;
#3376 = DIRECTION ( 'NONE',  ( 0.000000000000000000, 0.000000000000000000, 1.000000000000000000 ) ) ;
#3377 = EDGE_LOOP ( 'NONE', ( #3912, #646, #3939, #638 ) ) ;
#3378 = VERTEX_POINT ( 'NONE', #4089 ) ;
#3379 = APPROVAL_PERSON_ORGANIZATION ( #2067, #3759, #1119 ) ;
#3380 = AXIS2_PLACEMENT_3D ( 'NONE', #1185, #2663, #819 ) ;
#3381 = CARTESIAN_POINT ( 'NONE',  ( -6.703553390593275374, 5.996446609406729245, 1.000000000000000000 ) ) ;
#3382 = EDGE_CURVE ( 'NONE', #874, #2015, #2245, .T. ) ;
#3383 = CARTESIAN_POINT ( 'NONE',  ( -10.43431429180943404, -1.558578927004023118, 2.286000000000000032 ) ) ;
#3384 = AXIS2_PLACEMENT_3D ( 'NONE', #2485, #1057, #3629 ) ;
#3385 = ADVANCED_FACE ( 'NONE', ( #666 ), #2947, .F. ) ;
#3386 = EDGE_CURVE ( 'NONE', #4422, #3913, #1467, .T. ) ;
#3387 = ORIENTED_EDGE ( 'NONE', *, *, #4562, .T. ) ;
#3388 = ORIENTED_EDGE ( 'NONE', *, *, #4215, .T. ) ;
#3389 = FACE_OUTER_BOUND ( 'NONE', #1385, .T. ) ;
#3390 = AXIS2_PLACEMENT_3D ( 'NONE', #1947, #1245, #2745 ) ;
#3391 = DIRECTION ( 'NONE',  ( -0.000000000000000000, -0.000000000000000000, -1.000000000000000000 ) ) ;
#3392 = EDGE_LOOP ( 'NONE', ( #4114, #49, #4577, #2602, #4423, #4011 ) ) ;
#3393 = LINE ( 'NONE', #4214, #4615 ) ;
#3394 = PLANE ( 'NONE',  #2376 ) ;
#3395 = PLANE ( 'NONE',  #1204 ) ;
#3396 = DIRECTION ( 'NONE',  ( -0.7071067811865477948, -0.7071067811865473507, 0.000000000000000000 ) ) ;
#3397 = ORIENTED_EDGE ( 'NONE', *, *, #1455, .T. ) ;
#3398 = CARTESIAN_POINT ( 'NONE',  ( -10.12939620402574192, -1.863497014787714567, 1.000000000000000000 ) ) ;
#3399 = CARTESIAN_POINT ( 'NONE',  ( 0.000000000000000000, 0.000000000000000000, -2.286000000000000032 ) ) ;
#3400 = ORIENTED_EDGE ( 'NONE', *, *, #3411, .T. ) ;
#3401 = ORIENTED_EDGE ( 'NONE', *, *, #2571, .T. ) ;
#3402 = CARTESIAN_POINT ( 'NONE',  ( 4.492893218813454936, -5.200000000000001066, 3.049999999999999822 ) ) ;
#3403 = CIRCLE ( 'NONE', #1383, 3.174999999999997158 ) ;
#3404 = DIRECTION ( 'NONE',  ( 0.7071067811865414665, 0.7071067811865536790, -0.000000000000000000 ) ) ;
#3405 = DIRECTION ( 'NONE',  ( -1.000000000000000000, -6.829619984160659279E-17, 0.000000000000000000 ) ) ;
#3406 = VERTEX_POINT ( 'NONE', #3630 ) ;
#3407 = CARTESIAN_POINT ( 'NONE',  ( -0.3535533905932829457, 12.34644660940672622, -1.000000000000000000 ) ) ;
#3408 = VECTOR ( 'NONE', #4002, 1000.000000000000000 ) ;
#3409 = CIRCLE ( 'NONE', #76, 3.174999999999997158 ) ;
#3410 = ADVANCED_FACE ( 'NONE', ( #4041 ), #300, .T. ) ;
#3411 = EDGE_CURVE ( 'NONE', #4325, #3230, #4016, .T. ) ;
#3412 = CARTESIAN_POINT ( 'NONE',  ( 12.69999999999999929, 0.000000000000000000, -1.000000000000000000 ) ) ;
#3413 = VERTEX_POINT ( 'NONE', #1806 ) ;
#3414 = CARTESIAN_POINT ( 'NONE',  ( -12.69999999999999929, -6.199999999999997513, 1.000000000000000000 ) ) ;
#3415 = ADVANCED_FACE ( 'NONE', ( #2608 ), #2173, .T. ) ;
#3416 = CARTESIAN_POINT ( 'NONE',  ( 2.704163456597990844, 0.4999999999999998890, 2.286000000000000032 ) ) ;
#3417 = CYLINDRICAL_SURFACE ( 'NONE', #4376, 3.174999999999997602 ) ;
#3418 = CARTESIAN_POINT ( 'NONE',  ( 1.558578927004018455, -2.265685708190569692, 2.286000000000000032 ) ) ;
#3419 = VECTOR ( 'NONE', #1120, 1000.000000000000000 ) ;
#3420 = ORIENTED_EDGE ( 'NONE', *, *, #4680, .T. ) ;
#3421 = LINE ( 'NONE', #145, #558 ) ;
#3422 = FACE_OUTER_BOUND ( 'NONE', #3289, .T. ) ;
#3423 = ORIENTED_EDGE ( 'NONE', *, *, #4506, .T. ) ;
#3424 = ORIENTED_EDGE ( 'NONE', *, *, #148, .F. ) ;
#3425 = PLANE ( 'NONE',  #2449 ) ;
#3426 = DIRECTION ( 'NONE',  ( -0.7071067811865481278, -0.7071067811865470176, -0.000000000000000000 ) ) ;
#3427 = VERTEX_POINT ( 'NONE', #4425 ) ;
#3428 = ORIENTED_EDGE ( 'NONE', *, *, #4318, .F. ) ;
#3429 = DIRECTION ( 'NONE',  ( 1.000000000000000000, 1.365923996832131116E-16, -0.000000000000000000 ) ) ;
#3430 = DIRECTION ( 'NONE',  ( -1.000000000000000000, 2.601884744300114836E-16, -0.000000000000000000 ) ) ;
#3431 = CARTESIAN_POINT ( 'NONE',  ( -11.35220779386423295, -1.347792206135770554, 1.000000000000000000 ) ) ;
#3432 = CARTESIAN_POINT ( 'NONE',  ( -10.83650298521228983, 2.570603795974261807, 1.000000000000000000 ) ) ;
#3433 = ORIENTED_EDGE ( 'NONE', *, *, #4799, .F. ) ;
#3434 = CARTESIAN_POINT ( 'NONE',  ( 3.135382751754558051, -0.5000000000000016653, 1.000000000000000000 ) ) ;
#3435 = EDGE_CURVE ( 'NONE', #4646, #1656, #2969, .T. ) ;
#3436 = EDGE_CURVE ( 'NONE', #1043, #738, #2923, .T. ) ;
#3437 = VECTOR ( 'NONE', #4275, 1000.000000000000114 ) ;
#3438 = DIRECTION ( 'NONE',  ( 0.000000000000000000, -1.000000000000000000, 0.000000000000000000 ) ) ;
#3439 = LINE ( 'NONE', #113, #1284 ) ;
#3440 = ADVANCED_FACE ( 'NONE', ( #4716 ), #4403, .F. ) ;
#3441 = EDGE_CURVE ( 'NONE', #3475, #200, #3773, .T. ) ;
#3442 = LINE ( 'NONE', #2307, #1696 ) ;
#3443 = ORIENTED_EDGE ( 'NONE', *, *, #2255, .F. ) ;
#3444 = LINE ( 'NONE', #904, #165 ) ;
#3445 = CARTESIAN_POINT ( 'NONE',  ( -12.69999999999999929, -6.199999999999997513, -3.049999999999999822 ) ) ;
#3446 = EDGE_LOOP ( 'NONE', ( #1552, #1312, #2697, #2418, #3790, #848, #2212, #689, #226, #1276, #1649, #4056, #1775, #713, #4053, #347, #2352 ) ) ;
#3447 = ORIENTED_EDGE ( 'NONE', *, *, #2733, .T. ) ;
#3448 = CARTESIAN_POINT ( 'NONE',  ( -2.570603795974257810, 1.863497014787714345, -1.000000000000000000 ) ) ;
#3449 = AXIS2_PLACEMENT_3D ( 'NONE', #4673, #2830, #673 ) ;
#3450 = AXIS2_PLACEMENT_3D ( 'NONE', #761, #27, #342 ) ;
#3451 = DIRECTION ( 'NONE',  ( 1.000000000000000000, 0.000000000000000000, -0.000000000000000000 ) ) ;
#3452 = LINE ( 'NONE', #129, #1699 ) ;
#3453 = ORIENTED_EDGE ( 'NONE', *, *, #1712, .F. ) ;
#3454 = CARTESIAN_POINT ( 'NONE',  ( -12.69999999999999929, 0.000000000000000000, 2.286000000000000032 ) ) ;
#3455 = DIRECTION ( 'NONE',  ( 1.000000000000000000, 0.000000000000000000, -0.000000000000000000 ) ) ;
#3456 = AXIS2_PLACEMENT_3D ( 'NONE', #4719, #4352, #1033 ) ;
#3457 = PLANE ( 'NONE',  #3926 ) ;
#3458 = VERTEX_POINT ( 'NONE', #2632 ) ;
#3459 = DIRECTION ( 'NONE',  ( 1.000000000000000000, -2.601884744300114836E-16, 0.000000000000000000 ) ) ;
#3460 = CC_DESIGN_APPROVAL ( #1733, ( #2603 ) ) ;
#3461 = VECTOR ( 'NONE', #4394, 1000.000000000000000 ) ;
#3462 = ORIENTED_EDGE ( 'NONE', *, *, #257, .T. ) ;
#3463 = CARTESIAN_POINT ( 'NONE',  ( -12.69999999999999929, 0.000000000000000000, -1.000000000000000000 ) ) ;
#3464 = AXIS2_PLACEMENT_3D ( 'NONE', #1755, #3206, #3234 ) ;
#3465 = CARTESIAN_POINT ( 'NONE',  ( -7.344238815542513343, 4.648654403270942481, 2.286000000000000032 ) ) ;
#3466 = ADVANCED_FACE ( 'NONE', ( #1880 ), #449, .F. ) ;
#3467 = LINE ( 'NONE', #140, #895 ) ;
#3468 = DIRECTION ( 'NONE',  ( -0.7071067811865477948, -0.7071067811865473507, 0.000000000000000000 ) ) ;
#3469 = ADVANCED_FACE ( 'NONE', ( #4159 ), #1225, .T. ) ;
#3470 = ORIENTED_EDGE ( 'NONE', *, *, #3901, .T. ) ;
#3471 = ADVANCED_FACE ( 'NONE', ( #2314 ), #789, .F. ) ;
#3472 = DIRECTION ( 'NONE',  ( 0.7071067811865466846, 0.7071067811865483499, 0.000000000000000000 ) ) ;
#3473 = LINE ( 'NONE', #4539, #4458 ) ;
#3474 = EDGE_LOOP ( 'NONE', ( #341, #1701, #416, #2857, #3903, #3333, #4279, #1343 ) ) ;
#3475 = VERTEX_POINT ( 'NONE', #880 ) ;
#3476 = ADVANCED_FACE ( 'NONE', ( #2724 ), #3795, .F. ) ;
#3477 = LINE ( 'NONE', #3113, #4466 ) ;
#3478 = LINE ( 'NONE', #4361, #4722 ) ;
#3479 = CARTESIAN_POINT ( 'NONE',  ( 7.481370849898473452, 6.200000000000001954, 3.049999999999999822 ) ) ;
#3480 = ORIENTED_EDGE ( 'NONE', *, *, #4290, .F. ) ;
#3481 = DIRECTION ( 'NONE',  ( -0.000000000000000000, -0.000000000000000000, -1.000000000000000000 ) ) ;
#3482 = DIRECTION ( 'NONE',  ( 0.7071067811865481278, -0.7071067811865470176, 0.000000000000000000 ) ) ;
#3483 = DIRECTION ( 'NONE',  ( -1.000000000000000000, 0.000000000000000000, 0.000000000000000000 ) ) ;
#3484 = ORIENTED_EDGE ( 'NONE', *, *, #3940, .T. ) ;
#3485 = AXIS2_PLACEMENT_3D ( 'NONE', #835, #1971, #1580 ) ;
#3486 = CARTESIAN_POINT ( 'NONE',  ( 10.43431429180943404, -1.558578927004023118, 2.286000000000000032 ) ) ;
#3487 = EDGE_LOOP ( 'NONE', ( #2312, #1635, #2981, #1267 ) ) ;
#3488 = DIRECTION ( 'NONE',  ( 1.000000000000000000, 0.000000000000000000, 0.000000000000000000 ) ) ;
#3489 = AXIS2_PLACEMENT_3D ( 'NONE', #561, #2746, #198 ) ;
#3490 = PLANE ( 'NONE',  #120 ) ;
#3491 = DIRECTION ( 'NONE',  ( -0.000000000000000000, -0.000000000000000000, -1.000000000000000000 ) ) ;
#3492 = DIRECTION ( 'NONE',  ( -1.000000000000000000, -6.829619984160659279E-17, 0.000000000000000000 ) ) ;
#3493 = ORIENTED_EDGE ( 'NONE', *, *, #2315, .T. ) ;
#3494 = VECTOR ( 'NONE', #4054, 1000.000000000000000 ) ;
#3495 = CARTESIAN_POINT ( 'NONE',  ( -12.69999999999999929, 6.200000000000001954, 1.000000000000000000 ) ) ;
#3496 = EDGE_CURVE ( 'NONE', #3336, #4280, #2270, .T. ) ;
#3497 = ADVANCED_FACE ( 'NONE', ( #3749, #2997 ), #3726, .F. ) ;
#3498 = ORIENTED_EDGE ( 'NONE', *, *, #4775, .F. ) ;
#3499 = LINE ( 'NONE', #3161, #211 ) ;
#3500 = CARTESIAN_POINT ( 'NONE',  ( -0.3535533905932829457, -12.34644660940672622, 1.000000000000000000 ) ) ;
#3501 = LINE ( 'NONE', #2841, #1113 ) ;
#3502 = ORIENTED_EDGE ( 'NONE', *, *, #315, .T. ) ;
#3503 = CALENDAR_DATE ( 2022, 6, 6 ) ;
#3504 = CARTESIAN_POINT ( 'NONE',  ( 4.804415587728406933, -5.200000000000001066, 2.286000000000000032 ) ) ;
#3505 = EDGE_CURVE ( 'NONE', #808, #2848, #2789, .T. ) ;
#3506 = CARTESIAN_POINT ( 'NONE',  ( 2.265685708190565251, 1.558578927004023118, 2.286000000000000032 ) ) ;
#3507 = ORIENTED_EDGE ( 'NONE', *, *, #2840, .F. ) ;
#3508 = DIRECTION ( 'NONE',  ( 0.7071067811865477948, -0.7071067811865473507, 0.000000000000000000 ) ) ;
#3509 = VECTOR ( 'NONE', #3720, 1000.000000000000000 ) ;
#3510 = ORIENTED_EDGE ( 'NONE', *, *, #948, .F. ) ;
#3511 = DIRECTION ( 'NONE',  ( -0.7071067811865473507, 0.7071067811865477948, 0.000000000000000000 ) ) ;
#3512 = CARTESIAN_POINT ( 'NONE',  ( 3.135382751754558051, 0.5000000000000016653, 2.286000000000000032 ) ) ;
#3513 = CARTESIAN_POINT ( 'NONE',  ( 11.14142107299598194, 2.265685708190569692, 2.286000000000000032 ) ) ;
#3514 = LINE ( 'NONE', #189, #1161 ) ;
#3515 = ORIENTED_EDGE ( 'NONE', *, *, #2572, .T. ) ;
#3516 = CARTESIAN_POINT ( 'NONE',  ( -5.204356076261039910, -0.5000000000000005551, 2.286000000000000032 ) ) ;
#3517 = ORIENTED_EDGE ( 'NONE', *, *, #2403, .T. ) ;
#3518 = DIRECTION ( 'NONE',  ( -1.000000000000000000, -1.365923996832131116E-16, 0.000000000000000000 ) ) ;
#3519 = EDGE_CURVE ( 'NONE', #3091, #4624, #425, .T. ) ;
#3520 = PLANE ( 'NONE',  #153 ) ;
#3521 = LINE ( 'NONE', #630, #881 ) ;
#3522 = ORIENTED_EDGE ( 'NONE', *, *, #1220, .T. ) ;
#3523 = CALENDAR_DATE ( 2022, 6, 6 ) ;
#3524 = DIRECTION ( 'NONE',  ( 0.000000000000000000, 0.000000000000000000, 1.000000000000000000 ) ) ;
#3525 = CARTESIAN_POINT ( 'NONE',  ( -17.89999999999999858, 0.000000000000000000, 3.049999999999999822 ) ) ;
#3526 = EDGE_LOOP ( 'NONE', ( #3961, #1726, #859, #3350, #1451, #446 ) ) ;
#3527 = ORIENTED_EDGE ( 'NONE', *, *, #2408, .F. ) ;
#3528 = AXIS2_PLACEMENT_3D ( 'NONE', #2952, #3732, #1088 ) ;
#3529 = DIRECTION ( 'NONE',  ( 0.000000000000000000, 0.000000000000000000, -1.000000000000000000 ) ) ;
#3530 = EDGE_CURVE ( 'NONE', #3744, #2089, #4135, .T. ) ;
#3531 = EDGE_CURVE ( 'NONE', #3352, #2951, #1903, .T. ) ;
#3532 = CIRCLE ( 'NONE', #1907, 3.174999999999997158 ) ;
#3533 = EDGE_LOOP ( 'NONE', ( #4360, #4363, #4176, #1899 ) ) ;
#3534 = CARTESIAN_POINT ( 'NONE',  ( -12.69999999999999929, 0.000000000000000000, -2.286000000000000032 ) ) ;
#3535 = VECTOR ( 'NONE', #2852, 1000.000000000000114 ) ;
#3536 = VECTOR ( 'NONE', #4336, 1000.000000000000000 ) ;
#3537 = CARTESIAN_POINT ( 'NONE',  ( -0.3535533905932829457, 12.34644660940672622, 1.000000000000000000 ) ) ;
#3538 = VECTOR ( 'NONE', #2843, 1000.000000000000000 ) ;
#3539 = CARTESIAN_POINT ( 'NONE',  ( -6.350000000000003197, -3.654415587728423898, 3.049999999999999822 ) ) ;
#3540 = VECTOR ( 'NONE', #1231, 1000.000000000000000 ) ;
#3541 = AXIS2_PLACEMENT_3D ( 'NONE', #3250, #3200, #3228 ) ;
#3542 = VERTEX_POINT ( 'NONE', #4112 ) ;
#3543 = DIRECTION ( 'NONE',  ( 1.000000000000000000, -1.024442997624098707E-16, 0.000000000000000000 ) ) ;
#3544 = ORIENTED_EDGE ( 'NONE', *, *, #4211, .T. ) ;
#3545 = FACE_OUTER_BOUND ( 'NONE', #767, .T. ) ;
#3546 = LINE ( 'NONE', #1271, #970 ) ;
#3547 = ORIENTED_EDGE ( 'NONE', *, *, #4328, .F. ) ;
#3548 = APPROVAL_STATUS ( 'not_yet_approved' ) ;
#3549 = CARTESIAN_POINT ( 'NONE',  ( 6.349999999999998757, 5.068629150101524594, -3.049999999999999822 ) ) ;
#3550 = EDGE_CURVE ( 'NONE', #2638, #1223, #2700, .T. ) ;
#3551 = CARTESIAN_POINT ( 'NONE',  ( 3.135382751754558051, 0.5000000000000001110, -1.000000000000000000 ) ) ;
#3552 = ORIENTED_EDGE ( 'NONE', *, *, #1663, .F. ) ;
#3553 = ORIENTED_EDGE ( 'NONE', *, *, #4653, .F. ) ;
#3554 = DIRECTION ( 'NONE',  ( 1.000000000000000000, 0.000000000000000000, -0.000000000000000000 ) ) ;
#3555 = EDGE_LOOP ( 'NONE', ( #1925, #379, #4236, #3168 ) ) ;
#3556 = LINE ( 'NONE', #2873, #1055 ) ;
#3557 = ADVANCED_FACE ( 'NONE', ( #1197 ), #4179, .F. ) ;
#3558 = EDGE_CURVE ( 'NONE', #3307, #1601, #1610, .T. ) ;
#3559 = CARTESIAN_POINT ( 'NONE',  ( -2.570603795974257810, -1.863497014787714567, -1.000000000000000000 ) ) ;
#3560 = VECTOR ( 'NONE', #885, 1000.000000000000000 ) ;
#3561 = CARTESIAN_POINT ( 'NONE',  ( -8.207106781186542577, 5.200000000000001066, -2.286000000000000032 ) ) ;
#3562 = EDGE_CURVE ( 'NONE', #2719, #966, #2676, .T. ) ;
#3563 = PLANE ( 'NONE',  #2596 ) ;
#3564 = AXIS2_PLACEMENT_3D ( 'NONE', #3750, #470, #1611 ) ;
#3565 = ORIENTED_EDGE ( 'NONE', *, *, #315, .F. ) ;
#3566 = PLANE ( 'NONE',  #3573 ) ;
#3567 = PLANE ( 'NONE',  #2382 ) ;
#3568 = DIRECTION ( 'NONE',  ( 1.000000000000000000, 0.000000000000000000, 0.000000000000000000 ) ) ;
#3569 = ORIENTED_EDGE ( 'NONE', *, *, #3345, .T. ) ;
#3570 = APPROVAL_STATUS ( 'not_yet_approved' ) ;
#3571 = DIRECTION ( 'NONE',  ( 0.7071067811865483499, -0.7071067811865466846, 0.000000000000000000 ) ) ;
#3572 = CARTESIAN_POINT ( 'NONE',  ( 3.804415587728402492, -6.199999999999999289, 3.049999999999999822 ) ) ;
#3573 = AXIS2_PLACEMENT_3D ( 'NONE', #1167, #2280, #800 ) ;
#3574 = ORIENTED_EDGE ( 'NONE', *, *, #1108, .T. ) ;
#3575 = ORIENTED_EDGE ( 'NONE', *, *, #1073, .F. ) ;
#3576 = DIRECTION ( 'NONE',  ( -0.000000000000000000, -0.000000000000000000, 1.000000000000000000 ) ) ;
#3577 = ORIENTED_EDGE ( 'NONE', *, *, #4388, .T. ) ;
#3578 = DIRECTION ( 'NONE',  ( -0.000000000000000000, -0.000000000000000000, -1.000000000000000000 ) ) ;
#3579 = DIRECTION ( 'NONE',  ( -0.7071067811865496822, -0.7071067811865454633, 0.000000000000000000 ) ) ;
#3580 = CARTESIAN_POINT ( 'NONE',  ( -5.204356076261039910, -0.5000000000000005551, 2.286000000000000032 ) ) ;
#3581 = ADVANCED_FACE ( 'NONE', ( #4570 ), #2293, .F. ) ;
#3582 = EDGE_CURVE ( 'NONE', #2557, #51, #1040, .T. ) ;
#3583 = FACE_OUTER_BOUND ( 'NONE', #4086, .T. ) ;
#3584 = DIRECTION ( 'NONE',  ( 0.7071067811865469066, 0.7071067811865481278, -0.000000000000000000 ) ) ;
#3585 = VERTEX_POINT ( 'NONE', #4751 ) ;
#3586 = ADVANCED_FACE ( 'NONE', ( #174 ), #3520, .T. ) ;
#3587 = PRODUCT_DEFINITION_SHAPE ( 'NONE', 'NONE',  #2603 ) ;
#3588 = EDGE_CURVE ( 'NONE', #4790, #2237, #540, .T. ) ;
#3589 = LINE ( 'NONE', #2792, #1644 ) ;
#3590 = CARTESIAN_POINT ( 'NONE',  ( 8.207106781186547906, -5.200000000000000178, 1.000000000000000000 ) ) ;
#3591 = DIRECTION ( 'NONE',  ( 0.000000000000000000, 0.000000000000000000, 1.000000000000000000 ) ) ;
#3592 = VERTEX_POINT ( 'NONE', #3271 ) ;
#3593 = DIRECTION ( 'NONE',  ( -0.7071067811865479058, 0.7071067811865472397, 0.000000000000000000 ) ) ;
#3594 = DIRECTION ( 'NONE',  ( -0.000000000000000000, -0.000000000000000000, -1.000000000000000000 ) ) ;
#3595 = VERTEX_POINT ( 'NONE', #1428 ) ;
#3596 = FACE_OUTER_BOUND ( 'NONE', #2322, .T. ) ;
#3597 = ORIENTED_EDGE ( 'NONE', *, *, #1277, .T. ) ;
#3598 = ORIENTED_EDGE ( 'NONE', *, *, #1331, .T. ) ;
#3599 = DIRECTION ( 'NONE',  ( -0.7071067811865477948, -0.7071067811865473507, 0.000000000000000000 ) ) ;
#3600 = ORIENTED_EDGE ( 'NONE', *, *, #3684, .F. ) ;
#3601 = CARTESIAN_POINT ( 'NONE',  ( -9.564617248245440351, 0.5000000000000000000, -1.000000000000000000 ) ) ;
#3602 = VECTOR ( 'NONE', #1166, 1000.000000000000000 ) ;
#3603 = CARTESIAN_POINT ( 'NONE',  ( 9.564617248245440351, -0.5000000000000001110, 2.286000000000000032 ) ) ;
#3604 = CIRCLE ( 'NONE', #2680, 3.174999999999997158 ) ;
#3605 = AXIS2_PLACEMENT_3D ( 'NONE', #3463, #2008, #891 ) ;
#3606 = CARTESIAN_POINT ( 'NONE',  ( 6.349999999999996092, -3.654415587728423898, 2.286000000000000032 ) ) ;
#3607 = ADVANCED_FACE ( 'NONE', ( #3136 ), #2518, .F. ) ;
#3608 = VECTOR ( 'NONE', #1549, 1000.000000000000000 ) ;
#3609 = DIRECTION ( 'NONE',  ( 1.000000000000000000, 6.829619984160659279E-17, 0.000000000000000000 ) ) ;
#3610 = ORIENTED_EDGE ( 'NONE', *, *, #3779, .F. ) ;
#3611 = AXIS2_PLACEMENT_3D ( 'NONE', #3725, #401, #1196 ) ;
#3612 = DIRECTION ( 'NONE',  ( 0.7071067811865483499, 0.7071067811865465735, -0.000000000000000000 ) ) ;
#3613 = CC_DESIGN_SECURITY_CLASSIFICATION ( #3922, ( #3222 ) ) ;
#3614 = VECTOR ( 'NONE', #2153, 1000.000000000000000 ) ;
#3615 = LINE ( 'NONE', #4705, #3968 ) ;
#3616 = ADVANCED_FACE ( 'NONE', ( #1297 ), #2039, .F. ) ;
#3617 = ADVANCED_FACE ( 'NONE', ( #2129 ), #3974, .T. ) ;
#3618 = VECTOR ( 'NONE', #2866, 1000.000000000000000 ) ;
#3619 = VERTEX_POINT ( 'NONE', #3221 ) ;
#3620 = CARTESIAN_POINT ( 'NONE',  ( 10.83650298521228983, 2.570603795974261363, 2.286000000000000032 ) ) ;
#3621 = FACE_OUTER_BOUND ( 'NONE', #4017, .T. ) ;
#3622 = EDGE_LOOP ( 'NONE', ( #1945, #477, #3262, #2252, #3900, #3207, #1968 ) ) ;
#3623 = CARTESIAN_POINT ( 'NONE',  ( 2.265685708190565251, -1.558578927004023118, 2.286000000000000032 ) ) ;
#3624 = ORIENTED_EDGE ( 'NONE', *, *, #3030, .T. ) ;
#3625 = EDGE_CURVE ( 'NONE', #2265, #1028, #4726, .T. ) ;
#3626 = CARTESIAN_POINT ( 'NONE',  ( 10.12939620402574370, 1.863497014787714345, 2.286000000000000032 ) ) ;
#3627 = EDGE_LOOP ( 'NONE', ( #1002, #178, #1869, #4209 ) ) ;
#3628 = ORIENTED_EDGE ( 'NONE', *, *, #2695, .F. ) ;
#3629 = DIRECTION ( 'NONE',  ( 0.7071067811865479058, 0.7071067811865472397, 0.000000000000000000 ) ) ;
#3630 = CARTESIAN_POINT ( 'NONE',  ( -3.135382751754558051, 0.5000000000000016653, -1.000000000000000000 ) ) ;
#3631 = EDGE_LOOP ( 'NONE', ( #2027, #3400, #1367, #816, #99, #1137, #3480, #4393 ) ) ;
#3632 = CARTESIAN_POINT ( 'NONE',  ( -12.69999999999999929, 5.199999999999997513, 1.000000000000000000 ) ) ;
#3633 = FACE_OUTER_BOUND ( 'NONE', #1664, .T. ) ;
#3634 = CARTESIAN_POINT ( 'NONE',  ( 11.14142107299598194, -2.265685708190569692, 2.286000000000000032 ) ) ;
#3635 = CARTESIAN_POINT ( 'NONE',  ( 3.804415587728402492, -6.199999999999999289, -2.286000000000000032 ) ) ;
#3636 = VECTOR ( 'NONE', #3396, 1000.000000000000000 ) ;
#3637 = VERTEX_POINT ( 'NONE', #1999 ) ;
#3638 = LINE ( 'NONE', #1793, #2636 ) ;
#3639 = DIRECTION ( 'NONE',  ( 1.000000000000000000, 0.000000000000000000, 0.000000000000000000 ) ) ;
#3640 = ORIENTED_EDGE ( 'NONE', *, *, #2071, .T. ) ;
#3641 = CARTESIAN_POINT ( 'NONE',  ( -4.804415587728434467, -5.200000000000001066, -3.049999999999999822 ) ) ;
#3642 = EDGE_CURVE ( 'NONE', #467, #3930, #4617, .T. ) ;
#3643 = EDGE_CURVE ( 'NONE', #1129, #1601, #2388, .T. ) ;
#3644 = DIRECTION ( 'NONE',  ( -1.000000000000000000, 0.000000000000000000, 0.000000000000000000 ) ) ;
#3645 = ORIENTED_EDGE ( 'NONE', *, *, #2995, .F. ) ;
#3646 = COORDINATED_UNIVERSAL_TIME_OFFSET ( 6, 0, .BEHIND. ) ;
#3647 = DIRECTION ( 'NONE',  ( -0.7071067811865536790, 0.7071067811865414665, 0.000000000000000000 ) ) ;
#3648 = ORIENTED_EDGE ( 'NONE', *, *, #803, .F. ) ;
#3649 = CARTESIAN_POINT ( 'NONE',  ( -12.69999999999999929, -6.199999999999997513, 3.049999999999999822 ) ) ;
#3650 = ORIENTED_EDGE ( 'NONE', *, *, #3197, .F. ) ;
#3651 = ORIENTED_EDGE ( 'NONE', *, *, #1382, .F. ) ;
#3652 = CARTESIAN_POINT ( 'NONE',  ( -7.344238815542522225, -4.648654403270934488, 2.286000000000000032 ) ) ;
#3653 = CARTESIAN_POINT ( 'NONE',  ( -10.83650298521228983, -2.570603795974261807, 2.286000000000000032 ) ) ;
#3654 = ADVANCED_FACE ( 'NONE', ( #2774 ), #3864, .F. ) ;
#3655 = ORIENTED_EDGE ( 'NONE', *, *, #3550, .F. ) ;
#3656 = CARTESIAN_POINT ( 'NONE',  ( -8.207106781186544353, -5.200000000000001066, 3.049999999999999822 ) ) ;
#3657 = AXIS2_PLACEMENT_3D ( 'NONE', #1340, #3935, #4296 ) ;
#3658 = DIRECTION ( 'NONE',  ( 0.000000000000000000, -0.000000000000000000, -1.000000000000000000 ) ) ;
#3659 = ORIENTED_EDGE ( 'NONE', *, *, #1717, .F. ) ;
#3660 = PLANE ( 'NONE',  #3214 ) ;
#3661 = CARTESIAN_POINT ( 'NONE',  ( -8.207106781186549682, 5.199999999999998401, 1.000000000000000444 ) ) ;
#3662 = CARTESIAN_POINT ( 'NONE',  ( 0.000000000000000000, 0.000000000000000000, 2.286000000000000032 ) ) ;
#3663 = AXIS2_PLACEMENT_3D ( 'NONE', #979, #2459, #265 ) ;
#3664 = CARTESIAN_POINT ( 'NONE',  ( 3.135382751754558051, 0.5000000000000000000, 1.000000000000000000 ) ) ;
#3665 = ORIENTED_EDGE ( 'NONE', *, *, #1478, .F. ) ;
#3666 = LINE ( 'NONE', #338, #193 ) ;
#3667 = ORIENTED_EDGE ( 'NONE', *, *, #3199, .F. ) ;
#3668 = CARTESIAN_POINT ( 'NONE',  ( 2.704163456597990844, 0.4999999999999998890, 2.286000000000000032 ) ) ;
#3669 = CIRCLE ( 'NONE', #724, 6.200000000000000178 ) ;
#3670 = EDGE_LOOP ( 'NONE', ( #2604, #2966, #2531, #1642, #1434, #700, #3252, #484 ) ) ;
#3671 = DIRECTION ( 'NONE',  ( -1.000000000000000000, -1.365923996832131116E-16, 0.000000000000000000 ) ) ;
#3672 = ORIENTED_EDGE ( 'NONE', *, *, #1628, .F. ) ;
#3673 = EDGE_CURVE ( 'NONE', #2070, #3619, #2881, .T. ) ;
#3674 = EDGE_LOOP ( 'NONE', ( #863, #4473, #1607, #3552 ) ) ;
#3675 = CARTESIAN_POINT ( 'NONE',  ( -9.564617248245442127, -0.5000000000000017764, -1.000000000000000000 ) ) ;
#3676 = DIRECTION ( 'NONE',  ( 1.000000000000000000, 0.000000000000000000, -0.000000000000000000 ) ) ;
#3677 = ORIENTED_EDGE ( 'NONE', *, *, #1037, .T. ) ;
#3678 = CARTESIAN_POINT ( 'NONE',  ( -12.69999999999999929, 0.000000000000000000, 3.049999999999999822 ) ) ;
#3679 = EDGE_CURVE ( 'NONE', #3964, #2958, #3478, .T. ) ;
#3680 = EDGE_CURVE ( 'NONE', #3158, #3458, #3246, .T. ) ;
#3681 = CARTESIAN_POINT ( 'NONE',  ( 3.804415587728402492, 6.199999999999999289, 2.286000000000000032 ) ) ;
#3682 = ORIENTED_EDGE ( 'NONE', *, *, #2343, .T. ) ;
#3683 = FACE_OUTER_BOUND ( 'NONE', #2189, .T. ) ;
#3684 = EDGE_CURVE ( 'NONE', #703, #2338, #1379, .T. ) ;
#3685 = CARTESIAN_POINT ( 'NONE',  ( 1.863497014787710127, 2.570603795974261807, 2.286000000000000032 ) ) ;
#3686 = VECTOR ( 'NONE', #3784, 1000.000000000000000 ) ;
#3687 = AXIS2_PLACEMENT_3D ( 'NONE', #3269, #4022, #2929 ) ;
#3688 = CARTESIAN_POINT ( 'NONE',  ( 4.492893218813453160, 5.200000000000000178, 3.049999999999999822 ) ) ;
#3689 = VECTOR ( 'NONE', #370, 1000.000000000000000 ) ;
#3690 = DIRECTION ( 'NONE',  ( 1.000000000000000000, 8.881784197001254296E-16, 0.000000000000000000 ) ) ;
#3691 = AXIS2_PLACEMENT_3D ( 'NONE', #3898, #1983, #4244 ) ;
#3692 = ORIENTED_EDGE ( 'NONE', *, *, #147, .T. ) ;
#3693 = LOCAL_TIME ( 13, 31, 41.00000000000000000, #3646 ) ;
#3694 = AXIS2_PLACEMENT_3D ( 'NONE', #2269, #2607, #3357 ) ;
#3695 = DIRECTION ( 'NONE',  ( -1.000000000000000000, -2.601884744300114343E-16, 0.000000000000000000 ) ) ;
#3696 = ORIENTED_EDGE ( 'NONE', *, *, #2750, .T. ) ;
#3697 = CARTESIAN_POINT ( 'NONE',  ( 12.69999999999999751, -6.200000000000000178, 1.000000000000000000 ) ) ;
#3698 = VECTOR ( 'NONE', #2580, 1000.000000000000000 ) ;
#3699 = VERTEX_POINT ( 'NONE', #3115 ) ;
#3700 = PLANE ( 'NONE',  #900 ) ;
#3701 = ORIENTED_EDGE ( 'NONE', *, *, #1099, .F. ) ;
#3702 = ORIENTED_EDGE ( 'NONE', *, *, #1803, .F. ) ;
#3703 = LINE ( 'NONE', #2674, #981 ) ;
#3704 = CARTESIAN_POINT ( 'NONE',  ( -12.69999999999999929, -5.200000000000001066, 3.049999999999999822 ) ) ;
#3705 = VERTEX_POINT ( 'NONE', #2157 ) ;
#3706 = LINE ( 'NONE', #2561, #745 ) ;
#3707 = FACE_OUTER_BOUND ( 'NONE', #3533, .T. ) ;
#3708 = EDGE_LOOP ( 'NONE', ( #4589, #1305, #2356, #2332, #1853, #426, #3665, #2867, #3000, #3453, #2029, #2684, #205, #4117, #3303, #524, #248 ) ) ;
#3709 = LINE ( 'NONE', #4453, #1432 ) ;
#3710 = EDGE_CURVE ( 'NONE', #3359, #1444, #3638, .T. ) ;
#3711 = EDGE_CURVE ( 'NONE', #67, #4736, #437, .T. ) ;
#3712 = LINE ( 'NONE', #2325, #3608 ) ;
#3713 = DIRECTION ( 'NONE',  ( 0.000000000000000000, 1.000000000000000000, 0.000000000000000000 ) ) ;
#3714 = ADVANCED_FACE ( 'NONE', ( #1090 ), #725, .F. ) ;
#3715 = CARTESIAN_POINT ( 'NONE',  ( -12.69999999999999929, -5.200000000000001066, -2.286000000000000032 ) ) ;
#3716 = VECTOR ( 'NONE', #4643, 1000.000000000000114 ) ;
#3717 = ORIENTED_EDGE ( 'NONE', *, *, #1036, .T. ) ;
#3718 = CARTESIAN_POINT ( 'NONE',  ( -2.100000000000004530, 2.571758278209447380E-16, -2.286999999999999922 ) ) ;
#3719 = ORIENTED_EDGE ( 'NONE', *, *, #1307, .F. ) ;
#3720 = DIRECTION ( 'NONE',  ( 1.000000000000000000, 2.601884744300114836E-16, 0.000000000000000000 ) ) ;
#3721 = ORIENTED_EDGE ( 'NONE', *, *, #2224, .F. ) ;
#3722 = CARTESIAN_POINT ( 'NONE',  ( -10.83650298521228983, 2.570603795974261363, -1.000000000000000000 ) ) ;
#3723 = ORIENTED_EDGE ( 'NONE', *, *, #4602, .F. ) ;
#3724 = ORIENTED_EDGE ( 'NONE', *, *, #1041, .F. ) ;
#3725 = CARTESIAN_POINT ( 'NONE',  ( -7.481370849898477893, 6.200000000000001954, -3.049999999999999822 ) ) ;
#3726 = PLANE ( 'NONE',  #4490 ) ;
#3727 = ORIENTED_EDGE ( 'NONE', *, *, #2583, .F. ) ;
#3728 = ORIENTED_EDGE ( 'NONE', *, *, #294, .T. ) ;
#3729 = DIRECTION ( 'NONE',  ( 0.000000000000000000, 0.000000000000000000, -1.000000000000000000 ) ) ;
#3730 = DIRECTION ( 'NONE',  ( -0.000000000000000000, -0.000000000000000000, 1.000000000000000000 ) ) ;
#3731 = ORIENTED_EDGE ( 'NONE', *, *, #2018, .T. ) ;
#3732 = DIRECTION ( 'NONE',  ( 0.000000000000000000, -1.000000000000000000, 0.000000000000000000 ) ) ;
#3733 = LINE ( 'NONE', #4557, #1291 ) ;
#3734 = VECTOR ( 'NONE', #1351, 1000.000000000000000 ) ;
#3735 = EDGE_CURVE ( 'NONE', #3475, #1010, #4100, .T. ) ;
#3736 = DIRECTION ( 'NONE',  ( -1.000000000000000000, 0.000000000000000000, 0.000000000000000000 ) ) ;
#3737 = FACE_OUTER_BOUND ( 'NONE', #3487, .T. ) ;
#3738 = EDGE_CURVE ( 'NONE', #4374, #3257, #4123, .T. ) ;
#3739 = ORIENTED_EDGE ( 'NONE', *, *, #359, .F. ) ;
#3740 = EDGE_CURVE ( 'NONE', #4517, #2557, #4486, .T. ) ;
#3741 = VECTOR ( 'NONE', #1503, 1000.000000000000000 ) ;
#3742 = ORIENTED_EDGE ( 'NONE', *, *, #3172, .F. ) ;
#3743 = DIRECTION ( 'NONE',  ( -0.7071067811865483499, -0.7071067811865465735, 0.000000000000000000 ) ) ;
#3744 = VERTEX_POINT ( 'NONE', #365 ) ;
#3745 = CARTESIAN_POINT ( 'NONE',  ( -1.863497014787711015, 2.570603795974260475, -2.286000000000000032 ) ) ;
#3746 = ORIENTED_EDGE ( 'NONE', *, *, #2962, .T. ) ;
#3747 = ORIENTED_EDGE ( 'NONE', *, *, #945, .T. ) ;
#3748 = FACE_OUTER_BOUND ( 'NONE', #1487, .T. ) ;
#3749 = FACE_OUTER_BOUND ( 'NONE', #4628, .T. ) ;
#3750 = CARTESIAN_POINT ( 'NONE',  ( -12.69999999999999929, 0.000000000000000000, 1.000000000000000000 ) ) ;
#3751 = VERTEX_POINT ( 'NONE', #1114 ) ;
#3752 = DIRECTION ( 'NONE',  ( -0.000000000000000000, -0.000000000000000000, -1.000000000000000000 ) ) ;
#3753 = PLANE ( 'NONE',  #3295 ) ;
#3754 = ORIENTED_EDGE ( 'NONE', *, *, #2488, .F. ) ;
#3755 = DIRECTION ( 'NONE',  ( -0.7071067811865454633, 0.7071067811865496822, -0.000000000000000000 ) ) ;
#3756 = DIRECTION ( 'NONE',  ( -0.000000000000000000, -0.000000000000000000, -1.000000000000000000 ) ) ;
#3757 = CARTESIAN_POINT ( 'NONE',  ( -8.895584412271597685, -6.199999999999999289, -3.049999999999999822 ) ) ;
#3758 = CARTESIAN_POINT ( 'NONE',  ( 10.83650298521228983, 2.570603795974261363, -2.286000000000000032 ) ) ;
#3759 = APPROVAL ( #3548, 'UNSPECIFIED' ) ;
#3760 = VECTOR ( 'NONE', #1261, 1000.000000000000114 ) ;
#3761 = ORIENTED_EDGE ( 'NONE', *, *, #4328, .T. ) ;
#3762 = AXIS2_PLACEMENT_3D ( 'NONE', #1481, #2959, #1117 ) ;
#3763 = CIRCLE ( 'NONE', #582, 3.174999999999997602 ) ;
#3764 = VECTOR ( 'NONE', #3788, 1000.000000000000000 ) ;
#3765 = DIRECTION ( 'NONE',  ( -0.7071067811865479058, -0.7071067811865472397, 0.000000000000000000 ) ) ;
#3766 = EDGE_CURVE ( 'NONE', #852, #32, #3294, .T. ) ;
#3767 = ADVANCED_FACE ( 'NONE', ( #4411 ), #3032, .T. ) ;
#3768 = ORIENTED_EDGE ( 'NONE', *, *, #3386, .T. ) ;
#3769 = LINE ( 'NONE', #1923, #3071 ) ;
#3770 = EDGE_LOOP ( 'NONE', ( #1535, #11, #4183, #4772 ) ) ;
#3771 = ORIENTED_EDGE ( 'NONE', *, *, #2195, .F. ) ;
#3772 = CARTESIAN_POINT ( 'NONE',  ( -1.863497014787711015, -2.570603795974260475, -1.000000000000000000 ) ) ;
#3773 = LINE ( 'NONE', #101, #773 ) ;
#3774 = AXIS2_PLACEMENT_3D ( 'NONE', #299, #1416, #1081 ) ;
#3775 = CYLINDRICAL_SURFACE ( 'NONE', #232, 3.174999999999997158 ) ;
#3776 = VERTEX_POINT ( 'NONE', #2257 ) ;
#3777 = PLANE ( 'NONE',  #2448 ) ;
#3778 = VECTOR ( 'NONE', #2499, 1000.000000000000000 ) ;
#3779 = EDGE_CURVE ( 'NONE', #2964, #2247, #701, .T. ) ;
#3780 = DIRECTION ( 'NONE',  ( -0.000000000000000000, -0.000000000000000000, -1.000000000000000000 ) ) ;
#3781 = ORIENTED_EDGE ( 'NONE', *, *, #2613, .F. ) ;
#3782 = CARTESIAN_POINT ( 'NONE',  ( -17.89999999999999858, 0.000000000000000000, -3.049999999999999822 ) ) ;
#3783 = CARTESIAN_POINT ( 'NONE',  ( -3.135382751754558051, -0.5000000000000001110, -1.000000000000000000 ) ) ;
#3784 = DIRECTION ( 'NONE',  ( 0.000000000000000000, 0.000000000000000000, 1.000000000000000000 ) ) ;
#3785 = CARTESIAN_POINT ( 'NONE',  ( 10.83650298521228983, -2.570603795974261363, -2.286000000000000032 ) ) ;
#3786 = ORIENTED_EDGE ( 'NONE', *, *, #3766, .T. ) ;
#3787 = CARTESIAN_POINT ( 'NONE',  ( -2.100000000000004530, 2.571758278209447380E-16, -2.286000000000000032 ) ) ;
#3788 = DIRECTION ( 'NONE',  ( 1.000000000000000000, -1.024442997624098707E-16, 0.000000000000000000 ) ) ;
#3789 = ORIENTED_EDGE ( 'NONE', *, *, #3828, .T. ) ;
#3790 = ORIENTED_EDGE ( 'NONE', *, *, #442, .T. ) ;
#3791 = DIRECTION ( 'NONE',  ( 0.7071067811865472397, 0.7071067811865479058, -0.000000000000000000 ) ) ;
#3792 = ADVANCED_FACE ( 'NONE', ( #1919 ), #2567, .T. ) ;
#3793 = AXIS2_PLACEMENT_3D ( 'NONE', #1538, #4203, #3020 ) ;
#3794 = EDGE_CURVE ( 'NONE', #1660, #1656, #4074, .T. ) ;
#3795 = CYLINDRICAL_SURFACE ( 'NONE', #3793, 2.100000000000004530 ) ;
#3796 = CARTESIAN_POINT ( 'NONE',  ( 6.349999999999998757, 5.068629150101524594, -3.049999999999999822 ) ) ;
#3797 = ORIENTED_EDGE ( 'NONE', *, *, #389, .T. ) ;
#3798 = DIRECTION ( 'NONE',  ( 1.000000000000000000, 2.601884744300114343E-16, 0.000000000000000000 ) ) ;
#3799 = DIRECTION ( 'NONE',  ( 0.7071067811865479058, 0.7071067811865472397, -0.000000000000000000 ) ) ;
#3800 = DIRECTION ( 'NONE',  ( 0.000000000000000000, 0.000000000000000000, 1.000000000000000000 ) ) ;
#3801 = ADVANCED_FACE ( 'NONE', ( #799 ), #3395, .F. ) ;
#3802 = EDGE_CURVE ( 'NONE', #3182, #3307, #3322, .T. ) ;
#3803 = ORIENTED_EDGE ( 'NONE', *, *, #3345, .F. ) ;
#3804 = CARTESIAN_POINT ( 'NONE',  ( 7.481370849898473452, -6.200000000000001954, -3.049999999999999822 ) ) ;
#3805 = EDGE_CURVE ( 'NONE', #2120, #3012, #335, .T. ) ;
#3806 = DIRECTION ( 'NONE',  ( 0.000000000000000000, 0.000000000000000000, -1.000000000000000000 ) ) ;
#3807 = FACE_OUTER_BOUND ( 'NONE', #3627, .T. ) ;
#3808 = DIRECTION ( 'NONE',  ( -6.829619984160659279E-17, 1.000000000000000000, 0.000000000000000000 ) ) ;
#3809 = CIRCLE ( 'NONE', #4428, 3.174999999999997158 ) ;
#3810 = ORIENTED_EDGE ( 'NONE', *, *, #2930, .F. ) ;
#3811 = LINE ( 'NONE', #2309, #950 ) ;
#3812 = LINE ( 'NONE', #1193, #2984 ) ;
#3813 = VERTEX_POINT ( 'NONE', #2955 ) ;
#3814 = ORIENTED_EDGE ( 'NONE', *, *, #112, .T. ) ;
#3815 = LINE ( 'NONE', #489, #4543 ) ;
#3816 = DIRECTION ( 'NONE',  ( 0.000000000000000000, 0.000000000000000000, 1.000000000000000000 ) ) ;
#3817 = CARTESIAN_POINT ( 'NONE',  ( -12.69999999999999929, -5.200000000000001066, 3.049999999999999822 ) ) ;
#3818 = ORIENTED_EDGE ( 'NONE', *, *, #2957, .T. ) ;
#3819 = CARTESIAN_POINT ( 'NONE',  ( -6.703553390593287808, 5.996446609406722139, -1.000000000000000000 ) ) ;
#3820 = DIRECTION ( 'NONE',  ( 1.000000000000000000, 2.601884744300114343E-16, -0.000000000000000000 ) ) ;
#3821 = EDGE_CURVE ( 'NONE', #1656, #7, #1818, .T. ) ;
#3822 = DIRECTION ( 'NONE',  ( -0.000000000000000000, -0.000000000000000000, -1.000000000000000000 ) ) ;
#3823 = VERTEX_POINT ( 'NONE', #753 ) ;
#3824 = CARTESIAN_POINT ( 'NONE',  ( -11.14142107299598194, -2.265685708190569692, 2.286000000000000032 ) ) ;
#3825 = ORIENTED_EDGE ( 'NONE', *, *, #1450, .F. ) ;
#3826 = CARTESIAN_POINT ( 'NONE',  ( -15.87499999999999645, 0.000000000000000000, 2.286000000000000032 ) ) ;
#3827 = EDGE_CURVE ( 'NONE', #2112, #2964, #1509, .T. ) ;
#3828 = EDGE_CURVE ( 'NONE', #703, #3111, #1866, .T. ) ;
#3829 = CARTESIAN_POINT ( 'NONE',  ( 12.69999999999999929, 0.000000000000000000, -2.286000000000000032 ) ) ;
#3830 = CARTESIAN_POINT ( 'NONE',  ( 0.000000000000000000, 0.000000000000000000, 2.286000000000000032 ) ) ;
#3831 = DIRECTION ( 'NONE',  ( -0.000000000000000000, -0.000000000000000000, -1.000000000000000000 ) ) ;
#3832 = EDGE_CURVE ( 'NONE', #1414, #33, #2621, .T. ) ;
#3833 = ORIENTED_EDGE ( 'NONE', *, *, #2581, .F. ) ;
#3834 = CARTESIAN_POINT ( 'NONE',  ( 4.492893218813454936, -5.200000000000001066, 2.286000000000000032 ) ) ;
#3835 = CARTESIAN_POINT ( 'NONE',  ( -10.12939620402574192, 1.863497014787714567, -1.000000000000000000 ) ) ;
#3836 = ORIENTED_EDGE ( 'NONE', *, *, #2874, .T. ) ;
#3837 = EDGE_LOOP ( 'NONE', ( #3142, #4750, #3423, #3723 ) ) ;
#3838 = CARTESIAN_POINT ( 'NONE',  ( 12.69999999999999929, 0.000000000000000000, -1.000000000000000000 ) ) ;
#3839 = VECTOR ( 'NONE', #4266, 1000.000000000000114 ) ;
#3840 = AXIS2_PLACEMENT_3D ( 'NONE', #2989, #1876, #3015 ) ;
#3841 = CARTESIAN_POINT ( 'NONE',  ( -12.69999999999999929, 0.000000000000000000, 1.000000000000000000 ) ) ;
#3842 = CARTESIAN_POINT ( 'NONE',  ( -12.69999999999999929, -5.200000000000001066, 3.049999999999999822 ) ) ;
#3843 = ORIENTED_EDGE ( 'NONE', *, *, #531, .F. ) ;
#3844 = CARTESIAN_POINT ( 'NONE',  ( -3.135382751754558051, -0.5000000000000001110, 2.286000000000000032 ) ) ;
#3845 = DIRECTION ( 'NONE',  ( 0.000000000000000000, 0.000000000000000000, 1.000000000000000000 ) ) ;
#3846 = VECTOR ( 'NONE', #2152, 1000.000000000000000 ) ;
#3847 = VECTOR ( 'NONE', #1164, 1000.000000000000000 ) ;
#3848 = CARTESIAN_POINT ( 'NONE',  ( 12.69999999999999929, 0.000000000000000000, 2.286000000000000032 ) ) ;
#3849 = ORIENTED_EDGE ( 'NONE', *, *, #3386, .F. ) ;
#3850 = LINE ( 'NONE', #3871, #364 ) ;
#3851 = VERTEX_POINT ( 'NONE', #2327 ) ;
#3852 = CARTESIAN_POINT ( 'NONE',  ( -12.69999999999999929, -5.200000000000001066, -1.000000000000000000 ) ) ;
#3853 = VECTOR ( 'NONE', #720, 1000.000000000000000 ) ;
#3854 = CYLINDRICAL_SURFACE ( 'NONE', #1136, 3.174999999999997602 ) ;
#3855 = EDGE_CURVE ( 'NONE', #2329, #1491, #459, .T. ) ;
#3856 = EDGE_CURVE ( 'NONE', #2718, #2790, #4457, .T. ) ;
#3857 = CARTESIAN_POINT ( 'NONE',  ( 10.12939620402574192, -1.863497014787714789, 2.286000000000000032 ) ) ;
#3858 = FACE_OUTER_BOUND ( 'NONE', #1280, .T. ) ;
#3859 = VERTEX_POINT ( 'NONE', #3105 ) ;
#3860 = EDGE_CURVE ( 'NONE', #1878, #1785, #2665, .T. ) ;
#3861 = DIRECTION ( 'NONE',  ( 1.000000000000000000, 0.000000000000000000, 0.000000000000000000 ) ) ;
#3862 = ORIENTED_EDGE ( 'NONE', *, *, #976, .F. ) ;
#3863 = DIRECTION ( 'NONE',  ( -0.7071067811865479058, 0.7071067811865472397, 0.000000000000000000 ) ) ;
#3864 = CYLINDRICAL_SURFACE ( 'NONE', #74, 5.200000000000000178 ) ;
#3865 = CARTESIAN_POINT ( 'NONE',  ( -7.481370849898477893, 6.200000000000001954, 3.049999999999999822 ) ) ;
#3866 = EDGE_LOOP ( 'NONE', ( #222, #4110, #156, #1179 ) ) ;
#3867 = LINE ( 'NONE', #2413, #3716 ) ;
#3868 = DIRECTION ( 'NONE',  ( 0.7071067811865454633, -0.7071067811865496822, 0.000000000000000000 ) ) ;
#3869 = ORIENTED_EDGE ( 'NONE', *, *, #1036, .F. ) ;
#3870 = VECTOR ( 'NONE', #3430, 1000.000000000000000 ) ;
#3871 = CARTESIAN_POINT ( 'NONE',  ( 3.804415587728402492, 6.199999999999999289, -2.286000000000000032 ) ) ;
#3872 = ORIENTED_EDGE ( 'NONE', *, *, #2408, .T. ) ;
#3873 = FACE_OUTER_BOUND ( 'NONE', #3085, .T. ) ;
#3874 = VECTOR ( 'NONE', #932, 1000.000000000000114 ) ;
#3875 = DIRECTION ( 'NONE',  ( -0.000000000000000000, -0.000000000000000000, -1.000000000000000000 ) ) ;
#3876 = LINE ( 'NONE', #482, #2371 ) ;
#3877 = CARTESIAN_POINT ( 'NONE',  ( -12.69999999999999929, -5.200000000000001066, 3.049999999999999822 ) ) ;
#3878 = EDGE_CURVE ( 'NONE', #3879, #3352, #1188, .T. ) ;
#3879 = VERTEX_POINT ( 'NONE', #1940 ) ;
#3880 = AXIS2_PLACEMENT_3D ( 'NONE', #418, #4106, #4492 ) ;
#3881 = DIRECTION ( 'NONE',  ( -2.601884744300114343E-16, 1.000000000000000000, 0.000000000000000000 ) ) ;
#3882 = EDGE_CURVE ( 'NONE', #3823, #554, #2306, .T. ) ;
#3883 = ADVANCED_FACE ( 'NONE', ( #3807 ), #3417, .T. ) ;
#3884 = ORIENTED_EDGE ( 'NONE', *, *, #4801, .T. ) ;
#3885 = CARTESIAN_POINT ( 'NONE',  ( -10.83650298521228983, -2.570603795974261363, -2.286000000000000032 ) ) ;
#3886 = CARTESIAN_POINT ( 'NONE',  ( 7.481370849898473452, 6.200000000000001954, -3.049999999999999822 ) ) ;
#3887 = CARTESIAN_POINT ( 'NONE',  ( -12.69999999999999929, -5.200000000000001066, 1.000000000000000000 ) ) ;
#3888 = VERTEX_POINT ( 'NONE', #4583 ) ;
#3889 = CARTESIAN_POINT ( 'NONE',  ( -1.558578927004018011, 2.265685708190569692, -2.286000000000000032 ) ) ;
#3890 = CARTESIAN_POINT ( 'NONE',  ( -5.218629150101529390, -6.199999999999998401, 3.049999999999999822 ) ) ;
#3891 = CYLINDRICAL_SURFACE ( 'NONE', #2616, 3.174999999999997158 ) ;
#3892 = ORIENTED_EDGE ( 'NONE', *, *, #4631, .T. ) ;
#3893 = ORIENTED_EDGE ( 'NONE', *, *, #2098, .T. ) ;
#3894 = CARTESIAN_POINT ( 'NONE',  ( 7.495643923738959380, 0.5000000000000005551, 2.286000000000000032 ) ) ;
#3895 = VECTOR ( 'NONE', #3957, 1000.000000000000000 ) ;
#3896 = VERTEX_POINT ( 'NONE', #2032 ) ;
#3897 = CARTESIAN_POINT ( 'NONE',  ( -7.481370849898477893, 6.200000000000001954, -3.049999999999999822 ) ) ;
#3898 = CARTESIAN_POINT ( 'NONE',  ( -12.69999999999999929, 0.000000000000000000, 2.286000000000000032 ) ) ;
#3899 = FACE_OUTER_BOUND ( 'NONE', #4613, .T. ) ;
#3900 = ORIENTED_EDGE ( 'NONE', *, *, #2868, .T. ) ;
#3901 = EDGE_CURVE ( 'NONE', #4029, #337, #3876, .T. ) ;
#3902 = LINE ( 'NONE', #4727, #406 ) ;
#3903 = ORIENTED_EDGE ( 'NONE', *, *, #2013, .T. ) ;
#3904 = PLANE ( 'NONE',  #750 ) ;
#3905 = EDGE_CURVE ( 'NONE', #3090, #67, #2689, .T. ) ;
#3906 = ADVANCED_FACE ( 'NONE', ( #1646 ), #504, .F. ) ;
#3907 = DIRECTION ( 'NONE',  ( -0.000000000000000000, -0.000000000000000000, -1.000000000000000000 ) ) ;
#3908 = ORIENTED_EDGE ( 'NONE', *, *, #1500, .T. ) ;
#3909 = PERSON_AND_ORGANIZATION ( #4126, #1290 ) ;
#3910 = DIRECTION ( 'NONE',  ( -0.7071067811865466846, 0.7071067811865483499, -0.000000000000000000 ) ) ;
#3911 = DIRECTION ( 'NONE',  ( -0.000000000000000000, -0.000000000000000000, -1.000000000000000000 ) ) ;
#3912 = ORIENTED_EDGE ( 'NONE', *, *, #2761, .F. ) ;
#3913 = VERTEX_POINT ( 'NONE', #1236 ) ;
#3914 = LINE ( 'NONE', #4625, #1751 ) ;
#3915 = VECTOR ( 'NONE', #4731, 1000.000000000000000 ) ;
#3916 = EDGE_CURVE ( 'NONE', #659, #1151, #1570, .T. ) ;
#3917 = VERTEX_POINT ( 'NONE', #2712 ) ;
#3918 = DIRECTION ( 'NONE',  ( -0.000000000000000000, -0.000000000000000000, 1.000000000000000000 ) ) ;
#3919 = VECTOR ( 'NONE', #2925, 1000.000000000000000 ) ;
#3920 = VECTOR ( 'NONE', #4565, 1000.000000000000000 ) ;
#3921 = DIRECTION ( 'NONE',  ( 0.000000000000000000, -0.000000000000000000, 1.000000000000000000 ) ) ;
#3922 = SECURITY_CLASSIFICATION ( '', '', #955 ) ;
#3923 = AXIS2_PLACEMENT_3D ( 'NONE', #4614, #3791, #3863 ) ;
#3924 = LINE ( 'NONE', #3606, #3839 ) ;
#3925 = CIRCLE ( 'NONE', #439, 3.174999999999997158 ) ;
#3926 = AXIS2_PLACEMENT_3D ( 'NONE', #2779, #204, #4576 ) ;
#3927 = PLANE ( 'NONE',  #436 ) ;
#3928 = VERTEX_POINT ( 'NONE', #4245 ) ;
#3929 = DIRECTION ( 'NONE',  ( 1.000000000000000000, 0.000000000000000000, 0.000000000000000000 ) ) ;
#3930 = VERTEX_POINT ( 'NONE', #4194 ) ;
#3931 = LINE ( 'NONE', #1743, #4391 ) ;
#3932 = CARTESIAN_POINT ( 'NONE',  ( 6.349999999999996092, -3.654415587728423898, 3.049999999999999822 ) ) ;
#3933 = EDGE_LOOP ( 'NONE', ( #2333, #3347, #2295, #408, #2924, #3598 ) ) ;
#3934 = DATE_TIME_ROLE ( 'creation_date' ) ;
#3935 = DIRECTION ( 'NONE',  ( -0.000000000000000000, -0.000000000000000000, 1.000000000000000000 ) ) ;
#3936 = DIRECTION ( 'NONE',  ( 1.000000000000000000, -1.024442997624098707E-16, 0.000000000000000000 ) ) ;
#3937 = ORIENTED_EDGE ( 'NONE', *, *, #2167, .T. ) ;
#3938 = EDGE_CURVE ( 'NONE', #1148, #2701, #3053, .T. ) ;
#3939 = ORIENTED_EDGE ( 'NONE', *, *, #184, .F. ) ;
#3940 = EDGE_CURVE ( 'NONE', #1151, #1299, #1962, .T. ) ;
#3941 = DIRECTION ( 'NONE',  ( 0.7071067811865477948, -0.7071067811865473507, 0.000000000000000000 ) ) ;
#3942 = EDGE_LOOP ( 'NONE', ( #827, #2782, #4272, #3375, #2617, #135 ) ) ;
#3943 = FACE_BOUND ( 'NONE', #4430, .T. ) ;
#3944 = VECTOR ( 'NONE', #3097, 1000.000000000000000 ) ;
#3945 = EDGE_CURVE ( 'NONE', #1640, #2412, #896, .T. ) ;
#3946 = EDGE_CURVE ( 'NONE', #4032, #808, #3439, .T. ) ;
#3947 = CARTESIAN_POINT ( 'NONE',  ( 6.349999999999996092, -3.654415587728423898, 3.049999999999999822 ) ) ;
#3948 = PLANE ( 'NONE',  #2767 ) ;
#3949 = VECTOR ( 'NONE', #2739, 1000.000000000000114 ) ;
#3950 = DIRECTION ( 'NONE',  ( 0.7071067811865483499, 0.7071067811865465735, 0.000000000000000000 ) ) ;
#3951 = CARTESIAN_POINT ( 'NONE',  ( 4.804415587728419368, 5.200000000000001066, -3.049999999999999822 ) ) ;
#3952 = ORIENTED_EDGE ( 'NONE', *, *, #3441, .F. ) ;
#3953 = DIRECTION ( 'NONE',  ( -0.000000000000000000, -0.000000000000000000, 1.000000000000000000 ) ) ;
#3954 = CARTESIAN_POINT ( 'NONE',  ( -12.69999999999999929, 0.000000000000000000, 3.049999999999999822 ) ) ;
#3955 = FACE_OUTER_BOUND ( 'NONE', #2740, .T. ) ;
#3956 = EDGE_LOOP ( 'NONE', ( #3281, #373, #958, #4636 ) ) ;
#3957 = DIRECTION ( 'NONE',  ( 1.000000000000000000, -1.024442997624098707E-16, 0.000000000000000000 ) ) ;
#3958 = ORIENTED_EDGE ( 'NONE', *, *, #3878, .T. ) ;
#3959 = DIRECTION ( 'NONE',  ( 1.000000000000000000, 0.000000000000000000, 0.000000000000000000 ) ) ;
#3960 = AXIS2_PLACEMENT_3D ( 'NONE', #4752, #2545, #3367 ) ;
#3961 = ORIENTED_EDGE ( 'NONE', *, *, #1013, .F. ) ;
#3962 = ORIENTED_EDGE ( 'NONE', *, *, #1511, .T. ) ;
#3963 = FACE_OUTER_BOUND ( 'NONE', #87, .T. ) ;
#3964 = VERTEX_POINT ( 'NONE', #1987 ) ;
#3965 = DIRECTION ( 'NONE',  ( -0.000000000000000000, -0.000000000000000000, -1.000000000000000000 ) ) ;
#3966 = CC_DESIGN_PERSON_AND_ORGANIZATION_ASSIGNMENT ( #4256, #4684, ( #3222 ) ) ;
#3967 = FACE_OUTER_BOUND ( 'NONE', #1360, .T. ) ;
#3968 = VECTOR ( 'NONE', #3273, 1000.000000000000000 ) ;
#3969 = DIRECTION ( 'NONE',  ( 0.000000000000000000, 0.000000000000000000, 1.000000000000000000 ) ) ;
#3970 = EDGE_CURVE ( 'NONE', #3705, #1250, #3467, .T. ) ;
#3971 = EDGE_CURVE ( 'NONE', #4619, #3148, #4217, .T. ) ;
#3972 = DIRECTION ( 'NONE',  ( 1.000000000000000000, 0.000000000000000000, 0.000000000000000000 ) ) ;
#3973 = ORIENTED_EDGE ( 'NONE', *, *, #3321, .F. ) ;
#3974 = CYLINDRICAL_SURFACE ( 'NONE', #2249, 6.200000000000000178 ) ;
#3975 = ADVANCED_FACE ( 'NONE', ( #2011 ), #993, .T. ) ;
#3976 = CARTESIAN_POINT ( 'NONE',  ( 7.895584412271564823, -5.200000000000000178, 3.049999999999999822 ) ) ;
#3977 = ORIENTED_EDGE ( 'NONE', *, *, #2433, .T. ) ;
#3978 = CARTESIAN_POINT ( 'NONE',  ( -6.350000000000000533, -5.068629150101524594, -3.049999999999999822 ) ) ;
#3979 = DIRECTION ( 'NONE',  ( -0.000000000000000000, -0.000000000000000000, 1.000000000000000000 ) ) ;
#3980 = ORIENTED_EDGE ( 'NONE', *, *, #830, .F. ) ;
#3981 = DIRECTION ( 'NONE',  ( 1.000000000000000000, 0.000000000000000000, 0.000000000000000000 ) ) ;
#3982 = ORIENTED_EDGE ( 'NONE', *, *, #2722, .F. ) ;
#3983 = CARTESIAN_POINT ( 'NONE',  ( 8.207106781186547906, -5.200000000000000178, -2.286000000000000032 ) ) ;
#3984 = ORIENTED_EDGE ( 'NONE', *, *, #2370, .T. ) ;
#3985 = VERTEX_POINT ( 'NONE', #3174 ) ;
#3986 = CARTESIAN_POINT ( 'NONE',  ( 0.000000000000000000, 0.000000000000000000, 2.286000000000000032 ) ) ;
#3987 = DIRECTION ( 'NONE',  ( -0.7071067811865477948, -0.7071067811865473507, 0.000000000000000000 ) ) ;
#3988 = ORIENTED_EDGE ( 'NONE', *, *, #2546, .F. ) ;
#3989 = CARTESIAN_POINT ( 'NONE',  ( 10.12939620402574192, -1.863497014787713457, -1.000000000000000000 ) ) ;
#3990 = VECTOR ( 'NONE', #4357, 999.9999999999998863 ) ;
#3991 = PLANE ( 'NONE',  #4083 ) ;
#3992 = VECTOR ( 'NONE', #2985, 1000.000000000000000 ) ;
#3993 = VECTOR ( 'NONE', #1374, 1000.000000000000000 ) ;
#3994 = AXIS2_PLACEMENT_3D ( 'NONE', #1474, #2591, #1112 ) ;
#3995 = DIRECTION ( 'NONE',  ( -0.7071067811865473507, -0.7071067811865477948, 0.000000000000000000 ) ) ;
#3996 = VECTOR ( 'NONE', #844, 1000.000000000000000 ) ;
#3997 = DIRECTION ( 'NONE',  ( -0.000000000000000000, -0.000000000000000000, -1.000000000000000000 ) ) ;
#3998 = ADVANCED_FACE ( 'NONE', ( #3583 ), #644, .F. ) ;
#3999 = ORIENTED_EDGE ( 'NONE', *, *, #3287, .F. ) ;
#4000 = ADVANCED_FACE ( 'NONE', ( #1732 ), #216, .F. ) ;
#4001 = CIRCLE ( 'NONE', #1447, 3.174999999999997602 ) ;
#4002 = DIRECTION ( 'NONE',  ( 0.7071067811865479058, 0.7071067811865472397, -0.000000000000000000 ) ) ;
#4003 = VECTOR ( 'NONE', #4355, 1000.000000000000000 ) ;
#4004 = CARTESIAN_POINT ( 'NONE',  ( -5.002207793864156926, 7.697792206135797066, 1.000000000000000000 ) ) ;
#4005 = ORIENTED_EDGE ( 'NONE', *, *, #1960, .T. ) ;
#4006 = EDGE_CURVE ( 'NONE', #2563, #4132, #2788, .T. ) ;
#4007 = FACE_OUTER_BOUND ( 'NONE', #3622, .T. ) ;
#4008 = CARTESIAN_POINT ( 'NONE',  ( -10.12939620402574192, 1.863497014787715012, 2.286000000000000032 ) ) ;
#4009 = ORIENTED_EDGE ( 'NONE', *, *, #4775, .T. ) ;
#4010 = DIRECTION ( 'NONE',  ( -1.000000000000000000, -2.601884744300114836E-16, -0.000000000000000000 ) ) ;
#4011 = ORIENTED_EDGE ( 'NONE', *, *, #1425, .T. ) ;
#4012 = DIRECTION ( 'NONE',  ( 0.000000000000000000, 0.000000000000000000, 1.000000000000000000 ) ) ;
#4013 = EDGE_LOOP ( 'NONE', ( #2474, #3754, #2869, #444, #3163, #4020 ) ) ;
#4014 = ORIENTED_EDGE ( 'NONE', *, *, #4181, .T. ) ;
#4015 = LINE ( 'NONE', #1371, #2765 ) ;
#4016 = LINE ( 'NONE', #1490, #461 ) ;
#4017 = EDGE_LOOP ( 'NONE', ( #1802, #3682, #344, #2698 ) ) ;
#4018 = LINE ( 'NONE', #719, #1671 ) ;
#4019 = CARTESIAN_POINT ( 'NONE',  ( 2.704163456597990844, 0.4999999999999998890, -2.286000000000000032 ) ) ;
#4020 = ORIENTED_EDGE ( 'NONE', *, *, #4507, .F. ) ;
#4021 = DIRECTION ( 'NONE',  ( 0.7071067811865454633, -0.7071067811865496822, 0.000000000000000000 ) ) ;
#4022 = DIRECTION ( 'NONE',  ( 0.7071067811865450192, -0.7071067811865501263, 0.000000000000000000 ) ) ;
#4023 = VECTOR ( 'NONE', #2033, 1000.000000000000000 ) ;
#4024 = ORIENTED_EDGE ( 'NONE', *, *, #480, .T. ) ;
#4025 = DIRECTION ( 'NONE',  ( 0.000000000000000000, 0.000000000000000000, -1.000000000000000000 ) ) ;
#4026 = CARTESIAN_POINT ( 'NONE',  ( 5.355761184457485058, 4.648654403270943369, 1.000000000000000444 ) ) ;
#4027 = EDGE_CURVE ( 'NONE', #2790, #1479, #1692, .T. ) ;
#4028 = VECTOR ( 'NONE', #4319, 1000.000000000000000 ) ;
#4029 = VERTEX_POINT ( 'NONE', #4633 ) ;
#4030 = DIRECTION ( 'NONE',  ( -0.7071067811865477948, -0.7071067811865473507, 0.000000000000000000 ) ) ;
#4031 = CARTESIAN_POINT ( 'NONE',  ( 8.207106781186547906, -5.200000000000000178, -1.000000000000000000 ) ) ;
#4032 = VERTEX_POINT ( 'NONE', #3561 ) ;
#4033 = DIRECTION ( 'NONE',  ( 1.000000000000000000, 2.601884744300114343E-16, -0.000000000000000000 ) ) ;
#4034 = EDGE_CURVE ( 'NONE', #3091, #3330, #653, .T. ) ;
#4035 = EDGE_CURVE ( 'NONE', #3158, #1145, #2054, .T. ) ;
#4036 = ORIENTED_EDGE ( 'NONE', *, *, #147, .F. ) ;
#4037 = DIRECTION ( 'NONE',  ( 0.000000000000000000, 0.000000000000000000, 1.000000000000000000 ) ) ;
#4038 = ORIENTED_EDGE ( 'NONE', *, *, #1718, .F. ) ;
#4039 = VERTEX_POINT ( 'NONE', #3242 ) ;
#4040 = DIRECTION ( 'NONE',  ( 1.000000000000000000, 0.000000000000000000, 0.000000000000000000 ) ) ;
#4041 = FACE_OUTER_BOUND ( 'NONE', #2533, .T. ) ;
#4042 = VERTEX_POINT ( 'NONE', #3539 ) ;
#4043 = LINE ( 'NONE', #4091, #4307 ) ;
#4044 = CIRCLE ( 'NONE', #1871, 3.174999999999997158 ) ;
#4045 = CARTESIAN_POINT ( 'NONE',  ( 10.83650298521228983, -2.570603795974261363, -1.000000000000000000 ) ) ;
#4046 = ORIENTED_EDGE ( 'NONE', *, *, #533, .T. ) ;
#4047 = CARTESIAN_POINT ( 'NONE',  ( -18.89999999999999858, 0.000000000000000000, -3.049999999999999822 ) ) ;
#4048 = DIRECTION ( 'NONE',  ( 0.7071067811865501263, 0.7071067811865450192, 0.000000000000000000 ) ) ;
#4049 = DIRECTION ( 'NONE',  ( 0.7071067811865479058, -0.7071067811865472397, -0.000000000000000000 ) ) ;
#4050 = CARTESIAN_POINT ( 'NONE',  ( 1.863497014787710571, -2.570603795974260919, -1.000000000000000000 ) ) ;
#4051 = ORIENTED_EDGE ( 'NONE', *, *, #143, .F. ) ;
#4052 = LINE ( 'NONE', #3302, #4223 ) ;
#4053 = ORIENTED_EDGE ( 'NONE', *, *, #3860, .F. ) ;
#4054 = DIRECTION ( 'NONE',  ( 0.000000000000000000, 0.000000000000000000, -1.000000000000000000 ) ) ;
#4055 = VECTOR ( 'NONE', #3907, 1000.000000000000000 ) ;
#4056 = ORIENTED_EDGE ( 'NONE', *, *, #125, .T. ) ;
#4057 = CARTESIAN_POINT ( 'NONE',  ( -1.558578927004018011, -2.265685708190569692, 2.286000000000000032 ) ) ;
#4058 = ORIENTED_EDGE ( 'NONE', *, *, #4707, .F. ) ;
#4059 = ORIENTED_EDGE ( 'NONE', *, *, #3940, .F. ) ;
#4060 = LINE ( 'NONE', #345, #986 ) ;
#4061 = ADVANCED_FACE ( 'NONE', ( #4700 ), #2123, .T. ) ;
#4062 = EDGE_CURVE ( 'NONE', #1026, #73, #2878, .T. ) ;
#4063 = CARTESIAN_POINT ( 'NONE',  ( -2.570603795974257810, 1.863497014787714567, 1.000000000000000000 ) ) ;
#4064 = ORIENTED_EDGE ( 'NONE', *, *, #287, .T. ) ;
#4065 = DIRECTION ( 'NONE',  ( -1.000000000000000000, 0.000000000000000000, 0.000000000000000000 ) ) ;
#4066 = LINE ( 'NONE', #381, #4149 ) ;
#4067 = EDGE_CURVE ( 'NONE', #1779, #1403, #3368, .T. ) ;
#4068 = ORIENTED_EDGE ( 'NONE', *, *, #734, .F. ) ;
#4069 = CARTESIAN_POINT ( 'NONE',  ( 7.344238815542511567, -4.648654403270943369, -2.286000000000000032 ) ) ;
#4070 = EDGE_CURVE ( 'NONE', #4039, #1151, #3924, .T. ) ;
#4071 = DIRECTION ( 'NONE',  ( 1.000000000000000000, 1.365923996832131116E-16, -0.000000000000000000 ) ) ;
#4072 = VECTOR ( 'NONE', #1596, 1000.000000000000000 ) ;
#4073 = AXIS2_PLACEMENT_3D ( 'NONE', #4057, #2288, #2577 ) ;
#4074 = LINE ( 'NONE', #1142, #2514 ) ;
#4075 = DIRECTION ( 'NONE',  ( 1.000000000000000000, 1.365923996832131116E-16, 0.000000000000000000 ) ) ;
#4076 = AXIS2_PLACEMENT_3D ( 'NONE', #1958, #919, #4504 ) ;
#4077 = AXIS2_PLACEMENT_3D ( 'NONE', #1283, #2031, #3921 ) ;
#4078 = ORIENTED_EDGE ( 'NONE', *, *, #4593, .T. ) ;
#4079 = AXIS2_PLACEMENT_3D ( 'NONE', #2357, #1296, #173 ) ;
#4080 = DIRECTION ( 'NONE',  ( -0.000000000000000000, -0.000000000000000000, -1.000000000000000000 ) ) ;
#4081 = ORIENTED_EDGE ( 'NONE', *, *, #2470, .T. ) ;
#4082 = LINE ( 'NONE', #4786, #2026 ) ;
#4083 = AXIS2_PLACEMENT_3D ( 'NONE', #1062, #2176, #3658 ) ;
#4084 = ORIENTED_EDGE ( 'NONE', *, *, #3436, .T. ) ;
#4085 = FACE_BOUND ( 'NONE', #794, .T. ) ;
#4086 = EDGE_LOOP ( 'NONE', ( #1708, #568, #2941, #536 ) ) ;
#4087 = ORIENTED_EDGE ( 'NONE', *, *, #3316, .T. ) ;
#4088 = LINE ( 'NONE', #1508, #905 ) ;
#4089 = CARTESIAN_POINT ( 'NONE',  ( 2.570603795974257366, -1.863497014787715012, 1.000000000000000000 ) ) ;
#4090 = ORIENTED_EDGE ( 'NONE', *, *, #3735, .F. ) ;
#4091 = CARTESIAN_POINT ( 'NONE',  ( 12.70000000000000107, 5.200000000000001066, -2.286000000000000032 ) ) ;
#4092 = EDGE_CURVE ( 'NONE', #4493, #3406, #4285, .T. ) ;
#4093 = EDGE_CURVE ( 'NONE', #659, #1545, #944, .T. ) ;
#4094 = DIRECTION ( 'NONE',  ( 1.000000000000000000, 0.000000000000000000, -0.000000000000000000 ) ) ;
#4095 = EDGE_LOOP ( 'NONE', ( #519, #56, #1817, #2050 ) ) ;
#4096 = FACE_OUTER_BOUND ( 'NONE', #2435, .T. ) ;
#4097 = EDGE_CURVE ( 'NONE', #1006, #548, #2442, .T. ) ;
#4098 = ADVANCED_FACE ( 'NONE', ( #3899 ), #1035, .F. ) ;
#4099 = DIRECTION ( 'NONE',  ( 0.7071067811865469066, -0.7071067811865481278, 0.000000000000000000 ) ) ;
#4100 = LINE ( 'NONE', #3688, #305 ) ;
#4101 = DIRECTION ( 'NONE',  ( -0.000000000000000000, -0.000000000000000000, -1.000000000000000000 ) ) ;
#4102 = VECTOR ( 'NONE', #3910, 1000.000000000000000 ) ;
#4103 = ORIENTED_EDGE ( 'NONE', *, *, #4070, .T. ) ;
#4104 = VECTOR ( 'NONE', #4704, 1000.000000000000000 ) ;
#4105 = ORIENTED_EDGE ( 'NONE', *, *, #581, .T. ) ;
#4106 = DIRECTION ( 'NONE',  ( 1.365923996832131116E-16, -1.000000000000000000, 0.000000000000000000 ) ) ;
#4107 = ORIENTED_EDGE ( 'NONE', *, *, #1771, .F. ) ;
#4108 = PLANE ( 'NONE',  #4073 ) ;
#4109 = VERTEX_POINT ( 'NONE', #1714 ) ;
#4110 = ORIENTED_EDGE ( 'NONE', *, *, #4436, .T. ) ;
#4111 = DIRECTION ( 'NONE',  ( 0.000000000000000000, 0.000000000000000000, -1.000000000000000000 ) ) ;
#4112 = CARTESIAN_POINT ( 'NONE',  ( 9.564617248245442127, 0.5000000000000017764, -1.000000000000000000 ) ) ;
#4113 = CARTESIAN_POINT ( 'NONE',  ( -8.207106781186549682, 5.199999999999998401, 3.049999999999999822 ) ) ;
#4114 = ORIENTED_EDGE ( 'NONE', *, *, #4579, .T. ) ;
#4115 = LINE ( 'NONE', #2361, #4465 ) ;
#4116 = CARTESIAN_POINT ( 'NONE',  ( -12.69999999999999929, 0.000000000000000000, -2.286999999999999922 ) ) ;
#4117 = ORIENTED_EDGE ( 'NONE', *, *, #2791, .T. ) ;
#4118 = CARTESIAN_POINT ( 'NONE',  ( 10.59999999999999432, 2.571758278209447380E-16, -2.286000000000000032 ) ) ;
#4119 = AXIS2_PLACEMENT_3D ( 'NONE', #2670, #463, #2771 ) ;
#4120 = CARTESIAN_POINT ( 'NONE',  ( -5.996446609406733685, -6.703553390593270045, 1.000000000000000000 ) ) ;
#4121 = ADVANCED_FACE ( 'NONE', ( #3193 ), #2421, .F. ) ;
#4122 = EDGE_CURVE ( 'NONE', #878, #4042, #1839, .T. ) ;
#4123 = LINE ( 'NONE', #2544, #3025 ) ;
#4124 = CARTESIAN_POINT ( 'NONE',  ( -10.83650298521228983, -2.570603795974261807, -1.000000000000000000 ) ) ;
#4125 = ORIENTED_EDGE ( 'NONE', *, *, #4484, .F. ) ;
#4126 = PERSON ( 'UNSPECIFIED', 'UNSPECIFIED', 'UNSPECIFIED', ('UNSPECIFIED'), ('UNSPECIFIED'), ('UNSPECIFIED') ) ;
#4127 = ADVANCED_FACE ( 'NONE', ( #2253 ), #771, .T. ) ;
#4128 = ORIENTED_EDGE ( 'NONE', *, *, #4358, .T. ) ;
#4129 = CARTESIAN_POINT ( 'NONE',  ( 7.495643923738959380, -0.5000000000000005551, -2.286000000000000032 ) ) ;
#4130 = ORIENTED_EDGE ( 'NONE', *, *, #4180, .F. ) ;
#4131 = CARTESIAN_POINT ( 'NONE',  ( 6.349999999999996092, -3.654415587728423898, -1.000000000000000000 ) ) ;
#4132 = VERTEX_POINT ( 'NONE', #2898 ) ;
#4133 = ORIENTED_EDGE ( 'NONE', *, *, #2664, .F. ) ;
#4134 = DIRECTION ( 'NONE',  ( -1.000000000000000000, -6.829619984160659279E-17, 0.000000000000000000 ) ) ;
#4135 = LINE ( 'NONE', #3358, #1624 ) ;
#4136 = DIRECTION ( 'NONE',  ( -1.000000000000000000, 0.000000000000000000, 0.000000000000000000 ) ) ;
#4137 = ORIENTED_EDGE ( 'NONE', *, *, #4799, .T. ) ;
#4138 = DIRECTION ( 'NONE',  ( 2.601884744300114343E-16, -1.000000000000000000, 0.000000000000000000 ) ) ;
#4139 = CARTESIAN_POINT ( 'NONE',  ( 12.69999999999999574, -5.200000000000000178, 1.000000000000000000 ) ) ;
#4140 = ORIENTED_EDGE ( 'NONE', *, *, #926, .T. ) ;
#4141 = CARTESIAN_POINT ( 'NONE',  ( -12.69999999999999929, 0.000000000000000000, 1.000000000000000000 ) ) ;
#4142 = CARTESIAN_POINT ( 'NONE',  ( -7.895584412271577257, 5.199999999999998401, -3.049999999999999822 ) ) ;
#4143 = CARTESIAN_POINT ( 'NONE',  ( 0.3535533905932690679, 13.05355339059327768, -1.000000000000000000 ) ) ;
#4144 = LINE ( 'NONE', #4218, #1470 ) ;
#4145 = ADVANCED_FACE ( 'NONE', ( #3290 ), #4383, .F. ) ;
#4146 = AXIS2_PLACEMENT_3D ( 'NONE', #2181, #777, #2643 ) ;
#4147 = EDGE_CURVE ( 'NONE', #258, #4191, #2541, .T. ) ;
#4148 = VERTEX_POINT ( 'NONE', #4118 ) ;
#4149 = VECTOR ( 'NONE', #1860, 1000.000000000000000 ) ;
#4150 = CIRCLE ( 'NONE', #3297, 3.174999999999997158 ) ;
#4151 = VECTOR ( 'NONE', #3319, 1000.000000000000000 ) ;
#4152 = PLANE ( 'NONE',  #4341 ) ;
#4153 = ADVANCED_FACE ( 'NONE', ( #4431 ), #3660, .F. ) ;
#4154 = CARTESIAN_POINT ( 'NONE',  ( 6.349999999999996092, -3.654415587728423898, -3.049999999999999822 ) ) ;
#4155 = ORIENTED_EDGE ( 'NONE', *, *, #4298, .F. ) ;
#4156 = EDGE_LOOP ( 'NONE', ( #1748, #2748, #4320, #1093 ) ) ;
#4157 = AXIS2_PLACEMENT_3D ( 'NONE', #2339, #814, #3044 ) ;
#4158 = CARTESIAN_POINT ( 'NONE',  ( -7.344238815542513343, 4.648654403270942481, -2.286000000000000032 ) ) ;
#4159 = FACE_OUTER_BOUND ( 'NONE', #3770, .T. ) ;
#4160 = VECTOR ( 'NONE', #3124, 1000.000000000000000 ) ;
#4161 = ORIENTED_EDGE ( 'NONE', *, *, #3916, .F. ) ;
#4162 = ORIENTED_EDGE ( 'NONE', *, *, #3531, .F. ) ;
#4163 = DIRECTION ( 'NONE',  ( -1.000000000000000000, 0.000000000000000000, 0.000000000000000000 ) ) ;
#4164 = VECTOR ( 'NONE', #2387, 1000.000000000000114 ) ;
#4165 = PLANE ( 'NONE',  #4455 ) ;
#4166 = ORIENTED_EDGE ( 'NONE', *, *, #1841, .T. ) ;
#4167 = DIRECTION ( 'NONE',  ( -0.7071067811865501263, -0.7071067811865450192, -0.000000000000000000 ) ) ;
#4168 = LINE ( 'NONE', #1526, #669 ) ;
#4169 = DIRECTION ( 'NONE',  ( 1.000000000000000000, 0.000000000000000000, -0.000000000000000000 ) ) ;
#4170 = CARTESIAN_POINT ( 'NONE',  ( -12.69999999999999929, 0.000000000000000000, -1.000000000000000000 ) ) ;
#4171 = ORIENTED_EDGE ( 'NONE', *, *, #2641, .F. ) ;
#4172 = EDGE_CURVE ( 'NONE', #3257, #3179, #3709, .T. ) ;
#4173 = CARTESIAN_POINT ( 'NONE',  ( -6.350000000000000533, 5.068629150101524594, -3.049999999999999822 ) ) ;
#4174 = CARTESIAN_POINT ( 'NONE',  ( -11.14142107299598194, -2.265685708190569692, 2.286000000000000032 ) ) ;
#4175 = VERTEX_POINT ( 'NONE', #4797 ) ;
#4176 = ORIENTED_EDGE ( 'NONE', *, *, #2136, .F. ) ;
#4177 = DIRECTION ( 'NONE',  ( 0.7071067811865479058, -0.7071067811865472397, -0.000000000000000000 ) ) ;
#4178 = VECTOR ( 'NONE', #3068, 999.9999999999998863 ) ;
#4179 = PLANE ( 'NONE',  #4334 ) ;
#4180 = EDGE_CURVE ( 'NONE', #3352, #1323, #1132, .T. ) ;
#4181 = EDGE_CURVE ( 'NONE', #453, #2089, #1160, .T. ) ;
#4182 = CARTESIAN_POINT ( 'NONE',  ( 12.69999999999999929, 0.000000000000000000, 2.286000000000000032 ) ) ;
#4183 = ORIENTED_EDGE ( 'NONE', *, *, #556, .T. ) ;
#4184 = CARTESIAN_POINT ( 'NONE',  ( -2.265685708190566139, -1.558578927004023118, -2.286000000000000032 ) ) ;
#4185 = CARTESIAN_POINT ( 'NONE',  ( -10.83650298521228983, -2.570603795974261363, 1.000000000000000000 ) ) ;
#4186 = DIRECTION ( 'NONE',  ( -0.7071067811865481278, 0.7071067811865469066, 0.000000000000000000 ) ) ;
#4187 = ORIENTED_EDGE ( 'NONE', *, *, #2261, .F. ) ;
#4188 = VECTOR ( 'NONE', #491, 1000.000000000000000 ) ;
#4189 = LINE ( 'NONE', #161, #4626 ) ;
#4190 = EDGE_CURVE ( 'NONE', #1289, #3913, #1887, .T. ) ;
#4191 = VERTEX_POINT ( 'NONE', #4047 ) ;
#4192 = CARTESIAN_POINT ( 'NONE',  ( 5.218629150101521397, -6.200000000000001954, -3.049999999999999822 ) ) ;
#4193 = CARTESIAN_POINT ( 'NONE',  ( -12.69999999999999929, 0.000000000000000000, -1.000000000000000000 ) ) ;
#4194 = CARTESIAN_POINT ( 'NONE',  ( 10.12939620402574192, -1.863497014787714345, 1.000000000000000000 ) ) ;
#4195 = CARTESIAN_POINT ( 'NONE',  ( -12.69999999999999929, 0.000000000000000000, 1.000000000000000000 ) ) ;
#4196 = AXIS2_PLACEMENT_3D ( 'NONE', #2131, #947, #3198 ) ;
#4197 = ORIENTED_EDGE ( 'NONE', *, *, #1421, .T. ) ;
#4198 = FACE_OUTER_BOUND ( 'NONE', #4301, .T. ) ;
#4199 = DIRECTION ( 'NONE',  ( -0.7071067811865454633, 0.7071067811865496822, -0.000000000000000000 ) ) ;
#4200 = VERTEX_POINT ( 'NONE', #409 ) ;
#4201 = ORIENTED_EDGE ( 'NONE', *, *, #3435, .F. ) ;
#4202 = PLANE ( 'NONE',  #3157 ) ;
#4203 = DIRECTION ( 'NONE',  ( -0.000000000000000000, -0.000000000000000000, 1.000000000000000000 ) ) ;
#4204 = DIRECTION ( 'NONE',  ( -0.000000000000000000, -0.000000000000000000, -1.000000000000000000 ) ) ;
#4205 = ORIENTED_EDGE ( 'NONE', *, *, #3878, .F. ) ;
#4206 = DIRECTION ( 'NONE',  ( 1.000000000000000000, 0.000000000000000000, 0.000000000000000000 ) ) ;
#4207 = CARTESIAN_POINT ( 'NONE',  ( 12.69999999999999574, -5.200000000000000178, -3.049999999999999822 ) ) ;
#4208 = LINE ( 'NONE', #3431, #1603 ) ;
#4209 = ORIENTED_EDGE ( 'NONE', *, *, #556, .F. ) ;
#4210 = ADVANCED_FACE ( 'NONE', ( #4096 ), #2178, .F. ) ;
#4211 = EDGE_CURVE ( 'NONE', #3138, #2407, #1452, .T. ) ;
#4212 = CARTESIAN_POINT ( 'NONE',  ( 0.000000000000000000, 0.000000000000000000, 1.000000000000000000 ) ) ;
#4213 = ORIENTED_EDGE ( 'NONE', *, *, #743, .F. ) ;
#4214 = CARTESIAN_POINT ( 'NONE',  ( -6.350000000000003197, -3.654415587728423898, -3.049999999999999822 ) ) ;
#4215 = EDGE_CURVE ( 'NONE', #29, #738, #1523, .T. ) ;
#4216 = LINE ( 'NONE', #942, #2832 ) ;
#4217 = LINE ( 'NONE', #3857, #2902 ) ;
#4218 = CARTESIAN_POINT ( 'NONE',  ( -5.996446609406728356, -6.703553390593275374, 1.000000000000000000 ) ) ;
#4219 = ORIENTED_EDGE ( 'NONE', *, *, #2167, .F. ) ;
#4220 = LINE ( 'NONE', #828, #316 ) ;
#4221 = VECTOR ( 'NONE', #166, 1000.000000000000000 ) ;
#4222 = CARTESIAN_POINT ( 'NONE',  ( 9.564617248245440351, -0.5000000000000000000, -1.000000000000000000 ) ) ;
#4223 = VECTOR ( 'NONE', #708, 1000.000000000000114 ) ;
#4224 = VERTEX_POINT ( 'NONE', #722 ) ;
#4225 = ORIENTED_EDGE ( 'NONE', *, *, #2511, .F. ) ;
#4226 = DIRECTION ( 'NONE',  ( 0.7071067811865469066, -0.7071067811865481278, 0.000000000000000000 ) ) ;
#4227 = VECTOR ( 'NONE', #2757, 1000.000000000000000 ) ;
#4228 = CARTESIAN_POINT ( 'NONE',  ( -6.703553390593275374, -5.996446609406729245, -1.000000000000000000 ) ) ;
#4229 = DIRECTION ( 'NONE',  ( 1.000000000000000000, 1.776356839400250465E-15, 0.000000000000000000 ) ) ;
#4230 = ORIENTED_EDGE ( 'NONE', *, *, #2906, .T. ) ;
#4231 =( LENGTH_UNIT ( ) NAMED_UNIT ( * ) SI_UNIT ( .MILLI., .METRE. ) );
#4232 = LINE ( 'NONE', #105, #3944 ) ;
#4233 = AXIS2_PLACEMENT_3D ( 'NONE', #1749, #4321, #2113 ) ;
#4234 = AXIS2_PLACEMENT_3D ( 'NONE', #3947, #3579, #991 ) ;
#4235 = CARTESIAN_POINT ( 'NONE',  ( -2.570603795974257810, 1.863497014787714345, 2.286000000000000032 ) ) ;
#4236 = ORIENTED_EDGE ( 'NONE', *, *, #647, .F. ) ;
#4237 = CARTESIAN_POINT ( 'NONE',  ( -12.69999999999999929, -5.200000000000001066, 1.000000000000000000 ) ) ;
#4238 = VECTOR ( 'NONE', #3599, 999.9999999999998863 ) ;
#4239 = CIRCLE ( 'NONE', #2144, 2.100000000000004530 ) ;
#4240 = ORIENTED_EDGE ( 'NONE', *, *, #3805, .T. ) ;
#4241 = CARTESIAN_POINT ( 'NONE',  ( 12.69999999999999574, -5.200000000000000178, 3.049999999999999822 ) ) ;
#4242 = EDGE_CURVE ( 'NONE', #4324, #2201, #748, .T. ) ;
#4243 = VECTOR ( 'NONE', #4186, 1000.000000000000114 ) ;
#4244 = DIRECTION ( 'NONE',  ( -1.000000000000000000, 0.000000000000000000, 0.000000000000000000 ) ) ;
#4245 = CARTESIAN_POINT ( 'NONE',  ( -4.492893218813449607, 5.199999999999998401, -1.000000000000000000 ) ) ;
#4246 = EDGE_CURVE ( 'NONE', #3928, #1010, #3007, .T. ) ;
#4247 = ADVANCED_FACE ( 'NONE', ( #3683 ), #1424, .T. ) ;
#4248 = CARTESIAN_POINT ( 'NONE',  ( -6.350000000000001421, 3.654415587728447434, 3.049999999999999822 ) ) ;
#4249 = ORIENTED_EDGE ( 'NONE', *, *, #3199, .T. ) ;
#4250 = LINE ( 'NONE', #1626, #634 ) ;
#4251 = VERTEX_POINT ( 'NONE', #2590 ) ;
#4252 = DIRECTION ( 'NONE',  ( 0.000000000000000000, 0.000000000000000000, 1.000000000000000000 ) ) ;
#4253 = CARTESIAN_POINT ( 'NONE',  ( -12.69999999999999929, 0.000000000000000000, 3.049999999999999822 ) ) ;
#4254 = LINE ( 'NONE', #3932, #255 ) ;
#4255 = VERTEX_POINT ( 'NONE', #4069 ) ;
#4256 = PERSON_AND_ORGANIZATION ( #4126, #1290 ) ;
#4257 = FACE_OUTER_BOUND ( 'NONE', #2005, .T. ) ;
#4258 = DIRECTION ( 'NONE',  ( 1.000000000000000000, 0.000000000000000000, 0.000000000000000000 ) ) ;
#4259 = ORIENTED_EDGE ( 'NONE', *, *, #2613, .T. ) ;
#4260 = AXIS2_PLACEMENT_3D ( 'NONE', #2340, #3121, #1953 ) ;
#4261 = DIRECTION ( 'NONE',  ( -0.7071067811865477948, -0.7071067811865473507, 0.000000000000000000 ) ) ;
#4262 = VERTEX_POINT ( 'NONE', #4525 ) ;
#4263 = DIRECTION ( 'NONE',  ( -0.7071067811865477948, -0.7071067811865473507, 0.000000000000000000 ) ) ;
#4264 = VECTOR ( 'NONE', #1177, 1000.000000000000000 ) ;
#4265 = DIRECTION ( 'NONE',  ( 0.000000000000000000, 0.000000000000000000, 1.000000000000000000 ) ) ;
#4266 = DIRECTION ( 'NONE',  ( 0.7071067811865454633, -0.7071067811865496822, 0.000000000000000000 ) ) ;
#4267 = EDGE_CURVE ( 'NONE', #3099, #1705, #2056, .T. ) ;
#4268 = ORIENTED_EDGE ( 'NONE', *, *, #4507, .T. ) ;
#4269 = EDGE_CURVE ( 'NONE', #1017, #1924, #1233, .T. ) ;
#4270 = VECTOR ( 'NONE', #996, 1000.000000000000000 ) ;
#4271 = LINE ( 'NONE', #4004, #2721 ) ;
#4272 = ORIENTED_EDGE ( 'NONE', *, *, #3680, .F. ) ;
#4273 = EDGE_CURVE ( 'NONE', #4042, #3138, #1619, .T. ) ;
#4274 = CARTESIAN_POINT ( 'NONE',  ( 5.218629150101521397, 6.200000000000001954, 3.049999999999999822 ) ) ;
#4275 = DIRECTION ( 'NONE',  ( 0.7071067811865501263, 0.7071067811865450192, -0.000000000000000000 ) ) ;
#4276 = ORIENTED_EDGE ( 'NONE', *, *, #3855, .T. ) ;
#4277 = CARTESIAN_POINT ( 'NONE',  ( -1.558578927004018011, -2.265685708190569692, 2.286000000000000032 ) ) ;
#4278 = CARTESIAN_POINT ( 'NONE',  ( -12.70000000000000284, 5.199999999999997513, 3.049999999999999822 ) ) ;
#4279 = ORIENTED_EDGE ( 'NONE', *, *, #678, .F. ) ;
#4280 = VERTEX_POINT ( 'NONE', #3049 ) ;
#4281 = LINE ( 'NONE', #3146, #1599 ) ;
#4282 = VERTEX_POINT ( 'NONE', #3434 ) ;
#4283 = CARTESIAN_POINT ( 'NONE',  ( -12.69999999999999929, 0.000000000000000000, 2.286000000000000032 ) ) ;
#4284 = LINE ( 'NONE', #4582, #2525 ) ;
#4285 = LINE ( 'NONE', #964, #1739 ) ;
#4286 = VECTOR ( 'NONE', #1359, 1000.000000000000000 ) ;
#4287 = VERTEX_POINT ( 'NONE', #2369 ) ;
#4288 = LINE ( 'NONE', #1334, #3186 ) ;
#4289 = ADVANCED_FACE ( 'NONE', ( #3128 ), #109, .F. ) ;
#4290 = EDGE_CURVE ( 'NONE', #2634, #306, #1207, .T. ) ;
#4291 = ORIENTED_EDGE ( 'NONE', *, *, #3197, .T. ) ;
#4292 = DIRECTION ( 'NONE',  ( -1.000000000000000000, 0.000000000000000000, 0.000000000000000000 ) ) ;
#4293 = DIRECTION ( 'NONE',  ( 0.7071067811865477948, -0.7071067811865473507, 0.000000000000000000 ) ) ;
#4294 = ORIENTED_EDGE ( 'NONE', *, *, #3738, .F. ) ;
#4295 = APPLICATION_PROTOCOL_DEFINITION ( 'international standard', 'config_control_design', 1994, #2606 ) ;
#4296 = DIRECTION ( 'NONE',  ( 1.000000000000000000, 0.000000000000000000, 0.000000000000000000 ) ) ;
#4297 = EDGE_CURVE ( 'NONE', #471, #4374, #1258, .T. ) ;
#4298 = EDGE_CURVE ( 'NONE', #1123, #852, #3393, .T. ) ;
#4299 = ORIENTED_EDGE ( 'NONE', *, *, #4652, .T. ) ;
#4300 = CARTESIAN_POINT ( 'NONE',  ( -6.350000000000001421, 3.654415587728447434, -2.286000000000000032 ) ) ;
#4301 = EDGE_LOOP ( 'NONE', ( #2730, #3208, #3547, #62 ) ) ;
#4302 = ORIENTED_EDGE ( 'NONE', *, *, #3260, .T. ) ;
#4303 = AXIS2_PLACEMENT_3D ( 'NONE', #2620, #4099, #797 ) ;
#4304 = CARTESIAN_POINT ( 'NONE',  ( -12.69999999999999929, 0.000000000000000000, -1.000000000000000000 ) ) ;
#4305 = ORIENTED_EDGE ( 'NONE', *, *, #1186, .F. ) ;
#4306 = CARTESIAN_POINT ( 'NONE',  ( -6.350000000000001421, 3.654415587728447434, 3.049999999999999822 ) ) ;
#4307 = VECTOR ( 'NONE', #1786, 1000.000000000000000 ) ;
#4308 = AXIS2_PLACEMENT_3D ( 'NONE', #2642, #3365, #411 ) ;
#4309 = DIRECTION ( 'NONE',  ( 1.000000000000000000, 0.000000000000000000, 0.000000000000000000 ) ) ;
#4310 = DIRECTION ( 'NONE',  ( 0.7071067811865483499, 0.7071067811865465735, 0.000000000000000000 ) ) ;
#4311 = CARTESIAN_POINT ( 'NONE',  ( 2.100000000000004530, 0.000000000000000000, -2.286999999999999922 ) ) ;
#4312 = VECTOR ( 'NONE', #209, 1000.000000000000000 ) ;
#4313 = VECTOR ( 'NONE', #1368, 1000.000000000000000 ) ;
#4314 = CARTESIAN_POINT ( 'NONE',  ( -1.558578927004018011, 2.265685708190569692, 2.286000000000000032 ) ) ;
#4315 = ORIENTED_EDGE ( 'NONE', *, *, #4804, .T. ) ;
#4316 = LINE ( 'NONE', #677, #4658 ) ;
#4317 = DIRECTION ( 'NONE',  ( 1.000000000000000000, 0.000000000000000000, 0.000000000000000000 ) ) ;
#4318 = EDGE_CURVE ( 'NONE', #2975, #2504, #3103, .T. ) ;
#4319 = DIRECTION ( 'NONE',  ( -0.000000000000000000, -0.000000000000000000, -1.000000000000000000 ) ) ;
#4320 = ORIENTED_EDGE ( 'NONE', *, *, #4437, .F. ) ;
#4321 = DIRECTION ( 'NONE',  ( 0.000000000000000000, 0.000000000000000000, 1.000000000000000000 ) ) ;
#4322 = CYLINDRICAL_SURFACE ( 'NONE', #3657, 2.100000000000004530 ) ;
#4323 = CARTESIAN_POINT ( 'NONE',  ( -9.564617248245442127, -0.5000000000000000000, 2.286000000000000032 ) ) ;
#4324 = VERTEX_POINT ( 'NONE', #4581 ) ;
#4325 = VERTEX_POINT ( 'NONE', #1281 ) ;
#4326 = DIRECTION ( 'NONE',  ( 1.000000000000000000, 0.000000000000000000, 0.000000000000000000 ) ) ;
#4327 = EDGE_CURVE ( 'NONE', #3776, #422, #457, .T. ) ;
#4328 = EDGE_CURVE ( 'NONE', #3363, #1121, #527, .T. ) ;
#4329 = ORIENTED_EDGE ( 'NONE', *, *, #1135, .T. ) ;
#4330 = CARTESIAN_POINT ( 'NONE',  ( 11.14142107299598194, -2.265685708190569692, 2.286000000000000032 ) ) ;
#4331 = AXIS2_PLACEMENT_3D ( 'NONE', #1830, #3312, #2149 ) ;
#4332 = CARTESIAN_POINT ( 'NONE',  ( -5.355761184457489499, -4.648654403270943369, -2.286000000000000032 ) ) ;
#4333 = ADVANCED_FACE ( 'NONE', ( #1936 ), #1915, .F. ) ;
#4334 = AXIS2_PLACEMENT_3D ( 'NONE', #3383, #61, #127 ) ;
#4335 = CARTESIAN_POINT ( 'NONE',  ( -6.703553390593275374, 5.996446609406729245, -1.000000000000000000 ) ) ;
#4336 = DIRECTION ( 'NONE',  ( 0.000000000000000000, 0.000000000000000000, 1.000000000000000000 ) ) ;
#4337 = ORIENTED_EDGE ( 'NONE', *, *, #3740, .F. ) ;
#4338 = DIRECTION ( 'NONE',  ( -0.7071067811865477948, -0.7071067811865473507, 0.000000000000000000 ) ) ;
#4339 = DIRECTION ( 'NONE',  ( 0.7071067811865536790, -0.7071067811865414665, 0.000000000000000000 ) ) ;
#4340 = DIRECTION ( 'NONE',  ( -0.7071067811865466846, 0.7071067811865483499, -0.000000000000000000 ) ) ;
#4341 = AXIS2_PLACEMENT_3D ( 'NONE', #3516, #3881, #1265 ) ;
#4342 = LINE ( 'NONE', #317, #3370 ) ;
#4343 = VERTEX_POINT ( 'NONE', #2302 ) ;
#4344 = CARTESIAN_POINT ( 'NONE',  ( -9.995836543402008445, 0.4999999999999998890, -2.286000000000000032 ) ) ;
#4345 = LINE ( 'NONE', #1801, #741 ) ;
#4346 = VECTOR ( 'NONE', #1816, 999.9999999999998863 ) ;
#4347 = EDGE_LOOP ( 'NONE', ( #1630, #2734, #4500, #3014 ) ) ;
#4348 = ORIENTED_EDGE ( 'NONE', *, *, #2733, .F. ) ;
#4349 = DIRECTION ( 'NONE',  ( 0.000000000000000000, 0.000000000000000000, 1.000000000000000000 ) ) ;
#4350 = DIRECTION ( 'NONE',  ( 0.000000000000000000, 0.000000000000000000, 1.000000000000000000 ) ) ;
#4351 = ORIENTED_EDGE ( 'NONE', *, *, #1566, .F. ) ;
#4352 = DIRECTION ( 'NONE',  ( -0.7071067811865466846, 0.7071067811865484609, 0.000000000000000000 ) ) ;
#4353 = EDGE_CURVE ( 'NONE', #1820, #1506, #2375, .T. ) ;
#4354 = EDGE_CURVE ( 'NONE', #33, #853, #1183, .T. ) ;
#4355 = DIRECTION ( 'NONE',  ( 0.7071067811865479058, 0.7071067811865472397, -0.000000000000000000 ) ) ;
#4356 = CIRCLE ( 'NONE', #2180, 5.200000000000000178 ) ;
#4357 = DIRECTION ( 'NONE',  ( 0.7071067811865479058, 0.7071067811865472397, -0.000000000000000000 ) ) ;
#4358 = EDGE_CURVE ( 'NONE', #721, #162, #1643, .T. ) ;
#4359 = DIRECTION ( 'NONE',  ( -0.000000000000000000, -0.000000000000000000, 1.000000000000000000 ) ) ;
#4360 = ORIENTED_EDGE ( 'NONE', *, *, #1511, .F. ) ;
#4361 = CARTESIAN_POINT ( 'NONE',  ( -10.43431429180943404, -1.558578927004023118, -2.286000000000000032 ) ) ;
#4362 = LINE ( 'NONE', #4678, #3734 ) ;
#4363 = ORIENTED_EDGE ( 'NONE', *, *, #2546, .T. ) ;
#4364 = LINE ( 'NONE', #4661, #589 ) ;
#4365 = CARTESIAN_POINT ( 'NONE',  ( 2.265685708190565251, -1.558578927004023118, 2.286000000000000032 ) ) ;
#4366 = VERTEX_POINT ( 'NONE', #817 ) ;
#4367 = DIRECTION ( 'NONE',  ( -0.000000000000000000, -0.000000000000000000, -1.000000000000000000 ) ) ;
#4368 = ORIENTED_EDGE ( 'NONE', *, *, #2934, .F. ) ;
#4369 = LINE ( 'NONE', #2532, #2829 ) ;
#4370 = ORIENTED_EDGE ( 'NONE', *, *, #389, .F. ) ;
#4371 = VERTEX_POINT ( 'NONE', #3782 ) ;
#4372 = CARTESIAN_POINT ( 'NONE',  ( -4.492893218813453160, -5.200000000000001066, 3.049999999999999822 ) ) ;
#4373 = CARTESIAN_POINT ( 'NONE',  ( -1.863497014787709682, -2.570603795974261807, -2.286000000000000032 ) ) ;
#4374 = VERTEX_POINT ( 'NONE', #499 ) ;
#4375 = CYLINDRICAL_SURFACE ( 'NONE', #3217, 3.174999999999997602 ) ;
#4376 = AXIS2_PLACEMENT_3D ( 'NONE', #3830, #1285, #2400 ) ;
#4377 = CARTESIAN_POINT ( 'NONE',  ( -0.3535533905932829457, -12.34644660940672622, -1.000000000000000000 ) ) ;
#4378 = VECTOR ( 'NONE', #1747, 1000.000000000000000 ) ;
#4379 = EDGE_CURVE ( 'NONE', #4029, #651, #4461, .T. ) ;
#4380 = VECTOR ( 'NONE', #478, 1000.000000000000000 ) ;
#4381 = VECTOR ( 'NONE', #4071, 1000.000000000000000 ) ;
#4382 = ORIENTED_EDGE ( 'NONE', *, *, #259, .F. ) ;
#4383 = PLANE ( 'NONE',  #3528 ) ;
#4384 = VECTOR ( 'NONE', #4550, 1000.000000000000000 ) ;
#4385 = CARTESIAN_POINT ( 'NONE',  ( -5.355761184457495716, 4.648654403270949587, 2.286000000000000032 ) ) ;
#4386 = ORIENTED_EDGE ( 'NONE', *, *, #237, .T. ) ;
#4387 = VECTOR ( 'NONE', #30, 1000.000000000000000 ) ;
#4388 = EDGE_CURVE ( 'NONE', #1414, #4200, #2323, .T. ) ;
#4389 = EDGE_CURVE ( 'NONE', #3917, #852, #4556, .T. ) ;
#4390 = CARTESIAN_POINT ( 'NONE',  ( 3.804415587728402492, 6.199999999999999289, 3.049999999999999822 ) ) ;
#4391 = VECTOR ( 'NONE', #2086, 1000.000000000000000 ) ;
#4392 = LINE ( 'NONE', #755, #4346 ) ;
#4393 = ORIENTED_EDGE ( 'NONE', *, *, #3117, .F. ) ;
#4394 = DIRECTION ( 'NONE',  ( 0.7071067811865466846, 0.7071067811865483499, 0.000000000000000000 ) ) ;
#4395 = DIRECTION ( 'NONE',  ( 0.7071067811865472397, -0.7071067811865479058, 0.000000000000000000 ) ) ;
#4396 = ORIENTED_EDGE ( 'NONE', *, *, #2811, .F. ) ;
#4397 = LINE ( 'NONE', #2091, #1184 ) ;
#4398 = ORIENTED_EDGE ( 'NONE', *, *, #2282, .T. ) ;
#4399 = CARTESIAN_POINT ( 'NONE',  ( 10.83650298521228983, -2.570603795974260919, 2.286000000000000032 ) ) ;
#4400 = EDGE_LOOP ( 'NONE', ( #2863, #1533, #2191, #4604 ) ) ;
#4401 = ORIENTED_EDGE ( 'NONE', *, *, #2839, .T. ) ;
#4402 = CARTESIAN_POINT ( 'NONE',  ( -10.83650298521228983, 2.570603795974261807, -2.286000000000000032 ) ) ;
#4403 = PLANE ( 'NONE',  #228 ) ;
#4404 = ORIENTED_EDGE ( 'NONE', *, *, #3588, .F. ) ;
#4405 = CARTESIAN_POINT ( 'NONE',  ( -8.207106781186549682, 5.199999999999998401, 3.049999999999999822 ) ) ;
#4406 = DIRECTION ( 'NONE',  ( 0.000000000000000000, 0.000000000000000000, 1.000000000000000000 ) ) ;
#4407 = VERTEX_POINT ( 'NONE', #1730 ) ;
#4408 = CARTESIAN_POINT ( 'NONE',  ( 12.69999999999999929, 0.000000000000000000, -1.000000000000000000 ) ) ;
#4409 = CARTESIAN_POINT ( 'NONE',  ( -5.355761184457487722, -4.648654403270945146, 1.000000000000000000 ) ) ;
#4410 = CIRCLE ( 'NONE', #4331, 3.174999999999997158 ) ;
#4411 = FACE_OUTER_BOUND ( 'NONE', #3377, .T. ) ;
#4412 = FACE_OUTER_BOUND ( 'NONE', #182, .T. ) ;
#4413 = ADVANCED_FACE ( 'NONE', ( #2030 ), #2487, .F. ) ;
#4414 = ADVANCED_FACE ( 'NONE', ( #186 ), #213, .T. ) ;
#4415 = ORIENTED_EDGE ( 'NONE', *, *, #595, .T. ) ;
#4416 = LINE ( 'NONE', #2209, #3689 ) ;
#4417 = ORIENTED_EDGE ( 'NONE', *, *, #3435, .T. ) ;
#4418 = LINE ( 'NONE', #4129, #3509 ) ;
#4419 = EDGE_LOOP ( 'NONE', ( #563, #2486, #3027, #1507 ) ) ;
#4420 = ADVANCED_FACE ( 'NONE', ( #641, #2097, #3943, #962 ), #2783, .F. ) ;
#4421 = CARTESIAN_POINT ( 'NONE',  ( 10.12939620402574192, -1.863497014787714789, 2.286000000000000032 ) ) ;
#4422 = VERTEX_POINT ( 'NONE', #4629 ) ;
#4423 = ORIENTED_EDGE ( 'NONE', *, *, #3116, .F. ) ;
#4424 = FACE_OUTER_BOUND ( 'NONE', #532, .T. ) ;
#4425 = CARTESIAN_POINT ( 'NONE',  ( -12.69999999999999929, -5.200000000000001066, 1.000000000000000000 ) ) ;
#4426 = ORIENTED_EDGE ( 'NONE', *, *, #839, .F. ) ;
#4427 = DIRECTION ( 'NONE',  ( 1.000000000000000000, 0.000000000000000000, 0.000000000000000000 ) ) ;
#4428 = AXIS2_PLACEMENT_3D ( 'NONE', #576, #1042, #2084 ) ;
#4429 = DIRECTION ( 'NONE',  ( 1.000000000000000000, 0.000000000000000000, 0.000000000000000000 ) ) ;
#4430 = EDGE_LOOP ( 'NONE', ( #2578, #3167 ) ) ;
#4431 = FACE_OUTER_BOUND ( 'NONE', #4787, .T. ) ;
#4432 = CARTESIAN_POINT ( 'NONE',  ( 7.895584412271554164, 5.200000000000000178, 3.049999999999999822 ) ) ;
#4433 = CARTESIAN_POINT ( 'NONE',  ( 12.69999999999999929, 0.000000000000000000, 2.286000000000000032 ) ) ;
#4434 = PLANE ( 'NONE',  #3114 ) ;
#4435 = ORIENTED_EDGE ( 'NONE', *, *, #717, .T. ) ;
#4436 = EDGE_CURVE ( 'NONE', #959, #4282, #1709, .T. ) ;
#4437 = EDGE_CURVE ( 'NONE', #2466, #4586, #1346, .T. ) ;
#4438 = FACE_OUTER_BOUND ( 'NONE', #2286, .T. ) ;
#4439 = ORIENTED_EDGE ( 'NONE', *, *, #1689, .T. ) ;
#4440 = DIRECTION ( 'NONE',  ( -0.000000000000000000, -0.000000000000000000, -1.000000000000000000 ) ) ;
#4441 = ORIENTED_EDGE ( 'NONE', *, *, #3029, .T. ) ;
#4442 = CARTESIAN_POINT ( 'NONE',  ( -12.69999999999999929, -5.200000000000001066, 3.049999999999999822 ) ) ;
#4443 = ORIENTED_EDGE ( 'NONE', *, *, #4528, .T. ) ;
#4444 = ORIENTED_EDGE ( 'NONE', *, *, #1512, .T. ) ;
#4445 = CARTESIAN_POINT ( 'NONE',  ( -14.80000000000000426, 2.571758278209447380E-16, -2.286999999999999922 ) ) ;
#4446 = CARTESIAN_POINT ( 'NONE',  ( 5.218629150101521397, 6.200000000000001954, 3.049999999999999822 ) ) ;
#4447 = ADVANCED_FACE ( 'NONE', ( #3873 ), #2805, .F. ) ;
#4448 = EDGE_CURVE ( 'NONE', #3006, #3016, #4694, .T. ) ;
#4449 = ORIENTED_EDGE ( 'NONE', *, *, #829, .F. ) ;
#4450 = DIRECTION ( 'NONE',  ( 0.000000000000000000, 0.000000000000000000, 1.000000000000000000 ) ) ;
#4451 = CARTESIAN_POINT ( 'NONE',  ( -12.69999999999999929, 0.000000000000000000, 1.000000000000000000 ) ) ;
#4452 = ORIENTED_EDGE ( 'NONE', *, *, #3735, .T. ) ;
#4453 = CARTESIAN_POINT ( 'NONE',  ( 3.804415587728402492, -6.199999999999999289, 2.286000000000000032 ) ) ;
#4454 = VECTOR ( 'NONE', #4607, 1000.000000000000000 ) ;
#4455 = AXIS2_PLACEMENT_3D ( 'NONE', #1956, #3800, #841 ) ;
#4456 = FACE_OUTER_BOUND ( 'NONE', #4095, .T. ) ;
#4457 = CIRCLE ( 'NONE', #3062, 2.100000000000004530 ) ;
#4458 = VECTOR ( 'NONE', #1242, 1000.000000000000000 ) ;
#4459 = CARTESIAN_POINT ( 'NONE',  ( -1.347792206135938642, 11.35220779386425605, -1.000000000000000000 ) ) ;
#4460 = FACE_OUTER_BOUND ( 'NONE', #3392, .T. ) ;
#4461 = CIRCLE ( 'NONE', #42, 3.174999999999997602 ) ;
#4462 = VECTOR ( 'NONE', #3153, 1000.000000000000000 ) ;
#4463 = VECTOR ( 'NONE', #3459, 1000.000000000000000 ) ;
#4464 = ORIENTED_EDGE ( 'NONE', *, *, #3143, .F. ) ;
#4465 = VECTOR ( 'NONE', #4163, 1000.000000000000000 ) ;
#4466 = VECTOR ( 'NONE', #4592, 1000.000000000000000 ) ;
#4467 = ORIENTED_EDGE ( 'NONE', *, *, #2723, .T. ) ;
#4468 = CARTESIAN_POINT ( 'NONE',  ( -1.347792206135938642, 11.35220779386425605, 1.000000000000000000 ) ) ;
#4469 = VECTOR ( 'NONE', #2169, 1000.000000000000000 ) ;
#4470 = ORIENTED_EDGE ( 'NONE', *, *, #3225, .T. ) ;
#4471 = DIRECTION ( 'NONE',  ( 0.000000000000000000, 0.000000000000000000, 1.000000000000000000 ) ) ;
#4472 = ORIENTED_EDGE ( 'NONE', *, *, #3030, .F. ) ;
#4473 = ORIENTED_EDGE ( 'NONE', *, *, #4006, .T. ) ;
#4474 = DIRECTION ( 'NONE',  ( -0.7071067811865501263, -0.7071067811865450192, -0.000000000000000000 ) ) ;
#4475 = CARTESIAN_POINT ( 'NONE',  ( 4.492893218813454936, -5.200000000000001066, 3.049999999999999822 ) ) ;
#4476 = DIRECTION ( 'NONE',  ( -6.829619984160659279E-17, 1.000000000000000000, 0.000000000000000000 ) ) ;
#4477 = ORIENTED_EDGE ( 'NONE', *, *, #1954, .T. ) ;
#4478 = CARTESIAN_POINT ( 'NONE',  ( -10.12939620402574192, 1.863497014787714789, 1.000000000000000000 ) ) ;
#4479 = EDGE_CURVE ( 'NONE', #1146, #1785, #990, .T. ) ;
#4480 = ADVANCED_FACE ( 'NONE', ( #3191 ), #252, .F. ) ;
#4481 = LINE ( 'NONE', #1158, #3069 ) ;
#4482 = ORIENTED_EDGE ( 'NONE', *, *, #2489, .F. ) ;
#4483 = DIRECTION ( 'NONE',  ( 1.000000000000000000, 1.365923996832131116E-16, -0.000000000000000000 ) ) ;
#4484 = EDGE_CURVE ( 'NONE', #3182, #4175, #2419, .T. ) ;
#4485 = CARTESIAN_POINT ( 'NONE',  ( -12.69999999999999929, 6.200000000000001954, 1.000000000000000000 ) ) ;
#4486 = LINE ( 'NONE', #2592, #1165 ) ;
#4487 = CARTESIAN_POINT ( 'NONE',  ( 9.564617248245442127, 0.5000000000000016653, 2.286000000000000032 ) ) ;
#4488 = CIRCLE ( 'NONE', #4260, 5.200000000000000178 ) ;
#4489 = VERTEX_POINT ( 'NONE', #2439 ) ;
#4490 = AXIS2_PLACEMENT_3D ( 'NONE', #1510, #2336, #3451 ) ;
#4491 = VERTEX_POINT ( 'NONE', #3897 ) ;
#4492 = DIRECTION ( 'NONE',  ( 1.000000000000000000, 1.365923996832131116E-16, 0.000000000000000000 ) ) ;
#4493 = VERTEX_POINT ( 'NONE', #3601 ) ;
#4494 = LINE ( 'NONE', #6, #1056 ) ;
#4495 = ORIENTED_EDGE ( 'NONE', *, *, #420, .F. ) ;
#4496 = EDGE_LOOP ( 'NONE', ( #1484, #2267, #117, #2816 ) ) ;
#4497 = LINE ( 'NONE', #787, #2687 ) ;
#4498 = DIRECTION ( 'NONE',  ( 1.000000000000000000, 0.000000000000000000, 0.000000000000000000 ) ) ;
#4499 = ORIENTED_EDGE ( 'NONE', *, *, #1478, .T. ) ;
#4500 = ORIENTED_EDGE ( 'NONE', *, *, #4717, .T. ) ;
#4501 = DIRECTION ( 'NONE',  ( 0.000000000000000000, 0.000000000000000000, 1.000000000000000000 ) ) ;
#4502 = CARTESIAN_POINT ( 'NONE',  ( -17.89999999999999858, 0.000000000000000000, 3.049999999999999822 ) ) ;
#4503 = ORIENTED_EDGE ( 'NONE', *, *, #3441, .T. ) ;
#4504 = DIRECTION ( 'NONE',  ( 1.000000000000000000, 0.000000000000000000, 0.000000000000000000 ) ) ;
#4505 = VECTOR ( 'NONE', #1894, 1000.000000000000114 ) ;
#4506 = EDGE_CURVE ( 'NONE', #1685, #3595, #3556, .T. ) ;
#4507 = EDGE_CURVE ( 'NONE', #3619, #1625, #3211, .T. ) ;
#4508 = CYLINDRICAL_SURFACE ( 'NONE', #3380, 3.174999999999997602 ) ;
#4509 = DIRECTION ( 'NONE',  ( -0.7071067811865477948, -0.7071067811865473507, -0.000000000000000000 ) ) ;
#4510 = EDGE_CURVE ( 'NONE', #4366, #3699, #4650, .T. ) ;
#4511 = CARTESIAN_POINT ( 'NONE',  ( -7.895584412271592356, -5.200000000000001066, 3.049999999999999822 ) ) ;
#4512 = ORIENTED_EDGE ( 'NONE', *, *, #1220, .F. ) ;
#4513 = VECTOR ( 'NONE', #4587, 1000.000000000000000 ) ;
#4514 = DIRECTION ( 'NONE',  ( 1.000000000000000000, 0.000000000000000000, 0.000000000000000000 ) ) ;
#4515 = CARTESIAN_POINT ( 'NONE',  ( 4.804415587728406933, -5.200000000000001066, 3.049999999999999822 ) ) ;
#4516 = ORIENTED_EDGE ( 'NONE', *, *, #3711, .T. ) ;
#4517 = VERTEX_POINT ( 'NONE', #277 ) ;
#4518 = CARTESIAN_POINT ( 'NONE',  ( 3.135382751754558051, -0.5000000000000000000, 2.286000000000000032 ) ) ;
#4519 = DIRECTION ( 'NONE',  ( -0.000000000000000000, -0.000000000000000000, 1.000000000000000000 ) ) ;
#4520 = DIRECTION ( 'NONE',  ( -1.000000000000000000, 0.000000000000000000, 0.000000000000000000 ) ) ;
#4521 = ORIENTED_EDGE ( 'NONE', *, *, #3005, .T. ) ;
#4522 = DIRECTION ( 'NONE',  ( 1.000000000000000000, 0.000000000000000000, 0.000000000000000000 ) ) ;
#4523 = DIRECTION ( 'NONE',  ( -0.7071067811865477948, -0.7071067811865473507, 0.000000000000000000 ) ) ;
#4524 = ORIENTED_EDGE ( 'NONE', *, *, #4686, .F. ) ;
#4525 = CARTESIAN_POINT ( 'NONE',  ( 6.349999999999997868, 3.654415587728447434, -3.049999999999999822 ) ) ;
#4526 = ADVANCED_FACE ( 'NONE', ( #1762 ), #3240, .F. ) ;
#4527 = DIRECTION ( 'NONE',  ( 0.000000000000000000, -0.000000000000000000, -1.000000000000000000 ) ) ;
#4528 = EDGE_CURVE ( 'NONE', #1640, #357, #3706, .T. ) ;
#4529 = CARTESIAN_POINT ( 'NONE',  ( -7.481370849898477893, -6.200000000000001954, 3.049999999999999822 ) ) ;
#4530 = PLANE ( 'NONE',  #3019 ) ;
#4531 = VECTOR ( 'NONE', #1209, 1000.000000000000000 ) ;
#4532 = EDGE_CURVE ( 'NONE', #258, #2650, #3070, .T. ) ;
#4533 = VERTEX_POINT ( 'NONE', #34 ) ;
#4534 = ADVANCED_FACE ( 'NONE', ( #1445 ), #4375, .T. ) ;
#4535 = AXIS2_PLACEMENT_3D ( 'NONE', #2974, #2275, #4523 ) ;
#4536 = CIRCLE ( 'NONE', #1827, 3.174999999999997158 ) ;
#4537 = VECTOR ( 'NONE', #1266, 1000.000000000000000 ) ;
#4538 = CARTESIAN_POINT ( 'NONE',  ( -12.69999999999999929, -6.199999999999997513, 3.049999999999999822 ) ) ;
#4539 = CARTESIAN_POINT ( 'NONE',  ( 12.70000000000000107, 5.200000000000001066, 2.286000000000000032 ) ) ;
#4540 = ORIENTED_EDGE ( 'NONE', *, *, #360, .T. ) ;
#4541 = ORIENTED_EDGE ( 'NONE', *, *, #3320, .T. ) ;
#4542 = LOCAL_TIME ( 13, 31, 41.00000000000000000, #1361 ) ;
#4543 = VECTOR ( 'NONE', #4252, 1000.000000000000000 ) ;
#4544 = EDGE_CURVE ( 'NONE', #376, #1389, #4536, .T. ) ;
#4545 = DIRECTION ( 'NONE',  ( 0.7071067811865472397, 0.7071067811865479058, -0.000000000000000000 ) ) ;
#4546 = DIRECTION ( 'NONE',  ( -0.000000000000000000, -0.000000000000000000, -1.000000000000000000 ) ) ;
#4547 = CIRCLE ( 'NONE', #1675, 5.200000000000000178 ) ;
#4548 = ORIENTED_EDGE ( 'NONE', *, *, #420, .T. ) ;
#4549 = ORIENTED_EDGE ( 'NONE', *, *, #2691, .T. ) ;
#4550 = DIRECTION ( 'NONE',  ( -1.000000000000000000, -1.365923996832131116E-16, 0.000000000000000000 ) ) ;
#4551 = PLANE ( 'NONE',  #1547 ) ;
#4552 = VECTOR ( 'NONE', #1448, 1000.000000000000000 ) ;
#4553 = DIRECTION ( 'NONE',  ( -1.000000000000000000, -6.829619984160659279E-17, 0.000000000000000000 ) ) ;
#4554 = LINE ( 'NONE', #3073, #3540 ) ;
#4555 = VERTEX_POINT ( 'NONE', #668 ) ;
#4556 = LINE ( 'NONE', #868, #119 ) ;
#4557 = CARTESIAN_POINT ( 'NONE',  ( -10.83650298521228983, 2.570603795974261807, 2.286000000000000032 ) ) ;
#4558 = DIRECTION ( 'NONE',  ( -0.000000000000000000, -0.000000000000000000, -1.000000000000000000 ) ) ;
#4559 = CARTESIAN_POINT ( 'NONE',  ( 6.349999999999996092, -3.654415587728423898, 3.049999999999999822 ) ) ;
#4560 = EDGE_LOOP ( 'NONE', ( #1612, #1103, #4103, #4161, #3112, #1106, #1606, #1499, #102, #447, #3205, #3134, #4078, #3962, #2990, #2058, #4757, #2527, #888, #14, #2988, #2967, #375, #983, #4401, #103, #4761, #2075, #2342, #2569, #1039, #4291, #4747, #1096, #612, #3462, #3696, #770, #1272, #4268, #1216, #4470, #1729, #2515, #54, #780, #496, #934, #1427 ) ) ;
#4561 = LINE ( 'NONE', #3495, #4513 ) ;
#4562 = EDGE_CURVE ( 'NONE', #33, #2265, #2538, .T. ) ;
#4563 = AXIS2_PLACEMENT_3D ( 'NONE', #4195, #4608, #846 ) ;
#4564 = EDGE_CURVE ( 'NONE', #73, #4407, #405, .T. ) ;
#4565 = DIRECTION ( 'NONE',  ( 0.000000000000000000, 0.000000000000000000, -1.000000000000000000 ) ) ;
#4566 = EDGE_LOOP ( 'NONE', ( #1897, #951, #2210, #1788 ) ) ;
#4567 = ORIENTED_EDGE ( 'NONE', *, *, #1593, .F. ) ;
#4568 = DIRECTION ( 'NONE',  ( -0.7071067811865481278, 0.7071067811865469066, 0.000000000000000000 ) ) ;
#4569 = VECTOR ( 'NONE', #2496, 1000.000000000000000 ) ;
#4570 = FACE_OUTER_BOUND ( 'NONE', #2457, .T. ) ;
#4571 = ORIENTED_EDGE ( 'NONE', *, *, #2255, .T. ) ;
#4572 = ORIENTED_EDGE ( 'NONE', *, *, #259, .T. ) ;
#4573 = FACE_OUTER_BOUND ( 'NONE', #2999, .T. ) ;
#4574 = DIRECTION ( 'NONE',  ( -0.000000000000000000, -0.000000000000000000, -1.000000000000000000 ) ) ;
#4575 = EDGE_CURVE ( 'NONE', #3179, #403, #2586, .T. ) ;
#4576 = DIRECTION ( 'NONE',  ( -0.7071067811865477948, -0.7071067811865473507, 0.000000000000000000 ) ) ;
#4577 = ORIENTED_EDGE ( 'NONE', *, *, #2013, .F. ) ;
#4578 = CARTESIAN_POINT ( 'NONE',  ( 7.895584412271557717, -5.199999999999999289, -3.049999999999999822 ) ) ;
#4579 = EDGE_CURVE ( 'NONE', #4224, #4032, #4043, .T. ) ;
#4580 = ORIENTED_EDGE ( 'NONE', *, *, #647, .T. ) ;
#4581 = CARTESIAN_POINT ( 'NONE',  ( -10.12939620402574192, 1.863497014787715456, 2.286000000000000032 ) ) ;
#4582 = CARTESIAN_POINT ( 'NONE',  ( -2.265685708190566139, 1.558578927004023118, 2.286000000000000032 ) ) ;
#4583 = CARTESIAN_POINT ( 'NONE',  ( 5.355761184457485946, 4.648654403270942481, 2.286000000000000032 ) ) ;
#4584 = DIRECTION ( 'NONE',  ( -0.7071067811865481278, 0.7071067811865469066, 0.000000000000000000 ) ) ;
#4585 = AXIS2_PLACEMENT_3D ( 'NONE', #2622, #3344, #1890 ) ;
#4586 = VERTEX_POINT ( 'NONE', #4478 ) ;
#4587 = DIRECTION ( 'NONE',  ( -0.000000000000000000, -0.000000000000000000, -1.000000000000000000 ) ) ;
#4588 = DIRECTION ( 'NONE',  ( -0.7071067811865466846, 0.7071067811865483499, -0.000000000000000000 ) ) ;
#4589 = ORIENTED_EDGE ( 'NONE', *, *, #2018, .F. ) ;
#4590 = VECTOR ( 'NONE', #4010, 1000.000000000000000 ) ;
#4591 = VERTEX_POINT ( 'NONE', #2509 ) ;
#4592 = DIRECTION ( 'NONE',  ( 0.000000000000000000, 0.000000000000000000, 1.000000000000000000 ) ) ;
#4593 = EDGE_CURVE ( 'NONE', #2247, #1882, #3763, .T. ) ;
#4594 = DIRECTION ( 'NONE',  ( -0.7071067811865473507, 0.7071067811865477948, 0.000000000000000000 ) ) ;
#4595 = DIRECTION ( 'NONE',  ( -1.000000000000000000, -6.829619984160659279E-17, 0.000000000000000000 ) ) ;
#4596 = ORIENTED_EDGE ( 'NONE', *, *, #2785, .T. ) ;
#4597 = APPROVAL_DATE_TIME ( #3183, #1733 ) ;
#4598 = CARTESIAN_POINT ( 'NONE',  ( -11.14142107299598194, -2.265685708190569692, 2.286000000000000032 ) ) ;
#4599 = CARTESIAN_POINT ( 'NONE',  ( -12.69999999999999929, -5.200000000000001066, 3.049999999999999822 ) ) ;
#4600 = ORIENTED_EDGE ( 'NONE', *, *, #4246, .F. ) ;
#4601 = DIRECTION ( 'NONE',  ( -1.000000000000000000, -6.829619984160659279E-17, 0.000000000000000000 ) ) ;
#4602 = EDGE_CURVE ( 'NONE', #4032, #3595, #768, .T. ) ;
#4603 = EDGE_CURVE ( 'NONE', #2164, #938, #4018, .T. ) ;
#4604 = ORIENTED_EDGE ( 'NONE', *, *, #2547, .F. ) ;
#4605 = DIRECTION ( 'NONE',  ( 0.000000000000000000, 0.000000000000000000, 1.000000000000000000 ) ) ;
#4606 = FACE_OUTER_BOUND ( 'NONE', #2743, .T. ) ;
#4607 = DIRECTION ( 'NONE',  ( -1.000000000000000000, -6.829619984160659279E-17, 0.000000000000000000 ) ) ;
#4608 = DIRECTION ( 'NONE',  ( -0.000000000000000000, -0.000000000000000000, -1.000000000000000000 ) ) ;
#4609 = EDGE_LOOP ( 'NONE', ( #3043, #2560, #4276, #1064 ) ) ;
#4610 = FACE_OUTER_BOUND ( 'NONE', #297, .T. ) ;
#4611 = AXIS2_PLACEMENT_3D ( 'NONE', #15, #2928, #1862 ) ;
#4612 = VECTOR ( 'NONE', #1885, 1000.000000000000000 ) ;
#4613 = EDGE_LOOP ( 'NONE', ( #4084, #371, #3313, #1468 ) ) ;
#4614 = CARTESIAN_POINT ( 'NONE',  ( -2.265685708190566139, 1.558578927004023118, 2.286000000000000032 ) ) ;
#4615 = VECTOR ( 'NONE', #2685, 1000.000000000000114 ) ;
#4616 = AXIS2_PLACEMENT_3D ( 'NONE', #2203, #1038, #363 ) ;
#4617 = LINE ( 'NONE', #3500, #3408 ) ;
#4618 = DIRECTION ( 'NONE',  ( -0.7071067811865477948, -0.7071067811865473507, 0.000000000000000000 ) ) ;
#4619 = VERTEX_POINT ( 'NONE', #3989 ) ;
#4620 = APPROVAL_ROLE ( '' ) ;
#4621 = CARTESIAN_POINT ( 'NONE',  ( -15.87499999999999645, 0.000000000000000000, -1.000000000000000000 ) ) ;
#4622 = CIRCLE ( 'NONE', #746, 3.174999999999997602 ) ;
#4623 = DIRECTION ( 'NONE',  ( 1.000000000000000000, 1.365923996832131116E-16, 0.000000000000000000 ) ) ;
#4624 = VERTEX_POINT ( 'NONE', #2895 ) ;
#4625 = CARTESIAN_POINT ( 'NONE',  ( -10.12939620402574192, -1.863497014787715012, 2.286000000000000032 ) ) ;
#4626 = VECTOR ( 'NONE', #3529, 1000.000000000000000 ) ;
#4627 = VECTOR ( 'NONE', #2100, 1000.000000000000000 ) ;
#4628 = EDGE_LOOP ( 'NONE', ( #640, #4714, #727, #3574, #3624, #3267, #3659, #3498, #2390, #1332, #1412, #4738, #804, #3522, #4337, #3727, #313 ) ) ;
#4629 = CARTESIAN_POINT ( 'NONE',  ( -4.492893218813451384, -5.200000000000001066, -2.286000000000000032 ) ) ;
#4630 = ADVANCED_FACE ( 'NONE', ( #2198 ), #12, .T. ) ;
#4631 = EDGE_CURVE ( 'NONE', #1145, #4175, #2248, .T. ) ;
#4632 = DIRECTION ( 'NONE',  ( 0.000000000000000000, 0.000000000000000000, 1.000000000000000000 ) ) ;
#4633 = CARTESIAN_POINT ( 'NONE',  ( 3.135382751754558051, -0.5000000000000016653, -1.000000000000000000 ) ) ;
#4634 = DIRECTION ( 'NONE',  ( -0.000000000000000000, -0.000000000000000000, -1.000000000000000000 ) ) ;
#4635 = EDGE_CURVE ( 'NONE', #488, #1766, #2221, .T. ) ;
#4636 = ORIENTED_EDGE ( 'NONE', *, *, #206, .T. ) ;
#4637 = DIRECTION ( 'NONE',  ( -0.000000000000000000, -0.000000000000000000, -1.000000000000000000 ) ) ;
#4638 = VERTEX_POINT ( 'NONE', #2175 ) ;
#4639 = DIRECTION ( 'NONE',  ( -0.000000000000000000, -0.000000000000000000, -1.000000000000000000 ) ) ;
#4640 = CARTESIAN_POINT ( 'NONE',  ( 5.355761184457485058, 4.648654403270943369, 3.049999999999999822 ) ) ;
#4641 = ORIENTED_EDGE ( 'NONE', *, *, #1572, .F. ) ;
#4642 =( NAMED_UNIT ( * ) PLANE_ANGLE_UNIT ( ) SI_UNIT ( $, .RADIAN. ) );
#4643 = DIRECTION ( 'NONE',  ( 0.7071067811865483499, 0.7071067811865465735, 0.000000000000000000 ) ) ;
#4644 = DIRECTION ( 'NONE',  ( -0.7071067811865483499, -0.7071067811865465735, 0.000000000000000000 ) ) ;
#4645 = ORIENTED_EDGE ( 'NONE', *, *, #1108, .F. ) ;
#4646 = VERTEX_POINT ( 'NONE', #302 ) ;
#4647 = AXIS2_PLACEMENT_3D ( 'NONE', #2893, #3238, #1058 ) ;
#4648 = DIRECTION ( 'NONE',  ( -1.000000000000000000, 2.601884744300114836E-16, -0.000000000000000000 ) ) ;
#4649 = ORIENTED_EDGE ( 'NONE', *, *, #1895, .F. ) ;
#4650 = LINE ( 'NONE', #1327, #2605 ) ;
#4651 = FACE_OUTER_BOUND ( 'NONE', #3107, .T. ) ;
#4652 = EDGE_CURVE ( 'NONE', #1462, #4325, #2610, .T. ) ;
#4653 = EDGE_CURVE ( 'NONE', #1319, #2047, #4150, .T. ) ;
#4654 = CARTESIAN_POINT ( 'NONE',  ( 12.69999999999999929, 0.000000000000000000, 2.286000000000000032 ) ) ;
#4655 = ORIENTED_EDGE ( 'NONE', *, *, #716, .T. ) ;
#4656 = EDGE_CURVE ( 'NONE', #1514, #3158, #2971, .T. ) ;
#4657 = ADVANCED_FACE ( 'NONE', ( #1084 ), #3777, .F. ) ;
#4658 = VECTOR ( 'NONE', #1794, 999.9999999999998863 ) ;
#4659 = CARTESIAN_POINT ( 'NONE',  ( 0.000000000000000000, 0.000000000000000000, -2.286000000000000032 ) ) ;
#4660 = ORIENTED_EDGE ( 'NONE', *, *, #3530, .F. ) ;
#4661 = CARTESIAN_POINT ( 'NONE',  ( 7.344238815542503573, 4.648654403270950475, 3.049999999999999822 ) ) ;
#4662 = CARTESIAN_POINT ( 'NONE',  ( -12.69999999999999929, 0.000000000000000000, 3.049999999999999822 ) ) ;
#4663 = ORIENTED_EDGE ( 'NONE', *, *, #921, .T. ) ;
#4664 = APPROVAL_DATE_TIME ( #2797, #886 ) ;
#4665 = DIRECTION ( 'NONE',  ( 1.000000000000000000, 0.000000000000000000, 0.000000000000000000 ) ) ;
#4666 = DIRECTION ( 'NONE',  ( -0.000000000000000000, -0.000000000000000000, -1.000000000000000000 ) ) ;
#4667 = EDGE_LOOP ( 'NONE', ( #2668, #4398, #1339, #3872 ) ) ;
#4668 = ORIENTED_EDGE ( 'NONE', *, *, #3916, .T. ) ;
#4669 = CARTESIAN_POINT ( 'NONE',  ( -5.355761184457489499, -4.648654403270943369, 3.049999999999999822 ) ) ;
#4670 = EDGE_LOOP ( 'NONE', ( #3810, #3825 ) ) ;
#4671 = DIRECTION ( 'NONE',  ( -0.7071067811865477948, 0.7071067811865473507, -0.000000000000000000 ) ) ;
#4672 = CYLINDRICAL_SURFACE ( 'NONE', #3691, 3.174999999999997158 ) ;
#4673 = CARTESIAN_POINT ( 'NONE',  ( -12.69999999999999929, 0.000000000000000000, -1.000000000000000000 ) ) ;
#4674 = AXIS2_PLACEMENT_3D ( 'NONE', #1679, #263, #4229 ) ;
#4675 = ADVANCED_FACE ( 'NONE', ( #3389 ), #3096, .F. ) ;
#4676 = DIRECTION ( 'NONE',  ( -0.7071067811865481278, 0.7071067811865469066, 0.000000000000000000 ) ) ;
#4677 = ORIENTED_EDGE ( 'NONE', *, *, #1870, .F. ) ;
#4678 = CARTESIAN_POINT ( 'NONE',  ( -4.804415587728434467, -5.200000000000001066, 3.049999999999999822 ) ) ;
#4679 = ADVANCED_FACE ( 'NONE', ( #4573 ), #2273, .F. ) ;
#4680 = EDGE_CURVE ( 'NONE', #2237, #1795, #3067, .T. ) ;
#4681 = DIRECTION ( 'NONE',  ( -0.000000000000000000, -0.000000000000000000, -1.000000000000000000 ) ) ;
#4682 = DIRECTION ( 'NONE',  ( 0.000000000000000000, 0.000000000000000000, 1.000000000000000000 ) ) ;
#4683 = ORIENTED_EDGE ( 'NONE', *, *, #208, .F. ) ;
#4684 = PERSON_AND_ORGANIZATION_ROLE ( 'design_supplier' ) ;
#4685 = CARTESIAN_POINT ( 'NONE',  ( -7.895584412271592356, -5.200000000000001066, 2.286000000000000032 ) ) ;
#4686 = EDGE_CURVE ( 'NONE', #1951, #4371, #2611, .T. ) ;
#4687 = CARTESIAN_POINT ( 'NONE',  ( -10.83650298521228983, -2.570603795974261807, 2.286000000000000032 ) ) ;
#4688 = ORIENTED_EDGE ( 'NONE', *, *, #1477, .T. ) ;
#4689 = ORIENTED_EDGE ( 'NONE', *, *, #4575, .F. ) ;
#4690 = AXIS2_PLACEMENT_3D ( 'NONE', #254, #1400, #1015 ) ;
#4691 = VECTOR ( 'NONE', #3376, 1000.000000000000000 ) ;
#4692 = CARTESIAN_POINT ( 'NONE',  ( -8.895584412271597685, -6.199999999999999289, 3.049999999999999822 ) ) ;
#4693 = EDGE_LOOP ( 'NONE', ( #559, #2505, #3569, #3515 ) ) ;
#4694 = LINE ( 'NONE', #4306, #3993 ) ;
#4695 = VECTOR ( 'NONE', #4483, 1000.000000000000000 ) ;
#4696 = VECTOR ( 'NONE', #3192, 1000.000000000000000 ) ;
#4697 = LINE ( 'NONE', #3265, #1143 ) ;
#4698 = APPROVAL_PERSON_ORGANIZATION ( #179, #886, #3139 ) ;
#4699 = VECTOR ( 'NONE', #4340, 1000.000000000000000 ) ;
#4700 = FACE_OUTER_BOUND ( 'NONE', #1226, .T. ) ;
#4701 = AXIS2_PLACEMENT_3D ( 'NONE', #2341, #862, #915 ) ;
#4702 = DIRECTION ( 'NONE',  ( 0.7071067811865472397, 0.7071067811865479058, -0.000000000000000000 ) ) ;
#4703 = ORIENTED_EDGE ( 'NONE', *, *, #4035, .F. ) ;
#4704 = DIRECTION ( 'NONE',  ( 0.000000000000000000, 0.000000000000000000, 1.000000000000000000 ) ) ;
#4705 = CARTESIAN_POINT ( 'NONE',  ( -9.995836543402008445, -0.4999999999999998890, 2.286000000000000032 ) ) ;
#4706 = FACE_OUTER_BOUND ( 'NONE', #731, .T. ) ;
#4707 = EDGE_CURVE ( 'NONE', #2260, #2903, #1156, .T. ) ;
#4708 = ADVANCED_FACE ( 'NONE', ( #3120 ), #2635, .F. ) ;
#4709 = DIRECTION ( 'NONE',  ( -0.7071067811865473507, -0.7071067811865477948, 0.000000000000000000 ) ) ;
#4710 = ORIENTED_EDGE ( 'NONE', *, *, #214, .F. ) ;
#4711 = DIRECTION ( 'NONE',  ( -0.7071067811865483499, -0.7071067811865465735, 0.000000000000000000 ) ) ;
#4712 = CARTESIAN_POINT ( 'NONE',  ( -4.492893218813446943, 5.199999999999998401, -2.286000000000000032 ) ) ;
#4713 = ORIENTED_EDGE ( 'NONE', *, *, #1543, .T. ) ;
#4714 = ORIENTED_EDGE ( 'NONE', *, *, #4354, .T. ) ;
#4715 = DIRECTION ( 'NONE',  ( -0.000000000000000000, -0.000000000000000000, -1.000000000000000000 ) ) ;
#4716 = FACE_OUTER_BOUND ( 'NONE', #2235, .T. ) ;
#4717 = EDGE_CURVE ( 'NONE', #1502, #4624, #3074, .T. ) ;
#4718 = ORIENTED_EDGE ( 'NONE', *, *, #3291, .F. ) ;
#4719 = CARTESIAN_POINT ( 'NONE',  ( -6.350000000000001421, 3.654415587728447434, 3.049999999999999822 ) ) ;
#4720 = AXIS2_PLACEMENT_3D ( 'NONE', #1153, #1559, #469 ) ;
#4721 = DIRECTION ( 'NONE',  ( 1.000000000000000000, 1.365923996832131116E-16, 0.000000000000000000 ) ) ;
#4722 = VECTOR ( 'NONE', #1633, 1000.000000000000000 ) ;
#4723 = CARTESIAN_POINT ( 'NONE',  ( -1.863497014787709238, -2.570603795974260919, 2.286000000000000032 ) ) ;
#4724 = DIRECTION ( 'NONE',  ( 0.000000000000000000, 0.000000000000000000, 1.000000000000000000 ) ) ;
#4725 = ORIENTED_EDGE ( 'NONE', *, *, #2081, .T. ) ;
#4726 = LINE ( 'NONE', #2021, #1391 ) ;
#4727 = CARTESIAN_POINT ( 'NONE',  ( 3.804415587728402492, 6.199999999999999289, 3.049999999999999822 ) ) ;
#4728 = ORIENTED_EDGE ( 'NONE', *, *, #3860, .T. ) ;
#4729 = PLANE ( 'NONE',  #2835 ) ;
#4730 = AXIS2_PLACEMENT_3D ( 'NONE', #2330, #4637, #927 ) ;
#4731 = DIRECTION ( 'NONE',  ( 0.000000000000000000, 0.000000000000000000, 1.000000000000000000 ) ) ;
#4732 = EDGE_LOOP ( 'NONE', ( #1000, #925, #4512, #3388 ) ) ;
#4733 = FACE_OUTER_BOUND ( 'NONE', #2395, .T. ) ;
#4734 = ORIENTED_EDGE ( 'NONE', *, *, #60, .T. ) ;
#4735 = DIRECTION ( 'NONE',  ( -0.000000000000000000, -0.000000000000000000, 1.000000000000000000 ) ) ;
#4736 = VERTEX_POINT ( 'NONE', #104 ) ;
#4737 = EDGE_CURVE ( 'NONE', #3363, #3585, #493, .T. ) ;
#4738 = ORIENTED_EDGE ( 'NONE', *, *, #3855, .F. ) ;
#4739 = CARTESIAN_POINT ( 'NONE',  ( 5.218629150101521397, 6.200000000000001954, -3.049999999999999822 ) ) ;
#4740 = CARTESIAN_POINT ( 'NONE',  ( -9.564617248245442127, -0.5000000000000018874, -2.286000000000000032 ) ) ;
#4741 = ORIENTED_EDGE ( 'NONE', *, *, #4603, .F. ) ;
#4742 = DIRECTION ( 'NONE',  ( -0.000000000000000000, -0.000000000000000000, -1.000000000000000000 ) ) ;
#4743 = EDGE_CURVE ( 'NONE', #1640, #3170, #157, .T. ) ;
#4744 = EDGE_CURVE ( 'NONE', #3076, #2338, #1636, .T. ) ;
#4745 = LINE ( 'NONE', #4377, #4003 ) ;
#4746 = AXIS2_PLACEMENT_3D ( 'NONE', #730, #1147, #4514 ) ;
#4747 = ORIENTED_EDGE ( 'NONE', *, *, #1364, .F. ) ;
#4748 = CARTESIAN_POINT ( 'NONE',  ( -10.43431429180943404, 1.558578927004023118, 2.286000000000000032 ) ) ;
#4749 = DIRECTION ( 'NONE',  ( 1.000000000000000000, 0.000000000000000000, 0.000000000000000000 ) ) ;
#4750 = ORIENTED_EDGE ( 'NONE', *, *, #2108, .T. ) ;
#4751 = CARTESIAN_POINT ( 'NONE',  ( -3.135382751754558051, -0.5000000000000001110, 2.286000000000000032 ) ) ;
#4752 = CARTESIAN_POINT ( 'NONE',  ( 0.000000000000000000, 0.000000000000000000, 2.286000000000000032 ) ) ;
#4753 = ORIENTED_EDGE ( 'NONE', *, *, #3562, .F. ) ;
#4754 = CARTESIAN_POINT ( 'NONE',  ( -12.69999999999999929, 0.000000000000000000, 1.000000000000000000 ) ) ;
#4755 = DESIGN_CONTEXT ( 'detailed design', #2606, 'design' ) ;
#4756 = CYLINDRICAL_SURFACE ( 'NONE', #1670, 5.200000000000000178 ) ;
#4757 = ORIENTED_EDGE ( 'NONE', *, *, #2995, .T. ) ;
#4758 = CARTESIAN_POINT ( 'NONE',  ( -12.69999999999999929, 0.4999999999999992784, 1.000000000000000000 ) ) ;
#4759 = DIRECTION ( 'NONE',  ( 0.000000000000000000, 0.000000000000000000, 1.000000000000000000 ) ) ;
#4760 = VERTEX_POINT ( 'NONE', #1200 ) ;
#4761 = ORIENTED_EDGE ( 'NONE', *, *, #1256, .F. ) ;
#4762 = DIRECTION ( 'NONE',  ( 0.7071067811865481278, 0.7071067811865469066, -0.000000000000000000 ) ) ;
#4763 = CARTESIAN_POINT ( 'NONE',  ( 10.12939620402574192, 1.863497014787714789, 2.286000000000000032 ) ) ;
#4764 = ORIENTED_EDGE ( 'NONE', *, *, #743, .T. ) ;
#4765 = CARTESIAN_POINT ( 'NONE',  ( -8.895584412271597685, 6.199999999999999289, 3.049999999999999822 ) ) ;
#4766 = EDGE_CURVE ( 'NONE', #4491, #4109, #4115, .T. ) ;
#4767 = VECTOR ( 'NONE', #4021, 1000.000000000000114 ) ;
#4768 = CARTESIAN_POINT ( 'NONE',  ( -10.12939620402574192, 1.863497014787715012, 2.286000000000000032 ) ) ;
#4769 = VECTOR ( 'NONE', #2186, 1000.000000000000000 ) ;
#4770 = VECTOR ( 'NONE', #3918, 1000.000000000000000 ) ;
#4771 = CIRCLE ( 'NONE', #1355, 5.200000000000000178 ) ;
#4772 = ORIENTED_EDGE ( 'NONE', *, *, #3052, .T. ) ;
#4773 = DIRECTION ( 'NONE',  ( -1.000000000000000000, 0.000000000000000000, 0.000000000000000000 ) ) ;
#4774 = EDGE_CURVE ( 'NONE', #1795, #1289, #838, .T. ) ;
#4775 = EDGE_CURVE ( 'NONE', #4109, #4191, #1446, .T. ) ;
#4776 = VECTOR ( 'NONE', #3481, 1000.000000000000000 ) ;
#4777 = CYLINDRICAL_SURFACE ( 'NONE', #3994, 3.174999999999997158 ) ;
#4778 = CIRCLE ( 'NONE', #2378, 3.174999999999997158 ) ;
#4779 = CARTESIAN_POINT ( 'NONE',  ( 10.43431429180943404, 1.558578927004023118, 2.286000000000000032 ) ) ;
#4780 = VECTOR ( 'NONE', #4111, 1000.000000000000000 ) ;
#4781 = EDGE_CURVE ( 'NONE', #1812, #1697, #860, .T. ) ;
#4782 = LINE ( 'NONE', #1429, #1329 ) ;
#4783 = ORIENTED_EDGE ( 'NONE', *, *, #4269, .F. ) ;
#4784 = CARTESIAN_POINT ( 'NONE',  ( 5.355761184457485058, 4.648654403270943369, 3.049999999999999822 ) ) ;
#4785 = ORIENTED_EDGE ( 'NONE', *, *, #2839, .F. ) ;
#4786 = CARTESIAN_POINT ( 'NONE',  ( 10.43431429180943404, -1.558578927004023118, -2.286000000000000032 ) ) ;
#4787 = EDGE_LOOP ( 'NONE', ( #1051, #4130, #4205, #4137, #3256, #4166 ) ) ;
#4788 = DIRECTION ( 'NONE',  ( -0.000000000000000000, -0.000000000000000000, -1.000000000000000000 ) ) ;
#4789 = ORIENTED_EDGE ( 'NONE', *, *, #360, .F. ) ;
#4790 = VERTEX_POINT ( 'NONE', #428 ) ;
#4791 = CARTESIAN_POINT ( 'NONE',  ( -5.355761184457495716, 4.648654403270949587, 3.049999999999999822 ) ) ;
#4792 = CARTESIAN_POINT ( 'NONE',  ( -7.481370849898475228, 6.200000000000001954, 3.049999999999999822 ) ) ;
#4793 = VERTEX_POINT ( 'NONE', #3023 ) ;
#4794 = DIRECTION ( 'NONE',  ( 1.000000000000000000, 0.000000000000000000, 0.000000000000000000 ) ) ;
#4795 = DIRECTION ( 'NONE',  ( -1.000000000000000000, 0.000000000000000000, 0.000000000000000000 ) ) ;
#4796 = ORIENTED_EDGE ( 'NONE', *, *, #3371, .T. ) ;
#4797 = CARTESIAN_POINT ( 'NONE',  ( -4.804415587728450454, 5.199999999999998401, 2.286000000000000032 ) ) ;
#4798 = LINE ( 'NONE', #1814, #3536 ) ;
#4799 = EDGE_CURVE ( 'NONE', #3879, #2120, #1974, .T. ) ;
#4800 = VECTOR ( 'NONE', #1759, 1000.000000000000000 ) ;
#4801 = EDGE_CURVE ( 'NONE', #306, #2037, #131, .T. ) ;
#4802 = CARTESIAN_POINT ( 'NONE',  ( -4.492893218813449607, 5.199999999999998401, 3.049999999999999822 ) ) ;
#4803 = DIRECTION ( 'NONE',  ( 1.365923996832131116E-16, -1.000000000000000000, 0.000000000000000000 ) ) ;
#4804 = EDGE_CURVE ( 'NONE', #3102, #3090, #1932, .T. ) ;
#4805 = ORIENTED_EDGE ( 'NONE', *, *, #3029, .F. ) ;
#4806 = EDGE_CURVE ( 'NONE', #1697, #1618, #2777, .T. ) ;
ENDSEC;
END-ISO-10303-21;
