ISO-10303-21;
HEADER;
FILE_DESCRIPTION (( 'STEP AP203' ),
    '1' );
FILE_NAME ('228-2500-145.step',
    '2022-06-06T19:13:37',
    ( '' ),
    ( '' ),
    'SwSTEP 2.0',
    'SolidWorks 2021',
    '' );
FILE_SCHEMA (( 'CONFIG_CONTROL_DESIGN' ));
ENDSEC;

DATA;
#1 = DIRECTION ( 'NONE',  ( 0.7071067811865470176, 0.7071067811865480168, -0.000000000000000000 ) ) ;
#2 = ORIENTED_EDGE ( 'NONE', *, *, #4358, .F. ) ;
#3 = DIRECTION ( 'NONE',  ( -0.000000000000000000, -0.000000000000000000, -1.000000000000000000 ) ) ;
#4 = DIRECTION ( 'NONE',  ( -1.000000000000000000, 0.000000000000000000, 0.000000000000000000 ) ) ;
#5 = EDGE_CURVE ( 'NONE', #1956, #5161, #5491, .T. ) ;
#6 = DIRECTION ( 'NONE',  ( -0.7071067811865470176, -0.7071067811865480168, 0.000000000000000000 ) ) ;
#7 = ORIENTED_EDGE ( 'NONE', *, *, #4786, .T. ) ;
#8 = CYLINDRICAL_SURFACE ( 'NONE', #4728, 2.100000000000000089 ) ;
#9 = VERTEX_POINT ( 'NONE', #4827 ) ;
#10 = CYLINDRICAL_SURFACE ( 'NONE', #3824, 3.174999999999999822 ) ;
#11 = ORIENTED_EDGE ( 'NONE', *, *, #3563, .T. ) ;
#12 = CARTESIAN_POINT ( 'NONE',  ( -5.200000000000000178, -7.895584412271563046, -2.286000000000000032 ) ) ;
#13 = DIRECTION ( 'NONE',  ( 0.000000000000000000, 0.000000000000000000, 1.000000000000000000 ) ) ;
#14 = EDGE_CURVE ( 'NONE', #5220, #272, #2487, .T. ) ;
#15 = VERTEX_POINT ( 'NONE', #3987 ) ;
#16 = VERTEX_POINT ( 'NONE', #2909 ) ;
#17 = CYLINDRICAL_SURFACE ( 'NONE', #2528, 3.174999999999999822 ) ;
#18 = ORIENTED_EDGE ( 'NONE', *, *, #3117, .T. ) ;
#19 = DIRECTION ( 'NONE',  ( -0.000000000000000000, -0.000000000000000000, -1.000000000000000000 ) ) ;
#20 = CARTESIAN_POINT ( 'NONE',  ( 9.564617248245438574, -0.5000000000000003331, -1.000000000000000000 ) ) ;
#21 = EDGE_CURVE ( 'NONE', #5146, #4926, #2534, .T. ) ;
#22 = CARTESIAN_POINT ( 'NONE',  ( 6.792893218813458311, -5.200000000000000178, 1.000000000000000000 ) ) ;
#23 = VERTEX_POINT ( 'NONE', #4482 ) ;
#24 = VECTOR ( 'NONE', #5734, 1000.000000000000000 ) ;
#25 = LINE ( 'NONE', #5063, #5468 ) ;
#26 = FACE_OUTER_BOUND ( 'NONE', #1763, .T. ) ;
#27 = VERTEX_POINT ( 'NONE', #6339 ) ;
#28 = LINE ( 'NONE', #2609, #4129 ) ;
#29 = FACE_OUTER_BOUND ( 'NONE', #1029, .T. ) ;
#30 = EDGE_CURVE ( 'NONE', #5237, #5739, #1407, .T. ) ;
#31 = CARTESIAN_POINT ( 'NONE',  ( 0.4999999999999997780, -15.83538275175456000, 1.000000000000000000 ) ) ;
#32 = VECTOR ( 'NONE', #931, 1000.000000000000000 ) ;
#33 = AXIS2_PLACEMENT_3D ( 'NONE', #4664, #5641, #2182 ) ;
#34 = ORIENTED_EDGE ( 'NONE', *, *, #1416, .T. ) ;
#35 = CARTESIAN_POINT ( 'NONE',  ( 8.895584412271572816, 6.200000000000001954, 3.049999999999999822 ) ) ;
#36 = VECTOR ( 'NONE', #2074, 1000.000000000000000 ) ;
#37 = ORIENTED_EDGE ( 'NONE', *, *, #4014, .F. ) ;
#38 = DIRECTION ( 'NONE',  ( -0.7071067811865483499, -0.7071067811865466846, 0.000000000000000000 ) ) ;
#39 = CIRCLE ( 'NONE', #2326, 6.200000000000001066 ) ;
#40 = LINE ( 'NONE', #4555, #1078 ) ;
#41 = ORIENTED_EDGE ( 'NONE', *, *, #3413, .T. ) ;
#42 = DIRECTION ( 'NONE',  ( 1.000000000000000000, 0.000000000000000000, 0.000000000000000000 ) ) ;
#43 = AXIS2_PLACEMENT_3D ( 'NONE', #6314, #421, #363 ) ;
#44 = EDGE_CURVE ( 'NONE', #3382, #4788, #353, .T. ) ;
#45 = EDGE_CURVE ( 'NONE', #1740, #2308, #3457, .T. ) ;
#46 = ORIENTED_EDGE ( 'NONE', *, *, #2190, .T. ) ;
#47 = VECTOR ( 'NONE', #426, 1000.000000000000000 ) ;
#48 = AXIS2_PLACEMENT_3D ( 'NONE', #5485, #606, #1132 ) ;
#49 = EDGE_CURVE ( 'NONE', #1903, #4707, #3360, .T. ) ;
#50 = CARTESIAN_POINT ( 'NONE',  ( -0.3535533905932740084, 0.3535533905932740084, 2.286000000000000032 ) ) ;
#51 = LINE ( 'NONE', #1552, #1188 ) ;
#52 = AXIS2_PLACEMENT_3D ( 'NONE', #72, #1637, #3990 ) ;
#53 = ORIENTED_EDGE ( 'NONE', *, *, #5235, .F. ) ;
#54 = ORIENTED_EDGE ( 'NONE', *, *, #1857, .F. ) ;
#55 = VECTOR ( 'NONE', #191, 1000.000000000000000 ) ;
#56 = CARTESIAN_POINT ( 'NONE',  ( 3.654415587728431447, -19.04999999999999716, 1.000000000000000000 ) ) ;
#57 = ADVANCED_FACE ( 'NONE', ( #979 ), #883, .F. ) ;
#58 = CARTESIAN_POINT ( 'NONE',  ( -2.570603795974261363, -1.863497014787713235, -2.286000000000000032 ) ) ;
#59 = ORIENTED_EDGE ( 'NONE', *, *, #4345, .F. ) ;
#60 = CARTESIAN_POINT ( 'NONE',  ( 0.4999999999999996669, -9.564617248245438574, 2.286000000000000032 ) ) ;
#61 = VECTOR ( 'NONE', #3693, 1000.000000000000000 ) ;
#62 = VERTEX_POINT ( 'NONE', #484 ) ;
#63 = EDGE_CURVE ( 'NONE', #1578, #4525, #567, .T. ) ;
#64 = DIRECTION ( 'NONE',  ( 0.000000000000000000, -1.000000000000000000, 0.000000000000000000 ) ) ;
#65 = LINE ( 'NONE', #2091, #3059 ) ;
#66 = FACE_OUTER_BOUND ( 'NONE', #2935, .T. ) ;
#67 = FACE_OUTER_BOUND ( 'NONE', #2014, .T. ) ;
#68 = PLANE ( 'NONE',  #4532 ) ;
#69 = VERTEX_POINT ( 'NONE', #6371 ) ;
#70 = ADVANCED_FACE ( 'NONE', ( #1893 ), #4411, .T. ) ;
#71 = VERTEX_POINT ( 'NONE', #3929 ) ;
#72 = CARTESIAN_POINT ( 'NONE',  ( 0.000000000000000000, 0.000000000000000000, 1.000000000000000000 ) ) ;
#73 = DIRECTION ( 'NONE',  ( 0.000000000000000000, 0.000000000000000000, 1.000000000000000000 ) ) ;
#74 = CARTESIAN_POINT ( 'NONE',  ( -4.648654403270944258, -7.344238815542508902, -1.000000000000000000 ) ) ;
#75 = VERTEX_POINT ( 'NONE', #2938 ) ;
#76 = VERTEX_POINT ( 'NONE', #5908 ) ;
#77 = CARTESIAN_POINT ( 'NONE',  ( 10.83650298521228450, 2.570603795974261363, 2.286000000000000032 ) ) ;
#78 = LINE ( 'NONE', #173, #4348 ) ;
#79 = ORIENTED_EDGE ( 'NONE', *, *, #6115, .F. ) ;
#80 = FACE_BOUND ( 'NONE', #2474, .T. ) ;
#81 = EDGE_CURVE ( 'NONE', #1136, #1483, #3426, .T. ) ;
#82 = DIRECTION ( 'NONE',  ( -0.7071067811865475727, 0.7071067811865474617, 0.000000000000000000 ) ) ;
#83 = ORIENTED_EDGE ( 'NONE', *, *, #3019, .F. ) ;
#84 = ADVANCED_FACE ( 'NONE', ( #4928 ), #2036, .T. ) ;
#85 = LINE ( 'NONE', #2993, #6393 ) ;
#86 = CARTESIAN_POINT ( 'NONE',  ( -12.34644660940672978, -12.34644660940671379, 1.000000000000000000 ) ) ;
#87 = CARTESIAN_POINT ( 'NONE',  ( 13.05355339059327946, -13.05355339059327058, -2.286000000000000032 ) ) ;
#88 = EDGE_CURVE ( 'NONE', #3724, #5605, #4091, .T. ) ;
#89 = CARTESIAN_POINT ( 'NONE',  ( 12.69999999999999929, 0.000000000000000000, -3.050999999999999712 ) ) ;
#90 = EDGE_CURVE ( 'NONE', #3476, #2400, #5026, .T. ) ;
#91 = ORIENTED_EDGE ( 'NONE', *, *, #6216, .T. ) ;
#92 = DIRECTION ( 'NONE',  ( 1.000000000000000000, 0.000000000000000000, 0.000000000000000000 ) ) ;
#93 = CARTESIAN_POINT ( 'NONE',  ( 6.349999999999999645, 5.068629150101524594, -3.049999999999999822 ) ) ;
#94 = CARTESIAN_POINT ( 'NONE',  ( 1.182358322909695704E-16, -12.69999999999999929, 2.286000000000000032 ) ) ;
#95 = CARTESIAN_POINT ( 'NONE',  ( -12.34644660940672978, -12.34644660940671379, 2.286000000000000032 ) ) ;
#96 = CARTESIAN_POINT ( 'NONE',  ( -1.863497014787714345, -2.570603795974260031, -1.000000000000000000 ) ) ;
#97 = VERTEX_POINT ( 'NONE', #31 ) ;
#98 = VERTEX_POINT ( 'NONE', #5517 ) ;
#99 = LINE ( 'NONE', #2098, #4847 ) ;
#100 = LINE ( 'NONE', #133, #5254 ) ;
#101 = LINE ( 'NONE', #1021, #968 ) ;
#102 = ORIENTED_EDGE ( 'NONE', *, *, #2887, .F. ) ;
#103 = EDGE_CURVE ( 'NONE', #1534, #1126, #4153, .T. ) ;
#104 = ORIENTED_EDGE ( 'NONE', *, *, #5405, .F. ) ;
#105 = DIRECTION ( 'NONE',  ( 0.000000000000000000, 0.000000000000000000, 1.000000000000000000 ) ) ;
#106 = CARTESIAN_POINT ( 'NONE',  ( 1.863497014787714567, 2.570603795974260475, 2.286000000000000032 ) ) ;
#107 = ORIENTED_EDGE ( 'NONE', *, *, #1771, .F. ) ;
#108 = ADVANCED_FACE ( 'NONE', ( #5069 ), #1073, .T. ) ;
#109 = CARTESIAN_POINT ( 'NONE',  ( 1.182358322909695704E-16, -12.69999999999999929, 2.286000000000000032 ) ) ;
#110 = UNCERTAINTY_MEASURE_WITH_UNIT (LENGTH_MEASURE( 1.000000000000000082E-05 ), #4531, 'distance_accuracy_value', 'NONE');
#111 = ORIENTED_EDGE ( 'NONE', *, *, #5000, .F. ) ;
#112 = DIRECTION ( 'NONE',  ( -0.7071067811865481278, -0.7071067811865470176, 0.000000000000000000 ) ) ;
#113 = ORIENTED_EDGE ( 'NONE', *, *, #2359, .T. ) ;
#114 = DIRECTION ( 'NONE',  ( -1.000000000000000000, 0.000000000000000000, 0.000000000000000000 ) ) ;
#115 = CARTESIAN_POINT ( 'NONE',  ( 6.349999999999999645, 5.068629150101524594, 3.049999999999999822 ) ) ;
#116 = ADVANCED_FACE ( 'NONE', ( #5642 ), #5590, .F. ) ;
#117 = FACE_OUTER_BOUND ( 'NONE', #6248, .T. ) ;
#118 = AXIS2_PLACEMENT_3D ( 'NONE', #4208, #5152, #674 ) ;
#119 = ORIENTED_EDGE ( 'NONE', *, *, #3319, .T. ) ;
#120 = ADVANCED_FACE ( 'NONE', ( #3038 ), #68, .T. ) ;
#121 = PLANE ( 'NONE',  #5144 ) ;
#122 = DIRECTION ( 'NONE',  ( -0.7071067811865483499, -0.7071067811865466846, 0.000000000000000000 ) ) ;
#123 = VERTEX_POINT ( 'NONE', #4999 ) ;
#124 = CARTESIAN_POINT ( 'NONE',  ( 4.648654403270954028, -18.05576118445748079, 1.000000000000000000 ) ) ;
#125 = DIRECTION ( 'NONE',  ( 0.000000000000000000, 0.000000000000000000, 1.000000000000000000 ) ) ;
#126 = EDGE_CURVE ( 'NONE', #5753, #5165, #149, .T. ) ;
#127 = ADVANCED_FACE ( 'NONE', ( #164 ), #1662, .F. ) ;
#128 = CARTESIAN_POINT ( 'NONE',  ( 5.199999999999997513, -25.39999999999999858, 3.049999999999999822 ) ) ;
#129 = AXIS2_PLACEMENT_3D ( 'NONE', #6200, #3683, #729 ) ;
#130 = ORIENTED_EDGE ( 'NONE', *, *, #3234, .T. ) ;
#131 = ORIENTED_EDGE ( 'NONE', *, *, #3925, .F. ) ;
#132 = LINE ( 'NONE', #5521, #2968 ) ;
#133 = CARTESIAN_POINT ( 'NONE',  ( 6.703553390593269157, -6.703553390593275374, 1.000000000000000000 ) ) ;
#134 = EDGE_CURVE ( 'NONE', #69, #15, #2542, .T. ) ;
#135 = FACE_OUTER_BOUND ( 'NONE', #3935, .T. ) ;
#136 = EDGE_LOOP ( 'NONE', ( #4219, #6153 ) ) ;
#137 = AXIS2_PLACEMENT_3D ( 'NONE', #1158, #3155, #5148 ) ;
#138 = AXIS2_PLACEMENT_3D ( 'NONE', #3464, #890, #4936 ) ;
#139 = VECTOR ( 'NONE', #5839, 1000.000000000000000 ) ;
#140 = ORIENTED_EDGE ( 'NONE', *, *, #3778, .T. ) ;
#141 = DIRECTION ( 'NONE',  ( -0.000000000000000000, -0.000000000000000000, -1.000000000000000000 ) ) ;
#142 = EDGE_CURVE ( 'NONE', #75, #1327, #6041, .T. ) ;
#143 = AXIS2_PLACEMENT_3D ( 'NONE', #35, #1896, #1409 ) ;
#144 = AXIS2_PLACEMENT_3D ( 'NONE', #1429, #936, #3848 ) ;
#145 = DIRECTION ( 'NONE',  ( 0.000000000000000000, 0.000000000000000000, -1.000000000000000000 ) ) ;
#146 = VERTEX_POINT ( 'NONE', #2155 ) ;
#147 = VECTOR ( 'NONE', #5981, 1000.000000000000000 ) ;
#148 = APPROVAL_STATUS ( 'not_yet_approved' ) ;
#149 = CIRCLE ( 'NONE', #4428, 3.174999999999999822 ) ;
#150 = ORIENTED_EDGE ( 'NONE', *, *, #90, .T. ) ;
#151 = ORIENTED_EDGE ( 'NONE', *, *, #2165, .F. ) ;
#152 = ADVANCED_FACE ( 'NONE', ( #3009 ), #3560, .T. ) ;
#153 = VECTOR ( 'NONE', #6251, 1000.000000000000114 ) ;
#154 = CARTESIAN_POINT ( 'NONE',  ( -0.4999999999999994449, 5.204165845787396065E-17, 2.286000000000000032 ) ) ;
#155 = ORIENTED_EDGE ( 'NONE', *, *, #587, .T. ) ;
#156 = FACE_OUTER_BOUND ( 'NONE', #2632, .T. ) ;
#157 = DIRECTION ( 'NONE',  ( -0.7071067811865470176, 0.7071067811865480168, 0.000000000000000000 ) ) ;
#158 = ORIENTED_EDGE ( 'NONE', *, *, #5991, .T. ) ;
#159 = CARTESIAN_POINT ( 'NONE',  ( 5.199999999999998401, -20.59558441227156678, -2.286000000000000032 ) ) ;
#160 = CARTESIAN_POINT ( 'NONE',  ( 3.135382751754560715, -0.4999999999999982792, -1.000000000000000000 ) ) ;
#161 = ORIENTED_EDGE ( 'NONE', *, *, #4370, .T. ) ;
#162 = CARTESIAN_POINT ( 'NONE',  ( 13.05355339059327946, -13.05355339059327058, 2.286000000000000032 ) ) ;
#163 = CARTESIAN_POINT ( 'NONE',  ( 5.199999999999998401, -20.90710678118655608, 2.286000000000000032 ) ) ;
#164 = FACE_OUTER_BOUND ( 'NONE', #3436, .T. ) ;
#165 = ORIENTED_EDGE ( 'NONE', *, *, #3951, .F. ) ;
#166 = ORIENTED_EDGE ( 'NONE', *, *, #1025, .T. ) ;
#167 = DIRECTION ( 'NONE',  ( -0.7071067811865489050, -0.7071067811865461294, 0.000000000000000000 ) ) ;
#168 = LINE ( 'NONE', #2706, #5359 ) ;
#169 = ORIENTED_EDGE ( 'NONE', *, *, #2932, .T. ) ;
#170 = EDGE_CURVE ( 'NONE', #5118, #367, #2585, .T. ) ;
#171 = ORIENTED_EDGE ( 'NONE', *, *, #3867, .F. ) ;
#172 = FACE_OUTER_BOUND ( 'NONE', #913, .T. ) ;
#173 = CARTESIAN_POINT ( 'NONE',  ( -5.996446609406727468, -5.996446609406724804, 2.286000000000000032 ) ) ;
#174 = VERTEX_POINT ( 'NONE', #96 ) ;
#175 = EDGE_CURVE ( 'NONE', #4319, #5739, #553, .T. ) ;
#176 = ORIENTED_EDGE ( 'NONE', *, *, #4425, .T. ) ;
#177 = VECTOR ( 'NONE', #3805, 1000.000000000000000 ) ;
#178 = ORIENTED_EDGE ( 'NONE', *, *, #6389, .F. ) ;
#179 = DIRECTION ( 'NONE',  ( -1.000000000000000000, 1.040833169157480322E-16, 0.000000000000000000 ) ) ;
#180 = DIRECTION ( 'NONE',  ( -0.000000000000000000, -0.000000000000000000, -1.000000000000000000 ) ) ;
#181 = LINE ( 'NONE', #6158, #983 ) ;
#182 = EDGE_CURVE ( 'NONE', #682, #2617, #3631, .T. ) ;
#183 = ORIENTED_EDGE ( 'NONE', *, *, #2988, .F. ) ;
#184 = CARTESIAN_POINT ( 'NONE',  ( -2.099999999999998757, -25.39999999999999858, 2.286000000000000032 ) ) ;
#185 = DIRECTION ( 'NONE',  ( -0.7071067811865474617, -0.7071067811865475727, 0.000000000000000000 ) ) ;
#186 = FACE_OUTER_BOUND ( 'NONE', #5049, .T. ) ;
#187 = DIRECTION ( 'NONE',  ( 0.000000000000000000, 0.000000000000000000, 1.000000000000000000 ) ) ;
#188 = CARTESIAN_POINT ( 'NONE',  ( -4.648654403270939817, -5.355761184457484170, 1.000000000000000000 ) ) ;
#189 = EDGE_CURVE ( 'NONE', #4599, #636, #5121, .T. ) ;
#190 = ORIENTED_EDGE ( 'NONE', *, *, #1842, .T. ) ;
#191 = DIRECTION ( 'NONE',  ( 0.000000000000000000, 0.000000000000000000, 1.000000000000000000 ) ) ;
#192 = CARTESIAN_POINT ( 'NONE',  ( 0.4999999999999987232, -3.135382751754560715, 2.286000000000000032 ) ) ;
#193 = ORIENTED_EDGE ( 'NONE', *, *, #1961, .F. ) ;
#194 = DIRECTION ( 'NONE',  ( 0.000000000000000000, 0.000000000000000000, 1.000000000000000000 ) ) ;
#195 = EDGE_CURVE ( 'NONE', #5900, #4363, #1203, .T. ) ;
#196 = DIRECTION ( 'NONE',  ( 0.7071067811865476838, -0.7071067811865474617, 0.000000000000000000 ) ) ;
#197 = ORIENTED_EDGE ( 'NONE', *, *, #4267, .T. ) ;
#198 = SHAPE_DEFINITION_REPRESENTATION ( #1294, #4231 ) ;
#199 = ORIENTED_EDGE ( 'NONE', *, *, #5267, .T. ) ;
#200 = VERTEX_POINT ( 'NONE', #3723 ) ;
#201 = ORIENTED_EDGE ( 'NONE', *, *, #6265, .F. ) ;
#202 = CARTESIAN_POINT ( 'NONE',  ( -2.570603795974262695, -23.53650298521229089, -1.000000000000000000 ) ) ;
#203 = CARTESIAN_POINT ( 'NONE',  ( -5.200000000000001066, -7.895584412271564823, 3.049999999999999822 ) ) ;
#204 = CARTESIAN_POINT ( 'NONE',  ( -0.5000000000000023315, -7.434522636839178791E-17, -2.286000000000000032 ) ) ;
#205 = ADVANCED_FACE ( 'NONE', ( #3195 ), #5186, .T. ) ;
#206 = ORIENTED_EDGE ( 'NONE', *, *, #1852, .T. ) ;
#207 = CARTESIAN_POINT ( 'NONE',  ( 12.69999999999999929, 6.200000000000000178, 3.049999999999999822 ) ) ;
#208 = LINE ( 'NONE', #6227, #5238 ) ;
#209 = EDGE_CURVE ( 'NONE', #3349, #4908, #4209, .T. ) ;
#210 = EDGE_CURVE ( 'NONE', #654, #3349, #253, .T. ) ;
#211 = EDGE_LOOP ( 'NONE', ( #3441, #2880, #5724, #5062, #6455, #1030, #3617 ) ) ;
#212 = DIRECTION ( 'NONE',  ( -0.7071067811865475727, 0.7071067811865475727, 0.000000000000000000 ) ) ;
#213 = DIRECTION ( 'NONE',  ( 0.7071067811865475727, 0.7071067811865475727, -0.000000000000000000 ) ) ;
#214 = FACE_OUTER_BOUND ( 'NONE', #4409, .T. ) ;
#215 = VECTOR ( 'NONE', #4757, 1000.000000000000114 ) ;
#216 = ORIENTED_EDGE ( 'NONE', *, *, #322, .T. ) ;
#217 = ADVANCED_FACE ( 'NONE', ( #2702 ), #5705, .T. ) ;
#218 = VERTEX_POINT ( 'NONE', #6204 ) ;
#219 = LINE ( 'NONE', #5126, #462 ) ;
#220 = CARTESIAN_POINT ( 'NONE',  ( 0.5000000000000024425, -8.177974900523098149E-17, 1.000000000000000000 ) ) ;
#221 = VERTEX_POINT ( 'NONE', #5211 ) ;
#222 = VERTEX_POINT ( 'NONE', #5736 ) ;
#223 = DIRECTION ( 'NONE',  ( 1.000000000000000000, -1.445602896647338424E-16, 0.000000000000000000 ) ) ;
#224 = VECTOR ( 'NONE', #702, 1000.000000000000000 ) ;
#225 = VECTOR ( 'NONE', #6472, 1000.000000000000114 ) ;
#226 = CARTESIAN_POINT ( 'NONE',  ( -3.654415587728429671, -19.05000000000000071, 3.049999999999999822 ) ) ;
#227 = ORIENTED_EDGE ( 'NONE', *, *, #4568, .F. ) ;
#228 = AXIS2_PLACEMENT_3D ( 'NONE', #6470, #4060, #1993 ) ;
#229 = VERTEX_POINT ( 'NONE', #3256 ) ;
#230 = CIRCLE ( 'NONE', #5970, 3.174999999999999822 ) ;
#231 = ORIENTED_EDGE ( 'NONE', *, *, #3219, .F. ) ;
#232 = VECTOR ( 'NONE', #3960, 1000.000000000000000 ) ;
#233 = EDGE_CURVE ( 'NONE', #2102, #5504, #6165, .T. ) ;
#234 = ORIENTED_EDGE ( 'NONE', *, *, #6194, .T. ) ;
#235 = VECTOR ( 'NONE', #6, 1000.000000000000000 ) ;
#236 = FACE_OUTER_BOUND ( 'NONE', #5692, .T. ) ;
#237 = VERTEX_POINT ( 'NONE', #1226 ) ;
#238 = DIRECTION ( 'NONE',  ( -0.7071067811865472397, 0.7071067811865479058, 0.000000000000000000 ) ) ;
#239 = DIRECTION ( 'NONE',  ( 1.000000000000000000, 4.440892098500626162E-15, 0.000000000000000000 ) ) ;
#240 = AXIS2_PLACEMENT_3D ( 'NONE', #3550, #19, #5540 ) ;
#241 = CIRCLE ( 'NONE', #5050, 3.174999999999999822 ) ;
#242 = VECTOR ( 'NONE', #2768, 1000.000000000000114 ) ;
#243 = VERTEX_POINT ( 'NONE', #1162 ) ;
#244 = LINE ( 'NONE', #3650, #440 ) ;
#245 = CARTESIAN_POINT ( 'NONE',  ( 3.175000000000002043, -25.39999999999999858, 2.286000000000000032 ) ) ;
#246 = VECTOR ( 'NONE', #5410, 1000.000000000000000 ) ;
#247 = ORIENTED_EDGE ( 'NONE', *, *, #4177, .T. ) ;
#248 = PLANE ( 'NONE',  #2331 ) ;
#249 = CARTESIAN_POINT ( 'NONE',  ( 6.703553390593271821, 6.703553390593272709, 2.286000000000000032 ) ) ;
#250 = CARTESIAN_POINT ( 'NONE',  ( 1.182358322909695704E-16, -12.69999999999999929, 2.286000000000000032 ) ) ;
#251 = VECTOR ( 'NONE', #1317, 1000.000000000000000 ) ;
#252 = VECTOR ( 'NONE', #2145, 1000.000000000000000 ) ;
#253 = LINE ( 'NONE', #2210, #3066 ) ;
#254 = EDGE_CURVE ( 'NONE', #2268, #1106, #1688, .T. ) ;
#255 = ORIENTED_EDGE ( 'NONE', *, *, #3561, .T. ) ;
#256 = VECTOR ( 'NONE', #2596, 1000.000000000000000 ) ;
#257 = VERTEX_POINT ( 'NONE', #188 ) ;
#258 = CARTESIAN_POINT ( 'NONE',  ( -5.200000000000000178, -20.90710678118654897, -1.000000000000000000 ) ) ;
#259 = CARTESIAN_POINT ( 'NONE',  ( 2.214716320084738350E-15, -25.39999999999999858, -2.286000000000000032 ) ) ;
#260 = ADVANCED_FACE ( 'NONE', ( #214 ), #3685, .T. ) ;
#261 = VERTEX_POINT ( 'NONE', #3160 ) ;
#262 = DIRECTION ( 'NONE',  ( 1.000000000000000000, 0.000000000000000000, 0.000000000000000000 ) ) ;
#263 = DIRECTION ( 'NONE',  ( -0.7071067811865474617, 0.7071067811865475727, 0.000000000000000000 ) ) ;
#264 = ORIENTED_EDGE ( 'NONE', *, *, #1489, .T. ) ;
#265 = PERSON_AND_ORGANIZATION ( #952, #4027 ) ;
#266 = ORIENTED_EDGE ( 'NONE', *, *, #1901, .F. ) ;
#267 = DIRECTION ( 'NONE',  ( 0.000000000000000000, 0.000000000000000000, 1.000000000000000000 ) ) ;
#268 = VERTEX_POINT ( 'NONE', #4665 ) ;
#269 = DIRECTION ( 'NONE',  ( 0.000000000000000000, 0.000000000000000000, 1.000000000000000000 ) ) ;
#270 = CARTESIAN_POINT ( 'NONE',  ( -1.863497014787715900, -15.27060379597426021, 2.286000000000000032 ) ) ;
#271 = CIRCLE ( 'NONE', #4931, 3.175000000000000711 ) ;
#272 = VERTEX_POINT ( 'NONE', #4181 ) ;
#273 = DIRECTION ( 'NONE',  ( 0.7071067811865474617, 0.7071067811865475727, -0.000000000000000000 ) ) ;
#274 = DIRECTION ( 'NONE',  ( -1.000000000000000000, 0.000000000000000000, 0.000000000000000000 ) ) ;
#275 = ORIENTED_EDGE ( 'NONE', *, *, #5580, .T. ) ;
#276 = DIRECTION ( 'NONE',  ( 0.7071067811865474617, 0.7071067811865476838, 0.000000000000000000 ) ) ;
#277 = LINE ( 'NONE', #5307, #1924 ) ;
#278 = LINE ( 'NONE', #4756, #749 ) ;
#279 = CARTESIAN_POINT ( 'NONE',  ( 1.182358322909695704E-16, -12.69999999999999929, 2.286000000000000032 ) ) ;
#280 = ADVANCED_FACE ( 'NONE', ( #4840 ), #3991, .F. ) ;
#281 = EDGE_CURVE ( 'NONE', #2508, #3536, #1178, .T. ) ;
#282 = EDGE_LOOP ( 'NONE', ( #53, #3823, #627, #2489 ) ) ;
#283 = CARTESIAN_POINT ( 'NONE',  ( 5.199999999999996625, -17.50441558772843820, 3.049999999999999822 ) ) ;
#284 = EDGE_LOOP ( 'NONE', ( #5573, #4726, #4158, #4852 ) ) ;
#285 = CARTESIAN_POINT ( 'NONE',  ( 0.000000000000000000, 5.200000000000000178, 1.000000000000000000 ) ) ;
#286 = CARTESIAN_POINT ( 'NONE',  ( 0.000000000000000000, 0.000000000000000000, 1.000000000000000000 ) ) ;
#287 = ORIENTED_EDGE ( 'NONE', *, *, #1553, .F. ) ;
#288 = DIRECTION ( 'NONE',  ( 1.000000000000000000, 0.000000000000000000, 0.000000000000000000 ) ) ;
#289 = EDGE_CURVE ( 'NONE', #2508, #4525, #2424, .T. ) ;
#290 = CARTESIAN_POINT ( 'NONE',  ( 0.000000000000000000, 0.000000000000000000, 2.286000000000000032 ) ) ;
#291 = ORIENTED_EDGE ( 'NONE', *, *, #2538, .T. ) ;
#292 = DIRECTION ( 'NONE',  ( 0.000000000000000000, 1.000000000000000000, 0.000000000000000000 ) ) ;
#293 = VERTEX_POINT ( 'NONE', #5843 ) ;
#294 = ORIENTED_EDGE ( 'NONE', *, *, #4425, .F. ) ;
#295 = EDGE_CURVE ( 'NONE', #1115, #1403, #3896, .T. ) ;
#296 = LINE ( 'NONE', #791, #1214 ) ;
#297 = VERTEX_POINT ( 'NONE', #1474 ) ;
#298 = LINE ( 'NONE', #1949, #2754 ) ;
#299 = DIRECTION ( 'NONE',  ( -0.000000000000000000, -0.000000000000000000, -1.000000000000000000 ) ) ;
#300 = ORIENTED_EDGE ( 'NONE', *, *, #4076, .F. ) ;
#301 = CARTESIAN_POINT ( 'NONE',  ( 12.69999999999999929, 0.000000000000000000, -1.000000000000000000 ) ) ;
#302 = CYLINDRICAL_SURFACE ( 'NONE', #3257, 3.174999999999999822 ) ;
#303 = ORIENTED_EDGE ( 'NONE', *, *, #6372, .T. ) ;
#304 = LINE ( 'NONE', #6328, #1152 ) ;
#305 = CARTESIAN_POINT ( 'NONE',  ( -1.863497014787714567, -2.570603795974260475, 2.286000000000000032 ) ) ;
#306 = DIRECTION ( 'NONE',  ( 1.000000000000000000, 0.000000000000000000, 0.000000000000000000 ) ) ;
#307 = CARTESIAN_POINT ( 'NONE',  ( -6.200000000000000178, 7.592810154713589835E-16, 3.049999999999999822 ) ) ;
#308 = EDGE_CURVE ( 'NONE', #4078, #3142, #1603, .T. ) ;
#309 = VERTEX_POINT ( 'NONE', #4903 ) ;
#310 = FACE_OUTER_BOUND ( 'NONE', #4159, .T. ) ;
#311 = EDGE_CURVE ( 'NONE', #3616, #1874, #2394, .T. ) ;
#312 = ORIENTED_EDGE ( 'NONE', *, *, #5863, .F. ) ;
#313 = EDGE_CURVE ( 'NONE', #3734, #2567, #455, .T. ) ;
#314 = CARTESIAN_POINT ( 'NONE',  ( 3.717261318419573372E-17, 0.5000000000000001110, -2.286000000000000032 ) ) ;
#315 = CARTESIAN_POINT ( 'NONE',  ( 6.349999999999999645, 3.654415587728425230, -3.049999999999999822 ) ) ;
#316 = VERTEX_POINT ( 'NONE', #5370 ) ;
#317 = CARTESIAN_POINT ( 'NONE',  ( -4.648654403270940705, -20.04423881554251352, -2.286000000000000032 ) ) ;
#318 = EDGE_CURVE ( 'NONE', #5439, #782, #1897, .T. ) ;
#319 = PLANE ( 'NONE',  #4871 ) ;
#320 = ORIENTED_EDGE ( 'NONE', *, *, #6189, .F. ) ;
#321 = DIRECTION ( 'NONE',  ( 1.000000000000000000, 1.092739197465705287E-15, 0.000000000000000000 ) ) ;
#322 = EDGE_CURVE ( 'NONE', #3042, #4229, #4934, .T. ) ;
#323 = VECTOR ( 'NONE', #3946, 1000.000000000000000 ) ;
#324 = VERTEX_POINT ( 'NONE', #1940 ) ;
#325 = ORIENTED_EDGE ( 'NONE', *, *, #4568, .T. ) ;
#326 = AXIS2_PLACEMENT_3D ( 'NONE', #4823, #3397, #3853 ) ;
#327 = DIRECTION ( 'NONE',  ( -0.000000000000000000, -0.000000000000000000, -1.000000000000000000 ) ) ;
#328 = DIRECTION ( 'NONE',  ( 0.000000000000000000, 0.000000000000000000, 1.000000000000000000 ) ) ;
#329 = VECTOR ( 'NONE', #5936, 1000.000000000000000 ) ;
#330 = CARTESIAN_POINT ( 'NONE',  ( -5.200000000000000178, 6.368163355566236381E-16, -2.286000000000000032 ) ) ;
#331 = VECTOR ( 'NONE', #194, 1000.000000000000000 ) ;
#332 = ADVANCED_FACE ( 'NONE', ( #947 ), #6418, .F. ) ;
#333 = ORIENTED_EDGE ( 'NONE', *, *, #3788, .T. ) ;
#334 = VECTOR ( 'NONE', #1899, 1000.000000000000000 ) ;
#335 = CARTESIAN_POINT ( 'NONE',  ( 0.000000000000000000, 0.000000000000000000, -1.000000000000000000 ) ) ;
#336 = CYLINDRICAL_SURFACE ( 'NONE', #3590, 2.100000000000000533 ) ;
#337 = AXIS2_PLACEMENT_3D ( 'NONE', #2184, #732, #2675 ) ;
#338 = ORIENTED_EDGE ( 'NONE', *, *, #5741, .T. ) ;
#339 = AXIS2_PLACEMENT_3D ( 'NONE', #5802, #4372, #4814 ) ;
#340 = CARTESIAN_POINT ( 'NONE',  ( 1.863497014787715234, -10.12939620402574015, -1.000000000000000000 ) ) ;
#341 = DIRECTION ( 'NONE',  ( 1.000000000000000000, 8.881784197001252323E-16, 0.000000000000000000 ) ) ;
#342 = CARTESIAN_POINT ( 'NONE',  ( 5.002207793864214658, 5.002207793864211993, 1.000000000000000000 ) ) ;
#343 = VECTOR ( 'NONE', #699, 1000.000000000000000 ) ;
#344 = DIRECTION ( 'NONE',  ( -0.000000000000000000, -0.000000000000000000, -1.000000000000000000 ) ) ;
#345 = VECTOR ( 'NONE', #1478, 1000.000000000000000 ) ;
#346 = CIRCLE ( 'NONE', #4838, 3.174999999999999822 ) ;
#347 = ORIENTED_EDGE ( 'NONE', *, *, #4916, .T. ) ;
#348 = PLANE ( 'NONE',  #2430 ) ;
#349 = LINE ( 'NONE', #3424, #4709 ) ;
#350 = AXIS2_PLACEMENT_3D ( 'NONE', #3246, #6130, #5634 ) ;
#351 = CARTESIAN_POINT ( 'NONE',  ( -1.863497014787714567, -2.570603795974260475, -2.286000000000000032 ) ) ;
#352 = CARTESIAN_POINT ( 'NONE',  ( -3.654415587728429671, -6.349999999999996980, 3.049999999999999822 ) ) ;
#353 = LINE ( 'NONE', #2355, #5377 ) ;
#354 = AXIS2_PLACEMENT_3D ( 'NONE', #4593, #466, #3473 ) ;
#355 = ORIENTED_EDGE ( 'NONE', *, *, #4070, .T. ) ;
#356 = VECTOR ( 'NONE', #3229, 1000.000000000000114 ) ;
#357 = ORIENTED_EDGE ( 'NONE', *, *, #6266, .T. ) ;
#358 = LINE ( 'NONE', #3826, #6404 ) ;
#359 = CARTESIAN_POINT ( 'NONE',  ( -5.200000000000000178, -8.207106781186549682, 2.286000000000000032 ) ) ;
#360 = DIRECTION ( 'NONE',  ( 1.000000000000000000, 0.000000000000000000, 0.000000000000000000 ) ) ;
#361 = CARTESIAN_POINT ( 'NONE',  ( 0.3535533905932742305, -0.3535533905932741749, -1.000000000000000000 ) ) ;
#362 = ORIENTED_EDGE ( 'NONE', *, *, #3649, .T. ) ;
#363 = DIRECTION ( 'NONE',  ( 1.000000000000000000, 0.000000000000000000, 0.000000000000000000 ) ) ;
#364 = ORIENTED_EDGE ( 'NONE', *, *, #4273, .F. ) ;
#365 = EDGE_LOOP ( 'NONE', ( #1866, #5498, #201, #4118 ) ) ;
#366 = CARTESIAN_POINT ( 'NONE',  ( 3.717261318419573372E-17, 0.5000000000000001110, -1.000000000000000000 ) ) ;
#367 = VERTEX_POINT ( 'NONE', #359 ) ;
#368 = DIRECTION ( 'NONE',  ( -1.855319225643643724E-16, 1.000000000000000000, 0.000000000000000000 ) ) ;
#369 = CARTESIAN_POINT ( 'NONE',  ( 0.4999999999999996669, -9.564617248245438574, -1.000000000000000000 ) ) ;
#370 = VERTEX_POINT ( 'NONE', #1370 ) ;
#371 = FACE_OUTER_BOUND ( 'NONE', #3164, .T. ) ;
#372 = LINE ( 'NONE', #4333, #4620 ) ;
#373 = ORIENTED_EDGE ( 'NONE', *, *, #1946, .F. ) ;
#374 = LINE ( 'NONE', #3345, #2516 ) ;
#375 = FACE_OUTER_BOUND ( 'NONE', #5016, .T. ) ;
#376 = FACE_OUTER_BOUND ( 'NONE', #6284, .T. ) ;
#377 = EDGE_CURVE ( 'NONE', #1106, #2591, #3362, .T. ) ;
#378 = LINE ( 'NONE', #2382, #973 ) ;
#379 = VECTOR ( 'NONE', #4283, 1000.000000000000000 ) ;
#380 = ORIENTED_EDGE ( 'NONE', *, *, #1509, .F. ) ;
#381 = DIRECTION ( 'NONE',  ( 1.000000000000000000, 0.000000000000000000, -0.000000000000000000 ) ) ;
#382 = CARTESIAN_POINT ( 'NONE',  ( 0.000000000000000000, 5.200000000000000178, 3.049999999999999822 ) ) ;
#383 = ORIENTED_EDGE ( 'NONE', *, *, #2481, .F. ) ;
#384 = CARTESIAN_POINT ( 'NONE',  ( 2.214716320084738350E-15, -25.39999999999999858, 2.286000000000000032 ) ) ;
#385 = DIRECTION ( 'NONE',  ( 0.000000000000000000, 1.000000000000000000, 0.000000000000000000 ) ) ;
#386 = CARTESIAN_POINT ( 'NONE',  ( -5.200000000000000178, 0.000000000000000000, -1.000000000000000000 ) ) ;
#387 = ORIENTED_EDGE ( 'NONE', *, *, #3308, .F. ) ;
#388 = CARTESIAN_POINT ( 'NONE',  ( 12.69999999999999929, 0.000000000000000000, 2.286000000000000032 ) ) ;
#389 = DIRECTION ( 'NONE',  ( -0.7071067811865469066, -0.7071067811865482389, 0.000000000000000000 ) ) ;
#390 = DIRECTION ( 'NONE',  ( 0.000000000000000000, 0.000000000000000000, 1.000000000000000000 ) ) ;
#391 = EDGE_CURVE ( 'NONE', #6159, #4857, #2941, .T. ) ;
#392 = CARTESIAN_POINT ( 'NONE',  ( 2.570603795974265360, -14.56349701478770697, 1.000000000000000000 ) ) ;
#393 = DIRECTION ( 'NONE',  ( -0.7071067811865474617, -0.7071067811865475727, 0.000000000000000000 ) ) ;
#394 = ORIENTED_EDGE ( 'NONE', *, *, #2757, .T. ) ;
#395 = DIRECTION ( 'NONE',  ( -1.000000000000000000, 0.000000000000000000, 0.000000000000000000 ) ) ;
#396 = EDGE_CURVE ( 'NONE', #3831, #2403, #5402, .T. ) ;
#397 = ORIENTED_EDGE ( 'NONE', *, *, #5631, .F. ) ;
#398 = EDGE_CURVE ( 'NONE', #2102, #5215, #2360, .T. ) ;
#399 = FACE_OUTER_BOUND ( 'NONE', #1711, .T. ) ;
#400 = DIRECTION ( 'NONE',  ( 0.000000000000000000, 0.000000000000000000, 1.000000000000000000 ) ) ;
#401 = ORIENTED_EDGE ( 'NONE', *, *, #4000, .T. ) ;
#402 = DIRECTION ( 'NONE',  ( -1.000000000000000000, 0.000000000000000000, 0.000000000000000000 ) ) ;
#403 = CARTESIAN_POINT ( 'NONE',  ( 1.347792206135791870, -1.347792206135789872, -2.286000000000000032 ) ) ;
#404 = ADVANCED_FACE ( 'NONE', ( #845 ), #5914, .F. ) ;
#405 = CARTESIAN_POINT ( 'NONE',  ( 10.59999999999999787, 2.571758278209441957E-16, -3.050999999999999712 ) ) ;
#406 = LINE ( 'NONE', #5390, #555 ) ;
#407 = DIRECTION ( 'NONE',  ( 0.000000000000000000, 0.000000000000000000, 1.000000000000000000 ) ) ;
#408 = ORIENTED_EDGE ( 'NONE', *, *, #4700, .F. ) ;
#409 = CARTESIAN_POINT ( 'NONE',  ( 0.3535533905932727317, -0.3535533905932727317, 1.000000000000000000 ) ) ;
#410 = CARTESIAN_POINT ( 'NONE',  ( -5.200000000000000178, -7.895584412271563046, 2.286000000000000032 ) ) ;
#411 = ORIENTED_EDGE ( 'NONE', *, *, #170, .T. ) ;
#412 = DIRECTION ( 'NONE',  ( 0.000000000000000000, -1.000000000000000000, 0.000000000000000000 ) ) ;
#413 = CARTESIAN_POINT ( 'NONE',  ( 0.000000000000000000, -25.39999999999999858, 3.049999999999999822 ) ) ;
#414 = EDGE_CURVE ( 'NONE', #5261, #4521, #4633, .T. ) ;
#415 = LINE ( 'NONE', #4035, #761 ) ;
#416 = LINE ( 'NONE', #1336, #3902 ) ;
#417 = CARTESIAN_POINT ( 'NONE',  ( -5.996446609406721251, -5.996446609406716810, 2.286000000000000032 ) ) ;
#418 = DIRECTION ( 'NONE',  ( -0.7071067811865469066, -0.7071067811865482389, 0.000000000000000000 ) ) ;
#419 = CARTESIAN_POINT ( 'NONE',  ( 6.699999999999993960, -5.199999999999999289, 1.000000000000000000 ) ) ;
#420 = ORIENTED_EDGE ( 'NONE', *, *, #6419, .T. ) ;
#421 = DIRECTION ( 'NONE',  ( 0.000000000000000000, 0.000000000000000000, 1.000000000000000000 ) ) ;
#422 = AXIS2_PLACEMENT_3D ( 'NONE', #1753, #3684, #5210 ) ;
#423 = EDGE_CURVE ( 'NONE', #1376, #2403, #4973, .T. ) ;
#424 = ORIENTED_EDGE ( 'NONE', *, *, #3118, .T. ) ;
#425 = PLANE ( 'NONE',  #4760 ) ;
#426 = DIRECTION ( 'NONE',  ( -0.7071067811865475727, 0.7071067811865474617, 0.000000000000000000 ) ) ;
#427 = EDGE_CURVE ( 'NONE', #5503, #1520, #100, .T. ) ;
#428 = CARTESIAN_POINT ( 'NONE',  ( -5.199999999999998401, -20.59558441227157033, -3.049999999999999822 ) ) ;
#429 = AXIS2_PLACEMENT_3D ( 'NONE', #5414, #5051, #2959 ) ;
#430 = EDGE_CURVE ( 'NONE', #5128, #2136, #4610, .T. ) ;
#431 = ORIENTED_EDGE ( 'NONE', *, *, #4889, .T. ) ;
#432 = VECTOR ( 'NONE', #5420, 1000.000000000000000 ) ;
#433 = DIRECTION ( 'NONE',  ( -0.7071067811865469066, -0.7071067811865482389, 0.000000000000000000 ) ) ;
#434 = CARTESIAN_POINT ( 'NONE',  ( -4.648654403270944258, -7.344238815542508902, -2.286000000000000032 ) ) ;
#435 = VECTOR ( 'NONE', #3717, 1000.000000000000000 ) ;
#436 = LINE ( 'NONE', #1985, #563 ) ;
#437 = ORIENTED_EDGE ( 'NONE', *, *, #5912, .T. ) ;
#438 = PLANE ( 'NONE',  #2852 ) ;
#439 = CARTESIAN_POINT ( 'NONE',  ( 12.70000000000000107, 5.200000000000000178, -2.286000000000000032 ) ) ;
#440 = VECTOR ( 'NONE', #5636, 1000.000000000000000 ) ;
#441 = VECTOR ( 'NONE', #2300, 1000.000000000000000 ) ;
#442 = ORIENTED_EDGE ( 'NONE', *, *, #6137, .F. ) ;
#443 = DIRECTION ( 'NONE',  ( -0.7071067811865466846, 0.7071067811865483499, 0.000000000000000000 ) ) ;
#444 = DIRECTION ( 'NONE',  ( 0.000000000000000000, 0.000000000000000000, -1.000000000000000000 ) ) ;
#445 = AXIS2_PLACEMENT_3D ( 'NONE', #1798, #2840, #3795 ) ;
#446 = AXIS2_PLACEMENT_3D ( 'NONE', #4475, #5960, #1459 ) ;
#447 = LINE ( 'NONE', #2460, #5967 ) ;
#448 = VECTOR ( 'NONE', #5557, 1000.000000000000000 ) ;
#449 = ORIENTED_EDGE ( 'NONE', *, *, #6111, .F. ) ;
#450 = EDGE_CURVE ( 'NONE', #4646, #1115, #4067, .T. ) ;
#451 = CIRCLE ( 'NONE', #4943, 3.174999999999999822 ) ;
#452 = VERTEX_POINT ( 'NONE', #1605 ) ;
#453 = AXIS2_PLACEMENT_3D ( 'NONE', #6245, #4879, #321 ) ;
#454 = AXIS2_PLACEMENT_3D ( 'NONE', #2818, #328, #2333 ) ;
#455 = LINE ( 'NONE', #2491, #3904 ) ;
#456 = CARTESIAN_POINT ( 'NONE',  ( 6.699999999999993960, -6.199999999999999289, 1.000000000000000000 ) ) ;
#457 = EDGE_LOOP ( 'NONE', ( #4886, #2717, #1259, #1707 ) ) ;
#458 = ADVANCED_FACE ( 'NONE', ( #5493 ), #5522, .F. ) ;
#459 = AXIS2_PLACEMENT_3D ( 'NONE', #3978, #5961, #1494 ) ;
#460 = DIRECTION ( 'NONE',  ( 1.000000000000000000, 0.000000000000000000, 0.000000000000000000 ) ) ;
#461 = ORIENTED_EDGE ( 'NONE', *, *, #2386, .F. ) ;
#462 = VECTOR ( 'NONE', #4763, 1000.000000000000000 ) ;
#463 = CARTESIAN_POINT ( 'NONE',  ( -6.703553390593274486, -6.703553390593274486, 2.286000000000000032 ) ) ;
#464 = ORIENTED_EDGE ( 'NONE', *, *, #2421, .F. ) ;
#465 = DIRECTION ( 'NONE',  ( 1.000000000000000000, 0.000000000000000000, -0.000000000000000000 ) ) ;
#466 = DIRECTION ( 'NONE',  ( 0.7071067811865477948, -0.7071067811865473507, 0.000000000000000000 ) ) ;
#467 = ORIENTED_EDGE ( 'NONE', *, *, #391, .T. ) ;
#468 = ADVANCED_FACE ( 'NONE', ( #4718 ), #4240, .F. ) ;
#469 = DIRECTION ( 'NONE',  ( 1.000000000000000000, 0.000000000000000000, -0.000000000000000000 ) ) ;
#470 = CARTESIAN_POINT ( 'NONE',  ( 6.200000000000003730, -20.18137084989847452, -3.049999999999999822 ) ) ;
#471 = DIRECTION ( 'NONE',  ( 0.000000000000000000, 0.000000000000000000, 1.000000000000000000 ) ) ;
#472 = ORIENTED_EDGE ( 'NONE', *, *, #4758, .T. ) ;
#473 = DIRECTION ( 'NONE',  ( -0.000000000000000000, -0.000000000000000000, -1.000000000000000000 ) ) ;
#474 = PLANE ( 'NONE',  #4630 ) ;
#475 = LINE ( 'NONE', #1105, #4953 ) ;
#476 = VERTEX_POINT ( 'NONE', #5208 ) ;
#477 = PLANE ( 'NONE',  #6070 ) ;
#478 = FACE_OUTER_BOUND ( 'NONE', #6084, .T. ) ;
#479 = ORIENTED_EDGE ( 'NONE', *, *, #6309, .F. ) ;
#480 = DIRECTION ( 'NONE',  ( 1.000000000000000000, 0.000000000000000000, -0.000000000000000000 ) ) ;
#481 = PLANE ( 'NONE',  #3765 ) ;
#482 = EDGE_CURVE ( 'NONE', #5220, #4078, #2856, .T. ) ;
#483 = EDGE_CURVE ( 'NONE', #1241, #5635, #1082, .T. ) ;
#484 = CARTESIAN_POINT ( 'NONE',  ( 2.570603795974264916, -14.56349701478770697, -1.000000000000000000 ) ) ;
#485 = AXIS2_PLACEMENT_3D ( 'NONE', #3868, #6318, #2332 ) ;
#486 = ORIENTED_EDGE ( 'NONE', *, *, #2679, .F. ) ;
#487 = PLANE ( 'NONE',  #4313 ) ;
#488 = ORIENTED_EDGE ( 'NONE', *, *, #254, .F. ) ;
#489 = CARTESIAN_POINT ( 'NONE',  ( 1.182358322909695704E-16, -12.69999999999999929, -2.286000000000000032 ) ) ;
#490 = DIRECTION ( 'NONE',  ( -1.635594980104611741E-16, -1.000000000000000000, 0.000000000000000000 ) ) ;
#491 = PLANE ( 'NONE',  #138 ) ;
#492 = ORIENTED_EDGE ( 'NONE', *, *, #754, .T. ) ;
#493 = CARTESIAN_POINT ( 'NONE',  ( 3.654415587728431447, -19.04999999999999716, -3.049999999999999822 ) ) ;
#494 = ORIENTED_EDGE ( 'NONE', *, *, #691, .T. ) ;
#495 = EDGE_CURVE ( 'NONE', #5994, #3643, #3081, .T. ) ;
#496 = ADVANCED_FACE ( 'NONE', ( #6073 ), #3013, .T. ) ;
#497 = FACE_OUTER_BOUND ( 'NONE', #5189, .T. ) ;
#498 = ORIENTED_EDGE ( 'NONE', *, *, #2104, .F. ) ;
#499 = DIRECTION ( 'NONE',  ( 0.000000000000000000, 0.000000000000000000, 1.000000000000000000 ) ) ;
#500 = CARTESIAN_POINT ( 'NONE',  ( -5.200000000000000178, -17.19289321881344890, 2.286000000000000032 ) ) ;
#501 = VERTEX_POINT ( 'NONE', #1144 ) ;
#502 = VERTEX_POINT ( 'NONE', #2043 ) ;
#503 = ADVANCED_FACE ( 'NONE', ( #2727 ), #590, .T. ) ;
#504 = CARTESIAN_POINT ( 'NONE',  ( 10.12939620402574015, -1.863497014787715678, 1.000000000000000000 ) ) ;
#505 = CARTESIAN_POINT ( 'NONE',  ( 0.000000000000000000, 6.200000000000000178, 1.000000000000000000 ) ) ;
#506 = ORIENTED_EDGE ( 'NONE', *, *, #5708, .F. ) ;
#507 = CYLINDRICAL_SURFACE ( 'NONE', #1806, 3.174999999999999822 ) ;
#508 = CARTESIAN_POINT ( 'NONE',  ( 1.863497014787714567, 2.570603795974260475, 2.286000000000000032 ) ) ;
#509 = DIRECTION ( 'NONE',  ( 0.000000000000000000, 0.000000000000000000, 1.000000000000000000 ) ) ;
#510 = ORIENTED_EDGE ( 'NONE', *, *, #2149, .T. ) ;
#511 = CARTESIAN_POINT ( 'NONE',  ( -7.697792206135781079, -7.697792206135774862, -2.286000000000000032 ) ) ;
#512 = CARTESIAN_POINT ( 'NONE',  ( 3.135382751754560271, 0.4999999999999998890, 1.000000000000000000 ) ) ;
#513 = VERTEX_POINT ( 'NONE', #4554 ) ;
#514 = CARTESIAN_POINT ( 'NONE',  ( 4.804415587728428250, 5.200000000000000178, -2.286000000000000032 ) ) ;
#515 = DIRECTION ( 'NONE',  ( 1.000000000000000000, 0.000000000000000000, 0.000000000000000000 ) ) ;
#516 = DIRECTION ( 'NONE',  ( -0.000000000000000000, -0.000000000000000000, 1.000000000000000000 ) ) ;
#517 = EDGE_CURVE ( 'NONE', #1022, #5136, #1505, .T. ) ;
#518 = ORIENTED_EDGE ( 'NONE', *, *, #3008, .F. ) ;
#519 = EDGE_CURVE ( 'NONE', #2077, #3648, #1638, .T. ) ;
#520 = CARTESIAN_POINT ( 'NONE',  ( 0.000000000000000000, 0.000000000000000000, 1.000000000000000000 ) ) ;
#521 = ORIENTED_EDGE ( 'NONE', *, *, #4974, .T. ) ;
#522 = DIRECTION ( 'NONE',  ( -0.000000000000000000, -0.000000000000000000, -1.000000000000000000 ) ) ;
#523 = CARTESIAN_POINT ( 'NONE',  ( 2.214716320084738350E-15, -25.39999999999999858, 2.286000000000000032 ) ) ;
#524 = ORIENTED_EDGE ( 'NONE', *, *, #5744, .F. ) ;
#525 = CARTESIAN_POINT ( 'NONE',  ( 0.3535533905932734533, 0.3535533905932735088, -2.286000000000000032 ) ) ;
#526 = ORIENTED_EDGE ( 'NONE', *, *, #4736, .T. ) ;
#527 = LINE ( 'NONE', #50, #5399 ) ;
#528 = DIRECTION ( 'NONE',  ( -1.000000000000000000, 0.000000000000000000, 0.000000000000000000 ) ) ;
#529 = CARTESIAN_POINT ( 'NONE',  ( 0.3535533905932742305, -0.3535533905932741749, 2.286000000000000032 ) ) ;
#530 = ADVANCED_FACE ( 'NONE', ( #5099 ), #5620, .F. ) ;
#531 = ORIENTED_EDGE ( 'NONE', *, *, #1235, .F. ) ;
#532 = ORIENTED_EDGE ( 'NONE', *, *, #6154, .T. ) ;
#533 = LINE ( 'NONE', #5899, #5032 ) ;
#534 = LINE ( 'NONE', #6029, #5376 ) ;
#535 = VERTEX_POINT ( 'NONE', #3534 ) ;
#536 = CARTESIAN_POINT ( 'NONE',  ( 12.69999999999999751, -5.199999999999999289, -3.049999999999999822 ) ) ;
#537 = CARTESIAN_POINT ( 'NONE',  ( -5.200000000000000178, -25.39999999999999858, 3.049999999999999822 ) ) ;
#538 = EDGE_CURVE ( 'NONE', #5922, #5158, #5594, .T. ) ;
#539 = ORIENTED_EDGE ( 'NONE', *, *, #754, .F. ) ;
#540 = VECTOR ( 'NONE', #2250, 1000.000000000000000 ) ;
#541 = CARTESIAN_POINT ( 'NONE',  ( 6.699999999999993960, -6.699999999999999289, 3.049999999999999822 ) ) ;
#542 = CARTESIAN_POINT ( 'NONE',  ( 6.703553390593276262, -6.703553390593274486, 1.000000000000000000 ) ) ;
#543 = DIRECTION ( 'NONE',  ( -0.000000000000000000, -0.000000000000000000, -1.000000000000000000 ) ) ;
#544 = DIRECTION ( 'NONE',  ( -0.000000000000000000, -0.000000000000000000, -1.000000000000000000 ) ) ;
#545 = CARTESIAN_POINT ( 'NONE',  ( 0.000000000000000000, 0.000000000000000000, 2.286000000000000032 ) ) ;
#546 = AXIS2_PLACEMENT_3D ( 'NONE', #827, #5798, #4809 ) ;
#547 = AXIS2_PLACEMENT_3D ( 'NONE', #4808, #4887, #402 ) ;
#548 = VECTOR ( 'NONE', #4863, 1000.000000000000000 ) ;
#549 = ORIENTED_EDGE ( 'NONE', *, *, #3188, .F. ) ;
#550 = CYLINDRICAL_SURFACE ( 'NONE', #4533, 2.100000000000000977 ) ;
#551 = EDGE_CURVE ( 'NONE', #692, #4399, #3566, .T. ) ;
#552 = ORIENTED_EDGE ( 'NONE', *, *, #603, .F. ) ;
#553 = CIRCLE ( 'NONE', #2446, 3.175000000000000711 ) ;
#554 = CARTESIAN_POINT ( 'NONE',  ( 1.182358322909695704E-16, -12.69999999999999929, -2.286000000000000032 ) ) ;
#555 = VECTOR ( 'NONE', #5278, 1000.000000000000000 ) ;
#556 = DIRECTION ( 'NONE',  ( 0.000000000000000000, 0.000000000000000000, 1.000000000000000000 ) ) ;
#557 = ORIENTED_EDGE ( 'NONE', *, *, #2495, .T. ) ;
#558 = ADVANCED_FACE ( 'NONE', ( #618 ), #248, .F. ) ;
#559 = AXIS2_PLACEMENT_3D ( 'NONE', #3030, #2507, #2113 ) ;
#560 = ORIENTED_EDGE ( 'NONE', *, *, #2748, .F. ) ;
#561 = AXIS2_PLACEMENT_3D ( 'NONE', #5010, #3471, #4434 ) ;
#562 = VECTOR ( 'NONE', #5895, 1000.000000000000000 ) ;
#563 = VECTOR ( 'NONE', #574, 999.9999999999998863 ) ;
#564 = LINE ( 'NONE', #5600, #6019 ) ;
#565 = ORIENTED_EDGE ( 'NONE', *, *, #2213, .T. ) ;
#567 = CIRCLE ( 'NONE', #2960, 3.174999999999999822 ) ;
#566 = CARTESIAN_POINT ( 'NONE',  ( 1.182358322909695704E-16, -12.69999999999999929, 2.286000000000000032 ) ) ;
#568 = ADVANCED_FACE ( 'NONE', ( #375 ), #4336, .T. ) ;
#569 = ADVANCED_FACE ( 'NONE', ( #5345 ), #4270, .T. ) ;
#570 = ORIENTED_EDGE ( 'NONE', *, *, #519, .T. ) ;
#571 = AXIS2_PLACEMENT_3D ( 'NONE', #529, #82, #6459 ) ;
#572 = EDGE_LOOP ( 'NONE', ( #2892, #1119, #2199, #1837 ) ) ;
#573 = FACE_OUTER_BOUND ( 'NONE', #2915, .T. ) ;
#574 = DIRECTION ( 'NONE',  ( 0.7071067811865469066, 0.7071067811865482389, -0.000000000000000000 ) ) ;
#575 = EDGE_LOOP ( 'NONE', ( #711, #5343, #2298, #3517, #3139, #3315, #6042, #2558 ) ) ;
#576 = CARTESIAN_POINT ( 'NONE',  ( 2.214716320084738350E-15, -25.39999999999999858, 2.286000000000000032 ) ) ;
#577 = CARTESIAN_POINT ( 'NONE',  ( 4.492893218813454936, 5.200000000000000178, 2.286000000000000032 ) ) ;
#578 = EDGE_LOOP ( 'NONE', ( #539, #5380, #4692, #5965, #4167, #1977 ) ) ;
#579 = DIRECTION ( 'NONE',  ( -0.7071067811865479058, 0.7071067811865472397, 0.000000000000000000 ) ) ;
#580 = DIRECTION ( 'NONE',  ( -0.7071067811865466846, 0.7071067811865483499, 0.000000000000000000 ) ) ;
#581 = EDGE_CURVE ( 'NONE', #998, #2045, #1296, .T. ) ;
#582 = VERTEX_POINT ( 'NONE', #904 ) ;
#583 = DIRECTION ( 'NONE',  ( 0.000000000000000000, 0.000000000000000000, 1.000000000000000000 ) ) ;
#584 = CARTESIAN_POINT ( 'NONE',  ( 6.053553390593272354, -5.346446609406724448, 1.000000000000000000 ) ) ;
#585 = CARTESIAN_POINT ( 'NONE',  ( 0.000000000000000000, 0.000000000000000000, -1.000000000000000000 ) ) ;
#586 = ORIENTED_EDGE ( 'NONE', *, *, #2469, .T. ) ;
#587 = EDGE_CURVE ( 'NONE', #3267, #5318, #3746, .T. ) ;
#588 = ORIENTED_EDGE ( 'NONE', *, *, #2052, .F. ) ;
#589 = CARTESIAN_POINT ( 'NONE',  ( 1.182358322909695704E-16, -12.69999999999999929, 1.000000000000000000 ) ) ;
#590 = CYLINDRICAL_SURFACE ( 'NONE', #1287, 3.175000000000000711 ) ;
#591 = FACE_OUTER_BOUND ( 'NONE', #1501, .T. ) ;
#592 = ORIENTED_EDGE ( 'NONE', *, *, #1601, .T. ) ;
#593 = AXIS2_PLACEMENT_3D ( 'NONE', #1026, #4909, #3410 ) ;
#594 = ORIENTED_EDGE ( 'NONE', *, *, #2431, .T. ) ;
#595 = CARTESIAN_POINT ( 'NONE',  ( 4.804415587728429138, 5.200000000000000178, 3.049999999999999822 ) ) ;
#596 = DIRECTION ( 'NONE',  ( -0.000000000000000000, -0.000000000000000000, -1.000000000000000000 ) ) ;
#597 = ORIENTED_EDGE ( 'NONE', *, *, #6111, .T. ) ;
#598 = DIRECTION ( 'NONE',  ( 1.024442997624098707E-16, -1.000000000000000000, 0.000000000000000000 ) ) ;
#599 = EDGE_CURVE ( 'NONE', #272, #5709, #2797, .T. ) ;
#600 = ORIENTED_EDGE ( 'NONE', *, *, #21, .F. ) ;
#601 = ORIENTED_EDGE ( 'NONE', *, *, #6193, .F. ) ;
#602 = EDGE_CURVE ( 'NONE', #3171, #5350, #3253, .T. ) ;
#603 = EDGE_CURVE ( 'NONE', #2080, #4466, #277, .T. ) ;
#604 = FACE_OUTER_BOUND ( 'NONE', #2524, .T. ) ;
#605 = DIRECTION ( 'NONE',  ( 1.000000000000000000, 0.000000000000000000, 0.000000000000000000 ) ) ;
#606 = DIRECTION ( 'NONE',  ( 0.000000000000000000, 0.000000000000000000, 1.000000000000000000 ) ) ;
#607 = ORIENTED_EDGE ( 'NONE', *, *, #797, .T. ) ;
#608 = DIRECTION ( 'NONE',  ( -0.000000000000000000, -0.000000000000000000, -1.000000000000000000 ) ) ;
#609 = CARTESIAN_POINT ( 'NONE',  ( 9.564617248245436798, 0.4999999999999993339, 2.286000000000000032 ) ) ;
#610 = EDGE_CURVE ( 'NONE', #2397, #174, #5277, .T. ) ;
#611 = CARTESIAN_POINT ( 'NONE',  ( 5.199999999999997513, -20.59558441227156322, 3.049999999999999822 ) ) ;
#612 = FACE_OUTER_BOUND ( 'NONE', #5969, .T. ) ;
#613 = DIRECTION ( 'NONE',  ( 1.000000000000000000, 2.185478394931410575E-15, 0.000000000000000000 ) ) ;
#614 = ADVANCED_FACE ( 'NONE', ( #4299 ), #6292, .F. ) ;
#615 = ORIENTED_EDGE ( 'NONE', *, *, #6114, .T. ) ;
#616 = ORIENTED_EDGE ( 'NONE', *, *, #5956, .F. ) ;
#617 = DIRECTION ( 'NONE',  ( -0.000000000000000000, -0.000000000000000000, -1.000000000000000000 ) ) ;
#618 = FACE_OUTER_BOUND ( 'NONE', #2755, .T. ) ;
#619 = CARTESIAN_POINT ( 'NONE',  ( -5.068629150101529923, -6.349999999999996092, 3.049999999999999822 ) ) ;
#620 = ORIENTED_EDGE ( 'NONE', *, *, #6350, .T. ) ;
#621 = EDGE_CURVE ( 'NONE', #4607, #5182, #5778, .T. ) ;
#622 = ORIENTED_EDGE ( 'NONE', *, *, #685, .T. ) ;
#623 = CARTESIAN_POINT ( 'NONE',  ( -2.570603795974262695, -14.56349701478771053, -2.286000000000000032 ) ) ;
#624 = CARTESIAN_POINT ( 'NONE',  ( 2.214716320084738350E-15, -25.39999999999999858, -2.286000000000000032 ) ) ;
#625 = ORIENTED_EDGE ( 'NONE', *, *, #5580, .F. ) ;
#626 = ADVANCED_FACE ( 'NONE', ( #3027 ), #1061, .F. ) ;
#627 = ORIENTED_EDGE ( 'NONE', *, *, #6051, .T. ) ;
#628 = EDGE_CURVE ( 'NONE', #6184, #788, #436, .T. ) ;
#629 = CARTESIAN_POINT ( 'NONE',  ( -0.3535533905932752297, -0.3535533905932755627, 2.286000000000000032 ) ) ;
#630 = VECTOR ( 'NONE', #770, 1000.000000000000000 ) ;
#631 = VERTEX_POINT ( 'NONE', #4472 ) ;
#632 = PLANE ( 'NONE',  #2653 ) ;
#633 = CARTESIAN_POINT ( 'NONE',  ( -3.654415587728429671, -6.349999999999996980, -3.049999999999999822 ) ) ;
#634 = EDGE_CURVE ( 'NONE', #2714, #4359, #964, .T. ) ;
#635 = CIRCLE ( 'NONE', #5040, 3.174999999999999822 ) ;
#636 = VERTEX_POINT ( 'NONE', #4442 ) ;
#637 = DIRECTION ( 'NONE',  ( 0.000000000000000000, 0.000000000000000000, -1.000000000000000000 ) ) ;
#638 = FACE_OUTER_BOUND ( 'NONE', #6168, .T. ) ;
#639 = DIRECTION ( 'NONE',  ( -0.7071067811865474617, -0.7071067811865474617, 0.000000000000000000 ) ) ;
#640 = PLANE ( 'NONE',  #4095 ) ;
#641 = CARTESIAN_POINT ( 'NONE',  ( -2.100000000000000089, 2.571758278209441464E-16, -3.050999999999999712 ) ) ;
#642 = VECTOR ( 'NONE', #639, 1000.000000000000114 ) ;
#643 = ORIENTED_EDGE ( 'NONE', *, *, #3951, .T. ) ;
#644 = CARTESIAN_POINT ( 'NONE',  ( -0.3535533905932727317, 0.3535533905932727317, -1.000000000000000000 ) ) ;
#645 = ORIENTED_EDGE ( 'NONE', *, *, #1332, .T. ) ;
#646 = CARTESIAN_POINT ( 'NONE',  ( 5.199999999999997513, -25.39999999999999858, 3.049999999999999822 ) ) ;
#647 = EDGE_CURVE ( 'NONE', #3665, #2803, #5889, .T. ) ;
#648 = AXIS2_PLACEMENT_3D ( 'NONE', #2458, #4450, #4544 ) ;
#649 = CARTESIAN_POINT ( 'NONE',  ( 1.182358322909695704E-16, -12.69999999999999929, 2.286000000000000032 ) ) ;
#650 = ORIENTED_EDGE ( 'NONE', *, *, #2908, .T. ) ;
#651 = CIRCLE ( 'NONE', #1383, 3.174999999999999822 ) ;
#652 = AXIS2_PLACEMENT_3D ( 'NONE', #5004, #1546, #3135 ) ;
#653 = AXIS2_PLACEMENT_3D ( 'NONE', #675, #1754, #4691 ) ;
#654 = VERTEX_POINT ( 'NONE', #58 ) ;
#655 = CARTESIAN_POINT ( 'NONE',  ( 2.214716320084738350E-15, -25.39999999999999858, 2.286000000000000032 ) ) ;
#656 = CIRCLE ( 'NONE', #445, 3.175000000000000711 ) ;
#657 = EDGE_CURVE ( 'NONE', #1769, #1931, #1095, .T. ) ;
#658 = DIRECTION ( 'NONE',  ( -1.000000000000000000, 0.000000000000000000, 0.000000000000000000 ) ) ;
#659 = ORIENTED_EDGE ( 'NONE', *, *, #5811, .F. ) ;
#660 = VECTOR ( 'NONE', #4042, 1000.000000000000000 ) ;
#661 = MECHANICAL_CONTEXT ( 'NONE', #1643, 'mechanical' ) ;
#662 = VECTOR ( 'NONE', #5003, 1000.000000000000000 ) ;
#663 = VECTOR ( 'NONE', #5111, 999.9999999999998863 ) ;
#664 = ORIENTED_EDGE ( 'NONE', *, *, #5643, .T. ) ;
#665 = VECTOR ( 'NONE', #3622, 1000.000000000000000 ) ;
#666 = DIRECTION ( 'NONE',  ( 1.000000000000000000, 1.486904527367829102E-16, -0.000000000000000000 ) ) ;
#667 = DIRECTION ( 'NONE',  ( -0.7071067811865475727, 0.7071067811865475727, 0.000000000000000000 ) ) ;
#668 = DIRECTION ( 'NONE',  ( 1.486904527367829102E-16, -1.000000000000000000, 0.000000000000000000 ) ) ;
#669 = ORIENTED_EDGE ( 'NONE', *, *, #14, .F. ) ;
#670 = DIRECTION ( 'NONE',  ( -0.7071067811865475727, 0.7071067811865474617, 0.000000000000000000 ) ) ;
#671 = FACE_OUTER_BOUND ( 'NONE', #3122, .T. ) ;
#672 = ORIENTED_EDGE ( 'NONE', *, *, #44, .T. ) ;
#673 = PLANE ( 'NONE',  #3250 ) ;
#674 = DIRECTION ( 'NONE',  ( 1.000000000000000000, 0.000000000000000000, -0.000000000000000000 ) ) ;
#675 = CARTESIAN_POINT ( 'NONE',  ( 1.182358322909695704E-16, -12.69999999999999929, 2.286000000000000032 ) ) ;
#676 = EDGE_CURVE ( 'NONE', #4036, #3089, #5052, .T. ) ;
#677 = VERTEX_POINT ( 'NONE', #2058 ) ;
#678 = EDGE_CURVE ( 'NONE', #2268, #76, #3947, .T. ) ;
#679 = ORIENTED_EDGE ( 'NONE', *, *, #2628, .F. ) ;
#680 = LINE ( 'NONE', #5683, #5061 ) ;
#681 = DIRECTION ( 'NONE',  ( 1.000000000000000000, 0.000000000000000000, -0.000000000000000000 ) ) ;
#682 = VERTEX_POINT ( 'NONE', #3444 ) ;
#683 = VERTEX_POINT ( 'NONE', #5443 ) ;
#684 = DIRECTION ( 'NONE',  ( 1.000000000000000000, 0.000000000000000000, 0.000000000000000000 ) ) ;
#685 = EDGE_CURVE ( 'NONE', #6184, #324, #2994, .T. ) ;
#686 = DIRECTION ( 'NONE',  ( -0.000000000000000000, -0.000000000000000000, -1.000000000000000000 ) ) ;
#687 = EDGE_LOOP ( 'NONE', ( #1775, #2235, #2697, #4045 ) ) ;
#688 = APPROVAL_ROLE ( '' ) ;
#689 = EDGE_CURVE ( 'NONE', #694, #5335, #534, .T. ) ;
#690 = ORIENTED_EDGE ( 'NONE', *, *, #4024, .F. ) ;
#691 = EDGE_CURVE ( 'NONE', #3886, #3089, #3973, .T. ) ;
#692 = VERTEX_POINT ( 'NONE', #1558 ) ;
#693 = CARTESIAN_POINT ( 'NONE',  ( 1.863497014787721895, -15.27060379597425488, 2.286000000000000032 ) ) ;
#694 = VERTEX_POINT ( 'NONE', #5996 ) ;
#695 = PLANE ( 'NONE',  #5773 ) ;
#696 = DIRECTION ( 'NONE',  ( 0.7071067811865477948, 0.7071067811865473507, -0.000000000000000000 ) ) ;
#697 = EDGE_CURVE ( 'NONE', #1600, #4660, #1490, .T. ) ;
#698 = ORIENTED_EDGE ( 'NONE', *, *, #6265, .T. ) ;
#699 = DIRECTION ( 'NONE',  ( 0.7071067811865470176, 0.7071067811865480168, -0.000000000000000000 ) ) ;
#700 = PLANE ( 'NONE',  #6078 ) ;
#701 = EDGE_LOOP ( 'NONE', ( #6172, #4594, #3016, #312 ) ) ;
#702 = DIRECTION ( 'NONE',  ( -0.7071067811865475727, 0.7071067811865474617, 0.000000000000000000 ) ) ;
#703 = DIRECTION ( 'NONE',  ( -0.000000000000000000, -0.000000000000000000, -1.000000000000000000 ) ) ;
#704 = DIRECTION ( 'NONE',  ( 0.000000000000000000, 0.000000000000000000, 1.000000000000000000 ) ) ;
#705 = ORIENTED_EDGE ( 'NONE', *, *, #2676, .T. ) ;
#706 = ORIENTED_EDGE ( 'NONE', *, *, #940, .F. ) ;
#707 = FACE_OUTER_BOUND ( 'NONE', #3833, .T. ) ;
#708 = ADVANCED_FACE ( 'NONE', ( #4988 ), #1002, .F. ) ;
#709 = EDGE_CURVE ( 'NONE', #4926, #3557, #3516, .T. ) ;
#710 = DIRECTION ( 'NONE',  ( -1.000000000000000000, 0.000000000000000000, 0.000000000000000000 ) ) ;
#711 = ORIENTED_EDGE ( 'NONE', *, *, #5847, .F. ) ;
#712 = EDGE_CURVE ( 'NONE', #3616, #5136, #1651, .T. ) ;
#713 = EDGE_CURVE ( 'NONE', #324, #1403, #4846, .T. ) ;
#714 = ORIENTED_EDGE ( 'NONE', *, *, #781, .F. ) ;
#715 = LINE ( 'NONE', #5167, #2434 ) ;
#716 = CARTESIAN_POINT ( 'NONE',  ( -0.4999999999999998890, -15.83538275175456000, 2.286000000000000032 ) ) ;
#717 = ORIENTED_EDGE ( 'NONE', *, *, #689, .T. ) ;
#718 = APPROVAL_DATE_TIME ( #5718, #3496 ) ;
#719 = VERTEX_POINT ( 'NONE', #6127 ) ;
#720 = VERTEX_POINT ( 'NONE', #2201 ) ;
#721 = VERTEX_POINT ( 'NONE', #202 ) ;
#722 = PLANE ( 'NONE',  #1318 ) ;
#723 = CARTESIAN_POINT ( 'NONE',  ( 1.182358322909695704E-16, -12.69999999999999929, -2.286000000000000032 ) ) ;
#724 = EDGE_CURVE ( 'NONE', #5158, #1744, #5060, .T. ) ;
#725 = LINE ( 'NONE', #2719, #4021 ) ;
#726 = VERTEX_POINT ( 'NONE', #3618 ) ;
#727 = LINE ( 'NONE', #4714, #1800 ) ;
#728 = CARTESIAN_POINT ( 'NONE',  ( 12.69999999999999929, 0.000000000000000000, 2.286000000000000032 ) ) ;
#729 = DIRECTION ( 'NONE',  ( 1.000000000000000000, 0.000000000000000000, 0.000000000000000000 ) ) ;
#730 = LINE ( 'NONE', #4689, #1891 ) ;
#731 = ADVANCED_FACE ( 'NONE', ( #6093 ), #3645, .T. ) ;
#732 = DIRECTION ( 'NONE',  ( 0.000000000000000000, 0.000000000000000000, 1.000000000000000000 ) ) ;
#733 = VECTOR ( 'NONE', #2639, 1000.000000000000000 ) ;
#734 = EDGE_LOOP ( 'NONE', ( #4255, #1044, #5166, #5752 ) ) ;
#735 = CARTESIAN_POINT ( 'NONE',  ( -0.4999999999999994449, 5.204165845787396065E-17, 2.286000000000000032 ) ) ;
#736 = ORIENTED_EDGE ( 'NONE', *, *, #3865, .F. ) ;
#737 = CARTESIAN_POINT ( 'NONE',  ( -0.3535533905932727317, 0.3535533905932727317, 1.000000000000000000 ) ) ;
#738 = CARTESIAN_POINT ( 'NONE',  ( -5.200000000000000178, -8.207106781186551459, 3.049999999999999822 ) ) ;
#739 = VERTEX_POINT ( 'NONE', #3184 ) ;
#740 = AXIS2_PLACEMENT_3D ( 'NONE', #1399, #5351, #834 ) ;
#741 = ORIENTED_EDGE ( 'NONE', *, *, #2992, .F. ) ;
#742 = LINE ( 'NONE', #4252, #4717 ) ;
#743 = ADVANCED_FACE ( 'NONE', ( #4655 ), #3119, .T. ) ;
#744 = VECTOR ( 'NONE', #1818, 1000.000000000000000 ) ;
#745 = LINE ( 'NONE', #2750, #5910 ) ;
#746 = ORIENTED_EDGE ( 'NONE', *, *, #5459, .T. ) ;
#747 = DATE_AND_TIME ( #5690, #4324 ) ;
#748 = VECTOR ( 'NONE', #3314, 1000.000000000000000 ) ;
#749 = VECTOR ( 'NONE', #1854, 1000.000000000000000 ) ;
#750 = ORIENTED_EDGE ( 'NONE', *, *, #3834, .F. ) ;
#751 = AXIS2_PLACEMENT_3D ( 'NONE', #6396, #2828, #2346 ) ;
#752 = VERTEX_POINT ( 'NONE', #3147 ) ;
#753 = VECTOR ( 'NONE', #4645, 1000.000000000000000 ) ;
#754 = EDGE_CURVE ( 'NONE', #6184, #1276, #4198, .T. ) ;
#755 = EDGE_CURVE ( 'NONE', #5900, #3110, #6186, .T. ) ;
#756 = VECTOR ( 'NONE', #1113, 1000.000000000000000 ) ;
#757 = CYLINDRICAL_SURFACE ( 'NONE', #5499, 0.5000000000000004441 ) ;
#758 = ORIENTED_EDGE ( 'NONE', *, *, #5406, .T. ) ;
#759 = DIRECTION ( 'NONE',  ( 0.000000000000000000, 0.000000000000000000, 1.000000000000000000 ) ) ;
#760 = DIRECTION ( 'NONE',  ( -0.000000000000000000, -0.000000000000000000, -1.000000000000000000 ) ) ;
#761 = VECTOR ( 'NONE', #6013, 1000.000000000000000 ) ;
#762 = AXIS2_PLACEMENT_3D ( 'NONE', #3521, #2087, #4598 ) ;
#763 = AXIS2_PLACEMENT_3D ( 'NONE', #2869, #2411, #869 ) ;
#764 = VERTEX_POINT ( 'NONE', #4079 ) ;
#765 = VECTOR ( 'NONE', #1604, 1000.000000000000000 ) ;
#766 = LINE ( 'NONE', #4265, #1500 ) ;
#767 = CARTESIAN_POINT ( 'NONE',  ( 5.996446609406727468, -5.996446609406725692, 1.000000000000000000 ) ) ;
#768 = CIRCLE ( 'NONE', #1612, 3.175000000000000711 ) ;
#769 = VERTEX_POINT ( 'NONE', #5110 ) ;
#770 = DIRECTION ( 'NONE',  ( -0.000000000000000000, -0.000000000000000000, 1.000000000000000000 ) ) ;
#771 = CARTESIAN_POINT ( 'NONE',  ( 1.182358322909695704E-16, -12.69999999999999929, 2.286000000000000032 ) ) ;
#772 = PLANE ( 'NONE',  #2211 ) ;
#773 = CARTESIAN_POINT ( 'NONE',  ( 1.863497014787712791, -2.570603795974261363, -1.000000000000000000 ) ) ;
#774 = AXIS2_PLACEMENT_3D ( 'NONE', #5477, #2499, #5080 ) ;
#775 = ORIENTED_EDGE ( 'NONE', *, *, #1065, .F. ) ;
#776 = ADVANCED_FACE ( 'NONE', ( #4626 ), #4680, .F. ) ;
#777 = ORIENTED_EDGE ( 'NONE', *, *, #6115, .T. ) ;
#778 = CARTESIAN_POINT ( 'NONE',  ( 12.70000000000000107, 5.200000000000000178, -3.049999999999999822 ) ) ;
#779 = LINE ( 'NONE', #3754, #5760 ) ;
#780 = VERTEX_POINT ( 'NONE', #3091 ) ;
#781 = EDGE_CURVE ( 'NONE', #5108, #1003, #3709, .T. ) ;
#782 = VERTEX_POINT ( 'NONE', #2665 ) ;
#783 = DIRECTION ( 'NONE',  ( -1.000000000000000000, 0.000000000000000000, 0.000000000000000000 ) ) ;
#784 = DIRECTION ( 'NONE',  ( -0.000000000000000000, -0.000000000000000000, -1.000000000000000000 ) ) ;
#785 = ORIENTED_EDGE ( 'NONE', *, *, #1878, .F. ) ;
#786 = CYLINDRICAL_SURFACE ( 'NONE', #2230, 3.175000000000000711 ) ;
#787 = CIRCLE ( 'NONE', #5989, 3.174999999999999822 ) ;
#788 = VERTEX_POINT ( 'NONE', #4169 ) ;
#789 = VECTOR ( 'NONE', #2920, 1000.000000000000000 ) ;
#790 = VERTEX_POINT ( 'NONE', #1217 ) ;
#791 = CARTESIAN_POINT ( 'NONE',  ( 10.83650298521228450, 2.570603795974261363, 2.286000000000000032 ) ) ;
#792 = EDGE_LOOP ( 'NONE', ( #1079, #3087, #4388, #4189, #4850, #1764 ) ) ;
#793 = DIRECTION ( 'NONE',  ( 1.000000000000000000, 0.000000000000000000, 0.000000000000000000 ) ) ;
#794 = EDGE_CURVE ( 'NONE', #2785, #3536, #3670, .T. ) ;
#795 = LINE ( 'NONE', #4395, #251 ) ;
#796 = VECTOR ( 'NONE', #1102, 1000.000000000000000 ) ;
#797 = EDGE_CURVE ( 'NONE', #4393, #3509, #4596, .T. ) ;
#798 = ORIENTED_EDGE ( 'NONE', *, *, #295, .T. ) ;
#799 = CARTESIAN_POINT ( 'NONE',  ( 12.69999999999999929, 0.000000000000000000, 1.000000000000000000 ) ) ;
#800 = CARTESIAN_POINT ( 'NONE',  ( -0.4999999999999994449, 5.204165845787396065E-17, 1.000000000000000000 ) ) ;
#801 = EDGE_LOOP ( 'NONE', ( #1602, #643, #6113, #2357 ) ) ;
#802 = DIRECTION ( 'NONE',  ( -0.7071067811865479058, -0.7071067811865472397, 0.000000000000000000 ) ) ;
#803 = DIRECTION ( 'NONE',  ( 0.000000000000000000, 0.000000000000000000, 1.000000000000000000 ) ) ;
#804 = DIRECTION ( 'NONE',  ( 0.7071067811865479058, 0.7071067811865472397, -0.000000000000000000 ) ) ;
#805 = DIRECTION ( 'NONE',  ( -1.855319225643643724E-16, 1.000000000000000000, 0.000000000000000000 ) ) ;
#806 = ADVANCED_FACE ( 'NONE', ( #604 ), #1678, .F. ) ;
#807 = VERTEX_POINT ( 'NONE', #5174 ) ;
#808 = DIRECTION ( 'NONE',  ( -0.000000000000000000, -0.000000000000000000, -1.000000000000000000 ) ) ;
#809 = ORIENTED_EDGE ( 'NONE', *, *, #5046, .T. ) ;
#810 = LINE ( 'NONE', #3294, #1627 ) ;
#811 = DIRECTION ( 'NONE',  ( -1.000000000000000000, 0.000000000000000000, 0.000000000000000000 ) ) ;
#812 = EDGE_CURVE ( 'NONE', #2198, #719, #3582, .T. ) ;
#813 = ORIENTED_EDGE ( 'NONE', *, *, #6194, .F. ) ;
#814 = DIRECTION ( 'NONE',  ( 0.000000000000000000, 0.000000000000000000, 1.000000000000000000 ) ) ;
#815 = PLANE ( 'NONE',  #4978 ) ;
#816 = EDGE_LOOP ( 'NONE', ( #5659, #4378, #206, #3189, #6250 ) ) ;
#817 = EDGE_CURVE ( 'NONE', #5335, #631, #4232, .T. ) ;
#818 = CARTESIAN_POINT ( 'NONE',  ( -5.200000000000000178, -8.207106781186551459, -1.000000000000000000 ) ) ;
#819 = ORIENTED_EDGE ( 'NONE', *, *, #2720, .F. ) ;
#820 = ORIENTED_EDGE ( 'NONE', *, *, #6313, .T. ) ;
#821 = DIRECTION ( 'NONE',  ( 0.000000000000000000, -1.000000000000000000, 0.000000000000000000 ) ) ;
#822 = VERTEX_POINT ( 'NONE', #5298 ) ;
#823 = EDGE_CURVE ( 'NONE', #1636, #3095, #296, .T. ) ;
#824 = FACE_OUTER_BOUND ( 'NONE', #3706, .T. ) ;
#825 = ORIENTED_EDGE ( 'NONE', *, *, #4668, .T. ) ;
#826 = CARTESIAN_POINT ( 'NONE',  ( -5.200000000000005507, -4.804415587728419368, 3.049999999999999822 ) ) ;
#827 = CARTESIAN_POINT ( 'NONE',  ( 0.000000000000000000, 0.000000000000000000, -1.000000000000000000 ) ) ;
#828 = ORIENTED_EDGE ( 'NONE', *, *, #3820, .F. ) ;
#829 = PLANE ( 'NONE',  #4396 ) ;
#830 = DIRECTION ( 'NONE',  ( -0.7071067811865474617, 0.7071067811865474617, 0.000000000000000000 ) ) ;
#831 = FACE_BOUND ( 'NONE', #2015, .T. ) ;
#832 = PLANE ( 'NONE',  #3790 ) ;
#833 = EDGE_LOOP ( 'NONE', ( #6365, #4297, #2766, #3562, #6001, #4268 ) ) ;
#834 = DIRECTION ( 'NONE',  ( 1.000000000000000000, 0.000000000000000000, -0.000000000000000000 ) ) ;
#835 = CARTESIAN_POINT ( 'NONE',  ( 5.218629150101527614, 6.199999999999999289, 3.049999999999999822 ) ) ;
#836 = ORIENTED_EDGE ( 'NONE', *, *, #5891, .F. ) ;
#837 = CARTESIAN_POINT ( 'NONE',  ( 7.895584412271571928, 5.200000000000000178, 2.286000000000000032 ) ) ;
#838 = AXIS2_PLACEMENT_3D ( 'NONE', #5263, #784, #4768 ) ;
#839 = DIRECTION ( 'NONE',  ( 0.7071067811865469066, -0.7071067811865481278, 0.000000000000000000 ) ) ;
#840 = EDGE_LOOP ( 'NONE', ( #4327, #1562, #6430, #4818 ) ) ;
#841 = VERTEX_POINT ( 'NONE', #3836 ) ;
#842 = ORIENTED_EDGE ( 'NONE', *, *, #5715, .T. ) ;
#843 = DIRECTION ( 'NONE',  ( 0.7071067811865470176, -0.7071067811865480168, 0.000000000000000000 ) ) ;
#844 = LINE ( 'NONE', #2423, #4719 ) ;
#845 = FACE_OUTER_BOUND ( 'NONE', #3850, .T. ) ;
#846 = LINE ( 'NONE', #5222, #1313 ) ;
#847 = DIRECTION ( 'NONE',  ( 0.7071067811865475727, 0.7071067811865474617, -0.000000000000000000 ) ) ;
#848 = EDGE_LOOP ( 'NONE', ( #387, #2141, #216, #401 ) ) ;
#849 = DIRECTION ( 'NONE',  ( -1.000000000000000000, 0.000000000000000000, 0.000000000000000000 ) ) ;
#850 = AXIS2_PLACEMENT_3D ( 'NONE', #735, #2734, #4306 ) ;
#851 = ORIENTED_EDGE ( 'NONE', *, *, #3199, .T. ) ;
#852 = EDGE_CURVE ( 'NONE', #2302, #2009, #1743, .T. ) ;
#853 = VERTEX_POINT ( 'NONE', #4260 ) ;
#854 = DIRECTION ( 'NONE',  ( 1.000000000000000000, 0.000000000000000000, -0.000000000000000000 ) ) ;
#855 = ORIENTED_EDGE ( 'NONE', *, *, #4566, .T. ) ;
#856 = CARTESIAN_POINT ( 'NONE',  ( 5.199999999999997513, -17.19289321881344179, 3.049999999999999822 ) ) ;
#857 = AXIS2_PLACEMENT_3D ( 'NONE', #2971, #6063, #2064 ) ;
#858 = DIRECTION ( 'NONE',  ( 0.7071067811865489050, 0.7071067811865462405, 0.000000000000000000 ) ) ;
#859 = AXIS2_PLACEMENT_3D ( 'NONE', #5856, #4400, #1452 ) ;
#860 = CIRCLE ( 'NONE', #4527, 3.174999999999999822 ) ;
#861 = ORIENTED_EDGE ( 'NONE', *, *, #4282, .T. ) ;
#862 = AXIS2_PLACEMENT_3D ( 'NONE', #6112, #1639, #3636 ) ;
#863 = DIRECTION ( 'NONE',  ( 0.000000000000000000, 0.000000000000000000, 1.000000000000000000 ) ) ;
#864 = DIRECTION ( 'NONE',  ( -0.7071067811865470176, -0.7071067811865480168, 0.000000000000000000 ) ) ;
#865 = AXIS2_PLACEMENT_3D ( 'NONE', #3655, #516, #2513 ) ;
#866 = ORIENTED_EDGE ( 'NONE', *, *, #5811, .T. ) ;
#867 = VECTOR ( 'NONE', #2304, 1000.000000000000114 ) ;
#868 = CARTESIAN_POINT ( 'NONE',  ( -4.648654403270944258, -7.344238815542508902, 2.286000000000000032 ) ) ;
#869 = DIRECTION ( 'NONE',  ( -1.000000000000000000, 0.000000000000000000, 0.000000000000000000 ) ) ;
#870 = FACE_OUTER_BOUND ( 'NONE', #2666, .T. ) ;
#871 = DIRECTION ( 'NONE',  ( 0.000000000000000000, 0.000000000000000000, -1.000000000000000000 ) ) ;
#872 = AXIS2_PLACEMENT_3D ( 'NONE', #5072, #4097, #2518 ) ;
#873 = VECTOR ( 'NONE', #3107, 1000.000000000000000 ) ;
#874 = CIRCLE ( 'NONE', #6199, 1.499999999999997780 ) ;
#875 = VERTEX_POINT ( 'NONE', #3336 ) ;
#876 = LINE ( 'NONE', #5866, #1689 ) ;
#877 = DIRECTION ( 'NONE',  ( -1.000000000000000000, 0.000000000000000000, 0.000000000000000000 ) ) ;
#878 = CIRCLE ( 'NONE', #3173, 3.174999999999999822 ) ;
#879 = ORIENTED_EDGE ( 'NONE', *, *, #3105, .T. ) ;
#880 = AXIS2_PLACEMENT_3D ( 'NONE', #4584, #5593, #5002 ) ;
#881 = LINE ( 'NONE', #4309, #6005 ) ;
#882 = CARTESIAN_POINT ( 'NONE',  ( -6.200000000000000178, -7.592810154713589835E-16, -3.049999999999999822 ) ) ;
#883 = PLANE ( 'NONE',  #3383 ) ;
#884 = ORIENTED_EDGE ( 'NONE', *, *, #5295, .T. ) ;
#885 = ADVANCED_FACE ( 'NONE', ( #1243 ), #757, .F. ) ;
#886 = EDGE_CURVE ( 'NONE', #2991, #3509, #4326, .T. ) ;
#887 = DIRECTION ( 'NONE',  ( -0.000000000000000000, -0.000000000000000000, -1.000000000000000000 ) ) ;
#888 = CARTESIAN_POINT ( 'NONE',  ( 6.703553390593271821, -6.703553390593268269, 2.286000000000000032 ) ) ;
#889 = DIRECTION ( 'NONE',  ( 1.000000000000000000, 0.000000000000000000, 0.000000000000000000 ) ) ;
#890 = DIRECTION ( 'NONE',  ( 0.000000000000000000, 0.000000000000000000, 1.000000000000000000 ) ) ;
#891 = EDGE_LOOP ( 'NONE', ( #6211, #2784, #2414, #4130, #4906, #6108 ) ) ;
#892 = CARTESIAN_POINT ( 'NONE',  ( 6.699999999999993960, -6.699999999999999289, 3.049999999999999822 ) ) ;
#893 = EDGE_CURVE ( 'NONE', #1997, #4108, #1344, .T. ) ;
#894 = ORIENTED_EDGE ( 'NONE', *, *, #1758, .F. ) ;
#895 = DIRECTION ( 'NONE',  ( -1.024442997624098830E-16, 1.000000000000000000, 0.000000000000000000 ) ) ;
#896 = LINE ( 'NONE', #4884, #1904 ) ;
#897 = FACE_OUTER_BOUND ( 'NONE', #816, .T. ) ;
#898 = EDGE_CURVE ( 'NONE', #6152, #2873, #4464, .T. ) ;
#899 = ORIENTED_EDGE ( 'NONE', *, *, #6114, .F. ) ;
#900 = CARTESIAN_POINT ( 'NONE',  ( -1.863497014787715678, -22.82939620402574121, -2.286000000000000032 ) ) ;
#901 = DIRECTION ( 'NONE',  ( 0.000000000000000000, -1.000000000000000000, 0.000000000000000000 ) ) ;
#902 = EDGE_LOOP ( 'NONE', ( #3952, #1190, #3344, #3301, #5531, #819, #5253, #4994 ) ) ;
#903 = DIRECTION ( 'NONE',  ( -0.7071067811865479058, 0.7071067811865472397, 0.000000000000000000 ) ) ;
#904 = CARTESIAN_POINT ( 'NONE',  ( -4.648654403270946034, -18.05576118445749145, -1.000000000000000444 ) ) ;
#905 = CARTESIAN_POINT ( 'NONE',  ( -0.3535533905932727872, 0.3535533905932727872, -2.286000000000000032 ) ) ;
#906 = CARTESIAN_POINT ( 'NONE',  ( -5.200000000000001954, -17.50441558772843109, 3.049999999999999822 ) ) ;
#907 = VECTOR ( 'NONE', #3703, 1000.000000000000000 ) ;
#908 = EDGE_CURVE ( 'NONE', #5165, #23, #2163, .T. ) ;
#909 = PLANE ( 'NONE',  #3356 ) ;
#910 = EDGE_LOOP ( 'NONE', ( #6035, #6049, #5328, #231 ) ) ;
#911 = DIRECTION ( 'NONE',  ( 0.000000000000000000, 0.000000000000000000, 1.000000000000000000 ) ) ;
#912 = CARTESIAN_POINT ( 'NONE',  ( 12.69999999999999751, -6.200000000000000178, -3.049999999999999822 ) ) ;
#913 = EDGE_LOOP ( 'NONE', ( #442, #2053, #6457, #5095 ) ) ;
#914 = PLANE ( 'NONE',  #2731 ) ;
#915 = DIRECTION ( 'NONE',  ( 1.000000000000000000, -1.635594980104611741E-16, 0.000000000000000000 ) ) ;
#916 = ADVANCED_FACE ( 'NONE', ( #5230 ), #6220, .F. ) ;
#917 = CARTESIAN_POINT ( 'NONE',  ( 5.199999999999996625, -17.50441558772843820, -3.049999999999999822 ) ) ;
#918 = EDGE_CURVE ( 'NONE', #6159, #1288, #2684, .T. ) ;
#919 = LINE ( 'NONE', #946, #5660 ) ;
#920 = CARTESIAN_POINT ( 'NONE',  ( 0.5000000000000024425, -8.177974900523098149E-17, 2.286000000000000032 ) ) ;
#921 = DIRECTION ( 'NONE',  ( 0.000000000000000000, 0.000000000000000000, 1.000000000000000000 ) ) ;
#922 = LINE ( 'NONE', #1372, #5661 ) ;
#923 = EDGE_CURVE ( 'NONE', #5903, #780, #6249, .T. ) ;
#924 = LINE ( 'NONE', #4907, #2855 ) ;
#925 = EDGE_CURVE ( 'NONE', #5739, #4618, #2857, .T. ) ;
#926 = ORIENTED_EDGE ( 'NONE', *, *, #3768, .F. ) ;
#927 = CYLINDRICAL_SURFACE ( 'NONE', #593, 3.174999999999999822 ) ;
#928 = PLANE ( 'NONE',  #3914 ) ;
#929 = DIRECTION ( 'NONE',  ( 0.7071067811865489050, 0.7071067811865462405, -0.000000000000000000 ) ) ;
#930 = ORIENTED_EDGE ( 'NONE', *, *, #4530, .F. ) ;
#931 = DIRECTION ( 'NONE',  ( -0.7071067811865479058, 0.7071067811865472397, 0.000000000000000000 ) ) ;
#932 = PLANE ( 'NONE',  #6074 ) ;
#933 = DIRECTION ( 'NONE',  ( 0.000000000000000000, 0.000000000000000000, 1.000000000000000000 ) ) ;
#934 = ORIENTED_EDGE ( 'NONE', *, *, #5423, .T. ) ;
#935 = CARTESIAN_POINT ( 'NONE',  ( 1.863497014787721895, -15.27060379597425488, 2.286000000000000032 ) ) ;
#936 = DIRECTION ( 'NONE',  ( 0.000000000000000000, 0.000000000000000000, 1.000000000000000000 ) ) ;
#937 = ORIENTED_EDGE ( 'NONE', *, *, #1968, .T. ) ;
#938 = FACE_OUTER_BOUND ( 'NONE', #2286, .T. ) ;
#939 = CYLINDRICAL_SURFACE ( 'NONE', #3779, 3.175000000000000711 ) ;
#940 = EDGE_CURVE ( 'NONE', #6152, #3724, #1811, .T. ) ;
#941 = ORIENTED_EDGE ( 'NONE', *, *, #4624, .T. ) ;
#942 = DIRECTION ( 'NONE',  ( 1.486904527367829102E-16, -1.000000000000000000, 0.000000000000000000 ) ) ;
#943 = DIRECTION ( 'NONE',  ( 0.000000000000000000, 0.000000000000000000, 1.000000000000000000 ) ) ;
#944 = LINE ( 'NONE', #2463, #5464 ) ;
#945 = AXIS2_PLACEMENT_3D ( 'NONE', #2426, #1371, #889 ) ;
#946 = CARTESIAN_POINT ( 'NONE',  ( 1.347792206135791870, -1.347792206135789872, -1.000000000000000000 ) ) ;
#947 = FACE_OUTER_BOUND ( 'NONE', #2947, .T. ) ;
#948 = LINE ( 'NONE', #1869, #3448 ) ;
#949 = CARTESIAN_POINT ( 'NONE',  ( -0.4999999999999997780, -3.135382751754560271, 2.286000000000000032 ) ) ;
#950 = VERTEX_POINT ( 'NONE', #5793 ) ;
#951 = CARTESIAN_POINT ( 'NONE',  ( -0.5000000000000004441, -9.564617248245438574, -2.286000000000000032 ) ) ;
#952 = PERSON ( 'UNSPECIFIED', 'UNSPECIFIED', 'UNSPECIFIED', ('UNSPECIFIED'), ('UNSPECIFIED'), ('UNSPECIFIED') ) ;
#953 = VECTOR ( 'NONE', #125, 1000.000000000000000 ) ;
#954 = VERTEX_POINT ( 'NONE', #1314 ) ;
#955 = CARTESIAN_POINT ( 'NONE',  ( 4.648654403270946034, -20.04423881554251352, 2.286000000000000032 ) ) ;
#956 = EDGE_LOOP ( 'NONE', ( #4954, #6471, #7, #5109, #266, #5231, #698, #2339 ) ) ;
#957 = PLANE ( 'NONE',  #561 ) ;
#958 = CARTESIAN_POINT ( 'NONE',  ( 0.000000000000000000, -5.199999999999999289, 1.000000000000000000 ) ) ;
#959 = VECTOR ( 'NONE', #911, 1000.000000000000000 ) ;
#960 = ADVANCED_FACE ( 'NONE', ( #3305 ), #1873, .T. ) ;
#961 = CARTESIAN_POINT ( 'NONE',  ( 6.703553390593275374, -6.703553390593273598, 2.286000000000000032 ) ) ;
#962 = CARTESIAN_POINT ( 'NONE',  ( 10.59999999999999787, 2.571758278209441464E-16, -2.286000000000000032 ) ) ;
#963 = VECTOR ( 'NONE', #2822, 999.9999999999998863 ) ;
#964 = LINE ( 'NONE', #4053, #1511 ) ;
#965 = ORIENTED_EDGE ( 'NONE', *, *, #482, .T. ) ;
#966 = CARTESIAN_POINT ( 'NONE',  ( 12.69999999999999929, 5.200000000000000178, 3.049999999999999822 ) ) ;
#967 = VECTOR ( 'NONE', #1953, 1000.000000000000000 ) ;
#968 = VECTOR ( 'NONE', #2044, 999.9999999999998863 ) ;
#969 = ORIENTED_EDGE ( 'NONE', *, *, #3296, .T. ) ;
#970 = CARTESIAN_POINT ( 'NONE',  ( -5.068629150101529923, -19.05000000000000426, -3.049999999999999822 ) ) ;
#971 = LINE ( 'NONE', #542, #2018 ) ;
#972 = VECTOR ( 'NONE', #4055, 1000.000000000000000 ) ;
#973 = VECTOR ( 'NONE', #6295, 1000.000000000000000 ) ;
#974 = VECTOR ( 'NONE', #1629, 1000.000000000000000 ) ;
#975 = CARTESIAN_POINT ( 'NONE',  ( 5.996446609406726580, 5.996446609406726580, -1.000000000000000000 ) ) ;
#976 = CARTESIAN_POINT ( 'NONE',  ( 6.699999999999993960, -6.699999999999999289, 3.049999999999999822 ) ) ;
#977 = VECTOR ( 'NONE', #5375, 999.9999999999998863 ) ;
#978 = AXIS2_PLACEMENT_3D ( 'NONE', #1439, #5463, #2843 ) ;
#979 = FACE_OUTER_BOUND ( 'NONE', #3524, .T. ) ;
#980 = EDGE_CURVE ( 'NONE', #3110, #875, #3828, .T. ) ;
#981 = ADVANCED_FACE ( 'NONE', ( #236 ), #722, .T. ) ;
#982 = VERTEX_POINT ( 'NONE', #4706 ) ;
#983 = VECTOR ( 'NONE', #5142, 1000.000000000000000 ) ;
#984 = DIRECTION ( 'NONE',  ( 0.000000000000000000, 0.000000000000000000, 1.000000000000000000 ) ) ;
#985 = EDGE_LOOP ( 'NONE', ( #3018, #4086, #1542, #2530 ) ) ;
#986 = CARTESIAN_POINT ( 'NONE',  ( 8.207106781186546129, -5.199999999999999289, -2.286000000000000032 ) ) ;
#987 = CARTESIAN_POINT ( 'NONE',  ( 12.69999999999999929, 0.000000000000000000, -2.286000000000000032 ) ) ;
#988 = CARTESIAN_POINT ( 'NONE',  ( -5.200000000000000178, -8.207106781186551459, 1.000000000000000000 ) ) ;
#989 = ORIENTED_EDGE ( 'NONE', *, *, #5756, .T. ) ;
#990 = DIRECTION ( 'NONE',  ( -0.000000000000000000, -0.000000000000000000, -1.000000000000000000 ) ) ;
#991 = VECTOR ( 'NONE', #1206, 1000.000000000000000 ) ;
#992 = EDGE_CURVE ( 'NONE', #243, #2146, #2239, .T. ) ;
#993 = VERTEX_POINT ( 'NONE', #3437 ) ;
#994 = CARTESIAN_POINT ( 'NONE',  ( -5.200000000000000178, 6.368163355566236381E-16, 1.000000000000000000 ) ) ;
#995 = EDGE_LOOP ( 'NONE', ( #4202, #1165, #588, #3153 ) ) ;
#996 = FACE_OUTER_BOUND ( 'NONE', #1057, .T. ) ;
#997 = LINE ( 'NONE', #4984, #3491 ) ;
#998 = VERTEX_POINT ( 'NONE', #6385 ) ;
#999 = EDGE_LOOP ( 'NONE', ( #3726, #989, #2867, #5604 ) ) ;
#1000 = DIRECTION ( 'NONE',  ( -0.000000000000000000, -0.000000000000000000, -1.000000000000000000 ) ) ;
#1001 = EDGE_CURVE ( 'NONE', #954, #3267, #4392, .T. ) ;
#1002 = PLANE ( 'NONE',  #4022 ) ;
#1003 = VERTEX_POINT ( 'NONE', #994 ) ;
#1004 = CARTESIAN_POINT ( 'NONE',  ( -3.174999999999999822, 0.000000000000000000, 2.286000000000000032 ) ) ;
#1005 = CARTESIAN_POINT ( 'NONE',  ( -4.648654403270939817, -5.355761184457484170, -2.286000000000000032 ) ) ;
#1006 = CARTESIAN_POINT ( 'NONE',  ( 0.000000000000000000, 0.000000000000000000, 1.000000000000000000 ) ) ;
#1007 = ADVANCED_FACE ( 'NONE', ( #5009 ), #10, .T. ) ;
#1008 = ORIENTED_EDGE ( 'NONE', *, *, #5432, .T. ) ;
#1009 = DIRECTION ( 'NONE',  ( 0.000000000000000000, 0.000000000000000000, 1.000000000000000000 ) ) ;
#1010 = DIRECTION ( 'NONE',  ( -0.000000000000000000, -0.000000000000000000, -1.000000000000000000 ) ) ;
#1011 = VECTOR ( 'NONE', #1947, 1000.000000000000000 ) ;
#1012 = LINE ( 'NONE', #2485, #5258 ) ;
#1013 = CARTESIAN_POINT ( 'NONE',  ( 5.199999999999997513, -17.19289321881344179, 2.286000000000000032 ) ) ;
#1014 = CARTESIAN_POINT ( 'NONE',  ( 5.199999999999997513, -25.39999999999999858, 2.286000000000000032 ) ) ;
#1015 = ADVANCED_FACE ( 'NONE', ( #497 ), #4982, .T. ) ;
#1016 = AXIS2_PLACEMENT_3D ( 'NONE', #2085, #2601, #5664 ) ;
#1017 = CARTESIAN_POINT ( 'NONE',  ( 7.481370849898477005, 6.200000000000001066, -3.049999999999999822 ) ) ;
#1018 = ORIENTED_EDGE ( 'NONE', *, *, #817, .T. ) ;
#1019 = DIRECTION ( 'NONE',  ( 1.000000000000000000, 0.000000000000000000, 0.000000000000000000 ) ) ;
#1020 = DIRECTION ( 'NONE',  ( -0.7071067811865477948, 0.7071067811865473507, 0.000000000000000000 ) ) ;
#1021 = CARTESIAN_POINT ( 'NONE',  ( 13.05355339059327768, -13.05355339059327058, 1.000000000000000000 ) ) ;
#1022 = VERTEX_POINT ( 'NONE', #1905 ) ;
#1023 = LINE ( 'NONE', #5431, #6297 ) ;
#1024 = ORIENTED_EDGE ( 'NONE', *, *, #5325, .T. ) ;
#1025 = EDGE_CURVE ( 'NONE', #3708, #4078, #1482, .T. ) ;
#1026 = CARTESIAN_POINT ( 'NONE',  ( 2.214716320084738350E-15, -25.39999999999999858, 2.286000000000000032 ) ) ;
#1027 = DIRECTION ( 'NONE',  ( -0.000000000000000000, -0.000000000000000000, -1.000000000000000000 ) ) ;
#1028 = LINE ( 'NONE', #5438, #1614 ) ;
#1029 = EDGE_LOOP ( 'NONE', ( #6106, #5296, #291, #1414, #5430, #2248 ) ) ;
#1030 = ORIENTED_EDGE ( 'NONE', *, *, #5357, .F. ) ;
#1031 = CARTESIAN_POINT ( 'NONE',  ( 8.207106781186546129, -5.199999999999999289, 3.049999999999999822 ) ) ;
#1032 = DIRECTION ( 'NONE',  ( -0.000000000000000000, -0.000000000000000000, -1.000000000000000000 ) ) ;
#1033 = ORIENTED_EDGE ( 'NONE', *, *, #423, .F. ) ;
#1034 = CARTESIAN_POINT ( 'NONE',  ( 5.199999999999998401, -6.792893218813454759, 1.000000000000000000 ) ) ;
#1035 = CARTESIAN_POINT ( 'NONE',  ( 0.000000000000000000, 0.000000000000000000, 2.286000000000000032 ) ) ;
#1036 = ORIENTED_EDGE ( 'NONE', *, *, #980, .F. ) ;
#1037 = DIRECTION ( 'NONE',  ( -1.000000000000000000, 0.000000000000000000, 0.000000000000000000 ) ) ;
#1038 = DIRECTION ( 'NONE',  ( 0.7071067811865474617, 0.7071067811865476838, -0.000000000000000000 ) ) ;
#1039 = ORIENTED_EDGE ( 'NONE', *, *, #233, .F. ) ;
#1040 = EDGE_CURVE ( 'NONE', #367, #841, #3910, .T. ) ;
#1041 = LINE ( 'NONE', #1071, #6416 ) ;
#1042 = CARTESIAN_POINT ( 'NONE',  ( 0.000000000000000000, 6.200000000000000178, -3.049999999999999822 ) ) ;
#1043 = DIRECTION ( 'NONE',  ( -0.000000000000000000, 0.000000000000000000, -1.000000000000000000 ) ) ;
#1044 = ORIENTED_EDGE ( 'NONE', *, *, #712, .T. ) ;
#1045 = DIRECTION ( 'NONE',  ( 1.000000000000000000, 0.000000000000000000, 0.000000000000000000 ) ) ;
#1046 = ORIENTED_EDGE ( 'NONE', *, *, #5154, .F. ) ;
#1047 = CARTESIAN_POINT ( 'NONE',  ( -0.5000000000000023315, -7.434522636839178791E-17, 1.000000000000000000 ) ) ;
#1048 = CARTESIAN_POINT ( 'NONE',  ( 8.207106781186546129, 5.200000000000000178, -2.286000000000000032 ) ) ;
#1049 = ORIENTED_EDGE ( 'NONE', *, *, #5432, .F. ) ;
#1050 = DIRECTION ( 'NONE',  ( -0.7071067811865473507, 0.7071067811865477948, 0.000000000000000000 ) ) ;
#1051 = ORIENTED_EDGE ( 'NONE', *, *, #3865, .T. ) ;
#1052 = CARTESIAN_POINT ( 'NONE',  ( -3.174999999999997602, -25.39999999999999858, 2.286000000000000032 ) ) ;
#1053 = ORIENTED_EDGE ( 'NONE', *, *, #1824, .F. ) ;
#1054 = CARTESIAN_POINT ( 'NONE',  ( -5.200000000000000178, -25.39999999999999858, 3.049999999999999822 ) ) ;
#1055 = AXIS2_PLACEMENT_3D ( 'NONE', #1111, #1503, #2584 ) ;
#1056 = ADVANCED_FACE ( 'NONE', ( #5893 ), #927, .T. ) ;
#1057 = EDGE_LOOP ( 'NONE', ( #1319, #937, #6368, #2927 ) ) ;
#1058 = ADVANCED_FACE ( 'NONE', ( #2049 ), #5474, .T. ) ;
#1059 = ORIENTED_EDGE ( 'NONE', *, *, #908, .F. ) ;
#1060 = FACE_OUTER_BOUND ( 'NONE', #1565, .T. ) ;
#1061 = PLANE ( 'NONE',  #6203 ) ;
#1062 = ORIENTED_EDGE ( 'NONE', *, *, #3657, .F. ) ;
#1063 = DIRECTION ( 'NONE',  ( 0.000000000000000000, -1.000000000000000000, 0.000000000000000000 ) ) ;
#1064 = PLANE ( 'NONE',  #459 ) ;
#1065 = EDGE_CURVE ( 'NONE', #2773, #3481, #5436, .T. ) ;
#1066 = ORIENTED_EDGE ( 'NONE', *, *, #3207, .T. ) ;
#1067 = VECTOR ( 'NONE', #2351, 999.9999999999998863 ) ;
#1068 = CARTESIAN_POINT ( 'NONE',  ( 13.05355339059327946, -13.05355339059327058, 2.286000000000000032 ) ) ;
#1069 = PLANE ( 'NONE',  #2841 ) ;
#1070 = VECTOR ( 'NONE', #5085, 1000.000000000000000 ) ;
#1071 = CARTESIAN_POINT ( 'NONE',  ( 3.717261318419573372E-17, 0.5000000000000001110, 1.000000000000000000 ) ) ;
#1072 = CARTESIAN_POINT ( 'NONE',  ( 5.218629150101527614, 6.199999999999999289, 3.050999999999999712 ) ) ;
#1073 = PLANE ( 'NONE',  #2648 ) ;
#1074 = VECTOR ( 'NONE', #3954, 1000.000000000000000 ) ;
#1075 = AXIS2_PLACEMENT_3D ( 'NONE', #5221, #4795, #5367 ) ;
#1076 = AXIS2_PLACEMENT_3D ( 'NONE', #4972, #5842, #5943 ) ;
#1077 = EDGE_LOOP ( 'NONE', ( #6017, #6012, #6030, #1812 ) ) ;
#1078 = VECTOR ( 'NONE', #4068, 1000.000000000000000 ) ;
#1079 = ORIENTED_EDGE ( 'NONE', *, *, #1481, .T. ) ;
#1080 = VECTOR ( 'NONE', #4419, 1000.000000000000000 ) ;
#1081 = DIRECTION ( 'NONE',  ( -0.7071067811865469066, -0.7071067811865482389, 0.000000000000000000 ) ) ;
#1082 = LINE ( 'NONE', #6230, #4125 ) ;
#1083 = EDGE_CURVE ( 'NONE', #853, #1550, #4432, .T. ) ;
#1084 = AXIS2_PLACEMENT_3D ( 'NONE', #4018, #1063, #5055 ) ;
#1085 = LINE ( 'NONE', #5073, #2025 ) ;
#1086 = ORIENTED_EDGE ( 'NONE', *, *, #2348, .F. ) ;
#1087 = AXIS2_PLACEMENT_3D ( 'NONE', #4346, #5838, #5317 ) ;
#1088 = EDGE_CURVE ( 'NONE', #683, #5220, #4044, .T. ) ;
#1089 = AXIS2_PLACEMENT_3D ( 'NONE', #2589, #2615, #4038 ) ;
#1090 = VECTOR ( 'NONE', #2559, 1000.000000000000000 ) ;
#1091 = ORIENTED_EDGE ( 'NONE', *, *, #1755, .F. ) ;
#1092 = CIRCLE ( 'NONE', #4733, 2.100000000000000089 ) ;
#1093 = LINE ( 'NONE', #6080, #4205 ) ;
#1094 = CIRCLE ( 'NONE', #1930, 3.174999999999999822 ) ;
#1095 = CIRCLE ( 'NONE', #4735, 3.174999999999999822 ) ;
#1096 = CARTESIAN_POINT ( 'NONE',  ( 6.703553390593275374, -6.703553390593273598, 2.286000000000000032 ) ) ;
#1097 = ORIENTED_EDGE ( 'NONE', *, *, #1458, .T. ) ;
#1098 = LINE ( 'NONE', #1554, #4221 ) ;
#1099 = EDGE_CURVE ( 'NONE', #4406, #1469, #4528, .T. ) ;
#1100 = ORIENTED_EDGE ( 'NONE', *, *, #676, .F. ) ;
#1101 = ORIENTED_EDGE ( 'NONE', *, *, #2454, .F. ) ;
#1102 = DIRECTION ( 'NONE',  ( 0.7071067811865479058, -0.7071067811865472397, 0.000000000000000000 ) ) ;
#1103 = CARTESIAN_POINT ( 'NONE',  ( -0.5000000000000004441, -9.564617248245438574, -1.000000000000000000 ) ) ;
#1104 = EDGE_CURVE ( 'NONE', #3476, #2306, #4002, .T. ) ;
#1105 = CARTESIAN_POINT ( 'NONE',  ( -6.703553390593268269, -6.703553390593279815, -1.000000000000000000 ) ) ;
#1106 = VERTEX_POINT ( 'NONE', #5986 ) ;
#1107 = CARTESIAN_POINT ( 'NONE',  ( 2.214716320084738350E-15, -25.39999999999999858, 2.286000000000000032 ) ) ;
#1108 = LINE ( 'NONE', #5702, #2438 ) ;
#1109 = EDGE_LOOP ( 'NONE', ( #3240, #5101, #5305, #18 ) ) ;
#1110 = LINE ( 'NONE', #975, #225 ) ;
#1111 = CARTESIAN_POINT ( 'NONE',  ( 0.000000000000000000, 0.000000000000000000, -1.000000000000000000 ) ) ;
#1112 = ADVANCED_FACE ( 'NONE', ( #5921 ), #6456, .F. ) ;
#1113 = DIRECTION ( 'NONE',  ( -0.000000000000000000, -0.000000000000000000, -1.000000000000000000 ) ) ;
#1114 = ORIENTED_EDGE ( 'NONE', *, *, #602, .F. ) ;
#1115 = VERTEX_POINT ( 'NONE', #1978 ) ;
#1116 = CARTESIAN_POINT ( 'NONE',  ( -0.5000000000000004441, -9.564617248245438574, 2.286000000000000032 ) ) ;
#1117 = DIRECTION ( 'NONE',  ( 0.7071067811865473507, -0.7071067811865477948, 0.000000000000000000 ) ) ;
#1118 = DIRECTION ( 'NONE',  ( 0.7071067811865474617, 0.7071067811865474617, 0.000000000000000000 ) ) ;
#1119 = ORIENTED_EDGE ( 'NONE', *, *, #3606, .T. ) ;
#1120 = VECTOR ( 'NONE', #4465, 1000.000000000000000 ) ;
#1121 = EDGE_LOOP ( 'NONE', ( #4944, #565, #5384, #158 ) ) ;
#1122 = PLANE ( 'NONE',  #6283 ) ;
#1123 = ADVANCED_FACE ( 'NONE', ( #399 ), #425, .T. ) ;
#1124 = EDGE_CURVE ( 'NONE', #2714, #4778, #527, .T. ) ;
#1125 = DIRECTION ( 'NONE',  ( -0.000000000000000000, -0.000000000000000000, -1.000000000000000000 ) ) ;
#1126 = VERTEX_POINT ( 'NONE', #4591 ) ;
#1127 = COORDINATED_UNIVERSAL_TIME_OFFSET ( 6, 0, .BEHIND. ) ;
#1128 = ORIENTED_EDGE ( 'NONE', *, *, #4014, .T. ) ;
#1129 = CARTESIAN_POINT ( 'NONE',  ( 2.570603795974264916, -23.53650298521228734, 2.286000000000000032 ) ) ;
#1130 = ORIENTED_EDGE ( 'NONE', *, *, #4897, .F. ) ;
#1131 = CARTESIAN_POINT ( 'NONE',  ( 6.699999999999993960, -6.699999999999999289, -3.049999999999999822 ) ) ;
#1132 = DIRECTION ( 'NONE',  ( 1.000000000000000000, 0.000000000000000000, 0.000000000000000000 ) ) ;
#1133 = ORIENTED_EDGE ( 'NONE', *, *, #1445, .F. ) ;
#1134 = DIRECTION ( 'NONE',  ( -1.000000000000000000, 0.000000000000000000, 0.000000000000000000 ) ) ;
#1135 = CARTESIAN_POINT ( 'NONE',  ( 2.214716320084738350E-15, -25.39999999999999858, 2.286000000000000032 ) ) ;
#1136 = VERTEX_POINT ( 'NONE', #6052 ) ;
#1137 = LINE ( 'NONE', #5119, #24 ) ;
#1138 = DIRECTION ( 'NONE',  ( 0.000000000000000000, -1.000000000000000000, 0.000000000000000000 ) ) ;
#1139 = CARTESIAN_POINT ( 'NONE',  ( 6.200000000000009059, -16.50441558772843109, -3.049999999999999822 ) ) ;
#1140 = ORIENTED_EDGE ( 'NONE', *, *, #5405, .T. ) ;
#1141 = EDGE_CURVE ( 'NONE', #6069, #1863, #1959, .T. ) ;
#1142 = ORIENTED_EDGE ( 'NONE', *, *, #1626, .T. ) ;
#1143 = DIRECTION ( 'NONE',  ( -0.000000000000000000, -0.000000000000000000, -1.000000000000000000 ) ) ;
#1144 = CARTESIAN_POINT ( 'NONE',  ( 5.199999999999997513, -17.50441558772843820, 2.286000000000000032 ) ) ;
#1145 = CARTESIAN_POINT ( 'NONE',  ( -5.200000000000000178, 6.368163355566236381E-16, -2.286000000000000032 ) ) ;
#1146 = EDGE_LOOP ( 'NONE', ( #6438, #524, #4627, #2096, #4676, #836, #5492, #741, #1759, #6064, #3366, #6212, #2356, #176, #3938, #3024, #5781, #3806, #3205, #3662, #2329, #4281, #4775, #5840, #3840, #6331, #6057, #4634, #3553, #5412, #4230, #1480, #2704, #3967, #4082, #1900, #3876, #6422, #5321, #3944, #3676, #3334, #5175, #2643, #4173, #3632, #3051, #5023, #79, #2502, #6442, #3963, #6373, #5520, #4110, #2689, #1994, #449, #2531, #3613, #1218, #3818, #1856, #2587, #894, #2838, #4745, #4247 ) ) ;
#1147 = ORIENTED_EDGE ( 'NONE', *, *, #755, .F. ) ;
#1148 = DIRECTION ( 'NONE',  ( -1.000000000000000000, 0.000000000000000000, 0.000000000000000000 ) ) ;
#1149 = DIRECTION ( 'NONE',  ( -0.000000000000000000, -0.000000000000000000, -1.000000000000000000 ) ) ;
#1150 = VERTEX_POINT ( 'NONE', #1052 ) ;
#1151 = VERTEX_POINT ( 'NONE', #2594 ) ;
#1152 = VECTOR ( 'NONE', #2303, 1000.000000000000000 ) ;
#1153 = LINE ( 'NONE', #4708, #2335 ) ;
#1154 = EDGE_CURVE ( 'NONE', #6274, #1903, #6175, .T. ) ;
#1155 = DIRECTION ( 'NONE',  ( -0.000000000000000000, -0.000000000000000000, -1.000000000000000000 ) ) ;
#1156 = EDGE_CURVE ( 'NONE', #5129, #1469, #5530, .T. ) ;
#1157 = ORIENTED_EDGE ( 'NONE', *, *, #755, .T. ) ;
#1158 = CARTESIAN_POINT ( 'NONE',  ( 0.000000000000000000, 0.000000000000000000, -1.000000000000000000 ) ) ;
#1159 = DIRECTION ( 'NONE',  ( -0.000000000000000000, -0.000000000000000000, -1.000000000000000000 ) ) ;
#1160 = CARTESIAN_POINT ( 'NONE',  ( 2.570603795974265360, -14.56349701478770697, 2.286000000000000032 ) ) ;
#1161 = LINE ( 'NONE', #1225, #2848 ) ;
#1162 = CARTESIAN_POINT ( 'NONE',  ( 5.218629150101527614, 6.199999999999999289, 3.049999999999999822 ) ) ;
#1163 = AXIS2_PLACEMENT_3D ( 'NONE', #3449, #112, #5123 ) ;
#1164 = ADVANCED_FACE ( 'NONE', ( #1577 ), #3540, .T. ) ;
#1165 = ORIENTED_EDGE ( 'NONE', *, *, #289, .T. ) ;
#1166 = DIRECTION ( 'NONE',  ( 1.000000000000000000, 0.000000000000000000, 0.000000000000000000 ) ) ;
#1167 = VECTOR ( 'NONE', #2907, 1000.000000000000000 ) ;
#1168 = ORIENTED_EDGE ( 'NONE', *, *, #5179, .F. ) ;
#1169 = CARTESIAN_POINT ( 'NONE',  ( 6.349999999999999645, 3.654415587728424786, -1.000000000000000000 ) ) ;
#1170 = VECTOR ( 'NONE', #877, 1000.000000000000000 ) ;
#1171 = DIRECTION ( 'NONE',  ( -0.7071067811865472397, 0.7071067811865479058, 0.000000000000000000 ) ) ;
#1172 = ORIENTED_EDGE ( 'NONE', *, *, #3925, .T. ) ;
#1173 = APPROVAL ( #5170, 'UNSPECIFIED' ) ;
#1174 = EDGE_CURVE ( 'NONE', #1600, #2173, #78, .T. ) ;
#1175 = CIRCLE ( 'NONE', #3898, 1.499999999999997780 ) ;
#1176 = VECTOR ( 'NONE', #4960, 1000.000000000000114 ) ;
#1177 = CIRCLE ( 'NONE', #652, 3.174999999999999822 ) ;
#1178 = CIRCLE ( 'NONE', #1389, 3.174999999999999822 ) ;
#1179 = ORIENTED_EDGE ( 'NONE', *, *, #3234, .F. ) ;
#1180 = DIRECTION ( 'NONE',  ( 0.000000000000000000, 0.000000000000000000, 1.000000000000000000 ) ) ;
#1181 = VECTOR ( 'NONE', #4571, 1000.000000000000000 ) ;
#1182 = AXIS2_PLACEMENT_3D ( 'NONE', #2635, #64, #4059 ) ;
#1183 = CARTESIAN_POINT ( 'NONE',  ( 6.792893218813456535, -5.199999999999999289, 2.286000000000000032 ) ) ;
#1184 = VERTEX_POINT ( 'NONE', #1183 ) ;
#1185 = ADVANCED_FACE ( 'NONE', ( #2168 ), #5653, .T. ) ;
#1186 = VECTOR ( 'NONE', #5948, 1000.000000000000000 ) ;
#1187 = PERSON_AND_ORGANIZATION_ROLE ( 'creator' ) ;
#1188 = VECTOR ( 'NONE', #3542, 1000.000000000000000 ) ;
#1189 = ORIENTED_EDGE ( 'NONE', *, *, #5612, .F. ) ;
#1190 = ORIENTED_EDGE ( 'NONE', *, *, #2406, .F. ) ;
#1191 = VECTOR ( 'NONE', #5608, 1000.000000000000000 ) ;
#1192 = VECTOR ( 'NONE', #1032, 1000.000000000000000 ) ;
#1193 = DIRECTION ( 'NONE',  ( 1.000000000000000000, 0.000000000000000000, 0.000000000000000000 ) ) ;
#1194 = DIRECTION ( 'NONE',  ( -0.7071067811865474617, -0.7071067811865474617, 0.000000000000000000 ) ) ;
#1195 = CARTESIAN_POINT ( 'NONE',  ( 6.349999999999999645, 3.654415587728425230, 3.049999999999999822 ) ) ;
#1196 = CC_DESIGN_APPROVAL ( #3496, ( #4375 ) ) ;
#1197 = VERTEX_POINT ( 'NONE', #3112 ) ;
#1198 = DIRECTION ( 'NONE',  ( 1.000000000000000000, 0.000000000000000000, -0.000000000000000000 ) ) ;
#1199 = CARTESIAN_POINT ( 'NONE',  ( 10.12939620402574015, -1.863497014787716566, -2.286000000000000032 ) ) ;
#1200 = LINE ( 'NONE', #3193, #2837 ) ;
#1201 = LINE ( 'NONE', #4242, #6267 ) ;
#1202 = EDGE_CURVE ( 'NONE', #582, #6236, #4162, .T. ) ;
#1203 = LINE ( 'NONE', #3749, #1702 ) ;
#1204 = EDGE_CURVE ( 'NONE', #3116, #5169, #5177, .T. ) ;
#1205 = ORIENTED_EDGE ( 'NONE', *, *, #4765, .T. ) ;
#1206 = DIRECTION ( 'NONE',  ( -0.7071067811865474617, -0.7071067811865476838, 0.000000000000000000 ) ) ;
#1207 = DIRECTION ( 'NONE',  ( 0.000000000000000000, 0.000000000000000000, 1.000000000000000000 ) ) ;
#1208 = ORIENTED_EDGE ( 'NONE', *, *, #1835, .T. ) ;
#1209 = DIRECTION ( 'NONE',  ( 0.000000000000000000, 0.000000000000000000, 1.000000000000000000 ) ) ;
#1210 = AXIS2_PLACEMENT_3D ( 'NONE', #1551, #2435, #2525 ) ;
#1211 = CARTESIAN_POINT ( 'NONE',  ( -5.200000000000000178, -17.19289321881344890, -1.000000000000000000 ) ) ;
#1212 = ORIENTED_EDGE ( 'NONE', *, *, #2829, .T. ) ;
#1213 = VERTEX_POINT ( 'NONE', #5041 ) ;
#1214 = VECTOR ( 'NONE', #267, 1000.000000000000000 ) ;
#1215 = ORIENTED_EDGE ( 'NONE', *, *, #1489, .F. ) ;
#1216 = EDGE_CURVE ( 'NONE', #2680, #1769, #2194, .T. ) ;
#1217 = CARTESIAN_POINT ( 'NONE',  ( -6.199999999999999289, -5.218629150101522285, 3.049999999999999822 ) ) ;
#1218 = ORIENTED_EDGE ( 'NONE', *, *, #5643, .F. ) ;
#1219 = LINE ( 'NONE', #2694, #3269 ) ;
#1220 = CARTESIAN_POINT ( 'NONE',  ( -5.200000000000000178, 0.000000000000000000, 3.049999999999999822 ) ) ;
#1221 = ORIENTED_EDGE ( 'NONE', *, *, #1553, .T. ) ;
#1222 = FACE_OUTER_BOUND ( 'NONE', #2612, .T. ) ;
#1223 = DIRECTION ( 'NONE',  ( 0.000000000000000000, 0.000000000000000000, 1.000000000000000000 ) ) ;
#1224 = CARTESIAN_POINT ( 'NONE',  ( -0.3535533905932727872, 0.3535533905932727872, 2.286000000000000032 ) ) ;
#1225 = CARTESIAN_POINT ( 'NONE',  ( -11.35220779386420986, -11.35220779386424006, 2.286000000000000032 ) ) ;
#1226 = CARTESIAN_POINT ( 'NONE',  ( 1.863497014787715012, -10.12939620402574015, 2.286000000000000032 ) ) ;
#1227 = EDGE_CURVE ( 'NONE', #2652, #4698, #4104, .T. ) ;
#1228 = ORIENTED_EDGE ( 'NONE', *, *, #3606, .F. ) ;
#1229 = ADVANCED_FACE ( 'NONE', ( #4073 ), #4560, .F. ) ;
#1230 = ORIENTED_EDGE ( 'NONE', *, *, #4485, .F. ) ;
#1231 = CARTESIAN_POINT ( 'NONE',  ( 5.068629150101531700, -19.05000000000000426, -3.049999999999999822 ) ) ;
#1232 = CARTESIAN_POINT ( 'NONE',  ( -6.200000000000002842, -7.481370849898469011, -3.049999999999999822 ) ) ;
#1233 = ORIENTED_EDGE ( 'NONE', *, *, #3008, .T. ) ;
#1234 = EDGE_CURVE ( 'NONE', #2508, #97, #564, .T. ) ;
#1235 = EDGE_CURVE ( 'NONE', #2369, #309, #5104, .T. ) ;
#1236 = ORIENTED_EDGE ( 'NONE', *, *, #1351, .T. ) ;
#1237 = LINE ( 'NONE', #2747, #6290 ) ;
#1238 = LINE ( 'NONE', #5292, #5280 ) ;
#1239 = ORIENTED_EDGE ( 'NONE', *, *, #5602, .F. ) ;
#1240 = DATE_AND_TIME ( #3143, #3702 ) ;
#1241 = VERTEX_POINT ( 'NONE', #4675 ) ;
#1242 = EDGE_LOOP ( 'NONE', ( #1248, #6246, #2084, #5670 ) ) ;
#1243 = FACE_OUTER_BOUND ( 'NONE', #2721, .T. ) ;
#1244 = EDGE_LOOP ( 'NONE', ( #1525, #851, #4195, #2977, #570, #1991, #5817, #2575, #3760, #1051 ) ) ;
#1245 = DIRECTION ( 'NONE',  ( 0.000000000000000000, 0.000000000000000000, -1.000000000000000000 ) ) ;
#1246 = CARTESIAN_POINT ( 'NONE',  ( 0.000000000000000000, 0.000000000000000000, 3.049999999999999822 ) ) ;
#1247 = ADVANCED_FACE ( 'NONE', ( #6149 ), #2140, .F. ) ;
#1248 = ORIENTED_EDGE ( 'NONE', *, *, #3384, .F. ) ;
#1249 = DIRECTION ( 'NONE',  ( 1.000000000000000000, 0.000000000000000000, 0.000000000000000000 ) ) ;
#1250 = LINE ( 'NONE', #4752, #2317 ) ;
#1251 = VERTEX_POINT ( 'NONE', #1646 ) ;
#1252 = DIRECTION ( 'NONE',  ( -0.000000000000000000, -0.000000000000000000, -1.000000000000000000 ) ) ;
#1253 = DIRECTION ( 'NONE',  ( -0.7071067811865483499, -0.7071067811865466846, 0.000000000000000000 ) ) ;
#1254 = LINE ( 'NONE', #5246, #5233 ) ;
#1255 = DIRECTION ( 'NONE',  ( 1.000000000000000000, 0.000000000000000000, 0.000000000000000000 ) ) ;
#1256 = DIRECTION ( 'NONE',  ( -0.7071067811865472397, 0.7071067811865479058, 0.000000000000000000 ) ) ;
#1257 = EDGE_CURVE ( 'NONE', #5257, #3506, #3641, .T. ) ;
#1258 = VECTOR ( 'NONE', #6136, 1000.000000000000000 ) ;
#1259 = ORIENTED_EDGE ( 'NONE', *, *, #4463, .T. ) ;
#1260 = ORIENTED_EDGE ( 'NONE', *, *, #3705, .T. ) ;
#1261 = CARTESIAN_POINT ( 'NONE',  ( -5.200000000000000178, 0.000000000000000000, 1.000000000000000000 ) ) ;
#1262 = CARTESIAN_POINT ( 'NONE',  ( 0.000000000000000000, 5.200000000000000178, -3.049999999999999822 ) ) ;
#1263 = ORIENTED_EDGE ( 'NONE', *, *, #5617, .T. ) ;
#1264 = VECTOR ( 'NONE', #2930, 1000.000000000000000 ) ;
#1265 = AXIS2_PLACEMENT_3D ( 'NONE', #3851, #4924, #2457 ) ;
#1266 = ORIENTED_EDGE ( 'NONE', *, *, #4322, .T. ) ;
#1267 = LINE ( 'NONE', #5262, #3789 ) ;
#1268 = EDGE_CURVE ( 'NONE', #3039, #4359, #3664, .T. ) ;
#1269 = AXIS2_PLACEMENT_3D ( 'NONE', #5624, #3570, #1148 ) ;
#1270 = DIRECTION ( 'NONE',  ( 0.000000000000000000, 0.000000000000000000, 1.000000000000000000 ) ) ;
#1271 = ORIENTED_EDGE ( 'NONE', *, *, #4486, .F. ) ;
#1272 = EDGE_CURVE ( 'NONE', #1126, #2906, #6270, .T. ) ;
#1273 = FACE_OUTER_BOUND ( 'NONE', #2923, .T. ) ;
#1274 = EDGE_CURVE ( 'NONE', #950, #5118, #2710, .T. ) ;
#1275 = VECTOR ( 'NONE', #3660, 1000.000000000000000 ) ;
#1276 = VERTEX_POINT ( 'NONE', #4701 ) ;
#1277 = VECTOR ( 'NONE', #2701, 1000.000000000000000 ) ;
#1278 = ORIENTED_EDGE ( 'NONE', *, *, #4530, .T. ) ;
#1279 = VECTOR ( 'NONE', #3231, 1000.000000000000000 ) ;
#1280 = DIRECTION ( 'NONE',  ( -0.000000000000000000, -0.000000000000000000, -1.000000000000000000 ) ) ;
#1281 = ORIENTED_EDGE ( 'NONE', *, *, #2466, .F. ) ;
#1282 = DIRECTION ( 'NONE',  ( 0.000000000000000000, -1.000000000000000000, 0.000000000000000000 ) ) ;
#1283 = DIRECTION ( 'NONE',  ( -0.000000000000000000, -0.000000000000000000, -1.000000000000000000 ) ) ;
#1284 = EDGE_CURVE ( 'NONE', #1964, #221, #3796, .T. ) ;
#1285 = VECTOR ( 'NONE', #5201, 1000.000000000000000 ) ;
#1286 = CIRCLE ( 'NONE', #4945, 3.174999999999999822 ) ;
#1287 = AXIS2_PLACEMENT_3D ( 'NONE', #4134, #522, #1751 ) ;
#1288 = VERTEX_POINT ( 'NONE', #716 ) ;
#1289 = LINE ( 'NONE', #4780, #1767 ) ;
#1290 = LINE ( 'NONE', #2409, #4417 ) ;
#1291 = VECTOR ( 'NONE', #1523, 999.9999999999998863 ) ;
#1292 = ADVANCED_FACE ( 'NONE', ( #5716 ), #3208, .F. ) ;
#1293 = ORIENTED_EDGE ( 'NONE', *, *, #6419, .F. ) ;
#1294 = PRODUCT_DEFINITION_SHAPE ( 'NONE', 'NONE',  #4375 ) ;
#1295 = FACE_OUTER_BOUND ( 'NONE', #2041, .T. ) ;
#1296 = LINE ( 'NONE', #4403, #2232 ) ;
#1297 = PLANE ( 'NONE',  #5243 ) ;
#1298 = LINE ( 'NONE', #1855, #2221 ) ;
#1299 = VECTOR ( 'NONE', #760, 1000.000000000000000 ) ;
#1300 = ORIENTED_EDGE ( 'NONE', *, *, #5668, .F. ) ;
#1301 = CARTESIAN_POINT ( 'NONE',  ( -2.570603795974263139, -14.56349701478771053, 2.286000000000000032 ) ) ;
#1302 = EDGE_CURVE ( 'NONE', #2004, #4704, #1238, .T. ) ;
#1303 = ORIENTED_EDGE ( 'NONE', *, *, #1040, .T. ) ;
#1304 = DIRECTION ( 'NONE',  ( -1.000000000000000000, 0.000000000000000000, 0.000000000000000000 ) ) ;
#1305 = DIRECTION ( 'NONE',  ( 0.000000000000000000, 0.000000000000000000, -1.000000000000000000 ) ) ;
#1306 = EDGE_LOOP ( 'NONE', ( #2663, #2547, #1266, #3192 ) ) ;
#1307 = FACE_OUTER_BOUND ( 'NONE', #891, .T. ) ;
#1308 = CARTESIAN_POINT ( 'NONE',  ( 9.564617248245436798, -0.5000000000000004441, 2.286000000000000032 ) ) ;
#1309 = VERTEX_POINT ( 'NONE', #1308 ) ;
#1310 = LINE ( 'NONE', #3302, #4941 ) ;
#1311 = EDGE_CURVE ( 'NONE', #1881, #790, #5815, .T. ) ;
#1312 = ORIENTED_EDGE ( 'NONE', *, *, #2336, .T. ) ;
#1313 = VECTOR ( 'NONE', #3732, 1000.000000000000000 ) ;
#1314 = CARTESIAN_POINT ( 'NONE',  ( -4.648654403270939817, -5.355761184457484170, -1.000000000000000444 ) ) ;
#1315 = ORIENTED_EDGE ( 'NONE', *, *, #308, .T. ) ;
#1316 = LINE ( 'NONE', #856, #2553 ) ;
#1317 = DIRECTION ( 'NONE',  ( -0.7071067811865475727, 0.7071067811865474617, 0.000000000000000000 ) ) ;
#1318 = AXIS2_PLACEMENT_3D ( 'NONE', #4851, #2715, #4362 ) ;
#1319 = ORIENTED_EDGE ( 'NONE', *, *, #4930, .F. ) ;
#1320 = CARTESIAN_POINT ( 'NONE',  ( -0.3535533905932740084, 0.3535533905932740084, 2.286000000000000032 ) ) ;
#1321 = PLANE ( 'NONE',  #2946 ) ;
#1322 = ORIENTED_EDGE ( 'NONE', *, *, #5311, .T. ) ;
#1323 = DIRECTION ( 'NONE',  ( -0.000000000000000000, 1.000000000000000000, 0.000000000000000000 ) ) ;
#1324 = DIRECTION ( 'NONE',  ( 0.7071067811865475727, 0.7071067811865475727, -0.000000000000000000 ) ) ;
#1325 = CARTESIAN_POINT ( 'NONE',  ( 6.199999999999997513, -25.39999999999999858, -3.049999999999999822 ) ) ;
#1326 = CARTESIAN_POINT ( 'NONE',  ( 5.996446609406723027, -5.996446609406722139, 2.286000000000000032 ) ) ;
#1327 = VERTEX_POINT ( 'NONE', #5326 ) ;
#1328 = DIRECTION ( 'NONE',  ( -0.000000000000000000, -0.000000000000000000, -1.000000000000000000 ) ) ;
#1329 = ORIENTED_EDGE ( 'NONE', *, *, #4147, .F. ) ;
#1330 = DIRECTION ( 'NONE',  ( 0.000000000000000000, 1.000000000000000000, 0.000000000000000000 ) ) ;
#1331 = CARTESIAN_POINT ( 'NONE',  ( 0.4999999999999987232, -3.135382751754560715, 2.286000000000000032 ) ) ;
#1332 = EDGE_CURVE ( 'NONE', #2295, #4707, #846, .T. ) ;
#1333 = ORIENTED_EDGE ( 'NONE', *, *, #2128, .T. ) ;
#1334 = VERTEX_POINT ( 'NONE', #5195 ) ;
#1335 = LINE ( 'NONE', #2262, #3474 ) ;
#1336 = CARTESIAN_POINT ( 'NONE',  ( -1.863497014787714567, -2.570603795974260475, 2.286000000000000032 ) ) ;
#1337 = CARTESIAN_POINT ( 'NONE',  ( 5.199999999999997513, -25.39999999999999858, -3.049999999999999822 ) ) ;
#1338 = DIRECTION ( 'NONE',  ( 0.7071067811865474617, 0.7071067811865475727, 0.000000000000000000 ) ) ;
#1339 = ORIENTED_EDGE ( 'NONE', *, *, #709, .F. ) ;
#1340 = CARTESIAN_POINT ( 'NONE',  ( 12.69999999999999929, 0.000000000000000000, -1.000000000000000000 ) ) ;
#1341 = ADVANCED_FACE ( 'NONE', ( #5786 ), #815, .T. ) ;
#1342 = ORIENTED_EDGE ( 'NONE', *, *, #2052, .T. ) ;
#1343 = ORIENTED_EDGE ( 'NONE', *, *, #2142, .F. ) ;
#1344 = LINE ( 'NONE', #3737, #6124 ) ;
#1345 = ORIENTED_EDGE ( 'NONE', *, *, #2260, .T. ) ;
#1346 = CARTESIAN_POINT ( 'NONE',  ( -2.570603795974261807, -1.863497014787713457, 2.286000000000000032 ) ) ;
#1347 = LINE ( 'NONE', #2405, #2139 ) ;
#1348 = FACE_OUTER_BOUND ( 'NONE', #2245, .T. ) ;
#1349 = LINE ( 'NONE', #4295, #2739 ) ;
#1350 = VERTEX_POINT ( 'NONE', #1211 ) ;
#1351 = EDGE_CURVE ( 'NONE', #1644, #1451, #2157, .T. ) ;
#1352 = FACE_OUTER_BOUND ( 'NONE', #3216, .T. ) ;
#1353 = DIRECTION ( 'NONE',  ( -1.000000000000000000, 0.000000000000000000, 0.000000000000000000 ) ) ;
#1354 = PLANE ( 'NONE',  #5977 ) ;
#1355 = FACE_OUTER_BOUND ( 'NONE', #4742, .T. ) ;
#1356 = ADVANCED_FACE ( 'NONE', ( #4254 ), #319, .T. ) ;
#1357 = ORIENTED_EDGE ( 'NONE', *, *, #3756, .T. ) ;
#1358 = FACE_OUTER_BOUND ( 'NONE', #2114, .T. ) ;
#1359 = CARTESIAN_POINT ( 'NONE',  ( 2.570603795974261807, -10.83650298521228805, 2.286000000000000032 ) ) ;
#1360 = ORIENTED_EDGE ( 'NONE', *, *, #517, .F. ) ;
#1361 = CARTESIAN_POINT ( 'NONE',  ( 5.199999999999997513, -25.39999999999999858, 3.049999999999999822 ) ) ;
#1362 = CIRCLE ( 'NONE', #945, 3.174999999999999822 ) ;
#1363 = PLANE ( 'NONE',  #1087 ) ;
#1364 = CARTESIAN_POINT ( 'NONE',  ( 6.703553390593271821, 6.703553390593272709, -2.286000000000000032 ) ) ;
#1365 = EDGE_CURVE ( 'NONE', #5129, #1967, #745, .T. ) ;
#1366 = ORIENTED_EDGE ( 'NONE', *, *, #4659, .F. ) ;
#1367 = FACE_OUTER_BOUND ( 'NONE', #5875, .T. ) ;
#1368 = CC_DESIGN_PERSON_AND_ORGANIZATION_ASSIGNMENT ( #4619, #5627, ( #6360 ) ) ;
#1369 = CARTESIAN_POINT ( 'NONE',  ( 12.69999999999999929, 6.200000000000000178, -3.049999999999999822 ) ) ;
#1370 = CARTESIAN_POINT ( 'NONE',  ( -1.863497014787715234, -15.27060379597426021, -1.000000000000000000 ) ) ;
#1371 = DIRECTION ( 'NONE',  ( 0.000000000000000000, 0.000000000000000000, 1.000000000000000000 ) ) ;
#1372 = CARTESIAN_POINT ( 'NONE',  ( 0.3535533905932742305, -0.3535533905932741749, -2.286000000000000032 ) ) ;
#1373 = VERTEX_POINT ( 'NONE', #1706 ) ;
#1374 = LINE ( 'NONE', #2849, #3792 ) ;
#1375 = VECTOR ( 'NONE', #5588, 1000.000000000000000 ) ;
#1376 = VERTEX_POINT ( 'NONE', #4318 ) ;
#1377 = ADVANCED_FACE ( 'NONE', ( #1836 ), #5688, .T. ) ;
#1378 = CARTESIAN_POINT ( 'NONE',  ( 7.697792206135781079, -7.697792206135766868, 1.000000000000000000 ) ) ;
#1379 = ORIENTED_EDGE ( 'NONE', *, *, #4770, .T. ) ;
#1380 = CARTESIAN_POINT ( 'NONE',  ( 0.4999999999999981681, 8.177974900523029124E-17, 1.000000000000000000 ) ) ;
#1381 = AXIS2_PLACEMENT_3D ( 'NONE', #728, #4636, #2607 ) ;
#1382 = CARTESIAN_POINT ( 'NONE',  ( 5.996446609406729245, -5.996446609406726580, -2.286000000000000032 ) ) ;
#1383 = AXIS2_PLACEMENT_3D ( 'NONE', #2103, #3206, #5194 ) ;
#1384 = VECTOR ( 'NONE', #5369, 1000.000000000000000 ) ;
#1385 = VERTEX_POINT ( 'NONE', #3759 ) ;
#1386 = VECTOR ( 'NONE', #6210, 1000.000000000000000 ) ;
#1387 = LINE ( 'NONE', #3385, #967 ) ;
#1388 = LINE ( 'NONE', #1850, #4112 ) ;
#1389 = AXIS2_PLACEMENT_3D ( 'NONE', #3403, #390, #4457 ) ;
#1390 = ORIENTED_EDGE ( 'NONE', *, *, #3856, .T. ) ;
#1391 = VECTOR ( 'NONE', #3061, 1000.000000000000114 ) ;
#1392 = DIRECTION ( 'NONE',  ( 0.000000000000000000, 0.000000000000000000, 1.000000000000000000 ) ) ;
#1393 = DIRECTION ( 'NONE',  ( 1.000000000000000000, 0.000000000000000000, -0.000000000000000000 ) ) ;
#1394 = FACE_OUTER_BOUND ( 'NONE', #4550, .T. ) ;
#1395 = AXIS2_PLACEMENT_3D ( 'NONE', #771, #1783, #1353 ) ;
#1396 = AXIS2_PLACEMENT_3D ( 'NONE', #489, #3, #5975 ) ;
#1397 = AXIS2_PLACEMENT_3D ( 'NONE', #3052, #6025, #2921 ) ;
#1398 = ORIENTED_EDGE ( 'NONE', *, *, #3867, .T. ) ;
#1399 = CARTESIAN_POINT ( 'NONE',  ( 0.000000000000000000, 0.000000000000000000, 1.000000000000000000 ) ) ;
#1400 = LINE ( 'NONE', #5808, #5556 ) ;
#1401 = AXIS2_PLACEMENT_3D ( 'NONE', #1485, #13, #2051 ) ;
#1402 = ADVANCED_FACE ( 'NONE', ( #3270 ), #3829, .T. ) ;
#1403 = VERTEX_POINT ( 'NONE', #1337 ) ;
#1404 = EDGE_CURVE ( 'NONE', #764, #2746, #5019, .T. ) ;
#1405 = AXIS2_PLACEMENT_3D ( 'NONE', #2626, #5632, #114 ) ;
#1406 = CARTESIAN_POINT ( 'NONE',  ( -0.5000000000000023315, -7.434522636839178791E-17, 2.286000000000000032 ) ) ;
#1407 = LINE ( 'NONE', #1364, #1805 ) ;
#1408 = APPROVAL_PERSON_ORGANIZATION ( #265, #3496, #6151 ) ;
#1409 = DIRECTION ( 'NONE',  ( -0.7071067811865470176, -0.7071067811865480168, 0.000000000000000000 ) ) ;
#1410 = CARTESIAN_POINT ( 'NONE',  ( -6.703553390593274486, -6.703553390593274486, 2.286000000000000032 ) ) ;
#1411 = DIRECTION ( 'NONE',  ( -0.000000000000000000, -0.000000000000000000, -1.000000000000000000 ) ) ;
#1412 = LINE ( 'NONE', #4875, #4606 ) ;
#1413 = CARTESIAN_POINT ( 'NONE',  ( 1.347792206135791870, -1.347792206135789872, 1.000000000000000000 ) ) ;
#1414 = ORIENTED_EDGE ( 'NONE', *, *, #2888, .T. ) ;
#1415 = DIRECTION ( 'NONE',  ( -0.000000000000000000, -0.000000000000000000, -1.000000000000000000 ) ) ;
#1416 = EDGE_CURVE ( 'NONE', #5479, #5900, #4912, .T. ) ;
#1417 = VERTEX_POINT ( 'NONE', #4904 ) ;
#1418 = DIRECTION ( 'NONE',  ( 0.000000000000000000, 0.000000000000000000, -1.000000000000000000 ) ) ;
#1419 = ORIENTED_EDGE ( 'NONE', *, *, #4727, .T. ) ;
#1420 = DIRECTION ( 'NONE',  ( 1.000000000000000000, -5.463695987328526437E-15, 0.000000000000000000 ) ) ;
#1421 = LINE ( 'NONE', #3412, #5887 ) ;
#1422 = EDGE_CURVE ( 'NONE', #1469, #1150, #1362, .T. ) ;
#1423 = ORIENTED_EDGE ( 'NONE', *, *, #4747, .F. ) ;
#1424 = CARTESIAN_POINT ( 'NONE',  ( 12.69999999999999751, -6.200000000000000178, 3.049999999999999822 ) ) ;
#1425 = LINE ( 'NONE', #4536, #1590 ) ;
#1426 = CARTESIAN_POINT ( 'NONE',  ( 12.69999999999999929, 0.000000000000000000, -3.049999999999999822 ) ) ;
#1427 = ORIENTED_EDGE ( 'NONE', *, *, #5756, .F. ) ;
#1428 = DIRECTION ( 'NONE',  ( -0.000000000000000000, -0.000000000000000000, -1.000000000000000000 ) ) ;
#1429 = CARTESIAN_POINT ( 'NONE',  ( 0.000000000000000000, 0.000000000000000000, 1.000000000000000000 ) ) ;
#1430 = ORIENTED_EDGE ( 'NONE', *, *, #5134, .T. ) ;
#1431 = CARTESIAN_POINT ( 'NONE',  ( 4.804415587728426473, 5.200000000000000178, 3.049999999999999822 ) ) ;
#1432 = LINE ( 'NONE', #3982, #329 ) ;
#1433 = ORIENTED_EDGE ( 'NONE', *, *, #4090, .F. ) ;
#1434 = DIRECTION ( 'NONE',  ( 0.7071067811865474617, 0.7071067811865476838, 0.000000000000000000 ) ) ;
#1435 = ORIENTED_EDGE ( 'NONE', *, *, #5007, .F. ) ;
#1436 = EDGE_LOOP ( 'NONE', ( #3099, #4094, #4759, #5691 ) ) ;
#1437 = CARTESIAN_POINT ( 'NONE',  ( -0.5000000000000023315, -7.434522636839178791E-17, -1.000000000000000000 ) ) ;
#1438 = DIRECTION ( 'NONE',  ( -0.7071067811865474617, -0.7071067811865474617, 0.000000000000000000 ) ) ;
#1439 = CARTESIAN_POINT ( 'NONE',  ( 0.000000000000000000, 0.000000000000000000, -1.000000000000000000 ) ) ;
#1440 = DIRECTION ( 'NONE',  ( 0.7071067811865482389, -0.7071067811865469066, 0.000000000000000000 ) ) ;
#1441 = CARTESIAN_POINT ( 'NONE',  ( -4.648654403270939817, -5.355761184457484170, 2.286000000000000032 ) ) ;
#1442 = ORIENTED_EDGE ( 'NONE', *, *, #2242, .F. ) ;
#1443 = CARTESIAN_POINT ( 'NONE',  ( 1.182358322909695704E-16, -12.69999999999999929, -1.000000000000000000 ) ) ;
#1444 = ADVANCED_FACE ( 'NONE', ( #6344 ), #5428, .T. ) ;
#1445 = EDGE_CURVE ( 'NONE', #4236, #5777, #1412, .T. ) ;
#1446 = ORIENTED_EDGE ( 'NONE', *, *, #3125, .T. ) ;
#1447 = CARTESIAN_POINT ( 'NONE',  ( 12.34644660940672978, -12.34644660940672445, 2.286000000000000032 ) ) ;
#1448 = ORIENTED_EDGE ( 'NONE', *, *, #90, .F. ) ;
#1449 = CARTESIAN_POINT ( 'NONE',  ( 1.182358322909695704E-16, -12.69999999999999929, -1.000000000000000000 ) ) ;
#1450 = PLANE ( 'NONE',  #5381 ) ;
#1451 = VERTEX_POINT ( 'NONE', #392 ) ;
#1452 = DIRECTION ( 'NONE',  ( 1.000000000000000000, -8.741913579725642299E-15, 0.000000000000000000 ) ) ;
#1453 = CARTESIAN_POINT ( 'NONE',  ( 5.199999999999997513, -25.39999999999999858, 1.000000000000000000 ) ) ;
#1454 = DIRECTION ( 'NONE',  ( -1.855319225643643724E-16, 1.000000000000000000, 0.000000000000000000 ) ) ;
#1455 = VECTOR ( 'NONE', #4685, 1000.000000000000000 ) ;
#1456 = ORIENTED_EDGE ( 'NONE', *, *, #189, .F. ) ;
#1457 = DIRECTION ( 'NONE',  ( 0.7071067811865473507, -0.7071067811865477948, 0.000000000000000000 ) ) ;
#1458 = EDGE_CURVE ( 'NONE', #752, #513, #2395, .T. ) ;
#1459 = DIRECTION ( 'NONE',  ( 1.635594980104611741E-16, 1.000000000000000000, 0.000000000000000000 ) ) ;
#1460 = PLANE ( 'NONE',  #1163 ) ;
#1461 = VERTEX_POINT ( 'NONE', #3430 ) ;
#1462 = CARTESIAN_POINT ( 'NONE',  ( -11.35220779386420986, -11.35220779386424006, -1.000000000000000000 ) ) ;
#1463 = DIRECTION ( 'NONE',  ( -0.000000000000000000, -0.000000000000000000, -1.000000000000000000 ) ) ;
#1464 = EDGE_LOOP ( 'NONE', ( #6239, #1114, #2515, #5395, #3011, #4621 ) ) ;
#1465 = DIRECTION ( 'NONE',  ( -1.000000000000000000, 7.434522636839145511E-17, 0.000000000000000000 ) ) ;
#1466 = CARTESIAN_POINT ( 'NONE',  ( 5.355761184457486834, 4.648654403270938928, 2.286000000000000032 ) ) ;
#1467 = ADVANCED_FACE ( 'NONE', ( #1898 ), #3899, .T. ) ;
#1468 = CARTESIAN_POINT ( 'NONE',  ( -2.570603795974262251, -10.83650298521228805, 2.286000000000000032 ) ) ;
#1469 = VERTEX_POINT ( 'NONE', #5884 ) ;
#1470 = DIRECTION ( 'NONE',  ( 0.000000000000000000, 0.000000000000000000, -1.000000000000000000 ) ) ;
#1471 = ORIENTED_EDGE ( 'NONE', *, *, #391, .F. ) ;
#1472 = CIRCLE ( 'NONE', #3979, 5.200000000000000178 ) ;
#1473 = DIRECTION ( 'NONE',  ( -1.000000000000000000, 0.000000000000000000, 0.000000000000000000 ) ) ;
#1474 = CARTESIAN_POINT ( 'NONE',  ( 7.895584412271571928, 5.200000000000000178, -2.286000000000000032 ) ) ;
#1475 = EDGE_CURVE ( 'NONE', #4698, #2567, #6375, .T. ) ;
#1476 = CARTESIAN_POINT ( 'NONE',  ( -2.570603795974262695, -14.56349701478771053, -1.000000000000000000 ) ) ;
#1477 = ORIENTED_EDGE ( 'NONE', *, *, #2523, .T. ) ;
#1478 = DIRECTION ( 'NONE',  ( -0.000000000000000000, -0.000000000000000000, -1.000000000000000000 ) ) ;
#1479 = EDGE_CURVE ( 'NONE', #123, #4740, #4421, .T. ) ;
#1480 = ORIENTED_EDGE ( 'NONE', *, *, #49, .F. ) ;
#1481 = EDGE_CURVE ( 'NONE', #5237, #297, #948, .T. ) ;
#1482 = LINE ( 'NONE', #6426, #4461 ) ;
#1483 = VERTEX_POINT ( 'NONE', #340 ) ;
#1484 = FACE_OUTER_BOUND ( 'NONE', #5124, .T. ) ;
#1485 = CARTESIAN_POINT ( 'NONE',  ( 0.000000000000000000, 0.000000000000000000, 1.000000000000000000 ) ) ;
#1486 = ORIENTED_EDGE ( 'NONE', *, *, #1088, .T. ) ;
#1487 = DIRECTION ( 'NONE',  ( -0.7071067811865473507, 0.7071067811865477948, 0.000000000000000000 ) ) ;
#1488 = VECTOR ( 'NONE', #4120, 1000.000000000000000 ) ;
#1489 = EDGE_CURVE ( 'NONE', #807, #3797, #2796, .T. ) ;
#1490 = LINE ( 'NONE', #3480, #2758 ) ;
#1491 = ORIENTED_EDGE ( 'NONE', *, *, #2325, .T. ) ;
#1492 = LINE ( 'NONE', #2060, #972 ) ;
#1493 = PLANE ( 'NONE',  #446 ) ;
#1494 = DIRECTION ( 'NONE',  ( 1.635594980104611741E-16, -1.000000000000000000, 0.000000000000000000 ) ) ;
#1495 = VECTOR ( 'NONE', #4491, 999.9999999999998863 ) ;
#1496 = ORIENTED_EDGE ( 'NONE', *, *, #4390, .F. ) ;
#1497 = EDGE_CURVE ( 'NONE', #316, #2772, #5344, .T. ) ;
#1498 = DIRECTION ( 'NONE',  ( 0.000000000000000000, 0.000000000000000000, 1.000000000000000000 ) ) ;
#1499 = CARTESIAN_POINT ( 'NONE',  ( 12.69999999999999929, 0.000000000000000000, 1.000000000000000000 ) ) ;
#1500 = VECTOR ( 'NONE', #3678, 1000.000000000000000 ) ;
#1501 = EDGE_LOOP ( 'NONE', ( #4099, #825, #5796, #2 ) ) ;
#1502 = LINE ( 'NONE', #611, #1925 ) ;
#1503 = DIRECTION ( 'NONE',  ( 0.000000000000000000, 0.000000000000000000, 1.000000000000000000 ) ) ;
#1504 = VECTOR ( 'NONE', #1549, 1000.000000000000000 ) ;
#1505 = CIRCLE ( 'NONE', #1089, 3.174999999999999822 ) ;
#1506 = ORIENTED_EDGE ( 'NONE', *, *, #1641, .F. ) ;
#1507 = VECTOR ( 'NONE', #3838, 1000.000000000000000 ) ;
#1508 = ORIENTED_EDGE ( 'NONE', *, *, #1795, .F. ) ;
#1509 = EDGE_CURVE ( 'NONE', #4521, #5946, #2898, .T. ) ;
#1510 = VECTOR ( 'NONE', #2061, 1000.000000000000000 ) ;
#1511 = VECTOR ( 'NONE', #2961, 1000.000000000000000 ) ;
#1512 = PLANE ( 'NONE',  #143 ) ;
#1513 = ORIENTED_EDGE ( 'NONE', *, *, #1365, .F. ) ;
#1514 = LINE ( 'NONE', #1231, #2233 ) ;
#1515 = DIRECTION ( 'NONE',  ( 0.7071067811865472397, 0.7071067811865479058, -0.000000000000000000 ) ) ;
#1516 = CARTESIAN_POINT ( 'NONE',  ( 1.863497014787720341, -22.82939620402574121, -2.286000000000000032 ) ) ;
#1517 = ORIENTED_EDGE ( 'NONE', *, *, #2720, .T. ) ;
#1518 = AXIS2_PLACEMENT_3D ( 'NONE', #3210, #2170, #2753 ) ;
#1519 = CARTESIAN_POINT ( 'NONE',  ( -2.100000000000000533, -12.69999999999999929, -2.286000000000000032 ) ) ;
#1520 = VERTEX_POINT ( 'NONE', #3252 ) ;
#1521 = CARTESIAN_POINT ( 'NONE',  ( -6.200000000000000178, -7.592810154713589835E-16, 1.000000000000000000 ) ) ;
#1522 = VERTEX_POINT ( 'NONE', #3745 ) ;
#1523 = DIRECTION ( 'NONE',  ( 0.7071067811865473507, 0.7071067811865477948, 0.000000000000000000 ) ) ;
#1524 = CARTESIAN_POINT ( 'NONE',  ( -0.4999999999999997780, -3.135382751754560271, 2.286000000000000032 ) ) ;
#1525 = ORIENTED_EDGE ( 'NONE', *, *, #2623, .F. ) ;
#1526 = EDGE_LOOP ( 'NONE', ( #355, #5207, #3408, #1611, #3106, #3326 ) ) ;
#1527 = CARTESIAN_POINT ( 'NONE',  ( -5.068629150101529923, -6.349999999999996092, 3.050999999999999712 ) ) ;
#1528 = DIRECTION ( 'NONE',  ( 0.000000000000000000, -0.000000000000000000, -1.000000000000000000 ) ) ;
#1529 = ORIENTED_EDGE ( 'NONE', *, *, #794, .T. ) ;
#1530 = FACE_OUTER_BOUND ( 'NONE', #3813, .T. ) ;
#1531 = DIRECTION ( 'NONE',  ( 0.000000000000000000, 0.000000000000000000, 1.000000000000000000 ) ) ;
#1532 = CARTESIAN_POINT ( 'NONE',  ( 5.199999999999997513, -25.39999999999999858, 2.286000000000000032 ) ) ;
#1533 = ADVANCED_FACE ( 'NONE', ( #5244 ), #5860, .T. ) ;
#1534 = VERTEX_POINT ( 'NONE', #2343 ) ;
#1535 = CARTESIAN_POINT ( 'NONE',  ( -5.200000000000000178, -4.492893218813450495, 2.286000000000000032 ) ) ;
#1536 = PLANE ( 'NONE',  #4929 ) ;
#1537 = ORIENTED_EDGE ( 'NONE', *, *, #5727, .F. ) ;
#1538 = AXIS2_PLACEMENT_3D ( 'NONE', #3050, #3086, #5132 ) ;
#1539 = DIRECTION ( 'NONE',  ( -1.000000000000000000, 0.000000000000000000, 0.000000000000000000 ) ) ;
#1540 = CYLINDRICAL_SURFACE ( 'NONE', #5125, 1.499999999999998668 ) ;
#1541 = DIRECTION ( 'NONE',  ( 0.000000000000000000, -0.000000000000000000, -1.000000000000000000 ) ) ;
#1542 = ORIENTED_EDGE ( 'NONE', *, *, #2833, .F. ) ;
#1543 = CARTESIAN_POINT ( 'NONE',  ( -2.570603795974261363, -1.863497014787713235, -1.000000000000000000 ) ) ;
#1544 = VERTEX_POINT ( 'NONE', #4783 ) ;
#1545 = DIRECTION ( 'NONE',  ( -0.7071067811865477948, -0.7071067811865473507, 0.000000000000000000 ) ) ;
#1546 = DIRECTION ( 'NONE',  ( -0.000000000000000000, -0.000000000000000000, -1.000000000000000000 ) ) ;
#1547 = ORIENTED_EDGE ( 'NONE', *, *, #2030, .T. ) ;
#1548 = EDGE_CURVE ( 'NONE', #769, #2004, #1472, .T. ) ;
#1549 = DIRECTION ( 'NONE',  ( 0.7071067811865472397, -0.7071067811865479058, 0.000000000000000000 ) ) ;
#1550 = VERTEX_POINT ( 'NONE', #4754 ) ;
#1551 = CARTESIAN_POINT ( 'NONE',  ( 0.000000000000000000, 0.000000000000000000, 2.286000000000000032 ) ) ;
#1552 = CARTESIAN_POINT ( 'NONE',  ( 12.70000000000000107, 5.200000000000000178, 2.286000000000000032 ) ) ;
#1553 = EDGE_CURVE ( 'NONE', #3335, #1608, #6229, .T. ) ;
#1554 = CARTESIAN_POINT ( 'NONE',  ( -3.174999999999999822, -12.69999999999999929, 2.286000000000000032 ) ) ;
#1555 = ORIENTED_EDGE ( 'NONE', *, *, #1690, .T. ) ;
#1556 = ORIENTED_EDGE ( 'NONE', *, *, #4361, .F. ) ;
#1557 = CARTESIAN_POINT ( 'NONE',  ( 6.699999999999993960, -6.699999999999999289, -2.286000000000000032 ) ) ;
#1558 = CARTESIAN_POINT ( 'NONE',  ( 10.12939620402574015, -1.863497014787713901, 2.286000000000000032 ) ) ;
#1559 = ORIENTED_EDGE ( 'NONE', *, *, #6105, .F. ) ;
#1560 = CARTESIAN_POINT ( 'NONE',  ( 0.000000000000000000, -25.39999999999999858, 3.049999999999999822 ) ) ;
#1561 = CARTESIAN_POINT ( 'NONE',  ( 0.000000000000000000, 5.200000000000000178, -1.000000000000000000 ) ) ;
#1562 = ORIENTED_EDGE ( 'NONE', *, *, #1952, .T. ) ;
#1563 = DIRECTION ( 'NONE',  ( -0.000000000000000000, -0.000000000000000000, -1.000000000000000000 ) ) ;
#1564 = CARTESIAN_POINT ( 'NONE',  ( 5.199999999999997513, -17.19289321881344179, -2.286000000000000032 ) ) ;
#1565 = EDGE_LOOP ( 'NONE', ( #1547, #3458, #3251, #1101 ) ) ;
#1566 = DIRECTION ( 'NONE',  ( 1.000000000000000000, 0.000000000000000000, 0.000000000000000000 ) ) ;
#1567 = FACE_OUTER_BOUND ( 'NONE', #840, .T. ) ;
#1568 = EDGE_CURVE ( 'NONE', #5626, #2773, #304, .T. ) ;
#1569 = DIRECTION ( 'NONE',  ( -0.7071067811865473507, 0.7071067811865477948, 0.000000000000000000 ) ) ;
#1570 = VERTEX_POINT ( 'NONE', #5306 ) ;
#1571 = DIRECTION ( 'NONE',  ( -1.000000000000000000, 0.000000000000000000, 0.000000000000000000 ) ) ;
#1572 = ADVANCED_FACE ( 'NONE', ( #1352 ), #829, .F. ) ;
#1573 = LINE ( 'NONE', #3567, #448 ) ;
#1574 = ORIENTED_EDGE ( 'NONE', *, *, #581, .F. ) ;
#1575 = ORIENTED_EDGE ( 'NONE', *, *, #6034, .F. ) ;
#1576 = FACE_OUTER_BOUND ( 'NONE', #2975, .T. ) ;
#1577 = FACE_OUTER_BOUND ( 'NONE', #2981, .T. ) ;
#1578 = VERTEX_POINT ( 'NONE', #5388 ) ;
#1579 = FACE_OUTER_BOUND ( 'NONE', #4228, .T. ) ;
#1580 = VECTOR ( 'NONE', #3455, 1000.000000000000000 ) ;
#1581 = ORIENTED_EDGE ( 'NONE', *, *, #5602, .T. ) ;
#1582 = ORIENTED_EDGE ( 'NONE', *, *, #5805, .T. ) ;
#1583 = ADVANCED_FACE ( 'NONE', ( #1295 ), #5830, .F. ) ;
#1584 = DIRECTION ( 'NONE',  ( -1.040833169157480322E-16, -1.000000000000000000, 0.000000000000000000 ) ) ;
#1585 = ORIENTED_EDGE ( 'NONE', *, *, #1690, .F. ) ;
#1586 = CARTESIAN_POINT ( 'NONE',  ( -0.4999999999999994449, 5.204165845787396065E-17, -2.286000000000000032 ) ) ;
#1587 = LINE ( 'NONE', #1532, #3074 ) ;
#1588 = EDGE_LOOP ( 'NONE', ( #169, #1844, #3580, #1228, #1772, #1091 ) ) ;
#1589 = EDGE_CURVE ( 'NONE', #370, #3595, #374, .T. ) ;
#1590 = VECTOR ( 'NONE', #4471, 1000.000000000000000 ) ;
#1591 = LINE ( 'NONE', #511, #3791 ) ;
#1592 = LINE ( 'NONE', #2934, #4816 ) ;
#1593 = ORIENTED_EDGE ( 'NONE', *, *, #1404, .T. ) ;
#1594 = AXIS2_PLACEMENT_3D ( 'NONE', #1320, #5303, #6431 ) ;
#1595 = CARTESIAN_POINT ( 'NONE',  ( 0.000000000000000000, 0.000000000000000000, -2.286000000000000032 ) ) ;
#1596 = LINE ( 'NONE', #3037, #3565 ) ;
#1597 = DIRECTION ( 'NONE',  ( 0.000000000000000000, 0.000000000000000000, 1.000000000000000000 ) ) ;
#1598 = VECTOR ( 'NONE', #4789, 1000.000000000000000 ) ;
#1599 = VECTOR ( 'NONE', #6374, 1000.000000000000000 ) ;
#1600 = VERTEX_POINT ( 'NONE', #868 ) ;
#1601 = EDGE_CURVE ( 'NONE', #764, #98, #2868, .T. ) ;
#1602 = ORIENTED_EDGE ( 'NONE', *, *, #6315, .T. ) ;
#1603 = CIRCLE ( 'NONE', #2224, 3.174999999999999822 ) ;
#1604 = DIRECTION ( 'NONE',  ( -1.040833169157480322E-16, -1.000000000000000000, 0.000000000000000000 ) ) ;
#1605 = CARTESIAN_POINT ( 'NONE',  ( -5.200000000000000178, -17.50441558772843464, -2.286000000000000032 ) ) ;
#1606 = CIRCLE ( 'NONE', #5249, 3.174999999999999822 ) ;
#1607 = CARTESIAN_POINT ( 'NONE',  ( -5.068629150101529923, -6.349999999999996092, -3.049999999999999822 ) ) ;
#1608 = VERTEX_POINT ( 'NONE', #1782 ) ;
#1609 = VECTOR ( 'NONE', #2429, 1000.000000000000000 ) ;
#1610 = VECTOR ( 'NONE', #4, 1000.000000000000000 ) ;
#1611 = ORIENTED_EDGE ( 'NONE', *, *, #6160, .F. ) ;
#1612 = AXIS2_PLACEMENT_3D ( 'NONE', #1965, #5489, #5092 ) ;
#1613 = FACE_BOUND ( 'NONE', #4028, .T. ) ;
#1614 = VECTOR ( 'NONE', #598, 1000.000000000000000 ) ;
#1615 = DIRECTION ( 'NONE',  ( 0.000000000000000000, 0.000000000000000000, -1.000000000000000000 ) ) ;
#1616 = ORIENTED_EDGE ( 'NONE', *, *, #4277, .F. ) ;
#1617 = COORDINATED_UNIVERSAL_TIME_OFFSET ( 6, 0, .BEHIND. ) ;
#1618 = EDGE_CURVE ( 'NONE', #257, #1241, #6291, .T. ) ;
#1619 = DESIGN_CONTEXT ( 'detailed design', #4761, 'design' ) ;
#1620 = ORIENTED_EDGE ( 'NONE', *, *, #5551, .F. ) ;
#1621 = ORIENTED_EDGE ( 'NONE', *, *, #3977, .F. ) ;
#1622 = CARTESIAN_POINT ( 'NONE',  ( -0.4999999999999994449, 5.204165845787396065E-17, 2.286000000000000032 ) ) ;
#1623 = ORIENTED_EDGE ( 'NONE', *, *, #1758, .T. ) ;
#1624 = CARTESIAN_POINT ( 'NONE',  ( -1.863497014787715456, -15.27060379597426021, 1.000000000000000000 ) ) ;
#1625 = LINE ( 'NONE', #4056, #665 ) ;
#1626 = EDGE_CURVE ( 'NONE', #1350, #5709, #3814, .T. ) ;
#1627 = VECTOR ( 'NONE', #3322, 1000.000000000000000 ) ;
#1628 = ORIENTED_EDGE ( 'NONE', *, *, #3199, .F. ) ;
#1629 = DIRECTION ( 'NONE',  ( -0.000000000000000000, -0.000000000000000000, -1.000000000000000000 ) ) ;
#1630 = CARTESIAN_POINT ( 'NONE',  ( 5.199999999999997513, -6.699999999999997513, 3.049999999999999822 ) ) ;
#1631 = CARTESIAN_POINT ( 'NONE',  ( 6.703553390593271821, 6.703553390593272709, -1.000000000000000000 ) ) ;
#1632 = FACE_OUTER_BOUND ( 'NONE', #5264, .T. ) ;
#1633 = DIRECTION ( 'NONE',  ( 0.000000000000000000, -1.000000000000000000, 0.000000000000000000 ) ) ;
#1634 = EDGE_CURVE ( 'NONE', #692, #1184, #3316, .T. ) ;
#1635 = AXIS2_PLACEMENT_3D ( 'NONE', #226, #2228, #2781 ) ;
#1636 = VERTEX_POINT ( 'NONE', #6361 ) ;
#1637 = DIRECTION ( 'NONE',  ( -0.000000000000000000, -0.000000000000000000, -1.000000000000000000 ) ) ;
#1638 = LINE ( 'NONE', #6015, #4013 ) ;
#1639 = DIRECTION ( 'NONE',  ( -0.000000000000000000, -0.000000000000000000, -1.000000000000000000 ) ) ;
#1640 = ORIENTED_EDGE ( 'NONE', *, *, #4690, .T. ) ;
#1641 = EDGE_CURVE ( 'NONE', #2342, #1608, #1882, .T. ) ;
#1642 = AXIS2_PLACEMENT_3D ( 'NONE', #3241, #1280, #2787 ) ;
#1643 = APPLICATION_CONTEXT ( 'configuration controlled 3d designs of mechanical parts and assemblies' ) ;
#1644 = VERTEX_POINT ( 'NONE', #2094 ) ;
#1645 = DIRECTION ( 'NONE',  ( 0.000000000000000000, 0.000000000000000000, 1.000000000000000000 ) ) ;
#1646 = CARTESIAN_POINT ( 'NONE',  ( -2.570603795974261807, -1.863497014787713457, 1.000000000000000000 ) ) ;
#1647 = ORIENTED_EDGE ( 'NONE', *, *, #2164, .T. ) ;
#1648 = EDGE_CURVE ( 'NONE', #316, #1520, #5589, .T. ) ;
#1649 = PERSON_AND_ORGANIZATION_ROLE ( 'classification_officer' ) ;
#1650 = ORIENTED_EDGE ( 'NONE', *, *, #4588, .T. ) ;
#1651 = LINE ( 'NONE', #154, #5582 ) ;
#1652 = LINE ( 'NONE', #2602, #1285 ) ;
#1653 = CARTESIAN_POINT ( 'NONE',  ( -2.099999999999998757, -25.39999999999999858, -2.286000000000000032 ) ) ;
#1654 = ORIENTED_EDGE ( 'NONE', *, *, #3324, .T. ) ;
#1655 = CARTESIAN_POINT ( 'NONE',  ( 4.492893218813454936, 5.200000000000000178, 1.000000000000000000 ) ) ;
#1656 = CARTESIAN_POINT ( 'NONE',  ( 0.5000000000000024425, -8.177974900523098149E-17, -1.000000000000000000 ) ) ;
#1657 = CC_DESIGN_PERSON_AND_ORGANIZATION_ASSIGNMENT ( #2231, #1649, ( #5993 ) ) ;
#1658 = ADVANCED_FACE ( 'NONE', ( #612 ), #2486, .F. ) ;
#1659 = ORIENTED_EDGE ( 'NONE', *, *, #2791, .T. ) ;
#1660 = CARTESIAN_POINT ( 'NONE',  ( 0.000000000000000000, 0.000000000000000000, 1.000000000000000000 ) ) ;
#1661 = CARTESIAN_POINT ( 'NONE',  ( 2.214716320084738350E-15, -25.39999999999999858, 2.286000000000000032 ) ) ;
#1662 = PLANE ( 'NONE',  #3479 ) ;
#1663 = VERTEX_POINT ( 'NONE', #1013 ) ;
#1664 = EDGE_CURVE ( 'NONE', #4660, #3718, #6008, .T. ) ;
#1665 = ORIENTED_EDGE ( 'NONE', *, *, #2628, .T. ) ;
#1666 = DIRECTION ( 'NONE',  ( -0.000000000000000000, -0.000000000000000000, 1.000000000000000000 ) ) ;
#1667 = LINE ( 'NONE', #4731, #3686 ) ;
#1668 = ORIENTED_EDGE ( 'NONE', *, *, #6020, .T. ) ;
#1669 = VERTEX_POINT ( 'NONE', #1042 ) ;
#1670 = CARTESIAN_POINT ( 'NONE',  ( -5.200000000000000178, -20.90710678118654897, -2.286000000000000032 ) ) ;
#1671 = DIRECTION ( 'NONE',  ( -0.7071067811865470176, -0.7071067811865480168, 0.000000000000000000 ) ) ;
#1672 = ORIENTED_EDGE ( 'NONE', *, *, #2908, .F. ) ;
#1673 = DATE_TIME_ROLE ( 'creation_date' ) ;
#1674 = ORIENTED_EDGE ( 'NONE', *, *, #5173, .F. ) ;
#1675 = ORIENTED_EDGE ( 'NONE', *, *, #1677, .T. ) ;
#1676 = ADVANCED_FACE ( 'NONE', ( #29 ), #2610, .F. ) ;
#1677 = EDGE_CURVE ( 'NONE', #3718, #822, #3597, .T. ) ;
#1678 = PLANE ( 'NONE',  #1016 ) ;
#1679 = AXIS2_PLACEMENT_3D ( 'NONE', #2279, #4298, #903 ) ;
#1680 = CARTESIAN_POINT ( 'NONE',  ( -1.709940206472993816E-16, -0.4999999999999971689, 2.286000000000000032 ) ) ;
#1681 = DIRECTION ( 'NONE',  ( -0.000000000000000000, -0.000000000000000000, -1.000000000000000000 ) ) ;
#1682 = ORIENTED_EDGE ( 'NONE', *, *, #2939, .T. ) ;
#1683 = CARTESIAN_POINT ( 'NONE',  ( 6.199999999999993960, -6.699999999999999289, 1.000000000000000000 ) ) ;
#1684 = CYLINDRICAL_SURFACE ( 'NONE', #1909, 3.174999999999999822 ) ;
#1685 = ADVANCED_FACE ( 'NONE', ( #2067 ), #481, .T. ) ;
#1686 = DIRECTION ( 'NONE',  ( 1.000000000000000000, 0.000000000000000000, -0.000000000000000000 ) ) ;
#1687 = PLANE ( 'NONE',  #118 ) ;
#1688 = LINE ( 'NONE', #1725, #3370 ) ;
#1689 = VECTOR ( 'NONE', #2933, 1000.000000000000000 ) ;
#1690 = EDGE_CURVE ( 'NONE', #16, #1197, #2512, .T. ) ;
#1691 = AXIS2_PLACEMENT_3D ( 'NONE', #1660, #3127, #4179 ) ;
#1692 = LINE ( 'NONE', #644, #2013 ) ;
#1693 = ORIENTED_EDGE ( 'NONE', *, *, #30, .F. ) ;
#1694 = DIRECTION ( 'NONE',  ( 0.7071067811865489050, 0.7071067811865462405, -0.000000000000000000 ) ) ;
#1695 = CIRCLE ( 'NONE', #2633, 3.175000000000000711 ) ;
#1696 = CLOSED_SHELL ( 'NONE', ( #4383, #1658, #5662, #5933, #84, #2083, #5417, #4244, #4961, #2364, #1377, #5349, #3137, #4453, #4350, #626, #5333, #5720, #1112, #127, #708, #3523, #4111, #152, #2800, #1341, #2725, #3399, #806, #1123, #4286, #2222, #1444, #4166, #4057, #3577, #2919, #6335, #404, #1685, #496, #6411, #2006, #4338, #2598, #108, #6011, #3421, #3799, #3230, #4483, #981, #5147, #3687, #2771, #120, #6148, #5911, #614, #4855, #6441, #960, #458, #4962, #1015, #503, #4878, #2604, #4969, #4506, #6460, #5825, #1922, #6233, #2378, #4259, #1877, #1467, #4856, #1894, #57, #568, #5706, #1185, #5018, #260, #1676, #3640, #3152, #1791, #5516, #4102, #3007, #3400, #217, #2724, #1058, #1533, #3997, #5289, #1056, #3048, #5854, #1760, #5379, #2401, #1402, #4779, #4864, #885, #569, #1247, #5897, #1976, #1726, #916, #731, #1007, #3552, #4651, #5226, #2696, #3291, #3162, #3478, #1982, #116, #5068, #5203, #4089, #1914, #558, #70, #776, #6399, #2017, #2777, #530, #280, #468, #5528, #5088, #2519, #3673, #1583, #3064, #332, #2842, #4987, #2998, #1164, #1572, #743, #6033, #3715, #4581, #3025, #3278, #2055, #1839, #3589, #3130, #2634, #4164, #4470, #2670, #205, #4292, #4834, #1229, #6145, #3460, #4848, #1927, #2650, #5536, #3332, #1292, #3841, #4545, #2171, #4666, #3515, #6247, #1727, #4253, #3505, #1356, #4412, #4564, #4828, #4083 ) ) ;
#1697 = DIRECTION ( 'NONE',  ( 0.000000000000000000, 0.000000000000000000, 1.000000000000000000 ) ) ;
#1698 = CIRCLE ( 'NONE', #5868, 6.199999999999997513 ) ;
#1699 = VECTOR ( 'NONE', #6376, 1000.000000000000000 ) ;
#1700 = EDGE_CURVE ( 'NONE', #6262, #3744, #4512, .T. ) ;
#1701 = AXIS2_PLACEMENT_3D ( 'NONE', #1762, #2740, #811 ) ;
#1702 = VECTOR ( 'NONE', #6234, 1000.000000000000000 ) ;
#1703 = EDGE_LOOP ( 'NONE', ( #736, #3866, #3750, #5320 ) ) ;
#1704 = DIRECTION ( 'NONE',  ( 1.000000000000000000, 8.881784197001252323E-16, 0.000000000000000000 ) ) ;
#1705 = VECTOR ( 'NONE', #4901, 1000.000000000000000 ) ;
#1706 = CARTESIAN_POINT ( 'NONE',  ( -6.199999999999997513, -25.39999999999999858, -3.049999999999999822 ) ) ;
#1707 = ORIENTED_EDGE ( 'NONE', *, *, #2579, .F. ) ;
#1708 = VECTOR ( 'NONE', #2354, 1000.000000000000000 ) ;
#1709 = PERSON_AND_ORGANIZATION ( #952, #4027 ) ;
#1710 = VECTOR ( 'NONE', #5532, 1000.000000000000000 ) ;
#1711 = EDGE_LOOP ( 'NONE', ( #6453, #2379, #424, #6014 ) ) ;
#1712 = ORIENTED_EDGE ( 'NONE', *, *, #2529, .T. ) ;
#1713 = CIRCLE ( 'NONE', #6202, 3.174999999999999822 ) ;
#1714 = ORIENTED_EDGE ( 'NONE', *, *, #134, .F. ) ;
#1715 = CARTESIAN_POINT ( 'NONE',  ( 6.699999999999993960, -6.699999999999999289, 1.000000000000000000 ) ) ;
#1716 = LINE ( 'NONE', #4681, #1070 ) ;
#1717 = LINE ( 'NONE', #5697, #1299 ) ;
#1718 = EDGE_CURVE ( 'NONE', #4788, #2146, #4548, .T. ) ;
#1719 = VERTEX_POINT ( 'NONE', #4030 ) ;
#1720 = CARTESIAN_POINT ( 'NONE',  ( 12.69999999999999929, 5.200000000000000178, -3.049999999999999822 ) ) ;
#1721 = DIRECTION ( 'NONE',  ( 1.445602896647337931E-16, 1.000000000000000000, -0.000000000000000000 ) ) ;
#1722 = FACE_OUTER_BOUND ( 'NONE', #5682, .T. ) ;
#1723 = VECTOR ( 'NONE', #2284, 1000.000000000000000 ) ;
#1724 = CARTESIAN_POINT ( 'NONE',  ( 2.100000000000002753, -25.39999999999999858, -2.286000000000000032 ) ) ;
#1725 = CARTESIAN_POINT ( 'NONE',  ( 6.200000000000004619, -17.91862915010152690, 3.050999999999999712 ) ) ;
#1726 = ADVANCED_FACE ( 'NONE', ( #67 ), #1540, .T. ) ;
#1727 = ADVANCED_FACE ( 'NONE', ( #1567 ), #1996, .T. ) ;
#1728 = VERTEX_POINT ( 'NONE', #5515 ) ;
#1729 = AXIS2_PLACEMENT_3D ( 'NONE', #3957, #3928, #1966 ) ;
#1730 = EDGE_LOOP ( 'NONE', ( #5192, #5829 ) ) ;
#1731 = CARTESIAN_POINT ( 'NONE',  ( 0.000000000000000000, 0.000000000000000000, -1.000000000000000000 ) ) ;
#1732 = DIRECTION ( 'NONE',  ( 0.000000000000000000, 0.000000000000000000, 1.000000000000000000 ) ) ;
#1733 = ORIENTED_EDGE ( 'NONE', *, *, #5012, .T. ) ;
#1734 = FACE_OUTER_BOUND ( 'NONE', #999, .T. ) ;
#1735 = EDGE_CURVE ( 'NONE', #5146, #1373, #1596, .T. ) ;
#1736 = VECTOR ( 'NONE', #5500, 1000.000000000000114 ) ;
#1737 = CARTESIAN_POINT ( 'NONE',  ( -5.200000000000000178, 0.000000000000000000, 1.000000000000000000 ) ) ;
#1738 = ORIENTED_EDGE ( 'NONE', *, *, #1618, .T. ) ;
#1739 = VERTEX_POINT ( 'NONE', #5548 ) ;
#1740 = VERTEX_POINT ( 'NONE', #3072 ) ;
#1741 = EDGE_LOOP ( 'NONE', ( #607, #2449, #119, #813 ) ) ;
#1742 = EDGE_CURVE ( 'NONE', #257, #5122, #4481, .T. ) ;
#1743 = LINE ( 'NONE', #5754, #6448 ) ;
#1744 = VERTEX_POINT ( 'NONE', #584 ) ;
#1745 = DIRECTION ( 'NONE',  ( 1.000000000000000000, 0.000000000000000000, 0.000000000000000000 ) ) ;
#1746 = LINE ( 'NONE', #5176, #4131 ) ;
#1747 = ORIENTED_EDGE ( 'NONE', *, *, #1174, .F. ) ;
#1748 = LINE ( 'NONE', #207, #4414 ) ;
#1749 = CARTESIAN_POINT ( 'NONE',  ( -5.200000000000000178, -20.90710678118654897, 3.049999999999999822 ) ) ;
#1750 = DIRECTION ( 'NONE',  ( 0.7071067811865473507, 0.7071067811865477948, -0.000000000000000000 ) ) ;
#1751 = DIRECTION ( 'NONE',  ( -1.000000000000000000, 0.000000000000000000, 0.000000000000000000 ) ) ;
#1752 = FACE_OUTER_BOUND ( 'NONE', #3738, .T. ) ;
#1753 = CARTESIAN_POINT ( 'NONE',  ( 1.182358322909695704E-16, -12.69999999999999929, 1.000000000000000000 ) ) ;
#1754 = DIRECTION ( 'NONE',  ( -0.000000000000000000, -0.000000000000000000, -1.000000000000000000 ) ) ;
#1755 = EDGE_CURVE ( 'NONE', #6056, #1003, #4604, .T. ) ;
#1756 = DIRECTION ( 'NONE',  ( -0.7071067811865466846, -0.7071067811865484609, 0.000000000000000000 ) ) ;
#1757 = ORIENTED_EDGE ( 'NONE', *, *, #5057, .F. ) ;
#1758 = EDGE_CURVE ( 'NONE', #5439, #6380, #1786, .T. ) ;
#1759 = ORIENTED_EDGE ( 'NONE', *, *, #2065, .F. ) ;
#1760 = ADVANCED_FACE ( 'NONE', ( #5490 ), #6232, .T. ) ;
#1761 = LINE ( 'NONE', #3260, #4033 ) ;
#1762 = CARTESIAN_POINT ( 'NONE',  ( 12.69999999999999929, 0.000000000000000000, 3.049999999999999822 ) ) ;
#1763 = EDGE_LOOP ( 'NONE', ( #4516, #3794, #3638, #4154, #373, #4561 ) ) ;
#1764 = ORIENTED_EDGE ( 'NONE', *, *, #2976, .F. ) ;
#1765 = DIRECTION ( 'NONE',  ( -0.000000000000000000, -0.000000000000000000, -1.000000000000000000 ) ) ;
#1766 = EDGE_CURVE ( 'NONE', #1570, #146, #3242, .T. ) ;
#1767 = VECTOR ( 'NONE', #4294, 1000.000000000000000 ) ;
#1768 = DIRECTION ( 'NONE',  ( -1.000000000000000000, 0.000000000000000000, 0.000000000000000000 ) ) ;
#1769 = VERTEX_POINT ( 'NONE', #2251 ) ;
#1770 = LINE ( 'NONE', #3864, #2127 ) ;
#1771 = EDGE_CURVE ( 'NONE', #3916, #3983, #5219, .T. ) ;
#1772 = ORIENTED_EDGE ( 'NONE', *, *, #781, .T. ) ;
#1773 = ORIENTED_EDGE ( 'NONE', *, *, #5550, .F. ) ;
#1774 = CARTESIAN_POINT ( 'NONE',  ( 12.69999999999999929, 0.000000000000000000, -1.000000000000000000 ) ) ;
#1775 = ORIENTED_EDGE ( 'NONE', *, *, #1479, .F. ) ;
#1776 = DIRECTION ( 'NONE',  ( 0.000000000000000000, 0.000000000000000000, 1.000000000000000000 ) ) ;
#1777 = EDGE_CURVE ( 'NONE', #4976, #4319, #3194, .T. ) ;
#1778 = ORIENTED_EDGE ( 'NONE', *, *, #4177, .F. ) ;
#1779 = DIRECTION ( 'NONE',  ( 1.000000000000000000, 0.000000000000000000, 0.000000000000000000 ) ) ;
#1780 = LINE ( 'NONE', #403, #6400 ) ;
#1781 = ORIENTED_EDGE ( 'NONE', *, *, #2887, .T. ) ;
#1782 = CARTESIAN_POINT ( 'NONE',  ( 2.570603795974261363, 1.863497014787713235, 1.000000000000000000 ) ) ;
#1783 = DIRECTION ( 'NONE',  ( -0.000000000000000000, -0.000000000000000000, -1.000000000000000000 ) ) ;
#1784 = CYLINDRICAL_SURFACE ( 'NONE', #2123, 3.175000000000000711 ) ;
#1785 = FACE_OUTER_BOUND ( 'NONE', #5809, .T. ) ;
#1786 = CIRCLE ( 'NONE', #2108, 3.174999999999999822 ) ;
#1787 = ORIENTED_EDGE ( 'NONE', *, *, #3778, .F. ) ;
#1788 = CARTESIAN_POINT ( 'NONE',  ( -3.654415587728429671, -19.05000000000000071, 3.049999999999999822 ) ) ;
#1789 = ORIENTED_EDGE ( 'NONE', *, *, #3233, .T. ) ;
#1790 = DIRECTION ( 'NONE',  ( 0.000000000000000000, 0.000000000000000000, 1.000000000000000000 ) ) ;
#1791 = ADVANCED_FACE ( 'NONE', ( #2209 ), #1687, .T. ) ;
#1792 = LINE ( 'NONE', #6143, #1275 ) ;
#1793 = ORIENTED_EDGE ( 'NONE', *, *, #396, .T. ) ;
#1794 = CIRCLE ( 'NONE', #5858, 5.200000000000000178 ) ;
#1795 = EDGE_CURVE ( 'NONE', #2004, #3831, #730, .T. ) ;
#1796 = AXIS2_PLACEMENT_3D ( 'NONE', #5963, #1498, #4376 ) ;
#1797 = ORIENTED_EDGE ( 'NONE', *, *, #2529, .F. ) ;
#1798 = CARTESIAN_POINT ( 'NONE',  ( 12.69999999999999929, 0.000000000000000000, -2.286000000000000032 ) ) ;
#1799 = AXIS2_PLACEMENT_3D ( 'NONE', #1499, #1010, #4479 ) ;
#1800 = VECTOR ( 'NONE', #2246, 1000.000000000000000 ) ;
#1801 = DIRECTION ( 'NONE',  ( -0.000000000000000000, 1.000000000000000000, 0.000000000000000000 ) ) ;
#1802 = ORIENTED_EDGE ( 'NONE', *, *, #5708, .T. ) ;
#1803 = DIRECTION ( 'NONE',  ( -0.000000000000000000, -0.000000000000000000, -1.000000000000000000 ) ) ;
#1804 = VECTOR ( 'NONE', #6325, 1000.000000000000000 ) ;
#1805 = VECTOR ( 'NONE', #2420, 1000.000000000000000 ) ;
#1806 = AXIS2_PLACEMENT_3D ( 'NONE', #2086, #3518, #2928 ) ;
#1807 = ORIENTED_EDGE ( 'NONE', *, *, #281, .F. ) ;
#1808 = VECTOR ( 'NONE', #4991, 999.9999999999998863 ) ;
#1809 = AXIS2_PLACEMENT_3D ( 'NONE', #2783, #5329, #3273 ) ;
#1810 = AXIS2_PLACEMENT_3D ( 'NONE', #987, #6343, #2979 ) ;
#1811 = LINE ( 'NONE', #366, #177 ) ;
#1812 = ORIENTED_EDGE ( 'NONE', *, *, #4801, .T. ) ;
#1813 = DIRECTION ( 'NONE',  ( -0.000000000000000000, -0.000000000000000000, -1.000000000000000000 ) ) ;
#1814 = CARTESIAN_POINT ( 'NONE',  ( 12.69999999999999751, -5.199999999999999289, 3.049999999999999822 ) ) ;
#1815 = CIRCLE ( 'NONE', #3274, 2.100000000000000977 ) ;
#1816 = AXIS2_PLACEMENT_3D ( 'NONE', #4710, #4748, #2630 ) ;
#1817 = VERTEX_POINT ( 'NONE', #6201 ) ;
#1818 = DIRECTION ( 'NONE',  ( 0.000000000000000000, -1.000000000000000000, 0.000000000000000000 ) ) ;
#1819 = DIRECTION ( 'NONE',  ( -0.000000000000000000, -0.000000000000000000, 1.000000000000000000 ) ) ;
#1820 = ORIENTED_EDGE ( 'NONE', *, *, #2500, .F. ) ;
#1821 = CARTESIAN_POINT ( 'NONE',  ( -5.002207793864216434, -5.002207793864207552, 1.000000000000000000 ) ) ;
#1822 = DIRECTION ( 'NONE',  ( 0.7071067811865474617, 0.7071067811865475727, 0.000000000000000000 ) ) ;
#1823 = DIRECTION ( 'NONE',  ( -0.7071067811865473507, 0.7071067811865477948, 0.000000000000000000 ) ) ;
#1824 = EDGE_CURVE ( 'NONE', #6134, #1999, #1201, .T. ) ;
#1825 = LINE ( 'NONE', #2799, #6183 ) ;
#1826 = ORIENTED_EDGE ( 'NONE', *, *, #4345, .T. ) ;
#1827 = DIRECTION ( 'NONE',  ( -0.000000000000000000, -0.000000000000000000, -1.000000000000000000 ) ) ;
#1828 = ORIENTED_EDGE ( 'NONE', *, *, #2809, .T. ) ;
#1829 = LINE ( 'NONE', #6407, #3887 ) ;
#1830 = EDGE_CURVE ( 'NONE', #2746, #5777, #2729, .T. ) ;
#1831 = CARTESIAN_POINT ( 'NONE',  ( 7.697792206135781079, -7.697792206135766868, 2.286000000000000032 ) ) ;
#1832 = VERTEX_POINT ( 'NONE', #3629 ) ;
#1833 = CARTESIAN_POINT ( 'NONE',  ( -3.654415587728429671, -6.349999999999996980, -1.000000000000000000 ) ) ;
#1834 = CARTESIAN_POINT ( 'NONE',  ( 7.697792206135781079, -7.697792206135766868, -2.286000000000000032 ) ) ;
#1835 = EDGE_CURVE ( 'NONE', #2150, #2680, #5442, .T. ) ;
#1836 = FACE_OUTER_BOUND ( 'NONE', #5822, .T. ) ;
#1837 = ORIENTED_EDGE ( 'NONE', *, *, #3937, .F. ) ;
#1838 = CARTESIAN_POINT ( 'NONE',  ( 12.69999999999999929, 0.000000000000000000, 2.286000000000000032 ) ) ;
#1839 = ADVANCED_FACE ( 'NONE', ( #3159 ), #640, .F. ) ;
#1840 = VERTEX_POINT ( 'NONE', #163 ) ;
#1841 = ORIENTED_EDGE ( 'NONE', *, *, #2912, .F. ) ;
#1842 = EDGE_CURVE ( 'NONE', #5293, #790, #3720, .T. ) ;
#1843 = CARTESIAN_POINT ( 'NONE',  ( 6.699999999999993960, -6.699999999999999289, 1.000000000000000000 ) ) ;
#1844 = ORIENTED_EDGE ( 'NONE', *, *, #1268, .T. ) ;
#1845 = LINE ( 'NONE', #3244, #4436 ) ;
#1846 = CARTESIAN_POINT ( 'NONE',  ( -4.648654403270946922, -18.05576118445749501, -2.286000000000000032 ) ) ;
#1847 = VECTOR ( 'NONE', #2111, 1000.000000000000000 ) ;
#1848 = ORIENTED_EDGE ( 'NONE', *, *, #1865, .T. ) ;
#1849 = DIRECTION ( 'NONE',  ( -0.000000000000000000, -0.000000000000000000, -1.000000000000000000 ) ) ;
#1850 = CARTESIAN_POINT ( 'NONE',  ( 12.69999999999999751, -5.199999999999999289, 3.049999999999999822 ) ) ;
#1851 = ORIENTED_EDGE ( 'NONE', *, *, #3965, .T. ) ;
#1852 = EDGE_CURVE ( 'NONE', #229, #5118, #5735, .T. ) ;
#1853 = DIRECTION ( 'NONE',  ( 0.7071067811865476838, -0.7071067811865474617, 0.000000000000000000 ) ) ;
#1854 = DIRECTION ( 'NONE',  ( 0.7071067811865489050, 0.7071067811865462405, -0.000000000000000000 ) ) ;
#1855 = CARTESIAN_POINT ( 'NONE',  ( 6.699999999999993960, -5.200000000000001066, 3.049999999999999822 ) ) ;
#1856 = ORIENTED_EDGE ( 'NONE', *, *, #5325, .F. ) ;
#1857 = EDGE_CURVE ( 'NONE', #3714, #218, #635, .T. ) ;
#1858 = PLANE ( 'NONE',  #1265 ) ;
#1859 = CARTESIAN_POINT ( 'NONE',  ( 14.80000000000000071, 0.000000000000000000, 2.286000000000000032 ) ) ;
#1860 = ORIENTED_EDGE ( 'NONE', *, *, #3433, .T. ) ;
#1861 = DIRECTION ( 'NONE',  ( 0.000000000000000000, 0.000000000000000000, 1.000000000000000000 ) ) ;
#1862 = CARTESIAN_POINT ( 'NONE',  ( 1.863497014787714567, 2.570603795974260475, 2.286000000000000032 ) ) ;
#1863 = VERTEX_POINT ( 'NONE', #1724 ) ;
#1864 = ORIENTED_EDGE ( 'NONE', *, *, #3943, .T. ) ;
#1865 = EDGE_CURVE ( 'NONE', #3708, #272, #4206, .T. ) ;
#1866 = ORIENTED_EDGE ( 'NONE', *, *, #1302, .T. ) ;
#1867 = DIRECTION ( 'NONE',  ( 0.7071067811865483499, -0.7071067811865465735, 0.000000000000000000 ) ) ;
#1868 = DIRECTION ( 'NONE',  ( -0.7071067811865477948, -0.7071067811865473507, 0.000000000000000000 ) ) ;
#1869 = CARTESIAN_POINT ( 'NONE',  ( 12.70000000000000107, 5.200000000000000178, -2.286000000000000032 ) ) ;
#1870 = ORIENTED_EDGE ( 'NONE', *, *, #3522, .T. ) ;
#1871 = CYLINDRICAL_SURFACE ( 'NONE', #4632, 1.499999999999998668 ) ;
#1872 = VERTEX_POINT ( 'NONE', #773 ) ;
#1873 = PLANE ( 'NONE',  #4980 ) ;
#1874 = VERTEX_POINT ( 'NONE', #2281 ) ;
#1875 = EDGE_CURVE ( 'NONE', #4908, #69, #6103, .T. ) ;
#1876 = DIRECTION ( 'NONE',  ( 0.7071067811865474617, -0.7071067811865474617, 0.000000000000000000 ) ) ;
#1877 = ADVANCED_FACE ( 'NONE', ( #1632 ), #4152, .T. ) ;
#1878 = EDGE_CURVE ( 'NONE', #221, #4857, #1161, .T. ) ;
#1879 = DIRECTION ( 'NONE',  ( 0.7071067811865476838, -0.7071067811865474617, 0.000000000000000000 ) ) ;
#1880 = CARTESIAN_POINT ( 'NONE',  ( -5.200000000000000178, -17.19289321881344890, -2.286000000000000032 ) ) ;
#1881 = VERTEX_POINT ( 'NONE', #307 ) ;
#1882 = LINE ( 'NONE', #3877, #5538 ) ;
#1883 = CARTESIAN_POINT ( 'NONE',  ( 0.3535533905932727872, -0.3535533905932727872, 2.286000000000000032 ) ) ;
#1884 = DIRECTION ( 'NONE',  ( 0.7071067811865474617, 0.7071067811865475727, 0.000000000000000000 ) ) ;
#1885 = AXIS2_PLACEMENT_3D ( 'NONE', #5371, #418, #1440 ) ;
#1886 = ORIENTED_EDGE ( 'NONE', *, *, #4672, .F. ) ;
#1887 = CARTESIAN_POINT ( 'NONE',  ( -4.648654403270940705, -20.04423881554251352, 2.286000000000000032 ) ) ;
#1888 = LINE ( 'NONE', #5421, #1902 ) ;
#1889 = EDGE_LOOP ( 'NONE', ( #2059, #4334, #5315, #1342 ) ) ;
#1890 = LINE ( 'NONE', #1361, #5788 ) ;
#1891 = VECTOR ( 'NONE', #2154, 1000.000000000000000 ) ;
#1892 = CARTESIAN_POINT ( 'NONE',  ( 1.863497014787714567, 2.570603795974260475, 1.000000000000000000 ) ) ;
#1893 = FACE_OUTER_BOUND ( 'NONE', #995, .T. ) ;
#1894 = ADVANCED_FACE ( 'NONE', ( #1355 ), #3318, .T. ) ;
#1895 = ORIENTED_EDGE ( 'NONE', *, *, #233, .T. ) ;
#1896 = DIRECTION ( 'NONE',  ( -0.7071067811865480168, 0.7071067811865470176, 0.000000000000000000 ) ) ;
#1897 = LINE ( 'NONE', #3861, #1080 ) ;
#1898 = FACE_OUTER_BOUND ( 'NONE', #1109, .T. ) ;
#1899 = DIRECTION ( 'NONE',  ( -0.000000000000000000, -0.000000000000000000, -1.000000000000000000 ) ) ;
#1900 = ORIENTED_EDGE ( 'NONE', *, *, #5106, .F. ) ;
#1901 = EDGE_CURVE ( 'NONE', #4250, #5158, #1298, .T. ) ;
#1902 = VECTOR ( 'NONE', #1328, 1000.000000000000000 ) ;
#1903 = VERTEX_POINT ( 'NONE', #5418 ) ;
#1904 = VECTOR ( 'NONE', #4394, 1000.000000000000114 ) ;
#1905 = CARTESIAN_POINT ( 'NONE',  ( -1.863497014787714567, -2.570603795974260475, 2.286000000000000032 ) ) ;
#1906 = ORIENTED_EDGE ( 'NONE', *, *, #678, .F. ) ;
#1907 = PLANE ( 'NONE',  #2137 ) ;
#1908 = EDGE_CURVE ( 'NONE', #4233, #4872, #3390, .T. ) ;
#1909 = AXIS2_PLACEMENT_3D ( 'NONE', #2699, #4238, #2247 ) ;
#1910 = CARTESIAN_POINT ( 'NONE',  ( 0.000000000000000000, 6.200000000000000178, 1.000000000000000000 ) ) ;
#1911 = AXIS2_PLACEMENT_3D ( 'NONE', #2671, #1198, #2764 ) ;
#1912 = VECTOR ( 'NONE', #1473, 1000.000000000000000 ) ;
#1913 = ORIENTED_EDGE ( 'NONE', *, *, #5134, .F. ) ;
#1914 = ADVANCED_FACE ( 'NONE', ( #1785 ), #832, .F. ) ;
#1915 = PLANE ( 'NONE',  #2637 ) ;
#1916 = LINE ( 'NONE', #4781, #5135 ) ;
#1917 = VECTOR ( 'NONE', #3129, 1000.000000000000000 ) ;
#1918 = AXIS2_PLACEMENT_3D ( 'NONE', #2287, #3327, #2807 ) ;
#1919 = ORIENTED_EDGE ( 'NONE', *, *, #5668, .T. ) ;
#1920 = DIRECTION ( 'NONE',  ( -0.7071067811865480168, -0.7071067811865470176, 0.000000000000000000 ) ) ;
#1921 = DIRECTION ( 'NONE',  ( -0.000000000000000000, -0.000000000000000000, 1.000000000000000000 ) ) ;
#1922 = ADVANCED_FACE ( 'NONE', ( #5279 ), #5771, .T. ) ;
#1923 = AXIS2_PLACEMENT_3D ( 'NONE', #3800, #5848, #5888 ) ;
#1924 = VECTOR ( 'NONE', #3287, 1000.000000000000000 ) ;
#1925 = VECTOR ( 'NONE', #6007, 1000.000000000000000 ) ;
#1926 = ORIENTED_EDGE ( 'NONE', *, *, #6282, .T. ) ;
#1927 = ADVANCED_FACE ( 'NONE', ( #3921 ), #4893, .F. ) ;
#1928 = LINE ( 'NONE', #1431, #432 ) ;
#1929 = CARTESIAN_POINT ( 'NONE',  ( 12.69999999999999929, 5.200000000000000178, 1.000000000000000000 ) ) ;
#1930 = AXIS2_PLACEMENT_3D ( 'NONE', #109, #2107, #2569 ) ;
#1931 = VERTEX_POINT ( 'NONE', #4272 ) ;
#1932 = VECTOR ( 'NONE', #2535, 1000.000000000000000 ) ;
#1933 = CARTESIAN_POINT ( 'NONE',  ( 3.654415587728431447, -19.04999999999999716, 3.049999999999999822 ) ) ;
#1934 = EDGE_CURVE ( 'NONE', #297, #5084, #3347, .T. ) ;
#1935 = EDGE_CURVE ( 'NONE', #3557, #4433, #3776, .T. ) ;
#1936 = CARTESIAN_POINT ( 'NONE',  ( 2.214716320084738350E-15, -25.39999999999999858, 2.286000000000000032 ) ) ;
#1937 =( GEOMETRIC_REPRESENTATION_CONTEXT ( 3 ) GLOBAL_UNCERTAINTY_ASSIGNED_CONTEXT ( ( #110 ) ) GLOBAL_UNIT_ASSIGNED_CONTEXT ( ( #4531, #3053, #4142 ) ) REPRESENTATION_CONTEXT ( 'NONE', 'WORKASPACE' ) );
#1938 = DIRECTION ( 'NONE',  ( 0.000000000000000000, 0.000000000000000000, 1.000000000000000000 ) ) ;
#1939 = DIRECTION ( 'NONE',  ( -1.000000000000000000, 0.000000000000000000, 0.000000000000000000 ) ) ;
#1940 = CARTESIAN_POINT ( 'NONE',  ( -5.200000000000000178, -25.39999999999999858, -3.049999999999999822 ) ) ;
#1941 = CARTESIAN_POINT ( 'NONE',  ( 3.135382751754560271, 0.4999999999999998890, 2.286000000000000032 ) ) ;
#1942 = DIRECTION ( 'NONE',  ( 1.000000000000000000, 1.092739197465705287E-15, 0.000000000000000000 ) ) ;
#1943 = VERTEX_POINT ( 'NONE', #5391 ) ;
#1944 = FACE_OUTER_BOUND ( 'NONE', #985, .T. ) ;
#1945 = ORIENTED_EDGE ( 'NONE', *, *, #4696, .T. ) ;
#1946 = EDGE_CURVE ( 'NONE', #6166, #4233, #5347, .T. ) ;
#1947 = DIRECTION ( 'NONE',  ( 0.7071067811865474617, 0.7071067811865476838, -0.000000000000000000 ) ) ;
#1948 = ORIENTED_EDGE ( 'NONE', *, *, #2955, .T. ) ;
#1949 = CARTESIAN_POINT ( 'NONE',  ( 6.792893218813456535, -5.199999999999999289, 3.049999999999999822 ) ) ;
#1950 = DIRECTION ( 'NONE',  ( -0.7071067811865484609, 0.7071067811865465735, -0.000000000000000000 ) ) ;
#1951 = VECTOR ( 'NONE', #3020, 1000.000000000000114 ) ;
#1952 = EDGE_CURVE ( 'NONE', #3736, #4788, #1825, .T. ) ;
#1953 = DIRECTION ( 'NONE',  ( -0.7071067811865474617, -0.7071067811865476838, 0.000000000000000000 ) ) ;
#1954 = CARTESIAN_POINT ( 'NONE',  ( -1.863497014787716122, -22.82939620402573766, 1.000000000000000000 ) ) ;
#1955 = CARTESIAN_POINT ( 'NONE',  ( 6.199999999999993960, -6.699999999999999289, 1.000000000000000000 ) ) ;
#1956 = VERTEX_POINT ( 'NONE', #2871 ) ;
#1957 = CARTESIAN_POINT ( 'NONE',  ( -5.996446609406720363, -5.996446609406716810, 1.000000000000000000 ) ) ;
#1958 = CARTESIAN_POINT ( 'NONE',  ( 5.199999999999997513, -6.792893218813458311, -1.000000000000000000 ) ) ;
#1959 = CIRCLE ( 'NONE', #5082, 2.100000000000000533 ) ;
#1960 = ORIENTED_EDGE ( 'NONE', *, *, #3856, .F. ) ;
#1961 = EDGE_CURVE ( 'NONE', #62, #631, #5862, .T. ) ;
#1962 = PLANE ( 'NONE',  #740 ) ;
#1963 = LINE ( 'NONE', #2581, #5456 ) ;
#1964 = VERTEX_POINT ( 'NONE', #906 ) ;
#1965 = CARTESIAN_POINT ( 'NONE',  ( 12.69999999999999929, 0.000000000000000000, -2.286000000000000032 ) ) ;
#1966 = DIRECTION ( 'NONE',  ( -1.000000000000000000, 0.000000000000000000, 0.000000000000000000 ) ) ;
#1967 = VERTEX_POINT ( 'NONE', #4339 ) ;
#1968 = EDGE_CURVE ( 'NONE', #3168, #4535, #4815, .T. ) ;
#1969 = EDGE_CURVE ( 'NONE', #4857, #807, #378, .T. ) ;
#1970 = ORIENTED_EDGE ( 'NONE', *, *, #1990, .T. ) ;
#1971 = CARTESIAN_POINT ( 'NONE',  ( 5.218629150101527614, 6.199999999999999289, -3.049999999999999822 ) ) ;
#1972 = DIRECTION ( 'NONE',  ( 0.000000000000000000, 0.000000000000000000, -1.000000000000000000 ) ) ;
#1973 = CARTESIAN_POINT ( 'NONE',  ( 3.175000000000002043, -25.39999999999999858, 1.000000000000000000 ) ) ;
#1974 = ORIENTED_EDGE ( 'NONE', *, *, #4494, .T. ) ;
#1975 = CARTESIAN_POINT ( 'NONE',  ( 5.199999999999998401, -20.59558441227156678, 2.286000000000000032 ) ) ;
#1976 = ADVANCED_FACE ( 'NONE', ( #3816 ), #5803, .T. ) ;
#1977 = ORIENTED_EDGE ( 'NONE', *, *, #2065, .T. ) ;
#1978 = CARTESIAN_POINT ( 'NONE',  ( 5.199999999999997513, -25.39999999999999858, -1.000000000000000000 ) ) ;
#1979 = ORIENTED_EDGE ( 'NONE', *, *, #6046, .F. ) ;
#1980 = DIRECTION ( 'NONE',  ( 1.000000000000000000, 0.000000000000000000, 0.000000000000000000 ) ) ;
#1981 = LINE ( 'NONE', #4106, #4437 ) ;
#1982 = ADVANCED_FACE ( 'NONE', ( #1394 ), #2413, .F. ) ;
#1983 = ORIENTED_EDGE ( 'NONE', *, *, #2736, .F. ) ;
#1984 = CARTESIAN_POINT ( 'NONE',  ( 6.703553390593271821, 6.703553390593272709, 2.286000000000000032 ) ) ;
#1985 = CARTESIAN_POINT ( 'NONE',  ( -3.654415587728429671, -19.05000000000000071, -3.049999999999999822 ) ) ;
#1986 = ORIENTED_EDGE ( 'NONE', *, *, #2791, .F. ) ;
#1987 = DIRECTION ( 'NONE',  ( 0.7071067811865473507, 0.7071067811865477948, 0.000000000000000000 ) ) ;
#1988 = CARTESIAN_POINT ( 'NONE',  ( -6.200000000000001954, -5.218629150101522285, -3.049999999999999822 ) ) ;
#1989 = DIRECTION ( 'NONE',  ( 0.000000000000000000, 0.000000000000000000, 1.000000000000000000 ) ) ;
#1990 = EDGE_CURVE ( 'NONE', #1150, #4849, #860, .T. ) ;
#1991 = ORIENTED_EDGE ( 'NONE', *, *, #2900, .T. ) ;
#1992 = CARTESIAN_POINT ( 'NONE',  ( -5.199999999999998401, -20.59558441227157033, 3.049999999999999822 ) ) ;
#1993 = DIRECTION ( 'NONE',  ( 0.7071067811865462405, 0.7071067811865489050, 0.000000000000000000 ) ) ;
#1994 = ORIENTED_EDGE ( 'NONE', *, *, #3233, .F. ) ;
#1995 = PLANE ( 'NONE',  #3600 ) ;
#1996 = PLANE ( 'NONE',  #3043 ) ;
#1997 = VERTEX_POINT ( 'NONE', #1988 ) ;
#1998 = EDGE_CURVE ( 'NONE', #268, #2007, #4446, .T. ) ;
#1999 = VERTEX_POINT ( 'NONE', #1958 ) ;
#2000 = VERTEX_POINT ( 'NONE', #3447 ) ;
#2001 = VECTOR ( 'NONE', #802, 1000.000000000000000 ) ;
#2002 = CARTESIAN_POINT ( 'NONE',  ( 6.199999999999997513, -25.39999999999999858, -3.049999999999999822 ) ) ;
#2003 = FACE_OUTER_BOUND ( 'NONE', #5525, .T. ) ;
#2004 = VERTEX_POINT ( 'NONE', #966 ) ;
#2005 = DIRECTION ( 'NONE',  ( 1.000000000000000000, 0.000000000000000000, 0.000000000000000000 ) ) ;
#2006 = ADVANCED_FACE ( 'NONE', ( #3484 ), #474, .T. ) ;
#2007 = VERTEX_POINT ( 'NONE', #1005 ) ;
#2008 = CARTESIAN_POINT ( 'NONE',  ( -6.703553390593274486, -6.703553390593274486, -2.286000000000000032 ) ) ;
#2009 = VERTEX_POINT ( 'NONE', #2022 ) ;
#2010 = DIRECTION ( 'NONE',  ( 0.000000000000000000, -1.000000000000000000, 0.000000000000000000 ) ) ;
#2011 = EDGE_CURVE ( 'NONE', #5553, #5596, #3976, .T. ) ;
#2012 = FACE_OUTER_BOUND ( 'NONE', #3277, .T. ) ;
#2013 = VECTOR ( 'NONE', #3227, 1000.000000000000114 ) ;
#2014 = EDGE_LOOP ( 'NONE', ( #1983, #4638, #4484, #3200, #5081, #4773, #934, #4558 ) ) ;
#2015 = EDGE_LOOP ( 'NONE', ( #3028, #506 ) ) ;
#2016 = DIRECTION ( 'NONE',  ( 1.000000000000000000, 0.000000000000000000, 0.000000000000000000 ) ) ;
#2017 = ADVANCED_FACE ( 'NONE', ( #3519 ), #1493, .T. ) ;
#2018 = VECTOR ( 'NONE', #1038, 1000.000000000000000 ) ;
#2019 = DIRECTION ( 'NONE',  ( 1.000000000000000000, 1.639108796198557931E-15, 0.000000000000000000 ) ) ;
#2020 = VERTEX_POINT ( 'NONE', #4019 ) ;
#2021 = PLANE ( 'NONE',  #1084 ) ;
#2022 = CARTESIAN_POINT ( 'NONE',  ( 6.349999999999999645, 3.654415587728425230, -3.049999999999999822 ) ) ;
#2023 = DIRECTION ( 'NONE',  ( -0.000000000000000000, -0.000000000000000000, 1.000000000000000000 ) ) ;
#2024 = CIRCLE ( 'NONE', #137, 3.174999999999999822 ) ;
#2025 = VECTOR ( 'NONE', #4098, 1000.000000000000000 ) ;
#2026 = VERTEX_POINT ( 'NONE', #4504 ) ;
#2027 = CARTESIAN_POINT ( 'NONE',  ( 3.135382751754560715, -0.4999999999999982792, 2.286000000000000032 ) ) ;
#2028 = DIRECTION ( 'NONE',  ( 1.000000000000000000, 0.000000000000000000, 0.000000000000000000 ) ) ;
#2029 = CIRCLE ( 'NONE', #5667, 5.199999999999998401 ) ;
#2030 = EDGE_CURVE ( 'NONE', #1943, #5293, #2506, .T. ) ;
#2031 = AXIS2_PLACEMENT_3D ( 'NONE', #541, #608, #6062 ) ;
#2032 = ORIENTED_EDGE ( 'NONE', *, *, #538, .F. ) ;
#2033 = LINE ( 'NONE', #3005, #2629 ) ;
#2034 = DIRECTION ( 'NONE',  ( 0.000000000000000000, 0.000000000000000000, -1.000000000000000000 ) ) ;
#2035 = CIRCLE ( 'NONE', #1923, 2.100000000000000533 ) ;
#2036 = CYLINDRICAL_SURFACE ( 'NONE', #4825, 3.174999999999999822 ) ;
#2037 = VECTOR ( 'NONE', #5853, 1000.000000000000000 ) ;
#2038 = ORIENTED_EDGE ( 'NONE', *, *, #3881, .F. ) ;
#2039 = VECTOR ( 'NONE', #1776, 1000.000000000000000 ) ;
#2040 = VECTOR ( 'NONE', #5200, 1000.000000000000000 ) ;
#2041 = EDGE_LOOP ( 'NONE', ( #1616, #1147, #5546, #5784 ) ) ;
#2042 = CARTESIAN_POINT ( 'NONE',  ( -6.703553390593268269, -6.703553390593279815, 2.286000000000000032 ) ) ;
#2043 = CARTESIAN_POINT ( 'NONE',  ( -3.174999999999999822, 0.000000000000000000, 1.000000000000000000 ) ) ;
#2044 = DIRECTION ( 'NONE',  ( -0.7071067811865473507, -0.7071067811865477948, 0.000000000000000000 ) ) ;
#2045 = VERTEX_POINT ( 'NONE', #20 ) ;
#2046 = LOCAL_TIME ( 14, 13, 37.00000000000000000, #1617 ) ;
#2047 = CARTESIAN_POINT ( 'NONE',  ( 0.4999999999999981681, 8.177974900523029124E-17, -2.286000000000000032 ) ) ;
#2048 = EDGE_LOOP ( 'NONE', ( #6116, #6090, #4016, #4687 ) ) ;
#2049 = FACE_OUTER_BOUND ( 'NONE', #3450, .T. ) ;
#2050 = CARTESIAN_POINT ( 'NONE',  ( 12.69999999999999929, 6.200000000000000178, 3.049999999999999822 ) ) ;
#2051 = DIRECTION ( 'NONE',  ( 1.000000000000000000, 0.000000000000000000, -0.000000000000000000 ) ) ;
#2052 = EDGE_CURVE ( 'NONE', #261, #4525, #2964, .T. ) ;
#2053 = ORIENTED_EDGE ( 'NONE', *, *, #5863, .T. ) ;
#2054 = VERTEX_POINT ( 'NONE', #986 ) ;
#2055 = ADVANCED_FACE ( 'NONE', ( #5882 ), #4839, .F. ) ;
#2056 = DIRECTION ( 'NONE',  ( -0.000000000000000000, -0.000000000000000000, -1.000000000000000000 ) ) ;
#2057 = EDGE_CURVE ( 'NONE', #875, #1744, #3402, .T. ) ;
#2058 = CARTESIAN_POINT ( 'NONE',  ( 4.492893218813456713, 5.200000000000000178, -1.000000000000000000 ) ) ;
#2059 = ORIENTED_EDGE ( 'NONE', *, *, #63, .F. ) ;
#2060 = CARTESIAN_POINT ( 'NONE',  ( -5.200000000000000178, -4.492893218813451384, 3.049999999999999822 ) ) ;
#2061 = DIRECTION ( 'NONE',  ( -0.000000000000000000, -0.000000000000000000, -1.000000000000000000 ) ) ;
#2062 = ORIENTED_EDGE ( 'NONE', *, *, #5769, .F. ) ;
#2063 = DIRECTION ( 'NONE',  ( -0.7071067811865472397, 0.7071067811865479058, 0.000000000000000000 ) ) ;
#2064 = DIRECTION ( 'NONE',  ( 1.000000000000000000, 0.000000000000000000, 0.000000000000000000 ) ) ;
#2065 = EDGE_CURVE ( 'NONE', #3220, #1276, #3361, .T. ) ;
#2066 = CARTESIAN_POINT ( 'NONE',  ( -1.863497014787714789, -22.82939620402574121, -1.000000000000000000 ) ) ;
#2067 = FACE_OUTER_BOUND ( 'NONE', #1741, .T. ) ;
#2068 = DIRECTION ( 'NONE',  ( 0.000000000000000000, -0.000000000000000000, -1.000000000000000000 ) ) ;
#2069 = EDGE_CURVE ( 'NONE', #2741, #1817, #4902, .T. ) ;
#2070 = ORIENTED_EDGE ( 'NONE', *, *, #1422, .T. ) ;
#2071 = ORIENTED_EDGE ( 'NONE', *, *, #4566, .F. ) ;
#2072 = CARTESIAN_POINT ( 'NONE',  ( -0.4999999999999989453, -22.26461724824543964, -1.000000000000000000 ) ) ;
#2073 = DIRECTION ( 'NONE',  ( -0.7071067811865473507, -0.7071067811865477948, 0.000000000000000000 ) ) ;
#2074 = DIRECTION ( 'NONE',  ( -0.000000000000000000, -0.000000000000000000, -1.000000000000000000 ) ) ;
#2075 = EDGE_LOOP ( 'NONE', ( #2605, #1582, #3495, #1357 ) ) ;
#2076 = EDGE_CURVE ( 'NONE', #2383, #2302, #919, .T. ) ;
#2077 = VERTEX_POINT ( 'NONE', #2978 ) ;
#2078 = DIRECTION ( 'NONE',  ( 0.7071067811865474617, 0.7071067811865475727, -0.000000000000000000 ) ) ;
#2079 = CARTESIAN_POINT ( 'NONE',  ( 8.895584412271572816, 6.200000000000001954, 3.049999999999999822 ) ) ;
#2080 = VERTEX_POINT ( 'NONE', #2910 ) ;
#2081 = FACE_BOUND ( 'NONE', #2854, .T. ) ;
#2082 = FACE_OUTER_BOUND ( 'NONE', #3209, .T. ) ;
#2083 = ADVANCED_FACE ( 'NONE', ( #2464 ), #6450, .T. ) ;
#2084 = ORIENTED_EDGE ( 'NONE', *, *, #709, .T. ) ;
#2085 = CARTESIAN_POINT ( 'NONE',  ( 0.000000000000000000, 0.000000000000000000, -1.000000000000000000 ) ) ;
#2086 = CARTESIAN_POINT ( 'NONE',  ( 1.182358322909695704E-16, -12.69999999999999929, 2.286000000000000032 ) ) ;
#2087 = DIRECTION ( 'NONE',  ( 0.000000000000000000, 0.000000000000000000, 1.000000000000000000 ) ) ;
#2088 = EDGE_CURVE ( 'NONE', #726, #6303, #3931, .T. ) ;
#2089 = ORIENTED_EDGE ( 'NONE', *, *, #5163, .F. ) ;
#2090 = FACE_OUTER_BOUND ( 'NONE', #1244, .T. ) ;
#2091 = CARTESIAN_POINT ( 'NONE',  ( 6.703553390593269157, -6.703553390593275374, -2.286000000000000032 ) ) ;
#2092 = ORIENTED_EDGE ( 'NONE', *, *, #2336, .F. ) ;
#2093 = DIRECTION ( 'NONE',  ( 1.000000000000000000, 0.000000000000000000, -0.000000000000000000 ) ) ;
#2094 = CARTESIAN_POINT ( 'NONE',  ( 2.570603795974263583, -10.83650298521228805, 1.000000000000000000 ) ) ;
#2095 = CARTESIAN_POINT ( 'NONE',  ( 12.69999999999999929, 0.000000000000000000, -2.286000000000000032 ) ) ;
#2096 = ORIENTED_EDGE ( 'NONE', *, *, #6020, .F. ) ;
#2097 = ORIENTED_EDGE ( 'NONE', *, *, #1422, .F. ) ;
#2098 = CARTESIAN_POINT ( 'NONE',  ( -0.3535533905932740084, 0.3535533905932740084, -2.286000000000000032 ) ) ;
#2099 = DIRECTION ( 'NONE',  ( -0.000000000000000000, -0.000000000000000000, -1.000000000000000000 ) ) ;
#2100 = DIRECTION ( 'NONE',  ( 1.000000000000000000, 1.024442997624098830E-16, -0.000000000000000000 ) ) ;
#2101 = EDGE_LOOP ( 'NONE', ( #4155, #1654, #5654, #2944 ) ) ;
#2102 = VERTEX_POINT ( 'NONE', #5425 ) ;
#2103 = CARTESIAN_POINT ( 'NONE',  ( 2.214716320084738350E-15, -25.39999999999999858, 1.000000000000000000 ) ) ;
#2104 = EDGE_CURVE ( 'NONE', #5182, #1022, #416, .T. ) ;
#2105 = DIRECTION ( 'NONE',  ( 0.7071067811865473507, -0.7071067811865477948, 0.000000000000000000 ) ) ;
#2106 = ORIENTED_EDGE ( 'NONE', *, *, #1497, .T. ) ;
#2107 = DIRECTION ( 'NONE',  ( 0.000000000000000000, 0.000000000000000000, 1.000000000000000000 ) ) ;
#2108 = AXIS2_PLACEMENT_3D ( 'NONE', #5454, #5968, #2974 ) ;
#2109 = EDGE_LOOP ( 'NONE', ( #5906, #2225, #5791, #5273 ) ) ;
#2110 = ORIENTED_EDGE ( 'NONE', *, *, #4267, .F. ) ;
#2111 = DIRECTION ( 'NONE',  ( 0.000000000000000000, 0.000000000000000000, 1.000000000000000000 ) ) ;
#2112 = CARTESIAN_POINT ( 'NONE',  ( 0.3535533905932727872, -0.3535533905932727872, 2.286000000000000032 ) ) ;
#2113 = DIRECTION ( 'NONE',  ( -0.7071067811865474617, 0.7071067811865474617, 0.000000000000000000 ) ) ;
#2114 = EDGE_LOOP ( 'NONE', ( #1826, #5312, #1333, #4881, #4650, #2032, #2662 ) ) ;
#2115 = VECTOR ( 'NONE', #1223, 1000.000000000000000 ) ;
#2116 = DIRECTION ( 'NONE',  ( -0.7071067811865477948, 0.7071067811865473507, 0.000000000000000000 ) ) ;
#2117 = DIRECTION ( 'NONE',  ( 0.000000000000000000, -1.000000000000000000, 0.000000000000000000 ) ) ;
#2118 = AXIS2_PLACEMENT_3D ( 'NONE', #3701, #141, #1704 ) ;
#2119 = DIRECTION ( 'NONE',  ( 0.000000000000000000, 0.000000000000000000, 1.000000000000000000 ) ) ;
#2120 = CARTESIAN_POINT ( 'NONE',  ( -5.200000000000000178, 6.368163355566236381E-16, 3.049999999999999822 ) ) ;
#2121 = DIRECTION ( 'NONE',  ( -1.000000000000000000, 0.000000000000000000, 0.000000000000000000 ) ) ;
#2122 = VECTOR ( 'NONE', #5361, 1000.000000000000000 ) ;
#2123 = AXIS2_PLACEMENT_3D ( 'NONE', #3419, #1428, #6329 ) ;
#2124 = AXIS2_PLACEMENT_3D ( 'NONE', #4405, #1921, #5999 ) ;
#2125 = ORIENTED_EDGE ( 'NONE', *, *, #5155, .F. ) ;
#2126 = CIRCLE ( 'NONE', #2031, 0.5000000000000004441 ) ;
#2127 = VECTOR ( 'NONE', #3333, 1000.000000000000000 ) ;
#2128 = EDGE_CURVE ( 'NONE', #5777, #98, #5564, .T. ) ;
#2129 = ORIENTED_EDGE ( 'NONE', *, *, #1875, .T. ) ;
#2130 = VECTOR ( 'NONE', #3429, 1000.000000000000000 ) ;
#2131 = DIRECTION ( 'NONE',  ( 0.000000000000000000, 0.000000000000000000, 1.000000000000000000 ) ) ;
#2132 = VECTOR ( 'NONE', #1457, 999.9999999999998863 ) ;
#2133 = CYLINDRICAL_SURFACE ( 'NONE', #862, 3.174999999999999822 ) ;
#2134 = ORIENTED_EDGE ( 'NONE', *, *, #2623, .T. ) ;
#2135 = CIRCLE ( 'NONE', #5252, 3.175000000000000711 ) ;
#2136 = VERTEX_POINT ( 'NONE', #5324 ) ;
#2137 = AXIS2_PLACEMENT_3D ( 'NONE', #2987, #3912, #5923 ) ;
#2138 = LINE ( 'NONE', #4101, #2742 ) ;
#2139 = VECTOR ( 'NONE', #1950, 1000.000000000000114 ) ;
#2140 = CYLINDRICAL_SURFACE ( 'NONE', #3197, 5.200000000000000178 ) ;
#2141 = ORIENTED_EDGE ( 'NONE', *, *, #5398, .T. ) ;
#2142 = EDGE_CURVE ( 'NONE', #174, #954, #844, .T. ) ;
#2143 = ORIENTED_EDGE ( 'NONE', *, *, #495, .T. ) ;
#2144 = VERTEX_POINT ( 'NONE', #4933 ) ;
#2145 = DIRECTION ( 'NONE',  ( 0.7071067811865479058, -0.7071067811865472397, 0.000000000000000000 ) ) ;
#2146 = VERTEX_POINT ( 'NONE', #1971 ) ;
#2147 = DIRECTION ( 'NONE',  ( -0.7071067811865484609, 0.7071067811865465735, -0.000000000000000000 ) ) ;
#2148 = FACE_OUTER_BOUND ( 'NONE', #792, .T. ) ;
#2149 = EDGE_CURVE ( 'NONE', #2567, #3382, #3860, .T. ) ;
#2150 = VERTEX_POINT ( 'NONE', #5462 ) ;
#2151 = CARTESIAN_POINT ( 'NONE',  ( 4.648654403270946034, -20.04423881554251352, 2.286000000000000032 ) ) ;
#2152 = FACE_OUTER_BOUND ( 'NONE', #910, .T. ) ;
#2153 = CARTESIAN_POINT ( 'NONE',  ( 5.346446609406723560, -6.053553390593268801, 3.049999999999999822 ) ) ;
#2154 = DIRECTION ( 'NONE',  ( -1.000000000000000000, 0.000000000000000000, 0.000000000000000000 ) ) ;
#2155 = CARTESIAN_POINT ( 'NONE',  ( 1.863497014787715234, -10.12939620402574015, 1.000000000000000000 ) ) ;
#2156 = ORIENTED_EDGE ( 'NONE', *, *, #898, .F. ) ;
#2157 = CIRCLE ( 'NONE', #4050, 3.174999999999999822 ) ;
#2158 = ORIENTED_EDGE ( 'NONE', *, *, #1257, .F. ) ;
#2159 = DIRECTION ( 'NONE',  ( 0.000000000000000000, 0.000000000000000000, 1.000000000000000000 ) ) ;
#2160 = EDGE_CURVE ( 'NONE', #3825, #5618, #2318, .T. ) ;
#2161 = LINE ( 'NONE', #738, #5567 ) ;
#2162 = EDGE_LOOP ( 'NONE', ( #941, #1263, #690, #4261 ) ) ;
#2163 = CIRCLE ( 'NONE', #1642, 3.174999999999999822 ) ;
#2164 = EDGE_CURVE ( 'NONE', #6228, #1522, #3587, .T. ) ;
#2165 = EDGE_CURVE ( 'NONE', #1931, #229, #787, .T. ) ;
#2166 = VERTEX_POINT ( 'NONE', #6109 ) ;
#2167 = DIRECTION ( 'NONE',  ( -0.000000000000000000, -0.000000000000000000, -1.000000000000000000 ) ) ;
#2168 = FACE_OUTER_BOUND ( 'NONE', #4556, .T. ) ;
#2169 = EDGE_LOOP ( 'NONE', ( #5722, #4798, #1133, #526 ) ) ;
#2170 = DIRECTION ( 'NONE',  ( 0.000000000000000000, 0.000000000000000000, 1.000000000000000000 ) ) ;
#2171 = ADVANCED_FACE ( 'NONE', ( #4133 ), #3133, .F. ) ;
#2172 = ORIENTED_EDGE ( 'NONE', *, *, #5427, .F. ) ;
#2173 = VERTEX_POINT ( 'NONE', #5554 ) ;
#2174 = DIRECTION ( 'NONE',  ( -0.7071067811865470176, 0.7071067811865480168, 0.000000000000000000 ) ) ;
#2175 = CARTESIAN_POINT ( 'NONE',  ( 0.000000000000000000, -25.39999999999999858, -1.000000000000000000 ) ) ;
#2176 = EDGE_CURVE ( 'NONE', #1578, #2000, #2517, .T. ) ;
#2177 = DIRECTION ( 'NONE',  ( 0.000000000000000000, 0.000000000000000000, -1.000000000000000000 ) ) ;
#2178 = EDGE_LOOP ( 'NONE', ( #3047, #2677, #3104, #3387, #5983, #2903, #2889, #3406, #4985, #2751, #5419, #165, #4898, #5997, #5285, #3144, #6406, #4488, #6336, #3235 ) ) ;
#2179 = LINE ( 'NONE', #4751, #343 ) ;
#2180 = DIRECTION ( 'NONE',  ( -1.000000000000000000, 1.445602896647337931E-16, 0.000000000000000000 ) ) ;
#2181 = PLANE ( 'NONE',  #5751 ) ;
#2182 = DIRECTION ( 'NONE',  ( -1.000000000000000000, 0.000000000000000000, 0.000000000000000000 ) ) ;
#2183 = EDGE_CURVE ( 'NONE', #4573, #654, #99, .T. ) ;
#2184 = CARTESIAN_POINT ( 'NONE',  ( 0.000000000000000000, 0.000000000000000000, 1.000000000000000000 ) ) ;
#2185 = ORIENTED_EDGE ( 'NONE', *, *, #2407, .T. ) ;
#2186 = LINE ( 'NONE', #4185, #5378 ) ;
#2187 = EDGE_CURVE ( 'NONE', #1003, #1126, #6414, .T. ) ;
#2188 = DIRECTION ( 'NONE',  ( 0.000000000000000000, 0.000000000000000000, 1.000000000000000000 ) ) ;
#2189 = VERTEX_POINT ( 'NONE', #2072 ) ;
#2190 = EDGE_CURVE ( 'NONE', #3090, #3825, #5030, .T. ) ;
#2191 = ORIENTED_EDGE ( 'NONE', *, *, #4682, .F. ) ;
#2192 = PLANE ( 'NONE',  #5039 ) ;
#2193 = EDGE_CURVE ( 'NONE', #4459, #4064, #4066, .T. ) ;
#2194 = LINE ( 'NONE', #4191, #6443 ) ;
#2195 = EDGE_LOOP ( 'NONE', ( #3689, #4473, #5650, #1491, #2274, #6356, #597, #3148, #1053, #4729 ) ) ;
#2196 = PERSON_AND_ORGANIZATION_ROLE ( 'design_supplier' ) ;
#2197 = VECTOR ( 'NONE', #2825, 1000.000000000000000 ) ;
#2198 = VERTEX_POINT ( 'NONE', #3533 ) ;
#2199 = ORIENTED_EDGE ( 'NONE', *, *, #1124, .T. ) ;
#2200 = ORIENTED_EDGE ( 'NONE', *, *, #5991, .F. ) ;
#2201 = CARTESIAN_POINT ( 'NONE',  ( 5.199999999999996625, -6.792893218813458311, -2.286000000000000032 ) ) ;
#2202 = AXIS2_PLACEMENT_3D ( 'NONE', #5403, #2883, #6420 ) ;
#2203 = CARTESIAN_POINT ( 'NONE',  ( -6.199999999999998401, -17.91862915010153401, 3.049999999999999822 ) ) ;
#2204 = DIRECTION ( 'NONE',  ( 1.000000000000000000, 0.000000000000000000, 0.000000000000000000 ) ) ;
#2205 = ORIENTED_EDGE ( 'NONE', *, *, #712, .F. ) ;
#2206 = FACE_OUTER_BOUND ( 'NONE', #4258, .T. ) ;
#2207 = CARTESIAN_POINT ( 'NONE',  ( -5.200000000000000178, -17.19289321881344890, 3.049999999999999822 ) ) ;
#2208 = DIRECTION ( 'NONE',  ( -0.000000000000000000, -0.000000000000000000, -1.000000000000000000 ) ) ;
#2209 = FACE_OUTER_BOUND ( 'NONE', #4054, .T. ) ;
#2210 = CARTESIAN_POINT ( 'NONE',  ( -2.570603795974261807, -1.863497014787713457, 2.286000000000000032 ) ) ;
#2211 = AXIS2_PLACEMENT_3D ( 'NONE', #5673, #4603, #3719 ) ;
#2212 = ORIENTED_EDGE ( 'NONE', *, *, #1990, .F. ) ;
#2213 = EDGE_CURVE ( 'NONE', #1288, #2136, #4037, .T. ) ;
#2214 = DIRECTION ( 'NONE',  ( 0.000000000000000000, 0.000000000000000000, 1.000000000000000000 ) ) ;
#2215 = ORIENTED_EDGE ( 'NONE', *, *, #5113, .T. ) ;
#2216 = CARTESIAN_POINT ( 'NONE',  ( 5.068629150101531700, -19.05000000000000426, 3.049999999999999822 ) ) ;
#2217 = CIRCLE ( 'NONE', #3154, 5.200000000000000178 ) ;
#2218 = CARTESIAN_POINT ( 'NONE',  ( 5.346446609406723560, -6.053553390593268801, 3.049999999999999822 ) ) ;
#2219 = ORIENTED_EDGE ( 'NONE', *, *, #2088, .T. ) ;
#2220 = VECTOR ( 'NONE', #433, 1000.000000000000000 ) ;
#2221 = VECTOR ( 'NONE', #344, 1000.000000000000000 ) ;
#2222 = ADVANCED_FACE ( 'NONE', ( #2490 ), #6044, .T. ) ;
#2223 = CIRCLE ( 'NONE', #4427, 3.174999999999999822 ) ;
#2224 = AXIS2_PLACEMENT_3D ( 'NONE', #3462, #5976, #4874 ) ;
#2225 = ORIENTED_EDGE ( 'NONE', *, *, #2550, .T. ) ;
#2226 = CARTESIAN_POINT ( 'NONE',  ( 12.69999999999999929, 0.000000000000000000, 3.049999999999999822 ) ) ;
#2227 = VECTOR ( 'NONE', #4892, 1000.000000000000114 ) ;
#2228 = DIRECTION ( 'NONE',  ( -0.7071067811865482389, 0.7071067811865469066, 0.000000000000000000 ) ) ;
#2229 = EDGE_LOOP ( 'NONE', ( #1140, #5268, #3136, #1278, #4010, #2215, #1215 ) ) ;
#2230 = AXIS2_PLACEMENT_3D ( 'NONE', #1838, #3368, #849 ) ;
#2231 = PERSON_AND_ORGANIZATION ( #952, #4027 ) ;
#2232 = VECTOR ( 'NONE', #6394, 1000.000000000000000 ) ;
#2233 = VECTOR ( 'NONE', #5740, 1000.000000000000000 ) ;
#2234 = VECTOR ( 'NONE', #5665, 1000.000000000000000 ) ;
#2235 = ORIENTED_EDGE ( 'NONE', *, *, #2421, .T. ) ;
#2236 = EDGE_LOOP ( 'NONE', ( #2387, #3393, #4553, #5591 ) ) ;
#2237 = AXIS2_PLACEMENT_3D ( 'NONE', #2297, #4291, #3339 ) ;
#2238 = AXIS2_PLACEMENT_3D ( 'NONE', #1622, #179, #1584 ) ;
#2239 = LINE ( 'NONE', #2949, #2999 ) ;
#2240 = EDGE_LOOP ( 'NONE', ( #3422, #1793, #1033, #5629, #3175, #2656 ) ) ;
#2241 = DIRECTION ( 'NONE',  ( 1.000000000000000000, 0.000000000000000000, 0.000000000000000000 ) ) ;
#2242 = EDGE_CURVE ( 'NONE', #4535, #721, #132, .T. ) ;
#2243 = LINE ( 'NONE', #633, #4320 ) ;
#2244 = EDGE_CURVE ( 'NONE', #3569, #5685, #6196, .T. ) ;
#2245 = EDGE_LOOP ( 'NONE', ( #3396, #6187, #1018, #193 ) ) ;
#2246 = DIRECTION ( 'NONE',  ( 0.000000000000000000, 0.000000000000000000, 1.000000000000000000 ) ) ;
#2247 = DIRECTION ( 'NONE',  ( -1.000000000000000000, 0.000000000000000000, 0.000000000000000000 ) ) ;
#2248 = ORIENTED_EDGE ( 'NONE', *, *, #5769, .T. ) ;
#2249 = CARTESIAN_POINT ( 'NONE',  ( 0.000000000000000000, 0.000000000000000000, -1.000000000000000000 ) ) ;
#2250 = DIRECTION ( 'NONE',  ( 0.7071067811865475727, -0.7071067811865474617, 0.000000000000000000 ) ) ;
#2251 = CARTESIAN_POINT ( 'NONE',  ( -2.570603795974263139, -14.56349701478771053, 1.000000000000000000 ) ) ;
#2252 = DIRECTION ( 'NONE',  ( -0.7071067811865475727, 0.7071067811865475727, 0.000000000000000000 ) ) ;
#2253 = EDGE_CURVE ( 'NONE', #309, #1106, #1514, .T. ) ;
#2254 = VERTEX_POINT ( 'NONE', #4248 ) ;
#2255 = DIRECTION ( 'NONE',  ( 1.000000000000000000, 0.000000000000000000, 0.000000000000000000 ) ) ;
#2256 = ORIENTED_EDGE ( 'NONE', *, *, #1835, .F. ) ;
#2257 = DIRECTION ( 'NONE',  ( 0.000000000000000000, 0.000000000000000000, 1.000000000000000000 ) ) ;
#2258 = DIRECTION ( 'NONE',  ( 1.000000000000000000, 0.000000000000000000, 0.000000000000000000 ) ) ;
#2259 = EDGE_LOOP ( 'NONE', ( #1189, #5507, #4750, #6252, #6425, #3608 ) ) ;
#2260 = EDGE_CURVE ( 'NONE', #3983, #3916, #5476, .T. ) ;
#2261 = ORIENTED_EDGE ( 'NONE', *, *, #3497, .T. ) ;
#2262 = CARTESIAN_POINT ( 'NONE',  ( -0.4999999999999989453, -22.26461724824543964, 2.286000000000000032 ) ) ;
#2263 = AXIS2_PLACEMENT_3D ( 'NONE', #2079, #4617, #1671 ) ;
#2264 = CARTESIAN_POINT ( 'NONE',  ( 5.199999999999997513, -25.39999999999999858, 3.049999999999999822 ) ) ;
#2265 = ORIENTED_EDGE ( 'NONE', *, *, #5925, .T. ) ;
#2266 = EDGE_CURVE ( 'NONE', #1956, #4678, #5162, .T. ) ;
#2267 = CALENDAR_DATE ( 2022, 6, 6 ) ;
#2268 = VERTEX_POINT ( 'NONE', #6141 ) ;
#2269 = ORIENTED_EDGE ( 'NONE', *, *, #3310, .T. ) ;
#2270 = DIRECTION ( 'NONE',  ( -0.000000000000000000, -0.000000000000000000, -1.000000000000000000 ) ) ;
#2271 = ORIENTED_EDGE ( 'NONE', *, *, #5033, .F. ) ;
#2272 = DIRECTION ( 'NONE',  ( 1.000000000000000000, 0.000000000000000000, 0.000000000000000000 ) ) ;
#2273 = DIRECTION ( 'NONE',  ( 0.7071067811865469066, -0.7071067811865481278, 0.000000000000000000 ) ) ;
#2274 = ORIENTED_EDGE ( 'NONE', *, *, #817, .F. ) ;
#2275 = EDGE_CURVE ( 'NONE', #720, #1999, #680, .T. ) ;
#2276 = LINE ( 'NONE', #3770, #2540 ) ;
#2277 = DIRECTION ( 'NONE',  ( 0.7071067811865474617, 0.7071067811865476838, -0.000000000000000000 ) ) ;
#2278 = ORIENTED_EDGE ( 'NONE', *, *, #6372, .F. ) ;
#2279 = CARTESIAN_POINT ( 'NONE',  ( -0.3535533905932752297, -0.3535533905932755627, 2.286000000000000032 ) ) ;
#2280 = PLANE ( 'NONE',  #6081 ) ;
#2281 = CARTESIAN_POINT ( 'NONE',  ( -0.5000000000000004441, -9.564617248245438574, 1.000000000000000000 ) ) ;
#2282 = ORIENTED_EDGE ( 'NONE', *, *, #2266, .T. ) ;
#2283 = CARTESIAN_POINT ( 'NONE',  ( 12.69999999999999929, 0.000000000000000000, 2.286000000000000032 ) ) ;
#2284 = DIRECTION ( 'NONE',  ( 1.000000000000000000, 0.000000000000000000, -0.000000000000000000 ) ) ;
#2285 = DIRECTION ( 'NONE',  ( 0.7071067811865483499, -0.7071067811865465735, 0.000000000000000000 ) ) ;
#2286 = EDGE_LOOP ( 'NONE', ( #1693, #3512, #3467, #2290 ) ) ;
#2287 = CARTESIAN_POINT ( 'NONE',  ( 0.000000000000000000, 0.000000000000000000, -2.286000000000000032 ) ) ;
#2288 = EDGE_CURVE ( 'NONE', #3578, #1956, #2681, .T. ) ;
#2289 = DIRECTION ( 'NONE',  ( 1.000000000000000000, 0.000000000000000000, 0.000000000000000000 ) ) ;
#2290 = ORIENTED_EDGE ( 'NONE', *, *, #925, .F. ) ;
#2291 = LINE ( 'NONE', #3761, #2957 ) ;
#2292 = VERTEX_POINT ( 'NONE', #3783 ) ;
#2293 = EDGE_LOOP ( 'NONE', ( #83, #1802, #5288, #4732 ) ) ;
#2294 = CARTESIAN_POINT ( 'NONE',  ( 10.83650298521228450, 2.570603795974261363, 2.286000000000000032 ) ) ;
#2295 = VERTEX_POINT ( 'NONE', #6237 ) ;
#2296 = CARTESIAN_POINT ( 'NONE',  ( 0.000000000000000000, 0.000000000000000000, 2.286000000000000032 ) ) ;
#2297 = CARTESIAN_POINT ( 'NONE',  ( 0.000000000000000000, 0.000000000000000000, 1.000000000000000000 ) ) ;
#2298 = ORIENTED_EDGE ( 'NONE', *, *, #3820, .T. ) ;
#2299 = DIRECTION ( 'NONE',  ( -0.000000000000000000, -0.000000000000000000, -1.000000000000000000 ) ) ;
#2300 = DIRECTION ( 'NONE',  ( 0.000000000000000000, 0.000000000000000000, 1.000000000000000000 ) ) ;
#2301 = VECTOR ( 'NONE', #5844, 1000.000000000000000 ) ;
#2302 = VERTEX_POINT ( 'NONE', #1169 ) ;
#2303 = DIRECTION ( 'NONE',  ( -0.7071067811865472397, 0.7071067811865479058, 0.000000000000000000 ) ) ;
#2304 = DIRECTION ( 'NONE',  ( 0.7071067811865474617, 0.7071067811865474617, 0.000000000000000000 ) ) ;
#2305 = DIRECTION ( 'NONE',  ( 0.7071067811865473507, -0.7071067811865477948, 0.000000000000000000 ) ) ;
#2306 = VERTEX_POINT ( 'NONE', #4694 ) ;
#2307 = CARTESIAN_POINT ( 'NONE',  ( 10.83650298521228450, 2.570603795974261363, -1.000000000000000000 ) ) ;
#2308 = VERTEX_POINT ( 'NONE', #258 ) ;
#2309 = CARTESIAN_POINT ( 'NONE',  ( -6.200000000000002842, -7.481370849898469011, 3.050999999999999712 ) ) ;
#2310 = LINE ( 'NONE', #882, #2452 ) ;
#2311 = ORIENTED_EDGE ( 'NONE', *, *, #1509, .T. ) ;
#2312 = AXIS2_PLACEMENT_3D ( 'NONE', #4441, #1000, #6432 ) ;
#2313 = EDGE_CURVE ( 'NONE', #2906, #5596, #3169, .T. ) ;
#2314 = VECTOR ( 'NONE', #4927, 1000.000000000000000 ) ;
#2315 = ORIENTED_EDGE ( 'NONE', *, *, #2313, .F. ) ;
#2316 = DIRECTION ( 'NONE',  ( 0.000000000000000000, -1.000000000000000000, 0.000000000000000000 ) ) ;
#2317 = VECTOR ( 'NONE', #901, 1000.000000000000000 ) ;
#2318 = LINE ( 'NONE', #1116, #2743 ) ;
#2319 = AXIS2_PLACEMENT_3D ( 'NONE', #655, #2657, #3663 ) ;
#2320 = DIRECTION ( 'NONE',  ( 0.7071067811865472397, -0.7071067811865479058, 0.000000000000000000 ) ) ;
#2321 = ORIENTED_EDGE ( 'NONE', *, *, #5096, .T. ) ;
#2322 = CARTESIAN_POINT ( 'NONE',  ( 6.053553390593272354, -5.346446609406724448, -2.286000000000000032 ) ) ;
#2323 = AXIS2_PLACEMENT_3D ( 'NONE', #6047, #556, #2520 ) ;
#2324 = VECTOR ( 'NONE', #1569, 1000.000000000000000 ) ;
#2325 = EDGE_CURVE ( 'NONE', #4843, #631, #5216, .T. ) ;
#2326 = AXIS2_PLACEMENT_3D ( 'NONE', #2226, #4738, #262 ) ;
#2327 = ORIENTED_EDGE ( 'NONE', *, *, #5699, .T. ) ;
#2328 = AXIS2_PLACEMENT_3D ( 'NONE', #1107, #1563, #1037 ) ;
#2329 = ORIENTED_EDGE ( 'NONE', *, *, #5251, .F. ) ;
#2330 = VECTOR ( 'NONE', #1050, 1000.000000000000000 ) ;
#2331 = AXIS2_PLACEMENT_3D ( 'NONE', #6257, #5389, #1822 ) ;
#2332 = DIRECTION ( 'NONE',  ( 1.000000000000000000, -1.734723475976809658E-15, 0.000000000000000000 ) ) ;
#2333 = DIRECTION ( 'NONE',  ( 1.000000000000000000, 0.000000000000000000, 0.000000000000000000 ) ) ;
#2334 = DIRECTION ( 'NONE',  ( 1.000000000000000000, 0.000000000000000000, 0.000000000000000000 ) ) ;
#2335 = VECTOR ( 'NONE', #4234, 1000.000000000000000 ) ;
#2336 = EDGE_CURVE ( 'NONE', #5261, #4643, #2186, .T. ) ;
#2337 = EDGE_CURVE ( 'NONE', #6166, #5445, #6169, .T. ) ;
#2338 = CIRCLE ( 'NONE', #2863, 3.174999999999999822 ) ;
#2339 = ORIENTED_EDGE ( 'NONE', *, *, #6389, .T. ) ;
#2340 = LINE ( 'NONE', #3810, #4526 ) ;
#2341 = CARTESIAN_POINT ( 'NONE',  ( 2.214716320084738350E-15, -25.39999999999999858, -3.050999999999999712 ) ) ;
#2342 = VERTEX_POINT ( 'NONE', #6263 ) ;
#2343 = CARTESIAN_POINT ( 'NONE',  ( 0.000000000000000000, 5.200000000000000178, 3.049999999999999822 ) ) ;
#2344 = DIRECTION ( 'NONE',  ( 1.000000000000000000, 0.000000000000000000, 0.000000000000000000 ) ) ;
#2345 = CARTESIAN_POINT ( 'NONE',  ( -6.200000000000001954, -20.18137084989847452, 3.050999999999999712 ) ) ;
#2346 = DIRECTION ( 'NONE',  ( -1.000000000000000000, 0.000000000000000000, 0.000000000000000000 ) ) ;
#2347 = PRODUCT_DEFINITION_FORMATION_WITH_SPECIFIED_SOURCE ( 'ANY', '', #6360, .NOT_KNOWN. ) ;
#2348 = EDGE_CURVE ( 'NONE', #4360, #501, #1761, .T. ) ;
#2349 = ORIENTED_EDGE ( 'NONE', *, *, #6129, .T. ) ;
#2350 = CARTESIAN_POINT ( 'NONE',  ( 0.000000000000000000, 5.200000000000000178, -1.000000000000000000 ) ) ;
#2351 = DIRECTION ( 'NONE',  ( 0.7071067811865469066, 0.7071067811865482389, -0.000000000000000000 ) ) ;
#2352 = EDGE_LOOP ( 'NONE', ( #1293, #1864, #383, #155, #1427, #5713 ) ) ;
#2353 = DIRECTION ( 'NONE',  ( -0.000000000000000000, -0.000000000000000000, -1.000000000000000000 ) ) ;
#2354 = DIRECTION ( 'NONE',  ( 0.000000000000000000, 0.000000000000000000, 1.000000000000000000 ) ) ;
#2355 = CARTESIAN_POINT ( 'NONE',  ( 6.349999999999999645, 5.068629150101524594, -3.049999999999999822 ) ) ;
#2356 = ORIENTED_EDGE ( 'NONE', *, *, #3756, .F. ) ;
#2357 = ORIENTED_EDGE ( 'NONE', *, *, #6142, .F. ) ;
#2358 = LINE ( 'NONE', #6342, #2749 ) ;
#2359 = EDGE_CURVE ( 'NONE', #5193, #1967, #2774, .T. ) ;
#2360 = LINE ( 'NONE', #5944, #3266 ) ;
#2361 = CARTESIAN_POINT ( 'NONE',  ( -5.068629150101529923, -19.05000000000000426, 3.050999999999999712 ) ) ;
#2362 = LINE ( 'NONE', #456, #334 ) ;
#2363 = ORIENTED_EDGE ( 'NONE', *, *, #423, .T. ) ;
#2364 = ADVANCED_FACE ( 'NONE', ( #707 ), #6209, .T. ) ;
#2365 = FACE_OUTER_BOUND ( 'NONE', #282, .T. ) ;
#2366 = EDGE_CURVE ( 'NONE', #780, #3665, #219, .T. ) ;
#2367 = ORIENTED_EDGE ( 'NONE', *, *, #6242, .T. ) ;
#2368 = VECTOR ( 'NONE', #4947, 1000.000000000000000 ) ;
#2369 = VERTEX_POINT ( 'NONE', #2216 ) ;
#2370 = CARTESIAN_POINT ( 'NONE',  ( 0.000000000000000000, 0.000000000000000000, 1.000000000000000000 ) ) ;
#2371 = ORIENTED_EDGE ( 'NONE', *, *, #823, .F. ) ;
#2372 = DIRECTION ( 'NONE',  ( 1.635594980104611741E-16, -1.000000000000000000, 0.000000000000000000 ) ) ;
#2373 = LINE ( 'NONE', #4365, #4734 ) ;
#2374 = VECTOR ( 'NONE', #2174, 1000.000000000000000 ) ;
#2375 = VERTEX_POINT ( 'NONE', #5255 ) ;
#2376 = CARTESIAN_POINT ( 'NONE',  ( 2.214716320084738350E-15, -25.39999999999999858, -1.000000000000000000 ) ) ;
#2377 = CARTESIAN_POINT ( 'NONE',  ( 6.703553390593269157, -6.703553390593275374, 2.286000000000000032 ) ) ;
#2378 = ADVANCED_FACE ( 'NONE', ( #4730 ), #4217, .F. ) ;
#2379 = ORIENTED_EDGE ( 'NONE', *, *, #1065, .T. ) ;
#2380 = DIRECTION ( 'NONE',  ( 0.7071067811865469066, -0.7071067811865481278, 0.000000000000000000 ) ) ;
#2381 = CARTESIAN_POINT ( 'NONE',  ( 3.654415587728431447, -19.04999999999999716, 3.049999999999999822 ) ) ;
#2382 = CARTESIAN_POINT ( 'NONE',  ( -4.648654403270946034, -18.05576118445749145, 2.286000000000000032 ) ) ;
#2383 = VERTEX_POINT ( 'NONE', #3727 ) ;
#2384 = PLANE ( 'NONE',  #1796 ) ;
#2385 = CARTESIAN_POINT ( 'NONE',  ( -0.4999999999999997780, -3.135382751754560271, 1.000000000000000000 ) ) ;
#2386 = EDGE_CURVE ( 'NONE', #5290, #4704, #5710, .T. ) ;
#2387 = ORIENTED_EDGE ( 'NONE', *, *, #2862, .F. ) ;
#2388 = DIRECTION ( 'NONE',  ( -1.000000000000000000, 0.000000000000000000, 0.000000000000000000 ) ) ;
#2389 = DIRECTION ( 'NONE',  ( 1.024442997624098707E-16, -1.000000000000000000, 0.000000000000000000 ) ) ;
#2390 = DIRECTION ( 'NONE',  ( 0.000000000000000000, 0.000000000000000000, 1.000000000000000000 ) ) ;
#2391 = VERTEX_POINT ( 'NONE', #646 ) ;
#2392 = FACE_OUTER_BOUND ( 'NONE', #5250, .T. ) ;
#2393 = EDGE_CURVE ( 'NONE', #4670, #476, #2649, .T. ) ;
#2394 = LINE ( 'NONE', #4353, #2130 ) ;
#2395 = LINE ( 'NONE', #4386, #2301 ) ;
#2396 = FACE_OUTER_BOUND ( 'NONE', #4415, .T. ) ;
#2397 = VERTEX_POINT ( 'NONE', #351 ) ;
#2398 = LINE ( 'NONE', #4389, #6192 ) ;
#2399 = EDGE_CURVE ( 'NONE', #2391, #200, #1890, .T. ) ;
#2400 = VERTEX_POINT ( 'NONE', #5316 ) ;
#2401 = ADVANCED_FACE ( 'NONE', ( #4344 ), #2804, .F. ) ;
#2402 = DIRECTION ( 'NONE',  ( 0.7071067811865469066, -0.7071067811865481278, 0.000000000000000000 ) ) ;
#2403 = VERTEX_POINT ( 'NONE', #837 ) ;
#2404 = DIRECTION ( 'NONE',  ( -0.7071067811865469066, -0.7071067811865482389, 0.000000000000000000 ) ) ;
#2405 = CARTESIAN_POINT ( 'NONE',  ( -6.200000000000007283, -16.50441558772843109, -3.049999999999999822 ) ) ;
#2406 = EDGE_CURVE ( 'NONE', #6464, #739, #4868, .T. ) ;
#2407 = EDGE_CURVE ( 'NONE', #3092, #3171, #810, .T. ) ;
#2408 = LINE ( 'NONE', #2564, #3782 ) ;
#2409 = CARTESIAN_POINT ( 'NONE',  ( 2.570603795974265360, -14.56349701478770697, 2.286000000000000032 ) ) ;
#2410 = CARTESIAN_POINT ( 'NONE',  ( 6.703553390593269157, -6.703553390593275374, 2.286000000000000032 ) ) ;
#2411 = DIRECTION ( 'NONE',  ( -0.000000000000000000, -0.000000000000000000, -1.000000000000000000 ) ) ;
#2412 = LINE ( 'NONE', #342, #5571 ) ;
#2413 = CYLINDRICAL_SURFACE ( 'NONE', #2124, 2.100000000000000089 ) ;
#2414 = ORIENTED_EDGE ( 'NONE', *, *, #1202, .F. ) ;
#2415 = DIRECTION ( 'NONE',  ( 3.419880412946006861E-16, 1.000000000000000000, -0.000000000000000000 ) ) ;
#2416 = DIRECTION ( 'NONE',  ( 0.7071067811865474617, 0.7071067811865475727, -0.000000000000000000 ) ) ;
#2417 = ORIENTED_EDGE ( 'NONE', *, *, #5847, .T. ) ;
#2418 = CARTESIAN_POINT ( 'NONE',  ( 5.996446609406729245, -5.996446609406726580, 2.286000000000000032 ) ) ;
#2419 = AXIS2_PLACEMENT_3D ( 'NONE', #279, #3128, #5120 ) ;
#2420 = DIRECTION ( 'NONE',  ( 0.7071067811865475727, -0.7071067811865474617, 0.000000000000000000 ) ) ;
#2421 = EDGE_CURVE ( 'NONE', #123, #27, #881, .T. ) ;
#2422 = CARTESIAN_POINT ( 'NONE',  ( 6.200000000000003730, -20.18137084989847452, -3.049999999999999822 ) ) ;
#2423 = CARTESIAN_POINT ( 'NONE',  ( 0.3535533905932727317, -0.3535533905932727317, -1.000000000000000000 ) ) ;
#2424 = LINE ( 'NONE', #920, #4942 ) ;
#2425 = VECTOR ( 'NONE', #583, 1000.000000000000000 ) ;
#2426 = CARTESIAN_POINT ( 'NONE',  ( 2.214716320084738350E-15, -25.39999999999999858, 2.286000000000000032 ) ) ;
#2427 = FACE_OUTER_BOUND ( 'NONE', #4948, .T. ) ;
#2428 = ORIENTED_EDGE ( 'NONE', *, *, #4277, .T. ) ;
#2429 = DIRECTION ( 'NONE',  ( -0.000000000000000000, -0.000000000000000000, -1.000000000000000000 ) ) ;
#2430 = AXIS2_PLACEMENT_3D ( 'NONE', #4449, #2415, #3451 ) ;
#2431 = EDGE_CURVE ( 'NONE', #2254, #2198, #3713, .T. ) ;
#2432 = AXIS2_PLACEMENT_3D ( 'NONE', #1527, #2532, #2445 ) ;
#2433 = EDGE_LOOP ( 'NONE', ( #3564, #5005, #1682, #2172 ) ) ;
#2434 = VECTOR ( 'NONE', #3611, 1000.000000000000000 ) ;
#2435 = DIRECTION ( 'NONE',  ( -0.000000000000000000, -0.000000000000000000, -1.000000000000000000 ) ) ;
#2436 = ORIENTED_EDGE ( 'NONE', *, *, #4193, .F. ) ;
#2437 = LINE ( 'NONE', #3510, #4220 ) ;
#2438 = VECTOR ( 'NONE', #3651, 1000.000000000000000 ) ;
#2439 = DIRECTION ( 'NONE',  ( 1.000000000000000000, 0.000000000000000000, 0.000000000000000000 ) ) ;
#2440 = VECTOR ( 'NONE', #3317, 1000.000000000000000 ) ;
#2441 = AXIS2_PLACEMENT_3D ( 'NONE', #2929, #4920, #5902 ) ;
#2442 = ORIENTED_EDGE ( 'NONE', *, *, #2244, .T. ) ;
#2443 = VECTOR ( 'NONE', #3262, 1000.000000000000000 ) ;
#2444 = DIRECTION ( 'NONE',  ( -0.000000000000000000, -0.000000000000000000, 1.000000000000000000 ) ) ;
#2445 = DIRECTION ( 'NONE',  ( -0.7071067811865479058, -0.7071067811865472397, 0.000000000000000000 ) ) ;
#2446 = AXIS2_PLACEMENT_3D ( 'NONE', #2095, #1597, #5094 ) ;
#2447 = EDGE_CURVE ( 'NONE', #2144, #2801, #4041, .T. ) ;
#2448 = CIRCLE ( 'NONE', #6088, 3.174999999999999822 ) ;
#2449 = ORIENTED_EDGE ( 'NONE', *, *, #5995, .T. ) ;
#2450 = DIRECTION ( 'NONE',  ( 0.000000000000000000, 0.000000000000000000, 1.000000000000000000 ) ) ;
#2451 = CARTESIAN_POINT ( 'NONE',  ( 0.4999999999999988343, -22.26461724824543964, 2.286000000000000032 ) ) ;
#2452 = VECTOR ( 'NONE', #2389, 1000.000000000000000 ) ;
#2453 = EDGE_CURVE ( 'NONE', #5605, #3078, #6446, .T. ) ;
#2454 = EDGE_CURVE ( 'NONE', #1943, #5415, #4452, .T. ) ;
#2455 = AXIS2_PLACEMENT_3D ( 'NONE', #2718, #5607, #2241 ) ;
#2456 = EDGE_LOOP ( 'NONE', ( #4534, #706, #3707, #2625 ) ) ;
#2457 = DIRECTION ( 'NONE',  ( -0.7071067811865475727, 0.7071067811865474617, 0.000000000000000000 ) ) ;
#2458 = CARTESIAN_POINT ( 'NONE',  ( 0.000000000000000000, 0.000000000000000000, 3.049999999999999822 ) ) ;
#2459 = CIRCLE ( 'NONE', #5985, 1.499999999999997780 ) ;
#2460 = CARTESIAN_POINT ( 'NONE',  ( -3.654415587728429671, -6.349999999999996980, 3.049999999999999822 ) ) ;
#2461 = ORIENTED_EDGE ( 'NONE', *, *, #4211, .F. ) ;
#2462 = EDGE_CURVE ( 'NONE', #3220, #5700, #5396, .T. ) ;
#2463 = CARTESIAN_POINT ( 'NONE',  ( 6.200000000000003730, -20.18137084989847452, 3.050999999999999712 ) ) ;
#2464 = FACE_OUTER_BOUND ( 'NONE', #2691, .T. ) ;
#2465 = DIRECTION ( 'NONE',  ( -1.855319225643643724E-16, 1.000000000000000000, 0.000000000000000000 ) ) ;
#2466 = EDGE_CURVE ( 'NONE', #476, #200, #6369, .T. ) ;
#2467 = CARTESIAN_POINT ( 'NONE',  ( -5.996446609406727468, -5.996446609406724804, -1.000000000000000000 ) ) ;
#2468 = VERTEX_POINT ( 'NONE', #5938 ) ;
#2469 = EDGE_CURVE ( 'NONE', #4660, #367, #5422, .T. ) ;
#2470 = CARTESIAN_POINT ( 'NONE',  ( -13.05355339059327591, -13.05355339059327413, 2.286000000000000032 ) ) ;
#2471 = VERTEX_POINT ( 'NONE', #2877 ) ;
#2472 = CARTESIAN_POINT ( 'NONE',  ( -5.068629150101529923, -6.349999999999996092, -3.049999999999999822 ) ) ;
#2473 = FACE_OUTER_BOUND ( 'NONE', #1436, .T. ) ;
#2474 = EDGE_LOOP ( 'NONE', ( #6208, #5204 ) ) ;
#2475 = DIRECTION ( 'NONE',  ( -0.000000000000000000, -0.000000000000000000, -1.000000000000000000 ) ) ;
#2476 = CARTESIAN_POINT ( 'NONE',  ( -5.200000000000000178, 6.368163355566236381E-16, -3.049999999999999822 ) ) ;
#2477 = ORIENTED_EDGE ( 'NONE', *, *, #5281, .T. ) ;
#2478 = DIRECTION ( 'NONE',  ( 0.7071067811865477948, -0.7071067811865473507, 0.000000000000000000 ) ) ;
#2479 = AXIS2_PLACEMENT_3D ( 'NONE', #5140, #666, #4113 ) ;
#2480 = DIRECTION ( 'NONE',  ( 1.000000000000000000, 0.000000000000000000, -0.000000000000000000 ) ) ;
#2481 = EDGE_CURVE ( 'NONE', #3267, #5097, #1829, .T. ) ;
#2482 = EDGE_LOOP ( 'NONE', ( #2477, #866, #3911, #5962 ) ) ;
#2483 = DIRECTION ( 'NONE',  ( 0.000000000000000000, 0.000000000000000000, 1.000000000000000000 ) ) ;
#2484 = DIRECTION ( 'NONE',  ( -0.7071067811865462405, -0.7071067811865489050, 0.000000000000000000 ) ) ;
#2485 = CARTESIAN_POINT ( 'NONE',  ( -5.068629150101529923, -19.05000000000000426, 3.050999999999999712 ) ) ;
#2486 = CYLINDRICAL_SURFACE ( 'NONE', #5542, 2.100000000000000533 ) ;
#2487 = LINE ( 'NONE', #1468, #2642 ) ;
#2488 = FACE_OUTER_BOUND ( 'NONE', #211, .T. ) ;
#2489 = ORIENTED_EDGE ( 'NONE', *, *, #5529, .T. ) ;
#2490 = FACE_OUTER_BOUND ( 'NONE', #2109, .T. ) ;
#2491 = CARTESIAN_POINT ( 'NONE',  ( 12.69999999999999929, 6.200000000000000178, 1.000000000000000000 ) ) ;
#2492 = CARTESIAN_POINT ( 'NONE',  ( 10.12939620402573659, 1.863497014787714789, 1.000000000000000000 ) ) ;
#2493 = ORIENTED_EDGE ( 'NONE', *, *, #2462, .T. ) ;
#2494 = DIRECTION ( 'NONE',  ( -0.000000000000000000, -0.000000000000000000, 1.000000000000000000 ) ) ;
#2495 = EDGE_CURVE ( 'NONE', #1288, #3714, #3822, .T. ) ;
#2496 = ORIENTED_EDGE ( 'NONE', *, *, #4358, .T. ) ;
#2497 = DIRECTION ( 'NONE',  ( -0.000000000000000000, -0.000000000000000000, -1.000000000000000000 ) ) ;
#2498 = FACE_BOUND ( 'NONE', #6353, .T. ) ;
#2499 = DIRECTION ( 'NONE',  ( 0.000000000000000000, 0.000000000000000000, 1.000000000000000000 ) ) ;
#2500 = EDGE_CURVE ( 'NONE', #4958, #4250, #5552, .T. ) ;
#2501 = EDGE_LOOP ( 'NONE', ( #333, #3787, #2367, #4274 ) ) ;
#2502 = ORIENTED_EDGE ( 'NONE', *, *, #2164, .F. ) ;
#2503 = DIRECTION ( 'NONE',  ( 0.7071067811865474617, 0.7071067811865475727, -0.000000000000000000 ) ) ;
#2504 = ORIENTED_EDGE ( 'NONE', *, *, #1416, .F. ) ;
#2505 = CARTESIAN_POINT ( 'NONE',  ( 6.703553390593269157, -6.703553390593275374, 2.286000000000000032 ) ) ;
#2506 = LINE ( 'NONE', #5484, #1808 ) ;
#2507 = DIRECTION ( 'NONE',  ( 0.7071067811865475727, 0.7071067811865475727, -0.000000000000000000 ) ) ;
#2508 = VERTEX_POINT ( 'NONE', #5837 ) ;
#2509 = CARTESIAN_POINT ( 'NONE',  ( 6.053553390593272354, -5.346446609406724448, 3.049999999999999822 ) ) ;
#2510 = CARTESIAN_POINT ( 'NONE',  ( -5.996446609406721251, -5.996446609406716810, 2.286000000000000032 ) ) ;
#2511 = CYLINDRICAL_SURFACE ( 'NONE', #4923, 3.174999999999999822 ) ;
#2512 = LINE ( 'NONE', #5093, #4608 ) ;
#2513 = DIRECTION ( 'NONE',  ( 1.000000000000000000, 0.000000000000000000, 0.000000000000000000 ) ) ;
#2514 = CYLINDRICAL_SURFACE ( 'NONE', #4725, 3.174999999999999822 ) ;
#2515 = ORIENTED_EDGE ( 'NONE', *, *, #2407, .F. ) ;
#2516 = VECTOR ( 'NONE', #5765, 1000.000000000000000 ) ;
#2517 = LINE ( 'NONE', #2588, #1090 ) ;
#2518 = DIRECTION ( 'NONE',  ( -0.7071067811865470176, 0.7071067811865480168, 0.000000000000000000 ) ) ;
#2519 = ADVANCED_FACE ( 'NONE', ( #4899 ), #914, .F. ) ;
#2520 = DIRECTION ( 'NONE',  ( 1.000000000000000000, 0.000000000000000000, 0.000000000000000000 ) ) ;
#2521 = ORIENTED_EDGE ( 'NONE', *, *, #1735, .F. ) ;
#2522 = LINE ( 'NONE', #525, #1186 ) ;
#2523 = EDGE_CURVE ( 'NONE', #2026, #6228, #3425, .T. ) ;
#2524 = EDGE_LOOP ( 'NONE', ( #1039, #5926, #2622, #2713, #3700, #5712, #3080 ) ) ;
#2525 = DIRECTION ( 'NONE',  ( -1.000000000000000000, 0.000000000000000000, 0.000000000000000000 ) ) ;
#2526 = LINE ( 'NONE', #4529, #47 ) ;
#2527 = DIRECTION ( 'NONE',  ( -0.000000000000000000, -0.000000000000000000, -1.000000000000000000 ) ) ;
#2528 = AXIS2_PLACEMENT_3D ( 'NONE', #5014, #2056, #5928 ) ;
#2529 = EDGE_CURVE ( 'NONE', #822, #3039, #447, .T. ) ;
#2530 = ORIENTED_EDGE ( 'NONE', *, *, #1766, .F. ) ;
#2531 = ORIENTED_EDGE ( 'NONE', *, *, #4147, .T. ) ;
#2532 = DIRECTION ( 'NONE',  ( -0.7071067811865472397, 0.7071067811865479058, 0.000000000000000000 ) ) ;
#2533 = VECTOR ( 'NONE', #2416, 1000.000000000000000 ) ;
#2534 = CIRCLE ( 'NONE', #3785, 6.199999999999997513 ) ;
#2535 = DIRECTION ( 'NONE',  ( -0.7071067811865480168, -0.7071067811865470176, 0.000000000000000000 ) ) ;
#2536 = VERTEX_POINT ( 'NONE', #4866 ) ;
#2537 = DIRECTION ( 'NONE',  ( 1.000000000000000000, 5.463695987328526437E-15, 0.000000000000000000 ) ) ;
#2538 = EDGE_CURVE ( 'NONE', #2707, #3583, #5393, .T. ) ;
#2539 = CARTESIAN_POINT ( 'NONE',  ( 6.699999999999993960, -6.699999999999999289, -3.049999999999999822 ) ) ;
#2540 = VECTOR ( 'NONE', #3190, 999.9999999999998863 ) ;
#2541 = VECTOR ( 'NONE', #1171, 999.9999999999998863 ) ;
#2542 = CIRCLE ( 'NONE', #5663, 5.200000000000000178 ) ;
#2543 = ORIENTED_EDGE ( 'NONE', *, *, #6098, .T. ) ;
#2544 = FACE_OUTER_BOUND ( 'NONE', #5679, .T. ) ;
#2545 = LINE ( 'NONE', #4575, #4303 ) ;
#2546 = CIRCLE ( 'NONE', #6412, 3.174999999999999822 ) ;
#2547 = ORIENTED_EDGE ( 'NONE', *, *, #6072, .T. ) ;
#2548 = CARTESIAN_POINT ( 'NONE',  ( 0.4999999999999988343, -22.26461724824543964, 2.286000000000000032 ) ) ;
#2549 = CARTESIAN_POINT ( 'NONE',  ( -6.200000000000007283, -8.895584412271569263, 3.049999999999999822 ) ) ;
#2550 = EDGE_CURVE ( 'NONE', #4356, #4360, #3884, .T. ) ;
#2551 = VECTOR ( 'NONE', #1571, 1000.000000000000000 ) ;
#2552 = DIRECTION ( 'NONE',  ( -0.7071067811865489050, -0.7071067811865461294, 0.000000000000000000 ) ) ;
#2553 = VECTOR ( 'NONE', #759, 1000.000000000000000 ) ;
#2554 = EDGE_LOOP ( 'NONE', ( #6195, #3710, #4343, #5601, #4349, #1945 ) ) ;
#2555 = AXIS2_PLACEMENT_3D ( 'NONE', #1195, #696, #4629 ) ;
#2556 = AXIS2_PLACEMENT_3D ( 'NONE', #5455, #4347, #5362 ) ;
#2557 = CARTESIAN_POINT ( 'NONE',  ( 4.648654403270946034, -20.04423881554251352, 1.000000000000000000 ) ) ;
#2558 = ORIENTED_EDGE ( 'NONE', *, *, #5241, .F. ) ;
#2559 = DIRECTION ( 'NONE',  ( -0.000000000000000000, -0.000000000000000000, -1.000000000000000000 ) ) ;
#2560 = CARTESIAN_POINT ( 'NONE',  ( -5.200000000000000178, 6.368163355566236381E-16, -3.049999999999999822 ) ) ;
#2561 = LINE ( 'NONE', #4520, #36 ) ;
#2562 = ORIENTED_EDGE ( 'NONE', *, *, #3966, .T. ) ;
#2563 = VERTEX_POINT ( 'NONE', #3981 ) ;
#2564 = CARTESIAN_POINT ( 'NONE',  ( 8.207106781186544353, 5.200000000000000178, 3.049999999999999822 ) ) ;
#2565 = EDGE_CURVE ( 'NONE', #2782, #3886, #2904, .T. ) ;
#2566 = CARTESIAN_POINT ( 'NONE',  ( -2.570603795974262251, -23.53650298521229089, 2.286000000000000032 ) ) ;
#2567 = VERTEX_POINT ( 'NONE', #3350 ) ;
#2568 = DIRECTION ( 'NONE',  ( -1.000000000000000000, 0.000000000000000000, 0.000000000000000000 ) ) ;
#2569 = DIRECTION ( 'NONE',  ( 1.000000000000000000, 0.000000000000000000, 0.000000000000000000 ) ) ;
#2570 = ORIENTED_EDGE ( 'NONE', *, *, #697, .F. ) ;
#2571 = CARTESIAN_POINT ( 'NONE',  ( 3.654415587728431447, -19.04999999999999716, 3.049999999999999822 ) ) ;
#2572 = VERTEX_POINT ( 'NONE', #1887 ) ;
#2573 = PLANE ( 'NONE',  #2432 ) ;
#2574 = CARTESIAN_POINT ( 'NONE',  ( -5.200000000000000178, 0.000000000000000000, 1.000000000000000000 ) ) ;
#2575 = ORIENTED_EDGE ( 'NONE', *, *, #2288, .F. ) ;
#2576 = CARTESIAN_POINT ( 'NONE',  ( 9.564617248245436798, 0.4999999999999993339, 2.286000000000000032 ) ) ;
#2577 = LINE ( 'NONE', #3000, #3374 ) ;
#2578 = ORIENTED_EDGE ( 'NONE', *, *, #2057, .F. ) ;
#2579 = EDGE_CURVE ( 'NONE', #3418, #2536, #876, .T. ) ;
#2580 = CARTESIAN_POINT ( 'NONE',  ( 12.69999999999999929, 0.000000000000000000, 2.286000000000000032 ) ) ;
#2581 = CARTESIAN_POINT ( 'NONE',  ( 9.564617248245436798, -0.5000000000000004441, 2.286000000000000032 ) ) ;
#2582 = AXIS2_PLACEMENT_3D ( 'NONE', #1521, #4882, #895 ) ;
#2583 = FACE_OUTER_BOUND ( 'NONE', #2962, .T. ) ;
#2584 = DIRECTION ( 'NONE',  ( 1.000000000000000000, 0.000000000000000000, -0.000000000000000000 ) ) ;
#2585 = LINE ( 'NONE', #4580, #3793 ) ;
#2586 = ORIENTED_EDGE ( 'NONE', *, *, #5154, .T. ) ;
#2587 = ORIENTED_EDGE ( 'NONE', *, *, #5638, .T. ) ;
#2588 = CARTESIAN_POINT ( 'NONE',  ( 1.863497014787720341, -22.82939620402574121, 2.286000000000000032 ) ) ;
#2589 = CARTESIAN_POINT ( 'NONE',  ( 0.000000000000000000, 0.000000000000000000, 2.286000000000000032 ) ) ;
#2590 = PLANE ( 'NONE',  #4723 ) ;
#2591 = VERTEX_POINT ( 'NONE', #6469 ) ;
#2592 = VERTEX_POINT ( 'NONE', #6402 ) ;
#2593 = CARTESIAN_POINT ( 'NONE',  ( 2.214716320084738350E-15, -25.39999999999999858, -2.286000000000000032 ) ) ;
#2594 = CARTESIAN_POINT ( 'NONE',  ( 0.4999999999999987232, -3.135382751754560715, 1.000000000000000000 ) ) ;
#2595 = ORIENTED_EDGE ( 'NONE', *, *, #724, .T. ) ;
#2596 = DIRECTION ( 'NONE',  ( 0.000000000000000000, 0.000000000000000000, 1.000000000000000000 ) ) ;
#2597 = ORIENTED_EDGE ( 'NONE', *, *, #4700, .T. ) ;
#2598 = ADVANCED_FACE ( 'NONE', ( #4895 ), #2384, .F. ) ;
#2599 = LINE ( 'NONE', #1129, #1264 ) ;
#2600 = ORIENTED_EDGE ( 'NONE', *, *, #2466, .T. ) ;
#2601 = DIRECTION ( 'NONE',  ( 0.000000000000000000, 0.000000000000000000, 1.000000000000000000 ) ) ;
#2602 = CARTESIAN_POINT ( 'NONE',  ( 6.699999999999993960, -5.199999999999999289, 2.286000000000000032 ) ) ;
#2603 = DIRECTION ( 'NONE',  ( 1.000000000000000000, 0.000000000000000000, 0.000000000000000000 ) ) ;
#2604 = ADVANCED_FACE ( 'NONE', ( #1358 ), #1962, .T. ) ;
#2605 = ORIENTED_EDGE ( 'NONE', *, *, #3245, .F. ) ;
#2606 = PLANE ( 'NONE',  #1182 ) ;
#2607 = DIRECTION ( 'NONE',  ( -1.000000000000000000, 0.000000000000000000, 0.000000000000000000 ) ) ;
#2608 = ORIENTED_EDGE ( 'NONE', *, *, #1742, .F. ) ;
#2609 = CARTESIAN_POINT ( 'NONE',  ( -3.654415587728429671, -19.05000000000000071, 3.049999999999999822 ) ) ;
#2610 = PLANE ( 'NONE',  #1055 ) ;
#2611 = DIRECTION ( 'NONE',  ( -0.000000000000000000, -0.000000000000000000, -1.000000000000000000 ) ) ;
#2612 = EDGE_LOOP ( 'NONE', ( #3642, #3644, #4222, #5071 ) ) ;
#2613 = ORIENTED_EDGE ( 'NONE', *, *, #3207, .F. ) ;
#2614 = DIRECTION ( 'NONE',  ( 0.7071067811865482389, -0.7071067811865469066, 0.000000000000000000 ) ) ;
#2615 = DIRECTION ( 'NONE',  ( 0.000000000000000000, 0.000000000000000000, 1.000000000000000000 ) ) ;
#2616 = DIRECTION ( 'NONE',  ( 0.000000000000000000, 0.000000000000000000, -1.000000000000000000 ) ) ;
#2617 = VERTEX_POINT ( 'NONE', #1992 ) ;
#2618 = EDGE_CURVE ( 'NONE', #4646, #2824, #5313, .T. ) ;
#2619 = EDGE_LOOP ( 'NONE', ( #37, #4280, #1233, #3312, #6171, #659 ) ) ;
#2620 = CARTESIAN_POINT ( 'NONE',  ( 9.564617248245436798, 0.4999999999999991673, -2.286000000000000032 ) ) ;
#2621 = CARTESIAN_POINT ( 'NONE',  ( 5.068629150101531700, -19.05000000000000426, 3.050999999999999712 ) ) ;
#2622 = ORIENTED_EDGE ( 'NONE', *, *, #2955, .F. ) ;
#2623 = EDGE_CURVE ( 'NONE', #501, #1663, #6366, .T. ) ;
#2624 = VECTOR ( 'NONE', #3748, 1000.000000000000000 ) ;
#2625 = ORIENTED_EDGE ( 'NONE', *, *, #2453, .F. ) ;
#2626 = CARTESIAN_POINT ( 'NONE',  ( 0.000000000000000000, 0.000000000000000000, 2.286000000000000032 ) ) ;
#2627 = CARTESIAN_POINT ( 'NONE',  ( 6.703553390593270933, -6.703553390593268269, -1.000000000000000000 ) ) ;
#2628 = EDGE_CURVE ( 'NONE', #5182, #257, #4819, .T. ) ;
#2629 = VECTOR ( 'NONE', #4997, 1000.000000000000000 ) ;
#2630 = DIRECTION ( 'NONE',  ( 1.000000000000000000, 0.000000000000000000, 0.000000000000000000 ) ) ;
#2631 = VECTOR ( 'NONE', #3923, 1000.000000000000114 ) ;
#2632 = EDGE_LOOP ( 'NONE', ( #2219, #1581, #2327, #3083 ) ) ;
#2633 = AXIS2_PLACEMENT_3D ( 'NONE', #4601, #3222, #4150 ) ;
#2634 = ADVANCED_FACE ( 'NONE', ( #5935 ), #348, .F. ) ;
#2635 = CARTESIAN_POINT ( 'NONE',  ( 12.70000000000000107, 5.200000000000000178, 3.049999999999999822 ) ) ;
#2636 = CYLINDRICAL_SURFACE ( 'NONE', #5560, 3.174999999999999822 ) ;
#2637 = AXIS2_PLACEMENT_3D ( 'NONE', #5898, #2078, #4072 ) ;
#2638 = DIRECTION ( 'NONE',  ( 1.000000000000000000, 0.000000000000000000, 0.000000000000000000 ) ) ;
#2639 = DIRECTION ( 'NONE',  ( -0.000000000000000000, -0.000000000000000000, -1.000000000000000000 ) ) ;
#2640 = DIRECTION ( 'NONE',  ( -0.000000000000000000, -0.000000000000000000, 1.000000000000000000 ) ) ;
#2641 = VECTOR ( 'NONE', #4422, 1000.000000000000000 ) ;
#2642 = VECTOR ( 'NONE', #4454, 1000.000000000000000 ) ;
#2643 = ORIENTED_EDGE ( 'NONE', *, *, #175, .F. ) ;
#2644 = CIRCLE ( 'NONE', #5770, 3.175000000000000711 ) ;
#2645 = CARTESIAN_POINT ( 'NONE',  ( 0.000000000000000000, 0.000000000000000000, -3.049999999999999822 ) ) ;
#2646 = CIRCLE ( 'NONE', #4314, 0.5000000000000004441 ) ;
#2647 = EDGE_LOOP ( 'NONE', ( #2864, #5939, #4144, #3652 ) ) ;
#2648 = AXIS2_PLACEMENT_3D ( 'NONE', #6138, #3076, #1043 ) ;
#2649 = LINE ( 'NONE', #4644, #3392 ) ;
#2650 = ADVANCED_FACE ( 'NONE', ( #4407 ), #477, .F. ) ;
#2651 = DIRECTION ( 'NONE',  ( -0.000000000000000000, -0.000000000000000000, -1.000000000000000000 ) ) ;
#2652 = VERTEX_POINT ( 'NONE', #6333 ) ;
#2653 = AXIS2_PLACEMENT_3D ( 'NONE', #4628, #5823, #2404 ) ;
#2654 = AXIS2_PLACEMENT_3D ( 'NONE', #5300, #3839, #3871 ) ;
#2655 = VECTOR ( 'NONE', #6110, 1000.000000000000000 ) ;
#2656 = ORIENTED_EDGE ( 'NONE', *, *, #1302, .F. ) ;
#2657 = DIRECTION ( 'NONE',  ( -0.000000000000000000, -0.000000000000000000, -1.000000000000000000 ) ) ;
#2658 = VECTOR ( 'NONE', #6055, 1000.000000000000000 ) ;
#2659 = DIRECTION ( 'NONE',  ( 0.7071067811865474617, 0.7071067811865476838, 0.000000000000000000 ) ) ;
#2660 = EDGE_LOOP ( 'NONE', ( #2062, #884, #1423, #5407 ) ) ;
#2661 = APPROVAL_DATE_TIME ( #6121, #2808 ) ;
#2662 = ORIENTED_EDGE ( 'NONE', *, *, #6281, .T. ) ;
#2663 = ORIENTED_EDGE ( 'NONE', *, *, #3927, .F. ) ;
#2664 = EDGE_CURVE ( 'NONE', #1327, #3092, #1928, .T. ) ;
#2665 = CARTESIAN_POINT ( 'NONE',  ( 0.4999999999999990563, -22.26461724824543964, -2.286000000000000032 ) ) ;
#2666 = EDGE_LOOP ( 'NONE', ( #809, #247, #494, #1100 ) ) ;
#2667 = CARTESIAN_POINT ( 'NONE',  ( 10.12939620402573837, 1.863497014787714345, 2.286000000000000032 ) ) ;
#2668 = CARTESIAN_POINT ( 'NONE',  ( -6.200000000000000178, -7.592810154713589835E-16, 1.000000000000000000 ) ) ;
#2669 = EDGE_LOOP ( 'NONE', ( #750, #6053, #294, #3337 ) ) ;
#2670 = ADVANCED_FACE ( 'NONE', ( #938 ), #1858, .T. ) ;
#2671 = CARTESIAN_POINT ( 'NONE',  ( -5.200000000000000178, 6.368163355566236381E-16, 3.049999999999999822 ) ) ;
#2672 = PLANE ( 'NONE',  #546 ) ;
#2673 = LINE ( 'NONE', #1631, #224 ) ;
#2674 = DIRECTION ( 'NONE',  ( 1.000000000000000000, 0.000000000000000000, 0.000000000000000000 ) ) ;
#2675 = DIRECTION ( 'NONE',  ( 1.000000000000000000, 0.000000000000000000, -0.000000000000000000 ) ) ;
#2676 = EDGE_CURVE ( 'NONE', #982, #5466, #6439, .T. ) ;
#2677 = ORIENTED_EDGE ( 'NONE', *, *, #3348, .F. ) ;
#2678 = AXIS2_PLACEMENT_3D ( 'NONE', #1096, #196, #2659 ) ;
#2679 = EDGE_CURVE ( 'NONE', #582, #222, #4478, .T. ) ;
#2680 = VERTEX_POINT ( 'NONE', #3554 ) ;
#2681 = LINE ( 'NONE', #3202, #5260 ) ;
#2682 = DIRECTION ( 'NONE',  ( 0.000000000000000000, 0.000000000000000000, 1.000000000000000000 ) ) ;
#2683 = ORIENTED_EDGE ( 'NONE', *, *, #1766, .T. ) ;
#2684 = CIRCLE ( 'NONE', #3299, 3.174999999999999822 ) ;
#2685 = EDGE_CURVE ( 'NONE', #4877, #1522, #6100, .T. ) ;
#2686 = ORIENTED_EDGE ( 'NONE', *, *, #495, .F. ) ;
#2687 = LINE ( 'NONE', #4674, #331 ) ;
#2688 = CARTESIAN_POINT ( 'NONE',  ( 6.699999999999993960, -6.199999999999999289, -3.049999999999999822 ) ) ;
#2689 = ORIENTED_EDGE ( 'NONE', *, *, #4576, .F. ) ;
#2690 = CALENDAR_DATE ( 2022, 6, 6 ) ;
#2691 = EDGE_LOOP ( 'NONE', ( #4800, #645, #357, #3157 ) ) ;
#2692 = ORIENTED_EDGE ( 'NONE', *, *, #1824, .T. ) ;
#2693 = ORIENTED_EDGE ( 'NONE', *, *, #5947, .F. ) ;
#2694 = CARTESIAN_POINT ( 'NONE',  ( -6.200000000000007283, -16.50441558772843109, 3.049999999999999822 ) ) ;
#2695 = LINE ( 'NONE', #2668, #5153 ) ;
#2696 = ADVANCED_FACE ( 'NONE', ( #2544 ), #4635, .T. ) ;
#2697 = ORIENTED_EDGE ( 'NONE', *, *, #4952, .F. ) ;
#2698 = CARTESIAN_POINT ( 'NONE',  ( 5.199999999999998401, -20.90710678118655608, -2.286000000000000032 ) ) ;
#2699 = CARTESIAN_POINT ( 'NONE',  ( 0.000000000000000000, 0.000000000000000000, 2.286000000000000032 ) ) ;
#2700 = CARTESIAN_POINT ( 'NONE',  ( 10.83650298521228628, -2.570603795974262695, -2.286000000000000032 ) ) ;
#2701 = DIRECTION ( 'NONE',  ( -0.000000000000000000, 1.000000000000000000, 0.000000000000000000 ) ) ;
#2702 = FACE_OUTER_BOUND ( 'NONE', #4614, .T. ) ;
#2703 = ORIENTED_EDGE ( 'NONE', *, *, #3630, .F. ) ;
#2704 = ORIENTED_EDGE ( 'NONE', *, *, #3539, .T. ) ;
#2705 = CARTESIAN_POINT ( 'NONE',  ( 5.199999999999997513, -17.19289321881344179, 3.049999999999999822 ) ) ;
#2706 = CARTESIAN_POINT ( 'NONE',  ( -11.35220779386420986, -11.35220779386424006, 1.000000000000000000 ) ) ;
#2707 = VERTEX_POINT ( 'NONE', #5584 ) ;
#2708 = CARTESIAN_POINT ( 'NONE',  ( 2.214716320084738350E-15, -25.39999999999999858, 2.286000000000000032 ) ) ;
#2709 = EDGE_CURVE ( 'NONE', #229, #841, #4149, .T. ) ;
#2710 = LINE ( 'NONE', #1737, #5698 ) ;
#2711 = ORIENTED_EDGE ( 'NONE', *, *, #3183, .T. ) ;
#2712 = EDGE_CURVE ( 'NONE', #2741, #3506, #1591, .T. ) ;
#2713 = ORIENTED_EDGE ( 'NONE', *, *, #4897, .T. ) ;
#2714 = VERTEX_POINT ( 'NONE', #1535 ) ;
#2715 = DIRECTION ( 'NONE',  ( 0.000000000000000000, 0.000000000000000000, 1.000000000000000000 ) ) ;
#2716 = VECTOR ( 'NONE', #3006, 1000.000000000000000 ) ;
#2717 = ORIENTED_EDGE ( 'NONE', *, *, #189, .T. ) ;
#2718 = CARTESIAN_POINT ( 'NONE',  ( 1.182358322909695704E-16, -12.69999999999999929, -2.286000000000000032 ) ) ;
#2719 = CARTESIAN_POINT ( 'NONE',  ( 4.648654403270946034, -20.04423881554251352, 2.286000000000000032 ) ) ;
#2720 = EDGE_CURVE ( 'NONE', #853, #5903, #3593, .T. ) ;
#2721 = EDGE_LOOP ( 'NONE', ( #3763, #3228, #1168, #560 ) ) ;
#2722 = DIRECTION ( 'NONE',  ( -1.000000000000000000, 0.000000000000000000, 0.000000000000000000 ) ) ;
#2723 = FACE_OUTER_BOUND ( 'NONE', #6059, .T. ) ;
#2724 = ADVANCED_FACE ( 'NONE', ( #3123 ), #5610, .T. ) ;
#2725 = ADVANCED_FACE ( 'NONE', ( #5089 ), #5512, .T. ) ;
#2726 = ORIENTED_EDGE ( 'NONE', *, *, #1001, .F. ) ;
#2727 = FACE_OUTER_BOUND ( 'NONE', #2101, .T. ) ;
#2728 = CARTESIAN_POINT ( 'NONE',  ( -0.3535533905932740084, 0.3535533905932740084, 1.000000000000000000 ) ) ;
#2729 = LINE ( 'NONE', #2770, #733 ) ;
#2730 = DIRECTION ( 'NONE',  ( -0.7071067811865474617, -0.7071067811865474617, 0.000000000000000000 ) ) ;
#2731 = AXIS2_PLACEMENT_3D ( 'NONE', #2418, #4410, #1434 ) ;
#2732 = AXIS2_PLACEMENT_3D ( 'NONE', #4012, #3443, #2016 ) ;
#2733 = ORIENTED_EDGE ( 'NONE', *, *, #4034, .F. ) ;
#2734 = DIRECTION ( 'NONE',  ( -1.000000000000000000, 1.040833169157480322E-16, 0.000000000000000000 ) ) ;
#2735 = CIRCLE ( 'NONE', #2118, 3.174999999999999822 ) ;
#2736 = EDGE_CURVE ( 'NONE', #4831, #5812, #5487, .T. ) ;
#2737 = ORIENTED_EDGE ( 'NONE', *, *, #210, .F. ) ;
#2738 = DIRECTION ( 'NONE',  ( 0.000000000000000000, 0.000000000000000000, 1.000000000000000000 ) ) ;
#2739 = VECTOR ( 'NONE', #5304, 1000.000000000000000 ) ;
#2740 = DIRECTION ( 'NONE',  ( -0.000000000000000000, -0.000000000000000000, -1.000000000000000000 ) ) ;
#2741 = VERTEX_POINT ( 'NONE', #159 ) ;
#2742 = VECTOR ( 'NONE', #6050, 999.9999999999998863 ) ;
#2743 = VECTOR ( 'NONE', #3012, 1000.000000000000000 ) ;
#2744 = CIRCLE ( 'NONE', #6408, 3.174999999999999822 ) ;
#2745 = VECTOR ( 'NONE', #2465, 1000.000000000000000 ) ;
#2746 = VERTEX_POINT ( 'NONE', #4600 ) ;
#2747 = CARTESIAN_POINT ( 'NONE',  ( -0.5000000000000000000, -15.83538275175456000, 2.286000000000000032 ) ) ;
#2748 = EDGE_CURVE ( 'NONE', #76, #6384, #2126, .T. ) ;
#2749 = VECTOR ( 'NONE', #5841, 1000.000000000000000 ) ;
#2750 = CARTESIAN_POINT ( 'NONE',  ( -13.05355339059327591, -13.05355339059327413, 1.000000000000000000 ) ) ;
#2751 = ORIENTED_EDGE ( 'NONE', *, *, #893, .F. ) ;
#2752 = AXIS2_PLACEMENT_3D ( 'NONE', #4891, #5444, #2344 ) ;
#2753 = DIRECTION ( 'NONE',  ( 1.000000000000000000, 0.000000000000000000, 0.000000000000000000 ) ) ;
#2754 = VECTOR ( 'NONE', #6458, 1000.000000000000000 ) ;
#2755 = EDGE_LOOP ( 'NONE', ( #5790, #2597, #6386, #1322 ) ) ;
#2756 = VECTOR ( 'NONE', #668, 1000.000000000000000 ) ;
#2757 = EDGE_CURVE ( 'NONE', #1350, #5001, #6036, .T. ) ;
#2758 = VECTOR ( 'NONE', #5481, 1000.000000000000000 ) ;
#2759 = CARTESIAN_POINT ( 'NONE',  ( 5.199999999999997513, 0.000000000000000000, -1.000000000000000000 ) ) ;
#2760 = ORIENTED_EDGE ( 'NONE', *, *, #5046, .F. ) ;
#2761 = LINE ( 'NONE', #4853, #5559 ) ;
#2762 = CARTESIAN_POINT ( 'NONE',  ( 4.804415587728429138, 5.200000000000000178, -3.049999999999999822 ) ) ;
#2763 = EDGE_LOOP ( 'NONE', ( #5689, #5731, #6449, #3989 ) ) ;
#2764 = DIRECTION ( 'NONE',  ( -0.000000000000000000, 0.000000000000000000, -1.000000000000000000 ) ) ;
#2765 = DIRECTION ( 'NONE',  ( 0.7071067811865476838, -0.7071067811865474617, 0.000000000000000000 ) ) ;
#2766 = ORIENTED_EDGE ( 'NONE', *, *, #3373, .F. ) ;
#2767 = DIRECTION ( 'NONE',  ( -1.000000000000000000, 0.000000000000000000, 0.000000000000000000 ) ) ;
#2768 = DIRECTION ( 'NONE',  ( -0.7071067811865474617, 0.7071067811865474617, 0.000000000000000000 ) ) ;
#2769 = DIRECTION ( 'NONE',  ( -0.7071067811865470176, 0.7071067811865480168, 0.000000000000000000 ) ) ;
#2770 = CARTESIAN_POINT ( 'NONE',  ( 3.135382751754560715, -0.4999999999999982792, 2.286000000000000032 ) ) ;
#2771 = ADVANCED_FACE ( 'NONE', ( #3003 ), #2606, .T. ) ;
#2772 = VERTEX_POINT ( 'NONE', #6132 ) ;
#2773 = VERTEX_POINT ( 'NONE', #2151 ) ;
#2774 = LINE ( 'NONE', #1261, #61 ) ;
#2775 = CARTESIAN_POINT ( 'NONE',  ( 6.699999999999993960, -5.199999999999999289, 3.049999999999999822 ) ) ;
#2776 = VERTEX_POINT ( 'NONE', #5544 ) ;
#2777 = ADVANCED_FACE ( 'NONE', ( #3488 ), #121, .F. ) ;
#2778 = ORIENTED_EDGE ( 'NONE', *, *, #551, .T. ) ;
#2779 = DIRECTION ( 'NONE',  ( -0.000000000000000000, -0.000000000000000000, -1.000000000000000000 ) ) ;
#2780 = VECTOR ( 'NONE', #3764, 1000.000000000000000 ) ;
#2781 = DIRECTION ( 'NONE',  ( -0.7071067811865469066, -0.7071067811865482389, 0.000000000000000000 ) ) ;
#2782 = VERTEX_POINT ( 'NONE', #4995 ) ;
#2783 = CARTESIAN_POINT ( 'NONE',  ( 1.182358322909695704E-16, -12.69999999999999929, 2.286000000000000032 ) ) ;
#2784 = ORIENTED_EDGE ( 'NONE', *, *, #3621, .T. ) ;
#2785 = VERTEX_POINT ( 'NONE', #3068 ) ;
#2786 = EDGE_CURVE ( 'NONE', #535, #4363, #25, .T. ) ;
#2787 = DIRECTION ( 'NONE',  ( 1.000000000000000000, 0.000000000000000000, 0.000000000000000000 ) ) ;
#2788 = ORIENTED_EDGE ( 'NONE', *, *, #3547, .F. ) ;
#2789 = LINE ( 'NONE', #4776, #2037 ) ;
#2790 = CARTESIAN_POINT ( 'NONE',  ( 1.863497014787714345, 2.570603795974260031, -1.000000000000000000 ) ) ;
#2791 = EDGE_CURVE ( 'NONE', #1309, #692, #2644, .T. ) ;
#2792 = ORIENTED_EDGE ( 'NONE', *, *, #2069, .F. ) ;
#2793 = DIRECTION ( 'NONE',  ( 1.000000000000000000, 0.000000000000000000, 0.000000000000000000 ) ) ;
#2794 = FACE_OUTER_BOUND ( 'NONE', #4374, .T. ) ;
#2795 = ORIENTED_EDGE ( 'NONE', *, *, #5355, .F. ) ;
#2796 = LINE ( 'NONE', #5276, #5953 ) ;
#2797 = LINE ( 'NONE', #5766, #242 ) ;
#2798 = FACE_BOUND ( 'NONE', #136, .T. ) ;
#2799 = CARTESIAN_POINT ( 'NONE',  ( 6.349999999999999645, 5.068629150101524594, 3.050999999999999712 ) ) ;
#2800 = ADVANCED_FACE ( 'NONE', ( #2090 ), #4084, .T. ) ;
#2801 = VERTEX_POINT ( 'NONE', #184 ) ;
#2802 = CARTESIAN_POINT ( 'NONE',  ( 2.570603795974264472, -23.53650298521228734, -1.000000000000000000 ) ) ;
#2803 = VERTEX_POINT ( 'NONE', #1720 ) ;
#2804 = CYLINDRICAL_SURFACE ( 'NONE', #1729, 5.200000000000000178 ) ;
#2805 = CARTESIAN_POINT ( 'NONE',  ( 2.100000000000002753, -25.39999999999999858, -3.050999999999999712 ) ) ;
#2806 = ORIENTED_EDGE ( 'NONE', *, *, #2550, .F. ) ;
#2807 = DIRECTION ( 'NONE',  ( 1.000000000000000000, 0.000000000000000000, 0.000000000000000000 ) ) ;
#2808 = APPROVAL ( #148, 'UNSPECIFIED' ) ;
#2809 = EDGE_CURVE ( 'NONE', #6435, #221, #766, .T. ) ;
#2810 = CARTESIAN_POINT ( 'NONE',  ( -6.200000000000000178, -7.592810154713589835E-16, 3.049999999999999822 ) ) ;
#2811 = ORIENTED_EDGE ( 'NONE', *, *, #2104, .T. ) ;
#2812 = CARTESIAN_POINT ( 'NONE',  ( 3.135382751754560715, -0.4999999999999982792, 1.000000000000000000 ) ) ;
#2813 = ORIENTED_EDGE ( 'NONE', *, *, #2275, .F. ) ;
#2814 = ORIENTED_EDGE ( 'NONE', *, *, #1842, .F. ) ;
#2815 = EDGE_CURVE ( 'NONE', #3583, #2803, #3716, .T. ) ;
#2816 = DIRECTION ( 'NONE',  ( 0.000000000000000000, 0.000000000000000000, 1.000000000000000000 ) ) ;
#2817 = ORIENTED_EDGE ( 'NONE', *, *, #4786, .F. ) ;
#2818 = CARTESIAN_POINT ( 'NONE',  ( 6.699999999999993960, -6.699999999999999289, 1.000000000000000000 ) ) ;
#2819 = LINE ( 'NONE', #5272, #3698 ) ;
#2820 = ORIENTED_EDGE ( 'NONE', *, *, #1677, .F. ) ;
#2821 = FACE_OUTER_BOUND ( 'NONE', #2162, .T. ) ;
#2822 = DIRECTION ( 'NONE',  ( 0.7071067811865473507, -0.7071067811865477948, 0.000000000000000000 ) ) ;
#2823 = VECTOR ( 'NONE', #3933, 1000.000000000000000 ) ;
#2824 = VERTEX_POINT ( 'NONE', #2698 ) ;
#2825 = DIRECTION ( 'NONE',  ( -0.7071067811865474617, -0.7071067811865476838, 0.000000000000000000 ) ) ;
#2826 = CARTESIAN_POINT ( 'NONE',  ( 0.000000000000000000, 0.000000000000000000, 1.000000000000000000 ) ) ;
#2827 = FACE_BOUND ( 'NONE', #5331, .T. ) ;
#2828 = DIRECTION ( 'NONE',  ( -0.000000000000000000, -0.000000000000000000, -1.000000000000000000 ) ) ;
#2829 = EDGE_CURVE ( 'NONE', #3171, #3831, #2179, .T. ) ;
#2830 = ORIENTED_EDGE ( 'NONE', *, *, #3615, .F. ) ;
#2831 = DIRECTION ( 'NONE',  ( 0.000000000000000000, 1.000000000000000000, 0.000000000000000000 ) ) ;
#2832 = LINE ( 'NONE', #835, #4413 ) ;
#2833 = EDGE_CURVE ( 'NONE', #146, #237, #1289, .T. ) ;
#2834 = CARTESIAN_POINT ( 'NONE',  ( 0.000000000000000000, 0.000000000000000000, -2.286000000000000032 ) ) ;
#2835 = LINE ( 'NONE', #315, #2122 ) ;
#2836 = EDGE_LOOP ( 'NONE', ( #1486, #3680, #4100, #3773 ) ) ;
#2837 = VECTOR ( 'NONE', #5184, 1000.000000000000000 ) ;
#2838 = ORIENTED_EDGE ( 'NONE', *, *, #318, .T. ) ;
#2839 = ORIENTED_EDGE ( 'NONE', *, *, #5188, .F. ) ;
#2840 = DIRECTION ( 'NONE',  ( 0.000000000000000000, 0.000000000000000000, 1.000000000000000000 ) ) ;
#2841 = AXIS2_PLACEMENT_3D ( 'NONE', #3069, #580, #122 ) ;
#2842 = ADVANCED_FACE ( 'NONE', ( #1222 ), #5180, .T. ) ;
#2843 = DIRECTION ( 'NONE',  ( 1.000000000000000000, 0.000000000000000000, -0.000000000000000000 ) ) ;
#2844 = AXIS2_PLACEMENT_3D ( 'NONE', #961, #1879, #2958 ) ;
#2845 = DIRECTION ( 'NONE',  ( -0.7071067811865479058, -0.7071067811865472397, 0.000000000000000000 ) ) ;
#2846 = DIRECTION ( 'NONE',  ( 0.000000000000000000, 0.000000000000000000, -1.000000000000000000 ) ) ;
#2847 = ORIENTED_EDGE ( 'NONE', *, *, #1154, .F. ) ;
#2848 = VECTOR ( 'NONE', #4785, 1000.000000000000114 ) ;
#2849 = CARTESIAN_POINT ( 'NONE',  ( 5.199999999999997513, -25.39999999999999858, -2.286000000000000032 ) ) ;
#2850 = AXIS2_PLACEMENT_3D ( 'NONE', #128, #3103, #5549 ) ;
#2851 = EDGE_CURVE ( 'NONE', #76, #2591, #6161, .T. ) ;
#2852 = AXIS2_PLACEMENT_3D ( 'NONE', #2505, #5998, #4445 ) ;
#2853 = ORIENTED_EDGE ( 'NONE', *, *, #1141, .T. ) ;
#2854 = EDGE_LOOP ( 'NONE', ( #4351, #6123 ) ) ;
#2855 = VECTOR ( 'NONE', #5265, 1000.000000000000000 ) ;
#2856 = CIRCLE ( 'NONE', #3692, 3.174999999999999822 ) ;
#2857 = LINE ( 'NONE', #2294, #5283 ) ;
#2858 = EDGE_LOOP ( 'NONE', ( #899, #5075, #5115, #4213 ) ) ;
#2859 = CARTESIAN_POINT ( 'NONE',  ( 0.000000000000000000, 0.000000000000000000, -3.049999999999999822 ) ) ;
#2860 = DIRECTION ( 'NONE',  ( -0.000000000000000000, -0.000000000000000000, -1.000000000000000000 ) ) ;
#2861 = VECTOR ( 'NONE', #2568, 1000.000000000000000 ) ;
#2862 = EDGE_CURVE ( 'NONE', #1636, #1520, #271, .T. ) ;
#2863 = AXIS2_PLACEMENT_3D ( 'NONE', #5757, #1283, #2204 ) ;
#2864 = ORIENTED_EDGE ( 'NONE', *, *, #2900, .F. ) ;
#2865 = LINE ( 'NONE', #3442, #6397 ) ;
#2866 = LINE ( 'NONE', #6392, #441 ) ;
#2867 = ORIENTED_EDGE ( 'NONE', *, *, #5114, .F. ) ;
#2868 = LINE ( 'NONE', #4861, #4092 ) ;
#2869 = CARTESIAN_POINT ( 'NONE',  ( 0.000000000000000000, -25.39999999999999858, 1.000000000000000000 ) ) ;
#2870 = DIRECTION ( 'NONE',  ( -0.000000000000000000, -0.000000000000000000, -1.000000000000000000 ) ) ;
#2871 = CARTESIAN_POINT ( 'NONE',  ( 5.199999999999996625, -8.207106781186551459, 2.286000000000000032 ) ) ;
#2872 = CC_DESIGN_APPROVAL ( #1173, ( #5993 ) ) ;
#2873 = VERTEX_POINT ( 'NONE', #3221 ) ;
#2874 = DIRECTION ( 'NONE',  ( 0.7071067811865472397, -0.7071067811865479058, 0.000000000000000000 ) ) ;
#2875 = LINE ( 'NONE', #6403, #1170 ) ;
#2876 = ORIENTED_EDGE ( 'NONE', *, *, #4889, .F. ) ;
#2877 = CARTESIAN_POINT ( 'NONE',  ( 10.12939620402573659, 1.863497014787714789, -2.286000000000000032 ) ) ;
#2878 = LINE ( 'NONE', #1331, #1708 ) ;
#2879 = DIRECTION ( 'NONE',  ( 0.000000000000000000, 0.000000000000000000, 1.000000000000000000 ) ) ;
#2880 = ORIENTED_EDGE ( 'NONE', *, *, #3801, .T. ) ;
#2881 = LINE ( 'NONE', #3930, #4935 ) ;
#2882 = CARTESIAN_POINT ( 'NONE',  ( 5.199999999999997513, -25.39999999999999858, 3.049999999999999822 ) ) ;
#2883 = DIRECTION ( 'NONE',  ( -0.000000000000000000, -0.000000000000000000, -1.000000000000000000 ) ) ;
#2884 = LINE ( 'NONE', #361, #3161 ) ;
#2885 = EDGE_LOOP ( 'NONE', ( #1621, #4577, #3691, #820 ) ) ;
#2886 = DIRECTION ( 'NONE',  ( -0.000000000000000000, -0.000000000000000000, -1.000000000000000000 ) ) ;
#2887 = EDGE_CURVE ( 'NONE', #4363, #1151, #4622, .T. ) ;
#2888 = EDGE_CURVE ( 'NONE', #3583, #6464, #5353, .T. ) ;
#2889 = ORIENTED_EDGE ( 'NONE', *, *, #2565, .F. ) ;
#2890 = VECTOR ( 'NONE', #1615, 1000.000000000000000 ) ;
#2891 = DIRECTION ( 'NONE',  ( -1.000000000000000000, 0.000000000000000000, 0.000000000000000000 ) ) ;
#2892 = ORIENTED_EDGE ( 'NONE', *, *, #4361, .T. ) ;
#2893 = CARTESIAN_POINT ( 'NONE',  ( -1.863497014787714345, -10.12939620402574015, 1.000000000000000000 ) ) ;
#2894 = EDGE_LOOP ( 'NONE', ( #3131, #2417, #41, #5852 ) ) ;
#2895 = DIRECTION ( 'NONE',  ( 1.000000000000000000, 0.000000000000000000, 0.000000000000000000 ) ) ;
#2896 = DIRECTION ( 'NONE',  ( 0.7071067811865482389, -0.7071067811865469066, 0.000000000000000000 ) ) ;
#2897 = ORIENTED_EDGE ( 'NONE', *, *, #4000, .F. ) ;
#2898 = LINE ( 'NONE', #405, #630 ) ;
#2899 = FACE_OUTER_BOUND ( 'NONE', #687, .T. ) ;
#2900 = EDGE_CURVE ( 'NONE', #3648, #5161, #727, .T. ) ;
#2901 = CARTESIAN_POINT ( 'NONE',  ( -5.996446609406720363, -5.996446609406716810, -1.000000000000000000 ) ) ;
#2902 = CARTESIAN_POINT ( 'NONE',  ( -6.200000000000007283, -16.50441558772843109, 3.049999999999999822 ) ) ;
#2903 = ORIENTED_EDGE ( 'NONE', *, *, #691, .F. ) ;
#2904 = LINE ( 'NONE', #970, #3574 ) ;
#2905 = LINE ( 'NONE', #4896, #2533 ) ;
#2906 = VERTEX_POINT ( 'NONE', #1655 ) ;
#2907 = DIRECTION ( 'NONE',  ( 0.000000000000000000, 0.000000000000000000, -1.000000000000000000 ) ) ;
#2908 = EDGE_CURVE ( 'NONE', #2045, #4877, #244, .T. ) ;
#2909 = CARTESIAN_POINT ( 'NONE',  ( 7.344238815542513343, 4.648654403270939817, 1.000000000000000000 ) ) ;
#2910 = CARTESIAN_POINT ( 'NONE',  ( 5.199999999999998401, -20.90710678118655252, 1.000000000000000000 ) ) ;
#2911 = DIRECTION ( 'NONE',  ( 0.7071067811865473507, -0.7071067811865477948, 0.000000000000000000 ) ) ;
#2912 = EDGE_CURVE ( 'NONE', #2295, #6274, #2024, .T. ) ;
#2913 = DIRECTION ( 'NONE',  ( 1.000000000000000000, 0.000000000000000000, 0.000000000000000000 ) ) ;
#2914 = CARTESIAN_POINT ( 'NONE',  ( -3.654415587728429671, -6.349999999999996980, -3.049999999999999822 ) ) ;
#2915 = EDGE_LOOP ( 'NONE', ( #472, #2349, #161, #2371 ) ) ;
#2916 = DIRECTION ( 'NONE',  ( -1.000000000000000000, 0.000000000000000000, 0.000000000000000000 ) ) ;
#2917 = ORIENTED_EDGE ( 'NONE', *, *, #940, .T. ) ;
#2918 = EDGE_CURVE ( 'NONE', #243, #1739, #1748, .T. ) ;
#2919 = ADVANCED_FACE ( 'NONE', ( #2206 ), #5671, .T. ) ;
#2920 = DIRECTION ( 'NONE',  ( 0.000000000000000000, 1.000000000000000000, 0.000000000000000000 ) ) ;
#2921 = DIRECTION ( 'NONE',  ( -0.7071067811865480168, 0.7071067811865470176, 0.000000000000000000 ) ) ;
#2922 = LINE ( 'NONE', #1814, #4541 ) ;
#2923 = EDGE_LOOP ( 'NONE', ( #1574, #5270, #5527, #4138 ) ) ;
#2924 = DIRECTION ( 'NONE',  ( 0.000000000000000000, 0.000000000000000000, 1.000000000000000000 ) ) ;
#2925 = CARTESIAN_POINT ( 'NONE',  ( -5.996446609406727468, -5.996446609406724804, 2.286000000000000032 ) ) ;
#2926 = EDGE_CURVE ( 'NONE', #3736, #9, #2276, .T. ) ;
#2927 = ORIENTED_EDGE ( 'NONE', *, *, #5649, .T. ) ;
#2928 = DIRECTION ( 'NONE',  ( -1.000000000000000000, 0.000000000000000000, 0.000000000000000000 ) ) ;
#2929 = CARTESIAN_POINT ( 'NONE',  ( -3.654415587728429671, -6.349999999999996980, 3.049999999999999822 ) ) ;
#2930 = DIRECTION ( 'NONE',  ( -0.000000000000000000, -0.000000000000000000, -1.000000000000000000 ) ) ;
#2931 = VERTEX_POINT ( 'NONE', #4203 ) ;
#2932 = EDGE_CURVE ( 'NONE', #6056, #3039, #6197, .T. ) ;
#2933 = DIRECTION ( 'NONE',  ( -0.000000000000000000, -0.000000000000000000, 1.000000000000000000 ) ) ;
#2934 = CARTESIAN_POINT ( 'NONE',  ( -3.174999999999997602, -25.39999999999999858, 2.286000000000000032 ) ) ;
#2935 = EDGE_LOOP ( 'NONE', ( #5572, #3538, #672, #4705 ) ) ;
#2936 = CARTESIAN_POINT ( 'NONE',  ( 2.570603795974260919, -1.863497014787713679, 2.286000000000000032 ) ) ;
#2937 = VECTOR ( 'NONE', #6040, 1000.000000000000000 ) ;
#2938 = CARTESIAN_POINT ( 'NONE',  ( 5.355761184457486834, 4.648654403270938928, 2.286000000000000032 ) ) ;
#2939 = EDGE_CURVE ( 'NONE', #2801, #2144, #3579, .T. ) ;
#2940 = CARTESIAN_POINT ( 'NONE',  ( 0.000000000000000000, 0.000000000000000000, 2.286000000000000032 ) ) ;
#2941 = LINE ( 'NONE', #888, #3591 ) ;
#2942 = VECTOR ( 'NONE', #4151, 1000.000000000000000 ) ;
#2943 = CARTESIAN_POINT ( 'NONE',  ( 5.199999999999996625, -6.792893218813458311, 2.286000000000000032 ) ) ;
#2944 = ORIENTED_EDGE ( 'NONE', *, *, #898, .T. ) ;
#2945 = CARTESIAN_POINT ( 'NONE',  ( 1.182358322909695704E-16, -12.69999999999999929, 2.286000000000000032 ) ) ;
#2946 = AXIS2_PLACEMENT_3D ( 'NONE', #4888, #2765, #4368 ) ;
#2947 = EDGE_LOOP ( 'NONE', ( #4245, #5695, #5826, #4492 ) ) ;
#2948 = VECTOR ( 'NONE', #4367, 1000.000000000000000 ) ;
#2949 = CARTESIAN_POINT ( 'NONE',  ( 5.218629150101527614, 6.199999999999999289, 3.050999999999999712 ) ) ;
#2950 = FACE_OUTER_BOUND ( 'NONE', #575, .T. ) ;
#2951 = VECTOR ( 'NONE', #5595, 1000.000000000000000 ) ;
#2952 = DIRECTION ( 'NONE',  ( -0.000000000000000000, -0.000000000000000000, -1.000000000000000000 ) ) ;
#2953 = AXIS2_PLACEMENT_3D ( 'NONE', #5785, #3268, #5322 ) ;
#2954 = AXIS2_PLACEMENT_3D ( 'NONE', #4025, #3096, #1134 ) ;
#2955 = EDGE_CURVE ( 'NONE', #1417, #5215, #3681, .T. ) ;
#2956 = VERTEX_POINT ( 'NONE', #1424 ) ;
#2957 = VECTOR ( 'NONE', #5750, 1000.000000000000000 ) ;
#2958 = DIRECTION ( 'NONE',  ( 0.7071067811865474617, 0.7071067811865476838, 0.000000000000000000 ) ) ;
#2959 = DIRECTION ( 'NONE',  ( 1.000000000000000000, 0.000000000000000000, -0.000000000000000000 ) ) ;
#2960 = AXIS2_PLACEMENT_3D ( 'NONE', #1936, #2390, #4381 ) ;
#2961 = DIRECTION ( 'NONE',  ( 0.000000000000000000, -1.000000000000000000, 0.000000000000000000 ) ) ;
#2962 = EDGE_LOOP ( 'NONE', ( #5299, #1848, #669, #965 ) ) ;
#2963 = CARTESIAN_POINT ( 'NONE',  ( -3.174999999999999822, -12.69999999999999929, -1.000000000000000000 ) ) ;
#2964 = LINE ( 'NONE', #2451, #1384 ) ;
#2965 = EDGE_CURVE ( 'NONE', #261, #2000, #3259, .T. ) ;
#2966 = AXIS2_PLACEMENT_3D ( 'NONE', #1006, #1681, #239 ) ;
#2967 = AXIS2_PLACEMENT_3D ( 'NONE', #2826, #4813, #341 ) ;
#2968 = VECTOR ( 'NONE', #4609, 1000.000000000000000 ) ;
#2969 = VERTEX_POINT ( 'NONE', #5440 ) ;
#2970 = DIRECTION ( 'NONE',  ( 0.000000000000000000, 0.000000000000000000, -1.000000000000000000 ) ) ;
#2971 = CARTESIAN_POINT ( 'NONE',  ( 2.214716320084738350E-15, -25.39999999999999858, -1.000000000000000000 ) ) ;
#2972 = CIRCLE ( 'NONE', #48, 3.174999999999999822 ) ;
#2973 = CARTESIAN_POINT ( 'NONE',  ( -5.200000000000000178, 6.368163355566236381E-16, 3.049999999999999822 ) ) ;
#2974 = DIRECTION ( 'NONE',  ( 1.000000000000000000, 0.000000000000000000, 0.000000000000000000 ) ) ;
#2975 = EDGE_LOOP ( 'NONE', ( #4769, #4288, #6323, #4495, #3126, #969, #3971, #4804, #3530, #3331, #6359, #5458, #2814, #5074, #2496, #1049, #2760, #6218, #4782, #5645 ) ) ;
#2976 = EDGE_CURVE ( 'NONE', #5237, #2707, #2408, .T. ) ;
#2977 = ORIENTED_EDGE ( 'NONE', *, *, #5173, .T. ) ;
#2978 = CARTESIAN_POINT ( 'NONE',  ( 5.199999999999995737, -6.699999999999997513, 1.000000000000000000 ) ) ;
#2979 = DIRECTION ( 'NONE',  ( 1.000000000000000000, 0.000000000000000000, 0.000000000000000000 ) ) ;
#2980 = CARTESIAN_POINT ( 'NONE',  ( -5.200000000000000178, -25.39999999999999858, 1.000000000000000000 ) ) ;
#2981 = EDGE_LOOP ( 'NONE', ( #1329, #717, #1620, #2795 ) ) ;
#2982 = EDGE_CURVE ( 'NONE', #4360, #3536, #2865, .T. ) ;
#2983 = CARTESIAN_POINT ( 'NONE',  ( -6.703553390593268269, -6.703553390593279815, -2.286000000000000032 ) ) ;
#2984 = ORIENTED_EDGE ( 'NONE', *, *, #2348, .T. ) ;
#2985 = CARTESIAN_POINT ( 'NONE',  ( -5.002207793864216434, -5.002207793864207552, -1.000000000000000000 ) ) ;
#2986 = ORIENTED_EDGE ( 'NONE', *, *, #908, .T. ) ;
#2987 = CARTESIAN_POINT ( 'NONE',  ( -13.05355339059327591, -13.05355339059327413, 2.286000000000000032 ) ) ;
#2988 = EDGE_CURVE ( 'NONE', #6235, #5635, #6286, .T. ) ;
#2989 = DIRECTION ( 'NONE',  ( 0.000000000000000000, 0.000000000000000000, 1.000000000000000000 ) ) ;
#2990 = ORIENTED_EDGE ( 'NONE', *, *, #3722, .T. ) ;
#2991 = VERTEX_POINT ( 'NONE', #5413 ) ;
#2992 = EDGE_CURVE ( 'NONE', #1276, #3168, #3842, .T. ) ;
#2993 = CARTESIAN_POINT ( 'NONE',  ( 0.3535533905932734533, 0.3535533905932735088, 2.286000000000000032 ) ) ;
#2994 = LINE ( 'NONE', #2476, #3699 ) ;
#2995 = ORIENTED_EDGE ( 'NONE', *, *, #1934, .F. ) ;
#2996 = CARTESIAN_POINT ( 'NONE',  ( -0.5000000000000004441, -9.564617248245438574, 2.286000000000000032 ) ) ;
#2997 = CARTESIAN_POINT ( 'NONE',  ( 6.703553390593271821, -6.703553390593268269, 2.286000000000000032 ) ) ;
#2998 = ADVANCED_FACE ( 'NONE', ( #371 ), #3313, .T. ) ;
#2999 = VECTOR ( 'NONE', #1418, 1000.000000000000000 ) ;
#3000 = CARTESIAN_POINT ( 'NONE',  ( 5.002207793864214658, 5.002207793864211993, -2.286000000000000032 ) ) ;
#3001 = ORIENTED_EDGE ( 'NONE', *, *, #5078, .T. ) ;
#3002 = EDGE_CURVE ( 'NONE', #1544, #1872, #5827, .T. ) ;
#3003 = FACE_OUTER_BOUND ( 'NONE', #2240, .T. ) ;
#3004 = DIRECTION ( 'NONE',  ( -0.000000000000000000, -0.000000000000000000, -1.000000000000000000 ) ) ;
#3005 = CARTESIAN_POINT ( 'NONE',  ( 2.100000000000000533, -12.69999999999999929, -3.050999999999999712 ) ) ;
#3006 = DIRECTION ( 'NONE',  ( 0.000000000000000000, 0.000000000000000000, 1.000000000000000000 ) ) ;
#3007 = ADVANCED_FACE ( 'NONE', ( #1348 ), #3341, .F. ) ;
#3008 = EDGE_CURVE ( 'NONE', #3092, #1534, #4440, .T. ) ;
#3009 = FACE_OUTER_BOUND ( 'NONE', #4716, .T. ) ;
#3010 = CARTESIAN_POINT ( 'NONE',  ( 8.895584412271572816, 6.200000000000001954, -3.049999999999999822 ) ) ;
#3011 = ORIENTED_EDGE ( 'NONE', *, *, #142, .F. ) ;
#3012 = DIRECTION ( 'NONE',  ( -0.000000000000000000, -0.000000000000000000, -1.000000000000000000 ) ) ;
#3013 = PLANE ( 'NONE',  #872 ) ;
#3014 = EDGE_CURVE ( 'NONE', #222, #5700, #4914, .T. ) ;
#3015 = DIRECTION ( 'NONE',  ( -1.000000000000000000, 0.000000000000000000, 0.000000000000000000 ) ) ;
#3016 = ORIENTED_EDGE ( 'NONE', *, *, #1174, .T. ) ;
#3017 = CARTESIAN_POINT ( 'NONE',  ( 0.000000000000000000, -25.39999999999999858, 1.000000000000000000 ) ) ;
#3018 = ORIENTED_EDGE ( 'NONE', *, *, #5964, .F. ) ;
#3019 = EDGE_CURVE ( 'NONE', #5685, #3983, #2340, .T. ) ;
#3020 = DIRECTION ( 'NONE',  ( 0.7071067811865474617, -0.7071067811865474617, 0.000000000000000000 ) ) ;
#3021 = LINE ( 'NONE', #3969, #3077 ) ;
#3022 = LINE ( 'NONE', #1524, #256 ) ;
#3023 = ORIENTED_EDGE ( 'NONE', *, *, #2786, .T. ) ;
#3024 = ORIENTED_EDGE ( 'NONE', *, *, #6282, .F. ) ;
#3025 = ADVANCED_FACE ( 'NONE', ( #5797 ), #3873, .T. ) ;
#3026 = CARTESIAN_POINT ( 'NONE',  ( 0.000000000000000000, 0.000000000000000000, 2.286000000000000032 ) ) ;
#3027 = FACE_OUTER_BOUND ( 'NONE', #1242, .T. ) ;
#3028 = ORIENTED_EDGE ( 'NONE', *, *, #2244, .F. ) ;
#3029 = DIRECTION ( 'NONE',  ( 0.000000000000000000, 0.000000000000000000, 1.000000000000000000 ) ) ;
#3030 = CARTESIAN_POINT ( 'NONE',  ( 5.996446609406726580, 5.996446609406726580, 2.286000000000000032 ) ) ;
#3031 = ORIENTED_EDGE ( 'NONE', *, *, #657, .F. ) ;
#3032 = EDGE_CURVE ( 'NONE', #5161, #237, #1387, .T. ) ;
#3033 = DIRECTION ( 'NONE',  ( -1.000000000000000000, 0.000000000000000000, 0.000000000000000000 ) ) ;
#3034 = PLANE ( 'NONE',  #228 ) ;
#3035 = ORIENTED_EDGE ( 'NONE', *, *, #4552, .T. ) ;
#3036 = PLANE ( 'NONE',  #6273 ) ;
#3037 = CARTESIAN_POINT ( 'NONE',  ( -6.199999999999997513, -25.39999999999999858, 1.000000000000000000 ) ) ;
#3038 = FACE_OUTER_BOUND ( 'NONE', #2554, .T. ) ;
#3039 = VERTEX_POINT ( 'NONE', #826 ) ;
#3040 = EDGE_CURVE ( 'NONE', #1373, #3557, #1698, .T. ) ;
#3041 = DIRECTION ( 'NONE',  ( -0.000000000000000000, -0.000000000000000000, 1.000000000000000000 ) ) ;
#3042 = VERTEX_POINT ( 'NONE', #900 ) ;
#3043 = AXIS2_PLACEMENT_3D ( 'NONE', #1072, #3102, #6066 ) ;
#3044 = CARTESIAN_POINT ( 'NONE',  ( -0.4999999999999994449, 5.204165845787396065E-17, -1.000000000000000000 ) ) ;
#3045 = CARTESIAN_POINT ( 'NONE',  ( 5.199999999999997513, 0.000000000000000000, -1.000000000000000000 ) ) ;
#3046 = DIRECTION ( 'NONE',  ( -0.7071067811865479058, -0.7071067811865472397, 0.000000000000000000 ) ) ;
#3047 = ORIENTED_EDGE ( 'NONE', *, *, #2253, .F. ) ;
#3048 = ADVANCED_FACE ( 'NONE', ( #2821 ), #3945, .F. ) ;
#3049 = ORIENTED_EDGE ( 'NONE', *, *, #3146, .T. ) ;
#3050 = CARTESIAN_POINT ( 'NONE',  ( 0.000000000000000000, 0.000000000000000000, 2.286000000000000032 ) ) ;
#3051 = ORIENTED_EDGE ( 'NONE', *, *, #6313, .F. ) ;
#3052 = CARTESIAN_POINT ( 'NONE',  ( 6.200000000000003730, -20.18137084989847452, 3.050999999999999712 ) ) ;
#3053 =( NAMED_UNIT ( * ) PLANE_ANGLE_UNIT ( ) SI_UNIT ( $, .RADIAN. ) );
#3054 = CIRCLE ( 'NONE', #1691, 3.174999999999999822 ) ;
#3055 = ORIENTED_EDGE ( 'NONE', *, *, #5570, .F. ) ;
#3056 = VECTOR ( 'NONE', #5937, 1000.000000000000000 ) ;
#3057 = ORIENTED_EDGE ( 'NONE', *, *, #1083, .F. ) ;
#3058 = DIRECTION ( 'NONE',  ( -0.7071067811865473507, -0.7071067811865477948, 0.000000000000000000 ) ) ;
#3059 = VECTOR ( 'NONE', #5452, 1000.000000000000000 ) ;
#3060 = ORIENTED_EDGE ( 'NONE', *, *, #322, .F. ) ;
#3061 = DIRECTION ( 'NONE',  ( 0.7071067811865483499, -0.7071067811865465735, 0.000000000000000000 ) ) ;
#3062 = DIRECTION ( 'NONE',  ( -0.000000000000000000, -0.000000000000000000, -1.000000000000000000 ) ) ;
#3063 = AXIS2_PLACEMENT_3D ( 'NONE', #4648, #2167, #6147 ) ;
#3064 = ADVANCED_FACE ( 'NONE', ( #6391 ), #1915, .T. ) ;
#3065 = VECTOR ( 'NONE', #2277, 1000.000000000000000 ) ;
#3066 = VECTOR ( 'NONE', #704, 1000.000000000000000 ) ;
#3067 = ORIENTED_EDGE ( 'NONE', *, *, #2712, .T. ) ;
#3068 = CARTESIAN_POINT ( 'NONE',  ( 1.863497014787721895, -15.27060379597425488, 1.000000000000000000 ) ) ;
#3069 = CARTESIAN_POINT ( 'NONE',  ( -6.200000000000007283, -8.895584412271569263, 3.049999999999999822 ) ) ;
#3070 = CIRCLE ( 'NONE', #4829, 3.174999999999999822 ) ;
#3071 = DIRECTION ( 'NONE',  ( -0.7071067811865472397, 0.7071067811865479058, 0.000000000000000000 ) ) ;
#3072 = CARTESIAN_POINT ( 'NONE',  ( -5.200000000000000178, -25.39999999999999858, -1.000000000000000000 ) ) ;
#3073 = MANIFOLD_SOLID_BREP ( '228-2500-145', #1696 ) ;
#3074 = VECTOR ( 'NONE', #5058, 1000.000000000000000 ) ;
#3075 = AXIS2_PLACEMENT_3D ( 'NONE', #5555, #1545, #1117 ) ;
#3076 = DIRECTION ( 'NONE',  ( 1.000000000000000000, 0.000000000000000000, -0.000000000000000000 ) ) ;
#3077 = VECTOR ( 'NONE', #5437, 1000.000000000000000 ) ;
#3078 = VERTEX_POINT ( 'NONE', #2620 ) ;
#3079 = VECTOR ( 'NONE', #509, 1000.000000000000000 ) ;
#3080 = ORIENTED_EDGE ( 'NONE', *, *, #3563, .F. ) ;
#3081 = LINE ( 'NONE', #2560, #662 ) ;
#3082 = DIRECTION ( 'NONE',  ( -0.000000000000000000, -0.000000000000000000, -1.000000000000000000 ) ) ;
#3083 = ORIENTED_EDGE ( 'NONE', *, *, #5550, .T. ) ;
#3084 = ORIENTED_EDGE ( 'NONE', *, *, #63, .T. ) ;
#3085 = CARTESIAN_POINT ( 'NONE',  ( 5.346446609406723560, -6.053553390593268801, 2.286000000000000032 ) ) ;
#3086 = DIRECTION ( 'NONE',  ( -0.000000000000000000, -0.000000000000000000, -1.000000000000000000 ) ) ;
#3087 = ORIENTED_EDGE ( 'NONE', *, *, #1934, .T. ) ;
#3088 = PLANE ( 'NONE',  #1401 ) ;
#3089 = VERTEX_POINT ( 'NONE', #5562 ) ;
#3090 = VERTEX_POINT ( 'NONE', #4615 ) ;
#3091 = CARTESIAN_POINT ( 'NONE',  ( 6.699999999999993960, -5.200000000000001066, -3.049999999999999822 ) ) ;
#3092 = VERTEX_POINT ( 'NONE', #595 ) ;
#3093 = DIRECTION ( 'NONE',  ( 1.000000000000000000, 4.440892098500626162E-15, 0.000000000000000000 ) ) ;
#3094 = CARTESIAN_POINT ( 'NONE',  ( -5.068629150101529923, -6.349999999999996092, 3.050999999999999712 ) ) ;
#3095 = VERTEX_POINT ( 'NONE', #77 ) ;
#3096 = DIRECTION ( 'NONE',  ( -0.000000000000000000, -0.000000000000000000, -1.000000000000000000 ) ) ;
#3097 = CARTESIAN_POINT ( 'NONE',  ( 6.199999999999997513, -25.39999999999999858, 3.049999999999999822 ) ) ;
#3098 = EDGE_CURVE ( 'NONE', #1151, #5479, #1093, .T. ) ;
#3099 = ORIENTED_EDGE ( 'NONE', *, *, #1700, .F. ) ;
#3100 = AXIS2_PLACEMENT_3D ( 'NONE', #6243, #6311, #1768 ) ;
#3101 = FACE_OUTER_BOUND ( 'NONE', #2456, .T. ) ;
#3102 = DIRECTION ( 'NONE',  ( 0.7071067811865481278, 0.7071067811865470176, 0.000000000000000000 ) ) ;
#3103 = DIRECTION ( 'NONE',  ( -1.000000000000000000, 0.000000000000000000, 0.000000000000000000 ) ) ;
#3104 = ORIENTED_EDGE ( 'NONE', *, *, #1935, .F. ) ;
#3105 = EDGE_CURVE ( 'NONE', #23, #5129, #651, .T. ) ;
#3106 = ORIENTED_EDGE ( 'NONE', *, *, #1875, .F. ) ;
#3107 = DIRECTION ( 'NONE',  ( -0.7071067811865483499, -0.7071067811865466846, 0.000000000000000000 ) ) ;
#3108 = CARTESIAN_POINT ( 'NONE',  ( 13.05355339059327946, -13.05355339059327058, 2.286000000000000032 ) ) ;
#3109 = DIRECTION ( 'NONE',  ( -1.000000000000000000, 0.000000000000000000, 0.000000000000000000 ) ) ;
#3110 = VERTEX_POINT ( 'NONE', #3085 ) ;
#3111 = CARTESIAN_POINT ( 'NONE',  ( 0.000000000000000000, -25.39999999999999858, 3.049999999999999822 ) ) ;
#3112 = CARTESIAN_POINT ( 'NONE',  ( 7.344238815542513343, 4.648654403270939817, 2.286000000000000032 ) ) ;
#3113 = ORIENTED_EDGE ( 'NONE', *, *, #2325, .F. ) ;
#3114 = COORDINATED_UNIVERSAL_TIME_OFFSET ( 6, 0, .BEHIND. ) ;
#3115 = ORIENTED_EDGE ( 'NONE', *, *, #3966, .F. ) ;
#3116 = VERTEX_POINT ( 'NONE', #4139 ) ;
#3117 = EDGE_CURVE ( 'NONE', #3090, #174, #2735, .T. ) ;
#3118 = EDGE_CURVE ( 'NONE', #3481, #2000, #2138, .T. ) ;
#3119 = PLANE ( 'NONE',  #2238 ) ;
#3120 = LINE ( 'NONE', #2627, #663 ) ;
#3121 = LINE ( 'NONE', #1561, #1191 ) ;
#3122 = EDGE_LOOP ( 'NONE', ( #1672, #1537, #3057, #1517, #3243, #3752, #397 ) ) ;
#3123 = FACE_OUTER_BOUND ( 'NONE', #5592, .T. ) ;
#3124 = CYLINDRICAL_SURFACE ( 'NONE', #1381, 3.175000000000000711 ) ;
#3125 = EDGE_CURVE ( 'NONE', #3604, #502, #715, .T. ) ;
#3126 = ORIENTED_EDGE ( 'NONE', *, *, #3219, .T. ) ;
#3127 = DIRECTION ( 'NONE',  ( -0.000000000000000000, -0.000000000000000000, -1.000000000000000000 ) ) ;
#3128 = DIRECTION ( 'NONE',  ( 0.000000000000000000, 0.000000000000000000, 1.000000000000000000 ) ) ;
#3129 = DIRECTION ( 'NONE',  ( 0.000000000000000000, 0.000000000000000000, 1.000000000000000000 ) ) ;
#3130 = ADVANCED_FACE ( 'NONE', ( #5076 ), #2192, .F. ) ;
#3131 = ORIENTED_EDGE ( 'NONE', *, *, #2618, .F. ) ;
#3132 = ORIENTED_EDGE ( 'NONE', *, *, #88, .T. ) ;
#3133 = PLANE ( 'NONE',  #880 ) ;
#3134 = DIRECTION ( 'NONE',  ( 1.000000000000000000, 0.000000000000000000, -0.000000000000000000 ) ) ;
#3135 = DIRECTION ( 'NONE',  ( 1.000000000000000000, 2.185478394931410575E-15, 0.000000000000000000 ) ) ;
#3136 = ORIENTED_EDGE ( 'NONE', *, *, #797, .F. ) ;
#3137 = ADVANCED_FACE ( 'NONE', ( #1613, #1576 ), #1122, .T. ) ;
#3138 = AXIS2_PLACEMENT_3D ( 'NONE', #3286, #1252, #2767 ) ;
#3139 = ORIENTED_EDGE ( 'NONE', *, *, #5649, .F. ) ;
#3140 = FACE_OUTER_BOUND ( 'NONE', #1889, .T. ) ;
#3141 = DIRECTION ( 'NONE',  ( 1.000000000000000000, 0.000000000000000000, 0.000000000000000000 ) ) ;
#3142 = VERTEX_POINT ( 'NONE', #623 ) ;
#3143 = CALENDAR_DATE ( 2022, 6, 6 ) ;
#3144 = ORIENTED_EDGE ( 'NONE', *, *, #2149, .F. ) ;
#3145 = ORIENTED_EDGE ( 'NONE', *, *, #427, .T. ) ;
#3146 = EDGE_CURVE ( 'NONE', #4963, #993, #5236, .T. ) ;
#3147 = CARTESIAN_POINT ( 'NONE',  ( 4.648654403270954028, -18.05576118445748079, -2.286000000000000032 ) ) ;
#3148 = ORIENTED_EDGE ( 'NONE', *, *, #2275, .T. ) ;
#3149 = CARTESIAN_POINT ( 'NONE',  ( 0.000000000000000000, 0.000000000000000000, -1.000000000000000000 ) ) ;
#3150 = AXIS2_PLACEMENT_3D ( 'NONE', #6102, #5613, #2638 ) ;
#3151 = DIRECTION ( 'NONE',  ( 1.000000000000000000, 0.000000000000000000, 0.000000000000000000 ) ) ;
#3152 = ADVANCED_FACE ( 'NONE', ( #172 ), #3639, .T. ) ;
#3153 = ORIENTED_EDGE ( 'NONE', *, *, #5357, .T. ) ;
#3154 = AXIS2_PLACEMENT_3D ( 'NONE', #6440, #4965, #3555 ) ;
#3155 = DIRECTION ( 'NONE',  ( -0.000000000000000000, -0.000000000000000000, -1.000000000000000000 ) ) ;
#3156 = DIRECTION ( 'NONE',  ( -1.000000000000000000, 0.000000000000000000, 0.000000000000000000 ) ) ;
#3157 = ORIENTED_EDGE ( 'NONE', *, *, #210, .T. ) ;
#3158 = LINE ( 'NONE', #162, #4810 ) ;
#3159 = FACE_OUTER_BOUND ( 'NONE', #3185, .T. ) ;
#3160 = CARTESIAN_POINT ( 'NONE',  ( 0.4999999999999988343, -22.26461724824543964, 1.000000000000000000 ) ) ;
#3161 = VECTOR ( 'NONE', #393, 1000.000000000000000 ) ;
#3162 = ADVANCED_FACE ( 'NONE', ( #3140 ), #5130, .T. ) ;
#3163 = VECTOR ( 'NONE', #2870, 1000.000000000000000 ) ;
#3164 = EDGE_LOOP ( 'NONE', ( #5693, #5198, #2282, #3668 ) ) ;
#3165 = VECTOR ( 'NONE', #4237, 1000.000000000000000 ) ;
#3166 = CARTESIAN_POINT ( 'NONE',  ( 1.182358322909695704E-16, -12.69999999999999929, -2.286000000000000032 ) ) ;
#3167 = AXIS2_PLACEMENT_3D ( 'NONE', #3017, #3936, #3465 ) ;
#3168 = VERTEX_POINT ( 'NONE', #1670 ) ;
#3169 = LINE ( 'NONE', #737, #356 ) ;
#3170 = FACE_OUTER_BOUND ( 'NONE', #5992, .T. ) ;
#3171 = VERTEX_POINT ( 'NONE', #4190 ) ;
#3172 = CIRCLE ( 'NONE', #4711, 5.199999999999998401 ) ;
#3173 = AXIS2_PLACEMENT_3D ( 'NONE', #5383, #299, #4911 ) ;
#3174 = VECTOR ( 'NONE', #1454, 1000.000000000000000 ) ;
#3175 = ORIENTED_EDGE ( 'NONE', *, *, #2386, .T. ) ;
#3176 = EDGE_CURVE ( 'NONE', #3349, #2295, #4109, .T. ) ;
#3177 = CC_DESIGN_SECURITY_CLASSIFICATION ( #5993, ( #2347 ) ) ;
#3178 = DIRECTION ( 'NONE',  ( -0.000000000000000000, -0.000000000000000000, -1.000000000000000000 ) ) ;
#3179 = ORIENTED_EDGE ( 'NONE', *, *, #45, .F. ) ;
#3180 = APPLICATION_PROTOCOL_DEFINITION ( 'international standard', 'config_control_design', 1994, #4761 ) ;
#3181 = ORIENTED_EDGE ( 'NONE', *, *, #289, .F. ) ;
#3182 = ORIENTED_EDGE ( 'NONE', *, *, #1852, .F. ) ;
#3183 = EDGE_CURVE ( 'NONE', #5257, #782, #230, .T. ) ;
#3184 = CARTESIAN_POINT ( 'NONE',  ( 8.207106781186546129, -5.199999999999999289, -1.000000000000000000 ) ) ;
#3185 = EDGE_LOOP ( 'NONE', ( #3182, #5648, #5087, #6317 ) ) ;
#3186 = CARTESIAN_POINT ( 'NONE',  ( 5.355761184457486834, 4.648654403270938928, -2.286000000000000032 ) ) ;
#3187 = CARTESIAN_POINT ( 'NONE',  ( 9.564617248245436798, 0.4999999999999992784, -1.000000000000000000 ) ) ;
#3188 = EDGE_CURVE ( 'NONE', #2007, #954, #2687, .T. ) ;
#3189 = ORIENTED_EDGE ( 'NONE', *, *, #1274, .F. ) ;
#3190 = DIRECTION ( 'NONE',  ( 0.7071067811865479058, 0.7071067811865472397, -0.000000000000000000 ) ) ;
#3191 = CARTESIAN_POINT ( 'NONE',  ( 4.492893218813454936, 5.200000000000000178, -2.286000000000000032 ) ) ;
#3192 = ORIENTED_EDGE ( 'NONE', *, *, #4193, .T. ) ;
#3193 = CARTESIAN_POINT ( 'NONE',  ( -6.200000000000000178, -7.592810154713589835E-16, 3.049999999999999822 ) ) ;
#3194 = LINE ( 'NONE', #4721, #1258 ) ;
#3195 = FACE_OUTER_BOUND ( 'NONE', #2482, .T. ) ;
#3196 = ORIENTED_EDGE ( 'NONE', *, *, #6382, .F. ) ;
#3197 = AXIS2_PLACEMENT_3D ( 'NONE', #4140, #6119, #658 ) ;
#3198 = CARTESIAN_POINT ( 'NONE',  ( -5.200000000000000178, -4.492893218813450495, -2.286000000000000032 ) ) ;
#3199 = EDGE_CURVE ( 'NONE', #501, #4670, #6173, .T. ) ;
#3200 = ORIENTED_EDGE ( 'NONE', *, *, #3812, .F. ) ;
#3201 = EDGE_CURVE ( 'NONE', #5903, #4831, #1175, .T. ) ;
#3202 = CARTESIAN_POINT ( 'NONE',  ( 5.199999999999997513, -8.207106781186551459, 3.049999999999999822 ) ) ;
#3203 = LINE ( 'NONE', #220, #6085 ) ;
#3204 = VECTOR ( 'NONE', #821, 1000.000000000000000 ) ;
#3205 = ORIENTED_EDGE ( 'NONE', *, *, #482, .F. ) ;
#3206 = DIRECTION ( 'NONE',  ( -0.000000000000000000, -0.000000000000000000, -1.000000000000000000 ) ) ;
#3207 = EDGE_CURVE ( 'NONE', #3718, #1964, #358, .T. ) ;
#3208 = PLANE ( 'NONE',  #1635 ) ;
#3209 = EDGE_LOOP ( 'NONE', ( #3901, #3667, #532, #5199 ) ) ;
#3210 = CARTESIAN_POINT ( 'NONE',  ( 0.000000000000000000, 0.000000000000000000, 0.000000000000000000 ) ) ;
#3211 = PRODUCT_RELATED_PRODUCT_CATEGORY ( 'detail', '', ( #6360 ) ) ;
#3212 = ORIENTED_EDGE ( 'NONE', *, *, #4727, .F. ) ;
#3213 = EDGE_CURVE ( 'NONE', #123, #2342, #4821, .T. ) ;
#3214 = ORIENTED_EDGE ( 'NONE', *, *, #4833, .T. ) ;
#3215 = DIRECTION ( 'NONE',  ( 1.040833169157480322E-16, 1.000000000000000000, 0.000000000000000000 ) ) ;
#3216 = EDGE_LOOP ( 'NONE', ( #2813, #1789, #5008, #521 ) ) ;
#3217 = CARTESIAN_POINT ( 'NONE',  ( 0.4999999999999981681, 8.177974900523029124E-17, 2.286000000000000032 ) ) ;
#3218 = CARTESIAN_POINT ( 'NONE',  ( 5.996446609406726580, 5.996446609406726580, -2.286000000000000032 ) ) ;
#3219 = EDGE_CURVE ( 'NONE', #6384, #2956, #742, .T. ) ;
#3220 = VERTEX_POINT ( 'NONE', #317 ) ;
#3221 = CARTESIAN_POINT ( 'NONE',  ( 10.12939620402573837, 1.863497014787713901, -1.000000000000000000 ) ) ;
#3222 = DIRECTION ( 'NONE',  ( 0.000000000000000000, 0.000000000000000000, 1.000000000000000000 ) ) ;
#3223 = CARTESIAN_POINT ( 'NONE',  ( 4.648654403270954028, -18.05576118445748079, 2.286000000000000032 ) ) ;
#3224 = DIRECTION ( 'NONE',  ( 0.000000000000000000, -0.000000000000000000, 1.000000000000000000 ) ) ;
#3225 = CARTESIAN_POINT ( 'NONE',  ( -0.3535533905932740084, 0.3535533905932740084, -1.000000000000000000 ) ) ;
#3226 = ORIENTED_EDGE ( 'NONE', *, *, #2337, .T. ) ;
#3227 = DIRECTION ( 'NONE',  ( -0.7071067811865474617, -0.7071067811865474617, 0.000000000000000000 ) ) ;
#3228 = ORIENTED_EDGE ( 'NONE', *, *, #5919, .T. ) ;
#3229 = DIRECTION ( 'NONE',  ( -0.7071067811865474617, -0.7071067811865474617, 0.000000000000000000 ) ) ;
#3230 = ADVANCED_FACE ( 'NONE', ( #1734 ), #6308, .T. ) ;
#3231 = DIRECTION ( 'NONE',  ( -0.000000000000000000, -0.000000000000000000, -1.000000000000000000 ) ) ;
#3232 = ORIENTED_EDGE ( 'NONE', *, *, #1857, .T. ) ;
#3233 = EDGE_CURVE ( 'NONE', #720, #1136, #2358, .T. ) ;
#3234 = EDGE_CURVE ( 'NONE', #822, #1241, #1267, .T. ) ;
#3235 = ORIENTED_EDGE ( 'NONE', *, *, #377, .F. ) ;
#3236 = DIRECTION ( 'NONE',  ( -0.000000000000000000, -0.000000000000000000, -1.000000000000000000 ) ) ;
#3237 = DIRECTION ( 'NONE',  ( -1.000000000000000000, 0.000000000000000000, 0.000000000000000000 ) ) ;
#3238 = ORIENTED_EDGE ( 'NONE', *, *, #647, .T. ) ;
#3239 = SECURITY_CLASSIFICATION_LEVEL ( 'unclassified' ) ;
#3240 = ORIENTED_EDGE ( 'NONE', *, *, #610, .F. ) ;
#3241 = CARTESIAN_POINT ( 'NONE',  ( 2.214716320084738350E-15, -25.39999999999999858, 1.000000000000000000 ) ) ;
#3242 = CIRCLE ( 'NONE', #422, 3.174999999999999822 ) ;
#3243 = ORIENTED_EDGE ( 'NONE', *, *, #3201, .T. ) ;
#3244 = CARTESIAN_POINT ( 'NONE',  ( 7.344238815542513343, 4.648654403270939817, 2.286000000000000032 ) ) ;
#3245 = EDGE_CURVE ( 'NONE', #5583, #1719, #1237, .T. ) ;
#3246 = CARTESIAN_POINT ( 'NONE',  ( 12.70000000000000107, 5.200000000000000178, 3.049999999999999822 ) ) ;
#3247 = ORIENTED_EDGE ( 'NONE', *, *, #1664, .F. ) ;
#3248 = DIRECTION ( 'NONE',  ( 0.000000000000000000, -1.000000000000000000, 0.000000000000000000 ) ) ;
#3249 = DIRECTION ( 'NONE',  ( 1.000000000000000000, 0.000000000000000000, 0.000000000000000000 ) ) ;
#3250 = AXIS2_PLACEMENT_3D ( 'NONE', #5703, #4207, #3653 ) ;
#3251 = ORIENTED_EDGE ( 'NONE', *, *, #5224, .T. ) ;
#3252 = CARTESIAN_POINT ( 'NONE',  ( 10.83650298521228628, -2.570603795974262251, 1.000000000000000000 ) ) ;
#3253 = LINE ( 'NONE', #5245, #3909 ) ;
#3254 = DIRECTION ( 'NONE',  ( -0.000000000000000000, -0.000000000000000000, -1.000000000000000000 ) ) ;
#3255 = DIRECTION ( 'NONE',  ( 0.000000000000000000, 1.000000000000000000, 0.000000000000000000 ) ) ;
#3256 = CARTESIAN_POINT ( 'NONE',  ( -2.570603795974262251, -10.83650298521228805, 1.000000000000000000 ) ) ;
#3257 = AXIS2_PLACEMENT_3D ( 'NONE', #6287, #3342, #274 ) ;
#3258 = EDGE_LOOP ( 'NONE', ( #5639, #1300, #1448, #3304, #5038, #6061, #3238, #1640, #3974, #3306, #3226, #325, #4499, #1559, #6182, #2143, #320, #5609, #622, #5759 ) ) ;
#3259 = CIRCLE ( 'NONE', #859, 3.174999999999999822 ) ;
#3260 = CARTESIAN_POINT ( 'NONE',  ( 11.35220779386420631, -11.35220779386425249, 2.286000000000000032 ) ) ;
#3261 = VECTOR ( 'NONE', #4662, 1000.000000000000000 ) ;
#3262 = DIRECTION ( 'NONE',  ( 0.000000000000000000, 0.000000000000000000, 1.000000000000000000 ) ) ;
#3263 = VECTOR ( 'NONE', #3483, 1000.000000000000000 ) ;
#3264 = VECTOR ( 'NONE', #5309, 1000.000000000000000 ) ;
#3265 = AXIS2_PLACEMENT_3D ( 'NONE', #649, #2651, #3109 ) ;
#3266 = VECTOR ( 'NONE', #3932, 999.9999999999998863 ) ;
#3267 = VERTEX_POINT ( 'NONE', #1833 ) ;
#3268 = DIRECTION ( 'NONE',  ( -0.7071067811865475727, 0.7071067811865475727, 0.000000000000000000 ) ) ;
#3269 = VECTOR ( 'NONE', #2147, 1000.000000000000114 ) ;
#3270 = FACE_OUTER_BOUND ( 'NONE', #801, .T. ) ;
#3271 = ORIENTED_EDGE ( 'NONE', *, *, #4758, .F. ) ;
#3272 = CIRCLE ( 'NONE', #43, 2.100000000000000977 ) ;
#3273 = DIRECTION ( 'NONE',  ( 1.000000000000000000, 0.000000000000000000, 0.000000000000000000 ) ) ;
#3274 = AXIS2_PLACEMENT_3D ( 'NONE', #3870, #1813, #2272 ) ;
#3275 = EDGE_LOOP ( 'NONE', ( #4003, #5930, #1339, #600 ) ) ;
#3276 = VECTOR ( 'NONE', #5045, 1000.000000000000000 ) ;
#3277 = EDGE_LOOP ( 'NONE', ( #6120, #4184, #592, #6024 ) ) ;
#3278 = ADVANCED_FACE ( 'NONE', ( #1367 ), #5747, .T. ) ;
#3279 = CARTESIAN_POINT ( 'NONE',  ( 6.699999999999993960, -5.200000000000001066, 3.049999999999999822 ) ) ;
#3280 = ORIENTED_EDGE ( 'NONE', *, *, #318, .F. ) ;
#3281 = DIRECTION ( 'NONE',  ( 0.000000000000000000, 0.000000000000000000, 1.000000000000000000 ) ) ;
#3282 = ORIENTED_EDGE ( 'NONE', *, *, #209, .F. ) ;
#3283 = DIRECTION ( 'NONE',  ( 1.000000000000000000, 0.000000000000000000, 0.000000000000000000 ) ) ;
#3284 = LINE ( 'NONE', #800, #1804 ) ;
#3285 = VERTEX_POINT ( 'NONE', #4316 ) ;
#3286 = CARTESIAN_POINT ( 'NONE',  ( 1.182358322909695704E-16, -12.69999999999999929, 2.286000000000000032 ) ) ;
#3287 = DIRECTION ( 'NONE',  ( 0.000000000000000000, -1.000000000000000000, 0.000000000000000000 ) ) ;
#3288 = DIRECTION ( 'NONE',  ( -1.000000000000000000, 7.434522636839145511E-17, 0.000000000000000000 ) ) ;
#3289 = CARTESIAN_POINT ( 'NONE',  ( 6.199999999999997513, -25.39999999999999858, -3.049999999999999822 ) ) ;
#3290 = EDGE_LOOP ( 'NONE', ( #5836, #5048, #5053, #408, #1142 ) ) ;
#3291 = ADVANCED_FACE ( 'NONE', ( #3358 ), #5291, .T. ) ;
#3292 = DIRECTION ( 'NONE',  ( 1.024442997624098707E-16, -1.000000000000000000, 0.000000000000000000 ) ) ;
#3293 = ORIENTED_EDGE ( 'NONE', *, *, #4880, .T. ) ;
#3294 = CARTESIAN_POINT ( 'NONE',  ( 6.349999999999999645, 3.654415587728425230, 3.049999999999999822 ) ) ;
#3295 = LINE ( 'NONE', #5287, #2541 ) ;
#3296 = EDGE_CURVE ( 'NONE', #2956, #3734, #39, .T. ) ;
#3297 = ORIENTED_EDGE ( 'NONE', *, *, #581, .T. ) ;
#3298 = PLANE ( 'NONE',  #3594 ) ;
#3299 = AXIS2_PLACEMENT_3D ( 'NONE', #6352, #5723, #5334 ) ;
#3300 = DIRECTION ( 'NONE',  ( 1.024442997624098707E-16, -1.000000000000000000, 0.000000000000000000 ) ) ;
#3301 = ORIENTED_EDGE ( 'NONE', *, *, #2366, .F. ) ;
#3302 = CARTESIAN_POINT ( 'NONE',  ( -4.648654403270944258, -7.344238815542508902, 2.286000000000000032 ) ) ;
#3303 = ORIENTED_EDGE ( 'NONE', *, *, #519, .F. ) ;
#3304 = ORIENTED_EDGE ( 'NONE', *, *, #1104, .T. ) ;
#3305 = FACE_OUTER_BOUND ( 'NONE', #3637, .T. ) ;
#3306 = ORIENTED_EDGE ( 'NONE', *, *, #5523, .F. ) ;
#3307 = DIRECTION ( 'NONE',  ( 1.000000000000000000, 0.000000000000000000, 0.000000000000000000 ) ) ;
#3308 = EDGE_CURVE ( 'NONE', #5794, #2189, #1335, .T. ) ;
#3309 = CARTESIAN_POINT ( 'NONE',  ( 2.570603795974260919, -1.863497014787713679, -2.286000000000000032 ) ) ;
#3310 = EDGE_CURVE ( 'NONE', #1832, #2292, #2546, .T. ) ;
#3311 = EDGE_CURVE ( 'NONE', #5605, #4894, #4420, .T. ) ;
#3312 = ORIENTED_EDGE ( 'NONE', *, *, #103, .T. ) ;
#3313 = PLANE ( 'NONE',  #2844 ) ;
#3314 = DIRECTION ( 'NONE',  ( 0.000000000000000000, 0.000000000000000000, -1.000000000000000000 ) ) ;
#3315 = ORIENTED_EDGE ( 'NONE', *, *, #4765, .F. ) ;
#3316 = LINE ( 'NONE', #4371, #2197 ) ;
#3317 = DIRECTION ( 'NONE',  ( 0.000000000000000000, 0.000000000000000000, -1.000000000000000000 ) ) ;
#3318 = PLANE ( 'NONE',  #144 ) ;
#3319 = EDGE_CURVE ( 'NONE', #2572, #218, #6213, .T. ) ;
#3320 = ORIENTED_EDGE ( 'NONE', *, *, #1969, .T. ) ;
#3321 = DIRECTION ( 'NONE',  ( -1.000000000000000000, 0.000000000000000000, 0.000000000000000000 ) ) ;
#3322 = DIRECTION ( 'NONE',  ( 0.7071067811865473507, -0.7071067811865477948, -0.000000000000000000 ) ) ;
#3323 = CARTESIAN_POINT ( 'NONE',  ( 5.199999999999997513, -25.39999999999999858, 3.049999999999999822 ) ) ;
#3324 = EDGE_CURVE ( 'NONE', #2471, #3078, #656, .T. ) ;
#3325 = ORIENTED_EDGE ( 'NONE', *, *, #4770, .F. ) ;
#3326 = ORIENTED_EDGE ( 'NONE', *, *, #6322, .F. ) ;
#3327 = DIRECTION ( 'NONE',  ( 0.000000000000000000, 0.000000000000000000, 1.000000000000000000 ) ) ;
#3328 = DIRECTION ( 'NONE',  ( 0.000000000000000000, 0.000000000000000000, 1.000000000000000000 ) ) ;
#3329 = DIRECTION ( 'NONE',  ( 0.000000000000000000, 0.000000000000000000, 1.000000000000000000 ) ) ;
#3330 = CARTESIAN_POINT ( 'NONE',  ( -3.654415587728429671, -19.05000000000000071, 3.049999999999999822 ) ) ;
#3331 = ORIENTED_EDGE ( 'NONE', *, *, #2918, .T. ) ;
#3332 = ADVANCED_FACE ( 'NONE', ( #1307 ), #3298, .F. ) ;
#3333 = DIRECTION ( 'NONE',  ( 0.000000000000000000, 0.000000000000000000, -1.000000000000000000 ) ) ;
#3334 = ORIENTED_EDGE ( 'NONE', *, *, #1481, .F. ) ;
#3335 = VERTEX_POINT ( 'NONE', #3859 ) ;
#3336 = CARTESIAN_POINT ( 'NONE',  ( 6.053553390593272354, -5.346446609406724448, 2.286000000000000032 ) ) ;
#3337 = ORIENTED_EDGE ( 'NONE', *, *, #1589, .F. ) ;
#3338 = DIRECTION ( 'NONE',  ( 0.7071067811865483499, 0.7071067811865465735, 0.000000000000000000 ) ) ;
#3339 = DIRECTION ( 'NONE',  ( 1.000000000000000000, 0.000000000000000000, -0.000000000000000000 ) ) ;
#3340 = ORIENTED_EDGE ( 'NONE', *, *, #4128, .F. ) ;
#3341 = PLANE ( 'NONE',  #5457 ) ;
#3342 = DIRECTION ( 'NONE',  ( -0.000000000000000000, -0.000000000000000000, -1.000000000000000000 ) ) ;
#3343 = VECTOR ( 'NONE', #2380, 1000.000000000000114 ) ;
#3344 = ORIENTED_EDGE ( 'NONE', *, *, #5077, .T. ) ;
#3345 = CARTESIAN_POINT ( 'NONE',  ( -1.863497014787715456, -15.27060379597426021, 2.286000000000000032 ) ) ;
#3346 = DIRECTION ( 'NONE',  ( -0.000000000000000000, 0.000000000000000000, -1.000000000000000000 ) ) ;
#3347 = LINE ( 'NONE', #5832, #6082 ) ;
#3348 = EDGE_CURVE ( 'NONE', #4433, #309, #3894, .T. ) ;
#3349 = VERTEX_POINT ( 'NONE', #1543 ) ;
#3350 = CARTESIAN_POINT ( 'NONE',  ( 12.69999999999999929, 6.200000000000000178, -3.049999999999999822 ) ) ;
#3351 = DIRECTION ( 'NONE',  ( 0.000000000000000000, 0.000000000000000000, 1.000000000000000000 ) ) ;
#3352 = ORIENTED_EDGE ( 'NONE', *, *, #3635, .T. ) ;
#3353 = CARTESIAN_POINT ( 'NONE',  ( 0.000000000000000000, -5.199999999999999289, -1.000000000000000000 ) ) ;
#3354 = LINE ( 'NONE', #4312, #5982 ) ;
#3355 = DIRECTION ( 'NONE',  ( -0.000000000000000000, 1.000000000000000000, 0.000000000000000000 ) ) ;
#3356 = AXIS2_PLACEMENT_3D ( 'NONE', #2902, #1756, #5737 ) ;
#3357 = ORIENTED_EDGE ( 'NONE', *, *, #1878, .T. ) ;
#3358 = FACE_OUTER_BOUND ( 'NONE', #6244, .T. ) ;
#3359 = AXIS2_PLACEMENT_3D ( 'NONE', #4510, #3004, #2028 ) ;
#3360 = CIRCLE ( 'NONE', #2556, 3.174999999999999822 ) ;
#3361 = LINE ( 'NONE', #1834, #4822 ) ;
#3362 = LINE ( 'NONE', #2002, #2745 ) ;
#3363 = VECTOR ( 'NONE', #6357, 999.9999999999998863 ) ;
#3364 = CARTESIAN_POINT ( 'NONE',  ( 0.000000000000000000, 0.000000000000000000, 2.286000000000000032 ) ) ;
#3365 = DIRECTION ( 'NONE',  ( -0.000000000000000000, -0.000000000000000000, -1.000000000000000000 ) ) ;
#3366 = ORIENTED_EDGE ( 'NONE', *, *, #5398, .F. ) ;
#3367 = VECTOR ( 'NONE', #2305, 999.9999999999998863 ) ;
#3368 = DIRECTION ( 'NONE',  ( -0.000000000000000000, -0.000000000000000000, -1.000000000000000000 ) ) ;
#3369 = VECTOR ( 'NONE', #2682, 1000.000000000000000 ) ;
#3370 = VECTOR ( 'NONE', #4722, 1000.000000000000000 ) ;
#3371 = CIRCLE ( 'NONE', #3586, 3.175000000000000711 ) ;
#3372 = EDGE_LOOP ( 'NONE', ( #4595, #625, #5707, #3627, #2839, #4448 ) ) ;
#3373 = EDGE_CURVE ( 'NONE', #1403, #1817, #415, .T. ) ;
#3374 = VECTOR ( 'NONE', #4505, 1000.000000000000000 ) ;
#3375 = VECTOR ( 'NONE', #2099, 1000.000000000000000 ) ;
#3376 = CARTESIAN_POINT ( 'NONE',  ( 0.000000000000000000, -25.39999999999999858, 3.049999999999999822 ) ) ;
#3377 = ORIENTED_EDGE ( 'NONE', *, *, #2992, .T. ) ;
#3378 = LINE ( 'NONE', #1910, #562 ) ;
#3379 = AXIS2_PLACEMENT_3D ( 'NONE', #2859, #269, #793 ) ;
#3380 = VECTOR ( 'NONE', #4885, 1000.000000000000000 ) ;
#3381 = AXIS2_PLACEMENT_3D ( 'NONE', #5606, #5083, #4569 ) ;
#3382 = VERTEX_POINT ( 'NONE', #1017 ) ;
#3383 = AXIS2_PLACEMENT_3D ( 'NONE', #4968, #2879, #4870 ) ;
#3384 = EDGE_CURVE ( 'NONE', #1334, #4433, #944, .T. ) ;
#3385 = CARTESIAN_POINT ( 'NONE',  ( 5.996446609406727468, -5.996446609406725692, 2.286000000000000032 ) ) ;
#3386 = CARTESIAN_POINT ( 'NONE',  ( 0.4999999999999981681, 8.177974900523029124E-17, 2.286000000000000032 ) ) ;
#3387 = ORIENTED_EDGE ( 'NONE', *, *, #3040, .F. ) ;
#3388 = CARTESIAN_POINT ( 'NONE',  ( 5.996446609406727468, -5.996446609406725692, 2.286000000000000032 ) ) ;
#3389 = CARTESIAN_POINT ( 'NONE',  ( 12.69999999999999929, 0.000000000000000000, -1.000000000000000000 ) ) ;
#3390 = LINE ( 'NONE', #439, #3264 ) ;
#3391 = AXIS2_PLACEMENT_3D ( 'NONE', #3511, #2527, #5568 ) ;
#3392 = VECTOR ( 'NONE', #167, 1000.000000000000114 ) ;
#3393 = ORIENTED_EDGE ( 'NONE', *, *, #823, .T. ) ;
#3394 = DIRECTION ( 'NONE',  ( -0.7071067811865470176, 0.7071067811865480168, 0.000000000000000000 ) ) ;
#3395 = CARTESIAN_POINT ( 'NONE',  ( 2.570603795974261363, 1.863497014787713235, -1.000000000000000000 ) ) ;
#3396 = ORIENTED_EDGE ( 'NONE', *, *, #6242, .F. ) ;
#3397 = DIRECTION ( 'NONE',  ( -0.000000000000000000, -0.000000000000000000, -1.000000000000000000 ) ) ;
#3398 = ORIENTED_EDGE ( 'NONE', *, *, #3937, .T. ) ;
#3399 = ADVANCED_FACE ( 'NONE', ( #2488 ), #5940, .T. ) ;
#3400 = ADVANCED_FACE ( 'NONE', ( #3401 ), #2514, .T. ) ;
#3401 = FACE_OUTER_BOUND ( 'NONE', #2501, .T. ) ;
#3402 = LINE ( 'NONE', #4384, #1699 ) ;
#3403 = CARTESIAN_POINT ( 'NONE',  ( 1.182358322909695704E-16, -12.69999999999999929, 2.286000000000000032 ) ) ;
#3404 = CARTESIAN_POINT ( 'NONE',  ( 12.69999999999999929, 0.000000000000000000, -3.049999999999999822 ) ) ;
#3405 = LINE ( 'NONE', #4387, #6285 ) ;
#3406 = ORIENTED_EDGE ( 'NONE', *, *, #4668, .F. ) ;
#3407 = DIRECTION ( 'NONE',  ( -1.024442997624098830E-16, 1.000000000000000000, 0.000000000000000000 ) ) ;
#3408 = ORIENTED_EDGE ( 'NONE', *, *, #3907, .F. ) ;
#3409 = VECTOR ( 'NONE', #4649, 999.9999999999998863 ) ;
#3410 = DIRECTION ( 'NONE',  ( -1.000000000000000000, 0.000000000000000000, 0.000000000000000000 ) ) ;
#3411 = CARTESIAN_POINT ( 'NONE',  ( 0.4999999999999997780, -15.83538275175456000, 2.286000000000000032 ) ) ;
#3412 = CARTESIAN_POINT ( 'NONE',  ( -5.200000000000000178, -4.492893218813451384, 3.049999999999999822 ) ) ;
#3413 = EDGE_CURVE ( 'NONE', #4592, #1385, #2881, .T. ) ;
#3414 = ORIENTED_EDGE ( 'NONE', *, *, #4227, .F. ) ;
#3415 = CARTESIAN_POINT ( 'NONE',  ( -5.200000000000000178, 6.368163355566236381E-16, -2.286000000000000032 ) ) ;
#3416 = FACE_OUTER_BOUND ( 'NONE', #2178, .T. ) ;
#3417 = FACE_OUTER_BOUND ( 'NONE', #2048, .T. ) ;
#3418 = VERTEX_POINT ( 'NONE', #4416 ) ;
#3419 = CARTESIAN_POINT ( 'NONE',  ( 12.69999999999999929, 0.000000000000000000, 2.286000000000000032 ) ) ;
#3420 = CARTESIAN_POINT ( 'NONE',  ( 4.804415587728426473, 5.200000000000000178, 3.049999999999999822 ) ) ;
#3421 = ADVANCED_FACE ( 'NONE', ( #2392 ), #487, .F. ) ;
#3422 = ORIENTED_EDGE ( 'NONE', *, *, #1795, .T. ) ;
#3423 = CARTESIAN_POINT ( 'NONE',  ( 5.199999999999997513, -20.90710678118655608, 3.049999999999999822 ) ) ;
#3424 = CARTESIAN_POINT ( 'NONE',  ( 10.12939620402574015, -1.863497014787715678, 2.286000000000000032 ) ) ;
#3425 = LINE ( 'NONE', #2936, #2314 ) ;
#3426 = LINE ( 'NONE', #5424, #6409 ) ;
#3427 = EDGE_CURVE ( 'NONE', #316, #3095, #6191, .T. ) ;
#3428 = DIRECTION ( 'NONE',  ( -0.000000000000000000, -0.000000000000000000, -1.000000000000000000 ) ) ;
#3429 = DIRECTION ( 'NONE',  ( -0.000000000000000000, -0.000000000000000000, -1.000000000000000000 ) ) ;
#3430 = CARTESIAN_POINT ( 'NONE',  ( 0.4999999999999996669, -9.564617248245438574, -2.286000000000000032 ) ) ;
#3431 = CARTESIAN_POINT ( 'NONE',  ( -0.4999999999999989453, -22.26461724824543964, 1.000000000000000000 ) ) ;
#3432 = ORIENTED_EDGE ( 'NONE', *, *, #6348, .T. ) ;
#3433 = EDGE_CURVE ( 'NONE', #2009, #5084, #5880, .T. ) ;
#3434 = CYLINDRICAL_SURFACE ( 'NONE', #5145, 3.174999999999999822 ) ;
#3435 = AXIS2_PLACEMENT_3D ( 'NONE', #5274, #273, #670 ) ;
#3436 = EDGE_LOOP ( 'NONE', ( #6268, #5266, #4647, #4023 ) ) ;
#3437 = CARTESIAN_POINT ( 'NONE',  ( 3.175000000000002043, -25.39999999999999858, -2.286000000000000032 ) ) ;
#3438 = EDGE_LOOP ( 'NONE', ( #828, #798, #6076, #2830 ) ) ;
#3439 = CARTESIAN_POINT ( 'NONE',  ( -6.200000000000001954, -20.18137084989847452, 3.049999999999999822 ) ) ;
#3440 = DIRECTION ( 'NONE',  ( 1.000000000000000000, 1.486904527367829102E-16, -0.000000000000000000 ) ) ;
#3441 = ORIENTED_EDGE ( 'NONE', *, *, #3118, .F. ) ;
#3442 = CARTESIAN_POINT ( 'NONE',  ( -6.703553390593268269, -6.703553390593279815, 2.286000000000000032 ) ) ;
#3443 = DIRECTION ( 'NONE',  ( -0.000000000000000000, -0.000000000000000000, -1.000000000000000000 ) ) ;
#3444 = CARTESIAN_POINT ( 'NONE',  ( -5.200000000000001066, -20.59558441227157033, 2.286000000000000032 ) ) ;
#3445 = ORIENTED_EDGE ( 'NONE', *, *, #676, .T. ) ;
#3446 = DIRECTION ( 'NONE',  ( 0.000000000000000000, 0.000000000000000000, 1.000000000000000000 ) ) ;
#3447 = CARTESIAN_POINT ( 'NONE',  ( 1.863497014787720341, -22.82939620402574121, 1.000000000000000000 ) ) ;
#3448 = VECTOR ( 'NONE', #3774, 1000.000000000000000 ) ;
#3449 = CARTESIAN_POINT ( 'NONE',  ( -6.200000000000001954, -5.218629150101522285, 3.050999999999999712 ) ) ;
#3450 = EDGE_LOOP ( 'NONE', ( #4132, #2097, #3592, #4178 ) ) ;
#3451 = DIRECTION ( 'NONE',  ( -1.000000000000000000, 3.419880412946006861E-16, 0.000000000000000000 ) ) ;
#3452 = CARTESIAN_POINT ( 'NONE',  ( -2.570603795974261807, -1.863497014787713679, 2.286000000000000032 ) ) ;
#3453 = EDGE_CURVE ( 'NONE', #2189, #5583, #3988, .T. ) ;
#3454 = DIRECTION ( 'NONE',  ( 0.000000000000000000, 0.000000000000000000, -1.000000000000000000 ) ) ;
#3455 = DIRECTION ( 'NONE',  ( -0.000000000000000000, -0.000000000000000000, -1.000000000000000000 ) ) ;
#3456 = VECTOR ( 'NONE', #544, 1000.000000000000000 ) ;
#3457 = LINE ( 'NONE', #386, #6179 ) ;
#3458 = ORIENTED_EDGE ( 'NONE', *, *, #5956, .T. ) ;
#3459 = CARTESIAN_POINT ( 'NONE',  ( 1.182358322909695704E-16, -12.69999999999999929, 2.286000000000000032 ) ) ;
#3460 = ADVANCED_FACE ( 'NONE', ( #5971 ), #1512, .F. ) ;
#3461 = ORIENTED_EDGE ( 'NONE', *, *, #5435, .F. ) ;
#3462 = CARTESIAN_POINT ( 'NONE',  ( 1.182358322909695704E-16, -12.69999999999999929, -2.286000000000000032 ) ) ;
#3463 = AXIS2_PLACEMENT_3D ( 'NONE', #1224, #212, #5640 ) ;
#3464 = CARTESIAN_POINT ( 'NONE',  ( 0.000000000000000000, 0.000000000000000000, -1.000000000000000000 ) ) ;
#3465 = DIRECTION ( 'NONE',  ( 1.000000000000000000, 0.000000000000000000, 0.000000000000000000 ) ) ;
#3466 = AXIS2_PLACEMENT_3D ( 'NONE', #4820, #3351, #3781 ) ;
#3467 = ORIENTED_EDGE ( 'NONE', *, *, #4329, .F. ) ;
#3468 = AXIS2_PLACEMENT_3D ( 'NONE', #2376, #1849, #5927 ) ;
#3469 = DIRECTION ( 'NONE',  ( -0.000000000000000000, -0.000000000000000000, -1.000000000000000000 ) ) ;
#3470 = ORIENTED_EDGE ( 'NONE', *, *, #5281, .F. ) ;
#3471 = DIRECTION ( 'NONE',  ( 1.000000000000000000, 0.000000000000000000, -0.000000000000000000 ) ) ;
#3472 = VECTOR ( 'NONE', #2846, 1000.000000000000000 ) ;
#3473 = DIRECTION ( 'NONE',  ( 0.7071067811865473507, 0.7071067811865477948, 0.000000000000000000 ) ) ;
#3474 = VECTOR ( 'NONE', #6241, 1000.000000000000000 ) ;
#3475 = VECTOR ( 'NONE', #1009, 1000.000000000000000 ) ;
#3476 = VERTEX_POINT ( 'NONE', #917 ) ;
#3477 = PLANE ( 'NONE',  #429 ) ;
#3478 = ADVANCED_FACE ( 'NONE', ( #5913 ), #550, .F. ) ;
#3479 = AXIS2_PLACEMENT_3D ( 'NONE', #4605, #1633, #2068 ) ;
#3480 = CARTESIAN_POINT ( 'NONE',  ( 1.347792206135787874, -1.347792206135791204, 2.286000000000000032 ) ) ;
#3481 = VERTEX_POINT ( 'NONE', #2557 ) ;
#3482 = VECTOR ( 'NONE', #238, 1000.000000000000000 ) ;
#3483 = DIRECTION ( 'NONE',  ( 0.000000000000000000, 0.000000000000000000, 1.000000000000000000 ) ) ;
#3484 = FACE_OUTER_BOUND ( 'NONE', #2669, .T. ) ;
#3485 = DIRECTION ( 'NONE',  ( -0.000000000000000000, 0.000000000000000000, -1.000000000000000000 ) ) ;
#3486 = AXIS2_PLACEMENT_3D ( 'NONE', #3942, #5855, #2439 ) ;
#3487 = ORIENTED_EDGE ( 'NONE', *, *, #2932, .F. ) ;
#3488 = FACE_OUTER_BOUND ( 'NONE', #6126, .T. ) ;
#3489 = CARTESIAN_POINT ( 'NONE',  ( 6.053553390593272354, -5.346446609406724448, -1.000000000000000000 ) ) ;
#3490 = EDGE_CURVE ( 'NONE', #5122, #1022, #5519, .T. ) ;
#3491 = VECTOR ( 'NONE', #4048, 1000.000000000000000 ) ;
#3492 = ORIENTED_EDGE ( 'NONE', *, *, #398, .F. ) ;
#3493 = DIRECTION ( 'NONE',  ( 7.434522636839145511E-17, 1.000000000000000000, -0.000000000000000000 ) ) ;
#3494 = DIRECTION ( 'NONE',  ( 0.000000000000000000, 0.000000000000000000, 1.000000000000000000 ) ) ;
#3495 = ORIENTED_EDGE ( 'NONE', *, *, #1589, .T. ) ;
#3496 = APPROVAL ( #4165, 'UNSPECIFIED' ) ;
#3497 = EDGE_CURVE ( 'NONE', #4618, #4976, #3371, .T. ) ;
#3498 = ORIENTED_EDGE ( 'NONE', *, *, #893, .T. ) ;
#3499 = ORIENTED_EDGE ( 'NONE', *, *, #6034, .T. ) ;
#3500 = CARTESIAN_POINT ( 'NONE',  ( 1.347792206135787874, -1.347792206135791204, -2.286000000000000032 ) ) ;
#3501 = DIRECTION ( 'NONE',  ( -0.7071067811865479058, 0.7071067811865472397, 0.000000000000000000 ) ) ;
#3502 = CARTESIAN_POINT ( 'NONE',  ( 8.207106781186546129, 5.200000000000000178, 1.000000000000000000 ) ) ;
#3503 = ORIENTED_EDGE ( 'NONE', *, *, #1284, .T. ) ;
#3504 = LINE ( 'NONE', #5006, #2330 ) ;
#3505 = ADVANCED_FACE ( 'NONE', ( #870 ), #1297, .T. ) ;
#3506 = VERTEX_POINT ( 'NONE', #5416 ) ;
#3507 = AXIS2_PLACEMENT_3D ( 'NONE', #384, #5358, #4379 ) ;
#3508 = DIRECTION ( 'NONE',  ( -0.7071067811865473507, -0.7071067811865477948, 0.000000000000000000 ) ) ;
#3509 = VERTEX_POINT ( 'NONE', #6293 ) ;
#3510 = CARTESIAN_POINT ( 'NONE',  ( -5.200000000000000178, 6.368163355566236381E-16, -2.286000000000000032 ) ) ;
#3511 = CARTESIAN_POINT ( 'NONE',  ( 0.000000000000000000, 0.000000000000000000, 2.286000000000000032 ) ) ;
#3512 = ORIENTED_EDGE ( 'NONE', *, *, #2976, .T. ) ;
#3513 = EDGE_LOOP ( 'NONE', ( #5029, #3809, #3735, #4684 ) ) ;
#3514 = FACE_BOUND ( 'NONE', #3258, .T. ) ;
#3515 = ADVANCED_FACE ( 'NONE', ( #376 ), #1354, .F. ) ;
#3516 = LINE ( 'NONE', #4537, #1192 ) ;
#3517 = ORIENTED_EDGE ( 'NONE', *, *, #45, .T. ) ;
#3518 = DIRECTION ( 'NONE',  ( -0.000000000000000000, -0.000000000000000000, -1.000000000000000000 ) ) ;
#3519 = FACE_OUTER_BOUND ( 'NONE', #4032, .T. ) ;
#3520 = VECTOR ( 'NONE', #2402, 1000.000000000000114 ) ;
#3521 = CARTESIAN_POINT ( 'NONE',  ( 12.69999999999999929, 0.000000000000000000, 2.286000000000000032 ) ) ;
#3522 = EDGE_CURVE ( 'NONE', #476, #4502, #5768, .T. ) ;
#3523 = ADVANCED_FACE ( 'NONE', ( #5308, #2827, #831, #2798, #3815 ), #4784, .F. ) ;
#3524 = EDGE_LOOP ( 'NONE', ( #4712, #3959, #5242, #6275, #2692, #3733, #3980 ) ) ;
#3525 = DIRECTION ( 'NONE',  ( -1.000000000000000000, 0.000000000000000000, 0.000000000000000000 ) ) ;
#3526 = DIRECTION ( 'NONE',  ( 0.7071067811865477948, 0.7071067811865473507, -0.000000000000000000 ) ) ;
#3527 = CARTESIAN_POINT ( 'NONE',  ( 6.699999999999993960, -5.200000000000001066, 3.049999999999999822 ) ) ;
#3528 = CARTESIAN_POINT ( 'NONE',  ( 1.182358322909695704E-16, -12.69999999999999929, -3.050999999999999712 ) ) ;
#3529 = DIRECTION ( 'NONE',  ( -0.000000000000000000, -0.000000000000000000, -1.000000000000000000 ) ) ;
#3530 = ORIENTED_EDGE ( 'NONE', *, *, #4653, .F. ) ;
#3531 = DIRECTION ( 'NONE',  ( 1.000000000000000000, 0.000000000000000000, -0.000000000000000000 ) ) ;
#3532 = ORIENTED_EDGE ( 'NONE', *, *, #634, .T. ) ;
#3533 = CARTESIAN_POINT ( 'NONE',  ( 1.863497014787712791, -2.570603795974261363, -2.286000000000000032 ) ) ;
#3534 = CARTESIAN_POINT ( 'NONE',  ( 5.346446609406724448, -6.053553390593267913, 1.000000000000000000 ) ) ;
#3535 = CYLINDRICAL_SURFACE ( 'NONE', #4625, 3.174999999999999822 ) ;
#3536 = VERTEX_POINT ( 'NONE', #3920 ) ;
#3537 = DIRECTION ( 'NONE',  ( 0.000000000000000000, 0.000000000000000000, -1.000000000000000000 ) ) ;
#3538 = ORIENTED_EDGE ( 'NONE', *, *, #5212, .T. ) ;
#3539 = EDGE_CURVE ( 'NONE', #1903, #4872, #3879, .T. ) ;
#3540 = PLANE ( 'NONE',  #2678 ) ;
#3541 = ORIENTED_EDGE ( 'NONE', *, *, #6309, .T. ) ;
#3542 = DIRECTION ( 'NONE',  ( -1.000000000000000000, 0.000000000000000000, 0.000000000000000000 ) ) ;
#3543 = PLANE ( 'NONE',  #354 ) ;
#3544 = ORIENTED_EDGE ( 'NONE', *, *, #6137, .T. ) ;
#3545 = ORIENTED_EDGE ( 'NONE', *, *, #1568, .T. ) ;
#3546 = CARTESIAN_POINT ( 'NONE',  ( 1.863497014787712791, -2.570603795974261363, 2.286000000000000032 ) ) ;
#3547 = EDGE_CURVE ( 'NONE', #4623, #4894, #406, .T. ) ;
#3548 = DIRECTION ( 'NONE',  ( 1.855319225643643724E-16, -1.000000000000000000, 0.000000000000000000 ) ) ;
#3549 = EDGE_LOOP ( 'NONE', ( #3948, #2493, #1913, #3060 ) ) ;
#3550 = CARTESIAN_POINT ( 'NONE',  ( 0.000000000000000000, 0.000000000000000000, 1.000000000000000000 ) ) ;
#3551 = FACE_OUTER_BOUND ( 'NONE', #1526, .T. ) ;
#3552 = ADVANCED_FACE ( 'NONE', ( #4300 ), #1784, .T. ) ;
#3553 = ORIENTED_EDGE ( 'NONE', *, *, #4070, .F. ) ;
#3554 = CARTESIAN_POINT ( 'NONE',  ( -2.570603795974264028, -14.56349701478770875, 2.286000000000000032 ) ) ;
#3555 = DIRECTION ( 'NONE',  ( 1.000000000000000000, 0.000000000000000000, 0.000000000000000000 ) ) ;
#3556 = EDGE_CURVE ( 'NONE', #5350, #3335, #2412, .T. ) ;
#3557 = VERTEX_POINT ( 'NONE', #1325 ) ;
#3558 = DIRECTION ( 'NONE',  ( -0.000000000000000000, -0.000000000000000000, -1.000000000000000000 ) ) ;
#3559 = DIRECTION ( 'NONE',  ( -0.000000000000000000, -0.000000000000000000, -1.000000000000000000 ) ) ;
#3560 = PLANE ( 'NONE',  #2850 ) ;
#3561 = EDGE_CURVE ( 'NONE', #3780, #2782, #6362, .T. ) ;
#3562 = ORIENTED_EDGE ( 'NONE', *, *, #295, .F. ) ;
#3563 = EDGE_CURVE ( 'NONE', #5504, #513, #278, .T. ) ;
#3564 = ORIENTED_EDGE ( 'NONE', *, *, #4397, .T. ) ;
#3565 = VECTOR ( 'NONE', #3559, 1000.000000000000000 ) ;
#3566 = LINE ( 'NONE', #4585, #3375 ) ;
#3567 = CARTESIAN_POINT ( 'NONE',  ( -12.34644660940672978, -12.34644660940671379, -2.286000000000000032 ) ) ;
#3568 = ORIENTED_EDGE ( 'NONE', *, *, #3014, .F. ) ;
#3569 = VERTEX_POINT ( 'NONE', #5861 ) ;
#3570 = DIRECTION ( 'NONE',  ( -0.000000000000000000, -0.000000000000000000, -1.000000000000000000 ) ) ;
#3571 = DIRECTION ( 'NONE',  ( 1.000000000000000000, 0.000000000000000000, 0.000000000000000000 ) ) ;
#3572 = ORIENTED_EDGE ( 'NONE', *, *, #1742, .T. ) ;
#3573 = DIRECTION ( 'NONE',  ( 0.000000000000000000, 0.000000000000000000, 1.000000000000000000 ) ) ;
#3574 = VECTOR ( 'NONE', #2874, 999.9999999999998863 ) ;
#3575 = CARTESIAN_POINT ( 'NONE',  ( 1.863497014787721895, -15.27060379597425488, -2.286000000000000032 ) ) ;
#3576 = CIRCLE ( 'NONE', #6174, 3.174999999999999822 ) ;
#3577 = ADVANCED_FACE ( 'NONE', ( #3847 ), #3775, .T. ) ;
#3578 = VERTEX_POINT ( 'NONE', #4862 ) ;
#3579 = CIRCLE ( 'NONE', #6181, 2.100000000000000533 ) ;
#3580 = ORIENTED_EDGE ( 'NONE', *, *, #634, .F. ) ;
#3581 = CIRCLE ( 'NONE', #857, 3.174999999999999822 ) ;
#3582 = LINE ( 'NONE', #5576, #796 ) ;
#3583 = VERTEX_POINT ( 'NONE', #4404 ) ;
#3584 = LINE ( 'NONE', #6465, #1181 ) ;
#3585 = CYLINDRICAL_SURFACE ( 'NONE', #3598, 2.100000000000000977 ) ;
#3586 = AXIS2_PLACEMENT_3D ( 'NONE', #3389, #5901, #306 ) ;
#3587 = CIRCLE ( 'NONE', #4424, 3.174999999999999822 ) ;
#3588 = VECTOR ( 'NONE', #2483, 1000.000000000000000 ) ;
#3589 = ADVANCED_FACE ( 'NONE', ( #2899 ), #2280, .T. ) ;
#3590 = AXIS2_PLACEMENT_3D ( 'NONE', #2341, #1819, #3249 ) ;
#3591 = VECTOR ( 'NONE', #5883, 1000.000000000000000 ) ;
#3592 = ORIENTED_EDGE ( 'NONE', *, *, #1156, .F. ) ;
#3593 = LINE ( 'NONE', #3625, #4631 ) ;
#3594 = AXIS2_PLACEMENT_3D ( 'NONE', #4837, #4352, #1867 ) ;
#3595 = VERTEX_POINT ( 'NONE', #5483 ) ;
#3596 = DIRECTION ( 'NONE',  ( -0.000000000000000000, -0.000000000000000000, -1.000000000000000000 ) ) ;
#3597 = LINE ( 'NONE', #2549, #6383 ) ;
#3598 = AXIS2_PLACEMENT_3D ( 'NONE', #89, #2023, #5579 ) ;
#3599 = DIRECTION ( 'NONE',  ( 1.000000000000000000, 0.000000000000000000, 0.000000000000000000 ) ) ;
#3600 = AXIS2_PLACEMENT_3D ( 'NONE', #6065, #3493, #1465 ) ;
#3601 = ORIENTED_EDGE ( 'NONE', *, *, #5251, .T. ) ;
#3602 = VECTOR ( 'NONE', #3913, 1000.000000000000000 ) ;
#3603 = AXIS2_PLACEMENT_3D ( 'NONE', #1426, #933, #4917 ) ;
#3604 = VERTEX_POINT ( 'NONE', #1004 ) ;
#3605 = DIRECTION ( 'NONE',  ( 0.7071067811865479058, 0.7071067811865472397, -0.000000000000000000 ) ) ;
#3606 = EDGE_CURVE ( 'NONE', #5108, #2714, #1492, .T. ) ;
#3607 = CARTESIAN_POINT ( 'NONE',  ( -6.200000000000001954, -5.218629150101522285, 3.050999999999999712 ) ) ;
#3608 = ORIENTED_EDGE ( 'NONE', *, *, #6105, .T. ) ;
#3609 = EDGE_CURVE ( 'NONE', #3078, #6152, #5508, .T. ) ;
#3610 = EDGE_LOOP ( 'NONE', ( #2578, #1036, #2428, #5850, #1674, #6319, #4215, #2595 ) ) ;
#3611 = DIRECTION ( 'NONE',  ( -0.000000000000000000, -0.000000000000000000, -1.000000000000000000 ) ) ;
#3612 = DIRECTION ( 'NONE',  ( 1.000000000000000000, -1.445602896647338424E-16, 0.000000000000000000 ) ) ;
#3613 = ORIENTED_EDGE ( 'NONE', *, *, #3788, .F. ) ;
#3614 = PERSON_AND_ORGANIZATION_ROLE ( 'creator' ) ;
#3615 = EDGE_CURVE ( 'NONE', #1740, #324, #3584, .T. ) ;
#3616 = VERTEX_POINT ( 'NONE', #2996 ) ;
#3617 = ORIENTED_EDGE ( 'NONE', *, *, #2965, .T. ) ;
#3618 = CARTESIAN_POINT ( 'NONE',  ( 0.4999999999999986122, -3.135382751754560271, -1.000000000000000000 ) ) ;
#3619 = ORIENTED_EDGE ( 'NONE', *, *, #6046, .T. ) ;
#3620 = DIRECTION ( 'NONE',  ( 0.000000000000000000, 0.000000000000000000, 1.000000000000000000 ) ) ;
#3621 = EDGE_CURVE ( 'NONE', #452, #6236, #5959, .T. ) ;
#3622 = DIRECTION ( 'NONE',  ( 0.000000000000000000, 0.000000000000000000, 1.000000000000000000 ) ) ;
#3623 = VECTOR ( 'NONE', #3612, 1000.000000000000000 ) ;
#3624 = ORIENTED_EDGE ( 'NONE', *, *, #4659, .T. ) ;
#3625 = CARTESIAN_POINT ( 'NONE',  ( 0.000000000000000000, -5.199999999999999289, -1.000000000000000000 ) ) ;
#3626 = CARTESIAN_POINT ( 'NONE',  ( -5.200000000000000178, -4.492893218813451384, -1.000000000000000000 ) ) ;
#3627 = ORIENTED_EDGE ( 'NONE', *, *, #886, .F. ) ;
#3628 = CARTESIAN_POINT ( 'NONE',  ( 1.863497014787712791, -2.570603795974261363, 1.000000000000000000 ) ) ;
#3629 = CARTESIAN_POINT ( 'NONE',  ( 3.175000000000002043, -25.39999999999999858, -1.000000000000000000 ) ) ;
#3630 = EDGE_CURVE ( 'NONE', #5618, #71, #4990, .T. ) ;
#3631 = LINE ( 'NONE', #5615, #1917 ) ;
#3632 = ORIENTED_EDGE ( 'NONE', *, *, #6444, .F. ) ;
#3633 = EDGE_LOOP ( 'NONE', ( #467, #3320, #264, #6079 ) ) ;
#3634 = DIRECTION ( 'NONE',  ( 0.000000000000000000, -1.000000000000000000, 0.000000000000000000 ) ) ;
#3635 = EDGE_CURVE ( 'NONE', #6380, #5196, #6031, .T. ) ;
#3636 = DIRECTION ( 'NONE',  ( -1.000000000000000000, 0.000000000000000000, 0.000000000000000000 ) ) ;
#3637 = EDGE_LOOP ( 'NONE', ( #2315, #4325, #3837, #714, #1556, #861, #5657 ) ) ;
#3638 = ORIENTED_EDGE ( 'NONE', *, *, #1700, .T. ) ;
#3639 = CYLINDRICAL_SURFACE ( 'NONE', #1269, 3.174999999999999822 ) ;
#3640 = ADVANCED_FACE ( 'NONE', ( #1530 ), #507, .T. ) ;
#3641 = LINE ( 'NONE', #5625, #3409 ) ;
#3642 = ORIENTED_EDGE ( 'NONE', *, *, #4001, .F. ) ;
#3643 = VERTEX_POINT ( 'NONE', #4503 ) ;
#3644 = ORIENTED_EDGE ( 'NONE', *, *, #2736, .T. ) ;
#3645 = CYLINDRICAL_SURFACE ( 'NONE', #1405, 3.174999999999999822 ) ;
#3646 = LINE ( 'NONE', #6095, #2234 ) ;
#3647 = LINE ( 'NONE', #3740, #5675 ) ;
#3648 = VERTEX_POINT ( 'NONE', #1034 ) ;
#3649 = EDGE_CURVE ( 'NONE', #6303, #1483, #3070, .T. ) ;
#3650 = CARTESIAN_POINT ( 'NONE',  ( -1.709940206472993816E-16, -0.4999999999999971689, -1.000000000000000000 ) ) ;
#3651 = DIRECTION ( 'NONE',  ( 0.000000000000000000, 1.000000000000000000, 0.000000000000000000 ) ) ;
#3652 = ORIENTED_EDGE ( 'NONE', *, *, #3032, .F. ) ;
#3653 = DIRECTION ( 'NONE',  ( -0.7071067811865473507, -0.7071067811865477948, 0.000000000000000000 ) ) ;
#3654 = CARTESIAN_POINT ( 'NONE',  ( -6.703553390593274486, -6.703553390593274486, 1.000000000000000000 ) ) ;
#3655 = CARTESIAN_POINT ( 'NONE',  ( 1.182358322909695704E-16, -12.69999999999999929, -3.050999999999999712 ) ) ;
#3656 = ORIENTED_EDGE ( 'NONE', *, *, #2253, .T. ) ;
#3657 = EDGE_CURVE ( 'NONE', #5934, #2391, #2029, .T. ) ;
#3658 = ORIENTED_EDGE ( 'NONE', *, *, #1568, .F. ) ;
#3659 = CARTESIAN_POINT ( 'NONE',  ( 2.214716320084738350E-15, -25.39999999999999858, 2.286000000000000032 ) ) ;
#3660 = DIRECTION ( 'NONE',  ( -0.000000000000000000, -0.000000000000000000, 1.000000000000000000 ) ) ;
#3661 = ORIENTED_EDGE ( 'NONE', *, *, #5, .T. ) ;
#3662 = ORIENTED_EDGE ( 'NONE', *, *, #1088, .F. ) ;
#3663 = DIRECTION ( 'NONE',  ( -1.000000000000000000, 0.000000000000000000, 0.000000000000000000 ) ) ;
#3664 = LINE ( 'NONE', #4224, #379 ) ;
#3665 = VERTEX_POINT ( 'NONE', #536 ) ;
#3666 = PERSON_AND_ORGANIZATION ( #952, #4027 ) ;
#3667 = ORIENTED_EDGE ( 'NONE', *, *, #3245, .T. ) ;
#3668 = ORIENTED_EDGE ( 'NONE', *, *, #5012, .F. ) ;
#3669 = VECTOR ( 'NONE', #5907, 1000.000000000000000 ) ;
#3670 = LINE ( 'NONE', #693, #1847 ) ;
#3671 = CARTESIAN_POINT ( 'NONE',  ( -0.4999999999999989453, -22.26461724824543964, 2.286000000000000032 ) ) ;
#3672 = CIRCLE ( 'NONE', #3891, 3.174999999999999822 ) ;
#3673 = ADVANCED_FACE ( 'NONE', ( #4474 ), #438, .T. ) ;
#3674 = DIRECTION ( 'NONE',  ( -0.000000000000000000, -0.000000000000000000, -1.000000000000000000 ) ) ;
#3675 = EDGE_CURVE ( 'NONE', #502, #5596, #5876, .T. ) ;
#3676 = ORIENTED_EDGE ( 'NONE', *, *, #4981, .F. ) ;
#3677 = CIRCLE ( 'NONE', #3359, 3.174999999999999822 ) ;
#3678 = DIRECTION ( 'NONE',  ( 0.000000000000000000, -1.000000000000000000, 0.000000000000000000 ) ) ;
#3679 = DIRECTION ( 'NONE',  ( -1.000000000000000000, 0.000000000000000000, 0.000000000000000000 ) ) ;
#3680 = ORIENTED_EDGE ( 'NONE', *, *, #14, .T. ) ;
#3681 = CIRCLE ( 'NONE', #3468, 3.174999999999999822 ) ;
#3682 = AXIS2_PLACEMENT_3D ( 'NONE', #5704, #703, #1255 ) ;
#3683 = DIRECTION ( 'NONE',  ( -0.000000000000000000, -0.000000000000000000, -1.000000000000000000 ) ) ;
#3684 = DIRECTION ( 'NONE',  ( -0.000000000000000000, -0.000000000000000000, -1.000000000000000000 ) ) ;
#3685 = PLANE ( 'NONE',  #337 ) ;
#3686 = VECTOR ( 'NONE', #1207, 1000.000000000000000 ) ;
#3687 = ADVANCED_FACE ( 'NONE', ( #3949 ), #2021, .T. ) ;
#3688 = VECTOR ( 'NONE', #1, 1000.000000000000000 ) ;
#3689 = ORIENTED_EDGE ( 'NONE', *, *, #1104, .F. ) ;
#3690 = VECTOR ( 'NONE', #5294, 1000.000000000000000 ) ;
#3691 = ORIENTED_EDGE ( 'NONE', *, *, #4611, .T. ) ;
#3692 = AXIS2_PLACEMENT_3D ( 'NONE', #554, #73, #4518 ) ;
#3693 = DIRECTION ( 'NONE',  ( -0.000000000000000000, 1.000000000000000000, 0.000000000000000000 ) ) ;
#3694 = CYLINDRICAL_SURFACE ( 'NONE', #6185, 3.174999999999999822 ) ;
#3695 = AXIS2_PLACEMENT_3D ( 'NONE', #2112, #667, #1194 ) ;
#3696 = EDGE_CURVE ( 'NONE', #4849, #2563, #451, .T. ) ;
#3697 = EDGE_CURVE ( 'NONE', #1385, #2824, #4959, .T. ) ;
#3698 = VECTOR ( 'NONE', #929, 1000.000000000000000 ) ;
#3699 = VECTOR ( 'NONE', #4957, 1000.000000000000000 ) ;
#3700 = ORIENTED_EDGE ( 'NONE', *, *, #4749, .F. ) ;
#3701 = CARTESIAN_POINT ( 'NONE',  ( 0.000000000000000000, 0.000000000000000000, -1.000000000000000000 ) ) ;
#3702 = LOCAL_TIME ( 14, 13, 37.00000000000000000, #4741 ) ;
#3703 = DIRECTION ( 'NONE',  ( 0.000000000000000000, 0.000000000000000000, -1.000000000000000000 ) ) ;
#3704 = EDGE_LOOP ( 'NONE', ( #4802, #150, #6140, #11, #5877, #1024 ) ) ;
#3705 = EDGE_CURVE ( 'NONE', #1451, #1213, #5931, .T. ) ;
#3706 = EDGE_LOOP ( 'NONE', ( #1628, #1086, #2806, #601, #3762, #6312 ) ) ;
#3707 = ORIENTED_EDGE ( 'NONE', *, *, #3609, .F. ) ;
#3708 = VERTEX_POINT ( 'NONE', #2963 ) ;
#3709 = LINE ( 'NONE', #2574, #5183 ) ;
#3710 = ORIENTED_EDGE ( 'NONE', *, *, #1946, .T. ) ;
#3711 = LINE ( 'NONE', #5696, #3482 ) ;
#3712 = CARTESIAN_POINT ( 'NONE',  ( 7.344238815542513343, 4.648654403270939817, -2.286000000000000032 ) ) ;
#3713 = CIRCLE ( 'NONE', #6107, 3.174999999999999822 ) ;
#3714 = VERTEX_POINT ( 'NONE', #3671 ) ;
#3715 = ADVANCED_FACE ( 'NONE', ( #156 ), #695, .F. ) ;
#3716 = LINE ( 'NONE', #4174, #3165 ) ;
#3717 = DIRECTION ( 'NONE',  ( 1.635594980104611741E-16, 1.000000000000000000, -0.000000000000000000 ) ) ;
#3718 = VERTEX_POINT ( 'NONE', #203 ) ;
#3719 = DIRECTION ( 'NONE',  ( 1.855319225643643724E-16, -1.000000000000000000, 0.000000000000000000 ) ) ;
#3720 = LINE ( 'NONE', #5674, #2624 ) ;
#3721 = EDGE_CURVE ( 'NONE', #2746, #1309, #6188, .T. ) ;
#3722 = EDGE_CURVE ( 'NONE', #1184, #2772, #1652, .T. ) ;
#3723 = CARTESIAN_POINT ( 'NONE',  ( 5.199999999999999289, -20.59558441227156678, 3.049999999999999822 ) ) ;
#3724 = VERTEX_POINT ( 'NONE', #4597 ) ;
#3725 = AXIS2_PLACEMENT_3D ( 'NONE', #5382, #4496, #3939 ) ;
#3726 = ORIENTED_EDGE ( 'NONE', *, *, #5036, .F. ) ;
#3727 = CARTESIAN_POINT ( 'NONE',  ( 7.344238815542513343, 4.648654403270939817, -1.000000000000000000 ) ) ;
#3728 = CARTESIAN_POINT ( 'NONE',  ( -0.4999999999999997780, -3.135382751754560271, 2.286000000000000032 ) ) ;
#3729 = ORIENTED_EDGE ( 'NONE', *, *, #4211, .T. ) ;
#3730 = DIRECTION ( 'NONE',  ( 0.7071067811865477948, 0.7071067811865473507, -0.000000000000000000 ) ) ;
#3731 = EDGE_CURVE ( 'NONE', #2166, #1964, #1219, .T. ) ;
#3732 = DIRECTION ( 'NONE',  ( -0.000000000000000000, -0.000000000000000000, -1.000000000000000000 ) ) ;
#3733 = ORIENTED_EDGE ( 'NONE', *, *, #4974, .F. ) ;
#3734 = VERTEX_POINT ( 'NONE', #6222 ) ;
#3735 = ORIENTED_EDGE ( 'NONE', *, *, #3897, .F. ) ;
#3736 = VERTEX_POINT ( 'NONE', #115 ) ;
#3737 = CARTESIAN_POINT ( 'NONE',  ( -6.200000000000001954, -5.218629150101522285, -3.049999999999999822 ) ) ;
#3738 = EDGE_LOOP ( 'NONE', ( #3492, #2543, #2158, #1787 ) ) ;
#3739 = LINE ( 'NONE', #5336, #4538 ) ;
#3740 = CARTESIAN_POINT ( 'NONE',  ( -1.709940206472993816E-16, -0.4999999999999971689, -2.286000000000000032 ) ) ;
#3741 = ORIENTED_EDGE ( 'NONE', *, *, #4624, .F. ) ;
#3742 = CARTESIAN_POINT ( 'NONE',  ( -5.200000000000000178, 6.368163355566236381E-16, 3.049999999999999822 ) ) ;
#3743 = FACE_OUTER_BOUND ( 'NONE', #5763, .T. ) ;
#3744 = VERTEX_POINT ( 'NONE', #3186 ) ;
#3745 = CARTESIAN_POINT ( 'NONE',  ( 3.135382751754560715, -0.4999999999999982792, -2.286000000000000032 ) ) ;
#3746 = LINE ( 'NONE', #5733, #5878 ) ;
#3747 = PLANE ( 'NONE',  #3463 ) ;
#3748 = DIRECTION ( 'NONE',  ( -0.7071067811865470176, 0.7071067811865481278, 0.000000000000000000 ) ) ;
#3749 = CARTESIAN_POINT ( 'NONE',  ( 1.863497014787712791, -2.570603795974261363, 2.286000000000000032 ) ) ;
#3750 = ORIENTED_EDGE ( 'NONE', *, *, #5033, .T. ) ;
#3751 = EDGE_CURVE ( 'NONE', #4623, #3724, #1606, .T. ) ;
#3752 = ORIENTED_EDGE ( 'NONE', *, *, #4001, .T. ) ;
#3753 = DIRECTION ( 'NONE',  ( 1.000000000000000000, 0.000000000000000000, 0.000000000000000000 ) ) ;
#3754 = CARTESIAN_POINT ( 'NONE',  ( -5.200000000000000178, -17.50441558772843464, 3.049999999999999822 ) ) ;
#3755 = ORIENTED_EDGE ( 'NONE', *, *, #2809, .F. ) ;
#3756 = EDGE_CURVE ( 'NONE', #3595, #1719, #2448, .T. ) ;
#3757 = ORIENTED_EDGE ( 'NONE', *, *, #1351, .F. ) ;
#3758 = DIRECTION ( 'NONE',  ( 1.000000000000000000, 0.000000000000000000, 0.000000000000000000 ) ) ;
#3759 = CARTESIAN_POINT ( 'NONE',  ( 2.570603795974264472, -23.53650298521228734, -2.286000000000000032 ) ) ;
#3760 = ORIENTED_EDGE ( 'NONE', *, *, #5000, .T. ) ;
#3761 = CARTESIAN_POINT ( 'NONE',  ( 4.492893218813456713, 5.200000000000000178, 3.049999999999999822 ) ) ;
#3762 = ORIENTED_EDGE ( 'NONE', *, *, #3522, .F. ) ;
#3763 = ORIENTED_EDGE ( 'NONE', *, *, #2851, .T. ) ;
#3764 = DIRECTION ( 'NONE',  ( -0.7071067811865469066, -0.7071067811865482389, 0.000000000000000000 ) ) ;
#3765 = AXIS2_PLACEMENT_3D ( 'NONE', #95, #4998, #6473 ) ;
#3766 = ORIENTED_EDGE ( 'NONE', *, *, #3453, .F. ) ;
#3767 = CARTESIAN_POINT ( 'NONE',  ( 5.199999999999997513, -6.699999999999997513, -1.000000000000000000 ) ) ;
#3768 = EDGE_CURVE ( 'NONE', #2302, #6262, #3646, .T. ) ;
#3769 = ORIENTED_EDGE ( 'NONE', *, *, #3731, .T. ) ;
#3770 = CARTESIAN_POINT ( 'NONE',  ( 6.349999999999999645, 5.068629150101524594, 3.049999999999999822 ) ) ;
#3771 = DIRECTION ( 'NONE',  ( 0.7071067811865480168, 0.7071067811865470176, -0.000000000000000000 ) ) ;
#3772 = CIRCLE ( 'NONE', #5342, 2.100000000000000089 ) ;
#3773 = ORIENTED_EDGE ( 'NONE', *, *, #5449, .F. ) ;
#3774 = DIRECTION ( 'NONE',  ( -1.000000000000000000, 0.000000000000000000, 0.000000000000000000 ) ) ;
#3775 = PLANE ( 'NONE',  #4212 ) ;
#3776 = LINE ( 'NONE', #3289, #4116 ) ;
#3777 = VECTOR ( 'NONE', #5286, 1000.000000000000000 ) ;
#3778 = EDGE_CURVE ( 'NONE', #5215, #5257, #1716, .T. ) ;
#3779 = AXIS2_PLACEMENT_3D ( 'NONE', #2283, #4275, #3321 ) ;
#3780 = VERTEX_POINT ( 'NONE', #2203 ) ;
#3781 = DIRECTION ( 'NONE',  ( 1.000000000000000000, 0.000000000000000000, 0.000000000000000000 ) ) ;
#3782 = VECTOR ( 'NONE', #863, 1000.000000000000000 ) ;
#3783 = CARTESIAN_POINT ( 'NONE',  ( -3.174999999999997602, -25.39999999999999858, -1.000000000000000000 ) ) ;
#3784 = AXIS2_PLACEMENT_3D ( 'NONE', #5916, #847, #6452 ) ;
#3785 = AXIS2_PLACEMENT_3D ( 'NONE', #413, #3855, #6447 ) ;
#3786 = DIRECTION ( 'NONE',  ( -0.000000000000000000, -0.000000000000000000, -1.000000000000000000 ) ) ;
#3787 = ORIENTED_EDGE ( 'NONE', *, *, #5355, .T. ) ;
#3788 = EDGE_CURVE ( 'NONE', #2375, #2592, #5054, .T. ) ;
#3789 = VECTOR ( 'NONE', #2779, 1000.000000000000000 ) ;
#3790 = AXIS2_PLACEMENT_3D ( 'NONE', #1326, #4301, #1884 ) ;
#3791 = VECTOR ( 'NONE', #2063, 1000.000000000000000 ) ;
#3792 = VECTOR ( 'NONE', #292, 1000.000000000000000 ) ;
#3793 = VECTOR ( 'NONE', #6104, 1000.000000000000000 ) ;
#3794 = ORIENTED_EDGE ( 'NONE', *, *, #3768, .T. ) ;
#3795 = DIRECTION ( 'NONE',  ( 1.000000000000000000, 0.000000000000000000, 0.000000000000000000 ) ) ;
#3796 = LINE ( 'NONE', #4739, #907 ) ;
#3797 = VERTEX_POINT ( 'NONE', #1624 ) ;
#3798 = CIRCLE ( 'NONE', #1816, 3.174999999999999822 ) ;
#3799 = ADVANCED_FACE ( 'NONE', ( #5141 ), #5633, .F. ) ;
#3800 = CARTESIAN_POINT ( 'NONE',  ( 1.182358322909695704E-16, -12.69999999999999929, -2.286000000000000032 ) ) ;
#3801 = EDGE_CURVE ( 'NONE', #3481, #4502, #3711, .T. ) ;
#3802 = ORIENTED_EDGE ( 'NONE', *, *, #918, .T. ) ;
#3803 = APPROVAL_PERSON_ORGANIZATION ( #6086, #2808, #5655 ) ;
#3804 = VERTEX_POINT ( 'NONE', #2667 ) ;
#3805 = DIRECTION ( 'NONE',  ( -1.000000000000000000, 7.434522636839145511E-17, 0.000000000000000000 ) ) ;
#3806 = ORIENTED_EDGE ( 'NONE', *, *, #308, .F. ) ;
#3807 = LINE ( 'NONE', #330, #3915 ) ;
#3808 = EDGE_CURVE ( 'NONE', #1967, #4406, #1153, .T. ) ;
#3809 = ORIENTED_EDGE ( 'NONE', *, *, #5964, .T. ) ;
#3810 = CARTESIAN_POINT ( 'NONE',  ( -2.100000000000000533, -12.69999999999999929, -3.050999999999999712 ) ) ;
#3811 = CARTESIAN_POINT ( 'NONE',  ( -5.996446609406727468, -5.996446609406724804, -2.286000000000000032 ) ) ;
#3812 = EDGE_CURVE ( 'NONE', #2306, #780, #874, .T. ) ;
#3813 = EDGE_LOOP ( 'NONE', ( #6401, #705, #4673, #6139 ) ) ;
#3814 = LINE ( 'NONE', #5800, #5217 ) ;
#3815 = FACE_OUTER_BOUND ( 'NONE', #1146, .T. ) ;
#3816 = FACE_OUTER_BOUND ( 'NONE', #902, .T. ) ;
#3817 = CARTESIAN_POINT ( 'NONE',  ( 2.214716320084738350E-15, -25.39999999999999858, 1.000000000000000000 ) ) ;
#3818 = ORIENTED_EDGE ( 'NONE', *, *, #4913, .F. ) ;
#3819 = PLANE ( 'NONE',  #4524 ) ;
#3820 = EDGE_CURVE ( 'NONE', #1115, #1740, #3172, .T. ) ;
#3821 = ORIENTED_EDGE ( 'NONE', *, *, #3490, .T. ) ;
#3822 = LINE ( 'NONE', #1406, #4514 ) ;
#3823 = ORIENTED_EDGE ( 'NONE', *, *, #1311, .F. ) ;
#3824 = AXIS2_PLACEMENT_3D ( 'NONE', #6023, #3469, #2891 ) ;
#3825 = VERTEX_POINT ( 'NONE', #1103 ) ;
#3826 = CARTESIAN_POINT ( 'NONE',  ( -5.200000000000000178, 6.368163355566236381E-16, 3.049999999999999822 ) ) ;
#3827 = DIRECTION ( 'NONE',  ( -0.7071067811865470176, -0.7071067811865480168, 0.000000000000000000 ) ) ;
#3828 = CIRCLE ( 'NONE', #485, 1.499999999999997780 ) ;
#3829 = CYLINDRICAL_SURFACE ( 'NONE', #838, 6.200000000000000178 ) ;
#3830 = CARTESIAN_POINT ( 'NONE',  ( -1.863497014787714567, -2.570603795974260475, 1.000000000000000000 ) ) ;
#3831 = VERTEX_POINT ( 'NONE', #4170 ) ;
#3832 = CARTESIAN_POINT ( 'NONE',  ( -6.200000000000000178, -7.592810154713589835E-16, 1.000000000000000000 ) ) ;
#3833 = EDGE_LOOP ( 'NONE', ( #2089, #2269, #1379, #3049 ) ) ;
#3834 = EDGE_CURVE ( 'NONE', #582, #370, #3120, .T. ) ;
#3835 = ORIENTED_EDGE ( 'NONE', *, *, #6326, .F. ) ;
#3836 = CARTESIAN_POINT ( 'NONE',  ( -2.570603795974262251, -10.83650298521228805, 2.286000000000000032 ) ) ;
#3837 = ORIENTED_EDGE ( 'NONE', *, *, #2187, .F. ) ;
#3838 = DIRECTION ( 'NONE',  ( 0.000000000000000000, 0.000000000000000000, 1.000000000000000000 ) ) ;
#3839 = DIRECTION ( 'NONE',  ( -0.000000000000000000, -0.000000000000000000, -1.000000000000000000 ) ) ;
#3840 = ORIENTED_EDGE ( 'NONE', *, *, #3630, .T. ) ;
#3841 = ADVANCED_FACE ( 'NONE', ( #6157 ), #632, .F. ) ;
#3842 = LINE ( 'NONE', #3415, #744 ) ;
#3843 = DIRECTION ( 'NONE',  ( -0.000000000000000000, -0.000000000000000000, -1.000000000000000000 ) ) ;
#3844 = EDGE_LOOP ( 'NONE', ( #6255, #1797, #130, #4093, #3572, #1979 ) ) ;
#3845 = DIRECTION ( 'NONE',  ( -0.7071067811865474617, -0.7071067811865475727, 0.000000000000000000 ) ) ;
#3846 = DIRECTION ( 'NONE',  ( -1.000000000000000000, 0.000000000000000000, 0.000000000000000000 ) ) ;
#3847 = FACE_OUTER_BOUND ( 'NONE', #4069, .T. ) ;
#3848 = DIRECTION ( 'NONE',  ( 1.000000000000000000, 0.000000000000000000, -0.000000000000000000 ) ) ;
#3849 = DIRECTION ( 'NONE',  ( 1.000000000000000000, -1.092739197465705287E-14, 0.000000000000000000 ) ) ;
#3850 = EDGE_LOOP ( 'NONE', ( #3568, #486, #6217, #6215, #3766, #2897, #1430 ) ) ;
#3851 = CARTESIAN_POINT ( 'NONE',  ( 6.703553390593271821, 6.703553390593272709, 2.286000000000000032 ) ) ;
#3852 = LINE ( 'NONE', #1301, #6279 ) ;
#3853 = DIRECTION ( 'NONE',  ( 1.000000000000000000, 0.000000000000000000, 0.000000000000000000 ) ) ;
#3854 = LINE ( 'NONE', #3323, #4431 ) ;
#3855 = DIRECTION ( 'NONE',  ( 0.000000000000000000, 0.000000000000000000, 1.000000000000000000 ) ) ;
#3856 = EDGE_CURVE ( 'NONE', #5169, #16, #896, .T. ) ;
#3857 = ORIENTED_EDGE ( 'NONE', *, *, #126, .T. ) ;
#3858 = ORIENTED_EDGE ( 'NONE', *, *, #3751, .T. ) ;
#3859 = CARTESIAN_POINT ( 'NONE',  ( 5.355761184457486834, 4.648654403270938928, 1.000000000000000000 ) ) ;
#3860 = LINE ( 'NONE', #1369, #1912 ) ;
#3861 = CARTESIAN_POINT ( 'NONE',  ( 0.5000000000000024425, -8.177974900523098149E-17, -2.286000000000000032 ) ) ;
#3862 = DIRECTION ( 'NONE',  ( -1.000000000000000000, 3.419880412946006861E-16, 0.000000000000000000 ) ) ;
#3863 = LINE ( 'NONE', #5372, #5972 ) ;
#3864 = CARTESIAN_POINT ( 'NONE',  ( 4.492893218813456713, 5.200000000000000178, 3.049999999999999822 ) ) ;
#3865 = EDGE_CURVE ( 'NONE', #1213, #1663, #1316, .T. ) ;
#3866 = ORIENTED_EDGE ( 'NONE', *, *, #3705, .F. ) ;
#3867 = EDGE_CURVE ( 'NONE', #5553, #3604, #346, .T. ) ;
#3868 = CARTESIAN_POINT ( 'NONE',  ( 6.699999999999993960, -6.699999999999999289, 2.286000000000000032 ) ) ;
#3869 = EDGE_LOOP ( 'NONE', ( #380, #1851, #1312, #4582 ) ) ;
#3870 = CARTESIAN_POINT ( 'NONE',  ( 12.69999999999999929, 0.000000000000000000, -2.286000000000000032 ) ) ;
#3871 = DIRECTION ( 'NONE',  ( 1.000000000000000000, 0.000000000000000000, 0.000000000000000000 ) ) ;
#3872 = ORIENTED_EDGE ( 'NONE', *, *, #5113, .F. ) ;
#3873 = PLANE ( 'NONE',  #1594 ) ;
#3874 = DIRECTION ( 'NONE',  ( 0.7071067811865472397, -0.7071067811865479058, 0.000000000000000000 ) ) ;
#3875 = AXIS2_PLACEMENT_3D ( 'NONE', #5247, #3255, #3224 ) ;
#3876 = ORIENTED_EDGE ( 'NONE', *, *, #3311, .F. ) ;
#3877 = CARTESIAN_POINT ( 'NONE',  ( 2.570603795974261363, 1.863497014787713235, 2.286000000000000032 ) ) ;
#3878 = DIRECTION ( 'NONE',  ( 0.000000000000000000, 0.000000000000000000, 1.000000000000000000 ) ) ;
#3879 = LINE ( 'NONE', #905, #867 ) ;
#3880 = DIRECTION ( 'NONE',  ( 0.000000000000000000, -0.000000000000000000, 1.000000000000000000 ) ) ;
#3881 = EDGE_CURVE ( 'NONE', #535, #2077, #5984, .T. ) ;
#3882 = FACE_OUTER_BOUND ( 'NONE', #4065, .T. ) ;
#3883 = ORIENTED_EDGE ( 'NONE', *, *, #6398, .F. ) ;
#3884 = LINE ( 'NONE', #5834, #959 ) ;
#3885 = CARTESIAN_POINT ( 'NONE',  ( -6.200000000000000178, -7.592810154713589835E-16, -3.049999999999999822 ) ) ;
#3886 = VERTEX_POINT ( 'NONE', #6278 ) ;
#3887 = VECTOR ( 'NONE', #2353, 1000.000000000000000 ) ;
#3888 = DIRECTION ( 'NONE',  ( 1.000000000000000000, 0.000000000000000000, 0.000000000000000000 ) ) ;
#3889 = LINE ( 'NONE', #5874, #345 ) ;
#3890 = ORIENTED_EDGE ( 'NONE', *, *, #3808, .T. ) ;
#3891 = AXIS2_PLACEMENT_3D ( 'NONE', #3166, #2214, #2255 ) ;
#3892 = EDGE_CURVE ( 'NONE', #4926, #1334, #4364, .T. ) ;
#3893 = VECTOR ( 'NONE', #5453, 1000.000000000000000 ) ;
#3894 = LINE ( 'NONE', #2422, #1705 ) ;
#3895 = VECTOR ( 'NONE', #5513, 1000.000000000000000 ) ;
#3896 = LINE ( 'NONE', #2882, #5139 ) ;
#3897 = EDGE_CURVE ( 'NONE', #1151, #1570, #6387, .T. ) ;
#3898 = AXIS2_PLACEMENT_3D ( 'NONE', #4699, #814, #3758 ) ;
#3899 = CYLINDRICAL_SURFACE ( 'NONE', #2202, 3.174999999999999822 ) ;
#3900 = CARTESIAN_POINT ( 'NONE',  ( -5.200000000000000178, -4.492893218813451384, 1.000000000000000000 ) ) ;
#3901 = ORIENTED_EDGE ( 'NONE', *, *, #3453, .T. ) ;
#3902 = VECTOR ( 'NONE', #3328, 1000.000000000000000 ) ;
#3903 = VECTOR ( 'NONE', #5885, 1000.000000000000000 ) ;
#3904 = VECTOR ( 'NONE', #4385, 1000.000000000000000 ) ;
#3905 = VECTOR ( 'NONE', #843, 1000.000000000000000 ) ;
#3906 = ORIENTED_EDGE ( 'NONE', *, *, #4930, .T. ) ;
#3907 = EDGE_CURVE ( 'NONE', #293, #2969, #3739, .T. ) ;
#3908 = VECTOR ( 'NONE', #4380, 1000.000000000000000 ) ;
#3909 = VECTOR ( 'NONE', #4755, 1000.000000000000000 ) ;
#3910 = LINE ( 'NONE', #463, #1736 ) ;
#3911 = ORIENTED_EDGE ( 'NONE', *, *, #2313, .T. ) ;
#3912 = DIRECTION ( 'NONE',  ( 0.7071067811865475727, 0.7071067811865474617, -0.000000000000000000 ) ) ;
#3913 = DIRECTION ( 'NONE',  ( 0.7071067811865474617, 0.7071067811865476838, -0.000000000000000000 ) ) ;
#3914 = AXIS2_PLACEMENT_3D ( 'NONE', #6428, #499, #465 ) ;
#3915 = VECTOR ( 'NONE', #5924, 1000.000000000000000 ) ;
#3916 = VERTEX_POINT ( 'NONE', #4262 ) ;
#3917 = CARTESIAN_POINT ( 'NONE',  ( 12.70000000000000107, 5.200000000000000178, 3.049999999999999822 ) ) ;
#3918 = LINE ( 'NONE', #6462, #5131 ) ;
#3919 = ORIENTED_EDGE ( 'NONE', *, *, #4796, .F. ) ;
#3920 = CARTESIAN_POINT ( 'NONE',  ( 1.863497014787721007, -15.27060379597425666, 2.286000000000000032 ) ) ;
#3921 = FACE_OUTER_BOUND ( 'NONE', #3844, .T. ) ;
#3922 = ORIENTED_EDGE ( 'NONE', *, *, #4916, .F. ) ;
#3923 = DIRECTION ( 'NONE',  ( -0.7071067811865474617, -0.7071067811865474617, 0.000000000000000000 ) ) ;
#3924 = DIRECTION ( 'NONE',  ( 0.7071067811865479058, 0.7071067811865472397, -0.000000000000000000 ) ) ;
#3925 = EDGE_CURVE ( 'NONE', #1840, #2080, #5725, .T. ) ;
#3926 = VERTEX_POINT ( 'NONE', #6320 ) ;
#3927 = EDGE_CURVE ( 'NONE', #6099, #2383, #1845, .T. ) ;
#3928 = DIRECTION ( 'NONE',  ( -0.000000000000000000, -0.000000000000000000, -1.000000000000000000 ) ) ;
#3929 = CARTESIAN_POINT ( 'NONE',  ( -0.4999999999999997780, -3.135382751754560271, -2.286000000000000032 ) ) ;
#3930 = CARTESIAN_POINT ( 'NONE',  ( 2.570603795974264916, -23.53650298521228734, 2.286000000000000032 ) ) ;
#3931 = LINE ( 'NONE', #5814, #232 ) ;
#3932 = DIRECTION ( 'NONE',  ( -0.7071067811865473507, -0.7071067811865477948, 0.000000000000000000 ) ) ;
#3933 = DIRECTION ( 'NONE',  ( -0.000000000000000000, -0.000000000000000000, -1.000000000000000000 ) ) ;
#3934 = CARTESIAN_POINT ( 'NONE',  ( 1.182358322909695704E-16, -12.69999999999999929, 1.000000000000000000 ) ) ;
#3935 = EDGE_LOOP ( 'NONE', ( #4937, #166, #1315, #1886 ) ) ;
#3936 = DIRECTION ( 'NONE',  ( -0.000000000000000000, -0.000000000000000000, -1.000000000000000000 ) ) ;
#3937 = EDGE_CURVE ( 'NONE', #1251, #4778, #5271, .T. ) ;
#3938 = ORIENTED_EDGE ( 'NONE', *, *, #3621, .F. ) ;
#3939 = DIRECTION ( 'NONE',  ( -1.000000000000000000, 0.000000000000000000, 0.000000000000000000 ) ) ;
#3940 = ORIENTED_EDGE ( 'NONE', *, *, #396, .F. ) ;
#3941 = FACE_OUTER_BOUND ( 'NONE', #4918, .T. ) ;
#3942 = CARTESIAN_POINT ( 'NONE',  ( 0.000000000000000000, 0.000000000000000000, -2.286000000000000032 ) ) ;
#3943 = EDGE_CURVE ( 'NONE', #5994, #5097, #2761, .T. ) ;
#3944 = ORIENTED_EDGE ( 'NONE', *, *, #6072, .F. ) ;
#3945 = CYLINDRICAL_SURFACE ( 'NONE', #547, 5.199999999999998401 ) ;
#3946 = DIRECTION ( 'NONE',  ( 0.000000000000000000, 0.000000000000000000, -1.000000000000000000 ) ) ;
#3947 = LINE ( 'NONE', #5929, #3174 ) ;
#3948 = ORIENTED_EDGE ( 'NONE', *, *, #5319, .F. ) ;
#3949 = FACE_OUTER_BOUND ( 'NONE', #2619, .T. ) ;
#3950 = DIRECTION ( 'NONE',  ( -0.000000000000000000, -0.000000000000000000, -1.000000000000000000 ) ) ;
#3951 = EDGE_CURVE ( 'NONE', #1669, #1728, #4017, .T. ) ;
#3952 = ORIENTED_EDGE ( 'NONE', *, *, #5295, .F. ) ;
#3953 = CARTESIAN_POINT ( 'NONE',  ( -1.863497014787714345, -10.12939620402574015, 2.286000000000000032 ) ) ;
#3954 = DIRECTION ( 'NONE',  ( -0.7071067811865475727, 0.7071067811865474617, 0.000000000000000000 ) ) ;
#3955 = ORIENTED_EDGE ( 'NONE', *, *, #4282, .F. ) ;
#3956 = LINE ( 'NONE', #4087, #3056 ) ;
#3957 = CARTESIAN_POINT ( 'NONE',  ( 0.000000000000000000, 0.000000000000000000, 3.049999999999999822 ) ) ;
#3958 = DIRECTION ( 'NONE',  ( -0.7071067811865479058, -0.7071067811865472397, 0.000000000000000000 ) ) ;
#3959 = ORIENTED_EDGE ( 'NONE', *, *, #5495, .F. ) ;
#3960 = DIRECTION ( 'NONE',  ( 1.635594980104611741E-16, -1.000000000000000000, 0.000000000000000000 ) ) ;
#3961 = CARTESIAN_POINT ( 'NONE',  ( 7.895584412271571928, 5.200000000000000178, 3.049999999999999822 ) ) ;
#3962 = LINE ( 'NONE', #5945, #3472 ) ;
#3963 = ORIENTED_EDGE ( 'NONE', *, *, #4523, .F. ) ;
#3964 = DIRECTION ( 'NONE',  ( -0.7071067811865482389, 0.7071067811865469066, 0.000000000000000000 ) ) ;
#3965 = EDGE_CURVE ( 'NONE', #4521, #5261, #1815, .T. ) ;
#3966 = EDGE_CURVE ( 'NONE', #2680, #6435, #2789, .T. ) ;
#3967 = ORIENTED_EDGE ( 'NONE', *, *, #1908, .F. ) ;
#3968 = CARTESIAN_POINT ( 'NONE',  ( 5.199999999999997513, -25.39999999999999858, -3.049999999999999822 ) ) ;
#3969 = CARTESIAN_POINT ( 'NONE',  ( 5.996446609406723027, -5.996446609406722139, 1.000000000000000000 ) ) ;
#3970 = DIRECTION ( 'NONE',  ( -1.486904527367829102E-16, 1.000000000000000000, 0.000000000000000000 ) ) ;
#3971 = ORIENTED_EDGE ( 'NONE', *, *, #4076, .T. ) ;
#3972 = CARTESIAN_POINT ( 'NONE',  ( -5.200000000000000178, -20.90710678118654897, 2.286000000000000032 ) ) ;
#3973 = LINE ( 'NONE', #5957, #1932 ) ;
#3974 = ORIENTED_EDGE ( 'NONE', *, *, #3433, .F. ) ;
#3975 = CC_DESIGN_DATE_AND_TIME_ASSIGNMENT ( #1240, #1673, ( #4375 ) ) ;
#3976 = LINE ( 'NONE', #508, #5767 ) ;
#3977 = EDGE_CURVE ( 'NONE', #853, #3926, #298, .T. ) ;
#3978 = CARTESIAN_POINT ( 'NONE',  ( 0.4999999999999981681, 8.177974900523029124E-17, 2.286000000000000032 ) ) ;
#3979 = AXIS2_PLACEMENT_3D ( 'NONE', #4335, #1392, #4269 ) ;
#3980 = ORIENTED_EDGE ( 'NONE', *, *, #3649, .F. ) ;
#3981 = CARTESIAN_POINT ( 'NONE',  ( 2.570603795974265804, -23.53650298521228734, 2.286000000000000032 ) ) ;
#3982 = CARTESIAN_POINT ( 'NONE',  ( 0.3535533905932742305, -0.3535533905932741749, 2.286000000000000032 ) ) ;
#3983 = VERTEX_POINT ( 'NONE', #4004 ) ;
#3984 = CARTESIAN_POINT ( 'NONE',  ( 6.703553390593275374, -6.703553390593273598, -2.286000000000000032 ) ) ;
#3985 = CARTESIAN_POINT ( 'NONE',  ( -4.648654403270939817, -5.355761184457484170, 2.286000000000000032 ) ) ;
#3986 = EDGE_CURVE ( 'NONE', #1578, #2773, #4467, .T. ) ;
#3987 = CARTESIAN_POINT ( 'NONE',  ( 0.000000000000000000, 5.200000000000000178, -1.000000000000000000 ) ) ;
#3988 = LINE ( 'NONE', #1437, #1599 ) ;
#3989 = ORIENTED_EDGE ( 'NONE', *, *, #49, .T. ) ;
#3990 = DIRECTION ( 'NONE',  ( 1.000000000000000000, 0.000000000000000000, 0.000000000000000000 ) ) ;
#3991 = PLANE ( 'NONE',  #6288 ) ;
#3992 = VECTOR ( 'NONE', #6125, 1000.000000000000000 ) ;
#3993 = LINE ( 'NONE', #3607, #753 ) ;
#3994 = ORIENTED_EDGE ( 'NONE', *, *, #5188, .T. ) ;
#3995 = LINE ( 'NONE', #4460, #147 ) ;
#3996 = VECTOR ( 'NONE', #3292, 1000.000000000000000 ) ;
#3997 = ADVANCED_FACE ( 'NONE', ( #3941 ), #5043, .T. ) ;
#3998 = ORIENTED_EDGE ( 'NONE', *, *, #1124, .F. ) ;
#3999 = VECTOR ( 'NONE', #1209, 1000.000000000000000 ) ;
#4000 = EDGE_CURVE ( 'NONE', #4229, #2189, #4951, .T. ) ;
#4001 = EDGE_CURVE ( 'NONE', #4831, #2026, #2526, .T. ) ;
#4002 = LINE ( 'NONE', #3968, #789 ) ;
#4003 = ORIENTED_EDGE ( 'NONE', *, *, #1735, .T. ) ;
#4004 = CARTESIAN_POINT ( 'NONE',  ( -2.100000000000000533, -12.69999999999999929, 2.286000000000000032 ) ) ;
#4005 = VECTOR ( 'NONE', #3046, 999.9999999999998863 ) ;
#4006 = LINE ( 'NONE', #958, #3276 ) ;
#4007 = VECTOR ( 'NONE', #2640, 1000.000000000000000 ) ;
#4008 = VECTOR ( 'NONE', #3446, 1000.000000000000000 ) ;
#4009 = AXIS2_PLACEMENT_3D ( 'NONE', #5116, #3033, #5021 ) ;
#4010 = ORIENTED_EDGE ( 'NONE', *, *, #430, .T. ) ;
#4011 = AXIS2_PLACEMENT_3D ( 'NONE', #1443, #990, #2005 ) ;
#4012 = CARTESIAN_POINT ( 'NONE',  ( 2.214716320084738350E-15, -25.39999999999999858, -2.286000000000000032 ) ) ;
#4013 = VECTOR ( 'NONE', #3634, 1000.000000000000000 ) ;
#4014 = EDGE_CURVE ( 'NONE', #1327, #5973, #51, .T. ) ;
#4015 = DIRECTION ( 'NONE',  ( 0.000000000000000000, 0.000000000000000000, -1.000000000000000000 ) ) ;
#4016 = ORIENTED_EDGE ( 'NONE', *, *, #647, .F. ) ;
#4017 = CIRCLE ( 'NONE', #3379, 6.200000000000000178 ) ;
#4018 = CARTESIAN_POINT ( 'NONE',  ( 12.70000000000000107, 5.200000000000000178, 3.049999999999999822 ) ) ;
#4019 = CARTESIAN_POINT ( 'NONE',  ( -5.068629150101529923, -19.05000000000000426, 3.049999999999999822 ) ) ;
#4020 = CARTESIAN_POINT ( 'NONE',  ( 1.863497014787713235, -2.570603795974262251, 2.286000000000000032 ) ) ;
#4021 = VECTOR ( 'NONE', #2177, 1000.000000000000000 ) ;
#4022 = AXIS2_PLACEMENT_3D ( 'NONE', #505, #4501, #1528 ) ;
#4023 = ORIENTED_EDGE ( 'NONE', *, *, #2918, .F. ) ;
#4024 = EDGE_CURVE ( 'NONE', #5934, #5193, #4949, .T. ) ;
#4025 = CARTESIAN_POINT ( 'NONE',  ( 1.182358322909695704E-16, -12.69999999999999929, 2.286000000000000032 ) ) ;
#4026 = DIRECTION ( 'NONE',  ( 0.000000000000000000, 0.000000000000000000, 1.000000000000000000 ) ) ;
#4027 = ORGANIZATION ( 'UNSPECIFIED', 'UNSPECIFIED', '' ) ;
#4028 = EDGE_LOOP ( 'NONE', ( #3055, #6144, #2600, #4043, #1062, #2876, #1650, #3769, #2613, #1675, #1712, #3487, #4794, #518, #2185, #1212, #1508, #4444, #3461, #1820 ) ) ;
#4029 = CARTESIAN_POINT ( 'NONE',  ( 9.564617248245436798, -0.5000000000000004441, 1.000000000000000000 ) ) ;
#4030 = CARTESIAN_POINT ( 'NONE',  ( -0.5000000000000000000, -15.83538275175456000, -2.286000000000000032 ) ) ;
#4031 = CARTESIAN_POINT ( 'NONE',  ( 0.000000000000000000, 5.200000000000000178, 3.049999999999999822 ) ) ;
#4032 = EDGE_LOOP ( 'NONE', ( #1433, #1130, #2461, #3280 ) ) ;
#4033 = VECTOR ( 'NONE', #1694, 1000.000000000000000 ) ;
#4034 = EDGE_CURVE ( 'NONE', #5466, #3825, #5368, .T. ) ;
#4035 = CARTESIAN_POINT ( 'NONE',  ( 5.199999999999997513, -25.39999999999999858, -3.049999999999999822 ) ) ;
#4036 = VERTEX_POINT ( 'NONE', #3439 ) ;
#4037 = LINE ( 'NONE', #5098, #4216 ) ;
#4038 = DIRECTION ( 'NONE',  ( 1.000000000000000000, 0.000000000000000000, 0.000000000000000000 ) ) ;
#4039 = CARTESIAN_POINT ( 'NONE',  ( -0.3535533905932727872, 0.3535533905932727872, 2.286000000000000032 ) ) ;
#4040 = ORIENTED_EDGE ( 'NONE', *, *, #3311, .T. ) ;
#4041 = CIRCLE ( 'NONE', #3507, 2.100000000000000533 ) ;
#4042 = DIRECTION ( 'NONE',  ( -1.635594980104611741E-16, 1.000000000000000000, 0.000000000000000000 ) ) ;
#4043 = ORIENTED_EDGE ( 'NONE', *, *, #2399, .F. ) ;
#4044 = LINE ( 'NONE', #2008, #1951 ) ;
#4045 = ORIENTED_EDGE ( 'NONE', *, *, #4128, .T. ) ;
#4046 = FACE_OUTER_BOUND ( 'NONE', #6146, .T. ) ;
#4047 = EDGE_CURVE ( 'NONE', #950, #1769, #3021, .T. ) ;
#4048 = DIRECTION ( 'NONE',  ( 0.000000000000000000, 0.000000000000000000, 1.000000000000000000 ) ) ;
#4049 = ORIENTED_EDGE ( 'NONE', *, *, #551, .F. ) ;
#4050 = AXIS2_PLACEMENT_3D ( 'NONE', #4797, #4841, #360 ) ;
#4051 = ORIENTED_EDGE ( 'NONE', *, *, #4637, .T. ) ;
#4052 = DIRECTION ( 'NONE',  ( 1.000000000000000000, -1.734723475976809658E-15, 0.000000000000000000 ) ) ;
#4053 = CARTESIAN_POINT ( 'NONE',  ( -5.200000000000000178, 6.368163355566236381E-16, 2.286000000000000032 ) ) ;
#4054 = EDGE_LOOP ( 'NONE', ( #552, #199, #3857, #2986, #879, #5920, #5133, #4451 ) ) ;
#4055 = DIRECTION ( 'NONE',  ( 0.000000000000000000, 0.000000000000000000, 1.000000000000000000 ) ) ;
#4056 = CARTESIAN_POINT ( 'NONE',  ( -0.4999999999999989453, -22.26461724824543964, 2.286000000000000032 ) ) ;
#4057 = ADVANCED_FACE ( 'NONE', ( #1484 ), #957, .T. ) ;
#4058 = EDGE_LOOP ( 'NONE', ( #5042, #300, #4587, #510 ) ) ;
#4059 = DIRECTION ( 'NONE',  ( 0.000000000000000000, -0.000000000000000000, -1.000000000000000000 ) ) ;
#4060 = DIRECTION ( 'NONE',  ( 0.7071067811865489050, -0.7071067811865462405, 0.000000000000000000 ) ) ;
#4061 = CARTESIAN_POINT ( 'NONE',  ( 2.214716320084738350E-15, -25.39999999999999858, 2.286000000000000032 ) ) ;
#4062 = DIRECTION ( 'NONE',  ( -0.000000000000000000, -0.000000000000000000, 1.000000000000000000 ) ) ;
#4063 = DIRECTION ( 'NONE',  ( -0.000000000000000000, -0.000000000000000000, -1.000000000000000000 ) ) ;
#4064 = VERTEX_POINT ( 'NONE', #12 ) ;
#4065 = EDGE_LOOP ( 'NONE', ( #5539, #5332, #3994, #104, #5755, #785 ) ) ;
#4066 = LINE ( 'NONE', #3500, #873 ) ;
#4067 = LINE ( 'NONE', #3045, #4835 ) ;
#4068 = DIRECTION ( 'NONE',  ( -0.7071067811865474617, -0.7071067811865475727, 0.000000000000000000 ) ) ;
#4069 = EDGE_LOOP ( 'NONE', ( #4462, #492, #3377, #3906, #3179, #4652 ) ) ;
#4070 = EDGE_CURVE ( 'NONE', #4573, #268, #2437, .T. ) ;
#4071 = ORIENTED_EDGE ( 'NONE', *, *, #1099, .F. ) ;
#4072 = DIRECTION ( 'NONE',  ( -0.7071067811865475727, 0.7071067811865474617, 0.000000000000000000 ) ) ;
#4073 = FACE_OUTER_BOUND ( 'NONE', #6180, .T. ) ;
#4074 = EDGE_LOOP ( 'NONE', ( #2110, #2212, #4105, #1059 ) ) ;
#4075 = PLANE ( 'NONE',  #5782 ) ;
#4076 = EDGE_CURVE ( 'NONE', #3734, #9, #5475, .T. ) ;
#4077 = LINE ( 'NONE', #4498, #2658 ) ;
#4078 = VERTEX_POINT ( 'NONE', #4983 ) ;
#4079 = CARTESIAN_POINT ( 'NONE',  ( 2.570603795974260919, -1.863497014787713679, 2.286000000000000032 ) ) ;
#4080 = DIRECTION ( 'NONE',  ( 1.000000000000000000, 0.000000000000000000, 0.000000000000000000 ) ) ;
#4081 = PLANE ( 'NONE',  #5259 ) ;
#4082 = ORIENTED_EDGE ( 'NONE', *, *, #5909, .F. ) ;
#4083 = ADVANCED_FACE ( 'NONE', ( #4046 ), #4562, .T. ) ;
#4084 = PLANE ( 'NONE',  #6294 ) ;
#4085 = LINE ( 'NONE', #5585, #1074 ) ;
#4086 = ORIENTED_EDGE ( 'NONE', *, *, #5715, .F. ) ;
#4087 = CARTESIAN_POINT ( 'NONE',  ( -6.200000000000000178, -7.592810154713589835E-16, -3.049999999999999822 ) ) ;
#4088 = DIRECTION ( 'NONE',  ( -1.000000000000000000, 0.000000000000000000, 0.000000000000000000 ) ) ;
#4089 = ADVANCED_FACE ( 'NONE', ( #996 ), #1907, .F. ) ;
#4090 = EDGE_CURVE ( 'NONE', #3285, #5439, #5894, .T. ) ;
#4091 = LINE ( 'NONE', #4126, #756 ) ;
#4092 = VECTOR ( 'NONE', #6256, 1000.000000000000000 ) ;
#4093 = ORIENTED_EDGE ( 'NONE', *, *, #1618, .F. ) ;
#4094 = ORIENTED_EDGE ( 'NONE', *, *, #5155, .T. ) ;
#4095 = AXIS2_PLACEMENT_3D ( 'NONE', #6164, #213, #4640 ) ;
#4096 = DIRECTION ( 'NONE',  ( 0.7071067811865474617, 0.7071067811865474617, 0.000000000000000000 ) ) ;
#4097 = DIRECTION ( 'NONE',  ( 0.7071067811865480168, 0.7071067811865470176, -0.000000000000000000 ) ) ;
#4098 = DIRECTION ( 'NONE',  ( 0.7071067811865489050, 0.7071067811865462405, -0.000000000000000000 ) ) ;
#4099 = ORIENTED_EDGE ( 'NONE', *, *, #2454, .T. ) ;
#4100 = ORIENTED_EDGE ( 'NONE', *, *, #599, .T. ) ;
#4101 = CARTESIAN_POINT ( 'NONE',  ( 12.34644660940672800, -12.34644660940672267, 1.000000000000000000 ) ) ;
#4102 = ADVANCED_FACE ( 'NONE', ( #2950 ), #928, .F. ) ;
#4103 = AXIS2_PLACEMENT_3D ( 'NONE', #2925, #5537, #1487 ) ;
#4104 = LINE ( 'NONE', #2688, #3623 ) ;
#4105 = ORIENTED_EDGE ( 'NONE', *, *, #5678, .T. ) ;
#4106 = CARTESIAN_POINT ( 'NONE',  ( 1.347792206135791870, -1.347792206135789872, 2.286000000000000032 ) ) ;
#4107 = CIRCLE ( 'NONE', #3466, 3.174999999999999822 ) ;
#4108 = VERTEX_POINT ( 'NONE', #2472 ) ;
#4109 = CIRCLE ( 'NONE', #3063, 3.174999999999999822 ) ;
#4110 = ORIENTED_EDGE ( 'NONE', *, *, #5699, .F. ) ;
#4111 = ADVANCED_FACE ( 'NONE', ( #2498, #4497, #80, #2081, #1579 ), #4075, .T. ) ;
#4112 = VECTOR ( 'NONE', #3843, 1000.000000000000000 ) ;
#4113 = DIRECTION ( 'NONE',  ( -1.486904527367829102E-16, 1.000000000000000000, 0.000000000000000000 ) ) ;
#4114 = DIRECTION ( 'NONE',  ( 1.000000000000000000, -3.419880412946006861E-16, 0.000000000000000000 ) ) ;
#4115 = DIRECTION ( 'NONE',  ( 0.000000000000000000, 0.000000000000000000, -1.000000000000000000 ) ) ;
#4116 = VECTOR ( 'NONE', #805, 1000.000000000000000 ) ;
#4117 = VECTOR ( 'NONE', #2552, 1000.000000000000114 ) ;
#4118 = ORIENTED_EDGE ( 'NONE', *, *, #1548, .T. ) ;
#4119 = DIRECTION ( 'NONE',  ( -0.7071067811865473507, -0.7071067811865477948, 0.000000000000000000 ) ) ;
#4120 = DIRECTION ( 'NONE',  ( 0.000000000000000000, 0.000000000000000000, 1.000000000000000000 ) ) ;
#4121 = VECTOR ( 'NONE', #1987, 1000.000000000000000 ) ;
#4122 = FACE_OUTER_BOUND ( 'NONE', #2433, .T. ) ;
#4123 = DIRECTION ( 'NONE',  ( -0.000000000000000000, -0.000000000000000000, -1.000000000000000000 ) ) ;
#4124 = AXIS2_PLACEMENT_3D ( 'NONE', #352, #5810, #839 ) ;
#4125 = VECTOR ( 'NONE', #38, 1000.000000000000000 ) ;
#4126 = CARTESIAN_POINT ( 'NONE',  ( 3.135382751754560271, 0.4999999999999998890, 2.286000000000000032 ) ) ;
#4127 = AXIS2_PLACEMENT_3D ( 'NONE', #2042, #1081, #2614 ) ;
#4128 = EDGE_CURVE ( 'NONE', #3116, #4740, #1041, .T. ) ;
#4129 = VECTOR ( 'NONE', #3558, 1000.000000000000000 ) ;
#4130 = ORIENTED_EDGE ( 'NONE', *, *, #2679, .T. ) ;
#4131 = VECTOR ( 'NONE', #5726, 1000.000000000000000 ) ;
#4132 = ORIENTED_EDGE ( 'NONE', *, *, #5678, .F. ) ;
#4133 = FACE_OUTER_BOUND ( 'NONE', #3704, .T. ) ;
#4134 = CARTESIAN_POINT ( 'NONE',  ( 12.69999999999999929, 0.000000000000000000, 2.286000000000000032 ) ) ;
#4135 = LINE ( 'NONE', #1607, #4005 ) ;
#4136 = ORIENTED_EDGE ( 'NONE', *, *, #6206, .F. ) ;
#4137 = AXIS2_PLACEMENT_3D ( 'NONE', #1731, #2257, #5646 ) ;
#4138 = ORIENTED_EDGE ( 'NONE', *, *, #5727, .T. ) ;
#4139 = CARTESIAN_POINT ( 'NONE',  ( 9.564617248245436798, 0.4999999999999993339, 1.000000000000000000 ) ) ;
#4140 = CARTESIAN_POINT ( 'NONE',  ( 0.000000000000000000, 0.000000000000000000, 3.049999999999999822 ) ) ;
#4141 = ORIENTED_EDGE ( 'NONE', *, *, #1216, .F. ) ;
#4142 =( NAMED_UNIT ( * ) SI_UNIT ( $, .STERADIAN. ) SOLID_ANGLE_UNIT ( ) );
#4143 = EDGE_CURVE ( 'NONE', #4599, #3418, #1092, .T. ) ;
#4144 = ORIENTED_EDGE ( 'NONE', *, *, #2833, .T. ) ;
#4145 = DIRECTION ( 'NONE',  ( -0.000000000000000000, -0.000000000000000000, -1.000000000000000000 ) ) ;
#4146 = PLANE ( 'NONE',  #350 ) ;
#4147 = EDGE_CURVE ( 'NONE', #694, #2592, #4966, .T. ) ;
#4148 = ORIENTED_EDGE ( 'NONE', *, *, #6281, .F. ) ;
#4149 = LINE ( 'NONE', #6002, #3475 ) ;
#4150 = DIRECTION ( 'NONE',  ( 1.000000000000000000, 0.000000000000000000, 0.000000000000000000 ) ) ;
#4151 = DIRECTION ( 'NONE',  ( -0.000000000000000000, -0.000000000000000000, -1.000000000000000000 ) ) ;
#4152 = CYLINDRICAL_SURFACE ( 'NONE', #33, 3.174999999999999822 ) ;
#4153 = LINE ( 'NONE', #4031, #6298 ) ;
#4154 = ORIENTED_EDGE ( 'NONE', *, *, #5909, .T. ) ;
#4155 = ORIENTED_EDGE ( 'NONE', *, *, #4322, .F. ) ;
#4156 = CARTESIAN_POINT ( 'NONE',  ( 6.703553390593275374, -6.703553390593273598, 2.286000000000000032 ) ) ;
#4157 = CARTESIAN_POINT ( 'NONE',  ( 8.207106781186544353, -5.200000000000000178, 1.000000000000000000 ) ) ;
#4158 = ORIENTED_EDGE ( 'NONE', *, *, #313, .F. ) ;
#4159 = EDGE_LOOP ( 'NONE', ( #2792, #3067, #5949, #1895, #5587, #1919 ) ) ;
#4160 = DIRECTION ( 'NONE',  ( 3.419880412946006861E-16, 1.000000000000000000, -0.000000000000000000 ) ) ;
#4161 = EDGE_CURVE ( 'NONE', #200, #5626, #1502, .T. ) ;
#4162 = LINE ( 'NONE', #5079, #2890 ) ;
#4163 = ORIENTED_EDGE ( 'NONE', *, *, #5495, .T. ) ;
#4164 = ADVANCED_FACE ( 'NONE', ( #3101 ), #1995, .T. ) ;
#4165 = APPROVAL_STATUS ( 'not_yet_approved' ) ;
#4166 = ADVANCED_FACE ( 'NONE', ( #4511 ), #6445, .T. ) ;
#4167 = ORIENTED_EDGE ( 'NONE', *, *, #2462, .F. ) ;
#4168 = ORIENTED_EDGE ( 'NONE', *, *, #3348, .T. ) ;
#4169 = CARTESIAN_POINT ( 'NONE',  ( -3.654415587728429671, -19.05000000000000071, -3.049999999999999822 ) ) ;
#4170 = CARTESIAN_POINT ( 'NONE',  ( 7.895584412271573704, 5.200000000000000178, 3.049999999999999822 ) ) ;
#4171 = DIRECTION ( 'NONE',  ( 1.000000000000000000, -3.419880412946006861E-16, 0.000000000000000000 ) ) ;
#4172 = EDGE_CURVE ( 'NONE', #222, #788, #28, .T. ) ;
#4173 = ORIENTED_EDGE ( 'NONE', *, *, #4747, .T. ) ;
#4174 = CARTESIAN_POINT ( 'NONE',  ( 12.69999999999999929, 5.200000000000000178, 3.049999999999999822 ) ) ;
#4175 = CARTESIAN_POINT ( 'NONE',  ( 2.570603795974261363, 1.863497014787713235, -2.286000000000000032 ) ) ;
#4176 = EDGE_CURVE ( 'NONE', #998, #4890, #768, .T. ) ;
#4177 = EDGE_CURVE ( 'NONE', #2020, #3886, #1012, .T. ) ;
#4178 = ORIENTED_EDGE ( 'NONE', *, *, #3105, .F. ) ;
#4179 = DIRECTION ( 'NONE',  ( 1.000000000000000000, 0.000000000000000000, 0.000000000000000000 ) ) ;
#4180 = CARTESIAN_POINT ( 'NONE',  ( -5.200000000000000178, 0.000000000000000000, -1.000000000000000000 ) ) ;
#4181 = CARTESIAN_POINT ( 'NONE',  ( -2.570603795974262251, -10.83650298521228805, -1.000000000000000000 ) ) ;
#4182 = ORIENTED_EDGE ( 'NONE', *, *, #4047, .F. ) ;
#4183 = EDGE_CURVE ( 'NONE', #3089, #1373, #3956, .T. ) ;
#4184 = ORIENTED_EDGE ( 'NONE', *, *, #1404, .F. ) ;
#4185 = CARTESIAN_POINT ( 'NONE',  ( 14.80000000000000071, 0.000000000000000000, -3.050999999999999712 ) ) ;
#4186 = FACE_OUTER_BOUND ( 'NONE', #4315, .T. ) ;
#4187 = ORIENTED_EDGE ( 'NONE', *, *, #2469, .F. ) ;
#4188 = AXIS2_PLACEMENT_3D ( 'NONE', #3364, #5915, #6378 ) ;
#4189 = ORIENTED_EDGE ( 'NONE', *, *, #2815, .F. ) ;
#4190 = CARTESIAN_POINT ( 'NONE',  ( 6.349999999999999645, 3.654415587728425230, 3.049999999999999822 ) ) ;
#4191 = CARTESIAN_POINT ( 'NONE',  ( -2.570603795974263139, -14.56349701478771053, 2.286000000000000032 ) ) ;
#4192 = COORDINATED_UNIVERSAL_TIME_OFFSET ( 6, 0, .BEHIND. ) ;
#4193 = EDGE_CURVE ( 'NONE', #2873, #2383, #1110, .T. ) ;
#4194 = ORIENTED_EDGE ( 'NONE', *, *, #4439, .T. ) ;
#4195 = ORIENTED_EDGE ( 'NONE', *, *, #5570, .T. ) ;
#4196 = EDGE_CURVE ( 'NONE', #5635, #1600, #4480, .T. ) ;
#4197 = ORIENTED_EDGE ( 'NONE', *, *, #1497, .F. ) ;
#4198 = LINE ( 'NONE', #5694, #2040 ) ;
#4199 = DIRECTION ( 'NONE',  ( -1.000000000000000000, -1.635594980104611741E-16, 0.000000000000000000 ) ) ;
#4200 = CIRCLE ( 'NONE', #2732, 2.100000000000000533 ) ;
#4201 = LINE ( 'NONE', #3218, #153 ) ;
#4202 = ORIENTED_EDGE ( 'NONE', *, *, #1234, .F. ) ;
#4203 = CARTESIAN_POINT ( 'NONE',  ( 5.199999999999997513, -17.50441558772843820, -2.286000000000000032 ) ) ;
#4204 = LINE ( 'NONE', #1749, #1488 ) ;
#4205 = VECTOR ( 'NONE', #105, 1000.000000000000000 ) ;
#4206 = CIRCLE ( 'NONE', #3682, 3.174999999999999822 ) ;
#4207 = DIRECTION ( 'NONE',  ( -0.7071067811865477948, 0.7071067811865473507, 0.000000000000000000 ) ) ;
#4208 = CARTESIAN_POINT ( 'NONE',  ( 0.000000000000000000, 0.000000000000000000, 1.000000000000000000 ) ) ;
#4209 = LINE ( 'NONE', #3225, #5873 ) ;
#4210 = CIRCLE ( 'NONE', #2323, 3.174999999999999822 ) ;
#4211 = EDGE_CURVE ( 'NONE', #782, #1417, #5514, .T. ) ;
#4212 = AXIS2_PLACEMENT_3D ( 'NONE', #5831, #1393, #3346 ) ;
#4213 = ORIENTED_EDGE ( 'NONE', *, *, #4880, .F. ) ;
#4214 = VECTOR ( 'NONE', #3964, 999.9999999999998863 ) ;
#4215 = ORIENTED_EDGE ( 'NONE', *, *, #1901, .T. ) ;
#4216 = VECTOR ( 'NONE', #617, 1000.000000000000000 ) ;
#4217 = PLANE ( 'NONE',  #4137 ) ;
#4218 = LINE ( 'NONE', #2805, #1386 ) ;
#4219 = ORIENTED_EDGE ( 'NONE', *, *, #4397, .F. ) ;
#4220 = VECTOR ( 'NONE', #2010, 1000.000000000000000 ) ;
#4221 = VECTOR ( 'NONE', #2952, 1000.000000000000000 ) ;
#4222 = ORIENTED_EDGE ( 'NONE', *, *, #5687, .F. ) ;
#4223 = CARTESIAN_POINT ( 'NONE',  ( -5.996446609406727468, -5.996446609406724804, 2.286000000000000032 ) ) ;
#4224 = CARTESIAN_POINT ( 'NONE',  ( -5.200000000000000178, -4.804415587728425585, 3.049999999999999822 ) ) ;
#4225 = ORIENTED_EDGE ( 'NONE', *, *, #602, .T. ) ;
#4226 = DATE_AND_TIME ( #2690, #5159 ) ;
#4227 = EDGE_CURVE ( 'NONE', #3569, #3916, #2033, .T. ) ;
#4228 = EDGE_LOOP ( 'NONE', ( #437, #3545, #5482, #3084, #3181, #4743, #6221, #2984, #2134, #3214, #3624, #6207, #3661, #4667, #842, #2321, #34, #1157, #5223, #1230, #1593, #5227, #1659, #6277, #2990, #4197, #6021, #5865, #2363, #303, #3541, #3293, #464, #4613, #1419, #5356, #1128, #3470, #1398, #2265, #3998, #3532, #3619, #3821, #6271, #2205, #5510, #1747, #4565, #586, #1303, #3432, #1208, #2562, #1828, #3357, #1471, #3802, #557, #3232, #4989, #275, #4811, #5644, #2070, #1970, #6176, #6351 ) ) ;
#4229 = VERTEX_POINT ( 'NONE', #2066 ) ;
#4230 = ORIENTED_EDGE ( 'NONE', *, *, #6266, .F. ) ;
#4231 = ADVANCED_BREP_SHAPE_REPRESENTATION ( '228-2500-145', ( #3073, #1518 ), #1937 ) ;
#4232 = LINE ( 'NONE', #2759, #3204 ) ;
#4233 = VERTEX_POINT ( 'NONE', #514 ) ;
#4234 = DIRECTION ( 'NONE',  ( 0.000000000000000000, 0.000000000000000000, 1.000000000000000000 ) ) ;
#4235 = CARTESIAN_POINT ( 'NONE',  ( 10.12939620402573659, 1.863497014787714789, 2.286000000000000032 ) ) ;
#4236 = VERTEX_POINT ( 'NONE', #4029 ) ;
#4237 = DIRECTION ( 'NONE',  ( -0.000000000000000000, -0.000000000000000000, -1.000000000000000000 ) ) ;
#4238 = DIRECTION ( 'NONE',  ( -0.000000000000000000, -0.000000000000000000, -1.000000000000000000 ) ) ;
#4239 = ORIENTED_EDGE ( 'NONE', *, *, #4787, .T. ) ;
#4240 = PLANE ( 'NONE',  #3075 ) ;
#4241 = CYLINDRICAL_SURFACE ( 'NONE', #3150, 2.100000000000000533 ) ;
#4242 = CARTESIAN_POINT ( 'NONE',  ( 5.199999999999997513, 0.000000000000000000, -1.000000000000000000 ) ) ;
#4243 = CARTESIAN_POINT ( 'NONE',  ( -7.697792206135781079, -7.697792206135774862, -1.000000000000000000 ) ) ;
#4244 = ADVANCED_FACE ( 'NONE', ( #6039 ), #2511, .T. ) ;
#4245 = ORIENTED_EDGE ( 'NONE', *, *, #5423, .F. ) ;
#4246 = VECTOR ( 'NONE', #6214, 1000.000000000000000 ) ;
#4247 = ORIENTED_EDGE ( 'NONE', *, *, #1257, .T. ) ;
#4248 = CARTESIAN_POINT ( 'NONE',  ( 0.4999999999999987232, -3.135382751754560715, -2.286000000000000032 ) ) ;
#4249 = LINE ( 'NONE', #2775, #5044 ) ;
#4250 = VERTEX_POINT ( 'NONE', #3527 ) ;
#4251 = EDGE_LOOP ( 'NONE', ( #190, #4679, #3498, #616 ) ) ;
#4252 = CARTESIAN_POINT ( 'NONE',  ( 6.699999999999993960, -6.199999999999999289, 3.049999999999999822 ) ) ;
#4253 = ADVANCED_FACE ( 'NONE', ( #66 ), #3036, .T. ) ;
#4254 = FACE_OUTER_BOUND ( 'NONE', #4323, .T. ) ;
#4255 = ORIENTED_EDGE ( 'NONE', *, *, #311, .F. ) ;
#4256 = DIRECTION ( 'NONE',  ( 1.000000000000000000, 1.024442997624098830E-16, -0.000000000000000000 ) ) ;
#4257 = ORIENTED_EDGE ( 'NONE', *, *, #2399, .T. ) ;
#4258 = EDGE_LOOP ( 'NONE', ( #1926, #758, #2686, #420, #3601, #6340, #4477, #394 ) ) ;
#4259 = ADVANCED_FACE ( 'NONE', ( #2583 ), #4578, .T. ) ;
#4260 = CARTESIAN_POINT ( 'NONE',  ( 6.792893218813456535, -5.199999999999999289, -1.000000000000000000 ) ) ;
#4261 = ORIENTED_EDGE ( 'NONE', *, *, #3657, .T. ) ;
#4262 = CARTESIAN_POINT ( 'NONE',  ( 2.100000000000000533, -12.69999999999999929, 2.286000000000000032 ) ) ;
#4263 = LINE ( 'NONE', #6223, #5776 ) ;
#4264 = ORIENTED_EDGE ( 'NONE', *, *, #5912, .F. ) ;
#4265 = CARTESIAN_POINT ( 'NONE',  ( -5.200000000000000178, 6.368163355566236381E-16, 2.286000000000000032 ) ) ;
#4266 = PLANE ( 'NONE',  #4310 ) ;
#4267 = EDGE_CURVE ( 'NONE', #4849, #5165, #1254, .T. ) ;
#4268 = ORIENTED_EDGE ( 'NONE', *, *, #2618, .T. ) ;
#4269 = DIRECTION ( 'NONE',  ( 1.000000000000000000, 0.000000000000000000, 0.000000000000000000 ) ) ;
#4270 = CYLINDRICAL_SURFACE ( 'NONE', #763, 6.199999999999997513 ) ;
#4271 = CARTESIAN_POINT ( 'NONE',  ( 3.717261318419573372E-17, 0.5000000000000001110, 2.286000000000000032 ) ) ;
#4272 = CARTESIAN_POINT ( 'NONE',  ( -3.174999999999999822, -12.69999999999999929, 1.000000000000000000 ) ) ;
#4273 = EDGE_CURVE ( 'NONE', #2563, #1840, #3158, .T. ) ;
#4274 = ORIENTED_EDGE ( 'NONE', *, *, #4439, .F. ) ;
#4275 = DIRECTION ( 'NONE',  ( -0.000000000000000000, -0.000000000000000000, -1.000000000000000000 ) ) ;
#4276 = ORIENTED_EDGE ( 'NONE', *, *, #2076, .T. ) ;
#4277 = EDGE_CURVE ( 'NONE', #3110, #535, #5151, .T. ) ;
#4278 = CARTESIAN_POINT ( 'NONE',  ( 1.182358322909695704E-16, -12.69999999999999929, 2.286000000000000032 ) ) ;
#4279 = DIRECTION ( 'NONE',  ( 1.000000000000000000, 0.000000000000000000, 0.000000000000000000 ) ) ;
#4280 = ORIENTED_EDGE ( 'NONE', *, *, #2664, .T. ) ;
#4281 = ORIENTED_EDGE ( 'NONE', *, *, #2193, .F. ) ;
#4282 = EDGE_CURVE ( 'NONE', #1251, #502, #3054, .T. ) ;
#4283 = DIRECTION ( 'NONE',  ( 0.000000000000000000, 0.000000000000000000, -1.000000000000000000 ) ) ;
#4284 = ORIENTED_EDGE ( 'NONE', *, *, #2076, .F. ) ;
#4285 = DIRECTION ( 'NONE',  ( 1.000000000000000000, 0.000000000000000000, 0.000000000000000000 ) ) ;
#4286 = ADVANCED_FACE ( 'NONE', ( #1752 ), #673, .T. ) ;
#4287 = ORIENTED_EDGE ( 'NONE', *, *, #2685, .T. ) ;
#4288 = ORIENTED_EDGE ( 'NONE', *, *, #4787, .F. ) ;
#4289 = DIRECTION ( 'NONE',  ( -1.000000000000000000, 0.000000000000000000, 0.000000000000000000 ) ) ;
#4290 = ORIENTED_EDGE ( 'NONE', *, *, #610, .T. ) ;
#4291 = DIRECTION ( 'NONE',  ( 0.000000000000000000, 0.000000000000000000, 1.000000000000000000 ) ) ;
#4292 = ADVANCED_FACE ( 'NONE', ( #4663 ), #3747, .T. ) ;
#4293 = ORIENTED_EDGE ( 'NONE', *, *, #1234, .T. ) ;
#4294 = DIRECTION ( 'NONE',  ( 0.000000000000000000, 0.000000000000000000, 1.000000000000000000 ) ) ;
#4295 = CARTESIAN_POINT ( 'NONE',  ( 5.996446609406727468, -5.996446609406725692, -1.000000000000000000 ) ) ;
#4296 = CIRCLE ( 'NONE', #129, 3.175000000000000711 ) ;
#4297 = ORIENTED_EDGE ( 'NONE', *, *, #2069, .T. ) ;
#4298 = DIRECTION ( 'NONE',  ( 0.7071067811865472397, 0.7071067811865479058, -0.000000000000000000 ) ) ;
#4299 = FACE_OUTER_BOUND ( 'NONE', #1306, .T. ) ;
#4300 = FACE_OUTER_BOUND ( 'NONE', #5717, .T. ) ;
#4301 = DIRECTION ( 'NONE',  ( 0.7071067811865475727, -0.7071067811865474617, 0.000000000000000000 ) ) ;
#4302 = VECTOR ( 'NONE', #6305, 1000.000000000000000 ) ;
#4303 = VECTOR ( 'NONE', #2484, 1000.000000000000000 ) ;
#4304 = CARTESIAN_POINT ( 'NONE',  ( 0.4999999999999987232, -22.26461724824543964, 2.286000000000000032 ) ) ;
#4305 = ORIENTED_EDGE ( 'NONE', *, *, #5631, .T. ) ;
#4306 = DIRECTION ( 'NONE',  ( -1.040833169157480322E-16, -1.000000000000000000, 0.000000000000000000 ) ) ;
#4307 = AXIS2_PLACEMENT_3D ( 'NONE', #2593, #1645, #5686 ) ;
#4308 = VERTEX_POINT ( 'NONE', #1160 ) ;
#4309 = CARTESIAN_POINT ( 'NONE',  ( 3.717261318419573372E-17, 0.5000000000000001110, 2.286000000000000032 ) ) ;
#4310 = AXIS2_PLACEMENT_3D ( 'NONE', #2377, #3874, #5857 ) ;
#4311 = VECTOR ( 'NONE', #1256, 1000.000000000000000 ) ;
#4312 = CARTESIAN_POINT ( 'NONE',  ( 6.703553390593276262, -6.703553390593274486, -1.000000000000000000 ) ) ;
#4313 = AXIS2_PLACEMENT_3D ( 'NONE', #4515, #4873, #5400 ) ;
#4314 = AXIS2_PLACEMENT_3D ( 'NONE', #2539, #3062, #6000 ) ;
#4315 = EDGE_LOOP ( 'NONE', ( #4766, #197, #6260, #5630 ) ) ;
#4316 = CARTESIAN_POINT ( 'NONE',  ( 0.4999999999999997780, -15.83538275175456000, -1.000000000000000000 ) ) ;
#4317 = VECTOR ( 'NONE', #1245, 1000.000000000000000 ) ;
#4318 = CARTESIAN_POINT ( 'NONE',  ( 8.207106781186546129, 5.200000000000000178, 2.286000000000000032 ) ) ;
#4319 = VERTEX_POINT ( 'NONE', #2700 ) ;
#4320 = VECTOR ( 'NONE', #157, 1000.000000000000000 ) ;
#4321 = LINE ( 'NONE', #6381, #3690 ) ;
#4322 = EDGE_CURVE ( 'NONE', #2471, #2873, #1137, .T. ) ;
#4323 = EDGE_LOOP ( 'NONE', ( #1008, #255, #4702, #1778 ) ) ;
#4324 = LOCAL_TIME ( 14, 13, 37.00000000000000000, #3114 ) ;
#4325 = ORIENTED_EDGE ( 'NONE', *, *, #1272, .F. ) ;
#4326 = LINE ( 'NONE', #1378, #2780 ) ;
#4327 = ORIENTED_EDGE ( 'NONE', *, *, #4653, .T. ) ;
#4328 = DIRECTION ( 'NONE',  ( 0.000000000000000000, 0.000000000000000000, 1.000000000000000000 ) ) ;
#4329 = EDGE_CURVE ( 'NONE', #4618, #2707, #2673, .T. ) ;
#4330 = CARTESIAN_POINT ( 'NONE',  ( 6.699999999999993960, -6.699999999999999289, -1.000000000000000000 ) ) ;
#4331 = ORIENTED_EDGE ( 'NONE', *, *, #3675, .F. ) ;
#4332 = CARTESIAN_POINT ( 'NONE',  ( 0.000000000000000000, -25.39999999999999858, -3.049999999999999822 ) ) ;
#4333 = CARTESIAN_POINT ( 'NONE',  ( -6.200000000000001954, -20.18137084989847452, 3.049999999999999822 ) ) ;
#4334 = ORIENTED_EDGE ( 'NONE', *, *, #2176, .T. ) ;
#4335 = CARTESIAN_POINT ( 'NONE',  ( 12.69999999999999929, 0.000000000000000000, 3.049999999999999822 ) ) ;
#4336 = CYLINDRICAL_SURFACE ( 'NONE', #1395, 3.174999999999999822 ) ;
#4337 = CARTESIAN_POINT ( 'NONE',  ( -6.200000000000002842, -17.91862915010153046, 3.050999999999999712 ) ) ;
#4338 = ADVANCED_FACE ( 'NONE', ( #186 ), #2181, .T. ) ;
#4339 = CARTESIAN_POINT ( 'NONE',  ( -5.200000000000000178, -20.90710678118655252, 1.000000000000000000 ) ) ;
#4340 = ORIENTED_EDGE ( 'NONE', *, *, #1648, .F. ) ;
#4341 = DIRECTION ( 'NONE',  ( -0.7071067811865483499, -0.7071067811865466846, 0.000000000000000000 ) ) ;
#4342 = DIRECTION ( 'NONE',  ( -0.7071067811865472397, 0.7071067811865479058, 0.000000000000000000 ) ) ;
#4343 = ORIENTED_EDGE ( 'NONE', *, *, #1908, .T. ) ;
#4344 = FACE_OUTER_BOUND ( 'NONE', #1077, .T. ) ;
#4345 = EDGE_CURVE ( 'NONE', #4399, #4236, #4296, .T. ) ;
#4346 = CARTESIAN_POINT ( 'NONE',  ( 5.996446609406729245, -5.996446609406726580, 2.286000000000000032 ) ) ;
#4347 = DIRECTION ( 'NONE',  ( 0.000000000000000000, 0.000000000000000000, 1.000000000000000000 ) ) ;
#4348 = VECTOR ( 'NONE', #2105, 999.9999999999998863 ) ;
#4349 = ORIENTED_EDGE ( 'NONE', *, *, #6004, .F. ) ;
#4350 = ADVANCED_FACE ( 'NONE', ( #1722 ), #772, .F. ) ;
#4351 = ORIENTED_EDGE ( 'NONE', *, *, #5941, .F. ) ;
#4352 = DIRECTION ( 'NONE',  ( -0.7071067811865466846, -0.7071067811865484609, 0.000000000000000000 ) ) ;
#4353 = CARTESIAN_POINT ( 'NONE',  ( -0.5000000000000004441, -9.564617248245438574, 2.286000000000000032 ) ) ;
#4354 = DIRECTION ( 'NONE',  ( -0.000000000000000000, -0.000000000000000000, -1.000000000000000000 ) ) ;
#4355 = CARTESIAN_POINT ( 'NONE',  ( 1.863497014787720785, -22.82939620402574121, -1.000000000000000000 ) ) ;
#4356 = VERTEX_POINT ( 'NONE', #124 ) ;
#4357 = CARTESIAN_POINT ( 'NONE',  ( 13.05355339059327768, -13.05355339059327058, -1.000000000000000000 ) ) ;
#4358 = EDGE_CURVE ( 'NONE', #1943, #3780, #1200, .T. ) ;
#4359 = VERTEX_POINT ( 'NONE', #4688 ) ;
#4360 = VERTEX_POINT ( 'NONE', #3223 ) ;
#4361 = EDGE_CURVE ( 'NONE', #1251, #5108, #5209, .T. ) ;
#4362 = DIRECTION ( 'NONE',  ( 1.000000000000000000, 0.000000000000000000, -0.000000000000000000 ) ) ;
#4363 = VERTEX_POINT ( 'NONE', #3628 ) ;
#4364 = LINE ( 'NONE', #4746, #5150 ) ;
#4365 = CARTESIAN_POINT ( 'NONE',  ( 5.996446609406726580, 5.996446609406726580, 2.286000000000000032 ) ) ;
#4366 = ORIENTED_EDGE ( 'NONE', *, *, #2057, .T. ) ;
#4367 = DIRECTION ( 'NONE',  ( -1.000000000000000000, 0.000000000000000000, 0.000000000000000000 ) ) ;
#4368 = DIRECTION ( 'NONE',  ( 0.7071067811865474617, 0.7071067811865476838, 0.000000000000000000 ) ) ;
#4369 = ORIENTED_EDGE ( 'NONE', *, *, #4749, .T. ) ;
#4370 = EDGE_CURVE ( 'NONE', #1376, #3095, #4720, .T. ) ;
#4371 = CARTESIAN_POINT ( 'NONE',  ( 5.996446609406729245, -5.996446609406726580, 2.286000000000000032 ) ) ;
#4372 = DIRECTION ( 'NONE',  ( 0.000000000000000000, 0.000000000000000000, 1.000000000000000000 ) ) ;
#4373 = CARTESIAN_POINT ( 'NONE',  ( 6.699999999999993960, -5.199999999999999289, 3.049999999999999822 ) ) ;
#4374 = EDGE_LOOP ( 'NONE', ( #5387, #2853, #5566, #5622 ) ) ;
#4375 = PRODUCT_DEFINITION ( 'UNKNOWN', '', #2347, #1619 ) ;
#4376 = DIRECTION ( 'NONE',  ( 1.000000000000000000, 0.000000000000000000, -0.000000000000000000 ) ) ;
#4377 = DIRECTION ( 'NONE',  ( 0.7071067811865470176, -0.7071067811865481278, 0.000000000000000000 ) ) ;
#4378 = ORIENTED_EDGE ( 'NONE', *, *, #2165, .T. ) ;
#4379 = DIRECTION ( 'NONE',  ( 1.000000000000000000, 0.000000000000000000, 0.000000000000000000 ) ) ;
#4380 = DIRECTION ( 'NONE',  ( -0.7071067811865469066, -0.7071067811865482389, 0.000000000000000000 ) ) ;
#4381 = DIRECTION ( 'NONE',  ( 1.000000000000000000, 0.000000000000000000, 0.000000000000000000 ) ) ;
#4382 = EDGE_LOOP ( 'NONE', ( #2071, #4469, #4790, #2847 ) ) ;
#4383 = ADVANCED_FACE ( 'NONE', ( #4122 ), #4241, .F. ) ;
#4384 = CARTESIAN_POINT ( 'NONE',  ( 6.053553390593272354, -5.346446609406724448, 3.049999999999999822 ) ) ;
#4385 = DIRECTION ( 'NONE',  ( -0.000000000000000000, -0.000000000000000000, -1.000000000000000000 ) ) ;
#4386 = CARTESIAN_POINT ( 'NONE',  ( 4.648654403270954028, -18.05576118445748079, 2.286000000000000032 ) ) ;
#4387 = CARTESIAN_POINT ( 'NONE',  ( 5.199999999999997513, -6.699999999999997513, 3.049999999999999822 ) ) ;
#4388 = ORIENTED_EDGE ( 'NONE', *, *, #4690, .F. ) ;
#4389 = CARTESIAN_POINT ( 'NONE',  ( -1.863497014787714345, -10.12939620402574015, 2.286000000000000032 ) ) ;
#4390 = EDGE_CURVE ( 'NONE', #1872, #2198, #4639, .T. ) ;
#4391 = EDGE_LOOP ( 'NONE', ( #5979, #4366, #91, #5743 ) ) ;
#4392 = LINE ( 'NONE', #2985, #3520 ) ;
#4393 = VERTEX_POINT ( 'NONE', #1954 ) ;
#4394 = DIRECTION ( 'NONE',  ( -0.7071067811865474617, 0.7071067811865474617, 0.000000000000000000 ) ) ;
#4395 = CARTESIAN_POINT ( 'NONE',  ( 0.3535533905932734533, 0.3535533905932735088, 1.000000000000000000 ) ) ;
#4396 = AXIS2_PLACEMENT_3D ( 'NONE', #3388, #1853, #276 ) ;
#4397 = EDGE_CURVE ( 'NONE', #1863, #6069, #4200, .T. ) ;
#4398 = EDGE_CURVE ( 'NONE', #2007, #2397, #3918, .T. ) ;
#4399 = VERTEX_POINT ( 'NONE', #504 ) ;
#4400 = DIRECTION ( 'NONE',  ( -0.000000000000000000, -0.000000000000000000, -1.000000000000000000 ) ) ;
#4401 = LINE ( 'NONE', #3811, #963 ) ;
#4402 = CYLINDRICAL_SURFACE ( 'NONE', #5470, 5.200000000000000178 ) ;
#4403 = CARTESIAN_POINT ( 'NONE',  ( 9.564617248245436798, -0.5000000000000004441, 2.286000000000000032 ) ) ;
#4404 = CARTESIAN_POINT ( 'NONE',  ( 12.69999999999999929, 5.200000000000000178, -1.000000000000000000 ) ) ;
#4405 = CARTESIAN_POINT ( 'NONE',  ( 0.000000000000000000, 0.000000000000000000, -3.050999999999999712 ) ) ;
#4406 = VERTEX_POINT ( 'NONE', #3972 ) ;
#4407 = FACE_OUTER_BOUND ( 'NONE', #2352, .T. ) ;
#4408 = CARTESIAN_POINT ( 'NONE',  ( 5.199999999999997513, -20.90710678118655608, -1.000000000000000000 ) ) ;
#4409 = EDGE_LOOP ( 'NONE', ( #3271, #6043, #6289, #178, #5859, #461 ) ) ;
#4410 = DIRECTION ( 'NONE',  ( 0.7071067811865476838, -0.7071067811865474617, 0.000000000000000000 ) ) ;
#4411 = PLANE ( 'NONE',  #5974 ) ;
#4412 = ADVANCED_FACE ( 'NONE', ( #1060 ), #2573, .T. ) ;
#4413 = VECTOR ( 'NONE', #4377, 1000.000000000000000 ) ;
#4414 = VECTOR ( 'NONE', #6226, 1000.000000000000000 ) ;
#4415 = EDGE_LOOP ( 'NONE', ( #926, #4284, #2436, #2156, #2917, #4922, #2125 ) ) ;
#4416 = CARTESIAN_POINT ( 'NONE',  ( 2.100000000000000089, 0.000000000000000000, -2.286000000000000032 ) ) ;
#4417 = VECTOR ( 'NONE', #4859, 1000.000000000000000 ) ;
#4418 = DIRECTION ( 'NONE',  ( 0.000000000000000000, 0.000000000000000000, -1.000000000000000000 ) ) ;
#4419 = DIRECTION ( 'NONE',  ( -1.635594980104611741E-16, -1.000000000000000000, 0.000000000000000000 ) ) ;
#4420 = CIRCLE ( 'NONE', #1918, 3.174999999999999822 ) ;
#4421 = LINE ( 'NONE', #1941, #2823 ) ;
#4422 = DIRECTION ( 'NONE',  ( -0.000000000000000000, -0.000000000000000000, -1.000000000000000000 ) ) ;
#4423 = EDGE_LOOP ( 'NONE', ( #650, #4287, #777, #3297 ) ) ;
#4424 = AXIS2_PLACEMENT_3D ( 'NONE', #5619, #4517, #1019 ) ;
#4425 = EDGE_CURVE ( 'NONE', #3595, #6236, #533, .T. ) ;
#4426 = LINE ( 'NONE', #5496, #1609 ) ;
#4427 = AXIS2_PLACEMENT_3D ( 'NONE', #3934, #3365, #1942 ) ;
#4428 = AXIS2_PLACEMENT_3D ( 'NONE', #4549, #4063, #613 ) ;
#4429 = VECTOR ( 'NONE', #4114, 1000.000000000000000 ) ;
#4430 = ORIENTED_EDGE ( 'NONE', *, *, #6326, .T. ) ;
#4431 = VECTOR ( 'NONE', #385, 1000.000000000000000 ) ;
#4432 = LINE ( 'NONE', #5408, #1011 ) ;
#4433 = VERTEX_POINT ( 'NONE', #470 ) ;
#4434 = DIRECTION ( 'NONE',  ( -0.000000000000000000, 0.000000000000000000, -1.000000000000000000 ) ) ;
#4435 = CARTESIAN_POINT ( 'NONE',  ( -1.863497014787716122, -22.82939620402573766, 2.286000000000000032 ) ) ;
#4436 = VECTOR ( 'NONE', #6354, 1000.000000000000000 ) ;
#4437 = VECTOR ( 'NONE', #5011, 1000.000000000000000 ) ;
#4438 = EDGE_LOOP ( 'NONE', ( #3445, #4583, #2521, #3196 ) ) ;
#4439 = EDGE_CURVE ( 'NONE', #2375, #62, #1425, .T. ) ;
#4440 = LINE ( 'NONE', #3917, #2948 ) ;
#4441 = CARTESIAN_POINT ( 'NONE',  ( 0.000000000000000000, 0.000000000000000000, -2.286000000000000032 ) ) ;
#4442 = CARTESIAN_POINT ( 'NONE',  ( -2.100000000000000089, 2.571758278209441464E-16, 2.286000000000000032 ) ) ;
#4443 = CARTESIAN_POINT ( 'NONE',  ( 12.69999999999999929, 0.000000000000000000, 3.049999999999999822 ) ) ;
#4444 = ORIENTED_EDGE ( 'NONE', *, *, #1548, .F. ) ;
#4445 = DIRECTION ( 'NONE',  ( 0.7071067811865479058, 0.7071067811865472397, 0.000000000000000000 ) ) ;
#4446 = LINE ( 'NONE', #6466, #1176 ) ;
#4447 = FACE_OUTER_BOUND ( 'NONE', #4251, .T. ) ;
#4448 = ORIENTED_EDGE ( 'NONE', *, *, #4588, .F. ) ;
#4449 = CARTESIAN_POINT ( 'NONE',  ( -1.709940206472993816E-16, -0.4999999999999971689, 2.286000000000000032 ) ) ;
#4450 = DIRECTION ( 'NONE',  ( 0.000000000000000000, 0.000000000000000000, 1.000000000000000000 ) ) ;
#4451 = ORIENTED_EDGE ( 'NONE', *, *, #5617, .F. ) ;
#4452 = LINE ( 'NONE', #2309, #1167 ) ;
#4453 = ADVANCED_FACE ( 'NONE', ( #3514, #3416 ), #3477, .F. ) ;
#4454 = DIRECTION ( 'NONE',  ( 0.000000000000000000, 0.000000000000000000, 1.000000000000000000 ) ) ;
#4455 = ORIENTED_EDGE ( 'NONE', *, *, #6160, .T. ) ;
#4456 = DIRECTION ( 'NONE',  ( 0.7071067811865475727, 0.7071067811865475727, -0.000000000000000000 ) ) ;
#4457 = DIRECTION ( 'NONE',  ( 1.000000000000000000, 0.000000000000000000, 0.000000000000000000 ) ) ;
#4458 = LINE ( 'NONE', #3330, #3903 ) ;
#4459 = VERTEX_POINT ( 'NONE', #434 ) ;
#4460 = CARTESIAN_POINT ( 'NONE',  ( -13.05355339059327591, -13.05355339059327413, -1.000000000000000000 ) ) ;
#4461 = VECTOR ( 'NONE', #2497, 1000.000000000000000 ) ;
#4462 = ORIENTED_EDGE ( 'NONE', *, *, #685, .F. ) ;
#4463 = EDGE_CURVE ( 'NONE', #636, #2536, #3772, .T. ) ;
#4464 = CIRCLE ( 'NONE', #6022, 3.175000000000000711 ) ;
#4465 = DIRECTION ( 'NONE',  ( 0.7071067811865474617, -0.7071067811865475727, 0.000000000000000000 ) ) ;
#4466 = VERTEX_POINT ( 'NONE', #1453 ) ;
#4467 = LINE ( 'NONE', #4910, #1291 ) ;
#4468 = PLANE ( 'NONE',  #571 ) ;
#4469 = ORIENTED_EDGE ( 'NONE', *, *, #5806, .T. ) ;
#4470 = ADVANCED_FACE ( 'NONE', ( #573 ), #932, .T. ) ;
#4471 = DIRECTION ( 'NONE',  ( 0.000000000000000000, 0.000000000000000000, 1.000000000000000000 ) ) ;
#4472 = CARTESIAN_POINT ( 'NONE',  ( 5.199999999999997513, -17.19289321881344179, -1.000000000000000000 ) ) ;
#4473 = ORIENTED_EDGE ( 'NONE', *, *, #5434, .T. ) ;
#4474 = FACE_OUTER_BOUND ( 'NONE', #2660, .T. ) ;
#4475 = CARTESIAN_POINT ( 'NONE',  ( 0.5000000000000024425, -8.177974900523098149E-17, 2.286000000000000032 ) ) ;
#4476 = LINE ( 'NONE', #5086, #3079 ) ;
#4477 = ORIENTED_EDGE ( 'NONE', *, *, #1626, .F. ) ;
#4478 = LINE ( 'NONE', #1462, #4939 ) ;
#4479 = DIRECTION ( 'NONE',  ( -1.000000000000000000, 0.000000000000000000, 0.000000000000000000 ) ) ;
#4480 = LINE ( 'NONE', #5547, #1375 ) ;
#4481 = LINE ( 'NONE', #3985, #953 ) ;
#4482 = CARTESIAN_POINT ( 'NONE',  ( -3.174999999999997602, -25.39999999999999858, 1.000000000000000000 ) ) ;
#4483 = ADVANCED_FACE ( 'NONE', ( #5480 ), #5505, .T. ) ;
#4484 = ORIENTED_EDGE ( 'NONE', *, *, #923, .T. ) ;
#4485 = EDGE_CURVE ( 'NONE', #764, #875, #85, .T. ) ;
#4486 = EDGE_CURVE ( 'NONE', #3418, #4599, #4616, .T. ) ;
#4487 = DIRECTION ( 'NONE',  ( 1.000000000000000000, 0.000000000000000000, 0.000000000000000000 ) ) ;
#4488 = ORIENTED_EDGE ( 'NONE', *, *, #1227, .F. ) ;
#4489 = DIRECTION ( 'NONE',  ( 1.000000000000000000, 0.000000000000000000, 0.000000000000000000 ) ) ;
#4490 = CARTESIAN_POINT ( 'NONE',  ( 12.70000000000000107, 5.200000000000000178, 2.286000000000000032 ) ) ;
#4491 = DIRECTION ( 'NONE',  ( -0.7071067811865473507, 0.7071067811865477948, 0.000000000000000000 ) ) ;
#4492 = ORIENTED_EDGE ( 'NONE', *, *, #812, .T. ) ;
#4493 = DIRECTION ( 'NONE',  ( -0.000000000000000000, -0.000000000000000000, -1.000000000000000000 ) ) ;
#4494 = EDGE_CURVE ( 'NONE', #2772, #5503, #4986, .T. ) ;
#4495 = ORIENTED_EDGE ( 'NONE', *, *, #2748, .T. ) ;
#4496 = DIRECTION ( 'NONE',  ( -0.000000000000000000, -0.000000000000000000, -1.000000000000000000 ) ) ;
#4497 = FACE_BOUND ( 'NONE', #5623, .T. ) ;
#4498 = CARTESIAN_POINT ( 'NONE',  ( 6.699999999999993960, -5.199999999999999289, -2.286000000000000032 ) ) ;
#4499 = ORIENTED_EDGE ( 'NONE', *, *, #3907, .T. ) ;
#4500 = FACE_OUTER_BOUND ( 'NONE', #4693, .T. ) ;
#4501 = DIRECTION ( 'NONE',  ( 0.000000000000000000, -1.000000000000000000, 0.000000000000000000 ) ) ;
#4502 = VERTEX_POINT ( 'NONE', #56 ) ;
#4503 = CARTESIAN_POINT ( 'NONE',  ( -5.200000000000001954, -17.50441558772843109, -3.049999999999999822 ) ) ;
#4504 = CARTESIAN_POINT ( 'NONE',  ( 2.570603795974260919, -1.863497014787713679, -1.000000000000000000 ) ) ;
#4505 = DIRECTION ( 'NONE',  ( -0.7071067811865473507, 0.7071067811865477948, 0.000000000000000000 ) ) ;
#4506 = ADVANCED_FACE ( 'NONE', ( #4500 ), #17, .T. ) ;
#4507 = AXIS2_PLACEMENT_3D ( 'NONE', #3404, #921, #2913 ) ;
#4508 = ORIENTED_EDGE ( 'NONE', *, *, #2011, .T. ) ;
#4509 = CARTESIAN_POINT ( 'NONE',  ( -5.200000000000000178, -17.19289321881344890, 3.049999999999999822 ) ) ;
#4510 = CARTESIAN_POINT ( 'NONE',  ( 1.182358322909695704E-16, -12.69999999999999929, -1.000000000000000000 ) ) ;
#4511 = FACE_OUTER_BOUND ( 'NONE', #4836, .T. ) ;
#4512 = LINE ( 'NONE', #1466, #4697 ) ;
#4513 = CARTESIAN_POINT ( 'NONE',  ( 12.70000000000000107, 5.200000000000000178, 3.049999999999999822 ) ) ;
#4514 = VECTOR ( 'NONE', #942, 1000.000000000000000 ) ;
#4515 = CARTESIAN_POINT ( 'NONE',  ( 0.3535533905932727872, -0.3535533905932727872, 2.286000000000000032 ) ) ;
#4516 = ORIENTED_EDGE ( 'NONE', *, *, #852, .F. ) ;
#4517 = DIRECTION ( 'NONE',  ( 0.000000000000000000, 0.000000000000000000, 1.000000000000000000 ) ) ;
#4518 = DIRECTION ( 'NONE',  ( 1.000000000000000000, 0.000000000000000000, 0.000000000000000000 ) ) ;
#4519 = AXIS2_PLACEMENT_3D ( 'NONE', #94, #3254, #6135 ) ;
#4520 = CARTESIAN_POINT ( 'NONE',  ( 12.69999999999999751, -6.200000000000000178, 1.000000000000000000 ) ) ;
#4521 = VERTEX_POINT ( 'NONE', #962 ) ;
#4522 = FACE_OUTER_BOUND ( 'NONE', #457, .T. ) ;
#4523 = EDGE_CURVE ( 'NONE', #719, #5812, #5652, .T. ) ;
#4524 = AXIS2_PLACEMENT_3D ( 'NONE', #4762, #3924, #4342 ) ;
#4525 = VERTEX_POINT ( 'NONE', #4304 ) ;
#4526 = VECTOR ( 'NONE', #2444, 1000.000000000000000 ) ;
#4527 = AXIS2_PLACEMENT_3D ( 'NONE', #5447, #1531, #5932 ) ;
#4528 = LINE ( 'NONE', #2470, #1120 ) ;
#4529 = CARTESIAN_POINT ( 'NONE',  ( 0.3535533905932734533, 0.3535533905932735088, -1.000000000000000000 ) ) ;
#4530 = EDGE_CURVE ( 'NONE', #4393, #5128, #3576, .T. ) ;
#4531 =( LENGTH_UNIT ( ) NAMED_UNIT ( * ) SI_UNIT ( .MILLI., .METRE. ) );
#4532 = AXIS2_PLACEMENT_3D ( 'NONE', #4513, #6009, #1541 ) ;
#4533 = AXIS2_PLACEMENT_3D ( 'NONE', #5028, #3041, #1045 ) ;
#4534 = ORIENTED_EDGE ( 'NONE', *, *, #88, .F. ) ;
#4535 = VERTEX_POINT ( 'NONE', #6364 ) ;
#4536 = CARTESIAN_POINT ( 'NONE',  ( 2.570603795974265360, -14.56349701478770697, 2.286000000000000032 ) ) ;
#4537 = CARTESIAN_POINT ( 'NONE',  ( 6.199999999999997513, -25.39999999999999858, 1.000000000000000000 ) ) ;
#4538 = VECTOR ( 'NONE', #1282, 1000.000000000000000 ) ;
#4539 = DIRECTION ( 'NONE',  ( 1.040833169157480322E-16, 1.000000000000000000, 0.000000000000000000 ) ) ;
#4540 = LINE ( 'NONE', #60, #1510 ) ;
#4541 = VECTOR ( 'NONE', #2860, 1000.000000000000000 ) ;
#4542 = ORIENTED_EDGE ( 'NONE', *, *, #2685, .F. ) ;
#4543 = DIRECTION ( 'NONE',  ( -0.000000000000000000, -0.000000000000000000, -1.000000000000000000 ) ) ;
#4544 = DIRECTION ( 'NONE',  ( 1.000000000000000000, 0.000000000000000000, 0.000000000000000000 ) ) ;
#4545 = ADVANCED_FACE ( 'NONE', ( #3882 ), #909, .F. ) ;
#4546 = ORIENTED_EDGE ( 'NONE', *, *, #1274, .T. ) ;
#4547 = DIRECTION ( 'NONE',  ( -1.000000000000000000, 7.434522636839145511E-17, 0.000000000000000000 ) ) ;
#4548 = LINE ( 'NONE', #4579, #2937 ) ;
#4549 = CARTESIAN_POINT ( 'NONE',  ( 2.214716320084738350E-15, -25.39999999999999858, 1.000000000000000000 ) ) ;
#4550 = EDGE_LOOP ( 'NONE', ( #1456, #5846, #5749, #620 ) ) ;
#4551 = AXIS2_PLACEMENT_3D ( 'NONE', #3659, #5779, #1304 ) ;
#4552 = EDGE_CURVE ( 'NONE', #2563, #5753, #2599, .T. ) ;
#4553 = ORIENTED_EDGE ( 'NONE', *, *, #3427, .F. ) ;
#4554 = CARTESIAN_POINT ( 'NONE',  ( 4.648654403270954028, -18.05576118445748079, -1.000000000000000000 ) ) ;
#4555 = CARTESIAN_POINT ( 'NONE',  ( 5.996446609406723027, -5.996446609406722139, -2.286000000000000032 ) ) ;
#4556 = EDGE_LOOP ( 'NONE', ( #1773, #594, #1496, #4163 ) ) ;
#4557 = EDGE_CURVE ( 'NONE', #5504, #2400, #4921, .T. ) ;
#4558 = ORIENTED_EDGE ( 'NONE', *, *, #4523, .T. ) ;
#4559 = CARTESIAN_POINT ( 'NONE',  ( 5.199999999999997513, -17.50441558772843820, 3.049999999999999822 ) ) ;
#4560 = PLANE ( 'NONE',  #2263 ) ;
#4561 = ORIENTED_EDGE ( 'NONE', *, *, #5523, .T. ) ;
#4562 = PLANE ( 'NONE',  #1397 ) ;
#4563 = CARTESIAN_POINT ( 'NONE',  ( -0.5000000000000023315, -7.434522636839178791E-17, 2.286000000000000032 ) ) ;
#4564 = ADVANCED_FACE ( 'NONE', ( #4447 ), #1460, .T. ) ;
#4565 = ORIENTED_EDGE ( 'NONE', *, *, #697, .T. ) ;
#4566 = EDGE_CURVE ( 'NONE', #677, #6274, #1692, .T. ) ;
#4567 = DIRECTION ( 'NONE',  ( 0.000000000000000000, 0.000000000000000000, 1.000000000000000000 ) ) ;
#4568 = EDGE_CURVE ( 'NONE', #5445, #293, #1794, .T. ) ;
#4569 = DIRECTION ( 'NONE',  ( 1.000000000000000000, 0.000000000000000000, 0.000000000000000000 ) ) ;
#4570 = EDGE_LOOP ( 'NONE', ( #5616, #171, #4508, #4331 ) ) ;
#4571 = DIRECTION ( 'NONE',  ( -0.000000000000000000, -0.000000000000000000, -1.000000000000000000 ) ) ;
#4572 = PLANE ( 'NONE',  #559 ) ;
#4573 = VERTEX_POINT ( 'NONE', #3198 ) ;
#4574 = DIRECTION ( 'NONE',  ( 0.000000000000000000, 0.000000000000000000, 1.000000000000000000 ) ) ;
#4575 = CARTESIAN_POINT ( 'NONE',  ( 5.068629150101531700, -19.05000000000000426, 3.049999999999999822 ) ) ;
#4576 = EDGE_CURVE ( 'NONE', #1136, #1461, #3672, .T. ) ;
#4577 = ORIENTED_EDGE ( 'NONE', *, *, #1083, .T. ) ;
#4578 = CYLINDRICAL_SURFACE ( 'NONE', #4519, 3.174999999999999822 ) ;
#4579 = CARTESIAN_POINT ( 'NONE',  ( 5.218629150101527614, 6.199999999999999289, -3.049999999999999822 ) ) ;
#4580 = CARTESIAN_POINT ( 'NONE',  ( -5.200000000000000178, -8.207106781186551459, 3.049999999999999822 ) ) ;
#4581 = ADVANCED_FACE ( 'NONE', ( #5160 ), #5214, .T. ) ;
#4582 = ORIENTED_EDGE ( 'NONE', *, *, #5941, .T. ) ;
#4583 = ORIENTED_EDGE ( 'NONE', *, *, #4183, .T. ) ;
#4584 = CARTESIAN_POINT ( 'NONE',  ( 6.200000000000009059, -16.50441558772843109, 3.049999999999999822 ) ) ;
#4585 = CARTESIAN_POINT ( 'NONE',  ( 10.12939620402574015, -1.863497014787715678, 2.286000000000000032 ) ) ;
#4586 = CARTESIAN_POINT ( 'NONE',  ( -6.200000000000000178, -7.592810154713589835E-16, 1.000000000000000000 ) ) ;
#4587 = ORIENTED_EDGE ( 'NONE', *, *, #313, .T. ) ;
#4588 = EDGE_CURVE ( 'NONE', #2617, #2166, #6261, .T. ) ;
#4589 = EDGE_LOOP ( 'NONE', ( #5738, #1097, #2693, #5746 ) ) ;
#4590 = DIRECTION ( 'NONE',  ( 1.000000000000000000, 0.000000000000000000, -0.000000000000000000 ) ) ;
#4591 = CARTESIAN_POINT ( 'NONE',  ( 0.000000000000000000, 5.200000000000000178, 1.000000000000000000 ) ) ;
#4592 = VERTEX_POINT ( 'NONE', #2802 ) ;
#4593 = CARTESIAN_POINT ( 'NONE',  ( 6.703553390593271821, -6.703553390593268269, 2.286000000000000032 ) ) ;
#4594 = ORIENTED_EDGE ( 'NONE', *, *, #4196, .T. ) ;
#4595 = ORIENTED_EDGE ( 'NONE', *, *, #182, .F. ) ;
#4596 = LINE ( 'NONE', #86, #2374 ) ;
#4597 = CARTESIAN_POINT ( 'NONE',  ( 3.135382751754560271, 0.4999999999999998890, -1.000000000000000000 ) ) ;
#4598 = DIRECTION ( 'NONE',  ( 1.000000000000000000, 0.000000000000000000, 0.000000000000000000 ) ) ;
#4599 = VERTEX_POINT ( 'NONE', #6301 ) ;
#4600 = CARTESIAN_POINT ( 'NONE',  ( 3.135382751754560715, -0.4999999999999982792, 2.286000000000000032 ) ) ;
#4601 = CARTESIAN_POINT ( 'NONE',  ( 12.69999999999999929, 0.000000000000000000, 2.286000000000000032 ) ) ;
#4602 = ORIENTED_EDGE ( 'NONE', *, *, #3490, .F. ) ;
#4603 = DIRECTION ( 'NONE',  ( -1.000000000000000000, -1.855319225643643724E-16, 0.000000000000000000 ) ) ;
#4604 = LINE ( 'NONE', #2120, #1580 ) ;
#4605 = CARTESIAN_POINT ( 'NONE',  ( 0.000000000000000000, 6.200000000000000178, 1.000000000000000000 ) ) ;
#4606 = VECTOR ( 'NONE', #3862, 1000.000000000000000 ) ;
#4607 = VERTEX_POINT ( 'NONE', #2385 ) ;
#4608 = VECTOR ( 'NONE', #3494, 1000.000000000000000 ) ;
#4609 = DIRECTION ( 'NONE',  ( 0.000000000000000000, 0.000000000000000000, 1.000000000000000000 ) ) ;
#4610 = LINE ( 'NONE', #1047, #2655 ) ;
#4611 = EDGE_CURVE ( 'NONE', #1550, #4890, #349, .T. ) ;
#4612 = CARTESIAN_POINT ( 'NONE',  ( 5.199999999999997513, -8.207106781186551459, -1.000000000000000000 ) ) ;
#4613 = ORIENTED_EDGE ( 'NONE', *, *, #3213, .T. ) ;
#4614 = EDGE_LOOP ( 'NONE', ( #3757, #1733, #1366, #2271 ) ) ;
#4615 = CARTESIAN_POINT ( 'NONE',  ( -0.4999999999999997780, -3.135382751754560271, -1.000000000000000000 ) ) ;
#4616 = CIRCLE ( 'NONE', #2312, 2.100000000000000089 ) ;
#4617 = DIRECTION ( 'NONE',  ( -0.7071067811865480168, 0.7071067811865470176, 0.000000000000000000 ) ) ;
#4618 = VERTEX_POINT ( 'NONE', #2307 ) ;
#4619 = PERSON_AND_ORGANIZATION ( #952, #4027 ) ;
#4620 = VECTOR ( 'NONE', #3771, 1000.000000000000000 ) ;
#4621 = ORIENTED_EDGE ( 'NONE', *, *, #5007, .T. ) ;
#4622 = CIRCLE ( 'NONE', #6077, 3.174999999999999822 ) ;
#4623 = VERTEX_POINT ( 'NONE', #3395 ) ;
#4624 = EDGE_CURVE ( 'NONE', #2391, #4466, #1888, .T. ) ;
#4625 = AXIS2_PLACEMENT_3D ( 'NONE', #523, #3082, #3015 ) ;
#4626 = FACE_OUTER_BOUND ( 'NONE', #1121, .T. ) ;
#4627 = ORIENTED_EDGE ( 'NONE', *, *, #3697, .F. ) ;
#4628 = CARTESIAN_POINT ( 'NONE',  ( -3.654415587728429671, -19.05000000000000071, 3.049999999999999822 ) ) ;
#4629 = DIRECTION ( 'NONE',  ( -0.7071067811865473507, 0.7071067811865477948, 0.000000000000000000 ) ) ;
#4630 = AXIS2_PLACEMENT_3D ( 'NONE', #2997, #2478, #6437 ) ;
#4631 = VECTOR ( 'NONE', #3525, 1000.000000000000000 ) ;
#4632 = AXIS2_PLACEMENT_3D ( 'NONE', #892, #2886, #395 ) ;
#4633 = CIRCLE ( 'NONE', #1810, 2.100000000000000977 ) ;
#4634 = ORIENTED_EDGE ( 'NONE', *, *, #1998, .F. ) ;
#4635 = CYLINDRICAL_SURFACE ( 'NONE', #2954, 3.174999999999999822 ) ;
#4636 = DIRECTION ( 'NONE',  ( -0.000000000000000000, -0.000000000000000000, -1.000000000000000000 ) ) ;
#4637 = EDGE_CURVE ( 'NONE', #6159, #3797, #1400, .T. ) ;
#4638 = ORIENTED_EDGE ( 'NONE', *, *, #3201, .F. ) ;
#4639 = LINE ( 'NONE', #3546, #6068 ) ;
#4640 = DIRECTION ( 'NONE',  ( -0.7071067811865474617, 0.7071067811865474617, 0.000000000000000000 ) ) ;
#4641 = CIRCLE ( 'NONE', #5473, 6.200000000000000178 ) ;
#4642 = DIRECTION ( 'NONE',  ( -0.000000000000000000, -0.000000000000000000, -1.000000000000000000 ) ) ;
#4643 = VERTEX_POINT ( 'NONE', #1859 ) ;
#4644 = CARTESIAN_POINT ( 'NONE',  ( 6.200000000000009059, -16.50441558772843109, 3.049999999999999822 ) ) ;
#4645 = DIRECTION ( 'NONE',  ( 0.000000000000000000, 0.000000000000000000, -1.000000000000000000 ) ) ;
#4646 = VERTEX_POINT ( 'NONE', #4408 ) ;
#4647 = ORIENTED_EDGE ( 'NONE', *, *, #6315, .F. ) ;
#4648 = CARTESIAN_POINT ( 'NONE',  ( 0.000000000000000000, 0.000000000000000000, -1.000000000000000000 ) ) ;
#4649 = DIRECTION ( 'NONE',  ( 0.7071067811865473507, 0.7071067811865477948, 0.000000000000000000 ) ) ;
#4650 = ORIENTED_EDGE ( 'NONE', *, *, #724, .F. ) ;
#4651 = ADVANCED_FACE ( 'NONE', ( #5867 ), #939, .T. ) ;
#4652 = ORIENTED_EDGE ( 'NONE', *, *, #3615, .T. ) ;
#4653 = EDGE_CURVE ( 'NONE', #243, #3736, #2832, .T. ) ;
#4654 = EDGE_LOOP ( 'NONE', ( #6027, #2311, #5535, #2092 ) ) ;
#4655 = FACE_OUTER_BOUND ( 'NONE', #734, .T. ) ;
#4656 = DIRECTION ( 'NONE',  ( 1.635594980104611741E-16, -1.000000000000000000, 0.000000000000000000 ) ) ;
#4657 = LINE ( 'NONE', #4235, #2039 ) ;
#4658 = VECTOR ( 'NONE', #686, 1000.000000000000000 ) ;
#4659 = EDGE_CURVE ( 'NONE', #4308, #4678, #4107, .T. ) ;
#4660 = VERTEX_POINT ( 'NONE', #410 ) ;
#4661 = CARTESIAN_POINT ( 'NONE',  ( 5.199999999999997513, -25.39999999999999858, 3.049999999999999822 ) ) ;
#4662 = DIRECTION ( 'NONE',  ( 0.000000000000000000, 0.000000000000000000, -1.000000000000000000 ) ) ;
#4663 = FACE_OUTER_BOUND ( 'NONE', #4382, .T. ) ;
#4664 = CARTESIAN_POINT ( 'NONE',  ( 1.182358322909695704E-16, -12.69999999999999929, 2.286000000000000032 ) ) ;
#4665 = CARTESIAN_POINT ( 'NONE',  ( -5.200000000000000178, -4.804415587728424697, -2.286000000000000032 ) ) ;
#4666 = ADVANCED_FACE ( 'NONE', ( #310 ), #3819, .F. ) ;
#4667 = ORIENTED_EDGE ( 'NONE', *, *, #3032, .T. ) ;
#4668 = EDGE_CURVE ( 'NONE', #5415, #2782, #6367, .T. ) ;
#4669 = DIRECTION ( 'NONE',  ( 1.000000000000000000, 0.000000000000000000, 0.000000000000000000 ) ) ;
#4670 = VERTEX_POINT ( 'NONE', #283 ) ;
#4671 = EDGE_CURVE ( 'NONE', #2146, #1669, #5314, .T. ) ;
#4672 = EDGE_CURVE ( 'NONE', #5105, #3142, #3852, .T. ) ;
#4673 = ORIENTED_EDGE ( 'NONE', *, *, #4034, .T. ) ;
#4674 = CARTESIAN_POINT ( 'NONE',  ( -4.648654403270939817, -5.355761184457484170, 2.286000000000000032 ) ) ;
#4675 = CARTESIAN_POINT ( 'NONE',  ( -3.654415587728429671, -6.349999999999996980, 1.000000000000000000 ) ) ;
#4676 = ORIENTED_EDGE ( 'NONE', *, *, #3146, .F. ) ;
#4677 = APPROVAL_DATE_TIME ( #4226, #1173 ) ;
#4678 = VERTEX_POINT ( 'NONE', #1359 ) ;
#4679 = ORIENTED_EDGE ( 'NONE', *, *, #5235, .T. ) ;
#4680 = PLANE ( 'NONE',  #2479 ) ;
#4681 = CARTESIAN_POINT ( 'NONE',  ( 1.863497014787720341, -22.82939620402574121, 2.286000000000000032 ) ) ;
#4682 = EDGE_CURVE ( 'NONE', #682, #4406, #5775, .T. ) ;
#4683 = CARTESIAN_POINT ( 'NONE',  ( 5.199999999999997513, -6.699999999999997513, 3.049999999999999822 ) ) ;
#4684 = ORIENTED_EDGE ( 'NONE', *, *, #3098, .T. ) ;
#4685 = DIRECTION ( 'NONE',  ( -0.000000000000000000, -0.000000000000000000, -1.000000000000000000 ) ) ;
#4686 = FACE_OUTER_BOUND ( 'NONE', #5787, .T. ) ;
#4687 = ORIENTED_EDGE ( 'NONE', *, *, #5077, .F. ) ;
#4688 = CARTESIAN_POINT ( 'NONE',  ( -5.200000000000000178, -4.804415587728424697, 2.286000000000000032 ) ) ;
#4689 = CARTESIAN_POINT ( 'NONE',  ( 12.70000000000000107, 5.200000000000000178, 3.049999999999999822 ) ) ;
#4690 = EDGE_CURVE ( 'NONE', #2803, #5084, #2875, .T. ) ;
#4691 = DIRECTION ( 'NONE',  ( -1.000000000000000000, 0.000000000000000000, 0.000000000000000000 ) ) ;
#4692 = ORIENTED_EDGE ( 'NONE', *, *, #4172, .F. ) ;
#4693 = EDGE_LOOP ( 'NONE', ( #4542, #4305, #1477, #1647 ) ) ;
#4694 = CARTESIAN_POINT ( 'NONE',  ( 5.199999999999997513, -6.699999999999997513, -3.049999999999999822 ) ) ;
#4695 = LINE ( 'NONE', #2218, #1279 ) ;
#4696 = EDGE_CURVE ( 'NONE', #15, #5445, #4867, .T. ) ;
#4697 = VECTOR ( 'NONE', #2034, 1000.000000000000000 ) ;
#4698 = VERTEX_POINT ( 'NONE', #912 ) ;
#4699 = CARTESIAN_POINT ( 'NONE',  ( 6.699999999999993960, -6.699999999999999289, -1.000000000000000000 ) ) ;
#4700 = EDGE_CURVE ( 'NONE', #1350, #5105, #2905, .T. ) ;
#4701 = CARTESIAN_POINT ( 'NONE',  ( -5.200000000000001066, -20.59558441227157033, -2.286000000000000032 ) ) ;
#4702 = ORIENTED_EDGE ( 'NONE', *, *, #2565, .T. ) ;
#4703 = APPLICATION_PROTOCOL_DEFINITION ( 'international standard', 'config_control_design', 1994, #1643 ) ;
#4704 = VERTEX_POINT ( 'NONE', #1929 ) ;
#4705 = ORIENTED_EDGE ( 'NONE', *, *, #1952, .F. ) ;
#4706 = CARTESIAN_POINT ( 'NONE',  ( -1.863497014787713901, -10.12939620402574015, -2.286000000000000032 ) ) ;
#4707 = VERTEX_POINT ( 'NONE', #5905 ) ;
#4708 = CARTESIAN_POINT ( 'NONE',  ( -5.200000000000000178, -20.90710678118654897, 3.049999999999999822 ) ) ;
#4709 = VECTOR ( 'NONE', #1827, 1000.000000000000000 ) ;
#4710 = CARTESIAN_POINT ( 'NONE',  ( 0.000000000000000000, 0.000000000000000000, -2.286000000000000032 ) ) ;
#4711 = AXIS2_PLACEMENT_3D ( 'NONE', #2175, #5578, #605 ) ;
#4712 = ORIENTED_EDGE ( 'NONE', *, *, #2088, .F. ) ;
#4713 = AXIS2_PLACEMENT_3D ( 'NONE', #6198, #6101, #185 ) ;
#4714 = CARTESIAN_POINT ( 'NONE',  ( 5.199999999999997513, -6.792893218813458311, 3.049999999999999822 ) ) ;
#4715 = FACE_OUTER_BOUND ( 'NONE', #2858, .T. ) ;
#4716 = EDGE_LOOP ( 'NONE', ( #4257, #6427, #4264, #1172, #5721, #3741 ) ) ;
#4717 = VECTOR ( 'NONE', #223, 1000.000000000000000 ) ;
#4718 = FACE_OUTER_BOUND ( 'NONE', #4860, .T. ) ;
#4719 = VECTOR ( 'NONE', #1438, 1000.000000000000114 ) ;
#4720 = LINE ( 'NONE', #249, #540 ) ;
#4721 = CARTESIAN_POINT ( 'NONE',  ( 10.83650298521228628, -2.570603795974262251, 2.286000000000000032 ) ) ;
#4722 = DIRECTION ( 'NONE',  ( 0.000000000000000000, 0.000000000000000000, -1.000000000000000000 ) ) ;
#4723 = AXIS2_PLACEMENT_3D ( 'NONE', #4586, #2100, #6075 ) ;
#4724 = VECTOR ( 'NONE', #6451, 1000.000000000000000 ) ;
#4725 = AXIS2_PLACEMENT_3D ( 'NONE', #3459, #887, #4970 ) ;
#4726 = ORIENTED_EDGE ( 'NONE', *, *, #1475, .T. ) ;
#4727 = EDGE_CURVE ( 'NONE', #2342, #75, #1432, .T. ) ;
#4728 = AXIS2_PLACEMENT_3D ( 'NONE', #5469, #2494, #460 ) ;
#4729 = ORIENTED_EDGE ( 'NONE', *, *, #6089, .T. ) ;
#4730 = FACE_OUTER_BOUND ( 'NONE', #3290, .T. ) ;
#4731 = CARTESIAN_POINT ( 'NONE',  ( 2.570603795974263583, -10.83650298521228805, 2.286000000000000032 ) ) ;
#4732 = ORIENTED_EDGE ( 'NONE', *, *, #1771, .T. ) ;
#4733 = AXIS2_PLACEMENT_3D ( 'NONE', #1595, #543, #1566 ) ;
#4734 = VECTOR ( 'NONE', #1876, 1000.000000000000114 ) ;
#4735 = AXIS2_PLACEMENT_3D ( 'NONE', #5015, #5506, #2019 ) ;
#4736 = EDGE_CURVE ( 'NONE', #4236, #1309, #1963, .T. ) ;
#4737 = ORIENTED_EDGE ( 'NONE', *, *, #5267, .F. ) ;
#4738 = DIRECTION ( 'NONE',  ( 0.000000000000000000, 0.000000000000000000, 1.000000000000000000 ) ) ;
#4739 = CARTESIAN_POINT ( 'NONE',  ( -5.200000000000000178, -17.50441558772843464, 3.049999999999999822 ) ) ;
#4740 = VERTEX_POINT ( 'NONE', #512 ) ;
#4741 = COORDINATED_UNIVERSAL_TIME_OFFSET ( 6, 0, .BEHIND. ) ;
#4742 = EDGE_LOOP ( 'NONE', ( #1781, #5518, #2683, #3001, #3303, #2038, #3023 ) ) ;
#4743 = ORIENTED_EDGE ( 'NONE', *, *, #281, .T. ) ;
#4744 = DIRECTION ( 'NONE',  ( -1.000000000000000000, 0.000000000000000000, 0.000000000000000000 ) ) ;
#4745 = ORIENTED_EDGE ( 'NONE', *, *, #3183, .F. ) ;
#4746 = CARTESIAN_POINT ( 'NONE',  ( 6.199999999999997513, -25.39999999999999858, 3.049999999999999822 ) ) ;
#4747 = EDGE_CURVE ( 'NONE', #4319, #2054, #65, .T. ) ;
#4748 = DIRECTION ( 'NONE',  ( 0.000000000000000000, 0.000000000000000000, 1.000000000000000000 ) ) ;
#4749 = EDGE_CURVE ( 'NONE', #5196, #3285, #3677, .T. ) ;
#4750 = ORIENTED_EDGE ( 'NONE', *, *, #3188, .T. ) ;
#4751 = CARTESIAN_POINT ( 'NONE',  ( 8.895584412271572816, 6.200000000000001954, 3.049999999999999822 ) ) ;
#4752 = CARTESIAN_POINT ( 'NONE',  ( 5.199999999999997513, 0.000000000000000000, 1.000000000000000000 ) ) ;
#4753 = ORIENTED_EDGE ( 'NONE', *, *, #4161, .F. ) ;
#4754 = CARTESIAN_POINT ( 'NONE',  ( 10.12939620402574015, -1.863497014787716122, -1.000000000000000000 ) ) ;
#4755 = DIRECTION ( 'NONE',  ( -0.000000000000000000, -0.000000000000000000, -1.000000000000000000 ) ) ;
#4756 = CARTESIAN_POINT ( 'NONE',  ( 11.35220779386420631, -11.35220779386425249, -1.000000000000000000 ) ) ;
#4757 = DIRECTION ( 'NONE',  ( -0.7071067811865474617, 0.7071067811865474617, 0.000000000000000000 ) ) ;
#4758 = EDGE_CURVE ( 'NONE', #1636, #5290, #4085, .T. ) ;
#4759 = ORIENTED_EDGE ( 'NONE', *, *, #3547, .T. ) ;
#4760 = AXIS2_PLACEMENT_3D ( 'NONE', #1447, #5950, #3508 ) ;
#4761 = APPLICATION_CONTEXT ( 'configuration controlled 3d designs of mechanical parts and assemblies' ) ;
#4762 = CARTESIAN_POINT ( 'NONE',  ( 3.654415587728431447, -19.04999999999999716, 3.049999999999999822 ) ) ;
#4763 = DIRECTION ( 'NONE',  ( 1.000000000000000000, 0.000000000000000000, 0.000000000000000000 ) ) ;
#4764 = DIRECTION ( 'NONE',  ( -0.000000000000000000, -0.000000000000000000, -1.000000000000000000 ) ) ;
#4765 = EDGE_CURVE ( 'NONE', #2292, #721, #3581, .T. ) ;
#4766 = ORIENTED_EDGE ( 'NONE', *, *, #3696, .F. ) ;
#4767 = CARTESIAN_POINT ( 'NONE',  ( 2.214716320084738350E-15, -25.39999999999999858, -1.000000000000000000 ) ) ;
#4768 = DIRECTION ( 'NONE',  ( -1.000000000000000000, 0.000000000000000000, 0.000000000000000000 ) ) ;
#4769 = ORIENTED_EDGE ( 'NONE', *, *, #5741, .F. ) ;
#4770 = EDGE_CURVE ( 'NONE', #2292, #4963, #1592, .T. ) ;
#4771 = PLANE ( 'NONE',  #5772 ) ;
#4772 = ORIENTED_EDGE ( 'NONE', *, *, #1204, .T. ) ;
#4773 = ORIENTED_EDGE ( 'NONE', *, *, #6167, .F. ) ;
#4774 = DIRECTION ( 'NONE',  ( 1.000000000000000000, 0.000000000000000000, 0.000000000000000000 ) ) ;
#4775 = ORIENTED_EDGE ( 'NONE', *, *, #5036, .T. ) ;
#4776 = CARTESIAN_POINT ( 'NONE',  ( 5.996446609406723027, -5.996446609406722139, 2.286000000000000032 ) ) ;
#4777 = PLANE ( 'NONE',  #2237 ) ;
#4778 = VERTEX_POINT ( 'NONE', #3452 ) ;
#4779 = ADVANCED_FACE ( 'NONE', ( #5488 ), #5064, .T. ) ;
#4780 = CARTESIAN_POINT ( 'NONE',  ( 1.863497014787715234, -10.12939620402574015, 2.286000000000000032 ) ) ;
#4781 = CARTESIAN_POINT ( 'NONE',  ( -6.703553390593268269, -6.703553390593279815, 1.000000000000000000 ) ) ;
#4782 = ORIENTED_EDGE ( 'NONE', *, *, #21, .T. ) ;
#4783 = CARTESIAN_POINT ( 'NONE',  ( 5.346446609406723560, -6.053553390593268801, -1.000000000000000000 ) ) ;
#4784 = PLANE ( 'NONE',  #339 ) ;
#4785 = DIRECTION ( 'NONE',  ( 0.7071067811865483499, -0.7071067811865465735, 0.000000000000000000 ) ) ;
#4786 = EDGE_CURVE ( 'NONE', #1184, #5922, #6003, .T. ) ;
#4787 = EDGE_CURVE ( 'NONE', #2268, #2369, #2545, .T. ) ;
#4788 = VERTEX_POINT ( 'NONE', #93 ) ;
#4789 = DIRECTION ( 'NONE',  ( 0.000000000000000000, -1.000000000000000000, 0.000000000000000000 ) ) ;
#4790 = ORIENTED_EDGE ( 'NONE', *, *, #3539, .F. ) ;
#4791 = DIRECTION ( 'NONE',  ( 1.000000000000000000, -7.434522636839145511E-17, 0.000000000000000000 ) ) ;
#4792 = FACE_OUTER_BOUND ( 'NONE', #5719, .T. ) ;
#4793 = ORIENTED_EDGE ( 'NONE', *, *, #4981, .T. ) ;
#4794 = ORIENTED_EDGE ( 'NONE', *, *, #4801, .F. ) ;
#4795 = DIRECTION ( 'NONE',  ( 0.000000000000000000, 0.000000000000000000, 1.000000000000000000 ) ) ;
#4796 = EDGE_CURVE ( 'NONE', #1644, #3578, #971, .T. ) ;
#4797 = CARTESIAN_POINT ( 'NONE',  ( 1.182358322909695704E-16, -12.69999999999999929, 1.000000000000000000 ) ) ;
#4798 = ORIENTED_EDGE ( 'NONE', *, *, #1830, .T. ) ;
#4799 = CARTESIAN_POINT ( 'NONE',  ( -0.4999999999999989453, -22.26461724824543964, -2.286000000000000032 ) ) ;
#4800 = ORIENTED_EDGE ( 'NONE', *, *, #3176, .T. ) ;
#4801 = EDGE_CURVE ( 'NONE', #1534, #6056, #5864, .T. ) ;
#4802 = ORIENTED_EDGE ( 'NONE', *, *, #5434, .F. ) ;
#4803 = DIRECTION ( 'NONE',  ( -0.000000000000000000, -0.000000000000000000, -1.000000000000000000 ) ) ;
#4804 = ORIENTED_EDGE ( 'NONE', *, *, #2926, .F. ) ;
#4805 = DIRECTION ( 'NONE',  ( 1.000000000000000000, 0.000000000000000000, 0.000000000000000000 ) ) ;
#4806 = ORIENTED_EDGE ( 'NONE', *, *, #195, .F. ) ;
#4807 = EDGE_CURVE ( 'NONE', #4704, #5197, #2217, .T. ) ;
#4808 = CARTESIAN_POINT ( 'NONE',  ( 0.000000000000000000, -25.39999999999999858, 3.049999999999999822 ) ) ;
#4809 = DIRECTION ( 'NONE',  ( 1.000000000000000000, 0.000000000000000000, -0.000000000000000000 ) ) ;
#4810 = VECTOR ( 'NONE', #6231, 1000.000000000000000 ) ;
#4811 = ORIENTED_EDGE ( 'NONE', *, *, #4682, .T. ) ;
#4812 = DIRECTION ( 'NONE',  ( -0.000000000000000000, -0.000000000000000000, -1.000000000000000000 ) ) ;
#4813 = DIRECTION ( 'NONE',  ( -0.000000000000000000, -0.000000000000000000, -1.000000000000000000 ) ) ;
#4814 = DIRECTION ( 'NONE',  ( 1.000000000000000000, 0.000000000000000000, -0.000000000000000000 ) ) ;
#4815 = LINE ( 'NONE', #6330, #548 ) ;
#4816 = VECTOR ( 'NONE', #1463, 1000.000000000000000 ) ;
#4817 = DIRECTION ( 'NONE',  ( -0.000000000000000000, -0.000000000000000000, -1.000000000000000000 ) ) ;
#4818 = ORIENTED_EDGE ( 'NONE', *, *, #992, .F. ) ;
#4819 = LINE ( 'NONE', #409, #2631 ) ;
#4820 = CARTESIAN_POINT ( 'NONE',  ( 1.182358322909695704E-16, -12.69999999999999929, 2.286000000000000032 ) ) ;
#4821 = CIRCLE ( 'NONE', #1075, 3.174999999999999822 ) ;
#4822 = VECTOR ( 'NONE', #389, 1000.000000000000000 ) ;
#4823 = CARTESIAN_POINT ( 'NONE',  ( 6.699999999999993960, -6.699999999999999289, 3.049999999999999822 ) ) ;
#4824 = VECTOR ( 'NONE', #1118, 1000.000000000000114 ) ;
#4825 = AXIS2_PLACEMENT_3D ( 'NONE', #545, #3529, #2121 ) ;
#4826 = FACE_OUTER_BOUND ( 'NONE', #2259, .T. ) ;
#4827 = CARTESIAN_POINT ( 'NONE',  ( 7.481370849898475228, 6.200000000000000178, 3.049999999999999822 ) ) ;
#4828 = ADVANCED_FACE ( 'NONE', ( #478 ), #3034, .T. ) ;
#4829 = AXIS2_PLACEMENT_3D ( 'NONE', #4919, #473, #2537 ) ;
#4830 = VECTOR ( 'NONE', #4543, 1000.000000000000000 ) ;
#4831 = VERTEX_POINT ( 'NONE', #3489 ) ;
#4832 = CIRCLE ( 'NONE', #4011, 3.174999999999999822 ) ;
#4833 = EDGE_CURVE ( 'NONE', #1663, #4308, #4996, .T. ) ;
#4834 = ADVANCED_FACE ( 'NONE', ( #26 ), #1536, .F. ) ;
#4835 = VECTOR ( 'NONE', #5031, 1000.000000000000000 ) ;
#4836 = EDGE_LOOP ( 'NONE', ( #2191, #6316, #431, #5137, #113, #3890 ) ) ;
#4837 = CARTESIAN_POINT ( 'NONE',  ( -6.200000000000007283, -16.50441558772843109, 3.049999999999999822 ) ) ;
#4838 = AXIS2_PLACEMENT_3D ( 'NONE', #2296, #4328, #3307 ) ;
#4839 = PLANE ( 'NONE',  #5467 ) ;
#4840 = FACE_OUTER_BOUND ( 'NONE', #1703, .T. ) ;
#4841 = DIRECTION ( 'NONE',  ( -0.000000000000000000, -0.000000000000000000, -1.000000000000000000 ) ) ;
#4842 = CARTESIAN_POINT ( 'NONE',  ( 12.69999999999999751, -5.200000000000000178, 1.000000000000000000 ) ) ;
#4843 = VERTEX_POINT ( 'NONE', #1564 ) ;
#4844 = CIRCLE ( 'NONE', #2966, 3.174999999999999822 ) ;
#4845 = LINE ( 'NONE', #4357, #977 ) ;
#4846 = CIRCLE ( 'NONE', #3381, 5.199999999999998401 ) ;
#4847 = VECTOR ( 'NONE', #4096, 1000.000000000000114 ) ;
#4848 = ADVANCED_FACE ( 'NONE', ( #5545 ), #1069, .F. ) ;
#4849 = VERTEX_POINT ( 'NONE', #245 ) ;
#4850 = ORIENTED_EDGE ( 'NONE', *, *, #2538, .F. ) ;
#4851 = CARTESIAN_POINT ( 'NONE',  ( 0.000000000000000000, 0.000000000000000000, 1.000000000000000000 ) ) ;
#4852 = ORIENTED_EDGE ( 'NONE', *, *, #3296, .F. ) ;
#4853 = CARTESIAN_POINT ( 'NONE',  ( -6.200000000000007283, -8.895584412271569263, -3.049999999999999822 ) ) ;
#4854 = CARTESIAN_POINT ( 'NONE',  ( 1.182358322909695704E-16, -12.69999999999999929, 2.286000000000000032 ) ) ;
#4855 = ADVANCED_FACE ( 'NONE', ( #4686 ), #5181, .F. ) ;
#4856 = ADVANCED_FACE ( 'NONE', ( #3743 ), #1684, .T. ) ;
#4857 = VERTEX_POINT ( 'NONE', #5672 ) ;
#4858 = DIRECTION ( 'NONE',  ( -0.7071067811865482389, 0.7071067811865469066, 0.000000000000000000 ) ) ;
#4859 = DIRECTION ( 'NONE',  ( 0.000000000000000000, 0.000000000000000000, 1.000000000000000000 ) ) ;
#4860 = EDGE_LOOP ( 'NONE', ( #3113, #664, #4194, #6156 ) ) ;
#4861 = CARTESIAN_POINT ( 'NONE',  ( 2.570603795974260919, -1.863497014787713679, 2.286000000000000032 ) ) ;
#4862 = CARTESIAN_POINT ( 'NONE',  ( 5.199999999999997513, -8.207106781186555011, 1.000000000000000000 ) ) ;
#4863 = DIRECTION ( 'NONE',  ( 0.7071067811865474617, -0.7071067811865475727, 0.000000000000000000 ) ) ;
#4864 = ADVANCED_FACE ( 'NONE', ( #2152 ), #700, .F. ) ;
#4865 = ORIENTED_EDGE ( 'NONE', *, *, #3927, .T. ) ;
#4866 = CARTESIAN_POINT ( 'NONE',  ( 2.100000000000000089, 0.000000000000000000, 2.286000000000000032 ) ) ;
#4867 = LINE ( 'NONE', #382, #6178 ) ;
#4868 = LINE ( 'NONE', #3353, #5892 ) ;
#4869 = PLANE ( 'NONE',  #4124 ) ;
#4870 = DIRECTION ( 'NONE',  ( 1.000000000000000000, 0.000000000000000000, -0.000000000000000000 ) ) ;
#4871 = AXIS2_PLACEMENT_3D ( 'NONE', #2361, #2845, #2320 ) ;
#4872 = VERTEX_POINT ( 'NONE', #3191 ) ;
#4873 = DIRECTION ( 'NONE',  ( -0.7071067811865475727, 0.7071067811865475727, 0.000000000000000000 ) ) ;
#4874 = DIRECTION ( 'NONE',  ( 1.000000000000000000, 0.000000000000000000, 0.000000000000000000 ) ) ;
#4875 = CARTESIAN_POINT ( 'NONE',  ( -1.709940206472993816E-16, -0.4999999999999971689, 1.000000000000000000 ) ) ;
#4876 = CARTESIAN_POINT ( 'NONE',  ( 3.175000000000002043, -25.39999999999999858, 2.286000000000000032 ) ) ;
#4877 = VERTEX_POINT ( 'NONE', #160 ) ;
#4878 = ADVANCED_FACE ( 'NONE', ( #4715 ), #3124, .T. ) ;
#4879 = DIRECTION ( 'NONE',  ( -0.000000000000000000, -0.000000000000000000, -1.000000000000000000 ) ) ;
#4880 = EDGE_CURVE ( 'NONE', #3804, #27, #1695, .T. ) ;
#4881 = ORIENTED_EDGE ( 'NONE', *, *, #6216, .F. ) ;
#4882 = DIRECTION ( 'NONE',  ( 1.000000000000000000, 1.024442997624098830E-16, -0.000000000000000000 ) ) ;
#4883 = ORIENTED_EDGE ( 'NONE', *, *, #254, .T. ) ;
#4884 = CARTESIAN_POINT ( 'NONE',  ( 5.996446609406726580, 5.996446609406726580, 1.000000000000000000 ) ) ;
#4885 = DIRECTION ( 'NONE',  ( -0.7071067811865474617, -0.7071067811865476838, 0.000000000000000000 ) ) ;
#4886 = ORIENTED_EDGE ( 'NONE', *, *, #4486, .T. ) ;
#4887 = DIRECTION ( 'NONE',  ( -0.000000000000000000, -0.000000000000000000, -1.000000000000000000 ) ) ;
#4888 = CARTESIAN_POINT ( 'NONE',  ( 5.996446609406727468, -5.996446609406725692, 2.286000000000000032 ) ) ;
#4889 = EDGE_CURVE ( 'NONE', #2617, #5934, #208, .T. ) ;
#4890 = VERTEX_POINT ( 'NONE', #1199 ) ;
#4891 = CARTESIAN_POINT ( 'NONE',  ( 2.214716320084738350E-15, -25.39999999999999858, -2.286000000000000032 ) ) ;
#4892 = DIRECTION ( 'NONE',  ( 0.7071067811865474617, 0.7071067811865474617, 0.000000000000000000 ) ) ;
#4893 = PLANE ( 'NONE',  #2441 ) ;
#4894 = VERTEX_POINT ( 'NONE', #4175 ) ;
#4895 = FACE_OUTER_BOUND ( 'NONE', #5534, .T. ) ;
#4896 = CARTESIAN_POINT ( 'NONE',  ( 5.996446609406723027, -5.996446609406722139, -1.000000000000000000 ) ) ;
#4897 = EDGE_CURVE ( 'NONE', #1417, #3285, #6133, .T. ) ;
#4898 = ORIENTED_EDGE ( 'NONE', *, *, #4671, .F. ) ;
#4899 = FACE_OUTER_BOUND ( 'NONE', #2885, .T. ) ;
#4900 = ORIENTED_EDGE ( 'NONE', *, *, #6350, .F. ) ;
#4901 = DIRECTION ( 'NONE',  ( -0.7071067811865480168, 0.7071067811865470176, 0.000000000000000000 ) ) ;
#4902 = LINE ( 'NONE', #5401, #5354 ) ;
#4903 = CARTESIAN_POINT ( 'NONE',  ( 5.068629150101531700, -19.05000000000000426, -3.049999999999999822 ) ) ;
#4904 = CARTESIAN_POINT ( 'NONE',  ( 0.4999999999999989453, -22.26461724824543964, -1.000000000000000000 ) ) ;
#4905 = LINE ( 'NONE', #1413, #235 ) ;
#4906 = ORIENTED_EDGE ( 'NONE', *, *, #4172, .T. ) ;
#4907 = CARTESIAN_POINT ( 'NONE',  ( 6.200000000000003730, -20.18137084989847452, 3.049999999999999822 ) ) ;
#4908 = VERTEX_POINT ( 'NONE', #3626 ) ;
#4909 = DIRECTION ( 'NONE',  ( -0.000000000000000000, -0.000000000000000000, -1.000000000000000000 ) ) ;
#4910 = CARTESIAN_POINT ( 'NONE',  ( 12.34644660940672978, -12.34644660940672445, 2.286000000000000032 ) ) ;
#4911 = DIRECTION ( 'NONE',  ( 1.000000000000000000, 0.000000000000000000, 0.000000000000000000 ) ) ;
#4912 = CIRCLE ( 'NONE', #4188, 3.174999999999999822 ) ;
#4913 = EDGE_CURVE ( 'NONE', #2931, #4843, #1108, .T. ) ;
#4914 = LINE ( 'NONE', #5340, #2220 ) ;
#4915 = DIRECTION ( 'NONE',  ( 0.7071067811865475727, -0.7071067811865474617, 0.000000000000000000 ) ) ;
#4916 = EDGE_CURVE ( 'NONE', #6435, #950, #5611, .T. ) ;
#4917 = DIRECTION ( 'NONE',  ( 1.000000000000000000, 0.000000000000000000, 0.000000000000000000 ) ) ;
#4918 = EDGE_LOOP ( 'NONE', ( #6240, #5890, #4051, #3872 ) ) ;
#4919 = CARTESIAN_POINT ( 'NONE',  ( 1.182358322909695704E-16, -12.69999999999999929, -1.000000000000000000 ) ) ;
#4920 = DIRECTION ( 'NONE',  ( -0.7071067811865481278, -0.7071067811865469066, 0.000000000000000000 ) ) ;
#4921 = LINE ( 'NONE', #2571, #3992 ) ;
#4922 = ORIENTED_EDGE ( 'NONE', *, *, #3751, .F. ) ;
#4923 = AXIS2_PLACEMENT_3D ( 'NONE', #4061, #3596, #1539 ) ;
#4924 = DIRECTION ( 'NONE',  ( 0.7071067811865474617, 0.7071067811865475727, -0.000000000000000000 ) ) ;
#4925 = CARTESIAN_POINT ( 'NONE',  ( 6.792893218813456535, -5.199999999999999289, 3.049999999999999822 ) ) ;
#4926 = VERTEX_POINT ( 'NONE', #3097 ) ;
#4927 = DIRECTION ( 'NONE',  ( -0.000000000000000000, -0.000000000000000000, -1.000000000000000000 ) ) ;
#4928 = FACE_OUTER_BOUND ( 'NONE', #5282, .T. ) ;
#4929 = AXIS2_PLACEMENT_3D ( 'NONE', #5022, #3526, #6037 ) ;
#4930 = EDGE_CURVE ( 'NONE', #3168, #2308, #4204, .T. ) ;
#4931 = AXIS2_PLACEMENT_3D ( 'NONE', #799, #5701, #2793 ) ;
#4932 = AXIS2_PLACEMENT_3D ( 'NONE', #286, #2188, #681 ) ;
#4933 = CARTESIAN_POINT ( 'NONE',  ( 2.100000000000002753, -25.39999999999999858, 2.286000000000000032 ) ) ;
#4934 = LINE ( 'NONE', #5426, #4724 ) ;
#4935 = VECTOR ( 'NONE', #6415, 1000.000000000000000 ) ;
#4936 = DIRECTION ( 'NONE',  ( 1.000000000000000000, 0.000000000000000000, -0.000000000000000000 ) ) ;
#4937 = ORIENTED_EDGE ( 'NONE', *, *, #5628, .T. ) ;
#4938 = AXIS2_PLACEMENT_3D ( 'NONE', #4373, #6363, #3880 ) ;
#4939 = VECTOR ( 'NONE', #5451, 1000.000000000000114 ) ;
#4940 = LINE ( 'NONE', #493, #1504 ) ;
#4941 = VECTOR ( 'NONE', #6272, 1000.000000000000000 ) ;
#4942 = VECTOR ( 'NONE', #490, 1000.000000000000000 ) ;
#4943 = AXIS2_PLACEMENT_3D ( 'NONE', #576, #2450, #6436 ) ;
#4944 = ORIENTED_EDGE ( 'NONE', *, *, #2495, .F. ) ;
#4945 = AXIS2_PLACEMENT_3D ( 'NONE', #5526, #4493, #42 ) ;
#4946 = AXIS2_PLACEMENT_3D ( 'NONE', #5801, #1324, #830 ) ;
#4947 = DIRECTION ( 'NONE',  ( 0.000000000000000000, 0.000000000000000000, -1.000000000000000000 ) ) ;
#4948 = EDGE_LOOP ( 'NONE', ( #5013, #1513, #5942, #4071 ) ) ;
#4949 = LINE ( 'NONE', #1054, #1710 ) ;
#4950 = FACE_OUTER_BOUND ( 'NONE', #3633, .T. ) ;
#4951 = CIRCLE ( 'NONE', #5881, 3.174999999999999822 ) ;
#4952 = EDGE_CURVE ( 'NONE', #3116, #27, #5090, .T. ) ;
#4953 = VECTOR ( 'NONE', #5017, 999.9999999999998863 ) ;
#4954 = ORIENTED_EDGE ( 'NONE', *, *, #4494, .F. ) ;
#4955 = CARTESIAN_POINT ( 'NONE',  ( -0.3535533905932751741, -0.3535533905932755072, -1.000000000000000000 ) ) ;
#4956 = DIRECTION ( 'NONE',  ( 0.000000000000000000, -0.000000000000000000, -1.000000000000000000 ) ) ;
#4957 = DIRECTION ( 'NONE',  ( 0.000000000000000000, -1.000000000000000000, 0.000000000000000000 ) ) ;
#4958 = VERTEX_POINT ( 'NONE', #1630 ) ;
#4959 = LINE ( 'NONE', #87, #4121 ) ;
#4960 = DIRECTION ( 'NONE',  ( 0.7071067811865469066, -0.7071067811865481278, 0.000000000000000000 ) ) ;
#4961 = ADVANCED_FACE ( 'NONE', ( #2723 ), #6162, .T. ) ;
#4962 = ADVANCED_FACE ( 'NONE', ( #638 ), #2636, .T. ) ;
#4963 = VERTEX_POINT ( 'NONE', #5149 ) ;
#4964 = CARTESIAN_POINT ( 'NONE',  ( 5.199999999999997513, -25.39999999999999858, 2.286000000000000032 ) ) ;
#4965 = DIRECTION ( 'NONE',  ( -0.000000000000000000, -0.000000000000000000, -1.000000000000000000 ) ) ;
#4966 = LINE ( 'NONE', #3984, #3893 ) ;
#4967 = CARTESIAN_POINT ( 'NONE',  ( -5.200000000000000178, -7.895584412271563046, 3.049999999999999822 ) ) ;
#4968 = CARTESIAN_POINT ( 'NONE',  ( 0.000000000000000000, 0.000000000000000000, -1.000000000000000000 ) ) ;
#4969 = ADVANCED_FACE ( 'NONE', ( #671 ), #2672, .F. ) ;
#4970 = DIRECTION ( 'NONE',  ( -1.000000000000000000, 0.000000000000000000, 0.000000000000000000 ) ) ;
#4971 = EDGE_LOOP ( 'NONE', ( #2200, #930, #234, #54 ) ) ;
#4972 = CARTESIAN_POINT ( 'NONE',  ( 0.000000000000000000, 0.000000000000000000, 1.000000000000000000 ) ) ;
#4973 = LINE ( 'NONE', #4490, #1610 ) ;
#4974 = EDGE_CURVE ( 'NONE', #1483, #1999, #1349, .T. ) ;
#4975 = DIRECTION ( 'NONE',  ( -1.635594980104611741E-16, 1.000000000000000000, 0.000000000000000000 ) ) ;
#4976 = VERTEX_POINT ( 'NONE', #6358 ) ;
#4977 = CARTESIAN_POINT ( 'NONE',  ( 3.135382751754560271, 0.4999999999999998890, -2.286000000000000032 ) ) ;
#4978 = AXIS2_PLACEMENT_3D ( 'NONE', #2264, #3237, #1270 ) ;
#4979 = ORIENTED_EDGE ( 'NONE', *, *, #6348, .F. ) ;
#4980 = AXIS2_PLACEMENT_3D ( 'NONE', #2370, #2816, #854 ) ;
#4981 = EDGE_CURVE ( 'NONE', #297, #6099, #1780, .T. ) ;
#4982 = CYLINDRICAL_SURFACE ( 'NONE', #1210, 3.174999999999999822 ) ;
#4983 = CARTESIAN_POINT ( 'NONE',  ( -3.174999999999999822, -12.69999999999999929, -2.286000000000000032 ) ) ;
#4984 = CARTESIAN_POINT ( 'NONE',  ( -5.200000000000000178, -7.895584412271563046, 3.049999999999999822 ) ) ;
#4985 = ORIENTED_EDGE ( 'NONE', *, *, #5224, .F. ) ;
#4986 = LINE ( 'NONE', #1031, #323 ) ;
#4987 = ADVANCED_FACE ( 'NONE', ( #5386 ), #1321, .F. ) ;
#4988 = FACE_OUTER_BOUND ( 'NONE', #4058, .T. ) ;
#4989 = ORIENTED_EDGE ( 'NONE', *, *, #3319, .F. ) ;
#4990 = LINE ( 'NONE', #1586, #5047 ) ;
#4991 = DIRECTION ( 'NONE',  ( 0.7071067811865479058, 0.7071067811865472397, -0.000000000000000000 ) ) ;
#4992 = CARTESIAN_POINT ( 'NONE',  ( 10.59999999999999787, 2.571758278209441464E-16, 2.286000000000000032 ) ) ;
#4993 = EDGE_CURVE ( 'NONE', #2785, #4356, #1916, .T. ) ;
#4994 = ORIENTED_EDGE ( 'NONE', *, *, #6444, .T. ) ;
#4995 = CARTESIAN_POINT ( 'NONE',  ( -6.199999999999998401, -17.91862915010153046, -3.049999999999999822 ) ) ;
#4996 = LINE ( 'NONE', #2510, #3895 ) ;
#4997 = DIRECTION ( 'NONE',  ( -0.000000000000000000, -0.000000000000000000, 1.000000000000000000 ) ) ;
#4998 = DIRECTION ( 'NONE',  ( 0.7071067811865480168, 0.7071067811865470176, -0.000000000000000000 ) ) ;
#4999 = CARTESIAN_POINT ( 'NONE',  ( 3.135382751754560271, 0.4999999999999998890, 2.286000000000000032 ) ) ;
#5000 = EDGE_CURVE ( 'NONE', #3578, #1213, #1250, .T. ) ;
#5001 = VERTEX_POINT ( 'NONE', #1880 ) ;
#5002 = DIRECTION ( 'NONE',  ( 0.7071067811865489050, 0.7071067811865462405, 0.000000000000000000 ) ) ;
#5003 = DIRECTION ( 'NONE',  ( 0.000000000000000000, -1.000000000000000000, 0.000000000000000000 ) ) ;
#5004 = CARTESIAN_POINT ( 'NONE',  ( 2.214716320084738350E-15, -25.39999999999999858, -1.000000000000000000 ) ) ;
#5005 = ORIENTED_EDGE ( 'NONE', *, *, #5511, .T. ) ;
#5006 = CARTESIAN_POINT ( 'NONE',  ( -5.996446609406721251, -5.996446609406716810, -2.286000000000000032 ) ) ;
#5007 = EDGE_CURVE ( 'NONE', #75, #3335, #5730, .T. ) ;
#5008 = ORIENTED_EDGE ( 'NONE', *, *, #81, .T. ) ;
#5009 = FACE_OUTER_BOUND ( 'NONE', #4570, .T. ) ;
#5010 = CARTESIAN_POINT ( 'NONE',  ( -5.200000000000000178, 6.368163355566236381E-16, 3.049999999999999822 ) ) ;
#5011 = DIRECTION ( 'NONE',  ( -0.7071067811865470176, -0.7071067811865480168, 0.000000000000000000 ) ) ;
#5012 = EDGE_CURVE ( 'NONE', #1644, #4678, #2866, .T. ) ;
#5013 = ORIENTED_EDGE ( 'NONE', *, *, #3808, .F. ) ;
#5014 = CARTESIAN_POINT ( 'NONE',  ( 0.000000000000000000, 0.000000000000000000, 2.286000000000000032 ) ) ;
#5015 = CARTESIAN_POINT ( 'NONE',  ( 1.182358322909695704E-16, -12.69999999999999929, 1.000000000000000000 ) ) ;
#5016 = EDGE_LOOP ( 'NONE', ( #1239, #362, #5187, #5091 ) ) ;
#5017 = DIRECTION ( 'NONE',  ( 0.7071067811865482389, -0.7071067811865469066, 0.000000000000000000 ) ) ;
#5018 = ADVANCED_FACE ( 'NONE', ( #5275 ), #302, .T. ) ;
#5019 = CIRCLE ( 'NONE', #5330, 3.174999999999999822 ) ;
#5020 = ORIENTED_EDGE ( 'NONE', *, *, #483, .T. ) ;
#5021 = DIRECTION ( 'NONE',  ( 0.000000000000000000, 0.000000000000000000, 1.000000000000000000 ) ) ;
#5022 = CARTESIAN_POINT ( 'NONE',  ( 6.349999999999999645, 3.654415587728425230, 3.049999999999999822 ) ) ;
#5023 = ORIENTED_EDGE ( 'NONE', *, *, #4176, .F. ) ;
#5024 = CARTESIAN_POINT ( 'NONE',  ( 6.349999999999999645, 5.068629150101524594, 3.050999999999999712 ) ) ;
#5025 = CARTESIAN_POINT ( 'NONE',  ( 10.83650298521228628, -2.570603795974262251, 2.286000000000000032 ) ) ;
#5026 = LINE ( 'NONE', #1139, #4117 ) ;
#5027 = VECTOR ( 'NONE', #412, 1000.000000000000000 ) ;
#5028 = CARTESIAN_POINT ( 'NONE',  ( 12.69999999999999929, 0.000000000000000000, -3.050999999999999712 ) ) ;
#5029 = ORIENTED_EDGE ( 'NONE', *, *, #5096, .F. ) ;
#5030 = LINE ( 'NONE', #3044, #765 ) ;
#5031 = DIRECTION ( 'NONE',  ( 0.000000000000000000, -1.000000000000000000, 0.000000000000000000 ) ) ;
#5032 = VECTOR ( 'NONE', #3058, 1000.000000000000000 ) ;
#5033 = EDGE_CURVE ( 'NONE', #1451, #4308, #1290, .T. ) ;
#5034 = FACE_OUTER_BOUND ( 'NONE', #848, .T. ) ;
#5035 = ORIENTED_EDGE ( 'NONE', *, *, #587, .F. ) ;
#5036 = EDGE_CURVE ( 'NONE', #4459, #982, #4401, .T. ) ;
#5037 = VECTOR ( 'NONE', #6334, 1000.000000000000000 ) ;
#5038 = ORIENTED_EDGE ( 'NONE', *, *, #3812, .T. ) ;
#5039 = AXIS2_PLACEMENT_3D ( 'NONE', #5598, #4160, #6117 ) ;
#5040 = AXIS2_PLACEMENT_3D ( 'NONE', #1661, #5185, #2674 ) ;
#5041 = CARTESIAN_POINT ( 'NONE',  ( 5.199999999999998401, -17.19289321881344179, 1.000000000000000000 ) ) ;
#5042 = ORIENTED_EDGE ( 'NONE', *, *, #5212, .F. ) ;
#5043 = CYLINDRICAL_SURFACE ( 'NONE', #5472, 3.174999999999999822 ) ;
#5044 = VECTOR ( 'NONE', #4669, 1000.000000000000000 ) ;
#5045 = DIRECTION ( 'NONE',  ( -1.000000000000000000, 0.000000000000000000, 0.000000000000000000 ) ) ;
#5046 = EDGE_CURVE ( 'NONE', #4036, #2020, #372, .T. ) ;
#5047 = VECTOR ( 'NONE', #4539, 1000.000000000000000 ) ;
#5048 = ORIENTED_EDGE ( 'NONE', *, *, #1865, .F. ) ;
#5049 = EDGE_LOOP ( 'NONE', ( #1665, #1738, #5020, #183, #3544, #1757, #5070 ) ) ;
#5050 = AXIS2_PLACEMENT_3D ( 'NONE', #1035, #1989, #2603 ) ;
#5051 = DIRECTION ( 'NONE',  ( 0.000000000000000000, 0.000000000000000000, 1.000000000000000000 ) ) ;
#5052 = LINE ( 'NONE', #6433, #5156 ) ;
#5053 = ORIENTED_EDGE ( 'NONE', *, *, #5628, .F. ) ;
#5054 = CIRCLE ( 'NONE', #2455, 3.174999999999999822 ) ;
#5055 = DIRECTION ( 'NONE',  ( 0.000000000000000000, -0.000000000000000000, -1.000000000000000000 ) ) ;
#5056 = CC_DESIGN_PERSON_AND_ORGANIZATION_ASSIGNMENT ( #3666, #3614, ( #4375 ) ) ;
#5057 = EDGE_CURVE ( 'NONE', #4607, #1874, #3284, .T. ) ;
#5058 = DIRECTION ( 'NONE',  ( 0.000000000000000000, 1.000000000000000000, 0.000000000000000000 ) ) ;
#5059 = VECTOR ( 'NONE', #400, 1000.000000000000000 ) ;
#5060 = CIRCLE ( 'NONE', #5676, 1.499999999999997780 ) ;
#5061 = VECTOR ( 'NONE', #2738, 1000.000000000000000 ) ;
#5062 = ORIENTED_EDGE ( 'NONE', *, *, #4993, .F. ) ;
#5063 = CARTESIAN_POINT ( 'NONE',  ( -0.3535533905932751741, -0.3535533905932755072, 1.000000000000000000 ) ) ;
#5064 = CYLINDRICAL_SURFACE ( 'NONE', #1799, 6.200000000000000178 ) ;
#5065 = LOCAL_TIME ( 14, 13, 37.00000000000000000, #4192 ) ;
#5066 = DIRECTION ( 'NONE',  ( -0.7071067811865479058, -0.7071067811865472397, 0.000000000000000000 ) ) ;
#5067 = DIRECTION ( 'NONE',  ( 0.7071067811865483499, 0.7071067811865465735, 0.000000000000000000 ) ) ;
#5068 = ADVANCED_FACE ( 'NONE', ( #2794 ), #336, .F. ) ;
#5069 = FACE_OUTER_BOUND ( 'NONE', #1588, .T. ) ;
#5070 = ORIENTED_EDGE ( 'NONE', *, *, #621, .T. ) ;
#5071 = ORIENTED_EDGE ( 'NONE', *, *, #2523, .F. ) ;
#5072 = CARTESIAN_POINT ( 'NONE',  ( -12.34644660940672978, -12.34644660940671379, 2.286000000000000032 ) ) ;
#5073 = CARTESIAN_POINT ( 'NONE',  ( 11.35220779386420631, -11.35220779386425249, -2.286000000000000032 ) ) ;
#5074 = ORIENTED_EDGE ( 'NONE', *, *, #2030, .F. ) ;
#5075 = ORIENTED_EDGE ( 'NONE', *, *, #1204, .F. ) ;
#5076 = FACE_OUTER_BOUND ( 'NONE', #2169, .T. ) ;
#5077 = EDGE_CURVE ( 'NONE', #6464, #3665, #1388, .T. ) ;
#5078 = EDGE_CURVE ( 'NONE', #146, #3648, #5240, .T. ) ;
#5079 = CARTESIAN_POINT ( 'NONE',  ( -4.648654403270946034, -18.05576118445749145, 2.286000000000000032 ) ) ;
#5080 = DIRECTION ( 'NONE',  ( 1.000000000000000000, 0.000000000000000000, 0.000000000000000000 ) ) ;
#5081 = ORIENTED_EDGE ( 'NONE', *, *, #6089, .F. ) ;
#5082 = AXIS2_PLACEMENT_3D ( 'NONE', #624, #3178, #3571 ) ;
#5083 = DIRECTION ( 'NONE',  ( 0.000000000000000000, 0.000000000000000000, 1.000000000000000000 ) ) ;
#5084 = VERTEX_POINT ( 'NONE', #5828 ) ;
#5085 = DIRECTION ( 'NONE',  ( -0.000000000000000000, -0.000000000000000000, -1.000000000000000000 ) ) ;
#5086 = CARTESIAN_POINT ( 'NONE',  ( -4.648654403270940705, -20.04423881554251352, 2.286000000000000032 ) ) ;
#5087 = ORIENTED_EDGE ( 'NONE', *, *, #1040, .F. ) ;
#5088 = ADVANCED_FACE ( 'NONE', ( #5341 ), #4266, .T. ) ;
#5089 = FACE_OUTER_BOUND ( 'NONE', #2195, .T. ) ;
#5090 = LINE ( 'NONE', #609, #2115 ) ;
#5091 = ORIENTED_EDGE ( 'NONE', *, *, #4576, .T. ) ;
#5092 = DIRECTION ( 'NONE',  ( 1.000000000000000000, 0.000000000000000000, 0.000000000000000000 ) ) ;
#5093 = CARTESIAN_POINT ( 'NONE',  ( 7.344238815542513343, 4.648654403270939817, 2.286000000000000032 ) ) ;
#5094 = DIRECTION ( 'NONE',  ( 1.000000000000000000, 0.000000000000000000, 0.000000000000000000 ) ) ;
#5095 = ORIENTED_EDGE ( 'NONE', *, *, #311, .T. ) ;
#5096 = EDGE_CURVE ( 'NONE', #2776, #5479, #6254, .T. ) ;
#5097 = VERTEX_POINT ( 'NONE', #2914 ) ;
#5098 = CARTESIAN_POINT ( 'NONE',  ( -0.5000000000000000000, -15.83538275175456000, 2.286000000000000032 ) ) ;
#5099 = FACE_OUTER_BOUND ( 'NONE', #2894, .T. ) ;
#5100 = LINE ( 'NONE', #4039, #4824 ) ;
#5101 = ORIENTED_EDGE ( 'NONE', *, *, #6122, .T. ) ;
#5102 = EDGE_LOOP ( 'NONE', ( #5448, #102, #4806, #2504 ) ) ;
#5103 = DIRECTION ( 'NONE',  ( 0.000000000000000000, 0.000000000000000000, 1.000000000000000000 ) ) ;
#5104 = LINE ( 'NONE', #2621, #6224 ) ;
#5105 = VERTEX_POINT ( 'NONE', #1476 ) ;
#5106 = EDGE_CURVE ( 'NONE', #4894, #3744, #922, .T. ) ;
#5107 = PERSON_AND_ORGANIZATION ( #952, #4027 ) ;
#5108 = VERTEX_POINT ( 'NONE', #3900 ) ;
#5109 = ORIENTED_EDGE ( 'NONE', *, *, #538, .T. ) ;
#5110 = CARTESIAN_POINT ( 'NONE',  ( 12.69999999999999751, -5.199999999999999289, 3.049999999999999822 ) ) ;
#5111 = DIRECTION ( 'NONE',  ( 0.7071067811865473507, 0.7071067811865477948, -0.000000000000000000 ) ) ;
#5112 = PLANE ( 'NONE',  #2555 ) ;
#5113 = EDGE_CURVE ( 'NONE', #2136, #3797, #2223, .T. ) ;
#5114 = EDGE_CURVE ( 'NONE', #5466, #5318, #5429, .T. ) ;
#5115 = ORIENTED_EDGE ( 'NONE', *, *, #4952, .T. ) ;
#5116 = CARTESIAN_POINT ( 'NONE',  ( 5.199999999999997513, -25.39999999999999858, 3.049999999999999822 ) ) ;
#5117 = DIRECTION ( 'NONE',  ( -0.000000000000000000, -0.000000000000000000, -1.000000000000000000 ) ) ;
#5118 = VERTEX_POINT ( 'NONE', #988 ) ;
#5119 = CARTESIAN_POINT ( 'NONE',  ( 10.12939620402573659, 1.863497014787714789, 2.286000000000000032 ) ) ;
#5120 = DIRECTION ( 'NONE',  ( 1.000000000000000000, 0.000000000000000000, 0.000000000000000000 ) ) ;
#5121 = LINE ( 'NONE', #641, #4007 ) ;
#5122 = VERTEX_POINT ( 'NONE', #1441 ) ;
#5123 = DIRECTION ( 'NONE',  ( 0.7071067811865470176, -0.7071067811865481278, 0.000000000000000000 ) ) ;
#5124 = EDGE_LOOP ( 'NONE', ( #1066, #3503, #3755, #347, #4546, #411, #4187, #5364 ) ) ;
#5125 = AXIS2_PLACEMENT_3D ( 'NONE', #976, #4123, #4088 ) ;
#5126 = CARTESIAN_POINT ( 'NONE',  ( 6.699999999999993960, -5.199999999999999289, -3.049999999999999822 ) ) ;
#5127 = CARTESIAN_POINT ( 'NONE',  ( 8.207106781186546129, -5.199999999999999289, 3.049999999999999822 ) ) ;
#5128 = VERTEX_POINT ( 'NONE', #3431 ) ;
#5129 = VERTEX_POINT ( 'NONE', #5327 ) ;
#5130 = CYLINDRICAL_SURFACE ( 'NONE', #2319, 3.174999999999999822 ) ;
#5131 = VECTOR ( 'NONE', #6028, 1000.000000000000114 ) ;
#5132 = DIRECTION ( 'NONE',  ( -1.000000000000000000, 0.000000000000000000, 0.000000000000000000 ) ) ;
#5133 = ORIENTED_EDGE ( 'NONE', *, *, #2359, .F. ) ;
#5134 = EDGE_CURVE ( 'NONE', #4229, #5700, #3863, .T. ) ;
#5135 = VECTOR ( 'NONE', #2896, 999.9999999999998863 ) ;
#5136 = VERTEX_POINT ( 'NONE', #949 ) ;
#5137 = ORIENTED_EDGE ( 'NONE', *, *, #4024, .T. ) ;
#5138 = VECTOR ( 'NONE', #2616, 1000.000000000000000 ) ;
#5139 = VECTOR ( 'NONE', #1411, 1000.000000000000000 ) ;
#5140 = CARTESIAN_POINT ( 'NONE',  ( -0.5000000000000023315, -7.434522636839178791E-17, 2.286000000000000032 ) ) ;
#5141 = FACE_OUTER_BOUND ( 'NONE', #5597, .T. ) ;
#5142 = DIRECTION ( 'NONE',  ( 0.000000000000000000, 0.000000000000000000, 1.000000000000000000 ) ) ;
#5143 = AXIS2_PLACEMENT_3D ( 'NONE', #388, #1938, #4487 ) ;
#5144 = AXIS2_PLACEMENT_3D ( 'NONE', #1068, #2116, #4119 ) ;
#5145 = AXIS2_PLACEMENT_3D ( 'NONE', #2945, #1803, #2916 ) ;
#5146 = VERTEX_POINT ( 'NONE', #5845 ) ;
#5147 = ADVANCED_FACE ( 'NONE', ( #2396 ), #491, .F. ) ;
#5148 = DIRECTION ( 'NONE',  ( 1.000000000000000000, 0.000000000000000000, 0.000000000000000000 ) ) ;
#5149 = CARTESIAN_POINT ( 'NONE',  ( -3.174999999999997602, -25.39999999999999858, -2.286000000000000032 ) ) ;
#5150 = VECTOR ( 'NONE', #368, 1000.000000000000000 ) ;
#5151 = LINE ( 'NONE', #2153, #2942 ) ;
#5152 = DIRECTION ( 'NONE',  ( 0.000000000000000000, 0.000000000000000000, 1.000000000000000000 ) ) ;
#5153 = VECTOR ( 'NONE', #3674, 1000.000000000000000 ) ;
#5154 = EDGE_CURVE ( 'NONE', #16, #5350, #4905, .T. ) ;
#5155 = EDGE_CURVE ( 'NONE', #6262, #4623, #2884, .T. ) ;
#5156 = VECTOR ( 'NONE', #4015, 1000.000000000000000 ) ;
#5157 = CARTESIAN_POINT ( 'NONE',  ( -0.3535533905932727872, 0.3535533905932727872, 2.286000000000000032 ) ) ;
#5158 = VERTEX_POINT ( 'NONE', #419 ) ;
#5159 = LOCAL_TIME ( 14, 13, 37.00000000000000000, #1127 ) ;
#5160 = FACE_OUTER_BOUND ( 'NONE', #5461, .T. ) ;
#5161 = VERTEX_POINT ( 'NONE', #2943 ) ;
#5162 = LINE ( 'NONE', #4156, #991 ) ;
#5163 = EDGE_CURVE ( 'NONE', #1832, #993, #5465, .T. ) ;
#5164 = PLANE ( 'NONE',  #4932 ) ;
#5165 = VERTEX_POINT ( 'NONE', #1973 ) ;
#5166 = ORIENTED_EDGE ( 'NONE', *, *, #5459, .F. ) ;
#5167 = CARTESIAN_POINT ( 'NONE',  ( -3.174999999999999822, 0.000000000000000000, 2.286000000000000032 ) ) ;
#5168 = DIRECTION ( 'NONE',  ( 0.000000000000000000, 0.000000000000000000, 1.000000000000000000 ) ) ;
#5169 = VERTEX_POINT ( 'NONE', #2492 ) ;
#5170 = APPROVAL_STATUS ( 'not_yet_approved' ) ;
#5171 = ORIENTED_EDGE ( 'NONE', *, *, #925, .T. ) ;
#5172 = ORIENTED_EDGE ( 'NONE', *, *, #483, .F. ) ;
#5173 = EDGE_CURVE ( 'NONE', #4958, #2077, #3405, .T. ) ;
#5174 = CARTESIAN_POINT ( 'NONE',  ( -4.648654403270947810, -18.05576118445749145, 1.000000000000000000 ) ) ;
#5175 = ORIENTED_EDGE ( 'NONE', *, *, #30, .T. ) ;
#5176 = CARTESIAN_POINT ( 'NONE',  ( 5.199999999999997513, -25.39999999999999858, -2.286000000000000032 ) ) ;
#5177 = CIRCLE ( 'NONE', #5599, 3.175000000000000711 ) ;
#5178 = ORIENTED_EDGE ( 'NONE', *, *, #2142, .T. ) ;
#5179 = EDGE_CURVE ( 'NONE', #6384, #2652, #2362, .T. ) ;
#5180 = PLANE ( 'NONE',  #3435 ) ;
#5181 = PLANE ( 'NONE',  #4713 ) ;
#5182 = VERTEX_POINT ( 'NONE', #3830 ) ;
#5183 = VECTOR ( 'NONE', #6155, 1000.000000000000000 ) ;
#5184 = DIRECTION ( 'NONE',  ( 1.024442997624098707E-16, -1.000000000000000000, 0.000000000000000000 ) ) ;
#5185 = DIRECTION ( 'NONE',  ( 0.000000000000000000, 0.000000000000000000, 1.000000000000000000 ) ) ;
#5186 = PLANE ( 'NONE',  #5360 ) ;
#5187 = ORIENTED_EDGE ( 'NONE', *, *, #81, .F. ) ;
#5188 = EDGE_CURVE ( 'NONE', #2166, #2991, #4458, .T. ) ;
#5189 = EDGE_LOOP ( 'NONE', ( #1506, #5954, #6219, #1575 ) ) ;
#5190 = DIRECTION ( 'NONE',  ( -1.000000000000000000, 0.000000000000000000, 0.000000000000000000 ) ) ;
#5191 = CARTESIAN_POINT ( 'NONE',  ( 2.214716320084738350E-15, -25.39999999999999858, 2.286000000000000032 ) ) ;
#5192 = ORIENTED_EDGE ( 'NONE', *, *, #414, .F. ) ;
#5193 = VERTEX_POINT ( 'NONE', #2980 ) ;
#5194 = DIRECTION ( 'NONE',  ( 1.000000000000000000, 0.000000000000000000, 0.000000000000000000 ) ) ;
#5195 = CARTESIAN_POINT ( 'NONE',  ( 6.199999999999996625, -20.18137084989847452, 3.049999999999999822 ) ) ;
#5196 = VERTEX_POINT ( 'NONE', #5404 ) ;
#5197 = VERTEX_POINT ( 'NONE', #4842 ) ;
#5198 = ORIENTED_EDGE ( 'NONE', *, *, #2288, .T. ) ;
#5199 = ORIENTED_EDGE ( 'NONE', *, *, #3308, .T. ) ;
#5200 = DIRECTION ( 'NONE',  ( 0.000000000000000000, 0.000000000000000000, 1.000000000000000000 ) ) ;
#5201 = DIRECTION ( 'NONE',  ( 1.000000000000000000, -0.000000000000000000, 0.000000000000000000 ) ) ;
#5202 = LINE ( 'NONE', #4683, #5581 ) ;
#5203 = ADVANCED_FACE ( 'NONE', ( #2427 ), #6421, .F. ) ;
#5204 = ORIENTED_EDGE ( 'NONE', *, *, #2939, .F. ) ;
#5205 = DIRECTION ( 'NONE',  ( -0.000000000000000000, -0.000000000000000000, -1.000000000000000000 ) ) ;
#5206 = CARTESIAN_POINT ( 'NONE',  ( 6.699999999999993960, -6.199999999999999289, 1.000000000000000000 ) ) ;
#5207 = ORIENTED_EDGE ( 'NONE', *, *, #5612, .T. ) ;
#5208 = CARTESIAN_POINT ( 'NONE',  ( 3.654415587728431447, -19.04999999999999716, 3.049999999999999822 ) ) ;
#5209 = LINE ( 'NONE', #2728, #642 ) ;
#5210 = DIRECTION ( 'NONE',  ( 1.000000000000000000, 5.463695987328526437E-15, 0.000000000000000000 ) ) ;
#5211 = CARTESIAN_POINT ( 'NONE',  ( -5.200000000000000178, -17.50441558772843464, 2.286000000000000032 ) ) ;
#5212 = EDGE_CURVE ( 'NONE', #9, #3382, #3962, .T. ) ;
#5213 = ORIENTED_EDGE ( 'NONE', *, *, #621, .F. ) ;
#5214 = PLANE ( 'NONE',  #850 ) ;
#5215 = VERTEX_POINT ( 'NONE', #4355 ) ;
#5216 = LINE ( 'NONE', #2705, #55 ) ;
#5217 = VECTOR ( 'NONE', #1323, 1000.000000000000000 ) ;
#5218 = CARTESIAN_POINT ( 'NONE',  ( 5.199999999999997513, -17.50441558772843820, 3.049999999999999822 ) ) ;
#5219 = CIRCLE ( 'NONE', #5745, 2.100000000000000533 ) ;
#5220 = VERTEX_POINT ( 'NONE', #6345 ) ;
#5221 = CARTESIAN_POINT ( 'NONE',  ( 0.000000000000000000, 0.000000000000000000, 2.286000000000000032 ) ) ;
#5222 = CARTESIAN_POINT ( 'NONE',  ( -3.174999999999999822, 0.000000000000000000, 2.286000000000000032 ) ) ;
#5223 = ORIENTED_EDGE ( 'NONE', *, *, #980, .T. ) ;
#5224 = EDGE_CURVE ( 'NONE', #4108, #5415, #4135, .T. ) ;
#5225 = CALENDAR_DATE ( 2022, 6, 6 ) ;
#5226 = ADVANCED_FACE ( 'NONE', ( #2003 ), #6016, .T. ) ;
#5227 = ORIENTED_EDGE ( 'NONE', *, *, #3721, .T. ) ;
#5228 = ORIENTED_EDGE ( 'NONE', *, *, #5241, .T. ) ;
#5229 = VECTOR ( 'NONE', #2831, 1000.000000000000000 ) ;
#5230 = FACE_OUTER_BOUND ( 'NONE', #3438, .T. ) ;
#5231 = ORIENTED_EDGE ( 'NONE', *, *, #5435, .T. ) ;
#5232 = CARTESIAN_POINT ( 'NONE',  ( 5.199999999999997513, -20.90710678118655608, 3.049999999999999822 ) ) ;
#5233 = VECTOR ( 'NONE', #2208, 1000.000000000000000 ) ;
#5234 = LINE ( 'NONE', #204, #2756 ) ;
#5235 = EDGE_CURVE ( 'NONE', #790, #1997, #3993, .T. ) ;
#5236 = CIRCLE ( 'NONE', #4307, 3.174999999999999822 ) ;
#5237 = VERTEX_POINT ( 'NONE', #1048 ) ;
#5238 = VECTOR ( 'NONE', #2117, 1000.000000000000000 ) ;
#5239 = CARTESIAN_POINT ( 'NONE',  ( 2.214716320084738350E-15, -25.39999999999999858, 2.286000000000000032 ) ) ;
#5240 = LINE ( 'NONE', #767, #3065 ) ;
#5241 = EDGE_CURVE ( 'NONE', #4592, #1832, #1177, .T. ) ;
#5242 = ORIENTED_EDGE ( 'NONE', *, *, #3002, .F. ) ;
#5243 = AXIS2_PLACEMENT_3D ( 'NONE', #2345, #2769, #1920 ) ;
#5244 = FACE_OUTER_BOUND ( 'NONE', #2075, .T. ) ;
#5245 = CARTESIAN_POINT ( 'NONE',  ( 6.349999999999999645, 3.654415587728425230, 3.049999999999999822 ) ) ;
#5246 = CARTESIAN_POINT ( 'NONE',  ( 3.175000000000002043, -25.39999999999999858, 2.286000000000000032 ) ) ;
#5247 = CARTESIAN_POINT ( 'NONE',  ( 6.699999999999993960, -5.199999999999999289, 3.049999999999999822 ) ) ;
#5248 = AXIS2_PLACEMENT_3D ( 'NONE', #259, #1697, #2258 ) ;
#5249 = AXIS2_PLACEMENT_3D ( 'NONE', #3149, #4145, #3093 ) ;
#5250 = EDGE_LOOP ( 'NONE', ( #2608, #679, #2811, #4602 ) ) ;
#5251 = EDGE_CURVE ( 'NONE', #4064, #683, #5978, .T. ) ;
#5252 = AXIS2_PLACEMENT_3D ( 'NONE', #1340, #1415, #4285 ) ;
#5253 = ORIENTED_EDGE ( 'NONE', *, *, #3977, .T. ) ;
#5254 = VECTOR ( 'NONE', #3605, 1000.000000000000000 ) ;
#5255 = CARTESIAN_POINT ( 'NONE',  ( 2.570603795974264916, -14.56349701478770697, -2.286000000000000032 ) ) ;
#5256 = CARTESIAN_POINT ( 'NONE',  ( -1.863497014787714345, -10.12939620402574015, -1.000000000000000000 ) ) ;
#5257 = VERTEX_POINT ( 'NONE', #1516 ) ;
#5258 = VECTOR ( 'NONE', #3454, 1000.000000000000000 ) ;
#5259 = AXIS2_PLACEMENT_3D ( 'NONE', #5541, #2480, #3485 ) ;
#5260 = VECTOR ( 'NONE', #1790, 1000.000000000000000 ) ;
#5261 = VERTEX_POINT ( 'NONE', #5524 ) ;
#5262 = CARTESIAN_POINT ( 'NONE',  ( -3.654415587728429671, -6.349999999999996980, 3.049999999999999822 ) ) ;
#5263 = CARTESIAN_POINT ( 'NONE',  ( 0.000000000000000000, 0.000000000000000000, 1.000000000000000000 ) ) ;
#5264 = EDGE_LOOP ( 'NONE', ( #3835, #4979, #6346, #151 ) ) ;
#5265 = DIRECTION ( 'NONE',  ( 0.7071067811865480168, -0.7071067811865470176, 0.000000000000000000 ) ) ;
#5266 = ORIENTED_EDGE ( 'NONE', *, *, #4671, .T. ) ;
#5267 = EDGE_CURVE ( 'NONE', #2080, #5753, #101, .T. ) ;
#5268 = ORIENTED_EDGE ( 'NONE', *, *, #886, .T. ) ;
#5269 = DIRECTION ( 'NONE',  ( -0.000000000000000000, -0.000000000000000000, -1.000000000000000000 ) ) ;
#5270 = ORIENTED_EDGE ( 'NONE', *, *, #4176, .T. ) ;
#5271 = LINE ( 'NONE', #1346, #1507 ) ;
#5272 = CARTESIAN_POINT ( 'NONE',  ( 11.35220779386420631, -11.35220779386425249, 1.000000000000000000 ) ) ;
#5273 = ORIENTED_EDGE ( 'NONE', *, *, #794, .F. ) ;
#5274 = CARTESIAN_POINT ( 'NONE',  ( 0.3535533905932734533, 0.3535533905932735088, 2.286000000000000032 ) ) ;
#5275 = FACE_OUTER_BOUND ( 'NONE', #5102, .T. ) ;
#5276 = CARTESIAN_POINT ( 'NONE',  ( 6.703553390593270933, -6.703553390593268269, 1.000000000000000000 ) ) ;
#5277 = LINE ( 'NONE', #305, #5575 ) ;
#5278 = DIRECTION ( 'NONE',  ( -0.000000000000000000, -0.000000000000000000, -1.000000000000000000 ) ) ;
#5279 = FACE_OUTER_BOUND ( 'NONE', #5804, .T. ) ;
#5280 = VECTOR ( 'NONE', #4354, 1000.000000000000000 ) ;
#5281 = EDGE_CURVE ( 'NONE', #5553, #5973, #5100, .T. ) ;
#5282 = EDGE_LOOP ( 'NONE', ( #5833, #1446, #3955, #3398 ) ) ;
#5283 = VECTOR ( 'NONE', #6276, 1000.000000000000000 ) ;
#5284 = CARTESIAN_POINT ( 'NONE',  ( -5.200000000000000178, 6.368163355566236381E-16, 2.286000000000000032 ) ) ;
#5285 = ORIENTED_EDGE ( 'NONE', *, *, #44, .F. ) ;
#5286 = DIRECTION ( 'NONE',  ( 0.000000000000000000, 0.000000000000000000, 1.000000000000000000 ) ) ;
#5287 = CARTESIAN_POINT ( 'NONE',  ( -5.068629150101529923, -19.05000000000000426, 3.049999999999999822 ) ) ;
#5288 = ORIENTED_EDGE ( 'NONE', *, *, #4227, .T. ) ;
#5289 = ADVANCED_FACE ( 'NONE', ( #5034 ), #3535, .T. ) ;
#5290 = VERTEX_POINT ( 'NONE', #3502 ) ;
#5291 = CYLINDRICAL_SURFACE ( 'NONE', #5363, 3.174999999999999822 ) ;
#5292 = CARTESIAN_POINT ( 'NONE',  ( 12.69999999999999929, 5.200000000000000178, 3.049999999999999822 ) ) ;
#5293 = VERTEX_POINT ( 'NONE', #619 ) ;
#5294 = DIRECTION ( 'NONE',  ( 0.7071067811865479058, 0.7071067811865472397, -0.000000000000000000 ) ) ;
#5295 = EDGE_CURVE ( 'NONE', #739, #2054, #5494, .T. ) ;
#5296 = ORIENTED_EDGE ( 'NONE', *, *, #4329, .T. ) ;
#5297 = ORIENTED_EDGE ( 'NONE', *, *, #5114, .T. ) ;
#5298 = CARTESIAN_POINT ( 'NONE',  ( -3.654415587728429671, -6.349999999999996980, 3.049999999999999822 ) ) ;
#5299 = ORIENTED_EDGE ( 'NONE', *, *, #1025, .F. ) ;
#5300 = CARTESIAN_POINT ( 'NONE',  ( 1.182358322909695704E-16, -12.69999999999999929, -1.000000000000000000 ) ) ;
#5301 = EDGE_CURVE ( 'NONE', #5618, #982, #4210, .T. ) ;
#5302 = EDGE_LOOP ( 'NONE', ( #3247, #2570, #5558, #5172, #1179, #2820 ) ) ;
#5303 = DIRECTION ( 'NONE',  ( -0.7071067811865475727, 0.7071067811865475727, 0.000000000000000000 ) ) ;
#5304 = DIRECTION ( 'NONE',  ( 0.7071067811865474617, 0.7071067811865476838, -0.000000000000000000 ) ) ;
#5305 = ORIENTED_EDGE ( 'NONE', *, *, #6398, .T. ) ;
#5306 = CARTESIAN_POINT ( 'NONE',  ( 0.4999999999999996669, -9.564617248245438574, 1.000000000000000000 ) ) ;
#5307 = CARTESIAN_POINT ( 'NONE',  ( 5.199999999999997513, 0.000000000000000000, 1.000000000000000000 ) ) ;
#5308 = FACE_BOUND ( 'NONE', #1730, .T. ) ;
#5309 = DIRECTION ( 'NONE',  ( -1.000000000000000000, 0.000000000000000000, 0.000000000000000000 ) ) ;
#5310 = EDGE_CURVE ( 'NONE', #2956, #4698, #2561, .T. ) ;
#5311 = EDGE_CURVE ( 'NONE', #3142, #5001, #40, .T. ) ;
#5312 = ORIENTED_EDGE ( 'NONE', *, *, #1445, .T. ) ;
#5313 = LINE ( 'NONE', #3423, #5339 ) ;
#5314 = LINE ( 'NONE', #5352, #5037 ) ;
#5315 = ORIENTED_EDGE ( 'NONE', *, *, #2965, .F. ) ;
#5316 = CARTESIAN_POINT ( 'NONE',  ( 3.654415587728431447, -19.04999999999999716, -3.049999999999999822 ) ) ;
#5317 = DIRECTION ( 'NONE',  ( 0.7071067811865474617, 0.7071067811865476838, 0.000000000000000000 ) ) ;
#5318 = VERTEX_POINT ( 'NONE', #74 ) ;
#5319 = EDGE_CURVE ( 'NONE', #3220, #3042, #1573, .T. ) ;
#5320 = ORIENTED_EDGE ( 'NONE', *, *, #4833, .F. ) ;
#5321 = ORIENTED_EDGE ( 'NONE', *, *, #3324, .F. ) ;
#5322 = DIRECTION ( 'NONE',  ( -0.7071067811865474617, -0.7071067811865474617, 0.000000000000000000 ) ) ;
#5323 = CC_DESIGN_DATE_AND_TIME_ASSIGNMENT ( #747, #6177, ( #5993 ) ) ;
#5324 = CARTESIAN_POINT ( 'NONE',  ( -0.5000000000000000000, -15.83538275175456000, 1.000000000000000000 ) ) ;
#5325 = EDGE_CURVE ( 'NONE', #752, #2931, #1085, .T. ) ;
#5326 = CARTESIAN_POINT ( 'NONE',  ( 4.804415587728428250, 5.200000000000000178, 2.286000000000000032 ) ) ;
#5327 = CARTESIAN_POINT ( 'NONE',  ( -2.570603795974262251, -23.53650298521229089, 1.000000000000000000 ) ) ;
#5328 = ORIENTED_EDGE ( 'NONE', *, *, #5310, .F. ) ;
#5329 = DIRECTION ( 'NONE',  ( 0.000000000000000000, 0.000000000000000000, 1.000000000000000000 ) ) ;
#5330 = AXIS2_PLACEMENT_3D ( 'NONE', #290, #3329, #2289 ) ;
#5331 = EDGE_LOOP ( 'NONE', ( #1271, #6327 ) ) ;
#5332 = ORIENTED_EDGE ( 'NONE', *, *, #3731, .F. ) ;
#5333 = ADVANCED_FACE ( 'NONE', ( #591 ), #2590, .F. ) ;
#5334 = DIRECTION ( 'NONE',  ( 1.000000000000000000, 0.000000000000000000, 0.000000000000000000 ) ) ;
#5335 = VERTEX_POINT ( 'NONE', #4612 ) ;
#5336 = CARTESIAN_POINT ( 'NONE',  ( -5.200000000000000178, 6.368163355566236381E-16, -3.049999999999999822 ) ) ;
#5337 = CARTESIAN_POINT ( 'NONE',  ( 6.200000000000009059, -16.50441558772843109, 3.049999999999999822 ) ) ;
#5338 = ORIENTED_EDGE ( 'NONE', *, *, #4463, .F. ) ;
#5339 = VECTOR ( 'NONE', #2970, 1000.000000000000000 ) ;
#5340 = CARTESIAN_POINT ( 'NONE',  ( 7.697792206135781079, -7.697792206135766868, -1.000000000000000000 ) ) ;
#5341 = FACE_OUTER_BOUND ( 'NONE', #6349, .T. ) ;
#5342 = AXIS2_PLACEMENT_3D ( 'NONE', #3026, #4567, #5441 ) ;
#5343 = ORIENTED_EDGE ( 'NONE', *, *, #450, .T. ) ;
#5344 = LINE ( 'NONE', #2410, #2001 ) ;
#5345 = FACE_OUTER_BOUND ( 'NONE', #3275, .T. ) ;
#5346 = DIRECTION ( 'NONE',  ( -0.7071067811865472397, 0.7071067811865479058, 0.000000000000000000 ) ) ;
#5347 = LINE ( 'NONE', #3420, #6405 ) ;
#5348 = AXIS2_PLACEMENT_3D ( 'NONE', #1135, #5117, #3679 ) ;
#5349 = ADVANCED_FACE ( 'NONE', ( #135 ), #2133, .T. ) ;
#5350 = VERTEX_POINT ( 'NONE', #5621 ) ;
#5351 = DIRECTION ( 'NONE',  ( 0.000000000000000000, 0.000000000000000000, 1.000000000000000000 ) ) ;
#5352 = CARTESIAN_POINT ( 'NONE',  ( 12.69999999999999929, 6.200000000000000178, -3.049999999999999822 ) ) ;
#5353 = CIRCLE ( 'NONE', #5758, 5.200000000000000178 ) ;
#5354 = VECTOR ( 'NONE', #4418, 1000.000000000000000 ) ;
#5355 = EDGE_CURVE ( 'NONE', #2592, #2468, #1667, .T. ) ;
#5356 = ORIENTED_EDGE ( 'NONE', *, *, #142, .T. ) ;
#5357 = EDGE_CURVE ( 'NONE', #261, #97, #3203, .T. ) ;
#5358 = DIRECTION ( 'NONE',  ( 0.000000000000000000, 0.000000000000000000, 1.000000000000000000 ) ) ;
#5359 = VECTOR ( 'NONE', #2285, 1000.000000000000114 ) ;
#5360 = AXIS2_PLACEMENT_3D ( 'NONE', #5157, #2252, #5677 ) ;
#5361 = DIRECTION ( 'NONE',  ( 0.7071067811865473507, -0.7071067811865477948, -0.000000000000000000 ) ) ;
#5362 = DIRECTION ( 'NONE',  ( 1.000000000000000000, 0.000000000000000000, 0.000000000000000000 ) ) ;
#5363 = AXIS2_PLACEMENT_3D ( 'NONE', #2708, #5813, #783 ) ;
#5364 = ORIENTED_EDGE ( 'NONE', *, *, #1664, .T. ) ;
#5365 = CIRCLE ( 'NONE', #2752, 3.174999999999999822 ) ;
#5366 = AXIS2_PLACEMENT_3D ( 'NONE', #3108, #1020, #2073 ) ;
#5367 = DIRECTION ( 'NONE',  ( 1.000000000000000000, 0.000000000000000000, 0.000000000000000000 ) ) ;
#5368 = CIRCLE ( 'NONE', #6299, 3.174999999999999822 ) ;
#5369 = DIRECTION ( 'NONE',  ( 0.000000000000000000, 0.000000000000000000, 1.000000000000000000 ) ) ;
#5370 = CARTESIAN_POINT ( 'NONE',  ( 10.83650298521228628, -2.570603795974263139, 2.286000000000000032 ) ) ;
#5371 = CARTESIAN_POINT ( 'NONE',  ( -6.703553390593268269, -6.703553390593279815, 2.286000000000000032 ) ) ;
#5372 = CARTESIAN_POINT ( 'NONE',  ( -12.34644660940672978, -12.34644660940671379, -1.000000000000000000 ) ) ;
#5373 = ORIENTED_EDGE ( 'NONE', *, *, #1216, .T. ) ;
#5374 = AXIS2_PLACEMENT_3D ( 'NONE', #5337, #5411, #858 ) ;
#5375 = DIRECTION ( 'NONE',  ( -0.7071067811865473507, -0.7071067811865477948, 0.000000000000000000 ) ) ;
#5376 = VECTOR ( 'NONE', #471, 1000.000000000000000 ) ;
#5377 = VECTOR ( 'NONE', #3958, 999.9999999999998863 ) ;
#5378 = VECTOR ( 'NONE', #1666, 1000.000000000000000 ) ;
#5379 = ADVANCED_FACE ( 'NONE', ( #6264 ), #6170, .F. ) ;
#5380 = ORIENTED_EDGE ( 'NONE', *, *, #628, .T. ) ;
#5381 = AXIS2_PLACEMENT_3D ( 'NONE', #4563, #3440, #3970 ) ;
#5382 = CARTESIAN_POINT ( 'NONE',  ( 2.214716320084738350E-15, -25.39999999999999858, 2.286000000000000032 ) ) ;
#5383 = CARTESIAN_POINT ( 'NONE',  ( 1.182358322909695704E-16, -12.69999999999999929, 1.000000000000000000 ) ) ;
#5384 = ORIENTED_EDGE ( 'NONE', *, *, #430, .F. ) ;
#5385 = DIRECTION ( 'NONE',  ( 0.000000000000000000, 0.000000000000000000, 1.000000000000000000 ) ) ;
#5386 = FACE_OUTER_BOUND ( 'NONE', #2647, .T. ) ;
#5387 = ORIENTED_EDGE ( 'NONE', *, *, #5511, .F. ) ;
#5388 = CARTESIAN_POINT ( 'NONE',  ( 1.863497014787721229, -22.82939620402574121, 2.286000000000000032 ) ) ;
#5389 = DIRECTION ( 'NONE',  ( 0.7071067811865475727, -0.7071067811865474617, 0.000000000000000000 ) ) ;
#5390 = CARTESIAN_POINT ( 'NONE',  ( 2.570603795974261363, 1.863497014787713235, 2.286000000000000032 ) ) ;
#5391 = CARTESIAN_POINT ( 'NONE',  ( -6.199999999999999289, -7.481370849898469011, 3.049999999999999822 ) ) ;
#5392 = ORIENTED_EDGE ( 'NONE', *, *, #2160, .F. ) ;
#5393 = LINE ( 'NONE', #2350, #6390 ) ;
#5394 = DIRECTION ( 'NONE',  ( -0.000000000000000000, -0.000000000000000000, -1.000000000000000000 ) ) ;
#5395 = ORIENTED_EDGE ( 'NONE', *, *, #2664, .F. ) ;
#5396 = LINE ( 'NONE', #6337, #3777 ) ;
#5397 = CARTESIAN_POINT ( 'NONE',  ( 0.5000000000000024425, -8.177974900523098149E-17, 2.286000000000000032 ) ) ;
#5398 = EDGE_CURVE ( 'NONE', #5794, #3042, #5872, .T. ) ;
#5399 = VECTOR ( 'NONE', #5565, 1000.000000000000114 ) ;
#5400 = DIRECTION ( 'NONE',  ( -0.7071067811865474617, -0.7071067811865474617, 0.000000000000000000 ) ) ;
#5401 = CARTESIAN_POINT ( 'NONE',  ( 5.199999999999997513, -20.59558441227156322, 3.049999999999999822 ) ) ;
#5402 = LINE ( 'NONE', #3961, #6087 ) ;
#5403 = CARTESIAN_POINT ( 'NONE',  ( 0.000000000000000000, 0.000000000000000000, 2.286000000000000032 ) ) ;
#5404 = CARTESIAN_POINT ( 'NONE',  ( 1.863497014787721895, -15.27060379597425488, -1.000000000000000000 ) ) ;
#5405 = EDGE_CURVE ( 'NONE', #807, #2991, #168, .T. ) ;
#5406 = EDGE_CURVE ( 'NONE', #452, #3643, #779, .T. ) ;
#5407 = ORIENTED_EDGE ( 'NONE', *, *, #1777, .F. ) ;
#5408 = CARTESIAN_POINT ( 'NONE',  ( 5.996446609406730133, -5.996446609406728356, -1.000000000000000000 ) ) ;
#5409 = ORIENTED_EDGE ( 'NONE', *, *, #1777, .T. ) ;
#5410 = DIRECTION ( 'NONE',  ( -0.000000000000000000, -0.000000000000000000, -1.000000000000000000 ) ) ;
#5411 = DIRECTION ( 'NONE',  ( 0.7071067811865462405, -0.7071067811865489050, 0.000000000000000000 ) ) ;
#5412 = ORIENTED_EDGE ( 'NONE', *, *, #2183, .T. ) ;
#5413 = CARTESIAN_POINT ( 'NONE',  ( -3.654415587728429671, -19.05000000000000071, 1.000000000000000000 ) ) ;
#5414 = CARTESIAN_POINT ( 'NONE',  ( 0.000000000000000000, -25.39999999999999858, -3.049999999999999822 ) ) ;
#5415 = VERTEX_POINT ( 'NONE', #1232 ) ;
#5416 = CARTESIAN_POINT ( 'NONE',  ( 4.648654403270946034, -20.04423881554251352, -2.286000000000000032 ) ) ;
#5417 = ADVANCED_FACE ( 'NONE', ( #4186 ), #3694, .T. ) ;
#5418 = CARTESIAN_POINT ( 'NONE',  ( 1.863497014787714567, 2.570603795974260475, -2.286000000000000032 ) ) ;
#5419 = ORIENTED_EDGE ( 'NONE', *, *, #5529, .F. ) ;
#5420 = DIRECTION ( 'NONE',  ( 0.000000000000000000, 0.000000000000000000, 1.000000000000000000 ) ) ;
#5421 = CARTESIAN_POINT ( 'NONE',  ( 5.199999999999997513, -25.39999999999999858, 3.049999999999999822 ) ) ;
#5422 = LINE ( 'NONE', #5871, #5027 ) ;
#5423 = EDGE_CURVE ( 'NONE', #1544, #719, #4695, .T. ) ;
#5424 = CARTESIAN_POINT ( 'NONE',  ( 1.863497014787715234, -10.12939620402574015, 2.286000000000000032 ) ) ;
#5425 = CARTESIAN_POINT ( 'NONE',  ( 4.648654403270946034, -20.04423881554251352, -1.000000000000000444 ) ) ;
#5426 = CARTESIAN_POINT ( 'NONE',  ( -1.863497014787716122, -22.82939620402573766, 2.286000000000000032 ) ) ;
#5427 = EDGE_CURVE ( 'NONE', #1863, #2144, #4218, .T. ) ;
#5428 = PLANE ( 'NONE',  #1885 ) ;
#5429 = LINE ( 'NONE', #2467, #1495 ) ;
#5430 = ORIENTED_EDGE ( 'NONE', *, *, #2406, .T. ) ;
#5431 = CARTESIAN_POINT ( 'NONE',  ( -5.200000000000000178, -4.804415587728425585, 3.049999999999999822 ) ) ;
#5432 = EDGE_CURVE ( 'NONE', #2020, #3780, #3295, .T. ) ;
#5433 = ORIENTED_EDGE ( 'NONE', *, *, #5891, .T. ) ;
#5434 = EDGE_CURVE ( 'NONE', #3476, #2931, #5742, .T. ) ;
#5435 = EDGE_CURVE ( 'NONE', #4250, #769, #4249, .T. ) ;
#5436 = LINE ( 'NONE', #955, #2368 ) ;
#5437 = DIRECTION ( 'NONE',  ( 0.7071067811865474617, 0.7071067811865475727, -0.000000000000000000 ) ) ;
#5438 = CARTESIAN_POINT ( 'NONE',  ( -6.200000000000000178, -7.592810154713589835E-16, 3.049999999999999822 ) ) ;
#5439 = VERTEX_POINT ( 'NONE', #5647 ) ;
#5440 = CARTESIAN_POINT ( 'NONE',  ( -5.200000000000005507, -4.804415587728419368, -3.049999999999999822 ) ) ;
#5441 = DIRECTION ( 'NONE',  ( 1.000000000000000000, 0.000000000000000000, 0.000000000000000000 ) ) ;
#5442 = CIRCLE ( 'NONE', #2419, 3.174999999999999822 ) ;
#5443 = CARTESIAN_POINT ( 'NONE',  ( -5.200000000000000178, -8.207106781186549682, -2.286000000000000032 ) ) ;
#5444 = DIRECTION ( 'NONE',  ( 0.000000000000000000, 0.000000000000000000, 1.000000000000000000 ) ) ;
#5445 = VERTEX_POINT ( 'NONE', #1262 ) ;
#5446 = CARTESIAN_POINT ( 'NONE',  ( -11.35220779386420986, -11.35220779386424006, -2.286000000000000032 ) ) ;
#5447 = CARTESIAN_POINT ( 'NONE',  ( 2.214716320084738350E-15, -25.39999999999999858, 2.286000000000000032 ) ) ;
#5448 = ORIENTED_EDGE ( 'NONE', *, *, #3098, .F. ) ;
#5449 = EDGE_CURVE ( 'NONE', #683, #5709, #2161, .T. ) ;
#5450 = AXIS2_PLACEMENT_3D ( 'NONE', #1557, #4956, #4052 ) ;
#5451 = DIRECTION ( 'NONE',  ( 0.7071067811865483499, -0.7071067811865465735, 0.000000000000000000 ) ) ;
#5452 = DIRECTION ( 'NONE',  ( -0.7071067811865479058, -0.7071067811865472397, 0.000000000000000000 ) ) ;
#5453 = DIRECTION ( 'NONE',  ( -0.7071067811865474617, -0.7071067811865476838, 0.000000000000000000 ) ) ;
#5454 = CARTESIAN_POINT ( 'NONE',  ( 1.182358322909695704E-16, -12.69999999999999929, -2.286000000000000032 ) ) ;
#5455 = CARTESIAN_POINT ( 'NONE',  ( 0.000000000000000000, 0.000000000000000000, -2.286000000000000032 ) ) ;
#5456 = VECTOR ( 'NONE', #4026, 1000.000000000000000 ) ;
#5457 = AXIS2_PLACEMENT_3D ( 'NONE', #335, #2924, #469 ) ;
#5458 = ORIENTED_EDGE ( 'NONE', *, *, #1311, .T. ) ;
#5459 = EDGE_CURVE ( 'NONE', #4607, #5136, #6238, .T. ) ;
#5460 = VECTOR ( 'NONE', #4975, 1000.000000000000000 ) ;
#5461 = EDGE_LOOP ( 'NONE', ( #5392, #5486, #3883, #2703 ) ) ;
#5462 = CARTESIAN_POINT ( 'NONE',  ( -3.174999999999999822, -12.69999999999999929, 2.286000000000000032 ) ) ;
#5463 = DIRECTION ( 'NONE',  ( 0.000000000000000000, 0.000000000000000000, 1.000000000000000000 ) ) ;
#5464 = VECTOR ( 'NONE', #1470, 1000.000000000000000 ) ;
#5465 = LINE ( 'NONE', #4876, #2641 ) ;
#5466 = VERTEX_POINT ( 'NONE', #5256 ) ;
#5467 = AXIS2_PLACEMENT_3D ( 'NONE', #1410, #4456, #6310 ) ;
#5468 = VECTOR ( 'NONE', #579, 1000.000000000000000 ) ;
#5469 = CARTESIAN_POINT ( 'NONE',  ( 0.000000000000000000, 0.000000000000000000, -3.050999999999999712 ) ) ;
#5470 = AXIS2_PLACEMENT_3D ( 'NONE', #4443, #6434, #3846 ) ;
#5471 = ORIENTED_EDGE ( 'NONE', *, *, #2829, .F. ) ;
#5472 = AXIS2_PLACEMENT_3D ( 'NONE', #566, #5988, #528 ) ;
#5473 = AXIS2_PLACEMENT_3D ( 'NONE', #1246, #5666, #3151 ) ;
#5474 = CYLINDRICAL_SURFACE ( 'NONE', #3725, 3.174999999999999822 ) ;
#5475 = LINE ( 'NONE', #2050, #2861 ) ;
#5476 = CIRCLE ( 'NONE', #5879, 2.100000000000000533 ) ;
#5477 = CARTESIAN_POINT ( 'NONE',  ( 0.000000000000000000, 0.000000000000000000, 2.286000000000000032 ) ) ;
#5478 = ORIENTED_EDGE ( 'NONE', *, *, #4398, .T. ) ;
#5479 = VERTEX_POINT ( 'NONE', #192 ) ;
#5480 = FACE_OUTER_BOUND ( 'NONE', #701, .T. ) ;
#5481 = DIRECTION ( 'NONE',  ( -0.7071067811865483499, -0.7071067811865466846, 0.000000000000000000 ) ) ;
#5482 = ORIENTED_EDGE ( 'NONE', *, *, #3986, .F. ) ;
#5483 = CARTESIAN_POINT ( 'NONE',  ( -1.863497014787714345, -15.27060379597426021, -2.286000000000000032 ) ) ;
#5484 = CARTESIAN_POINT ( 'NONE',  ( -5.068629150101529923, -6.349999999999996092, 3.049999999999999822 ) ) ;
#5485 = CARTESIAN_POINT ( 'NONE',  ( 2.214716320084738350E-15, -25.39999999999999858, -2.286000000000000032 ) ) ;
#5486 = ORIENTED_EDGE ( 'NONE', *, *, #2190, .F. ) ;
#5487 = LINE ( 'NONE', #2509, #4830 ) ;
#5488 = FACE_OUTER_BOUND ( 'NONE', #284, .T. ) ;
#5489 = DIRECTION ( 'NONE',  ( 0.000000000000000000, 0.000000000000000000, 1.000000000000000000 ) ) ;
#5490 = FACE_OUTER_BOUND ( 'NONE', #956, .T. ) ;
#5491 = LINE ( 'NONE', #1014, #139 ) ;
#5492 = ORIENTED_EDGE ( 'NONE', *, *, #1968, .F. ) ;
#5493 = FACE_OUTER_BOUND ( 'NONE', #6341, .T. ) ;
#5494 = LINE ( 'NONE', #5127, #5138 ) ;
#5495 = EDGE_CURVE ( 'NONE', #1872, #726, #2744, .T. ) ;
#5496 = CARTESIAN_POINT ( 'NONE',  ( -3.174999999999997602, -25.39999999999999858, 2.286000000000000032 ) ) ;
#5497 = VECTOR ( 'NONE', #5168, 1000.000000000000000 ) ;
#5498 = ORIENTED_EDGE ( 'NONE', *, *, #4807, .T. ) ;
#5499 = AXIS2_PLACEMENT_3D ( 'NONE', #1843, #4803, #4744 ) ;
#5500 = DIRECTION ( 'NONE',  ( 0.7071067811865474617, -0.7071067811865474617, 0.000000000000000000 ) ) ;
#5501 = DIRECTION ( 'NONE',  ( -0.000000000000000000, -0.000000000000000000, -1.000000000000000000 ) ) ;
#5502 = CARTESIAN_POINT ( 'NONE',  ( 12.69999999999999751, -5.199999999999999289, -1.000000000000000000 ) ) ;
#5503 = VERTEX_POINT ( 'NONE', #4157 ) ;
#5504 = VERTEX_POINT ( 'NONE', #5684 ) ;
#5505 = PLANE ( 'NONE',  #4103 ) ;
#5506 = DIRECTION ( 'NONE',  ( -0.000000000000000000, -0.000000000000000000, -1.000000000000000000 ) ) ;
#5507 = ORIENTED_EDGE ( 'NONE', *, *, #1998, .T. ) ;
#5508 = LINE ( 'NONE', #2576, #4008 ) ;
#5509 = CARTESIAN_POINT ( 'NONE',  ( 6.699999999999993960, -5.200000000000001066, -1.000000000000000000 ) ) ;
#5510 = ORIENTED_EDGE ( 'NONE', *, *, #6296, .T. ) ;
#5511 = EDGE_CURVE ( 'NONE', #6069, #2801, #1792, .T. ) ;
#5512 = PLANE ( 'NONE',  #4009 ) ;
#5513 = DIRECTION ( 'NONE',  ( -0.7071067811865473507, 0.7071067811865477948, 0.000000000000000000 ) ) ;
#5514 = LINE ( 'NONE', #2548, #2425 ) ;
#5515 = CARTESIAN_POINT ( 'NONE',  ( -6.200000000000000178, 7.592810154713589835E-16, -3.049999999999999822 ) ) ;
#5516 = ADVANCED_FACE ( 'NONE', ( #3170 ), #5164, .T. ) ;
#5517 = CARTESIAN_POINT ( 'NONE',  ( 2.570603795974260919, -1.863497014787713679, 1.000000000000000000 ) ) ;
#5518 = ORIENTED_EDGE ( 'NONE', *, *, #3897, .T. ) ;
#5519 = LINE ( 'NONE', #1883, #2227 ) ;
#5520 = ORIENTED_EDGE ( 'NONE', *, *, #2431, .F. ) ;
#5521 = CARTESIAN_POINT ( 'NONE',  ( -2.570603795974262251, -23.53650298521229089, 2.286000000000000032 ) ) ;
#5522 = PLANE ( 'NONE',  #6304 ) ;
#5523 = EDGE_CURVE ( 'NONE', #6166, #2009, #2835, .T. ) ;
#5524 = CARTESIAN_POINT ( 'NONE',  ( 14.80000000000000071, 0.000000000000000000, -2.286000000000000032 ) ) ;
#5525 = EDGE_LOOP ( 'NONE', ( #1623, #3352, #4369, #5728 ) ) ;
#5526 = CARTESIAN_POINT ( 'NONE',  ( 0.000000000000000000, 0.000000000000000000, -1.000000000000000000 ) ) ;
#5527 = ORIENTED_EDGE ( 'NONE', *, *, #4611, .F. ) ;
#5528 = ADVANCED_FACE ( 'NONE', ( #4792 ), #1363, .F. ) ;
#5529 = EDGE_CURVE ( 'NONE', #1728, #1997, #2310, .T. ) ;
#5530 = LINE ( 'NONE', #2566, #5497 ) ;
#5531 = ORIENTED_EDGE ( 'NONE', *, *, #923, .F. ) ;
#5532 = DIRECTION ( 'NONE',  ( -0.000000000000000000, -0.000000000000000000, -1.000000000000000000 ) ) ;
#5533 = CARTESIAN_POINT ( 'NONE',  ( 6.699999999999993960, -6.199999999999999289, 3.049999999999999822 ) ) ;
#5534 = EDGE_LOOP ( 'NONE', ( #2726, #1343, #6307, #46, #2733, #5297, #5035 ) ) ;
#5535 = ORIENTED_EDGE ( 'NONE', *, *, #5792, .T. ) ;
#5536 = ADVANCED_FACE ( 'NONE', ( #4826 ), #4869, .F. ) ;
#5537 = DIRECTION ( 'NONE',  ( 0.7071067811865477948, 0.7071067811865473507, -0.000000000000000000 ) ) ;
#5538 = VECTOR ( 'NONE', #4812, 1000.000000000000000 ) ;
#5539 = ORIENTED_EDGE ( 'NONE', *, *, #1284, .F. ) ;
#5540 = DIRECTION ( 'NONE',  ( 1.000000000000000000, 0.000000000000000000, 0.000000000000000000 ) ) ;
#5541 = CARTESIAN_POINT ( 'NONE',  ( -5.200000000000000178, 6.368163355566236381E-16, 3.049999999999999822 ) ) ;
#5542 = AXIS2_PLACEMENT_3D ( 'NONE', #3528, #4062, #515 ) ;
#5543 = EDGE_LOOP ( 'NONE', ( #1046, #1555, #2278, #3940, #5471, #4225 ) ) ;
#5544 = CARTESIAN_POINT ( 'NONE',  ( 0.4999999999999996669, -9.564617248245438574, 2.286000000000000032 ) ) ;
#5545 = FACE_OUTER_BOUND ( 'NONE', #5302, .T. ) ;
#5546 = ORIENTED_EDGE ( 'NONE', *, *, #195, .T. ) ;
#5547 = CARTESIAN_POINT ( 'NONE',  ( -4.648654403270944258, -7.344238815542508902, 2.286000000000000032 ) ) ;
#5548 = CARTESIAN_POINT ( 'NONE',  ( 0.000000000000000000, 6.200000000000000178, 3.049999999999999822 ) ) ;
#5549 = DIRECTION ( 'NONE',  ( 0.000000000000000000, 0.000000000000000000, 1.000000000000000000 ) ) ;
#5550 = EDGE_CURVE ( 'NONE', #2254, #726, #2878, .T. ) ;
#5551 = EDGE_CURVE ( 'NONE', #2468, #5335, #3354, .T. ) ;
#5552 = CIRCLE ( 'NONE', #326, 1.499999999999997780 ) ;
#5553 = VERTEX_POINT ( 'NONE', #1862 ) ;
#5554 = CARTESIAN_POINT ( 'NONE',  ( -1.863497014787714345, -10.12939620402574015, 2.286000000000000032 ) ) ;
#5555 = CARTESIAN_POINT ( 'NONE',  ( -5.996446609406721251, -5.996446609406716810, 2.286000000000000032 ) ) ;
#5556 = VECTOR ( 'NONE', #808, 1000.000000000000000 ) ;
#5557 = DIRECTION ( 'NONE',  ( 0.7071067811865470176, -0.7071067811865480168, 0.000000000000000000 ) ) ;
#5558 = ORIENTED_EDGE ( 'NONE', *, *, #4196, .F. ) ;
#5559 = VECTOR ( 'NONE', #3338, 1000.000000000000114 ) ;
#5560 = AXIS2_PLACEMENT_3D ( 'NONE', #5637, #1159, #3156 ) ;
#5561 = ORIENTED_EDGE ( 'NONE', *, *, #2183, .F. ) ;
#5562 = CARTESIAN_POINT ( 'NONE',  ( -6.200000000000001954, -20.18137084989847452, -3.049999999999999822 ) ) ;
#5563 = AXIS2_PLACEMENT_3D ( 'NONE', #4223, #3730, #5714 ) ;
#5564 = CIRCLE ( 'NONE', #1076, 3.174999999999999822 ) ;
#5565 = DIRECTION ( 'NONE',  ( 0.7071067811865474617, 0.7071067811865474617, 0.000000000000000000 ) ) ;
#5566 = ORIENTED_EDGE ( 'NONE', *, *, #5427, .T. ) ;
#5567 = VECTOR ( 'NONE', #1732, 1000.000000000000000 ) ;
#5568 = DIRECTION ( 'NONE',  ( -1.000000000000000000, 0.000000000000000000, 0.000000000000000000 ) ) ;
#5569 = AXIS2_PLACEMENT_3D ( 'NONE', #6377, #1515, #3501 ) ;
#5570 = EDGE_CURVE ( 'NONE', #4670, #4958, #3854, .T. ) ;
#5571 = VECTOR ( 'NONE', #1823, 1000.000000000000000 ) ;
#5572 = ORIENTED_EDGE ( 'NONE', *, *, #2926, .T. ) ;
#5573 = ORIENTED_EDGE ( 'NONE', *, *, #5310, .T. ) ;
#5574 = CIRCLE ( 'NONE', #453, 3.174999999999999822 ) ;
#5575 = VECTOR ( 'NONE', #803, 1000.000000000000000 ) ;
#5576 = CARTESIAN_POINT ( 'NONE',  ( -0.3535533905932752297, -0.3535533905932755627, -2.286000000000000032 ) ) ;
#5577 = AXIS2_PLACEMENT_3D ( 'NONE', #2973, #2093, #5966 ) ;
#5578 = DIRECTION ( 'NONE',  ( -0.000000000000000000, -0.000000000000000000, -1.000000000000000000 ) ) ;
#5579 = DIRECTION ( 'NONE',  ( 1.000000000000000000, 0.000000000000000000, 0.000000000000000000 ) ) ;
#5580 = EDGE_CURVE ( 'NONE', #2572, #682, #6306, .T. ) ;
#5581 = VECTOR ( 'NONE', #1155, 1000.000000000000000 ) ;
#5582 = VECTOR ( 'NONE', #3215, 1000.000000000000000 ) ;
#5583 = VERTEX_POINT ( 'NONE', #6370 ) ;
#5584 = CARTESIAN_POINT ( 'NONE',  ( 8.207106781186544353, 5.200000000000000178, -1.000000000000000000 ) ) ;
#5585 = CARTESIAN_POINT ( 'NONE',  ( 6.703553390593271821, 6.703553390593272709, 1.000000000000000000 ) ) ;
#5586 = CC_DESIGN_APPROVAL ( #2808, ( #2347 ) ) ;
#5587 = ORIENTED_EDGE ( 'NONE', *, *, #4557, .T. ) ;
#5588 = DIRECTION ( 'NONE',  ( 0.000000000000000000, 0.000000000000000000, 1.000000000000000000 ) ) ;
#5589 = LINE ( 'NONE', #5025, #3456 ) ;
#5590 = CYLINDRICAL_SURFACE ( 'NONE', #865, 2.100000000000000533 ) ;
#5591 = ORIENTED_EDGE ( 'NONE', *, *, #1648, .T. ) ;
#5592 = EDGE_LOOP ( 'NONE', ( #3325, #1205, #1442, #5433 ) ) ;
#5593 = DIRECTION ( 'NONE',  ( 0.7071067811865462405, -0.7071067811865489050, 0.000000000000000000 ) ) ;
#5594 = LINE ( 'NONE', #6045, #2551 ) ;
#5595 = DIRECTION ( 'NONE',  ( 0.000000000000000000, -1.000000000000000000, 0.000000000000000000 ) ) ;
#5596 = VERTEX_POINT ( 'NONE', #1892 ) ;
#5597 = EDGE_LOOP ( 'NONE', ( #549, #5478, #4290, #5178 ) ) ;
#5598 = CARTESIAN_POINT ( 'NONE',  ( -1.709940206472993816E-16, -0.4999999999999971689, 2.286000000000000032 ) ) ;
#5599 = AXIS2_PLACEMENT_3D ( 'NONE', #6083, #596, #3141 ) ;
#5600 = CARTESIAN_POINT ( 'NONE',  ( 0.4999999999999997780, -15.83538275175456000, 2.286000000000000032 ) ) ;
#5601 = ORIENTED_EDGE ( 'NONE', *, *, #5806, .F. ) ;
#5602 = EDGE_CURVE ( 'NONE', #6303, #1461, #3889, .T. ) ;
#5603 = PERSON_AND_ORGANIZATION ( #952, #4027 ) ;
#5604 = ORIENTED_EDGE ( 'NONE', *, *, #2676, .F. ) ;
#5605 = VERTEX_POINT ( 'NONE', #4977 ) ;
#5606 = CARTESIAN_POINT ( 'NONE',  ( 0.000000000000000000, -25.39999999999999858, -3.049999999999999822 ) ) ;
#5607 = DIRECTION ( 'NONE',  ( 0.000000000000000000, 0.000000000000000000, 1.000000000000000000 ) ) ;
#5608 = DIRECTION ( 'NONE',  ( 1.000000000000000000, 0.000000000000000000, -0.000000000000000000 ) ) ;
#5609 = ORIENTED_EDGE ( 'NONE', *, *, #628, .F. ) ;
#5610 = CYLINDRICAL_SURFACE ( 'NONE', #2328, 3.174999999999999822 ) ;
#5611 = LINE ( 'NONE', #2207, #3261 ) ;
#5612 = EDGE_CURVE ( 'NONE', #268, #2969, #1023, .T. ) ;
#5613 = DIRECTION ( 'NONE',  ( -0.000000000000000000, -0.000000000000000000, 1.000000000000000000 ) ) ;
#5614 = DIRECTION ( 'NONE',  ( 1.000000000000000000, 0.000000000000000000, 0.000000000000000000 ) ) ;
#5615 = CARTESIAN_POINT ( 'NONE',  ( -5.200000000000000178, -20.59558441227157388, 3.049999999999999822 ) ) ;
#5616 = ORIENTED_EDGE ( 'NONE', *, *, #3125, .F. ) ;
#5617 = EDGE_CURVE ( 'NONE', #4466, #5193, #6092, .T. ) ;
#5618 = VERTEX_POINT ( 'NONE', #951 ) ;
#5619 = CARTESIAN_POINT ( 'NONE',  ( 0.000000000000000000, 0.000000000000000000, -2.286000000000000032 ) ) ;
#5620 = PLANE ( 'NONE',  #5366 ) ;
#5621 = CARTESIAN_POINT ( 'NONE',  ( 6.349999999999999645, 3.654415587728424786, 1.000000000000000000 ) ) ;
#5622 = ORIENTED_EDGE ( 'NONE', *, *, #2447, .T. ) ;
#5623 = EDGE_LOOP ( 'NONE', ( #107, #6006 ) ) ;
#5624 = CARTESIAN_POINT ( 'NONE',  ( 1.182358322909695704E-16, -12.69999999999999929, 2.286000000000000032 ) ) ;
#5625 = CARTESIAN_POINT ( 'NONE',  ( 12.34644660940672978, -12.34644660940672445, -2.286000000000000032 ) ) ;
#5626 = VERTEX_POINT ( 'NONE', #1975 ) ;
#5627 = PERSON_AND_ORGANIZATION_ROLE ( 'design_owner' ) ;
#5628 = EDGE_CURVE ( 'NONE', #5105, #3708, #4832, .T. ) ;
#5629 = ORIENTED_EDGE ( 'NONE', *, *, #6129, .F. ) ;
#5630 = ORIENTED_EDGE ( 'NONE', *, *, #4552, .F. ) ;
#5631 = EDGE_CURVE ( 'NONE', #4877, #2026, #1286, .T. ) ;
#5632 = DIRECTION ( 'NONE',  ( -0.000000000000000000, -0.000000000000000000, -1.000000000000000000 ) ) ;
#5633 = PLANE ( 'NONE',  #3695 ) ;
#5634 = DIRECTION ( 'NONE',  ( 0.000000000000000000, -0.000000000000000000, -1.000000000000000000 ) ) ;
#5635 = VERTEX_POINT ( 'NONE', #6018 ) ;
#5636 = DIRECTION ( 'NONE',  ( -1.000000000000000000, 3.419880412946006861E-16, 0.000000000000000000 ) ) ;
#5637 = CARTESIAN_POINT ( 'NONE',  ( 0.000000000000000000, 0.000000000000000000, 2.286000000000000032 ) ) ;
#5638 = EDGE_CURVE ( 'NONE', #752, #6380, #6454, .T. ) ;
#5639 = ORIENTED_EDGE ( 'NONE', *, *, #3373, .T. ) ;
#5640 = DIRECTION ( 'NONE',  ( -0.7071067811865474617, -0.7071067811865474617, 0.000000000000000000 ) ) ;
#5641 = DIRECTION ( 'NONE',  ( -0.000000000000000000, -0.000000000000000000, -1.000000000000000000 ) ) ;
#5642 = FACE_OUTER_BOUND ( 'NONE', #2293, .T. ) ;
#5643 = EDGE_CURVE ( 'NONE', #4843, #2375, #3504, .T. ) ;
#5644 = ORIENTED_EDGE ( 'NONE', *, *, #1099, .T. ) ;
#5645 = ORIENTED_EDGE ( 'NONE', *, *, #3892, .T. ) ;
#5646 = DIRECTION ( 'NONE',  ( 1.000000000000000000, 0.000000000000000000, -0.000000000000000000 ) ) ;
#5647 = CARTESIAN_POINT ( 'NONE',  ( 0.4999999999999997780, -15.83538275175456000, -2.286000000000000032 ) ) ;
#5648 = ORIENTED_EDGE ( 'NONE', *, *, #2709, .T. ) ;
#5649 = EDGE_CURVE ( 'NONE', #721, #2308, #3995, .T. ) ;
#5650 = ORIENTED_EDGE ( 'NONE', *, *, #4913, .T. ) ;
#5651 = CARTESIAN_POINT ( 'NONE',  ( 2.214716320084738350E-15, -25.39999999999999858, -2.286000000000000032 ) ) ;
#5652 = CIRCLE ( 'NONE', #5450, 1.499999999999997780 ) ;
#5653 = CYLINDRICAL_SURFACE ( 'NONE', #1538, 3.174999999999999822 ) ;
#5654 = ORIENTED_EDGE ( 'NONE', *, *, #3609, .T. ) ;
#5655 = APPROVAL_ROLE ( '' ) ;
#5656 = VECTOR ( 'NONE', #444, 1000.000000000000000 ) ;
#5657 = ORIENTED_EDGE ( 'NONE', *, *, #3675, .T. ) ;
#5658 = VECTOR ( 'NONE', #3248, 1000.000000000000000 ) ;
#5659 = ORIENTED_EDGE ( 'NONE', *, *, #657, .T. ) ;
#5660 = VECTOR ( 'NONE', #3827, 1000.000000000000000 ) ;
#5661 = VECTOR ( 'NONE', #1338, 1000.000000000000000 ) ;
#5662 = ADVANCED_FACE ( 'NONE', ( #4522 ), #8, .F. ) ;
#5663 = AXIS2_PLACEMENT_3D ( 'NONE', #585, #4642, #3599 ) ;
#5664 = DIRECTION ( 'NONE',  ( 1.000000000000000000, 0.000000000000000000, -0.000000000000000000 ) ) ;
#5665 = DIRECTION ( 'NONE',  ( -0.7071067811865473507, 0.7071067811865477948, 0.000000000000000000 ) ) ;
#5666 = DIRECTION ( 'NONE',  ( 0.000000000000000000, 0.000000000000000000, 1.000000000000000000 ) ) ;
#5667 = AXIS2_PLACEMENT_3D ( 'NONE', #1560, #3029, #4080 ) ;
#5668 = EDGE_CURVE ( 'NONE', #2400, #1817, #4940, .T. ) ;
#5669 = CIRCLE ( 'NONE', #1809, 3.174999999999999822 ) ;
#5670 = ORIENTED_EDGE ( 'NONE', *, *, #1935, .T. ) ;
#5671 = PLANE ( 'NONE',  #1911 ) ;
#5672 = CARTESIAN_POINT ( 'NONE',  ( -4.648654403270946034, -18.05576118445749145, 2.286000000000000032 ) ) ;
#5673 = CARTESIAN_POINT ( 'NONE',  ( 6.199999999999993960, -6.699999999999999289, 1.000000000000000000 ) ) ;
#5674 = CARTESIAN_POINT ( 'NONE',  ( -6.200000000000001954, -5.218629150101522285, 3.049999999999999822 ) ) ;
#5675 = VECTOR ( 'NONE', #4171, 1000.000000000000000 ) ;
#5676 = AXIS2_PLACEMENT_3D ( 'NONE', #1715, #6058, #1193 ) ;
#5677 = DIRECTION ( 'NONE',  ( -0.7071067811865474617, -0.7071067811865474617, 0.000000000000000000 ) ) ;
#5678 = EDGE_CURVE ( 'NONE', #1150, #23, #4426, .T. ) ;
#5679 = EDGE_LOOP ( 'NONE', ( #4136, #1529, #1807, #4293 ) ) ;
#5680 = APPROVAL_PERSON_ORGANIZATION ( #5107, #1173, #688 ) ;
#5681 = DIRECTION ( 'NONE',  ( 0.000000000000000000, 0.000000000000000000, 1.000000000000000000 ) ) ;
#5682 = EDGE_LOOP ( 'NONE', ( #4883, #5799, #5987, #1906 ) ) ;
#5683 = CARTESIAN_POINT ( 'NONE',  ( 5.199999999999997513, -6.792893218813458311, 3.049999999999999822 ) ) ;
#5684 = CARTESIAN_POINT ( 'NONE',  ( 3.654415587728431447, -19.04999999999999716, -1.000000000000000000 ) ) ;
#5685 = VERTEX_POINT ( 'NONE', #1519 ) ;
#5686 = DIRECTION ( 'NONE',  ( 1.000000000000000000, 0.000000000000000000, 0.000000000000000000 ) ) ;
#5687 = EDGE_CURVE ( 'NONE', #6228, #5812, #2522, .T. ) ;
#5688 = CYLINDRICAL_SURFACE ( 'NONE', #3100, 3.174999999999999822 ) ;
#5689 = ORIENTED_EDGE ( 'NONE', *, *, #1332, .F. ) ;
#5690 = CALENDAR_DATE ( 2022, 6, 6 ) ;
#5691 = ORIENTED_EDGE ( 'NONE', *, *, #5106, .T. ) ;
#5692 = EDGE_LOOP ( 'NONE', ( #2586, #5886, #1221, #3499, #3340, #4772, #1390 ) ) ;
#5693 = ORIENTED_EDGE ( 'NONE', *, *, #4796, .T. ) ;
#5694 = CARTESIAN_POINT ( 'NONE',  ( -5.200000000000000178, -20.59558441227157388, 3.049999999999999822 ) ) ;
#5695 = ORIENTED_EDGE ( 'NONE', *, *, #3002, .T. ) ;
#5696 = CARTESIAN_POINT ( 'NONE',  ( -7.697792206135781079, -7.697792206135774862, 1.000000000000000000 ) ) ;
#5697 = CARTESIAN_POINT ( 'NONE',  ( -5.200000000000000178, 6.368163355566236381E-16, 3.049999999999999822 ) ) ;
#5698 = VECTOR ( 'NONE', #1801, 1000.000000000000000 ) ;
#5699 = EDGE_CURVE ( 'NONE', #1461, #2254, #5918, .T. ) ;
#5700 = VERTEX_POINT ( 'NONE', #6424 ) ;
#5701 = DIRECTION ( 'NONE',  ( -0.000000000000000000, -0.000000000000000000, -1.000000000000000000 ) ) ;
#5702 = CARTESIAN_POINT ( 'NONE',  ( 5.199999999999997513, -25.39999999999999858, -2.286000000000000032 ) ) ;
#5703 = CARTESIAN_POINT ( 'NONE',  ( 12.34644660940672978, -12.34644660940672445, 2.286000000000000032 ) ) ;
#5704 = CARTESIAN_POINT ( 'NONE',  ( 1.182358322909695704E-16, -12.69999999999999929, -1.000000000000000000 ) ) ;
#5705 = CYLINDRICAL_SURFACE ( 'NONE', #653, 3.174999999999999822 ) ;
#5706 = ADVANCED_FACE ( 'NONE', ( #1944 ), #3434, .T. ) ;
#5707 = ORIENTED_EDGE ( 'NONE', *, *, #5995, .F. ) ;
#5708 = EDGE_CURVE ( 'NONE', #5685, #3569, #2035, .T. ) ;
#5709 = VERTEX_POINT ( 'NONE', #818 ) ;
#5710 = LINE ( 'NONE', #285, #1723 ) ;
#5711 = DIRECTION ( 'NONE',  ( 1.635594980104611741E-16, 1.000000000000000000, -0.000000000000000000 ) ) ;
#5712 = ORIENTED_EDGE ( 'NONE', *, *, #5947, .T. ) ;
#5713 = ORIENTED_EDGE ( 'NONE', *, *, #2193, .T. ) ;
#5714 = DIRECTION ( 'NONE',  ( -0.7071067811865473507, 0.7071067811865477948, 0.000000000000000000 ) ) ;
#5715 = EDGE_CURVE ( 'NONE', #237, #2776, #5669, .T. ) ;
#5716 = FACE_OUTER_BOUND ( 'NONE', #578, .T. ) ;
#5717 = EDGE_LOOP ( 'NONE', ( #5870, #5171, #2261, #5409 ) ) ;
#5718 = DATE_AND_TIME ( #2267, #5065 ) ;
#5719 = EDGE_LOOP ( 'NONE', ( #2817, #6071, #2778, #4148 ) ) ;
#5720 = ADVANCED_FACE ( 'NONE', ( #2365 ), #4771, .F. ) ;
#5721 = ORIENTED_EDGE ( 'NONE', *, *, #603, .T. ) ;
#5722 = ORIENTED_EDGE ( 'NONE', *, *, #3721, .F. ) ;
#5723 = DIRECTION ( 'NONE',  ( 0.000000000000000000, 0.000000000000000000, 1.000000000000000000 ) ) ;
#5724 = ORIENTED_EDGE ( 'NONE', *, *, #6193, .T. ) ;
#5725 = LINE ( 'NONE', #5232, #4317 ) ;
#5726 = DIRECTION ( 'NONE',  ( 0.000000000000000000, 1.000000000000000000, 0.000000000000000000 ) ) ;
#5727 = EDGE_CURVE ( 'NONE', #1550, #2045, #2135, .T. ) ;
#5728 = ORIENTED_EDGE ( 'NONE', *, *, #4090, .T. ) ;
#5729 = CARTESIAN_POINT ( 'NONE',  ( 0.000000000000000000, 0.000000000000000000, 1.000000000000000000 ) ) ;
#5730 = LINE ( 'NONE', #5762, #748 ) ;
#5731 = ORIENTED_EDGE ( 'NONE', *, *, #2912, .T. ) ;
#5732 = CARTESIAN_POINT ( 'NONE',  ( 0.3535533905932742305, -0.3535533905932741749, 1.000000000000000000 ) ) ;
#5733 = CARTESIAN_POINT ( 'NONE',  ( 1.347792206135787874, -1.347792206135791204, -1.000000000000000000 ) ) ;
#5734 = DIRECTION ( 'NONE',  ( 0.000000000000000000, 0.000000000000000000, 1.000000000000000000 ) ) ;
#5735 = LINE ( 'NONE', #3654, #215 ) ;
#5736 = CARTESIAN_POINT ( 'NONE',  ( -3.654415587728429671, -19.05000000000000071, -1.000000000000000000 ) ) ;
#5737 = DIRECTION ( 'NONE',  ( 0.7071067811865483499, -0.7071067811865465735, 0.000000000000000000 ) ) ;
#5738 = ORIENTED_EDGE ( 'NONE', *, *, #5638, .F. ) ;
#5739 = VERTEX_POINT ( 'NONE', #5789 ) ;
#5740 = DIRECTION ( 'NONE',  ( 0.7071067811865462405, 0.7071067811865489050, -0.000000000000000000 ) ) ;
#5741 = EDGE_CURVE ( 'NONE', #2369, #1334, #924, .T. ) ;
#5742 = LINE ( 'NONE', #5218, #3369 ) ;
#5743 = ORIENTED_EDGE ( 'NONE', *, *, #1601, .F. ) ;
#5744 = EDGE_CURVE ( 'NONE', #2824, #2741, #1374, .T. ) ;
#5745 = AXIS2_PLACEMENT_3D ( 'NONE', #250, #187, #5614 ) ;
#5746 = ORIENTED_EDGE ( 'NONE', *, *, #3635, .F. ) ;
#5747 = PLANE ( 'NONE',  #2953 ) ;
#5748 = CARTESIAN_POINT ( 'NONE',  ( 0.000000000000000000, 5.200000000000000178, 1.000000000000000000 ) ) ;
#5749 = ORIENTED_EDGE ( 'NONE', *, *, #2579, .T. ) ;
#5750 = DIRECTION ( 'NONE',  ( 0.000000000000000000, 0.000000000000000000, -1.000000000000000000 ) ) ;
#5751 = AXIS2_PLACEMENT_3D ( 'NONE', #6163, #2119, #1686 ) ;
#5752 = ORIENTED_EDGE ( 'NONE', *, *, #5057, .T. ) ;
#5753 = VERTEX_POINT ( 'NONE', #5818 ) ;
#5754 = CARTESIAN_POINT ( 'NONE',  ( 6.349999999999999645, 3.654415587728425230, 3.049999999999999822 ) ) ;
#5755 = ORIENTED_EDGE ( 'NONE', *, *, #1969, .F. ) ;
#5756 = EDGE_CURVE ( 'NONE', #4459, #5318, #1310, .T. ) ;
#5757 = CARTESIAN_POINT ( 'NONE',  ( 1.182358322909695704E-16, -12.69999999999999929, 1.000000000000000000 ) ) ;
#5758 = AXIS2_PLACEMENT_3D ( 'NONE', #301, #2299, #1249 ) ;
#5759 = ORIENTED_EDGE ( 'NONE', *, *, #713, .T. ) ;
#5760 = VECTOR ( 'NONE', #1305, 1000.000000000000000 ) ;
#5761 = DIRECTION ( 'NONE',  ( 0.000000000000000000, 0.000000000000000000, 1.000000000000000000 ) ) ;
#5762 = CARTESIAN_POINT ( 'NONE',  ( 5.355761184457486834, 4.648654403270938928, 2.286000000000000032 ) ) ;
#5763 = EDGE_LOOP ( 'NONE', ( #498, #5213, #746, #1360 ) ) ;
#5764 = AXIS2_PLACEMENT_3D ( 'NONE', #520, #984, #3531 ) ;
#5765 = DIRECTION ( 'NONE',  ( -0.000000000000000000, -0.000000000000000000, -1.000000000000000000 ) ) ;
#5766 = CARTESIAN_POINT ( 'NONE',  ( -6.703553390593274486, -6.703553390593274486, -1.000000000000000000 ) ) ;
#5767 = VECTOR ( 'NONE', #3950, 1000.000000000000000 ) ;
#5768 = LINE ( 'NONE', #2381, #3163 ) ;
#5769 = EDGE_CURVE ( 'NONE', #739, #4976, #4321, .T. ) ;
#5770 = AXIS2_PLACEMENT_3D ( 'NONE', #2580, #4574, #92 ) ;
#5771 = CYLINDRICAL_SURFACE ( 'NONE', #751, 3.175000000000000711 ) ;
#5772 = AXIS2_PLACEMENT_3D ( 'NONE', #3832, #4256, #3407 ) ;
#5773 = AXIS2_PLACEMENT_3D ( 'NONE', #3217, #4199, #4656 ) ;
#5774 = ORIENTED_EDGE ( 'NONE', *, *, #4696, .F. ) ;
#5775 = LINE ( 'NONE', #5284, #1598 ) ;
#5776 = VECTOR ( 'NONE', #2273, 1000.000000000000114 ) ;
#5777 = VERTEX_POINT ( 'NONE', #2812 ) ;
#5778 = CIRCLE ( 'NONE', #2967, 3.174999999999999822 ) ;
#5779 = DIRECTION ( 'NONE',  ( -0.000000000000000000, -0.000000000000000000, -1.000000000000000000 ) ) ;
#5780 = CARTESIAN_POINT ( 'NONE',  ( 0.000000000000000000, 0.000000000000000000, -1.000000000000000000 ) ) ;
#5781 = ORIENTED_EDGE ( 'NONE', *, *, #5311, .F. ) ;
#5782 = AXIS2_PLACEMENT_3D ( 'NONE', #6054, #3573, #480 ) ;
#5783 = VECTOR ( 'NONE', #4115, 1000.000000000000000 ) ;
#5784 = ORIENTED_EDGE ( 'NONE', *, *, #2786, .F. ) ;
#5785 = CARTESIAN_POINT ( 'NONE',  ( -0.3535533905932740084, 0.3535533905932740084, 2.286000000000000032 ) ) ;
#5786 = FACE_OUTER_BOUND ( 'NONE', #833, .T. ) ;
#5787 = EDGE_LOOP ( 'NONE', ( #1435, #3212, #6048, #287 ) ) ;
#5788 = VECTOR ( 'NONE', #1330, 1000.000000000000000 ) ;
#5789 = CARTESIAN_POINT ( 'NONE',  ( 10.83650298521228450, 2.570603795974261363, -2.286000000000000032 ) ) ;
#5790 = ORIENTED_EDGE ( 'NONE', *, *, #2757, .F. ) ;
#5791 = ORIENTED_EDGE ( 'NONE', *, *, #2982, .T. ) ;
#5792 = EDGE_CURVE ( 'NONE', #5946, #4643, #3272, .T. ) ;
#5793 = CARTESIAN_POINT ( 'NONE',  ( -5.199999999999999289, -17.19289321881344890, 1.000000000000000000 ) ) ;
#5794 = VERTEX_POINT ( 'NONE', #4799 ) ;
#5795 = LINE ( 'NONE', #4435, #5059 ) ;
#5796 = ORIENTED_EDGE ( 'NONE', *, *, #3561, .F. ) ;
#5797 = FACE_OUTER_BOUND ( 'NONE', #572, .T. ) ;
#5798 = DIRECTION ( 'NONE',  ( 0.000000000000000000, 0.000000000000000000, 1.000000000000000000 ) ) ;
#5799 = ORIENTED_EDGE ( 'NONE', *, *, #377, .T. ) ;
#5800 = CARTESIAN_POINT ( 'NONE',  ( -5.200000000000000178, 0.000000000000000000, -1.000000000000000000 ) ) ;
#5801 = CARTESIAN_POINT ( 'NONE',  ( 5.996446609406726580, 5.996446609406726580, 2.286000000000000032 ) ) ;
#5802 = CARTESIAN_POINT ( 'NONE',  ( 0.000000000000000000, 0.000000000000000000, -2.286000000000000032 ) ) ;
#5803 = PLANE ( 'NONE',  #4938 ) ;
#5804 = EDGE_LOOP ( 'NONE', ( #6300, #59, #4049, #1986 ) ) ;
#5805 = EDGE_CURVE ( 'NONE', #5583, #370, #5574, .T. ) ;
#5806 = EDGE_CURVE ( 'NONE', #677, #4872, #1770, .T. ) ;
#5807 = AXIS2_PLACEMENT_3D ( 'NONE', #3376, #5851, #4289 ) ;
#5808 = CARTESIAN_POINT ( 'NONE',  ( -1.863497014787715456, -15.27060379597426021, 2.286000000000000032 ) ) ;
#5809 = EDGE_LOOP ( 'NONE', ( #3922, #3115, #5373, #4182 ) ) ;
#5810 = DIRECTION ( 'NONE',  ( -0.7071067811865481278, -0.7071067811865469066, 0.000000000000000000 ) ) ;
#5811 = EDGE_CURVE ( 'NONE', #5973, #2906, #2291, .T. ) ;
#5812 = VERTEX_POINT ( 'NONE', #2322 ) ;
#5813 = DIRECTION ( 'NONE',  ( -0.000000000000000000, -0.000000000000000000, -1.000000000000000000 ) ) ;
#5814 = CARTESIAN_POINT ( 'NONE',  ( 0.4999999999999981681, 8.177974900523029124E-17, -1.000000000000000000 ) ) ;
#5815 = LINE ( 'NONE', #2810, #6118 ) ;
#5816 = DIRECTION ( 'NONE',  ( -0.7071067811865470176, 0.7071067811865480168, 0.000000000000000000 ) ) ;
#5817 = ORIENTED_EDGE ( 'NONE', *, *, #5, .F. ) ;
#5818 = CARTESIAN_POINT ( 'NONE',  ( 2.570603795974264916, -23.53650298521228734, 1.000000000000000000 ) ) ;
#5819 = ORIENTED_EDGE ( 'NONE', *, *, #3176, .F. ) ;
#5820 = ORIENTED_EDGE ( 'NONE', *, *, #3801, .F. ) ;
#5821 = DIRECTION ( 'NONE',  ( 0.7071067811865470176, -0.7071067811865481278, 0.000000000000000000 ) ) ;
#5822 = EDGE_LOOP ( 'NONE', ( #2256, #4430, #3031, #4141 ) ) ;
#5823 = DIRECTION ( 'NONE',  ( -0.7071067811865482389, 0.7071067811865469066, 0.000000000000000000 ) ) ;
#5824 = DIRECTION ( 'NONE',  ( 0.000000000000000000, 0.000000000000000000, 1.000000000000000000 ) ) ;
#5825 = ADVANCED_FACE ( 'NONE', ( #1273 ), #786, .T. ) ;
#5826 = ORIENTED_EDGE ( 'NONE', *, *, #4390, .T. ) ;
#5827 = LINE ( 'NONE', #4955, #32 ) ;
#5828 = CARTESIAN_POINT ( 'NONE',  ( 7.895584412271573704, 5.200000000000000178, -3.049999999999999822 ) ) ;
#5829 = ORIENTED_EDGE ( 'NONE', *, *, #3965, .F. ) ;
#5830 = PLANE ( 'NONE',  #1679 ) ;
#5831 = CARTESIAN_POINT ( 'NONE',  ( -5.200000000000000178, 6.368163355566236381E-16, 3.049999999999999822 ) ) ;
#5832 = CARTESIAN_POINT ( 'NONE',  ( 7.895584412271571928, 5.200000000000000178, 3.049999999999999822 ) ) ;
#5833 = ORIENTED_EDGE ( 'NONE', *, *, #5925, .F. ) ;
#5834 = CARTESIAN_POINT ( 'NONE',  ( 4.648654403270954028, -18.05576118445748079, 2.286000000000000032 ) ) ;
#5835 = DIRECTION ( 'NONE',  ( -0.000000000000000000, -0.000000000000000000, -1.000000000000000000 ) ) ;
#5836 = ORIENTED_EDGE ( 'NONE', *, *, #599, .F. ) ;
#5837 = CARTESIAN_POINT ( 'NONE',  ( 0.4999999999999997780, -15.83538275175456000, 2.286000000000000032 ) ) ;
#5838 = DIRECTION ( 'NONE',  ( 0.7071067811865476838, -0.7071067811865474617, 0.000000000000000000 ) ) ;
#5839 = DIRECTION ( 'NONE',  ( 0.000000000000000000, 1.000000000000000000, 0.000000000000000000 ) ) ;
#5840 = ORIENTED_EDGE ( 'NONE', *, *, #5301, .F. ) ;
#5841 = DIRECTION ( 'NONE',  ( -0.7071067811865474617, -0.7071067811865476838, 0.000000000000000000 ) ) ;
#5842 = DIRECTION ( 'NONE',  ( -0.000000000000000000, -0.000000000000000000, -1.000000000000000000 ) ) ;
#5843 = CARTESIAN_POINT ( 'NONE',  ( -5.200000000000000178, 6.368163355566236381E-16, -3.049999999999999822 ) ) ;
#5844 = DIRECTION ( 'NONE',  ( 0.000000000000000000, 0.000000000000000000, 1.000000000000000000 ) ) ;
#5845 = CARTESIAN_POINT ( 'NONE',  ( -6.199999999999997513, -25.39999999999999858, 3.049999999999999822 ) ) ;
#5846 = ORIENTED_EDGE ( 'NONE', *, *, #4143, .T. ) ;
#5847 = EDGE_CURVE ( 'NONE', #4646, #4592, #4845, .T. ) ;
#5848 = DIRECTION ( 'NONE',  ( -0.000000000000000000, -0.000000000000000000, -1.000000000000000000 ) ) ;
#5849 = VECTOR ( 'NONE', #3845, 1000.000000000000000 ) ;
#5850 = ORIENTED_EDGE ( 'NONE', *, *, #3881, .T. ) ;
#5851 = DIRECTION ( 'NONE',  ( -0.000000000000000000, -0.000000000000000000, -1.000000000000000000 ) ) ;
#5852 = ORIENTED_EDGE ( 'NONE', *, *, #3697, .T. ) ;
#5853 = DIRECTION ( 'NONE',  ( -0.7071067811865474617, -0.7071067811865475727, 0.000000000000000000 ) ) ;
#5854 = ADVANCED_FACE ( 'NONE', ( #6347 ), #1871, .T. ) ;
#5855 = DIRECTION ( 'NONE',  ( 0.000000000000000000, 0.000000000000000000, 1.000000000000000000 ) ) ;
#5856 = CARTESIAN_POINT ( 'NONE',  ( 2.214716320084738350E-15, -25.39999999999999858, 1.000000000000000000 ) ) ;
#5857 = DIRECTION ( 'NONE',  ( 0.7071067811865479058, 0.7071067811865472397, 0.000000000000000000 ) ) ;
#5858 = AXIS2_PLACEMENT_3D ( 'NONE', #2645, #5681, #1166 ) ;
#5859 = ORIENTED_EDGE ( 'NONE', *, *, #4807, .F. ) ;
#5860 = CYLINDRICAL_SURFACE ( 'NONE', #3138, 3.174999999999999822 ) ;
#5861 = CARTESIAN_POINT ( 'NONE',  ( 2.100000000000000533, -12.69999999999999929, -2.286000000000000032 ) ) ;
#5862 = LINE ( 'NONE', #2901, #3367 ) ;
#5863 = EDGE_CURVE ( 'NONE', #6235, #2173, #2398, .T. ) ;
#5864 = CIRCLE ( 'NONE', #648, 5.200000000000000178 ) ;
#5865 = ORIENTED_EDGE ( 'NONE', *, *, #4370, .F. ) ;
#5866 = CARTESIAN_POINT ( 'NONE',  ( 2.100000000000000089, 0.000000000000000000, -3.050999999999999712 ) ) ;
#5867 = FACE_OUTER_BOUND ( 'NONE', #2236, .T. ) ;
#5868 = AXIS2_PLACEMENT_3D ( 'NONE', #4332, #5385, #2895 ) ;
#5869 = AXIS2_PLACEMENT_3D ( 'NONE', #2940, #3428, #1939 ) ;
#5870 = ORIENTED_EDGE ( 'NONE', *, *, #175, .T. ) ;
#5871 = CARTESIAN_POINT ( 'NONE',  ( -5.200000000000000178, 6.368163355566236381E-16, 2.286000000000000032 ) ) ;
#5872 = CIRCLE ( 'NONE', #5248, 3.174999999999999822 ) ;
#5873 = VECTOR ( 'NONE', #2730, 1000.000000000000114 ) ;
#5874 = CARTESIAN_POINT ( 'NONE',  ( 0.4999999999999996669, -9.564617248245438574, 2.286000000000000032 ) ) ;
#5875 = EDGE_LOOP ( 'NONE', ( #5561, #6468, #3282, #2737 ) ) ;
#5876 = CIRCLE ( 'NONE', #240, 3.174999999999999822 ) ;
#5877 = ORIENTED_EDGE ( 'NONE', *, *, #1458, .F. ) ;
#5878 = VECTOR ( 'NONE', #1253, 1000.000000000000000 ) ;
#5879 = AXIS2_PLACEMENT_3D ( 'NONE', #4278, #2159, #3753 ) ;
#5880 = LINE ( 'NONE', #3010, #3688 ) ;
#5881 = AXIS2_PLACEMENT_3D ( 'NONE', #5951, #5501, #1420 ) ;
#5882 = FACE_OUTER_BOUND ( 'NONE', #2836, .T. ) ;
#5883 = DIRECTION ( 'NONE',  ( -0.7071067811865473507, -0.7071067811865477948, 0.000000000000000000 ) ) ;
#5884 = CARTESIAN_POINT ( 'NONE',  ( -2.570603795974263139, -23.53650298521229089, 2.286000000000000032 ) ) ;
#5885 = DIRECTION ( 'NONE',  ( -0.000000000000000000, -0.000000000000000000, -1.000000000000000000 ) ) ;
#5886 = ORIENTED_EDGE ( 'NONE', *, *, #3556, .T. ) ;
#5887 = VECTOR ( 'NONE', #2989, 1000.000000000000000 ) ;
#5888 = DIRECTION ( 'NONE',  ( 1.000000000000000000, 0.000000000000000000, 0.000000000000000000 ) ) ;
#5889 = CIRCLE ( 'NONE', #3603, 5.200000000000000178 ) ;
#5890 = ORIENTED_EDGE ( 'NONE', *, *, #918, .F. ) ;
#5891 = EDGE_CURVE ( 'NONE', #4535, #4963, #5365, .T. ) ;
#5892 = VECTOR ( 'NONE', #2388, 1000.000000000000000 ) ;
#5893 = FACE_OUTER_BOUND ( 'NONE', #4971, .T. ) ;
#5894 = LINE ( 'NONE', #3411, #246 ) ;
#5895 = DIRECTION ( 'NONE',  ( -0.000000000000000000, -0.000000000000000000, -1.000000000000000000 ) ) ;
#5896 = ORIENTED_EDGE ( 'NONE', *, *, #3413, .F. ) ;
#5897 = ADVANCED_FACE ( 'NONE', ( #3417 ), #4402, .F. ) ;
#5898 = CARTESIAN_POINT ( 'NONE',  ( 0.3535533905932734533, 0.3535533905932735088, 2.286000000000000032 ) ) ;
#5899 = CARTESIAN_POINT ( 'NONE',  ( 6.703553390593271821, -6.703553390593268269, -2.286000000000000032 ) ) ;
#5900 = VERTEX_POINT ( 'NONE', #4020 ) ;
#5901 = DIRECTION ( 'NONE',  ( -0.000000000000000000, -0.000000000000000000, -1.000000000000000000 ) ) ;
#5902 = DIRECTION ( 'NONE',  ( 0.7071067811865469066, -0.7071067811865481278, 0.000000000000000000 ) ) ;
#5903 = VERTEX_POINT ( 'NONE', #5509 ) ;
#5904 = CARTESIAN_POINT ( 'NONE',  ( -6.200000000000007283, -8.895584412271569263, 3.049999999999999822 ) ) ;
#5905 = CARTESIAN_POINT ( 'NONE',  ( -3.174999999999999822, 0.000000000000000000, -2.286000000000000032 ) ) ;
#5906 = ORIENTED_EDGE ( 'NONE', *, *, #4993, .T. ) ;
#5907 = DIRECTION ( 'NONE',  ( 1.000000000000000000, -7.434522636839145511E-17, 0.000000000000000000 ) ) ;
#5908 = CARTESIAN_POINT ( 'NONE',  ( 6.199999999999993960, -6.699999999999999289, 3.049999999999999822 ) ) ;
#5909 = EDGE_CURVE ( 'NONE', #3744, #4233, #2577, .T. ) ;
#5910 = VECTOR ( 'NONE', #263, 1000.000000000000000 ) ;
#5911 = ADVANCED_FACE ( 'NONE', ( #117 ), #4572, .F. ) ;
#5912 = EDGE_CURVE ( 'NONE', #1840, #5626, #1587, .T. ) ;
#5913 = FACE_OUTER_BOUND ( 'NONE', #3869, .T. ) ;
#5914 = PLANE ( 'NONE',  #978 ) ;
#5915 = DIRECTION ( 'NONE',  ( 0.000000000000000000, 0.000000000000000000, 1.000000000000000000 ) ) ;
#5916 = CARTESIAN_POINT ( 'NONE',  ( -13.05355339059327591, -13.05355339059327413, 2.286000000000000032 ) ) ;
#5917 = ORIENTED_EDGE ( 'NONE', *, *, #852, .T. ) ;
#5918 = LINE ( 'NONE', #2047, #660 ) ;
#5919 = EDGE_CURVE ( 'NONE', #2591, #2652, #2646, .T. ) ;
#5920 = ORIENTED_EDGE ( 'NONE', *, *, #1365, .T. ) ;
#5921 = FACE_OUTER_BOUND ( 'NONE', #4438, .T. ) ;
#5922 = VERTEX_POINT ( 'NONE', #22 ) ;
#5923 = DIRECTION ( 'NONE',  ( -0.7071067811865474617, 0.7071067811865475727, 0.000000000000000000 ) ) ;
#5924 = DIRECTION ( 'NONE',  ( 0.000000000000000000, -1.000000000000000000, 0.000000000000000000 ) ) ;
#5925 = EDGE_CURVE ( 'NONE', #3604, #4778, #241, .T. ) ;
#5926 = ORIENTED_EDGE ( 'NONE', *, *, #398, .T. ) ;
#5927 = DIRECTION ( 'NONE',  ( 1.000000000000000000, -8.741913579725642299E-15, 0.000000000000000000 ) ) ;
#5928 = DIRECTION ( 'NONE',  ( -1.000000000000000000, 0.000000000000000000, 0.000000000000000000 ) ) ;
#5929 = CARTESIAN_POINT ( 'NONE',  ( 6.199999999999997513, -25.39999999999999858, 3.049999999999999822 ) ) ;
#5930 = ORIENTED_EDGE ( 'NONE', *, *, #3040, .T. ) ;
#5931 = LINE ( 'NONE', #1957, #2132 ) ;
#5932 = DIRECTION ( 'NONE',  ( 1.000000000000000000, 0.000000000000000000, 0.000000000000000000 ) ) ;
#5933 = ADVANCED_FACE ( 'NONE', ( #6060 ), #3585, .F. ) ;
#5934 = VERTEX_POINT ( 'NONE', #537 ) ;
#5935 = FACE_OUTER_BOUND ( 'NONE', #4423, .T. ) ;
#5936 = DIRECTION ( 'NONE',  ( 0.7071067811865474617, 0.7071067811865475727, 0.000000000000000000 ) ) ;
#5937 = DIRECTION ( 'NONE',  ( 1.024442997624098707E-16, -1.000000000000000000, 0.000000000000000000 ) ) ;
#5938 = CARTESIAN_POINT ( 'NONE',  ( 2.570603795974263139, -10.83650298521228805, -1.000000000000000000 ) ) ;
#5939 = ORIENTED_EDGE ( 'NONE', *, *, #5078, .F. ) ;
#5940 = PLANE ( 'NONE',  #5764 ) ;
#5941 = EDGE_CURVE ( 'NONE', #4643, #5946, #6413, .T. ) ;
#5942 = ORIENTED_EDGE ( 'NONE', *, *, #1156, .T. ) ;
#5943 = DIRECTION ( 'NONE',  ( 1.000000000000000000, 0.000000000000000000, 0.000000000000000000 ) ) ;
#5944 = CARTESIAN_POINT ( 'NONE',  ( 12.34644660940672800, -12.34644660940672267, -1.000000000000000000 ) ) ;
#5945 = CARTESIAN_POINT ( 'NONE',  ( 7.481370849898472564, 6.199999999999997513, 3.050999999999999712 ) ) ;
#5946 = VERTEX_POINT ( 'NONE', #4992 ) ;
#5947 = EDGE_CURVE ( 'NONE', #5196, #513, #475, .T. ) ;
#5948 = DIRECTION ( 'NONE',  ( 0.7071067811865475727, -0.7071067811865474617, 0.000000000000000000 ) ) ;
#5949 = ORIENTED_EDGE ( 'NONE', *, *, #6098, .F. ) ;
#5950 = DIRECTION ( 'NONE',  ( -0.7071067811865477948, 0.7071067811865473507, 0.000000000000000000 ) ) ;
#5951 = CARTESIAN_POINT ( 'NONE',  ( 2.214716320084738350E-15, -25.39999999999999858, -1.000000000000000000 ) ) ;
#5952 = FACE_OUTER_BOUND ( 'NONE', #2229, .T. ) ;
#5953 = VECTOR ( 'NONE', #1750, 999.9999999999998863 ) ;
#5954 = ORIENTED_EDGE ( 'NONE', *, *, #3213, .F. ) ;
#5955 = DIRECTION ( 'NONE',  ( -0.7071067811865475727, 0.7071067811865474617, 0.000000000000000000 ) ) ;
#5956 = EDGE_CURVE ( 'NONE', #5293, #4108, #6096, .T. ) ;
#5957 = CARTESIAN_POINT ( 'NONE',  ( -6.200000000000001954, -20.18137084989847452, -3.049999999999999822 ) ) ;
#5958 = ORIENTED_EDGE ( 'NONE', *, *, #3384, .T. ) ;
#5959 = LINE ( 'NONE', #5446, #1391 ) ;
#5960 = DIRECTION ( 'NONE',  ( 1.000000000000000000, -1.635594980104611741E-16, 0.000000000000000000 ) ) ;
#5961 = DIRECTION ( 'NONE',  ( -1.000000000000000000, -1.635594980104611741E-16, 0.000000000000000000 ) ) ;
#5962 = ORIENTED_EDGE ( 'NONE', *, *, #2011, .F. ) ;
#5963 = CARTESIAN_POINT ( 'NONE',  ( 0.000000000000000000, 0.000000000000000000, -1.000000000000000000 ) ) ;
#5964 = EDGE_CURVE ( 'NONE', #2776, #1570, #4540, .T. ) ;
#5965 = ORIENTED_EDGE ( 'NONE', *, *, #3014, .T. ) ;
#5966 = DIRECTION ( 'NONE',  ( -0.000000000000000000, 0.000000000000000000, -1.000000000000000000 ) ) ;
#5967 = VECTOR ( 'NONE', #3394, 1000.000000000000000 ) ;
#5968 = DIRECTION ( 'NONE',  ( 0.000000000000000000, 0.000000000000000000, 1.000000000000000000 ) ) ;
#5969 = EDGE_LOOP ( 'NONE', ( #2442, #6150, #1345, #3414 ) ) ;
#5970 = AXIS2_PLACEMENT_3D ( 'NONE', #5651, #1180, #684 ) ;
#5971 = FACE_OUTER_BOUND ( 'NONE', #5543, .T. ) ;
#5972 = VECTOR ( 'NONE', #5816, 1000.000000000000000 ) ;
#5973 = VERTEX_POINT ( 'NONE', #577 ) ;
#5974 = AXIS2_PLACEMENT_3D ( 'NONE', #5397, #915, #6410 ) ;
#5975 = DIRECTION ( 'NONE',  ( 1.000000000000000000, 0.000000000000000000, 0.000000000000000000 ) ) ;
#5976 = DIRECTION ( 'NONE',  ( 0.000000000000000000, 0.000000000000000000, 1.000000000000000000 ) ) ;
#5977 = AXIS2_PLACEMENT_3D ( 'NONE', #6258, #804, #5346 ) ;
#5978 = LINE ( 'NONE', #1145, #2951 ) ;
#5979 = ORIENTED_EDGE ( 'NONE', *, *, #4485, .T. ) ;
#5980 = VECTOR ( 'NONE', #637, 1000.000000000000000 ) ;
#5981 = DIRECTION ( 'NONE',  ( -0.7071067811865474617, 0.7071067811865475727, 0.000000000000000000 ) ) ;
#5982 = VECTOR ( 'NONE', #6338, 1000.000000000000000 ) ;
#5983 = ORIENTED_EDGE ( 'NONE', *, *, #4183, .F. ) ;
#5984 = CIRCLE ( 'NONE', #454, 1.499999999999997780 ) ;
#5985 = AXIS2_PLACEMENT_3D ( 'NONE', #4330, #5824, #4805 ) ;
#5986 = CARTESIAN_POINT ( 'NONE',  ( 6.200000000000004619, -17.91862915010152690, -3.049999999999999822 ) ) ;
#5987 = ORIENTED_EDGE ( 'NONE', *, *, #2851, .F. ) ;
#5988 = DIRECTION ( 'NONE',  ( -0.000000000000000000, -0.000000000000000000, -1.000000000000000000 ) ) ;
#5989 = AXIS2_PLACEMENT_3D ( 'NONE', #589, #1143, #4489 ) ;
#5990 = CYLINDRICAL_SURFACE ( 'NONE', #3391, 3.174999999999999822 ) ;
#5991 = EDGE_CURVE ( 'NONE', #5128, #3714, #1625, .T. ) ;
#5992 = EDGE_LOOP ( 'NONE', ( #3919, #1236, #1260, #111 ) ) ;
#5993 = SECURITY_CLASSIFICATION ( '', '', #3239 ) ;
#5994 = VERTEX_POINT ( 'NONE', #6032 ) ;
#5995 = EDGE_CURVE ( 'NONE', #3509, #2572, #4476, .T. ) ;
#5996 = CARTESIAN_POINT ( 'NONE',  ( 5.199999999999996625, -8.207106781186551459, -2.286000000000000032 ) ) ;
#5997 = ORIENTED_EDGE ( 'NONE', *, *, #1718, .F. ) ;
#5998 = DIRECTION ( 'NONE',  ( 0.7071067811865472397, -0.7071067811865479058, 0.000000000000000000 ) ) ;
#5999 = DIRECTION ( 'NONE',  ( 1.000000000000000000, 0.000000000000000000, 0.000000000000000000 ) ) ;
#6000 = DIRECTION ( 'NONE',  ( 1.000000000000000000, 0.000000000000000000, 0.000000000000000000 ) ) ;
#6001 = ORIENTED_EDGE ( 'NONE', *, *, #450, .F. ) ;
#6002 = CARTESIAN_POINT ( 'NONE',  ( -2.570603795974262251, -10.83650298521228805, 2.286000000000000032 ) ) ;
#6003 = LINE ( 'NONE', #4925, #5656 ) ;
#6004 = EDGE_CURVE ( 'NONE', #15, #677, #3121, .T. ) ;
#6005 = VECTOR ( 'NONE', #4791, 1000.000000000000000 ) ;
#6006 = ORIENTED_EDGE ( 'NONE', *, *, #2260, .F. ) ;
#6007 = DIRECTION ( 'NONE',  ( 0.000000000000000000, 0.000000000000000000, -1.000000000000000000 ) ) ;
#6008 = LINE ( 'NONE', #4967, #2716 ) ;
#6009 = DIRECTION ( 'NONE',  ( 0.000000000000000000, -1.000000000000000000, 0.000000000000000000 ) ) ;
#6010 = CC_DESIGN_PERSON_AND_ORGANIZATION_ASSIGNMENT ( #5603, #1187, ( #2347 ) ) ;
#6011 = ADVANCED_FACE ( 'NONE', ( #3551 ), #4081, .T. ) ;
#6012 = ORIENTED_EDGE ( 'NONE', *, *, #2187, .T. ) ;
#6013 = DIRECTION ( 'NONE',  ( 0.000000000000000000, 1.000000000000000000, 0.000000000000000000 ) ) ;
#6014 = ORIENTED_EDGE ( 'NONE', *, *, #2176, .F. ) ;
#6015 = CARTESIAN_POINT ( 'NONE',  ( 5.199999999999997513, 0.000000000000000000, 1.000000000000000000 ) ) ;
#6016 = CYLINDRICAL_SURFACE ( 'NONE', #3265, 3.174999999999999822 ) ;
#6017 = ORIENTED_EDGE ( 'NONE', *, *, #1755, .T. ) ;
#6018 = CARTESIAN_POINT ( 'NONE',  ( -4.648654403270944258, -7.344238815542508902, 1.000000000000000000 ) ) ;
#6019 = VECTOR ( 'NONE', #1125, 1000.000000000000000 ) ;
#6020 = EDGE_CURVE ( 'NONE', #993, #1385, #2972, .T. ) ;
#6021 = ORIENTED_EDGE ( 'NONE', *, *, #3427, .T. ) ;
#6022 = AXIS2_PLACEMENT_3D ( 'NONE', #1774, #327, #4774 ) ;
#6023 = CARTESIAN_POINT ( 'NONE',  ( 0.000000000000000000, 0.000000000000000000, 2.286000000000000032 ) ) ;
#6024 = ORIENTED_EDGE ( 'NONE', *, *, #2128, .F. ) ;
#6025 = DIRECTION ( 'NONE',  ( 0.7071067811865470176, 0.7071067811865480168, 0.000000000000000000 ) ) ;
#6026 = ORIENTED_EDGE ( 'NONE', *, *, #1235, .T. ) ;
#6027 = ORIENTED_EDGE ( 'NONE', *, *, #414, .T. ) ;
#6028 = DIRECTION ( 'NONE',  ( 0.7071067811865474617, 0.7071067811865474617, 0.000000000000000000 ) ) ;
#6029 = CARTESIAN_POINT ( 'NONE',  ( 5.199999999999997513, -8.207106781186551459, 3.049999999999999822 ) ) ;
#6030 = ORIENTED_EDGE ( 'NONE', *, *, #103, .F. ) ;
#6031 = LINE ( 'NONE', #935, #3263 ) ;
#6032 = CARTESIAN_POINT ( 'NONE',  ( -5.200000000000001066, -7.895584412271564823, -3.049999999999999822 ) ) ;
#6033 = ADVANCED_FACE ( 'NONE', ( #6467 ), #1064, .F. ) ;
#6034 = EDGE_CURVE ( 'NONE', #1608, #4740, #4844, .T. ) ;
#6035 = ORIENTED_EDGE ( 'NONE', *, *, #5179, .T. ) ;
#6036 = LINE ( 'NONE', #4509, #5980 ) ;
#6037 = DIRECTION ( 'NONE',  ( -0.7071067811865473507, 0.7071067811865477948, 0.000000000000000000 ) ) ;
#6038 = ORIENTED_EDGE ( 'NONE', *, *, #5163, .T. ) ;
#6039 = FACE_OUTER_BOUND ( 'NONE', #4074, .T. ) ;
#6040 = DIRECTION ( 'NONE',  ( -0.7071067811865470176, 0.7071067811865481278, 0.000000000000000000 ) ) ;
#6041 = LINE ( 'NONE', #6067, #2324 ) ;
#6042 = ORIENTED_EDGE ( 'NONE', *, *, #3310, .F. ) ;
#6043 = ORIENTED_EDGE ( 'NONE', *, *, #2862, .T. ) ;
#6044 = PLANE ( 'NONE',  #4127 ) ;
#6045 = CARTESIAN_POINT ( 'NONE',  ( 0.000000000000000000, -5.199999999999999289, 1.000000000000000000 ) ) ;
#6046 = EDGE_CURVE ( 'NONE', #4359, #5122, #4263, .T. ) ;
#6047 = CARTESIAN_POINT ( 'NONE',  ( 1.182358322909695704E-16, -12.69999999999999929, -2.286000000000000032 ) ) ;
#6048 = ORIENTED_EDGE ( 'NONE', *, *, #1641, .T. ) ;
#6049 = ORIENTED_EDGE ( 'NONE', *, *, #1227, .T. ) ;
#6050 = DIRECTION ( 'NONE',  ( -0.7071067811865473507, -0.7071067811865477948, 0.000000000000000000 ) ) ;
#6051 = EDGE_CURVE ( 'NONE', #1881, #1728, #2695, .T. ) ;
#6052 = CARTESIAN_POINT ( 'NONE',  ( 1.863497014787713235, -10.12939620402574015, -2.286000000000000032 ) ) ;
#6053 = ORIENTED_EDGE ( 'NONE', *, *, #1202, .T. ) ;
#6054 = CARTESIAN_POINT ( 'NONE',  ( 0.000000000000000000, 0.000000000000000000, 2.286000000000000032 ) ) ;
#6055 = DIRECTION ( 'NONE',  ( 1.000000000000000000, -0.000000000000000000, 0.000000000000000000 ) ) ;
#6056 = VERTEX_POINT ( 'NONE', #1220 ) ;
#6057 = ORIENTED_EDGE ( 'NONE', *, *, #4398, .F. ) ;
#6058 = DIRECTION ( 'NONE',  ( 0.000000000000000000, 0.000000000000000000, 1.000000000000000000 ) ) ;
#6059 = EDGE_LOOP ( 'NONE', ( #5228, #6038, #1668, #5896 ) ) ;
#6060 = FACE_OUTER_BOUND ( 'NONE', #4654, .T. ) ;
#6061 = ORIENTED_EDGE ( 'NONE', *, *, #2366, .T. ) ;
#6062 = DIRECTION ( 'NONE',  ( 1.000000000000000000, 0.000000000000000000, 0.000000000000000000 ) ) ;
#6063 = DIRECTION ( 'NONE',  ( -0.000000000000000000, -0.000000000000000000, -1.000000000000000000 ) ) ;
#6064 = ORIENTED_EDGE ( 'NONE', *, *, #5319, .T. ) ;
#6065 = CARTESIAN_POINT ( 'NONE',  ( 3.717261318419573372E-17, 0.5000000000000001110, 2.286000000000000032 ) ) ;
#6066 = DIRECTION ( 'NONE',  ( -0.7071067811865470176, 0.7071067811865481278, 0.000000000000000000 ) ) ;
#6067 = CARTESIAN_POINT ( 'NONE',  ( 5.002207793864214658, 5.002207793864211993, 2.286000000000000032 ) ) ;
#6068 = VECTOR ( 'NONE', #2475, 1000.000000000000000 ) ;
#6069 = VERTEX_POINT ( 'NONE', #1653 ) ;
#6070 = AXIS2_PLACEMENT_3D ( 'NONE', #5904, #443, #4341 ) ;
#6071 = ORIENTED_EDGE ( 'NONE', *, *, #1634, .F. ) ;
#6072 = EDGE_CURVE ( 'NONE', #6099, #2471, #4201, .T. ) ;
#6073 = FACE_OUTER_BOUND ( 'NONE', #3549, .T. ) ;
#6074 = AXIS2_PLACEMENT_3D ( 'NONE', #1984, #2503, #5955 ) ;
#6075 = DIRECTION ( 'NONE',  ( -1.024442997624098830E-16, 1.000000000000000000, 0.000000000000000000 ) ) ;
#6076 = ORIENTED_EDGE ( 'NONE', *, *, #713, .F. ) ;
#6077 = AXIS2_PLACEMENT_3D ( 'NONE', #5729, #5205, #1779 ) ;
#6078 = AXIS2_PLACEMENT_3D ( 'NONE', #5206, #1721, #2180 ) ;
#6079 = ORIENTED_EDGE ( 'NONE', *, *, #4637, .F. ) ;
#6080 = CARTESIAN_POINT ( 'NONE',  ( 0.4999999999999987232, -3.135382751754560715, 2.286000000000000032 ) ) ;
#6081 = AXIS2_PLACEMENT_3D ( 'NONE', #4271, #6395, #3288 ) ;
#6082 = VECTOR ( 'NONE', #6259, 1000.000000000000000 ) ;
#6083 = CARTESIAN_POINT ( 'NONE',  ( 12.69999999999999929, 0.000000000000000000, 1.000000000000000000 ) ) ;
#6084 = EDGE_LOOP ( 'NONE', ( #4239, #6026, #3656, #488 ) ) ;
#6085 = VECTOR ( 'NONE', #5711, 1000.000000000000000 ) ;
#6086 = PERSON_AND_ORGANIZATION ( #952, #4027 ) ;
#6087 = VECTOR ( 'NONE', #1972, 1000.000000000000000 ) ;
#6088 = AXIS2_PLACEMENT_3D ( 'NONE', #723, #3620, #6128 ) ;
#6089 = EDGE_CURVE ( 'NONE', #6134, #2306, #5202, .T. ) ;
#6090 = ORIENTED_EDGE ( 'NONE', *, *, #2815, .T. ) ;
#6091 = ORIENTED_EDGE ( 'NONE', *, *, #6004, .T. ) ;
#6092 = CIRCLE ( 'NONE', #3167, 5.199999999999998401 ) ;
#6093 = FACE_OUTER_BOUND ( 'NONE', #2763, .T. ) ;
#6094 = VECTOR ( 'NONE', #2372, 1000.000000000000000 ) ;
#6095 = CARTESIAN_POINT ( 'NONE',  ( 5.002207793864214658, 5.002207793864211993, -1.000000000000000000 ) ) ;
#6096 = LINE ( 'NONE', #3094, #5783 ) ;
#6097 = CIRCLE ( 'NONE', #2654, 3.174999999999999822 ) ;
#6098 = EDGE_CURVE ( 'NONE', #2102, #3506, #725, .T. ) ;
#6099 = VERTEX_POINT ( 'NONE', #3712 ) ;
#6100 = LINE ( 'NONE', #2027, #974 ) ;
#6101 = DIRECTION ( 'NONE',  ( -0.7071067811865475727, 0.7071067811865474617, 0.000000000000000000 ) ) ;
#6102 = CARTESIAN_POINT ( 'NONE',  ( 2.214716320084738350E-15, -25.39999999999999858, -3.050999999999999712 ) ) ;
#6103 = LINE ( 'NONE', #4180, #1277 ) ;
#6104 = DIRECTION ( 'NONE',  ( 0.000000000000000000, 0.000000000000000000, 1.000000000000000000 ) ) ;
#6105 = EDGE_CURVE ( 'NONE', #5097, #2969, #2243, .T. ) ;
#6106 = ORIENTED_EDGE ( 'NONE', *, *, #3497, .F. ) ;
#6107 = AXIS2_PLACEMENT_3D ( 'NONE', #2834, #1861, #3888 ) ;
#6108 = ORIENTED_EDGE ( 'NONE', *, *, #6189, .T. ) ;
#6109 = CARTESIAN_POINT ( 'NONE',  ( -3.654415587728429671, -19.05000000000000071, 3.049999999999999822 ) ) ;
#6110 = DIRECTION ( 'NONE',  ( -1.486904527367829102E-16, 1.000000000000000000, 0.000000000000000000 ) ) ;
#6111 = EDGE_CURVE ( 'NONE', #694, #720, #1746, .T. ) ;
#6112 = CARTESIAN_POINT ( 'NONE',  ( 1.182358322909695704E-16, -12.69999999999999929, 2.286000000000000032 ) ) ;
#6113 = ORIENTED_EDGE ( 'NONE', *, *, #6051, .F. ) ;
#6114 = EDGE_CURVE ( 'NONE', #5169, #3804, #4657, .T. ) ;
#6115 = EDGE_CURVE ( 'NONE', #1522, #998, #3647, .T. ) ;
#6116 = ORIENTED_EDGE ( 'NONE', *, *, #2888, .F. ) ;
#6117 = DIRECTION ( 'NONE',  ( -1.000000000000000000, 3.419880412946006861E-16, 0.000000000000000000 ) ) ;
#6118 = VECTOR ( 'NONE', #3300, 1000.000000000000000 ) ;
#6119 = DIRECTION ( 'NONE',  ( -0.000000000000000000, -0.000000000000000000, -1.000000000000000000 ) ) ;
#6120 = ORIENTED_EDGE ( 'NONE', *, *, #1830, .F. ) ;
#6121 = DATE_AND_TIME ( #5225, #2046 ) ;
#6122 = EDGE_CURVE ( 'NONE', #2397, #71, #3798, .T. ) ;
#6123 = ORIENTED_EDGE ( 'NONE', *, *, #5792, .F. ) ;
#6124 = VECTOR ( 'NONE', #5821, 1000.000000000000000 ) ;
#6125 = DIRECTION ( 'NONE',  ( -0.000000000000000000, -0.000000000000000000, -1.000000000000000000 ) ) ;
#6126 = EDGE_LOOP ( 'NONE', ( #131, #364, #3035, #4737 ) ) ;
#6127 = CARTESIAN_POINT ( 'NONE',  ( 5.346446609406723560, -6.053553390593268801, -2.286000000000000032 ) ) ;
#6128 = DIRECTION ( 'NONE',  ( 1.000000000000000000, 0.000000000000000000, 0.000000000000000000 ) ) ;
#6129 = EDGE_CURVE ( 'NONE', #5290, #1376, #181, .T. ) ;
#6130 = DIRECTION ( 'NONE',  ( 0.000000000000000000, -1.000000000000000000, 0.000000000000000000 ) ) ;
#6131 = ORIENTED_EDGE ( 'NONE', *, *, #209, .T. ) ;
#6132 = CARTESIAN_POINT ( 'NONE',  ( 8.207106781186546129, -5.199999999999999289, 2.286000000000000032 ) ) ;
#6133 = LINE ( 'NONE', #1656, #435 ) ;
#6134 = VERTEX_POINT ( 'NONE', #3767 ) ;
#6135 = DIRECTION ( 'NONE',  ( -1.000000000000000000, 0.000000000000000000, 0.000000000000000000 ) ) ;
#6136 = DIRECTION ( 'NONE',  ( -0.000000000000000000, -0.000000000000000000, -1.000000000000000000 ) ) ;
#6137 = EDGE_CURVE ( 'NONE', #6235, #1874, #2338, .T. ) ;
#6138 = CARTESIAN_POINT ( 'NONE',  ( -5.200000000000000178, 6.368163355566236381E-16, 3.049999999999999822 ) ) ;
#6139 = ORIENTED_EDGE ( 'NONE', *, *, #2160, .T. ) ;
#6140 = ORIENTED_EDGE ( 'NONE', *, *, #4557, .F. ) ;
#6141 = CARTESIAN_POINT ( 'NONE',  ( 6.199999999999995737, -17.91862915010152690, 3.049999999999999822 ) ) ;
#6142 = EDGE_CURVE ( 'NONE', #1739, #1881, #4641, .T. ) ;
#6143 = CARTESIAN_POINT ( 'NONE',  ( -2.099999999999998757, -25.39999999999999858, -3.050999999999999712 ) ) ;
#6144 = ORIENTED_EDGE ( 'NONE', *, *, #2393, .T. ) ;
#6145 = ADVANCED_FACE ( 'NONE', ( #6190 ), #5112, .F. ) ;
#6146 = EDGE_LOOP ( 'NONE', ( #338, #5958, #4168, #531 ) ) ;
#6147 = DIRECTION ( 'NONE',  ( 1.000000000000000000, 0.000000000000000000, 0.000000000000000000 ) ) ;
#6148 = ADVANCED_FACE ( 'NONE', ( #2148 ), #4146, .T. ) ;
#6149 = FACE_OUTER_BOUND ( 'NONE', #6225, .T. ) ;
#6150 = ORIENTED_EDGE ( 'NONE', *, *, #3019, .T. ) ;
#6151 = APPROVAL_ROLE ( '' ) ;
#6152 = VERTEX_POINT ( 'NONE', #3187 ) ;
#6153 = ORIENTED_EDGE ( 'NONE', *, *, #1141, .F. ) ;
#6154 = EDGE_CURVE ( 'NONE', #1719, #5794, #5234, .T. ) ;
#6155 = DIRECTION ( 'NONE',  ( -0.000000000000000000, 1.000000000000000000, 0.000000000000000000 ) ) ;
#6156 = ORIENTED_EDGE ( 'NONE', *, *, #1961, .T. ) ;
#6157 = FACE_OUTER_BOUND ( 'NONE', #3372, .T. ) ;
#6158 = CARTESIAN_POINT ( 'NONE',  ( 8.207106781186544353, 5.200000000000000178, 3.049999999999999822 ) ) ;
#6159 = VERTEX_POINT ( 'NONE', #270 ) ;
#6160 = EDGE_CURVE ( 'NONE', #69, #293, #1717, .T. ) ;
#6161 = LINE ( 'NONE', #1683, #1455 ) ;
#6162 = CYLINDRICAL_SURFACE ( 'NONE', #5348, 3.174999999999999822 ) ;
#6163 = CARTESIAN_POINT ( 'NONE',  ( 0.000000000000000000, 0.000000000000000000, 1.000000000000000000 ) ) ;
#6164 = CARTESIAN_POINT ( 'NONE',  ( -6.703553390593274486, -6.703553390593274486, 2.286000000000000032 ) ) ;
#6165 = LINE ( 'NONE', #4243, #4311 ) ;
#6166 = VERTEX_POINT ( 'NONE', #2762 ) ;
#6167 = EDGE_CURVE ( 'NONE', #1544, #6134, #2459, .T. ) ;
#6168 = EDGE_LOOP ( 'NONE', ( #2788, #3858, #3132, #4040 ) ) ;
#6169 = LINE ( 'NONE', #778, #6205 ) ;
#6170 = CYLINDRICAL_SURFACE ( 'NONE', #1701, 5.200000000000000178 ) ;
#6171 = ORIENTED_EDGE ( 'NONE', *, *, #1272, .T. ) ;
#6172 = ORIENTED_EDGE ( 'NONE', *, *, #2988, .T. ) ;
#6173 = LINE ( 'NONE', #4559, #3999 ) ;
#6174 = AXIS2_PLACEMENT_3D ( 'NONE', #3817, #4817, #3849 ) ;
#6175 = LINE ( 'NONE', #106, #4658 ) ;
#6176 = ORIENTED_EDGE ( 'NONE', *, *, #3696, .T. ) ;
#6177 = DATE_TIME_ROLE ( 'classification_date' ) ;
#6178 = VECTOR ( 'NONE', #5394, 1000.000000000000000 ) ;
#6179 = VECTOR ( 'NONE', #3355, 1000.000000000000000 ) ;
#6180 = EDGE_LOOP ( 'NONE', ( #4865, #4276, #5917, #1860, #2995, #4793 ) ) ;
#6181 = AXIS2_PLACEMENT_3D ( 'NONE', #5239, #5761, #3283 ) ;
#6182 = ORIENTED_EDGE ( 'NONE', *, *, #3943, .F. ) ;
#6183 = VECTOR ( 'NONE', #871, 1000.000000000000000 ) ;
#6184 = VERTEX_POINT ( 'NONE', #428 ) ;
#6185 = AXIS2_PLACEMENT_3D ( 'NONE', #5191, #3786, #710 ) ;
#6186 = LINE ( 'NONE', #629, #252 ) ;
#6187 = ORIENTED_EDGE ( 'NONE', *, *, #5551, .T. ) ;
#6188 = LINE ( 'NONE', #1680, #4429 ) ;
#6189 = EDGE_CURVE ( 'NONE', #788, #3643, #1347, .T. ) ;
#6190 = FACE_OUTER_BOUND ( 'NONE', #1464, .T. ) ;
#6191 = CIRCLE ( 'NONE', #5143, 3.175000000000000711 ) ;
#6192 = VECTOR ( 'NONE', #3878, 1000.000000000000000 ) ;
#6193 = EDGE_CURVE ( 'NONE', #4502, #4356, #2819, .T. ) ;
#6194 = EDGE_CURVE ( 'NONE', #4393, #218, #5795, .T. ) ;
#6195 = ORIENTED_EDGE ( 'NONE', *, *, #2337, .F. ) ;
#6196 = CIRCLE ( 'NONE', #1396, 2.100000000000000533 ) ;
#6197 = LINE ( 'NONE', #3742, #5658 ) ;
#6198 = CARTESIAN_POINT ( 'NONE',  ( 0.3535533905932742305, -0.3535533905932741749, 2.286000000000000032 ) ) ;
#6199 = AXIS2_PLACEMENT_3D ( 'NONE', #1131, #180, #1745 ) ;
#6200 = CARTESIAN_POINT ( 'NONE',  ( 12.69999999999999929, 0.000000000000000000, 1.000000000000000000 ) ) ;
#6201 = CARTESIAN_POINT ( 'NONE',  ( 5.199999999999999289, -20.59558441227156678, -3.049999999999999822 ) ) ;
#6202 = AXIS2_PLACEMENT_3D ( 'NONE', #4854, #3281, #2334 ) ;
#6203 = AXIS2_PLACEMENT_3D ( 'NONE', #1955, #6463, #3548 ) ;
#6204 = CARTESIAN_POINT ( 'NONE',  ( -1.863497014787718342, -22.82939620402574121, 2.286000000000000032 ) ) ;
#6205 = VECTOR ( 'NONE', #5190, 1000.000000000000000 ) ;
#6206 = EDGE_CURVE ( 'NONE', #2785, #97, #878, .T. ) ;
#6207 = ORIENTED_EDGE ( 'NONE', *, *, #2266, .F. ) ;
#6208 = ORIENTED_EDGE ( 'NONE', *, *, #2447, .F. ) ;
#6209 = CYLINDRICAL_SURFACE ( 'NONE', #4551, 3.174999999999999822 ) ;
#6210 = DIRECTION ( 'NONE',  ( -0.000000000000000000, -0.000000000000000000, 1.000000000000000000 ) ) ;
#6211 = ORIENTED_EDGE ( 'NONE', *, *, #5406, .F. ) ;
#6212 = ORIENTED_EDGE ( 'NONE', *, *, #6154, .F. ) ;
#6213 = LINE ( 'NONE', #6269, #3905 ) ;
#6214 = DIRECTION ( 'NONE',  ( 1.000000000000000000, 0.000000000000000000, -0.000000000000000000 ) ) ;
#6215 = ORIENTED_EDGE ( 'NONE', *, *, #5805, .F. ) ;
#6216 = EDGE_CURVE ( 'NONE', #1744, #98, #795, .T. ) ;
#6217 = ORIENTED_EDGE ( 'NONE', *, *, #3834, .T. ) ;
#6218 = ORIENTED_EDGE ( 'NONE', *, *, #6382, .T. ) ;
#6219 = ORIENTED_EDGE ( 'NONE', *, *, #1479, .T. ) ;
#6220 = CYLINDRICAL_SURFACE ( 'NONE', #5807, 5.199999999999998401 ) ;
#6221 = ORIENTED_EDGE ( 'NONE', *, *, #2982, .F. ) ;
#6222 = CARTESIAN_POINT ( 'NONE',  ( 12.69999999999999929, 6.200000000000000178, 3.049999999999999822 ) ) ;
#6223 = CARTESIAN_POINT ( 'NONE',  ( -5.002207793864216434, -5.002207793864207552, 2.286000000000000032 ) ) ;
#6224 = VECTOR ( 'NONE', #145, 1000.000000000000000 ) ;
#6225 = EDGE_LOOP ( 'NONE', ( #1714, #4455, #227, #5774 ) ) ;
#6226 = DIRECTION ( 'NONE',  ( -1.000000000000000000, 0.000000000000000000, 0.000000000000000000 ) ) ;
#6227 = CARTESIAN_POINT ( 'NONE',  ( -5.200000000000000178, 6.368163355566236381E-16, 3.049999999999999822 ) ) ;
#6228 = VERTEX_POINT ( 'NONE', #3309 ) ;
#6229 = LINE ( 'NONE', #5732, #5849 ) ;
#6230 = CARTESIAN_POINT ( 'NONE',  ( 1.347792206135787874, -1.347792206135791204, 1.000000000000000000 ) ) ;
#6231 = DIRECTION ( 'NONE',  ( 0.7071067811865473507, 0.7071067811865477948, 0.000000000000000000 ) ) ;
#6232 = PLANE ( 'NONE',  #3875 ) ;
#6233 = ADVANCED_FACE ( 'NONE', ( #897 ), #4777, .T. ) ;
#6234 = DIRECTION ( 'NONE',  ( -0.000000000000000000, -0.000000000000000000, -1.000000000000000000 ) ) ;
#6235 = VERTEX_POINT ( 'NONE', #2893 ) ;
#6236 = VERTEX_POINT ( 'NONE', #1846 ) ;
#6237 = CARTESIAN_POINT ( 'NONE',  ( -3.174999999999999822, 0.000000000000000000, -1.000000000000000000 ) ) ;
#6238 = LINE ( 'NONE', #3728, #2443 ) ;
#6239 = ORIENTED_EDGE ( 'NONE', *, *, #3556, .F. ) ;
#6240 = ORIENTED_EDGE ( 'NONE', *, *, #2213, .F. ) ;
#6241 = DIRECTION ( 'NONE',  ( 0.000000000000000000, 0.000000000000000000, 1.000000000000000000 ) ) ;
#6242 = EDGE_CURVE ( 'NONE', #2468, #62, #6097, .T. ) ;
#6243 = CARTESIAN_POINT ( 'NONE',  ( 1.182358322909695704E-16, -12.69999999999999929, 2.286000000000000032 ) ) ;
#6244 = EDGE_LOOP ( 'NONE', ( #1948, #140, #2711, #3729 ) ) ;
#6245 = CARTESIAN_POINT ( 'NONE',  ( 1.182358322909695704E-16, -12.69999999999999929, -1.000000000000000000 ) ) ;
#6246 = ORIENTED_EDGE ( 'NONE', *, *, #3892, .F. ) ;
#6247 = ADVANCED_FACE ( 'NONE', ( #824 ), #6321, .F. ) ;
#6248 = EDGE_LOOP ( 'NONE', ( #1585, #1960, #615, #479 ) ) ;
#6249 = LINE ( 'NONE', #3279, #6332 ) ;
#6250 = ORIENTED_EDGE ( 'NONE', *, *, #4047, .T. ) ;
#6251 = DIRECTION ( 'NONE',  ( 0.7071067811865474617, -0.7071067811865474617, 0.000000000000000000 ) ) ;
#6252 = ORIENTED_EDGE ( 'NONE', *, *, #1001, .T. ) ;
#6253 = DIRECTION ( 'NONE',  ( 0.000000000000000000, 0.000000000000000000, 1.000000000000000000 ) ) ;
#6254 = LINE ( 'NONE', #3386, #5460 ) ;
#6255 = ORIENTED_EDGE ( 'NONE', *, *, #1268, .F. ) ;
#6256 = DIRECTION ( 'NONE',  ( -0.000000000000000000, -0.000000000000000000, -1.000000000000000000 ) ) ;
#6257 = CARTESIAN_POINT ( 'NONE',  ( 5.996446609406723027, -5.996446609406722139, 2.286000000000000032 ) ) ;
#6258 = CARTESIAN_POINT ( 'NONE',  ( 3.654415587728431447, -19.04999999999999716, 3.049999999999999822 ) ) ;
#6259 = DIRECTION ( 'NONE',  ( 0.000000000000000000, 0.000000000000000000, -1.000000000000000000 ) ) ;
#6260 = ORIENTED_EDGE ( 'NONE', *, *, #126, .F. ) ;
#6261 = LINE ( 'NONE', #1788, #1067 ) ;
#6262 = VERTEX_POINT ( 'NONE', #6280 ) ;
#6263 = CARTESIAN_POINT ( 'NONE',  ( 2.570603795974261363, 1.863497014787713235, 2.286000000000000032 ) ) ;
#6264 = FACE_OUTER_BOUND ( 'NONE', #365, .T. ) ;
#6265 = EDGE_CURVE ( 'NONE', #769, #5197, #2922, .T. ) ;
#6266 = EDGE_CURVE ( 'NONE', #4707, #654, #6302, .T. ) ;
#6267 = VECTOR ( 'NONE', #1138, 1000.000000000000000 ) ;
#6268 = ORIENTED_EDGE ( 'NONE', *, *, #992, .T. ) ;
#6269 = CARTESIAN_POINT ( 'NONE',  ( -12.34644660940672978, -12.34644660940671379, 2.286000000000000032 ) ) ;
#6270 = LINE ( 'NONE', #5748, #4246 ) ;
#6271 = ORIENTED_EDGE ( 'NONE', *, *, #517, .T. ) ;
#6272 = DIRECTION ( 'NONE',  ( 0.000000000000000000, 0.000000000000000000, 1.000000000000000000 ) ) ;
#6273 = AXIS2_PLACEMENT_3D ( 'NONE', #5024, #3071, #5066 ) ;
#6274 = VERTEX_POINT ( 'NONE', #2790 ) ;
#6275 = ORIENTED_EDGE ( 'NONE', *, *, #6167, .T. ) ;
#6276 = DIRECTION ( 'NONE',  ( 0.000000000000000000, 0.000000000000000000, 1.000000000000000000 ) ) ;
#6277 = ORIENTED_EDGE ( 'NONE', *, *, #1634, .T. ) ;
#6278 = CARTESIAN_POINT ( 'NONE',  ( -5.068629150101529923, -19.05000000000000426, -3.049999999999999822 ) ) ;
#6279 = VECTOR ( 'NONE', #5835, 1000.000000000000000 ) ;
#6280 = CARTESIAN_POINT ( 'NONE',  ( 5.355761184457486834, 4.648654403270938928, -1.000000000000000000 ) ) ;
#6281 = EDGE_CURVE ( 'NONE', #5922, #4399, #6388, .T. ) ;
#6282 = EDGE_CURVE ( 'NONE', #5001, #452, #3807, .T. ) ;
#6283 = AXIS2_PLACEMENT_3D ( 'NONE', #3111, #5103, #4590 ) ;
#6284 = EDGE_LOOP ( 'NONE', ( #4753, #1281, #1870, #5820, #775, #3658 ) ) ;
#6285 = VECTOR ( 'NONE', #6379, 1000.000000000000000 ) ;
#6286 = LINE ( 'NONE', #6324, #3363 ) ;
#6287 = CARTESIAN_POINT ( 'NONE',  ( 0.000000000000000000, 0.000000000000000000, 2.286000000000000032 ) ) ;
#6288 = AXIS2_PLACEMENT_3D ( 'NONE', #417, #1868, #2911 ) ;
#6289 = ORIENTED_EDGE ( 'NONE', *, *, #427, .F. ) ;
#6290 = VECTOR ( 'NONE', #3236, 1000.000000000000000 ) ;
#6291 = LINE ( 'NONE', #1821, #3343 ) ;
#6292 = PLANE ( 'NONE',  #4946 ) ;
#6293 = CARTESIAN_POINT ( 'NONE',  ( -4.648654403270940705, -20.04423881554251352, 1.000000000000000000 ) ) ;
#6294 = AXIS2_PLACEMENT_3D ( 'NONE', #4661, #2722, #6253 ) ;
#6295 = DIRECTION ( 'NONE',  ( 0.000000000000000000, 0.000000000000000000, -1.000000000000000000 ) ) ;
#6296 = EDGE_CURVE ( 'NONE', #3616, #2173, #1713, .T. ) ;
#6297 = VECTOR ( 'NONE', #3537, 1000.000000000000000 ) ;
#6298 = VECTOR ( 'NONE', #2611, 1000.000000000000000 ) ;
#6299 = AXIS2_PLACEMENT_3D ( 'NONE', #1449, #1027, #1980 ) ;
#6300 = ORIENTED_EDGE ( 'NONE', *, *, #4736, .F. ) ;
#6301 = CARTESIAN_POINT ( 'NONE',  ( -2.100000000000000089, 2.571758278209441464E-16, -2.286000000000000032 ) ) ;
#6302 = CIRCLE ( 'NONE', #3486, 3.174999999999999822 ) ;
#6303 = VERTEX_POINT ( 'NONE', #369 ) ;
#6304 = AXIS2_PLACEMENT_3D ( 'NONE', #2249, #2131, #3134 ) ;
#6305 = DIRECTION ( 'NONE',  ( 0.7071067811865472397, -0.7071067811865479058, 0.000000000000000000 ) ) ;
#6306 = LINE ( 'NONE', #1831, #3908 ) ;
#6307 = ORIENTED_EDGE ( 'NONE', *, *, #3117, .F. ) ;
#6308 = PLANE ( 'NONE',  #5563 ) ;
#6309 = EDGE_CURVE ( 'NONE', #1197, #3804, #2373, .T. ) ;
#6310 = DIRECTION ( 'NONE',  ( -0.7071067811865474617, 0.7071067811865474617, 0.000000000000000000 ) ) ;
#6311 = DIRECTION ( 'NONE',  ( -0.000000000000000000, -0.000000000000000000, -1.000000000000000000 ) ) ;
#6312 = ORIENTED_EDGE ( 'NONE', *, *, #2393, .F. ) ;
#6313 = EDGE_CURVE ( 'NONE', #4890, #3926, #6355, .T. ) ;
#6314 = CARTESIAN_POINT ( 'NONE',  ( 12.69999999999999929, 0.000000000000000000, 2.286000000000000032 ) ) ;
#6315 = EDGE_CURVE ( 'NONE', #1739, #1669, #3378, .T. ) ;
#6316 = ORIENTED_EDGE ( 'NONE', *, *, #182, .T. ) ;
#6317 = ORIENTED_EDGE ( 'NONE', *, *, #170, .F. ) ;
#6318 = DIRECTION ( 'NONE',  ( 0.000000000000000000, -0.000000000000000000, -1.000000000000000000 ) ) ;
#6319 = ORIENTED_EDGE ( 'NONE', *, *, #2500, .T. ) ;
#6320 = CARTESIAN_POINT ( 'NONE',  ( 6.792893218813456535, -5.199999999999999289, -2.286000000000000032 ) ) ;
#6321 = PLANE ( 'NONE',  #5374 ) ;
#6322 = EDGE_CURVE ( 'NONE', #4573, #4908, #1421, .T. ) ;
#6323 = ORIENTED_EDGE ( 'NONE', *, *, #678, .T. ) ;
#6324 = CARTESIAN_POINT ( 'NONE',  ( -5.996446609406727468, -5.996446609406724804, 1.000000000000000000 ) ) ;
#6325 = DIRECTION ( 'NONE',  ( -1.040833169157480322E-16, -1.000000000000000000, 0.000000000000000000 ) ) ;
#6326 = EDGE_CURVE ( 'NONE', #2150, #1931, #1098, .T. ) ;
#6327 = ORIENTED_EDGE ( 'NONE', *, *, #4143, .F. ) ;
#6328 = CARTESIAN_POINT ( 'NONE',  ( -7.697792206135781079, -7.697792206135774862, 2.286000000000000032 ) ) ;
#6329 = DIRECTION ( 'NONE',  ( -1.000000000000000000, 0.000000000000000000, 0.000000000000000000 ) ) ;
#6330 = CARTESIAN_POINT ( 'NONE',  ( -13.05355339059327591, -13.05355339059327413, -2.286000000000000032 ) ) ;
#6331 = ORIENTED_EDGE ( 'NONE', *, *, #6122, .F. ) ;
#6332 = VECTOR ( 'NONE', #5269, 1000.000000000000000 ) ;
#6333 = CARTESIAN_POINT ( 'NONE',  ( 6.699999999999993960, -6.199999999999999289, -3.049999999999999822 ) ) ;
#6334 = DIRECTION ( 'NONE',  ( -1.000000000000000000, 0.000000000000000000, 0.000000000000000000 ) ) ;
#6335 = ADVANCED_FACE ( 'NONE', ( #5952 ), #3088, .T. ) ;
#6336 = ORIENTED_EDGE ( 'NONE', *, *, #5919, .F. ) ;
#6337 = CARTESIAN_POINT ( 'NONE',  ( -4.648654403270940705, -20.04423881554251352, 2.286000000000000032 ) ) ;
#6338 = DIRECTION ( 'NONE',  ( 0.7071067811865474617, 0.7071067811865476838, -0.000000000000000000 ) ) ;
#6339 = CARTESIAN_POINT ( 'NONE',  ( 9.564617248245436798, 0.4999999999999993339, 2.286000000000000032 ) ) ;
#6340 = ORIENTED_EDGE ( 'NONE', *, *, #5449, .T. ) ;
#6341 = EDGE_LOOP ( 'NONE', ( #6091, #855, #1841, #5819, #6131, #2129, #6461 ) ) ;
#6342 = CARTESIAN_POINT ( 'NONE',  ( 5.996446609406727468, -5.996446609406725692, -2.286000000000000032 ) ) ;
#6343 = DIRECTION ( 'NONE',  ( -0.000000000000000000, -0.000000000000000000, -1.000000000000000000 ) ) ;
#6344 = FACE_OUTER_BOUND ( 'NONE', #4589, .T. ) ;
#6345 = CARTESIAN_POINT ( 'NONE',  ( -2.570603795974261807, -10.83650298521228805, -2.286000000000000032 ) ) ;
#6346 = ORIENTED_EDGE ( 'NONE', *, *, #2709, .F. ) ;
#6347 = FACE_OUTER_BOUND ( 'NONE', #3610, .T. ) ;
#6348 = EDGE_CURVE ( 'NONE', #841, #2150, #1094, .T. ) ;
#6349 = EDGE_LOOP ( 'NONE', ( #2106, #1974, #3145, #4340 ) ) ;
#6350 = EDGE_CURVE ( 'NONE', #2536, #636, #6423, .T. ) ;
#6351 = ORIENTED_EDGE ( 'NONE', *, *, #4273, .T. ) ;
#6352 = CARTESIAN_POINT ( 'NONE',  ( 1.182358322909695704E-16, -12.69999999999999929, 2.286000000000000032 ) ) ;
#6353 = EDGE_LOOP ( 'NONE', ( #4900, #5338 ) ) ;
#6354 = DIRECTION ( 'NONE',  ( 0.000000000000000000, 0.000000000000000000, 1.000000000000000000 ) ) ;
#6355 = LINE ( 'NONE', #1382, #3380 ) ;
#6356 = ORIENTED_EDGE ( 'NONE', *, *, #689, .F. ) ;
#6357 = DIRECTION ( 'NONE',  ( -0.7071067811865473507, 0.7071067811865477948, 0.000000000000000000 ) ) ;
#6358 = CARTESIAN_POINT ( 'NONE',  ( 10.83650298521228628, -2.570603795974262695, -1.000000000000000000 ) ) ;
#6359 = ORIENTED_EDGE ( 'NONE', *, *, #6142, .T. ) ;
#6360 = PRODUCT ( '228-2500-145', '228-2500-145', '', ( #661 ) ) ;
#6361 = CARTESIAN_POINT ( 'NONE',  ( 10.83650298521228450, 2.570603795974261363, 1.000000000000000000 ) ) ;
#6362 = LINE ( 'NONE', #4337, #2440 ) ;
#6363 = DIRECTION ( 'NONE',  ( 0.000000000000000000, 1.000000000000000000, 0.000000000000000000 ) ) ;
#6364 = CARTESIAN_POINT ( 'NONE',  ( -2.570603795974262251, -23.53650298521229089, -2.286000000000000032 ) ) ;
#6365 = ORIENTED_EDGE ( 'NONE', *, *, #5744, .T. ) ;
#6366 = LINE ( 'NONE', #4964, #5229 ) ;
#6367 = LINE ( 'NONE', #3885, #3996 ) ;
#6368 = ORIENTED_EDGE ( 'NONE', *, *, #2242, .T. ) ;
#6369 = LINE ( 'NONE', #1933, #4302 ) ;
#6370 = CARTESIAN_POINT ( 'NONE',  ( -0.5000000000000000000, -15.83538275175456000, -1.000000000000000000 ) ) ;
#6371 = CARTESIAN_POINT ( 'NONE',  ( -5.200000000000000178, 6.368165751025240979E-16, -1.000000000000000000 ) ) ;
#6372 = EDGE_CURVE ( 'NONE', #2403, #1197, #1981, .T. ) ;
#6373 = ORIENTED_EDGE ( 'NONE', *, *, #812, .F. ) ;
#6374 = DIRECTION ( 'NONE',  ( -1.486904527367829102E-16, 1.000000000000000000, 0.000000000000000000 ) ) ;
#6375 = CIRCLE ( 'NONE', #4507, 6.200000000000001066 ) ;
#6376 = DIRECTION ( 'NONE',  ( -0.000000000000000000, -0.000000000000000000, -1.000000000000000000 ) ) ;
#6377 = CARTESIAN_POINT ( 'NONE',  ( -0.3535533905932752297, -0.3535533905932755627, 2.286000000000000032 ) ) ;
#6378 = DIRECTION ( 'NONE',  ( 1.000000000000000000, 0.000000000000000000, 0.000000000000000000 ) ) ;
#6379 = DIRECTION ( 'NONE',  ( -0.000000000000000000, -0.000000000000000000, -1.000000000000000000 ) ) ;
#6380 = VERTEX_POINT ( 'NONE', #3575 ) ;
#6381 = CARTESIAN_POINT ( 'NONE',  ( 6.703553390593269157, -6.703553390593275374, -1.000000000000000000 ) ) ;
#6382 = EDGE_CURVE ( 'NONE', #4036, #5146, #1028, .T. ) ;
#6383 = VECTOR ( 'NONE', #5067, 1000.000000000000114 ) ;
#6384 = VERTEX_POINT ( 'NONE', #5533 ) ;
#6385 = CARTESIAN_POINT ( 'NONE',  ( 9.564617248245436798, -0.5000000000000004441, -2.286000000000000032 ) ) ;
#6386 = ORIENTED_EDGE ( 'NONE', *, *, #4672, .T. ) ;
#6387 = LINE ( 'NONE', #1380, #6094 ) ;
#6388 = LINE ( 'NONE', #6429, #3602 ) ;
#6389 = EDGE_CURVE ( 'NONE', #5197, #5503, #4006, .T. ) ;
#6390 = VECTOR ( 'NONE', #381, 1000.000000000000000 ) ;
#6391 = FACE_OUTER_BOUND ( 'NONE', #4391, .T. ) ;
#6392 = CARTESIAN_POINT ( 'NONE',  ( 2.570603795974263583, -10.83650298521228805, 2.286000000000000032 ) ) ;
#6393 = VECTOR ( 'NONE', #4915, 1000.000000000000000 ) ;
#6394 = DIRECTION ( 'NONE',  ( 0.000000000000000000, 0.000000000000000000, 1.000000000000000000 ) ) ;
#6395 = DIRECTION ( 'NONE',  ( 7.434522636839145511E-17, 1.000000000000000000, -0.000000000000000000 ) ) ;
#6396 = CARTESIAN_POINT ( 'NONE',  ( 12.69999999999999929, 0.000000000000000000, 2.286000000000000032 ) ) ;
#6397 = VECTOR ( 'NONE', #4858, 999.9999999999998863 ) ;
#6398 = EDGE_CURVE ( 'NONE', #71, #3090, #3022, .T. ) ;
#6399 = ADVANCED_FACE ( 'NONE', ( #2082 ), #1450, .F. ) ;
#6400 = VECTOR ( 'NONE', #864, 1000.000000000000000 ) ;
#6401 = ORIENTED_EDGE ( 'NONE', *, *, #5301, .T. ) ;
#6402 = CARTESIAN_POINT ( 'NONE',  ( 2.570603795974263139, -10.83650298521228805, -2.286000000000000032 ) ) ;
#6403 = CARTESIAN_POINT ( 'NONE',  ( 12.70000000000000107, 5.200000000000000178, -3.049999999999999822 ) ) ;
#6404 = VECTOR ( 'NONE', #2316, 1000.000000000000000 ) ;
#6405 = VECTOR ( 'NONE', #407, 1000.000000000000000 ) ;
#6406 = ORIENTED_EDGE ( 'NONE', *, *, #1475, .F. ) ;
#6407 = CARTESIAN_POINT ( 'NONE',  ( -3.654415587728429671, -6.349999999999996980, 3.049999999999999822 ) ) ;
#6408 = AXIS2_PLACEMENT_3D ( 'NONE', #5780, #4764, #4279 ) ;
#6409 = VECTOR ( 'NONE', #943, 1000.000000000000000 ) ;
#6410 = DIRECTION ( 'NONE',  ( 1.635594980104611741E-16, 1.000000000000000000, 0.000000000000000000 ) ) ;
#6411 = ADVANCED_FACE ( 'NONE', ( #4950 ), #3543, .T. ) ;
#6412 = AXIS2_PLACEMENT_3D ( 'NONE', #4767, #1765, #288 ) ;
#6413 = CIRCLE ( 'NONE', #762, 2.100000000000000977 ) ;
#6414 = CIRCLE ( 'NONE', #52, 5.200000000000000178 ) ;
#6415 = DIRECTION ( 'NONE',  ( -0.000000000000000000, -0.000000000000000000, -1.000000000000000000 ) ) ;
#6416 = VECTOR ( 'NONE', #4547, 1000.000000000000000 ) ;
#6417 = CC_DESIGN_PERSON_AND_ORGANIZATION_ASSIGNMENT ( #1709, #2196, ( #2347 ) ) ;
#6418 = PLANE ( 'NONE',  #5569 ) ;
#6419 = EDGE_CURVE ( 'NONE', #5994, #4064, #997, .T. ) ;
#6420 = DIRECTION ( 'NONE',  ( -1.000000000000000000, 0.000000000000000000, 0.000000000000000000 ) ) ;
#6421 = PLANE ( 'NONE',  #3784 ) ;
#6422 = ORIENTED_EDGE ( 'NONE', *, *, #2453, .T. ) ;
#6423 = CIRCLE ( 'NONE', #774, 2.100000000000000089 ) ;
#6424 = CARTESIAN_POINT ( 'NONE',  ( -4.648654403270940705, -20.04423881554251352, -1.000000000000000444 ) ) ;
#6425 = ORIENTED_EDGE ( 'NONE', *, *, #2481, .T. ) ;
#6426 = CARTESIAN_POINT ( 'NONE',  ( -3.174999999999999822, -12.69999999999999929, 2.286000000000000032 ) ) ;
#6427 = ORIENTED_EDGE ( 'NONE', *, *, #4161, .T. ) ;
#6428 = CARTESIAN_POINT ( 'NONE',  ( 0.000000000000000000, 0.000000000000000000, -1.000000000000000000 ) ) ;
#6429 = CARTESIAN_POINT ( 'NONE',  ( 5.996446609406730133, -5.996446609406728356, 1.000000000000000000 ) ) ;
#6430 = ORIENTED_EDGE ( 'NONE', *, *, #1718, .T. ) ;
#6431 = DIRECTION ( 'NONE',  ( -0.7071067811865474617, -0.7071067811865474617, 0.000000000000000000 ) ) ;
#6432 = DIRECTION ( 'NONE',  ( 1.000000000000000000, 0.000000000000000000, 0.000000000000000000 ) ) ;
#6433 = CARTESIAN_POINT ( 'NONE',  ( -6.200000000000001954, -20.18137084989847452, 3.050999999999999712 ) ) ;
#6434 = DIRECTION ( 'NONE',  ( -0.000000000000000000, -0.000000000000000000, -1.000000000000000000 ) ) ;
#6435 = VERTEX_POINT ( 'NONE', #500 ) ;
#6436 = DIRECTION ( 'NONE',  ( 1.000000000000000000, 0.000000000000000000, 0.000000000000000000 ) ) ;
#6437 = DIRECTION ( 'NONE',  ( 0.7071067811865473507, 0.7071067811865477948, 0.000000000000000000 ) ) ;
#6438 = ORIENTED_EDGE ( 'NONE', *, *, #2712, .F. ) ;
#6439 = LINE ( 'NONE', #3953, #3588 ) ;
#6440 = CARTESIAN_POINT ( 'NONE',  ( 12.69999999999999929, 0.000000000000000000, 1.000000000000000000 ) ) ;
#6441 = ADVANCED_FACE ( 'NONE', ( #2473 ), #4468, .F. ) ;
#6442 = ORIENTED_EDGE ( 'NONE', *, *, #5687, .T. ) ;
#6443 = VECTOR ( 'NONE', #1149, 1000.000000000000000 ) ;
#6444 = EDGE_CURVE ( 'NONE', #3926, #2054, #4077, .T. ) ;
#6445 = PLANE ( 'NONE',  #5577 ) ;
#6446 = LINE ( 'NONE', #314, #3669 ) ;
#6447 = DIRECTION ( 'NONE',  ( 1.000000000000000000, 0.000000000000000000, 0.000000000000000000 ) ) ;
#6448 = VECTOR ( 'NONE', #2270, 1000.000000000000000 ) ;
#6449 = ORIENTED_EDGE ( 'NONE', *, *, #1154, .T. ) ;
#6450 = CYLINDRICAL_SURFACE ( 'NONE', #5869, 3.174999999999999822 ) ;
#6451 = DIRECTION ( 'NONE',  ( 0.000000000000000000, 0.000000000000000000, 1.000000000000000000 ) ) ;
#6452 = DIRECTION ( 'NONE',  ( -0.7071067811865474617, 0.7071067811865475727, 0.000000000000000000 ) ) ;
#6453 = ORIENTED_EDGE ( 'NONE', *, *, #3986, .T. ) ;
#6454 = LINE ( 'NONE', #2983, #4214 ) ;
#6455 = ORIENTED_EDGE ( 'NONE', *, *, #6206, .T. ) ;
#6456 = PLANE ( 'NONE',  #2582 ) ;
#6457 = ORIENTED_EDGE ( 'NONE', *, *, #6296, .F. ) ;
#6458 = DIRECTION ( 'NONE',  ( 0.000000000000000000, 0.000000000000000000, -1.000000000000000000 ) ) ;
#6459 = DIRECTION ( 'NONE',  ( -0.7071067811865474617, -0.7071067811865475727, 0.000000000000000000 ) ) ;
#6460 = ADVANCED_FACE ( 'NONE', ( #2012 ), #5990, .T. ) ;
#6461 = ORIENTED_EDGE ( 'NONE', *, *, #134, .T. ) ;
#6462 = CARTESIAN_POINT ( 'NONE',  ( 0.3535533905932727872, -0.3535533905932727872, -2.286000000000000032 ) ) ;
#6463 = DIRECTION ( 'NONE',  ( -1.000000000000000000, -1.855319225643643724E-16, 0.000000000000000000 ) ) ;
#6464 = VERTEX_POINT ( 'NONE', #5502 ) ;
#6465 = CARTESIAN_POINT ( 'NONE',  ( -5.200000000000000178, -25.39999999999999858, 3.049999999999999822 ) ) ;
#6466 = CARTESIAN_POINT ( 'NONE',  ( -5.002207793864216434, -5.002207793864207552, -2.286000000000000032 ) ) ;
#6467 = FACE_OUTER_BOUND ( 'NONE', #3513, .T. ) ;
#6468 = ORIENTED_EDGE ( 'NONE', *, *, #6322, .T. ) ;
#6469 = CARTESIAN_POINT ( 'NONE',  ( 6.199999999999993960, -6.699999999999999289, -3.049999999999999822 ) ) ;
#6470 = CARTESIAN_POINT ( 'NONE',  ( 5.068629150101531700, -19.05000000000000426, 3.050999999999999712 ) ) ;
#6471 = ORIENTED_EDGE ( 'NONE', *, *, #3722, .F. ) ;
#6472 = DIRECTION ( 'NONE',  ( -0.7071067811865474617, 0.7071067811865474617, 0.000000000000000000 ) ) ;
#6473 = DIRECTION ( 'NONE',  ( -0.7071067811865470176, 0.7071067811865480168, 0.000000000000000000 ) ) ;
ENDSEC;
END-ISO-10303-21;
