ISO-10303-21;
HEADER;
FILE_DESCRIPTION (( 'STEP AP203' ),
    '1' );
FILE_NAME ('228-2500-147.step',
    '2022-06-06T19:14:57',
    ( '' ),
    ( '' ),
    'SwSTEP 2.0',
    'SolidWorks 2021',
    '' );
FILE_SCHEMA (( 'CONFIG_CONTROL_DESIGN' ));
ENDSEC;

DATA;
#1 = DIRECTION ( 'NONE',  ( -0.000000000000000000, -0.000000000000000000, -1.000000000000000000 ) ) ;
#2 = LINE ( 'NONE', #2759, #1701 ) ;
#3 = CARTESIAN_POINT ( 'NONE',  ( 1.795259589288523250, 6.700000000000001066, 1.000000000000000000 ) ) ;
#4 = ORIENTED_EDGE ( 'NONE', *, *, #643, .F. ) ;
#5 = DIRECTION ( 'NONE',  ( -1.000000000000000000, 0.000000000000000000, 0.000000000000000000 ) ) ;
#6 = CARTESIAN_POINT ( 'NONE',  ( 20.90710678118654542, 5.200000000000001066, 2.286000000000000032 ) ) ;
#7 = ORIENTED_EDGE ( 'NONE', *, *, #164, .T. ) ;
#8 = DIRECTION ( 'NONE',  ( -0.2588190451025182415, 0.9659258262890690894, 0.000000000000000000 ) ) ;
#9 = ORIENTED_EDGE ( 'NONE', *, *, #2550, .F. ) ;
#10 = ORIENTED_EDGE ( 'NONE', *, *, #4548, .T. ) ;
#11 = DIRECTION ( 'NONE',  ( 0.000000000000000000, 0.000000000000000000, 1.000000000000000000 ) ) ;
#12 = CIRCLE ( 'NONE', #4956, 3.175000000000000711 ) ;
#13 = FACE_OUTER_BOUND ( 'NONE', #3752, .T. ) ;
#14 = LINE ( 'NONE', #1219, #4500 ) ;
#15 = ORIENTED_EDGE ( 'NONE', *, *, #5287, .T. ) ;
#16 = CARTESIAN_POINT ( 'NONE',  ( -7.326469107895388966, 0.01018326504134301966, -3.049999999999999822 ) ) ;
#17 = VECTOR ( 'NONE', #419, 1000.000000000000000 ) ;
#18 = VECTOR ( 'NONE', #8753, 1000.000000000000000 ) ;
#19 = ADVANCED_FACE ( 'NONE', ( #5945 ), #5337, .T. ) ;
#20 = VERTEX_POINT ( 'NONE', #8656 ) ;
#21 = ORIENTED_EDGE ( 'NONE', *, *, #1924, .F. ) ;
#22 = VERTEX_POINT ( 'NONE', #4617 ) ;
#23 = VECTOR ( 'NONE', #7300, 1000.000000000000114 ) ;
#24 = DIRECTION ( 'NONE',  ( 0.9659258262890688673, 0.2588190451025188521, -0.000000000000000000 ) ) ;
#25 = AXIS2_PLACEMENT_3D ( 'NONE', #3188, #7211, #1137 ) ;
#26 = VECTOR ( 'NONE', #3896, 1000.000000000000000 ) ;
#27 = CYLINDRICAL_SURFACE ( 'NONE', #2291, 3.175000000000000711 ) ;
#28 = ORIENTED_EDGE ( 'NONE', *, *, #5079, .F. ) ;
#29 = EDGE_CURVE ( 'NONE', #4524, #6621, #7367, .T. ) ;
#30 = CARTESIAN_POINT ( 'NONE',  ( 1.545259589288543900, 6.266987298107782323, -3.049999999999999822 ) ) ;
#31 = EDGE_CURVE ( 'NONE', #3243, #743, #4912, .T. ) ;
#32 = VECTOR ( 'NONE', #1880, 1000.000000000000000 ) ;
#33 = AXIS2_PLACEMENT_3D ( 'NONE', #4982, #5692, #8303 ) ;
#34 = AXIS2_PLACEMENT_3D ( 'NONE', #8242, #2210, #2172 ) ;
#35 = AXIS2_PLACEMENT_3D ( 'NONE', #4398, #4935, #7684 ) ;
#36 = ORIENTED_EDGE ( 'NONE', *, *, #1029, .F. ) ;
#37 = DIRECTION ( 'NONE',  ( -0.000000000000000000, -0.000000000000000000, -1.000000000000000000 ) ) ;
#38 = PLANE ( 'NONE',  #3556 ) ;
#39 = CARTESIAN_POINT ( 'NONE',  ( -3.282818092687498801, 7.899778709085810924, 2.286000000000003141 ) ) ;
#40 = VECTOR ( 'NONE', #1379, 1000.000000000000000 ) ;
#41 = LINE ( 'NONE', #2755, #4897 ) ;
#42 = EDGE_CURVE ( 'NONE', #4442, #3420, #2083, .T. ) ;
#43 = ORIENTED_EDGE ( 'NONE', *, *, #1663, .F. ) ;
#44 = EDGE_CURVE ( 'NONE', #1293, #2123, #8281, .T. ) ;
#45 = CIRCLE ( 'NONE', #5139, 3.175000000000000711 ) ;
#46 = ORIENTED_EDGE ( 'NONE', *, *, #5429, .T. ) ;
#47 = VECTOR ( 'NONE', #3747, 1000.000000000000114 ) ;
#48 = ORIENTED_EDGE ( 'NONE', *, *, #1086, .F. ) ;
#49 = PLANE ( 'NONE',  #605 ) ;
#50 = DIRECTION ( 'NONE',  ( 0.7071067811865479058, -0.7071067811865471286, 0.000000000000000000 ) ) ;
#51 = LINE ( 'NONE', #6203, #2131 ) ;
#52 = CARTESIAN_POINT ( 'NONE',  ( 25.40000000000000213, 5.200000000000001066, -3.049999999999999822 ) ) ;
#53 = DIRECTION ( 'NONE',  ( -0.000000000000000000, -0.000000000000000000, -1.000000000000000000 ) ) ;
#54 = DIRECTION ( 'NONE',  ( 1.000000000000000000, 7.434522636839145511E-17, 0.000000000000000000 ) ) ;
#55 = ORIENTED_EDGE ( 'NONE', *, *, #6291, .F. ) ;
#56 = DIRECTION ( 'NONE',  ( 0.000000000000000000, 0.000000000000000000, 1.000000000000000000 ) ) ;
#57 = ADVANCED_FACE ( 'NONE', ( #1467 ), #7452, .F. ) ;
#58 = ORIENTED_EDGE ( 'NONE', *, *, #1329, .F. ) ;
#59 = VERTEX_POINT ( 'NONE', #700 ) ;
#60 = DIRECTION ( 'NONE',  ( -0.000000000000000000, -0.000000000000000000, -1.000000000000000000 ) ) ;
#61 = FACE_OUTER_BOUND ( 'NONE', #4187, .T. ) ;
#62 = EDGE_CURVE ( 'NONE', #5535, #1727, #6411, .T. ) ;
#63 = DIRECTION ( 'NONE',  ( 0.7071067811865479058, 0.7071067811865471286, 0.000000000000000000 ) ) ;
#64 = AXIS2_PLACEMENT_3D ( 'NONE', #7622, #1548, #4875 ) ;
#65 = DIRECTION ( 'NONE',  ( 1.000000000000000000, 0.000000000000000000, 0.000000000000000000 ) ) ;
#66 = VERTEX_POINT ( 'NONE', #6905 ) ;
#67 = ORIENTED_EDGE ( 'NONE', *, *, #2404, .F. ) ;
#68 = VECTOR ( 'NONE', #300, 1000.000000000000000 ) ;
#69 = ORIENTED_EDGE ( 'NONE', *, *, #4737, .T. ) ;
#70 = CARTESIAN_POINT ( 'NONE',  ( -21.99704525612466810, 12.70000000000014673, 3.049999999999999822 ) ) ;
#71 = DIRECTION ( 'NONE',  ( 0.2588190451025189076, -0.9659258262890687563, 0.000000000000000000 ) ) ;
#72 = DIRECTION ( 'NONE',  ( -0.000000000000000000, -0.000000000000000000, -1.000000000000000000 ) ) ;
#73 = EDGE_CURVE ( 'NONE', #3732, #8406, #7619, .T. ) ;
#74 = CARTESIAN_POINT ( 'NONE',  ( -12.55926857737315316, 13.25553989354330753, 3.049999999999999822 ) ) ;
#75 = VERTEX_POINT ( 'NONE', #4788 ) ;
#76 = ORIENTED_EDGE ( 'NONE', *, *, #3570, .F. ) ;
#77 = EDGE_CURVE ( 'NONE', #3078, #5130, #8251, .T. ) ;
#78 = DIRECTION ( 'NONE',  ( -0.8660254037844385966, 0.5000000000000001110, 0.000000000000000000 ) ) ;
#79 = CARTESIAN_POINT ( 'NONE',  ( 17.81256313292353610, 5.819669914110092712, 12.74539167476553381 ) ) ;
#80 = CIRCLE ( 'NONE', #5466, 3.174999999999999822 ) ;
#81 = CARTESIAN_POINT ( 'NONE',  ( -2.677814704624448705, 8.061888878335397024, 12.72085538888886802 ) ) ;
#82 = LINE ( 'NONE', #6073, #3489 ) ;
#83 = ORIENTED_EDGE ( 'NONE', *, *, #3513, .T. ) ;
#84 = ORIENTED_EDGE ( 'NONE', *, *, #4012, .F. ) ;
#85 = EDGE_CURVE ( 'NONE', #5925, #5346, #5541, .T. ) ;
#86 = CARTESIAN_POINT ( 'NONE',  ( 22.26461724824543964, 0.5000000000000005551, 2.286000000000000032 ) ) ;
#87 = CARTESIAN_POINT ( 'NONE',  ( -9.552245033349328934E-16, -5.199999999999985967, 3.049999999999999822 ) ) ;
#88 = DIRECTION ( 'NONE',  ( -0.7071067811865475727, 0.7071067811865474617, 0.000000000000000000 ) ) ;
#89 = CARTESIAN_POINT ( 'NONE',  ( 7.481370849898478781, -6.200000000000000178, 3.049999999999999822 ) ) ;
#90 = CARTESIAN_POINT ( 'NONE',  ( -12.41798804498026776, 14.32867207851428937, 3.050999999999999712 ) ) ;
#91 = CARTESIAN_POINT ( 'NONE',  ( 0.8963291634175549749, 10.05485402181998822, -1.000000000000000000 ) ) ;
#92 = ORIENTED_EDGE ( 'NONE', *, *, #3603, .F. ) ;
#93 = ORIENTED_EDGE ( 'NONE', *, *, #6077, .T. ) ;
#94 = VERTEX_POINT ( 'NONE', #3051 ) ;
#95 = CARTESIAN_POINT ( 'NONE',  ( 23.13431429180943510, -1.558578927004019343, 2.286000000000000032 ) ) ;
#96 = CARTESIAN_POINT ( 'NONE',  ( -21.66851139942923510, 9.542043302227726898, -2.286000000000000032 ) ) ;
#97 = PLANE ( 'NONE',  #3523 ) ;
#98 = DIRECTION ( 'NONE',  ( -0.000000000000000000, -0.000000000000000000, -1.000000000000000000 ) ) ;
#99 = ORIENTED_EDGE ( 'NONE', *, *, #5443, .F. ) ;
#100 = LINE ( 'NONE', #227, #5271 ) ;
#101 = VECTOR ( 'NONE', #1703, 1000.000000000000000 ) ;
#102 = VERTEX_POINT ( 'NONE', #6250 ) ;
#103 = EDGE_CURVE ( 'NONE', #1848, #7441, #8241, .T. ) ;
#104 = ORIENTED_EDGE ( 'NONE', *, *, #4526, .F. ) ;
#105 = ORIENTED_EDGE ( 'NONE', *, *, #854, .F. ) ;
#106 = CARTESIAN_POINT ( 'NONE',  ( 0.000000000000000000, 0.000000000000000000, 2.286000000000000032 ) ) ;
#107 = EDGE_CURVE ( 'NONE', #203, #5232, #6126, .T. ) ;
#108 = VECTOR ( 'NONE', #3529, 1000.000000000000000 ) ;
#109 = FACE_OUTER_BOUND ( 'NONE', #2767, .T. ) ;
#110 = DIRECTION ( 'NONE',  ( -0.000000000000000000, -0.000000000000000000, -1.000000000000000000 ) ) ;
#111 = CYLINDRICAL_SURFACE ( 'NONE', #2609, 0.4999999999999947820 ) ;
#112 = CYLINDRICAL_SURFACE ( 'NONE', #8219, 2.100000000000000977 ) ;
#113 = EDGE_CURVE ( 'NONE', #6386, #8124, #2171, .T. ) ;
#114 = AXIS2_PLACEMENT_3D ( 'NONE', #1818, #5011, #3113 ) ;
#115 = ORIENTED_EDGE ( 'NONE', *, *, #6318, .F. ) ;
#116 = CARTESIAN_POINT ( 'NONE',  ( -1.104577999219962026, 3.800162411491512682, -1.000000000000000000 ) ) ;
#117 = PLANE ( 'NONE',  #4969 ) ;
#118 = LINE ( 'NONE', #8144, #1710 ) ;
#119 = PLANE ( 'NONE',  #5180 ) ;
#120 = VERTEX_POINT ( 'NONE', #4087 ) ;
#121 = ADVANCED_FACE ( 'NONE', ( #3498 ), #1505, .T. ) ;
#122 = VECTOR ( 'NONE', #2220, 1000.000000000000114 ) ;
#123 = VERTEX_POINT ( 'NONE', #2761 ) ;
#124 = ORIENTED_EDGE ( 'NONE', *, *, #4366, .F. ) ;
#125 = LINE ( 'NONE', #86, #2160 ) ;
#126 = LINE ( 'NONE', #7617, #4691 ) ;
#127 = DIRECTION ( 'NONE',  ( 1.000000000000000000, 0.000000000000000000, 0.000000000000000000 ) ) ;
#128 = DIRECTION ( 'NONE',  ( -0.7071067811865474617, -0.7071067811865475727, 0.000000000000000000 ) ) ;
#129 = CARTESIAN_POINT ( 'NONE',  ( 1.545259589288543900, 6.266987298107782323, 1.000000000000000000 ) ) ;
#130 = CARTESIAN_POINT ( 'NONE',  ( 14.56349701478770697, 2.570603795974265360, 2.286000000000000032 ) ) ;
#131 = ORIENTED_EDGE ( 'NONE', *, *, #7024, .F. ) ;
#132 = ORIENTED_EDGE ( 'NONE', *, *, #4059, .T. ) ;
#133 = VERTEX_POINT ( 'NONE', #4873 ) ;
#134 = CARTESIAN_POINT ( 'NONE',  ( 1.795259589288525026, 6.200000000000001066, 1.000000000000000000 ) ) ;
#135 = CARTESIAN_POINT ( 'NONE',  ( -0.3285338566954902340, 3.157956697772277721, -1.000000000000000444 ) ) ;
#136 = CARTESIAN_POINT ( 'NONE',  ( 20.04423881554251352, -4.648654403270934488, 2.286000000000000032 ) ) ;
#137 = PLANE ( 'NONE',  #1097 ) ;
#138 = ORIENTED_EDGE ( 'NONE', *, *, #5659, .F. ) ;
#139 = DIRECTION ( 'NONE',  ( -0.000000000000000000, -0.000000000000000000, -1.000000000000000000 ) ) ;
#140 = EDGE_CURVE ( 'NONE', #3078, #7487, #1419, .T. ) ;
#141 = EDGE_CURVE ( 'NONE', #1848, #8696, #6164, .T. ) ;
#142 = ORIENTED_EDGE ( 'NONE', *, *, #1120, .F. ) ;
#143 = VECTOR ( 'NONE', #6539, 1000.000000000000114 ) ;
#144 = ORIENTED_EDGE ( 'NONE', *, *, #8481, .T. ) ;
#145 = ORIENTED_EDGE ( 'NONE', *, *, #2792, .F. ) ;
#146 = ORIENTED_EDGE ( 'NONE', *, *, #854, .T. ) ;
#147 = LINE ( 'NONE', #2190, #2959 ) ;
#148 = CARTESIAN_POINT ( 'NONE',  ( -8.406648378662966437, 5.430930973593234512, 12.72085538888886802 ) ) ;
#149 = CARTESIAN_POINT ( 'NONE',  ( -9.579057211144460737, -1.628672078514268318, -3.049999999999999822 ) ) ;
#150 = AXIS2_PLACEMENT_3D ( 'NONE', #5749, #8503, #8461 ) ;
#151 = DIRECTION ( 'NONE',  ( 0.8660254037844379305, -0.5000000000000011102, 0.000000000000000000 ) ) ;
#152 = ADVANCED_FACE ( 'NONE', ( #174 ), #4207, .T. ) ;
#153 = VECTOR ( 'NONE', #5185, 1000.000000000000000 ) ;
#154 = EDGE_CURVE ( 'NONE', #3467, #7603, #4861, .T. ) ;
#155 = AXIS2_PLACEMENT_3D ( 'NONE', #2812, #5600, #4149 ) ;
#156 = VECTOR ( 'NONE', #5449, 1000.000000000000000 ) ;
#157 = ORIENTED_EDGE ( 'NONE', *, *, #8265, .F. ) ;
#158 = AXIS2_PLACEMENT_3D ( 'NONE', #7445, #3488, #8227 ) ;
#159 = VECTOR ( 'NONE', #328, 1000.000000000000000 ) ;
#160 = DIRECTION ( 'NONE',  ( -1.000000000000000000, 0.000000000000000000, 0.000000000000000000 ) ) ;
#161 = CARTESIAN_POINT ( 'NONE',  ( -10.99852262806236958, 6.350000000000002309, -1.000000000000000000 ) ) ;
#162 = LINE ( 'NONE', #8186, #2280 ) ;
#163 = LINE ( 'NONE', #1496, #108 ) ;
#164 = EDGE_CURVE ( 'NONE', #4502, #120, #7579, .T. ) ;
#165 = CIRCLE ( 'NONE', #5115, 3.175000000000000711 ) ;
#166 = ORIENTED_EDGE ( 'NONE', *, *, #6559, .F. ) ;
#167 = VECTOR ( 'NONE', #1185, 1000.000000000000000 ) ;
#168 = CIRCLE ( 'NONE', #6534, 3.174999999999999822 ) ;
#169 = CIRCLE ( 'NONE', #6392, 3.175000000000000711 ) ;
#170 = VERTEX_POINT ( 'NONE', #408 ) ;
#171 = LINE ( 'NONE', #8277, #2154 ) ;
#172 = DIRECTION ( 'NONE',  ( 0.8660254037844379305, -0.5000000000000011102, 0.000000000000000000 ) ) ;
#173 = LINE ( 'NONE', #7540, #1522 ) ;
#174 = FACE_OUTER_BOUND ( 'NONE', #2599, .T. ) ;
#175 = CARTESIAN_POINT ( 'NONE',  ( 17.50441558772843820, -5.200000000000001066, -2.286000000000000032 ) ) ;
#176 = ADVANCED_FACE ( 'NONE', ( #2472 ), #1229, .T. ) ;
#177 = CARTESIAN_POINT ( 'NONE',  ( -19.39704525612473418, 17.20333209967908061, 3.049999999999999822 ) ) ;
#178 = VERTEX_POINT ( 'NONE', #502 ) ;
#179 = AXIS2_PLACEMENT_3D ( 'NONE', #7537, #6822, #1464 ) ;
#180 = EDGE_LOOP ( 'NONE', ( #8496, #8580, #1878, #3209 ) ) ;
#181 = ORIENTED_EDGE ( 'NONE', *, *, #906, .T. ) ;
#182 = DIRECTION ( 'NONE',  ( -1.000000000000000000, 0.000000000000000000, 0.000000000000000000 ) ) ;
#183 = LINE ( 'NONE', #2178, #7422 ) ;
#184 = EDGE_CURVE ( 'NONE', #2558, #1178, #3448, .T. ) ;
#185 = VECTOR ( 'NONE', #7931, 1000.000000000000000 ) ;
#186 = VECTOR ( 'NONE', #3899, 1000.000000000000000 ) ;
#187 = AXIS2_PLACEMENT_3D ( 'NONE', #7776, #2421, #3836 ) ;
#188 = FACE_OUTER_BOUND ( 'NONE', #6423, .T. ) ;
#189 = DIRECTION ( 'NONE',  ( -0.7071067811865470176, -0.7071067811865481278, 0.000000000000000000 ) ) ;
#190 = ORIENTED_EDGE ( 'NONE', *, *, #207, .T. ) ;
#191 = CARTESIAN_POINT ( 'NONE',  ( -1.427932150613600237, 18.72911533585116217, -1.000000000000000000 ) ) ;
#192 = ORIENTED_EDGE ( 'NONE', *, *, #1020, .F. ) ;
#193 = ORIENTED_EDGE ( 'NONE', *, *, #1397, .T. ) ;
#194 = VERTEX_POINT ( 'NONE', #3273 ) ;
#195 = EDGE_CURVE ( 'NONE', #5103, #871, #7825, .T. ) ;
#196 = VERTEX_POINT ( 'NONE', #5784 ) ;
#197 = CARTESIAN_POINT ( 'NONE',  ( -17.48948229204563631, 4.093114509727668882, 3.049999999999999822 ) ) ;
#198 = CARTESIAN_POINT ( 'NONE',  ( -9.437776678751568227, -0.5555398935432818153, 3.049999999999999822 ) ) ;
#199 = EDGE_CURVE ( 'NONE', #1065, #5726, #7203, .T. ) ;
#200 = DIRECTION ( 'NONE',  ( 0.000000000000000000, -0.000000000000000000, -1.000000000000000000 ) ) ;
#201 = ORIENTED_EDGE ( 'NONE', *, *, #616, .T. ) ;
#202 = DIRECTION ( 'NONE',  ( -0.5000000000000012212, -0.8660254037844380415, 0.000000000000000000 ) ) ;
#203 = VERTEX_POINT ( 'NONE', #8545 ) ;
#204 = CARTESIAN_POINT ( 'NONE',  ( -7.840565930290091856, 6.678533856695505477, 2.286000000000000032 ) ) ;
#205 = CARTESIAN_POINT ( 'NONE',  ( -10.99852262806236958, 6.350000000000002309, -2.286000000000000032 ) ) ;
#206 = CARTESIAN_POINT ( 'NONE',  ( -10.99852262806236958, 6.350000000000002309, 1.000000000000000000 ) ) ;
#207 = EDGE_CURVE ( 'NONE', #3796, #8210, #6543, .T. ) ;
#208 = DIRECTION ( 'NONE',  ( 0.9659258262890687563, 0.2588190451025192407, -0.000000000000000000 ) ) ;
#209 = VERTEX_POINT ( 'NONE', #7259 ) ;
#210 = VERTEX_POINT ( 'NONE', #7866 ) ;
#211 = ORIENTED_EDGE ( 'NONE', *, *, #1570, .F. ) ;
#212 = CARTESIAN_POINT ( 'NONE',  ( -12.41798804498022690, 14.32867207851438707, 3.049999999999999822 ) ) ;
#213 = DIRECTION ( 'NONE',  ( 1.000000000000000000, 0.000000000000000000, -0.000000000000000000 ) ) ;
#214 = EDGE_CURVE ( 'NONE', #8002, #7435, #8493, .T. ) ;
#215 = CARTESIAN_POINT ( 'NONE',  ( -13.59039687746176206, 7.269069026406795864, 12.72085538888886802 ) ) ;
#216 = PLANE ( 'NONE',  #5532 ) ;
#217 = CARTESIAN_POINT ( 'NONE',  ( -6.394720545526317856, -3.467149709599302909, 3.049999999999999822 ) ) ;
#218 = ORIENTED_EDGE ( 'NONE', *, *, #2283, .F. ) ;
#219 = EDGE_CURVE ( 'NONE', #6393, #2510, #7117, .T. ) ;
#220 = VERTEX_POINT ( 'NONE', #4416 ) ;
#221 = ORIENTED_EDGE ( 'NONE', *, *, #3588, .F. ) ;
#222 = CARTESIAN_POINT ( 'NONE',  ( -10.71196463788719555, 3.348699368773319751, 1.000000000000000000 ) ) ;
#223 = DIRECTION ( 'NONE',  ( 1.000000000000000000, 0.000000000000000000, 0.000000000000000000 ) ) ;
#224 = PLANE ( 'NONE',  #1673 ) ;
#225 = CARTESIAN_POINT ( 'NONE',  ( -21.99704525612473915, 12.70000000000000462, -2.286000000000000032 ) ) ;
#226 = ORIENTED_EDGE ( 'NONE', *, *, #7494, .F. ) ;
#227 = CARTESIAN_POINT ( 'NONE',  ( -10.71196463788720266, 3.348699368773317975, -1.000000000000000000 ) ) ;
#228 = EDGE_CURVE ( 'NONE', #2187, #7851, #7115, .T. ) ;
#229 = ORIENTED_EDGE ( 'NONE', *, *, #7633, .T. ) ;
#230 = AXIS2_PLACEMENT_3D ( 'NONE', #6548, #3186, #6811 ) ;
#231 = EDGE_CURVE ( 'NONE', #464, #4805, #1756, .T. ) ;
#232 = ORIENTED_EDGE ( 'NONE', *, *, #293, .F. ) ;
#233 = VERTEX_POINT ( 'NONE', #3790 ) ;
#234 = ORIENTED_EDGE ( 'NONE', *, *, #5383, .T. ) ;
#235 = CARTESIAN_POINT ( 'NONE',  ( -10.71196463788720266, 3.348699368773317975, 1.000000000000000000 ) ) ;
#236 = DIRECTION ( 'NONE',  ( 0.5000000000000001110, 0.8660254037844385966, -0.000000000000000000 ) ) ;
#237 = LINE ( 'NONE', #6973, #1582 ) ;
#238 = CARTESIAN_POINT ( 'NONE',  ( 25.39999999999999858, 0.000000000000000000, -2.286999999999999922 ) ) ;
#239 = EDGE_CURVE ( 'NONE', #8455, #1660, #2744, .T. ) ;
#240 = ORIENTED_EDGE ( 'NONE', *, *, #4320, .F. ) ;
#241 = VECTOR ( 'NONE', #4336, 1000.000000000000000 ) ;
#242 = DIRECTION ( 'NONE',  ( -1.000000000000000000, 0.000000000000000000, 0.000000000000000000 ) ) ;
#243 = CARTESIAN_POINT ( 'NONE',  ( -9.707562964079105683, -0.3997787090857587988, 2.286000000000000032 ) ) ;
#244 = LINE ( 'NONE', #8491, #7085 ) ;
#245 = CARTESIAN_POINT ( 'NONE',  ( 19.05000000000001137, 3.654415587728429671, 3.049999999999999822 ) ) ;
#246 = ORIENTED_EDGE ( 'NONE', *, *, #4798, .F. ) ;
#247 = EDGE_CURVE ( 'NONE', #3994, #3900, #1273, .T. ) ;
#248 = EDGE_CURVE ( 'NONE', #5535, #871, #8136, .T. ) ;
#249 = ORIENTED_EDGE ( 'NONE', *, *, #2224, .F. ) ;
#250 = CARTESIAN_POINT ( 'NONE',  ( -2.805923595949015859, 2.098816814762452854, 1.000000000000000000 ) ) ;
#251 = CARTESIAN_POINT ( 'NONE',  ( 1.045259589288522806, 5.400961894323343060, -1.000000000000000000 ) ) ;
#252 = DIRECTION ( 'NONE',  ( 0.2588190451025199068, -0.9659258262890685343, 0.000000000000000000 ) ) ;
#253 = DIRECTION ( 'NONE',  ( 0.000000000000000000, 0.000000000000000000, 1.000000000000000000 ) ) ;
#254 = PLANE ( 'NONE',  #7983 ) ;
#255 = VECTOR ( 'NONE', #1027, 1000.000000000000114 ) ;
#256 = EDGE_CURVE ( 'NONE', #2881, #5765, #4065, .T. ) ;
#257 = ORIENTED_EDGE ( 'NONE', *, *, #2813, .F. ) ;
#258 = EDGE_LOOP ( 'NONE', ( #6417, #7082, #688, #1031 ) ) ;
#259 = DIRECTION ( 'NONE',  ( -1.000000000000000000, 0.000000000000000000, 0.000000000000000000 ) ) ;
#260 = LINE ( 'NONE', #6874, #6671 ) ;
#261 = CARTESIAN_POINT ( 'NONE',  ( 6.792893218813451206, 5.200000000000001066, -1.000000000000000000 ) ) ;
#262 = VECTOR ( 'NONE', #6800, 1000.000000000000000 ) ;
#263 = CARTESIAN_POINT ( 'NONE',  ( 1.795259589288523250, 6.700000000000001066, 3.049999999999999822 ) ) ;
#264 = LINE ( 'NONE', #3472, #8046 ) ;
#265 = EDGE_LOOP ( 'NONE', ( #5012, #6595, #5018, #5317, #3306, #5754, #434, #1885 ) ) ;
#266 = LINE ( 'NONE', #5762, #1148 ) ;
#267 = ORIENTED_EDGE ( 'NONE', *, *, #3005, .T. ) ;
#268 = VERTEX_POINT ( 'NONE', #770 ) ;
#269 = ORIENTED_EDGE ( 'NONE', *, *, #8172, .T. ) ;
#270 = DIRECTION ( 'NONE',  ( 0.2588190451025194072, -0.9659258262890686453, 0.000000000000000000 ) ) ;
#271 = LINE ( 'NONE', #6439, #3104 ) ;
#272 = DIRECTION ( 'NONE',  ( -0.8660254037844385966, 0.5000000000000001110, 0.000000000000000000 ) ) ;
#273 = DIRECTION ( 'NONE',  ( 0.000000000000000000, 0.000000000000000000, 1.000000000000000000 ) ) ;
#274 = DIRECTION ( 'NONE',  ( -0.9659258262890676461, -0.2588190451025234595, 0.000000000000000000 ) ) ;
#275 = ADVANCED_FACE ( 'NONE', ( #2781 ), #1936, .T. ) ;
#276 = VECTOR ( 'NONE', #2559, 1000.000000000000000 ) ;
#277 = ORIENTED_EDGE ( 'NONE', *, *, #2150, .T. ) ;
#278 = FACE_OUTER_BOUND ( 'NONE', #3532, .T. ) ;
#279 = AXIS2_PLACEMENT_3D ( 'NONE', #8745, #5990, #7274 ) ;
#280 = DIRECTION ( 'NONE',  ( 0.2588190451025189076, -0.9659258262890687563, 0.000000000000000000 ) ) ;
#281 = EDGE_CURVE ( 'NONE', #6190, #7500, #7269, .T. ) ;
#282 = EDGE_CURVE ( 'NONE', #3467, #4889, #684, .T. ) ;
#283 = AXIS2_PLACEMENT_3D ( 'NONE', #3100, #5082, #5133 ) ;
#284 = CARTESIAN_POINT ( 'NONE',  ( 3.135382751754560271, 0.5000000000000000000, 2.286000000000000032 ) ) ;
#285 = DIRECTION ( 'NONE',  ( -0.000000000000000000, -0.000000000000000000, -1.000000000000000000 ) ) ;
#286 = ORIENTED_EDGE ( 'NONE', *, *, #2984, .F. ) ;
#287 = AXIS2_PLACEMENT_3D ( 'NONE', #8063, #7360, #2573 ) ;
#288 = AXIS2_PLACEMENT_3D ( 'NONE', #5777, #2281, #3653 ) ;
#289 = AXIS2_PLACEMENT_3D ( 'NONE', #3189, #3235, #612 ) ;
#290 = ORIENTED_EDGE ( 'NONE', *, *, #6131, .T. ) ;
#291 = ORIENTED_EDGE ( 'NONE', *, *, #5886, .T. ) ;
#292 = PLANE ( 'NONE',  #5993 ) ;
#293 = EDGE_CURVE ( 'NONE', #4504, #5055, #5360, .T. ) ;
#294 = CARTESIAN_POINT ( 'NONE',  ( -15.60232471059841153, 16.16714970959932884, 3.049999999999999822 ) ) ;
#295 = VECTOR ( 'NONE', #8627, 1000.000000000000114 ) ;
#296 = AXIS2_PLACEMENT_3D ( 'NONE', #2957, #7646, #327 ) ;
#297 = LINE ( 'NONE', #4295, #6762 ) ;
#298 = CARTESIAN_POINT ( 'NONE',  ( 0.000000000000000000, 0.000000000000000000, 3.049999999999999822 ) ) ;
#299 = ADVANCED_FACE ( 'NONE', ( #4812 ), #4683, .F. ) ;
#300 = DIRECTION ( 'NONE',  ( 0.7071067811865469066, -0.7071067811865482389, 0.000000000000000000 ) ) ;
#301 = EDGE_LOOP ( 'NONE', ( #4554, #7395, #718, #4019 ) ) ;
#302 = VECTOR ( 'NONE', #2601, 1000.000000000000114 ) ;
#303 = VECTOR ( 'NONE', #4661, 1000.000000000000000 ) ;
#304 = EDGE_LOOP ( 'NONE', ( #7561, #2428, #8320, #6055, #1780, #7585 ) ) ;
#305 = ORIENTED_EDGE ( 'NONE', *, *, #7149, .F. ) ;
#306 = LINE ( 'NONE', #343, #3152 ) ;
#307 = CARTESIAN_POINT ( 'NONE',  ( 0.000000000000000000, 0.000000000000000000, 2.286000000000000032 ) ) ;
#308 = CYLINDRICAL_SURFACE ( 'NONE', #5667, 5.200000000000002842 ) ;
#309 = DIRECTION ( 'NONE',  ( -0.5000000000000001110, -0.8660254037844387076, 0.000000000000000000 ) ) ;
#310 = LINE ( 'NONE', #8473, #3646 ) ;
#311 = VECTOR ( 'NONE', #384, 1000.000000000000000 ) ;
#312 = EDGE_LOOP ( 'NONE', ( #2694, #7196, #6641, #2330 ) ) ;
#313 = EDGE_CURVE ( 'NONE', #1323, #6499, #4026, .T. ) ;
#314 = DIRECTION ( 'NONE',  ( 0.000000000000000000, -0.000000000000000000, -1.000000000000000000 ) ) ;
#315 = ORIENTED_EDGE ( 'NONE', *, *, #5138, .F. ) ;
#316 = VERTEX_POINT ( 'NONE', #6764 ) ;
#317 = VERTEX_POINT ( 'NONE', #8773 ) ;
#318 = VECTOR ( 'NONE', #1814, 999.9999999999998863 ) ;
#319 = DIRECTION ( 'NONE',  ( -1.000000000000000000, 0.000000000000000000, 0.000000000000000000 ) ) ;
#320 = LINE ( 'NONE', #8439, #4098 ) ;
#321 = CARTESIAN_POINT ( 'NONE',  ( 6.350000000000004974, -5.068629150101528147, 3.049999999999999822 ) ) ;
#322 = CARTESIAN_POINT ( 'NONE',  ( 6.349999999999999645, 5.642893218813452627, 12.74539167476553381 ) ) ;
#323 = ORIENTED_EDGE ( 'NONE', *, *, #5869, .F. ) ;
#324 = LINE ( 'NONE', #2362, #1999 ) ;
#325 = ORIENTED_EDGE ( 'NONE', *, *, #1245, .F. ) ;
#326 = CARTESIAN_POINT ( 'NONE',  ( -19.03209851714430556, 5.135438393649766731, -3.049999999999999822 ) ) ;
#327 = DIRECTION ( 'NONE',  ( 1.000000000000000000, 5.329070518200752183E-15, 0.000000000000000000 ) ) ;
#328 = DIRECTION ( 'NONE',  ( -0.000000000000000000, -0.000000000000000000, 1.000000000000000000 ) ) ;
#329 = DIRECTION ( 'NONE',  ( 0.7071067811865482389, -0.7071067811865469066, 0.000000000000000000 ) ) ;
#330 = FACE_OUTER_BOUND ( 'NONE', #4223, .T. ) ;
#331 = VERTEX_POINT ( 'NONE', #7440 ) ;
#332 = EDGE_CURVE ( 'NONE', #1712, #5404, #8095, .T. ) ;
#333 = ORIENTED_EDGE ( 'NONE', *, *, #1990, .F. ) ;
#334 = ORIENTED_EDGE ( 'NONE', *, *, #6713, .T. ) ;
#335 = DIRECTION ( 'NONE',  ( 0.5000000000000001110, 0.8660254037844385966, -0.000000000000000000 ) ) ;
#336 = CARTESIAN_POINT ( 'NONE',  ( -12.51629722257085042, 13.94626355372112947, -2.286000000000000032 ) ) ;
#337 = DIRECTION ( 'NONE',  ( 1.000000000000000000, 0.000000000000000000, 0.000000000000000000 ) ) ;
#338 = CARTESIAN_POINT ( 'NONE',  ( -0.3285338566954902340, 3.157956697772277721, 2.286000000000000032 ) ) ;
#339 = DIRECTION ( 'NONE',  ( -1.000000000000000000, 0.000000000000000000, 0.000000000000000000 ) ) ;
#340 = EDGE_CURVE ( 'NONE', #6499, #893, #4732, .T. ) ;
#341 = ORIENTED_EDGE ( 'NONE', *, *, #4827, .T. ) ;
#342 = VERTEX_POINT ( 'NONE', #5483 ) ;
#343 = CARTESIAN_POINT ( 'NONE',  ( 17.30118318523751597, -8.805923595949018079, -1.000000000000000000 ) ) ;
#344 = CARTESIAN_POINT ( 'NONE',  ( 12.69999999999999929, 0.000000000000000000, 1.000000000000000000 ) ) ;
#345 = LINE ( 'NONE', #2448, #5526 ) ;
#346 = DIRECTION ( 'NONE',  ( 1.000000000000000000, 0.000000000000000000, 0.000000000000000000 ) ) ;
#347 = PLANE ( 'NONE',  #114 ) ;
#348 = VERTEX_POINT ( 'NONE', #1403 ) ;
#349 = CARTESIAN_POINT ( 'NONE',  ( -2.899137652669756093, -1.294459682984562932, 1.000000000000000000 ) ) ;
#350 = ORIENTED_EDGE ( 'NONE', *, *, #103, .F. ) ;
#351 = EDGE_LOOP ( 'NONE', ( #4948, #2040, #4807, #1146 ) ) ;
#352 = CARTESIAN_POINT ( 'NONE',  ( -24.59704525612474058, 8.196667900320957045, 3.049999999999999822 ) ) ;
#353 = DIRECTION ( 'NONE',  ( 1.000000000000000000, 0.000000000000000000, 0.000000000000000000 ) ) ;
#354 = PERSON_AND_ORGANIZATION_ROLE ( 'creator' ) ;
#355 = CARTESIAN_POINT ( 'NONE',  ( 1.045259589288520585, 5.400961894323343948, 3.049999999999999822 ) ) ;
#356 = EDGE_LOOP ( 'NONE', ( #2485, #1473, #226, #5502 ) ) ;
#357 = LINE ( 'NONE', #3084, #7080 ) ;
#358 = AXIS2_PLACEMENT_3D ( 'NONE', #2329, #285, #3006 ) ;
#359 = VERTEX_POINT ( 'NONE', #6802 ) ;
#360 = ADVANCED_FACE ( 'NONE', ( #4110 ), #2105, .F. ) ;
#361 = PLANE ( 'NONE',  #2856 ) ;
#362 = ORIENTED_EDGE ( 'NONE', *, *, #5554, .F. ) ;
#363 = FACE_OUTER_BOUND ( 'NONE', #2175, .T. ) ;
#364 = CYLINDRICAL_SURFACE ( 'NONE', #860, 2.100000000000000977 ) ;
#365 = CARTESIAN_POINT ( 'NONE',  ( -9.707562964079107459, -0.3997787090857579106, 1.000000000000000000 ) ) ;
#366 = CARTESIAN_POINT ( 'NONE',  ( 17.19289321881344534, 5.200000000000001066, 3.049999999999999822 ) ) ;
#367 = FACE_OUTER_BOUND ( 'NONE', #6809, .T. ) ;
#368 = ADVANCED_FACE ( 'NONE', ( #5520 ), #111, .F. ) ;
#369 = ADVANCED_FACE ( 'NONE', ( #936 ), #4277, .F. ) ;
#370 = VECTOR ( 'NONE', #4001, 1000.000000000000000 ) ;
#371 = ORIENTED_EDGE ( 'NONE', *, *, #154, .T. ) ;
#372 = VERTEX_POINT ( 'NONE', #6352 ) ;
#373 = ORIENTED_EDGE ( 'NONE', *, *, #5363, .F. ) ;
#374 = CARTESIAN_POINT ( 'NONE',  ( -13.96346936704277297, 13.91456160635026151, -3.049999999999999822 ) ) ;
#375 = CARTESIAN_POINT ( 'NONE',  ( 1.795259589288523250, 6.700000000000001066, -1.000000000000000000 ) ) ;
#376 = CARTESIAN_POINT ( 'NONE',  ( -15.03449281214644628, 14.04797221441829791, 3.049999999999999822 ) ) ;
#377 = VECTOR ( 'NONE', #5621, 1000.000000000000114 ) ;
#378 = LINE ( 'NONE', #3102, #4393 ) ;
#379 = DIRECTION ( 'NONE',  ( -0.9659258262890686453, -0.2588190451025198513, 0.000000000000000000 ) ) ;
#380 = EDGE_CURVE ( 'NONE', #6956, #3994, #6278, .T. ) ;
#381 = AXIS2_PLACEMENT_3D ( 'NONE', #1265, #8674, #63 ) ;
#382 = ORIENTED_EDGE ( 'NONE', *, *, #4753, .F. ) ;
#383 = ORIENTED_EDGE ( 'NONE', *, *, #7621, .T. ) ;
#384 = DIRECTION ( 'NONE',  ( 1.000000000000000000, 0.000000000000000000, -0.000000000000000000 ) ) ;
#385 = CARTESIAN_POINT ( 'NONE',  ( 19.05000000000000071, 5.068629150101528147, 3.049999999999999822 ) ) ;
#386 = LINE ( 'NONE', #3157, #1994 ) ;
#387 = DIRECTION ( 'NONE',  ( 0.2588190451025190741, -0.9659258262890687563, 0.000000000000000000 ) ) ;
#388 = DIRECTION ( 'NONE',  ( -0.000000000000000000, -0.000000000000000000, -1.000000000000000000 ) ) ;
#389 = ORIENTED_EDGE ( 'NONE', *, *, #6879, .F. ) ;
#390 = CARTESIAN_POINT ( 'NONE',  ( -14.67057614822933687, 12.68981673495868101, 1.000000000000000000 ) ) ;
#391 = DIRECTION ( 'NONE',  ( -0.2588190451025195737, 0.9659258262890686453, 0.000000000000000000 ) ) ;
#392 = ORIENTED_EDGE ( 'NONE', *, *, #8098, .F. ) ;
#393 = AXIS2_PLACEMENT_3D ( 'NONE', #7812, #7763, #5388 ) ;
#394 = VERTEX_POINT ( 'NONE', #1615 ) ;
#395 = DIRECTION ( 'NONE',  ( -0.9659258262890688673, -0.2588190451025186301, 0.000000000000000000 ) ) ;
#396 = ADVANCED_FACE ( 'NONE', ( #3521 ), #3608, .F. ) ;
#397 = DIRECTION ( 'NONE',  ( 0.000000000000000000, 0.000000000000000000, 1.000000000000000000 ) ) ;
#398 = CARTESIAN_POINT ( 'NONE',  ( 4.492893218813454048, 5.200000000000001066, -2.286000000000000032 ) ) ;
#399 = ORIENTED_EDGE ( 'NONE', *, *, #2747, .T. ) ;
#400 = DIRECTION ( 'NONE',  ( -0.000000000000000000, -0.000000000000000000, -1.000000000000000000 ) ) ;
#401 = EDGE_CURVE ( 'NONE', #4748, #5703, #7551, .T. ) ;
#402 = VERTEX_POINT ( 'NONE', #3568 ) ;
#403 = LINE ( 'NONE', #1078, #5970 ) ;
#404 = ORIENTED_EDGE ( 'NONE', *, *, #6778, .T. ) ;
#405 = CARTESIAN_POINT ( 'NONE',  ( 9.564617248245436798, 0.4999999999999991673, 2.286000000000000032 ) ) ;
#406 = CARTESIAN_POINT ( 'NONE',  ( 2.856673813531628969, 2.738748187248399191, 1.000000000000000000 ) ) ;
#407 = FACE_OUTER_BOUND ( 'NONE', #8618, .T. ) ;
#408 = CARTESIAN_POINT ( 'NONE',  ( 22.26461724824543964, 0.5000000000000009992, -2.286000000000000032 ) ) ;
#409 = DIRECTION ( 'NONE',  ( -0.000000000000000000, -0.000000000000000000, -1.000000000000000000 ) ) ;
#410 = ADVANCED_FACE ( 'NONE', ( #7010 ), #2994, .T. ) ;
#411 = ORIENTED_EDGE ( 'NONE', *, *, #7296, .T. ) ;
#412 = ORIENTED_EDGE ( 'NONE', *, *, #7123, .T. ) ;
#413 = AXIS2_PLACEMENT_3D ( 'NONE', #455, #6633, #1752 ) ;
#414 = ORIENTED_EDGE ( 'NONE', *, *, #332, .F. ) ;
#415 = LINE ( 'NONE', #2623, #2279 ) ;
#416 = EDGE_CURVE ( 'NONE', #6442, #7830, #2192, .T. ) ;
#417 = DIRECTION ( 'NONE',  ( -0.000000000000000000, -0.000000000000000000, -1.000000000000000000 ) ) ;
#418 = LINE ( 'NONE', #5988, #4080 ) ;
#419 = DIRECTION ( 'NONE',  ( -0.9659258262890688673, -0.2588190451025186301, 0.000000000000000000 ) ) ;
#420 = AXIS2_PLACEMENT_3D ( 'NONE', #1616, #202, #151 ) ;
#421 = CARTESIAN_POINT ( 'NONE',  ( -20.47927066161623344, 5.103736446278909433, -2.286000000000000032 ) ) ;
#422 = VECTOR ( 'NONE', #3058, 999.9999999999998863 ) ;
#423 = ORIENTED_EDGE ( 'NONE', *, *, #3993, .T. ) ;
#424 = VECTOR ( 'NONE', #979, 1000.000000000000000 ) ;
#425 = EDGE_LOOP ( 'NONE', ( #5303, #5994, #680, #4925 ) ) ;
#426 = DIRECTION ( 'NONE',  ( -0.7071067811865479058, 0.7071067811865471286, 0.000000000000000000 ) ) ;
#427 = AXIS2_PLACEMENT_3D ( 'NONE', #161, #8358, #5737 ) ;
#428 = DIRECTION ( 'NONE',  ( 0.000000000000000000, 1.000000000000000000, 0.000000000000000000 ) ) ;
#429 = AXIS2_PLACEMENT_3D ( 'NONE', #3702, #5071, #5699 ) ;
#430 = ADVANCED_FACE ( 'NONE', ( #2151 ), #1488, .T. ) ;
#431 = DIRECTION ( 'NONE',  ( 1.000000000000000000, 0.000000000000000000, -0.000000000000000000 ) ) ;
#432 = CARTESIAN_POINT ( 'NONE',  ( 23.29999999999999716, 2.571758278209442450E-16, -2.286000000000000032 ) ) ;
#433 = CARTESIAN_POINT ( 'NONE',  ( -9.552245033349360489E-16, -5.200000000000001954, 3.049999999999999822 ) ) ;
#434 = ORIENTED_EDGE ( 'NONE', *, *, #8548, .T. ) ;
#435 = DIRECTION ( 'NONE',  ( 0.000000000000000000, 0.000000000000000000, -1.000000000000000000 ) ) ;
#436 = LINE ( 'NONE', #3208, #4804 ) ;
#437 = VECTOR ( 'NONE', #8615, 1000.000000000000114 ) ;
#438 = AXIS2_PLACEMENT_3D ( 'NONE', #3878, #5912, #8576 ) ;
#439 = AXIS2_PLACEMENT_3D ( 'NONE', #6384, #7802, #3637 ) ;
#440 = VECTOR ( 'NONE', #4228, 1000.000000000000000 ) ;
#441 = EDGE_CURVE ( 'NONE', #4271, #8495, #4190, .T. ) ;
#442 = ORIENTED_EDGE ( 'NONE', *, *, #8043, .F. ) ;
#443 = VERTEX_POINT ( 'NONE', #2230 ) ;
#444 = DIRECTION ( 'NONE',  ( 0.8660254037844379305, -0.5000000000000011102, 0.000000000000000000 ) ) ;
#445 = EDGE_CURVE ( 'NONE', #1947, #464, #2019, .T. ) ;
#446 = VECTOR ( 'NONE', #5629, 999.9999999999998863 ) ;
#447 = LINE ( 'NONE', #6399, #8776 ) ;
#448 = PERSON_AND_ORGANIZATION ( #3919, #5274 ) ;
#449 = DIRECTION ( 'NONE',  ( 0.000000000000000000, 0.000000000000000000, 1.000000000000000000 ) ) ;
#450 = DIRECTION ( 'NONE',  ( 0.2588190451025198513, -0.9659258262890686453, 0.000000000000000000 ) ) ;
#451 = EDGE_CURVE ( 'NONE', #5743, #7530, #808, .T. ) ;
#452 = ORIENTED_EDGE ( 'NONE', *, *, #6143, .F. ) ;
#453 = LINE ( 'NONE', #4635, #3414 ) ;
#454 = VERTEX_POINT ( 'NONE', #6228 ) ;
#455 = CARTESIAN_POINT ( 'NONE',  ( 0.000000000000000000, 0.000000000000000000, -3.049999999999999822 ) ) ;
#456 = FACE_OUTER_BOUND ( 'NONE', #7023, .T. ) ;
#457 = DIRECTION ( 'NONE',  ( -0.7071067811865481278, -0.7071067811865470176, 0.000000000000000000 ) ) ;
#458 = DIRECTION ( 'NONE',  ( -3.414809992080329023E-17, 1.000000000000000000, 0.000000000000000000 ) ) ;
#459 = AXIS2_PLACEMENT_3D ( 'NONE', #6748, #7498, #4092 ) ;
#460 = CARTESIAN_POINT ( 'NONE',  ( 15.40416345659799013, -0.5000000000000000000, 12.74539167476553381 ) ) ;
#461 = ORIENTED_EDGE ( 'NONE', *, *, #3454, .T. ) ;
#462 = ORIENTED_EDGE ( 'NONE', *, *, #5319, .F. ) ;
#463 = DIRECTION ( 'NONE',  ( -0.000000000000000000, -0.000000000000000000, -1.000000000000000000 ) ) ;
#464 = VERTEX_POINT ( 'NONE', #2869 ) ;
#465 = DIRECTION ( 'NONE',  ( -1.000000000000000000, 0.000000000000000000, 0.000000000000000000 ) ) ;
#466 = CARTESIAN_POINT ( 'NONE',  ( 12.69999999999999929, 0.000000000000000000, 2.286000000000000032 ) ) ;
#467 = FACE_OUTER_BOUND ( 'NONE', #1907, .T. ) ;
#468 = LINE ( 'NONE', #5329, #5962 ) ;
#469 = DIRECTION ( 'NONE',  ( -0.000000000000000000, -0.000000000000000000, -1.000000000000000000 ) ) ;
#470 = ORIENTED_EDGE ( 'NONE', *, *, #3086, .F. ) ;
#471 = VERTEX_POINT ( 'NONE', #4893 ) ;
#472 = AXIS2_PLACEMENT_3D ( 'NONE', #8376, #3802, #1094 ) ;
#473 = EDGE_LOOP ( 'NONE', ( #5137, #7478, #5889, #5666, #4419, #1640 ) ) ;
#474 = CC_DESIGN_DATE_AND_TIME_ASSIGNMENT ( #4629, #2406, ( #8525 ) ) ;
#475 = ORIENTED_EDGE ( 'NONE', *, *, #8035, .F. ) ;
#476 = DIRECTION ( 'NONE',  ( 0.000000000000000000, 0.000000000000000000, 1.000000000000000000 ) ) ;
#477 = EDGE_CURVE ( 'NONE', #5289, #3873, #237, .T. ) ;
#478 = CARTESIAN_POINT ( 'NONE',  ( -18.32499173595777364, 6.360183265041365885, -1.000000000000000000 ) ) ;
#479 = CARTESIAN_POINT ( 'NONE',  ( 10.12939620402573837, 1.863497014787714123, 2.286000000000000032 ) ) ;
#480 = ORIENTED_EDGE ( 'NONE', *, *, #5400, .T. ) ;
#481 = FACE_OUTER_BOUND ( 'NONE', #425, .T. ) ;
#482 = DIRECTION ( 'NONE',  ( -0.2588190451025196848, 0.9659258262890686453, 0.000000000000000000 ) ) ;
#483 = LINE ( 'NONE', #5901, #3718 ) ;
#484 = ORIENTED_EDGE ( 'NONE', *, *, #6585, .T. ) ;
#485 = CARTESIAN_POINT ( 'NONE',  ( -17.96107507204066067, 5.002027785581732111, 1.000000000000000000 ) ) ;
#486 = DIRECTION ( 'NONE',  ( 0.000000000000000000, 0.000000000000000000, -1.000000000000000000 ) ) ;
#487 = VERTEX_POINT ( 'NONE', #7641 ) ;
#488 = ORIENTED_EDGE ( 'NONE', *, *, #477, .F. ) ;
#489 = CARTESIAN_POINT ( 'NONE',  ( 19.05000000000001137, -3.654415587728429671, 3.049999999999999822 ) ) ;
#490 = CARTESIAN_POINT ( 'NONE',  ( 19.05000000000001137, -3.654415587728429671, 3.049999999999999822 ) ) ;
#491 = COORDINATED_UNIVERSAL_TIME_OFFSET ( 6, 0, .BEHIND. ) ;
#492 = CARTESIAN_POINT ( 'NONE',  ( -15.60232471059841153, 16.16714970959932884, 3.049999999999999822 ) ) ;
#493 = ORIENTED_EDGE ( 'NONE', *, *, #3974, .T. ) ;
#494 = DIRECTION ( 'NONE',  ( 0.000000000000000000, 0.000000000000000000, -1.000000000000000000 ) ) ;
#495 = EDGE_CURVE ( 'NONE', #1523, #2716, #896, .T. ) ;
#496 = EDGE_LOOP ( 'NONE', ( #5005, #7574, #3219, #4226, #3863, #8477, #291, #4604 ) ) ;
#497 = FACE_OUTER_BOUND ( 'NONE', #5097, .T. ) ;
#498 = EDGE_LOOP ( 'NONE', ( #7584, #1683, #3633, #1453, #8474, #6984 ) ) ;
#499 = LINE ( 'NONE', #7962, #6236 ) ;
#500 = DIRECTION ( 'NONE',  ( -0.000000000000000000, -0.000000000000000000, -1.000000000000000000 ) ) ;
#501 = CARTESIAN_POINT ( 'NONE',  ( 8.207106781186553235, -5.200000000000001954, 3.049999999999999822 ) ) ;
#502 = CARTESIAN_POINT ( 'NONE',  ( 1.545259589288543900, 6.266987298107782323, 3.049999999999999822 ) ) ;
#503 = ADVANCED_FACE ( 'NONE', ( #1650 ), #7685, .T. ) ;
#504 = DIRECTION ( 'NONE',  ( -1.000000000000000000, 0.000000000000000000, 0.000000000000000000 ) ) ;
#505 = VECTOR ( 'NONE', #1084, 1000.000000000000000 ) ;
#506 = ORIENTED_EDGE ( 'NONE', *, *, #6232, .T. ) ;
#507 = VERTEX_POINT ( 'NONE', #6401 ) ;
#508 = DIRECTION ( 'NONE',  ( 0.000000000000000000, -0.000000000000000000, -1.000000000000000000 ) ) ;
#509 = ORIENTED_EDGE ( 'NONE', *, *, #1014, .F. ) ;
#510 = DIRECTION ( 'NONE',  ( -0.2588190451025196848, 0.9659258262890686453, 0.000000000000000000 ) ) ;
#511 = LINE ( 'NONE', #1850, #4831 ) ;
#512 = DIRECTION ( 'NONE',  ( 1.000000000000000000, 0.000000000000000000, 0.000000000000000000 ) ) ;
#513 = DIRECTION ( 'NONE',  ( -0.9659258262890686453, -0.2588190451025193517, 0.000000000000000000 ) ) ;
#514 = CARTESIAN_POINT ( 'NONE',  ( -7.596263553721125383, -1.517774594508492392, 2.286000000000000032 ) ) ;
#515 = ORIENTED_EDGE ( 'NONE', *, *, #8003, .T. ) ;
#516 = AXIS2_PLACEMENT_3D ( 'NONE', #4498, #1127, #3835 ) ;
#517 = EDGE_CURVE ( 'NONE', #7037, #4212, #7953, .T. ) ;
#518 = ORIENTED_EDGE ( 'NONE', *, *, #2415, .F. ) ;
#519 = ORIENTED_EDGE ( 'NONE', *, *, #7403, .F. ) ;
#520 = CARTESIAN_POINT ( 'NONE',  ( -9.552245033349360489E-16, -5.200000000000001954, 2.286000000000000032 ) ) ;
#521 = DIRECTION ( 'NONE',  ( -1.000000000000000000, 0.000000000000000000, 0.000000000000000000 ) ) ;
#522 = AXIS2_PLACEMENT_3D ( 'NONE', #1240, #1945, #512 ) ;
#523 = CARTESIAN_POINT ( 'NONE',  ( 25.39999999999999858, 0.000000000000000000, 2.286000000000000032 ) ) ;
#524 = CARTESIAN_POINT ( 'NONE',  ( 3.135382751754560271, -0.5000000000000000000, -2.286000000000000032 ) ) ;
#525 = ORIENTED_EDGE ( 'NONE', *, *, #8599, .T. ) ;
#526 = EDGE_CURVE ( 'NONE', #2749, #6721, #6258, .T. ) ;
#527 = LINE ( 'NONE', #90, #6259 ) ;
#528 = DIRECTION ( 'NONE',  ( 1.000000000000000000, 0.000000000000000000, 0.000000000000000000 ) ) ;
#529 = DIRECTION ( 'NONE',  ( 0.000000000000000000, 0.000000000000000000, 1.000000000000000000 ) ) ;
#530 = VERTEX_POINT ( 'NONE', #7191 ) ;
#531 = CARTESIAN_POINT ( 'NONE',  ( -2.591874249399398700, 0.9190690264067802318, 2.286000000000000032 ) ) ;
#532 = CYLINDRICAL_SURFACE ( 'NONE', #1680, 3.175000000000000711 ) ;
#533 = EDGE_CURVE ( 'NONE', #6985, #1122, #3736, .T. ) ;
#534 = CIRCLE ( 'NONE', #1661, 3.175000000000000711 ) ;
#535 = VERTEX_POINT ( 'NONE', #2360 ) ;
#536 = ORIENTED_EDGE ( 'NONE', *, *, #8621, .F. ) ;
#537 = CARTESIAN_POINT ( 'NONE',  ( -2.100000000000000089, 2.571758278209441957E-16, -2.286000000000000032 ) ) ;
#538 = EDGE_CURVE ( 'NONE', #5232, #6442, #3777, .T. ) ;
#539 = VECTOR ( 'NONE', #7306, 1000.000000000000114 ) ;
#540 = FACE_OUTER_BOUND ( 'NONE', #3455, .T. ) ;
#541 = DIRECTION ( 'NONE',  ( 0.000000000000000000, 0.000000000000000000, 1.000000000000000000 ) ) ;
#542 = DIRECTION ( 'NONE',  ( -0.000000000000000000, -0.000000000000000000, -1.000000000000000000 ) ) ;
#543 = CARTESIAN_POINT ( 'NONE',  ( -21.99704525612473915, 12.70000000000000462, -1.000000000000000000 ) ) ;
#544 = VECTOR ( 'NONE', #1648, 1000.000000000000000 ) ;
#545 = ORIENTED_EDGE ( 'NONE', *, *, #5053, .T. ) ;
#546 = CARTESIAN_POINT ( 'NONE',  ( 15.27060379597426021, -1.863497014787716788, 2.286000000000000032 ) ) ;
#547 = EDGE_LOOP ( 'NONE', ( #6243, #4329, #3879, #5721 ) ) ;
#548 = CARTESIAN_POINT ( 'NONE',  ( -21.99704525612466810, 12.70000000000014673, -3.049999999999999822 ) ) ;
#549 = DIRECTION ( 'NONE',  ( -0.000000000000000000, -0.000000000000000000, -1.000000000000000000 ) ) ;
#550 = EDGE_CURVE ( 'NONE', #4689, #2832, #4704, .T. ) ;
#551 = CARTESIAN_POINT ( 'NONE',  ( -20.43629930681396445, 5.794460106456734927, -3.049999999999999822 ) ) ;
#552 = CIRCLE ( 'NONE', #690, 3.175000000000000711 ) ;
#553 = CARTESIAN_POINT ( 'NONE',  ( 1.795259589288523250, 6.700000000000001066, 1.000000000000000000 ) ) ;
#554 = ORIENTED_EDGE ( 'NONE', *, *, #980, .T. ) ;
#555 = EDGE_LOOP ( 'NONE', ( #3874, #1692, #1644, #2477 ) ) ;
#556 = ADVANCED_FACE ( 'NONE', ( #1173 ), #978, .F. ) ;
#557 = LINE ( 'NONE', #4555, #7163 ) ;
#558 = ORIENTED_EDGE ( 'NONE', *, *, #3885, .T. ) ;
#559 = DIRECTION ( 'NONE',  ( 0.7071067811865474617, 0.7071067811865475727, -0.000000000000000000 ) ) ;
#560 = DIRECTION ( 'NONE',  ( 0.7071067811865479058, 0.7071067811865472397, -0.000000000000000000 ) ) ;
#561 = FACE_OUTER_BOUND ( 'NONE', #5254, .T. ) ;
#562 = DIRECTION ( 'NONE',  ( 0.2588190451025224603, -0.9659258262890677571, 0.000000000000000000 ) ) ;
#563 = VERTEX_POINT ( 'NONE', #355 ) ;
#564 = CIRCLE ( 'NONE', #5401, 3.174999999999999822 ) ;
#565 = ADVANCED_FACE ( 'NONE', ( #1117 ), #3082, .F. ) ;
#566 = CARTESIAN_POINT ( 'NONE',  ( -6.760745949310767777, -2.101124305814827675, 3.049999999999999822 ) ) ;
#567 = CARTESIAN_POINT ( 'NONE',  ( 23.84142107299598123, 2.265685708190568359, 12.74539167476553381 ) ) ;
#568 = LINE ( 'NONE', #5375, #3132 ) ;
#569 = EDGE_CURVE ( 'NONE', #1323, #3230, #3042, .T. ) ;
#570 = AXIS2_PLACEMENT_3D ( 'NONE', #8019, #1946, #4563 ) ;
#571 = CARTESIAN_POINT ( 'NONE',  ( 12.69999999999999929, 0.000000000000000000, -1.000000000000000000 ) ) ;
#572 = ORIENTED_EDGE ( 'NONE', *, *, #1158, .T. ) ;
#573 = DIRECTION ( 'NONE',  ( 1.000000000000000000, 0.000000000000000000, 0.000000000000000000 ) ) ;
#574 = CARTESIAN_POINT ( 'NONE',  ( -2.677814704624448705, 8.061888878335397024, 2.286000000000000032 ) ) ;
#575 = CARTESIAN_POINT ( 'NONE',  ( -9.437776678751570003, -0.5555398935432825924, -2.286000000000000032 ) ) ;
#576 = EDGE_LOOP ( 'NONE', ( #3542, #132, #3892, #974, #6036, #2922 ) ) ;
#577 = DIRECTION ( 'NONE',  ( -0.000000000000000000, -0.000000000000000000, -1.000000000000000000 ) ) ;
#578 = LINE ( 'NONE', #5244, #8197 ) ;
#579 = VECTOR ( 'NONE', #2941, 1000.000000000000000 ) ;
#580 = VECTOR ( 'NONE', #7016, 1000.000000000000000 ) ;
#581 = ADVANCED_FACE ( 'NONE', ( #5108 ), #3215, .T. ) ;
#582 = AXIS2_PLACEMENT_3D ( 'NONE', #2159, #3528, #6237 ) ;
#583 = ORIENTED_EDGE ( 'NONE', *, *, #6477, .F. ) ;
#584 = VERTEX_POINT ( 'NONE', #7147 ) ;
#585 = CARTESIAN_POINT ( 'NONE',  ( -19.38622595191837661, 1.024438054742122128, 1.000000000000000000 ) ) ;
#586 = EDGE_CURVE ( 'NONE', #8437, #6393, #8441, .T. ) ;
#587 = DIRECTION ( 'NONE',  ( -1.000000000000000000, 0.000000000000000000, 0.000000000000000000 ) ) ;
#588 = DIRECTION ( 'NONE',  ( -0.8660254037844353769, 0.5000000000000057732, 0.000000000000000000 ) ) ;
#589 = AXIS2_PLACEMENT_3D ( 'NONE', #5387, #2015, #4718 ) ;
#590 = VECTOR ( 'NONE', #5488, 999.9999999999998863 ) ;
#591 = DIRECTION ( 'NONE',  ( -0.000000000000000000, -0.000000000000000000, -1.000000000000000000 ) ) ;
#592 = CC_DESIGN_APPROVAL ( #4022, ( #8746 ) ) ;
#593 = EDGE_CURVE ( 'NONE', #5067, #1200, #8379, .T. ) ;
#594 = VECTOR ( 'NONE', #8384, 1000.000000000000114 ) ;
#595 = VERTEX_POINT ( 'NONE', #398 ) ;
#596 = CYLINDRICAL_SURFACE ( 'NONE', #1142, 3.175000000000000711 ) ;
#597 = ORIENTED_EDGE ( 'NONE', *, *, #3223, .F. ) ;
#598 = PRODUCT_RELATED_PRODUCT_CATEGORY ( 'detail', '', ( #7277 ) ) ;
#599 = CARTESIAN_POINT ( 'NONE',  ( 1.545259589288543900, 6.266987298107782323, 1.000000000000000000 ) ) ;
#600 = EDGE_CURVE ( 'NONE', #8213, #102, #7103, .T. ) ;
#601 = DIRECTION ( 'NONE',  ( 1.000000000000000000, 0.000000000000000000, -0.000000000000000000 ) ) ;
#602 = DIRECTION ( 'NONE',  ( 0.000000000000000000, 0.000000000000000000, 1.000000000000000000 ) ) ;
#603 = ORIENTED_EDGE ( 'NONE', *, *, #6927, .T. ) ;
#604 = LINE ( 'NONE', #6684, #6456 ) ;
#605 = AXIS2_PLACEMENT_3D ( 'NONE', #5457, #8238, #8150 ) ;
#606 = ORIENTED_EDGE ( 'NONE', *, *, #4445, .F. ) ;
#607 = ORIENTED_EDGE ( 'NONE', *, *, #6104, .F. ) ;
#608 = PLANE ( 'NONE',  #1790 ) ;
#610 = VECTOR ( 'NONE', #2391, 1000.000000000000000 ) ;
#609 = FACE_OUTER_BOUND ( 'NONE', #180, .T. ) ;
#611 = AXIS2_PLACEMENT_3D ( 'NONE', #4830, #4171, #785 ) ;
#612 = DIRECTION ( 'NONE',  ( -0.7071067811865472397, -0.7071067811865479058, 0.000000000000000000 ) ) ;
#613 = FACE_OUTER_BOUND ( 'NONE', #3680, .T. ) ;
#614 = CARTESIAN_POINT ( 'NONE',  ( 20.59558441227158454, -5.200000000000001066, -3.049999999999999822 ) ) ;
#615 = ORIENTED_EDGE ( 'NONE', *, *, #2098, .F. ) ;
#616 = EDGE_CURVE ( 'NONE', #3517, #7705, #2289, .T. ) ;
#617 = ADVANCED_FACE ( 'NONE', ( #2407 ), #7813, .F. ) ;
#618 = ORIENTED_EDGE ( 'NONE', *, *, #1316, .T. ) ;
#619 = ORIENTED_EDGE ( 'NONE', *, *, #8074, .F. ) ;
#620 = CARTESIAN_POINT ( 'NONE',  ( -13.48113442674622142, 5.167148083217656840, 12.72085538888886802 ) ) ;
#621 = CARTESIAN_POINT ( 'NONE',  ( 1.795259589288523250, 6.700000000000001066, -1.000000000000000000 ) ) ;
#622 = DIRECTION ( 'NONE',  ( -0.000000000000000000, -0.000000000000000000, -1.000000000000000000 ) ) ;
#623 = CARTESIAN_POINT ( 'NONE',  ( 1.545259589288543900, 6.266987298107782323, -3.049999999999999822 ) ) ;
#624 = LINE ( 'NONE', #4135, #8275 ) ;
#625 = VERTEX_POINT ( 'NONE', #4447 ) ;
#626 = DIRECTION ( 'NONE',  ( 0.9659258262890686453, 0.2588190451025195737, -0.000000000000000000 ) ) ;
#627 = ORIENTED_EDGE ( 'NONE', *, *, #3781, .F. ) ;
#628 = ORIENTED_EDGE ( 'NONE', *, *, #3625, .F. ) ;
#629 = DIRECTION ( 'NONE',  ( 0.2588190451025202954, -0.9659258262890684232, 0.000000000000000000 ) ) ;
#630 = VECTOR ( 'NONE', #3909, 1000.000000000000000 ) ;
#631 = DIRECTION ( 'NONE',  ( 0.9659258262890686453, 0.2588190451025192407, 0.000000000000000000 ) ) ;
#632 = DIRECTION ( 'NONE',  ( -0.000000000000000000, -0.000000000000000000, -1.000000000000000000 ) ) ;
#633 = ORIENTED_EDGE ( 'NONE', *, *, #4743, .T. ) ;
#634 = DIRECTION ( 'NONE',  ( 1.000000000000000000, 1.092739197465703710E-15, 0.000000000000000000 ) ) ;
#635 = ORIENTED_EDGE ( 'NONE', *, *, #6982, .T. ) ;
#636 = CARTESIAN_POINT ( 'NONE',  ( 0.8963291634175549749, 10.05485402181998822, 1.000000000000000000 ) ) ;
#637 = ORIENTED_EDGE ( 'NONE', *, *, #7872, .T. ) ;
#638 = CARTESIAN_POINT ( 'NONE',  ( 25.40000000000000568, 0.000000000000000000, -3.049999999999999822 ) ) ;
#639 = PLANE ( 'NONE',  #4838 ) ;
#640 = CARTESIAN_POINT ( 'NONE',  ( 7.895584412271561270, -5.200000000000001954, 3.049999999999999822 ) ) ;
#641 = EDGE_LOOP ( 'NONE', ( #4278, #7255, #654, #6909, #7980, #3210 ) ) ;
#642 = LINE ( 'NONE', #5399, #7879 ) ;
#643 = EDGE_CURVE ( 'NONE', #6285, #7830, #3122, .T. ) ;
#644 = VERTEX_POINT ( 'NONE', #5158 ) ;
#645 = DIRECTION ( 'NONE',  ( 0.9659258262890686453, 0.2588190451025198513, -0.000000000000000000 ) ) ;
#646 = DIRECTION ( 'NONE',  ( 1.000000000000000000, 0.000000000000000000, 0.000000000000000000 ) ) ;
#647 = AXIS2_PLACEMENT_3D ( 'NONE', #7408, #8145, #1459 ) ;
#648 = CARTESIAN_POINT ( 'NONE',  ( -25.09704525612470150, 7.330642496536643904, 1.000000000000000000 ) ) ;
#649 = CARTESIAN_POINT ( 'NONE',  ( 25.39999999999999858, -6.200000000000001066, 1.000000000000000000 ) ) ;
#650 = EDGE_CURVE ( 'NONE', #5510, #1985, #4675, .T. ) ;
#651 = ADVANCED_FACE ( 'NONE', ( #2648 ), #2688, .F. ) ;
#652 = VERTEX_POINT ( 'NONE', #7338 ) ;
#653 = AXIS2_PLACEMENT_3D ( 'NONE', #6930, #6891, #6153 ) ;
#654 = ORIENTED_EDGE ( 'NONE', *, *, #6430, .T. ) ;
#655 = CARTESIAN_POINT ( 'NONE',  ( -19.09790760345499194, 13.99445968298458709, -2.286000000000000032 ) ) ;
#656 = LINE ( 'NONE', #698, #3447 ) ;
#657 = LINE ( 'NONE', #6039, #1145 ) ;
#658 = DIRECTION ( 'NONE',  ( 0.7071067811865479058, 0.7071067811865471286, 0.000000000000000000 ) ) ;
#659 = ORIENTED_EDGE ( 'NONE', *, *, #1438, .T. ) ;
#660 = CIRCLE ( 'NONE', #7604, 3.175000000000000711 ) ;
#661 = CARTESIAN_POINT ( 'NONE',  ( -11.32705648475784521, 9.507956697772282695, 2.286000000000000032 ) ) ;
#662 = EDGE_CURVE ( 'NONE', #3438, #1873, #810, .T. ) ;
#663 = DIRECTION ( 'NONE',  ( 0.7071067811865482389, -0.7071067811865469066, 0.000000000000000000 ) ) ;
#664 = ORIENTED_EDGE ( 'NONE', *, *, #5768, .F. ) ;
#665 = CARTESIAN_POINT ( 'NONE',  ( 10.83650298521228805, -2.570603795974265360, 2.286000000000000032 ) ) ;
#666 = VECTOR ( 'NONE', #2249, 999.9999999999998863 ) ;
#667 = EDGE_LOOP ( 'NONE', ( #5206, #1572, #5534, #4794, #7506, #4103 ) ) ;
#668 = EDGE_LOOP ( 'NONE', ( #6490, #1611, #1237, #1009 ) ) ;
#669 = ADVANCED_FACE ( 'NONE', ( #7464 ), #5435, .T. ) ;
#670 = LINE ( 'NONE', #8620, #3144 ) ;
#671 = EDGE_CURVE ( 'NONE', #6817, #8415, #1927, .T. ) ;
#672 = DIRECTION ( 'NONE',  ( 1.000000000000000000, 0.000000000000000000, 0.000000000000000000 ) ) ;
#673 = DIRECTION ( 'NONE',  ( 0.000000000000000000, 0.000000000000000000, 1.000000000000000000 ) ) ;
#674 = EDGE_LOOP ( 'NONE', ( #5599, #8284 ) ) ;
#675 = CARTESIAN_POINT ( 'NONE',  ( 3.804415587728416703, -6.200000000000001954, 3.049999999999999822 ) ) ;
#676 = ORIENTED_EDGE ( 'NONE', *, *, #4643, .F. ) ;
#677 = EDGE_LOOP ( 'NONE', ( #3229, #1512, #4311, #6435, #545, #3720 ) ) ;
#678 = EDGE_CURVE ( 'NONE', #2804, #120, #4100, .T. ) ;
#679 = AXIS2_PLACEMENT_3D ( 'NONE', #8765, #713, #3349 ) ;
#680 = ORIENTED_EDGE ( 'NONE', *, *, #8405, .T. ) ;
#681 = DIRECTION ( 'NONE',  ( -0.000000000000000000, -0.000000000000000000, -1.000000000000000000 ) ) ;
#682 = CARTESIAN_POINT ( 'NONE',  ( -24.59704525612474058, 8.196667900320957045, 2.286000000000000032 ) ) ;
#683 = ADVANCED_FACE ( 'NONE', ( #6793 ), #3263, .T. ) ;
#684 = LINE ( 'NONE', #2697, #1889 ) ;
#685 = VERTEX_POINT ( 'NONE', #4014 ) ;
#686 = DIRECTION ( 'NONE',  ( 0.7071067811865475727, -0.7071067811865474617, 0.000000000000000000 ) ) ;
#687 = AXIS2_PLACEMENT_3D ( 'NONE', #3920, #4628, #1355 ) ;
#688 = ORIENTED_EDGE ( 'NONE', *, *, #3491, .F. ) ;
#689 = CARTESIAN_POINT ( 'NONE',  ( 15.40416345659799013, -0.5000000000000000000, -2.286000000000000032 ) ) ;
#690 = AXIS2_PLACEMENT_3D ( 'NONE', #7563, #6276, #806 ) ;
#691 = CARTESIAN_POINT ( 'NONE',  ( -1.104577999219962026, 3.800162411491512682, 1.000000000000000000 ) ) ;
#692 = CARTESIAN_POINT ( 'NONE',  ( 14.56349701478770875, 2.570603795974265360, -2.286000000000000032 ) ) ;
#693 = EDGE_CURVE ( 'NONE', #316, #7839, #5959, .T. ) ;
#694 = DIRECTION ( 'NONE',  ( -0.8660254037844385966, 0.5000000000000001110, 0.000000000000000000 ) ) ;
#695 = ORIENTED_EDGE ( 'NONE', *, *, #4940, .T. ) ;
#696 = VERTEX_POINT ( 'NONE', #4056 ) ;
#697 = DIRECTION ( 'NONE',  ( -0.000000000000000000, -0.000000000000000000, -1.000000000000000000 ) ) ;
#698 = CARTESIAN_POINT ( 'NONE',  ( 9.249837588508471597, -0.7545779992199439512, -1.000000000000000000 ) ) ;
#699 = CARTESIAN_POINT ( 'NONE',  ( -20.70608559214145217, 5.950221290914227801, -1.000000000000000000 ) ) ;
#700 = CARTESIAN_POINT ( 'NONE',  ( -2.599999999999988098, -4.503332099679053790, -1.000000000000000000 ) ) ;
#701 = LINE ( 'NONE', #7493, #1008 ) ;
#702 = FACE_BOUND ( 'NONE', #5637, .T. ) ;
#703 = ORIENTED_EDGE ( 'NONE', *, *, #2332, .T. ) ;
#704 = AXIS2_PLACEMENT_3D ( 'NONE', #106, #7513, #2819 ) ;
#705 = CARTESIAN_POINT ( 'NONE',  ( 11.94542200078005578, -3.450162411491528136, -1.000000000000000000 ) ) ;
#706 = VERTEX_POINT ( 'NONE', #3429 ) ;
#707 = VECTOR ( 'NONE', #5010, 1000.000000000000000 ) ;
#708 = VERTEX_POINT ( 'NONE', #6755 ) ;
#709 = DIRECTION ( 'NONE',  ( 1.000000000000000000, 0.000000000000000000, 0.000000000000000000 ) ) ;
#710 = VECTOR ( 'NONE', #172, 1000.000000000000114 ) ;
#711 = DIRECTION ( 'NONE',  ( 0.5000000000000058842, 0.8660254037844353769, -0.000000000000000000 ) ) ;
#712 = APPROVAL_DATE_TIME ( #1830, #7688 ) ;
#713 = DIRECTION ( 'NONE',  ( -0.000000000000000000, -0.000000000000000000, -1.000000000000000000 ) ) ;
#714 = LINE ( 'NONE', #8679, #855 ) ;
#715 = VECTOR ( 'NONE', #6505, 1000.000000000000000 ) ;
#716 = ADVANCED_FACE ( 'NONE', ( #6141 ), #7382, .F. ) ;
#717 = AXIS2_PLACEMENT_3D ( 'NONE', #7481, #4739, #2038 ) ;
#718 = ORIENTED_EDGE ( 'NONE', *, *, #5448, .F. ) ;
#719 = EDGE_CURVE ( 'NONE', #1949, #8393, #6667, .T. ) ;
#720 = ORIENTED_EDGE ( 'NONE', *, *, #840, .T. ) ;
#721 = VERTEX_POINT ( 'NONE', #3389 ) ;
#722 = AXIS2_PLACEMENT_3D ( 'NONE', #3968, #4677, #1396 ) ;
#723 = DIRECTION ( 'NONE',  ( 1.000000000000000000, 0.000000000000000000, 0.000000000000000000 ) ) ;
#724 = VECTOR ( 'NONE', #4506, 1000.000000000000000 ) ;
#725 = LOCAL_TIME ( 14, 14, 57.00000000000000000, #7902 ) ;
#726 = CARTESIAN_POINT ( 'NONE',  ( -2.965321113607005898, 1.134678673985064723, 2.286000000000000032 ) ) ;
#727 = LINE ( 'NONE', #5359, #4979 ) ;
#728 = DIRECTION ( 'NONE',  ( 0.9659258262890686453, 0.2588190451025195182, 0.000000000000000000 ) ) ;
#729 = ORIENTED_EDGE ( 'NONE', *, *, #6965, .F. ) ;
#730 = EDGE_CURVE ( 'NONE', #123, #2543, #2682, .T. ) ;
#731 = AXIS2_PLACEMENT_3D ( 'NONE', #352, #1688, #2458 ) ;
#732 = AXIS2_PLACEMENT_3D ( 'NONE', #2462, #5064, #4588 ) ;
#733 = VECTOR ( 'NONE', #5266, 1000.000000000000000 ) ;
#734 = EDGE_CURVE ( 'NONE', #2361, #3545, #8166, .T. ) ;
#735 = ORIENTED_EDGE ( 'NONE', *, *, #6453, .T. ) ;
#736 = CARTESIAN_POINT ( 'NONE',  ( -20.43629930681396800, 5.794460106456734927, 3.049999999999999822 ) ) ;
#737 = LINE ( 'NONE', #3451, #1302 ) ;
#738 = CARTESIAN_POINT ( 'NONE',  ( -8.533201514455354797, 4.349295922230510314, 1.000000000000000000 ) ) ;
#739 = AXIS2_PLACEMENT_3D ( 'NONE', #4920, #11, #7461 ) ;
#740 = LINE ( 'NONE', #5490, #2651 ) ;
#741 = ORIENTED_EDGE ( 'NONE', *, *, #4280, .T. ) ;
#742 = VECTOR ( 'NONE', #4614, 1000.000000000000000 ) ;
#743 = VERTEX_POINT ( 'NONE', #2094 ) ;
#744 = ORIENTED_EDGE ( 'NONE', *, *, #8307, .T. ) ;
#745 = CARTESIAN_POINT ( 'NONE',  ( -1.290959663983274108, 6.749778709085800799, -1.000000000000000000 ) ) ;
#746 = LINE ( 'NONE', #3459, #6836 ) ;
#747 = CARTESIAN_POINT ( 'NONE',  ( 17.91862915010151980, 6.200000000000000178, -3.049999999999999822 ) ) ;
#748 = DIRECTION ( 'NONE',  ( 0.000000000000000000, 0.000000000000000000, 1.000000000000000000 ) ) ;
#749 = PLANE ( 'NONE',  #3432 ) ;
#750 = LINE ( 'NONE', #91, #1471 ) ;
#751 = EDGE_LOOP ( 'NONE', ( #1211, #3483, #4461, #4238 ) ) ;
#752 = ADVANCED_FACE ( 'NONE', ( #8000, #4630 ), #5350, .F. ) ;
#753 = EDGE_CURVE ( 'NONE', #7790, #2007, #7895, .T. ) ;
#754 = ORIENTED_EDGE ( 'NONE', *, *, #6795, .F. ) ;
#755 = ORIENTED_EDGE ( 'NONE', *, *, #8305, .T. ) ;
#756 = DIRECTION ( 'NONE',  ( -0.7071067811865479058, 0.7071067811865471286, 0.000000000000000000 ) ) ;
#757 = CARTESIAN_POINT ( 'NONE',  ( 12.69999999999999929, 0.000000000000000000, 1.000000000000000000 ) ) ;
#758 = LINE ( 'NONE', #4965, #6630 ) ;
#759 = ORIENTED_EDGE ( 'NONE', *, *, #77, .F. ) ;
#760 = CYLINDRICAL_SURFACE ( 'NONE', #7521, 3.174999999999999822 ) ;
#761 = EDGE_CURVE ( 'NONE', #5514, #3087, #14, .T. ) ;
#762 = EDGE_CURVE ( 'NONE', #7896, #5545, #1356, .T. ) ;
#763 = ORIENTED_EDGE ( 'NONE', *, *, #8507, .T. ) ;
#764 = VERTEX_POINT ( 'NONE', #5676 ) ;
#765 = ORIENTED_EDGE ( 'NONE', *, *, #3112, .F. ) ;
#766 = ORIENTED_EDGE ( 'NONE', *, *, #3667, .F. ) ;
#767 = CARTESIAN_POINT ( 'NONE',  ( 0.000000000000000000, 0.000000000000000000, 1.000000000000000000 ) ) ;
#768 = CARTESIAN_POINT ( 'NONE',  ( 20.04423881554251352, -4.648654403270934488, 3.049999999999999822 ) ) ;
#769 = LINE ( 'NONE', #7564, #7533 ) ;
#770 = CARTESIAN_POINT ( 'NONE',  ( 23.53650298521228379, -2.570603795974261807, 1.000000000000000000 ) ) ;
#771 = ORIENTED_EDGE ( 'NONE', *, *, #8278, .F. ) ;
#772 = DIRECTION ( 'NONE',  ( -0.7071067811865479058, 0.7071067811865471286, 0.000000000000000000 ) ) ;
#773 = EDGE_CURVE ( 'NONE', #3916, #6223, #8338, .T. ) ;
#774 = ORIENTED_EDGE ( 'NONE', *, *, #6199, .T. ) ;
#775 = CARTESIAN_POINT ( 'NONE',  ( 10.83650298521228450, 2.570603795974262251, 2.286000000000000032 ) ) ;
#776 = LINE ( 'NONE', #691, #6116 ) ;
#777 = DIRECTION ( 'NONE',  ( -0.7071067811865471286, -0.7071067811865479058, 0.000000000000000000 ) ) ;
#778 = CARTESIAN_POINT ( 'NONE',  ( -13.31242066876969687, 13.05373339887579398, -1.000000000000000000 ) ) ;
#779 = VERTEX_POINT ( 'NONE', #2981 ) ;
#780 = EDGE_LOOP ( 'NONE', ( #2630, #8077, #333, #4184, #6549, #6454 ) ) ;
#781 = LINE ( 'NONE', #6161, #40 ) ;
#782 = EDGE_CURVE ( 'NONE', #5067, #2720, #4181, .T. ) ;
#783 = DIRECTION ( 'NONE',  ( 0.000000000000000000, 0.000000000000000000, 1.000000000000000000 ) ) ;
#784 = DIRECTION ( 'NONE',  ( -0.8660254037844387076, 0.5000000000000001110, 0.000000000000000000 ) ) ;
#785 = DIRECTION ( 'NONE',  ( 1.000000000000000000, 8.881784197001252323E-16, 0.000000000000000000 ) ) ;
#786 = DIRECTION ( 'NONE',  ( 1.000000000000000000, 0.000000000000000000, 0.000000000000000000 ) ) ;
#787 = EDGE_CURVE ( 'NONE', #6357, #6721, #7590, .T. ) ;
#788 = DIRECTION ( 'NONE',  ( 0.000000000000000000, 0.000000000000000000, -1.000000000000000000 ) ) ;
#789 = VERTEX_POINT ( 'NONE', #2852 ) ;
#790 = VERTEX_POINT ( 'NONE', #1556 ) ;
#791 = VERTEX_POINT ( 'NONE', #7631 ) ;
#792 = CARTESIAN_POINT ( 'NONE',  ( -24.59704525612474058, 8.196667900320957045, 3.049999999999999822 ) ) ;
#793 = PLANE ( 'NONE',  #7075 ) ;
#794 = LINE ( 'NONE', #7504, #1843 ) ;
#795 = DIRECTION ( 'NONE',  ( 0.7071067811865481278, -0.7071067811865470176, 0.000000000000000000 ) ) ;
#796 = ORIENTED_EDGE ( 'NONE', *, *, #1563, .F. ) ;
#797 = ADVANCED_FACE ( 'NONE', ( #8389 ), #3638, .F. ) ;
#798 = LINE ( 'NONE', #8294, #2574 ) ;
#799 = VECTOR ( 'NONE', #3931, 1000.000000000000000 ) ;
#800 = ORIENTED_EDGE ( 'NONE', *, *, #5824, .T. ) ;
#801 = ORIENTED_EDGE ( 'NONE', *, *, #1777, .F. ) ;
#802 = ORIENTED_EDGE ( 'NONE', *, *, #1281, .T. ) ;
#803 = EDGE_CURVE ( 'NONE', #2716, #6190, #1432, .T. ) ;
#804 = ORIENTED_EDGE ( 'NONE', *, *, #2484, .T. ) ;
#805 = EDGE_CURVE ( 'NONE', #7676, #4093, #1518, .T. ) ;
#806 = DIRECTION ( 'NONE',  ( 1.000000000000000000, 0.000000000000000000, 0.000000000000000000 ) ) ;
#807 = CARTESIAN_POINT ( 'NONE',  ( -19.53172414251771372, 10.69929592223052239, 2.286000000000000032 ) ) ;
#808 = LINE ( 'NONE', #5023, #4560 ) ;
#809 = DIRECTION ( 'NONE',  ( -0.000000000000000000, -0.000000000000000000, -1.000000000000000000 ) ) ;
#810 = CIRCLE ( 'NONE', #5626, 5.199999999999985967 ) ;
#811 = VERTEX_POINT ( 'NONE', #8253 ) ;
#812 = DIRECTION ( 'NONE',  ( 0.2588190451025188521, -0.9659258262890688673, 0.000000000000000000 ) ) ;
#813 = EDGE_CURVE ( 'NONE', #1511, #820, #3509, .T. ) ;
#814 = DIRECTION ( 'NONE',  ( 0.000000000000000000, 0.000000000000000000, 1.000000000000000000 ) ) ;
#815 = FACE_OUTER_BOUND ( 'NONE', #2710, .T. ) ;
#816 = DIRECTION ( 'NONE',  ( -0.000000000000000000, -0.000000000000000000, -1.000000000000000000 ) ) ;
#817 = ORIENTED_EDGE ( 'NONE', *, *, #2374, .F. ) ;
#818 = EDGE_CURVE ( 'NONE', #851, #7162, #4800, .T. ) ;
#819 = VECTOR ( 'NONE', #7552, 1000.000000000000000 ) ;
#820 = VERTEX_POINT ( 'NONE', #2810 ) ;
#821 = EDGE_LOOP ( 'NONE', ( #6608, #7637, #2905, #8052 ) ) ;
#822 = ADVANCED_FACE ( 'NONE', ( #5632 ), #137, .T. ) ;
#823 = CARTESIAN_POINT ( 'NONE',  ( 0.000000000000000000, 0.000000000000000000, -2.286999999999999922 ) ) ;
#824 = CARTESIAN_POINT ( 'NONE',  ( -25.17204525612474342, 12.70000000000000462, 2.286000000000000032 ) ) ;
#825 = CARTESIAN_POINT ( 'NONE',  ( -20.81419333934237059, 10.21738820131617231, 2.286000000000000032 ) ) ;
#826 = DIRECTION ( 'NONE',  ( 0.000000000000000000, 0.000000000000000000, -1.000000000000000000 ) ) ;
#827 = FACE_OUTER_BOUND ( 'NONE', #8162, .T. ) ;
#828 = CARTESIAN_POINT ( 'NONE',  ( 4.601183185237536222, 3.894076404050988760, 1.000000000000000000 ) ) ;
#829 = ORIENTED_EDGE ( 'NONE', *, *, #4755, .F. ) ;
#830 = ADVANCED_FACE ( 'NONE', ( #2180 ), #924, .F. ) ;
#831 = ORIENTED_EDGE ( 'NONE', *, *, #8336, .F. ) ;
#832 = EDGE_CURVE ( 'NONE', #4774, #7487, #534, .T. ) ;
#833 = VERTEX_POINT ( 'NONE', #4261 ) ;
#834 = PLANE ( 'NONE',  #6257 ) ;
#835 = CARTESIAN_POINT ( 'NONE',  ( -25.17204525612474342, 12.70000000000000462, -2.286000000000000032 ) ) ;
#836 = DIRECTION ( 'NONE',  ( -0.8660254037844385966, 0.5000000000000001110, 0.000000000000000000 ) ) ;
#837 = CARTESIAN_POINT ( 'NONE',  ( 25.39999999999999858, 0.000000000000000000, -1.000000000000000000 ) ) ;
#838 = EDGE_LOOP ( 'NONE', ( #7004, #3609, #6596, #637 ) ) ;
#839 = DIRECTION ( 'NONE',  ( 0.000000000000000000, 0.000000000000000000, 1.000000000000000000 ) ) ;
#840 = EDGE_CURVE ( 'NONE', #3197, #4612, #758, .T. ) ;
#841 = ORIENTED_EDGE ( 'NONE', *, *, #6329, .T. ) ;
#842 = VECTOR ( 'NONE', #2695, 1000.000000000000000 ) ;
#843 = ORIENTED_EDGE ( 'NONE', *, *, #6757, .F. ) ;
#844 = EDGE_CURVE ( 'NONE', #2878, #8455, #264, .T. ) ;
#845 = ORIENTED_EDGE ( 'NONE', *, *, #1930, .T. ) ;
#846 = LINE ( 'NONE', #197, #262 ) ;
#847 = FACE_OUTER_BOUND ( 'NONE', #6844, .T. ) ;
#848 = DIRECTION ( 'NONE',  ( -0.8660254037844352659, 0.5000000000000057732, 0.000000000000000000 ) ) ;
#849 = AXIS2_PLACEMENT_3D ( 'NONE', #1807, #4653, #4509 ) ;
#850 = VECTOR ( 'NONE', #3829, 1000.000000000000114 ) ;
#851 = VERTEX_POINT ( 'NONE', #3597 ) ;
#852 = PLANE ( 'NONE',  #5808 ) ;
#853 = VECTOR ( 'NONE', #2082, 1000.000000000000000 ) ;
#854 = EDGE_CURVE ( 'NONE', #5697, #4889, #8292, .T. ) ;
#855 = VECTOR ( 'NONE', #8083, 1000.000000000000000 ) ;
#856 = CIRCLE ( 'NONE', #4698, 3.174999999999999822 ) ;
#857 = ORIENTED_EDGE ( 'NONE', *, *, #2652, .F. ) ;
#858 = CIRCLE ( 'NONE', #6818, 3.175000000000000711 ) ;
#859 = EDGE_CURVE ( 'NONE', #8023, #3517, #4924, .T. ) ;
#860 = AXIS2_PLACEMENT_3D ( 'NONE', #3091, #4944, #2285 ) ;
#861 = CARTESIAN_POINT ( 'NONE',  ( 9.564617248245436798, 0.4999999999999991673, 2.286000000000000032 ) ) ;
#862 = EDGE_LOOP ( 'NONE', ( #2902, #4919, #4723, #1971 ) ) ;
#863 = DIRECTION ( 'NONE',  ( -0.000000000000000000, -0.000000000000000000, -1.000000000000000000 ) ) ;
#864 = DIRECTION ( 'NONE',  ( -0.000000000000000000, -0.000000000000000000, -1.000000000000000000 ) ) ;
#865 = DIRECTION ( 'NONE',  ( -0.000000000000000000, -0.000000000000000000, -1.000000000000000000 ) ) ;
#866 = AXIS2_PLACEMENT_3D ( 'NONE', #1299, #7941, #1162 ) ;
#867 = ORIENTED_EDGE ( 'NONE', *, *, #2161, .T. ) ;
#868 = AXIS2_PLACEMENT_3D ( 'NONE', #322, #1072, #1786 ) ;
#869 = AXIS2_PLACEMENT_3D ( 'NONE', #7178, #309, #3030 ) ;
#870 = AXIS2_PLACEMENT_3D ( 'NONE', #935, #236, #272 ) ;
#871 = VERTEX_POINT ( 'NONE', #6304 ) ;
#872 = EDGE_LOOP ( 'NONE', ( #1781, #6683, #3891, #5104 ) ) ;
#873 = VECTOR ( 'NONE', #4215, 1000.000000000000000 ) ;
#874 = DIRECTION ( 'NONE',  ( -0.8660254037844385966, 0.5000000000000001110, 0.000000000000000000 ) ) ;
#875 = CARTESIAN_POINT ( 'NONE',  ( 9.564617248245436798, -0.4999999999999997780, 2.286000000000000032 ) ) ;
#876 = FACE_OUTER_BOUND ( 'NONE', #5550, .T. ) ;
#877 = EDGE_CURVE ( 'NONE', #6562, #2720, #7477, .T. ) ;
#878 = DIRECTION ( 'NONE',  ( -0.8660254037844379305, 0.5000000000000011102, 0.000000000000000000 ) ) ;
#879 = FACE_OUTER_BOUND ( 'NONE', #2176, .T. ) ;
#880 = VERTEX_POINT ( 'NONE', #5720 ) ;
#881 = EDGE_CURVE ( 'NONE', #7354, #884, #310, .T. ) ;
#882 = VECTOR ( 'NONE', #622, 1000.000000000000000 ) ;
#883 = VERTEX_POINT ( 'NONE', #7803 ) ;
#884 = VERTEX_POINT ( 'NONE', #4347 ) ;
#885 = CARTESIAN_POINT ( 'NONE',  ( 12.69999999999999929, 0.000000000000000000, 2.286000000000000032 ) ) ;
#886 = CARTESIAN_POINT ( 'NONE',  ( 8.207106781186547906, 5.200000000000001066, -1.000000000000000000 ) ) ;
#887 = LINE ( 'NONE', #2809, #1267 ) ;
#888 = DIRECTION ( 'NONE',  ( 0.8660254037844385966, -0.5000000000000001110, 0.000000000000000000 ) ) ;
#889 = ORIENTED_EDGE ( 'NONE', *, *, #2664, .F. ) ;
#890 = FACE_OUTER_BOUND ( 'NONE', #6758, .T. ) ;
#891 = VERTEX_POINT ( 'NONE', #1016 ) ;
#892 = ORIENTED_EDGE ( 'NONE', *, *, #8740, .F. ) ;
#893 = VERTEX_POINT ( 'NONE', #6569 ) ;
#894 = FACE_OUTER_BOUND ( 'NONE', #4327, .T. ) ;
#895 = DIRECTION ( 'NONE',  ( -1.000000000000000000, 0.000000000000000000, 0.000000000000000000 ) ) ;
#896 = LINE ( 'NONE', #2951, #5826 ) ;
#897 = DIRECTION ( 'NONE',  ( 1.000000000000000000, 0.000000000000000000, 0.000000000000000000 ) ) ;
#898 = ADVANCED_FACE ( 'NONE', ( #1639 ), #5189, .T. ) ;
#899 = ORIENTED_EDGE ( 'NONE', *, *, #8106, .T. ) ;
#900 = DIRECTION ( 'NONE',  ( 0.9659258262890696445, 0.2588190451025156325, -0.000000000000000000 ) ) ;
#901 = ORIENTED_EDGE ( 'NONE', *, *, #8768, .F. ) ;
#902 = DIRECTION ( 'NONE',  ( 0.000000000000000000, 0.000000000000000000, 1.000000000000000000 ) ) ;
#903 = DIRECTION ( 'NONE',  ( 1.000000000000000000, 8.195543980992787683E-16, 0.000000000000000000 ) ) ;
#904 = CYLINDRICAL_SURFACE ( 'NONE', #358, 3.175000000000000711 ) ;
#905 = VERTEX_POINT ( 'NONE', #3160 ) ;
#906 = EDGE_CURVE ( 'NONE', #6507, #5037, #1531, .T. ) ;
#907 = ORIENTED_EDGE ( 'NONE', *, *, #2034, .T. ) ;
#908 = ORIENTED_EDGE ( 'NONE', *, *, #6511, .T. ) ;
#909 = DIRECTION ( 'NONE',  ( 0.000000000000000000, 0.000000000000000000, -1.000000000000000000 ) ) ;
#910 = ADVANCED_FACE ( 'NONE', ( #3768 ), #5096, .F. ) ;
#911 = DIRECTION ( 'NONE',  ( 0.8660254037844387076, -0.5000000000000001110, 0.000000000000000000 ) ) ;
#912 = LINE ( 'NONE', #3664, #5764 ) ;
#913 = CARTESIAN_POINT ( 'NONE',  ( -20.81419333934237059, 10.21738820131617231, 12.72085538888886802 ) ) ;
#914 = LINE ( 'NONE', #3628, #3168 ) ;
#915 = ORIENTED_EDGE ( 'NONE', *, *, #2364, .T. ) ;
#916 = VERTEX_POINT ( 'NONE', #5855 ) ;
#917 = ORIENTED_EDGE ( 'NONE', *, *, #2270, .T. ) ;
#918 = CYLINDRICAL_SURFACE ( 'NONE', #4418, 3.175000000000000711 ) ;
#919 = CARTESIAN_POINT ( 'NONE',  ( -7.326469107895388966, 0.01018326504134301966, 3.049999999999999822 ) ) ;
#920 = ADVANCED_FACE ( 'NONE', ( #7230 ), #1104, .T. ) ;
#921 = CARTESIAN_POINT ( 'NONE',  ( 14.25857892700401663, -2.265685708190569692, 12.74539167476553381 ) ) ;
#922 = AXIS2_PLACEMENT_3D ( 'NONE', #5653, #8362, #4370 ) ;
#923 = DIRECTION ( 'NONE',  ( -0.7071067811865479058, -0.7071067811865471286, 0.000000000000000000 ) ) ;
#924 = PLANE ( 'NONE',  #1964 ) ;
#925 = VERTEX_POINT ( 'NONE', #3675 ) ;
#926 = DIRECTION ( 'NONE',  ( 0.000000000000000000, 0.000000000000000000, 1.000000000000000000 ) ) ;
#927 = EDGE_CURVE ( 'NONE', #2031, #1460, #1733, .T. ) ;
#928 = VERTEX_POINT ( 'NONE', #6472 ) ;
#929 = ADVANCED_FACE ( 'NONE', ( #3813 ), #347, .F. ) ;
#930 = VECTOR ( 'NONE', #5524, 1000.000000000000000 ) ;
#931 = EDGE_LOOP ( 'NONE', ( #4374, #8236, #5773, #8539 ) ) ;
#932 = ORIENTED_EDGE ( 'NONE', *, *, #5513, .T. ) ;
#933 = DIRECTION ( 'NONE',  ( 1.000000000000000000, 0.000000000000000000, 0.000000000000000000 ) ) ;
#934 = CARTESIAN_POINT ( 'NONE',  ( -2.965321113607005898, 1.134678673985064723, 2.286000000000000032 ) ) ;
#935 = CARTESIAN_POINT ( 'NONE',  ( -24.59704525612474058, 8.196667900320957045, 3.049999999999999822 ) ) ;
#936 = FACE_OUTER_BOUND ( 'NONE', #8552, .T. ) ;
#937 = VERTEX_POINT ( 'NONE', #2311 ) ;
#938 = DIRECTION ( 'NONE',  ( 0.000000000000000000, 0.000000000000000000, 1.000000000000000000 ) ) ;
#939 = VECTOR ( 'NONE', #3950, 1000.000000000000000 ) ;
#940 = EDGE_CURVE ( 'NONE', #203, #4331, #3203, .T. ) ;
#941 = ORIENTED_EDGE ( 'NONE', *, *, #7687, .F. ) ;
#942 = AXIS2_PLACEMENT_3D ( 'NONE', #6032, #8744, #5328 ) ;
#943 = CYLINDRICAL_SURFACE ( 'NONE', #288, 3.175000000000004263 ) ;
#944 = ADVANCED_FACE ( 'NONE', ( #969 ), #4475, .F. ) ;
#945 = CARTESIAN_POINT ( 'NONE',  ( 1.545259589288543900, 6.266987298107782323, 1.000000000000000000 ) ) ;
#946 = CARTESIAN_POINT ( 'NONE',  ( -25.09704525612470150, 7.330642496536643904, -3.049999999999999822 ) ) ;
#947 = CARTESIAN_POINT ( 'NONE',  ( 20.59558441227158099, 5.200000000000001066, -2.286000000000000032 ) ) ;
#948 = ORIENTED_EDGE ( 'NONE', *, *, #7165, .F. ) ;
#949 = VECTOR ( 'NONE', #542, 1000.000000000000000 ) ;
#950 = ORIENTED_EDGE ( 'NONE', *, *, #818, .T. ) ;
#951 = EDGE_LOOP ( 'NONE', ( #269, #452, #8590, #2533, #7232, #1977, #6689, #2508, #8319, #124, #3689, #6650, #399, #5036, #2909, #6479, #4878, #1006, #7735, #7121, #8012, #4241, #1770, #7994, #3514, #7132, #5849 ) ) ;
#952 = DIRECTION ( 'NONE',  ( -0.7071067811865446862, 0.7071067811865503483, 0.000000000000000000 ) ) ;
#953 = ADVANCED_FACE ( 'NONE', ( #2350 ), #5054, .T. ) ;
#954 = LINE ( 'NONE', #2967, #987 ) ;
#955 = CARTESIAN_POINT ( 'NONE',  ( -12.18137454484471149, 8.832611798683867477, -2.286000000000000032 ) ) ;
#956 = DIRECTION ( 'NONE',  ( -0.7071067811865479058, 0.7071067811865471286, -0.000000000000000000 ) ) ;
#957 = LINE ( 'NONE', #8505, #7291 ) ;
#958 = ORIENTED_EDGE ( 'NONE', *, *, #8318, .F. ) ;
#959 = AXIS2_PLACEMENT_3D ( 'NONE', #1784, #8399, #7146 ) ;
#960 = ADVANCED_FACE ( 'NONE', ( #7088 ), #3072, .F. ) ;
#961 = EDGE_CURVE ( 'NONE', #4573, #8212, #2450, .T. ) ;
#962 = EDGE_LOOP ( 'NONE', ( #2663, #246 ) ) ;
#963 = ORIENTED_EDGE ( 'NONE', *, *, #5810, .F. ) ;
#964 = FACE_OUTER_BOUND ( 'NONE', #6968, .T. ) ;
#965 = DIRECTION ( 'NONE',  ( 0.000000000000000000, 0.000000000000000000, 1.000000000000000000 ) ) ;
#966 = DIRECTION ( 'NONE',  ( -0.7071067811865472397, 0.7071067811865479058, 0.000000000000000000 ) ) ;
#967 = VECTOR ( 'NONE', #3871, 1000.000000000000000 ) ;
#968 = CARTESIAN_POINT ( 'NONE',  ( 10.83650298521228805, -2.570603795974265360, 2.286000000000000032 ) ) ;
#969 = FACE_OUTER_BOUND ( 'NONE', #8009, .T. ) ;
#970 = ORIENTED_EDGE ( 'NONE', *, *, #3885, .F. ) ;
#971 = CARTESIAN_POINT ( 'NONE',  ( -10.99852262806236958, 6.350000000000002309, -2.286000000000000032 ) ) ;
#972 = ORIENTED_EDGE ( 'NONE', *, *, #6050, .F. ) ;
#973 = ORIENTED_EDGE ( 'NONE', *, *, #6364, .T. ) ;
#974 = ORIENTED_EDGE ( 'NONE', *, *, #4366, .T. ) ;
#975 = LINE ( 'NONE', #5060, #4146 ) ;
#976 = DIRECTION ( 'NONE',  ( -0.9659258262890686453, -0.2588190451025196293, 0.000000000000000000 ) ) ;
#977 = CARTESIAN_POINT ( 'NONE',  ( 10.12939620402574015, -1.863497014787717898, 2.286000000000000032 ) ) ;
#978 = PLANE ( 'NONE',  #2733 ) ;
#979 = DIRECTION ( 'NONE',  ( 0.000000000000000000, 0.000000000000000000, -1.000000000000000000 ) ) ;
#980 = EDGE_CURVE ( 'NONE', #6785, #6985, #1775, .T. ) ;
#981 = CIRCLE ( 'NONE', #4686, 3.174999999999999822 ) ;
#982 = ADVANCED_FACE ( 'NONE', ( #3250 ), #4619, .T. ) ;
#983 = EDGE_LOOP ( 'NONE', ( #1470, #2684, #1594, #6090 ) ) ;
#984 = CARTESIAN_POINT ( 'NONE',  ( -8.684624587355029846, -0.3537333988757697667, -1.000000000000000000 ) ) ;
#985 = VECTOR ( 'NONE', #4337, 1000.000000000000114 ) ;
#986 = CARTESIAN_POINT ( 'NONE',  ( -19.03172414251772082, 11.56532132601496521, -1.000000000000000000 ) ) ;
#987 = VECTOR ( 'NONE', #3663, 1000.000000000000000 ) ;
#988 = DIRECTION ( 'NONE',  ( 0.7071067811865479058, -0.7071067811865470176, 0.000000000000000000 ) ) ;
#989 = CARTESIAN_POINT ( 'NONE',  ( -18.89704525612463115, 18.06935750346364955, -3.049999999999999822 ) ) ;
#990 = EDGE_CURVE ( 'NONE', #6188, #6068, #6002, .T. ) ;
#991 = EDGE_LOOP ( 'NONE', ( #6830, #1859, #6333, #7475, #8254, #3398 ) ) ;
#992 = VECTOR ( 'NONE', #6518, 1000.000000000000114 ) ;
#993 = AXIS2_PLACEMENT_3D ( 'NONE', #4900, #7605, #1533 ) ;
#994 = CIRCLE ( 'NONE', #6252, 2.100000000000000977 ) ;
#995 = ORIENTED_EDGE ( 'NONE', *, *, #2096, .F. ) ;
#996 = ORIENTED_EDGE ( 'NONE', *, *, #2215, .F. ) ;
#997 = CARTESIAN_POINT ( 'NONE',  ( 11.14142107299598017, 2.265685708190568803, 12.74539167476553381 ) ) ;
#998 = LINE ( 'NONE', #336, #422 ) ;
#999 = CIRCLE ( 'NONE', #5977, 5.199999999999985967 ) ;
#1000 = AXIS2_PLACEMENT_3D ( 'NONE', #7393, #1322, #6849 ) ;
#1001 = VECTOR ( 'NONE', #5132, 1000.000000000000000 ) ;
#1002 = DIRECTION ( 'NONE',  ( -0.000000000000000000, -0.000000000000000000, -1.000000000000000000 ) ) ;
#1003 = VECTOR ( 'NONE', #1565, 1000.000000000000000 ) ;
#1004 = FACE_OUTER_BOUND ( 'NONE', #8111, .T. ) ;
#1005 = DIRECTION ( 'NONE',  ( 1.000000000000000000, 7.434522636839145511E-17, 0.000000000000000000 ) ) ;
#1006 = ORIENTED_EDGE ( 'NONE', *, *, #1647, .T. ) ;
#1007 = VECTOR ( 'NONE', #3996, 1000.000000000000114 ) ;
#1008 = VECTOR ( 'NONE', #6906, 1000.000000000000114 ) ;
#1009 = ORIENTED_EDGE ( 'NONE', *, *, #2954, .F. ) ;
#1010 = EDGE_LOOP ( 'NONE', ( #8137, #2314, #2468, #3947 ) ) ;
#1011 = LINE ( 'NONE', #3722, #5125 ) ;
#1012 = DIRECTION ( 'NONE',  ( 0.2588190451025196293, -0.9659258262890686453, 0.000000000000000000 ) ) ;
#1013 = LINE ( 'NONE', #4303, #6933 ) ;
#1014 = EDGE_CURVE ( 'NONE', #4774, #5130, #1253, .T. ) ;
#1015 = DIRECTION ( 'NONE',  ( 0.7071067811865475727, 0.7071067811865474617, 0.000000000000000000 ) ) ;
#1016 = CARTESIAN_POINT ( 'NONE',  ( 3.135382751754560271, 0.5000000000000000000, -1.000000000000000000 ) ) ;
#1017 = AXIS2_PLACEMENT_3D ( 'NONE', #997, #7699, #3754 ) ;
#1018 = ORIENTED_EDGE ( 'NONE', *, *, #2484, .F. ) ;
#1019 = DIRECTION ( 'NONE',  ( 1.000000000000000000, 0.000000000000000000, 0.000000000000000000 ) ) ;
#1020 = EDGE_CURVE ( 'NONE', #7129, #3216, #5339, .T. ) ;
#1021 = VERTEX_POINT ( 'NONE', #7286 ) ;
#1022 = ORIENTED_EDGE ( 'NONE', *, *, #569, .F. ) ;
#1023 = VECTOR ( 'NONE', #3379, 1000.000000000000000 ) ;
#1024 = DIRECTION ( 'NONE',  ( 0.000000000000000000, 0.000000000000000000, 1.000000000000000000 ) ) ;
#1025 = VECTOR ( 'NONE', #1383, 1000.000000000000114 ) ;
#1026 = EDGE_CURVE ( 'NONE', #2940, #696, #6773, .T. ) ;
#1027 = DIRECTION ( 'NONE',  ( -0.7071067811865503483, -0.7071067811865446862, 0.000000000000000000 ) ) ;
#1028 = DIRECTION ( 'NONE',  ( 1.000000000000000000, 0.000000000000000000, 0.000000000000000000 ) ) ;
#1029 = EDGE_CURVE ( 'NONE', #2727, #7636, #6615, .T. ) ;
#1030 = CARTESIAN_POINT ( 'NONE',  ( 18.05576118445748790, -4.648654403270951363, 3.049999999999999822 ) ) ;
#1031 = ORIENTED_EDGE ( 'NONE', *, *, #1455, .T. ) ;
#1032 = FACE_OUTER_BOUND ( 'NONE', #8070, .T. ) ;
#1033 = ORIENTED_EDGE ( 'NONE', *, *, #586, .T. ) ;
#1034 = AXIS2_PLACEMENT_3D ( 'NONE', #1593, #4297, #5623 ) ;
#1035 = LINE ( 'NONE', #4284, #3286 ) ;
#1036 = VERTEX_POINT ( 'NONE', #7328 ) ;
#1037 = DIRECTION ( 'NONE',  ( 1.000000000000000000, 0.000000000000000000, 0.000000000000000000 ) ) ;
#1038 = CARTESIAN_POINT ( 'NONE',  ( -8.898522628062368156, 6.350000000000002309, -2.286999999999999922 ) ) ;
#1039 = LINE ( 'NONE', #501, #8034 ) ;
#1040 = CARTESIAN_POINT ( 'NONE',  ( 21.59558441227158099, -6.200000000000001954, -2.286000000000000032 ) ) ;
#1041 = DIRECTION ( 'NONE',  ( -0.000000000000000000, -0.000000000000000000, -1.000000000000000000 ) ) ;
#1042 = ORIENTED_EDGE ( 'NONE', *, *, #6720, .T. ) ;
#1043 = ORIENTED_EDGE ( 'NONE', *, *, #4632, .T. ) ;
#1044 = ADVANCED_FACE ( 'NONE', ( #1958 ), #3954, .T. ) ;
#1045 = VERTEX_POINT ( 'NONE', #7370 ) ;
#1046 = DIRECTION ( 'NONE',  ( 1.000000000000000000, 1.365923996832131609E-16, 0.000000000000000000 ) ) ;
#1047 = LINE ( 'NONE', #4951, #8657 ) ;
#1048 = CARTESIAN_POINT ( 'NONE',  ( 20.59558441227158099, 5.200000000000001066, 2.286000000000000032 ) ) ;
#1049 = DIRECTION ( 'NONE',  ( 0.9659258262890685343, 0.2588190451025199068, -0.000000000000000000 ) ) ;
#1050 = FACE_OUTER_BOUND ( 'NONE', #1406, .T. ) ;
#1051 = ORIENTED_EDGE ( 'NONE', *, *, #1316, .F. ) ;
#1052 = EDGE_CURVE ( 'NONE', #8231, #5736, #7938, .T. ) ;
#1053 = EDGE_LOOP ( 'NONE', ( #2202, #800, #1242, #4222, #8716, #2060, #6916 ) ) ;
#1054 = ORIENTED_EDGE ( 'NONE', *, *, #5493, .T. ) ;
#1055 = DIRECTION ( 'NONE',  ( -0.000000000000000000, -0.000000000000000000, -1.000000000000000000 ) ) ;
#1056 = CARTESIAN_POINT ( 'NONE',  ( -10.99852262806236958, 6.350000000000002309, 2.286000000000000032 ) ) ;
#1057 = CARTESIAN_POINT ( 'NONE',  ( 23.13431429180943510, -1.558578927004019343, 12.74539167476553381 ) ) ;
#1058 = EDGE_CURVE ( 'NONE', #2593, #1277, #4662, .T. ) ;
#1059 = CARTESIAN_POINT ( 'NONE',  ( 3.135382751754560271, -0.5000000000000000000, 1.000000000000000444 ) ) ;
#1060 = DIRECTION ( 'NONE',  ( 0.000000000000000000, 0.000000000000000000, 1.000000000000000000 ) ) ;
#1061 = ORIENTED_EDGE ( 'NONE', *, *, #6965, .T. ) ;
#1062 = FACE_OUTER_BOUND ( 'NONE', #2466, .T. ) ;
#1063 = DIRECTION ( 'NONE',  ( 1.000000000000000000, 0.000000000000000000, -0.000000000000000000 ) ) ;
#1064 = VECTOR ( 'NONE', #6167, 1000.000000000000000 ) ;
#1065 = VERTEX_POINT ( 'NONE', #5835 ) ;
#1066 = ORIENTED_EDGE ( 'NONE', *, *, #6541, .F. ) ;
#1067 = PLANE ( 'NONE',  #3848 ) ;
#1068 = CIRCLE ( 'NONE', #6047, 3.175000000000004263 ) ;
#1069 = EDGE_CURVE ( 'NONE', #2659, #8266, #6450, .T. ) ;
#1070 = CARTESIAN_POINT ( 'NONE',  ( -18.32499173595777364, 6.360183265041365885, 3.049999999999999822 ) ) ;
#1071 = APPROVAL_STATUS ( 'not_yet_approved' ) ;
#1072 = DIRECTION ( 'NONE',  ( 0.7071067811865475727, 0.7071067811865474617, -0.000000000000000000 ) ) ;
#1073 = EDGE_LOOP ( 'NONE', ( #4735, #115, #5392, #3709 ) ) ;
#1074 = DIRECTION ( 'NONE',  ( 0.9659258262890686453, 0.2588190451025198513, 0.000000000000000000 ) ) ;
#1075 = VECTOR ( 'NONE', #5277, 1000.000000000000000 ) ;
#1076 = ADVANCED_FACE ( 'NONE', ( #407 ), #2561, .F. ) ;
#1077 = ORIENTED_EDGE ( 'NONE', *, *, #8536, .F. ) ;
#1078 = CARTESIAN_POINT ( 'NONE',  ( -10.71196463788719555, 3.348699368773319751, -1.000000000000000000 ) ) ;
#1079 = EDGE_LOOP ( 'NONE', ( #5776, #1939, #5454, #8011 ) ) ;
#1080 = CYLINDRICAL_SURFACE ( 'NONE', #2709, 3.174999999999999822 ) ;
#1081 = CARTESIAN_POINT ( 'NONE',  ( 12.69999999999999929, 0.000000000000000000, 2.286000000000000032 ) ) ;
#1082 = CARTESIAN_POINT ( 'NONE',  ( 20.28743686707645111, -5.819669914110093600, 12.74539167476553381 ) ) ;
#1083 = DIRECTION ( 'NONE',  ( 0.000000000000000000, 0.000000000000000000, 1.000000000000000000 ) ) ;
#1084 = DIRECTION ( 'NONE',  ( -0.7071067811865474617, 0.7071067811865476838, 0.000000000000000000 ) ) ;
#1085 = VECTOR ( 'NONE', #8586, 1000.000000000000000 ) ;
#1086 = EDGE_CURVE ( 'NONE', #59, #884, #5922, .T. ) ;
#1087 = ORIENTED_EDGE ( 'NONE', *, *, #3518, .T. ) ;
#1088 = ORIENTED_EDGE ( 'NONE', *, *, #5102, .T. ) ;
#1089 = EDGE_LOOP ( 'NONE', ( #131, #3604 ) ) ;
#1090 = DIRECTION ( 'NONE',  ( -0.9659258262890686453, -0.2588190451025195737, 0.000000000000000000 ) ) ;
#1091 = CARTESIAN_POINT ( 'NONE',  ( 3.544076404050987783, 8.448816814762466265, -1.000000000000000000 ) ) ;
#1092 = DIRECTION ( 'NONE',  ( 1.000000000000000000, 0.000000000000000000, -0.000000000000000000 ) ) ;
#1093 = LINE ( 'NONE', #3801, #715 ) ;
#1094 = DIRECTION ( 'NONE',  ( 1.000000000000000000, 0.000000000000000000, 0.000000000000000000 ) ) ;
#1095 = EDGE_CURVE ( 'NONE', #2222, #5593, #2471, .T. ) ;
#1096 = EDGE_CURVE ( 'NONE', #2304, #7698, #8634, .T. ) ;
#1097 = AXIS2_PLACEMENT_3D ( 'NONE', #4306, #4145, #6838 ) ;
#1098 = ORIENTED_EDGE ( 'NONE', *, *, #2963, .T. ) ;
#1099 = ORIENTED_EDGE ( 'NONE', *, *, #5138, .T. ) ;
#1100 = CARTESIAN_POINT ( 'NONE',  ( 25.40000000000000213, 5.200000000000001066, -3.049999999999999822 ) ) ;
#1101 = CARTESIAN_POINT ( 'NONE',  ( 17.50441558772843820, 5.200000000000001066, 3.049999999999999822 ) ) ;
#1102 = CARTESIAN_POINT ( 'NONE',  ( 10.95118318523754120, -2.455923595949009552, -1.000000000000000000 ) ) ;
#1103 = CARTESIAN_POINT ( 'NONE',  ( -13.89766028073213100, 5.055540317015449148, 2.286000000000000032 ) ) ;
#1104 = PLANE ( 'NONE',  #4785 ) ;
#1105 = CIRCLE ( 'NONE', #7486, 3.175000000000000711 ) ;
#1106 = ORIENTED_EDGE ( 'NONE', *, *, #8361, .T. ) ;
#1107 = DIRECTION ( 'NONE',  ( -0.2588190451025199068, 0.9659258262890685343, 0.000000000000000000 ) ) ;
#1108 = EDGE_CURVE ( 'NONE', #5077, #7180, #2370, .T. ) ;
#1109 = LINE ( 'NONE', #1779, #2547 ) ;
#1110 = EDGE_CURVE ( 'NONE', #1706, #6188, #1228, .T. ) ;
#1111 = VERTEX_POINT ( 'NONE', #7964 ) ;
#1112 = CIRCLE ( 'NONE', #8635, 3.174999999999999822 ) ;
#1113 = ORIENTED_EDGE ( 'NONE', *, *, #1596, .F. ) ;
#1114 = DIRECTION ( 'NONE',  ( -0.2588190451025204619, 0.9659258262890684232, 0.000000000000000000 ) ) ;
#1115 = CARTESIAN_POINT ( 'NONE',  ( -4.154740410711463383, -3.605702305034792943, -1.000000000000000000 ) ) ;
#1116 = CALENDAR_DATE ( 2022, 6, 6 ) ;
#1117 = FACE_OUTER_BOUND ( 'NONE', #838, .T. ) ;
#1118 = ORIENTED_EDGE ( 'NONE', *, *, #803, .F. ) ;
#1119 = CARTESIAN_POINT ( 'NONE',  ( 22.26461724824543964, -0.5000000000000000000, 2.286000000000000032 ) ) ;
#1120 = EDGE_CURVE ( 'NONE', #3830, #6407, #7775, .T. ) ;
#1121 = EDGE_CURVE ( 'NONE', #6714, #6004, #7202, .T. ) ;
#1122 = VERTEX_POINT ( 'NONE', #551 ) ;
#1123 = LINE ( 'NONE', #636, #7236 ) ;
#1124 = ORIENTED_EDGE ( 'NONE', *, *, #3029, .F. ) ;
#1125 = CARTESIAN_POINT ( 'NONE',  ( 12.69999999999999929, 0.000000000000000000, -2.286000000000000032 ) ) ;
#1126 = DIRECTION ( 'NONE',  ( 1.000000000000000000, 0.000000000000000000, 0.000000000000000000 ) ) ;
#1127 = DIRECTION ( 'NONE',  ( 0.7071067811865472397, -0.7071067811865479058, 0.000000000000000000 ) ) ;
#1128 = DIRECTION ( 'NONE',  ( 0.000000000000000000, 0.000000000000000000, 1.000000000000000000 ) ) ;
#1129 = CARTESIAN_POINT ( 'NONE',  ( -3.174999999999999822, 0.000000000000000000, 2.286000000000000032 ) ) ;
#1130 = VECTOR ( 'NONE', #4107, 1000.000000000000000 ) ;
#1131 = EDGE_CURVE ( 'NONE', #2804, #8647, #8451, .T. ) ;
#1132 = ORIENTED_EDGE ( 'NONE', *, *, #1624, .T. ) ;
#1133 = ORIENTED_EDGE ( 'NONE', *, *, #844, .F. ) ;
#1134 = VECTOR ( 'NONE', #681, 1000.000000000000000 ) ;
#1135 = DIRECTION ( 'NONE',  ( 0.8660254037844387076, -0.5000000000000001110, 0.000000000000000000 ) ) ;
#1136 = ORIENTED_EDGE ( 'NONE', *, *, #4041, .T. ) ;
#1137 = DIRECTION ( 'NONE',  ( 1.000000000000000000, 0.000000000000000000, 0.000000000000000000 ) ) ;
#1138 = DIRECTION ( 'NONE',  ( 0.000000000000000000, -1.000000000000000000, 0.000000000000000000 ) ) ;
#1139 = LINE ( 'NONE', #3236, #8608 ) ;
#1140 = CARTESIAN_POINT ( 'NONE',  ( -27.19704525612472068, 12.70000000000003659, 3.049999999999999822 ) ) ;
#1141 = VECTOR ( 'NONE', #3149, 1000.000000000000000 ) ;
#1142 = AXIS2_PLACEMENT_3D ( 'NONE', #6537, #3319, #1976 ) ;
#1143 = LINE ( 'NONE', #5285, #4016 ) ;
#1144 = EDGE_LOOP ( 'NONE', ( #55, #5605, #3969, #6201, #5412, #889, #2235 ) ) ;
#1145 = VECTOR ( 'NONE', #3375, 1000.000000000000114 ) ;
#1146 = ORIENTED_EDGE ( 'NONE', *, *, #3325, .F. ) ;
#1147 = VERTEX_POINT ( 'NONE', #365 ) ;
#1148 = VECTOR ( 'NONE', #435, 1000.000000000000000 ) ;
#1149 = VERTEX_POINT ( 'NONE', #7156 ) ;
#1150 = DIRECTION ( 'NONE',  ( -0.7071067811865472397, 0.7071067811865479058, 0.000000000000000000 ) ) ;
#1151 = VECTOR ( 'NONE', #2036, 1000.000000000000000 ) ;
#1152 = CARTESIAN_POINT ( 'NONE',  ( 2.570603795974260919, 1.863497014787713457, 2.286000000000000032 ) ) ;
#1153 = VECTOR ( 'NONE', #777, 1000.000000000000114 ) ;
#1154 = LINE ( 'NONE', #8068, #153 ) ;
#1155 = CARTESIAN_POINT ( 'NONE',  ( 22.26461724824543964, 0.5000000000000005551, 2.286000000000000032 ) ) ;
#1156 = ORIENTED_EDGE ( 'NONE', *, *, #7341, .F. ) ;
#1157 = DIRECTION ( 'NONE',  ( -0.000000000000000000, -0.000000000000000000, -1.000000000000000000 ) ) ;
#1158 = EDGE_CURVE ( 'NONE', #7079, #6015, #1039, .T. ) ;
#1159 = DIRECTION ( 'NONE',  ( 0.9659258262890686453, 0.2588190451025196848, -0.000000000000000000 ) ) ;
#1160 = LINE ( 'NONE', #2679, #2188 ) ;
#1161 = ORIENTED_EDGE ( 'NONE', *, *, #5800, .T. ) ;
#1162 = DIRECTION ( 'NONE',  ( 1.000000000000000000, 8.881784197001252323E-16, 0.000000000000000000 ) ) ;
#1163 = DIRECTION ( 'NONE',  ( 0.000000000000000000, 0.000000000000000000, 1.000000000000000000 ) ) ;
#1164 = VECTOR ( 'NONE', #2403, 1000.000000000000000 ) ;
#1165 = VECTOR ( 'NONE', #1831, 1000.000000000000000 ) ;
#1166 = VECTOR ( 'NONE', #7580, 1000.000000000000000 ) ;
#1167 = EDGE_LOOP ( 'NONE', ( #5439, #2737, #7625, #2245 ) ) ;
#1168 = ORIENTED_EDGE ( 'NONE', *, *, #6594, .T. ) ;
#1169 = CARTESIAN_POINT ( 'NONE',  ( 25.39999999999999858, 0.000000000000000000, -1.000000000000000000 ) ) ;
#1170 = CIRCLE ( 'NONE', #6132, 6.199999999999997513 ) ;
#1171 = CARTESIAN_POINT ( 'NONE',  ( 0.000000000000000000, 0.000000000000000000, -1.000000000000000000 ) ) ;
#1172 = PERSON_AND_ORGANIZATION ( #3919, #5274 ) ;
#1173 = FACE_OUTER_BOUND ( 'NONE', #2026, .T. ) ;
#1174 = ORIENTED_EDGE ( 'NONE', *, *, #7558, .T. ) ;
#1175 = CARTESIAN_POINT ( 'NONE',  ( -4.507562964079088630, 8.606885490272359718, 3.049999999999999822 ) ) ;
#1176 = VECTOR ( 'NONE', #4881, 1000.000000000000000 ) ;
#1177 = VECTOR ( 'NONE', #7307, 1000.000000000000000 ) ;
#1178 = VERTEX_POINT ( 'NONE', #5875 ) ;
#1179 = DIRECTION ( 'NONE',  ( 0.000000000000000000, 0.000000000000000000, 1.000000000000000000 ) ) ;
#1180 = ORIENTED_EDGE ( 'NONE', *, *, #1452, .T. ) ;
#1181 = CARTESIAN_POINT ( 'NONE',  ( -21.99704525612473915, 12.70000000000000462, 2.286000000000000032 ) ) ;
#1182 = CARTESIAN_POINT ( 'NONE',  ( -20.70258557314015846, 9.800862347330253854, 2.286000000000000032 ) ) ;
#1183 = EDGE_CURVE ( 'NONE', #4093, #4502, #8492, .T. ) ;
#1184 = CARTESIAN_POINT ( 'NONE',  ( -7.326469107895388966, 0.01018326504134301966, 3.049999999999999822 ) ) ;
#1185 = DIRECTION ( 'NONE',  ( 0.7071067811865474617, -0.7071067811865476838, 0.000000000000000000 ) ) ;
#1186 = DIRECTION ( 'NONE',  ( 1.000000000000000000, 0.000000000000000000, 0.000000000000000000 ) ) ;
#1187 = VECTOR ( 'NONE', #5464, 1000.000000000000000 ) ;
#1188 = ORIENTED_EDGE ( 'NONE', *, *, #586, .F. ) ;
#1189 = ORIENTED_EDGE ( 'NONE', *, *, #7957, .F. ) ;
#1190 = FACE_OUTER_BOUND ( 'NONE', #4690, .T. ) ;
#1191 = ORIENTED_EDGE ( 'NONE', *, *, #7483, .T. ) ;
#1192 = DIRECTION ( 'NONE',  ( 0.2588190451025196293, -0.9659258262890686453, 0.000000000000000000 ) ) ;
#1193 = CARTESIAN_POINT ( 'NONE',  ( -13.96384374166937192, 7.484678673985080799, 2.286000000000000032 ) ) ;
#1194 = ADVANCED_FACE ( 'NONE', ( #7114 ), #2420, .F. ) ;
#1195 = VECTOR ( 'NONE', #2122, 1000.000000000000000 ) ;
#1196 = CARTESIAN_POINT ( 'NONE',  ( 19.04999999999999361, -5.068629150101528147, 3.050999999999999712 ) ) ;
#1197 = LINE ( 'NONE', #6602, #3129 ) ;
#1198 = CARTESIAN_POINT ( 'NONE',  ( 17.19289321881344534, 5.200000000000001066, 1.000000000000000444 ) ) ;
#1199 = EDGE_LOOP ( 'NONE', ( #4120, #7279, #4298, #267 ) ) ;
#1200 = VERTEX_POINT ( 'NONE', #3789 ) ;
#1201 = EDGE_CURVE ( 'NONE', #6457, #2031, #5123, .T. ) ;
#1202 = ADVANCED_FACE ( 'NONE', ( #7865 ), #1796, .F. ) ;
#1203 = VERTEX_POINT ( 'NONE', #6542 ) ;
#1204 = LINE ( 'NONE', #566, #6831 ) ;
#1205 = CARTESIAN_POINT ( 'NONE',  ( -8.898522628062368156, 6.350000000000002309, 2.286000000000000032 ) ) ;
#1206 = CYLINDRICAL_SURFACE ( 'NONE', #6109, 3.175000000000000711 ) ;
#1207 = ORIENTED_EDGE ( 'NONE', *, *, #3753, .T. ) ;
#1208 = DIRECTION ( 'NONE',  ( -1.000000000000000000, -3.414809992080329023E-17, 0.000000000000000000 ) ) ;
#1209 = DIRECTION ( 'NONE',  ( 1.000000000000000000, 3.414809992080329023E-17, 0.000000000000000000 ) ) ;
#1210 = DIRECTION ( 'NONE',  ( 0.000000000000000000, 0.000000000000000000, 1.000000000000000000 ) ) ;
#1211 = ORIENTED_EDGE ( 'NONE', *, *, #4070, .T. ) ;
#1212 = LINE ( 'NONE', #3911, #5825 ) ;
#1213 = FACE_OUTER_BOUND ( 'NONE', #4158, .T. ) ;
#1214 = EDGE_CURVE ( 'NONE', #1472, #8770, #3179, .T. ) ;
#1215 = ORIENTED_EDGE ( 'NONE', *, *, #5677, .F. ) ;
#1216 = ORIENTED_EDGE ( 'NONE', *, *, #7645, .T. ) ;
#1217 = CARTESIAN_POINT ( 'NONE',  ( -18.89704525612463115, 18.06935750346364955, 1.000000000000000000 ) ) ;
#1218 = DIRECTION ( 'NONE',  ( -0.000000000000000000, -0.000000000000000000, 1.000000000000000000 ) ) ;
#1219 = CARTESIAN_POINT ( 'NONE',  ( 2.704163456597991733, -0.5000000000000000000, 2.286000000000000032 ) ) ;
#1220 = CARTESIAN_POINT ( 'NONE',  ( -10.66998877136687440, 3.192043302227724588, 2.286000000000000032 ) ) ;
#1221 = EDGE_CURVE ( 'NONE', #1268, #1985, #642, .T. ) ;
#1222 = EDGE_CURVE ( 'NONE', #6004, #2079, #6025, .T. ) ;
#1223 = EDGE_LOOP ( 'NONE', ( #2452, #5017, #7264, #3581, #1336, #8366, #4583, #804, #7301, #8509, #6577, #4060, #7510, #7 ) ) ;
#1224 = CYLINDRICAL_SURFACE ( 'NONE', #3130, 6.200000000000003730 ) ;
#1225 = ORIENTED_EDGE ( 'NONE', *, *, #662, .T. ) ;
#1226 = FACE_OUTER_BOUND ( 'NONE', #1542, .T. ) ;
#1227 = LINE ( 'NONE', #406, #6117 ) ;
#1228 = LINE ( 'NONE', #4598, #1085 ) ;
#1229 = PLANE ( 'NONE',  #4017 ) ;
#1230 = CARTESIAN_POINT ( 'NONE',  ( -6.394720545526317856, -3.467149709599302909, -3.049999999999999822 ) ) ;
#1231 = VECTOR ( 'NONE', #3453, 1000.000000000000000 ) ;
#1232 = EDGE_CURVE ( 'NONE', #3916, #743, #7442, .T. ) ;
#1233 = EDGE_CURVE ( 'NONE', #925, #3230, #8735, .T. ) ;
#1234 = VERTEX_POINT ( 'NONE', #7396 ) ;
#1235 = ORIENTED_EDGE ( 'NONE', *, *, #6939, .T. ) ;
#1236 = CARTESIAN_POINT ( 'NONE',  ( -8.684624587355035175, -0.3537333988757707104, 1.000000000000000000 ) ) ;
#1237 = ORIENTED_EDGE ( 'NONE', *, *, #4886, .F. ) ;
#1238 = FACE_OUTER_BOUND ( 'NONE', #2505, .T. ) ;
#1239 = CARTESIAN_POINT ( 'NONE',  ( 23.53650298521228379, -2.570603795974263583, 2.286000000000000032 ) ) ;
#1240 = CARTESIAN_POINT ( 'NONE',  ( -10.99852262806236958, 6.350000000000002309, -1.000000000000000000 ) ) ;
#1241 = FACE_OUTER_BOUND ( 'NONE', #1439, .T. ) ;
#1242 = ORIENTED_EDGE ( 'NONE', *, *, #7047, .T. ) ;
#1243 = ADVANCED_FACE ( 'NONE', ( #6729 ), #4067, .T. ) ;
#1244 = VECTOR ( 'NONE', #5446, 999.9999999999998863 ) ;
#1245 = EDGE_CURVE ( 'NONE', #4341, #1344, #4734, .T. ) ;
#1246 = ORIENTED_EDGE ( 'NONE', *, *, #7403, .T. ) ;
#1247 = FACE_OUTER_BOUND ( 'NONE', #1508, .T. ) ;
#1248 = DIRECTION ( 'NONE',  ( -0.000000000000000000, -0.000000000000000000, -1.000000000000000000 ) ) ;
#1249 = CARTESIAN_POINT ( 'NONE',  ( 1.045259589288517699, 5.400961894323345724, 2.286000000000000032 ) ) ;
#1250 = LINE ( 'NONE', #2634, #939 ) ;
#1251 = EDGE_LOOP ( 'NONE', ( #5580, #1441, #7582, #5798 ) ) ;
#1252 = DIRECTION ( 'NONE',  ( -0.000000000000000000, -0.000000000000000000, -1.000000000000000000 ) ) ;
#1253 = LINE ( 'NONE', #1871, #3516 ) ;
#1254 = DIRECTION ( 'NONE',  ( 0.8660254037844385966, -0.5000000000000001110, 0.000000000000000000 ) ) ;
#1255 = LINE ( 'NONE', #4666, #437 ) ;
#1256 = EDGE_CURVE ( 'NONE', #706, #6538, #1367, .T. ) ;
#1257 = CARTESIAN_POINT ( 'NONE',  ( 12.69999999999999929, 0.000000000000000000, 2.286000000000000032 ) ) ;
#1258 = VECTOR ( 'NONE', #7042, 1000.000000000000000 ) ;
#1259 = ORIENTED_EDGE ( 'NONE', *, *, #2617, .T. ) ;
#1260 = ORIENTED_EDGE ( 'NONE', *, *, #6356, .T. ) ;
#1261 = DIRECTION ( 'NONE',  ( 1.000000000000000000, 0.000000000000000000, -0.000000000000000000 ) ) ;
#1262 = VECTOR ( 'NONE', #3092, 1000.000000000000000 ) ;
#1263 = CARTESIAN_POINT ( 'NONE',  ( 15.83538275175456000, 0.5000000000000000000, 2.286000000000000032 ) ) ;
#1264 = APPROVAL_DATE_TIME ( #3776, #4022 ) ;
#1265 = CARTESIAN_POINT ( 'NONE',  ( 19.05000000000001137, -3.654415587728429671, 3.049999999999999822 ) ) ;
#1266 = FACE_OUTER_BOUND ( 'NONE', #3698, .T. ) ;
#1267 = VECTOR ( 'NONE', #4799, 1000.000000000000000 ) ;
#1268 = VERTEX_POINT ( 'NONE', #3359 ) ;
#1269 = FACE_OUTER_BOUND ( 'NONE', #3187, .T. ) ;
#1270 = ORIENTED_EDGE ( 'NONE', *, *, #1517, .F. ) ;
#1271 = DIRECTION ( 'NONE',  ( 1.000000000000000000, 1.332267629550187849E-14, 0.000000000000000000 ) ) ;
#1272 = LINE ( 'NONE', #4545, #6260 ) ;
#1273 = LINE ( 'NONE', #6022, #3022 ) ;
#1274 = ORIENTED_EDGE ( 'NONE', *, *, #4584, .F. ) ;
#1275 = DIRECTION ( 'NONE',  ( -0.000000000000000000, -0.000000000000000000, -1.000000000000000000 ) ) ;
#1276 = VERTEX_POINT ( 'NONE', #8138 ) ;
#1277 = VERTEX_POINT ( 'NONE', #8775 ) ;
#1278 = CARTESIAN_POINT ( 'NONE',  ( 6.792893218813451206, 5.200000000000001066, 3.049999999999999822 ) ) ;
#1279 = ORIENTED_EDGE ( 'NONE', *, *, #2791, .T. ) ;
#1280 = DIRECTION ( 'NONE',  ( 1.000000000000000000, 3.551402391763541198E-15, 0.000000000000000000 ) ) ;
#1281 = EDGE_CURVE ( 'NONE', #6886, #5404, #2660, .T. ) ;
#1282 = DIRECTION ( 'NONE',  ( 1.000000000000000000, 0.000000000000000000, -0.000000000000000000 ) ) ;
#1283 = DIRECTION ( 'NONE',  ( 0.7071067811865474617, 0.7071067811865476838, 0.000000000000000000 ) ) ;
#1284 = CARTESIAN_POINT ( 'NONE',  ( -14.67057614822933687, 12.68981673495868101, 3.049999999999999822 ) ) ;
#1285 = ORIENTED_EDGE ( 'NONE', *, *, #7270, .T. ) ;
#1286 = VECTOR ( 'NONE', #6589, 1000.000000000000000 ) ;
#1287 = ORIENTED_EDGE ( 'NONE', *, *, #7527, .T. ) ;
#1288 = LINE ( 'NONE', #3244, #1007 ) ;
#1289 = PLANE ( 'NONE',  #4579 ) ;
#1290 = DIRECTION ( 'NONE',  ( 0.7071067811865474617, 0.7071067811865476838, 0.000000000000000000 ) ) ;
#1291 = AXIS2_PLACEMENT_3D ( 'NONE', #8334, #965, #6338 ) ;
#1292 = CARTESIAN_POINT ( 'NONE',  ( 12.69999999999999929, 0.000000000000000000, 2.286000000000000032 ) ) ;
#1293 = VERTEX_POINT ( 'NONE', #3324 ) ;
#1294 = AXIS2_PLACEMENT_3D ( 'NONE', #2795, #4128, #2207 ) ;
#1295 = DIRECTION ( 'NONE',  ( -1.000000000000000000, 0.000000000000000000, 0.000000000000000000 ) ) ;
#1296 = DIRECTION ( 'NONE',  ( -0.2588190451025196293, 0.9659258262890686453, -0.000000000000000000 ) ) ;
#1297 = DIRECTION ( 'NONE',  ( -1.000000000000000000, -3.414809992080329023E-17, 0.000000000000000000 ) ) ;
#1298 = EDGE_LOOP ( 'NONE', ( #6395, #7186, #3560, #4495 ) ) ;
#1299 = CARTESIAN_POINT ( 'NONE',  ( 0.000000000000000000, 0.000000000000000000, 1.000000000000000000 ) ) ;
#1300 = FACE_OUTER_BOUND ( 'NONE', #6738, .T. ) ;
#1301 = VECTOR ( 'NONE', #4725, 1000.000000000000000 ) ;
#1302 = VECTOR ( 'NONE', #2112, 1000.000000000000000 ) ;
#1303 = VECTOR ( 'NONE', #8554, 1000.000000000000000 ) ;
#1304 = ORIENTED_EDGE ( 'NONE', *, *, #2341, .T. ) ;
#1305 = ORIENTED_EDGE ( 'NONE', *, *, #5677, .T. ) ;
#1306 = DIRECTION ( 'NONE',  ( -1.000000000000000000, 0.000000000000000000, 0.000000000000000000 ) ) ;
#1307 = CARTESIAN_POINT ( 'NONE',  ( 0.000000000000000000, 0.000000000000000000, -1.000000000000000000 ) ) ;
#1308 = CARTESIAN_POINT ( 'NONE',  ( -19.03172414251772082, 11.56532132601496521, 2.286000000000000032 ) ) ;
#1309 = AXIS2_PLACEMENT_3D ( 'NONE', #4355, #3038, #1114 ) ;
#1310 = ORIENTED_EDGE ( 'NONE', *, *, #4597, .F. ) ;
#1311 = AXIS2_PLACEMENT_3D ( 'NONE', #263, #5719, #346 ) ;
#1312 = EDGE_CURVE ( 'NONE', #6941, #5831, #1983, .T. ) ;
#1313 = CARTESIAN_POINT ( 'NONE',  ( -8.033201514455356573, 5.215321326014949577, 2.286000000000000032 ) ) ;
#1314 = APPROVAL_PERSON_ORGANIZATION ( #1172, #5202, #7952 ) ;
#1315 = AXIS2_PLACEMENT_3D ( 'NONE', #2935, #5144, #5671 ) ;
#1316 = EDGE_CURVE ( 'NONE', #3087, #4524, #2672, .T. ) ;
#1317 = LINE ( 'NONE', #2653, #4688 ) ;
#1318 = ORIENTED_EDGE ( 'NONE', *, *, #4483, .T. ) ;
#1319 = MANIFOLD_SOLID_BREP ( '228-2500-147', #8538 ) ;
#1320 = CARTESIAN_POINT ( 'NONE',  ( -15.23629930681396694, 14.80112430581486826, 2.286000000000000032 ) ) ;
#1321 = DIRECTION ( 'NONE',  ( 0.000000000000000000, 0.000000000000000000, -1.000000000000000000 ) ) ;
#1322 = DIRECTION ( 'NONE',  ( 0.000000000000000000, 0.000000000000000000, 1.000000000000000000 ) ) ;
#1323 = VERTEX_POINT ( 'NONE', #4045 ) ;
#1324 = DIRECTION ( 'NONE',  ( -0.8660254037844353769, 0.5000000000000057732, 0.000000000000000000 ) ) ;
#1325 = VECTOR ( 'NONE', #909, 1000.000000000000000 ) ;
#1326 = VERTEX_POINT ( 'NONE', #1912 ) ;
#1327 = ORIENTED_EDGE ( 'NONE', *, *, #6307, .T. ) ;
#1328 = PLANE ( 'NONE',  #5187 ) ;
#1329 = EDGE_CURVE ( 'NONE', #5510, #6285, #6654, .T. ) ;
#1331 = AXIS2_PLACEMENT_3D ( 'NONE', #1056, #3199, #3027 ) ;
#1330 = DIRECTION ( 'NONE',  ( 0.000000000000000000, 0.000000000000000000, 1.000000000000000000 ) ) ;
#1332 = VECTOR ( 'NONE', #2483, 1000.000000000000000 ) ;
#1333 = CARTESIAN_POINT ( 'NONE',  ( -6.962552443978283101, -1.347972214418268866, 3.049999999999999822 ) ) ;
#1334 = LINE ( 'NONE', #4867, #3228 ) ;
#1335 = CARTESIAN_POINT ( 'NONE',  ( -14.15647932583464730, 6.021466143304516017, 2.286000000000000032 ) ) ;
#1336 = ORIENTED_EDGE ( 'NONE', *, *, #8021, .F. ) ;
#1337 = PRODUCT_DEFINITION_SHAPE ( 'NONE', 'NONE',  #8746 ) ;
#1338 = EDGE_CURVE ( 'NONE', #2749, #170, #4520, .T. ) ;
#1339 = VERTEX_POINT ( 'NONE', #5238 ) ;
#1340 = DIRECTION ( 'NONE',  ( 1.000000000000000000, 0.000000000000000000, -0.000000000000000000 ) ) ;
#1341 = DIRECTION ( 'NONE',  ( -0.7071067811865470176, -0.7071067811865481278, 0.000000000000000000 ) ) ;
#1342 = CARTESIAN_POINT ( 'NONE',  ( 2.704163456597991733, -0.5000000000000000000, 12.74539167476553381 ) ) ;
#1343 = DIRECTION ( 'NONE',  ( 0.000000000000000000, 0.000000000000000000, 1.000000000000000000 ) ) ;
#1344 = VERTEX_POINT ( 'NONE', #3339 ) ;
#1345 = DIRECTION ( 'NONE',  ( -0.000000000000000000, -0.000000000000000000, -1.000000000000000000 ) ) ;
#1346 = CARTESIAN_POINT ( 'NONE',  ( 14.56349701478770697, 2.570603795974265360, 2.286000000000000032 ) ) ;
#1347 = ORIENTED_EDGE ( 'NONE', *, *, #8129, .T. ) ;
#1348 = LINE ( 'NONE', #4051, #5646 ) ;
#1349 = VECTOR ( 'NONE', #3716, 1000.000000000000000 ) ;
#1350 = EDGE_CURVE ( 'NONE', #6255, #1727, #7888, .T. ) ;
#1351 = ORIENTED_EDGE ( 'NONE', *, *, #477, .T. ) ;
#1352 = EDGE_CURVE ( 'NONE', #3243, #1950, #2084, .T. ) ;
#1353 = EDGE_LOOP ( 'NONE', ( #8342, #5966, #6888, #475 ) ) ;
#1354 = DIRECTION ( 'NONE',  ( 0.7071067811865473507, -0.7071067811865477948, 0.000000000000000000 ) ) ;
#1355 = DIRECTION ( 'NONE',  ( 1.000000000000000000, 0.000000000000000000, 0.000000000000000000 ) ) ;
#1356 = LINE ( 'NONE', #1477, #5496 ) ;
#1357 = EDGE_LOOP ( 'NONE', ( #4123, #7108, #4540, #606, #7326, #4973, #6485, #8057, #6415, #6957, #2987, #7310, #7097, #607, #6146, #2014, #6089, #6871, #7857, #3867, #3126, #1581, #4106, #4202, #7387, #3353, #4876 ) ) ;
#1358 = LINE ( 'NONE', #4058, #6816 ) ;
#1359 = EDGE_LOOP ( 'NONE', ( #3013, #7238, #3439, #6426 ) ) ;
#1360 = VERTEX_POINT ( 'NONE', #524 ) ;
#1361 = EDGE_CURVE ( 'NONE', #8647, #1626, #660, .T. ) ;
#1362 = VERTEX_POINT ( 'NONE', #8564 ) ;
#1363 = PLANE ( 'NONE',  #3541 ) ;
#1364 = DIRECTION ( 'NONE',  ( -0.000000000000000000, -0.000000000000000000, -1.000000000000000000 ) ) ;
#1365 = CARTESIAN_POINT ( 'NONE',  ( -9.552245033349360489E-16, -5.200000000000001954, 3.049999999999999822 ) ) ;
#1366 = ORIENTED_EDGE ( 'NONE', *, *, #1058, .T. ) ;
#1367 = LINE ( 'NONE', #4771, #1244 ) ;
#1368 = ADVANCED_FACE ( 'NONE', ( #5944 ), #3296, .T. ) ;
#1369 = EDGE_LOOP ( 'NONE', ( #5682, #7335, #383, #7559 ) ) ;
#1370 = DIRECTION ( 'NONE',  ( -0.000000000000000000, -0.000000000000000000, -1.000000000000000000 ) ) ;
#1371 = CARTESIAN_POINT ( 'NONE',  ( -21.99704525612473915, 12.70000000000000462, -1.000000000000000000 ) ) ;
#1372 = AXIS2_PLACEMENT_3D ( 'NONE', #6981, #865, #3579 ) ;
#1373 = FACE_OUTER_BOUND ( 'NONE', #2649, .T. ) ;
#1374 = CARTESIAN_POINT ( 'NONE',  ( -2.515704535374863049, 7.456885490272348704, 3.049999999999999822 ) ) ;
#1375 = EDGE_LOOP ( 'NONE', ( #5078, #5724, #3344, #7623, #4079, #7425 ) ) ;
#1376 = EDGE_CURVE ( 'NONE', #3559, #652, #1250, .T. ) ;
#1377 = VECTOR ( 'NONE', #3526, 1000.000000000000000 ) ;
#1378 = ORIENTED_EDGE ( 'NONE', *, *, #8469, .F. ) ;
#1379 = DIRECTION ( 'NONE',  ( -0.000000000000000000, -0.000000000000000000, -1.000000000000000000 ) ) ;
#1380 = DIRECTION ( 'NONE',  ( 0.000000000000000000, 0.000000000000000000, 1.000000000000000000 ) ) ;
#1381 = DIRECTION ( 'NONE',  ( 0.7071067811865479058, -0.7071067811865471286, -0.000000000000000000 ) ) ;
#1382 = PLANE ( 'NONE',  #8306 ) ;
#1383 = DIRECTION ( 'NONE',  ( -0.8660254037844379305, 0.5000000000000011102, 0.000000000000000000 ) ) ;
#1384 = VECTOR ( 'NONE', #8053, 1000.000000000000000 ) ;
#1385 = CARTESIAN_POINT ( 'NONE',  ( -14.67057614822933687, 12.68981673495868101, -3.049999999999999822 ) ) ;
#1386 = CARTESIAN_POINT ( 'NONE',  ( -6.490959663983257855, -2.256885490272335204, 3.049999999999999822 ) ) ;
#1387 = VERTEX_POINT ( 'NONE', #5336 ) ;
#1388 = DIRECTION ( 'NONE',  ( -0.9659258262890688673, -0.2588190451025186301, 0.000000000000000000 ) ) ;
#1389 = EDGE_CURVE ( 'NONE', #7560, #7276, #5906, .T. ) ;
#1390 = ORIENTED_EDGE ( 'NONE', *, *, #2792, .T. ) ;
#1391 = ORIENTED_EDGE ( 'NONE', *, *, #4472, .F. ) ;
#1392 = FACE_OUTER_BOUND ( 'NONE', #1079, .T. ) ;
#1393 = EDGE_CURVE ( 'NONE', #1111, #1908, #2676, .T. ) ;
#1394 = DIRECTION ( 'NONE',  ( 1.000000000000000000, 1.365923996832131609E-16, 0.000000000000000000 ) ) ;
#1395 = CARTESIAN_POINT ( 'NONE',  ( -1.182851916782355461, 2.482611798683860727, 12.72085538888886802 ) ) ;
#1396 = DIRECTION ( 'NONE',  ( -1.000000000000000000, 0.000000000000000000, 0.000000000000000000 ) ) ;
#1397 = EDGE_CURVE ( 'NONE', #7603, #5523, #2490, .T. ) ;
#1398 = EDGE_LOOP ( 'NONE', ( #1558, #2193, #5715, #1225 ) ) ;
#1399 = ORIENTED_EDGE ( 'NONE', *, *, #2305, .T. ) ;
#1400 = EDGE_LOOP ( 'NONE', ( #4452, #7870, #817, #6271, #3289, #325 ) ) ;
#1401 = CARTESIAN_POINT ( 'NONE',  ( 19.05000000000001137, 3.654415587728429671, -2.286000000000000032 ) ) ;
#1402 = DIRECTION ( 'NONE',  ( 0.8660254037844385966, -0.5000000000000001110, 0.000000000000000000 ) ) ;
#1403 = CARTESIAN_POINT ( 'NONE',  ( -20.70258557314016201, 9.800862347330252078, -1.000000000000000000 ) ) ;
#1404 = ORIENTED_EDGE ( 'NONE', *, *, #4917, .F. ) ;
#1405 = CIRCLE ( 'NONE', #8329, 2.100000000000000977 ) ;
#1406 = EDGE_LOOP ( 'NONE', ( #6335, #2139, #7991, #4353 ) ) ;
#1407 = CARTESIAN_POINT ( 'NONE',  ( 0.000000000000000000, 0.000000000000000000, -1.000000000000000000 ) ) ;
#1408 = CIRCLE ( 'NONE', #4372, 3.175000000000000711 ) ;
#1409 = DIRECTION ( 'NONE',  ( 0.000000000000000000, 0.000000000000000000, 1.000000000000000000 ) ) ;
#1410 = ADVANCED_FACE ( 'NONE', ( #8754 ), #5186, .T. ) ;
#1411 = FACE_OUTER_BOUND ( 'NONE', #5345, .T. ) ;
#1412 = LINE ( 'NONE', #4166, #5609 ) ;
#1413 = ORIENTED_EDGE ( 'NONE', *, *, #4280, .F. ) ;
#1414 = EDGE_CURVE ( 'NONE', #5514, #4476, #8280, .T. ) ;
#1415 = ORIENTED_EDGE ( 'NONE', *, *, #2324, .F. ) ;
#1416 = DIRECTION ( 'NONE',  ( 0.000000000000000000, 0.000000000000000000, 1.000000000000000000 ) ) ;
#1417 = DIRECTION ( 'NONE',  ( 0.000000000000000000, 0.000000000000000000, -1.000000000000000000 ) ) ;
#1418 = CARTESIAN_POINT ( 'NONE',  ( 6.792893218813451206, 5.200000000000001066, 2.286000000000000032 ) ) ;
#1419 = LINE ( 'NONE', #6827, #6686 ) ;
#1420 = LINE ( 'NONE', #4789, #2434 ) ;
#1421 = FACE_OUTER_BOUND ( 'NONE', #8402, .T. ) ;
#1422 = EDGE_LOOP ( 'NONE', ( #6919, #1390, #7778, #8729, #4565, #7882 ) ) ;
#1423 = VECTOR ( 'NONE', #8386, 1000.000000000000000 ) ;
#1424 = CARTESIAN_POINT ( 'NONE',  ( -9.437776678751570003, -0.5555398935432800389, 2.286000000000000032 ) ) ;
#1425 = ORIENTED_EDGE ( 'NONE', *, *, #2128, .T. ) ;
#1426 = VECTOR ( 'NONE', #3852, 1000.000000000000000 ) ;
#1427 = ORIENTED_EDGE ( 'NONE', *, *, #7066, .F. ) ;
#1428 = DIRECTION ( 'NONE',  ( 0.7071067811865484609, -0.7071067811865465735, 0.000000000000000000 ) ) ;
#1429 = VECTOR ( 'NONE', #911, 999.9999999999998863 ) ;
#1430 = ADVANCED_FACE ( 'NONE', ( #3536 ), #3461, .F. ) ;
#1431 = DIRECTION ( 'NONE',  ( -1.000000000000000000, 0.000000000000000000, 0.000000000000000000 ) ) ;
#1432 = LINE ( 'NONE', #4883, #5769 ) ;
#1433 = ORIENTED_EDGE ( 'NONE', *, *, #6862, .F. ) ;
#1434 = FACE_OUTER_BOUND ( 'NONE', #3043, .T. ) ;
#1435 = AXIS2_PLACEMENT_3D ( 'NONE', #543, #3266, #634 ) ;
#1436 = CIRCLE ( 'NONE', #6377, 2.100000000000000977 ) ;
#1437 = VECTOR ( 'NONE', #2369, 1000.000000000000000 ) ;
#1438 = EDGE_CURVE ( 'NONE', #2739, #3436, #2208, .T. ) ;
#1439 = EDGE_LOOP ( 'NONE', ( #3475, #8394, #2054, #7728 ) ) ;
#1440 = ADVANCED_FACE ( 'NONE', ( #5461 ), #1382, .T. ) ;
#1441 = ORIENTED_EDGE ( 'NONE', *, *, #2924, .T. ) ;
#1442 = ORIENTED_EDGE ( 'NONE', *, *, #2711, .T. ) ;
#1443 = DIRECTION ( 'NONE',  ( -0.9659258262890696445, -0.2588190451025156325, 0.000000000000000000 ) ) ;
#1444 = VECTOR ( 'NONE', #1330, 1000.000000000000000 ) ;
#1445 = AXIS2_PLACEMENT_3D ( 'NONE', #3322, #500, #8688 ) ;
#1446 = DIRECTION ( 'NONE',  ( -0.7071067811865479058, 0.7071067811865470176, 0.000000000000000000 ) ) ;
#1447 = CARTESIAN_POINT ( 'NONE',  ( 4.492893218813453160, 5.200000000000001066, 1.000000000000000000 ) ) ;
#1448 = CARTESIAN_POINT ( 'NONE',  ( -9.552245033349360489E-16, -5.200000000000001954, -2.286000000000000032 ) ) ;
#1449 = ORIENTED_EDGE ( 'NONE', *, *, #1990, .T. ) ;
#1450 = AXIS2_PLACEMENT_3D ( 'NONE', #7181, #7805, #1019 ) ;
#1451 = VECTOR ( 'NONE', #4172, 1000.000000000000114 ) ;
#1452 = EDGE_CURVE ( 'NONE', #8436, #394, #4131, .T. ) ;
#1453 = ORIENTED_EDGE ( 'NONE', *, *, #6183, .F. ) ;
#1454 = PLANE ( 'NONE',  #5613 ) ;
#1455 = EDGE_CURVE ( 'NONE', #3741, #1178, #2796, .T. ) ;
#1456 = LINE ( 'NONE', #3615, #1863 ) ;
#1457 = FACE_OUTER_BOUND ( 'NONE', #1199, .T. ) ;
#1458 = VECTOR ( 'NONE', #6609, 1000.000000000000000 ) ;
#1459 = DIRECTION ( 'NONE',  ( 1.000000000000000000, -8.195543980992787683E-16, 0.000000000000000000 ) ) ;
#1460 = VERTEX_POINT ( 'NONE', #8115 ) ;
#1461 = CIRCLE ( 'NONE', #4429, 3.174999999999999822 ) ;
#1462 = ORIENTED_EDGE ( 'NONE', *, *, #2879, .T. ) ;
#1463 = VECTOR ( 'NONE', #5975, 1000.000000000000000 ) ;
#1464 = DIRECTION ( 'NONE',  ( 1.000000000000000000, 0.000000000000000000, 0.000000000000000000 ) ) ;
#1465 = CARTESIAN_POINT ( 'NONE',  ( 0.000000000000000000, 0.000000000000000000, 2.286000000000000032 ) ) ;
#1466 = DIRECTION ( 'NONE',  ( -0.000000000000000000, -0.000000000000000000, -1.000000000000000000 ) ) ;
#1467 = FACE_OUTER_BOUND ( 'NONE', #3857, .T. ) ;
#1468 = LINE ( 'NONE', #5424, #1451 ) ;
#1469 = LINE ( 'NONE', #828, #5709 ) ;
#1470 = ORIENTED_EDGE ( 'NONE', *, *, #734, .F. ) ;
#1471 = VECTOR ( 'NONE', #4833, 1000.000000000000000 ) ;
#1472 = VERTEX_POINT ( 'NONE', #7618 ) ;
#1473 = ORIENTED_EDGE ( 'NONE', *, *, #6900, .F. ) ;
#1474 = CARTESIAN_POINT ( 'NONE',  ( 14.56349701478771053, -2.570603795974264028, 1.000000000000000000 ) ) ;
#1475 = DIRECTION ( 'NONE',  ( -0.8660254037844385966, 0.5000000000000001110, 0.000000000000000000 ) ) ;
#1476 = DIRECTION ( 'NONE',  ( -0.000000000000000000, -0.000000000000000000, -1.000000000000000000 ) ) ;
#1477 = CARTESIAN_POINT ( 'NONE',  ( -9.815670711280013450, 3.867388201316154905, -2.286000000000000032 ) ) ;
#1478 = ORIENTED_EDGE ( 'NONE', *, *, #1607, .T. ) ;
#1479 = DIRECTION ( 'NONE',  ( -1.000000000000000000, 0.000000000000000000, 0.000000000000000000 ) ) ;
#1480 = ADVANCED_FACE ( 'NONE', ( #4747 ), #3415, .F. ) ;
#1481 = ORIENTED_EDGE ( 'NONE', *, *, #7078, .F. ) ;
#1482 = EDGE_LOOP ( 'NONE', ( #2814, #2728, #3991, #3794 ) ) ;
#1483 = ORIENTED_EDGE ( 'NONE', *, *, #6553, .T. ) ;
#1484 = ORIENTED_EDGE ( 'NONE', *, *, #73, .T. ) ;
#1485 = DIRECTION ( 'NONE',  ( 0.000000000000000000, 0.000000000000000000, 1.000000000000000000 ) ) ;
#1486 = CARTESIAN_POINT ( 'NONE',  ( 12.69999999999999929, 0.000000000000000000, -2.286000000000000032 ) ) ;
#1487 = CARTESIAN_POINT ( 'NONE',  ( 10.83650298521228450, 2.570603795974261807, -1.000000000000000000 ) ) ;
#1488 = CYLINDRICAL_SURFACE ( 'NONE', #33, 3.175000000000000711 ) ;
#1489 = EDGE_CURVE ( 'NONE', #3916, #5515, #3363, .T. ) ;
#1490 = DIRECTION ( 'NONE',  ( -1.000000000000000000, 0.000000000000000000, 0.000000000000000000 ) ) ;
#1491 = EDGE_CURVE ( 'NONE', #2189, #6507, #173, .T. ) ;
#1492 = EDGE_LOOP ( 'NONE', ( #1845, #83, #2058, #4717 ) ) ;
#1493 = DIRECTION ( 'NONE',  ( -0.000000000000000000, -0.000000000000000000, -1.000000000000000000 ) ) ;
#1494 = LINE ( 'NONE', #4074, #590 ) ;
#1495 = FACE_OUTER_BOUND ( 'NONE', #1605, .T. ) ;
#1496 = CARTESIAN_POINT ( 'NONE',  ( -2.899137652669756093, -1.294459682984562932, 2.286000000000000032 ) ) ;
#1497 = ADVANCED_FACE ( 'NONE', ( #7578 ), #3497, .F. ) ;
#1498 = EDGE_LOOP ( 'NONE', ( #3317, #3618, #5356, #5024 ) ) ;
#1499 = EDGE_CURVE ( 'NONE', #4654, #2899, #2837, .T. ) ;
#1500 = VERTEX_POINT ( 'NONE', #3376 ) ;
#1501 = VERTEX_POINT ( 'NONE', #6081 ) ;
#1502 = CYLINDRICAL_SURFACE ( 'NONE', #3437, 2.100000000000000089 ) ;
#1503 = FACE_OUTER_BOUND ( 'NONE', #498, .T. ) ;
#1504 = DIRECTION ( 'NONE',  ( 0.7071067811865471286, -0.7071067811865479058, 0.000000000000000000 ) ) ;
#1505 = CYLINDRICAL_SURFACE ( 'NONE', #1718, 3.174999999999999822 ) ;
#1506 = CARTESIAN_POINT ( 'NONE',  ( -13.09852262806237100, 6.350000000000002309, 2.286000000000000032 ) ) ;
#1507 = LINE ( 'NONE', #1386, #4758 ) ;
#1508 = EDGE_LOOP ( 'NONE', ( #5812, #1832, #4853, #3583 ) ) ;
#1509 = CIRCLE ( 'NONE', #4330, 3.175000000000004263 ) ;
#1510 = EDGE_CURVE ( 'NONE', #3761, #1908, #4086, .T. ) ;
#1511 = VERTEX_POINT ( 'NONE', #5042 ) ;
#1512 = ORIENTED_EDGE ( 'NONE', *, *, #7724, .T. ) ;
#1513 = PLANE ( 'NONE',  #7099 ) ;
#1514 = FACE_OUTER_BOUND ( 'NONE', #4672, .T. ) ;
#1515 = ADVANCED_FACE ( 'NONE', ( #7072 ), #3017, .T. ) ;
#1516 = CARTESIAN_POINT ( 'NONE',  ( 25.40000000000000213, 5.200000000000001066, -2.286000000000000032 ) ) ;
#1517 = EDGE_CURVE ( 'NONE', #2804, #1712, #7661, .T. ) ;
#1518 = LINE ( 'NONE', #5556, #4927 ) ;
#1519 = ORIENTED_EDGE ( 'NONE', *, *, #6812, .T. ) ;
#1520 = DIRECTION ( 'NONE',  ( -1.000000000000000000, 0.000000000000000000, 0.000000000000000000 ) ) ;
#1521 = EDGE_CURVE ( 'NONE', #6533, #4154, #5661, .T. ) ;
#1522 = VECTOR ( 'NONE', #1466, 1000.000000000000000 ) ;
#1523 = VERTEX_POINT ( 'NONE', #3586 ) ;
#1524 = EDGE_LOOP ( 'NONE', ( #5705, #1399, #7919, #2353, #867, #3708 ) ) ;
#1525 = ORIENTED_EDGE ( 'NONE', *, *, #282, .T. ) ;
#1526 = ORIENTED_EDGE ( 'NONE', *, *, #1788, .T. ) ;
#1527 = VECTOR ( 'NONE', #5000, 1000.000000000000000 ) ;
#1528 = DIRECTION ( 'NONE',  ( -0.8660254037844353769, 0.5000000000000057732, 0.000000000000000000 ) ) ;
#1529 = LINE ( 'NONE', #7720, #440 ) ;
#1530 = CARTESIAN_POINT ( 'NONE',  ( 22.82939620402573411, -1.863497014787711459, -2.286000000000000032 ) ) ;
#1531 = CIRCLE ( 'NONE', #8617, 3.174999999999999822 ) ;
#1532 = ORIENTED_EDGE ( 'NONE', *, *, #4708, .F. ) ;
#1533 = DIRECTION ( 'NONE',  ( -1.000000000000000000, 0.000000000000000000, 0.000000000000000000 ) ) ;
#1534 = ORIENTED_EDGE ( 'NONE', *, *, #1763, .T. ) ;
#1535 = DIRECTION ( 'NONE',  ( 0.9659258262890690894, 0.2588190451025182415, -0.000000000000000000 ) ) ;
#1536 = CARTESIAN_POINT ( 'NONE',  ( 12.69999999999999929, 0.000000000000000000, -1.000000000000000000 ) ) ;
#1537 = CARTESIAN_POINT ( 'NONE',  ( 20.90710678118654542, -5.200000000000001066, 1.000000000000000444 ) ) ;
#1538 = VERTEX_POINT ( 'NONE', #1591 ) ;
#1539 = VECTOR ( 'NONE', #4980, 1000.000000000000000 ) ;
#1540 = ORIENTED_EDGE ( 'NONE', *, *, #4344, .F. ) ;
#1541 = ADVANCED_FACE ( 'NONE', ( #6460 ), #8373, .T. ) ;
#1542 = EDGE_LOOP ( 'NONE', ( #3683, #2844, #597, #1787 ) ) ;
#1543 = DIRECTION ( 'NONE',  ( 0.000000000000000000, 0.000000000000000000, 1.000000000000000000 ) ) ;
#1544 = CARTESIAN_POINT ( 'NONE',  ( 10.95118318523753764, -2.455923595949004223, 1.000000000000000000 ) ) ;
#1545 = CARTESIAN_POINT ( 'NONE',  ( 9.564617248245436798, -0.4999999999999997780, 2.286000000000000032 ) ) ;
#1546 = CARTESIAN_POINT ( 'NONE',  ( 17.91862915010151980, -6.200000000000000178, -3.049999999999999822 ) ) ;
#1547 = CARTESIAN_POINT ( 'NONE',  ( 25.40000000000000213, 5.200000000000001066, 2.286000000000000032 ) ) ;
#1548 = DIRECTION ( 'NONE',  ( 0.000000000000000000, 0.000000000000000000, 1.000000000000000000 ) ) ;
#1549 = ORIENTED_EDGE ( 'NONE', *, *, #6232, .F. ) ;
#1550 = EDGE_LOOP ( 'NONE', ( #3786, #7046, #1844, #4432, #5907, #7497 ) ) ;
#1551 = ORIENTED_EDGE ( 'NONE', *, *, #4742, .F. ) ;
#1552 = CARTESIAN_POINT ( 'NONE',  ( -21.99704525612473560, 12.70000000000003659, -1.000000000000000000 ) ) ;
#1553 = DIRECTION ( 'NONE',  ( -0.7071067811865483499, 0.7071067811865467956, 0.000000000000000000 ) ) ;
#1554 = DESIGN_CONTEXT ( 'detailed design', #2901, 'design' ) ;
#1555 = LINE ( 'NONE', #1516, #5073 ) ;
#1556 = CARTESIAN_POINT ( 'NONE',  ( -3.157956697772276833, -0.3285338566954935646, 2.286000000000000032 ) ) ;
#1557 = DIRECTION ( 'NONE',  ( -0.9659258262890684232, -0.2588190451025204064, 0.000000000000000000 ) ) ;
#1558 = ORIENTED_EDGE ( 'NONE', *, *, #3572, .F. ) ;
#1559 = AXIS2_PLACEMENT_3D ( 'NONE', #1181, #8632, #8687 ) ;
#1560 = ORIENTED_EDGE ( 'NONE', *, *, #6063, .F. ) ;
#1561 = VERTEX_POINT ( 'NONE', #1048 ) ;
#1562 = VERTEX_POINT ( 'NONE', #7701 ) ;
#1563 = EDGE_CURVE ( 'NONE', #4594, #7916, #3756, .T. ) ;
#1564 = CARTESIAN_POINT ( 'NONE',  ( -19.39704525612473418, 17.20333209967908061, 1.000000000000000000 ) ) ;
#1565 = DIRECTION ( 'NONE',  ( -0.000000000000000000, -0.000000000000000000, -1.000000000000000000 ) ) ;
#1566 = AXIS2_PLACEMENT_3D ( 'NONE', #6421, #7663, #2927 ) ;
#1567 = AXIS2_PLACEMENT_3D ( 'NONE', #7386, #5313, #8728 ) ;
#1568 = PLANE ( 'NONE',  #7074 ) ;
#1569 = VECTOR ( 'NONE', #6943, 1000.000000000000000 ) ;
#1570 = EDGE_CURVE ( 'NONE', #1714, #8287, #2298, .T. ) ;
#1571 = VECTOR ( 'NONE', #4967, 1000.000000000000000 ) ;
#1572 = ORIENTED_EDGE ( 'NONE', *, *, #1585, .T. ) ;
#1573 = AXIS2_PLACEMENT_3D ( 'NONE', #3699, #863, #4989 ) ;
#1574 = AXIS2_PLACEMENT_3D ( 'NONE', #2200, #6112, #2113 ) ;
#1575 = CARTESIAN_POINT ( 'NONE',  ( -9.480748033553881626, -1.246263553721098871, 12.72085538888886802 ) ) ;
#1576 = ORIENTED_EDGE ( 'NONE', *, *, #8501, .T. ) ;
#1577 = LINE ( 'NONE', #2236, #2585 ) ;
#1578 = DIRECTION ( 'NONE',  ( 0.8660254037844352659, -0.5000000000000057732, 0.000000000000000000 ) ) ;
#1579 = PLANE ( 'NONE',  #7868 ) ;
#1580 = CIRCLE ( 'NONE', #2287, 0.4999999999999950040 ) ;
#1581 = ORIENTED_EDGE ( 'NONE', *, *, #4328, .F. ) ;
#1582 = VECTOR ( 'NONE', #7721, 1000.000000000000000 ) ;
#1583 = VECTOR ( 'NONE', #2349, 1000.000000000000114 ) ;
#1584 = AXIS2_PLACEMENT_3D ( 'NONE', #2614, #6635, #5973 ) ;
#1585 = EDGE_CURVE ( 'NONE', #2140, #7180, #6294, .T. ) ;
#1586 = EDGE_LOOP ( 'NONE', ( #1811, #8170, #1519, #7263, #3805, #8649 ) ) ;
#1587 = ORIENTED_EDGE ( 'NONE', *, *, #8205, .T. ) ;
#1588 = VECTOR ( 'NONE', #2218, 1000.000000000000000 ) ;
#1589 = LINE ( 'NONE', #5746, #1325 ) ;
#1590 = DIRECTION ( 'NONE',  ( -1.000000000000000000, 0.000000000000000000, 0.000000000000000000 ) ) ;
#1591 = CARTESIAN_POINT ( 'NONE',  ( -21.66851139942923155, 9.542043302227725121, -1.000000000000000000 ) ) ;
#1592 = DIRECTION ( 'NONE',  ( -1.000000000000000000, 0.000000000000000000, 0.000000000000000000 ) ) ;
#1593 = CARTESIAN_POINT ( 'NONE',  ( -10.99852262806236958, 6.350000000000002309, 2.286000000000000032 ) ) ;
#1594 = ORIENTED_EDGE ( 'NONE', *, *, #1256, .F. ) ;
#1595 = ADVANCED_FACE ( 'NONE', ( #876 ), #2338, .T. ) ;
#1596 = EDGE_CURVE ( 'NONE', #2920, #2099, #2926, .T. ) ;
#1597 = AXIS2_PLACEMENT_3D ( 'NONE', #4784, #1380, #2081 ) ;
#1598 = VERTEX_POINT ( 'NONE', #7030 ) ;
#1599 = VERTEX_POINT ( 'NONE', #8324 ) ;
#1600 = DIRECTION ( 'NONE',  ( -0.7071067811865481278, -0.7071067811865470176, 0.000000000000000000 ) ) ;
#1601 = CARTESIAN_POINT ( 'NONE',  ( 17.91862915010151980, -6.200000000000000178, 3.049999999999999822 ) ) ;
#1602 = VECTOR ( 'NONE', #5750, 1000.000000000000000 ) ;
#1603 = CARTESIAN_POINT ( 'NONE',  ( -10.66998877136687440, 3.192043302227725032, 1.000000000000000000 ) ) ;
#1604 = DIRECTION ( 'NONE',  ( 0.000000000000000000, 0.000000000000000000, 1.000000000000000000 ) ) ;
#1605 = EDGE_LOOP ( 'NONE', ( #5778, #7363, #5879, #5840 ) ) ;
#1606 = FACE_OUTER_BOUND ( 'NONE', #496, .T. ) ;
#1607 = EDGE_CURVE ( 'NONE', #1293, #708, #297, .T. ) ;
#1608 = EDGE_CURVE ( 'NONE', #8286, #8298, #4426, .T. ) ;
#1609 = VERTEX_POINT ( 'NONE', #7125 ) ;
#1610 = EDGE_LOOP ( 'NONE', ( #6231, #7643, #950, #3957 ) ) ;
#1611 = ORIENTED_EDGE ( 'NONE', *, *, #5800, .F. ) ;
#1612 = PLANE ( 'NONE',  #7093 ) ;
#1613 = PLANE ( 'NONE',  #4102 ) ;
#1614 = DIRECTION ( 'NONE',  ( -0.000000000000000000, -0.000000000000000000, -1.000000000000000000 ) ) ;
#1615 = CARTESIAN_POINT ( 'NONE',  ( -20.70608559214145217, 5.950221290914227801, 2.286000000000003141 ) ) ;
#1616 = CARTESIAN_POINT ( 'NONE',  ( -2.591874249399398700, 0.9190690264067802318, 12.72085538888886802 ) ) ;
#1617 = ADVANCED_FACE ( 'NONE', ( #7786 ), #2383, .T. ) ;
#1618 = EDGE_LOOP ( 'NONE', ( #4091, #8719, #7547, #5624 ) ) ;
#1619 = CARTESIAN_POINT ( 'NONE',  ( -13.48113442674622142, 5.167148083217656840, -2.286000000000000032 ) ) ;
#1620 = ORIENTED_EDGE ( 'NONE', *, *, #8354, .T. ) ;
#1621 = CARTESIAN_POINT ( 'NONE',  ( 0.000000000000000000, 0.000000000000000000, 2.286000000000000032 ) ) ;
#1622 = PLANE ( 'NONE',  #429 ) ;
#1623 = DIRECTION ( 'NONE',  ( -0.2588190451025198513, 0.9659258262890686453, 0.000000000000000000 ) ) ;
#1624 = EDGE_CURVE ( 'NONE', #5655, #102, #912, .T. ) ;
#1625 = ORIENTED_EDGE ( 'NONE', *, *, #6497, .T. ) ;
#1626 = VERTEX_POINT ( 'NONE', #1669 ) ;
#1627 = DIRECTION ( 'NONE',  ( -0.000000000000000000, -0.000000000000000000, -1.000000000000000000 ) ) ;
#1628 = CARTESIAN_POINT ( 'NONE',  ( -7.619465416917917899, -2.760042928412748342, -3.049999999999999822 ) ) ;
#1629 = CARTESIAN_POINT ( 'NONE',  ( -17.06214464616969906, 1.647173763761760501, -1.000000000000000000 ) ) ;
#1630 = DIRECTION ( 'NONE',  ( 0.000000000000000000, 0.000000000000000000, 1.000000000000000000 ) ) ;
#1631 = CARTESIAN_POINT ( 'NONE',  ( 4.492893218813453160, 5.200000000000001066, -1.000000000000000000 ) ) ;
#1632 = ORIENTED_EDGE ( 'NONE', *, *, #1233, .T. ) ;
#1633 = ORIENTED_EDGE ( 'NONE', *, *, #773, .T. ) ;
#1634 = CARTESIAN_POINT ( 'NONE',  ( 20.90710678118654542, 5.200000000000001066, -2.286000000000000032 ) ) ;
#1635 = DIRECTION ( 'NONE',  ( -0.9659258262890687563, -0.2588190451025192407, 0.000000000000000000 ) ) ;
#1636 = CARTESIAN_POINT ( 'NONE',  ( 9.249837588508471597, -0.7545779992199439512, 1.000000000000000000 ) ) ;
#1637 = AXIS2_PLACEMENT_3D ( 'NONE', #553, #5318, #5878 ) ;
#1638 = CARTESIAN_POINT ( 'NONE',  ( 19.05000000000001137, -3.654415587728429671, -3.049999999999999822 ) ) ;
#1639 = FACE_OUTER_BOUND ( 'NONE', #5149, .T. ) ;
#1640 = ORIENTED_EDGE ( 'NONE', *, *, #5742, .F. ) ;
#1641 = CARTESIAN_POINT ( 'NONE',  ( -20.47927066161623344, 5.103736446278909433, 12.72085538888886802 ) ) ;
#1642 = ORIENTED_EDGE ( 'NONE', *, *, #3692, .F. ) ;
#1643 = VECTOR ( 'NONE', #645, 999.9999999999998863 ) ;
#1644 = ORIENTED_EDGE ( 'NONE', *, *, #5398, .F. ) ;
#1645 = ORIENTED_EDGE ( 'NONE', *, *, #4467, .T. ) ;
#1646 = LINE ( 'NONE', #7187, #1164 ) ;
#1647 = EDGE_CURVE ( 'NONE', #764, #2629, #2942, .T. ) ;
#1648 = DIRECTION ( 'NONE',  ( 1.000000000000000000, 7.434522636839145511E-17, -0.000000000000000000 ) ) ;
#1649 = DIRECTION ( 'NONE',  ( -0.000000000000000000, -0.000000000000000000, -1.000000000000000000 ) ) ;
#1650 = FACE_OUTER_BOUND ( 'NONE', #1735, .T. ) ;
#1651 = ORIENTED_EDGE ( 'NONE', *, *, #6438, .F. ) ;
#1652 = FACE_OUTER_BOUND ( 'NONE', #2853, .T. ) ;
#1653 = AXIS2_PLACEMENT_3D ( 'NONE', #1292, #7986, #5376 ) ;
#1654 = ORIENTED_EDGE ( 'NONE', *, *, #2392, .F. ) ;
#1655 = VECTOR ( 'NONE', #6601, 999.9999999999998863 ) ;
#1656 = CARTESIAN_POINT ( 'NONE',  ( -25.09704525612470150, 7.330642496536643904, -3.049999999999999822 ) ) ;
#1657 = DIRECTION ( 'NONE',  ( -0.000000000000000000, -0.000000000000000000, -1.000000000000000000 ) ) ;
#1658 = DIRECTION ( 'NONE',  ( -0.000000000000000000, -0.000000000000000000, -1.000000000000000000 ) ) ;
#1659 = DIRECTION ( 'NONE',  ( 0.000000000000000000, 0.000000000000000000, 1.000000000000000000 ) ) ;
#1660 = VERTEX_POINT ( 'NONE', #1765 ) ;
#1661 = AXIS2_PLACEMENT_3D ( 'NONE', #837, #98, #5509 ) ;
#1662 = ORIENTED_EDGE ( 'NONE', *, *, #1802, .F. ) ;
#1663 = EDGE_CURVE ( 'NONE', #3639, #928, #3626, .T. ) ;
#1664 = ORIENTED_EDGE ( 'NONE', *, *, #4077, .T. ) ;
#1665 = CARTESIAN_POINT ( 'NONE',  ( -1.138921523207039166E-15, -6.200000000000003730, 3.049999999999999822 ) ) ;
#1666 = AXIS2_PLACEMENT_3D ( 'NONE', #1895, #1839, #1755 ) ;
#1667 = LINE ( 'NONE', #5708, #4824 ) ;
#1668 = ADVANCED_FACE ( 'NONE', ( #467 ), #7922, .F. ) ;
#1669 = CARTESIAN_POINT ( 'NONE',  ( 14.56349701478770697, 2.570603795974265804, -1.000000000000000000 ) ) ;
#1670 = CARTESIAN_POINT ( 'NONE',  ( 5.218629150101524061, -6.200000000000001066, 3.050999999999999712 ) ) ;
#1671 = CARTESIAN_POINT ( 'NONE',  ( 1.795259589288523250, -0.5000000000000004441, 1.000000000000000000 ) ) ;
#1672 = ORIENTED_EDGE ( 'NONE', *, *, #761, .T. ) ;
#1673 = AXIS2_PLACEMENT_3D ( 'NONE', #2132, #3471, #4923 ) ;
#1674 = ADVANCED_FACE ( 'NONE', ( #4508 ), #2625, .F. ) ;
#1675 = EDGE_LOOP ( 'NONE', ( #6643, #6899, #6557, #7594, #899, #8356, #5323 ) ) ;
#1676 = ORIENTED_EDGE ( 'NONE', *, *, #3195, .T. ) ;
#1677 = CARTESIAN_POINT ( 'NONE',  ( 1.795259589288523472, -0.5000000000000004441, -1.000000000000000000 ) ) ;
#1678 = CARTESIAN_POINT ( 'NONE',  ( -19.89704525612473773, 12.70000000000000462, -2.286000000000000032 ) ) ;
#1679 = CARTESIAN_POINT ( 'NONE',  ( 10.83650298521228983, -2.570603795974264028, 2.286000000000000032 ) ) ;
#1680 = AXIS2_PLACEMENT_3D ( 'NONE', #1257, #5099, #2496 ) ;
#1681 = PLANE ( 'NONE',  #869 ) ;
#1682 = DIRECTION ( 'NONE',  ( -0.000000000000000000, -0.000000000000000000, -1.000000000000000000 ) ) ;
#1683 = ORIENTED_EDGE ( 'NONE', *, *, #8768, .T. ) ;
#1684 = CARTESIAN_POINT ( 'NONE',  ( 0.8963291634175610811, 10.05485402181997756, -1.000000000000000000 ) ) ;
#1685 = EDGE_CURVE ( 'NONE', #2815, #811, #4464, .T. ) ;
#1686 = ORIENTED_EDGE ( 'NONE', *, *, #4455, .T. ) ;
#1687 = ORIENTED_EDGE ( 'NONE', *, *, #7123, .F. ) ;
#1688 = DIRECTION ( 'NONE',  ( 0.5000000000000001110, 0.8660254037844385966, -0.000000000000000000 ) ) ;
#1689 = FACE_OUTER_BOUND ( 'NONE', #8171, .T. ) ;
#1690 = PLANE ( 'NONE',  #2436 ) ;
#1691 = DIRECTION ( 'NONE',  ( -0.000000000000000000, -0.000000000000000000, -1.000000000000000000 ) ) ;
#1692 = ORIENTED_EDGE ( 'NONE', *, *, #8336, .T. ) ;
#1693 = DIRECTION ( 'NONE',  ( -0.7071067811865476838, -0.7071067811865474617, 0.000000000000000000 ) ) ;
#1694 = ADVANCED_FACE ( 'NONE', ( #613 ), #8701, .T. ) ;
#1695 = VECTOR ( 'NONE', #4496, 1000.000000000000000 ) ;
#1696 = ORIENTED_EDGE ( 'NONE', *, *, #1131, .T. ) ;
#1697 = CARTESIAN_POINT ( 'NONE',  ( 19.04999999999999361, -5.068629150101528147, -3.049999999999999822 ) ) ;
#1698 = ORIENTED_EDGE ( 'NONE', *, *, #113, .F. ) ;
#1699 = AXIS2_PLACEMENT_3D ( 'NONE', #5284, #7977, #5226 ) ;
#1700 = CARTESIAN_POINT ( 'NONE',  ( 10.59999999999999787, 2.571758278209442450E-16, 2.286000000000000032 ) ) ;
#1701 = VECTOR ( 'NONE', #8240, 1000.000000000000000 ) ;
#1702 = DIRECTION ( 'NONE',  ( 0.8660254037844387076, -0.5000000000000001110, 0.000000000000000000 ) ) ;
#1703 = DIRECTION ( 'NONE',  ( 0.7071067811865475727, -0.7071067811865474617, 0.000000000000000000 ) ) ;
#1704 = DIRECTION ( 'NONE',  ( -0.000000000000000000, -0.000000000000000000, -1.000000000000000000 ) ) ;
#1705 = DIRECTION ( 'NONE',  ( 0.7071067811865474617, -0.7071067811865475727, 0.000000000000000000 ) ) ;
#1706 = VERTEX_POINT ( 'NONE', #7315 ) ;
#1707 = EDGE_CURVE ( 'NONE', #2025, #1500, #8317, .T. ) ;
#1708 = AXIS2_PLACEMENT_3D ( 'NONE', #7767, #1693, #7193 ) ;
#1709 = VECTOR ( 'NONE', #6233, 1000.000000000000000 ) ;
#1710 = VECTOR ( 'NONE', #2075, 1000.000000000000000 ) ;
#1711 = ADVANCED_FACE ( 'NONE', ( #4652 ), #1851, .F. ) ;
#1712 = VERTEX_POINT ( 'NONE', #2525 ) ;
#1713 = ORIENTED_EDGE ( 'NONE', *, *, #6212, .F. ) ;
#1714 = VERTEX_POINT ( 'NONE', #1905 ) ;
#1715 = DIRECTION ( 'NONE',  ( -0.7071067811865503483, -0.7071067811865446862, 0.000000000000000000 ) ) ;
#1716 = FACE_OUTER_BOUND ( 'NONE', #667, .T. ) ;
#1717 = VECTOR ( 'NONE', #2983, 999.9999999999998863 ) ;
#1718 = AXIS2_PLACEMENT_3D ( 'NONE', #7492, #3416, #8153 ) ;
#1719 = AXIS2_PLACEMENT_3D ( 'NONE', #3895, #5931, #7973 ) ;
#1720 = DIRECTION ( 'NONE',  ( -1.000000000000000000, 0.000000000000000000, 0.000000000000000000 ) ) ;
#1721 = PRODUCT_DEFINITION_FORMATION_WITH_SPECIFIED_SOURCE ( 'ANY', '', #7277, .NOT_KNOWN. ) ;
#1722 = CARTESIAN_POINT ( 'NONE',  ( 22.82939620402573411, -1.863497014787713901, -1.000000000000000000 ) ) ;
#1723 = DIRECTION ( 'NONE',  ( 0.9659258262890692004, 0.2588190451025177419, -0.000000000000000000 ) ) ;
#1724 = VERTEX_POINT ( 'NONE', #3800 ) ;
#1725 = VECTOR ( 'NONE', #6995, 999.9999999999998863 ) ;
#1726 = EDGE_CURVE ( 'NONE', #8224, #5361, #4493, .T. ) ;
#1727 = VERTEX_POINT ( 'NONE', #7358 ) ;
#1728 = EDGE_LOOP ( 'NONE', ( #4292, #763, #5341, #4200 ) ) ;
#1729 = CARTESIAN_POINT ( 'NONE',  ( 10.24407640405100395, -1.748816814762457428, -1.000000000000000000 ) ) ;
#1730 = LINE ( 'NONE', #5717, #6551 ) ;
#1731 = CARTESIAN_POINT ( 'NONE',  ( -13.31242066876969687, 13.05373339887579398, 2.286000000000003141 ) ) ;
#1732 = DIRECTION ( 'NONE',  ( 0.000000000000000000, 0.000000000000000000, 1.000000000000000000 ) ) ;
#1733 = LINE ( 'NONE', #4437, #3793 ) ;
#1734 = AXIS2_PLACEMENT_3D ( 'NONE', #2758, #697, #2080 ) ;
#1735 = EDGE_LOOP ( 'NONE', ( #6010, #8188, #6718, #3465 ) ) ;
#1736 = DIRECTION ( 'NONE',  ( 0.000000000000000000, 0.000000000000000000, 1.000000000000000000 ) ) ;
#1737 = EDGE_CURVE ( 'NONE', #20, #4641, #5885, .T. ) ;
#1738 = PLANE ( 'NONE',  #6084 ) ;
#1739 = ORIENTED_EDGE ( 'NONE', *, *, #6791, .T. ) ;
#1740 = VERTEX_POINT ( 'NONE', #4562 ) ;
#1741 = VECTOR ( 'NONE', #4570, 1000.000000000000114 ) ;
#1742 = PLANE ( 'NONE',  #1309 ) ;
#1743 = AXIS2_PLACEMENT_3D ( 'NONE', #4229, #5644, #848 ) ;
#1744 = CARTESIAN_POINT ( 'NONE',  ( 1.795259589288523472, 0.4999999999999987232, -1.000000000000000000 ) ) ;
#1745 = DIRECTION ( 'NONE',  ( 1.000000000000000000, 3.552713678800501718E-15, 0.000000000000000000 ) ) ;
#1746 = ORIENTED_EDGE ( 'NONE', *, *, #6497, .F. ) ;
#1747 = DIRECTION ( 'NONE',  ( -1.000000000000000000, 0.000000000000000000, 0.000000000000000000 ) ) ;
#1748 = ADVANCED_FACE ( 'NONE', ( #7976 ), #2669, .T. ) ;
#1749 = ORIENTED_EDGE ( 'NONE', *, *, #7205, .T. ) ;
#1750 = FACE_OUTER_BOUND ( 'NONE', #1890, .T. ) ;
#1751 = ORIENTED_EDGE ( 'NONE', *, *, #3903, .T. ) ;
#1752 = DIRECTION ( 'NONE',  ( 1.000000000000000000, 0.000000000000000000, 0.000000000000000000 ) ) ;
#1753 = ADVANCED_FACE ( 'NONE', ( #561 ), #6696, .T. ) ;
#1754 = DIRECTION ( 'NONE',  ( -0.8660254037844385966, 0.5000000000000001110, 0.000000000000000000 ) ) ;
#1755 = DIRECTION ( 'NONE',  ( 1.000000000000000000, 0.000000000000000000, 0.000000000000000000 ) ) ;
#1756 = LINE ( 'NONE', #5876, #4992 ) ;
#1757 = DIRECTION ( 'NONE',  ( 1.000000000000000000, 1.092739197465703710E-15, 0.000000000000000000 ) ) ;
#1758 = EDGE_CURVE ( 'NONE', #194, #2940, #418, .T. ) ;
#1759 = ORIENTED_EDGE ( 'NONE', *, *, #1491, .F. ) ;
#1760 = VERTEX_POINT ( 'NONE', #7213 ) ;
#1761 = EDGE_LOOP ( 'NONE', ( #1551, #5953, #5276, #2033 ) ) ;
#1762 = CARTESIAN_POINT ( 'NONE',  ( -17.06214464616969906, 1.647173763761760501, 1.000000000000000000 ) ) ;
#1763 = EDGE_CURVE ( 'NONE', #4805, #2140, #3147, .T. ) ;
#1764 = LINE ( 'NONE', #1091, #5257 ) ;
#1765 = CARTESIAN_POINT ( 'NONE',  ( 1.795259589288524582, 5.200000000000001066, 1.000000000000000000 ) ) ;
#1766 = CARTESIAN_POINT ( 'NONE',  ( 1.045259589288517699, 5.400961894323345724, 3.049999999999999822 ) ) ;
#1767 = EDGE_CURVE ( 'NONE', #1339, #5426, #5845, .T. ) ;
#1768 = CARTESIAN_POINT ( 'NONE',  ( 5.245422000780054717, 10.15016241149153231, 1.000000000000000000 ) ) ;
#1769 = ORIENTED_EDGE ( 'NONE', *, *, #1510, .F. ) ;
#1770 = ORIENTED_EDGE ( 'NONE', *, *, #4118, .T. ) ;
#1771 = LINE ( 'NONE', #5755, #4715 ) ;
#1772 = DIRECTION ( 'NONE',  ( 0.000000000000000000, -0.000000000000000000, 1.000000000000000000 ) ) ;
#1773 = LINE ( 'NONE', #7177, #7926 ) ;
#1774 = CARTESIAN_POINT ( 'NONE',  ( 5.042893218813452094, 5.750000000000000000, 12.74539167476553381 ) ) ;
#1775 = LINE ( 'NONE', #7179, #7755 ) ;
#1776 = ORIENTED_EDGE ( 'NONE', *, *, #313, .T. ) ;
#1777 = EDGE_CURVE ( 'NONE', #6285, #1268, #1139, .T. ) ;
#1778 = DIRECTION ( 'NONE',  ( 0.000000000000000000, 0.000000000000000000, 1.000000000000000000 ) ) ;
#1779 = CARTESIAN_POINT ( 'NONE',  ( -3.282818092687498801, 7.899778709085810924, 3.049999999999999822 ) ) ;
#1780 = ORIENTED_EDGE ( 'NONE', *, *, #313, .F. ) ;
#1781 = ORIENTED_EDGE ( 'NONE', *, *, #8239, .F. ) ;
#1782 = CARTESIAN_POINT ( 'NONE',  ( 25.40000000000000213, 5.200000000000001066, 3.049999999999999822 ) ) ;
#1783 = VECTOR ( 'NONE', #208, 999.9999999999998863 ) ;
#1784 = CARTESIAN_POINT ( 'NONE',  ( -10.99852262806236958, 6.350000000000002309, 2.286000000000000032 ) ) ;
#1785 = COORDINATED_UNIVERSAL_TIME_OFFSET ( 6, 0, .BEHIND. ) ;
#1786 = DIRECTION ( 'NONE',  ( -0.7071067811865474617, 0.7071067811865475727, 0.000000000000000000 ) ) ;
#1787 = ORIENTED_EDGE ( 'NONE', *, *, #2497, .T. ) ;
#1788 = EDGE_CURVE ( 'NONE', #4805, #7000, #5915, .T. ) ;
#1789 = CARTESIAN_POINT ( 'NONE',  ( 5.907106781186548083, 5.200000000000001066, 1.000000000000000000 ) ) ;
#1790 = AXIS2_PLACEMENT_3D ( 'NONE', #3231, #5928, #8738 ) ;
#1791 = ORIENTED_EDGE ( 'NONE', *, *, #5780, .F. ) ;
#1792 = DIRECTION ( 'NONE',  ( -1.000000000000000000, 0.000000000000000000, 0.000000000000000000 ) ) ;
#1793 = VERTEX_POINT ( 'NONE', #3367 ) ;
#1794 = CARTESIAN_POINT ( 'NONE',  ( 1.795259589288523250, 6.700000000000001066, 1.000000000000000000 ) ) ;
#1795 = DIRECTION ( 'NONE',  ( -1.000000000000000000, 0.000000000000000000, 0.000000000000000000 ) ) ;
#1796 = PLANE ( 'NONE',  #516 ) ;
#1797 = DIRECTION ( 'NONE',  ( -1.000000000000000000, -3.414809992080329023E-17, 0.000000000000000000 ) ) ;
#1798 = CARTESIAN_POINT ( 'NONE',  ( -17.96107507204066067, 5.002027785581732999, -1.000000000000000000 ) ) ;
#1799 = ORIENTED_EDGE ( 'NONE', *, *, #8043, .T. ) ;
#1800 = ORIENTED_EDGE ( 'NONE', *, *, #5635, .T. ) ;
#1801 = ORIENTED_EDGE ( 'NONE', *, *, #6594, .F. ) ;
#1802 = EDGE_CURVE ( 'NONE', #1111, #394, #1334, .T. ) ;
#1803 = CARTESIAN_POINT ( 'NONE',  ( -8.533201514455354797, 4.349295922230510314, 2.286000000000000032 ) ) ;
#1804 = CARTESIAN_POINT ( 'NONE',  ( 20.90710678118654542, 5.200000000000001066, -1.000000000000000000 ) ) ;
#1805 = CARTESIAN_POINT ( 'NONE',  ( 2.570603795974260919, 1.863497014787713679, 2.286000000000000032 ) ) ;
#1806 = VECTOR ( 'NONE', #588, 999.9999999999998863 ) ;
#1807 = CARTESIAN_POINT ( 'NONE',  ( -10.99852262806236958, 6.350000000000002309, -2.286000000000000032 ) ) ;
#1808 = LINE ( 'NONE', #3239, #7827 ) ;
#1809 = EDGE_CURVE ( 'NONE', #331, #8210, #8782, .T. ) ;
#1810 = ORIENTED_EDGE ( 'NONE', *, *, #805, .F. ) ;
#1811 = ORIENTED_EDGE ( 'NONE', *, *, #4040, .F. ) ;
#1812 = ORIENTED_EDGE ( 'NONE', *, *, #8133, .F. ) ;
#1813 = CARTESIAN_POINT ( 'NONE',  ( 6.792893218813452982, 5.200000000000000178, 1.000000000000000000 ) ) ;
#1814 = DIRECTION ( 'NONE',  ( -0.9659258262890687563, -0.2588190451025192407, 0.000000000000000000 ) ) ;
#1815 = CARTESIAN_POINT ( 'NONE',  ( -10.99852262806236958, 6.350000000000002309, 1.000000000000000000 ) ) ;
#1816 = DIRECTION ( 'NONE',  ( 1.000000000000000000, 0.000000000000000000, -0.000000000000000000 ) ) ;
#1817 = PLANE ( 'NONE',  #3408 ) ;
#1818 = CARTESIAN_POINT ( 'NONE',  ( 19.58033008588990143, 5.112563132923546583, 12.74539167476553381 ) ) ;
#1819 = CIRCLE ( 'NONE', #5639, 3.174999999999999822 ) ;
#1820 = DIRECTION ( 'NONE',  ( 0.000000000000000000, 0.000000000000000000, 1.000000000000000000 ) ) ;
#1821 = EDGE_LOOP ( 'NONE', ( #4535, #2091, #7096, #515 ) ) ;
#1822 = CARTESIAN_POINT ( 'NONE',  ( 1.045259589288517699, 5.400961894323345724, 2.286000000000000032 ) ) ;
#1823 = DIRECTION ( 'NONE',  ( -1.000000000000000000, 0.000000000000000000, 0.000000000000000000 ) ) ;
#1824 = EDGE_CURVE ( 'NONE', #1724, #8244, #4213, .T. ) ;
#1825 = EDGE_CURVE ( 'NONE', #1901, #685, #163, .T. ) ;
#1826 = VECTOR ( 'NONE', #6313, 1000.000000000000000 ) ;
#1827 = ORIENTED_EDGE ( 'NONE', *, *, #2752, .T. ) ;
#1828 = DIRECTION ( 'NONE',  ( -0.000000000000000000, -0.000000000000000000, -1.000000000000000000 ) ) ;
#1829 = LINE ( 'NONE', #5251, #4505 ) ;
#1830 = DATE_AND_TIME ( #1116, #4984 ) ;
#1831 = DIRECTION ( 'NONE',  ( 0.000000000000000000, 0.000000000000000000, -1.000000000000000000 ) ) ;
#1832 = ORIENTED_EDGE ( 'NONE', *, *, #7416, .T. ) ;
#1833 = PLANE ( 'NONE',  #8089 ) ;
#1834 = ADVANCED_FACE ( 'NONE', ( #2114 ), #4779, .T. ) ;
#1835 = DIRECTION ( 'NONE',  ( -2.973809054735657095E-17, 1.000000000000000000, 0.000000000000000000 ) ) ;
#1836 = ORIENTED_EDGE ( 'NONE', *, *, #1350, .T. ) ;
#1837 = CARTESIAN_POINT ( 'NONE',  ( 2.100000000000000089, 0.000000000000000000, -2.286000000000000032 ) ) ;
#1838 = CARTESIAN_POINT ( 'NONE',  ( -8.033575889081955523, -1.214561606350240242, -3.049999999999999822 ) ) ;
#1839 = DIRECTION ( 'NONE',  ( -0.000000000000000000, -0.000000000000000000, 1.000000000000000000 ) ) ;
#1840 = DIRECTION ( 'NONE',  ( 1.000000000000000000, -1.776356839400250859E-15, 0.000000000000000000 ) ) ;
#1841 = FACE_OUTER_BOUND ( 'NONE', #5913, .T. ) ;
#1842 = EDGE_CURVE ( 'NONE', #1344, #6804, #2877, .T. ) ;
#1843 = VECTOR ( 'NONE', #3508, 1000.000000000000000 ) ;
#1844 = ORIENTED_EDGE ( 'NONE', *, *, #1920, .T. ) ;
#1845 = ORIENTED_EDGE ( 'NONE', *, *, #6982, .F. ) ;
#1846 = CIRCLE ( 'NONE', #2265, 1.500000000000000222 ) ;
#1847 = FACE_OUTER_BOUND ( 'NONE', #8368, .T. ) ;
#1848 = VERTEX_POINT ( 'NONE', #6896 ) ;
#1849 = LINE ( 'NONE', #5279, #6945 ) ;
#1850 = CARTESIAN_POINT ( 'NONE',  ( -1.138921523207039166E-15, -6.200000000000003730, -3.049999999999999822 ) ) ;
#1851 = PLANE ( 'NONE',  #4644 ) ;
#1852 = DIRECTION ( 'NONE',  ( 0.7071067811865475727, 0.7071067811865474617, -0.000000000000000000 ) ) ;
#1853 = AXIS2_PLACEMENT_3D ( 'NONE', #3714, #253, #2970 ) ;
#1854 = CIRCLE ( 'NONE', #6808, 2.100000000000000977 ) ;
#1855 = CARTESIAN_POINT ( 'NONE',  ( 12.69999999999999929, 0.000000000000000000, -1.000000000000000000 ) ) ;
#1856 = ORIENTED_EDGE ( 'NONE', *, *, #4467, .F. ) ;
#1857 = AXIS2_PLACEMENT_3D ( 'NONE', #1536, #7608, #3004 ) ;
#1858 = EDGE_CURVE ( 'NONE', #7715, #4553, #7159, .T. ) ;
#1859 = ORIENTED_EDGE ( 'NONE', *, *, #5601, .T. ) ;
#1860 = ORIENTED_EDGE ( 'NONE', *, *, #6787, .T. ) ;
#1861 = VECTOR ( 'NONE', #494, 1000.000000000000000 ) ;
#1862 = CARTESIAN_POINT ( 'NONE',  ( -24.59704525612474058, 8.196667900320957045, 3.049999999999999822 ) ) ;
#1863 = VECTOR ( 'NONE', #3049, 1000.000000000000000 ) ;
#1864 = CARTESIAN_POINT ( 'NONE',  ( 1.045259589288517699, 5.400961894323345724, -3.049999999999999822 ) ) ;
#1865 = VECTOR ( 'NONE', #4811, 999.9999999999998863 ) ;
#1866 = CARTESIAN_POINT ( 'NONE',  ( -13.96346936704277297, 13.91456160635026151, 3.050999999999999712 ) ) ;
#1867 = EDGE_CURVE ( 'NONE', #3256, #2373, #6735, .T. ) ;
#1868 = DIRECTION ( 'NONE',  ( -0.000000000000000000, -0.000000000000000000, -1.000000000000000000 ) ) ;
#1869 = ORIENTED_EDGE ( 'NONE', *, *, #2098, .T. ) ;
#1870 = CARTESIAN_POINT ( 'NONE',  ( 3.804415587728416703, -6.200000000000001954, -3.049999999999999822 ) ) ;
#1871 = CARTESIAN_POINT ( 'NONE',  ( 22.82939620402573411, -1.863497014787715012, 2.286000000000000032 ) ) ;
#1872 = LINE ( 'NONE', #2006, #630 ) ;
#1873 = VERTEX_POINT ( 'NONE', #8229 ) ;
#1874 = DIRECTION ( 'NONE',  ( -0.000000000000000000, -0.000000000000000000, -1.000000000000000000 ) ) ;
#1875 = LINE ( 'NONE', #4440, #967 ) ;
#1876 = VECTOR ( 'NONE', #5767, 1000.000000000000114 ) ;
#1877 = VECTOR ( 'NONE', #3418, 1000.000000000000000 ) ;
#1878 = ORIENTED_EDGE ( 'NONE', *, *, #8017, .T. ) ;
#1879 = ORIENTED_EDGE ( 'NONE', *, *, #2341, .F. ) ;
#1880 = DIRECTION ( 'NONE',  ( -1.000000000000000000, 0.000000000000000000, 0.000000000000000000 ) ) ;
#1881 = VECTOR ( 'NONE', #7627, 1000.000000000000000 ) ;
#1882 = ADVANCED_FACE ( 'NONE', ( #6815 ), #119, .T. ) ;
#1883 = DIRECTION ( 'NONE',  ( 1.000000000000000000, 0.000000000000000000, 0.000000000000000000 ) ) ;
#1884 = DIRECTION ( 'NONE',  ( 1.000000000000000000, 0.000000000000000000, -0.000000000000000000 ) ) ;
#1885 = ORIENTED_EDGE ( 'NONE', *, *, #8195, .T. ) ;
#1886 = CARTESIAN_POINT ( 'NONE',  ( 6.792893218813451206, 5.200000000000001066, -2.286000000000000032 ) ) ;
#1887 = EDGE_CURVE ( 'NONE', #1598, #2893, #4037, .T. ) ;
#1888 = VECTOR ( 'NONE', #1417, 1000.000000000000000 ) ;
#1889 = VECTOR ( 'NONE', #2658, 1000.000000000000000 ) ;
#1890 = EDGE_LOOP ( 'NONE', ( #1928, #7251, #5468, #6521 ) ) ;
#1891 = CARTESIAN_POINT ( 'NONE',  ( -21.99704525612466810, 12.70000000000014673, 1.000000000000000000 ) ) ;
#1892 = ORIENTED_EDGE ( 'NONE', *, *, #6744, .F. ) ;
#1893 = DIRECTION ( 'NONE',  ( 0.000000000000000000, 0.000000000000000000, 1.000000000000000000 ) ) ;
#1894 = CARTESIAN_POINT ( 'NONE',  ( -8.898522628062368156, 6.350000000000002309, -2.286000000000000032 ) ) ;
#1895 = CARTESIAN_POINT ( 'NONE',  ( 25.39999999999999858, 0.000000000000000000, -2.286999999999999922 ) ) ;
#1896 = LINE ( 'NONE', #4458, #7725 ) ;
#1897 = EDGE_CURVE ( 'NONE', #2510, #530, #82, .T. ) ;
#1898 = ORIENTED_EDGE ( 'NONE', *, *, #3941, .T. ) ;
#1899 = ORIENTED_EDGE ( 'NONE', *, *, #6778, .F. ) ;
#1900 = DIRECTION ( 'NONE',  ( 0.7071067811865482389, -0.7071067811865469066, 0.000000000000000000 ) ) ;
#1901 = VERTEX_POINT ( 'NONE', #2706 ) ;
#1902 = FACE_OUTER_BOUND ( 'NONE', #2212, .T. ) ;
#1903 = ADVANCED_FACE ( 'NONE', ( #2789 ), #5409, .T. ) ;
#1904 = DIRECTION ( 'NONE',  ( 0.8660254037844380415, -0.5000000000000011102, 0.000000000000000000 ) ) ;
#1905 = CARTESIAN_POINT ( 'NONE',  ( -13.31242066876969687, 13.05373339887579220, -2.286000000000000032 ) ) ;
#1906 = CARTESIAN_POINT ( 'NONE',  ( 16.59407640405098050, -8.098816814762468397, -1.000000000000000000 ) ) ;
#1907 = EDGE_LOOP ( 'NONE', ( #3394, #4890, #720, #2622, #373, #1540 ) ) ;
#1908 = VERTEX_POINT ( 'NONE', #3406 ) ;
#1909 = DIRECTION ( 'NONE',  ( 0.7071067811865446862, -0.7071067811865503483, 0.000000000000000000 ) ) ;
#1910 = DIRECTION ( 'NONE',  ( 0.000000000000000000, 0.000000000000000000, 1.000000000000000000 ) ) ;
#1911 = PLANE ( 'NONE',  #8086 ) ;
#1912 = CARTESIAN_POINT ( 'NONE',  ( -19.03209851714430556, 5.135438393649766731, 3.049999999999999822 ) ) ;
#1913 = ORIENTED_EDGE ( 'NONE', *, *, #340, .T. ) ;
#1914 = CARTESIAN_POINT ( 'NONE',  ( -17.96107507204066067, 5.002027785581732999, 2.286000000000003141 ) ) ;
#1915 = CARTESIAN_POINT ( 'NONE',  ( -9.552245033349360489E-16, -5.200000000000001954, -3.049999999999999822 ) ) ;
#1916 = CARTESIAN_POINT ( 'NONE',  ( -2.465321113607005454, 2.000704077769502653, 2.286000000000000032 ) ) ;
#1917 = ORIENTED_EDGE ( 'NONE', *, *, #6063, .T. ) ;
#1918 = CARTESIAN_POINT ( 'NONE',  ( -10.99852262806236958, 6.350000000000002309, 2.286000000000000032 ) ) ;
#1919 = CARTESIAN_POINT ( 'NONE',  ( -24.59704525612474058, 8.196667900320957045, -2.286000000000000032 ) ) ;
#1920 = EDGE_CURVE ( 'NONE', #1460, #1344, #1412, .T. ) ;
#1921 = ORIENTED_EDGE ( 'NONE', *, *, #6287, .T. ) ;
#1922 = EDGE_LOOP ( 'NONE', ( #831, #7904, #3036, #5089 ) ) ;
#1923 = CARTESIAN_POINT ( 'NONE',  ( -9.480748033553881626, -1.246263553721098871, 2.286000000000000032 ) ) ;
#1924 = EDGE_CURVE ( 'NONE', #891, #1982, #41, .T. ) ;
#1925 = CARTESIAN_POINT ( 'NONE',  ( 19.05000000000001137, -3.654415587728429671, -2.286000000000000032 ) ) ;
#1926 =( NAMED_UNIT ( * ) SI_UNIT ( $, .STERADIAN. ) SOLID_ANGLE_UNIT ( ) );
#1927 = LINE ( 'NONE', #1308, #949 ) ;
#1928 = ORIENTED_EDGE ( 'NONE', *, *, #5221, .F. ) ;
#1929 = LINE ( 'NONE', #6719, #1301 ) ;
#1930 = EDGE_CURVE ( 'NONE', #3055, #6861, #3620, .T. ) ;
#1931 = EDGE_LOOP ( 'NONE', ( #5217, #4933, #8308, #4988 ) ) ;
#1932 = FACE_OUTER_BOUND ( 'NONE', #304, .T. ) ;
#1933 = EDGE_LOOP ( 'NONE', ( #1560, #2264, #3062, #3032, #6843, #2693, #4360, #6820 ) ) ;
#1934 = CARTESIAN_POINT ( 'NONE',  ( -15.03449281214644451, 14.04797221441829791, -2.286000000000000032 ) ) ;
#1935 = CARTESIAN_POINT ( 'NONE',  ( -24.59704525612474058, 8.196667900320957045, 3.049999999999999822 ) ) ;
#1936 = PLANE ( 'NONE',  #2302 ) ;
#1937 = ORIENTED_EDGE ( 'NONE', *, *, #7704, .F. ) ;
#1938 = CARTESIAN_POINT ( 'NONE',  ( -21.99704525612473915, 12.70000000000000462, 2.286000000000000032 ) ) ;
#1939 = ORIENTED_EDGE ( 'NONE', *, *, #3095, .T. ) ;
#1940 = VERTEX_POINT ( 'NONE', #778 ) ;
#1941 = DIRECTION ( 'NONE',  ( -0.2588190451025195737, 0.9659258262890686453, 0.000000000000000000 ) ) ;
#1942 = ORIENTED_EDGE ( 'NONE', *, *, #3435, .F. ) ;
#1943 = DIRECTION ( 'NONE',  ( 0.7071067811865474617, -0.7071067811865476838, 0.000000000000000000 ) ) ;
#1944 = CARTESIAN_POINT ( 'NONE',  ( 25.40000000000000213, 5.200000000000001066, -2.286000000000000032 ) ) ;
#1945 = DIRECTION ( 'NONE',  ( -0.000000000000000000, -0.000000000000000000, -1.000000000000000000 ) ) ;
#1946 = DIRECTION ( 'NONE',  ( 0.000000000000000000, 0.000000000000000000, 1.000000000000000000 ) ) ;
#1947 = VERTEX_POINT ( 'NONE', #6157 ) ;
#1948 = VECTOR ( 'NONE', #4616, 1000.000000000000000 ) ;
#1949 = VERTEX_POINT ( 'NONE', #2076 ) ;
#1950 = VERTEX_POINT ( 'NONE', #8187 ) ;
#1951 = CARTESIAN_POINT ( 'NONE',  ( 1.045259589288517699, 5.400961894323345724, 2.286000000000000032 ) ) ;
#1952 = EDGE_CURVE ( 'NONE', #4301, #6375, #740, .T. ) ;
#1953 = CARTESIAN_POINT ( 'NONE',  ( 20.18137084989847452, 6.200000000000001066, -3.049999999999999822 ) ) ;
#1954 = LINE ( 'NONE', #4615, #6938 ) ;
#1955 = CARTESIAN_POINT ( 'NONE',  ( 25.39999999999999858, 0.000000000000000000, 2.286000000000000032 ) ) ;
#1956 = ORIENTED_EDGE ( 'NONE', *, *, #3993, .F. ) ;
#1957 = FACE_OUTER_BOUND ( 'NONE', #6394, .T. ) ;
#1958 = FACE_OUTER_BOUND ( 'NONE', #4039, .T. ) ;
#1959 = CARTESIAN_POINT ( 'NONE',  ( -19.09790760345498839, 13.99445968298458709, 2.286000000000000032 ) ) ;
#1960 = ORIENTED_EDGE ( 'NONE', *, *, #5332, .T. ) ;
#1961 = CARTESIAN_POINT ( 'NONE',  ( -7.840565930290091856, 6.678533856695505477, 2.286000000000000032 ) ) ;
#1962 = DIRECTION ( 'NONE',  ( -0.2588190451025186301, 0.9659258262890688673, 0.000000000000000000 ) ) ;
#1963 = ADVANCED_FACE ( 'NONE', ( #330 ), #8453, .F. ) ;
#1964 = AXIS2_PLACEMENT_3D ( 'NONE', #6218, #5598, #6915 ) ;
#1965 = ADVANCED_FACE ( 'NONE', ( #7777 ), #3052, .F. ) ;
#1966 = ORIENTED_EDGE ( 'NONE', *, *, #6309, .F. ) ;
#1967 = EDGE_LOOP ( 'NONE', ( #6842, #2184, #901, #4795 ) ) ;
#1968 = DIRECTION ( 'NONE',  ( -0.000000000000000000, -0.000000000000000000, -1.000000000000000000 ) ) ;
#1969 = CARTESIAN_POINT ( 'NONE',  ( -19.68314721541738166, 5.996266601124261797, 1.000000000000000000 ) ) ;
#1970 = DIRECTION ( 'NONE',  ( 1.000000000000000000, 1.668003342285395988E-15, 0.000000000000000000 ) ) ;
#1971 = ORIENTED_EDGE ( 'NONE', *, *, #671, .T. ) ;
#1972 = CARTESIAN_POINT ( 'NONE',  ( 5.355761184457482393, -4.648654403270934488, -1.000000000000000000 ) ) ;
#1973 = ADVANCED_FACE ( 'NONE', ( #6935 ), #1579, .F. ) ;
#1974 = VECTOR ( 'NONE', #3040, 999.9999999999998863 ) ;
#1975 = ORIENTED_EDGE ( 'NONE', *, *, #2626, .T. ) ;
#1976 = DIRECTION ( 'NONE',  ( -1.000000000000000000, 0.000000000000000000, 0.000000000000000000 ) ) ;
#1977 = ORIENTED_EDGE ( 'NONE', *, *, #6966, .T. ) ;
#1978 = DIRECTION ( 'NONE',  ( 0.2588190451025184080, -0.9659258262890689783, 0.000000000000000000 ) ) ;
#1979 = CARTESIAN_POINT ( 'NONE',  ( -18.32499173595777364, 6.360183265041365885, 2.286000000000000032 ) ) ;
#1980 = DIRECTION ( 'NONE',  ( 0.2588190451025195182, -0.9659258262890686453, 0.000000000000000000 ) ) ;
#1981 = AXIS2_PLACEMENT_3D ( 'NONE', #6087, #5382, #4792 ) ;
#1982 = VERTEX_POINT ( 'NONE', #5740 ) ;
#1983 = LINE ( 'NONE', #2032, #7466 ) ;
#1984 = VERTEX_POINT ( 'NONE', #7118 ) ;
#1985 = VERTEX_POINT ( 'NONE', #5033 ) ;
#1986 = LINE ( 'NONE', #5366, #1643 ) ;
#1987 = CARTESIAN_POINT ( 'NONE',  ( -20.47927066161623344, 5.103736446278909433, 2.286000000000000032 ) ) ;
#1988 = CARTESIAN_POINT ( 'NONE',  ( 14.25857892700401663, -2.265685708190569692, 12.74539167476553381 ) ) ;
#1989 = CARTESIAN_POINT ( 'NONE',  ( 15.27060379597425843, 1.863497014787719452, 2.286000000000000032 ) ) ;
#1990 = EDGE_CURVE ( 'NONE', #342, #3900, #7020, .T. ) ;
#1991 = CARTESIAN_POINT ( 'NONE',  ( -8.033575889081955523, -1.214561606350240242, 3.050999999999999712 ) ) ;
#1992 = ORIENTED_EDGE ( 'NONE', *, *, #1014, .T. ) ;
#1993 = ADVANCED_FACE ( 'NONE', ( #367 ), #4287, .T. ) ;
#1994 = VECTOR ( 'NONE', #5853, 999.9999999999998863 ) ;
#1995 = EDGE_LOOP ( 'NONE', ( #2378, #5228, #5902, #857, #1216, #4282, #2293, #7557 ) ) ;
#1996 = CARTESIAN_POINT ( 'NONE',  ( 17.50441558772843820, -5.200000000000001066, 2.286000000000000032 ) ) ;
#1997 = PLANE ( 'NONE',  #6412 ) ;
#1998 = DIRECTION ( 'NONE',  ( -0.000000000000000000, -0.000000000000000000, -1.000000000000000000 ) ) ;
#1999 = VECTOR ( 'NONE', #5732, 1000.000000000000000 ) ;
#2000 = VECTOR ( 'NONE', #3268, 1000.000000000000000 ) ;
#2001 = CARTESIAN_POINT ( 'NONE',  ( 1.795259589288523472, -5.200000000000002842, -1.000000000000000000 ) ) ;
#2002 = ORIENTED_EDGE ( 'NONE', *, *, #8172, .F. ) ;
#2003 = EDGE_CURVE ( 'NONE', #3384, #2878, #7731, .T. ) ;
#2004 = AXIS2_PLACEMENT_3D ( 'NONE', #7224, #1998, #7365 ) ;
#2005 = DIRECTION ( 'NONE',  ( 0.000000000000000000, 0.000000000000000000, 1.000000000000000000 ) ) ;
#2006 = CARTESIAN_POINT ( 'NONE',  ( 23.13431429180943510, -1.558578927004019343, -2.286000000000000032 ) ) ;
#2007 = VERTEX_POINT ( 'NONE', #8271 ) ;
#2008 = LINE ( 'NONE', #2642, #4671 ) ;
#2009 = EDGE_CURVE ( 'NONE', #1626, #120, #2372, .T. ) ;
#2010 = VECTOR ( 'NONE', #3599, 1000.000000000000000 ) ;
#2011 = AXIS2_PLACEMENT_3D ( 'NONE', #6235, #902, #6932 ) ;
#2012 = VECTOR ( 'NONE', #2667, 1000.000000000000000 ) ;
#2013 = ORIENTED_EDGE ( 'NONE', *, *, #4501, .F. ) ;
#2014 = ORIENTED_EDGE ( 'NONE', *, *, #7205, .F. ) ;
#2015 = DIRECTION ( 'NONE',  ( 0.5000000000000001110, 0.8660254037844385966, -0.000000000000000000 ) ) ;
#2016 = LINE ( 'NONE', #3213, #5222 ) ;
#2017 = DIRECTION ( 'NONE',  ( 1.000000000000000000, 0.000000000000000000, 0.000000000000000000 ) ) ;
#2018 = AXIS2_PLACEMENT_3D ( 'NONE', #7852, #1024, #933 ) ;
#2019 = CIRCLE ( 'NONE', #7398, 3.175000000000004263 ) ;
#2020 = ORIENTED_EDGE ( 'NONE', *, *, #1414, .F. ) ;
#2021 = VECTOR ( 'NONE', #6568, 1000.000000000000000 ) ;
#2022 = PLANE ( 'NONE',  #4697 ) ;
#2023 = CIRCLE ( 'NONE', #6955, 3.175000000000000711 ) ;
#2024 = CIRCLE ( 'NONE', #2295, 3.175000000000000711 ) ;
#2025 = VERTEX_POINT ( 'NONE', #5702 ) ;
#2026 = EDGE_LOOP ( 'NONE', ( #6872, #4887, #5805, #142, #4761, #703 ) ) ;
#2027 = CARTESIAN_POINT ( 'NONE',  ( 1.045259589288517699, 5.400961894323345724, 1.000000000000000000 ) ) ;
#2028 = CARTESIAN_POINT ( 'NONE',  ( -10.99852262806236958, 6.350000000000002309, 1.000000000000000000 ) ) ;
#2029 = EDGE_CURVE ( 'NONE', #2007, #1122, #6414, .T. ) ;
#2030 = CARTESIAN_POINT ( 'NONE',  ( 25.40000000000000213, 5.200000000000001066, -2.286000000000000032 ) ) ;
#2031 = VERTEX_POINT ( 'NONE', #1537 ) ;
#2032 = CARTESIAN_POINT ( 'NONE',  ( 18.51966991411008223, -5.112563132923545695, 2.286000000000000032 ) ) ;
#2033 = ORIENTED_EDGE ( 'NONE', *, *, #2150, .F. ) ;
#2034 = EDGE_CURVE ( 'NONE', #2600, #1339, #4237, .T. ) ;
#2035 = CARTESIAN_POINT ( 'NONE',  ( -6.490959663983258743, -2.256885490272335648, 1.000000000000000000 ) ) ;
#2036 = DIRECTION ( 'NONE',  ( 0.000000000000000000, 0.000000000000000000, -1.000000000000000000 ) ) ;
#2037 = AXIS2_PLACEMENT_3D ( 'NONE', #6991, #3019, #4428 ) ;
#2038 = DIRECTION ( 'NONE',  ( -0.7071067811865479058, 0.7071067811865470176, 0.000000000000000000 ) ) ;
#2039 = DIRECTION ( 'NONE',  ( -0.5000000000000001110, -0.8660254037844387076, 0.000000000000000000 ) ) ;
#2040 = ORIENTED_EDGE ( 'NONE', *, *, #5015, .T. ) ;
#2041 = ORIENTED_EDGE ( 'NONE', *, *, #6354, .F. ) ;
#2042 = ADVANCED_FACE ( 'NONE', ( #2918 ), #904, .T. ) ;
#2043 = LINE ( 'NONE', #3458, #4423 ) ;
#2044 = DIRECTION ( 'NONE',  ( -0.7071067811865471286, -0.7071067811865479058, 0.000000000000000000 ) ) ;
#2045 = LINE ( 'NONE', #4746, #7077 ) ;
#2046 = ADVANCED_FACE ( 'NONE', ( #5615 ), #8314, .T. ) ;
#2047 = DIRECTION ( 'NONE',  ( 0.000000000000000000, 0.000000000000000000, 1.000000000000000000 ) ) ;
#2048 = ORIENTED_EDGE ( 'NONE', *, *, #85, .F. ) ;
#2049 = CARTESIAN_POINT ( 'NONE',  ( 2.570603795974258254, -1.863497014787716122, 2.286000000000000032 ) ) ;
#2050 = CARTESIAN_POINT ( 'NONE',  ( -19.03172414251772082, 11.56532132601496521, 2.286000000000000032 ) ) ;
#2051 = ORIENTED_EDGE ( 'NONE', *, *, #6607, .T. ) ;
#2052 = DIRECTION ( 'NONE',  ( 1.000000000000000000, 7.434522636839145511E-17, -0.000000000000000000 ) ) ;
#2053 = ORIENTED_EDGE ( 'NONE', *, *, #4304, .F. ) ;
#2054 = ORIENTED_EDGE ( 'NONE', *, *, #2009, .F. ) ;
#2055 = DIRECTION ( 'NONE',  ( -1.000000000000000000, 0.000000000000000000, 0.000000000000000000 ) ) ;
#2056 = DIRECTION ( 'NONE',  ( 1.000000000000000000, -1.776356839400250859E-15, 0.000000000000000000 ) ) ;
#2057 = CARTESIAN_POINT ( 'NONE',  ( -21.99704525612466810, 12.70000000000014673, -3.049999999999999822 ) ) ;
#2058 = ORIENTED_EDGE ( 'NONE', *, *, #1096, .T. ) ;
#2059 = DIRECTION ( 'NONE',  ( 0.000000000000000000, 0.000000000000000000, 1.000000000000000000 ) ) ;
#2060 = ORIENTED_EDGE ( 'NONE', *, *, #813, .T. ) ;
#2061 = ORIENTED_EDGE ( 'NONE', *, *, #2752, .F. ) ;
#2062 = ORIENTED_EDGE ( 'NONE', *, *, #7927, .T. ) ;
#2063 = CC_DESIGN_DATE_AND_TIME_ASSIGNMENT ( #5864, #2503, ( #8746 ) ) ;
#2064 = FACE_BOUND ( 'NONE', #4141, .T. ) ;
#2065 = EDGE_CURVE ( 'NONE', #8287, #6168, #6317, .T. ) ;
#2066 = CARTESIAN_POINT ( 'NONE',  ( -24.59704525612474058, 8.196667900320957045, 3.049999999999999822 ) ) ;
#2067 = DIRECTION ( 'NONE',  ( 1.000000000000000000, 3.414809992080329023E-17, 0.000000000000000000 ) ) ;
#2068 = ORIENTED_EDGE ( 'NONE', *, *, #5927, .F. ) ;
#2069 = DIRECTION ( 'NONE',  ( 0.000000000000000000, 0.000000000000000000, 1.000000000000000000 ) ) ;
#2070 = EDGE_CURVE ( 'NONE', #7334, #2530, #4993, .T. ) ;
#2071 = ORIENTED_EDGE ( 'NONE', *, *, #7368, .T. ) ;
#2072 = LINE ( 'NONE', #7479, #2424 ) ;
#2073 = CARTESIAN_POINT ( 'NONE',  ( -9.552245033349360489E-16, -5.200000000000001954, 3.049999999999999822 ) ) ;
#2074 = AXIS2_PLACEMENT_3D ( 'NONE', #3704, #5269, #6495 ) ;
#2075 = DIRECTION ( 'NONE',  ( 0.000000000000000000, 0.000000000000000000, 1.000000000000000000 ) ) ;
#2076 = CARTESIAN_POINT ( 'NONE',  ( -14.37757983920675997, 15.46004292841287153, 3.049999999999999822 ) ) ;
#2077 = VERTEX_POINT ( 'NONE', #947 ) ;
#2078 = EDGE_CURVE ( 'NONE', #1599, #1360, #4197, .T. ) ;
#2079 = VERTEX_POINT ( 'NONE', #989 ) ;
#2080 = DIRECTION ( 'NONE',  ( -1.000000000000000000, 0.000000000000000000, 0.000000000000000000 ) ) ;
#2081 = DIRECTION ( 'NONE',  ( 1.000000000000000000, 0.000000000000000000, 0.000000000000000000 ) ) ;
#2082 = DIRECTION ( 'NONE',  ( -0.000000000000000000, -0.000000000000000000, -1.000000000000000000 ) ) ;
#2083 = LINE ( 'NONE', #4132, #8699 ) ;
#2084 = CIRCLE ( 'NONE', #5486, 3.175000000000000711 ) ;
#2085 = LINE ( 'NONE', #7453, #5282 ) ;
#2086 = FACE_BOUND ( 'NONE', #962, .T. ) ;
#2087 = ORIENTED_EDGE ( 'NONE', *, *, #2963, .F. ) ;
#2088 = EDGE_CURVE ( 'NONE', #8258, #8703, #6749, .T. ) ;
#2089 = DIRECTION ( 'NONE',  ( -0.8660254037844353769, 0.5000000000000057732, 0.000000000000000000 ) ) ;
#2090 = ORIENTED_EDGE ( 'NONE', *, *, #5775, .F. ) ;
#2091 = ORIENTED_EDGE ( 'NONE', *, *, #4575, .T. ) ;
#2092 = DIRECTION ( 'NONE',  ( 0.5000000000000001110, 0.8660254037844385966, -0.000000000000000000 ) ) ;
#2093 = DIRECTION ( 'NONE',  ( -0.2588190451025195737, 0.9659258262890686453, 0.000000000000000000 ) ) ;
#2094 = CARTESIAN_POINT ( 'NONE',  ( -19.53172414251771372, 10.69929592223052239, 2.286000000000000032 ) ) ;
#2095 = FACE_OUTER_BOUND ( 'NONE', #2826, .T. ) ;
#2096 = EDGE_CURVE ( 'NONE', #5743, #2934, #6179, .T. ) ;
#2097 = VECTOR ( 'NONE', #8127, 1000.000000000000000 ) ;
#2098 = EDGE_CURVE ( 'NONE', #3165, #3732, #3274, .T. ) ;
#2099 = VERTEX_POINT ( 'NONE', #1798 ) ;
#2100 = ORIENTED_EDGE ( 'NONE', *, *, #3700, .F. ) ;
#2101 = EDGE_LOOP ( 'NONE', ( #6598, #6135, #995, #4957 ) ) ;
#2102 = FACE_BOUND ( 'NONE', #2929, .T. ) ;
#2103 = CARTESIAN_POINT ( 'NONE',  ( 19.58033008588990143, 5.112563132923546583, -2.286000000000000032 ) ) ;
#2104 = DIRECTION ( 'NONE',  ( 0.000000000000000000, 0.000000000000000000, -1.000000000000000000 ) ) ;
#2105 = PLANE ( 'NONE',  #4160 ) ;
#2106 = ORIENTED_EDGE ( 'NONE', *, *, #6870, .T. ) ;
#2107 = AXIS2_PLACEMENT_3D ( 'NONE', #2687, #6666, #4055 ) ;
#2108 = EDGE_CURVE ( 'NONE', #4310, #4341, #1896, .T. ) ;
#2109 = ORIENTED_EDGE ( 'NONE', *, *, #29, .T. ) ;
#2110 = CARTESIAN_POINT ( 'NONE',  ( 14.56349701478770520, 2.570603795974267136, 1.000000000000000000 ) ) ;
#2111 = VECTOR ( 'NONE', #2949, 1000.000000000000000 ) ;
#2112 = DIRECTION ( 'NONE',  ( 0.000000000000000000, 0.000000000000000000, 1.000000000000000000 ) ) ;
#2113 = DIRECTION ( 'NONE',  ( -1.000000000000000000, 0.000000000000000000, 0.000000000000000000 ) ) ;
#2114 = FACE_OUTER_BOUND ( 'NONE', #8457, .T. ) ;
#2115 = ADVANCED_FACE ( 'NONE', ( #8690 ), #8587, .T. ) ;
#2116 = EDGE_LOOP ( 'NONE', ( #1188, #6405, #7469, #2615 ) ) ;
#2117 = DIRECTION ( 'NONE',  ( -0.2588190451025199068, 0.9659258262890685343, 0.000000000000000000 ) ) ;
#2118 = CARTESIAN_POINT ( 'NONE',  ( 15.40416345659799013, -0.5000000000000000000, 2.286000000000000032 ) ) ;
#2119 = DIRECTION ( 'NONE',  ( 0.9659258262890688673, 0.2588190451025188521, 0.000000000000000000 ) ) ;
#2120 = LINE ( 'NONE', #129, #4148 ) ;
#2121 = EDGE_CURVE ( 'NONE', #1234, #8258, #1509, .T. ) ;
#2122 = DIRECTION ( 'NONE',  ( -0.000000000000000000, -0.000000000000000000, -1.000000000000000000 ) ) ;
#2123 = VERTEX_POINT ( 'NONE', #3227 ) ;
#2124 = VECTOR ( 'NONE', #5757, 1000.000000000000000 ) ;
#2125 = ORIENTED_EDGE ( 'NONE', *, *, #5259, .F. ) ;
#2126 = VECTOR ( 'NONE', #5371, 1000.000000000000000 ) ;
#2127 = ORIENTED_EDGE ( 'NONE', *, *, #5305, .T. ) ;
#2128 = EDGE_CURVE ( 'NONE', #6804, #5954, #5124, .T. ) ;
#2129 = DIRECTION ( 'NONE',  ( -0.000000000000000000, -0.000000000000000000, -1.000000000000000000 ) ) ;
#2130 = CARTESIAN_POINT ( 'NONE',  ( -10.99852262806236958, 6.350000000000002309, 1.000000000000000000 ) ) ;
#2131 = VECTOR ( 'NONE', #6779, 1000.000000000000000 ) ;
#2132 = CARTESIAN_POINT ( 'NONE',  ( -7.596263553721125383, -1.517774594508492392, 12.72085538888886802 ) ) ;
#2133 = CARTESIAN_POINT ( 'NONE',  ( -1.492273636064717968, 7.501092681167252252, 2.286000000000000032 ) ) ;
#2134 = VERTEX_POINT ( 'NONE', #2562 ) ;
#2135 = DIRECTION ( 'NONE',  ( -0.000000000000000000, -0.000000000000000000, -1.000000000000000000 ) ) ;
#2136 = AXIS2_PLACEMENT_3D ( 'NONE', #1641, #8521, #5150 ) ;
#2137 = AXIS2_PLACEMENT_3D ( 'NONE', #2157, #1493, #8184 ) ;
#2138 = CIRCLE ( 'NONE', #5542, 3.175000000000000711 ) ;
#2139 = ORIENTED_EDGE ( 'NONE', *, *, #8278, .T. ) ;
#2140 = VERTEX_POINT ( 'NONE', #5976 ) ;
#2141 = VERTEX_POINT ( 'NONE', #4547 ) ;
#2142 = EDGE_CURVE ( 'NONE', #7361, #1660, #5476, .T. ) ;
#2143 = ORIENTED_EDGE ( 'NONE', *, *, #7217, .F. ) ;
#2144 = VECTOR ( 'NONE', #319, 1000.000000000000000 ) ;
#2145 = PLANE ( 'NONE',  #2410 ) ;
#2146 = CIRCLE ( 'NONE', #4138, 3.174999999999999822 ) ;
#2147 = AXIS2_PLACEMENT_3D ( 'NONE', #5167, #7863, #1795 ) ;
#2148 = CARTESIAN_POINT ( 'NONE',  ( -4.154740410711463383, -3.605702305034792943, -1.000000000000000000 ) ) ;
#2149 = LINE ( 'NONE', #2780, #8102 ) ;
#2150 = EDGE_CURVE ( 'NONE', #6255, #3114, #8494, .T. ) ;
#2151 = FACE_OUTER_BOUND ( 'NONE', #1353, .T. ) ;
#2152 = EDGE_LOOP ( 'NONE', ( #5321, #5761, #932, #488 ) ) ;
#2153 = CARTESIAN_POINT ( 'NONE',  ( 12.69999999999999929, 0.000000000000000000, 2.286000000000000032 ) ) ;
#2154 = VECTOR ( 'NONE', #2117, 1000.000000000000000 ) ;
#2155 = ORIENTED_EDGE ( 'NONE', *, *, #1491, .T. ) ;
#2156 = ADVANCED_FACE ( 'NONE', ( #1841 ), #3791, .T. ) ;
#2157 = CARTESIAN_POINT ( 'NONE',  ( -10.99852262806236958, 6.350000000000002309, 2.286000000000000032 ) ) ;
#2158 = CARTESIAN_POINT ( 'NONE',  ( 20.90710678118654542, 5.200000000000001066, 1.000000000000000444 ) ) ;
#2159 = CARTESIAN_POINT ( 'NONE',  ( 1.795259589288525026, 6.200000000000001066, 1.000000000000000000 ) ) ;
#2160 = VECTOR ( 'NONE', #4082, 1000.000000000000000 ) ;
#2161 = EDGE_CURVE ( 'NONE', #3002, #3502, #3976, .T. ) ;
#2162 = DIRECTION ( 'NONE',  ( -0.8660254037844380415, 0.5000000000000011102, 0.000000000000000000 ) ) ;
#2163 = ORIENTED_EDGE ( 'NONE', *, *, #6673, .F. ) ;
#2164 = ORIENTED_EDGE ( 'NONE', *, *, #4328, .T. ) ;
#2165 = VECTOR ( 'NONE', #2371, 1000.000000000000000 ) ;
#2166 = EDGE_CURVE ( 'NONE', #3778, #209, #1068, .T. ) ;
#2167 = CARTESIAN_POINT ( 'NONE',  ( 14.56349701478770697, 2.570603795974265804, 2.286000000000000032 ) ) ;
#2168 = DIRECTION ( 'NONE',  ( -0.7071067811865472397, -0.7071067811865479058, 0.000000000000000000 ) ) ;
#2169 = EDGE_CURVE ( 'NONE', #6059, #7221, #5744, .T. ) ;
#2170 = CARTESIAN_POINT ( 'NONE',  ( -21.99704525612473915, 12.70000000000000462, 1.000000000000000000 ) ) ;
#2171 = LINE ( 'NONE', #52, #2165 ) ;
#2172 = DIRECTION ( 'NONE',  ( -0.7071067811865474617, -0.7071067811865476838, 0.000000000000000000 ) ) ;
#2173 = CYLINDRICAL_SURFACE ( 'NONE', #7431, 3.175000000000000711 ) ;
#2174 = ORIENTED_EDGE ( 'NONE', *, *, #195, .F. ) ;
#2175 = EDGE_LOOP ( 'NONE', ( #5393, #5741, #2892, #1327, #6869, #3020 ) ) ;
#2176 = EDGE_LOOP ( 'NONE', ( #1215, #8087, #7655, #5654, #6606, #6992, #9, #4959, #4395, #99, #2323, #4071, #8332, #8422, #4888, #7761, #1106, #7499, #7352, #5076, #3533, #3759, #6433, #2903, #8078, #323, #6759, #211, #8276, #4908, #7266, #8527, #7654, #5565, #192, #3632, #2773, #5551, #6129, #7759, #2100, #2013, #3695, #7780, #1347, #3333, #6936, #2414, #802, #414, #2498, #3105, #423, #4177, #6588, #5218, #8383, #7312, #1433, #1898, #5171, #1413, #5181, #7678, #5684, #2476, #2174, #7057, #759, #3843, #5714, #1132, #7757, #2841, #229, #1310, #1645, #5195, #1366, #6219, #7869, #7119, #5638, #8589, #8132, #6728, #3614, #7972, #5893, #4267, #8668, #6170, #6850, #2087, #2255 ) ) ;
#2177 = DIRECTION ( 'NONE',  ( 0.7071067811865469066, 0.7071067811865482389, 0.000000000000000000 ) ) ;
#2178 = CARTESIAN_POINT ( 'NONE',  ( 11.14142107299598017, 2.265685708190568803, -2.286000000000000032 ) ) ;
#2179 = DIRECTION ( 'NONE',  ( 1.000000000000000000, 0.000000000000000000, -0.000000000000000000 ) ) ;
#2180 = FACE_OUTER_BOUND ( 'NONE', #6283, .T. ) ;
#2181 = ORIENTED_EDGE ( 'NONE', *, *, #2825, .T. ) ;
#2182 = CARTESIAN_POINT ( 'NONE',  ( -9.704062945077804869, 3.450862347330246216, -2.286000000000000032 ) ) ;
#2183 = EDGE_CURVE ( 'NONE', #2187, #5593, #604, .T. ) ;
#2184 = ORIENTED_EDGE ( 'NONE', *, *, #2652, .T. ) ;
#2185 = EDGE_CURVE ( 'NONE', #4125, #5515, #7308, .T. ) ;
#2186 = ORIENTED_EDGE ( 'NONE', *, *, #8017, .F. ) ;
#2187 = VERTEX_POINT ( 'NONE', #3135 ) ;
#2188 = VECTOR ( 'NONE', #1210, 1000.000000000000000 ) ;
#2189 = VERTEX_POINT ( 'NONE', #1129 ) ;
#2190 = CARTESIAN_POINT ( 'NONE',  ( 6.349999999999987210, -3.654415587728429671, 3.049999999999999822 ) ) ;
#2191 = PLANE ( 'NONE',  #35 ) ;
#2192 = LINE ( 'NONE', #2273, #7828 ) ;
#2193 = ORIENTED_EDGE ( 'NONE', *, *, #550, .T. ) ;
#2194 = DIRECTION ( 'NONE',  ( 0.7071067811865467956, 0.7071067811865483499, -0.000000000000000000 ) ) ;
#2195 = EDGE_CURVE ( 'NONE', #7354, #5314, #8010, .T. ) ;
#2196 = VECTOR ( 'NONE', #3252, 1000.000000000000000 ) ;
#2197 = EDGE_LOOP ( 'NONE', ( #5385, #2068, #92, #6416, #7002, #3232, #3884 ) ) ;
#2198 = LINE ( 'NONE', #204, #930 ) ;
#2199 = CARTESIAN_POINT ( 'NONE',  ( 23.84142107299598123, 2.265685708190568359, 2.286000000000000032 ) ) ;
#2200 = CARTESIAN_POINT ( 'NONE',  ( -21.99704525612473915, 12.70000000000000462, 2.286000000000000032 ) ) ;
#2201 = DIRECTION ( 'NONE',  ( 0.7071067811865477948, 0.7071067811865473507, -0.000000000000000000 ) ) ;
#2202 = ORIENTED_EDGE ( 'NONE', *, *, #3466, .T. ) ;
#2203 = ADVANCED_FACE ( 'NONE', ( #3837 ), #6544, .F. ) ;
#2204 = VECTOR ( 'NONE', #4499, 999.9999999999998863 ) ;
#2205 = ORIENTED_EDGE ( 'NONE', *, *, #401, .T. ) ;
#2206 = CYLINDRICAL_SURFACE ( 'NONE', #3310, 3.174999999999999822 ) ;
#2207 = DIRECTION ( 'NONE',  ( 1.000000000000000000, 0.000000000000000000, 0.000000000000000000 ) ) ;
#2208 = LINE ( 'NONE', #5587, #7176 ) ;
#2209 = DIRECTION ( 'NONE',  ( 0.000000000000000000, -0.000000000000000000, 1.000000000000000000 ) ) ;
#2210 = DIRECTION ( 'NONE',  ( -0.7071067811865476838, 0.7071067811865474617, 0.000000000000000000 ) ) ;
#2211 = CARTESIAN_POINT ( 'NONE',  ( -2.100000000000000089, 2.571758278209441957E-16, 2.286000000000000032 ) ) ;
#2212 = EDGE_LOOP ( 'NONE', ( #536, #2707, #4383, #5475 ) ) ;
#2213 = EDGE_CURVE ( 'NONE', #5404, #7508, #6637, .T. ) ;
#2214 = CIRCLE ( 'NONE', #3360, 5.199999999999985967 ) ;
#2215 = EDGE_CURVE ( 'NONE', #8023, #1472, #6642, .T. ) ;
#2216 = EDGE_LOOP ( 'NONE', ( #845, #6655, #3240, #6892 ) ) ;
#2217 = ORIENTED_EDGE ( 'NONE', *, *, #3914, .T. ) ;
#2218 = DIRECTION ( 'NONE',  ( -0.000000000000000000, -0.000000000000000000, -1.000000000000000000 ) ) ;
#2219 = CARTESIAN_POINT ( 'NONE',  ( 18.51966991411008223, -5.112563132923545695, 12.74539167476553381 ) ) ;
#2220 = DIRECTION ( 'NONE',  ( -0.7071067811865465735, -0.7071067811865484609, 0.000000000000000000 ) ) ;
#2221 = CARTESIAN_POINT ( 'NONE',  ( 23.84142107299598123, 2.265685708190568359, 12.74539167476553381 ) ) ;
#2222 = VERTEX_POINT ( 'NONE', #2035 ) ;
#2223 = CARTESIAN_POINT ( 'NONE',  ( -12.29298231104691652, 9.249137652669768173, 2.286000000000000032 ) ) ;
#2224 = EDGE_CURVE ( 'NONE', #4125, #6774, #1986, .T. ) ;
#2225 = ORIENTED_EDGE ( 'NONE', *, *, #1393, .T. ) ;
#2226 = ORIENTED_EDGE ( 'NONE', *, *, #4018, .F. ) ;
#2227 = ORIENTED_EDGE ( 'NONE', *, *, #2775, .F. ) ;
#2228 = PLANE ( 'NONE',  #7906 ) ;
#2229 = FACE_OUTER_BOUND ( 'NONE', #2486, .T. ) ;
#2230 = CARTESIAN_POINT ( 'NONE',  ( 1.863497014787710127, -2.570603795974263583, -2.286000000000000032 ) ) ;
#2231 = CARTESIAN_POINT ( 'NONE',  ( 5.355761184457482393, -4.648654403270934488, -2.286000000000000032 ) ) ;
#2232 = EDGE_CURVE ( 'NONE', #4573, #6101, #3983, .T. ) ;
#2233 = EDGE_LOOP ( 'NONE', ( #3297, #2164, #615, #4670 ) ) ;
#2234 = DIRECTION ( 'NONE',  ( -0.000000000000000000, -0.000000000000000000, -1.000000000000000000 ) ) ;
#2235 = ORIENTED_EDGE ( 'NONE', *, *, #8626, .T. ) ;
#2236 = CARTESIAN_POINT ( 'NONE',  ( -1.138921523207039166E-15, -6.200000000000003730, 3.049999999999999822 ) ) ;
#2237 = EDGE_CURVE ( 'NONE', #268, #2031, #8592, .T. ) ;
#2238 = EDGE_CURVE ( 'NONE', #8455, #563, #3218, .T. ) ;
#2239 = CARTESIAN_POINT ( 'NONE',  ( 8.207106781186553235, -5.200000000000002842, -1.000000000000000000 ) ) ;
#2240 = VECTOR ( 'NONE', #5597, 1000.000000000000000 ) ;
#2241 = CARTESIAN_POINT ( 'NONE',  ( -18.59478618178347276, 4.832225405491517023, 12.72085538888886802 ) ) ;
#2242 = ORIENTED_EDGE ( 'NONE', *, *, #4334, .F. ) ;
#2243 = VECTOR ( 'NONE', #8616, 1000.000000000000114 ) ;
#2244 = VERTEX_POINT ( 'NONE', #1236 ) ;
#2245 = ORIENTED_EDGE ( 'NONE', *, *, #2700, .T. ) ;
#2246 = DIRECTION ( 'NONE',  ( -0.7071067811865483499, 0.7071067811865467956, 0.000000000000000000 ) ) ;
#2247 = ADVANCED_FACE ( 'NONE', ( #1847 ), #5406, .T. ) ;
#2248 = CARTESIAN_POINT ( 'NONE',  ( -13.96384374166937192, 7.484678673985080799, -1.000000000000000444 ) ) ;
#2249 = DIRECTION ( 'NONE',  ( 0.8660254037844387076, -0.5000000000000001110, 0.000000000000000000 ) ) ;
#2250 = DIRECTION ( 'NONE',  ( -0.000000000000000000, -0.000000000000000000, -1.000000000000000000 ) ) ;
#2251 = ADVANCED_FACE ( 'NONE', ( #1190 ), #608, .T. ) ;
#2252 = CARTESIAN_POINT ( 'NONE',  ( -0.3285338566954901784, 3.157956697772277277, 1.000000000000000000 ) ) ;
#2253 = ORIENTED_EDGE ( 'NONE', *, *, #2183, .F. ) ;
#2254 = VERTEX_POINT ( 'NONE', #2665 ) ;
#2255 = ORIENTED_EDGE ( 'NONE', *, *, #6200, .F. ) ;
#2256 = DIRECTION ( 'NONE',  ( -0.000000000000000000, -0.000000000000000000, -1.000000000000000000 ) ) ;
#2257 = DIRECTION ( 'NONE',  ( 1.000000000000000000, 0.000000000000000000, 0.000000000000000000 ) ) ;
#2258 = AXIS2_PLACEMENT_3D ( 'NONE', #5315, #5264, #8006 ) ;
#2259 = DIRECTION ( 'NONE',  ( -0.2588190451025194072, 0.9659258262890687563, 0.000000000000000000 ) ) ;
#2260 = DIRECTION ( 'NONE',  ( 0.000000000000000000, 0.000000000000000000, 1.000000000000000000 ) ) ;
#2261 = ORIENTED_EDGE ( 'NONE', *, *, #2465, .T. ) ;
#2262 = EDGE_CURVE ( 'NONE', #2920, #6985, #8639, .T. ) ;
#2263 = CARTESIAN_POINT ( 'NONE',  ( -6.962552443978283101, -1.347972214418268866, -1.000000000000000000 ) ) ;
#2264 = ORIENTED_EDGE ( 'NONE', *, *, #3392, .T. ) ;
#2265 = AXIS2_PLACEMENT_3D ( 'NONE', #621, #6865, #8192 ) ;
#2266 = ORIENTED_EDGE ( 'NONE', *, *, #6730, .F. ) ;
#2267 = EDGE_LOOP ( 'NONE', ( #6262, #841, #7410, #8625 ) ) ;
#2268 = CARTESIAN_POINT ( 'NONE',  ( -19.51443345744086955, 13.88285191678238739, 12.72085538888886802 ) ) ;
#2269 = ADVANCED_FACE ( 'NONE', ( #5219 ), #1328, .T. ) ;
#2270 = EDGE_CURVE ( 'NONE', #8677, #123, #2568, .T. ) ;
#2271 = CARTESIAN_POINT ( 'NONE',  ( 5.355761184457482393, -4.648654403270934488, 3.049999999999999822 ) ) ;
#2272 = DIRECTION ( 'NONE',  ( 0.5000000000000011102, 0.8660254037844380415, -0.000000000000000000 ) ) ;
#2273 = CARTESIAN_POINT ( 'NONE',  ( 6.792893218813451206, 5.200000000000001066, 3.049999999999999822 ) ) ;
#2274 = AXIS2_PLACEMENT_3D ( 'NONE', #2910, #809, #8221 ) ;
#2275 = LINE ( 'NONE', #3569, #3679 ) ;
#2276 = CIRCLE ( 'NONE', #1294, 3.175000000000004263 ) ;
#2277 = VECTOR ( 'NONE', #3162, 999.9999999999998863 ) ;
#2278 = VERTEX_POINT ( 'NONE', #3844 ) ;
#2279 = VECTOR ( 'NONE', #7833, 999.9999999999998863 ) ;
#2280 = VECTOR ( 'NONE', #8270, 1000.000000000000000 ) ;
#2281 = DIRECTION ( 'NONE',  ( -0.000000000000000000, -0.000000000000000000, -1.000000000000000000 ) ) ;
#2282 = EDGE_LOOP ( 'NONE', ( #442, #5090, #7421, #2990 ) ) ;
#2283 = EDGE_CURVE ( 'NONE', #8156, #3944, #557, .T. ) ;
#2284 = CARTESIAN_POINT ( 'NONE',  ( 8.207106781186553235, -5.200000000000001954, 1.000000000000000444 ) ) ;
#2285 = DIRECTION ( 'NONE',  ( 1.000000000000000000, 0.000000000000000000, 0.000000000000000000 ) ) ;
#2286 = CARTESIAN_POINT ( 'NONE',  ( 1.795259589288523250, 6.700000000000001066, -1.000000000000000000 ) ) ;
#2287 = AXIS2_PLACEMENT_3D ( 'NONE', #5909, #1828, #3346 ) ;
#2288 = VERTEX_POINT ( 'NONE', #5983 ) ;
#2289 = CIRCLE ( 'NONE', #5688, 5.199999999999985967 ) ;
#2290 = VECTOR ( 'NONE', #3767, 1000.000000000000000 ) ;
#2291 = AXIS2_PLACEMENT_3D ( 'NONE', #2743, #72, #895 ) ;
#2292 = EDGE_CURVE ( 'NONE', #4421, #7441, #6732, .T. ) ;
#2293 = ORIENTED_EDGE ( 'NONE', *, *, #773, .F. ) ;
#2294 = EDGE_CURVE ( 'NONE', #1277, #5617, #2621, .T. ) ;
#2295 = AXIS2_PLACEMENT_3D ( 'NONE', #3859, #4169, #5417 ) ;
#2296 = CARTESIAN_POINT ( 'NONE',  ( 2.100000000000000089, 0.000000000000000000, 2.286000000000000032 ) ) ;
#2297 = CARTESIAN_POINT ( 'NONE',  ( -10.99852262806236958, 6.350000000000002309, 2.286000000000000032 ) ) ;
#2298 = LINE ( 'NONE', #955, #7031 ) ;
#2299 = CARTESIAN_POINT ( 'NONE',  ( -19.40517100672533246, 11.78093097359325192, 12.72085538888886802 ) ) ;
#2300 = CYLINDRICAL_SURFACE ( 'NONE', #1034, 3.175000000000000711 ) ;
#2301 = AXIS2_PLACEMENT_3D ( 'NONE', #5419, #1910, #8652 ) ;
#2302 = AXIS2_PLACEMENT_3D ( 'NONE', #6100, #1980, #728 ) ;
#2303 = EDGE_CURVE ( 'NONE', #6561, #487, #5881, .T. ) ;
#2304 = VERTEX_POINT ( 'NONE', #2521 ) ;
#2305 = EDGE_CURVE ( 'NONE', #2776, #6561, #5322, .T. ) ;
#2306 = ORIENTED_EDGE ( 'NONE', *, *, #3454, .F. ) ;
#2307 = LINE ( 'NONE', #4302, #1725 ) ;
#2308 = CARTESIAN_POINT ( 'NONE',  ( -7.326469107895388966, 0.01018326504134301966, 2.286000000000000032 ) ) ;
#2309 = LINE ( 'NONE', #8470, #5956 ) ;
#2310 = DIRECTION ( 'NONE',  ( -0.9659258262890686453, -0.2588190451025193517, 0.000000000000000000 ) ) ;
#2311 = CARTESIAN_POINT ( 'NONE',  ( -0.3285338566954899564, 3.157956697772276389, -2.286000000000000032 ) ) ;
#2312 = ORIENTED_EDGE ( 'NONE', *, *, #1389, .F. ) ;
#2313 = CARTESIAN_POINT ( 'NONE',  ( 15.27060379597425843, -1.863497014787717898, -2.286000000000000032 ) ) ;
#2314 = ORIENTED_EDGE ( 'NONE', *, *, #1867, .T. ) ;
#2315 = ORIENTED_EDGE ( 'NONE', *, *, #4963, .T. ) ;
#2316 = VERTEX_POINT ( 'NONE', #6691 ) ;
#2317 = CARTESIAN_POINT ( 'NONE',  ( -10.66998877136687440, 3.192043302227724588, -1.000000000000000000 ) ) ;
#2318 = DIRECTION ( 'NONE',  ( 1.000000000000000000, 0.000000000000000000, -0.000000000000000000 ) ) ;
#2319 = CARTESIAN_POINT ( 'NONE',  ( -12.28948229204562814, 13.09977870908579156, -1.000000000000000000 ) ) ;
#2320 = DIRECTION ( 'NONE',  ( -1.189523621894263085E-16, -1.000000000000000000, 0.000000000000000000 ) ) ;
#2321 = CARTESIAN_POINT ( 'NONE',  ( -21.99704525612473915, 12.70000000000000462, 2.286000000000000032 ) ) ;
#2322 = ADVANCED_FACE ( 'NONE', ( #7209 ), #4648, .F. ) ;
#2323 = ORIENTED_EDGE ( 'NONE', *, *, #5400, .F. ) ;
#2324 = EDGE_CURVE ( 'NONE', #94, #1122, #4114, .T. ) ;
#2325 = CARTESIAN_POINT ( 'NONE',  ( 1.155148208520079267, 9.088928195530909804, -1.000000000000000000 ) ) ;
#2326 = CARTESIAN_POINT ( 'NONE',  ( -10.99852262806236958, 6.350000000000002309, -1.000000000000000000 ) ) ;
#2327 = LINE ( 'NONE', #4414, #4701 ) ;
#2328 = CIRCLE ( 'NONE', #4600, 3.175000000000000711 ) ;
#2329 = CARTESIAN_POINT ( 'NONE',  ( -10.99852262806236958, 6.350000000000002309, 2.286000000000000032 ) ) ;
#2330 = ORIENTED_EDGE ( 'NONE', *, *, #6318, .T. ) ;
#2331 = EDGE_CURVE ( 'NONE', #8463, #1760, #3450, .T. ) ;
#2332 = EDGE_CURVE ( 'NONE', #5294, #59, #2214, .T. ) ;
#2333 = VERTEX_POINT ( 'NONE', #6192 ) ;
#2334 = AXIS2_PLACEMENT_3D ( 'NONE', #7581, #2890, #5501 ) ;
#2335 = ORIENTED_EDGE ( 'NONE', *, *, #6475, .T. ) ;
#2336 = FACE_OUTER_BOUND ( 'NONE', #5766, .T. ) ;
#2337 = DIRECTION ( 'NONE',  ( 0.000000000000000000, 0.000000000000000000, 1.000000000000000000 ) ) ;
#2338 = PLANE ( 'NONE',  #3784 ) ;
#2339 = DIRECTION ( 'NONE',  ( 0.000000000000000000, 0.000000000000000000, -1.000000000000000000 ) ) ;
#2340 = CARTESIAN_POINT ( 'NONE',  ( 20.04423881554251352, 4.648654403270934488, 2.286000000000000032 ) ) ;
#2341 = EDGE_CURVE ( 'NONE', #2244, #2123, #4232, .T. ) ;
#2342 = ORIENTED_EDGE ( 'NONE', *, *, #940, .F. ) ;
#2343 = ORIENTED_EDGE ( 'NONE', *, *, #5601, .F. ) ;
#2344 = CARTESIAN_POINT ( 'NONE',  ( 0.000000000000000000, 0.000000000000000000, 1.000000000000000000 ) ) ;
#2345 = CARTESIAN_POINT ( 'NONE',  ( -24.59704525612474058, 8.196667900320957045, 3.049999999999999822 ) ) ;
#2346 = UNCERTAINTY_MEASURE_WITH_UNIT (LENGTH_MEASURE( 1.000000000000000082E-05 ), #4587, 'distance_accuracy_value', 'NONE');
#2347 = DIRECTION ( 'NONE',  ( 0.000000000000000000, 0.000000000000000000, -1.000000000000000000 ) ) ;
#2348 = AXIS2_PLACEMENT_3D ( 'NONE', #5923, #8636, #5837 ) ;
#2349 = DIRECTION ( 'NONE',  ( -0.7071067811865471286, -0.7071067811865479058, 0.000000000000000000 ) ) ;
#2350 = FACE_OUTER_BOUND ( 'NONE', #8766, .T. ) ;
#2351 = ORIENTED_EDGE ( 'NONE', *, *, #1329, .T. ) ;
#2352 = LINE ( 'NONE', #6434, #3285 ) ;
#2353 = ORIENTED_EDGE ( 'NONE', *, *, #7687, .T. ) ;
#2354 = EDGE_LOOP ( 'NONE', ( #8431, #2226, #5594, #240 ) ) ;
#2355 = ORIENTED_EDGE ( 'NONE', *, *, #4077, .F. ) ;
#2356 = CARTESIAN_POINT ( 'NONE',  ( 15.27060379597425843, -1.863497014787716122, 2.286000000000000032 ) ) ;
#2357 = EDGE_CURVE ( 'NONE', #2316, #8412, #4473, .T. ) ;
#2358 = LINE ( 'NONE', #1744, #544 ) ;
#2359 = DIRECTION ( 'NONE',  ( -1.000000000000000000, 0.000000000000000000, 0.000000000000000000 ) ) ;
#2360 = CARTESIAN_POINT ( 'NONE',  ( 4.492893218813454936, -5.200000000000001954, 1.000000000000000444 ) ) ;
#2361 = VERTEX_POINT ( 'NONE', #2110 ) ;
#2362 = CARTESIAN_POINT ( 'NONE',  ( -1.138921523207039166E-15, -6.200000000000003730, -3.049999999999999822 ) ) ;
#2363 = AXIS2_PLACEMENT_3D ( 'NONE', #6125, #5498, #127 ) ;
#2364 = EDGE_CURVE ( 'NONE', #7129, #2025, #2198, .T. ) ;
#2365 = ORIENTED_EDGE ( 'NONE', *, *, #3352, .T. ) ;
#2366 = AXIS2_PLACEMENT_3D ( 'NONE', #5710, #5748, #8502 ) ;
#2367 = LINE ( 'NONE', #7109, #3555 ) ;
#2368 = DIRECTION ( 'NONE',  ( 1.000000000000000000, 0.000000000000000000, 0.000000000000000000 ) ) ;
#2369 = DIRECTION ( 'NONE',  ( 0.000000000000000000, 0.000000000000000000, 1.000000000000000000 ) ) ;
#2370 = LINE ( 'NONE', #5072, #1262 ) ;
#2371 = DIRECTION ( 'NONE',  ( -1.000000000000000000, 0.000000000000000000, 0.000000000000000000 ) ) ;
#2372 = LINE ( 'NONE', #6324, #8588 ) ;
#2373 = VERTEX_POINT ( 'NONE', #4815 ) ;
#2374 = EDGE_CURVE ( 'NONE', #5954, #2439, #8310, .T. ) ;
#2375 = VECTOR ( 'NONE', #888, 1000.000000000000114 ) ;
#2376 = ORIENTED_EDGE ( 'NONE', *, *, #7756, .F. ) ;
#2377 = ORIENTED_EDGE ( 'NONE', *, *, #4995, .F. ) ;
#2378 = ORIENTED_EDGE ( 'NONE', *, *, #2185, .F. ) ;
#2379 = CARTESIAN_POINT ( 'NONE',  ( -13.31242066876969687, 13.05373339887579398, 3.049999999999999822 ) ) ;
#2380 = ADVANCED_FACE ( 'NONE', ( #2873 ), #1454, .T. ) ;
#2381 = EDGE_CURVE ( 'NONE', #3197, #5617, #2784, .T. ) ;
#2382 = FACE_OUTER_BOUND ( 'NONE', #1398, .T. ) ;
#2383 = CYLINDRICAL_SURFACE ( 'NONE', #4781, 3.174999999999999822 ) ;
#2384 = CARTESIAN_POINT ( 'NONE',  ( 15.83538275175456000, 0.5000000000000000000, 2.286000000000000032 ) ) ;
#2385 = CARTESIAN_POINT ( 'NONE',  ( -24.59704525612473702, 8.196667900320957045, 1.000000000000000000 ) ) ;
#2386 = ORIENTED_EDGE ( 'NONE', *, *, #1952, .T. ) ;
#2387 = AXIS2_PLACEMENT_3D ( 'NONE', #1070, #976, #7007 ) ;
#2388 = ORIENTED_EDGE ( 'NONE', *, *, #44, .T. ) ;
#2389 = ORIENTED_EDGE ( 'NONE', *, *, #5651, .F. ) ;
#2390 = DIRECTION ( 'NONE',  ( 0.000000000000000000, 0.000000000000000000, -1.000000000000000000 ) ) ;
#2391 = DIRECTION ( 'NONE',  ( 0.000000000000000000, 0.000000000000000000, -1.000000000000000000 ) ) ;
#2392 = EDGE_CURVE ( 'NONE', #2187, #625, #856, .T. ) ;
#2393 = DIRECTION ( 'NONE',  ( 0.7071067811865479058, 0.7071067811865472397, -0.000000000000000000 ) ) ;
#2394 = AXIS2_PLACEMENT_3D ( 'NONE', #8122, #626, #6009 ) ;
#2395 = FACE_OUTER_BOUND ( 'NONE', #7845, .T. ) ;
#2396 = DIRECTION ( 'NONE',  ( 1.000000000000000000, 0.000000000000000000, 0.000000000000000000 ) ) ;
#2397 = ORIENTED_EDGE ( 'NONE', *, *, #5843, .T. ) ;
#2398 = CARTESIAN_POINT ( 'NONE',  ( -1.290959663983275663, 6.749778709085801687, 2.286000000000000032 ) ) ;
#2399 = CARTESIAN_POINT ( 'NONE',  ( -1.492273636064717968, 7.501092681167252252, -2.286000000000000032 ) ) ;
#2400 = ADVANCED_FACE ( 'NONE', ( #4195 ), #6284, .T. ) ;
#2401 = ORIENTED_EDGE ( 'NONE', *, *, #2771, .F. ) ;
#2402 = VERTEX_POINT ( 'NONE', #861 ) ;
#2403 = DIRECTION ( 'NONE',  ( -0.9659258262890688673, -0.2588190451025186301, 0.000000000000000000 ) ) ;
#2404 = EDGE_CURVE ( 'NONE', #6407, #443, #4163, .T. ) ;
#2405 = CARTESIAN_POINT ( 'NONE',  ( 20.04423881554251352, 4.648654403270934488, 1.000000000000000444 ) ) ;
#2406 = DATE_TIME_ROLE ( 'classification_date' ) ;
#2407 = FACE_OUTER_BOUND ( 'NONE', #4312, .T. ) ;
#2408 = ORIENTED_EDGE ( 'NONE', *, *, #8273, .F. ) ;
#2409 = PLANE ( 'NONE',  #5402 ) ;
#2410 = AXIS2_PLACEMENT_3D ( 'NONE', #599, #5357, #5479 ) ;
#2411 = EDGE_CURVE ( 'NONE', #8647, #5361, #6856, .T. ) ;
#2412 = ORIENTED_EDGE ( 'NONE', *, *, #5768, .T. ) ;
#2413 = CYLINDRICAL_SURFACE ( 'NONE', #5263, 3.175000000000004263 ) ;
#2414 = ORIENTED_EDGE ( 'NONE', *, *, #4193, .F. ) ;
#2415 = EDGE_CURVE ( 'NONE', #3078, #8328, #4073, .T. ) ;
#2416 = VECTOR ( 'NONE', #2527, 1000.000000000000000 ) ;
#2417 = LINE ( 'NONE', #6491, #4250 ) ;
#2418 = VECTOR ( 'NONE', #4519, 1000.000000000000000 ) ;
#2419 = FACE_OUTER_BOUND ( 'NONE', #1369, .T. ) ;
#2420 = PLANE ( 'NONE',  #3780 ) ;
#2421 = DIRECTION ( 'NONE',  ( 0.000000000000000000, 0.000000000000000000, 1.000000000000000000 ) ) ;
#2422 = CARTESIAN_POINT ( 'NONE',  ( 0.000000000000000000, 0.000000000000000000, 2.286000000000000032 ) ) ;
#2423 = CIRCLE ( 'NONE', #1435, 3.175000000000004263 ) ;
#2424 = VECTOR ( 'NONE', #6406, 1000.000000000000000 ) ;
#2425 = VECTOR ( 'NONE', #3846, 1000.000000000000000 ) ;
#2426 = VECTOR ( 'NONE', #8007, 1000.000000000000114 ) ;
#2427 = ORIENTED_EDGE ( 'NONE', *, *, #7449, .F. ) ;
#2428 = ORIENTED_EDGE ( 'NONE', *, *, #6928, .F. ) ;
#2429 = ORIENTED_EDGE ( 'NONE', *, *, #6329, .F. ) ;
#2430 = CARTESIAN_POINT ( 'NONE',  ( 5.245422000780054717, 10.15016241149153231, -1.000000000000000000 ) ) ;
#2431 = EDGE_CURVE ( 'NONE', #7859, #4748, #3487, .T. ) ;
#2432 = PLANE ( 'NONE',  #2567 ) ;
#2433 = VECTOR ( 'NONE', #270, 1000.000000000000114 ) ;
#2434 = VECTOR ( 'NONE', #3378, 1000.000000000000114 ) ;
#2435 = DIRECTION ( 'NONE',  ( 0.2588190451025182415, -0.9659258262890690894, 0.000000000000000000 ) ) ;
#2436 = AXIS2_PLACEMENT_3D ( 'NONE', #148, #2272, #6972 ) ;
#2437 = LINE ( 'NONE', #4427, #6937 ) ;
#2438 = LINE ( 'NONE', #6422, #7130 ) ;
#2439 = VERTEX_POINT ( 'NONE', #8267 ) ;
#2440 = EDGE_CURVE ( 'NONE', #5504, #928, #7081, .T. ) ;
#2441 = VECTOR ( 'NONE', #8706, 999.9999999999998863 ) ;
#2442 = ORIENTED_EDGE ( 'NONE', *, *, #5003, .T. ) ;
#2443 = CC_DESIGN_PERSON_AND_ORGANIZATION_ASSIGNMENT ( #8483, #8673, ( #1721 ) ) ;
#2444 = ORIENTED_EDGE ( 'NONE', *, *, #4350, .F. ) ;
#2445 = CARTESIAN_POINT ( 'NONE',  ( -17.48948229204563631, 4.093114509727668882, 2.286000000000000032 ) ) ;
#2446 = EDGE_CURVE ( 'NONE', #7830, #196, #3401, .T. ) ;
#2447 = DIRECTION ( 'NONE',  ( 1.000000000000000000, 0.000000000000000000, 0.000000000000000000 ) ) ;
#2448 = CARTESIAN_POINT ( 'NONE',  ( 15.83538275175456000, 0.5000000000000000000, 2.286000000000000032 ) ) ;
#2449 = FACE_OUTER_BOUND ( 'NONE', #6182, .T. ) ;
#2450 = LINE ( 'NONE', #5148, #6210 ) ;
#2451 = CIRCLE ( 'NONE', #179, 6.200000000000003730 ) ;
#2452 = ORIENTED_EDGE ( 'NONE', *, *, #678, .F. ) ;
#2453 = CARTESIAN_POINT ( 'NONE',  ( 7.587436867076464253, -5.819669914110093600, 2.286000000000000032 ) ) ;
#2454 = CARTESIAN_POINT ( 'NONE',  ( 1.863497014787710127, -2.570603795974263583, 1.000000000000000000 ) ) ;
#2455 = ORIENTED_EDGE ( 'NONE', *, *, #5391, .F. ) ;
#2456 = VERTEX_POINT ( 'NONE', #8140 ) ;
#2457 = VECTOR ( 'NONE', #1, 1000.000000000000000 ) ;
#2458 = DIRECTION ( 'NONE',  ( -0.8660254037844385966, 0.5000000000000001110, 0.000000000000000000 ) ) ;
#2459 = AXIS2_PLACEMENT_3D ( 'NONE', #6556, #7275, #3192 ) ;
#2460 = LINE ( 'NONE', #5156, #8628 ) ;
#2461 = DATE_AND_TIME ( #7190, #7400 ) ;
#2462 = CARTESIAN_POINT ( 'NONE',  ( -21.99704525612473560, 12.70000000000003659, 3.049999999999999822 ) ) ;
#2463 = ORIENTED_EDGE ( 'NONE', *, *, #7887, .T. ) ;
#2464 = CARTESIAN_POINT ( 'NONE',  ( 20.59558441227158099, 5.200000000000001066, 3.049999999999999822 ) ) ;
#2465 = EDGE_CURVE ( 'NONE', #7705, #3935, #2072, .T. ) ;
#2466 = EDGE_LOOP ( 'NONE', ( #2912, #7342, #506, #3301 ) ) ;
#2467 = DIRECTION ( 'NONE',  ( 0.000000000000000000, 0.000000000000000000, 1.000000000000000000 ) ) ;
#2468 = ORIENTED_EDGE ( 'NONE', *, *, #7758, .F. ) ;
#2469 = LINE ( 'NONE', #7862, #2563 ) ;
#2470 = CARTESIAN_POINT ( 'NONE',  ( -17.48948229204562921, 4.093114509727667993, -2.286000000000000032 ) ) ;
#2471 = LINE ( 'NONE', #4456, #539 ) ;
#2472 = FACE_OUTER_BOUND ( 'NONE', #3201, .T. ) ;
#2473 = EDGE_CURVE ( 'NONE', #5753, #1111, #4451, .T. ) ;
#2474 = DIRECTION ( 'NONE',  ( 0.000000000000000000, 0.000000000000000000, 1.000000000000000000 ) ) ;
#2475 = ORIENTED_EDGE ( 'NONE', *, *, #1777, .T. ) ;
#2476 = ORIENTED_EDGE ( 'NONE', *, *, #248, .T. ) ;
#2477 = ORIENTED_EDGE ( 'NONE', *, *, #3810, .F. ) ;
#2478 = CARTESIAN_POINT ( 'NONE',  ( -17.75926857737314535, 4.248875694185175966, -3.049999999999999822 ) ) ;
#2479 = DIRECTION ( 'NONE',  ( 0.000000000000000000, 0.000000000000000000, 1.000000000000000000 ) ) ;
#2480 = CARTESIAN_POINT ( 'NONE',  ( -8.387883332138496684, 3.971435077792938362, -1.000000000000000000 ) ) ;
#2481 = EDGE_CURVE ( 'NONE', #4008, #4052, #4941, .T. ) ;
#2482 = CARTESIAN_POINT ( 'NONE',  ( -9.552245033349328934E-16, -5.199999999999985967, 3.049999999999999822 ) ) ;
#2483 = DIRECTION ( 'NONE',  ( -0.000000000000000000, -0.000000000000000000, -1.000000000000000000 ) ) ;
#2484 = EDGE_CURVE ( 'NONE', #595, #3502, #6358, .T. ) ;
#2485 = ORIENTED_EDGE ( 'NONE', *, *, #8507, .F. ) ;
#2486 = EDGE_LOOP ( 'NONE', ( #1378, #1751, #5882, #6115 ) ) ;
#2487 = DIRECTION ( 'NONE',  ( 1.000000000000000000, 0.000000000000000000, 0.000000000000000000 ) ) ;
#2488 = DIRECTION ( 'NONE',  ( 0.8660254037844387076, -0.5000000000000001110, 0.000000000000000000 ) ) ;
#2489 = LINE ( 'NONE', #1249, #4259 ) ;
#2490 = LINE ( 'NONE', #7226, #370 ) ;
#2491 = EDGE_CURVE ( 'NONE', #1940, #2333, #403, .T. ) ;
#2492 = FACE_OUTER_BOUND ( 'NONE', #5618, .T. ) ;
#2493 = DIRECTION ( 'NONE',  ( 0.000000000000000000, 0.000000000000000000, 1.000000000000000000 ) ) ;
#2494 = ORIENTED_EDGE ( 'NONE', *, *, #6585, .F. ) ;
#2495 = CARTESIAN_POINT ( 'NONE',  ( 25.40000000000000213, 5.200000000000001066, 3.049999999999999822 ) ) ;
#2496 = DIRECTION ( 'NONE',  ( -1.000000000000000000, 0.000000000000000000, 0.000000000000000000 ) ) ;
#2497 = EDGE_CURVE ( 'NONE', #1036, #6101, #3785, .T. ) ;
#2498 = ORIENTED_EDGE ( 'NONE', *, *, #2777, .T. ) ;
#2499 = ORIENTED_EDGE ( 'NONE', *, *, #4220, .F. ) ;
#2500 = FACE_OUTER_BOUND ( 'NONE', #1144, .T. ) ;
#2501 = ADVANCED_FACE ( 'NONE', ( #1750 ), #2413, .T. ) ;
#2502 = DIRECTION ( 'NONE',  ( -0.2588190451025196848, 0.9659258262890686453, 0.000000000000000000 ) ) ;
#2503 = DATE_TIME_ROLE ( 'creation_date' ) ;
#2504 = DIRECTION ( 'NONE',  ( 1.000000000000000000, 0.000000000000000000, 0.000000000000000000 ) ) ;
#2505 = EDGE_LOOP ( 'NONE', ( #3540, #1576, #741, #2106, #1698, #138 ) ) ;
#2506 = DIRECTION ( 'NONE',  ( 0.2588190451025156325, -0.9659258262890696445, 0.000000000000000000 ) ) ;
#2507 = AXIS2_PLACEMENT_3D ( 'NONE', #460, #3181, #7915 ) ;
#2508 = ORIENTED_EDGE ( 'NONE', *, *, #2514, .F. ) ;
#2509 = DIRECTION ( 'NONE',  ( 0.8660254037844352659, -0.5000000000000057732, 0.000000000000000000 ) ) ;
#2510 = VERTEX_POINT ( 'NONE', #3001 ) ;
#2511 = DIRECTION ( 'NONE',  ( -1.000000000000000000, 0.000000000000000000, 0.000000000000000000 ) ) ;
#2512 = VECTOR ( 'NONE', #3399, 1000.000000000000000 ) ;
#2513 = LINE ( 'NONE', #3271, #733 ) ;
#2514 = EDGE_CURVE ( 'NONE', #2727, #4612, #1035, .T. ) ;
#2515 = CARTESIAN_POINT ( 'NONE',  ( -20.70608559214145217, 5.950221290914227801, 3.049999999999999822 ) ) ;
#2516 = DIRECTION ( 'NONE',  ( -0.5000000000000001110, -0.8660254037844387076, 0.000000000000000000 ) ) ;
#2517 = VECTOR ( 'NONE', #3190, 1000.000000000000000 ) ;
#2518 = EDGE_LOOP ( 'NONE', ( #257, #6158, #5170, #6311 ) ) ;
#2519 = EDGE_LOOP ( 'NONE', ( #7050, #8096, #3241, #5162 ) ) ;
#2520 = EDGE_CURVE ( 'NONE', #8406, #8485, #7770, .T. ) ;
#2521 = CARTESIAN_POINT ( 'NONE',  ( -20.70608559214145217, 5.950221290914226024, -2.286000000000000032 ) ) ;
#2522 = ORIENTED_EDGE ( 'NONE', *, *, #6383, .T. ) ;
#2523 = DIRECTION ( 'NONE',  ( 0.000000000000000000, 0.000000000000000000, -1.000000000000000000 ) ) ;
#2524 = DIRECTION ( 'NONE',  ( 1.000000000000000000, 0.000000000000000000, 0.000000000000000000 ) ) ;
#2525 = CARTESIAN_POINT ( 'NONE',  ( 8.207106781186547906, 5.200000000000001066, -2.286000000000000032 ) ) ;
#2526 = VECTOR ( 'NONE', #4845, 1000.000000000000000 ) ;
#2527 = DIRECTION ( 'NONE',  ( -1.000000000000000000, 0.000000000000000000, 0.000000000000000000 ) ) ;
#2528 = LINE ( 'NONE', #7878, #1332 ) ;
#2529 = ORIENTED_EDGE ( 'NONE', *, *, #3045, .T. ) ;
#2530 = VERTEX_POINT ( 'NONE', #6446 ) ;
#2531 = ADVANCED_FACE ( 'NONE', ( #4987 ), #361, .T. ) ;
#2532 = VECTOR ( 'NONE', #3272, 1000.000000000000000 ) ;
#2533 = ORIENTED_EDGE ( 'NONE', *, *, #881, .T. ) ;
#2534 = ORIENTED_EDGE ( 'NONE', *, *, #231, .T. ) ;
#2535 = CARTESIAN_POINT ( 'NONE',  ( 9.995836543402008445, 0.4999999999999991673, -2.286000000000000032 ) ) ;
#2536 = CARTESIAN_POINT ( 'NONE',  ( -18.83908855835246143, 13.02853385669551933, 2.286000000000000032 ) ) ;
#2537 = LINE ( 'NONE', #5237, #18 ) ;
#2538 = EDGE_CURVE ( 'NONE', #359, #6582, #6978, .T. ) ;
#2539 = EDGE_LOOP ( 'NONE', ( #3858, #4348, #8629, #2002, #2062, #6319, #3077, #4997 ) ) ;
#2540 = CARTESIAN_POINT ( 'NONE',  ( -15.50608559214147064, 14.95688549027236647, 2.286000000000000032 ) ) ;
#2541 = CARTESIAN_POINT ( 'NONE',  ( -2.677814704624448705, 8.061888878335397024, -2.286000000000000032 ) ) ;
#2542 = CIRCLE ( 'NONE', #959, 2.100000000000000977 ) ;
#2543 = VERTEX_POINT ( 'NONE', #1656 ) ;
#2544 = FACE_OUTER_BOUND ( 'NONE', #2518, .T. ) ;
#2545 = FACE_OUTER_BOUND ( 'NONE', #7546, .T. ) ;
#2546 = ORIENTED_EDGE ( 'NONE', *, *, #6730, .T. ) ;
#2547 = VECTOR ( 'NONE', #6519, 1000.000000000000000 ) ;
#2548 = ORIENTED_EDGE ( 'NONE', *, *, #8021, .T. ) ;
#2549 = DIRECTION ( 'NONE',  ( -0.7071067811865471286, -0.7071067811865479058, 0.000000000000000000 ) ) ;
#2550 = EDGE_CURVE ( 'NONE', #8463, #3055, #3613, .T. ) ;
#2551 = DIRECTION ( 'NONE',  ( 0.2588190451025192962, -0.9659258262890687563, 0.000000000000000000 ) ) ;
#2552 = APPROVAL_ROLE ( '' ) ;
#2553 = DIRECTION ( 'NONE',  ( 0.2588190451025204619, -0.9659258262890684232, 0.000000000000000000 ) ) ;
#2554 = ORIENTED_EDGE ( 'NONE', *, *, #199, .T. ) ;
#2555 = CARTESIAN_POINT ( 'NONE',  ( -10.99852262806236958, 6.350000000000002309, -2.286000000000000032 ) ) ;
#2556 = EDGE_CURVE ( 'NONE', #2872, #2141, #1436, .T. ) ;
#2557 = LINE ( 'NONE', #5260, #5809 ) ;
#2558 = VERTEX_POINT ( 'NONE', #2956 ) ;
#2559 = DIRECTION ( 'NONE',  ( 0.000000000000000000, 0.000000000000000000, -1.000000000000000000 ) ) ;
#2560 = CARTESIAN_POINT ( 'NONE',  ( 1.795259589288524582, 5.200000000000001066, 3.049999999999999822 ) ) ;
#2561 = CYLINDRICAL_SURFACE ( 'NONE', #1666, 2.100000000000000977 ) ;
#2562 = CARTESIAN_POINT ( 'NONE',  ( 1.795259589288524804, 6.200000000000005507, -3.049999999999999822 ) ) ;
#2563 = VECTOR ( 'NONE', #3886, 999.9999999999998863 ) ;
#2564 = AXIS2_PLACEMENT_3D ( 'NONE', #4679, #4020, #6723 ) ;
#2565 = ORIENTED_EDGE ( 'NONE', *, *, #5221, .T. ) ;
#2566 = VERTEX_POINT ( 'NONE', #5696 ) ;
#2567 = AXIS2_PLACEMENT_3D ( 'NONE', #294, #4999, #3755 ) ;
#2568 = LINE ( 'NONE', #4032, #1075 ) ;
#2569 = ORIENTED_EDGE ( 'NONE', *, *, #4809, .F. ) ;
#2570 = DIRECTION ( 'NONE',  ( 0.000000000000000000, 0.000000000000000000, -1.000000000000000000 ) ) ;
#2571 = LINE ( 'NONE', #3939, #3138 ) ;
#2572 = CARTESIAN_POINT ( 'NONE',  ( 12.69999999999999929, 0.000000000000000000, -2.286000000000000032 ) ) ;
#2573 = DIRECTION ( 'NONE',  ( 1.000000000000000000, 0.000000000000000000, 0.000000000000000000 ) ) ;
#2574 = VECTOR ( 'NONE', #2772, 1000.000000000000114 ) ;
#2575 = CARTESIAN_POINT ( 'NONE',  ( -2.599999999999996536, -4.503332099679068001, 1.000000000000000000 ) ) ;
#2576 = EDGE_LOOP ( 'NONE', ( #8416, #6159, #8435, #4825, #4766, #766 ) ) ;
#2577 = EDGE_CURVE ( 'NONE', #4955, #6223, #5539, .T. ) ;
#2578 = AXIS2_PLACEMENT_3D ( 'NONE', #1988, #560, #5932 ) ;
#2579 = ADVANCED_FACE ( 'NONE', ( #3088 ), #943, .T. ) ;
#2580 = EDGE_LOOP ( 'NONE', ( #5604, #6348, #8173, #1033 ) ) ;
#2581 = ORIENTED_EDGE ( 'NONE', *, *, #31, .T. ) ;
#2582 = VECTOR ( 'NONE', #3302, 999.9999999999998863 ) ;
#2583 = VECTOR ( 'NONE', #4246, 1000.000000000000000 ) ;
#2584 = CARTESIAN_POINT ( 'NONE',  ( -1.294459682984559823, 2.899137652669757870, -2.286000000000000032 ) ) ;
#2585 = VECTOR ( 'NONE', #4285, 1000.000000000000000 ) ;
#2586 = FACE_OUTER_BOUND ( 'NONE', #3468, .T. ) ;
#2587 = CIRCLE ( 'NONE', #2147, 3.175000000000000711 ) ;
#2588 = FACE_OUTER_BOUND ( 'NONE', #5016, .T. ) ;
#2589 = ORIENTED_EDGE ( 'NONE', *, *, #7656, .F. ) ;
#2590 = CYLINDRICAL_SURFACE ( 'NONE', #3997, 3.175000000000000711 ) ;
#2591 = CARTESIAN_POINT ( 'NONE',  ( 0.000000000000000000, 0.000000000000000000, 2.286000000000000032 ) ) ;
#2592 = LINE ( 'NONE', #1959, #8698 ) ;
#2593 = VERTEX_POINT ( 'NONE', #3047 ) ;
#2594 = CARTESIAN_POINT ( 'NONE',  ( 12.69999999999999929, 0.000000000000000000, 1.000000000000000000 ) ) ;
#2595 = ADVANCED_FACE ( 'NONE', ( #278 ), #5735, .T. ) ;
#2596 = AXIS2_PLACEMENT_3D ( 'NONE', #3958, #577, #6007 ) ;
#2597 = VECTOR ( 'NONE', #1394, 1000.000000000000000 ) ;
#2598 = LOCAL_TIME ( 14, 14, 57.00000000000000000, #5107 ) ;
#2599 = EDGE_LOOP ( 'NONE', ( #1066, #4136, #7143, #7929 ) ) ;
#2600 = VERTEX_POINT ( 'NONE', #984 ) ;
#2601 = DIRECTION ( 'NONE',  ( -0.2588190451025189076, 0.9659258262890687563, 0.000000000000000000 ) ) ;
#2602 = CIRCLE ( 'NONE', #7967, 3.175000000000000711 ) ;
#2603 = CYLINDRICAL_SURFACE ( 'NONE', #5507, 3.174999999999999822 ) ;
#2604 = DIRECTION ( 'NONE',  ( 0.2588190451025194072, -0.9659258262890686453, 0.000000000000000000 ) ) ;
#2605 = ORIENTED_EDGE ( 'NONE', *, *, #2294, .F. ) ;
#2606 = FACE_OUTER_BOUND ( 'NONE', #2354, .T. ) ;
#2607 = EDGE_CURVE ( 'NONE', #5743, #5239, #2367, .T. ) ;
#2608 = AXIS2_PLACEMENT_3D ( 'NONE', #4518, #7223, #8113 ) ;
#2609 = AXIS2_PLACEMENT_3D ( 'NONE', #6315, #7565, #2822 ) ;
#2610 = ORIENTED_EDGE ( 'NONE', *, *, #7567, .T. ) ;
#2611 = DIRECTION ( 'NONE',  ( 1.000000000000000000, 0.000000000000000000, 0.000000000000000000 ) ) ;
#2612 = ORIENTED_EDGE ( 'NONE', *, *, #5650, .T. ) ;
#2613 = CARTESIAN_POINT ( 'NONE',  ( 12.69999999999999929, 0.000000000000000000, 2.286000000000000032 ) ) ;
#2614 = CARTESIAN_POINT ( 'NONE',  ( -21.99704525612466810, 12.70000000000014673, 3.049999999999999822 ) ) ;
#2615 = ORIENTED_EDGE ( 'NONE', *, *, #8387, .T. ) ;
#2616 = DIRECTION ( 'NONE',  ( 0.8660254037844385966, -0.5000000000000000000, 0.000000000000000000 ) ) ;
#2617 = EDGE_CURVE ( 'NONE', #1950, #5055, #8666, .T. ) ;
#2618 = ADVANCED_FACE ( 'NONE', ( #1932 ), #6018, .F. ) ;
#2619 = ORIENTED_EDGE ( 'NONE', *, *, #6334, .T. ) ;
#2620 = EDGE_LOOP ( 'NONE', ( #5797, #2782, #3221, #5938 ) ) ;
#2621 = LINE ( 'NONE', #7265, #7462 ) ;
#2622 = ORIENTED_EDGE ( 'NONE', *, *, #4607, .T. ) ;
#2623 = CARTESIAN_POINT ( 'NONE',  ( 0.5324124995004488881, 11.41300950127961045, -1.000000000000000000 ) ) ;
#2624 = LINE ( 'NONE', #8700, #3982 ) ;
#2625 = PLANE ( 'NONE',  #3374 ) ;
#2626 = EDGE_CURVE ( 'NONE', #1323, #6015, #1317, .T. ) ;
#2627 = DIRECTION ( 'NONE',  ( -0.2588190451025195737, 0.9659258262890686453, 0.000000000000000000 ) ) ;
#2628 = EDGE_CURVE ( 'NONE', #210, #4262, #5355, .T. ) ;
#2629 = VERTEX_POINT ( 'NONE', #6674 ) ;
#2630 = ORIENTED_EDGE ( 'NONE', *, *, #3861, .F. ) ;
#2631 = CARTESIAN_POINT ( 'NONE',  ( 25.39999999999999858, -5.200000000000001066, 1.000000000000000000 ) ) ;
#2632 = LINE ( 'NONE', #5334, #5700 ) ;
#2633 = DIRECTION ( 'NONE',  ( 0.7071067811865476838, -0.7071067811865474617, 0.000000000000000000 ) ) ;
#2634 = CARTESIAN_POINT ( 'NONE',  ( 4.804415587728414927, -5.200000000000001954, 3.049999999999999822 ) ) ;
#2635 = VERTEX_POINT ( 'NONE', #8047 ) ;
#2636 = CARTESIAN_POINT ( 'NONE',  ( -8.099384975392615260, 7.644459682984572346, -1.000000000000000000 ) ) ;
#2637 = ADVANCED_FACE ( 'NONE', ( #6631 ), #596, .T. ) ;
#2638 = DIRECTION ( 'NONE',  ( 0.000000000000000000, 0.000000000000000000, 1.000000000000000000 ) ) ;
#2639 = FACE_OUTER_BOUND ( 'NONE', #8614, .T. ) ;
#2640 = ORIENTED_EDGE ( 'NONE', *, *, #3195, .F. ) ;
#2641 = PLANE ( 'NONE',  #3995 ) ;
#2642 = CARTESIAN_POINT ( 'NONE',  ( 3.135382751754560271, -0.5000000000000000000, 2.286000000000000032 ) ) ;
#2643 = ORIENTED_EDGE ( 'NONE', *, *, #5758, .T. ) ;
#2644 = ORIENTED_EDGE ( 'NONE', *, *, #6976, .T. ) ;
#2645 = ADVANCED_FACE ( 'NONE', ( #497 ), #8540, .T. ) ;
#2646 = DIRECTION ( 'NONE',  ( -0.7071067811865479058, 0.7071067811865471286, 0.000000000000000000 ) ) ;
#2647 = DIRECTION ( 'NONE',  ( -0.000000000000000000, -0.000000000000000000, 1.000000000000000000 ) ) ;
#2648 = FACE_OUTER_BOUND ( 'NONE', #2197, .T. ) ;
#2649 = EDGE_LOOP ( 'NONE', ( #7917, #3444, #5164, #6700 ) ) ;
#2650 = LINE ( 'NONE', #6669, #6388 ) ;
#2651 = VECTOR ( 'NONE', #1041, 1000.000000000000000 ) ;
#2652 = EDGE_CURVE ( 'NONE', #4168, #5725, #1123, .T. ) ;
#2653 = CARTESIAN_POINT ( 'NONE',  ( -9.552245033349360489E-16, -5.200000000000001954, 2.286000000000000032 ) ) ;
#2654 = ORIENTED_EDGE ( 'NONE', *, *, #7139, .T. ) ;
#2655 = CARTESIAN_POINT ( 'NONE',  ( -6.760745949310762448, -2.101124305814833004, -3.049999999999999822 ) ) ;
#2656 = DIRECTION ( 'NONE',  ( 0.7071067811865479058, -0.7071067811865471286, -0.000000000000000000 ) ) ;
#2657 = EDGE_CURVE ( 'NONE', #1740, #8703, #453, .T. ) ;
#2658 = DIRECTION ( 'NONE',  ( 0.000000000000000000, 0.000000000000000000, 1.000000000000000000 ) ) ;
#2659 = VERTEX_POINT ( 'NONE', #3175 ) ;
#2660 = LINE ( 'NONE', #6766, #1384 ) ;
#2661 = VECTOR ( 'NONE', #7158, 1000.000000000000000 ) ;
#2662 = ORIENTED_EDGE ( 'NONE', *, *, #859, .F. ) ;
#2663 = ORIENTED_EDGE ( 'NONE', *, *, #3974, .F. ) ;
#2664 = EDGE_CURVE ( 'NONE', #3639, #8415, #7860, .T. ) ;
#2665 = CARTESIAN_POINT ( 'NONE',  ( 10.12939620402573837, 1.863497014787714567, -1.000000000000000000 ) ) ;
#2666 = CARTESIAN_POINT ( 'NONE',  ( 10.12939620402573837, 1.863497014787714567, -2.286000000000000032 ) ) ;
#2667 = DIRECTION ( 'NONE',  ( 0.000000000000000000, 0.000000000000000000, 1.000000000000000000 ) ) ;
#2668 = ADVANCED_FACE ( 'NONE', ( #5871 ), #8004, .F. ) ;
#2669 = PLANE ( 'NONE',  #4489 ) ;
#2670 = FACE_OUTER_BOUND ( 'NONE', #1586, .T. ) ;
#2671 = ORIENTED_EDGE ( 'NONE', *, *, #2003, .T. ) ;
#2672 = CIRCLE ( 'NONE', #1653, 3.175000000000000711 ) ;
#2673 = EDGE_CURVE ( 'NONE', #2543, #359, #5917, .T. ) ;
#2674 = DIRECTION ( 'NONE',  ( 0.000000000000000000, 0.000000000000000000, 1.000000000000000000 ) ) ;
#2675 = DIRECTION ( 'NONE',  ( 0.8660254037844385966, -0.5000000000000001110, 0.000000000000000000 ) ) ;
#2676 = LINE ( 'NONE', #6040, #6061 ) ;
#2677 = EDGE_LOOP ( 'NONE', ( #389, #4081, #5713, #4492 ) ) ;
#2678 = DIRECTION ( 'NONE',  ( -0.000000000000000000, -0.000000000000000000, -1.000000000000000000 ) ) ;
#2679 = CARTESIAN_POINT ( 'NONE',  ( -8.684624587355029846, -0.3537333988757697667, 3.049999999999999822 ) ) ;
#2680 = ORIENTED_EDGE ( 'NONE', *, *, #3325, .T. ) ;
#2681 = FACE_OUTER_BOUND ( 'NONE', #3728, .T. ) ;
#2682 = CIRCLE ( 'NONE', #7035, 6.200000000000003730 ) ;
#2683 = ADVANCED_FACE ( 'NONE', ( #1269 ), #5209, .T. ) ;
#2684 = ORIENTED_EDGE ( 'NONE', *, *, #3246, .T. ) ;
#2685 = ORIENTED_EDGE ( 'NONE', *, *, #1069, .F. ) ;
#2686 = CARTESIAN_POINT ( 'NONE',  ( -14.37757983920680971, 15.46004292841277028, -3.049999999999999822 ) ) ;
#2687 = CARTESIAN_POINT ( 'NONE',  ( -21.99704525612473560, 12.70000000000003659, -3.049999999999999822 ) ) ;
#2688 = PLANE ( 'NONE',  #7616 ) ;
#2689 = ORIENTED_EDGE ( 'NONE', *, *, #3715, .T. ) ;
#2690 = CARTESIAN_POINT ( 'NONE',  ( -20.81419333934237059, 10.21738820131617231, 12.72085538888886802 ) ) ;
#2691 = ADVANCED_FACE ( 'NONE', ( #6587 ), #1224, .T. ) ;
#2692 = CIRCLE ( 'NONE', #7629, 2.100000000000000977 ) ;
#2693 = ORIENTED_EDGE ( 'NONE', *, *, #5513, .F. ) ;
#2694 = ORIENTED_EDGE ( 'NONE', *, *, #3621, .F. ) ;
#2695 = DIRECTION ( 'NONE',  ( 0.7071067811865479058, -0.7071067811865471286, 0.000000000000000000 ) ) ;
#2696 = DIRECTION ( 'NONE',  ( 1.000000000000000000, 0.000000000000000000, -0.000000000000000000 ) ) ;
#2697 = CARTESIAN_POINT ( 'NONE',  ( -0.3285338566954902340, 3.157956697772277721, 2.286000000000000032 ) ) ;
#2698 = ORIENTED_EDGE ( 'NONE', *, *, #1361, .T. ) ;
#2699 = DIRECTION ( 'NONE',  ( 0.7071067811865474617, -0.7071067811865476838, 0.000000000000000000 ) ) ;
#2700 = EDGE_CURVE ( 'NONE', #5172, #3505, #2557, .T. ) ;
#2701 = EDGE_CURVE ( 'NONE', #1511, #5831, #3927, .T. ) ;
#2702 = ORIENTED_EDGE ( 'NONE', *, *, #4584, .T. ) ;
#2703 = DIRECTION ( 'NONE',  ( 0.8660254037844387076, -0.5000000000000001110, 0.000000000000000000 ) ) ;
#2704 = CARTESIAN_POINT ( 'NONE',  ( -21.99704525612473915, 12.70000000000000462, -2.286000000000000032 ) ) ;
#2705 = LINE ( 'NONE', #5451, #4266 ) ;
#2706 = CARTESIAN_POINT ( 'NONE',  ( -2.899137652669756537, -1.294459682984564264, -1.000000000000000000 ) ) ;
#2707 = ORIENTED_EDGE ( 'NONE', *, *, #3361, .T. ) ;
#2708 = EDGE_CURVE ( 'NONE', #8601, #2815, #2715, .T. ) ;
#2709 = AXIS2_PLACEMENT_3D ( 'NONE', #3787, #8542, #2511 ) ;
#2710 = EDGE_LOOP ( 'NONE', ( #6273, #2689, #4174, #4621 ) ) ;
#2711 = EDGE_CURVE ( 'NONE', #696, #2940, #1854, .T. ) ;
#2712 = CARTESIAN_POINT ( 'NONE',  ( -7.326469107895388966, 0.01018326504134301966, 3.049999999999999822 ) ) ;
#2713 = CARTESIAN_POINT ( 'NONE',  ( 0.000000000000000000, 0.000000000000000000, 2.286000000000000032 ) ) ;
#2714 = CIRCLE ( 'NONE', #6106, 3.174999999999999822 ) ;
#2715 = CIRCLE ( 'NONE', #4255, 3.174999999999999822 ) ;
#2716 = VERTEX_POINT ( 'NONE', #6172 ) ;
#2717 = CIRCLE ( 'NONE', #7653, 3.174999999999999822 ) ;
#2718 = DIRECTION ( 'NONE',  ( -0.000000000000000000, -0.000000000000000000, -1.000000000000000000 ) ) ;
#2719 = DIRECTION ( 'NONE',  ( -0.000000000000000000, -0.000000000000000000, -1.000000000000000000 ) ) ;
#2720 = VERTEX_POINT ( 'NONE', #835 ) ;
#2721 = LINE ( 'NONE', #5427, #2828 ) ;
#2722 = EDGE_CURVE ( 'NONE', #5478, #8437, #7518, .T. ) ;
#2723 = AXIS2_PLACEMENT_3D ( 'NONE', #2555, #5255, #7956 ) ;
#2724 = AXIS2_PLACEMENT_3D ( 'NONE', #205, #7017, #5576 ) ;
#2725 = EDGE_CURVE ( 'NONE', #7698, #5080, #6912, .T. ) ;
#2726 = AXIS2_PLACEMENT_3D ( 'NONE', #7019, #7774, #8313 ) ;
#2727 = VERTEX_POINT ( 'NONE', #5630 ) ;
#2728 = ORIENTED_EDGE ( 'NONE', *, *, #6212, .T. ) ;
#2729 = PLANE ( 'NONE',  #6821 ) ;
#2730 = PLANE ( 'NONE',  #6075 ) ;
#2731 = CARTESIAN_POINT ( 'NONE',  ( 17.91862915010151980, 6.200000000000000178, 3.050999999999999712 ) ) ;
#2732 = AXIS2_PLACEMENT_3D ( 'NONE', #1918, #1874, #6572 ) ;
#2733 = AXIS2_PLACEMENT_3D ( 'NONE', #7765, #449, #3687 ) ;
#2734 = VERTEX_POINT ( 'NONE', #7549 ) ;
#2735 = CARTESIAN_POINT ( 'NONE',  ( -2.965321113607005898, 1.134678673985064723, -1.000000000000000444 ) ) ;
#2736 = ADVANCED_FACE ( 'NONE', ( #4842 ), #793, .T. ) ;
#2737 = ORIENTED_EDGE ( 'NONE', *, *, #7494, .T. ) ;
#2738 = VECTOR ( 'NONE', #5799, 1000.000000000000114 ) ;
#2739 = VERTEX_POINT ( 'NONE', #6996 ) ;
#2740 = VERTEX_POINT ( 'NONE', #4258 ) ;
#2741 = DIRECTION ( 'NONE',  ( 1.000000000000000000, 0.000000000000000000, 0.000000000000000000 ) ) ;
#2742 = EDGE_CURVE ( 'NONE', #1472, #4858, #3594, .T. ) ;
#2743 = CARTESIAN_POINT ( 'NONE',  ( 25.39999999999999858, 0.000000000000000000, 2.286000000000000032 ) ) ;
#2744 = LINE ( 'NONE', #4769, #6139 ) ;
#2745 = VERTEX_POINT ( 'NONE', #96 ) ;
#2746 = CARTESIAN_POINT ( 'NONE',  ( -19.53172414251771372, 10.69929592223052239, 2.286000000000000032 ) ) ;
#2747 = EDGE_CURVE ( 'NONE', #3114, #6386, #5533, .T. ) ;
#2748 = AXIS2_PLACEMENT_3D ( 'NONE', #4216, #2895, #5596 ) ;
#2749 = VERTEX_POINT ( 'NONE', #4179 ) ;
#2750 = CARTESIAN_POINT ( 'NONE',  ( 6.349999999999999645, 5.642893218813452627, 2.286000000000000032 ) ) ;
#2751 = DIRECTION ( 'NONE',  ( 0.5000000000000058842, 0.8660254037844353769, -0.000000000000000000 ) ) ;
#2752 = EDGE_CURVE ( 'NONE', #4262, #3165, #8204, .T. ) ;
#2753 = AXIS2_PLACEMENT_3D ( 'NONE', #1855, #5227, #4564 ) ;
#2754 = CARTESIAN_POINT ( 'NONE',  ( 10.95118318523754120, -2.455923595949009552, 1.000000000000000000 ) ) ;
#2755 = CARTESIAN_POINT ( 'NONE',  ( 1.795259589288522584, 0.4999999999999995559, -1.000000000000000000 ) ) ;
#2756 = ORIENTED_EDGE ( 'NONE', *, *, #1350, .F. ) ;
#2757 = ORIENTED_EDGE ( 'NONE', *, *, #3518, .F. ) ;
#2758 = CARTESIAN_POINT ( 'NONE',  ( -10.99852262806236958, 6.350000000000002309, 2.286000000000000032 ) ) ;
#2759 = CARTESIAN_POINT ( 'NONE',  ( 4.492893218813454936, -5.200000000000001954, 3.049999999999999822 ) ) ;
#2760 = CARTESIAN_POINT ( 'NONE',  ( 2.265685708190568803, 1.558578927004020898, 12.74539167476553381 ) ) ;
#2761 = CARTESIAN_POINT ( 'NONE',  ( -28.19704525612467094, 12.70000000000014673, -3.049999999999999822 ) ) ;
#2762 = PLANE ( 'NONE',  #3849 ) ;
#2763 = EDGE_CURVE ( 'NONE', #3216, #6788, #260, .T. ) ;
#2764 = DIRECTION ( 'NONE',  ( -1.000000000000000000, 0.000000000000000000, 0.000000000000000000 ) ) ;
#2765 = ORIENTED_EDGE ( 'NONE', *, *, #6870, .F. ) ;
#2766 = CARTESIAN_POINT ( 'NONE',  ( -13.46384374166936659, 8.350704077769515621, 1.000000000000000000 ) ) ;
#2767 = EDGE_LOOP ( 'NONE', ( #2861, #166, #4231, #3279 ) ) ;
#2768 = LINE ( 'NONE', #4178, #7397 ) ;
#2769 = CARTESIAN_POINT ( 'NONE',  ( -1.138921523207039166E-15, -6.200000000000003730, -3.049999999999999822 ) ) ;
#2770 = DIRECTION ( 'NONE',  ( 1.000000000000000000, 0.000000000000000000, 0.000000000000000000 ) ) ;
#2771 = EDGE_CURVE ( 'NONE', #8160, #2123, #6241, .T. ) ;
#2772 = DIRECTION ( 'NONE',  ( -0.7071067811865479058, 0.7071067811865470176, 0.000000000000000000 ) ) ;
#2773 = ORIENTED_EDGE ( 'NONE', *, *, #1897, .F. ) ;
#2774 = ORIENTED_EDGE ( 'NONE', *, *, #3076, .F. ) ;
#2775 = EDGE_CURVE ( 'NONE', #779, #443, #3507, .T. ) ;
#2776 = VERTEX_POINT ( 'NONE', #135 ) ;
#2777 = EDGE_CURVE ( 'NONE', #1712, #5361, #183, .T. ) ;
#2778 = LINE ( 'NONE', #6020, #7647 ) ;
#2779 = CARTESIAN_POINT ( 'NONE',  ( 25.39999999999999858, -5.200000000000001066, 3.049999999999999822 ) ) ;
#2780 = CARTESIAN_POINT ( 'NONE',  ( 22.82939620402573411, -1.863497014787715012, 2.286000000000000032 ) ) ;
#2781 = FACE_OUTER_BOUND ( 'NONE', #1618, .T. ) ;
#2782 = ORIENTED_EDGE ( 'NONE', *, *, #5384, .F. ) ;
#2783 = ORIENTED_EDGE ( 'NONE', *, *, #7271, .T. ) ;
#2784 = LINE ( 'NONE', #116, #1377 ) ;
#2785 = EDGE_CURVE ( 'NONE', #5870, #4052, #45, .T. ) ;
#2786 = DIRECTION ( 'NONE',  ( -0.000000000000000000, -0.000000000000000000, -1.000000000000000000 ) ) ;
#2787 = AXIS2_PLACEMENT_3D ( 'NONE', #3656, #6361, #7063 ) ;
#2788 = DIRECTION ( 'NONE',  ( 0.9659258262890686453, 0.2588190451025195182, 0.000000000000000000 ) ) ;
#2789 = FACE_OUTER_BOUND ( 'NONE', #7459, .T. ) ;
#2790 = ORIENTED_EDGE ( 'NONE', *, *, #1596, .T. ) ;
#2791 = EDGE_CURVE ( 'NONE', #779, #721, #5553, .T. ) ;
#2792 = EDGE_CURVE ( 'NONE', #708, #3649, #7587, .T. ) ;
#2793 = ORIENTED_EDGE ( 'NONE', *, *, #3558, .F. ) ;
#2794 = CARTESIAN_POINT ( 'NONE',  ( 1.795259589288523250, 6.700000000000001066, -1.000000000000000000 ) ) ;
#2795 = CARTESIAN_POINT ( 'NONE',  ( -21.99704525612473915, 12.70000000000000462, 1.000000000000000000 ) ) ;
#2796 = LINE ( 'NONE', #1545, #8169 ) ;
#2797 = CARTESIAN_POINT ( 'NONE',  ( -14.40078170240360755, 14.21777459450852099, 12.72085538888886802 ) ) ;
#2798 = VECTOR ( 'NONE', #7824, 1000.000000000000000 ) ;
#2799 = LINE ( 'NONE', #661, #1877 ) ;
#2800 = CARTESIAN_POINT ( 'NONE',  ( 22.82939620402573411, -1.863497014787715456, 1.000000000000000000 ) ) ;
#2801 = EDGE_LOOP ( 'NONE', ( #6175, #4147, #2306, #4318 ) ) ;
#2802 = ADVANCED_FACE ( 'NONE', ( #1514 ), #7039, .F. ) ;
#2803 = AXIS2_PLACEMENT_3D ( 'NONE', #8644, #6772, #5579 ) ;
#2804 = VERTEX_POINT ( 'NONE', #886 ) ;
#2805 = ADVANCED_FACE ( 'NONE', ( #8289 ), #6959, .F. ) ;
#2806 = ORIENTED_EDGE ( 'NONE', *, *, #5207, .T. ) ;
#2807 = LINE ( 'NONE', #5505, #4007 ) ;
#2808 = CARTESIAN_POINT ( 'NONE',  ( 0.000000000000000000, 0.000000000000000000, -1.000000000000000000 ) ) ;
#2809 = CARTESIAN_POINT ( 'NONE',  ( -2.515704535374863049, 7.456885490272348704, 3.049999999999999822 ) ) ;
#2810 = CARTESIAN_POINT ( 'NONE',  ( 18.05576118445748790, -4.648654403270951363, 1.000000000000000444 ) ) ;
#2811 = ORIENTED_EDGE ( 'NONE', *, *, #4455, .F. ) ;
#2812 = CARTESIAN_POINT ( 'NONE',  ( -10.99852262806236958, 6.350000000000002309, 2.286000000000000032 ) ) ;
#2813 = EDGE_CURVE ( 'NONE', #6994, #5736, #3315, .T. ) ;
#2814 = ORIENTED_EDGE ( 'NONE', *, *, #4501, .T. ) ;
#2815 = VERTEX_POINT ( 'NONE', #1152 ) ;
#2816 = EDGE_CURVE ( 'NONE', #6994, #4154, #1730, .T. ) ;
#2817 = AXIS2_PLACEMENT_3D ( 'NONE', #8029, #5947, #528 ) ;
#2818 = VERTEX_POINT ( 'NONE', #8468 ) ;
#2819 = DIRECTION ( 'NONE',  ( 1.000000000000000000, 0.000000000000000000, -0.000000000000000000 ) ) ;
#2820 = CARTESIAN_POINT ( 'NONE',  ( -8.406648378662966437, 5.430930973593234512, 12.72085538888886802 ) ) ;
#2821 = CARTESIAN_POINT ( 'NONE',  ( -1.290959663983275663, 6.749778709085801687, 3.049999999999999822 ) ) ;
#2822 = DIRECTION ( 'NONE',  ( -1.000000000000000000, 0.000000000000000000, 0.000000000000000000 ) ) ;
#2823 = DIRECTION ( 'NONE',  ( -0.000000000000000000, -0.000000000000000000, 1.000000000000000000 ) ) ;
#2824 = AXIS2_PLACEMENT_3D ( 'NONE', #4315, #7719, #3647 ) ;
#2825 = EDGE_CURVE ( 'NONE', #3151, #6908, #5145, .T. ) ;
#2826 = EDGE_LOOP ( 'NONE', ( #5261, #1525, #4780, #8382 ) ) ;
#2827 = CARTESIAN_POINT ( 'NONE',  ( -9.746038811598134899, 3.607518413875845820, 1.000000000000000000 ) ) ;
#2828 = VECTOR ( 'NONE', #2052, 1000.000000000000000 ) ;
#2829 = FACE_OUTER_BOUND ( 'NONE', #1610, .T. ) ;
#2830 = LINE ( 'NONE', #6071, #4970 ) ;
#2831 = CARTESIAN_POINT ( 'NONE',  ( 1.045259589288517699, 5.400961894323345724, 3.049999999999999822 ) ) ;
#2832 = VERTEX_POINT ( 'NONE', #2345 ) ;
#2833 = EDGE_LOOP ( 'NONE', ( #7713, #3320, #480, #5733 ) ) ;
#2834 = VERTEX_POINT ( 'NONE', #4470 ) ;
#2835 = CARTESIAN_POINT ( 'NONE',  ( -18.83908855835246143, 13.02853385669551933, 1.000000000000000000 ) ) ;
#2836 = CARTESIAN_POINT ( 'NONE',  ( -18.32499173595777364, 6.360183265041365885, 3.049999999999999822 ) ) ;
#2837 = LINE ( 'NONE', #4206, #3499 ) ;
#2838 = DIRECTION ( 'NONE',  ( 0.000000000000000000, 0.000000000000000000, 1.000000000000000000 ) ) ;
#2839 = DIRECTION ( 'NONE',  ( -0.7071067811865475727, -0.7071067811865474617, 0.000000000000000000 ) ) ;
#2840 = PLANE ( 'NONE',  #2334 ) ;
#2841 = ORIENTED_EDGE ( 'NONE', *, *, #4611, .T. ) ;
#2842 = AXIS2_PLACEMENT_3D ( 'NONE', #70, #6184, #3321 ) ;
#2843 = ADVANCED_FACE ( 'NONE', ( #5852 ), #5048, .F. ) ;
#2844 = ORIENTED_EDGE ( 'NONE', *, *, #8233, .T. ) ;
#2845 = VECTOR ( 'NONE', #6852, 1000.000000000000000 ) ;
#2846 = ORIENTED_EDGE ( 'NONE', *, *, #5939, .T. ) ;
#2847 = CARTESIAN_POINT ( 'NONE',  ( -21.99704525612466810, 12.70000000000014673, 1.000000000000000000 ) ) ;
#2848 = CARTESIAN_POINT ( 'NONE',  ( -10.99852262806236958, 6.350000000000002309, -1.000000000000000000 ) ) ;
#2849 = VECTOR ( 'NONE', #4558, 1000.000000000000000 ) ;
#2850 = EDGE_CURVE ( 'NONE', #6101, #3340, #7550, .T. ) ;
#2851 = LINE ( 'NONE', #5555, #2290 ) ;
#2852 = CARTESIAN_POINT ( 'NONE',  ( -8.533201514455354797, 4.349295922230509426, -1.000000000000000000 ) ) ;
#2853 = EDGE_LOOP ( 'NONE', ( #2783, #603, #6425, #2429 ) ) ;
#2854 = DIRECTION ( 'NONE',  ( 0.2588190451025189076, -0.9659258262890687563, 0.000000000000000000 ) ) ;
#2855 = VECTOR ( 'NONE', #400, 1000.000000000000000 ) ;
#2856 = AXIS2_PLACEMENT_3D ( 'NONE', #1575, #5068, #7691 ) ;
#2857 = VECTOR ( 'NONE', #7570, 999.9999999999998863 ) ;
#2858 = VECTOR ( 'NONE', #1702, 999.9999999999998863 ) ;
#2859 = ORIENTED_EDGE ( 'NONE', *, *, #5332, .F. ) ;
#2860 = ORIENTED_EDGE ( 'NONE', *, *, #8423, .F. ) ;
#2861 = ORIENTED_EDGE ( 'NONE', *, *, #5353, .F. ) ;
#2862 = EDGE_LOOP ( 'NONE', ( #286, #3184, #765, #4412 ) ) ;
#2863 = AXIS2_PLACEMENT_3D ( 'NONE', #4439, #3115, #8432 ) ;
#2864 = VECTOR ( 'NONE', #3537, 1000.000000000000000 ) ;
#2865 = VECTOR ( 'NONE', #2570, 1000.000000000000000 ) ;
#2866 = VECTOR ( 'NONE', #110, 1000.000000000000000 ) ;
#2867 = LINE ( 'NONE', #5606, #4512 ) ;
#2868 = FACE_OUTER_BOUND ( 'NONE', #3817, .T. ) ;
#2869 = CARTESIAN_POINT ( 'NONE',  ( -18.83908855835246143, 13.02853385669551933, -2.286000000000000032 ) ) ;
#2870 = FACE_OUTER_BOUND ( 'NONE', #6048, .T. ) ;
#2871 = AXIS2_PLACEMENT_3D ( 'NONE', #620, #5235, #5895 ) ;
#2872 = VERTEX_POINT ( 'NONE', #1678 ) ;
#2873 = FACE_OUTER_BOUND ( 'NONE', #7216, .T. ) ;
#2874 = CARTESIAN_POINT ( 'NONE',  ( 17.19289321881344890, -5.200000000000001954, -1.000000000000000000 ) ) ;
#2875 = DIRECTION ( 'NONE',  ( 0.7071067811865484609, -0.7071067811865465735, 0.000000000000000000 ) ) ;
#2876 = AXIS2_PLACEMENT_3D ( 'NONE', #7783, #952, #1715 ) ;
#2877 = LINE ( 'NONE', #4199, #6198 ) ;
#2878 = VERTEX_POINT ( 'NONE', #1101 ) ;
#2879 = EDGE_CURVE ( 'NONE', #2727, #2593, #3808, .T. ) ;
#2880 = VECTOR ( 'NONE', #8515, 1000.000000000000000 ) ;
#2881 = VERTEX_POINT ( 'NONE', #7084 ) ;
#2882 = CIRCLE ( 'NONE', #2459, 3.175000000000000711 ) ;
#2883 = AXIS2_PLACEMENT_3D ( 'NONE', #6925, #273, #6187 ) ;
#2884 = VERTEX_POINT ( 'NONE', #3156 ) ;
#2885 = DIRECTION ( 'NONE',  ( -0.000000000000000000, -0.000000000000000000, 1.000000000000000000 ) ) ;
#2886 = EDGE_CURVE ( 'NONE', #2629, #5765, #7884, .T. ) ;
#2887 = CARTESIAN_POINT ( 'NONE',  ( 19.05000000000001137, 3.654415587728429671, 3.049999999999999822 ) ) ;
#2888 = DIRECTION ( 'NONE',  ( 0.000000000000000000, 1.000000000000000000, 0.000000000000000000 ) ) ;
#2889 = DIRECTION ( 'NONE',  ( 0.000000000000000000, -0.000000000000000000, 1.000000000000000000 ) ) ;
#2890 = DIRECTION ( 'NONE',  ( 0.000000000000000000, 0.000000000000000000, 1.000000000000000000 ) ) ;
#2891 = ORIENTED_EDGE ( 'NONE', *, *, #6155, .F. ) ;
#2892 = ORIENTED_EDGE ( 'NONE', *, *, #1707, .F. ) ;
#2893 = VERTEX_POINT ( 'NONE', #7281 ) ;
#2894 = LINE ( 'NONE', #134, #1588 ) ;
#2895 = DIRECTION ( 'NONE',  ( 0.000000000000000000, 0.000000000000000000, 1.000000000000000000 ) ) ;
#2896 = EDGE_CURVE ( 'NONE', #1045, #1760, #3068, .T. ) ;
#2897 = CARTESIAN_POINT ( 'NONE',  ( -3.100000000000038725, -5.369357503463504599, 1.000000000000000000 ) ) ;
#2898 = DIRECTION ( 'NONE',  ( -0.000000000000000000, -0.000000000000000000, -1.000000000000000000 ) ) ;
#2899 = VERTEX_POINT ( 'NONE', #2536 ) ;
#2900 = LINE ( 'NONE', #7001, #2010 ) ;
#2901 = APPLICATION_CONTEXT ( 'configuration controlled 3d designs of mechanical parts and assemblies' ) ;
#2902 = ORIENTED_EDGE ( 'NONE', *, *, #7749, .F. ) ;
#2903 = ORIENTED_EDGE ( 'NONE', *, *, #7413, .F. ) ;
#2904 = ORIENTED_EDGE ( 'NONE', *, *, #6927, .F. ) ;
#2905 = ORIENTED_EDGE ( 'NONE', *, *, #2816, .F. ) ;
#2906 = CARTESIAN_POINT ( 'NONE',  ( 19.05000000000001137, 3.654415587728430559, 1.000000000000000000 ) ) ;
#2907 = LINE ( 'NONE', #977, #1003 ) ;
#2908 = DIRECTION ( 'NONE',  ( -0.8660254037844379305, 0.5000000000000011102, 0.000000000000000000 ) ) ;
#2909 = ORIENTED_EDGE ( 'NONE', *, *, #8055, .F. ) ;
#2910 = CARTESIAN_POINT ( 'NONE',  ( 25.40000000000000568, 0.000000000000000000, 1.000000000000000000 ) ) ;
#2911 = EDGE_CURVE ( 'NONE', #4901, #75, #3723, .T. ) ;
#2912 = ORIENTED_EDGE ( 'NONE', *, *, #8763, .F. ) ;
#2913 = CARTESIAN_POINT ( 'NONE',  ( 1.863497014787709904, -2.570603795974263583, 2.286000000000000032 ) ) ;
#2914 = ORIENTED_EDGE ( 'NONE', *, *, #6383, .F. ) ;
#2915 = EDGE_CURVE ( 'NONE', #7896, #3193, #7175, .T. ) ;
#2916 = LINE ( 'NONE', #4324, #6390 ) ;
#2917 = LINE ( 'NONE', #4990, #5114 ) ;
#2918 = FACE_OUTER_BOUND ( 'NONE', #1251, .T. ) ;
#2919 = ORIENTED_EDGE ( 'NONE', *, *, #6676, .F. ) ;
#2920 = VERTEX_POINT ( 'NONE', #478 ) ;
#2921 = AXIS2_PLACEMENT_3D ( 'NONE', #2286, #3617, #5075 ) ;
#2922 = ORIENTED_EDGE ( 'NONE', *, *, #4151, .T. ) ;
#2923 = PLANE ( 'NONE',  #5562 ) ;
#2924 = EDGE_CURVE ( 'NONE', #5504, #220, #3764, .T. ) ;
#2925 = CARTESIAN_POINT ( 'NONE',  ( -14.15647932583464907, 6.021466143304518681, -1.000000000000000000 ) ) ;
#2926 = LINE ( 'NONE', #1629, #7472 ) ;
#2927 = DIRECTION ( 'NONE',  ( -1.000000000000000000, 0.000000000000000000, 0.000000000000000000 ) ) ;
#2928 = LINE ( 'NONE', #7076, #68 ) ;
#2929 = EDGE_LOOP ( 'NONE', ( #5069, #157 ) ) ;
#2930 = VECTOR ( 'NONE', #463, 1000.000000000000000 ) ;
#2931 = EDGE_CURVE ( 'NONE', #5077, #233, #8607, .T. ) ;
#2932 = EDGE_CURVE ( 'NONE', #7603, #8604, #6510, .T. ) ;
#2933 = ORIENTED_EDGE ( 'NONE', *, *, #2657, .F. ) ;
#2934 = VERTEX_POINT ( 'NONE', #5184 ) ;
#2935 = CARTESIAN_POINT ( 'NONE',  ( -13.48113442674622142, 5.167148083217656840, 12.72085538888886802 ) ) ;
#2936 = DIRECTION ( 'NONE',  ( 1.000000000000000000, 1.776356839400250465E-15, 0.000000000000000000 ) ) ;
#2937 = VECTOR ( 'NONE', #5782, 1000.000000000000000 ) ;
#2938 = DIRECTION ( 'NONE',  ( -0.9659258262890686453, -0.2588190451025195737, 0.000000000000000000 ) ) ;
#2939 = CARTESIAN_POINT ( 'NONE',  ( -1.804740410711484166, 0.4646170927520478777, 1.000000000000000000 ) ) ;
#2940 = VERTEX_POINT ( 'NONE', #8562 ) ;
#2941 = DIRECTION ( 'NONE',  ( 0.000000000000000000, 0.000000000000000000, 1.000000000000000000 ) ) ;
#2942 = CIRCLE ( 'NONE', #5492, 1.500000000000000222 ) ;
#2943 = EDGE_CURVE ( 'NONE', #3882, #2189, #7681, .T. ) ;
#2944 = ORIENTED_EDGE ( 'NONE', *, *, #6775, .F. ) ;
#2945 = VERTEX_POINT ( 'NONE', #385 ) ;
#2946 = ORIENTED_EDGE ( 'NONE', *, *, #8054, .T. ) ;
#2947 = EDGE_LOOP ( 'NONE', ( #2662, #7632, #8619, #3611, #2962, #7412, #2860, #8377, #963, #4702, #5796, #4918, #2494, #4538, #1133, #5258, #6604, #4240, #5991, #5787, #1425, #4986, #5351, #5203, #8296, #8769, #8020 ) ) ;
#2948 = VECTOR ( 'NONE', #8532, 1000.000000000000000 ) ;
#2949 = DIRECTION ( 'NONE',  ( 1.000000000000000000, 3.414809992080329023E-17, 0.000000000000000000 ) ) ;
#2950 = DIRECTION ( 'NONE',  ( -0.000000000000000000, -0.000000000000000000, 1.000000000000000000 ) ) ;
#2951 = CARTESIAN_POINT ( 'NONE',  ( -25.09704525612470150, 7.330642496536643904, 3.049999999999999822 ) ) ;
#2952 = DIRECTION ( 'NONE',  ( -0.7071067811865475727, 0.7071067811865474617, 0.000000000000000000 ) ) ;
#2953 = EDGE_CURVE ( 'NONE', #3873, #8638, #3108, .T. ) ;
#2954 = EDGE_CURVE ( 'NONE', #2373, #7448, #3021, .T. ) ;
#2955 = VERTEX_POINT ( 'NONE', #8067 ) ;
#2956 = CARTESIAN_POINT ( 'NONE',  ( 10.12939620402574015, -1.863497014787717454, -1.000000000000000000 ) ) ;
#2957 = CARTESIAN_POINT ( 'NONE',  ( 25.39999999999999858, 0.000000000000000000, 1.000000000000000000 ) ) ;
#2958 = DIRECTION ( 'NONE',  ( 1.000000000000000000, 0.000000000000000000, 0.000000000000000000 ) ) ;
#2959 = VECTOR ( 'NONE', #8261, 1000.000000000000000 ) ;
#2960 = DIRECTION ( 'NONE',  ( -0.9659258262890684232, -0.2588190451025204064, 0.000000000000000000 ) ) ;
#2961 = ADVANCED_FACE ( 'NONE', ( #2586 ), #1997, .F. ) ;
#2962 = ORIENTED_EDGE ( 'NONE', *, *, #990, .T. ) ;
#2963 = EDGE_CURVE ( 'NONE', #8720, #5726, #7116, .T. ) ;
#2964 = AXIS2_PLACEMENT_3D ( 'NONE', #5974, #4640, #3519 ) ;
#2965 = EDGE_LOOP ( 'NONE', ( #4214, #4468, #3769, #915 ) ) ;
#2966 = PLANE ( 'NONE',  #7107 ) ;
#2967 = CARTESIAN_POINT ( 'NONE',  ( 1.558578927004016013, -2.265685708190569692, 2.286000000000000032 ) ) ;
#2968 = CARTESIAN_POINT ( 'NONE',  ( -21.99704525612473915, 12.70000000000000462, 2.286000000000000032 ) ) ;
#2969 = ADVANCED_FACE ( 'NONE', ( #3245 ), #5458, .F. ) ;
#2970 = DIRECTION ( 'NONE',  ( 1.000000000000000000, 0.000000000000000000, 0.000000000000000000 ) ) ;
#2971 = FACE_OUTER_BOUND ( 'NONE', #2965, .T. ) ;
#2972 = ORIENTED_EDGE ( 'NONE', *, *, #4611, .F. ) ;
#2973 = ORIENTED_EDGE ( 'NONE', *, *, #1121, .T. ) ;
#2974 = ORIENTED_EDGE ( 'NONE', *, *, #195, .T. ) ;
#2975 = CARTESIAN_POINT ( 'NONE',  ( -13.96384374166937192, 7.484678673985080799, 1.000000000000000000 ) ) ;
#2976 = DIRECTION ( 'NONE',  ( -0.000000000000000000, -0.000000000000000000, -1.000000000000000000 ) ) ;
#2977 = LINE ( 'NONE', #1636, #1423 ) ;
#2978 = AXIS2_PLACEMENT_3D ( 'NONE', #921, #2393, #966 ) ;
#2979 = LINE ( 'NONE', #3071, #8357 ) ;
#2980 = EDGE_CURVE ( 'NONE', #5346, #3197, #656, .T. ) ;
#2981 = CARTESIAN_POINT ( 'NONE',  ( 4.492893218813454936, -5.200000000000001954, -2.286000000000000032 ) ) ;
#2982 = VERTEX_POINT ( 'NONE', #1205 ) ;
#2983 = DIRECTION ( 'NONE',  ( -0.8660254037844387076, 0.5000000000000001110, 0.000000000000000000 ) ) ;
#2984 = EDGE_CURVE ( 'NONE', #2884, #5545, #6122, .T. ) ;
#2985 = AXIS2_PLACEMENT_3D ( 'NONE', #5759, #1345, #5378 ) ;
#2986 = VECTOR ( 'NONE', #4343, 1000.000000000000000 ) ;
#2987 = ORIENTED_EDGE ( 'NONE', *, *, #8599, .F. ) ;
#2988 = AXIS2_PLACEMENT_3D ( 'NONE', #8653, #6080, #7324 ) ;
#2989 = ORIENTED_EDGE ( 'NONE', *, *, #3945, .T. ) ;
#2990 = ORIENTED_EDGE ( 'NONE', *, *, #3838, .F. ) ;
#2991 = DIRECTION ( 'NONE',  ( 0.000000000000000000, 0.000000000000000000, 1.000000000000000000 ) ) ;
#2992 = CARTESIAN_POINT ( 'NONE',  ( 12.69999999999999929, 0.000000000000000000, 2.286000000000000032 ) ) ;
#2993 = CARTESIAN_POINT ( 'NONE',  ( 12.69999999999999929, 0.000000000000000000, 2.286000000000000032 ) ) ;
#2994 = PLANE ( 'NONE',  #3719 ) ;
#2995 = CIRCLE ( 'NONE', #1853, 3.174999999999999822 ) ;
#2996 = VECTOR ( 'NONE', #6264, 1000.000000000000114 ) ;
#2997 = PLANE ( 'NONE',  #420 ) ;
#2998 = VECTOR ( 'NONE', #3390, 1000.000000000000000 ) ;
#2999 = EDGE_LOOP ( 'NONE', ( #3504, #917, #8056, #1812 ) ) ;
#3000 = VECTOR ( 'NONE', #6408, 1000.000000000000000 ) ;
#3001 = CARTESIAN_POINT ( 'NONE',  ( -2.465321113607003678, 2.000704077769501321, -2.286000000000000032 ) ) ;
#3002 = VERTEX_POINT ( 'NONE', #8708 ) ;
#3003 = DIRECTION ( 'NONE',  ( -0.2588190451025182415, 0.9659258262890690894, 0.000000000000000000 ) ) ;
#3004 = DIRECTION ( 'NONE',  ( 1.000000000000000000, -1.776356839400250859E-15, 0.000000000000000000 ) ) ;
#3005 = EDGE_CURVE ( 'NONE', #2982, #4634, #6005, .T. ) ;
#3006 = DIRECTION ( 'NONE',  ( -1.000000000000000000, 0.000000000000000000, 0.000000000000000000 ) ) ;
#3007 = VECTOR ( 'NONE', #6752, 1000.000000000000000 ) ;
#3008 = ORIENTED_EDGE ( 'NONE', *, *, #7501, .T. ) ;
#3009 = AXIS2_PLACEMENT_3D ( 'NONE', #6525, #7856, #1745 ) ;
#3010 = VECTOR ( 'NONE', #8117, 1000.000000000000000 ) ;
#3011 = ORIENTED_EDGE ( 'NONE', *, *, #5035, .T. ) ;
#3012 = ADVANCED_FACE ( 'NONE', ( #8151 ), #1289, .F. ) ;
#3013 = ORIENTED_EDGE ( 'NONE', *, *, #3341, .F. ) ;
#3014 = AXIS2_PLACEMENT_3D ( 'NONE', #6214, #5552, #8247 ) ;
#3015 = CARTESIAN_POINT ( 'NONE',  ( 1.558578927004016013, -2.265685708190569692, 12.74539167476553381 ) ) ;
#3016 = CARTESIAN_POINT ( 'NONE',  ( -4.154740410711463383, -3.605702305034792943, 1.000000000000000000 ) ) ;
#3017 = CYLINDRICAL_SURFACE ( 'NONE', #3933, 3.175000000000004263 ) ;
#3018 = LINE ( 'NONE', #5794, #4541 ) ;
#3019 = DIRECTION ( 'NONE',  ( 0.000000000000000000, 0.000000000000000000, 1.000000000000000000 ) ) ;
#3020 = ORIENTED_EDGE ( 'NONE', *, *, #5815, .T. ) ;
#3021 = CIRCLE ( 'NONE', #2608, 3.175000000000000711 ) ;
#3022 = VECTOR ( 'NONE', #3357, 1000.000000000000000 ) ;
#3023 = EDGE_CURVE ( 'NONE', #4594, #7613, #3904, .T. ) ;
#3024 = ORIENTED_EDGE ( 'NONE', *, *, #2607, .F. ) ;
#3025 = VERTEX_POINT ( 'NONE', #3412 ) ;
#3026 = DIRECTION ( 'NONE',  ( 1.000000000000000000, 0.000000000000000000, 0.000000000000000000 ) ) ;
#3027 = DIRECTION ( 'NONE',  ( -1.000000000000000000, 0.000000000000000000, 0.000000000000000000 ) ) ;
#3028 = LINE ( 'NONE', #7750, #6797 ) ;
#3029 = EDGE_CURVE ( 'NONE', #6234, #75, #5291, .T. ) ;
#3030 = DIRECTION ( 'NONE',  ( 0.8660254037844385966, -0.5000000000000000000, 0.000000000000000000 ) ) ;
#3031 = DIRECTION ( 'NONE',  ( -0.7071067811865476838, -0.7071067811865474617, 0.000000000000000000 ) ) ;
#3032 = ORIENTED_EDGE ( 'NONE', *, *, #4922, .F. ) ;
#3033 = FACE_OUTER_BOUND ( 'NONE', #2267, .T. ) ;
#3034 = AXIS2_PLACEMENT_3D ( 'NONE', #6462, #7033, #1005 ) ;
#3035 = VERTEX_POINT ( 'NONE', #3337 ) ;
#3036 = ORIENTED_EDGE ( 'NONE', *, *, #6199, .F. ) ;
#3037 = ORIENTED_EDGE ( 'NONE', *, *, #5015, .F. ) ;
#3038 = DIRECTION ( 'NONE',  ( 0.9659258262890684232, 0.2588190451025204619, -0.000000000000000000 ) ) ;
#3039 = EDGE_CURVE ( 'NONE', #2776, #6663, #1461, .T. ) ;
#3040 = DIRECTION ( 'NONE',  ( 0.7071067811865477948, 0.7071067811865473507, -0.000000000000000000 ) ) ;
#3041 = DIRECTION ( 'NONE',  ( 0.7071067811865475727, 0.7071067811865474617, -0.000000000000000000 ) ) ;
#3042 = LINE ( 'NONE', #6441, #3431 ) ;
#3043 = EDGE_LOOP ( 'NONE', ( #7743, #5154, #3762, #1054 ) ) ;
#3044 = CARTESIAN_POINT ( 'NONE',  ( 15.83538275175456000, -0.5000000000000000000, 2.286000000000000032 ) ) ;
#3045 = EDGE_CURVE ( 'NONE', #3025, #789, #2632, .T. ) ;
#3046 = ORIENTED_EDGE ( 'NONE', *, *, #1201, .F. ) ;
#3047 = CARTESIAN_POINT ( 'NONE',  ( 7.895584412271561270, -5.200000000000001954, -2.286000000000000032 ) ) ;
#3048 = ORIENTED_EDGE ( 'NONE', *, *, #2142, .F. ) ;
#3049 = DIRECTION ( 'NONE',  ( 1.000000000000000000, 3.414809992080329023E-17, -0.000000000000000000 ) ) ;
#3050 = LINE ( 'NONE', #8360, #1437 ) ;
#3051 = CARTESIAN_POINT ( 'NONE',  ( -20.43629930681396800, 5.794460106456734039, -2.286000000000000032 ) ) ;
#3052 = PLANE ( 'NONE',  #8444 ) ;
#3053 = VERTEX_POINT ( 'NONE', #1953 ) ;
#3054 = EDGE_CURVE ( 'NONE', #3512, #3994, #7489, .T. ) ;
#3055 = VERTEX_POINT ( 'NONE', #4127 ) ;
#3056 = ORIENTED_EDGE ( 'NONE', *, *, #6155, .T. ) ;
#3057 = CARTESIAN_POINT ( 'NONE',  ( -3.157956697772276833, -0.3285338566954935646, 2.286000000000000032 ) ) ;
#3058 = DIRECTION ( 'NONE',  ( -0.2588190451025196848, 0.9659258262890686453, 0.000000000000000000 ) ) ;
#3059 = DIRECTION ( 'NONE',  ( -1.000000000000000000, 0.000000000000000000, 0.000000000000000000 ) ) ;
#3060 = FACE_OUTER_BOUND ( 'NONE', #1010, .T. ) ;
#3061 = CARTESIAN_POINT ( 'NONE',  ( -14.17352262806237029, 6.350000000000002309, 2.286000000000000032 ) ) ;
#3062 = ORIENTED_EDGE ( 'NONE', *, *, #2166, .T. ) ;
#3063 = EDGE_CURVE ( 'NONE', #6059, #3276, #746, .T. ) ;
#3064 = ADVANCED_FACE ( 'NONE', ( #2639 ), #4713, .T. ) ;
#3065 = ORIENTED_EDGE ( 'NONE', *, *, #6966, .F. ) ;
#3066 = EDGE_LOOP ( 'NONE', ( #5575, #411, #3590, #7185, #627, #6299 ) ) ;
#3067 = DIRECTION ( 'NONE',  ( 0.9659258262890686453, 0.2588190451025195182, -0.000000000000000000 ) ) ;
#3068 = LINE ( 'NONE', #5756, #8396 ) ;
#3069 = DIRECTION ( 'NONE',  ( 0.000000000000000000, 0.000000000000000000, 1.000000000000000000 ) ) ;
#3070 = AXIS2_PLACEMENT_3D ( 'NONE', #8547, #1275, #4599 ) ;
#3071 = CARTESIAN_POINT ( 'NONE',  ( -8.684624587355029846, -0.3537333988757697667, 3.049999999999999822 ) ) ;
#3072 = CYLINDRICAL_SURFACE ( 'NONE', #3242, 2.100000000000000089 ) ;
#3073 = VERTEX_POINT ( 'NONE', #6044 ) ;
#3074 = LINE ( 'NONE', #7714, #8099 ) ;
#3075 = EDGE_CURVE ( 'NONE', #7025, #3649, #483, .T. ) ;
#3076 = EDGE_CURVE ( 'NONE', #1200, #6562, #2592, .T. ) ;
#3077 = ORIENTED_EDGE ( 'NONE', *, *, #3881, .F. ) ;
#3078 = VERTEX_POINT ( 'NONE', #4523 ) ;
#3079 = CARTESIAN_POINT ( 'NONE',  ( -2.037703323856006499, 5.672960682804486510, -1.000000000000000000 ) ) ;
#3080 = PLANE ( 'NONE',  #2387 ) ;
#3081 = APPROVAL_DATE_TIME ( #2461, #5202 ) ;
#3082 = PLANE ( 'NONE',  #868 ) ;
#3083 = ORIENTED_EDGE ( 'NONE', *, *, #761, .F. ) ;
#3084 = CARTESIAN_POINT ( 'NONE',  ( 19.05000000000001137, -3.654415587728429671, 2.286000000000000032 ) ) ;
#3085 = AXIS2_PLACEMENT_3D ( 'NONE', #1955, #1343, #4659 ) ;
#3086 = EDGE_CURVE ( 'NONE', #7351, #4654, #5340, .T. ) ;
#3087 = VERTEX_POINT ( 'NONE', #8613 ) ;
#3088 = FACE_OUTER_BOUND ( 'NONE', #3354, .T. ) ;
#3089 = ORIENTED_EDGE ( 'NONE', *, *, #6928, .T. ) ;
#3090 = DIRECTION ( 'NONE',  ( 1.000000000000000000, 0.000000000000000000, -0.000000000000000000 ) ) ;
#3091 = CARTESIAN_POINT ( 'NONE',  ( -21.99704525612473915, 12.70000000000000462, -2.286999999999999922 ) ) ;
#3092 = DIRECTION ( 'NONE',  ( 0.2588190451025204619, -0.9659258262890684232, 0.000000000000000000 ) ) ;
#3093 = CARTESIAN_POINT ( 'NONE',  ( 17.50441558772843820, 5.200000000000001066, 3.049999999999999822 ) ) ;
#3094 = AXIS2_PLACEMENT_3D ( 'NONE', #7890, #3031, #3727 ) ;
#3095 = EDGE_CURVE ( 'NONE', #2316, #4634, #8072, .T. ) ;
#3096 = ORIENTED_EDGE ( 'NONE', *, *, #4995, .T. ) ;
#3097 = ORIENTED_EDGE ( 'NONE', *, *, #3603, .T. ) ;
#3098 = ORIENTED_EDGE ( 'NONE', *, *, #6951, .T. ) ;
#3099 = FACE_OUTER_BOUND ( 'NONE', #6336, .T. ) ;
#3100 = CARTESIAN_POINT ( 'NONE',  ( -21.99704525612473560, 12.70000000000003659, 3.049999999999999822 ) ) ;
#3101 = DIRECTION ( 'NONE',  ( 0.8660254037844379305, -0.5000000000000011102, 0.000000000000000000 ) ) ;
#3102 = CARTESIAN_POINT ( 'NONE',  ( -25.09704525612470150, 7.330642496536643904, -3.049999999999999822 ) ) ;
#3103 = DIRECTION ( 'NONE',  ( 0.2588190451025198513, -0.9659258262890686453, 0.000000000000000000 ) ) ;
#3104 = VECTOR ( 'NONE', #397, 1000.000000000000000 ) ;
#3105 = ORIENTED_EDGE ( 'NONE', *, *, #1726, .F. ) ;
#3106 = ORIENTED_EDGE ( 'NONE', *, *, #4922, .T. ) ;
#3107 = LINE ( 'NONE', #222, #446 ) ;
#3108 = LINE ( 'NONE', #7841, #8250 ) ;
#3109 = EDGE_CURVE ( 'NONE', #8412, #2316, #5455, .T. ) ;
#3110 = CARTESIAN_POINT ( 'NONE',  ( 14.56349701478771230, -2.570603795974263583, -2.286000000000000032 ) ) ;
#3111 = CARTESIAN_POINT ( 'NONE',  ( -11.32705648475784699, 9.507956697772282695, -2.286000000000000032 ) ) ;
#3112 = EDGE_CURVE ( 'NONE', #7896, #2600, #1160, .T. ) ;
#3113 = DIRECTION ( 'NONE',  ( -0.7071067811865479058, 0.7071067811865470176, 0.000000000000000000 ) ) ;
#3114 = VERTEX_POINT ( 'NONE', #5380 ) ;
#3115 = DIRECTION ( 'NONE',  ( -0.9659258262890687563, -0.2588190451025190741, 0.000000000000000000 ) ) ;
#3116 = CARTESIAN_POINT ( 'NONE',  ( 1.795259589288523250, 6.700000000000001066, 1.000000000000000000 ) ) ;
#3117 = ORIENTED_EDGE ( 'NONE', *, *, #2673, .T. ) ;
#3118 = VERTEX_POINT ( 'NONE', #4004 ) ;
#3119 = FACE_OUTER_BOUND ( 'NONE', #356, .T. ) ;
#3120 = DIRECTION ( 'NONE',  ( -1.000000000000000000, -7.434522636839145511E-17, 0.000000000000000000 ) ) ;
#3121 = CALENDAR_DATE ( 2022, 6, 6 ) ;
#3122 = LINE ( 'NONE', #5817, #2948 ) ;
#3123 = VERTEX_POINT ( 'NONE', #4664 ) ;
#3124 = LINE ( 'NONE', #1175, #424 ) ;
#3125 = VECTOR ( 'NONE', #1485, 1000.000000000000000 ) ;
#3126 = ORIENTED_EDGE ( 'NONE', *, *, #73, .F. ) ;
#3127 = CARTESIAN_POINT ( 'NONE',  ( -21.99704525612473915, 12.70000000000000462, 2.286000000000000032 ) ) ;
#3128 = EDGE_LOOP ( 'NONE', ( #7679, #2619, #8201, #6724 ) ) ;
#3129 = VECTOR ( 'NONE', #513, 1000.000000000000114 ) ;
#3130 = AXIS2_PLACEMENT_3D ( 'NONE', #1891, #3220, #8630 ) ;
#3131 = DIRECTION ( 'NONE',  ( -0.000000000000000000, -0.000000000000000000, -1.000000000000000000 ) ) ;
#3132 = VECTOR ( 'NONE', #2675, 1000.000000000000114 ) ;
#3133 = CYLINDRICAL_SURFACE ( 'NONE', #1445, 3.175000000000000711 ) ;
#3134 = CARTESIAN_POINT ( 'NONE',  ( -13.96346936704277297, 13.91456160635026151, -3.049999999999999822 ) ) ;
#3135 = CARTESIAN_POINT ( 'NONE',  ( -2.899137652669756537, -1.294459682984563376, 2.286000000000000032 ) ) ;
#3136 = AXIS2_PLACEMENT_3D ( 'NONE', #4183, #4926, #6220 ) ;
#3137 = VECTOR ( 'NONE', #1657, 1000.000000000000000 ) ;
#3138 = VECTOR ( 'NONE', #7975, 1000.000000000000000 ) ;
#3139 = ORIENTED_EDGE ( 'NONE', *, *, #8161, .F. ) ;
#3140 = ORIENTED_EDGE ( 'NONE', *, *, #5204, .T. ) ;
#3141 = EDGE_LOOP ( 'NONE', ( #1189, #4947, #5892, #5591 ) ) ;
#3142 = CARTESIAN_POINT ( 'NONE',  ( -18.32499173595777364, 6.360183265041366774, 1.000000000000000000 ) ) ;
#3143 = DIRECTION ( 'NONE',  ( 0.000000000000000000, -0.000000000000000000, -1.000000000000000000 ) ) ;
#3144 = VECTOR ( 'NONE', #2646, 1000.000000000000000 ) ;
#3145 = AXIS2_PLACEMENT_3D ( 'NONE', #4964, #6340, #8518 ) ;
#3146 = ADVANCED_FACE ( 'NONE', ( #3866 ), #8660, .T. ) ;
#3147 = LINE ( 'NONE', #3897, #1655 ) ;
#3148 = VECTOR ( 'NONE', #5212, 1000.000000000000000 ) ;
#3149 = DIRECTION ( 'NONE',  ( -0.000000000000000000, -0.000000000000000000, -1.000000000000000000 ) ) ;
#3150 = LINE ( 'NONE', #8557, #5140 ) ;
#3151 = VERTEX_POINT ( 'NONE', #6 ) ;
#3152 = VECTOR ( 'NONE', #1600, 1000.000000000000000 ) ;
#3153 = VERTEX_POINT ( 'NONE', #7420 ) ;
#3154 = ORIENTED_EDGE ( 'NONE', *, *, #6334, .F. ) ;
#3155 = LINE ( 'NONE', #520, #8530 ) ;
#3156 = CARTESIAN_POINT ( 'NONE',  ( -9.704062945077804869, 3.450862347330246216, -1.000000000000000000 ) ) ;
#3157 = CARTESIAN_POINT ( 'NONE',  ( -9.579057211144460737, -1.628672078514268318, 3.049999999999999822 ) ) ;
#3158 = DIRECTION ( 'NONE',  ( 0.000000000000000000, 0.000000000000000000, 1.000000000000000000 ) ) ;
#3159 = DIRECTION ( 'NONE',  ( 1.000000000000000000, 0.000000000000000000, 0.000000000000000000 ) ) ;
#3160 = CARTESIAN_POINT ( 'NONE',  ( 5.355761184457482393, -4.648654403270934488, 2.286000000000000032 ) ) ;
#3161 = ORIENTED_EDGE ( 'NONE', *, *, #5704, .F. ) ;
#3162 = DIRECTION ( 'NONE',  ( -0.8660254037844387076, 0.5000000000000001110, 0.000000000000000000 ) ) ;
#3163 = DIRECTION ( 'NONE',  ( -0.000000000000000000, -0.000000000000000000, -1.000000000000000000 ) ) ;
#3164 = EDGE_CURVE ( 'NONE', #5103, #5130, #1872, .T. ) ;
#3165 = VERTEX_POINT ( 'NONE', #4577 ) ;
#3166 = ORIENTED_EDGE ( 'NONE', *, *, #6430, .F. ) ;
#3167 = CARTESIAN_POINT ( 'NONE',  ( -21.80232471059842325, 5.428434702672293888, -2.286000000000000032 ) ) ;
#3168 = VECTOR ( 'NONE', #6332, 1000.000000000000000 ) ;
#3169 = PLANE ( 'NONE',  #8478 ) ;
#3170 = DIRECTION ( 'NONE',  ( -0.7071067811865479058, 0.7071067811865471286, 0.000000000000000000 ) ) ;
#3171 = CARTESIAN_POINT ( 'NONE',  ( -19.03209851714430556, 5.135438393649766731, 3.050999999999999712 ) ) ;
#3172 = EDGE_CURVE ( 'NONE', #1599, #5129, #4620, .T. ) ;
#3173 = EDGE_CURVE ( 'NONE', #8224, #1626, #4048, .T. ) ;
#3174 = ORIENTED_EDGE ( 'NONE', *, *, #2943, .F. ) ;
#3175 = CARTESIAN_POINT ( 'NONE',  ( 2.570603795974259143, -1.863497014787716122, 1.000000000000000000 ) ) ;
#3176 = ORIENTED_EDGE ( 'NONE', *, *, #6275, .T. ) ;
#3177 = FACE_OUTER_BOUND ( 'NONE', #2216, .T. ) ;
#3178 = DIRECTION ( 'NONE',  ( 0.000000000000000000, 0.000000000000000000, 1.000000000000000000 ) ) ;
#3179 = LINE ( 'NONE', #1184, #5050 ) ;
#3180 = DIRECTION ( 'NONE',  ( -1.000000000000000000, 0.000000000000000000, 0.000000000000000000 ) ) ;
#3181 = DIRECTION ( 'NONE',  ( 0.000000000000000000, 1.000000000000000000, 0.000000000000000000 ) ) ;
#3182 = EDGE_CURVE ( 'NONE', #2510, #5478, #6746, .T. ) ;
#3183 = EDGE_CURVE ( 'NONE', #4182, #4154, #2328, .T. ) ;
#3184 = ORIENTED_EDGE ( 'NONE', *, *, #3678, .F. ) ;
#3185 = ORIENTED_EDGE ( 'NONE', *, *, #4220, .T. ) ;
#3186 = DIRECTION ( 'NONE',  ( -0.000000000000000000, -0.000000000000000000, -1.000000000000000000 ) ) ;
#3187 = EDGE_LOOP ( 'NONE', ( #1532, #371, #7626, #6465, #3048, #664 ) ) ;
#3188 = CARTESIAN_POINT ( 'NONE',  ( 12.69999999999999929, 0.000000000000000000, -2.286000000000000032 ) ) ;
#3189 = CARTESIAN_POINT ( 'NONE',  ( 14.96568570819055743, 1.558578927004018677, 12.74539167476553381 ) ) ;
#3190 = DIRECTION ( 'NONE',  ( -0.000000000000000000, -0.000000000000000000, -1.000000000000000000 ) ) ;
#3191 = LINE ( 'NONE', #5887, #2416 ) ;
#3192 = DIRECTION ( 'NONE',  ( 1.000000000000000000, 0.000000000000000000, 0.000000000000000000 ) ) ;
#3193 = VERTEX_POINT ( 'NONE', #575 ) ;
#3194 = ORIENTED_EDGE ( 'NONE', *, *, #2664, .T. ) ;
#3195 = EDGE_CURVE ( 'NONE', #4420, #696, #3300, .T. ) ;
#3196 = ORIENTED_EDGE ( 'NONE', *, *, #5433, .F. ) ;
#3197 = VERTEX_POINT ( 'NONE', #5190 ) ;
#3198 = LINE ( 'NONE', #4613, #3571 ) ;
#3199 = DIRECTION ( 'NONE',  ( 0.000000000000000000, 0.000000000000000000, 1.000000000000000000 ) ) ;
#3200 = CYLINDRICAL_SURFACE ( 'NONE', #2004, 5.199999999999985967 ) ;
#3201 = EDGE_LOOP ( 'NONE', ( #4929, #5695, #2756, #277, #5995, #6765 ) ) ;
#3202 = DIRECTION ( 'NONE',  ( -1.000000000000000000, 0.000000000000000000, 0.000000000000000000 ) ) ;
#3203 = LINE ( 'NONE', #3865, #1258 ) ;
#3204 = CARTESIAN_POINT ( 'NONE',  ( -15.60232471059841153, 16.16714970959932884, 2.286000000000000032 ) ) ;
#3205 = ORIENTED_EDGE ( 'NONE', *, *, #5758, .F. ) ;
#3206 = CARTESIAN_POINT ( 'NONE',  ( -12.55926857737316915, 13.25553989354330930, -3.049999999999999822 ) ) ;
#3207 = EDGE_CURVE ( 'NONE', #7916, #3053, #7891, .T. ) ;
#3208 = CARTESIAN_POINT ( 'NONE',  ( 1.155148208520079711, 9.088928195530911580, 1.000000000000000000 ) ) ;
#3209 = ORIENTED_EDGE ( 'NONE', *, *, #6309, .T. ) ;
#3210 = ORIENTED_EDGE ( 'NONE', *, *, #7942, .T. ) ;
#3211 = FACE_OUTER_BOUND ( 'NONE', #983, .T. ) ;
#3212 = AXIS2_PLACEMENT_3D ( 'NONE', #5169, #2516, #2616 ) ;
#3213 = CARTESIAN_POINT ( 'NONE',  ( 21.59558441227158099, -6.200000000000001954, -3.049999999999999822 ) ) ;
#3214 = APPROVAL_STATUS ( 'not_yet_approved' ) ;
#3215 = CYLINDRICAL_SURFACE ( 'NONE', #438, 3.175000000000000711 ) ;
#3216 = VERTEX_POINT ( 'NONE', #8715 ) ;
#3217 = DIRECTION ( 'NONE',  ( -0.2588190451025190741, 0.9659258262890687563, 0.000000000000000000 ) ) ;
#3218 = CIRCLE ( 'NONE', #4339, 1.500000000000000222 ) ;
#3219 = ORIENTED_EDGE ( 'NONE', *, *, #3531, .F. ) ;
#3220 = DIRECTION ( 'NONE',  ( -0.000000000000000000, -0.000000000000000000, -1.000000000000000000 ) ) ;
#3221 = ORIENTED_EDGE ( 'NONE', *, *, #8003, .F. ) ;
#3222 = LINE ( 'NONE', #405, #6366 ) ;
#3223 = EDGE_CURVE ( 'NONE', #1036, #7079, #624, .T. ) ;
#3224 = AXIS2_PLACEMENT_3D ( 'NONE', #2760, #88, #6249 ) ;
#3225 = DIRECTION ( 'NONE',  ( 0.9659258262890687563, 0.2588190451025192407, -0.000000000000000000 ) ) ;
#3226 = DIRECTION ( 'NONE',  ( 0.000000000000000000, 0.000000000000000000, 1.000000000000000000 ) ) ;
#3227 = CARTESIAN_POINT ( 'NONE',  ( -9.704062945077804869, 3.450862347330245772, 1.000000000000000000 ) ) ;
#3228 = VECTOR ( 'NONE', #694, 1000.000000000000114 ) ;
#3229 = ORIENTED_EDGE ( 'NONE', *, *, #6851, .F. ) ;
#3230 = VERTEX_POINT ( 'NONE', #5425 ) ;
#3231 = CARTESIAN_POINT ( 'NONE',  ( -2.591874249399398700, 0.9190690264067802318, 12.72085538888886802 ) ) ;
#3232 = ORIENTED_EDGE ( 'NONE', *, *, #4078, .F. ) ;
#3233 = LINE ( 'NONE', #7166, #7532 ) ;
#3234 = EDGE_CURVE ( 'NONE', #4476, #2659, #80, .T. ) ;
#3235 = DIRECTION ( 'NONE',  ( -0.7071067811865479058, 0.7071067811865472397, 0.000000000000000000 ) ) ;
#3236 = CARTESIAN_POINT ( 'NONE',  ( 8.207106781186547906, 5.200000000000001066, 3.049999999999999822 ) ) ;
#3237 = AXIS2_PLACEMENT_3D ( 'NONE', #8040, #673, #8082 ) ;
#3238 = LINE ( 'NONE', #1906, #6372 ) ;
#3239 = CARTESIAN_POINT ( 'NONE',  ( -19.51443345744086955, 13.88285191678238739, -2.286000000000000032 ) ) ;
#3240 = ORIENTED_EDGE ( 'NONE', *, *, #2785, .T. ) ;
#3241 = ORIENTED_EDGE ( 'NONE', *, *, #239, .F. ) ;
#3242 = AXIS2_PLACEMENT_3D ( 'NONE', #5760, #5804, #8519 ) ;
#3243 = VERTEX_POINT ( 'NONE', #5590 ) ;
#3244 = CARTESIAN_POINT ( 'NONE',  ( 19.04999999999999361, 5.068629150101528147, 3.049999999999999822 ) ) ;
#3245 = FACE_OUTER_BOUND ( 'NONE', #8149, .T. ) ;
#3246 = EDGE_CURVE ( 'NONE', #2361, #6538, #6829, .T. ) ;
#3247 = LINE ( 'NONE', #479, #2418 ) ;
#3248 = ORIENTED_EDGE ( 'NONE', *, *, #4161, .T. ) ;
#3249 = LINE ( 'NONE', #8565, #303 ) ;
#3250 = FACE_OUTER_BOUND ( 'NONE', #3066, .T. ) ;
#3251 = VECTOR ( 'NONE', #1446, 1000.000000000000114 ) ;
#3252 = DIRECTION ( 'NONE',  ( -0.000000000000000000, -0.000000000000000000, 1.000000000000000000 ) ) ;
#3253 = VERTEX_POINT ( 'NONE', #2800 ) ;
#3254 = DIRECTION ( 'NONE',  ( -0.8660254037844379305, 0.5000000000000011102, 0.000000000000000000 ) ) ;
#3255 = CARTESIAN_POINT ( 'NONE',  ( 9.564617248245436798, -0.4999999999999998890, -2.286000000000000032 ) ) ;
#3256 = VERTEX_POINT ( 'NONE', #4090 ) ;
#3257 = AXIS2_PLACEMENT_3D ( 'NONE', #3959, #7894, #1823 ) ;
#3258 = ORIENTED_EDGE ( 'NONE', *, *, #4633, .F. ) ;
#3259 = LINE ( 'NONE', #585, #7249 ) ;
#3260 = ADVANCED_FACE ( 'NONE', ( #8283 ), #2840, .T. ) ;
#3261 = DIRECTION ( 'NONE',  ( 0.000000000000000000, -0.000000000000000000, 1.000000000000000000 ) ) ;
#3262 = CALENDAR_DATE ( 2022, 6, 6 ) ;
#3263 = CYLINDRICAL_SURFACE ( 'NONE', #679, 3.175000000000000711 ) ;
#3264 = ORIENTED_EDGE ( 'NONE', *, *, #2237, .F. ) ;
#3265 = EDGE_CURVE ( 'NONE', #7851, #2222, #1507, .T. ) ;
#3266 = DIRECTION ( 'NONE',  ( -0.000000000000000000, -0.000000000000000000, -1.000000000000000000 ) ) ;
#3267 = EDGE_CURVE ( 'NONE', #4219, #2635, #6868, .T. ) ;
#3268 = DIRECTION ( 'NONE',  ( 0.000000000000000000, 0.000000000000000000, 1.000000000000000000 ) ) ;
#3269 = VERTEX_POINT ( 'NONE', #6296 ) ;
#3270 = LINE ( 'NONE', #5971, #276 ) ;
#3271 = CARTESIAN_POINT ( 'NONE',  ( -10.66998877136687440, 3.192043302227724588, 2.286000000000000032 ) ) ;
#3272 = DIRECTION ( 'NONE',  ( 0.7071067811865482389, -0.7071067811865469066, 0.000000000000000000 ) ) ;
#3273 = CARTESIAN_POINT ( 'NONE',  ( 27.50000000000000000, 0.000000000000000000, -2.286000000000000032 ) ) ;
#3274 = LINE ( 'NONE', #3890, #7013 ) ;
#3275 = ORIENTED_EDGE ( 'NONE', *, *, #3347, .T. ) ;
#3276 = VERTEX_POINT ( 'NONE', #2211 ) ;
#3277 = VECTOR ( 'NONE', #7071, 1000.000000000000000 ) ;
#3278 = CARTESIAN_POINT ( 'NONE',  ( 1.795259589288523250, 6.700000000000001066, 1.000000000000000000 ) ) ;
#3279 = ORIENTED_EDGE ( 'NONE', *, *, #1897, .T. ) ;
#3280 = ADVANCED_FACE ( 'NONE', ( #879, #3589, #2086, #4790, #6207, #702 ), #4915, .F. ) ;
#3281 = CARTESIAN_POINT ( 'NONE',  ( 19.04999999999999361, 5.068629150101528147, -3.049999999999999822 ) ) ;
#3282 = LINE ( 'NONE', #648, #8365 ) ;
#3283 = DIRECTION ( 'NONE',  ( 0.000000000000000000, 0.000000000000000000, 1.000000000000000000 ) ) ;
#3284 = CARTESIAN_POINT ( 'NONE',  ( -14.67057614822933687, 12.68981673495868101, 3.049999999999999822 ) ) ;
#3285 = VECTOR ( 'NONE', #1107, 1000.000000000000000 ) ;
#3286 = VECTOR ( 'NONE', #6489, 1000.000000000000000 ) ;
#3287 = ORIENTED_EDGE ( 'NONE', *, *, #2577, .F. ) ;
#3288 = VECTOR ( 'NONE', #6409, 1000.000000000000000 ) ;
#3289 = ORIENTED_EDGE ( 'NONE', *, *, #1842, .F. ) ;
#3290 = AXIS2_PLACEMENT_3D ( 'NONE', #7541, #2888, #2209 ) ;
#3291 = DIRECTION ( 'NONE',  ( 1.000000000000000000, -1.189523621894263085E-16, 0.000000000000000000 ) ) ;
#3292 = AXIS2_PLACEMENT_3D ( 'NONE', #7875, #8642, #510 ) ;
#3293 = DIRECTION ( 'NONE',  ( 0.000000000000000000, 0.000000000000000000, 1.000000000000000000 ) ) ;
#3294 = VECTOR ( 'NONE', #7439, 1000.000000000000000 ) ;
#3295 = PLANE ( 'NONE',  #3409 ) ;
#3296 = PLANE ( 'NONE',  #4775 ) ;
#3297 = ORIENTED_EDGE ( 'NONE', *, *, #103, .T. ) ;
#3298 = CARTESIAN_POINT ( 'NONE',  ( 10.12939620402574015, -1.863497014787717676, 2.286000000000000032 ) ) ;
#3299 = DIRECTION ( 'NONE',  ( -0.000000000000000000, -0.000000000000000000, -1.000000000000000000 ) ) ;
#3300 = LINE ( 'NONE', #7371, #2196 ) ;
#3301 = ORIENTED_EDGE ( 'NONE', *, *, #62, .F. ) ;
#3302 = DIRECTION ( 'NONE',  ( 0.8660254037844387076, -0.5000000000000001110, 0.000000000000000000 ) ) ;
#3303 = FACE_OUTER_BOUND ( 'NONE', #5856, .T. ) ;
#3304 = AXIS2_PLACEMENT_3D ( 'NONE', #4757, #6790, #709 ) ;
#3305 = EDGE_CURVE ( 'NONE', #3830, #5294, #8243, .T. ) ;
#3306 = ORIENTED_EDGE ( 'NONE', *, *, #8579, .T. ) ;
#3307 = ADVANCED_FACE ( 'NONE', ( #7454 ), #2173, .T. ) ;
#3308 = ORIENTED_EDGE ( 'NONE', *, *, #4528, .F. ) ;
#3309 = CARTESIAN_POINT ( 'NONE',  ( -18.32499173595777364, 6.360183265041365885, 3.049999999999999822 ) ) ;
#3310 = AXIS2_PLACEMENT_3D ( 'NONE', #5658, #1627, #6368 ) ;
#3311 = DIRECTION ( 'NONE',  ( 0.7071067811865479058, 0.7071067811865471286, 0.000000000000000000 ) ) ;
#3312 = CARTESIAN_POINT ( 'NONE',  ( 10.24407640405097730, -1.748816814762459204, 1.000000000000000000 ) ) ;
#3313 = ORIENTED_EDGE ( 'NONE', *, *, #6043, .F. ) ;
#3314 = DIRECTION ( 'NONE',  ( -0.000000000000000000, -0.000000000000000000, -1.000000000000000000 ) ) ;
#3315 = CIRCLE ( 'NONE', #1331, 3.175000000000000711 ) ;
#3316 = VECTOR ( 'NONE', #5444, 1000.000000000000000 ) ;
#3317 = ORIENTED_EDGE ( 'NONE', *, *, #4109, .F. ) ;
#3318 = EDGE_CURVE ( 'NONE', #7000, #1947, #3501, .T. ) ;
#3319 = DIRECTION ( 'NONE',  ( -0.000000000000000000, -0.000000000000000000, -1.000000000000000000 ) ) ;
#3320 = ORIENTED_EDGE ( 'NONE', *, *, #3435, .T. ) ;
#3321 = DIRECTION ( 'NONE',  ( 1.000000000000000000, 0.000000000000000000, 0.000000000000000000 ) ) ;
#3322 = CARTESIAN_POINT ( 'NONE',  ( 12.69999999999999929, 0.000000000000000000, 2.286000000000000032 ) ) ;
#3323 = ORIENTED_EDGE ( 'NONE', *, *, #8341, .F. ) ;
#3324 = CARTESIAN_POINT ( 'NONE',  ( -9.704062945077804869, 3.450862347330246216, 2.286000000000000032 ) ) ;
#3325 = EDGE_CURVE ( 'NONE', #5058, #5861, #3419, .T. ) ;
#3326 = EDGE_LOOP ( 'NONE', ( #7908, #3485, #8331, #350 ) ) ;
#3327 = ORIENTED_EDGE ( 'NONE', *, *, #3109, .T. ) ;
#3328 = CARTESIAN_POINT ( 'NONE',  ( -6.394720545526317856, -3.467149709599302909, 3.049999999999999822 ) ) ;
#3329 = FACE_OUTER_BOUND ( 'NONE', #862, .T. ) ;
#3330 = CARTESIAN_POINT ( 'NONE',  ( 22.82939620402573411, 1.863497014787716122, 2.286000000000000032 ) ) ;
#3331 = CARTESIAN_POINT ( 'NONE',  ( 1.795259589288523250, 6.700000000000001066, -1.000000000000000000 ) ) ;
#3332 = CARTESIAN_POINT ( 'NONE',  ( 19.05000000000001137, 3.654415587728429671, 3.049999999999999822 ) ) ;
#3333 = ORIENTED_EDGE ( 'NONE', *, *, #6151, .F. ) ;
#3334 = ADVANCED_FACE ( 'NONE', ( #1421 ), #4750, .F. ) ;
#3335 = ORIENTED_EDGE ( 'NONE', *, *, #2725, .F. ) ;
#3336 = CARTESIAN_POINT ( 'NONE',  ( 1.795259589288523472, -5.200000000000002842, -1.000000000000000000 ) ) ;
#3337 = CARTESIAN_POINT ( 'NONE',  ( -12.55926857737316737, 13.25553989354331641, 3.049999999999999822 ) ) ;
#3338 = CARTESIAN_POINT ( 'NONE',  ( 20.18137084989847452, 6.200000000000001066, 3.049999999999999822 ) ) ;
#3339 = CARTESIAN_POINT ( 'NONE',  ( 20.59558441227158454, -5.200000000000001954, 2.286000000000000032 ) ) ;
#3340 = VERTEX_POINT ( 'NONE', #6907 ) ;
#3341 = EDGE_CURVE ( 'NONE', #1984, #891, #8198, .T. ) ;
#3342 = DIRECTION ( 'NONE',  ( -0.9659258262890686453, -0.2588190451025198513, -0.000000000000000000 ) ) ;
#3343 = DIRECTION ( 'NONE',  ( -0.000000000000000000, -0.000000000000000000, -1.000000000000000000 ) ) ;
#3344 = ORIENTED_EDGE ( 'NONE', *, *, #1086, .T. ) ;
#3345 = ORIENTED_EDGE ( 'NONE', *, *, #8295, .T. ) ;
#3346 = DIRECTION ( 'NONE',  ( 1.000000000000000000, 0.000000000000000000, 0.000000000000000000 ) ) ;
#3347 = EDGE_CURVE ( 'NONE', #7897, #2099, #750, .T. ) ;
#3348 = LINE ( 'NONE', #490, #3955 ) ;
#3349 = DIRECTION ( 'NONE',  ( -1.000000000000000000, 0.000000000000000000, 0.000000000000000000 ) ) ;
#3350 = ORIENTED_EDGE ( 'NONE', *, *, #4737, .F. ) ;
#3351 = LINE ( 'NONE', #1313, #8510 ) ;
#3352 = EDGE_CURVE ( 'NONE', #5232, #811, #1469, .T. ) ;
#3353 = ORIENTED_EDGE ( 'NONE', *, *, #281, .F. ) ;
#3354 = EDGE_LOOP ( 'NONE', ( #3773, #5706, #3901, #8577 ) ) ;
#3355 = LINE ( 'NONE', #8215, #4818 ) ;
#3356 = DIRECTION ( 'NONE',  ( 0.000000000000000000, 0.000000000000000000, 1.000000000000000000 ) ) ;
#3357 = DIRECTION ( 'NONE',  ( -0.7071067811865474617, -0.7071067811865476838, 0.000000000000000000 ) ) ;
#3358 = ORIENTED_EDGE ( 'NONE', *, *, #5027, .T. ) ;
#3359 = CARTESIAN_POINT ( 'NONE',  ( 8.207106781186547906, 5.200000000000001066, 1.000000000000000444 ) ) ;
#3360 = AXIS2_PLACEMENT_3D ( 'NONE', #1407, #5611, #4776 ) ;
#3361 = EDGE_CURVE ( 'NONE', #1276, #4748, #4466, .T. ) ;
#3362 = ORIENTED_EDGE ( 'NONE', *, *, #7322, .F. ) ;
#3363 = CIRCLE ( 'NONE', #6191, 3.175000000000004263 ) ;
#3364 = CARTESIAN_POINT ( 'NONE',  ( 25.40000000000000213, 5.200000000000001066, 3.049999999999999822 ) ) ;
#3365 = CARTESIAN_POINT ( 'NONE',  ( 22.82939620402573411, 1.863497014787715456, 1.000000000000000000 ) ) ;
#3366 = DIRECTION ( 'NONE',  ( 0.2588190451025195182, -0.9659258262890686453, 0.000000000000000000 ) ) ;
#3367 = CARTESIAN_POINT ( 'NONE',  ( 15.27060379597426021, -1.863497014787716788, -1.000000000000000000 ) ) ;
#3368 = CC_DESIGN_PERSON_AND_ORGANIZATION_ASSIGNMENT ( #6483, #4485, ( #7277 ) ) ;
#3369 = ORIENTED_EDGE ( 'NONE', *, *, #3234, .T. ) ;
#3370 = ADVANCED_FACE ( 'NONE', ( #2971 ), #2300, .T. ) ;
#3371 = VECTOR ( 'NONE', #6826, 1000.000000000000000 ) ;
#3372 = CARTESIAN_POINT ( 'NONE',  ( -19.03209851714430556, 5.135438393649766731, -3.049999999999999822 ) ) ;
#3373 = CARTESIAN_POINT ( 'NONE',  ( -9.704062945077804869, 3.450862347330245772, 2.286000000000000032 ) ) ;
#3374 = AXIS2_PLACEMENT_3D ( 'NONE', #3331, #6554, #4608 ) ;
#3375 = DIRECTION ( 'NONE',  ( 0.8660254037844385966, -0.5000000000000001110, 0.000000000000000000 ) ) ;
#3376 = CARTESIAN_POINT ( 'NONE',  ( -8.033201514455356573, 5.215321326014950465, -1.000000000000000000 ) ) ;
#3377 = EDGE_LOOP ( 'NONE', ( #6065, #462, #8272, #5670 ) ) ;
#3378 = DIRECTION ( 'NONE',  ( 0.7071067811865465735, 0.7071067811865484609, -0.000000000000000000 ) ) ;
#3379 = DIRECTION ( 'NONE',  ( -0.000000000000000000, -0.000000000000000000, 1.000000000000000000 ) ) ;
#3380 = EDGE_LOOP ( 'NONE', ( #4062, #5751, #1077, #2412, #3980, #484, #4162, #4791, #2186, #5894, #6845, #7418, #6690, #6180 ) ) ;
#3381 = PLANE ( 'NONE',  #2394 ) ;
#3382 = ADVANCED_FACE ( 'NONE', ( #8421 ), #7703, .F. ) ;
#3383 = ORIENTED_EDGE ( 'NONE', *, *, #8273, .T. ) ;
#3384 = VERTEX_POINT ( 'NONE', #5665 ) ;
#3385 = DIRECTION ( 'NONE',  ( 1.000000000000000000, 0.000000000000000000, 0.000000000000000000 ) ) ;
#3386 = ADVANCED_FACE ( 'NONE', ( #4380 ), #254, .F. ) ;
#3387 = AXIS2_PLACEMENT_3D ( 'NONE', #7297, #6013, #3261 ) ;
#3388 = DIRECTION ( 'NONE',  ( -0.000000000000000000, -0.000000000000000000, -1.000000000000000000 ) ) ;
#3389 = CARTESIAN_POINT ( 'NONE',  ( 4.804415587728415815, -5.200000000000001954, -2.286000000000000032 ) ) ;
#3390 = DIRECTION ( 'NONE',  ( -0.7071067811865474617, -0.7071067811865476838, -0.000000000000000000 ) ) ;
#3391 = AXIS2_PLACEMENT_3D ( 'NONE', #8733, #7394, #3180 ) ;
#3392 = EDGE_CURVE ( 'NONE', #1740, #3778, #8707, .T. ) ;
#3393 = ORIENTED_EDGE ( 'NONE', *, *, #3234, .F. ) ;
#3394 = ORIENTED_EDGE ( 'NONE', *, *, #3701, .F. ) ;
#3395 = ORIENTED_EDGE ( 'NONE', *, *, #2473, .T. ) ;
#3396 = LINE ( 'NONE', #6098, #4116 ) ;
#3397 = CARTESIAN_POINT ( 'NONE',  ( 20.04423881554251352, 4.648654403270934488, -1.000000000000000000 ) ) ;
#3398 = ORIENTED_EDGE ( 'NONE', *, *, #6584, .F. ) ;
#3399 = DIRECTION ( 'NONE',  ( 0.000000000000000000, 0.000000000000000000, 1.000000000000000000 ) ) ;
#3400 = ORIENTED_EDGE ( 'NONE', *, *, #4896, .T. ) ;
#3401 = LINE ( 'NONE', #2750, #156 ) ;
#3402 = EDGE_CURVE ( 'NONE', #1362, #3505, #5044, .T. ) ;
#3403 = CARTESIAN_POINT ( 'NONE',  ( -10.66998877136687440, 3.192043302227725476, -2.286000000000000032 ) ) ;
#3404 = VECTOR ( 'NONE', #4902, 1000.000000000000114 ) ;
#3405 = LINE ( 'NONE', #2754, #1153 ) ;
#3406 = CARTESIAN_POINT ( 'NONE',  ( -19.68314721541738166, 5.996266601124260021, 2.286000000000000032 ) ) ;
#3407 = EDGE_LOOP ( 'NONE', ( #4249, #4288, #1791, #7064, #6261, #2757, #7753, #1174, #4851, #7804, #5246, #5820, #3362, #3979, #7345, #1672, #618, #4256, #1022, #1975, #3717, #7034, #7732, #8479, #4042, #6327, #5813, #7401, #8220, #93, #7220, #6447, #4191, #4636, #3457, #5491, #6027, #744, #4176, #3669, #1161, #2644, #2090, #69, #3641, #5365, #2351, #7746, #3652, #5386, #8694, #4185, #404, #3975, #7372, #6221, #105, #735, #3024, #7606, #7961, #8064, #8202, #6659, #3622, #5286, #1966, #659, #5469, #2377, #4252, #3561, #4269, #8179, #470, #8293, #3313, #8533, #7832, #6057, #1662, #2225, #1769, #2565, #3477, #6144, #1259, #232, #5789, #4868, #6617, #774, #4480, #5231, #145 ) ) ;
#3408 = AXIS2_PLACEMENT_3D ( 'NONE', #4521, #7369, #5338 ) ;
#3409 = AXIS2_PLACEMENT_3D ( 'NONE', #5292, #2633, #1290 ) ;
#3410 = DIRECTION ( 'NONE',  ( -0.8660254037844380415, 0.5000000000000011102, 0.000000000000000000 ) ) ;
#3411 = EDGE_CURVE ( 'NONE', #1793, #8213, #2928, .T. ) ;
#3412 = CARTESIAN_POINT ( 'NONE',  ( -8.533201514455354797, 4.349295922230510314, -2.286000000000000032 ) ) ;
#3413 = DIRECTION ( 'NONE',  ( 1.000000000000000000, 0.000000000000000000, 0.000000000000000000 ) ) ;
#3414 = VECTOR ( 'NONE', #2467, 1000.000000000000000 ) ;
#3415 = CYLINDRICAL_SURFACE ( 'NONE', #2363, 2.100000000000000977 ) ;
#3416 = DIRECTION ( 'NONE',  ( -0.000000000000000000, -0.000000000000000000, -1.000000000000000000 ) ) ;
#3417 = VECTOR ( 'NONE', #7730, 1000.000000000000114 ) ;
#3418 = DIRECTION ( 'NONE',  ( 0.000000000000000000, 0.000000000000000000, 1.000000000000000000 ) ) ;
#3419 = LINE ( 'NONE', #177, #1195 ) ;
#3420 = VERTEX_POINT ( 'NONE', #5795 ) ;
#3421 = LINE ( 'NONE', #6046, #3582 ) ;
#3422 = EDGE_CURVE ( 'NONE', #7131, #2530, #957, .T. ) ;
#3423 = VECTOR ( 'NONE', #3938, 1000.000000000000000 ) ;
#3424 = VECTOR ( 'NONE', #5920, 1000.000000000000114 ) ;
#3425 = EDGE_LOOP ( 'NONE', ( #2242, #6213, #2702, #2919 ) ) ;
#3426 = ORIENTED_EDGE ( 'NONE', *, *, #2711, .F. ) ;
#3427 = CARTESIAN_POINT ( 'NONE',  ( -13.46384374166936659, 8.350704077769517397, -2.286000000000000032 ) ) ;
#3428 = PLANE ( 'NONE',  #4537 ) ;
#3429 = CARTESIAN_POINT ( 'NONE',  ( 17.19289321881344534, 5.200000000000001066, 2.286000000000000032 ) ) ;
#3430 = VECTOR ( 'NONE', #444, 1000.000000000000114 ) ;
#3431 = VECTOR ( 'NONE', #3170, 1000.000000000000000 ) ;
#3432 = AXIS2_PLACEMENT_3D ( 'NONE', #3463, #3538, #2889 ) ;
#3433 = DIRECTION ( 'NONE',  ( -1.000000000000000000, 0.000000000000000000, 0.000000000000000000 ) ) ;
#3434 = VECTOR ( 'NONE', #3041, 1000.000000000000000 ) ;
#3435 = EDGE_CURVE ( 'NONE', #5841, #5703, #5136, .T. ) ;
#3436 = VERTEX_POINT ( 'NONE', #7170 ) ;
#3437 = AXIS2_PLACEMENT_3D ( 'NONE', #823, #2885, #6901 ) ;
#3438 = VERTEX_POINT ( 'NONE', #2385 ) ;
#3439 = ORIENTED_EDGE ( 'NONE', *, *, #7160, .F. ) ;
#3440 = CARTESIAN_POINT ( 'NONE',  ( 19.05000000000001137, 3.654415587728429671, -3.049999999999999822 ) ) ;
#3441 = CARTESIAN_POINT ( 'NONE',  ( 4.492893218813454936, -5.200000000000002842, -1.000000000000000000 ) ) ;
#3442 = CARTESIAN_POINT ( 'NONE',  ( 1.795259589288523250, 6.700000000000001066, 1.000000000000000000 ) ) ;
#3443 = CARTESIAN_POINT ( 'NONE',  ( 1.795259589288525026, 6.200000000000001066, 1.000000000000000000 ) ) ;
#3444 = ORIENTED_EDGE ( 'NONE', *, *, #6104, .T. ) ;
#3445 = EDGE_CURVE ( 'NONE', #535, #3935, #5002, .T. ) ;
#3446 = EDGE_CURVE ( 'NONE', #7995, #6622, #7789, .T. ) ;
#3447 = VECTOR ( 'NONE', #4707, 1000.000000000000000 ) ;
#3448 = CIRCLE ( 'NONE', #3694, 3.175000000000000711 ) ;
#3449 = ORIENTED_EDGE ( 'NONE', *, *, #4645, .F. ) ;
#3450 = LINE ( 'NONE', #6769, #6052 ) ;
#3451 = CARTESIAN_POINT ( 'NONE',  ( -21.66851139942923155, 9.542043302227726898, 2.286000000000000032 ) ) ;
#3452 = CARTESIAN_POINT ( 'NONE',  ( -17.48948229204563987, 4.093114509727669770, 1.000000000000000000 ) ) ;
#3453 = DIRECTION ( 'NONE',  ( -0.000000000000000000, -0.000000000000000000, -1.000000000000000000 ) ) ;
#3454 = EDGE_CURVE ( 'NONE', #6908, #4401, #2438, .T. ) ;
#3455 = EDGE_LOOP ( 'NONE', ( #4942, #1481, #7981, #2946 ) ) ;
#3456 = EDGE_CURVE ( 'NONE', #3153, #6796, #5438, .T. ) ;
#3457 = ORIENTED_EDGE ( 'NONE', *, *, #7009, .T. ) ;
#3458 = CARTESIAN_POINT ( 'NONE',  ( 1.863497014787709904, -2.570603795974263583, 2.286000000000000032 ) ) ;
#3459 = CARTESIAN_POINT ( 'NONE',  ( -2.100000000000000089, 2.571758278209441957E-16, -2.286999999999999922 ) ) ;
#3460 = FACE_OUTER_BOUND ( 'NONE', #1524, .T. ) ;
#3461 = PLANE ( 'NONE',  #3224 ) ;
#3462 = CARTESIAN_POINT ( 'NONE',  ( -9.704062945077804869, 3.450862347330245772, 2.286000000000000032 ) ) ;
#3463 = CARTESIAN_POINT ( 'NONE',  ( 0.000000000000000000, -6.200000000000001066, 1.000000000000000000 ) ) ;
#3464 = CARTESIAN_POINT ( 'NONE',  ( 3.135382751754560271, 0.5000000000000000000, 2.286000000000000032 ) ) ;
#3465 = ORIENTED_EDGE ( 'NONE', *, *, #1570, .T. ) ;
#3466 = EDGE_CURVE ( 'NONE', #2439, #4310, #7837, .T. ) ;
#3467 = VERTEX_POINT ( 'NONE', #2252 ) ;
#3468 = EDGE_LOOP ( 'NONE', ( #2806, #6268, #1124, #4351 ) ) ;
#3469 = CARTESIAN_POINT ( 'NONE',  ( 10.43431429180943404, -1.558578927004022674, 12.74539167476553381 ) ) ;
#3470 = DIRECTION ( 'NONE',  ( -0.9659258262890684232, -0.2588190451025204064, 0.000000000000000000 ) ) ;
#3471 = DIRECTION ( 'NONE',  ( -0.2588190451025186301, 0.9659258262890688673, 0.000000000000000000 ) ) ;
#3472 = CARTESIAN_POINT ( 'NONE',  ( 25.40000000000000213, 5.200000000000001066, 3.049999999999999822 ) ) ;
#3473 = ORIENTED_EDGE ( 'NONE', *, *, #231, .F. ) ;
#3474 = CARTESIAN_POINT ( 'NONE',  ( -3.157956697772276833, -0.3285338566954935646, 1.000000000000000000 ) ) ;
#3475 = ORIENTED_EDGE ( 'NONE', *, *, #1131, .F. ) ;
#3476 = ORIENTED_EDGE ( 'NONE', *, *, #42, .F. ) ;
#3477 = ORIENTED_EDGE ( 'NONE', *, *, #31, .F. ) ;
#3478 = ORIENTED_EDGE ( 'NONE', *, *, #961, .F. ) ;
#3479 = FACE_BOUND ( 'NONE', #1089, .T. ) ;
#3480 = DIRECTION ( 'NONE',  ( -0.7071067811865472397, -0.7071067811865479058, 0.000000000000000000 ) ) ;
#3481 = LINE ( 'NONE', #4856, #1865 ) ;
#3482 = DIRECTION ( 'NONE',  ( 0.5000000000000012212, 0.8660254037844380415, -0.000000000000000000 ) ) ;
#3483 = ORIENTED_EDGE ( 'NONE', *, *, #4898, .T. ) ;
#3484 = CARTESIAN_POINT ( 'NONE',  ( -9.552245033349360489E-16, -5.200000000000001954, 3.049999999999999822 ) ) ;
#3485 = ORIENTED_EDGE ( 'NONE', *, *, #6033, .T. ) ;
#3486 = ADVANCED_FACE ( 'NONE', ( #1050 ), #5712, .T. ) ;
#3487 = LINE ( 'NONE', #5574, #5110 ) ;
#3488 = DIRECTION ( 'NONE',  ( 0.000000000000000000, 0.000000000000000000, 1.000000000000000000 ) ) ;
#3489 = VECTOR ( 'NONE', #2162, 1000.000000000000114 ) ;
#3490 = CARTESIAN_POINT ( 'NONE',  ( -12.28948229204563347, 13.09977870908579511, 1.000000000000000000 ) ) ;
#3491 = EDGE_CURVE ( 'NONE', #3741, #1360, #914, .T. ) ;
#3492 = DIRECTION ( 'NONE',  ( -1.000000000000000000, 0.000000000000000000, 0.000000000000000000 ) ) ;
#3493 = ORIENTED_EDGE ( 'NONE', *, *, #526, .T. ) ;
#3494 = ORIENTED_EDGE ( 'NONE', *, *, #6302, .F. ) ;
#3495 = LINE ( 'NONE', #6864, #6404 ) ;
#3496 = LINE ( 'NONE', #2887, #5101 ) ;
#3497 = PLANE ( 'NONE',  #7333 ) ;
#3498 = FACE_OUTER_BOUND ( 'NONE', #7385, .T. ) ;
#3499 = VECTOR ( 'NONE', #6904, 999.9999999999998863 ) ;
#3500 = LINE ( 'NONE', #7620, #3707 ) ;
#3501 = LINE ( 'NONE', #2050, #6574 ) ;
#3502 = VERTEX_POINT ( 'NONE', #1631 ) ;
#3503 = AXIS2_PLACEMENT_3D ( 'NONE', #4076, #7482, #7572 ) ;
#3504 = ORIENTED_EDGE ( 'NONE', *, *, #6560, .F. ) ;
#3505 = VERTEX_POINT ( 'NONE', #3666 ) ;
#3506 = CARTESIAN_POINT ( 'NONE',  ( -3.100000000000038725, -5.369357503463503711, -3.049999999999999822 ) ) ;
#3507 = LINE ( 'NONE', #6215, #8085 ) ;
#3508 = DIRECTION ( 'NONE',  ( 0.000000000000000000, 0.000000000000000000, 1.000000000000000000 ) ) ;
#3509 = LINE ( 'NONE', #4218, #2526 ) ;
#3510 = ORIENTED_EDGE ( 'NONE', *, *, #7733, .T. ) ;
#3511 = DIRECTION ( 'NONE',  ( -0.000000000000000000, -0.000000000000000000, -1.000000000000000000 ) ) ;
#3512 = VERTEX_POINT ( 'NONE', #2340 ) ;
#3513 = EDGE_CURVE ( 'NONE', #2745, #2304, #8600, .T. ) ;
#3514 = ORIENTED_EDGE ( 'NONE', *, *, #2029, .T. ) ;
#3515 = ORIENTED_EDGE ( 'NONE', *, *, #6515, .F. ) ;
#3516 = VECTOR ( 'NONE', #7989, 1000.000000000000000 ) ;
#3517 = VERTEX_POINT ( 'NONE', #8646 ) ;
#3518 = EDGE_CURVE ( 'NONE', #916, #790, #6603, .T. ) ;
#3519 = DIRECTION ( 'NONE',  ( -1.000000000000000000, 0.000000000000000000, 0.000000000000000000 ) ) ;
#3520 = DIRECTION ( 'NONE',  ( -0.8660254037844385966, 0.5000000000000001110, 0.000000000000000000 ) ) ;
#3521 = FACE_OUTER_BOUND ( 'NONE', #3530, .T. ) ;
#3522 = DIRECTION ( 'NONE',  ( 1.000000000000000000, 3.414809992080329023E-17, 0.000000000000000000 ) ) ;
#3523 = AXIS2_PLACEMENT_3D ( 'NONE', #4217, #5508, #8165 ) ;
#3524 = EDGE_CURVE ( 'NONE', #1982, #2254, #6282, .T. ) ;
#3525 = VERTEX_POINT ( 'NONE', #2575 ) ;
#3526 = DIRECTION ( 'NONE',  ( 0.7071067811865479058, -0.7071067811865471286, 0.000000000000000000 ) ) ;
#3527 = LINE ( 'NONE', #2199, #3000 ) ;
#3528 = DIRECTION ( 'NONE',  ( 0.000000000000000000, -1.000000000000000000, 0.000000000000000000 ) ) ;
#3529 = DIRECTION ( 'NONE',  ( -0.000000000000000000, -0.000000000000000000, -1.000000000000000000 ) ) ;
#3530 = EDGE_LOOP ( 'NONE', ( #76, #3008, #754, #3345 ) ) ;
#3531 = EDGE_CURVE ( 'NONE', #789, #2884, #2882, .T. ) ;
#3532 = EDGE_LOOP ( 'NONE', ( #3706, #7089, #4371, #7104 ) ) ;
#3533 = ORIENTED_EDGE ( 'NONE', *, *, #3553, .F. ) ;
#3534 = CYLINDRICAL_SURFACE ( 'NONE', #1734, 3.175000000000000711 ) ;
#3535 = LINE ( 'NONE', #6903, #6374 ) ;
#3536 = FACE_OUTER_BOUND ( 'NONE', #6239, .T. ) ;
#3537 = DIRECTION ( 'NONE',  ( -0.7071067811865482389, 0.7071067811865469066, 0.000000000000000000 ) ) ;
#3538 = DIRECTION ( 'NONE',  ( 0.000000000000000000, 1.000000000000000000, 0.000000000000000000 ) ) ;
#3539 = DIRECTION ( 'NONE',  ( -0.7071067811865474617, -0.7071067811865475727, 0.000000000000000000 ) ) ;
#3540 = ORIENTED_EDGE ( 'NONE', *, *, #6287, .F. ) ;
#3541 = AXIS2_PLACEMENT_3D ( 'NONE', #6846, #1978, #8771 ) ;
#3542 = ORIENTED_EDGE ( 'NONE', *, *, #600, .F. ) ;
#3543 = AXIS2_PLACEMENT_3D ( 'NONE', #2153, #4859, #1490 ) ;
#3544 = AXIS2_PLACEMENT_3D ( 'NONE', #2130, #5672, #2257 ) ;
#3545 = VERTEX_POINT ( 'NONE', #1198 ) ;
#3546 = FACE_OUTER_BOUND ( 'NONE', #3128, .T. ) ;
#3547 = DIRECTION ( 'NONE',  ( -0.000000000000000000, -0.000000000000000000, -1.000000000000000000 ) ) ;
#3548 = AXIS2_PLACEMENT_3D ( 'NONE', #1465, #4085, #3585 ) ;
#3549 = DIRECTION ( 'NONE',  ( 1.000000000000000000, 0.000000000000000000, -0.000000000000000000 ) ) ;
#3550 = DIRECTION ( 'NONE',  ( -0.000000000000000000, -0.000000000000000000, -1.000000000000000000 ) ) ;
#3551 = ORIENTED_EDGE ( 'NONE', *, *, #5927, .T. ) ;
#3552 = CYLINDRICAL_SURFACE ( 'NONE', #5969, 3.175000000000000711 ) ;
#3553 = EDGE_CURVE ( 'NONE', #233, #6562, #1808, .T. ) ;
#3554 = VECTOR ( 'NONE', #4631, 1000.000000000000000 ) ;
#3555 = VECTOR ( 'NONE', #5119, 1000.000000000000114 ) ;
#3556 = AXIS2_PLACEMENT_3D ( 'NONE', #5407, #2751, #5525 ) ;
#3557 = AXIS2_PLACEMENT_3D ( 'NONE', #5408, #6894, #6156 ) ;
#3558 = EDGE_CURVE ( 'NONE', #4858, #3269, #1143, .T. ) ;
#3559 = VERTEX_POINT ( 'NONE', #5847 ) ;
#3560 = ORIENTED_EDGE ( 'NONE', *, *, #5952, .T. ) ;
#3561 = ORIENTED_EDGE ( 'NONE', *, *, #7768, .F. ) ;
#3562 = AXIS2_PLACEMENT_3D ( 'NONE', #5678, #3677, #8392 ) ;
#3563 = VECTOR ( 'NONE', #1884, 1000.000000000000000 ) ;
#3564 = VECTOR ( 'NONE', #7751, 1000.000000000000000 ) ;
#3565 = AXIS2_PLACEMENT_3D ( 'NONE', #2993, #1649, #3648 ) ;
#3566 = CARTESIAN_POINT ( 'NONE',  ( -19.53172414251771372, 10.69929592223052239, 1.000000000000000000 ) ) ;
#3567 = FACE_OUTER_BOUND ( 'NONE', #1422, .T. ) ;
#3568 = CARTESIAN_POINT ( 'NONE',  ( -8.099384975392615260, 7.644459682984573234, -2.286000000000000032 ) ) ;
#3569 = CARTESIAN_POINT ( 'NONE',  ( -8.515910829378503522, 7.532851916782371759, -2.286000000000000032 ) ) ;
#3570 = EDGE_CURVE ( 'NONE', #2402, #8601, #7978, .T. ) ;
#3571 = VECTOR ( 'NONE', #5996, 1000.000000000000114 ) ;
#3572 = EDGE_CURVE ( 'NONE', #4689, #1873, #3150, .T. ) ;
#3573 = ORIENTED_EDGE ( 'NONE', *, *, #7359, .T. ) ;
#3574 = DIRECTION ( 'NONE',  ( 0.9659258262890688673, 0.2588190451025188521, 0.000000000000000000 ) ) ;
#3575 = ORIENTED_EDGE ( 'NONE', *, *, #8318, .T. ) ;
#3576 = CARTESIAN_POINT ( 'NONE',  ( 2.570603795974260919, 1.863497014787713679, -2.286000000000000032 ) ) ;
#3577 = DIRECTION ( 'NONE',  ( 0.000000000000000000, 0.000000000000000000, -1.000000000000000000 ) ) ;
#3578 = VECTOR ( 'NONE', #1416, 1000.000000000000000 ) ;
#3579 = DIRECTION ( 'NONE',  ( -1.000000000000000000, 0.000000000000000000, 0.000000000000000000 ) ) ;
#3580 = VERTEX_POINT ( 'NONE', #5888 ) ;
#3581 = ORIENTED_EDGE ( 'NONE', *, *, #2213, .T. ) ;
#3582 = VECTOR ( 'NONE', #2089, 999.9999999999998863 ) ;
#3583 = ORIENTED_EDGE ( 'NONE', *, *, #3701, .T. ) ;
#3584 = FACE_OUTER_BOUND ( 'NONE', #4381, .T. ) ;
#3585 = DIRECTION ( 'NONE',  ( -1.000000000000000000, 0.000000000000000000, 0.000000000000000000 ) ) ;
#3586 = CARTESIAN_POINT ( 'NONE',  ( -7.619465416917901912, -2.760042928412731911, 3.049999999999999822 ) ) ;
#3587 = DIRECTION ( 'NONE',  ( 0.8660254037844352659, -0.5000000000000057732, 0.000000000000000000 ) ) ;
#3588 = EDGE_CURVE ( 'NONE', #8686, #7500, #2528, .T. ) ;
#3589 = FACE_BOUND ( 'NONE', #674, .T. ) ;
#3590 = ORIENTED_EDGE ( 'NONE', *, *, #7240, .F. ) ;
#3591 = ORIENTED_EDGE ( 'NONE', *, *, #8472, .F. ) ;
#3592 = ORIENTED_EDGE ( 'NONE', *, *, #2411, .T. ) ;
#3593 = LINE ( 'NONE', #7038, #5557 ) ;
#3594 = LINE ( 'NONE', #919, #7946 ) ;
#3595 = CARTESIAN_POINT ( 'NONE',  ( -1.169113105511084383, 17.76318950956209264, 1.000000000000000000 ) ) ;
#3596 = EDGE_CURVE ( 'NONE', #7435, #3436, #5935, .T. ) ;
#3597 = CARTESIAN_POINT ( 'NONE',  ( -18.61798804498027948, 3.589957071587262405, 3.049999999999999822 ) ) ;
#3598 = EDGE_LOOP ( 'NONE', ( #6076, #5182, #193, #4728 ) ) ;
#3599 = DIRECTION ( 'NONE',  ( 0.000000000000000000, 0.000000000000000000, 1.000000000000000000 ) ) ;
#3600 = ORIENTED_EDGE ( 'NONE', *, *, #140, .T. ) ;
#3601 = ORIENTED_EDGE ( 'NONE', *, *, #3023, .T. ) ;
#3602 = ORIENTED_EDGE ( 'NONE', *, *, #5992, .T. ) ;
#3603 = EDGE_CURVE ( 'NONE', #8567, #4057, #4752, .T. ) ;
#3604 = ORIENTED_EDGE ( 'NONE', *, *, #5603, .F. ) ;
#3605 = DIRECTION ( 'NONE',  ( -0.9659258262890688673, -0.2588190451025189631, 0.000000000000000000 ) ) ;
#3606 = DIRECTION ( 'NONE',  ( -0.7071067811865481278, -0.7071067811865470176, 0.000000000000000000 ) ) ;
#3607 = ADVANCED_FACE ( 'NONE', ( #4668 ), #6130, .T. ) ;
#3608 = PLANE ( 'NONE',  #6710 ) ;
#3609 = ORIENTED_EDGE ( 'NONE', *, *, #1281, .F. ) ;
#3610 = CARTESIAN_POINT ( 'NONE',  ( -25.17204525612474342, 12.70000000000000462, -1.000000000000000000 ) ) ;
#3611 = ORIENTED_EDGE ( 'NONE', *, *, #8548, .F. ) ;
#3612 = EDGE_CURVE ( 'NONE', #4503, #4972, #3421, .T. ) ;
#3613 = LINE ( 'NONE', #1619, #3990 ) ;
#3614 = ORIENTED_EDGE ( 'NONE', *, *, #2775, .T. ) ;
#3615 = CARTESIAN_POINT ( 'NONE',  ( -9.552245033349360489E-16, -5.200000000000001954, -2.286000000000000032 ) ) ;
#3616 = LINE ( 'NONE', #8410, #3288 ) ;
#3617 = DIRECTION ( 'NONE',  ( 0.000000000000000000, 0.000000000000000000, 1.000000000000000000 ) ) ;
#3618 = ORIENTED_EDGE ( 'NONE', *, *, #4097, .T. ) ;
#3619 = ORIENTED_EDGE ( 'NONE', *, *, #2381, .T. ) ;
#3620 = CIRCLE ( 'NONE', #5891, 3.175000000000000711 ) ;
#3621 = EDGE_CURVE ( 'NONE', #8446, #2566, #8718, .T. ) ;
#3622 = ORIENTED_EDGE ( 'NONE', *, *, #8641, .F. ) ;
#3623 = LINE ( 'NONE', #250, #4550 ) ;
#3624 = DIRECTION ( 'NONE',  ( 0.000000000000000000, 0.000000000000000000, 1.000000000000000000 ) ) ;
#3625 = EDGE_CURVE ( 'NONE', #20, #5861, #8759, .T. ) ;
#3626 = LINE ( 'NONE', #6946, #7184 ) ;
#3627 = CARTESIAN_POINT ( 'NONE',  ( -18.83908855835246143, 13.02853385669551933, -1.000000000000000000 ) ) ;
#3628 = CARTESIAN_POINT ( 'NONE',  ( 2.704163456597991733, -0.5000000000000000000, -2.286000000000000032 ) ) ;
#3629 = ORIENTED_EDGE ( 'NONE', *, *, #8535, .F. ) ;
#3630 = VECTOR ( 'NONE', #1941, 1000.000000000000114 ) ;
#3631 = ADVANCED_FACE ( 'NONE', ( #1300 ), #3381, .T. ) ;
#3632 = ORIENTED_EDGE ( 'NONE', *, *, #5004, .F. ) ;
#3633 = ORIENTED_EDGE ( 'NONE', *, *, #6806, .F. ) ;
#3634 = LINE ( 'NONE', #1729, #594 ) ;
#3635 = DIRECTION ( 'NONE',  ( -0.000000000000000000, -0.000000000000000000, -1.000000000000000000 ) ) ;
#3636 = CARTESIAN_POINT ( 'NONE',  ( -1.138921523207039166E-15, -6.200000000000003730, -3.049999999999999822 ) ) ;
#3637 = DIRECTION ( 'NONE',  ( 0.9659258262890690894, 0.2588190451025182415, 0.000000000000000000 ) ) ;
#3638 = PLANE ( 'NONE',  #4356 ) ;
#3639 = VERTEX_POINT ( 'NONE', #2766 ) ;
#3640 = LINE ( 'NONE', #6343, #1717 ) ;
#3641 = ORIENTED_EDGE ( 'NONE', *, *, #1256, .T. ) ;
#3642 = EDGE_CURVE ( 'NONE', #7219, #1360, #2008, .T. ) ;
#3643 = ORIENTED_EDGE ( 'NONE', *, *, #5363, .T. ) ;
#3644 = ORIENTED_EDGE ( 'NONE', *, *, #5603, .T. ) ;
#3645 = PLANE ( 'NONE',  #731 ) ;
#3646 = VECTOR ( 'NONE', #5900, 1000.000000000000114 ) ;
#3647 = DIRECTION ( 'NONE',  ( 1.000000000000000000, 0.000000000000000000, 0.000000000000000000 ) ) ;
#3648 = DIRECTION ( 'NONE',  ( -1.000000000000000000, 0.000000000000000000, 0.000000000000000000 ) ) ;
#3649 = VERTEX_POINT ( 'NONE', #1424 ) ;
#3650 = DIRECTION ( 'NONE',  ( 0.000000000000000000, 0.000000000000000000, -1.000000000000000000 ) ) ;
#3651 = ADVANCED_FACE ( 'NONE', ( #2681 ), #5467, .T. ) ;
#3652 = ORIENTED_EDGE ( 'NONE', *, *, #2446, .T. ) ;
#3653 = DIRECTION ( 'NONE',  ( -1.000000000000000000, 0.000000000000000000, 0.000000000000000000 ) ) ;
#3654 = DIRECTION ( 'NONE',  ( 1.000000000000000000, 0.000000000000000000, 0.000000000000000000 ) ) ;
#3655 = CARTESIAN_POINT ( 'NONE',  ( 5.355761184457482393, -4.648654403270934488, 1.000000000000000444 ) ) ;
#3656 = CARTESIAN_POINT ( 'NONE',  ( 0.000000000000000000, 0.000000000000000000, -2.286000000000000032 ) ) ;
#3657 = EDGE_LOOP ( 'NONE', ( #2143, #2408, #2680, #628, #4046, #6097 ) ) ;
#3658 = ADVANCED_FACE ( 'NONE', ( #3303 ), #8075, .T. ) ;
#3659 = CIRCLE ( 'NONE', #3257, 3.175000000000004263 ) ;
#3660 = ORIENTED_EDGE ( 'NONE', *, *, #282, .F. ) ;
#3661 = ORIENTED_EDGE ( 'NONE', *, *, #1788, .F. ) ;
#3662 = DIRECTION ( 'NONE',  ( -0.7071067811865483499, 0.7071067811865467956, 0.000000000000000000 ) ) ;
#3663 = DIRECTION ( 'NONE',  ( 0.7071067811865483499, -0.7071067811865467956, 0.000000000000000000 ) ) ;
#3664 = CARTESIAN_POINT ( 'NONE',  ( 18.51966991411008223, -5.112563132923545695, -2.286000000000000032 ) ) ;
#3665 = PLANE ( 'NONE',  #5100 ) ;
#3666 = CARTESIAN_POINT ( 'NONE',  ( 15.83538275175456000, -0.5000000000000000000, 1.000000000000000000 ) ) ;
#3667 = EDGE_CURVE ( 'NONE', #820, #2439, #7374, .T. ) ;
#3668 = ORIENTED_EDGE ( 'NONE', *, *, #6584, .T. ) ;
#3669 = ORIENTED_EDGE ( 'NONE', *, *, #4012, .T. ) ;
#3670 = DIRECTION ( 'NONE',  ( 0.000000000000000000, 0.000000000000000000, 1.000000000000000000 ) ) ;
#3671 = DIRECTION ( 'NONE',  ( -0.8660254037844387076, 0.5000000000000001110, 0.000000000000000000 ) ) ;
#3672 = CARTESIAN_POINT ( 'NONE',  ( 2.100000000000000089, 0.000000000000000000, -2.286999999999999922 ) ) ;
#3673 = VECTOR ( 'NONE', #7040, 1000.000000000000000 ) ;
#3674 = PLANE ( 'NONE',  #439 ) ;
#3675 = CARTESIAN_POINT ( 'NONE',  ( 7.344238815542512455, -4.648654403270953139, 1.000000000000000444 ) ) ;
#3676 = ORIENTED_EDGE ( 'NONE', *, *, #5651, .T. ) ;
#3677 = DIRECTION ( 'NONE',  ( -0.000000000000000000, -0.000000000000000000, -1.000000000000000000 ) ) ;
#3678 = EDGE_CURVE ( 'NONE', #2600, #2884, #1348, .T. ) ;
#3679 = VECTOR ( 'NONE', #7601, 1000.000000000000114 ) ;
#3680 = EDGE_LOOP ( 'NONE', ( #1827, #1869, #1484, #1156 ) ) ;
#3681 = AXIS2_PLACEMENT_3D ( 'NONE', #2297, #7658, #1590 ) ;
#3682 = ORIENTED_EDGE ( 'NONE', *, *, #416, .T. ) ;
#3683 = ORIENTED_EDGE ( 'NONE', *, *, #2850, .T. ) ;
#3684 = DIRECTION ( 'NONE',  ( 1.000000000000000000, -1.189523621894263085E-16, 0.000000000000000000 ) ) ;
#3685 = LINE ( 'NONE', #7853, #1974 ) ;
#3686 = FACE_OUTER_BOUND ( 'NONE', #3923, .T. ) ;
#3687 = DIRECTION ( 'NONE',  ( 1.000000000000000000, 0.000000000000000000, -0.000000000000000000 ) ) ;
#3688 = VECTOR ( 'NONE', #3742, 1000.000000000000114 ) ;
#3689 = ORIENTED_EDGE ( 'NONE', *, *, #4175, .F. ) ;
#3690 = PLANE ( 'NONE',  #5538 ) ;
#3691 = VECTOR ( 'NONE', #1754, 1000.000000000000114 ) ;
#3692 = EDGE_CURVE ( 'NONE', #4680, #170, #2721, .T. ) ;
#3693 = AXIS2_PLACEMENT_3D ( 'NONE', #2594, #4580, #7289 ) ;
#3694 = AXIS2_PLACEMENT_3D ( 'NONE', #6451, #1704, #1840 ) ;
#3695 = ORIENTED_EDGE ( 'NONE', *, *, #8684, .T. ) ;
#3696 = AXIS2_PLACEMENT_3D ( 'NONE', #6070, #814, #6893 ) ;
#3697 = DIRECTION ( 'NONE',  ( 0.9659258262890685343, 0.2588190451025197958, -0.000000000000000000 ) ) ;
#3698 = EDGE_LOOP ( 'NONE', ( #8246, #2071, #796, #7610 ) ) ;
#3699 = CARTESIAN_POINT ( 'NONE',  ( 12.69999999999999929, 0.000000000000000000, 1.000000000000000000 ) ) ;
#3700 = EDGE_CURVE ( 'NONE', #937, #3796, #8476, .T. ) ;
#3701 = EDGE_CURVE ( 'NONE', #5346, #5129, #5904, .T. ) ;
#3702 = CARTESIAN_POINT ( 'NONE',  ( 6.349999999999999645, 5.642893218813452627, 12.74539167476553381 ) ) ;
#3703 = CARTESIAN_POINT ( 'NONE',  ( -2.098816814762468397, 2.805923595949002536, -1.000000000000000000 ) ) ;
#3704 = CARTESIAN_POINT ( 'NONE',  ( -21.99704525612473915, 12.70000000000000462, 2.286000000000000032 ) ) ;
#3705 = CIRCLE ( 'NONE', #3014, 5.199999999999985967 ) ;
#3706 = ORIENTED_EDGE ( 'NONE', *, *, #7501, .F. ) ;
#3707 = VECTOR ( 'NONE', #2839, 1000.000000000000000 ) ;
#3708 = ORIENTED_EDGE ( 'NONE', *, *, #4963, .F. ) ;
#3709 = ORIENTED_EDGE ( 'NONE', *, *, #6444, .T. ) ;
#3710 = CARTESIAN_POINT ( 'NONE',  ( 22.82939620402573411, 1.863497014787714789, -1.000000000000000000 ) ) ;
#3711 = EDGE_CURVE ( 'NONE', #5312, #4421, #7141, .T. ) ;
#3712 = DIRECTION ( 'NONE',  ( -0.7071067811865474617, 0.7071067811865475727, 0.000000000000000000 ) ) ;
#3713 = DIRECTION ( 'NONE',  ( -0.000000000000000000, -0.000000000000000000, -1.000000000000000000 ) ) ;
#3714 = CARTESIAN_POINT ( 'NONE',  ( 0.000000000000000000, 0.000000000000000000, 2.286000000000000032 ) ) ;
#3715 = EDGE_CURVE ( 'NONE', #8286, #8231, #1109, .T. ) ;
#3716 = DIRECTION ( 'NONE',  ( -0.000000000000000000, -0.000000000000000000, -1.000000000000000000 ) ) ;
#3717 = ORIENTED_EDGE ( 'NONE', *, *, #5578, .T. ) ;
#3718 = VECTOR ( 'NONE', #1254, 1000.000000000000114 ) ;
#3719 = AXIS2_PLACEMENT_3D ( 'NONE', #7054, #3482, #2908 ) ;
#3720 = ORIENTED_EDGE ( 'NONE', *, *, #1376, .T. ) ;
#3721 = EDGE_LOOP ( 'NONE', ( #1654, #8760, #2389, #8425 ) ) ;
#3722 = CARTESIAN_POINT ( 'NONE',  ( -19.03209851714430556, 5.135438393649766731, 3.050999999999999712 ) ) ;
#3723 = LINE ( 'NONE', #6428, #3868 ) ;
#3724 = EDGE_CURVE ( 'NONE', #6049, #6442, #1875, .T. ) ;
#3725 = CARTESIAN_POINT ( 'NONE',  ( -11.32705648475784521, 9.507956697772282695, 2.286000000000000032 ) ) ;
#3726 = DIRECTION ( 'NONE',  ( -0.000000000000000000, -0.000000000000000000, -1.000000000000000000 ) ) ;
#3727 = DIRECTION ( 'NONE',  ( 0.7071067811865474617, -0.7071067811865476838, 0.000000000000000000 ) ) ;
#3728 = EDGE_LOOP ( 'NONE', ( #2933, #1917, #1180, #3098 ) ) ;
#3729 = EDGE_CURVE ( 'NONE', #1065, #5320, #1112, .T. ) ;
#3730 = LINE ( 'NONE', #5722, #7536 ) ;
#3731 = ORIENTED_EDGE ( 'NONE', *, *, #5325, .T. ) ;
#3732 = VERTEX_POINT ( 'NONE', #7234 ) ;
#3733 = LINE ( 'NONE', #3079, #2433 ) ;
#3734 = DIRECTION ( 'NONE',  ( 1.000000000000000000, 0.000000000000000000, 0.000000000000000000 ) ) ;
#3735 = FACE_OUTER_BOUND ( 'NONE', #821, .T. ) ;
#3736 = LINE ( 'NONE', #5730, #7958 ) ;
#3737 = EDGE_CURVE ( 'NONE', #7334, #6035, #7848, .T. ) ;
#3738 = ORIENTED_EDGE ( 'NONE', *, *, #7957, .T. ) ;
#3739 = ADVANCED_FACE ( 'NONE', ( #5858 ), #7182, .T. ) ;
#3740 = DIRECTION ( 'NONE',  ( -0.9659258262890688673, -0.2588190451025186301, 0.000000000000000000 ) ) ;
#3741 = VERTEX_POINT ( 'NONE', #3255 ) ;
#3742 = DIRECTION ( 'NONE',  ( 0.7071067811865503483, -0.7071067811865446862, 0.000000000000000000 ) ) ;
#3743 = ORIENTED_EDGE ( 'NONE', *, *, #6744, .T. ) ;
#3744 = DIRECTION ( 'NONE',  ( 0.000000000000000000, 0.000000000000000000, 1.000000000000000000 ) ) ;
#3745 = CARTESIAN_POINT ( 'NONE',  ( -3.282818092687500577, 7.899778709085812700, 1.000000000000000000 ) ) ;
#3746 = DIRECTION ( 'NONE',  ( -0.000000000000000000, -0.000000000000000000, -1.000000000000000000 ) ) ;
#3747 = DIRECTION ( 'NONE',  ( -0.9659258262890689783, -0.2588190451025184080, 0.000000000000000000 ) ) ;
#3748 = DIRECTION ( 'NONE',  ( -0.000000000000000000, -0.000000000000000000, -1.000000000000000000 ) ) ;
#3749 = ADVANCED_FACE ( 'NONE', ( #2545 ), #1738, .F. ) ;
#3750 = ORIENTED_EDGE ( 'NONE', *, *, #2481, .T. ) ;
#3751 = ORIENTED_EDGE ( 'NONE', *, *, #1026, .T. ) ;
#3752 = EDGE_LOOP ( 'NONE', ( #1856, #5372, #1191, #1801 ) ) ;
#3753 = EDGE_CURVE ( 'NONE', #317, #6208, #5763, .T. ) ;
#3754 = DIRECTION ( 'NONE',  ( 0.7071067811865475727, -0.7071067811865474617, 0.000000000000000000 ) ) ;
#3755 = DIRECTION ( 'NONE',  ( -0.2588190451025204619, 0.9659258262890684232, 0.000000000000000000 ) ) ;
#3756 = LINE ( 'NONE', #6370, #7611 ) ;
#3757 = DIRECTION ( 'NONE',  ( 0.5000000000000012212, 0.8660254037844380415, -0.000000000000000000 ) ) ;
#3758 = DIRECTION ( 'NONE',  ( -1.000000000000000000, 0.000000000000000000, 0.000000000000000000 ) ) ;
#3759 = ORIENTED_EDGE ( 'NONE', *, *, #2931, .F. ) ;
#3760 = EDGE_CURVE ( 'NONE', #4401, #268, #1408, .T. ) ;
#3761 = VERTEX_POINT ( 'NONE', #4623 ) ;
#3762 = ORIENTED_EDGE ( 'NONE', *, *, #7645, .F. ) ;
#3763 = DIRECTION ( 'NONE',  ( -1.000000000000000000, 0.000000000000000000, 0.000000000000000000 ) ) ;
#3764 = LINE ( 'NONE', #5896, #5300 ) ;
#3765 = CARTESIAN_POINT ( 'NONE',  ( 1.795259589288523250, 6.700000000000001066, -1.000000000000000000 ) ) ;
#3766 = VECTOR ( 'NONE', #7311, 1000.000000000000000 ) ;
#3767 = DIRECTION ( 'NONE',  ( -0.7071067811865474617, -0.7071067811865476838, 0.000000000000000000 ) ) ;
#3768 = FACE_OUTER_BOUND ( 'NONE', #1400, .T. ) ;
#3769 = ORIENTED_EDGE ( 'NONE', *, *, #5004, .T. ) ;
#3770 = DIRECTION ( 'NONE',  ( -1.000000000000000000, 0.000000000000000000, 0.000000000000000000 ) ) ;
#3771 = CARTESIAN_POINT ( 'NONE',  ( 6.350000000000004974, -5.068629150101528147, -3.049999999999999822 ) ) ;
#3772 = VERTEX_POINT ( 'NONE', #2454 ) ;
#3773 = ORIENTED_EDGE ( 'NONE', *, *, #782, .F. ) ;
#3774 = LINE ( 'NONE', #6522, #3430 ) ;
#3775 = CARTESIAN_POINT ( 'NONE',  ( -13.89766028073213100, 5.055540317015448259, -1.000000000000000000 ) ) ;
#3776 = DATE_AND_TIME ( #3121, #4552 ) ;
#3777 = LINE ( 'NONE', #5772, #3563 ) ;
#3778 = VERTEX_POINT ( 'NONE', #3912 ) ;
#3779 = DIRECTION ( 'NONE',  ( -0.000000000000000000, -0.000000000000000000, -1.000000000000000000 ) ) ;
#3780 = AXIS2_PLACEMENT_3D ( 'NONE', #1082, #7913, #457 ) ;
#3781 = EDGE_CURVE ( 'NONE', #4182, #8286, #436, .T. ) ;
#3782 = ORIENTED_EDGE ( 'NONE', *, *, #8367, .F. ) ;
#3783 = ADVANCED_FACE ( 'NONE', ( #6620 ), #532, .T. ) ;
#3784 = AXIS2_PLACEMENT_3D ( 'NONE', #215, #7739, #3101 ) ;
#3785 = LINE ( 'NONE', #5830, #6944 ) ;
#3786 = ORIENTED_EDGE ( 'NONE', *, *, #1201, .T. ) ;
#3787 = CARTESIAN_POINT ( 'NONE',  ( 0.000000000000000000, 0.000000000000000000, 2.286000000000000032 ) ) ;
#3788 = CARTESIAN_POINT ( 'NONE',  ( -1.182851916782355461, 2.482611798683860727, -2.286000000000000032 ) ) ;
#3789 = CARTESIAN_POINT ( 'NONE',  ( -19.09790760345499194, 13.99445968298458887, -1.000000000000000000 ) ) ;
#3790 = CARTESIAN_POINT ( 'NONE',  ( -15.50608559214148841, 14.95688549027236824, -2.286000000000000032 ) ) ;
#3791 = PLANE ( 'NONE',  #2348 ) ;
#3792 = EDGE_CURVE ( 'NONE', #2278, #1276, #3659, .T. ) ;
#3793 = VECTOR ( 'NONE', #1060, 1000.000000000000000 ) ;
#3794 = ORIENTED_EDGE ( 'NONE', *, *, #4362, .F. ) ;
#3795 = EDGE_LOOP ( 'NONE', ( #4949, #4782, #5916, #6367 ) ) ;
#3796 = VERTEX_POINT ( 'NONE', #4527 ) ;
#3797 = AXIS2_PLACEMENT_3D ( 'NONE', #2992, #5106, #3734 ) ;
#3798 = CARTESIAN_POINT ( 'NONE',  ( -19.03172414251772082, 11.56532132601496521, 2.286000000000000032 ) ) ;
#3799 = PLANE ( 'NONE',  #2578 ) ;
#3800 = CARTESIAN_POINT ( 'NONE',  ( -11.32705648475784521, 9.507956697772282695, 1.000000000000000000 ) ) ;
#3801 = CARTESIAN_POINT ( 'NONE',  ( 14.56349701478771053, -2.570603795974264916, 2.286000000000000032 ) ) ;
#3802 = DIRECTION ( 'NONE',  ( -0.000000000000000000, -0.000000000000000000, -1.000000000000000000 ) ) ;
#3803 = EDGE_CURVE ( 'NONE', #1523, #7874, #4581, .T. ) ;
#3804 = CIRCLE ( 'NONE', #2107, 5.199999999999985967 ) ;
#3805 = ORIENTED_EDGE ( 'NONE', *, *, #4765, .T. ) ;
#3806 = EDGE_LOOP ( 'NONE', ( #8350, #2654, #3743, #4602, #5364, #1415 ) ) ;
#3807 = DIRECTION ( 'NONE',  ( -0.000000000000000000, -0.000000000000000000, -1.000000000000000000 ) ) ;
#3808 = LINE ( 'NONE', #4386, #2880 ) ;
#3809 = PLANE ( 'NONE',  #2978 ) ;
#3810 = EDGE_CURVE ( 'NONE', #1147, #8214, #578, .T. ) ;
#3811 = ADVANCED_FACE ( 'NONE', ( #1213 ), #6023, .F. ) ;
#3812 = CARTESIAN_POINT ( 'NONE',  ( 1.863497014787713235, 2.570603795974261363, 2.286000000000000032 ) ) ;
#3813 = FACE_OUTER_BOUND ( 'NONE', #3856, .T. ) ;
#3814 = EDGE_LOOP ( 'NONE', ( #7433, #7468, #676, #8120 ) ) ;
#3815 = CARTESIAN_POINT ( 'NONE',  ( 12.69999999999999929, 0.000000000000000000, 2.286000000000000032 ) ) ;
#3816 = DIRECTION ( 'NONE',  ( -0.000000000000000000, -0.000000000000000000, -1.000000000000000000 ) ) ;
#3817 = EDGE_LOOP ( 'NONE', ( #6640, #8693, #5827, #7293 ) ) ;
#3818 = VERTEX_POINT ( 'NONE', #5268 ) ;
#3819 = LINE ( 'NONE', #6396, #5416 ) ;
#3820 = ADVANCED_FACE ( 'NONE', ( #5214 ), #6636, .F. ) ;
#3821 = CARTESIAN_POINT ( 'NONE',  ( -14.67057614822933687, 12.68981673495868101, -2.286000000000000032 ) ) ;
#3822 = APPLICATION_PROTOCOL_DEFINITION ( 'international standard', 'config_control_design', 1994, #2901 ) ;
#3823 = DIRECTION ( 'NONE',  ( 0.000000000000000000, 0.000000000000000000, 1.000000000000000000 ) ) ;
#3824 = ORIENTED_EDGE ( 'NONE', *, *, #8684, .F. ) ;
#3825 = LINE ( 'NONE', #4402, #6677 ) ;
#3826 = EDGE_CURVE ( 'NONE', #6626, #4301, #2867, .T. ) ;
#3827 = CIRCLE ( 'NONE', #5656, 6.199999999999997513 ) ;
#3828 = EDGE_LOOP ( 'NONE', ( #1942, #6136, #6041, #2205 ) ) ;
#3829 = DIRECTION ( 'NONE',  ( -0.8660254037844379305, 0.5000000000000011102, 0.000000000000000000 ) ) ;
#3830 = VERTEX_POINT ( 'NONE', #3441 ) ;
#3831 = VECTOR ( 'NONE', #3650, 1000.000000000000000 ) ;
#3832 = AXIS2_PLACEMENT_3D ( 'NONE', #7198, #7254, #1792 ) ;
#3833 = LINE ( 'NONE', #7822, #143 ) ;
#3834 = CARTESIAN_POINT ( 'NONE',  ( -19.09790760345498839, 13.99445968298458709, 2.286000000000000032 ) ) ;
#3835 = DIRECTION ( 'NONE',  ( 0.7071067811865479058, 0.7071067811865472397, 0.000000000000000000 ) ) ;
#3836 = DIRECTION ( 'NONE',  ( 1.000000000000000000, 0.000000000000000000, 0.000000000000000000 ) ) ;
#3837 = FACE_OUTER_BOUND ( 'NONE', #1167, .T. ) ;
#3838 = EDGE_CURVE ( 'NONE', #8751, #7402, #552, .T. ) ;
#3839 = AXIS2_PLACEMENT_3D ( 'NONE', #7634, #139, #65 ) ;
#3840 = VECTOR ( 'NONE', #559, 1000.000000000000000 ) ;
#3841 = VECTOR ( 'NONE', #1904, 1000.000000000000114 ) ;
#3842 = ORIENTED_EDGE ( 'NONE', *, *, #1763, .F. ) ;
#3843 = ORIENTED_EDGE ( 'NONE', *, *, #2415, .T. ) ;
#3844 = CARTESIAN_POINT ( 'NONE',  ( -20.70258557314015846, 9.800862347330250302, -2.286000000000000032 ) ) ;
#3845 = ORIENTED_EDGE ( 'NONE', *, *, #5568, .T. ) ;
#3846 = DIRECTION ( 'NONE',  ( 0.000000000000000000, 0.000000000000000000, 1.000000000000000000 ) ) ;
#3847 = CARTESIAN_POINT ( 'NONE',  ( -13.46384374166936837, 8.350704077769517397, 2.286000000000000032 ) ) ;
#3848 = AXIS2_PLACEMENT_3D ( 'NONE', #2268, #6480, #395 ) ;
#3849 = AXIS2_PLACEMENT_3D ( 'NONE', #4749, #6782, #6083 ) ;
#3850 = CARTESIAN_POINT ( 'NONE',  ( 3.804415587728416703, -6.200000000000001954, 3.049999999999999822 ) ) ;
#3851 = VECTOR ( 'NONE', #1402, 1000.000000000000114 ) ;
#3852 = DIRECTION ( 'NONE',  ( -0.000000000000000000, -0.000000000000000000, -1.000000000000000000 ) ) ;
#3853 = DIRECTION ( 'NONE',  ( 0.2588190451025198513, -0.9659258262890686453, 0.000000000000000000 ) ) ;
#3854 = ORIENTED_EDGE ( 'NONE', *, *, #3341, .T. ) ;
#3855 = AXIS2_PLACEMENT_3D ( 'NONE', #2344, #2256, #4469 ) ;
#3856 = EDGE_LOOP ( 'NONE', ( #7948, #1799, #4770, #6963 ) ) ;
#3857 = EDGE_LOOP ( 'NONE', ( #3358, #6897, #518, #3600 ) ) ;
#3858 = ORIENTED_EDGE ( 'NONE', *, *, #8481, .F. ) ;
#3859 = CARTESIAN_POINT ( 'NONE',  ( 12.69999999999999929, 0.000000000000000000, -1.000000000000000000 ) ) ;
#3860 = DIRECTION ( 'NONE',  ( -0.000000000000000000, -0.000000000000000000, -1.000000000000000000 ) ) ;
#3861 = EDGE_CURVE ( 'NONE', #66, #5872, #8347, .T. ) ;
#3862 = DIRECTION ( 'NONE',  ( -0.7071067811865472397, 0.7071067811865479058, 0.000000000000000000 ) ) ;
#3863 = ORIENTED_EDGE ( 'NONE', *, *, #3729, .F. ) ;
#3864 = LINE ( 'NONE', #8028, #4848 ) ;
#3865 = CARTESIAN_POINT ( 'NONE',  ( 25.40000000000000213, 5.200000000000001066, 2.286000000000000032 ) ) ;
#3866 = FACE_OUTER_BOUND ( 'NONE', #3721, .T. ) ;
#3867 = ORIENTED_EDGE ( 'NONE', *, *, #2520, .F. ) ;
#3868 = VECTOR ( 'NONE', #3860, 1000.000000000000000 ) ;
#3869 = VECTOR ( 'NONE', #8689, 999.9999999999998863 ) ;
#3870 = CARTESIAN_POINT ( 'NONE',  ( -3.174999999999999822, 0.000000000000000000, -2.286000000000000032 ) ) ;
#3871 = DIRECTION ( 'NONE',  ( -0.7071067811865474617, 0.7071067811865475727, 0.000000000000000000 ) ) ;
#3872 = ADVANCED_FACE ( 'NONE', ( #7639 ), #1613, .T. ) ;
#3873 = VERTEX_POINT ( 'NONE', #1564 ) ;
#3874 = ORIENTED_EDGE ( 'NONE', *, *, #3903, .F. ) ;
#3875 = PLANE ( 'NONE',  #7807 ) ;
#3876 = CARTESIAN_POINT ( 'NONE',  ( 7.587436867076464253, -5.819669914110093600, 12.74539167476553381 ) ) ;
#3877 = APPLICATION_PROTOCOL_DEFINITION ( 'international standard', 'config_control_design', 1994, #8447 ) ;
#3878 = CARTESIAN_POINT ( 'NONE',  ( -10.99852262806236958, 6.350000000000002309, 2.286000000000000032 ) ) ;
#3879 = ORIENTED_EDGE ( 'NONE', *, *, #7160, .T. ) ;
#3880 = CARTESIAN_POINT ( 'NONE',  ( -14.67057614822933687, 12.68981673495868101, 3.049999999999999822 ) ) ;
#3881 = EDGE_CURVE ( 'NONE', #4008, #8463, #846, .T. ) ;
#3882 = VERTEX_POINT ( 'NONE', #726 ) ;
#3883 = DIRECTION ( 'NONE',  ( 1.000000000000000000, 0.000000000000000000, -0.000000000000000000 ) ) ;
#3884 = ORIENTED_EDGE ( 'NONE', *, *, #8305, .F. ) ;
#3885 = EDGE_CURVE ( 'NONE', #178, #6622, #4810, .T. ) ;
#3886 = DIRECTION ( 'NONE',  ( -0.2588190451025198513, 0.9659258262890686453, 0.000000000000000000 ) ) ;
#3887 = CARTESIAN_POINT ( 'NONE',  ( 12.69999999999999929, 0.000000000000000000, -2.286000000000000032 ) ) ;
#3888 = DIRECTION ( 'NONE',  ( -0.9659258262890687563, -0.2588190451025192407, 0.000000000000000000 ) ) ;
#3889 = CARTESIAN_POINT ( 'NONE',  ( 1.045259589288517699, 5.400961894323345724, -2.286000000000000032 ) ) ;
#3890 = CARTESIAN_POINT ( 'NONE',  ( 17.91862915010151980, -6.200000000000000178, 3.050999999999999712 ) ) ;
#3891 = ORIENTED_EDGE ( 'NONE', *, *, #2911, .F. ) ;
#3892 = ORIENTED_EDGE ( 'NONE', *, *, #3267, .T. ) ;
#3893 = CARTESIAN_POINT ( 'NONE',  ( 1.795259589288523250, 6.700000000000001066, 3.049999999999999822 ) ) ;
#3894 = ORIENTED_EDGE ( 'NONE', *, *, #5429, .F. ) ;
#3895 = CARTESIAN_POINT ( 'NONE',  ( 25.40000000000000213, 5.200000000000001066, 3.049999999999999822 ) ) ;
#3896 = DIRECTION ( 'NONE',  ( -0.000000000000000000, -0.000000000000000000, -1.000000000000000000 ) ) ;
#3897 = CARTESIAN_POINT ( 'NONE',  ( -1.169113105511084383, 17.76318950956209264, -1.000000000000000000 ) ) ;
#3898 = CARTESIAN_POINT ( 'NONE',  ( -1.427932150613600237, 18.72911533585116217, 1.000000000000000000 ) ) ;
#3899 = DIRECTION ( 'NONE',  ( -1.000000000000000000, 1.189523621894263085E-16, 0.000000000000000000 ) ) ;
#3900 = VERTEX_POINT ( 'NONE', #2906 ) ;
#3901 = ORIENTED_EDGE ( 'NONE', *, *, #3076, .T. ) ;
#3902 = LINE ( 'NONE', #3336, #1458 ) ;
#3903 = EDGE_CURVE ( 'NONE', #4450, #1147, #4275, .T. ) ;
#3904 = LINE ( 'NONE', #6610, #7268 ) ;
#3905 = CYLINDRICAL_SURFACE ( 'NONE', #2988, 3.175000000000000711 ) ;
#3906 = ORIENTED_EDGE ( 'NONE', *, *, #2009, .T. ) ;
#3907 = DIRECTION ( 'NONE',  ( -1.000000000000000000, 0.000000000000000000, 0.000000000000000000 ) ) ;
#3908 = DIRECTION ( 'NONE',  ( -0.9659258262890686453, -0.2588190451025195182, 0.000000000000000000 ) ) ;
#3909 = DIRECTION ( 'NONE',  ( 0.7071067811865479058, 0.7071067811865472397, -0.000000000000000000 ) ) ;
#3910 = ORIENTED_EDGE ( 'NONE', *, *, #7139, .F. ) ;
#3911 = CARTESIAN_POINT ( 'NONE',  ( 19.05000000000001137, 3.654415587728429671, 2.286000000000000032 ) ) ;
#3912 = CARTESIAN_POINT ( 'NONE',  ( -25.17204525612474342, 12.70000000000000462, 1.000000000000000000 ) ) ;
#3913 = EDGE_CURVE ( 'NONE', #6804, #3915, #6971, .T. ) ;
#3914 = EDGE_CURVE ( 'NONE', #905, #8266, #5642, .T. ) ;
#3915 = VERTEX_POINT ( 'NONE', #2779 ) ;
#3916 = VERTEX_POINT ( 'NONE', #3566 ) ;
#3917 = FACE_OUTER_BOUND ( 'NONE', #4459, .T. ) ;
#3918 = VECTOR ( 'NONE', #7260, 1000.000000000000000 ) ;
#3919 = PERSON ( 'UNSPECIFIED', 'UNSPECIFIED', 'UNSPECIFIED', ('UNSPECIFIED'), ('UNSPECIFIED'), ('UNSPECIFIED') ) ;
#3920 = CARTESIAN_POINT ( 'NONE',  ( 0.000000000000000000, 0.000000000000000000, -2.286000000000000032 ) ) ;
#3921 = PERSON_AND_ORGANIZATION_ROLE ( 'creator' ) ;
#3922 = DIRECTION ( 'NONE',  ( -0.9659258262890686453, -0.2588190451025194072, 0.000000000000000000 ) ) ;
#3923 = EDGE_LOOP ( 'NONE', ( #7706, #7650, #6305, #3493 ) ) ;
#3924 = CARTESIAN_POINT ( 'NONE',  ( 5.218629150101524061, -6.200000000000002842, -3.049999999999999822 ) ) ;
#3925 = ADVANCED_FACE ( 'NONE', ( #894 ), #5481, .T. ) ;
#3926 = ORIENTED_EDGE ( 'NONE', *, *, #6879, .T. ) ;
#3927 = LINE ( 'NONE', #546, #2000 ) ;
#3928 = ORIENTED_EDGE ( 'NONE', *, *, #1095, .T. ) ;
#3929 = CARTESIAN_POINT ( 'NONE',  ( -18.61798804498027948, 3.589957071587262405, -3.049999999999999822 ) ) ;
#3930 = DIRECTION ( 'NONE',  ( -0.000000000000000000, -0.000000000000000000, -1.000000000000000000 ) ) ;
#3931 = DIRECTION ( 'NONE',  ( -0.2588190451025224603, 0.9659258262890677571, 0.000000000000000000 ) ) ;
#3932 = DIRECTION ( 'NONE',  ( 0.000000000000000000, 0.000000000000000000, -1.000000000000000000 ) ) ;
#3933 = AXIS2_PLACEMENT_3D ( 'NONE', #2968, #1002, #3059 ) ;
#3934 = ORIENTED_EDGE ( 'NONE', *, *, #8641, .T. ) ;
#3935 = VERTEX_POINT ( 'NONE', #4227 ) ;
#3936 = CARTESIAN_POINT ( 'NONE',  ( -18.32499173595777364, 6.360183265041365885, 3.049999999999999822 ) ) ;
#3937 = ORIENTED_EDGE ( 'NONE', *, *, #2305, .F. ) ;
#3938 = DIRECTION ( 'NONE',  ( 0.7071067811865474617, 0.7071067811865476838, -0.000000000000000000 ) ) ;
#3939 = CARTESIAN_POINT ( 'NONE',  ( 2.265685708190568803, 1.558578927004020898, -2.286000000000000032 ) ) ;
#3940 = CARTESIAN_POINT ( 'NONE',  ( 5.819669914110098041, -5.112563132923548359, 12.74539167476553381 ) ) ;
#3941 = EDGE_CURVE ( 'NONE', #6357, #5116, #7514, .T. ) ;
#3942 = AXIS2_PLACEMENT_3D ( 'NONE', #433, #7137, #4522 ) ;
#3943 = LINE ( 'NONE', #3898, #17 ) ;
#3944 = VERTEX_POINT ( 'NONE', #4156 ) ;
#3945 = EDGE_CURVE ( 'NONE', #5103, #5436, #6847, .T. ) ;
#3946 = VECTOR ( 'NONE', #5168, 1000.000000000000000 ) ;
#3947 = ORIENTED_EDGE ( 'NONE', *, *, #3861, .T. ) ;
#3948 = FACE_OUTER_BOUND ( 'NONE', #751, .T. ) ;
#3949 = DIRECTION ( 'NONE',  ( -1.000000000000000000, 0.000000000000000000, 0.000000000000000000 ) ) ;
#3950 = DIRECTION ( 'NONE',  ( 0.000000000000000000, 0.000000000000000000, -1.000000000000000000 ) ) ;
#3951 = ORIENTED_EDGE ( 'NONE', *, *, #4632, .F. ) ;
#3952 = ADVANCED_FACE ( 'NONE', ( #109 ), #2228, .T. ) ;
#3953 = FACE_OUTER_BOUND ( 'NONE', #2677, .T. ) ;
#3954 = CYLINDRICAL_SURFACE ( 'NONE', #7900, 3.174999999999999822 ) ;
#3955 = VECTOR ( 'NONE', #8722, 1000.000000000000000 ) ;
#3956 = DIRECTION ( 'NONE',  ( -0.000000000000000000, -0.000000000000000000, -1.000000000000000000 ) ) ;
#3957 = ORIENTED_EDGE ( 'NONE', *, *, #4871, .T. ) ;
#3958 = CARTESIAN_POINT ( 'NONE',  ( 0.000000000000000000, 0.000000000000000000, 2.286000000000000032 ) ) ;
#3959 = CARTESIAN_POINT ( 'NONE',  ( -21.99704525612473915, 12.70000000000000462, -2.286000000000000032 ) ) ;
#3960 = EDGE_CURVE ( 'NONE', #7766, #4008, #4188, .T. ) ;
#3961 = ORIENTED_EDGE ( 'NONE', *, *, #5410, .F. ) ;
#3962 = ORIENTED_EDGE ( 'NONE', *, *, #3173, .T. ) ;
#3963 = DIRECTION ( 'NONE',  ( 1.000000000000000000, 0.000000000000000000, 0.000000000000000000 ) ) ;
#3964 = EDGE_CURVE ( 'NONE', #3741, #1149, #4931, .T. ) ;
#3965 = DIRECTION ( 'NONE',  ( -0.7071067811865471286, -0.7071067811865479058, 0.000000000000000000 ) ) ;
#3966 = EDGE_CURVE ( 'NONE', #5354, #3818, #147, .T. ) ;
#3967 = DIRECTION ( 'NONE',  ( -0.000000000000000000, -0.000000000000000000, -1.000000000000000000 ) ) ;
#3968 = CARTESIAN_POINT ( 'NONE',  ( 25.40000000000000568, 0.000000000000000000, 1.000000000000000000 ) ) ;
#3969 = ORIENTED_EDGE ( 'NONE', *, *, #5704, .T. ) ;
#3970 = CARTESIAN_POINT ( 'NONE',  ( 25.39999999999999858, 0.000000000000000000, 2.286000000000000032 ) ) ;
#3971 = EDGE_LOOP ( 'NONE', ( #493, #1676, #1442, #5573 ) ) ;
#3972 = CARTESIAN_POINT ( 'NONE',  ( -21.99704525612473915, 12.70000000000000462, 2.286000000000000032 ) ) ;
#3973 = CARTESIAN_POINT ( 'NONE',  ( -19.03172414251772082, 11.56532132601496521, 1.000000000000000000 ) ) ;
#3974 = EDGE_CURVE ( 'NONE', #194, #4420, #1405, .T. ) ;
#3975 = ORIENTED_EDGE ( 'NONE', *, *, #940, .T. ) ;
#3976 = LINE ( 'NONE', #4642, #7319 ) ;
#3977 = CIRCLE ( 'NONE', #413, 5.199999999999985967 ) ;
#3978 = CIRCLE ( 'NONE', #2274, 5.200000000000002842 ) ;
#3979 = ORIENTED_EDGE ( 'NONE', *, *, #8098, .T. ) ;
#3980 = ORIENTED_EDGE ( 'NONE', *, *, #6487, .F. ) ;
#3981 = EDGE_CURVE ( 'NONE', #1724, #8156, #6350, .T. ) ;
#3982 = VECTOR ( 'NONE', #8016, 1000.000000000000000 ) ;
#3983 = LINE ( 'NONE', #6029, #6613 ) ;
#3984 = LINE ( 'NONE', #6693, #3840 ) ;
#3985 = LINE ( 'NONE', #1944, #4544 ) ;
#3986 = ADVANCED_FACE ( 'NONE', ( #4484 ), #3080, .F. ) ;
#3987 = DIRECTION ( 'NONE',  ( 0.2588190451025204619, -0.9659258262890684232, 0.000000000000000000 ) ) ;
#3988 = LINE ( 'NONE', #6697, #5256 ) ;
#3989 = AXIS2_PLACEMENT_3D ( 'NONE', #3815, #1778, #8568 ) ;
#3990 = VECTOR ( 'NONE', #4322, 1000.000000000000114 ) ;
#3991 = ORIENTED_EDGE ( 'NONE', *, *, #3039, .T. ) ;
#3992 = VECTOR ( 'NONE', #2523, 1000.000000000000000 ) ;
#3993 = EDGE_CURVE ( 'NONE', #8224, #4502, #3685, .T. ) ;
#3994 = VERTEX_POINT ( 'NONE', #2405 ) ;
#3995 = AXIS2_PLACEMENT_3D ( 'NONE', #5727, #7682, #4974 ) ;
#3996 = DIRECTION ( 'NONE',  ( 0.7071067811865503483, 0.7071067811865446862, -0.000000000000000000 ) ) ;
#3997 = AXIS2_PLACEMENT_3D ( 'NONE', #7327, #2678, #3202 ) ;
#3998 = AXIS2_PLACEMENT_3D ( 'NONE', #6314, #1614, #4316 ) ;
#3999 = FACE_OUTER_BOUND ( 'NONE', #872, .T. ) ;
#4000 = EDGE_CURVE ( 'NONE', #6612, #3276, #6347, .T. ) ;
#4001 = DIRECTION ( 'NONE',  ( 0.000000000000000000, 0.000000000000000000, 1.000000000000000000 ) ) ;
#4002 = ORIENTED_EDGE ( 'NONE', *, *, #5522, .F. ) ;
#4003 = CARTESIAN_POINT ( 'NONE',  ( -12.28948229204562814, 13.09977870908579156, 3.049999999999999822 ) ) ;
#4004 = CARTESIAN_POINT ( 'NONE',  ( -1.290959663983276107, 6.749778709085802575, 1.000000000000000000 ) ) ;
#4005 = ORIENTED_EDGE ( 'NONE', *, *, #1824, .T. ) ;
#4006 = CARTESIAN_POINT ( 'NONE',  ( 15.59983758850847124, -7.104577999219962692, 1.000000000000000000 ) ) ;
#4007 = VECTOR ( 'NONE', #2129, 1000.000000000000000 ) ;
#4008 = VERTEX_POINT ( 'NONE', #4397 ) ;
#4009 = VERTEX_POINT ( 'NONE', #5690 ) ;
#4010 = CYLINDRICAL_SURFACE ( 'NONE', #8230, 3.175000000000000711 ) ;
#4011 = VECTOR ( 'NONE', #4910, 1000.000000000000000 ) ;
#4012 = EDGE_CURVE ( 'NONE', #7402, #4186, #2460, .T. ) ;
#4013 = PLANE ( 'NONE',  #4369 ) ;
#4014 = CARTESIAN_POINT ( 'NONE',  ( -2.899137652669756537, -1.294459682984563154, -2.286000000000000032 ) ) ;
#4015 = CARTESIAN_POINT ( 'NONE',  ( 0.000000000000000000, 0.000000000000000000, 3.049999999999999822 ) ) ;
#4016 = VECTOR ( 'NONE', #3853, 999.9999999999998863 ) ;
#4017 = AXIS2_PLACEMENT_3D ( 'NONE', #4457, #458, #1797 ) ;
#4018 = EDGE_CURVE ( 'NONE', #6538, #5510, #7195, .T. ) ;
#4019 = ORIENTED_EDGE ( 'NONE', *, *, #2185, .T. ) ;
#4020 = DIRECTION ( 'NONE',  ( 0.000000000000000000, 0.000000000000000000, 1.000000000000000000 ) ) ;
#4021 = ORIENTED_EDGE ( 'NONE', *, *, #6795, .T. ) ;
#4022 = APPROVAL ( #1071, 'UNSPECIFIED' ) ;
#4023 = DIRECTION ( 'NONE',  ( 0.000000000000000000, 0.000000000000000000, 1.000000000000000000 ) ) ;
#4024 = EDGE_CURVE ( 'NONE', #4634, #2982, #2542, .T. ) ;
#4025 = DIRECTION ( 'NONE',  ( -0.000000000000000000, -0.000000000000000000, -1.000000000000000000 ) ) ;
#4026 = LINE ( 'NONE', #640, #4430 ) ;
#4027 = EDGE_LOOP ( 'NONE', ( #7317, #5377, #8041, #7207 ) ) ;
#4028 = CARTESIAN_POINT ( 'NONE',  ( 7.344238815542512455, -4.648654403270953139, 3.049999999999999822 ) ) ;
#4029 = VECTOR ( 'NONE', #7742, 1000.000000000000114 ) ;
#4030 = EDGE_LOOP ( 'NONE', ( #4167, #8777, #5982, #8736, #2546, #3676 ) ) ;
#4031 = ORIENTED_EDGE ( 'NONE', *, *, #8433, .F. ) ;
#4032 = CARTESIAN_POINT ( 'NONE',  ( -28.19704525612467094, 12.70000000000014673, 1.000000000000000000 ) ) ;
#4033 = FACE_OUTER_BOUND ( 'NONE', #1550, .T. ) ;
#4034 = PLANE ( 'NONE',  #717 ) ;
#4035 = ADVANCED_BREP_SHAPE_REPRESENTATION ( '228-2500-147', ( #1319, #4139 ), #8234 ) ;
#4036 = VECTOR ( 'NONE', #339, 1000.000000000000000 ) ;
#4037 = LINE ( 'NONE', #649, #6605 ) ;
#4038 = CARTESIAN_POINT ( 'NONE',  ( 2.265685708190568803, 1.558578927004020898, 12.74539167476553381 ) ) ;
#4039 = EDGE_LOOP ( 'NONE', ( #4556, #6736, #8031, #3575 ) ) ;
#4040 = EDGE_CURVE ( 'NONE', #1714, #2881, #7189, .T. ) ;
#4041 = EDGE_CURVE ( 'NONE', #5320, #8720, #5770, .T. ) ;
#4042 = ORIENTED_EDGE ( 'NONE', *, *, #5311, .T. ) ;
#4043 = LINE ( 'NONE', #4870, #3578 ) ;
#4044 = CARTESIAN_POINT ( 'NONE',  ( 1.863497014787713235, 2.570603795974261363, 1.000000000000000444 ) ) ;
#4045 = CARTESIAN_POINT ( 'NONE',  ( 7.895584412271561270, -5.200000000000001066, 2.286000000000000032 ) ) ;
#4046 = ORIENTED_EDGE ( 'NONE', *, *, #5326, .T. ) ;
#4047 = DIRECTION ( 'NONE',  ( -0.000000000000000000, -0.000000000000000000, -1.000000000000000000 ) ) ;
#4048 = LINE ( 'NONE', #1346, #6160 ) ;
#4049 = EDGE_LOOP ( 'NONE', ( #4514, #3782 ) ) ;
#4050 = EDGE_CURVE ( 'NONE', #59, #6527, #7101, .T. ) ;
#4051 = CARTESIAN_POINT ( 'NONE',  ( -9.746038811598134899, 3.607518413875845820, -1.000000000000000000 ) ) ;
#4052 = VERTEX_POINT ( 'NONE', #3775 ) ;
#4053 = ORIENTED_EDGE ( 'NONE', *, *, #5178, .T. ) ;
#4054 = PLANE ( 'NONE',  #5546 ) ;
#4055 = DIRECTION ( 'NONE',  ( 1.000000000000000000, 0.000000000000000000, 0.000000000000000000 ) ) ;
#4056 = CARTESIAN_POINT ( 'NONE',  ( 23.29999999999999716, 2.571758278209442450E-16, 2.286000000000000032 ) ) ;
#4057 = VERTEX_POINT ( 'NONE', #6523 ) ;
#4058 = CARTESIAN_POINT ( 'NONE',  ( -1.304740410711484166, 1.330642496536485364, -1.000000000000000000 ) ) ;
#4059 = EDGE_CURVE ( 'NONE', #8213, #4219, #447, .T. ) ;
#4060 = ORIENTED_EDGE ( 'NONE', *, *, #805, .T. ) ;
#4061 = ORIENTED_EDGE ( 'NONE', *, *, #6183, .T. ) ;
#4062 = ORIENTED_EDGE ( 'NONE', *, *, #4289, .F. ) ;
#4063 = DIRECTION ( 'NONE',  ( -0.000000000000000000, -0.000000000000000000, -1.000000000000000000 ) ) ;
#4064 = DIRECTION ( 'NONE',  ( 0.9659258262890686453, 0.2588190451025193517, -0.000000000000000000 ) ) ;
#4065 = LINE ( 'NONE', #74, #4836 ) ;
#4066 = ORIENTED_EDGE ( 'NONE', *, *, #7217, .T. ) ;
#4067 = CYLINDRICAL_SURFACE ( 'NONE', #5194, 3.175000000000000711 ) ;
#4068 = EDGE_CURVE ( 'NONE', #1660, #8604, #320, .T. ) ;
#4069 = VECTOR ( 'NONE', #4736, 1000.000000000000000 ) ;
#4070 = EDGE_CURVE ( 'NONE', #8696, #1501, #5816, .T. ) ;
#4071 = ORIENTED_EDGE ( 'NONE', *, *, #401, .F. ) ;
#4072 = VECTOR ( 'NONE', #2069, 1000.000000000000000 ) ;
#4073 = LINE ( 'NONE', #689, #5819 ) ;
#4074 = CARTESIAN_POINT ( 'NONE',  ( 1.045259589288522806, 5.400961894323343060, -1.000000000000000000 ) ) ;
#4075 = CARTESIAN_POINT ( 'NONE',  ( -2.515704535374862161, 7.456885490272346928, -2.286000000000000032 ) ) ;
#4076 = CARTESIAN_POINT ( 'NONE',  ( -10.99852262806236958, 6.350000000000002309, 2.286000000000000032 ) ) ;
#4077 = EDGE_CURVE ( 'NONE', #7351, #7037, #271, .T. ) ;
#4078 = EDGE_CURVE ( 'NONE', #5633, #2749, #2358, .T. ) ;
#4079 = ORIENTED_EDGE ( 'NONE', *, *, #7516, .T. ) ;
#4080 = VECTOR ( 'NONE', #8555, 1000.000000000000000 ) ;
#4081 = ORIENTED_EDGE ( 'NONE', *, *, #7206, .T. ) ;
#4082 = DIRECTION ( 'NONE',  ( -0.000000000000000000, -0.000000000000000000, -1.000000000000000000 ) ) ;
#4083 = CARTESIAN_POINT ( 'NONE',  ( 6.349999999999987210, -3.654415587728429671, 3.049999999999999822 ) ) ;
#4084 = VECTOR ( 'NONE', #6999, 1000.000000000000114 ) ;
#4085 = DIRECTION ( 'NONE',  ( -0.000000000000000000, -0.000000000000000000, -1.000000000000000000 ) ) ;
#4086 = LINE ( 'NONE', #825, #6890 ) ;
#4087 = CARTESIAN_POINT ( 'NONE',  ( 17.19289321881344534, 5.200000000000001066, -1.000000000000000000 ) ) ;
#4088 = FACE_OUTER_BOUND ( 'NONE', #7568, .T. ) ;
#4089 = ADVANCED_FACE ( 'NONE', ( #5021 ), #3169, .F. ) ;
#4090 = CARTESIAN_POINT ( 'NONE',  ( 15.27060379597425843, 1.863497014787719008, 2.286000000000000032 ) ) ;
#4091 = ORIENTED_EDGE ( 'NONE', *, *, #2364, .F. ) ;
#4092 = DIRECTION ( 'NONE',  ( 1.000000000000000000, 0.000000000000000000, -0.000000000000000000 ) ) ;
#4093 = VERTEX_POINT ( 'NONE', #4357 ) ;
#4094 = ORIENTED_EDGE ( 'NONE', *, *, #2785, .F. ) ;
#4095 = ADVANCED_FACE ( 'NONE', ( #1689 ), #7052, .F. ) ;
#4096 = CARTESIAN_POINT ( 'NONE',  ( 17.91862915010151980, 6.200000000000000178, 3.050999999999999712 ) ) ;
#4097 = EDGE_CURVE ( 'NONE', #2141, #3153, #1829, .T. ) ;
#4098 = VECTOR ( 'NONE', #2318, 1000.000000000000000 ) ;
#4099 = CARTESIAN_POINT ( 'NONE',  ( 15.27060379597425843, 1.863497014787719452, -1.000000000000000000 ) ) ;
#4100 = LINE ( 'NONE', #4722, #2097 ) ;
#4101 = LINE ( 'NONE', #7383, #3554 ) ;
#4102 = AXIS2_PLACEMENT_3D ( 'NONE', #6226, #5566, #8301 ) ;
#4103 = ORIENTED_EDGE ( 'NONE', *, *, #4913, .F. ) ;
#4104 = ORIENTED_EDGE ( 'NONE', *, *, #3112, .T. ) ;
#4105 = ADVANCED_FACE ( 'NONE', ( #6053 ), #8622, .F. ) ;
#4106 = ORIENTED_EDGE ( 'NONE', *, *, #2292, .F. ) ;
#4107 = DIRECTION ( 'NONE',  ( 0.000000000000000000, 0.000000000000000000, 1.000000000000000000 ) ) ;
#4108 = LINE ( 'NONE', #1979, #8680 ) ;
#4109 = EDGE_CURVE ( 'NONE', #2141, #2872, #2692, .T. ) ;
#4110 = FACE_OUTER_BOUND ( 'NONE', #3141, .T. ) ;
#4111 = ORIENTED_EDGE ( 'NONE', *, *, #832, .F. ) ;
#4112 = EDGE_LOOP ( 'NONE', ( #3951, #970, #7597, #6970 ) ) ;
#4113 = ADVANCED_FACE ( 'NONE', ( #540 ), #7241, .F. ) ;
#4114 = LINE ( 'NONE', #736, #7873 ) ;
#4115 = CARTESIAN_POINT ( 'NONE',  ( 14.96568570819055743, 1.558578927004018677, 2.286000000000000032 ) ) ;
#4116 = VECTOR ( 'NONE', #24, 999.9999999999998863 ) ;
#4117 = LINE ( 'NONE', #5489, #7247 ) ;
#4118 = EDGE_CURVE ( 'NONE', #5861, #7790, #3804, .T. ) ;
#4119 = DIRECTION ( 'NONE',  ( 0.000000000000000000, 0.000000000000000000, 1.000000000000000000 ) ) ;
#4120 = ORIENTED_EDGE ( 'NONE', *, *, #3095, .F. ) ;
#4121 = VECTOR ( 'NONE', #3726, 1000.000000000000000 ) ;
#4122 = AXIS2_PLACEMENT_3D ( 'NONE', #7124, #4294, #7834 ) ;
#4123 = ORIENTED_EDGE ( 'NONE', *, *, #8354, .F. ) ;
#4124 = EDGE_CURVE ( 'NONE', #5954, #893, #3348, .T. ) ;
#4125 = VERTEX_POINT ( 'NONE', #1969 ) ;
#4126 = CARTESIAN_POINT ( 'NONE',  ( -1.304740410711482834, 1.330642496536486252, -1.000000000000000000 ) ) ;
#4127 = CARTESIAN_POINT ( 'NONE',  ( -13.89766028073213100, 5.055540317015449148, -2.286000000000000032 ) ) ;
#4128 = DIRECTION ( 'NONE',  ( -0.000000000000000000, -0.000000000000000000, -1.000000000000000000 ) ) ;
#4129 = VECTOR ( 'NONE', #8645, 1000.000000000000000 ) ;
#4130 = VECTOR ( 'NONE', #7644, 1000.000000000000000 ) ;
#4131 = LINE ( 'NONE', #5422, #3371 ) ;
#4132 = CARTESIAN_POINT ( 'NONE',  ( 4.601183185237536222, 3.894076404050988760, -1.000000000000000000 ) ) ;
#4133 = AXIS2_PLACEMENT_3D ( 'NONE', #466, #2479, #2524 ) ;
#4134 = DIRECTION ( 'NONE',  ( -0.000000000000000000, -0.000000000000000000, -1.000000000000000000 ) ) ;
#4135 = CARTESIAN_POINT ( 'NONE',  ( 1.795259589288523472, -5.200000000000002842, 1.000000000000000000 ) ) ;
#4136 = ORIENTED_EDGE ( 'NONE', *, *, #4299, .T. ) ;
#4137 = AXIS2_PLACEMENT_3D ( 'NONE', #7340, #3314, #1520 ) ;
#4138 = AXIS2_PLACEMENT_3D ( 'NONE', #1621, #6322, #3654 ) ;
#4139 = AXIS2_PLACEMENT_3D ( 'NONE', #6524, #541, #5252 ) ;
#4140 = ORIENTED_EDGE ( 'NONE', *, *, #6209, .F. ) ;
#4141 = EDGE_LOOP ( 'NONE', ( #8311, #4431 ) ) ;
#4142 = DIRECTION ( 'NONE',  ( 0.7071067811865471286, 0.7071067811865479058, -0.000000000000000000 ) ) ;
#4143 = LINE ( 'NONE', #8126, #8524 ) ;
#4144 = SHAPE_DEFINITION_REPRESENTATION ( #1337, #4035 ) ;
#4145 = DIRECTION ( 'NONE',  ( -0.2588190451025177419, 0.9659258262890692004, 0.000000000000000000 ) ) ;
#4146 = VECTOR ( 'NONE', #8529, 1000.000000000000000 ) ;
#4147 = ORIENTED_EDGE ( 'NONE', *, *, #5230, .T. ) ;
#4148 = VECTOR ( 'NONE', #53, 1000.000000000000000 ) ;
#4149 = DIRECTION ( 'NONE',  ( -1.000000000000000000, 0.000000000000000000, 0.000000000000000000 ) ) ;
#4150 = VERTEX_POINT ( 'NONE', #8081 ) ;
#4151 = EDGE_CURVE ( 'NONE', #4665, #102, #4533, .T. ) ;
#4152 = CIRCLE ( 'NONE', #3855, 3.174999999999999822 ) ;
#4153 = ORIENTED_EDGE ( 'NONE', *, *, #2303, .F. ) ;
#4154 = VERTEX_POINT ( 'NONE', #7429 ) ;
#4155 = FACE_OUTER_BOUND ( 'NONE', #6473, .T. ) ;
#4156 = CARTESIAN_POINT ( 'NONE',  ( -4.507562964079091294, 8.606885490272361494, 1.000000000000000000 ) ) ;
#4157 = LINE ( 'NONE', #4189, #4274 ) ;
#4158 = EDGE_LOOP ( 'NONE', ( #6520, #6558, #948, #48 ) ) ;
#4159 = AXIS2_PLACEMENT_3D ( 'NONE', #6380, #428, #1772 ) ;
#4160 = AXIS2_PLACEMENT_3D ( 'NONE', #3443, #8178, #200 ) ;
#4161 = EDGE_CURVE ( 'NONE', #7221, #6059, #7049, .T. ) ;
#4162 = ORIENTED_EDGE ( 'NONE', *, *, #5851, .T. ) ;
#4163 = LINE ( 'NONE', #2913, #1709 ) ;
#4164 = DIRECTION ( 'NONE',  ( -1.000000000000000000, -3.414809992080329023E-17, 0.000000000000000000 ) ) ;
#4165 = CARTESIAN_POINT ( 'NONE',  ( 18.05576118445748790, -4.648654403270950475, -1.000000000000000000 ) ) ;
#4166 = CARTESIAN_POINT ( 'NONE',  ( -9.552245033349360489E-16, -5.200000000000001954, 2.286000000000000032 ) ) ;
#4167 = ORIENTED_EDGE ( 'NONE', *, *, #1095, .F. ) ;
#4168 = VERTEX_POINT ( 'NONE', #4674 ) ;
#4169 = DIRECTION ( 'NONE',  ( -0.000000000000000000, -0.000000000000000000, -1.000000000000000000 ) ) ;
#4170 = FACE_OUTER_BOUND ( 'NONE', #1482, .T. ) ;
#4171 = DIRECTION ( 'NONE',  ( -0.000000000000000000, -0.000000000000000000, -1.000000000000000000 ) ) ;
#4172 = DIRECTION ( 'NONE',  ( 0.9659258262890686453, 0.2588190451025195737, 0.000000000000000000 ) ) ;
#4173 = CARTESIAN_POINT ( 'NONE',  ( 0.000000000000000000, 0.000000000000000000, 1.000000000000000000 ) ) ;
#4174 = ORIENTED_EDGE ( 'NONE', *, *, #1052, .T. ) ;
#4175 = EDGE_CURVE ( 'NONE', #4916, #2635, #2016, .T. ) ;
#4176 = ORIENTED_EDGE ( 'NONE', *, *, #3838, .T. ) ;
#4177 = ORIENTED_EDGE ( 'NONE', *, *, #1183, .F. ) ;
#4178 = CARTESIAN_POINT ( 'NONE',  ( 25.40000000000000213, 6.200000000000001066, -3.049999999999999822 ) ) ;
#4179 = CARTESIAN_POINT ( 'NONE',  ( 22.26461724824543964, 0.5000000000000007772, -1.000000000000000000 ) ) ;
#4180 = CARTESIAN_POINT ( 'NONE',  ( 20.59558441227158099, -5.200000000000001066, 3.049999999999999822 ) ) ;
#4181 = LINE ( 'NONE', #6877, #8182 ) ;
#4182 = VERTEX_POINT ( 'NONE', #6754 ) ;
#4183 = CARTESIAN_POINT ( 'NONE',  ( 0.000000000000000000, 0.000000000000000000, 2.286000000000000032 ) ) ;
#4184 = ORIENTED_EDGE ( 'NONE', *, *, #7690, .F. ) ;
#4185 = ORIENTED_EDGE ( 'NONE', *, *, #2708, .T. ) ;
#4186 = VERTEX_POINT ( 'NONE', #1263 ) ;
#4187 = EDGE_LOOP ( 'NONE', ( #7987, #5431, #1118, #4373 ) ) ;
#4188 = LINE ( 'NONE', #2148, #5783 ) ;
#4189 = CARTESIAN_POINT ( 'NONE',  ( -8.515910829378503522, 7.532851916782371759, 2.286000000000000032 ) ) ;
#4190 = LINE ( 'NONE', #149, #4976 ) ;
#4191 = ORIENTED_EDGE ( 'NONE', *, *, #5247, .T. ) ;
#4192 = CARTESIAN_POINT ( 'NONE',  ( 18.05576118445748790, 4.648654403270951363, 3.049999999999999822 ) ) ;
#4193 = EDGE_CURVE ( 'NONE', #6886, #7151, #1105, .T. ) ;
#4194 = ORIENTED_EDGE ( 'NONE', *, *, #6575, .T. ) ;
#4195 = FACE_OUTER_BOUND ( 'NONE', #7979, .T. ) ;
#4196 = DIRECTION ( 'NONE',  ( -3.414809992080329023E-17, 1.000000000000000000, 0.000000000000000000 ) ) ;
#4197 = CIRCLE ( 'NONE', #2787, 3.174999999999999822 ) ;
#4198 = DIRECTION ( 'NONE',  ( -0.000000000000000000, -0.000000000000000000, -1.000000000000000000 ) ) ;
#4199 = CARTESIAN_POINT ( 'NONE',  ( 20.59558441227158099, -5.200000000000001066, 3.049999999999999822 ) ) ;
#4200 = ORIENTED_EDGE ( 'NONE', *, *, #2108, .T. ) ;
#4201 = ORIENTED_EDGE ( 'NONE', *, *, #5305, .F. ) ;
#4202 = ORIENTED_EDGE ( 'NONE', *, *, #3711, .F. ) ;
#4203 = CARTESIAN_POINT ( 'NONE',  ( 7.895584412271557717, -5.199999999999999289, 3.049999999999999822 ) ) ;
#4204 = EDGE_CURVE ( 'NONE', #3420, #891, #1819, .T. ) ;
#4205 = DIRECTION ( 'NONE',  ( 0.2588190451025196293, -0.9659258262890686453, 0.000000000000000000 ) ) ;
#4206 = CARTESIAN_POINT ( 'NONE',  ( -14.40078170240360755, 14.21777459450852099, 2.286000000000000032 ) ) ;
#4207 = PLANE ( 'NONE',  #6389 ) ;
#4208 = VECTOR ( 'NONE', #1324, 999.9999999999998863 ) ;
#4209 = CARTESIAN_POINT ( 'NONE',  ( -15.03449281214644628, 14.04797221441829791, 2.286000000000003141 ) ) ;
#4210 = ADVANCED_FACE ( 'NONE', ( #13 ), #2730, .F. ) ;
#4211 = DIRECTION ( 'NONE',  ( 7.434522636839145511E-17, -1.000000000000000000, 0.000000000000000000 ) ) ;
#4212 = VERTEX_POINT ( 'NONE', #5349 ) ;
#4213 = CIRCLE ( 'NONE', #8175, 3.175000000000000711 ) ;
#4214 = ORIENTED_EDGE ( 'NONE', *, *, #1707, .T. ) ;
#4215 = DIRECTION ( 'NONE',  ( -0.000000000000000000, -0.000000000000000000, -1.000000000000000000 ) ) ;
#4216 = CARTESIAN_POINT ( 'NONE',  ( 1.795259589288523250, 6.700000000000001066, -1.000000000000000000 ) ) ;
#4217 = CARTESIAN_POINT ( 'NONE',  ( -1.492273636064717968, 7.501092681167252252, 12.72085538888886802 ) ) ;
#4218 = CARTESIAN_POINT ( 'NONE',  ( 4.251183185237543682, 9.155923595949017724, 1.000000000000000000 ) ) ;
#4219 = VERTEX_POINT ( 'NONE', #6624 ) ;
#4220 = EDGE_CURVE ( 'NONE', #4839, #7821, #5911, .T. ) ;
#4221 = CYLINDRICAL_SURFACE ( 'NONE', #3136, 3.174999999999999822 ) ;
#4222 = ORIENTED_EDGE ( 'NONE', *, *, #3402, .T. ) ;
#4223 = EDGE_LOOP ( 'NONE', ( #5628, #8045, #4516, #2048, #958, #4290, #7726 ) ) ;
#4224 = ORIENTED_EDGE ( 'NONE', *, *, #5868, .T. ) ;
#4225 = EDGE_CURVE ( 'NONE', #6407, #1901, #8189, .T. ) ;
#4226 = ORIENTED_EDGE ( 'NONE', *, *, #5877, .T. ) ;
#4227 = CARTESIAN_POINT ( 'NONE',  ( -1.084202172485504434E-15, -5.200000000000002842, 1.000000000000000000 ) ) ;
#4228 = DIRECTION ( 'NONE',  ( 0.000000000000000000, 0.000000000000000000, -1.000000000000000000 ) ) ;
#4229 = CARTESIAN_POINT ( 'NONE',  ( -3.100000000000038725, -5.369357503463504599, 1.000000000000000000 ) ) ;
#4230 = LINE ( 'NONE', #5521, #7788 ) ;
#4231 = ORIENTED_EDGE ( 'NONE', *, *, #3182, .F. ) ;
#4232 = LINE ( 'NONE', #2827, #4772 ) ;
#4233 = ORIENTED_EDGE ( 'NONE', *, *, #4907, .F. ) ;
#4234 = ADVANCED_FACE ( 'NONE', ( #4586 ), #2603, .T. ) ;
#4235 = CARTESIAN_POINT ( 'NONE',  ( -8.033201514455356573, 5.215321326014949577, 2.286000000000000032 ) ) ;
#4236 = CARTESIAN_POINT ( 'NONE',  ( 1.045259589288522806, 5.400961894323343060, -1.000000000000000000 ) ) ;
#4237 = LINE ( 'NONE', #8411, #1783 ) ;
#4238 = ORIENTED_EDGE ( 'NONE', *, *, #6033, .F. ) ;
#4239 = ADVANCED_FACE ( 'NONE', ( #8039 ), #4013, .T. ) ;
#4240 = ORIENTED_EDGE ( 'NONE', *, *, #5868, .F. ) ;
#4241 = ORIENTED_EDGE ( 'NONE', *, *, #3625, .T. ) ;
#4242 = ADVANCED_FACE ( 'NONE', ( #188 ), #224, .T. ) ;
#4243 = DIRECTION ( 'NONE',  ( -0.9659258262890686453, -0.2588190451025194072, 0.000000000000000000 ) ) ;
#4244 = LINE ( 'NONE', #875, #1569 ) ;
#4245 = DIRECTION ( 'NONE',  ( 1.000000000000000000, 1.092739197465703710E-15, 0.000000000000000000 ) ) ;
#4246 = DIRECTION ( 'NONE',  ( 0.7071067811865482389, 0.7071067811865469066, -0.000000000000000000 ) ) ;
#4247 = DIRECTION ( 'NONE',  ( -0.2588190451025234595, 0.9659258262890675351, 0.000000000000000000 ) ) ;
#4248 = CARTESIAN_POINT ( 'NONE',  ( 1.795259589288523472, -5.200000000000002842, -1.000000000000000000 ) ) ;
#4249 = ORIENTED_EDGE ( 'NONE', *, *, #1607, .F. ) ;
#4250 = VECTOR ( 'NONE', #7256, 1000.000000000000114 ) ;
#4251 = ADVANCED_FACE ( 'NONE', ( #61 ), #6173, .F. ) ;
#4252 = ORIENTED_EDGE ( 'NONE', *, *, #2440, .T. ) ;
#4253 = EDGE_CURVE ( 'NONE', #4524, #3230, #4759, .T. ) ;
#4254 = VECTOR ( 'NONE', #938, 1000.000000000000000 ) ;
#4255 = AXIS2_PLACEMENT_3D ( 'NONE', #5967, #8685, #2611 ) ;
#4256 = ORIENTED_EDGE ( 'NONE', *, *, #4253, .T. ) ;
#4257 = DIRECTION ( 'NONE',  ( -0.000000000000000000, -0.000000000000000000, -1.000000000000000000 ) ) ;
#4258 = CARTESIAN_POINT ( 'NONE',  ( 22.82939620402573766, -1.863497014787714345, 2.286000000000000032 ) ) ;
#4259 = VECTOR ( 'NONE', #6565, 999.9999999999998863 ) ;
#4260 = FACE_OUTER_BOUND ( 'NONE', #473, .T. ) ;
#4261 = CARTESIAN_POINT ( 'NONE',  ( -19.53172414251771372, 10.69929592223052239, -1.000000000000000000 ) ) ;
#4262 = VERTEX_POINT ( 'NONE', #7589 ) ;
#4263 = LINE ( 'NONE', #6964, #4968 ) ;
#4264 = VECTOR ( 'NONE', #3779, 1000.000000000000000 ) ;
#4265 = CIRCLE ( 'NONE', #427, 3.175000000000000711 ) ;
#4266 = VECTOR ( 'NONE', #6195, 1000.000000000000114 ) ;
#4267 = ORIENTED_EDGE ( 'NONE', *, *, #3737, .F. ) ;
#4268 = ORIENTED_EDGE ( 'NONE', *, *, #2473, .F. ) ;
#4269 = ORIENTED_EDGE ( 'NONE', *, *, #7183, .T. ) ;
#4270 = EDGE_CURVE ( 'NONE', #4916, #871, #8206, .T. ) ;
#4271 = VERTEX_POINT ( 'NONE', #6837 ) ;
#4272 = VECTOR ( 'NONE', #7144, 999.9999999999998863 ) ;
#4273 = AXIS2_PLACEMENT_3D ( 'NONE', #1774, #4346, #1015 ) ;
#4274 = VECTOR ( 'NONE', #4064, 1000.000000000000114 ) ;
#4275 = LINE ( 'NONE', #235, #6355 ) ;
#4276 = LINE ( 'NONE', #7599, #6819 ) ;
#4277 = PLANE ( 'NONE',  #1743 ) ;
#4278 = ORIENTED_EDGE ( 'NONE', *, *, #3265, .F. ) ;
#4279 = LINE ( 'NONE', #3484, #7517 ) ;
#4280 = EDGE_CURVE ( 'NONE', #6234, #2077, #1555, .T. ) ;
#4281 = AXIS2_PLACEMENT_3D ( 'NONE', #4342, #8467, #3026 ) ;
#4282 = ORIENTED_EDGE ( 'NONE', *, *, #2577, .T. ) ;
#4283 = ADVANCED_FACE ( 'NONE', ( #6960 ), #97, .T. ) ;
#4284 = CARTESIAN_POINT ( 'NONE',  ( 6.349999999999987210, -3.654415587728429671, -3.049999999999999822 ) ) ;
#4285 = DIRECTION ( 'NONE',  ( 1.000000000000000000, 1.365923996832131609E-16, 0.000000000000000000 ) ) ;
#4286 = LINE ( 'NONE', #946, #5673 ) ;
#4287 = CYLINDRICAL_SURFACE ( 'NONE', #1372, 3.174999999999999822 ) ;
#4288 = ORIENTED_EDGE ( 'NONE', *, *, #4724, .T. ) ;
#4289 = EDGE_CURVE ( 'NONE', #5239, #8298, #887, .T. ) ;
#4290 = ORIENTED_EDGE ( 'NONE', *, *, #6326, .F. ) ;
#4291 = VECTOR ( 'NONE', #6786, 1000.000000000000114 ) ;
#4292 = ORIENTED_EDGE ( 'NONE', *, *, #6077, .F. ) ;
#4293 = CARTESIAN_POINT ( 'NONE',  ( 25.40000000000000568, 0.000000000000000000, 3.049999999999999822 ) ) ;
#4294 = DIRECTION ( 'NONE',  ( -0.000000000000000000, -0.000000000000000000, -1.000000000000000000 ) ) ;
#4295 = CARTESIAN_POINT ( 'NONE',  ( -9.815670711280013450, 3.867388201316154905, 2.286000000000000032 ) ) ;
#4296 = FACE_OUTER_BOUND ( 'NONE', #2620, .T. ) ;
#4297 = DIRECTION ( 'NONE',  ( -0.000000000000000000, -0.000000000000000000, -1.000000000000000000 ) ) ;
#4298 = ORIENTED_EDGE ( 'NONE', *, *, #8330, .T. ) ;
#4299 = EDGE_CURVE ( 'NONE', #6508, #7670, #6914, .T. ) ;
#4300 = ORIENTED_EDGE ( 'NONE', *, *, #1726, .T. ) ;
#4301 = VERTEX_POINT ( 'NONE', #4099 ) ;
#4302 = CARTESIAN_POINT ( 'NONE',  ( -12.51629722257085042, 13.94626355372112947, 2.286000000000000032 ) ) ;
#4303 = CARTESIAN_POINT ( 'NONE',  ( 25.40000000000000213, 5.200000000000001066, 2.286000000000000032 ) ) ;
#4304 = EDGE_CURVE ( 'NONE', #6712, #6375, #4844, .T. ) ;
#4305 = FACE_OUTER_BOUND ( 'NONE', #4027, .T. ) ;
#4306 = CARTESIAN_POINT ( 'NONE',  ( -12.41798804498026776, 14.32867207851428937, 3.050999999999999712 ) ) ;
#4307 = ORIENTED_EDGE ( 'NONE', *, *, #5344, .F. ) ;
#4308 = FACE_OUTER_BOUND ( 'NONE', #8190, .T. ) ;
#4309 = ADVANCED_FACE ( 'NONE', ( #4260 ), #3428, .F. ) ;
#4310 = VERTEX_POINT ( 'NONE', #6217 ) ;
#4311 = ORIENTED_EDGE ( 'NONE', *, *, #3445, .T. ) ;
#4312 = EDGE_LOOP ( 'NONE', ( #6402, #4438, #4268, #104, #4061, #249 ) ) ;
#4313 = CARTESIAN_POINT ( 'NONE',  ( 17.19289321881344890, -5.200000000000001066, 3.049999999999999822 ) ) ;
#4314 = EDGE_CURVE ( 'NONE', #8436, #3438, #4143, .T. ) ;
#4315 = CARTESIAN_POINT ( 'NONE',  ( 0.000000000000000000, 0.000000000000000000, 2.286000000000000032 ) ) ;
#4316 = DIRECTION ( 'NONE',  ( -1.000000000000000000, 0.000000000000000000, 0.000000000000000000 ) ) ;
#4317 = DIRECTION ( 'NONE',  ( -1.000000000000000000, 0.000000000000000000, 0.000000000000000000 ) ) ;
#4318 = ORIENTED_EDGE ( 'NONE', *, *, #2825, .F. ) ;
#4319 = CARTESIAN_POINT ( 'NONE',  ( 20.04423881554251352, -4.648654403270934488, -2.286000000000000032 ) ) ;
#4320 = EDGE_CURVE ( 'NONE', #1985, #2361, #4706, .T. ) ;
#4321 = ORIENTED_EDGE ( 'NONE', *, *, #3422, .T. ) ;
#4322 = DIRECTION ( 'NONE',  ( 0.9659258262890685343, 0.2588190451025197958, -0.000000000000000000 ) ) ;
#4323 = ORIENTED_EDGE ( 'NONE', *, *, #7413, .T. ) ;
#4324 = CARTESIAN_POINT ( 'NONE',  ( -9.552245033349360489E-16, -5.200000000000001954, -3.049999999999999822 ) ) ;
#4325 = DIRECTION ( 'NONE',  ( 0.000000000000000000, 0.000000000000000000, 1.000000000000000000 ) ) ;
#4326 = DIRECTION ( 'NONE',  ( 0.000000000000000000, 0.000000000000000000, 1.000000000000000000 ) ) ;
#4327 = EDGE_LOOP ( 'NONE', ( #8650, #3096, #6345, #8139 ) ) ;
#4328 = EDGE_CURVE ( 'NONE', #7441, #3732, #6140, .T. ) ;
#4329 = ORIENTED_EDGE ( 'NONE', *, *, #42, .T. ) ;
#4330 = AXIS2_PLACEMENT_3D ( 'NONE', #1938, #7867, #504 ) ;
#4331 = VERTEX_POINT ( 'NONE', #6876 ) ;
#4332 = DIRECTION ( 'NONE',  ( 0.000000000000000000, 0.000000000000000000, 1.000000000000000000 ) ) ;
#4333 = EDGE_CURVE ( 'NONE', #6908, #4009, #7463, .T. ) ;
#4334 = EDGE_CURVE ( 'NONE', #4391, #7715, #794, .T. ) ;
#4335 = CARTESIAN_POINT ( 'NONE',  ( 25.40000000000000213, 6.200000000000001066, -3.049999999999999822 ) ) ;
#4336 = DIRECTION ( 'NONE',  ( 0.000000000000000000, 0.000000000000000000, -1.000000000000000000 ) ) ;
#4337 = DIRECTION ( 'NONE',  ( -0.8660254037844385966, 0.5000000000000001110, 0.000000000000000000 ) ) ;
#4338 = CARTESIAN_POINT ( 'NONE',  ( -13.59039687746176206, 7.269069026406795864, -2.286000000000000032 ) ) ;
#4339 = AXIS2_PLACEMENT_3D ( 'NONE', #3893, #7353, #7918 ) ;
#4340 = ORIENTED_EDGE ( 'NONE', *, *, #3318, .T. ) ;
#4341 = VERTEX_POINT ( 'NONE', #136 ) ;
#4342 = CARTESIAN_POINT ( 'NONE',  ( 12.69999999999999929, 0.000000000000000000, -1.000000000000000000 ) ) ;
#4343 = DIRECTION ( 'NONE',  ( -0.7071067811865482389, -0.7071067811865469066, 0.000000000000000000 ) ) ;
#4344 = EDGE_CURVE ( 'NONE', #5129, #721, #2851, .T. ) ;
#4345 = CARTESIAN_POINT ( 'NONE',  ( 9.564617248245436798, 0.4999999999999991673, 2.286000000000000032 ) ) ;
#4346 = DIRECTION ( 'NONE',  ( 0.7071067811865474617, -0.7071067811865475727, 0.000000000000000000 ) ) ;
#4347 = CARTESIAN_POINT ( 'NONE',  ( -2.599999999999988098, -4.503332099679053790, -3.049999999999999822 ) ) ;
#4348 = ORIENTED_EDGE ( 'NONE', *, *, #7652, .T. ) ;
#4349 = CARTESIAN_POINT ( 'NONE',  ( 7.344238815542512455, -4.648654403270953139, -1.000000000000000000 ) ) ;
#4350 = EDGE_CURVE ( 'NONE', #3340, #7485, #6998, .T. ) ;
#4351 = ORIENTED_EDGE ( 'NONE', *, *, #8501, .F. ) ;
#4352 = EDGE_CURVE ( 'NONE', #4052, #3055, #5147, .T. ) ;
#4353 = ORIENTED_EDGE ( 'NONE', *, *, #4334, .T. ) ;
#4354 = ORIENTED_EDGE ( 'NONE', *, *, #4078, .T. ) ;
#4355 = CARTESIAN_POINT ( 'NONE',  ( -15.60232471059841153, 16.16714970959932884, 3.049999999999999822 ) ) ;
#4356 = AXIS2_PLACEMENT_3D ( 'NONE', #2221, #189, #795 ) ;
#4357 = CARTESIAN_POINT ( 'NONE',  ( 17.50441558772843820, 5.200000000000001066, -2.286000000000000032 ) ) ;
#4358 = CYLINDRICAL_SURFACE ( 'NONE', #3998, 6.200000000000003730 ) ;
#4359 = CARTESIAN_POINT ( 'NONE',  ( 9.894076404050974105, 14.79881681476246413, 1.000000000000000000 ) ) ;
#4360 = ORIENTED_EDGE ( 'NONE', *, *, #662, .F. ) ;
#4361 = PLANE ( 'NONE',  #1708 ) ;
#4362 = EDGE_CURVE ( 'NONE', #3123, #6663, #6471, .T. ) ;
#4363 = VECTOR ( 'NONE', #8612, 1000.000000000000114 ) ;
#4364 = ORIENTED_EDGE ( 'NONE', *, *, #6275, .F. ) ;
#4365 = CARTESIAN_POINT ( 'NONE',  ( 12.69999999999999929, 0.000000000000000000, 2.286000000000000032 ) ) ;
#4366 = EDGE_CURVE ( 'NONE', #2635, #7636, #7711, .T. ) ;
#4367 = CARTESIAN_POINT ( 'NONE',  ( -19.68314721541738166, 5.996266601124260021, 3.049999999999999822 ) ) ;
#4368 = DIRECTION ( 'NONE',  ( -0.000000000000000000, -0.000000000000000000, -1.000000000000000000 ) ) ;
#4369 = AXIS2_PLACEMENT_3D ( 'NONE', #6265, #6792, #2179 ) ;
#4370 = DIRECTION ( 'NONE',  ( -1.000000000000000000, 0.000000000000000000, 0.000000000000000000 ) ) ;
#4371 = ORIENTED_EDGE ( 'NONE', *, *, #7621, .F. ) ;
#4372 = AXIS2_PLACEMENT_3D ( 'NONE', #7943, #3163, #5807 ) ;
#4373 = ORIENTED_EDGE ( 'NONE', *, *, #495, .F. ) ;
#4374 = ORIENTED_EDGE ( 'NONE', *, *, #2088, .F. ) ;
#4375 = LINE ( 'NONE', #4424, #4011 ) ;
#4376 = ADVANCED_FACE ( 'NONE', ( #7041 ), #7843, .F. ) ;
#4377 = CARTESIAN_POINT ( 'NONE',  ( 17.91862915010151980, 6.200000000000000178, 3.049999999999999822 ) ) ;
#4378 = DIRECTION ( 'NONE',  ( 0.2588190451025189631, -0.9659258262890688673, 0.000000000000000000 ) ) ;
#4379 = CARTESIAN_POINT ( 'NONE',  ( 23.53650298521228379, 2.570603795974262251, -1.000000000000000000 ) ) ;
#4380 = FACE_OUTER_BOUND ( 'NONE', #991, .T. ) ;
#4381 = EDGE_LOOP ( 'NONE', ( #1759, #3174, #5668, #4676 ) ) ;
#4382 = ADVANCED_FACE ( 'NONE', ( #4305 ), #3674, .T. ) ;
#4383 = ORIENTED_EDGE ( 'NONE', *, *, #2431, .F. ) ;
#4384 = ORIENTED_EDGE ( 'NONE', *, *, #1338, .T. ) ;
#4385 = LINE ( 'NONE', #6467, #6545 ) ;
#4386 = CARTESIAN_POINT ( 'NONE',  ( 7.895584412271561270, -5.200000000000001954, 3.049999999999999822 ) ) ;
#4387 = DIRECTION ( 'NONE',  ( 0.7071067811865472397, -0.7071067811865479058, 0.000000000000000000 ) ) ;
#4388 = AXIS2_PLACEMENT_3D ( 'NONE', #1125, #3744, #5779 ) ;
#4389 = FACE_OUTER_BOUND ( 'NONE', #5866, .T. ) ;
#4390 = DIRECTION ( 'NONE',  ( -1.000000000000000000, 0.000000000000000000, 0.000000000000000000 ) ) ;
#4391 = VERTEX_POINT ( 'NONE', #3111 ) ;
#4392 = LINE ( 'NONE', #2453, #8223 ) ;
#4393 = VECTOR ( 'NONE', #3587, 1000.000000000000114 ) ;
#4394 = ORIENTED_EDGE ( 'NONE', *, *, #8536, .T. ) ;
#4395 = ORIENTED_EDGE ( 'NONE', *, *, #2896, .F. ) ;
#4396 = CARTESIAN_POINT ( 'NONE',  ( -19.39704525612473418, 17.20333209967908061, -3.049999999999999822 ) ) ;
#4397 = CARTESIAN_POINT ( 'NONE',  ( -17.48948229204563631, 4.093114509727668882, -1.000000000000000000 ) ) ;
#4398 = CARTESIAN_POINT ( 'NONE',  ( -7.326469107895388966, 0.01018326504134301966, 3.049999999999999822 ) ) ;
#4399 = DIRECTION ( 'NONE',  ( 1.000000000000000000, 0.000000000000000000, 0.000000000000000000 ) ) ;
#4400 = AXIS2_PLACEMENT_3D ( 'NONE', #2495, #6474, #314 ) ;
#4401 = VERTEX_POINT ( 'NONE', #4436 ) ;
#4402 = CARTESIAN_POINT ( 'NONE',  ( 3.220590477448732170, 1.380592707788779849, 1.000000000000000000 ) ) ;
#4403 = ADVANCED_FACE ( 'NONE', ( #2449 ), #4474, .T. ) ;
#4404 = AXIS2_PLACEMENT_3D ( 'NONE', #206, #4368, #903 ) ;
#4405 = ADVANCED_FACE ( 'NONE', ( #2395 ), #1681, .T. ) ;
#4406 = CIRCLE ( 'NONE', #4703, 3.175000000000000711 ) ;
#4407 = VECTOR ( 'NONE', #329, 1000.000000000000000 ) ;
#4408 = ORIENTED_EDGE ( 'NONE', *, *, #7455, .T. ) ;
#4409 = CIRCLE ( 'NONE', #3696, 3.175000000000000711 ) ;
#4410 = VECTOR ( 'NONE', #3356, 1000.000000000000000 ) ;
#4411 = CARTESIAN_POINT ( 'NONE',  ( -21.99704525612473915, 12.70000000000000462, -2.286000000000000032 ) ) ;
#4412 = ORIENTED_EDGE ( 'NONE', *, *, #762, .T. ) ;
#4413 = LINE ( 'NONE', #7692, #3137 ) ;
#4414 = CARTESIAN_POINT ( 'NONE',  ( 19.58033008588990143, 5.112563132923546583, 2.286000000000000032 ) ) ;
#4415 = CARTESIAN_POINT ( 'NONE',  ( 25.40000000000000213, 5.200000000000001066, -2.286000000000000032 ) ) ;
#4416 = CARTESIAN_POINT ( 'NONE',  ( -12.29298231104691652, 9.249137652669766396, 1.000000000000000000 ) ) ;
#4417 = DIRECTION ( 'NONE',  ( 0.7071067811865475727, 0.7071067811865474617, 0.000000000000000000 ) ) ;
#4418 = AXIS2_PLACEMENT_3D ( 'NONE', #885, #1055, #3763 ) ;
#4419 = ORIENTED_EDGE ( 'NONE', *, *, #5259, .T. ) ;
#4420 = VERTEX_POINT ( 'NONE', #432 ) ;
#4421 = VERTEX_POINT ( 'NONE', #6514 ) ;
#4422 = ORIENTED_EDGE ( 'NONE', *, *, #3826, .T. ) ;
#4423 = VECTOR ( 'NONE', #5536, 1000.000000000000000 ) ;
#4424 = CARTESIAN_POINT ( 'NONE',  ( 1.795259589288523472, 0.4999999999999987232, 1.000000000000000000 ) ) ;
#4425 = FACE_OUTER_BOUND ( 'NONE', #351, .T. ) ;
#4426 = LINE ( 'NONE', #8460, #666 ) ;
#4427 = CARTESIAN_POINT ( 'NONE',  ( 6.349999999999987210, -3.654415587728429671, 3.049999999999999822 ) ) ;
#4428 = DIRECTION ( 'NONE',  ( 1.000000000000000000, 0.000000000000000000, 0.000000000000000000 ) ) ;
#4429 = AXIS2_PLACEMENT_3D ( 'NONE', #7323, #1248, #6652 ) ;
#4430 = VECTOR ( 'NONE', #5396, 1000.000000000000000 ) ;
#4431 = ORIENTED_EDGE ( 'NONE', *, *, #4024, .F. ) ;
#4432 = ORIENTED_EDGE ( 'NONE', *, *, #1842, .T. ) ;
#4433 = CARTESIAN_POINT ( 'NONE',  ( 8.207106781186547906, 5.200000000000001066, 2.286000000000000032 ) ) ;
#4434 = DIRECTION ( 'NONE',  ( -0.000000000000000000, -0.000000000000000000, -1.000000000000000000 ) ) ;
#4435 = DIRECTION ( 'NONE',  ( -1.000000000000000000, 0.000000000000000000, 0.000000000000000000 ) ) ;
#4436 = CARTESIAN_POINT ( 'NONE',  ( 23.53650298521228379, 2.570603795974261807, 1.000000000000000000 ) ) ;
#4437 = CARTESIAN_POINT ( 'NONE',  ( 20.90710678118654542, -5.200000000000001066, 3.049999999999999822 ) ) ;
#4438 = ORIENTED_EDGE ( 'NONE', *, *, #1393, .F. ) ;
#4439 = CARTESIAN_POINT ( 'NONE',  ( -18.61798804498027948, 3.589957071587262405, 3.050999999999999712 ) ) ;
#4440 = CARTESIAN_POINT ( 'NONE',  ( 3.544076404050987783, 8.448816814762466265, 1.000000000000000000 ) ) ;
#4441 = ADVANCED_FACE ( 'NONE', ( #6431 ), #5803, .T. ) ;
#4442 = VERTEX_POINT ( 'NONE', #5631 ) ;
#4443 = ORIENTED_EDGE ( 'NONE', *, *, #8205, .F. ) ;
#4444 = LINE ( 'NONE', #3167, #4272 ) ;
#4445 = EDGE_CURVE ( 'NONE', #6582, #7162, #8337, .T. ) ;
#4446 = DIRECTION ( 'NONE',  ( -0.7071067811865474617, -0.7071067811865476838, 0.000000000000000000 ) ) ;
#4447 = CARTESIAN_POINT ( 'NONE',  ( 1.863497014787710127, -2.570603795974263583, 2.286000000000000032 ) ) ;
#4448 = VERTEX_POINT ( 'NONE', #5095 ) ;
#4449 = LINE ( 'NONE', #8578, #4549 ) ;
#4450 = VERTEX_POINT ( 'NONE', #1603 ) ;
#4451 = LINE ( 'NONE', #7727, #580 ) ;
#4452 = ORIENTED_EDGE ( 'NONE', *, *, #2108, .F. ) ;
#4453 = DIRECTION ( 'NONE',  ( 0.000000000000000000, 0.000000000000000000, 1.000000000000000000 ) ) ;
#4454 = FACE_OUTER_BOUND ( 'NONE', #8670, .T. ) ;
#4455 = EDGE_CURVE ( 'NONE', #1387, #178, #5418, .T. ) ;
#4456 = CARTESIAN_POINT ( 'NONE',  ( 3.479409522551250245, 0.4146668814997067076, 1.000000000000000000 ) ) ;
#4457 = CARTESIAN_POINT ( 'NONE',  ( -9.552245033349360489E-16, -5.200000000000001954, 3.049999999999999822 ) ) ;
#4458 = CARTESIAN_POINT ( 'NONE',  ( 20.04423881554251352, -4.648654403270934488, 3.049999999999999822 ) ) ;
#4459 = EDGE_LOOP ( 'NONE', ( #6118, #8442, #5046, #1651, #7595, #3395 ) ) ;
#4460 = EDGE_LOOP ( 'NONE', ( #4821, #2846, #829, #2811 ) ) ;
#4461 = ORIENTED_EDGE ( 'NONE', *, *, #3711, .T. ) ;
#4462 = LINE ( 'NONE', #1762, #5273 ) ;
#4463 = DIRECTION ( 'NONE',  ( 1.000000000000000000, 0.000000000000000000, -0.000000000000000000 ) ) ;
#4464 = LINE ( 'NONE', #1805, #2517 ) ;
#4465 = CARTESIAN_POINT ( 'NONE',  ( -12.18137454484471149, 8.832611798683867477, 2.286000000000000032 ) ) ;
#4466 = LINE ( 'NONE', #4338, #4029 ) ;
#4467 = EDGE_CURVE ( 'NONE', #8446, #883, #8429, .T. ) ;
#4468 = ORIENTED_EDGE ( 'NONE', *, *, #5353, .T. ) ;
#4469 = DIRECTION ( 'NONE',  ( 1.000000000000000000, 6.217248937900876626E-15, 0.000000000000000000 ) ) ;
#4470 = CARTESIAN_POINT ( 'NONE',  ( -9.552245033349328934E-16, -5.199999999999985967, -3.049999999999999822 ) ) ;
#4471 = DIRECTION ( 'NONE',  ( -1.000000000000000000, 0.000000000000000000, 0.000000000000000000 ) ) ;
#4472 = EDGE_CURVE ( 'NONE', #2244, #708, #2979, .T. ) ;
#4473 = CIRCLE ( 'NONE', #653, 2.100000000000000977 ) ;
#4474 = PLANE ( 'NONE',  #5987 ) ;
#4475 = PLANE ( 'NONE',  #7343 ) ;
#4476 = VERTEX_POINT ( 'NONE', #1059 ) ;
#4477 = FACE_OUTER_BOUND ( 'NONE', #1492, .T. ) ;
#4478 = DIRECTION ( 'NONE',  ( 0.9659258262890686453, 0.2588190451025195182, -0.000000000000000000 ) ) ;
#4479 = VECTOR ( 'NONE', #5999, 1000.000000000000000 ) ;
#4480 = ORIENTED_EDGE ( 'NONE', *, *, #5943, .F. ) ;
#4481 = ORIENTED_EDGE ( 'NONE', *, *, #3981, .F. ) ;
#4482 = CARTESIAN_POINT ( 'NONE',  ( 15.83538275175456000, -0.5000000000000002220, -1.000000000000000000 ) ) ;
#4483 = EDGE_CURVE ( 'NONE', #4665, #7636, #5052, .T. ) ;
#4484 = FACE_OUTER_BOUND ( 'NONE', #4530, .T. ) ;
#4485 = PERSON_AND_ORGANIZATION_ROLE ( 'design_owner' ) ;
#4486 = DIRECTION ( 'NONE',  ( 0.2588190451025198513, -0.9659258262890686453, 0.000000000000000000 ) ) ;
#4487 = ORIENTED_EDGE ( 'NONE', *, *, #1455, .F. ) ;
#4488 = LINE ( 'NONE', #7055, #7235 ) ;
#4489 = AXIS2_PLACEMENT_3D ( 'NONE', #1196, #6648, #8062 ) ;
#4490 = ADVANCED_FACE ( 'NONE', ( #4389 ), #7087, .T. ) ;
#4491 = ADVANCED_FACE ( 'NONE', ( #2492 ), #6745, .T. ) ;
#4492 = ORIENTED_EDGE ( 'NONE', *, *, #6477, .T. ) ;
#4493 = CIRCLE ( 'NONE', #8309, 3.175000000000000711 ) ;
#4494 = CARTESIAN_POINT ( 'NONE',  ( -1.304740410711484166, 1.330642496536485364, 1.000000000000000000 ) ) ;
#4495 = ORIENTED_EDGE ( 'NONE', *, *, #7197, .T. ) ;
#4496 = DIRECTION ( 'NONE',  ( -0.000000000000000000, -0.000000000000000000, -1.000000000000000000 ) ) ;
#4497 = LINE ( 'NONE', #7201, #3148 ) ;
#4498 = CARTESIAN_POINT ( 'NONE',  ( 23.13431429180943510, -1.558578927004019343, 12.74539167476553381 ) ) ;
#4499 = DIRECTION ( 'NONE',  ( -0.2588190451025198513, 0.9659258262890686453, 0.000000000000000000 ) ) ;
#4500 = VECTOR ( 'NONE', #7430, 1000.000000000000000 ) ;
#4501 = EDGE_CURVE ( 'NONE', #3123, #937, #168, .T. ) ;
#4502 = VERTEX_POINT ( 'NONE', #8611 ) ;
#4503 = VERTEX_POINT ( 'NONE', #623 ) ;
#4504 = VERTEX_POINT ( 'NONE', #1914 ) ;
#4505 = VECTOR ( 'NONE', #1218, 1000.000000000000000 ) ;
#4506 = DIRECTION ( 'NONE',  ( 0.000000000000000000, 0.000000000000000000, 1.000000000000000000 ) ) ;
#4507 = DIRECTION ( 'NONE',  ( -1.000000000000000000, 0.000000000000000000, 0.000000000000000000 ) ) ;
#4508 = FACE_OUTER_BOUND ( 'NONE', #5440, .T. ) ;
#4509 = DIRECTION ( 'NONE',  ( -1.000000000000000000, 0.000000000000000000, 0.000000000000000000 ) ) ;
#4510 = DIRECTION ( 'NONE',  ( 0.2588190451025202954, -0.9659258262890684232, 0.000000000000000000 ) ) ;
#4511 = ADVANCED_FACE ( 'NONE', ( #1957 ), #5854, .T. ) ;
#4512 = VECTOR ( 'NONE', #3480, 1000.000000000000000 ) ;
#4513 = ADVANCED_FACE ( 'NONE', ( #3953 ), #2590, .T. ) ;
#4514 = ORIENTED_EDGE ( 'NONE', *, *, #4945, .F. ) ;
#4515 = ORIENTED_EDGE ( 'NONE', *, *, #199, .F. ) ;
#4516 = ORIENTED_EDGE ( 'NONE', *, *, #2980, .F. ) ;
#4517 = CARTESIAN_POINT ( 'NONE',  ( 3.544076404050988671, 8.448816814762466265, -1.000000000000000000 ) ) ;
#4518 = CARTESIAN_POINT ( 'NONE',  ( 12.69999999999999929, 0.000000000000000000, 1.000000000000000000 ) ) ;
#4519 = DIRECTION ( 'NONE',  ( 0.000000000000000000, 0.000000000000000000, 1.000000000000000000 ) ) ;
#4520 = LINE ( 'NONE', #1155, #4479 ) ;
#4521 = CARTESIAN_POINT ( 'NONE',  ( -8.515910829378503522, 7.532851916782371759, 12.72085538888886802 ) ) ;
#4522 = DIRECTION ( 'NONE',  ( -1.000000000000000000, -3.414809992080329023E-17, 0.000000000000000000 ) ) ;
#4523 = CARTESIAN_POINT ( 'NONE',  ( 22.26461724824543964, -0.5000000000000000000, -2.286000000000000032 ) ) ;
#4524 = VERTEX_POINT ( 'NONE', #3298 ) ;
#4525 = FACE_OUTER_BOUND ( 'NONE', #1223, .T. ) ;
#4526 = EDGE_CURVE ( 'NONE', #6068, #5753, #3864, .T. ) ;
#4527 = CARTESIAN_POINT ( 'NONE',  ( -1.290959663983276773, 6.749778709085803463, -2.286000000000000032 ) ) ;
#4528 = EDGE_CURVE ( 'NONE', #8640, #4476, #5946, .T. ) ;
#4529 = ORIENTED_EDGE ( 'NONE', *, *, #6841, .T. ) ;
#4530 = EDGE_LOOP ( 'NONE', ( #2790, #4529, #6365, #4879, #554, #5397 ) ) ;
#4531 = DIRECTION ( 'NONE',  ( -0.000000000000000000, -0.000000000000000000, -1.000000000000000000 ) ) ;
#4532 = AXIS2_PLACEMENT_3D ( 'NONE', #8583, #4453, #7154 ) ;
#4533 = LINE ( 'NONE', #1925, #7760 ) ;
#4534 = DIRECTION ( 'NONE',  ( 0.9659258262890686453, 0.2588190451025198513, 0.000000000000000000 ) ) ;
#4535 = ORIENTED_EDGE ( 'NONE', *, *, #6757, .T. ) ;
#4536 = LINE ( 'NONE', #8534, #4264 ) ;
#4537 = AXIS2_PLACEMENT_3D ( 'NONE', #6303, #2093, #2938 ) ;
#4538 = ORIENTED_EDGE ( 'NONE', *, *, #2238, .F. ) ;
#4539 = CARTESIAN_POINT ( 'NONE',  ( 1.795259589288523250, 6.700000000000001066, 1.000000000000000000 ) ) ;
#4540 = ORIENTED_EDGE ( 'NONE', *, *, #4871, .F. ) ;
#4541 = VECTOR ( 'NONE', #2339, 1000.000000000000000 ) ;
#4542 = VECTOR ( 'NONE', #2509, 1000.000000000000114 ) ;
#4543 = PLANE ( 'NONE',  #8211 ) ;
#4544 = VECTOR ( 'NONE', #4507, 1000.000000000000000 ) ;
#4545 = CARTESIAN_POINT ( 'NONE',  ( 1.795259589288523250, 5.200000000000001066, 1.000000000000000000 ) ) ;
#4546 = CARTESIAN_POINT ( 'NONE',  ( -2.599999999999988098, -4.503332099679053790, 3.049999999999999822 ) ) ;
#4547 = CARTESIAN_POINT ( 'NONE',  ( -24.09704525612474058, 12.70000000000000462, -2.286000000000000032 ) ) ;
#4548 = EDGE_CURVE ( 'NONE', #3545, #706, #3249, .T. ) ;
#4549 = VECTOR ( 'NONE', #5025, 1000.000000000000000 ) ;
#4550 = VECTOR ( 'NONE', #3662, 1000.000000000000000 ) ;
#4551 = ADVANCED_FACE ( 'NONE', ( #481 ), #5899, .T. ) ;
#4552 = LOCAL_TIME ( 14, 14, 57.00000000000000000, #491 ) ;
#4553 = VERTEX_POINT ( 'NONE', #2636 ) ;
#4554 = ORIENTED_EDGE ( 'NONE', *, *, #8404, .F. ) ;
#4555 = CARTESIAN_POINT ( 'NONE',  ( 1.045259589288522806, 5.400961894323343060, 1.000000000000000000 ) ) ;
#4556 = ORIENTED_EDGE ( 'NONE', *, *, #7416, .F. ) ;
#4557 = DIRECTION ( 'NONE',  ( 1.000000000000000000, 3.414809992080329023E-17, -0.000000000000000000 ) ) ;
#4558 = DIRECTION ( 'NONE',  ( 0.000000000000000000, 0.000000000000000000, 1.000000000000000000 ) ) ;
#4559 = VECTOR ( 'NONE', #926, 1000.000000000000000 ) ;
#4560 = VECTOR ( 'NONE', #8263, 1000.000000000000000 ) ;
#4561 = AXIS2_PLACEMENT_3D ( 'NONE', #8282, #2718, #786 ) ;
#4562 = CARTESIAN_POINT ( 'NONE',  ( -21.66851139942923155, 9.542043302227725121, 1.000000000000000000 ) ) ;
#4563 = DIRECTION ( 'NONE',  ( 1.000000000000000000, 0.000000000000000000, 0.000000000000000000 ) ) ;
#4564 = DIRECTION ( 'NONE',  ( 1.000000000000000000, 0.000000000000000000, 0.000000000000000000 ) ) ;
#4565 = ORIENTED_EDGE ( 'NONE', *, *, #2742, .T. ) ;
#4566 = CIRCLE ( 'NONE', #739, 3.174999999999999822 ) ;
#4567 = ORIENTED_EDGE ( 'NONE', *, *, #6043, .T. ) ;
#4568 = VERTEX_POINT ( 'NONE', #2540 ) ;
#4569 = DIRECTION ( 'NONE',  ( 0.000000000000000000, 0.000000000000000000, -1.000000000000000000 ) ) ;
#4570 = DIRECTION ( 'NONE',  ( -0.8660254037844385966, 0.5000000000000001110, 0.000000000000000000 ) ) ;
#4571 = PLANE ( 'NONE',  #7520 ) ;
#4572 = DIRECTION ( 'NONE',  ( 0.7071067811865482389, -0.7071067811865469066, 0.000000000000000000 ) ) ;
#4573 = VERTEX_POINT ( 'NONE', #5240 ) ;
#4574 = DIRECTION ( 'NONE',  ( -0.7071067811865474617, -0.7071067811865476838, -0.000000000000000000 ) ) ;
#4575 = EDGE_CURVE ( 'NONE', #2333, #8287, #7419, .T. ) ;
#4576 = DIRECTION ( 'NONE',  ( 1.000000000000000000, 0.000000000000000000, -0.000000000000000000 ) ) ;
#4577 = CARTESIAN_POINT ( 'NONE',  ( 17.91862915010151980, -6.200000000000001954, 3.049999999999999822 ) ) ;
#4578 = ORIENTED_EDGE ( 'NONE', *, *, #6464, .T. ) ;
#4579 = AXIS2_PLACEMENT_3D ( 'NONE', #4083, #2044, #50 ) ;
#4580 = DIRECTION ( 'NONE',  ( -0.000000000000000000, -0.000000000000000000, -1.000000000000000000 ) ) ;
#4581 = LINE ( 'NONE', #7806, #7914 ) ;
#4582 = ORIENTED_EDGE ( 'NONE', *, *, #8315, .F. ) ;
#4583 = ORIENTED_EDGE ( 'NONE', *, *, #8044, .T. ) ;
#4584 = EDGE_CURVE ( 'NONE', #507, #8734, #6705, .T. ) ;
#4585 = DIRECTION ( 'NONE',  ( 0.7071067811865477948, 0.7071067811865473507, 0.000000000000000000 ) ) ;
#4586 = FACE_OUTER_BOUND ( 'NONE', #2101, .T. ) ;
#4587 =( LENGTH_UNIT ( ) NAMED_UNIT ( * ) SI_UNIT ( .MILLI., .METRE. ) );
#4588 = DIRECTION ( 'NONE',  ( 1.000000000000000000, 0.000000000000000000, 0.000000000000000000 ) ) ;
#4589 = ORIENTED_EDGE ( 'NONE', *, *, #4068, .T. ) ;
#4590 = LINE ( 'NONE', #1220, #7659 ) ;
#4591 = ORIENTED_EDGE ( 'NONE', *, *, #3446, .F. ) ;
#4592 = ADVANCED_FACE ( 'NONE', ( #4712 ), #1817, .T. ) ;
#4593 = DIRECTION ( 'NONE',  ( -0.7071067811865503483, 0.7071067811865446862, 0.000000000000000000 ) ) ;
#4594 = VERTEX_POINT ( 'NONE', #7229 ) ;
#4595 = DIRECTION ( 'NONE',  ( 1.000000000000000000, 0.000000000000000000, 0.000000000000000000 ) ) ;
#4596 = LINE ( 'NONE', #4639, #7391 ) ;
#4597 = EDGE_CURVE ( 'NONE', #8446, #7470, #7667, .T. ) ;
#4598 = CARTESIAN_POINT ( 'NONE',  ( -17.75926857737314535, 4.248875694185175966, 3.049999999999999822 ) ) ;
#4599 = DIRECTION ( 'NONE',  ( 1.000000000000000000, 0.000000000000000000, 0.000000000000000000 ) ) ;
#4600 = AXIS2_PLACEMENT_3D ( 'NONE', #7329, #8030, #6706 ) ;
#4601 = ORIENTED_EDGE ( 'NONE', *, *, #4175, .T. ) ;
#4602 = ORIENTED_EDGE ( 'NONE', *, *, #2262, .T. ) ;
#4603 = DIRECTION ( 'NONE',  ( 0.000000000000000000, 0.000000000000000000, 1.000000000000000000 ) ) ;
#4604 = ORIENTED_EDGE ( 'NONE', *, *, #1767, .F. ) ;
#4605 = LINE ( 'NONE', #2430, #7955 ) ;
#4606 = DIRECTION ( 'NONE',  ( 0.7071067811865474617, 0.7071067811865476838, -0.000000000000000000 ) ) ;
#4607 = EDGE_CURVE ( 'NONE', #4612, #4801, #7988, .T. ) ;
#4608 = DIRECTION ( 'NONE',  ( 1.000000000000000000, 0.000000000000000000, -0.000000000000000000 ) ) ;
#4609 = PLANE ( 'NONE',  #1699 ) ;
#4610 = ORIENTED_EDGE ( 'NONE', *, *, #5877, .F. ) ;
#4611 = EDGE_CURVE ( 'NONE', #4665, #2818, #7285, .T. ) ;
#4612 = VERTEX_POINT ( 'NONE', #6614 ) ;
#4613 = CARTESIAN_POINT ( 'NONE',  ( -25.09704525612470150, 7.330642496536643904, 3.049999999999999822 ) ) ;
#4614 = DIRECTION ( 'NONE',  ( 0.7071067811865481278, -0.7071067811865470176, 0.000000000000000000 ) ) ;
#4615 = CARTESIAN_POINT ( 'NONE',  ( 14.25857892700401663, -2.265685708190569692, -2.286000000000000032 ) ) ;
#4616 = DIRECTION ( 'NONE',  ( -1.000000000000000000, -3.414809992080329023E-17, 0.000000000000000000 ) ) ;
#4617 = CARTESIAN_POINT ( 'NONE',  ( -9.707562964079100354, -0.3997787090857622405, -2.286000000000000032 ) ) ;
#4618 = CARTESIAN_POINT ( 'NONE',  ( -9.552245033349360489E-16, -5.200000000000001954, -2.286000000000000032 ) ) ;
#4619 = PLANE ( 'NONE',  #7350 ) ;
#4620 = LINE ( 'NONE', #7287, #5592 ) ;
#4621 = ORIENTED_EDGE ( 'NONE', *, *, #7583, .F. ) ;
#4622 = CYLINDRICAL_SURFACE ( 'NONE', #2596, 3.174999999999999822 ) ;
#4623 = CARTESIAN_POINT ( 'NONE',  ( -20.70258557314016201, 9.800862347330250302, 2.286000000000000032 ) ) ;
#4624 = ORIENTED_EDGE ( 'NONE', *, *, #5027, .F. ) ;
#4625 = ORIENTED_EDGE ( 'NONE', *, *, #6209, .T. ) ;
#4626 = FACE_OUTER_BOUND ( 'NONE', #8737, .T. ) ;
#4627 = AXIS2_PLACEMENT_3D ( 'NONE', #8109, #4740, #7447 ) ;
#4628 = DIRECTION ( 'NONE',  ( -0.000000000000000000, -0.000000000000000000, -1.000000000000000000 ) ) ;
#4629 = DATE_AND_TIME ( #7854, #2598 ) ;
#4630 = FACE_OUTER_BOUND ( 'NONE', #1357, .T. ) ;
#4631 = DIRECTION ( 'NONE',  ( 0.000000000000000000, 0.000000000000000000, 1.000000000000000000 ) ) ;
#4632 = EDGE_CURVE ( 'NONE', #6622, #4972, #527, .T. ) ;
#4633 = EDGE_CURVE ( 'NONE', #2659, #5839, #7542, .T. ) ;
#4634 = VERTEX_POINT ( 'NONE', #1506 ) ;
#4635 = CARTESIAN_POINT ( 'NONE',  ( -21.66851139942923155, 9.542043302227726898, 2.286000000000000032 ) ) ;
#4636 = ORIENTED_EDGE ( 'NONE', *, *, #1389, .T. ) ;
#4637 = DIRECTION ( 'NONE',  ( 0.000000000000000000, 0.000000000000000000, 1.000000000000000000 ) ) ;
#4638 = VECTOR ( 'NONE', #7258, 1000.000000000000000 ) ;
#4639 = CARTESIAN_POINT ( 'NONE',  ( -1.804740410711484166, 0.4646170927520478777, -1.000000000000000000 ) ) ;
#4640 = DIRECTION ( 'NONE',  ( -0.000000000000000000, -0.000000000000000000, -1.000000000000000000 ) ) ;
#4641 = VERTEX_POINT ( 'NONE', #1385 ) ;
#4642 = CARTESIAN_POINT ( 'NONE',  ( 1.795259589288523250, 5.200000000000001066, -1.000000000000000000 ) ) ;
#4643 = EDGE_CURVE ( 'NONE', #1277, #1149, #1420, .T. ) ;
#4644 = AXIS2_PLACEMENT_3D ( 'NONE', #3940, #7273, #7168 ) ;
#4645 = EDGE_CURVE ( 'NONE', #1523, #3073, #2085, .T. ) ;
#4646 = ORIENTED_EDGE ( 'NONE', *, *, #2850, .F. ) ;
#4647 = ORIENTED_EDGE ( 'NONE', *, *, #5151, .F. ) ;
#4648 = CYLINDRICAL_SURFACE ( 'NONE', #230, 5.199999999999985967 ) ;
#4649 = ORIENTED_EDGE ( 'NONE', *, *, #7331, .T. ) ;
#4650 = CARTESIAN_POINT ( 'NONE',  ( 1.795259589288522584, 0.4999999999999995559, 1.000000000000000000 ) ) ;
#4651 = CARTESIAN_POINT ( 'NONE',  ( -6.760745949310764225, -2.101124305814833448, 3.049999999999999822 ) ) ;
#4652 = FACE_OUTER_BOUND ( 'NONE', #6279, .T. ) ;
#4653 = DIRECTION ( 'NONE',  ( 0.000000000000000000, 0.000000000000000000, 1.000000000000000000 ) ) ;
#4654 = VERTEX_POINT ( 'NONE', #4209 ) ;
#4655 = ADVANCED_FACE ( 'NONE', ( #4088 ), #2762, .T. ) ;
#4656 = ORIENTED_EDGE ( 'NONE', *, *, #8055, .T. ) ;
#4657 = CARTESIAN_POINT ( 'NONE',  ( 15.27060379597425843, 1.863497014787719230, -2.286000000000000032 ) ) ;
#4658 = DIRECTION ( 'NONE',  ( 0.9659258262890678681, 0.2588190451025225158, 0.000000000000000000 ) ) ;
#4659 = DIRECTION ( 'NONE',  ( 1.000000000000000000, 0.000000000000000000, 0.000000000000000000 ) ) ;
#4660 = EDGE_LOOP ( 'NONE', ( #315, #6297, #1810, #7861, #6378, #3551 ) ) ;
#4661 = DIRECTION ( 'NONE',  ( 0.000000000000000000, 0.000000000000000000, 1.000000000000000000 ) ) ;
#4662 = LINE ( 'NONE', #5241, #6344 ) ;
#4663 = VECTOR ( 'NONE', #2647, 1000.000000000000000 ) ;
#4664 = CARTESIAN_POINT ( 'NONE',  ( 1.863497014787713235, 2.570603795974261363, -2.286000000000000032 ) ) ;
#4665 = VERTEX_POINT ( 'NONE', #175 ) ;
#4666 = CARTESIAN_POINT ( 'NONE',  ( -0.8051964415939883990, 16.40503403010248107, 1.000000000000000000 ) ) ;
#4667 = ADVANCED_FACE ( 'NONE', ( #5543 ), #8196, .F. ) ;
#4668 = FACE_OUTER_BOUND ( 'NONE', #555, .T. ) ;
#4669 = EDGE_CURVE ( 'NONE', #3915, #6457, #6206, .T. ) ;
#4670 = ORIENTED_EDGE ( 'NONE', *, *, #6607, .F. ) ;
#4671 = VECTOR ( 'NONE', #7456, 1000.000000000000000 ) ;
#4672 = EDGE_LOOP ( 'NONE', ( #7554, #4971, #6290, #5477, #583, #4624, #4111 ) ) ;
#4673 = DIRECTION ( 'NONE',  ( -0.000000000000000000, -0.000000000000000000, -1.000000000000000000 ) ) ;
#4674 = CARTESIAN_POINT ( 'NONE',  ( -14.15647932583464907, 6.021466143304517793, 1.000000000000000000 ) ) ;
#4675 = LINE ( 'NONE', #6717, #6902 ) ;
#4676 = ORIENTED_EDGE ( 'NONE', *, *, #906, .F. ) ;
#4677 = DIRECTION ( 'NONE',  ( -0.000000000000000000, -0.000000000000000000, -1.000000000000000000 ) ) ;
#4678 = EDGE_LOOP ( 'NONE', ( #1235, #4763, #7059, #635 ) ) ;
#4679 = CARTESIAN_POINT ( 'NONE',  ( 1.795259589288523250, 6.700000000000001066, 1.000000000000000000 ) ) ;
#4680 = VERTEX_POINT ( 'NONE', #6867 ) ;
#4681 = FACE_OUTER_BOUND ( 'NONE', #3407, .T. ) ;
#4682 = LINE ( 'NONE', #2821, #3294 ) ;
#4683 = PLANE ( 'NONE',  #1000 ) ;
#4684 = ORIENTED_EDGE ( 'NONE', *, *, #8367, .T. ) ;
#4685 = DIRECTION ( 'NONE',  ( -0.7071067811865469066, 0.7071067811865482389, 0.000000000000000000 ) ) ;
#4686 = AXIS2_PLACEMENT_3D ( 'NONE', #6799, #4063, #1271 ) ;
#4687 = CIRCLE ( 'NONE', #849, 3.175000000000000711 ) ;
#4688 = VECTOR ( 'NONE', #5163, 1000.000000000000000 ) ;
#4689 = VERTEX_POINT ( 'NONE', #5589 ) ;
#4690 = EDGE_LOOP ( 'NONE', ( #6834, #6000, #5309, #4610 ) ) ;
#4691 = VECTOR ( 'NONE', #7577, 1000.000000000000000 ) ;
#4692 = DIRECTION ( 'NONE',  ( -0.7071067811865481278, -0.7071067811865470176, 0.000000000000000000 ) ) ;
#4693 = DIRECTION ( 'NONE',  ( 0.8660254037844379305, -0.5000000000000011102, 0.000000000000000000 ) ) ;
#4694 = LINE ( 'NONE', #7314, #3841 ) ;
#4695 = DIRECTION ( 'NONE',  ( 0.8660254037844385966, -0.5000000000000000000, 0.000000000000000000 ) ) ;
#4696 = CARTESIAN_POINT ( 'NONE',  ( 20.04423881554251352, 4.648654403270934488, -2.286000000000000032 ) ) ;
#4697 = AXIS2_PLACEMENT_3D ( 'NONE', #2690, #5352, #7432 ) ;
#4698 = AXIS2_PLACEMENT_3D ( 'NONE', #5487, #7569, #8226 ) ;
#4699 = ORIENTED_EDGE ( 'NONE', *, *, #7359, .F. ) ;
#4700 = AXIS2_PLACEMENT_3D ( 'NONE', #2704, #1409, #4738 ) ;
#4701 = VECTOR ( 'NONE', #988, 1000.000000000000114 ) ;
#4702 = ORIENTED_EDGE ( 'NONE', *, *, #4877, .F. ) ;
#4703 = AXIS2_PLACEMENT_3D ( 'NONE', #971, #1736, #3770 ) ;
#4704 = CIRCLE ( 'NONE', #732, 5.199999999999985967 ) ;
#4705 = FACE_OUTER_BOUND ( 'NONE', #7172, .T. ) ;
#4706 = CIRCLE ( 'NONE', #7933, 3.175000000000000711 ) ;
#4707 = DIRECTION ( 'NONE',  ( 0.7071067811865474617, 0.7071067811865476838, -0.000000000000000000 ) ) ;
#4708 = EDGE_CURVE ( 'NONE', #3467, #3118, #701, .T. ) ;
#4709 = CC_DESIGN_APPROVAL ( #5202, ( #1721 ) ) ;
#4710 = FACE_OUTER_BOUND ( 'NONE', #6346, .T. ) ;
#4711 = ORIENTED_EDGE ( 'NONE', *, *, #5578, .F. ) ;
#4712 = FACE_OUTER_BOUND ( 'NONE', #7680, .T. ) ;
#4713 = PLANE ( 'NONE',  #7974 ) ;
#4714 = DIRECTION ( 'NONE',  ( -0.8660254037844385966, 0.5000000000000001110, 0.000000000000000000 ) ) ;
#4715 = VECTOR ( 'NONE', #3067, 1000.000000000000114 ) ;
#4716 = ORIENTED_EDGE ( 'NONE', *, *, #140, .F. ) ;
#4717 = ORIENTED_EDGE ( 'NONE', *, *, #7887, .F. ) ;
#4718 = DIRECTION ( 'NONE',  ( -0.8660254037844385966, 0.5000000000000001110, 0.000000000000000000 ) ) ;
#4719 = VECTOR ( 'NONE', #7450, 1000.000000000000114 ) ;
#4720 = AXIS2_PLACEMENT_3D ( 'NONE', #8116, #8711, #6567 ) ;
#4721 = DIRECTION ( 'NONE',  ( -0.7071067811865474617, 0.7071067811865476838, 0.000000000000000000 ) ) ;
#4722 = CARTESIAN_POINT ( 'NONE',  ( 1.795259589288523250, 5.200000000000001066, -1.000000000000000000 ) ) ;
#4723 = ORIENTED_EDGE ( 'NONE', *, *, #7183, .F. ) ;
#4724 = EDGE_CURVE ( 'NONE', #1293, #2288, #6121, .T. ) ;
#4725 = DIRECTION ( 'NONE',  ( -0.000000000000000000, -0.000000000000000000, -1.000000000000000000 ) ) ;
#4726 = VECTOR ( 'NONE', #4714, 1000.000000000000114 ) ;
#4727 = ORIENTED_EDGE ( 'NONE', *, *, #107, .T. ) ;
#4728 = ORIENTED_EDGE ( 'NONE', *, *, #4773, .F. ) ;
#4729 = ADVANCED_FACE ( 'NONE', ( #827 ), #749, .F. ) ;
#4730 = CARTESIAN_POINT ( 'NONE',  ( 22.26461724824543964, 0.5000000000000005551, 2.286000000000000032 ) ) ;
#4731 = LINE ( 'NONE', #8772, #5420 ) ;
#4732 = LINE ( 'NONE', #1365, #5572 ) ;
#4733 = ORIENTED_EDGE ( 'NONE', *, *, #5293, .T. ) ;
#4734 = LINE ( 'NONE', #5362, #6469 ) ;
#4735 = ORIENTED_EDGE ( 'NONE', *, *, #7483, .F. ) ;
#4736 = DIRECTION ( 'NONE',  ( -0.000000000000000000, -0.000000000000000000, -1.000000000000000000 ) ) ;
#4737 = EDGE_CURVE ( 'NONE', #3384, #706, #5463, .T. ) ;
#4738 = DIRECTION ( 'NONE',  ( -1.000000000000000000, 0.000000000000000000, 0.000000000000000000 ) ) ;
#4739 = DIRECTION ( 'NONE',  ( 0.7071067811865471286, 0.7071067811865480168, -0.000000000000000000 ) ) ;
#4740 = DIRECTION ( 'NONE',  ( -0.000000000000000000, -0.000000000000000000, -1.000000000000000000 ) ) ;
#4741 = ORIENTED_EDGE ( 'NONE', *, *, #8726, .F. ) ;
#4742 = EDGE_CURVE ( 'NONE', #372, #6255, #6398, .T. ) ;
#4743 = EDGE_CURVE ( 'NONE', #1724, #7460, #2799, .T. ) ;
#4744 = ORIENTED_EDGE ( 'NONE', *, *, #6990, .T. ) ;
#4745 = CARTESIAN_POINT ( 'NONE',  ( 1.045259589288517699, 5.400961894323345724, 3.049999999999999822 ) ) ;
#4746 = CARTESIAN_POINT ( 'NONE',  ( -19.89704525612473773, 12.70000000000000462, -2.286999999999999922 ) ) ;
#4747 = FACE_OUTER_BOUND ( 'NONE', #6466, .T. ) ;
#4748 = VERTEX_POINT ( 'NONE', #4914 ) ;
#4749 = CARTESIAN_POINT ( 'NONE',  ( -9.815670711280013450, 3.867388201316154905, 12.72085538888886802 ) ) ;
#4750 = PLANE ( 'NONE',  #5581 ) ;
#4751 = ORIENTED_EDGE ( 'NONE', *, *, #8181, .T. ) ;
#4752 = LINE ( 'NONE', #705, #7423 ) ;
#4753 = EDGE_CURVE ( 'NONE', #3193, #5445, #8154, .T. ) ;
#4754 = ORIENTED_EDGE ( 'NONE', *, *, #517, .F. ) ;
#4755 = EDGE_CURVE ( 'NONE', #178, #4503, #2120, .T. ) ;
#4756 = ORIENTED_EDGE ( 'NONE', *, *, #3164, .F. ) ;
#4757 = CARTESIAN_POINT ( 'NONE',  ( -10.99852262806236958, 6.350000000000002309, -2.286999999999999922 ) ) ;
#4758 = VECTOR ( 'NONE', #788, 1000.000000000000000 ) ;
#4759 = LINE ( 'NONE', #8252, #122 ) ;
#4760 = DIRECTION ( 'NONE',  ( 0.000000000000000000, 0.000000000000000000, 1.000000000000000000 ) ) ;
#4761 = ORIENTED_EDGE ( 'NONE', *, *, #3305, .T. ) ;
#4762 = FACE_OUTER_BOUND ( 'NONE', #4869, .T. ) ;
#4763 = ORIENTED_EDGE ( 'NONE', *, *, #782, .T. ) ;
#4764 = VERTEX_POINT ( 'NONE', #4832 ) ;
#4765 = EDGE_CURVE ( 'NONE', #4641, #5765, #1468, .T. ) ;
#4766 = ORIENTED_EDGE ( 'NONE', *, *, #2374, .T. ) ;
#4767 = LINE ( 'NONE', #1401, #842 ) ;
#4768 = CARTESIAN_POINT ( 'NONE',  ( 9.564617248245436798, -0.5000000000000002220, 1.000000000000000000 ) ) ;
#4769 = CARTESIAN_POINT ( 'NONE',  ( 1.795259589288524582, 5.200000000000001066, 3.049999999999999822 ) ) ;
#4770 = ORIENTED_EDGE ( 'NONE', *, *, #8307, .F. ) ;
#4771 = CARTESIAN_POINT ( 'NONE',  ( 17.81256313292353610, 5.819669914110092712, 2.286000000000000032 ) ) ;
#4772 = VECTOR ( 'NONE', #7524, 999.9999999999998863 ) ;
#4773 = EDGE_CURVE ( 'NONE', #4331, #5523, #3500, .T. ) ;
#4774 = VERTEX_POINT ( 'NONE', #1722 ) ;
#4775 = AXIS2_PLACEMENT_3D ( 'NONE', #6566, #7325, #4572 ) ;
#4776 = DIRECTION ( 'NONE',  ( 1.000000000000000000, 8.881784197001252323E-16, 0.000000000000000000 ) ) ;
#4777 = LINE ( 'NONE', #4115, #8372 ) ;
#4778 = CARTESIAN_POINT ( 'NONE',  ( -8.099384975392617037, 7.644459682984572346, 1.000000000000000000 ) ) ;
#4779 = CYLINDRICAL_SURFACE ( 'NONE', #3503, 3.175000000000000711 ) ;
#4780 = ORIENTED_EDGE ( 'NONE', *, *, #7015, .F. ) ;
#4781 = AXIS2_PLACEMENT_3D ( 'NONE', #5793, #5134, #1720 ) ;
#4782 = ORIENTED_EDGE ( 'NONE', *, *, #7341, .T. ) ;
#4783 = PLANE ( 'NONE',  #6272 ) ;
#4784 = CARTESIAN_POINT ( 'NONE',  ( 0.000000000000000000, 0.000000000000000000, -2.286000000000000032 ) ) ;
#4785 = AXIS2_PLACEMENT_3D ( 'NONE', #6516, #1159, #482 ) ;
#4786 = CARTESIAN_POINT ( 'NONE',  ( 14.80000000000000071, 0.000000000000000000, 2.286000000000000032 ) ) ;
#4787 = CARTESIAN_POINT ( 'NONE',  ( 3.135382751754560271, -0.5000000000000000000, 2.286000000000000032 ) ) ;
#4788 = CARTESIAN_POINT ( 'NONE',  ( 23.53650298521228734, 2.570603795974264916, -2.286000000000000032 ) ) ;
#4789 = CARTESIAN_POINT ( 'NONE',  ( 10.43431429180943404, -1.558578927004022674, -2.286000000000000032 ) ) ;
#4790 = FACE_BOUND ( 'NONE', #4049, .T. ) ;
#4791 = ORIENTED_EDGE ( 'NONE', *, *, #1438, .F. ) ;
#4792 = DIRECTION ( 'NONE',  ( 0.2588190451025202954, -0.9659258262890684232, 0.000000000000000000 ) ) ;
#4793 = EDGE_CURVE ( 'NONE', #6499, #5354, #2437, .T. ) ;
#4794 = ORIENTED_EDGE ( 'NONE', *, *, #5326, .F. ) ;
#4795 = ORIENTED_EDGE ( 'NONE', *, *, #293, .T. ) ;
#4796 = CARTESIAN_POINT ( 'NONE',  ( -8.033575889081955523, -1.214561606350240242, 3.050999999999999712 ) ) ;
#4797 = AXIS2_PLACEMENT_3D ( 'NONE', #1486, #6883, #7598 ) ;
#4798 = EDGE_CURVE ( 'NONE', #4420, #194, #6807, .T. ) ;
#4799 = DIRECTION ( 'NONE',  ( 0.000000000000000000, 0.000000000000000000, -1.000000000000000000 ) ) ;
#4800 = LINE ( 'NONE', #6341, #8464 ) ;
#4801 = VERTEX_POINT ( 'NONE', #5085 ) ;
#4802 = PLANE ( 'NONE',  #8665 ) ;
#4803 = ADVANCED_FACE ( 'NONE', ( #6461 ), #6371, .T. ) ;
#4804 = VECTOR ( 'NONE', #4478, 1000.000000000000114 ) ;
#4805 = VERTEX_POINT ( 'NONE', #3627 ) ;
#4806 = ORIENTED_EDGE ( 'NONE', *, *, #7322, .T. ) ;
#4807 = ORIENTED_EDGE ( 'NONE', *, *, #4118, .F. ) ;
#4808 = DIRECTION ( 'NONE',  ( 0.000000000000000000, 0.000000000000000000, -1.000000000000000000 ) ) ;
#4809 = EDGE_CURVE ( 'NONE', #2189, #790, #2995, .T. ) ;
#4810 = LINE ( 'NONE', #6148, #5229 ) ;
#4811 = DIRECTION ( 'NONE',  ( -0.9659258262890692004, -0.2588190451025177419, 0.000000000000000000 ) ) ;
#4812 = FACE_OUTER_BOUND ( 'NONE', #5898, .T. ) ;
#4813 = ORIENTED_EDGE ( 'NONE', *, *, #5293, .F. ) ;
#4814 = ORIENTED_EDGE ( 'NONE', *, *, #4350, .T. ) ;
#4815 = CARTESIAN_POINT ( 'NONE',  ( 15.27060379597425843, 1.863497014787720341, 1.000000000000000000 ) ) ;
#4816 = LINE ( 'NONE', #8060, #1444 ) ;
#4817 = ADVANCED_FACE ( 'NONE', ( #3060 ), #5711, .F. ) ;
#4818 = VECTOR ( 'NONE', #6678, 1000.000000000000000 ) ;
#4819 = DIRECTION ( 'NONE',  ( 0.7071067811865465735, 0.7071067811865484609, 0.000000000000000000 ) ) ;
#4820 = DIRECTION ( 'NONE',  ( 0.000000000000000000, 0.000000000000000000, -1.000000000000000000 ) ) ;
#4821 = ORIENTED_EDGE ( 'NONE', *, *, #6134, .T. ) ;
#4822 = ADVANCED_FACE ( 'NONE', ( #5662 ), #5043, .F. ) ;
#4823 = CIRCLE ( 'NONE', #570, 3.175000000000000711 ) ;
#4824 = VECTOR ( 'NONE', #8418, 1000.000000000000000 ) ;
#4825 = ORIENTED_EDGE ( 'NONE', *, *, #4124, .F. ) ;
#4826 = FACE_OUTER_BOUND ( 'NONE', #6478, .T. ) ;
#4827 = EDGE_CURVE ( 'NONE', #851, #5111, #6989, .T. ) ;
#4828 = DIRECTION ( 'NONE',  ( 1.000000000000000000, 0.000000000000000000, 0.000000000000000000 ) ) ;
#4829 = VECTOR ( 'NONE', #900, 1000.000000000000114 ) ;
#4830 = CARTESIAN_POINT ( 'NONE',  ( 0.000000000000000000, 0.000000000000000000, 1.000000000000000000 ) ) ;
#4831 = VECTOR ( 'NONE', #7406, 1000.000000000000000 ) ;
#4832 = CARTESIAN_POINT ( 'NONE',  ( -8.099384975392615260, 7.644459682984575011, 2.286000000000000032 ) ) ;
#4833 = DIRECTION ( 'NONE',  ( -0.9659258262890684232, -0.2588190451025204064, 0.000000000000000000 ) ) ;
#4834 = ORIENTED_EDGE ( 'NONE', *, *, #4362, .T. ) ;
#4835 = VECTOR ( 'NONE', #7140, 1000.000000000000000 ) ;
#4836 = VECTOR ( 'NONE', #6150, 1000.000000000000000 ) ;
#4837 = VECTOR ( 'NONE', #6770, 1000.000000000000000 ) ;
#4838 = AXIS2_PLACEMENT_3D ( 'NONE', #3442, #5482, #2696 ) ;
#4839 = VERTEX_POINT ( 'NONE', #7787 ) ;
#4840 = ORIENTED_EDGE ( 'NONE', *, *, #6356, .F. ) ;
#4841 = CARTESIAN_POINT ( 'NONE',  ( -17.75926857737314535, 4.248875694185174190, 3.049999999999999822 ) ) ;
#4842 = FACE_OUTER_BOUND ( 'NONE', #5159, .T. ) ;
#4843 = ADVANCED_FACE ( 'NONE', ( #4296 ), #3665, .T. ) ;
#4844 = LINE ( 'NONE', #8291, #819 ) ;
#4845 = DIRECTION ( 'NONE',  ( 0.7071067811865469066, -0.7071067811865482389, 0.000000000000000000 ) ) ;
#4846 = VECTOR ( 'NONE', #7083, 1000.000000000000000 ) ;
#4847 = ORIENTED_EDGE ( 'NONE', *, *, #5886, .F. ) ;
#4848 = VECTOR ( 'NONE', #3342, 999.9999999999998863 ) ;
#4849 = CARTESIAN_POINT ( 'NONE',  ( 0.000000000000000000, 0.000000000000000000, 2.286000000000000032 ) ) ;
#4850 = ORIENTED_EDGE ( 'NONE', *, *, #2879, .F. ) ;
#4851 = ORIENTED_EDGE ( 'NONE', *, *, #228, .F. ) ;
#4852 = ORIENTED_EDGE ( 'NONE', *, *, #8549, .T. ) ;
#4853 = ORIENTED_EDGE ( 'NONE', *, *, #85, .T. ) ;
#4854 = FACE_OUTER_BOUND ( 'NONE', #1073, .T. ) ;
#4855 = DIRECTION ( 'NONE',  ( -0.8660254037844385966, 0.5000000000000001110, 0.000000000000000000 ) ) ;
#4856 = CARTESIAN_POINT ( 'NONE',  ( -12.41798804498026776, 14.32867207851428937, -3.049999999999999822 ) ) ;
#4857 = DIRECTION ( 'NONE',  ( -0.7071067811865479058, 0.7071067811865470176, 0.000000000000000000 ) ) ;
#4858 = VERTEX_POINT ( 'NONE', #6948 ) ;
#4859 = DIRECTION ( 'NONE',  ( -0.000000000000000000, -0.000000000000000000, -1.000000000000000000 ) ) ;
#4860 = VECTOR ( 'NONE', #6658, 1000.000000000000000 ) ;
#4861 = CIRCLE ( 'NONE', #611, 3.174999999999999822 ) ;
#4862 = ADVANCED_FACE ( 'NONE', ( #7032 ), #216, .T. ) ;
#4863 = VERTEX_POINT ( 'NONE', #8420 ) ;
#4864 = CARTESIAN_POINT ( 'NONE',  ( -14.40078170240360755, 14.21777459450852099, 12.72085538888886802 ) ) ;
#4865 = LINE ( 'NONE', #5450, #1151 ) ;
#4866 = DIRECTION ( 'NONE',  ( 0.000000000000000000, 0.000000000000000000, -1.000000000000000000 ) ) ;
#4867 = CARTESIAN_POINT ( 'NONE',  ( -24.59704525612474058, 8.196667900320957045, 2.286000000000000032 ) ) ;
#4868 = ORIENTED_EDGE ( 'NONE', *, *, #8579, .F. ) ;
#4869 = EDGE_LOOP ( 'NONE', ( #1746, #6855, #3910, #908 ) ) ;
#4870 = CARTESIAN_POINT ( 'NONE',  ( -18.83908855835246143, 13.02853385669551933, 2.286000000000000032 ) ) ;
#4871 = EDGE_CURVE ( 'NONE', #7162, #4271, #378, .T. ) ;
#4872 = CARTESIAN_POINT ( 'NONE',  ( -9.707562964079105683, -0.3997787090857587988, -1.000000000000000000 ) ) ;
#4873 = CARTESIAN_POINT ( 'NONE',  ( 22.26461724824543964, 0.5000000000000002220, 1.000000000000000000 ) ) ;
#4874 = CARTESIAN_POINT ( 'NONE',  ( 25.39999999999999858, -5.200000000000001066, 3.049999999999999822 ) ) ;
#4875 = DIRECTION ( 'NONE',  ( 1.000000000000000000, 0.000000000000000000, -0.000000000000000000 ) ) ;
#4876 = ORIENTED_EDGE ( 'NONE', *, *, #8285, .F. ) ;
#4877 = EDGE_CURVE ( 'NONE', #7037, #5289, #5001, .T. ) ;
#4878 = ORIENTED_EDGE ( 'NONE', *, *, #5965, .T. ) ;
#4879 = ORIENTED_EDGE ( 'NONE', *, *, #7927, .F. ) ;
#4880 = CARTESIAN_POINT ( 'NONE',  ( -10.99852262806236958, 6.350000000000002309, 2.286000000000000032 ) ) ;
#4881 = DIRECTION ( 'NONE',  ( 1.000000000000000000, 3.414809992080329023E-17, -0.000000000000000000 ) ) ;
#4882 = DIRECTION ( 'NONE',  ( -0.8660254037844352659, 0.5000000000000057732, 0.000000000000000000 ) ) ;
#4883 = CARTESIAN_POINT ( 'NONE',  ( -3.100000000000038725, -5.369357503463504599, 1.000000000000000000 ) ) ;
#4884 = ORIENTED_EDGE ( 'NONE', *, *, #7768, .T. ) ;
#4885 = LINE ( 'NONE', #1684, #992 ) ;
#4886 = EDGE_CURVE ( 'NONE', #7448, #4186, #7702, .T. ) ;
#4887 = ORIENTED_EDGE ( 'NONE', *, *, #5319, .T. ) ;
#4888 = ORIENTED_EDGE ( 'NONE', *, *, #6511, .F. ) ;
#4889 = VERTEX_POINT ( 'NONE', #338 ) ;
#4890 = ORIENTED_EDGE ( 'NONE', *, *, #2980, .T. ) ;
#4891 = DIRECTION ( 'NONE',  ( 0.2588190451025189631, -0.9659258262890688673, 0.000000000000000000 ) ) ;
#4892 = CYLINDRICAL_SURFACE ( 'NONE', #7253, 3.175000000000000711 ) ;
#4893 = CARTESIAN_POINT ( 'NONE',  ( 9.564617248245436798, 0.4999999999999986122, 1.000000000000000000 ) ) ;
#4894 = ORIENTED_EDGE ( 'NONE', *, *, #7380, .T. ) ;
#4895 = DIRECTION ( 'NONE',  ( -0.7071067811865483499, 0.7071067811865467956, 0.000000000000000000 ) ) ;
#4896 = EDGE_CURVE ( 'NONE', #4654, #7670, #3018, .T. ) ;
#4897 = VECTOR ( 'NONE', #5452, 1000.000000000000000 ) ;
#4898 = EDGE_CURVE ( 'NONE', #1501, #5312, #5135, .T. ) ;
#4899 = ORIENTED_EDGE ( 'NONE', *, *, #6823, .T. ) ;
#4900 = CARTESIAN_POINT ( 'NONE',  ( -10.99852262806236958, 6.350000000000002309, 2.286000000000000032 ) ) ;
#4901 = VERTEX_POINT ( 'NONE', #4379 ) ;
#4902 = DIRECTION ( 'NONE',  ( 0.8660254037844379305, -0.5000000000000011102, 0.000000000000000000 ) ) ;
#4903 = PLANE ( 'NONE',  #8374 ) ;
#4904 = CARTESIAN_POINT ( 'NONE',  ( -24.59704525612474058, 8.196667900320957045, -3.049999999999999822 ) ) ;
#4905 = ADVANCED_FACE ( 'NONE', ( #1004 ), #5622, .T. ) ;
#4906 = ORIENTED_EDGE ( 'NONE', *, *, #5348, .T. ) ;
#4907 = EDGE_CURVE ( 'NONE', #1949, #7995, #468, .T. ) ;
#4908 = ORIENTED_EDGE ( 'NONE', *, *, #5650, .F. ) ;
#4909 = ORIENTED_EDGE ( 'NONE', *, *, #5174, .F. ) ;
#4910 = DIRECTION ( 'NONE',  ( 1.000000000000000000, 7.434522636839145511E-17, -0.000000000000000000 ) ) ;
#4911 = LINE ( 'NONE', #1544, #8506 ) ;
#4912 = LINE ( 'NONE', #5499, #1025 ) ;
#4913 = EDGE_CURVE ( 'NONE', #1203, #4641, #7316, .T. ) ;
#4914 = CARTESIAN_POINT ( 'NONE',  ( -13.96384374166937192, 7.484678673985080799, -2.286000000000000032 ) ) ;
#4915 = PLANE ( 'NONE',  #64 ) ;
#4916 = VERTEX_POINT ( 'NONE', #614 ) ;
#4917 = EDGE_CURVE ( 'NONE', #5294, #2834, #6555, .T. ) ;
#4918 = ORIENTED_EDGE ( 'NONE', *, *, #8268, .T. ) ;
#4919 = ORIENTED_EDGE ( 'NONE', *, *, #6541, .T. ) ;
#4920 = CARTESIAN_POINT ( 'NONE',  ( 0.000000000000000000, 0.000000000000000000, -2.286000000000000032 ) ) ;
#4921 = DIRECTION ( 'NONE',  ( -0.7071067811865482389, -0.7071067811865469066, 0.000000000000000000 ) ) ;
#4922 = EDGE_CURVE ( 'NONE', #8638, #209, #3943, .T. ) ;
#4923 = DIRECTION ( 'NONE',  ( -0.9659258262890688673, -0.2588190451025186301, 0.000000000000000000 ) ) ;
#4924 = LINE ( 'NONE', #6961, #2375 ) ;
#4925 = ORIENTED_EDGE ( 'NONE', *, *, #2166, .F. ) ;
#4926 = DIRECTION ( 'NONE',  ( -0.000000000000000000, -0.000000000000000000, -1.000000000000000000 ) ) ;
#4927 = VECTOR ( 'NONE', #1604, 1000.000000000000000 ) ;
#4928 = EDGE_CURVE ( 'NONE', #1609, #75, #4823, .T. ) ;
#4929 = ORIENTED_EDGE ( 'NONE', *, *, #248, .F. ) ;
#4930 = ORIENTED_EDGE ( 'NONE', *, *, #1685, .T. ) ;
#4931 = CIRCLE ( 'NONE', #4797, 3.175000000000000711 ) ;
#4932 = ORIENTED_EDGE ( 'NONE', *, *, #1158, .F. ) ;
#4933 = ORIENTED_EDGE ( 'NONE', *, *, #2481, .F. ) ;
#4934 = CARTESIAN_POINT ( 'NONE',  ( -9.552245033349360489E-16, -5.200000000000001954, 3.049999999999999822 ) ) ;
#4935 = DIRECTION ( 'NONE',  ( 0.2588190451025192962, -0.9659258262890687563, 0.000000000000000000 ) ) ;
#4936 = CARTESIAN_POINT ( 'NONE',  ( -21.99704525612473915, 12.70000000000000462, -2.286000000000000032 ) ) ;
#4937 = CARTESIAN_POINT ( 'NONE',  ( 1.558578927004016013, -2.265685708190569692, 12.74539167476553381 ) ) ;
#4938 = VECTOR ( 'NONE', #7424, 1000.000000000000000 ) ;
#4939 = ORIENTED_EDGE ( 'NONE', *, *, #5034, .F. ) ;
#4940 = EDGE_CURVE ( 'NONE', #4057, #7278, #7923, .T. ) ;
#4941 = LINE ( 'NONE', #2325, #7794 ) ;
#4942 = ORIENTED_EDGE ( 'NONE', *, *, #4898, .F. ) ;
#4943 = FACE_OUTER_BOUND ( 'NONE', #2862, .T. ) ;
#4944 = DIRECTION ( 'NONE',  ( -0.000000000000000000, -0.000000000000000000, 1.000000000000000000 ) ) ;
#4945 = EDGE_CURVE ( 'NONE', #4839, #5065, #5262, .T. ) ;
#4946 = DIRECTION ( 'NONE',  ( -0.2588190451025204064, 0.9659258262890684232, 0.000000000000000000 ) ) ;
#4947 = ORIENTED_EDGE ( 'NONE', *, *, #3023, .F. ) ;
#4948 = ORIENTED_EDGE ( 'NONE', *, *, #6193, .F. ) ;
#4949 = ORIENTED_EDGE ( 'NONE', *, *, #2628, .T. ) ;
#4950 = FACE_OUTER_BOUND ( 'NONE', #8541, .T. ) ;
#4951 = CARTESIAN_POINT ( 'NONE',  ( -19.38622595191837661, 1.024438054742122128, -1.000000000000000000 ) ) ;
#4952 = CARTESIAN_POINT ( 'NONE',  ( -1.304740410711482834, 1.330642496536486252, 1.000000000000000000 ) ) ;
#4953 = CARTESIAN_POINT ( 'NONE',  ( -25.09704525612470150, 7.330642496536643904, 3.049999999999999822 ) ) ;
#4954 = CARTESIAN_POINT ( 'NONE',  ( -10.99852262806236958, 6.350000000000002309, 2.286000000000000032 ) ) ;
#4955 = VERTEX_POINT ( 'NONE', #8556 ) ;
#4956 = AXIS2_PLACEMENT_3D ( 'NONE', #5517, #5394, #723 ) ;
#4957 = ORIENTED_EDGE ( 'NONE', *, *, #451, .T. ) ;
#4958 = VECTOR ( 'NONE', #1630, 1000.000000000000000 ) ;
#4959 = ORIENTED_EDGE ( 'NONE', *, *, #2331, .T. ) ;
#4960 = FACE_OUTER_BOUND ( 'NONE', #312, .T. ) ;
#4961 = CARTESIAN_POINT ( 'NONE',  ( -4.154740410711463383, -3.605702305034792943, -1.000000000000000000 ) ) ;
#4962 = VECTOR ( 'NONE', #6245, 1000.000000000000000 ) ;
#4963 = EDGE_CURVE ( 'NONE', #6663, #3502, #3988, .T. ) ;
#4964 = CARTESIAN_POINT ( 'NONE',  ( -18.59478618178347276, 4.832225405491517023, 12.72085538888886802 ) ) ;
#4965 = CARTESIAN_POINT ( 'NONE',  ( 6.349999999999987210, -3.654415587728429671, 3.049999999999999822 ) ) ;
#4966 = ORIENTED_EDGE ( 'NONE', *, *, #8341, .T. ) ;
#4967 = DIRECTION ( 'NONE',  ( -0.9659258262890688673, -0.2588190451025186301, 0.000000000000000000 ) ) ;
#4968 = VECTOR ( 'NONE', #1557, 1000.000000000000000 ) ;
#4969 = AXIS2_PLACEMENT_3D ( 'NONE', #2073, #4196, #4164 ) ;
#4970 = VECTOR ( 'NONE', #7571, 1000.000000000000000 ) ;
#4971 = ORIENTED_EDGE ( 'NONE', *, *, #6787, .F. ) ;
#4972 = VERTEX_POINT ( 'NONE', #8702 ) ;
#4973 = ORIENTED_EDGE ( 'NONE', *, *, #2673, .F. ) ;
#4974 = DIRECTION ( 'NONE',  ( 0.7071067811865475727, -0.7071067811865474617, 0.000000000000000000 ) ) ;
#4975 = AXIS2_PLACEMENT_3D ( 'NONE', #5197, #7898, #1261 ) ;
#4976 = VECTOR ( 'NONE', #8401, 999.9999999999998863 ) ;
#4977 = VECTOR ( 'NONE', #387, 1000.000000000000000 ) ;
#4978 = ADVANCED_FACE ( 'NONE', ( #2670 ), #5177, .F. ) ;
#4979 = VECTOR ( 'NONE', #8177, 1000.000000000000000 ) ;
#4980 = DIRECTION ( 'NONE',  ( 0.000000000000000000, 0.000000000000000000, -1.000000000000000000 ) ) ;
#4981 = CARTESIAN_POINT ( 'NONE',  ( -2.965321113607005898, 1.134678673985064723, -2.286000000000000032 ) ) ;
#4982 = CARTESIAN_POINT ( 'NONE',  ( 12.69999999999999929, 0.000000000000000000, 2.286000000000000032 ) ) ;
#4983 = FACE_OUTER_BOUND ( 'NONE', #3971, .T. ) ;
#4984 = LOCAL_TIME ( 14, 14, 57.00000000000000000, #1785 ) ;
#4985 = ADVANCED_FACE ( 'NONE', ( #6649 ), #5846, .T. ) ;
#4986 = ORIENTED_EDGE ( 'NONE', *, *, #4124, .T. ) ;
#4987 = FACE_OUTER_BOUND ( 'NONE', #8343, .T. ) ;
#4988 = ORIENTED_EDGE ( 'NONE', *, *, #2550, .T. ) ;
#4989 = DIRECTION ( 'NONE',  ( 1.000000000000000000, 0.000000000000000000, 0.000000000000000000 ) ) ;
#4990 = CARTESIAN_POINT ( 'NONE',  ( -8.033575889081955523, -1.214561606350240242, -3.049999999999999822 ) ) ;
#4991 = AXIS2_PLACEMENT_3D ( 'NONE', #6740, #3293, #5997 ) ;
#4992 = VECTOR ( 'NONE', #1083, 1000.000000000000000 ) ;
#4993 = LINE ( 'NONE', #7694, #7457 ) ;
#4994 = ORIENTED_EDGE ( 'NONE', *, *, #650, .T. ) ;
#4995 = EDGE_CURVE ( 'NONE', #5504, #7435, #7877, .T. ) ;
#4996 = VERTEX_POINT ( 'NONE', #7169 ) ;
#4997 = ORIENTED_EDGE ( 'NONE', *, *, #3960, .F. ) ;
#4998 = CARTESIAN_POINT ( 'NONE',  ( 1.863497014787713235, 2.570603795974261363, -1.000000000000000000 ) ) ;
#4999 = DIRECTION ( 'NONE',  ( 0.9659258262890684232, 0.2588190451025204619, -0.000000000000000000 ) ) ;
#5000 = DIRECTION ( 'NONE',  ( 0.000000000000000000, 0.000000000000000000, -1.000000000000000000 ) ) ;
#5001 = LINE ( 'NONE', #1766, #985 ) ;
#5002 = LINE ( 'NONE', #6373, #8413 ) ;
#5003 = EDGE_CURVE ( 'NONE', #7795, #7470, #1093, .T. ) ;
#5004 = EDGE_CURVE ( 'NONE', #530, #7129, #4687, .T. ) ;
#5005 = ORIENTED_EDGE ( 'NONE', *, *, #2034, .F. ) ;
#5006 = ORIENTED_EDGE ( 'NONE', *, *, #3760, .F. ) ;
#5007 = DIRECTION ( 'NONE',  ( -0.000000000000000000, -0.000000000000000000, 1.000000000000000000 ) ) ;
#5008 = DIRECTION ( 'NONE',  ( 0.000000000000000000, 0.000000000000000000, 1.000000000000000000 ) ) ;
#5009 = DIRECTION ( 'NONE',  ( 0.7071067811865479058, 0.7071067811865472397, 0.000000000000000000 ) ) ;
#5010 = DIRECTION ( 'NONE',  ( 0.000000000000000000, 0.000000000000000000, 1.000000000000000000 ) ) ;
#5011 = DIRECTION ( 'NONE',  ( 0.7071067811865471286, 0.7071067811865480168, -0.000000000000000000 ) ) ;
#5012 = ORIENTED_EDGE ( 'NONE', *, *, #3075, .F. ) ;
#5013 = DIRECTION ( 'NONE',  ( -0.000000000000000000, -0.000000000000000000, -1.000000000000000000 ) ) ;
#5014 = ADVANCED_FACE ( 'NONE', ( #1241 ), #4609, .F. ) ;
#5015 = EDGE_CURVE ( 'NONE', #5745, #7790, #7214, .T. ) ;
#5016 = EDGE_LOOP ( 'NONE', ( #3308, #5028, #3083, #8727 ) ) ;
#5017 = ORIENTED_EDGE ( 'NONE', *, *, #1517, .T. ) ;
#5018 = ORIENTED_EDGE ( 'NONE', *, *, #3810, .T. ) ;
#5019 = CARTESIAN_POINT ( 'NONE',  ( 9.995836543402008445, 0.4999999999999991673, 12.74539167476553381 ) ) ;
#5020 = AXIS2_PLACEMENT_3D ( 'NONE', #7939, #3343, #8757 ) ;
#5021 = FACE_OUTER_BOUND ( 'NONE', #7734, .T. ) ;
#5022 = DIRECTION ( 'NONE',  ( 0.2588190451025189076, -0.9659258262890687563, 0.000000000000000000 ) ) ;
#5023 = CARTESIAN_POINT ( 'NONE',  ( -1.294459682984560045, 2.899137652669757870, 2.286000000000000032 ) ) ;
#5024 = ORIENTED_EDGE ( 'NONE', *, *, #7816, .F. ) ;
#5025 = DIRECTION ( 'NONE',  ( -1.000000000000000000, 0.000000000000000000, 0.000000000000000000 ) ) ;
#5026 = VECTOR ( 'NONE', #6128, 1000.000000000000000 ) ;
#5027 = EDGE_CURVE ( 'NONE', #7487, #5860, #3191, .T. ) ;
#5028 = ORIENTED_EDGE ( 'NONE', *, *, #7784, .T. ) ;
#5029 = DIRECTION ( 'NONE',  ( -1.000000000000000000, 0.000000000000000000, 0.000000000000000000 ) ) ;
#5030 = ORIENTED_EDGE ( 'NONE', *, *, #1312, .F. ) ;
#5031 = CARTESIAN_POINT ( 'NONE',  ( -3.157956697772277277, -0.3285338566954938422, -2.286000000000000032 ) ) ;
#5032 = CARTESIAN_POINT ( 'NONE',  ( 20.04423881554251352, 4.648654403270934488, 3.049999999999999822 ) ) ;
#5033 = CARTESIAN_POINT ( 'NONE',  ( 10.83650298521228450, 2.570603795974262695, 1.000000000000000000 ) ) ;
#5034 = EDGE_CURVE ( 'NONE', #3944, #8244, #1197, .T. ) ;
#5035 = EDGE_CURVE ( 'NONE', #5436, #4774, #3238, .T. ) ;
#5036 = ORIENTED_EDGE ( 'NONE', *, *, #113, .T. ) ;
#5037 = VERTEX_POINT ( 'NONE', #6926 ) ;
#5038 = VECTOR ( 'NONE', #3748, 1000.000000000000000 ) ;
#5039 = EDGE_LOOP ( 'NONE', ( #5234, #1051, #6169, #3205 ) ) ;
#5040 = DIRECTION ( 'NONE',  ( 0.7071067811865467956, 0.7071067811865483499, -0.000000000000000000 ) ) ;
#5041 = LINE ( 'NONE', #4377, #3277 ) ;
#5042 = CARTESIAN_POINT ( 'NONE',  ( 15.27060379597426021, -1.863497014787719008, 1.000000000000000000 ) ) ;
#5043 = CYLINDRICAL_SURFACE ( 'NONE', #8364, 5.199999999999985967 ) ;
#5044 = LINE ( 'NONE', #1671, #4036 ) ;
#5045 = ORIENTED_EDGE ( 'NONE', *, *, #3803, .F. ) ;
#5046 = ORIENTED_EDGE ( 'NONE', *, *, #4314, .T. ) ;
#5047 = CARTESIAN_POINT ( 'NONE',  ( 25.39999999999999858, -5.200000000000001066, -1.000000000000000000 ) ) ;
#5048 = PLANE ( 'NONE',  #4159 ) ;
#5049 = ADVANCED_FACE ( 'NONE', ( #4983 ), #112, .F. ) ;
#5050 = VECTOR ( 'NONE', #3888, 1000.000000000000000 ) ;
#5051 = DIRECTION ( 'NONE',  ( -0.000000000000000000, -0.000000000000000000, -1.000000000000000000 ) ) ;
#5052 = LINE ( 'NONE', #8388, #3564 ) ;
#5053 = EDGE_CURVE ( 'NONE', #7705, #3559, #4279, .T. ) ;
#5054 = CYLINDRICAL_SURFACE ( 'NONE', #5924, 1.500000000000000444 ) ;
#5055 = VERTEX_POINT ( 'NONE', #1335 ) ;
#5056 = CARTESIAN_POINT ( 'NONE',  ( -14.17352262806237029, 6.350000000000002309, -2.286000000000000032 ) ) ;
#5057 = EDGE_LOOP ( 'NONE', ( #43, #3194, #5981, #4884 ) ) ;
#5058 = VERTEX_POINT ( 'NONE', #7566 ) ;
#5059 = ORIENTED_EDGE ( 'NONE', *, *, #4742, .T. ) ;
#5060 = CARTESIAN_POINT ( 'NONE',  ( 16.59407640405098050, -8.098816814762468397, 1.000000000000000000 ) ) ;
#5061 = AXIS2_PLACEMENT_3D ( 'NONE', #6093, #7299, #2017 ) ;
#5062 = DIRECTION ( 'NONE',  ( -0.7071067811865476838, 0.7071067811865474617, 0.000000000000000000 ) ) ;
#5063 = CARTESIAN_POINT ( 'NONE',  ( -9.480748033553881626, -1.246263553721098871, 12.72085538888886802 ) ) ;
#5064 = DIRECTION ( 'NONE',  ( 0.000000000000000000, 0.000000000000000000, 1.000000000000000000 ) ) ;
#5065 = VERTEX_POINT ( 'NONE', #6229 ) ;
#5066 = CARTESIAN_POINT ( 'NONE',  ( -9.552245033349328934E-16, -5.199999999999985967, -1.000000000000000000 ) ) ;
#5067 = VERTEX_POINT ( 'NONE', #3610 ) ;
#5068 = DIRECTION ( 'NONE',  ( -0.9659258262890688673, -0.2588190451025189631, 0.000000000000000000 ) ) ;
#5069 = ORIENTED_EDGE ( 'NONE', *, *, #4000, .F. ) ;
#5070 = PLANE ( 'NONE',  #8080 ) ;
#5071 = DIRECTION ( 'NONE',  ( 0.7071067811865475727, 0.7071067811865474617, -0.000000000000000000 ) ) ;
#5072 = CARTESIAN_POINT ( 'NONE',  ( -15.60232471059841153, 16.16714970959932884, -2.286000000000000032 ) ) ;
#5073 = VECTOR ( 'NONE', #1431, 1000.000000000000000 ) ;
#5074 = CARTESIAN_POINT ( 'NONE',  ( -13.31242066876969687, 13.05373339887579398, 3.049999999999999822 ) ) ;
#5075 = DIRECTION ( 'NONE',  ( 1.000000000000000000, 0.000000000000000000, -0.000000000000000000 ) ) ;
#5076 = ORIENTED_EDGE ( 'NONE', *, *, #877, .F. ) ;
#5077 = VERTEX_POINT ( 'NONE', #8351 ) ;
#5078 = ORIENTED_EDGE ( 'NONE', *, *, #8558, .F. ) ;
#5079 = EDGE_CURVE ( 'NONE', #7131, #584, #7686, .T. ) ;
#5080 = VERTEX_POINT ( 'NONE', #6887 ) ;
#5081 = LINE ( 'NONE', #1665, #7818 ) ;
#5082 = DIRECTION ( 'NONE',  ( -0.000000000000000000, -0.000000000000000000, -1.000000000000000000 ) ) ;
#5083 = ADVANCED_FACE ( 'NONE', ( #5693 ), #2997, .T. ) ;
#5084 = DIRECTION ( 'NONE',  ( 0.2588190451025196293, -0.9659258262890686453, 0.000000000000000000 ) ) ;
#5085 = CARTESIAN_POINT ( 'NONE',  ( 4.804415587728417592, -5.200000000000000178, -3.049999999999999822 ) ) ;
#5086 = CARTESIAN_POINT ( 'NONE',  ( -12.41798804498026776, 14.32867207851428937, 3.049999999999999822 ) ) ;
#5087 = ORIENTED_EDGE ( 'NONE', *, *, #3724, .T. ) ;
#5088 = ADVANCED_FACE ( 'NONE', ( #6189 ), #852, .F. ) ;
#5089 = ORIENTED_EDGE ( 'NONE', *, *, #8008, .T. ) ;
#5090 = ORIENTED_EDGE ( 'NONE', *, *, #8106, .F. ) ;
#5091 = LINE ( 'NONE', #8066, #6695 ) ;
#5092 = CARTESIAN_POINT ( 'NONE',  ( -7.326469107895388966, 0.01018326504134301966, -2.286000000000000032 ) ) ;
#5093 = LINE ( 'NONE', #3672, #2124 ) ;
#5094 = CIRCLE ( 'NONE', #4388, 3.175000000000000711 ) ;
#5095 = CARTESIAN_POINT ( 'NONE',  ( -19.68314721541738166, 5.996266601124260021, -2.286000000000000032 ) ) ;
#5096 = PLANE ( 'NONE',  #3094 ) ;
#5097 = EDGE_LOOP ( 'NONE', ( #1879, #6882, #6929, #4201, #3573, #181, #1687, #8551 ) ) ;
#5098 = CARTESIAN_POINT ( 'NONE',  ( -12.07012011734681245, 2.984782704856190350, 1.000000000000000000 ) ) ;
#5099 = DIRECTION ( 'NONE',  ( -0.000000000000000000, -0.000000000000000000, -1.000000000000000000 ) ) ;
#5100 = AXIS2_PLACEMENT_3D ( 'NONE', #2299, #3757, #878 ) ;
#5101 = VECTOR ( 'NONE', #1381, 1000.000000000000000 ) ;
#5102 = EDGE_CURVE ( 'NONE', #6788, #402, #2275, .T. ) ;
#5103 = VERTEX_POINT ( 'NONE', #4319 ) ;
#5104 = ORIENTED_EDGE ( 'NONE', *, *, #6050, .T. ) ;
#5105 = CARTESIAN_POINT ( 'NONE',  ( 18.05576118445748790, 4.648654403270952251, 2.286000000000000032 ) ) ;
#5106 = DIRECTION ( 'NONE',  ( 0.000000000000000000, 0.000000000000000000, 1.000000000000000000 ) ) ;
#5107 = COORDINATED_UNIVERSAL_TIME_OFFSET ( 6, 0, .BEHIND. ) ;
#5108 = FACE_OUTER_BOUND ( 'NONE', #6028, .T. ) ;
#5109 = VECTOR ( 'NONE', #5559, 1000.000000000000000 ) ;
#5110 = VECTOR ( 'NONE', #37, 1000.000000000000000 ) ;
#5111 = VERTEX_POINT ( 'NONE', #6974 ) ;
#5112 = CIRCLE ( 'NONE', #4700, 3.175000000000004263 ) ;
#5113 = DIRECTION ( 'NONE',  ( -0.000000000000000000, -0.000000000000000000, -1.000000000000000000 ) ) ;
#5114 = VECTOR ( 'NONE', #5874, 1000.000000000000000 ) ;
#5115 = AXIS2_PLACEMENT_3D ( 'NONE', #1169, #4531, #3963 ) ;
#5116 = VERTEX_POINT ( 'NONE', #4696 ) ;
#5117 = VECTOR ( 'NONE', #4574, 1000.000000000000000 ) ;
#5118 = APPROVAL_PERSON_ORGANIZATION ( #448, #4022, #7242 ) ;
#5119 = DIRECTION ( 'NONE',  ( -0.2588190451025194072, 0.9659258262890686453, 0.000000000000000000 ) ) ;
#5120 = ORIENTED_EDGE ( 'NONE', *, *, #3265, .T. ) ;
#5121 = FACE_OUTER_BOUND ( 'NONE', #1359, .T. ) ;
#5122 = LINE ( 'NONE', #3788, #2426 ) ;
#5123 = LINE ( 'NONE', #6493, #4638 ) ;
#5124 = LINE ( 'NONE', #7829, #505 ) ;
#5125 = VECTOR ( 'NONE', #2390, 1000.000000000000000 ) ;
#5126 = EDGE_CURVE ( 'NONE', #4442, #2456, #5645, .T. ) ;
#5127 = ADVANCED_FACE ( 'NONE', ( #2870 ), #1568, .T. ) ;
#5128 = EDGE_LOOP ( 'NONE', ( #5331, #1043, #525, #7164 ) ) ;
#5129 = VERTEX_POINT ( 'NONE', #2231 ) ;
#5130 = VERTEX_POINT ( 'NONE', #1530 ) ;
#5131 = VECTOR ( 'NONE', #8321, 999.9999999999998863 ) ;
#5132 = DIRECTION ( 'NONE',  ( 1.000000000000000000, -1.189523621894263085E-16, 0.000000000000000000 ) ) ;
#5133 = DIRECTION ( 'NONE',  ( -1.000000000000000000, 0.000000000000000000, 0.000000000000000000 ) ) ;
#5134 = DIRECTION ( 'NONE',  ( -0.000000000000000000, -0.000000000000000000, -1.000000000000000000 ) ) ;
#5135 = LINE ( 'NONE', #1670, #6240 ) ;
#5136 = LINE ( 'NONE', #3061, #1349 ) ;
#5137 = ORIENTED_EDGE ( 'NONE', *, *, #214, .T. ) ;
#5138 = EDGE_CURVE ( 'NONE', #6712, #6626, #6316, .T. ) ;
#5139 = AXIS2_PLACEMENT_3D ( 'NONE', #2848, #2976, #8385 ) ;
#5140 = VECTOR ( 'NONE', #469, 1000.000000000000000 ) ;
#5141 = EDGE_CURVE ( 'NONE', #3900, #66, #4230, .T. ) ;
#5142 = ORIENTED_EDGE ( 'NONE', *, *, #451, .F. ) ;
#5143 = ORIENTED_EDGE ( 'NONE', *, *, #3524, .T. ) ;
#5144 = DIRECTION ( 'NONE',  ( 0.2588190451025197958, -0.9659258262890685343, 0.000000000000000000 ) ) ;
#5145 = LINE ( 'NONE', #8427, #610 ) ;
#5146 = DIRECTION ( 'NONE',  ( 0.000000000000000000, 0.000000000000000000, 1.000000000000000000 ) ) ;
#5147 = LINE ( 'NONE', #1103, #4121 ) ;
#5148 = CARTESIAN_POINT ( 'NONE',  ( 14.25857892700401663, -2.265685708190569692, 2.286000000000000032 ) ) ;
#5149 = EDGE_LOOP ( 'NONE', ( #4744, #1168, #7192, #2610, #2972, #1318, #36, #1462 ) ) ;
#5150 = DIRECTION ( 'NONE',  ( 0.2588190451025202954, -0.9659258262890684232, 0.000000000000000000 ) ) ;
#5151 = EDGE_CURVE ( 'NONE', #4009, #6457, #3978, .T. ) ;
#5152 = CARTESIAN_POINT ( 'NONE',  ( 5.355761184457482393, -4.648654403270934488, 3.049999999999999822 ) ) ;
#5153 = ORIENTED_EDGE ( 'NONE', *, *, #5233, .T. ) ;
#5154 = ORIENTED_EDGE ( 'NONE', *, *, #8325, .T. ) ;
#5155 = LINE ( 'NONE', #1782, #2144 ) ;
#5156 = CARTESIAN_POINT ( 'NONE',  ( 22.69583654340200951, 0.5000000000000005551, 2.286000000000000032 ) ) ;
#5157 = PERSON_AND_ORGANIZATION ( #3919, #5274 ) ;
#5158 = CARTESIAN_POINT ( 'NONE',  ( -10.66998877136687263, 3.192043302227724144, 2.286000000000000032 ) ) ;
#5159 = EDGE_LOOP ( 'NONE', ( #7443, #8037, #7689, #6950, #5731, #3335 ) ) ;
#5160 = FACE_OUTER_BOUND ( 'NONE', #7668, .T. ) ;
#5161 = ADVANCED_FACE ( 'NONE', ( #5608 ), #8304, .T. ) ;
#5162 = ORIENTED_EDGE ( 'NONE', *, *, #2238, .T. ) ;
#5163 = DIRECTION ( 'NONE',  ( 1.000000000000000000, 3.414809992080329023E-17, -0.000000000000000000 ) ) ;
#5164 = ORIENTED_EDGE ( 'NONE', *, *, #6134, .F. ) ;
#5165 = LINE ( 'NONE', #5833, #1695 ) ;
#5166 = ADVANCED_FACE ( 'NONE', ( #5570 ), #8264, .F. ) ;
#5167 = CARTESIAN_POINT ( 'NONE',  ( -10.99852262806236958, 6.350000000000002309, 2.286000000000000032 ) ) ;
#5168 = DIRECTION ( 'NONE',  ( 0.000000000000000000, 0.000000000000000000, 1.000000000000000000 ) ) ;
#5169 = CARTESIAN_POINT ( 'NONE',  ( 1.045259589288517699, 5.400961894323345724, 3.049999999999999822 ) ) ;
#5170 = ORIENTED_EDGE ( 'NONE', *, *, #3183, .F. ) ;
#5171 = ORIENTED_EDGE ( 'NONE', *, *, #8161, .T. ) ;
#5172 = VERTEX_POINT ( 'NONE', #3044 ) ;
#5173 = CARTESIAN_POINT ( 'NONE',  ( -19.89704525612473773, 12.70000000000000462, 2.286000000000000032 ) ) ;
#5174 = EDGE_CURVE ( 'NONE', #851, #1326, #6403, .T. ) ;
#5175 = LINE ( 'NONE', #5986, #7791 ) ;
#5176 = DIRECTION ( 'NONE',  ( 0.2588190451025198513, -0.9659258262890686453, 0.000000000000000000 ) ) ;
#5177 = PLANE ( 'NONE',  #6670 ) ;
#5178 = EDGE_CURVE ( 'NONE', #8485, #2893, #324, .T. ) ;
#5179 = ORIENTED_EDGE ( 'NONE', *, *, #107, .F. ) ;
#5180 = AXIS2_PLACEMENT_3D ( 'NONE', #2831, #2039, #4695 ) ;
#5181 = ORIENTED_EDGE ( 'NONE', *, *, #3029, .T. ) ;
#5182 = ORIENTED_EDGE ( 'NONE', *, *, #2932, .F. ) ;
#5183 = CARTESIAN_POINT ( 'NONE',  ( 22.82939620402573766, 1.863497014787717898, -2.286000000000000032 ) ) ;
#5184 = CARTESIAN_POINT ( 'NONE',  ( -2.465321113607005454, 2.000704077769502653, 2.286000000000000032 ) ) ;
#5185 = DIRECTION ( 'NONE',  ( 0.000000000000000000, 0.000000000000000000, -1.000000000000000000 ) ) ;
#5186 = PLANE ( 'NONE',  #7022 ) ;
#5187 = AXIS2_PLACEMENT_3D ( 'NONE', #3278, #8104, #7404 ) ;
#5188 = CARTESIAN_POINT ( 'NONE',  ( -21.99704525612473915, 12.70000000000000462, 2.286000000000000032 ) ) ;
#5189 = PLANE ( 'NONE',  #3942 ) ;
#5190 = CARTESIAN_POINT ( 'NONE',  ( 6.349999999999987210, -3.654415587728429671, -1.000000000000000000 ) ) ;
#5191 = ORIENTED_EDGE ( 'NONE', *, *, #4320, .T. ) ;
#5192 = PLANE ( 'NONE',  #4400 ) ;
#5193 = DIRECTION ( 'NONE',  ( 1.000000000000000000, 0.000000000000000000, -0.000000000000000000 ) ) ;
#5194 = AXIS2_PLACEMENT_3D ( 'NONE', #6102, #8097, #6066 ) ;
#5195 = ORIENTED_EDGE ( 'NONE', *, *, #6990, .F. ) ;
#5196 = ORIENTED_EDGE ( 'NONE', *, *, #2953, .T. ) ;
#5197 = CARTESIAN_POINT ( 'NONE',  ( 1.795259589288523250, 6.700000000000001066, 1.000000000000000000 ) ) ;
#5198 = ADVANCED_FACE ( 'NONE', ( #5160 ), #2409, .T. ) ;
#5199 = DIRECTION ( 'NONE',  ( 0.9659258262890686453, 0.2588190451025195737, -0.000000000000000000 ) ) ;
#5200 = APPROVAL_STATUS ( 'not_yet_approved' ) ;
#5201 = CARTESIAN_POINT ( 'NONE',  ( -21.80232471059842325, 5.428434702672293888, 3.049999999999999822 ) ) ;
#5202 = APPROVAL ( #3214, 'UNSPECIFIED' ) ;
#5203 = ORIENTED_EDGE ( 'NONE', *, *, #4793, .T. ) ;
#5204 = EDGE_CURVE ( 'NONE', #584, #1065, #2714, .T. ) ;
#5205 = LINE ( 'NONE', #3880, #2855 ) ;
#5206 = ORIENTED_EDGE ( 'NONE', *, *, #8726, .T. ) ;
#5207 = EDGE_CURVE ( 'NONE', #8036, #4901, #4488, .T. ) ;
#5208 = VECTOR ( 'NONE', #2260, 1000.000000000000000 ) ;
#5209 = PLANE ( 'NONE',  #8654 ) ;
#5210 = ORIENTED_EDGE ( 'NONE', *, *, #4225, .T. ) ;
#5211 = LINE ( 'NONE', #7911, #1286 ) ;
#5212 = DIRECTION ( 'NONE',  ( 0.000000000000000000, 0.000000000000000000, 1.000000000000000000 ) ) ;
#5213 = CARTESIAN_POINT ( 'NONE',  ( -2.805923595949015859, 2.098816814762452854, -1.000000000000000000 ) ) ;
#5214 = FACE_OUTER_BOUND ( 'NONE', #7969, .T. ) ;
#5215 = CARTESIAN_POINT ( 'NONE',  ( 25.39999999999999858, -5.200000000000001066, 3.049999999999999822 ) ) ;
#5216 = VECTOR ( 'NONE', #1296, 999.9999999999998863 ) ;
#5217 = ORIENTED_EDGE ( 'NONE', *, *, #4352, .F. ) ;
#5218 = ORIENTED_EDGE ( 'NONE', *, *, #4304, .T. ) ;
#5219 = FACE_OUTER_BOUND ( 'NONE', #8661, .T. ) ;
#5220 = ORIENTED_EDGE ( 'NONE', *, *, #1120, .T. ) ;
#5221 = EDGE_CURVE ( 'NONE', #3761, #743, #5679, .T. ) ;
#5222 = VECTOR ( 'NONE', #4721, 1000.000000000000000 ) ;
#5223 = LINE ( 'NONE', #4650, #1001 ) ;
#5224 = CARTESIAN_POINT ( 'NONE',  ( 25.39999999999999858, 0.000000000000000000, 1.000000000000000000 ) ) ;
#5225 = DIRECTION ( 'NONE',  ( 0.7071067811865476838, -0.7071067811865474617, 0.000000000000000000 ) ) ;
#5226 = DIRECTION ( 'NONE',  ( 1.000000000000000000, 0.000000000000000000, -0.000000000000000000 ) ) ;
#5227 = DIRECTION ( 'NONE',  ( -0.000000000000000000, -0.000000000000000000, -1.000000000000000000 ) ) ;
#5228 = ORIENTED_EDGE ( 'NONE', *, *, #2224, .T. ) ;
#5229 = VECTOR ( 'NONE', #1528, 999.9999999999998863 ) ;
#5230 = EDGE_CURVE ( 'NONE', #7276, #4401, #4536, .T. ) ;
#5231 = ORIENTED_EDGE ( 'NONE', *, *, #3075, .T. ) ;
#5232 = VERTEX_POINT ( 'NONE', #1789 ) ;
#5233 = EDGE_CURVE ( 'NONE', #316, #1387, #4449, .T. ) ;
#5234 = ORIENTED_EDGE ( 'NONE', *, *, #29, .F. ) ;
#5235 = DIRECTION ( 'NONE',  ( 0.2588190451025197958, -0.9659258262890685343, 0.000000000000000000 ) ) ;
#5236 = CARTESIAN_POINT ( 'NONE',  ( 3.894076404050987872, 4.601183185237535334, 1.000000000000000000 ) ) ;
#5237 = CARTESIAN_POINT ( 'NONE',  ( -9.579057211144460737, -1.628672078514268318, 3.050999999999999712 ) ) ;
#5238 = CARTESIAN_POINT ( 'NONE',  ( -7.326469107895388966, 0.01018326504134301966, -1.000000000000000000 ) ) ;
#5239 = VERTEX_POINT ( 'NONE', #7723 ) ;
#5240 = CARTESIAN_POINT ( 'NONE',  ( 14.56349701478771053, -2.570603795974264916, 2.286000000000000032 ) ) ;
#5241 = CARTESIAN_POINT ( 'NONE',  ( 6.349999999999987210, -3.654415587728429671, -2.286000000000000032 ) ) ;
#5242 = CARTESIAN_POINT ( 'NONE',  ( -10.99852262806236958, 6.350000000000002309, -2.286000000000000032 ) ) ;
#5243 = DIRECTION ( 'NONE',  ( -0.7071067811865470176, 0.7071067811865481278, 0.000000000000000000 ) ) ;
#5244 = CARTESIAN_POINT ( 'NONE',  ( -4.154740410711463383, -3.605702305034792943, 1.000000000000000000 ) ) ;
#5245 = ADVANCED_FACE ( 'NONE', ( #1652 ), #3690, .T. ) ;
#5246 = ORIENTED_EDGE ( 'NONE', *, *, #7944, .T. ) ;
#5247 = EDGE_CURVE ( 'NONE', #1460, #7560, #7150, .T. ) ;
#5248 = ORIENTED_EDGE ( 'NONE', *, *, #3305, .F. ) ;
#5249 = CARTESIAN_POINT ( 'NONE',  ( 2.570603795974258698, -1.863497014787716566, -1.000000000000000000 ) ) ;
#5250 = VECTOR ( 'NONE', #7709, 1000.000000000000114 ) ;
#5251 = CARTESIAN_POINT ( 'NONE',  ( -24.09704525612474058, 12.70000000000000462, -2.286999999999999922 ) ) ;
#5252 = DIRECTION ( 'NONE',  ( 1.000000000000000000, 0.000000000000000000, 0.000000000000000000 ) ) ;
#5253 = DIRECTION ( 'NONE',  ( -0.9659258262890688673, -0.2588190451025189631, 0.000000000000000000 ) ) ;
#5254 = EDGE_LOOP ( 'NONE', ( #3089, #6501, #2643, #7635, #3369, #7892, #7142 ) ) ;
#5255 = DIRECTION ( 'NONE',  ( 0.000000000000000000, 0.000000000000000000, 1.000000000000000000 ) ) ;
#5256 = VECTOR ( 'NONE', #1852, 1000.000000000000000 ) ;
#5257 = VECTOR ( 'NONE', #3712, 1000.000000000000000 ) ;
#5258 = ORIENTED_EDGE ( 'NONE', *, *, #7690, .T. ) ;
#5259 = EDGE_CURVE ( 'NONE', #4212, #5641, #5205, .T. ) ;
#5260 = CARTESIAN_POINT ( 'NONE',  ( 15.83538275175456000, -0.5000000000000000000, 2.286000000000000032 ) ) ;
#5261 = ORIENTED_EDGE ( 'NONE', *, *, #154, .F. ) ;
#5262 = CIRCLE ( 'NONE', #287, 2.100000000000000977 ) ;
#5263 = AXIS2_PLACEMENT_3D ( 'NONE', #3127, #2234, #5029 ) ;
#5264 = DIRECTION ( 'NONE',  ( -0.000000000000000000, -0.000000000000000000, -1.000000000000000000 ) ) ;
#5265 = CIRCLE ( 'NONE', #4404, 3.175000000000000711 ) ;
#5266 = DIRECTION ( 'NONE',  ( 0.000000000000000000, 0.000000000000000000, 1.000000000000000000 ) ) ;
#5267 = CARTESIAN_POINT ( 'NONE',  ( 4.251183185237534801, 9.155923595949012395, -1.000000000000000000 ) ) ;
#5268 = CARTESIAN_POINT ( 'NONE',  ( 6.349999999999987210, -3.654415587728429227, 1.000000000000000000 ) ) ;
#5269 = DIRECTION ( 'NONE',  ( 0.000000000000000000, 0.000000000000000000, 1.000000000000000000 ) ) ;
#5270 = ADVANCED_FACE ( 'NONE', ( #7905 ), #1833, .F. ) ;
#5271 = VECTOR ( 'NONE', #2854, 1000.000000000000114 ) ;
#5272 = VECTOR ( 'NONE', #7474, 1000.000000000000000 ) ;
#5273 = VECTOR ( 'NONE', #1192, 999.9999999999998863 ) ;
#5274 = ORGANIZATION ( 'UNSPECIFIED', 'UNSPECIFIED', '' ) ;
#5275 = ORIENTED_EDGE ( 'NONE', *, *, #4669, .F. ) ;
#5276 = ORIENTED_EDGE ( 'NONE', *, *, #2747, .F. ) ;
#5277 = DIRECTION ( 'NONE',  ( -0.000000000000000000, -0.000000000000000000, -1.000000000000000000 ) ) ;
#5278 = ORIENTED_EDGE ( 'NONE', *, *, #1758, .T. ) ;
#5279 = CARTESIAN_POINT ( 'NONE',  ( -9.552245033349360489E-16, -5.200000000000001954, 2.286000000000000032 ) ) ;
#5280 = CARTESIAN_POINT ( 'NONE',  ( 25.40000000000000213, 5.200000000000001066, 3.049999999999999822 ) ) ;
#5281 = CIRCLE ( 'NONE', #3562, 3.174999999999999822 ) ;
#5282 = VECTOR ( 'NONE', #4247, 1000.000000000000000 ) ;
#5283 = CARTESIAN_POINT ( 'NONE',  ( -15.60232471059841153, 16.16714970959932884, -3.049999999999999822 ) ) ;
#5284 = CARTESIAN_POINT ( 'NONE',  ( 1.795259589288523250, 6.700000000000001066, -1.000000000000000000 ) ) ;
#5285 = CARTESIAN_POINT ( 'NONE',  ( -8.387883332138496684, 3.971435077792938362, 1.000000000000000000 ) ) ;
#5286 = ORIENTED_EDGE ( 'NONE', *, *, #8472, .T. ) ;
#5287 = EDGE_CURVE ( 'NONE', #4863, #3944, #3124, .T. ) ;
#5288 = VECTOR ( 'NONE', #2674, 1000.000000000000000 ) ;
#5289 = VERTEX_POINT ( 'NONE', #6583 ) ;
#5290 = CARTESIAN_POINT ( 'NONE',  ( 19.05000000000001137, 3.654415587728429671, 3.049999999999999822 ) ) ;
#5291 = LINE ( 'NONE', #7984, #742 ) ;
#5292 = CARTESIAN_POINT ( 'NONE',  ( 3.804415587728416703, -6.200000000000001954, 3.049999999999999822 ) ) ;
#5293 = EDGE_CURVE ( 'NONE', #880, #1561, #5822, .T. ) ;
#5294 = VERTEX_POINT ( 'NONE', #5066 ) ;
#5295 = ADVANCED_FACE ( 'NONE', ( #1032 ), #4361, .F. ) ;
#5296 = DIRECTION ( 'NONE',  ( -0.000000000000000000, -0.000000000000000000, -1.000000000000000000 ) ) ;
#5297 = CARTESIAN_POINT ( 'NONE',  ( 1.795259589288523250, 6.700000000000001066, 1.000000000000000000 ) ) ;
#5298 = CARTESIAN_POINT ( 'NONE',  ( -13.09852262806237100, 6.350000000000002309, -2.286999999999999922 ) ) ;
#5299 = VERTEX_POINT ( 'NONE', #1119 ) ;
#5300 = VECTOR ( 'NONE', #4434, 1000.000000000000000 ) ;
#5301 = CARTESIAN_POINT ( 'NONE',  ( 1.045259589288522806, 5.400961894323343060, 1.000000000000000000 ) ) ;
#5302 = ORIENTED_EDGE ( 'NONE', *, *, #6823, .F. ) ;
#5303 = ORIENTED_EDGE ( 'NONE', *, *, #7817, .F. ) ;
#5304 = CARTESIAN_POINT ( 'NONE',  ( 21.59558441227158099, 6.200000000000001954, 2.286000000000000032 ) ) ;
#5305 = EDGE_CURVE ( 'NONE', #5494, #3269, #3825, .T. ) ;
#5306 = CARTESIAN_POINT ( 'NONE',  ( 0.000000000000000000, 0.000000000000000000, 2.286000000000000032 ) ) ;
#5307 =( NAMED_UNIT ( * ) PLANE_ANGLE_UNIT ( ) SI_UNIT ( $, .RADIAN. ) );
#5308 = DIRECTION ( 'NONE',  ( 0.000000000000000000, 0.000000000000000000, 1.000000000000000000 ) ) ;
#5309 = ORIENTED_EDGE ( 'NONE', *, *, #4041, .F. ) ;
#5310 = CYLINDRICAL_SURFACE ( 'NONE', #4137, 3.175000000000000711 ) ;
#5311 = EDGE_CURVE ( 'NONE', #6342, #6941, #357, .T. ) ;
#5312 = VERTEX_POINT ( 'NONE', #3924 ) ;
#5313 = DIRECTION ( 'NONE',  ( -0.7071067811865471286, -0.7071067811865479058, 0.000000000000000000 ) ) ;
#5314 = VERTEX_POINT ( 'NONE', #16 ) ;
#5315 = CARTESIAN_POINT ( 'NONE',  ( -10.99852262806236958, 6.350000000000002309, 2.286000000000000032 ) ) ;
#5316 = CARTESIAN_POINT ( 'NONE',  ( 19.04999999999999361, -5.068629150101528147, -3.049999999999999822 ) ) ;
#5317 = ORIENTED_EDGE ( 'NONE', *, *, #5663, .F. ) ;
#5318 = DIRECTION ( 'NONE',  ( 0.000000000000000000, 0.000000000000000000, 1.000000000000000000 ) ) ;
#5319 = EDGE_CURVE ( 'NONE', #6527, #1901, #5437, .T. ) ;
#5320 = VERTEX_POINT ( 'NONE', #2735 ) ;
#5321 = ORIENTED_EDGE ( 'NONE', *, *, #5810, .T. ) ;
#5322 = LINE ( 'NONE', #8013, #3630 ) ;
#5323 = ORIENTED_EDGE ( 'NONE', *, *, #247, .T. ) ;
#5324 = CARTESIAN_POINT ( 'NONE',  ( 21.59558441227158099, 6.200000000000001954, 3.049999999999999822 ) ) ;
#5325 = EDGE_CURVE ( 'NONE', #5726, #7131, #7793, .T. ) ;
#5326 = EDGE_CURVE ( 'NONE', #20, #5077, #2650, .T. ) ;
#5327 = LINE ( 'NONE', #3847, #2849 ) ;
#5328 = DIRECTION ( 'NONE',  ( 0.7071067811865482389, 0.7071067811865469066, 0.000000000000000000 ) ) ;
#5329 = CARTESIAN_POINT ( 'NONE',  ( -13.96346936704277297, 13.91456160635026151, 3.049999999999999822 ) ) ;
#5330 = ADVANCED_FACE ( 'NONE', ( #4762 ), #2022, .T. ) ;
#5331 = ORIENTED_EDGE ( 'NONE', *, *, #3446, .T. ) ;
#5332 = EDGE_CURVE ( 'NONE', #4764, #8244, #1929, .T. ) ;
#5333 = DIRECTION ( 'NONE',  ( -0.7071067811865469066, -0.7071067811865482389, 0.000000000000000000 ) ) ;
#5334 = CARTESIAN_POINT ( 'NONE',  ( -8.533201514455354797, 4.349295922230510314, 2.286000000000000032 ) ) ;
#5335 = CARTESIAN_POINT ( 'NONE',  ( -15.03449281214644451, 14.04797221441829969, 1.000000000000000000 ) ) ;
#5336 = CARTESIAN_POINT ( 'NONE',  ( 1.795259589288524804, 6.200000000000005507, 3.049999999999999822 ) ) ;
#5337 = PLANE ( 'NONE',  #4720 ) ;
#5338 = DIRECTION ( 'NONE',  ( -0.9659258262890686453, -0.2588190451025193517, 0.000000000000000000 ) ) ;
#5339 = LINE ( 'NONE', #2541, #4363 ) ;
#5340 = LINE ( 'NONE', #3204, #4860 ) ;
#5341 = ORIENTED_EDGE ( 'NONE', *, *, #5824, .F. ) ;
#5342 = CARTESIAN_POINT ( 'NONE',  ( -1.294459682984560045, 2.899137652669757870, 2.286000000000000032 ) ) ;
#5343 = CARTESIAN_POINT ( 'NONE',  ( -19.51443345744086955, 13.88285191678238739, 12.72085538888886802 ) ) ;
#5344 = EDGE_CURVE ( 'NONE', #2716, #8686, #8371, .T. ) ;
#5345 = EDGE_LOOP ( 'NONE', ( #5610, #1587, #2793, #8610, #996, #3166 ) ) ;
#5346 = VERTEX_POINT ( 'NONE', #1972 ) ;
#5347 = CARTESIAN_POINT ( 'NONE',  ( -6.490959663983255190, -2.256885490272336980, -2.286000000000000032 ) ) ;
#5348 = EDGE_CURVE ( 'NONE', #833, #348, #2423, .T. ) ;
#5349 = CARTESIAN_POINT ( 'NONE',  ( -14.67057614822933687, 12.68981673495868101, 3.049999999999999822 ) ) ;
#5350 = PLANE ( 'NONE',  #3237 ) ;
#5351 = ORIENTED_EDGE ( 'NONE', *, *, #340, .F. ) ;
#5352 = DIRECTION ( 'NONE',  ( 0.9659258262890685343, 0.2588190451025199068, -0.000000000000000000 ) ) ;
#5353 = EDGE_CURVE ( 'NONE', #1500, #530, #3351, .T. ) ;
#5354 = VERTEX_POINT ( 'NONE', #7465 ) ;
#5355 = LINE ( 'NONE', #7960, #6107 ) ;
#5356 = ORIENTED_EDGE ( 'NONE', *, *, #3456, .T. ) ;
#5357 = DIRECTION ( 'NONE',  ( -0.5000000000000057732, -0.8660254037844353769, 0.000000000000000000 ) ) ;
#5358 = VECTOR ( 'NONE', #5540, 1000.000000000000000 ) ;
#5359 = CARTESIAN_POINT ( 'NONE',  ( -14.15647932583464907, 6.021466143304517793, 2.286000000000000032 ) ) ;
#5360 = LINE ( 'NONE', #8051, #3316 ) ;
#5361 = VERTEX_POINT ( 'NONE', #8001 ) ;
#5362 = CARTESIAN_POINT ( 'NONE',  ( 21.59558441227158099, -6.200000000000001954, 2.286000000000000032 ) ) ;
#5363 = EDGE_CURVE ( 'NONE', #721, #4801, #714, .T. ) ;
#5364 = ORIENTED_EDGE ( 'NONE', *, *, #533, .T. ) ;
#5365 = ORIENTED_EDGE ( 'NONE', *, *, #4018, .T. ) ;
#5366 = CARTESIAN_POINT ( 'NONE',  ( 0.5324124995004488881, 11.41300950127961045, 1.000000000000000000 ) ) ;
#5367 = LINE ( 'NONE', #1987, #2857 ) ;
#5368 = FACE_OUTER_BOUND ( 'NONE', #5848, .T. ) ;
#5369 = DIRECTION ( 'NONE',  ( 0.000000000000000000, 0.000000000000000000, 1.000000000000000000 ) ) ;
#5370 = AXIS2_PLACEMENT_3D ( 'NONE', #225, #2493, #7712 ) ;
#5371 = DIRECTION ( 'NONE',  ( -0.000000000000000000, -0.000000000000000000, -1.000000000000000000 ) ) ;
#5372 = ORIENTED_EDGE ( 'NONE', *, *, #3621, .T. ) ;
#5373 = CARTESIAN_POINT ( 'NONE',  ( 5.819669914110098041, -5.112563132923548359, 12.74539167476553381 ) ) ;
#5374 = ADVANCED_FACE ( 'NONE', ( #1266 ), #8042, .T. ) ;
#5375 = CARTESIAN_POINT ( 'NONE',  ( -24.59704525612474058, 8.196667900320957045, 2.286000000000000032 ) ) ;
#5376 = DIRECTION ( 'NONE',  ( 1.000000000000000000, 0.000000000000000000, 0.000000000000000000 ) ) ;
#5377 = ORIENTED_EDGE ( 'NONE', *, *, #7556, .T. ) ;
#5378 = DIRECTION ( 'NONE',  ( -1.000000000000000000, 0.000000000000000000, 0.000000000000000000 ) ) ;
#5379 = VECTOR ( 'NONE', #2502, 999.9999999999998863 ) ;
#5380 = CARTESIAN_POINT ( 'NONE',  ( 25.39999999999999858, -5.200000000000001066, -3.049999999999999822 ) ) ;
#5381 = EDGE_LOOP ( 'NONE', ( #619, #5006, #5968, #2312 ) ) ;
#5382 = DIRECTION ( 'NONE',  ( -0.9659258262890684232, -0.2588190451025202954, 0.000000000000000000 ) ) ;
#5383 = EDGE_CURVE ( 'NONE', #8604, #4331, #4101, .T. ) ;
#5384 = EDGE_CURVE ( 'NONE', #3580, #7000, #1358, .T. ) ;
#5385 = ORIENTED_EDGE ( 'NONE', *, *, #3826, .F. ) ;
#5386 = ORIENTED_EDGE ( 'NONE', *, *, #8445, .T. ) ;
#5387 = CARTESIAN_POINT ( 'NONE',  ( -24.59704525612474058, 8.196667900320957045, 3.049999999999999822 ) ) ;
#5388 = DIRECTION ( 'NONE',  ( 1.000000000000000000, 0.000000000000000000, 0.000000000000000000 ) ) ;
#5389 = CARTESIAN_POINT ( 'NONE',  ( -21.99704525612473560, 12.70000000000003659, 1.000000000000000000 ) ) ;
#5390 = DIRECTION ( 'NONE',  ( 1.000000000000000000, 0.000000000000000000, 0.000000000000000000 ) ) ;
#5391 = EDGE_CURVE ( 'NONE', #5354, #3559, #6794, .T. ) ;
#5392 = ORIENTED_EDGE ( 'NONE', *, *, #6464, .F. ) ;
#5393 = ORIENTED_EDGE ( 'NONE', *, *, #2722, .F. ) ;
#5394 = DIRECTION ( 'NONE',  ( -0.000000000000000000, -0.000000000000000000, -1.000000000000000000 ) ) ;
#5395 = LINE ( 'NONE', #6149, #4410 ) ;
#5396 = DIRECTION ( 'NONE',  ( 0.000000000000000000, 0.000000000000000000, 1.000000000000000000 ) ) ;
#5397 = ORIENTED_EDGE ( 'NONE', *, *, #2262, .F. ) ;
#5398 = EDGE_CURVE ( 'NONE', #8214, #2734, #6094, .T. ) ;
#5399 = CARTESIAN_POINT ( 'NONE',  ( 4.251183185237534801, 9.155923595949012395, 1.000000000000000000 ) ) ;
#5400 = EDGE_CURVE ( 'NONE', #5703, #4150, #7388, .T. ) ;
#5401 = AXIS2_PLACEMENT_3D ( 'NONE', #767, #7346, #6147 ) ;
#5402 = AXIS2_PLACEMENT_3D ( 'NONE', #7105, #5867, #3740 ) ;
#5403 = AXIS2_PLACEMENT_3D ( 'NONE', #7909, #1835, #8581 ) ;
#5404 = VERTEX_POINT ( 'NONE', #1886 ) ;
#5405 = VECTOR ( 'NONE', #4828, 1000.000000000000000 ) ;
#5406 = PLANE ( 'NONE',  #8749 ) ;
#5407 = CARTESIAN_POINT ( 'NONE',  ( -3.100000000000038725, -5.369357503463504599, 1.000000000000000000 ) ) ;
#5408 = CARTESIAN_POINT ( 'NONE',  ( -6.394720545526317856, -3.467149709599302909, 3.049999999999999822 ) ) ;
#5409 = CYLINDRICAL_SURFACE ( 'NONE', #4627, 3.174999999999999822 ) ;
#5410 = EDGE_CURVE ( 'NONE', #6861, #5870, #4590, .T. ) ;
#5411 = AXIS2_PLACEMENT_3D ( 'NONE', #8725, #2059, #6627 ) ;
#5412 = ORIENTED_EDGE ( 'NONE', *, *, #7749, .T. ) ;
#5413 = CIRCLE ( 'NONE', #1573, 3.175000000000000711 ) ;
#5414 = VECTOR ( 'NONE', #6288, 1000.000000000000000 ) ;
#5415 = ADVANCED_FACE ( 'NONE', ( #2606 ), #5310, .T. ) ;
#5416 = VECTOR ( 'NONE', #7098, 1000.000000000000000 ) ;
#5417 = DIRECTION ( 'NONE',  ( 1.000000000000000000, 0.000000000000000000, 0.000000000000000000 ) ) ;
#5418 = CIRCLE ( 'NONE', #1311, 0.4999999999999950040 ) ;
#5419 = CARTESIAN_POINT ( 'NONE',  ( -10.99852262806236958, 6.350000000000002309, 2.286000000000000032 ) ) ;
#5420 = VECTOR ( 'NONE', #1321, 1000.000000000000000 ) ;
#5421 = CARTESIAN_POINT ( 'NONE',  ( -19.40517100672533246, 11.78093097359325192, 2.286000000000000032 ) ) ;
#5422 = CARTESIAN_POINT ( 'NONE',  ( -20.70608559214145217, 5.950221290914227801, 3.049999999999999822 ) ) ;
#5423 = ORIENTED_EDGE ( 'NONE', *, *, #2514, .T. ) ;
#5424 = CARTESIAN_POINT ( 'NONE',  ( -14.67057614822933687, 12.68981673495868101, -3.049999999999999822 ) ) ;
#5425 = CARTESIAN_POINT ( 'NONE',  ( 7.344238815542511567, -4.648654403270953139, 2.286000000000000032 ) ) ;
#5426 = VERTEX_POINT ( 'NONE', #2263 ) ;
#5427 = CARTESIAN_POINT ( 'NONE',  ( 22.69583654340200951, 0.5000000000000005551, -2.286000000000000032 ) ) ;
#5428 = AXIS2_PLACEMENT_3D ( 'NONE', #5290, #7174, #426 ) ;
#5429 = EDGE_CURVE ( 'NONE', #6222, #1200, #6306, .T. ) ;
#5430 = EDGE_LOOP ( 'NONE', ( #2444, #4646, #5908, #8048 ) ) ;
#5431 = ORIENTED_EDGE ( 'NONE', *, *, #8285, .T. ) ;
#5432 = CARTESIAN_POINT ( 'NONE',  ( -2.599999999999988098, -4.503332099679053790, 3.049999999999999822 ) ) ;
#5433 = EDGE_CURVE ( 'NONE', #5870, #7766, #100, .T. ) ;
#5434 = CARTESIAN_POINT ( 'NONE',  ( -21.99704525612473915, 12.70000000000000462, -2.286000000000000032 ) ) ;
#5435 = PLANE ( 'NONE',  #6481 ) ;
#5436 = VERTEX_POINT ( 'NONE', #6142 ) ;
#5437 = LINE ( 'NONE', #6056, #23 ) ;
#5438 = CIRCLE ( 'NONE', #2037, 2.100000000000000977 ) ;
#5439 = ORIENTED_EDGE ( 'NONE', *, *, #3402, .F. ) ;
#5440 = EDGE_LOOP ( 'NONE', ( #1061, #6629, #6082, #5582 ) ) ;
#5441 = FACE_BOUND ( 'NONE', #7573, .T. ) ;
#5442 = CARTESIAN_POINT ( 'NONE',  ( 3.135382751754560271, 0.5000000000000000000, 2.286000000000000032 ) ) ;
#5443 = EDGE_CURVE ( 'NONE', #4150, #1045, #4263, .T. ) ;
#5444 = DIRECTION ( 'NONE',  ( 0.9659258262890684232, 0.2588190451025204064, -0.000000000000000000 ) ) ;
#5445 = VERTEX_POINT ( 'NONE', #6840 ) ;
#5446 = DIRECTION ( 'NONE',  ( -0.7071067811865477948, -0.7071067811865473507, 0.000000000000000000 ) ) ;
#5447 = ORIENTED_EDGE ( 'NONE', *, *, #3267, .F. ) ;
#5448 = EDGE_CURVE ( 'NONE', #4125, #1908, #2900, .T. ) ;
#5449 = DIRECTION ( 'NONE',  ( 0.7071067811865474617, -0.7071067811865475727, 0.000000000000000000 ) ) ;
#5450 = CARTESIAN_POINT ( 'NONE',  ( -20.57757983920681966, 4.721327921485740653, 3.050999999999999712 ) ) ;
#5451 = CARTESIAN_POINT ( 'NONE',  ( -24.59704525612474058, 8.196667900320957045, -3.049999999999999822 ) ) ;
#5452 = DIRECTION ( 'NONE',  ( 1.000000000000000000, -1.189523621894263085E-16, 0.000000000000000000 ) ) ;
#5453 = ORIENTED_EDGE ( 'NONE', *, *, #1809, .F. ) ;
#5454 = ORIENTED_EDGE ( 'NONE', *, *, #4024, .T. ) ;
#5455 = CIRCLE ( 'NONE', #7997, 2.100000000000000977 ) ;
#5456 = ADVANCED_FACE ( 'NONE', ( #1434 ), #5511, .T. ) ;
#5457 = CARTESIAN_POINT ( 'NONE',  ( 1.045259589288517699, 5.400961894323345724, 3.049999999999999822 ) ) ;
#5458 = PLANE ( 'NONE',  #4991 ) ;
#5459 = LINE ( 'NONE', #8152, #4962 ) ;
#5460 = EDGE_CURVE ( 'NONE', #6721, #8567, #798, .T. ) ;
#5461 = FACE_OUTER_BOUND ( 'NONE', #1053, .T. ) ;
#5462 = DIRECTION ( 'NONE',  ( -0.000000000000000000, -0.000000000000000000, -1.000000000000000000 ) ) ;
#5463 = LINE ( 'NONE', #1547, #8380 ) ;
#5464 = DIRECTION ( 'NONE',  ( 0.000000000000000000, 0.000000000000000000, 1.000000000000000000 ) ) ;
#5465 = ORIENTED_EDGE ( 'NONE', *, *, #538, .F. ) ;
#5466 = AXIS2_PLACEMENT_3D ( 'NONE', #4173, #6784, #6254 ) ;
#5467 = PLANE ( 'NONE',  #1981 ) ;
#5468 = ORIENTED_EDGE ( 'NONE', *, *, #1489, .F. ) ;
#5469 = ORIENTED_EDGE ( 'NONE', *, *, #3596, .F. ) ;
#5470 = FACE_OUTER_BOUND ( 'NONE', #780, .T. ) ;
#5471 = CARTESIAN_POINT ( 'NONE',  ( 1.795259589288523250, 5.200000000000001066, 1.000000000000000000 ) ) ;
#5472 = DIRECTION ( 'NONE',  ( 0.000000000000000000, 0.000000000000000000, -1.000000000000000000 ) ) ;
#5473 = ORIENTED_EDGE ( 'NONE', *, *, #7567, .F. ) ;
#5474 = CARTESIAN_POINT ( 'NONE',  ( -2.465321113607005454, 2.000704077769502653, -1.000000000000000444 ) ) ;
#5475 = ORIENTED_EDGE ( 'NONE', *, *, #8414, .F. ) ;
#5476 = CIRCLE ( 'NONE', #1637, 1.500000000000000222 ) ;
#5477 = ORIENTED_EDGE ( 'NONE', *, *, #3411, .F. ) ;
#5478 = VERTEX_POINT ( 'NONE', #5474 ) ;
#5479 = DIRECTION ( 'NONE',  ( 0.8660254037844352659, -0.5000000000000056621, 0.000000000000000000 ) ) ;
#5480 = ADVANCED_FACE ( 'NONE', ( #890 ), #760, .T. ) ;
#5481 = PLANE ( 'NONE',  #6494 ) ;
#5482 = DIRECTION ( 'NONE',  ( 0.000000000000000000, 0.000000000000000000, 1.000000000000000000 ) ) ;
#5483 = CARTESIAN_POINT ( 'NONE',  ( 19.05000000000001137, 3.654415587728429671, 3.049999999999999822 ) ) ;
#5484 = ORIENTED_EDGE ( 'NONE', *, *, #1624, .F. ) ;
#5485 = ORIENTED_EDGE ( 'NONE', *, *, #3966, .T. ) ;
#5486 = AXIS2_PLACEMENT_3D ( 'NONE', #7934, #3158, #7283 ) ;
#5487 = CARTESIAN_POINT ( 'NONE',  ( 0.000000000000000000, 0.000000000000000000, 2.286000000000000032 ) ) ;
#5488 = DIRECTION ( 'NONE',  ( 0.8660254037844387076, -0.5000000000000001110, 0.000000000000000000 ) ) ;
#5489 = CARTESIAN_POINT ( 'NONE',  ( 18.05576118445748790, -4.648654403270951363, 3.049999999999999822 ) ) ;
#5490 = CARTESIAN_POINT ( 'NONE',  ( 15.27060379597425843, 1.863497014787719452, 2.286000000000000032 ) ) ;
#5491 = ORIENTED_EDGE ( 'NONE', *, *, #7428, .T. ) ;
#5492 = AXIS2_PLACEMENT_3D ( 'NONE', #6988, #3713, #337 ) ;
#5493 = EDGE_CURVE ( 'NONE', #4168, #5055, #8168, .T. ) ;
#5494 = VERTEX_POINT ( 'NONE', #3474 ) ;
#5495 = DIRECTION ( 'NONE',  ( 1.000000000000000000, 1.365923996832131609E-16, 0.000000000000000000 ) ) ;
#5496 = VECTOR ( 'NONE', #6266, 999.9999999999998863 ) ;
#5497 = LINE ( 'NONE', #5421, #710 ) ;
#5498 = DIRECTION ( 'NONE',  ( -0.000000000000000000, -0.000000000000000000, 1.000000000000000000 ) ) ;
#5499 = CARTESIAN_POINT ( 'NONE',  ( -13.59039687746176206, 7.269069026406795864, 2.286000000000000032 ) ) ;
#5500 = DIRECTION ( 'NONE',  ( 0.000000000000000000, 0.000000000000000000, -1.000000000000000000 ) ) ;
#5501 = DIRECTION ( 'NONE',  ( 1.000000000000000000, 0.000000000000000000, -0.000000000000000000 ) ) ;
#5502 = ORIENTED_EDGE ( 'NONE', *, *, #7047, .F. ) ;
#5503 = ORIENTED_EDGE ( 'NONE', *, *, #6321, .T. ) ;
#5504 = VERTEX_POINT ( 'NONE', #2223 ) ;
#5505 = CARTESIAN_POINT ( 'NONE',  ( -18.32499173595777364, 6.360183265041365885, 3.049999999999999822 ) ) ;
#5506 = CARTESIAN_POINT ( 'NONE',  ( -24.59704525612474058, 8.196667900320957045, 3.049999999999999822 ) ) ;
#5507 = AXIS2_PLACEMENT_3D ( 'NONE', #5306, #7998, #587 ) ;
#5508 = DIRECTION ( 'NONE',  ( 0.9659258262890686453, 0.2588190451025195737, -0.000000000000000000 ) ) ;
#5509 = DIRECTION ( 'NONE',  ( 1.000000000000000000, 3.552713678800501718E-15, 0.000000000000000000 ) ) ;
#5510 = VERTEX_POINT ( 'NONE', #6177 ) ;
#5511 = CYLINDRICAL_SURFACE ( 'NONE', #155, 3.175000000000000711 ) ;
#5512 = ADVANCED_FACE ( 'NONE', ( #2095 ), #4221, .T. ) ;
#5513 = EDGE_CURVE ( 'NONE', #1873, #3873, #6246, .T. ) ;
#5514 = VERTEX_POINT ( 'NONE', #7592 ) ;
#5515 = VERTEX_POINT ( 'NONE', #8340 ) ;
#5516 = ORIENTED_EDGE ( 'NONE', *, *, #1376, .F. ) ;
#5517 = CARTESIAN_POINT ( 'NONE',  ( 12.69999999999999929, 0.000000000000000000, 1.000000000000000000 ) ) ;
#5518 = DIRECTION ( 'NONE',  ( 0.5000000000000011102, 0.8660254037844380415, -0.000000000000000000 ) ) ;
#5519 = LINE ( 'NONE', #2066, #3851 ) ;
#5520 = FACE_OUTER_BOUND ( 'NONE', #4460, .T. ) ;
#5521 = CARTESIAN_POINT ( 'NONE',  ( 8.899837588508471953, 13.80457799921995665, 1.000000000000000000 ) ) ;
#5522 = EDGE_CURVE ( 'NONE', #3830, #779, #5634, .T. ) ;
#5523 = VERTEX_POINT ( 'NONE', #7677 ) ;
#5524 = DIRECTION ( 'NONE',  ( 0.000000000000000000, 0.000000000000000000, 1.000000000000000000 ) ) ;
#5525 = DIRECTION ( 'NONE',  ( -0.8660254037844352659, 0.5000000000000057732, 0.000000000000000000 ) ) ;
#5526 = VECTOR ( 'NONE', #5146, 1000.000000000000000 ) ;
#5527 = CYLINDRICAL_SURFACE ( 'NONE', #2726, 2.100000000000000977 ) ;
#5528 = DIRECTION ( 'NONE',  ( -0.000000000000000000, -0.000000000000000000, -1.000000000000000000 ) ) ;
#5529 = ADVANCED_FACE ( 'NONE', ( #1606 ), #4802, .F. ) ;
#5530 = ADVANCED_FACE ( 'NONE', ( #4308 ), #3552, .T. ) ;
#5531 = VERTEX_POINT ( 'NONE', #6269 ) ;
#5532 = AXIS2_PLACEMENT_3D ( 'NONE', #913, #1049, #8375 ) ;
#5533 = CIRCLE ( 'NONE', #1291, 5.200000000000002842 ) ;
#5534 = ORIENTED_EDGE ( 'NONE', *, *, #1108, .F. ) ;
#5535 = VERTEX_POINT ( 'NONE', #6878 ) ;
#5536 = DIRECTION ( 'NONE',  ( -0.000000000000000000, -0.000000000000000000, -1.000000000000000000 ) ) ;
#5537 = CARTESIAN_POINT ( 'NONE',  ( -11.32705648475784699, 9.507956697772282695, -1.000000000000000000 ) ) ;
#5538 = AXIS2_PLACEMENT_3D ( 'NONE', #3171, #2506, #8486 ) ;
#5539 = CIRCLE ( 'NONE', #6247, 3.175000000000000711 ) ;
#5540 = DIRECTION ( 'NONE',  ( -0.000000000000000000, -0.000000000000000000, -1.000000000000000000 ) ) ;
#5541 = LINE ( 'NONE', #3703, #4407 ) ;
#5542 = AXIS2_PLACEMENT_3D ( 'NONE', #5224, #7921, #6647 ) ;
#5543 = FACE_OUTER_BOUND ( 'NONE', #6921, .T. ) ;
#5544 = CARTESIAN_POINT ( 'NONE',  ( 19.05000000000001137, -3.654415587728429671, 3.049999999999999822 ) ) ;
#5545 = VERTEX_POINT ( 'NONE', #2182 ) ;
#5546 = AXIS2_PLACEMENT_3D ( 'NONE', #7427, #1354, #4585 ) ;
#5547 = VECTOR ( 'NONE', #6866, 1000.000000000000000 ) ;
#5548 = AXIS2_PLACEMENT_3D ( 'NONE', #5985, #6599, #465 ) ;
#5549 = VECTOR ( 'NONE', #2656, 1000.000000000000000 ) ;
#5550 = EDGE_LOOP ( 'NONE', ( #6632, #2581, #6197, #1633 ) ) ;
#5551 = ORIENTED_EDGE ( 'NONE', *, *, #219, .F. ) ;
#5552 = DIRECTION ( 'NONE',  ( -0.000000000000000000, -0.000000000000000000, -1.000000000000000000 ) ) ;
#5553 = LINE ( 'NONE', #8248, #1176 ) ;
#5554 = EDGE_CURVE ( 'NONE', #1562, #4553, #4885, .T. ) ;
#5555 = CARTESIAN_POINT ( 'NONE',  ( 3.804415587728416703, -6.200000000000001954, -2.286000000000000032 ) ) ;
#5556 = CARTESIAN_POINT ( 'NONE',  ( 17.50441558772843820, 5.200000000000001066, 3.049999999999999822 ) ) ;
#5557 = VECTOR ( 'NONE', #3670, 1000.000000000000000 ) ;
#5558 = ORIENTED_EDGE ( 'NONE', *, *, #247, .F. ) ;
#5559 = DIRECTION ( 'NONE',  ( 0.000000000000000000, 0.000000000000000000, -1.000000000000000000 ) ) ;
#5560 = ORIENTED_EDGE ( 'NONE', *, *, #6143, .T. ) ;
#5561 = ORIENTED_EDGE ( 'NONE', *, *, #734, .T. ) ;
#5562 = AXIS2_PLACEMENT_3D ( 'NONE', #3015, #5040, #2246 ) ;
#5563 = ORIENTED_EDGE ( 'NONE', *, *, #7944, .F. ) ;
#5564 = ADVANCED_FACE ( 'NONE', ( #4477 ), #7847, .T. ) ;
#5565 = ORIENTED_EDGE ( 'NONE', *, *, #2763, .F. ) ;
#5566 = DIRECTION ( 'NONE',  ( 0.2588190451025184080, -0.9659258262890689783, 0.000000000000000000 ) ) ;
#5567 = CARTESIAN_POINT ( 'NONE',  ( 22.82939620402573766, 1.863497014787716122, 2.286000000000000032 ) ) ;
#5568 = EDGE_CURVE ( 'NONE', #454, #348, #2352, .T. ) ;
#5569 = DIRECTION ( 'NONE',  ( 0.000000000000000000, 0.000000000000000000, 1.000000000000000000 ) ) ;
#5570 = FACE_OUTER_BOUND ( 'NONE', #8487, .T. ) ;
#5571 = VECTOR ( 'NONE', #1635, 999.9999999999998863 ) ;
#5572 = VECTOR ( 'NONE', #2067, 1000.000000000000000 ) ;
#5573 = ORIENTED_EDGE ( 'NONE', *, *, #1758, .F. ) ;
#5574 = CARTESIAN_POINT ( 'NONE',  ( -13.96384374166937192, 7.484678673985080799, 2.286000000000000032 ) ) ;
#5575 = ORIENTED_EDGE ( 'NONE', *, *, #1521, .F. ) ;
#5576 = DIRECTION ( 'NONE',  ( -1.000000000000000000, 0.000000000000000000, 0.000000000000000000 ) ) ;
#5577 = PLANE ( 'NONE',  #582 ) ;
#5578 = EDGE_CURVE ( 'NONE', #6015, #7485, #4392, .T. ) ;
#5579 = DIRECTION ( 'NONE',  ( 1.000000000000000000, 0.000000000000000000, 0.000000000000000000 ) ) ;
#5580 = ORIENTED_EDGE ( 'NONE', *, *, #2440, .F. ) ;
#5581 = AXIS2_PLACEMENT_3D ( 'NONE', #6949, #4211, #54 ) ;
#5582 = ORIENTED_EDGE ( 'NONE', *, *, #6676, .T. ) ;
#5583 = ORIENTED_EDGE ( 'NONE', *, *, #7149, .T. ) ;
#5584 = CARTESIAN_POINT ( 'NONE',  ( -6.490959663983257855, -2.256885490272335204, -1.000000000000000000 ) ) ;
#5585 = LINE ( 'NONE', #2118, #5405 ) ;
#5586 = ADVANCED_FACE ( 'NONE', ( #4525 ), #5192, .T. ) ;
#5587 = CARTESIAN_POINT ( 'NONE',  ( 1.045259589288517699, 5.400961894323345724, 2.286000000000000032 ) ) ;
#5588 = DIRECTION ( 'NONE',  ( 0.000000000000000000, 0.000000000000000000, 1.000000000000000000 ) ) ;
#5589 = CARTESIAN_POINT ( 'NONE',  ( -27.19704525612472068, 12.70000000000003659, 3.049999999999999822 ) ) ;
#5590 = CARTESIAN_POINT ( 'NONE',  ( -13.96384374166937192, 7.484678673985080799, 2.286000000000000032 ) ) ;
#5591 = ORIENTED_EDGE ( 'NONE', *, *, #3207, .T. ) ;
#5592 = VECTOR ( 'NONE', #663, 1000.000000000000000 ) ;
#5593 = VERTEX_POINT ( 'NONE', #349 ) ;
#5594 = ORIENTED_EDGE ( 'NONE', *, *, #3246, .F. ) ;
#5595 = LINE ( 'NONE', #95, #5687 ) ;
#5596 = DIRECTION ( 'NONE',  ( 1.000000000000000000, 0.000000000000000000, -0.000000000000000000 ) ) ;
#5597 = DIRECTION ( 'NONE',  ( 0.000000000000000000, 0.000000000000000000, 1.000000000000000000 ) ) ;
#5598 = DIRECTION ( 'NONE',  ( 0.000000000000000000, 0.000000000000000000, 1.000000000000000000 ) ) ;
#5599 = ORIENTED_EDGE ( 'NONE', *, *, #4161, .F. ) ;
#5600 = DIRECTION ( 'NONE',  ( -0.000000000000000000, -0.000000000000000000, -1.000000000000000000 ) ) ;
#5601 = EDGE_CURVE ( 'NONE', #5426, #2530, #266, .T. ) ;
#5602 = ORIENTED_EDGE ( 'NONE', *, *, #8118, .T. ) ;
#5603 = EDGE_CURVE ( 'NONE', #7011, #7821, #6114, .T. ) ;
#5604 = ORIENTED_EDGE ( 'NONE', *, *, #219, .T. ) ;
#5605 = ORIENTED_EDGE ( 'NONE', *, *, #5742, .T. ) ;
#5606 = CARTESIAN_POINT ( 'NONE',  ( 10.95118318523753764, -2.455923595949004223, -1.000000000000000000 ) ) ;
#5607 = FACE_OUTER_BOUND ( 'NONE', #6920, .T. ) ;
#5608 = FACE_OUTER_BOUND ( 'NONE', #6270, .T. ) ;
#5609 = VECTOR ( 'NONE', #6113, 1000.000000000000000 ) ;
#5610 = ORIENTED_EDGE ( 'NONE', *, *, #7262, .T. ) ;
#5611 = DIRECTION ( 'NONE',  ( -0.000000000000000000, -0.000000000000000000, -1.000000000000000000 ) ) ;
#5612 = DIRECTION ( 'NONE',  ( 0.8660254037844352659, -0.5000000000000056621, 0.000000000000000000 ) ) ;
#5613 = AXIS2_PLACEMENT_3D ( 'NONE', #4864, #812, #3574 ) ;
#5614 = LINE ( 'NONE', #4236, #2858 ) ;
#5615 = FACE_OUTER_BOUND ( 'NONE', #6863, .T. ) ;
#5616 = ORIENTED_EDGE ( 'NONE', *, *, #7029, .T. ) ;
#5617 = VERTEX_POINT ( 'NONE', #4349 ) ;
#5618 = EDGE_LOOP ( 'NONE', ( #6145, #2534, #1526, #4340 ) ) ;
#5619 = DIRECTION ( 'NONE',  ( 0.2588190451025194072, -0.9659258262890686453, 0.000000000000000000 ) ) ;
#5620 = LINE ( 'NONE', #8323, #5811 ) ;
#5621 = DIRECTION ( 'NONE',  ( -0.8660254037844380415, 0.5000000000000011102, 0.000000000000000000 ) ) ;
#5622 = CYLINDRICAL_SURFACE ( 'NONE', #8084, 3.175000000000004263 ) ;
#5623 = DIRECTION ( 'NONE',  ( -1.000000000000000000, 0.000000000000000000, 0.000000000000000000 ) ) ;
#5624 = ORIENTED_EDGE ( 'NONE', *, *, #6307, .F. ) ;
#5625 = EDGE_CURVE ( 'NONE', #8231, #4863, #7893, .T. ) ;
#5626 = AXIS2_PLACEMENT_3D ( 'NONE', #5389, #3967, #1970 ) ;
#5627 = ORIENTED_EDGE ( 'NONE', *, *, #719, .F. ) ;
#5628 = ORIENTED_EDGE ( 'NONE', *, *, #6224, .F. ) ;
#5629 = DIRECTION ( 'NONE',  ( 0.2588190451025189631, -0.9659258262890688673, 0.000000000000000000 ) ) ;
#5630 = CARTESIAN_POINT ( 'NONE',  ( 7.895584412271555941, -5.200000000000001066, -3.049999999999999822 ) ) ;
#5631 = CARTESIAN_POINT ( 'NONE',  ( 5.907106781186548083, 5.200000000000001066, -1.000000000000000000 ) ) ;
#5632 = FACE_OUTER_BOUND ( 'NONE', #5128, .T. ) ;
#5633 = VERTEX_POINT ( 'NONE', #5806 ) ;
#5634 = LINE ( 'NONE', #6917, #5109 ) ;
#5635 = EDGE_CURVE ( 'NONE', #685, #443, #7244, .T. ) ;
#5636 = EDGE_CURVE ( 'NONE', #6533, #2934, #8475, .T. ) ;
#5637 = EDGE_LOOP ( 'NONE', ( #3327, #7173 ) ) ;
#5638 = ORIENTED_EDGE ( 'NONE', *, *, #2078, .F. ) ;
#5639 = AXIS2_PLACEMENT_3D ( 'NONE', #1171, #3388, #6092 ) ;
#5640 = ORIENTED_EDGE ( 'NONE', *, *, #593, .F. ) ;
#5641 = VERTEX_POINT ( 'NONE', #390 ) ;
#5642 = LINE ( 'NONE', #2271, #1539 ) ;
#5643 = CARTESIAN_POINT ( 'NONE',  ( -21.99704525612473915, 12.70000000000000462, -2.286999999999999922 ) ) ;
#5644 = DIRECTION ( 'NONE',  ( 0.5000000000000058842, 0.8660254037844353769, -0.000000000000000000 ) ) ;
#5645 = LINE ( 'NONE', #7012, #3831 ) ;
#5646 = VECTOR ( 'NONE', #8, 999.9999999999998863 ) ;
#5647 = ORIENTED_EDGE ( 'NONE', *, *, #8133, .T. ) ;
#5648 = DIRECTION ( 'NONE',  ( -0.000000000000000000, -0.000000000000000000, -1.000000000000000000 ) ) ;
#5649 = DIRECTION ( 'NONE',  ( 1.000000000000000000, 3.414809992080329023E-17, 0.000000000000000000 ) ) ;
#5650 = EDGE_CURVE ( 'NONE', #507, #2881, #3640, .T. ) ;
#5651 = EDGE_CURVE ( 'NONE', #3772, #5593, #5281, .T. ) ;
#5652 = LINE ( 'NONE', #284, #5414 ) ;
#5653 = CARTESIAN_POINT ( 'NONE',  ( -10.99852262806236958, 6.350000000000002309, -2.286000000000000032 ) ) ;
#5654 = ORIENTED_EDGE ( 'NONE', *, *, #7652, .F. ) ;
#5655 = VERTEX_POINT ( 'NONE', #2313 ) ;
#5656 = AXIS2_PLACEMENT_3D ( 'NONE', #638, #6060, #6760 ) ;
#5657 = ORIENTED_EDGE ( 'NONE', *, *, #844, .T. ) ;
#5658 = CARTESIAN_POINT ( 'NONE',  ( 0.000000000000000000, 0.000000000000000000, 2.286000000000000032 ) ) ;
#5659 = EDGE_CURVE ( 'NONE', #372, #6386, #3730, .T. ) ;
#5660 = CYLINDRICAL_SURFACE ( 'NONE', #3681, 3.175000000000000711 ) ;
#5661 = LINE ( 'NONE', #4952, #377 ) ;
#5662 = FACE_OUTER_BOUND ( 'NONE', #6312, .T. ) ;
#5663 = EDGE_CURVE ( 'NONE', #6208, #8214, #3074, .T. ) ;
#5664 = VECTOR ( 'NONE', #2005, 1000.000000000000000 ) ;
#5665 = CARTESIAN_POINT ( 'NONE',  ( 17.50441558772843820, 5.200000000000000178, 2.286000000000000032 ) ) ;
#5666 = ORIENTED_EDGE ( 'NONE', *, *, #8268, .F. ) ;
#5667 = AXIS2_PLACEMENT_3D ( 'NONE', #7801, #6470, #4435 ) ;
#5668 = ORIENTED_EDGE ( 'NONE', *, *, #7772, .T. ) ;
#5669 = AXIS2_PLACEMENT_3D ( 'NONE', #6331, #7073, #7741 ) ;
#5670 = ORIENTED_EDGE ( 'NONE', *, *, #8664, .T. ) ;
#5671 = DIRECTION ( 'NONE',  ( 0.9659258262890685343, 0.2588190451025197958, 0.000000000000000000 ) ) ;
#5672 = DIRECTION ( 'NONE',  ( -0.000000000000000000, -0.000000000000000000, -1.000000000000000000 ) ) ;
#5673 = VECTOR ( 'NONE', #1578, 1000.000000000000114 ) ;
#5674 = PLANE ( 'NONE',  #7509 ) ;
#5675 = DIRECTION ( 'NONE',  ( 0.000000000000000000, 0.000000000000000000, 1.000000000000000000 ) ) ;
#5676 = CARTESIAN_POINT ( 'NONE',  ( 1.795259589288524582, 5.200000000000001066, -3.049999999999999822 ) ) ;
#5677 = EDGE_CURVE ( 'NONE', #5545, #3025, #4406, .T. ) ;
#5678 = CARTESIAN_POINT ( 'NONE',  ( 0.000000000000000000, 0.000000000000000000, 1.000000000000000000 ) ) ;
#5679 = CIRCLE ( 'NONE', #6376, 3.175000000000004263 ) ;
#5680 = CIRCLE ( 'NONE', #25, 3.175000000000000711 ) ;
#5681 = VECTOR ( 'NONE', #6099, 1000.000000000000000 ) ;
#5682 = ORIENTED_EDGE ( 'NONE', *, *, #416, .F. ) ;
#5683 = ORIENTED_EDGE ( 'NONE', *, *, #6812, .F. ) ;
#5684 = ORIENTED_EDGE ( 'NONE', *, *, #8763, .T. ) ;
#5685 = LINE ( 'NONE', #4313, #6952 ) ;
#5686 = ADVANCED_FACE ( 'NONE', ( #3033 ), #6387, .T. ) ;
#5687 = VECTOR ( 'NONE', #8163, 1000.000000000000000 ) ;
#5688 = AXIS2_PLACEMENT_3D ( 'NONE', #8484, #3823, #2504 ) ;
#5689 = VECTOR ( 'NONE', #5296, 1000.000000000000000 ) ;
#5690 = CARTESIAN_POINT ( 'NONE',  ( 25.40000000000000213, 5.200000000000001066, 1.000000000000000000 ) ) ;
#5691 = DIRECTION ( 'NONE',  ( -0.2588190451025204619, 0.9659258262890684232, 0.000000000000000000 ) ) ;
#5692 = DIRECTION ( 'NONE',  ( -0.000000000000000000, -0.000000000000000000, -1.000000000000000000 ) ) ;
#5693 = FACE_OUTER_BOUND ( 'NONE', #8750, .T. ) ;
#5694 = VECTOR ( 'NONE', #3291, 1000.000000000000000 ) ;
#5695 = ORIENTED_EDGE ( 'NONE', *, *, #62, .T. ) ;
#5696 = CARTESIAN_POINT ( 'NONE',  ( 10.83650298521228805, -2.570603795974264028, -1.000000000000000000 ) ) ;
#5697 = VERTEX_POINT ( 'NONE', #2398 ) ;
#5698 = DIRECTION ( 'NONE',  ( -0.5000000000000057732, -0.8660254037844353769, 0.000000000000000000 ) ) ;
#5699 = DIRECTION ( 'NONE',  ( -0.7071067811865474617, 0.7071067811865475727, 0.000000000000000000 ) ) ;
#5700 = VECTOR ( 'NONE', #8025, 1000.000000000000000 ) ;
#5701 = AXIS2_PLACEMENT_3D ( 'NONE', #6064, #602, #6682 ) ;
#5702 = CARTESIAN_POINT ( 'NONE',  ( -7.840565930290091856, 6.678533856695505477, -1.000000000000000000 ) ) ;
#5703 = VERTEX_POINT ( 'NONE', #5056 ) ;
#5704 = EDGE_CURVE ( 'NONE', #5641, #7670, #7754, .T. ) ;
#5705 = ORIENTED_EDGE ( 'NONE', *, *, #3039, .F. ) ;
#5706 = ORIENTED_EDGE ( 'NONE', *, *, #593, .T. ) ;
#5707 = LINE ( 'NONE', #2379, #2425 ) ;
#5708 = CARTESIAN_POINT ( 'NONE',  ( 20.18137084989847452, 6.200000000000001066, 3.050999999999999712 ) ) ;
#5709 = VECTOR ( 'NONE', #3539, 1000.000000000000000 ) ;
#5710 = CARTESIAN_POINT ( 'NONE',  ( -9.552245033349360489E-16, -5.200000000000001954, 3.049999999999999822 ) ) ;
#5711 = PLANE ( 'NONE',  #150 ) ;
#5712 = CYLINDRICAL_SURFACE ( 'NONE', #6975, 3.175000000000000711 ) ;
#5713 = ORIENTED_EDGE ( 'NONE', *, *, #7467, .F. ) ;
#5714 = ORIENTED_EDGE ( 'NONE', *, *, #7206, .F. ) ;
#5715 = ORIENTED_EDGE ( 'NONE', *, *, #6438, .T. ) ;
#5716 = LINE ( 'NONE', #8426, #311 ) ;
#5717 = CARTESIAN_POINT ( 'NONE',  ( -8.033201514455356573, 5.215321326014949577, 2.286000000000000032 ) ) ;
#5718 = PLANE ( 'NONE',  #5802 ) ;
#5719 = DIRECTION ( 'NONE',  ( -0.000000000000000000, -0.000000000000000000, -1.000000000000000000 ) ) ;
#5720 = CARTESIAN_POINT ( 'NONE',  ( 20.59558441227158099, 5.200000000000001066, 3.049999999999999822 ) ) ;
#5721 = ORIENTED_EDGE ( 'NONE', *, *, #8129, .F. ) ;
#5722 = CARTESIAN_POINT ( 'NONE',  ( 25.40000000000000213, 5.200000000000001066, 3.049999999999999822 ) ) ;
#5723 = ADVANCED_FACE ( 'NONE', ( #1062 ), #8662, .F. ) ;
#5724 = ORIENTED_EDGE ( 'NONE', *, *, #4050, .F. ) ;
#5725 = VERTEX_POINT ( 'NONE', #485 ) ;
#5726 = VERTEX_POINT ( 'NONE', #3870 ) ;
#5727 = CARTESIAN_POINT ( 'NONE',  ( 11.14142107299598017, 2.265685708190568803, 12.74539167476553381 ) ) ;
#5728 = DIRECTION ( 'NONE',  ( 0.7071067811865479058, 0.7071067811865471286, -0.000000000000000000 ) ) ;
#5729 = CARTESIAN_POINT ( 'NONE',  ( -28.19704525612467094, 12.70000000000014673, 3.049999999999999822 ) ) ;
#5730 = CARTESIAN_POINT ( 'NONE',  ( -21.80232471059842325, 5.428434702672293888, -3.049999999999999822 ) ) ;
#5731 = ORIENTED_EDGE ( 'NONE', *, *, #7029, .F. ) ;
#5732 = DIRECTION ( 'NONE',  ( 1.000000000000000000, 1.365923996832131609E-16, 0.000000000000000000 ) ) ;
#5733 = ORIENTED_EDGE ( 'NONE', *, *, #8584, .T. ) ;
#5734 = EDGE_CURVE ( 'NONE', #3935, #3525, #6685, .T. ) ;
#5735 = CYLINDRICAL_SURFACE ( 'NONE', #7522, 3.175000000000000711 ) ;
#5736 = VERTEX_POINT ( 'NONE', #1961 ) ;
#5737 = DIRECTION ( 'NONE',  ( 1.000000000000000000, 0.000000000000000000, 0.000000000000000000 ) ) ;
#5738 = LINE ( 'NONE', #5781, #3417 ) ;
#5739 = CARTESIAN_POINT ( 'NONE',  ( 20.90710678118654542, -5.200000000000001066, 3.049999999999999822 ) ) ;
#5740 = CARTESIAN_POINT ( 'NONE',  ( 9.564617248245436798, 0.4999999999999990563, -1.000000000000000000 ) ) ;
#5741 = ORIENTED_EDGE ( 'NONE', *, *, #6559, .T. ) ;
#5742 = EDGE_CURVE ( 'NONE', #8002, #5641, #1255, .T. ) ;
#5743 = VERTEX_POINT ( 'NONE', #5342 ) ;
#5744 = CIRCLE ( 'NONE', #3070, 2.100000000000000089 ) ;
#5745 = VERTEX_POINT ( 'NONE', #8032 ) ;
#5746 = CARTESIAN_POINT ( 'NONE',  ( 17.50441558772843820, -5.200000000000001066, 3.049999999999999822 ) ) ;
#5747 = CARTESIAN_POINT ( 'NONE',  ( -13.96346936704277297, 13.91456160635026151, 3.049999999999999822 ) ) ;
#5748 = DIRECTION ( 'NONE',  ( -3.414809992080329023E-17, 1.000000000000000000, 0.000000000000000000 ) ) ;
#5749 = CARTESIAN_POINT ( 'NONE',  ( 14.96568570819055743, 1.558578927004018677, 12.74539167476553381 ) ) ;
#5750 = DIRECTION ( 'NONE',  ( 0.7071067811865474617, -0.7071067811865476838, 0.000000000000000000 ) ) ;
#5751 = ORIENTED_EDGE ( 'NONE', *, *, #6453, .F. ) ;
#5752 = ADVANCED_FACE ( 'NONE', ( #2544 ), #7373, .T. ) ;
#5753 = VERTEX_POINT ( 'NONE', #6660 ) ;
#5754 = ORIENTED_EDGE ( 'NONE', *, *, #1110, .T. ) ;
#5755 = CARTESIAN_POINT ( 'NONE',  ( 1.155148208520079711, 9.088928195530911580, -1.000000000000000000 ) ) ;
#5756 = CARTESIAN_POINT ( 'NONE',  ( -18.32499173595777364, 6.360183265041365885, -2.286000000000000032 ) ) ;
#5757 = DIRECTION ( 'NONE',  ( -0.000000000000000000, -0.000000000000000000, 1.000000000000000000 ) ) ;
#5758 = EDGE_CURVE ( 'NONE', #6621, #8640, #7529, .T. ) ;
#5759 = CARTESIAN_POINT ( 'NONE',  ( -10.99852262806236958, 6.350000000000002309, 2.286000000000000032 ) ) ;
#5760 = CARTESIAN_POINT ( 'NONE',  ( 0.000000000000000000, 0.000000000000000000, -2.286999999999999922 ) ) ;
#5761 = ORIENTED_EDGE ( 'NONE', *, *, #3572, .T. ) ;
#5762 = CARTESIAN_POINT ( 'NONE',  ( -6.962552443978283101, -1.347972214418268866, 3.049999999999999822 ) ) ;
#5763 = LINE ( 'NONE', #6476, #5937 ) ;
#5764 = VECTOR ( 'NONE', #6420, 1000.000000000000000 ) ;
#5765 = VERTEX_POINT ( 'NONE', #3206 ) ;
#5766 = EDGE_LOOP ( 'NONE', ( #1260, #3738, #1749, #3154 ) ) ;
#5767 = DIRECTION ( 'NONE',  ( -0.8660254037844379305, 0.5000000000000011102, 0.000000000000000000 ) ) ;
#5768 = EDGE_CURVE ( 'NONE', #3118, #7361, #7992, .T. ) ;
#5769 = VECTOR ( 'NONE', #2898, 1000.000000000000000 ) ;
#5770 = LINE ( 'NONE', #934, #5930 ) ;
#5771 = PERSON_AND_ORGANIZATION ( #3919, #5274 ) ;
#5772 = CARTESIAN_POINT ( 'NONE',  ( 1.795259589288523250, 5.200000000000001066, 1.000000000000000000 ) ) ;
#5773 = ORIENTED_EDGE ( 'NONE', *, *, #3392, .F. ) ;
#5774 = CARTESIAN_POINT ( 'NONE',  ( -18.61798804498027948, 3.589957071587262405, 3.049999999999999822 ) ) ;
#5775 = EDGE_CURVE ( 'NONE', #3384, #5872, #1212, .T. ) ;
#5776 = ORIENTED_EDGE ( 'NONE', *, *, #2357, .F. ) ;
#5777 = CARTESIAN_POINT ( 'NONE',  ( -21.99704525612473915, 12.70000000000000462, 2.286000000000000032 ) ) ;
#5778 = ORIENTED_EDGE ( 'NONE', *, *, #3941, .F. ) ;
#5779 = DIRECTION ( 'NONE',  ( 1.000000000000000000, 0.000000000000000000, 0.000000000000000000 ) ) ;
#5780 = EDGE_CURVE ( 'NONE', #3882, #2288, #6618, .T. ) ;
#5781 = CARTESIAN_POINT ( 'NONE',  ( -14.67057614822933687, 12.68981673495868101, 3.049999999999999822 ) ) ;
#5782 = DIRECTION ( 'NONE',  ( -0.7071067811865483499, 0.7071067811865467956, 0.000000000000000000 ) ) ;
#5783 = VECTOR ( 'NONE', #4855, 1000.000000000000114 ) ;
#5784 = CARTESIAN_POINT ( 'NONE',  ( 10.12939620402573837, 1.863497014787713901, 2.286000000000000032 ) ) ;
#5785 = DIRECTION ( 'NONE',  ( -0.000000000000000000, -0.000000000000000000, -1.000000000000000000 ) ) ;
#5786 = ADVANCED_FACE ( 'NONE', ( #5950 ), #4622, .T. ) ;
#5787 = ORIENTED_EDGE ( 'NONE', *, *, #3913, .F. ) ;
#5788 = ORIENTED_EDGE ( 'NONE', *, *, #5443, .T. ) ;
#5789 = ORIENTED_EDGE ( 'NONE', *, *, #8569, .T. ) ;
#5790 = CARTESIAN_POINT ( 'NONE',  ( -1.182851916782355461, 2.482611798683860727, 12.72085538888886802 ) ) ;
#5791 = ADVANCED_FACE ( 'NONE', ( #8717 ), #2641, .F. ) ;
#5792 = FACE_OUTER_BOUND ( 'NONE', #1933, .T. ) ;
#5793 = CARTESIAN_POINT ( 'NONE',  ( 0.000000000000000000, 0.000000000000000000, 2.286000000000000032 ) ) ;
#5794 = CARTESIAN_POINT ( 'NONE',  ( -15.03449281214644628, 14.04797221441829791, 3.049999999999999822 ) ) ;
#5795 = CARTESIAN_POINT ( 'NONE',  ( 2.570603795974260919, 1.863497014787713679, -1.000000000000000000 ) ) ;
#5796 = ORIENTED_EDGE ( 'NONE', *, *, #517, .T. ) ;
#5797 = ORIENTED_EDGE ( 'NONE', *, *, #3318, .F. ) ;
#5798 = ORIENTED_EDGE ( 'NONE', *, *, #1663, .T. ) ;
#5799 = DIRECTION ( 'NONE',  ( 0.7071067811865465735, 0.7071067811865484609, -0.000000000000000000 ) ) ;
#5800 = EDGE_CURVE ( 'NONE', #4186, #3256, #8675, .T. ) ;
#5801 = DIRECTION ( 'NONE',  ( 0.000000000000000000, 0.000000000000000000, 1.000000000000000000 ) ) ;
#5802 = AXIS2_PLACEMENT_3D ( 'NONE', #1057, #4387, #5009 ) ;
#5803 = PLANE ( 'NONE',  #3145 ) ;
#5804 = DIRECTION ( 'NONE',  ( -0.000000000000000000, -0.000000000000000000, 1.000000000000000000 ) ) ;
#5805 = ORIENTED_EDGE ( 'NONE', *, *, #4225, .F. ) ;
#5806 = CARTESIAN_POINT ( 'NONE',  ( 15.83538275175456000, 0.5000000000000002220, -1.000000000000000000 ) ) ;
#5807 = DIRECTION ( 'NONE',  ( 1.000000000000000000, 0.000000000000000000, 0.000000000000000000 ) ) ;
#5808 = AXIS2_PLACEMENT_3D ( 'NONE', #4038, #2952, #6353 ) ;
#5809 = VECTOR ( 'NONE', #7302, 1000.000000000000000 ) ;
#5810 = EDGE_CURVE ( 'NONE', #5289, #4689, #999, .T. ) ;
#5811 = VECTOR ( 'NONE', #3624, 1000.000000000000000 ) ;
#5812 = ORIENTED_EDGE ( 'NONE', *, *, #3172, .F. ) ;
#5813 = ORIENTED_EDGE ( 'NONE', *, *, #8035, .T. ) ;
#5814 = DIRECTION ( 'NONE',  ( 0.000000000000000000, 0.000000000000000000, -1.000000000000000000 ) ) ;
#5815 = EDGE_CURVE ( 'NONE', #331, #8437, #3733, .T. ) ;
#5816 = LINE ( 'NONE', #6482, #255 ) ;
#5817 = CARTESIAN_POINT ( 'NONE',  ( 25.40000000000000213, 5.200000000000001066, 2.286000000000000032 ) ) ;
#5818 = VECTOR ( 'NONE', #8443, 1000.000000000000000 ) ;
#5819 = VECTOR ( 'NONE', #160, 1000.000000000000000 ) ;
#5820 = ORIENTED_EDGE ( 'NONE', *, *, #6851, .T. ) ;
#5821 = CIRCLE ( 'NONE', #2011, 2.100000000000000977 ) ;
#5822 = LINE ( 'NONE', #2464, #1861 ) ;
#5823 = VECTOR ( 'NONE', #8743, 1000.000000000000000 ) ;
#5824 = EDGE_CURVE ( 'NONE', #4310, #3253, #975, .T. ) ;
#5825 = VECTOR ( 'NONE', #5903, 1000.000000000000000 ) ;
#5826 = VECTOR ( 'NONE', #7600, 1000.000000000000114 ) ;
#5827 = ORIENTED_EDGE ( 'NONE', *, *, #7816, .T. ) ;
#5828 = AXIS2_PLACEMENT_3D ( 'NONE', #7889, #4047, #6042 ) ;
#5829 = VECTOR ( 'NONE', #2104, 1000.000000000000000 ) ;
#5830 = CARTESIAN_POINT ( 'NONE',  ( 3.544076404050988671, 8.448816814762466265, 1.000000000000000000 ) ) ;
#5831 = VERTEX_POINT ( 'NONE', #2356 ) ;
#5832 = ADVANCED_FACE ( 'NONE', ( #7051 ), #1612, .F. ) ;
#5833 = CARTESIAN_POINT ( 'NONE',  ( 2.570603795974260919, 1.863497014787713679, 2.286000000000000032 ) ) ;
#5834 = LINE ( 'NONE', #3834, #8225 ) ;
#5835 = CARTESIAN_POINT ( 'NONE',  ( -3.174999999999999822, 0.000000000000000000, -1.000000000000000000 ) ) ;
#5836 = CARTESIAN_POINT ( 'NONE',  ( -3.174999999999999822, 0.000000000000000000, 2.286000000000000032 ) ) ;
#5837 = DIRECTION ( 'NONE',  ( -1.000000000000000000, -3.414809992080329023E-17, 0.000000000000000000 ) ) ;
#5838 = VECTOR ( 'NONE', #3807, 1000.000000000000000 ) ;
#5839 = VERTEX_POINT ( 'NONE', #7718 ) ;
#5840 = ORIENTED_EDGE ( 'NONE', *, *, #8315, .T. ) ;
#5841 = VERTEX_POINT ( 'NONE', #7005 ) ;
#5842 = LINE ( 'NONE', #1803, #724 ) ;
#5843 = EDGE_CURVE ( 'NONE', #8212, #1036, #5685, .T. ) ;
#5844 = LINE ( 'NONE', #8596, #1303 ) ;
#5845 = LINE ( 'NONE', #2480, #6628 ) ;
#5846 = CYLINDRICAL_SURFACE ( 'NONE', #279, 3.174999999999999822 ) ;
#5847 = CARTESIAN_POINT ( 'NONE',  ( 4.804415587728419368, -5.200000000000001066, 3.049999999999999822 ) ) ;
#5848 = EDGE_LOOP ( 'NONE', ( #4578, #2442, #6274, #5473 ) ) ;
#5849 = ORIENTED_EDGE ( 'NONE', *, *, #980, .F. ) ;
#5850 = DIRECTION ( 'NONE',  ( -1.000000000000000000, -3.414809992080329023E-17, 0.000000000000000000 ) ) ;
#5851 = EDGE_CURVE ( 'NONE', #3035, #3436, #3819, .T. ) ;
#5852 = FACE_OUTER_BOUND ( 'NONE', #2233, .T. ) ;
#5853 = DIRECTION ( 'NONE',  ( -0.9659258262890690894, -0.2588190451025182415, 0.000000000000000000 ) ) ;
#5854 = CYLINDRICAL_SURFACE ( 'NONE', #7100, 3.175000000000000711 ) ;
#5855 = CARTESIAN_POINT ( 'NONE',  ( -6.962552443978283101, -1.347972214418268866, 2.286000000000003141 ) ) ;
#5856 = EDGE_LOOP ( 'NONE', ( #6967, #4567, #3510, #3106 ) ) ;
#5857 = CARTESIAN_POINT ( 'NONE',  ( -2.465321113607005454, 2.000704077769502653, 2.286000000000000032 ) ) ;
#5858 = FACE_OUTER_BOUND ( 'NONE', #1675, .T. ) ;
#5859 = ADVANCED_FACE ( 'NONE', ( #7762 ), #3645, .T. ) ;
#5860 = VERTEX_POINT ( 'NONE', #4482 ) ;
#5861 = VERTEX_POINT ( 'NONE', #4396 ) ;
#5862 = CARTESIAN_POINT ( 'NONE',  ( -19.51443345744086955, 13.88285191678238739, 2.286000000000000032 ) ) ;
#5863 = CARTESIAN_POINT ( 'NONE',  ( 21.59558441227158099, 6.200000000000001954, 3.049999999999999822 ) ) ;
#5864 = DATE_AND_TIME ( #3262, #725 ) ;
#5865 = DIRECTION ( 'NONE',  ( -0.9659258262890686453, -0.2588190451025198513, -0.000000000000000000 ) ) ;
#5866 = EDGE_LOOP ( 'NONE', ( #8027, #2388, #2401, #4899 ) ) ;
#5867 = DIRECTION ( 'NONE',  ( -0.2588190451025186301, 0.9659258262890688673, 0.000000000000000000 ) ) ;
#5868 = EDGE_CURVE ( 'NONE', #7512, #880, #5155, .T. ) ;
#5869 = EDGE_CURVE ( 'NONE', #6168, #1947, #8480, .T. ) ;
#5870 = VERTEX_POINT ( 'NONE', #2317 ) ;
#5871 = FACE_OUTER_BOUND ( 'NONE', #258, .T. ) ;
#5872 = VERTEX_POINT ( 'NONE', #5105 ) ;
#5873 = CYLINDRICAL_SURFACE ( 'NONE', #2258, 3.175000000000000711 ) ;
#5874 = DIRECTION ( 'NONE',  ( 0.2588190451025234595, -0.9659258262890675351, 0.000000000000000000 ) ) ;
#5875 = CARTESIAN_POINT ( 'NONE',  ( 9.564617248245436798, -0.4999999999999996669, -1.000000000000000000 ) ) ;
#5876 = CARTESIAN_POINT ( 'NONE',  ( -18.83908855835246143, 13.02853385669551933, 2.286000000000000032 ) ) ;
#5877 = EDGE_CURVE ( 'NONE', #789, #5320, #3774, .T. ) ;
#5878 = DIRECTION ( 'NONE',  ( 1.000000000000000000, 0.000000000000000000, 0.000000000000000000 ) ) ;
#5879 = ORIENTED_EDGE ( 'NONE', *, *, #5460, .T. ) ;
#5880 = ORIENTED_EDGE ( 'NONE', *, *, #256, .T. ) ;
#5881 = LINE ( 'NONE', #8778, #8591 ) ;
#5882 = ORIENTED_EDGE ( 'NONE', *, *, #6424, .T. ) ;
#5883 = CARTESIAN_POINT ( 'NONE',  ( -17.96107507204066067, 5.002027785581732999, 3.049999999999999822 ) ) ;
#5884 = FACE_OUTER_BOUND ( 'NONE', #7523, .T. ) ;
#5885 = LINE ( 'NONE', #5283, #6898 ) ;
#5886 = EDGE_CURVE ( 'NONE', #584, #5426, #1646, .T. ) ;
#5887 = CARTESIAN_POINT ( 'NONE',  ( 1.795259589288523250, -0.5000000000000004441, -1.000000000000000000 ) ) ;
#5888 = CARTESIAN_POINT ( 'NONE',  ( -13.46384374166936837, 8.350704077769517397, -1.000000000000000444 ) ) ;
#5889 = ORIENTED_EDGE ( 'NONE', *, *, #5851, .F. ) ;
#5890 = ADVANCED_FACE ( 'NONE', ( #7811 ), #1742, .F. ) ;
#5891 = AXIS2_PLACEMENT_3D ( 'NONE', #6859, #4119, #3492 ) ;
#5892 = ORIENTED_EDGE ( 'NONE', *, *, #1563, .T. ) ;
#5893 = ORIENTED_EDGE ( 'NONE', *, *, #8664, .F. ) ;
#5894 = ORIENTED_EDGE ( 'NONE', *, *, #2283, .T. ) ;
#5895 = DIRECTION ( 'NONE',  ( 0.9659258262890685343, 0.2588190451025197958, 0.000000000000000000 ) ) ;
#5896 = CARTESIAN_POINT ( 'NONE',  ( -12.29298231104691652, 9.249137652669766396, 2.286000000000000032 ) ) ;
#5897 = DIRECTION ( 'NONE',  ( -2.973809054735657095E-17, 1.000000000000000000, 0.000000000000000000 ) ) ;
#5898 = EDGE_LOOP ( 'NONE', ( #8466, #2463, #7695, #3056, #8512, #3383, #46, #5640 ) ) ;
#5899 = CYLINDRICAL_SURFACE ( 'NONE', #5828, 3.175000000000004263 ) ;
#5900 = DIRECTION ( 'NONE',  ( 0.8660254037844385966, -0.5000000000000001110, 0.000000000000000000 ) ) ;
#5901 = CARTESIAN_POINT ( 'NONE',  ( -24.59704525612474058, 8.196667900320957045, 2.286000000000000032 ) ) ;
#5902 = ORIENTED_EDGE ( 'NONE', *, *, #6806, .T. ) ;
#5903 = DIRECTION ( 'NONE',  ( 0.7071067811865479058, -0.7071067811865471286, 0.000000000000000000 ) ) ;
#5904 = LINE ( 'NONE', #5152, #7495 ) ;
#5905 = EDGE_CURVE ( 'NONE', #94, #4448, #4444, .T. ) ;
#5906 = CIRCLE ( 'NONE', #3085, 3.175000000000000711 ) ;
#5907 = ORIENTED_EDGE ( 'NONE', *, *, #3913, .T. ) ;
#5908 = ORIENTED_EDGE ( 'NONE', *, *, #2232, .F. ) ;
#5909 = CARTESIAN_POINT ( 'NONE',  ( 1.795259589288523250, 6.700000000000001066, -3.049999999999999822 ) ) ;
#5910 = ADVANCED_FACE ( 'NONE', ( #8345 ), #1067, .T. ) ;
#5911 = LINE ( 'NONE', #7951, #4663 ) ;
#5912 = DIRECTION ( 'NONE',  ( -0.000000000000000000, -0.000000000000000000, -1.000000000000000000 ) ) ;
#5913 = EDGE_LOOP ( 'NONE', ( #5248, #8758, #1279, #3643, #3065, #1404 ) ) ;
#5914 = CARTESIAN_POINT ( 'NONE',  ( 1.155148208520079267, 9.088928195530909804, 1.000000000000000000 ) ) ;
#5915 = CIRCLE ( 'NONE', #2803, 3.175000000000004263 ) ;
#5916 = ORIENTED_EDGE ( 'NONE', *, *, #2520, .T. ) ;
#5917 = LINE ( 'NONE', #7344, #4542 ) ;
#5918 = EDGE_LOOP ( 'NONE', ( #58, #4994, #6571, #801 ) ) ;
#5919 = CARTESIAN_POINT ( 'NONE',  ( 9.564617248245436798, 0.4999999999999991673, -2.286000000000000032 ) ) ;
#5920 = DIRECTION ( 'NONE',  ( 0.8660254037844385966, -0.5000000000000001110, 0.000000000000000000 ) ) ;
#5921 = ADVANCED_FACE ( 'NONE', ( #3119 ), #4010, .T. ) ;
#5922 = LINE ( 'NONE', #4546, #6639 ) ;
#5923 = CARTESIAN_POINT ( 'NONE',  ( -9.552245033349360489E-16, -5.200000000000001954, 3.049999999999999822 ) ) ;
#5924 = AXIS2_PLACEMENT_3D ( 'NONE', #7752, #1682, #4390 ) ;
#5925 = VERTEX_POINT ( 'NONE', #5249 ) ;
#5926 = ORIENTED_EDGE ( 'NONE', *, *, #3054, .F. ) ;
#5927 = EDGE_CURVE ( 'NONE', #4057, #6626, #670, .T. ) ;
#5928 = DIRECTION ( 'NONE',  ( -0.5000000000000012212, -0.8660254037844380415, 0.000000000000000000 ) ) ;
#5929 = EDGE_LOOP ( 'NONE', ( #4422, #2386, #2053, #1099 ) ) ;
#5930 = VECTOR ( 'NONE', #8482, 1000.000000000000000 ) ;
#5931 = DIRECTION ( 'NONE',  ( 0.000000000000000000, -1.000000000000000000, 0.000000000000000000 ) ) ;
#5932 = DIRECTION ( 'NONE',  ( -0.7071067811865472397, 0.7071067811865479058, 0.000000000000000000 ) ) ;
#5933 = DIRECTION ( 'NONE',  ( 0.000000000000000000, 0.000000000000000000, -1.000000000000000000 ) ) ;
#5934 = DIRECTION ( 'NONE',  ( -0.2588190451025189631, 0.9659258262890688673, 0.000000000000000000 ) ) ;
#5935 = LINE ( 'NONE', #8033, #4291 ) ;
#5936 = ORIENTED_EDGE ( 'NONE', *, *, #5843, .F. ) ;
#5937 = VECTOR ( 'NONE', #8663, 1000.000000000000114 ) ;
#5938 = ORIENTED_EDGE ( 'NONE', *, *, #5869, .T. ) ;
#5939 = EDGE_CURVE ( 'NONE', #2134, #4503, #1580, .T. ) ;
#5940 = ORIENTED_EDGE ( 'NONE', *, *, #803, .T. ) ;
#5941 = PLANE ( 'NONE',  #2871 ) ;
#5942 = CARTESIAN_POINT ( 'NONE',  ( 17.50441558772843820, -5.200000000000001066, -3.049999999999999822 ) ) ;
#5943 = EDGE_CURVE ( 'NONE', #7025, #644, #6051, .T. ) ;
#5944 = FACE_OUTER_BOUND ( 'NONE', #3326, .T. ) ;
#5945 = FACE_OUTER_BOUND ( 'NONE', #1995, .T. ) ;
#5946 = LINE ( 'NONE', #6001, #2021 ) ;
#5947 = DIRECTION ( 'NONE',  ( 0.000000000000000000, 0.000000000000000000, 1.000000000000000000 ) ) ;
#5948 = CARTESIAN_POINT ( 'NONE',  ( 25.40000000000000213, 6.200000000000001066, -3.049999999999999822 ) ) ;
#5949 = EDGE_LOOP ( 'NONE', ( #7925, #4806, #5516, #2455, #5485, #8167 ) ) ;
#5950 = FACE_OUTER_BOUND ( 'NONE', #8560, .T. ) ;
#5951 = CARTESIAN_POINT ( 'NONE',  ( 1.795259589288523250, 6.700000000000001066, -1.000000000000000000 ) ) ;
#5952 = EDGE_CURVE ( 'NONE', #8393, #2079, #7239, .T. ) ;
#5953 = ORIENTED_EDGE ( 'NONE', *, *, #5659, .T. ) ;
#5954 = VERTEX_POINT ( 'NONE', #489 ) ;
#5955 = LINE ( 'NONE', #6715, #3007 ) ;
#5956 = VECTOR ( 'NONE', #3069, 1000.000000000000000 ) ;
#5957 = ADVANCED_FACE ( 'NONE', ( #4626 ), #3875, .F. ) ;
#5958 = DIRECTION ( 'NONE',  ( 0.000000000000000000, 0.000000000000000000, 1.000000000000000000 ) ) ;
#5959 = LINE ( 'NONE', #2731, #8322 ) ;
#5960 = ORIENTED_EDGE ( 'NONE', *, *, #1222, .T. ) ;
#5961 = DIRECTION ( 'NONE',  ( 0.000000000000000000, 0.000000000000000000, 1.000000000000000000 ) ) ;
#5962 = VECTOR ( 'NONE', #562, 1000.000000000000000 ) ;
#5963 = AXIS2_PLACEMENT_3D ( 'NONE', #2808, #3547, #2936 ) ;
#5964 = VECTOR ( 'NONE', #6330, 1000.000000000000114 ) ;
#5965 = EDGE_CURVE ( 'NONE', #7676, #764, #8079, .T. ) ;
#5966 = ORIENTED_EDGE ( 'NONE', *, *, #7091, .F. ) ;
#5967 = CARTESIAN_POINT ( 'NONE',  ( 0.000000000000000000, 0.000000000000000000, 2.286000000000000032 ) ) ;
#5968 = ORIENTED_EDGE ( 'NONE', *, *, #5230, .F. ) ;
#5969 = AXIS2_PLACEMENT_3D ( 'NONE', #7555, #2135, #1479 ) ;
#5970 = VECTOR ( 'NONE', #7152, 999.9999999999998863 ) ;
#5971 = CARTESIAN_POINT ( 'NONE',  ( -15.50608559214147064, 14.95688549027236647, 3.049999999999999822 ) ) ;
#5972 = VECTOR ( 'NONE', #6021, 1000.000000000000000 ) ;
#5973 = DIRECTION ( 'NONE',  ( 1.000000000000000000, 0.000000000000000000, -0.000000000000000000 ) ) ;
#5974 = CARTESIAN_POINT ( 'NONE',  ( 25.40000000000000568, 0.000000000000000000, 3.049999999999999822 ) ) ;
#5975 = DIRECTION ( 'NONE',  ( -0.000000000000000000, -0.000000000000000000, -1.000000000000000000 ) ) ;
#5976 = CARTESIAN_POINT ( 'NONE',  ( -15.03449281214644628, 14.04797221441829791, -1.000000000000000000 ) ) ;
#5977 = AXIS2_PLACEMENT_3D ( 'NONE', #8438, #2991, #6349 ) ;
#5978 = VECTOR ( 'NONE', #5462, 1000.000000000000000 ) ;
#5979 = AXIS2_PLACEMENT_3D ( 'NONE', #1371, #2786, #646 ) ;
#5980 = VECTOR ( 'NONE', #3520, 1000.000000000000114 ) ;
#5981 = ORIENTED_EDGE ( 'NONE', *, *, #671, .F. ) ;
#5982 = ORIENTED_EDGE ( 'NONE', *, *, #5734, .F. ) ;
#5983 = CARTESIAN_POINT ( 'NONE',  ( -8.533201514455354797, 4.349295922230510314, 2.286000000000000032 ) ) ;
#5984 = ORIENTED_EDGE ( 'NONE', *, *, #3456, .F. ) ;
#5985 = CARTESIAN_POINT ( 'NONE',  ( -21.99704525612473915, 12.70000000000000462, 2.286000000000000032 ) ) ;
#5986 = CARTESIAN_POINT ( 'NONE',  ( -13.89766028073213100, 5.055540317015449148, 2.286000000000000032 ) ) ;
#5987 = AXIS2_PLACEMENT_3D ( 'NONE', #7136, #2259, #2310 ) ;
#5988 = CARTESIAN_POINT ( 'NONE',  ( 27.50000000000000000, 0.000000000000000000, -2.286999999999999922 ) ) ;
#5989 = CC_DESIGN_SECURITY_CLASSIFICATION ( #8525, ( #1721 ) ) ;
#5990 = DIRECTION ( 'NONE',  ( -0.000000000000000000, -0.000000000000000000, -1.000000000000000000 ) ) ;
#5991 = ORIENTED_EDGE ( 'NONE', *, *, #6720, .F. ) ;
#5992 = EDGE_CURVE ( 'NONE', #3512, #1561, #7295, .T. ) ;
#5993 = AXIS2_PLACEMENT_3D ( 'NONE', #6328, #335, #874 ) ;
#5994 = ORIENTED_EDGE ( 'NONE', *, *, #2121, .F. ) ;
#5995 = ORIENTED_EDGE ( 'NONE', *, *, #7065, .F. ) ;
#5996 = DIRECTION ( 'NONE',  ( 0.8660254037844352659, -0.5000000000000057732, 0.000000000000000000 ) ) ;
#5997 = DIRECTION ( 'NONE',  ( 1.000000000000000000, 0.000000000000000000, -0.000000000000000000 ) ) ;
#5998 = DIRECTION ( 'NONE',  ( 1.000000000000000000, 0.000000000000000000, 0.000000000000000000 ) ) ;
#5999 = DIRECTION ( 'NONE',  ( -0.000000000000000000, -0.000000000000000000, -1.000000000000000000 ) ) ;
#6000 = ORIENTED_EDGE ( 'NONE', *, *, #6200, .T. ) ;
#6001 = CARTESIAN_POINT ( 'NONE',  ( 1.795259589288523472, -0.5000000000000004441, 1.000000000000000000 ) ) ;
#6002 = LINE ( 'NONE', #8714, #5216 ) ;
#6003 = DIRECTION ( 'NONE',  ( -1.000000000000000000, 0.000000000000000000, 0.000000000000000000 ) ) ;
#6004 = VERTEX_POINT ( 'NONE', #2686 ) ;
#6005 = CIRCLE ( 'NONE', #2301, 2.100000000000000977 ) ;
#6006 = VECTOR ( 'NONE', #5588, 1000.000000000000000 ) ;
#6007 = DIRECTION ( 'NONE',  ( -1.000000000000000000, 0.000000000000000000, 0.000000000000000000 ) ) ;
#6008 = ADVANCED_FACE ( 'NONE', ( #3917 ), #7336, .T. ) ;
#6009 = DIRECTION ( 'NONE',  ( -0.2588190451025195737, 0.9659258262890686453, 0.000000000000000000 ) ) ;
#6010 = ORIENTED_EDGE ( 'NONE', *, *, #4575, .F. ) ;
#6011 = EDGE_LOOP ( 'NONE', ( #4939, #218, #4481, #4005 ) ) ;
#6012 = FACE_OUTER_BOUND ( 'NONE', #6881, .T. ) ;
#6013 = DIRECTION ( 'NONE',  ( 0.000000000000000000, 1.000000000000000000, 0.000000000000000000 ) ) ;
#6014 = CARTESIAN_POINT ( 'NONE',  ( 1.795259589288523250, 6.700000000000001066, -1.000000000000000000 ) ) ;
#6015 = VERTEX_POINT ( 'NONE', #8671 ) ;
#6016 = DIRECTION ( 'NONE',  ( 0.000000000000000000, 0.000000000000000000, 1.000000000000000000 ) ) ;
#6017 = ORIENTED_EDGE ( 'NONE', *, *, #2232, .T. ) ;
#6018 = PLANE ( 'NONE',  #1567 ) ;
#6019 = EDGE_LOOP ( 'NONE', ( #3011, #1992, #4756, #2989 ) ) ;
#6020 = CARTESIAN_POINT ( 'NONE',  ( 19.04999999999999361, -5.068629150101528147, 3.050999999999999712 ) ) ;
#6021 = DIRECTION ( 'NONE',  ( -0.000000000000000000, -0.000000000000000000, -1.000000000000000000 ) ) ;
#6022 = CARTESIAN_POINT ( 'NONE',  ( 11.94542200078005578, -3.450162411491528136, 1.000000000000000000 ) ) ;
#6023 = CYLINDRICAL_SURFACE ( 'NONE', #3391, 5.199999999999985967 ) ;
#6024 = EDGE_LOOP ( 'NONE', ( #1018, #3824, #4834, #2315 ) ) ;
#6025 = LINE ( 'NONE', #30, #4208 ) ;
#6026 = ADVANCED_FACE ( 'NONE', ( #3211 ), #4054, .F. ) ;
#6027 = ORIENTED_EDGE ( 'NONE', *, *, #5992, .F. ) ;
#6028 = EDGE_LOOP ( 'NONE', ( #3591, #1960, #6789, #633 ) ) ;
#6029 = CARTESIAN_POINT ( 'NONE',  ( 14.56349701478771053, -2.570603795974264916, 2.286000000000000032 ) ) ;
#6030 = DIRECTION ( 'NONE',  ( 0.7071067811865479058, -0.7071067811865471286, 0.000000000000000000 ) ) ;
#6031 = LINE ( 'NONE', #1239, #5823 ) ;
#6032 = CARTESIAN_POINT ( 'NONE',  ( 17.91862915010151980, -6.200000000000000178, 3.050999999999999712 ) ) ;
#6033 = EDGE_CURVE ( 'NONE', #8696, #4421, #5955, .T. ) ;
#6034 = DIRECTION ( 'NONE',  ( -0.9659258262890686453, -0.2588190451025195737, 0.000000000000000000 ) ) ;
#6035 = VERTEX_POINT ( 'NONE', #5347 ) ;
#6036 = ORIENTED_EDGE ( 'NONE', *, *, #4483, .F. ) ;
#6037 = ORIENTED_EDGE ( 'NONE', *, *, #7112, .T. ) ;
#6038 = DIRECTION ( 'NONE',  ( 0.7071067811865482389, -0.7071067811865469066, 0.000000000000000000 ) ) ;
#6039 = CARTESIAN_POINT ( 'NONE',  ( -24.59704525612474058, 8.196667900320957045, -2.286000000000000032 ) ) ;
#6040 = CARTESIAN_POINT ( 'NONE',  ( -21.80232471059842325, 5.428434702672293888, 2.286000000000000032 ) ) ;
#6041 = ORIENTED_EDGE ( 'NONE', *, *, #2431, .T. ) ;
#6042 = DIRECTION ( 'NONE',  ( -1.000000000000000000, 0.000000000000000000, 0.000000000000000000 ) ) ;
#6043 = EDGE_CURVE ( 'NONE', #1234, #4568, #8038, .T. ) ;
#6044 = CARTESIAN_POINT ( 'NONE',  ( -8.033575889081955523, -1.214561606350240242, 3.049999999999999822 ) ) ;
#6045 = VERTEX_POINT ( 'NONE', #6623 ) ;
#6046 = CARTESIAN_POINT ( 'NONE',  ( 1.545259589288543900, 6.266987298107782323, -3.049999999999999822 ) ) ;
#6047 = AXIS2_PLACEMENT_3D ( 'NONE', #7965, #409, #1757 ) ;
#6048 = EDGE_LOOP ( 'NONE', ( #7638, #290, #1620, #5045 ) ) ;
#6049 = VERTEX_POINT ( 'NONE', #7996 ) ;
#6050 = EDGE_CURVE ( 'NONE', #4901, #791, #165, .T. ) ;
#6051 = LINE ( 'NONE', #1923, #302 ) ;
#6052 = VECTOR ( 'NONE', #78, 1000.000000000000114 ) ;
#6053 = FACE_OUTER_BOUND ( 'NONE', #6768, .T. ) ;
#6054 = CARTESIAN_POINT ( 'NONE',  ( 1.545259589288543900, 6.266987298107782323, 3.049999999999999822 ) ) ;
#6055 = ORIENTED_EDGE ( 'NONE', *, *, #4793, .F. ) ;
#6056 = CARTESIAN_POINT ( 'NONE',  ( 3.479409522551250245, 0.4146668814997067076, -1.000000000000000000 ) ) ;
#6057 = ORIENTED_EDGE ( 'NONE', *, *, #6951, .F. ) ;
#6058 = ADVANCED_FACE ( 'NONE', ( #2500 ), #7378, .T. ) ;
#6059 = VERTEX_POINT ( 'NONE', #537 ) ;
#6060 = DIRECTION ( 'NONE',  ( 0.000000000000000000, 0.000000000000000000, 1.000000000000000000 ) ) ;
#6061 = VECTOR ( 'NONE', #7366, 999.9999999999998863 ) ;
#6062 = LINE ( 'NONE', #8050, #2866 ) ;
#6063 = EDGE_CURVE ( 'NONE', #1740, #8436, #3259, .T. ) ;
#6064 = CARTESIAN_POINT ( 'NONE',  ( 0.000000000000000000, 0.000000000000000000, -3.049999999999999822 ) ) ;
#6065 = ORIENTED_EDGE ( 'NONE', *, *, #1825, .F. ) ;
#6066 = DIRECTION ( 'NONE',  ( -1.000000000000000000, 0.000000000000000000, 0.000000000000000000 ) ) ;
#6067 = AXIS2_PLACEMENT_3D ( 'NONE', #3850, #5225, #1283 ) ;
#6068 = VERTEX_POINT ( 'NONE', #3309 ) ;
#6069 = DIRECTION ( 'NONE',  ( 0.000000000000000000, -1.000000000000000000, 0.000000000000000000 ) ) ;
#6070 = CARTESIAN_POINT ( 'NONE',  ( 25.39999999999999858, 0.000000000000000000, -2.286000000000000032 ) ) ;
#6071 = CARTESIAN_POINT ( 'NONE',  ( 21.59558441227158099, 6.200000000000001954, -2.286000000000000032 ) ) ;
#6072 = ADVANCED_FACE ( 'NONE', ( #6012 ), #834, .F. ) ;
#6073 = CARTESIAN_POINT ( 'NONE',  ( -8.406648378662966437, 5.430930973593234512, -2.286000000000000032 ) ) ;
#6074 = ORIENTED_EDGE ( 'NONE', *, *, #2915, .F. ) ;
#6075 = AXIS2_PLACEMENT_3D ( 'NONE', #3876, #6579, #3965 ) ;
#6076 = ORIENTED_EDGE ( 'NONE', *, *, #5383, .F. ) ;
#6077 = EDGE_CURVE ( 'NONE', #2740, #4341, #5595, .T. ) ;
#6078 = DIRECTION ( 'NONE',  ( -0.000000000000000000, -0.000000000000000000, -1.000000000000000000 ) ) ;
#6079 = DIRECTION ( 'NONE',  ( 0.7071067811865481278, -0.7071067811865470176, 0.000000000000000000 ) ) ;
#6080 = DIRECTION ( 'NONE',  ( -0.000000000000000000, -0.000000000000000000, -1.000000000000000000 ) ) ;
#6081 = CARTESIAN_POINT ( 'NONE',  ( 5.218629150101518732, -6.200000000000002842, 3.049999999999999822 ) ) ;
#6082 = ORIENTED_EDGE ( 'NONE', *, *, #1858, .F. ) ;
#6083 = DIRECTION ( 'NONE',  ( -0.2588190451025182415, 0.9659258262890690894, 0.000000000000000000 ) ) ;
#6084 = AXIS2_PLACEMENT_3D ( 'NONE', #5951, #1163, #1063 ) ;
#6085 = DIRECTION ( 'NONE',  ( -0.000000000000000000, -0.000000000000000000, 1.000000000000000000 ) ) ;
#6086 = ORIENTED_EDGE ( 'NONE', *, *, #3960, .T. ) ;
#6087 = CARTESIAN_POINT ( 'NONE',  ( -20.47927066161623344, 5.103736446278909433, 12.72085538888886802 ) ) ;
#6088 = ADVANCED_FACE ( 'NONE', ( #6263 ), #2729, .T. ) ;
#6089 = ORIENTED_EDGE ( 'NONE', *, *, #3207, .F. ) ;
#6090 = ORIENTED_EDGE ( 'NONE', *, *, #4548, .F. ) ;
#6091 = LINE ( 'NONE', #4796, #1881 ) ;
#6092 = DIRECTION ( 'NONE',  ( 1.000000000000000000, 6.217248937900876626E-15, 0.000000000000000000 ) ) ;
#6093 = CARTESIAN_POINT ( 'NONE',  ( -21.99704525612473560, 12.70000000000003659, -3.049999999999999822 ) ) ;
#6094 = LINE ( 'NONE', #5914, #295 ) ;
#6095 = EDGE_LOOP ( 'NONE', ( #6363, #2589, #1664, #6586, #1351, #5196 ) ) ;
#6096 = AXIS2_PLACEMENT_3D ( 'NONE', #6979, #1535, #3003 ) ;
#6097 = ORIENTED_EDGE ( 'NONE', *, *, #2931, .T. ) ;
#6098 = CARTESIAN_POINT ( 'NONE',  ( -14.40078170240360755, 14.21777459450852099, -2.286000000000000032 ) ) ;
#6099 = DIRECTION ( 'NONE',  ( 0.000000000000000000, 0.000000000000000000, -1.000000000000000000 ) ) ;
#6100 = CARTESIAN_POINT ( 'NONE',  ( -2.677814704624448705, 8.061888878335397024, 12.72085538888886802 ) ) ;
#6101 = VERTEX_POINT ( 'NONE', #1474 ) ;
#6102 = CARTESIAN_POINT ( 'NONE',  ( -10.99852262806236958, 6.350000000000002309, 2.286000000000000032 ) ) ;
#6103 = CIRCLE ( 'NONE', #8352, 6.200000000000003730 ) ;
#6104 = EDGE_CURVE ( 'NONE', #7839, #2134, #2768, .T. ) ;
#6105 = ADVANCED_FACE ( 'NONE', ( #3546 ), #1513, .T. ) ;
#6106 = AXIS2_PLACEMENT_3D ( 'NONE', #7858, #5113, #7815 ) ;
#6107 = VECTOR ( 'NONE', #4593, 1000.000000000000114 ) ;
#6108 = ORIENTED_EDGE ( 'NONE', *, *, #2497, .F. ) ;
#6109 = AXIS2_PLACEMENT_3D ( 'NONE', #523, #8709, #3949 ) ;
#6110 = DIRECTION ( 'NONE',  ( 0.000000000000000000, 0.000000000000000000, -1.000000000000000000 ) ) ;
#6111 = LINE ( 'NONE', #8185, #4837 ) ;
#6112 = DIRECTION ( 'NONE',  ( -0.000000000000000000, -0.000000000000000000, -1.000000000000000000 ) ) ;
#6113 = DIRECTION ( 'NONE',  ( -1.000000000000000000, -3.414809992080329023E-17, 0.000000000000000000 ) ) ;
#6114 = CIRCLE ( 'NONE', #3989, 2.100000000000000977 ) ;
#6115 = ORIENTED_EDGE ( 'NONE', *, *, #5943, .T. ) ;
#6116 = VECTOR ( 'NONE', #6030, 1000.000000000000000 ) ;
#6117 = VECTOR ( 'NONE', #3225, 999.9999999999998863 ) ;
#6118 = ORIENTED_EDGE ( 'NONE', *, *, #1802, .T. ) ;
#6119 = AXIS2_PLACEMENT_3D ( 'NONE', #7330, #5243, #7233 ) ;
#6120 = FACE_OUTER_BOUND ( 'NONE', #3657, .T. ) ;
#6121 = CIRCLE ( 'NONE', #7252, 3.175000000000000711 ) ;
#6122 = LINE ( 'NONE', #3373, #2457 ) ;
#6123 = AXIS2_PLACEMENT_3D ( 'NONE', #5643, #2950, #1028 ) ;
#6124 = LINE ( 'NONE', #824, #853 ) ;
#6125 = CARTESIAN_POINT ( 'NONE',  ( 12.69999999999999929, 0.000000000000000000, -2.286999999999999922 ) ) ;
#6126 = LINE ( 'NONE', #8452, #5547 ) ;
#6127 = CARTESIAN_POINT ( 'NONE',  ( -9.437776678751570003, -0.5555398935432800389, 3.049999999999999822 ) ) ;
#6128 = DIRECTION ( 'NONE',  ( 0.000000000000000000, 0.000000000000000000, 1.000000000000000000 ) ) ;
#6129 = ORIENTED_EDGE ( 'NONE', *, *, #8387, .F. ) ;
#6130 = PLANE ( 'NONE',  #459 ) ;
#6131 = EDGE_CURVE ( 'NONE', #3073, #8495, #6091, .T. ) ;
#6132 = AXIS2_PLACEMENT_3D ( 'NONE', #6563, #476, #2487 ) ;
#6133 = APPROVAL_PERSON_ORGANIZATION ( #5771, #7688, #2552 ) ;
#6134 = EDGE_CURVE ( 'NONE', #1387, #2134, #2894, .T. ) ;
#6135 = ORIENTED_EDGE ( 'NONE', *, *, #5636, .T. ) ;
#6136 = ORIENTED_EDGE ( 'NONE', *, *, #7066, .T. ) ;
#6137 = CYLINDRICAL_SURFACE ( 'NONE', #3304, 2.100000000000000977 ) ;
#6138 = AXIS2_PLACEMENT_3D ( 'NONE', #344, #7134, #7748 ) ;
#6139 = VECTOR ( 'NONE', #6727, 1000.000000000000000 ) ;
#6140 = LINE ( 'NONE', #2769, #2597 ) ;
#6141 = FACE_OUTER_BOUND ( 'NONE', #2576, .T. ) ;
#6142 = CARTESIAN_POINT ( 'NONE',  ( 20.04423881554251707, -4.648654403270936264, -1.000000000000000000 ) ) ;
#6143 = EDGE_CURVE ( 'NONE', #5314, #5445, #6835, .T. ) ;
#6144 = ORIENTED_EDGE ( 'NONE', *, *, #1352, .T. ) ;
#6145 = ORIENTED_EDGE ( 'NONE', *, *, #445, .T. ) ;
#6146 = ORIENTED_EDGE ( 'NONE', *, *, #7710, .F. ) ;
#6147 = DIRECTION ( 'NONE',  ( 1.000000000000000000, 1.776356839400250465E-15, 0.000000000000000000 ) ) ;
#6148 = CARTESIAN_POINT ( 'NONE',  ( 1.545259589288543900, 6.266987298107782323, 3.049999999999999822 ) ) ;
#6149 = CARTESIAN_POINT ( 'NONE',  ( 10.12939620402573837, 1.863497014787714123, 2.286000000000000032 ) ) ;
#6150 = DIRECTION ( 'NONE',  ( 0.000000000000000000, 0.000000000000000000, -1.000000000000000000 ) ) ;
#6151 = EDGE_CURVE ( 'NONE', #1984, #7014, #4566, .T. ) ;
#6152 = ORIENTED_EDGE ( 'NONE', *, *, #2984, .T. ) ;
#6153 = DIRECTION ( 'NONE',  ( -1.000000000000000000, 0.000000000000000000, 0.000000000000000000 ) ) ;
#6154 = DIRECTION ( 'NONE',  ( 0.000000000000000000, 0.000000000000000000, -1.000000000000000000 ) ) ;
#6155 = EDGE_CURVE ( 'NONE', #5080, #5745, #8691, .T. ) ;
#6156 = DIRECTION ( 'NONE',  ( 0.2588190451025198513, -0.9659258262890686453, 0.000000000000000000 ) ) ;
#6157 = CARTESIAN_POINT ( 'NONE',  ( -19.03172414251772082, 11.56532132601496521, -2.286000000000000032 ) ) ;
#6158 = ORIENTED_EDGE ( 'NONE', *, *, #2816, .T. ) ;
#6159 = ORIENTED_EDGE ( 'NONE', *, *, #5311, .F. ) ;
#6160 = VECTOR ( 'NONE', #1820, 1000.000000000000000 ) ;
#6161 = CARTESIAN_POINT ( 'NONE',  ( 1.045259589288517699, 5.400961894323345724, 3.049999999999999822 ) ) ;
#6162 = EDGE_CURVE ( 'NONE', #3517, #3525, #6958, .T. ) ;
#6163 = DIRECTION ( 'NONE',  ( 0.000000000000000000, 0.000000000000000000, 1.000000000000000000 ) ) ;
#6164 = LINE ( 'NONE', #89, #2864 ) ;
#6165 = DIRECTION ( 'NONE',  ( -1.000000000000000000, 0.000000000000000000, 0.000000000000000000 ) ) ;
#6166 = ADVANCED_FACE ( 'NONE', ( #8125 ), #8203, .T. ) ;
#6167 = DIRECTION ( 'NONE',  ( -0.000000000000000000, -0.000000000000000000, -1.000000000000000000 ) ) ;
#6168 = VERTEX_POINT ( 'NONE', #3427 ) ;
#6169 = ORIENTED_EDGE ( 'NONE', *, *, #7784, .F. ) ;
#6170 = ORIENTED_EDGE ( 'NONE', *, *, #3422, .F. ) ;
#6171 = DIRECTION ( 'NONE',  ( 0.7071067811865465735, 0.7071067811865484609, 0.000000000000000000 ) ) ;
#6172 = CARTESIAN_POINT ( 'NONE',  ( -3.100000000000038725, -5.369357503463503711, 3.049999999999999822 ) ) ;
#6173 = PLANE ( 'NONE',  #6644 ) ;
#6174 = DIRECTION ( 'NONE',  ( -0.000000000000000000, -0.000000000000000000, -1.000000000000000000 ) ) ;
#6175 = ORIENTED_EDGE ( 'NONE', *, *, #7009, .F. ) ;
#6176 = ADVANCED_FACE ( 'NONE', ( #1392 ), #6137, .F. ) ;
#6177 = CARTESIAN_POINT ( 'NONE',  ( 10.83650298521228628, 2.570603795974262251, 2.286000000000000032 ) ) ;
#6178 = ORIENTED_EDGE ( 'NONE', *, *, #7438, .F. ) ;
#6179 = CIRCLE ( 'NONE', #8158, 3.174999999999999822 ) ;
#6180 = ORIENTED_EDGE ( 'NONE', *, *, #1608, .T. ) ;
#6181 = ADVANCED_FACE ( 'NONE', ( #5470 ), #6873, .F. ) ;
#6182 = EDGE_LOOP ( 'NONE', ( #2859, #3934, #15, #7210 ) ) ;
#6183 = EDGE_CURVE ( 'NONE', #6068, #6774, #2807, .T. ) ;
#6184 = DIRECTION ( 'NONE',  ( 0.000000000000000000, 0.000000000000000000, 1.000000000000000000 ) ) ;
#6185 = DIRECTION ( 'NONE',  ( 0.000000000000000000, 0.000000000000000000, 1.000000000000000000 ) ) ;
#6186 = DIRECTION ( 'NONE',  ( 0.2588190451025196293, -0.9659258262890686453, 0.000000000000000000 ) ) ;
#6187 = DIRECTION ( 'NONE',  ( -1.000000000000000000, 0.000000000000000000, 0.000000000000000000 ) ) ;
#6188 = VERTEX_POINT ( 'NONE', #4841 ) ;
#6189 = FACE_OUTER_BOUND ( 'NONE', #547, .T. ) ;
#6190 = VERTEX_POINT ( 'NONE', #3506 ) ;
#6191 = AXIS2_PLACEMENT_3D ( 'NONE', #2170, #8193, #4245 ) ;
#6192 = CARTESIAN_POINT ( 'NONE',  ( -12.29298231104691652, 9.249137652669768173, -1.000000000000000000 ) ) ;
#6193 = EDGE_CURVE ( 'NONE', #5745, #5058, #3705, .T. ) ;
#6194 = CARTESIAN_POINT ( 'NONE',  ( 20.59558441227158099, 5.200000000000001066, 3.049999999999999822 ) ) ;
#6195 = DIRECTION ( 'NONE',  ( 0.8660254037844385966, -0.5000000000000001110, 0.000000000000000000 ) ) ;
#6196 = CARTESIAN_POINT ( 'NONE',  ( -10.99852262806236958, 6.350000000000002309, 1.000000000000000000 ) ) ;
#6197 = ORIENTED_EDGE ( 'NONE', *, *, #1232, .F. ) ;
#6198 = VECTOR ( 'NONE', #7528, 1000.000000000000000 ) ;
#6199 = EDGE_CURVE ( 'NONE', #317, #644, #2602, .T. ) ;
#6200 = EDGE_CURVE ( 'NONE', #3025, #8720, #7133, .T. ) ;
#6201 = ORIENTED_EDGE ( 'NONE', *, *, #4299, .F. ) ;
#6202 = DIRECTION ( 'NONE',  ( -0.000000000000000000, -0.000000000000000000, -1.000000000000000000 ) ) ;
#6203 = CARTESIAN_POINT ( 'NONE',  ( 17.91862915010151980, 6.200000000000000178, -3.049999999999999822 ) ) ;
#6204 = CARTESIAN_POINT ( 'NONE',  ( 19.05000000000001137, -3.654415587728429671, 3.049999999999999822 ) ) ;
#6205 = CARTESIAN_POINT ( 'NONE',  ( 7.481370849898478781, -6.200000000000000178, 3.050999999999999712 ) ) ;
#6206 = LINE ( 'NONE', #4874, #7399 ) ;
#6207 = FACE_BOUND ( 'NONE', #6880, .T. ) ;
#6208 = VERTEX_POINT ( 'NONE', #2445 ) ;
#6209 = EDGE_CURVE ( 'NONE', #811, #1021, #4152, .T. ) ;
#6210 = VECTOR ( 'NONE', #7844, 999.9999999999998863 ) ;
#6211 = ORIENTED_EDGE ( 'NONE', *, *, #1924, .T. ) ;
#6212 = EDGE_CURVE ( 'NONE', #937, #2776, #3593, .T. ) ;
#6213 = ORIENTED_EDGE ( 'NONE', *, *, #7968, .T. ) ;
#6214 = CARTESIAN_POINT ( 'NONE',  ( -21.99704525612473560, 12.70000000000003659, -1.000000000000000000 ) ) ;
#6215 = CARTESIAN_POINT ( 'NONE',  ( 1.558578927004016013, -2.265685708190569692, -2.286000000000000032 ) ) ;
#6216 = VECTOR ( 'NONE', #7630, 999.9999999999998863 ) ;
#6217 = CARTESIAN_POINT ( 'NONE',  ( 20.04423881554251352, -4.648654403270934488, 1.000000000000000444 ) ) ;
#6218 = CARTESIAN_POINT ( 'NONE',  ( 1.795259589288523250, 6.700000000000001066, -1.000000000000000000 ) ) ;
#6219 = ORIENTED_EDGE ( 'NONE', *, *, #4643, .T. ) ;
#6220 = DIRECTION ( 'NONE',  ( -1.000000000000000000, 0.000000000000000000, 0.000000000000000000 ) ) ;
#6221 = ORIENTED_EDGE ( 'NONE', *, *, #7015, .T. ) ;
#6222 = VERTEX_POINT ( 'NONE', #8513 ) ;
#6223 = VERTEX_POINT ( 'NONE', #2975 ) ;
#6224 = EDGE_CURVE ( 'NONE', #5617, #2558, #3634, .T. ) ;
#6225 = ORIENTED_EDGE ( 'NONE', *, *, #4070, .F. ) ;
#6226 = CARTESIAN_POINT ( 'NONE',  ( -2.482611798683856730, -1.182851916782358792, 12.72085538888886802 ) ) ;
#6227 = DIRECTION ( 'NONE',  ( 0.000000000000000000, 0.000000000000000000, 1.000000000000000000 ) ) ;
#6228 = CARTESIAN_POINT ( 'NONE',  ( -19.68314721541738166, 5.996266601124260021, -1.000000000000000000 ) ) ;
#6229 = CARTESIAN_POINT ( 'NONE',  ( 10.59999999999999787, 2.571758278209442450E-16, -2.286000000000000032 ) ) ;
#6230 = CC_DESIGN_PERSON_AND_ORGANIZATION_ASSIGNMENT ( #5157, #3921, ( #1721 ) ) ;
#6231 = ORIENTED_EDGE ( 'NONE', *, *, #7556, .F. ) ;
#6232 = EDGE_CURVE ( 'NONE', #791, #1727, #306, .T. ) ;
#6233 = DIRECTION ( 'NONE',  ( -0.000000000000000000, -0.000000000000000000, -1.000000000000000000 ) ) ;
#6234 = VERTEX_POINT ( 'NONE', #1634 ) ;
#6235 = CARTESIAN_POINT ( 'NONE',  ( 12.69999999999999929, 0.000000000000000000, 2.286000000000000032 ) ) ;
#6236 = VECTOR ( 'NONE', #1443, 1000.000000000000114 ) ;
#6237 = DIRECTION ( 'NONE',  ( 0.000000000000000000, -0.000000000000000000, -1.000000000000000000 ) ) ;
#6238 = DIRECTION ( 'NONE',  ( 1.000000000000000000, 0.000000000000000000, 0.000000000000000000 ) ) ;
#6239 = EDGE_LOOP ( 'NONE', ( #5179, #1899, #4930, #8235 ) ) ;
#6240 = VECTOR ( 'NONE', #6295, 1000.000000000000000 ) ;
#6241 = CIRCLE ( 'NONE', #3544, 3.175000000000000711 ) ;
#6242 = VECTOR ( 'NONE', #1282, 1000.000000000000000 ) ;
#6243 = ORIENTED_EDGE ( 'NONE', *, *, #5126, .F. ) ;
#6244 = CARTESIAN_POINT ( 'NONE',  ( -3.174999999999999822, 0.000000000000000000, 1.000000000000000000 ) ) ;
#6245 = DIRECTION ( 'NONE',  ( 0.000000000000000000, 0.000000000000000000, -1.000000000000000000 ) ) ;
#6246 = CIRCLE ( 'NONE', #3839, 5.199999999999985967 ) ;
#6247 = AXIS2_PLACEMENT_3D ( 'NONE', #8488, #5648, #8355 ) ;
#6248 = CIRCLE ( 'NONE', #7390, 5.200000000000002842 ) ;
#6249 = DIRECTION ( 'NONE',  ( -0.7071067811865474617, -0.7071067811865475727, 0.000000000000000000 ) ) ;
#6250 = CARTESIAN_POINT ( 'NONE',  ( 18.05576118445748790, -4.648654403270951363, -2.286000000000000032 ) ) ;
#6251 = ADVANCED_FACE ( 'NONE', ( #964 ), #6300, .T. ) ;
#6252 = AXIS2_PLACEMENT_3D ( 'NONE', #3887, #3930, #6681 ) ;
#6253 = DIRECTION ( 'NONE',  ( 0.000000000000000000, 0.000000000000000000, 1.000000000000000000 ) ) ;
#6254 = DIRECTION ( 'NONE',  ( 1.000000000000000000, 0.000000000000000000, 0.000000000000000000 ) ) ;
#6255 = VERTEX_POINT ( 'NONE', #5047 ) ;
#6256 = ADVANCED_FACE ( 'NONE', ( #4960 ), #918, .T. ) ;
#6257 = AXIS2_PLACEMENT_3D ( 'NONE', #3469, #1428, #6171 ) ;
#6258 = CIRCLE ( 'NONE', #3009, 3.175000000000000711 ) ;
#6259 = VECTOR ( 'NONE', #5500, 1000.000000000000000 ) ;
#6260 = VECTOR ( 'NONE', #601, 1000.000000000000000 ) ;
#6261 = ORIENTED_EDGE ( 'NONE', *, *, #4809, .T. ) ;
#6262 = ORIENTED_EDGE ( 'NONE', *, *, #5174, .T. ) ;
#6263 = FACE_OUTER_BOUND ( 'NONE', #265, .T. ) ;
#6264 = DIRECTION ( 'NONE',  ( -0.8660254037844385966, 0.5000000000000001110, 0.000000000000000000 ) ) ;
#6265 = CARTESIAN_POINT ( 'NONE',  ( 1.795259589288523250, 6.700000000000001066, 1.000000000000000000 ) ) ;
#6266 = DIRECTION ( 'NONE',  ( -0.2588190451025182415, 0.9659258262890690894, 0.000000000000000000 ) ) ;
#6267 = AXIS2_PLACEMENT_3D ( 'NONE', #7982, #1909, #7930 ) ;
#6268 = ORIENTED_EDGE ( 'NONE', *, *, #2911, .T. ) ;
#6269 = CARTESIAN_POINT ( 'NONE',  ( 4.492893218813454936, -5.200000000000001954, 2.286000000000000032 ) ) ;
#6270 = EDGE_LOOP ( 'NONE', ( #305, #5143, #8755, #7148 ) ) ;
#6271 = ORIENTED_EDGE ( 'NONE', *, *, #2128, .F. ) ;
#6272 = AXIS2_PLACEMENT_3D ( 'NONE', #2794, #7414, #1340 ) ;
#6273 = ORIENTED_EDGE ( 'NONE', *, *, #3781, .T. ) ;
#6274 = ORIENTED_EDGE ( 'NONE', *, *, #7633, .F. ) ;
#6275 = EDGE_CURVE ( 'NONE', #7512, #4009, #4385, .T. ) ;
#6276 = DIRECTION ( 'NONE',  ( 0.000000000000000000, 0.000000000000000000, 1.000000000000000000 ) ) ;
#6277 = CYLINDRICAL_SURFACE ( 'NONE', #6123, 2.100000000000000977 ) ;
#6278 = LINE ( 'NONE', #4359, #6413 ) ;
#6279 = EDGE_LOOP ( 'NONE', ( #2685, #6931, #392, #2217 ) ) ;
#6280 = DIRECTION ( 'NONE',  ( 0.7071067811865479058, 0.7071067811865472397, -0.000000000000000000 ) ) ;
#6281 = AXIS2_PLACEMENT_3D ( 'NONE', #307, #7799, #2447 ) ;
#6282 = CIRCLE ( 'NONE', #2753, 3.175000000000000711 ) ;
#6283 = EDGE_LOOP ( 'NONE', ( #1549, #972, #6747, #1921, #5059, #1836 ) ) ;
#6284 = CYLINDRICAL_SURFACE ( 'NONE', #2137, 3.175000000000000711 ) ;
#6285 = VERTEX_POINT ( 'NONE', #4433 ) ;
#6286 = DIRECTION ( 'NONE',  ( -0.000000000000000000, -0.000000000000000000, -1.000000000000000000 ) ) ;
#6287 = EDGE_CURVE ( 'NONE', #8036, #372, #5716, .T. ) ;
#6288 = DIRECTION ( 'NONE',  ( 0.000000000000000000, 0.000000000000000000, 1.000000000000000000 ) ) ;
#6289 = DIRECTION ( 'NONE',  ( 1.000000000000000000, 0.000000000000000000, -0.000000000000000000 ) ) ;
#6290 = ORIENTED_EDGE ( 'NONE', *, *, #4059, .F. ) ;
#6291 = EDGE_CURVE ( 'NONE', #8002, #220, #3107, .T. ) ;
#6292 = PLANE ( 'NONE',  #2876 ) ;
#6293 = PLANE ( 'NONE',  #6672 ) ;
#6294 = LINE ( 'NONE', #376, #1527 ) ;
#6295 = DIRECTION ( 'NONE',  ( 0.000000000000000000, 0.000000000000000000, -1.000000000000000000 ) ) ;
#6296 = CARTESIAN_POINT ( 'NONE',  ( -6.962552443978283101, -1.347972214418268200, 1.000000000000000000 ) ) ;
#6297 = ORIENTED_EDGE ( 'NONE', *, *, #7375, .F. ) ;
#6298 = ORIENTED_EDGE ( 'NONE', *, *, #5247, .F. ) ;
#6299 = ORIENTED_EDGE ( 'NONE', *, *, #3183, .T. ) ;
#6300 = PLANE ( 'NONE',  #1315 ) ;
#6301 = DIRECTION ( 'NONE',  ( 0.7071067811865469066, -0.7071067811865482389, 0.000000000000000000 ) ) ;
#6302 = EDGE_CURVE ( 'NONE', #925, #6621, #7840, .T. ) ;
#6303 = CARTESIAN_POINT ( 'NONE',  ( -14.67057614822933687, 12.68981673495868101, 3.049999999999999822 ) ) ;
#6304 = CARTESIAN_POINT ( 'NONE',  ( 20.59558441227158099, -5.200000000000001066, -2.286000000000000032 ) ) ;
#6305 = ORIENTED_EDGE ( 'NONE', *, *, #1338, .F. ) ;
#6306 = LINE ( 'NONE', #191, #1571 ) ;
#6307 = EDGE_CURVE ( 'NONE', #2025, #2955, #1771, .T. ) ;
#6308 = ORIENTED_EDGE ( 'NONE', *, *, #7024, .T. ) ;
#6309 = EDGE_CURVE ( 'NONE', #2739, #7460, #2307, .T. ) ;
#6310 = ORIENTED_EDGE ( 'NONE', *, *, #3524, .F. ) ;
#6311 = ORIENTED_EDGE ( 'NONE', *, *, #7583, .T. ) ;
#6312 = EDGE_LOOP ( 'NONE', ( #2261, #7810, #7199, #201 ) ) ;
#6313 = DIRECTION ( 'NONE',  ( 0.000000000000000000, 0.000000000000000000, 1.000000000000000000 ) ) ;
#6314 = CARTESIAN_POINT ( 'NONE',  ( 0.000000000000000000, 0.000000000000000000, 1.000000000000000000 ) ) ;
#6315 = CARTESIAN_POINT ( 'NONE',  ( 1.795259589288523250, 6.700000000000001066, 1.000000000000000000 ) ) ;
#6316 = LINE ( 'NONE', #4192, #2845 ) ;
#6317 = CIRCLE ( 'NONE', #922, 3.175000000000000711 ) ;
#6318 = EDGE_CURVE ( 'NONE', #7795, #2566, #7675, .T. ) ;
#6319 = ORIENTED_EDGE ( 'NONE', *, *, #2331, .F. ) ;
#6320 = DIRECTION ( 'NONE',  ( 0.000000000000000000, 0.000000000000000000, 1.000000000000000000 ) ) ;
#6321 = EDGE_CURVE ( 'NONE', #5065, #7011, #8333, .T. ) ;
#6322 = DIRECTION ( 'NONE',  ( 0.000000000000000000, 0.000000000000000000, 1.000000000000000000 ) ) ;
#6323 = DIRECTION ( 'NONE',  ( 1.000000000000000000, 0.000000000000000000, 0.000000000000000000 ) ) ;
#6324 = CARTESIAN_POINT ( 'NONE',  ( 10.24407640405097730, -1.748816814762459204, -1.000000000000000000 ) ) ;
#6325 = ORIENTED_EDGE ( 'NONE', *, *, #8265, .T. ) ;
#6326 = EDGE_CURVE ( 'NONE', #1178, #7219, #7707, .T. ) ;
#6327 = ORIENTED_EDGE ( 'NONE', *, *, #1312, .T. ) ;
#6328 = CARTESIAN_POINT ( 'NONE',  ( -24.59704525612474058, 8.196667900320957045, 3.049999999999999822 ) ) ;
#6329 = EDGE_CURVE ( 'NONE', #1326, #6582, #1011, .T. ) ;
#6330 = DIRECTION ( 'NONE',  ( -0.8660254037844385966, 0.5000000000000001110, 0.000000000000000000 ) ) ;
#6331 = CARTESIAN_POINT ( 'NONE',  ( 25.39999999999999858, 0.000000000000000000, -2.286000000000000032 ) ) ;
#6332 = DIRECTION ( 'NONE',  ( -1.000000000000000000, -2.973809054735657095E-17, 0.000000000000000000 ) ) ;
#6333 = ORIENTED_EDGE ( 'NONE', *, *, #2070, .F. ) ;
#6334 = EDGE_CURVE ( 'NONE', #2945, #6839, #5091, .T. ) ;
#6335 = ORIENTED_EDGE ( 'NONE', *, *, #1858, .T. ) ;
#6336 = EDGE_LOOP ( 'NONE', ( #5142, #8774, #7376, #8631 ) ) ;
#6337 = CARTESIAN_POINT ( 'NONE',  ( 10.59999999999999787, 2.571758278209442943E-16, -2.286999999999999922 ) ) ;
#6338 = DIRECTION ( 'NONE',  ( 1.000000000000000000, 0.000000000000000000, 0.000000000000000000 ) ) ;
#6339 = FACE_OUTER_BOUND ( 'NONE', #6019, .T. ) ;
#6340 = DIRECTION ( 'NONE',  ( -0.2588190451025204064, 0.9659258262890684232, 0.000000000000000000 ) ) ;
#6341 = CARTESIAN_POINT ( 'NONE',  ( -18.61798804498027948, 3.589957071587262405, 3.050999999999999712 ) ) ;
#6342 = VERTEX_POINT ( 'NONE', #1996 ) ;
#6343 = CARTESIAN_POINT ( 'NONE',  ( 1.045259589288517699, 5.400961894323345724, -2.286000000000000032 ) ) ;
#6344 = VECTOR ( 'NONE', #6591, 1000.000000000000000 ) ;
#6345 = ORIENTED_EDGE ( 'NONE', *, *, #214, .F. ) ;
#6346 = EDGE_LOOP ( 'NONE', ( #3037, #2891, #5616, #8571 ) ) ;
#6347 = CIRCLE ( 'NONE', #2824, 2.100000000000000089 ) ;
#6348 = ORIENTED_EDGE ( 'NONE', *, *, #3182, .T. ) ;
#6349 = DIRECTION ( 'NONE',  ( 1.000000000000000000, 0.000000000000000000, 0.000000000000000000 ) ) ;
#6350 = LINE ( 'NONE', #8531, #5379 ) ;
#6351 = CARTESIAN_POINT ( 'NONE',  ( 25.39999999999999858, 0.000000000000000000, 2.286000000000000032 ) ) ;
#6352 = CARTESIAN_POINT ( 'NONE',  ( 25.40000000000000213, 5.200000000000001066, -1.000000000000000000 ) ) ;
#6353 = DIRECTION ( 'NONE',  ( -0.7071067811865474617, -0.7071067811865475727, 0.000000000000000000 ) ) ;
#6354 = EDGE_CURVE ( 'NONE', #1984, #7151, #8561, .T. ) ;
#6355 = VECTOR ( 'NONE', #71, 1000.000000000000114 ) ;
#6356 = EDGE_CURVE ( 'NONE', #2945, #7613, #1288, .T. ) ;
#6357 = VERTEX_POINT ( 'NONE', #5183 ) ;
#6358 = LINE ( 'NONE', #7820, #4130 ) ;
#6359 = LINE ( 'NONE', #8269, #3404 ) ;
#6360 = CARTESIAN_POINT ( 'NONE',  ( -12.29298231104691652, 9.249137652669768173, -2.286000000000000032 ) ) ;
#6361 = DIRECTION ( 'NONE',  ( 0.000000000000000000, 0.000000000000000000, 1.000000000000000000 ) ) ;
#6362 = ADVANCED_FACE ( 'NONE', ( #3948 ), #7321, .T. ) ;
#6363 = ORIENTED_EDGE ( 'NONE', *, *, #7733, .F. ) ;
#6364 = EDGE_CURVE ( 'NONE', #1598, #4594, #1170, .T. ) ;
#6365 = ORIENTED_EDGE ( 'NONE', *, *, #2896, .T. ) ;
#6366 = VECTOR ( 'NONE', #3131, 1000.000000000000000 ) ;
#6367 = ORIENTED_EDGE ( 'NONE', *, *, #8549, .F. ) ;
#6368 = DIRECTION ( 'NONE',  ( -1.000000000000000000, 0.000000000000000000, 0.000000000000000000 ) ) ;
#6369 = CYLINDRICAL_SURFACE ( 'NONE', #283, 5.199999999999985967 ) ;
#6370 = CARTESIAN_POINT ( 'NONE',  ( 25.40000000000000213, 6.200000000000001066, 1.000000000000000000 ) ) ;
#6371 = CYLINDRICAL_SURFACE ( 'NONE', #1566, 1.500000000000000444 ) ;
#6372 = VECTOR ( 'NONE', #6280, 1000.000000000000000 ) ;
#6373 = CARTESIAN_POINT ( 'NONE',  ( 1.795259589288523472, -5.200000000000002842, 1.000000000000000000 ) ) ;
#6374 = VECTOR ( 'NONE', #783, 1000.000000000000000 ) ;
#6375 = VERTEX_POINT ( 'NONE', #4657 ) ;
#6376 = AXIS2_PLACEMENT_3D ( 'NONE', #2321, #8403, #1747 ) ;
#6377 = AXIS2_PLACEMENT_3D ( 'NONE', #4411, #6320, #242 ) ;
#6378 = ORIENTED_EDGE ( 'NONE', *, *, #4940, .F. ) ;
#6379 = CARTESIAN_POINT ( 'NONE',  ( 10.24407640405100395, -1.748816814762457428, 1.000000000000000000 ) ) ;
#6380 = CARTESIAN_POINT ( 'NONE',  ( 0.000000000000000000, -6.200000000000001066, 1.000000000000000000 ) ) ;
#6381 = AXIS2_PLACEMENT_3D ( 'NONE', #8107, #2875, #4819 ) ;
#6382 = CARTESIAN_POINT ( 'NONE',  ( -1.294459682984559823, 2.899137652669757426, 1.000000000000000000 ) ) ;
#6383 = EDGE_CURVE ( 'NONE', #7153, #4996, #3198, .T. ) ;
#6384 = CARTESIAN_POINT ( 'NONE',  ( -9.579057211144460737, -1.628672078514268318, 3.050999999999999712 ) ) ;
#6385 = DIRECTION ( 'NONE',  ( -0.7071067811865482389, -0.7071067811865469066, 0.000000000000000000 ) ) ;
#6386 = VERTEX_POINT ( 'NONE', #1100 ) ;
#6387 = PLANE ( 'NONE',  #2863 ) ;
#6388 = VECTOR ( 'NONE', #8767, 1000.000000000000000 ) ;
#6389 = AXIS2_PLACEMENT_3D ( 'NONE', #2797, #8194, #2119 ) ;
#6390 = VECTOR ( 'NONE', #5649, 1000.000000000000000 ) ;
#6391 = ADVANCED_FACE ( 'NONE', ( #6651 ), #5941, .T. ) ;
#6392 = AXIS2_PLACEMENT_3D ( 'NONE', #1081, #3178, #1126 ) ;
#6393 = VERTEX_POINT ( 'NONE', #2584 ) ;
#6394 = EDGE_LOOP ( 'NONE', ( #509, #7519, #4716, #6500 ) ) ;
#6395 = ORIENTED_EDGE ( 'NONE', *, *, #2270, .F. ) ;
#6396 = CARTESIAN_POINT ( 'NONE',  ( -12.55926857737315316, 13.25553989354330753, 3.049999999999999822 ) ) ;
#6397 = VECTOR ( 'NONE', #8762, 1000.000000000000000 ) ;
#6398 = CIRCLE ( 'NONE', #4561, 5.200000000000002842 ) ;
#6399 = CARTESIAN_POINT ( 'NONE',  ( 15.59983758850847124, -7.104577999219962692, -1.000000000000000000 ) ) ;
#6400 = CYLINDRICAL_SURFACE ( 'NONE', #3565, 3.175000000000000711 ) ;
#6401 = CARTESIAN_POINT ( 'NONE',  ( -12.28948229204563525, 13.09977870908580044, -2.286000000000000032 ) ) ;
#6402 = ORIENTED_EDGE ( 'NONE', *, *, #5448, .T. ) ;
#6403 = LINE ( 'NONE', #5774, #8504 ) ;
#6404 = VECTOR ( 'NONE', #6202, 1000.000000000000000 ) ;
#6405 = ORIENTED_EDGE ( 'NONE', *, *, #5815, .F. ) ;
#6406 = DIRECTION ( 'NONE',  ( -0.000000000000000000, -0.000000000000000000, -1.000000000000000000 ) ) ;
#6407 = VERTEX_POINT ( 'NONE', #7883 ) ;
#6408 = DIRECTION ( 'NONE',  ( -0.7071067811865481278, 0.7071067811865470176, 0.000000000000000000 ) ) ;
#6409 = DIRECTION ( 'NONE',  ( -0.000000000000000000, -0.000000000000000000, -1.000000000000000000 ) ) ;
#6410 = ADVANCED_FACE ( 'NONE', ( #1247 ), #8651, .F. ) ;
#6411 = LINE ( 'NONE', #5739, #6006 ) ;
#6412 = AXIS2_PLACEMENT_3D ( 'NONE', #567, #1341, #6079 ) ;
#6413 = VECTOR ( 'NONE', #4857, 1000.000000000000114 ) ;
#6414 = LINE ( 'NONE', #4904, #8290 ) ;
#6415 = ORIENTED_EDGE ( 'NONE', *, *, #1222, .F. ) ;
#6416 = ORIENTED_EDGE ( 'NONE', *, *, #5460, .F. ) ;
#6417 = ORIENTED_EDGE ( 'NONE', *, *, #6326, .T. ) ;
#6418 = LINE ( 'NONE', #3057, #7660 ) ;
#6419 = CARTESIAN_POINT ( 'NONE',  ( -6.490959663983257855, -2.256885490272335204, 2.286000000000000032 ) ) ;
#6420 = DIRECTION ( 'NONE',  ( 0.7071067811865469066, -0.7071067811865482389, 0.000000000000000000 ) ) ;
#6421 = CARTESIAN_POINT ( 'NONE',  ( 1.795259589288523250, 6.700000000000001066, 3.049999999999999822 ) ) ;
#6422 = CARTESIAN_POINT ( 'NONE',  ( 10.60118318523751846, 15.50592359594900849, 1.000000000000000000 ) ) ;
#6423 = EDGE_LOOP ( 'NONE', ( #7716, #2127, #4443, #1087 ) ) ;
#6424 = EDGE_CURVE ( 'NONE', #1147, #7025, #7280, .T. ) ;
#6425 = ORIENTED_EDGE ( 'NONE', *, *, #2538, .T. ) ;
#6426 = ORIENTED_EDGE ( 'NONE', *, *, #4204, .T. ) ;
#6427 = DIRECTION ( 'NONE',  ( 0.000000000000000000, 0.000000000000000000, 1.000000000000000000 ) ) ;
#6428 = CARTESIAN_POINT ( 'NONE',  ( 23.53650298521228379, 2.570603795974263583, 2.286000000000000032 ) ) ;
#6429 = LINE ( 'NONE', #8517, #3125 ) ;
#6430 = EDGE_CURVE ( 'NONE', #6045, #8023, #1204, .T. ) ;
#6431 = FACE_OUTER_BOUND ( 'NONE', #1967, .T. ) ;
#6432 = DIRECTION ( 'NONE',  ( 0.7071067811865469066, -0.7071067811865482389, 0.000000000000000000 ) ) ;
#6433 = ORIENTED_EDGE ( 'NONE', *, *, #1108, .T. ) ;
#6434 = CARTESIAN_POINT ( 'NONE',  ( -18.42030012562931063, 1.283257099844649307, -1.000000000000000000 ) ) ;
#6435 = ORIENTED_EDGE ( 'NONE', *, *, #2465, .F. ) ;
#6436 = ORIENTED_EDGE ( 'NONE', *, *, #3700, .T. ) ;
#6437 = DIRECTION ( 'NONE',  ( -1.189523621894263085E-16, -1.000000000000000000, 0.000000000000000000 ) ) ;
#6438 = EDGE_CURVE ( 'NONE', #2832, #3438, #7364, .T. ) ;
#6439 = CARTESIAN_POINT ( 'NONE',  ( -15.23629930681396871, 14.80112430581486116, 3.049999999999999822 ) ) ;
#6440 = PERSON_AND_ORGANIZATION ( #3919, #5274 ) ;
#6441 = CARTESIAN_POINT ( 'NONE',  ( 6.349999999999987210, -3.654415587728429671, 2.286000000000000032 ) ) ;
#6442 = VERTEX_POINT ( 'NONE', #1813 ) ;
#6443 = DIRECTION ( 'NONE',  ( -0.9659258262890688673, -0.2588190451025186301, 0.000000000000000000 ) ) ;
#6444 = EDGE_CURVE ( 'NONE', #7003, #8344, #3902, .T. ) ;
#6445 = ORIENTED_EDGE ( 'NONE', *, *, #3063, .F. ) ;
#6446 = CARTESIAN_POINT ( 'NONE',  ( -6.962552443978283101, -1.347972214418268866, -2.286000000000000032 ) ) ;
#6447 = ORIENTED_EDGE ( 'NONE', *, *, #1920, .F. ) ;
#6448 = CARTESIAN_POINT ( 'NONE',  ( 3.135382751754560271, -0.5000000000000000000, -1.000000000000000000 ) ) ;
#6449 = FACE_OUTER_BOUND ( 'NONE', #1498, .T. ) ;
#6450 = LINE ( 'NONE', #8544, #2532 ) ;
#6451 = CARTESIAN_POINT ( 'NONE',  ( 12.69999999999999929, 0.000000000000000000, -1.000000000000000000 ) ) ;
#6452 = CARTESIAN_POINT ( 'NONE',  ( 5.042893218813452094, 5.750000000000000000, 12.74539167476553381 ) ) ;
#6453 = EDGE_CURVE ( 'NONE', #5697, #5239, #8606, .T. ) ;
#6454 = ORIENTED_EDGE ( 'NONE', *, *, #5775, .T. ) ;
#6455 = ORIENTED_EDGE ( 'NONE', *, *, #840, .F. ) ;
#6456 = VECTOR ( 'NONE', #5785, 1000.000000000000000 ) ;
#6457 = VERTEX_POINT ( 'NONE', #2631 ) ;
#6458 = CARTESIAN_POINT ( 'NONE',  ( 18.05576118445748790, 4.648654403270952251, -2.286000000000000032 ) ) ;
#6459 = CARTESIAN_POINT ( 'NONE',  ( 1.795259589288523250, 6.700000000000001066, 1.000000000000000000 ) ) ;
#6460 = FACE_OUTER_BOUND ( 'NONE', #677, .T. ) ;
#6461 = FACE_OUTER_BOUND ( 'NONE', #2519, .T. ) ;
#6462 = CARTESIAN_POINT ( 'NONE',  ( 22.69583654340200951, 0.5000000000000005551, 12.74539167476553381 ) ) ;
#6463 = ADVANCED_FACE ( 'NONE', ( #6701 ), #8752, .F. ) ;
#6464 = EDGE_CURVE ( 'NONE', #7003, #7795, #7222, .T. ) ;
#6465 = ORIENTED_EDGE ( 'NONE', *, *, #4068, .F. ) ;
#6466 = EDGE_LOOP ( 'NONE', ( #8199, #5503, #3644, #2499 ) ) ;
#6467 = CARTESIAN_POINT ( 'NONE',  ( 25.40000000000000213, 5.200000000000001066, 3.049999999999999822 ) ) ;
#6468 = CARTESIAN_POINT ( 'NONE',  ( 1.045259589288517699, 5.400961894323345724, -2.286000000000000032 ) ) ;
#6469 = VECTOR ( 'NONE', #2699, 1000.000000000000000 ) ;
#6470 = DIRECTION ( 'NONE',  ( -0.000000000000000000, -0.000000000000000000, -1.000000000000000000 ) ) ;
#6471 = LINE ( 'NONE', #3812, #707 ) ;
#6472 = CARTESIAN_POINT ( 'NONE',  ( -13.46384374166936837, 8.350704077769517397, 2.286000000000000032 ) ) ;
#6473 = EDGE_LOOP ( 'NONE', ( #2253, #8489, #5120, #3928 ) ) ;
#6474 = DIRECTION ( 'NONE',  ( 0.000000000000000000, -1.000000000000000000, 0.000000000000000000 ) ) ;
#6475 = EDGE_CURVE ( 'NONE', #6342, #8212, #3155, .T. ) ;
#6476 = CARTESIAN_POINT ( 'NONE',  ( -13.48113442674622142, 5.167148083217656840, 2.286000000000000032 ) ) ;
#6477 = EDGE_CURVE ( 'NONE', #5860, #1793, #2024, .T. ) ;
#6478 = EDGE_LOOP ( 'NONE', ( #21, #7575, #3476, #2548, #6750, #6310 ) ) ;
#6479 = ORIENTED_EDGE ( 'NONE', *, *, #8595, .F. ) ;
#6480 = DIRECTION ( 'NONE',  ( -0.2588190451025186301, 0.9659258262890688673, 0.000000000000000000 ) ) ;
#6481 = AXIS2_PLACEMENT_3D ( 'NONE', #1395, #3922, #2604 ) ;
#6482 = CARTESIAN_POINT ( 'NONE',  ( 6.350000000000004974, -5.068629150101528147, 3.049999999999999822 ) ) ;
#6483 = PERSON_AND_ORGANIZATION ( #3919, #5274 ) ;
#6484 = CARTESIAN_POINT ( 'NONE',  ( -1.294459682984560045, 2.899137652669757870, 2.286000000000000032 ) ) ;
#6485 = ORIENTED_EDGE ( 'NONE', *, *, #730, .F. ) ;
#6486 = DIRECTION ( 'NONE',  ( 0.7071067811865481278, -0.7071067811865470176, 0.000000000000000000 ) ) ;
#6487 = EDGE_CURVE ( 'NONE', #563, #7361, #781, .T. ) ;
#6488 = ORIENTED_EDGE ( 'NONE', *, *, #4109, .T. ) ;
#6489 = DIRECTION ( 'NONE',  ( -0.7071067811865479058, 0.7071067811865471286, -0.000000000000000000 ) ) ;
#6490 = ORIENTED_EDGE ( 'NONE', *, *, #1867, .F. ) ;
#6491 = CARTESIAN_POINT ( 'NONE',  ( -2.037703323856006499, 5.672960682804486510, 1.000000000000000000 ) ) ;
#6492 = LINE ( 'NONE', #7305, #3691 ) ;
#6493 = CARTESIAN_POINT ( 'NONE',  ( 1.795259589288523472, -5.200000000000002842, 1.000000000000000000 ) ) ;
#6494 = AXIS2_PLACEMENT_3D ( 'NONE', #8176, #3605, #4891 ) ;
#6495 = DIRECTION ( 'NONE',  ( -1.000000000000000000, 0.000000000000000000, 0.000000000000000000 ) ) ;
#6496 = ADVANCED_FACE ( 'NONE', ( #4705 ), #1502, .F. ) ;
#6497 = EDGE_CURVE ( 'NONE', #348, #2278, #3495, .T. ) ;
#6498 = ADVANCED_FACE ( 'NONE', ( #7576 ), #3534, .T. ) ;
#6499 = VERTEX_POINT ( 'NONE', #4203 ) ;
#6500 = ORIENTED_EDGE ( 'NONE', *, *, #77, .T. ) ;
#6501 = ORIENTED_EDGE ( 'NONE', *, *, #6302, .T. ) ;
#6502 = DIRECTION ( 'NONE',  ( -0.000000000000000000, -0.000000000000000000, -1.000000000000000000 ) ) ;
#6503 = PLANE ( 'NONE',  #6947 ) ;
#6504 = CARTESIAN_POINT ( 'NONE',  ( 1.795259589288523250, 6.700000000000001066, 1.000000000000000000 ) ) ;
#6505 = DIRECTION ( 'NONE',  ( -0.000000000000000000, -0.000000000000000000, -1.000000000000000000 ) ) ;
#6506 = CARTESIAN_POINT ( 'NONE',  ( 9.995836543402008445, 0.4999999999999991673, 2.286000000000000032 ) ) ;
#6507 = VERTEX_POINT ( 'NONE', #6244 ) ;
#6508 = VERTEX_POINT ( 'NONE', #2835 ) ;
#6509 = DIRECTION ( 'NONE',  ( 0.000000000000000000, 0.000000000000000000, 1.000000000000000000 ) ) ;
#6510 = LINE ( 'NONE', #5236, #185 ) ;
#6511 = EDGE_CURVE ( 'NONE', #4448, #2278, #171, .T. ) ;
#6512 = CARTESIAN_POINT ( 'NONE',  ( 15.83538275175456000, 0.5000000000000000000, 1.000000000000000000 ) ) ;
#6513 = VECTOR ( 'NONE', #280, 1000.000000000000114 ) ;
#6514 = CARTESIAN_POINT ( 'NONE',  ( 6.350000000000004974, -5.068629150101528147, -3.049999999999999822 ) ) ;
#6515 = EDGE_CURVE ( 'NONE', #210, #1598, #8112, .T. ) ;
#6516 = CARTESIAN_POINT ( 'NONE',  ( -12.51629722257085042, 13.94626355372112947, 12.72085538888886802 ) ) ;
#6517 = EDGE_LOOP ( 'NONE', ( #2774, #3894, #4066, #8550 ) ) ;
#6518 = DIRECTION ( 'NONE',  ( -0.9659258262890686453, -0.2588190451025193517, 0.000000000000000000 ) ) ;
#6519 = DIRECTION ( 'NONE',  ( 0.000000000000000000, 0.000000000000000000, 1.000000000000000000 ) ) ;
#6520 = ORIENTED_EDGE ( 'NONE', *, *, #2332, .F. ) ;
#6521 = ORIENTED_EDGE ( 'NONE', *, *, #1232, .T. ) ;
#6522 = CARTESIAN_POINT ( 'NONE',  ( -1.804740410711484166, 0.4646170927520478777, -1.000000000000000000 ) ) ;
#6523 = CARTESIAN_POINT ( 'NONE',  ( 19.05000000000001137, 3.654415587728429671, -1.000000000000000000 ) ) ;
#6524 = CARTESIAN_POINT ( 'NONE',  ( 0.000000000000000000, 0.000000000000000000, 0.000000000000000000 ) ) ;
#6525 = CARTESIAN_POINT ( 'NONE',  ( 25.39999999999999858, 0.000000000000000000, -1.000000000000000000 ) ) ;
#6526 = AXIS2_PLACEMENT_3D ( 'NONE', #4015, #6016, #5390 ) ;
#6527 = VERTEX_POINT ( 'NONE', #5584 ) ;
#6528 = CIRCLE ( 'NONE', #2724, 3.175000000000000711 ) ;
#6529 = CARTESIAN_POINT ( 'NONE',  ( 20.28743686707645111, -5.819669914110093600, 2.286000000000000032 ) ) ;
#6530 = VECTOR ( 'NONE', #3577, 1000.000000000000000 ) ;
#6531 = VECTOR ( 'NONE', #8573, 1000.000000000000000 ) ;
#6532 = AXIS2_PLACEMENT_3D ( 'NONE', #6581, #1691, #4399 ) ;
#6533 = VERTEX_POINT ( 'NONE', #8191 ) ;
#6534 = AXIS2_PLACEMENT_3D ( 'NONE', #8658, #8071, #3159 ) ;
#6535 = ADVANCED_FACE ( 'NONE', ( #4826 ), #4783, .F. ) ;
#6536 = VECTOR ( 'NONE', #6227, 1000.000000000000000 ) ;
#6537 = CARTESIAN_POINT ( 'NONE',  ( 12.69999999999999929, 0.000000000000000000, 2.286000000000000032 ) ) ;
#6538 = VERTEX_POINT ( 'NONE', #2167 ) ;
#6539 = DIRECTION ( 'NONE',  ( -0.7071067811865503483, -0.7071067811865446862, 0.000000000000000000 ) ) ;
#6540 = PLANE ( 'NONE',  #1584 ) ;
#6541 = EDGE_CURVE ( 'NONE', #6508, #2899, #4043, .T. ) ;
#6542 = CARTESIAN_POINT ( 'NONE',  ( -14.67057614822933687, 12.68981673495868101, -1.000000000000000000 ) ) ;
#6543 = LINE ( 'NONE', #3889, #3869 ) ;
#6544 = PLANE ( 'NONE',  #2507 ) ;
#6545 = VECTOR ( 'NONE', #7671, 1000.000000000000000 ) ;
#6546 = ORIENTED_EDGE ( 'NONE', *, *, #7428, .F. ) ;
#6547 = ORIENTED_EDGE ( 'NONE', *, *, #3531, .T. ) ;
#6548 = CARTESIAN_POINT ( 'NONE',  ( -21.99704525612473560, 12.70000000000003659, 3.049999999999999822 ) ) ;
#6549 = ORIENTED_EDGE ( 'NONE', *, *, #2003, .F. ) ;
#6551 = VECTOR ( 'NONE', #6564, 1000.000000000000000 ) ;
#6550 = CARTESIAN_POINT ( 'NONE',  ( 20.59558441227158454, -5.200000000000001954, 3.049999999999999822 ) ) ;
#6552 = LINE ( 'NONE', #7876, #6242 ) ;
#6553 = EDGE_CURVE ( 'NONE', #7402, #133, #125, .T. ) ;
#6554 = DIRECTION ( 'NONE',  ( 0.000000000000000000, 0.000000000000000000, 1.000000000000000000 ) ) ;
#6555 = LINE ( 'NONE', #2482, #1141 ) ;
#6556 = CARTESIAN_POINT ( 'NONE',  ( -10.99852262806236958, 6.350000000000002309, -1.000000000000000000 ) ) ;
#6557 = ORIENTED_EDGE ( 'NONE', *, *, #2954, .T. ) ;
#6558 = ORIENTED_EDGE ( 'NONE', *, *, #4917, .T. ) ;
#6559 = EDGE_CURVE ( 'NONE', #5478, #1500, #6739, .T. ) ;
#6560 = EDGE_CURVE ( 'NONE', #8677, #7153, #2451, .T. ) ;
#6561 = VERTEX_POINT ( 'NONE', #745 ) ;
#6562 = VERTEX_POINT ( 'NONE', #655 ) ;
#6563 = CARTESIAN_POINT ( 'NONE',  ( 25.40000000000000568, 0.000000000000000000, 3.049999999999999822 ) ) ;
#6564 = DIRECTION ( 'NONE',  ( -0.000000000000000000, -0.000000000000000000, -1.000000000000000000 ) ) ;
#6565 = DIRECTION ( 'NONE',  ( -0.8660254037844387076, 0.5000000000000001110, 0.000000000000000000 ) ) ;
#6566 = CARTESIAN_POINT ( 'NONE',  ( 7.481370849898478781, -6.200000000000000178, 3.050999999999999712 ) ) ;
#6567 = DIRECTION ( 'NONE',  ( 1.000000000000000000, 0.000000000000000000, -0.000000000000000000 ) ) ;
#6568 = DIRECTION ( 'NONE',  ( -1.000000000000000000, -2.973809054735657095E-17, 0.000000000000000000 ) ) ;
#6569 = CARTESIAN_POINT ( 'NONE',  ( 17.50441558772843820, -5.200000000000001066, 3.049999999999999822 ) ) ;
#6570 = CARTESIAN_POINT ( 'NONE',  ( -9.552245033349360489E-16, -5.200000000000001954, 3.049999999999999822 ) ) ;
#6571 = ORIENTED_EDGE ( 'NONE', *, *, #1221, .F. ) ;
#6572 = DIRECTION ( 'NONE',  ( -1.000000000000000000, 0.000000000000000000, 0.000000000000000000 ) ) ;
#6573 = DIRECTION ( 'NONE',  ( 0.8660254037844385966, -0.5000000000000001110, 0.000000000000000000 ) ) ;
#6574 = VECTOR ( 'NONE', #7496, 1000.000000000000000 ) ;
#6575 = EDGE_CURVE ( 'NONE', #625, #3772, #2043, .T. ) ;
#6576 = EDGE_LOOP ( 'NONE', ( #3478, #6017, #6108, #5936 ) ) ;
#6577 = ORIENTED_EDGE ( 'NONE', *, *, #5965, .F. ) ;
#6578 = CARTESIAN_POINT ( 'NONE',  ( 25.39999999999999858, 0.000000000000000000, 2.286000000000000032 ) ) ;
#6579 = DIRECTION ( 'NONE',  ( -0.7071067811865479058, 0.7071067811865471286, 0.000000000000000000 ) ) ;
#6580 = COORDINATED_UNIVERSAL_TIME_OFFSET ( 6, 0, .BEHIND. ) ;
#6581 = CARTESIAN_POINT ( 'NONE',  ( -21.99704525612473915, 12.70000000000000462, -1.000000000000000000 ) ) ;
#6582 = VERTEX_POINT ( 'NONE', #3372 ) ;
#6583 = CARTESIAN_POINT ( 'NONE',  ( -19.39704525612473418, 17.20333209967908061, 3.049999999999999822 ) ) ;
#6584 = EDGE_CURVE ( 'NONE', #1339, #5314, #6777, .T. ) ;
#6585 = EDGE_CURVE ( 'NONE', #563, #3035, #8783, .T. ) ;
#6586 = ORIENTED_EDGE ( 'NONE', *, *, #4877, .T. ) ;
#6587 = FACE_OUTER_BOUND ( 'NONE', #2999, .T. ) ;
#6588 = ORIENTED_EDGE ( 'NONE', *, *, #7375, .T. ) ;
#6589 = DIRECTION ( 'NONE',  ( 0.000000000000000000, 0.000000000000000000, -1.000000000000000000 ) ) ;
#6590 = DIRECTION ( 'NONE',  ( 0.8660254037844379305, -0.5000000000000011102, 0.000000000000000000 ) ) ;
#6591 = DIRECTION ( 'NONE',  ( -0.7071067811865479058, 0.7071067811865471286, 0.000000000000000000 ) ) ;
#6592 = DIRECTION ( 'NONE',  ( 0.000000000000000000, 0.000000000000000000, 1.000000000000000000 ) ) ;
#6593 = ADVANCED_FACE ( 'NONE', ( #6120 ), #49, .T. ) ;
#6594 = EDGE_CURVE ( 'NONE', #883, #8344, #8369, .T. ) ;
#6595 = ORIENTED_EDGE ( 'NONE', *, *, #6424, .F. ) ;
#6596 = ORIENTED_EDGE ( 'NONE', *, *, #8526, .T. ) ;
#6597 = DIRECTION ( 'NONE',  ( -0.2588190451025198513, 0.9659258262890686453, 0.000000000000000000 ) ) ;
#6598 = ORIENTED_EDGE ( 'NONE', *, *, #7296, .F. ) ;
#6599 = DIRECTION ( 'NONE',  ( -0.000000000000000000, -0.000000000000000000, -1.000000000000000000 ) ) ;
#6600 = PLANE ( 'NONE',  #289 ) ;
#6601 = DIRECTION ( 'NONE',  ( 0.9659258262890688673, 0.2588190451025188521, -0.000000000000000000 ) ) ;
#6602 = CARTESIAN_POINT ( 'NONE',  ( 0.8963291634175610811, 10.05485402181997756, 1.000000000000000000 ) ) ;
#6603 = LINE ( 'NONE', #514, #6709 ) ;
#6604 = ORIENTED_EDGE ( 'NONE', *, *, #6775, .T. ) ;
#6605 = VECTOR ( 'NONE', #5528, 1000.000000000000000 ) ;
#6606 = ORIENTED_EDGE ( 'NONE', *, *, #7112, .F. ) ;
#6607 = EDGE_CURVE ( 'NONE', #1848, #3165, #5081, .T. ) ;
#6608 = ORIENTED_EDGE ( 'NONE', *, *, #5636, .F. ) ;
#6609 = DIRECTION ( 'NONE',  ( -1.000000000000000000, -3.414809992080329023E-17, 0.000000000000000000 ) ) ;
#6610 = CARTESIAN_POINT ( 'NONE',  ( 25.40000000000000213, 6.200000000000001066, 3.049999999999999822 ) ) ;
#6611 = LINE ( 'NONE', #7415, #7228 ) ;
#6612 = VERTEX_POINT ( 'NONE', #2296 ) ;
#6613 = VECTOR ( 'NONE', #7971, 1000.000000000000000 ) ;
#6614 = CARTESIAN_POINT ( 'NONE',  ( 6.349999999999987210, -3.654415587728429671, -3.049999999999999822 ) ) ;
#6615 = LINE ( 'NONE', #1915, #7045 ) ;
#6616 = DIRECTION ( 'NONE',  ( -1.000000000000000000, 0.000000000000000000, 0.000000000000000000 ) ) ;
#6617 = ORIENTED_EDGE ( 'NONE', *, *, #3753, .F. ) ;
#6618 = LINE ( 'NONE', #531, #8523 ) ;
#6619 = ADVANCED_FACE ( 'NONE', ( #7614 ), #292, .T. ) ;
#6620 = FACE_OUTER_BOUND ( 'NONE', #5430, .T. ) ;
#6621 = VERTEX_POINT ( 'NONE', #8417 ) ;
#6622 = VERTEX_POINT ( 'NONE', #212 ) ;
#6623 = CARTESIAN_POINT ( 'NONE',  ( -6.760745949310764225, -2.101124305814833892, 2.286000000000000032 ) ) ;
#6624 = CARTESIAN_POINT ( 'NONE',  ( 19.05000000000001137, -3.654415587728429671, -1.000000000000000000 ) ) ;
#6625 = DIRECTION ( 'NONE',  ( 1.000000000000000000, 0.000000000000000000, -0.000000000000000000 ) ) ;
#6626 = VERTEX_POINT ( 'NONE', #7657 ) ;
#6627 = DIRECTION ( 'NONE',  ( 1.000000000000000000, 0.000000000000000000, 0.000000000000000000 ) ) ;
#6628 = VECTOR ( 'NONE', #5176, 999.9999999999998863 ) ;
#6629 = ORIENTED_EDGE ( 'NONE', *, *, #5554, .T. ) ;
#6630 = VECTOR ( 'NONE', #3550, 1000.000000000000000 ) ;
#6631 = FACE_OUTER_BOUND ( 'NONE', #668, .T. ) ;
#6632 = ORIENTED_EDGE ( 'NONE', *, *, #8118, .F. ) ;
#6633 = DIRECTION ( 'NONE',  ( 0.000000000000000000, 0.000000000000000000, 1.000000000000000000 ) ) ;
#6634 = ADVANCED_FACE ( 'NONE', ( #7026 ), #2923, .F. ) ;
#6635 = DIRECTION ( 'NONE',  ( 0.000000000000000000, 0.000000000000000000, 1.000000000000000000 ) ) ;
#6636 = CYLINDRICAL_SURFACE ( 'NONE', #2964, 5.200000000000002842 ) ;
#6637 = LINE ( 'NONE', #1278, #3766 ) ;
#6638 = ADVANCED_FACE ( 'NONE', ( #3099 ), #2966, .T. ) ;
#6639 = VECTOR ( 'NONE', #3746, 1000.000000000000000 ) ;
#6640 = ORIENTED_EDGE ( 'NONE', *, *, #4097, .F. ) ;
#6641 = ORIENTED_EDGE ( 'NONE', *, *, #5003, .F. ) ;
#6642 = LINE ( 'NONE', #3328, #8164 ) ;
#6643 = ORIENTED_EDGE ( 'NONE', *, *, #5141, .T. ) ;
#6644 = AXIS2_PLACEMENT_3D ( 'NONE', #2897, #711, #4882 ) ;
#6645 = CARTESIAN_POINT ( 'NONE',  ( -10.99852262806236958, 6.350000000000002309, -1.000000000000000000 ) ) ;
#6646 = ADVANCED_FACE ( 'NONE', ( #3584 ), #2206, .T. ) ;
#6647 = DIRECTION ( 'NONE',  ( 1.000000000000000000, 3.552713678800501718E-15, 0.000000000000000000 ) ) ;
#6648 = DIRECTION ( 'NONE',  ( -0.7071067811865446862, -0.7071067811865503483, 0.000000000000000000 ) ) ;
#6649 = FACE_OUTER_BOUND ( 'NONE', #8183, .T. ) ;
#6650 = ORIENTED_EDGE ( 'NONE', *, *, #7065, .T. ) ;
#6651 = FACE_OUTER_BOUND ( 'NONE', #1931, .T. ) ;
#6652 = DIRECTION ( 'NONE',  ( 1.000000000000000000, 8.881784197001252323E-16, 0.000000000000000000 ) ) ;
#6653 = FACE_OUTER_BOUND ( 'NONE', #5949, .T. ) ;
#6654 = LINE ( 'NONE', #8655, #8602 ) ;
#6655 = ORIENTED_EDGE ( 'NONE', *, *, #5410, .T. ) ;
#6656 = DIRECTION ( 'NONE',  ( 0.000000000000000000, 0.000000000000000000, 1.000000000000000000 ) ) ;
#6657 = DIRECTION ( 'NONE',  ( -1.000000000000000000, 0.000000000000000000, 0.000000000000000000 ) ) ;
#6658 = DIRECTION ( 'NONE',  ( 0.2588190451025204619, -0.9659258262890684232, 0.000000000000000000 ) ) ;
#6659 = ORIENTED_EDGE ( 'NONE', *, *, #5625, .T. ) ;
#6660 = CARTESIAN_POINT ( 'NONE',  ( -20.43629930681396800, 5.794460106456734927, 3.049999999999999822 ) ) ;
#6661 = DIRECTION ( 'NONE',  ( 0.000000000000000000, 0.000000000000000000, -1.000000000000000000 ) ) ;
#6662 = ORIENTED_EDGE ( 'NONE', *, *, #8414, .T. ) ;
#6663 = VERTEX_POINT ( 'NONE', #4998 ) ;
#6664 = CARTESIAN_POINT ( 'NONE',  ( 7.587436867076464253, -5.819669914110093600, 12.74539167476553381 ) ) ;
#6665 = AXIS2_PLACEMENT_3D ( 'NONE', #3972, #4023, #2741 ) ;
#6666 = DIRECTION ( 'NONE',  ( 0.000000000000000000, 0.000000000000000000, 1.000000000000000000 ) ) ;
#6667 = LINE ( 'NONE', #6054, #1806 ) ;
#6668 = ADVANCED_FACE ( 'NONE', ( #2336 ), #6292, .T. ) ;
#6669 = CARTESIAN_POINT ( 'NONE',  ( -15.23629930681396871, 14.80112430581486116, 3.049999999999999822 ) ) ;
#6670 = AXIS2_PLACEMENT_3D ( 'NONE', #3284, #2627, #6034 ) ;
#6671 = VECTOR ( 'NONE', #7672, 999.9999999999998863 ) ;
#6672 = AXIS2_PLACEMENT_3D ( 'NONE', #6459, #7167, #213 ) ;
#6673 = EDGE_CURVE ( 'NONE', #7448, #133, #4375, .T. ) ;
#6674 = CARTESIAN_POINT ( 'NONE',  ( 1.045259589288517699, 5.400961894323345724, -3.049999999999999822 ) ) ;
#6675 = ORIENTED_EDGE ( 'NONE', *, *, #7724, .F. ) ;
#6676 = EDGE_CURVE ( 'NONE', #7715, #8734, #6942, .T. ) ;
#6677 = VECTOR ( 'NONE', #6443, 1000.000000000000000 ) ;
#6678 = DIRECTION ( 'NONE',  ( -0.7071067811865474617, -0.7071067811865476838, 0.000000000000000000 ) ) ;
#6679 = AXIS2_PLACEMENT_3D ( 'NONE', #79, #8105, #8780 ) ;
#6680 = CIRCLE ( 'NONE', #7800, 2.100000000000000089 ) ;
#6681 = DIRECTION ( 'NONE',  ( 1.000000000000000000, 0.000000000000000000, 0.000000000000000000 ) ) ;
#6682 = DIRECTION ( 'NONE',  ( 1.000000000000000000, 0.000000000000000000, 0.000000000000000000 ) ) ;
#6683 = ORIENTED_EDGE ( 'NONE', *, *, #4928, .T. ) ;
#6684 = CARTESIAN_POINT ( 'NONE',  ( -2.899137652669756093, -1.294459682984562932, 2.286000000000000032 ) ) ;
#6685 = CIRCLE ( 'NONE', #866, 5.199999999999985967 ) ;
#6686 = VECTOR ( 'NONE', #748, 1000.000000000000000 ) ;
#6687 = AXIS2_PLACEMENT_3D ( 'NONE', #8739, #7405, #4693 ) ;
#6688 = VECTOR ( 'NONE', #5691, 1000.000000000000000 ) ;
#6689 = ORIENTED_EDGE ( 'NONE', *, *, #4607, .F. ) ;
#6690 = ORIENTED_EDGE ( 'NONE', *, *, #3715, .F. ) ;
#6691 = CARTESIAN_POINT ( 'NONE',  ( -13.09852262806237100, 6.350000000000002309, -2.286000000000000032 ) ) ;
#6692 = ADVANCED_FACE ( 'NONE', ( #4950 ), #7122, .F. ) ;
#6693 = CARTESIAN_POINT ( 'NONE',  ( 2.265685708190568803, 1.558578927004020898, 2.286000000000000032 ) ) ;
#6694 = FACE_OUTER_BOUND ( 'NONE', #5929, .T. ) ;
#6695 = VECTOR ( 'NONE', #4569, 1000.000000000000000 ) ;
#6696 = PLANE ( 'NONE',  #7885 ) ;
#6697 = CARTESIAN_POINT ( 'NONE',  ( 3.894076404050987872, 4.601183185237535334, -1.000000000000000000 ) ) ;
#6698 = ORIENTED_EDGE ( 'NONE', *, *, #3347, .F. ) ;
#6699 = VECTOR ( 'NONE', #3410, 1000.000000000000114 ) ;
#6700 = ORIENTED_EDGE ( 'NONE', *, *, #5233, .F. ) ;
#6701 = FACE_OUTER_BOUND ( 'NONE', #4660, .T. ) ;
#6702 = CARTESIAN_POINT ( 'NONE',  ( 17.50441558772843820, 5.200000000000001066, -3.049999999999999822 ) ) ;
#6703 = DIRECTION ( 'NONE',  ( 1.000000000000000000, -3.552713678800501718E-15, 0.000000000000000000 ) ) ;
#6704 = CARTESIAN_POINT ( 'NONE',  ( 10.12939620402574015, -1.863497014787717898, 2.286000000000000032 ) ) ;
#6705 = LINE ( 'NONE', #4003, #5664 ) ;
#6706 = DIRECTION ( 'NONE',  ( 1.000000000000000000, 0.000000000000000000, 0.000000000000000000 ) ) ;
#6707 = ORIENTED_EDGE ( 'NONE', *, *, #1058, .F. ) ;
#6708 = VECTOR ( 'NONE', #3671, 999.9999999999998863 ) ;
#6709 = VECTOR ( 'NONE', #7924, 1000.000000000000000 ) ;
#6710 = AXIS2_PLACEMENT_3D ( 'NONE', #8349, #2320, #8218 ) ;
#6711 = DIRECTION ( 'NONE',  ( -0.7071067811865474617, -0.7071067811865476838, 0.000000000000000000 ) ) ;
#6712 = VERTEX_POINT ( 'NONE', #6458 ) ;
#6713 = EDGE_CURVE ( 'NONE', #893, #6342, #1589, .T. ) ;
#6714 = VERTEX_POINT ( 'NONE', #374 ) ;
#6715 = CARTESIAN_POINT ( 'NONE',  ( 6.350000000000004974, -5.068629150101528147, 3.050999999999999712 ) ) ;
#6716 = DIRECTION ( 'NONE',  ( 0.000000000000000000, 0.000000000000000000, 1.000000000000000000 ) ) ;
#6717 = CARTESIAN_POINT ( 'NONE',  ( 10.83650298521228450, 2.570603795974262251, 2.286000000000000032 ) ) ;
#6718 = ORIENTED_EDGE ( 'NONE', *, *, #6737, .F. ) ;
#6719 = CARTESIAN_POINT ( 'NONE',  ( -8.099384975392617037, 7.644459682984572346, 2.286000000000000032 ) ) ;
#6720 = EDGE_CURVE ( 'NONE', #3915, #7512, #6248, .T. ) ;
#6721 = VERTEX_POINT ( 'NONE', #3710 ) ;
#6722 = EDGE_CURVE ( 'NONE', #5494, #790, #6418, .T. ) ;
#6723 = DIRECTION ( 'NONE',  ( 1.000000000000000000, 0.000000000000000000, -0.000000000000000000 ) ) ;
#6724 = ORIENTED_EDGE ( 'NONE', *, *, #693, .F. ) ;
#6725 = PLANE ( 'NONE',  #704 ) ;
#6726 = DIRECTION ( 'NONE',  ( 1.000000000000000000, 1.912293595564983661E-15, 0.000000000000000000 ) ) ;
#6727 = DIRECTION ( 'NONE',  ( -0.000000000000000000, -0.000000000000000000, -1.000000000000000000 ) ) ;
#6728 = ORIENTED_EDGE ( 'NONE', *, *, #2791, .F. ) ;
#6729 = FACE_OUTER_BOUND ( 'NONE', #1821, .T. ) ;
#6730 = EDGE_CURVE ( 'NONE', #535, #3772, #3623, .T. ) ;
#6731 = ORIENTED_EDGE ( 'NONE', *, *, #44, .F. ) ;
#6732 = LINE ( 'NONE', #8695, #8297 ) ;
#6733 = PLANE ( 'NONE',  #6679 ) ;
#6734 = PLANE ( 'NONE',  #3557 ) ;
#6735 = LINE ( 'NONE', #1989, #1231 ) ;
#6736 = ORIENTED_EDGE ( 'NONE', *, *, #2078, .T. ) ;
#6737 = EDGE_CURVE ( 'NONE', #1714, #1940, #5707, .T. ) ;
#6738 = EDGE_LOOP ( 'NONE', ( #6436, #4966, #3937, #1713 ) ) ;
#6739 = LINE ( 'NONE', #4126, #6699 ) ;
#6740 = CARTESIAN_POINT ( 'NONE',  ( 1.795259589288523250, 6.700000000000001066, -1.000000000000000000 ) ) ;
#6741 = FACE_OUTER_BOUND ( 'NONE', #5039, .T. ) ;
#6742 = DIRECTION ( 'NONE',  ( -0.7071067811865475727, 0.7071067811865474617, 0.000000000000000000 ) ) ;
#6743 = ORIENTED_EDGE ( 'NONE', *, *, #538, .T. ) ;
#6744 = EDGE_CURVE ( 'NONE', #454, #2920, #415, .T. ) ;
#6745 = CYLINDRICAL_SURFACE ( 'NONE', #7959, 3.175000000000004263 ) ;
#6746 = LINE ( 'NONE', #1916, #7846 ) ;
#6747 = ORIENTED_EDGE ( 'NONE', *, *, #5207, .F. ) ;
#6748 = CARTESIAN_POINT ( 'NONE',  ( 1.795259589288523250, 6.700000000000001066, 1.000000000000000000 ) ) ;
#6749 = CIRCLE ( 'NONE', #2074, 3.175000000000004263 ) ;
#6750 = ORIENTED_EDGE ( 'NONE', *, *, #7872, .F. ) ;
#6751 = ORIENTED_EDGE ( 'NONE', *, *, #1952, .F. ) ;
#6752 = DIRECTION ( 'NONE',  ( 0.000000000000000000, 0.000000000000000000, -1.000000000000000000 ) ) ;
#6753 = ADVANCED_FACE ( 'NONE', ( #609 ), #7356, .T. ) ;
#6754 = CARTESIAN_POINT ( 'NONE',  ( -7.840565930290091856, 6.678533856695505477, 1.000000000000000000 ) ) ;
#6755 = CARTESIAN_POINT ( 'NONE',  ( -8.684624587355029846, -0.3537333988757697667, 2.286000000000003141 ) ) ;
#6756 = DIRECTION ( 'NONE',  ( -0.8660254037844379305, 0.5000000000000011102, 0.000000000000000000 ) ) ;
#6757 = EDGE_CURVE ( 'NONE', #3580, #2333, #8232, .T. ) ;
#6758 = EDGE_LOOP ( 'NONE', ( #6833, #4140, #7954, #7171 ) ) ;
#6759 = ORIENTED_EDGE ( 'NONE', *, *, #2065, .F. ) ;
#6760 = DIRECTION ( 'NONE',  ( 1.000000000000000000, 0.000000000000000000, 0.000000000000000000 ) ) ;
#6761 = ADVANCED_FACE ( 'NONE', ( #3329 ), #8015, .T. ) ;
#6762 = VECTOR ( 'NONE', #2435, 999.9999999999998863 ) ;
#6763 = FACE_OUTER_BOUND ( 'NONE', #2282, .T. ) ;
#6764 = CARTESIAN_POINT ( 'NONE',  ( 17.91862915010151980, 6.200000000000000178, 3.049999999999999822 ) ) ;
#6765 = ORIENTED_EDGE ( 'NONE', *, *, #4270, .T. ) ;
#6766 = CARTESIAN_POINT ( 'NONE',  ( 6.349999999999999645, 5.642893218813452627, -2.286000000000000032 ) ) ;
#6767 = VECTOR ( 'NONE', #8723, 999.9999999999998863 ) ;
#6768 = EDGE_LOOP ( 'NONE', ( #6074, #4104, #907, #3668, #5560, #382 ) ) ;
#6769 = CARTESIAN_POINT ( 'NONE',  ( -24.59704525612474058, 8.196667900320957045, -2.286000000000000032 ) ) ;
#6770 = DIRECTION ( 'NONE',  ( 1.000000000000000000, 3.414809992080329023E-17, 0.000000000000000000 ) ) ;
#6771 = CARTESIAN_POINT ( 'NONE',  ( 17.19289321881344890, -5.200000000000001954, 2.286000000000000032 ) ) ;
#6772 = DIRECTION ( 'NONE',  ( -0.000000000000000000, -0.000000000000000000, -1.000000000000000000 ) ) ;
#6773 = CIRCLE ( 'NONE', #2817, 2.100000000000000977 ) ;
#6774 = VERTEX_POINT ( 'NONE', #3142 ) ;
#6775 = EDGE_CURVE ( 'NONE', #342, #880, #8499, .T. ) ;
#6776 = AXIS2_PLACEMENT_3D ( 'NONE', #8764, #2551, #631 ) ;
#6777 = LINE ( 'NONE', #2712, #7411 ) ;
#6778 = EDGE_CURVE ( 'NONE', #2815, #203, #3984, .T. ) ;
#6779 = DIRECTION ( 'NONE',  ( -0.7071067811865482389, 0.7071067811865469066, 0.000000000000000000 ) ) ;
#6780 = DIRECTION ( 'NONE',  ( 1.000000000000000000, 0.000000000000000000, -0.000000000000000000 ) ) ;
#6781 = CARTESIAN_POINT ( 'NONE',  ( 25.39999999999999858, 0.000000000000000000, -2.286000000000000032 ) ) ;
#6782 = DIRECTION ( 'NONE',  ( 0.9659258262890690894, 0.2588190451025182415, -0.000000000000000000 ) ) ;
#6783 = VECTOR ( 'NONE', #6573, 1000.000000000000114 ) ;
#6784 = DIRECTION ( 'NONE',  ( -0.000000000000000000, -0.000000000000000000, -1.000000000000000000 ) ) ;
#6785 = VERTEX_POINT ( 'NONE', #2478 ) ;
#6786 = DIRECTION ( 'NONE',  ( 0.9659258262890686453, 0.2588190451025195737, -0.000000000000000000 ) ) ;
#6787 = EDGE_CURVE ( 'NONE', #4219, #5436, #4605, .T. ) ;
#6788 = VERTEX_POINT ( 'NONE', #8553 ) ;
#6789 = ORIENTED_EDGE ( 'NONE', *, *, #1824, .F. ) ;
#6790 = DIRECTION ( 'NONE',  ( -0.000000000000000000, -0.000000000000000000, 1.000000000000000000 ) ) ;
#6791 = EDGE_CURVE ( 'NONE', #7995, #6714, #8594, .T. ) ;
#6792 = DIRECTION ( 'NONE',  ( 0.000000000000000000, 0.000000000000000000, 1.000000000000000000 ) ) ;
#6793 = FACE_OUTER_BOUND ( 'NONE', #1922, .T. ) ;
#6794 = LINE ( 'NONE', #675, #2998 ) ;
#6795 = EDGE_CURVE ( 'NONE', #1021, #471, #5223, .T. ) ;
#6796 = VERTEX_POINT ( 'NONE', #5173 ) ;
#6797 = VECTOR ( 'NONE', #2347, 1000.000000000000000 ) ;
#6798 = ORIENTED_EDGE ( 'NONE', *, *, #5952, .F. ) ;
#6799 = CARTESIAN_POINT ( 'NONE',  ( 0.000000000000000000, 0.000000000000000000, 1.000000000000000000 ) ) ;
#6800 = DIRECTION ( 'NONE',  ( 0.000000000000000000, 0.000000000000000000, -1.000000000000000000 ) ) ;
#6801 = CARTESIAN_POINT ( 'NONE',  ( -15.50608559214147952, 14.95688549027237180, 1.000000000000000000 ) ) ;
#6802 = CARTESIAN_POINT ( 'NONE',  ( -20.57757983920676992, 4.721327921485830359, -3.049999999999999822 ) ) ;
#6803 = AXIS2_PLACEMENT_3D ( 'NONE', #7937, #6656, #573 ) ;
#6804 = VERTEX_POINT ( 'NONE', #6550 ) ;
#6805 = AXIS2_PLACEMENT_3D ( 'NONE', #2836, #8114, #4205 ) ;
#6806 = EDGE_CURVE ( 'NONE', #6774, #5725, #4462, .T. ) ;
#6807 = CIRCLE ( 'NONE', #5669, 2.100000000000000977 ) ;
#6808 = AXIS2_PLACEMENT_3D ( 'NONE', #3970, #5008, #223 ) ;
#6809 = EDGE_LOOP ( 'NONE', ( #3140, #2554, #3731, #7940 ) ) ;
#6810 = CIRCLE ( 'NONE', #7947, 3.174999999999999822 ) ;
#6811 = DIRECTION ( 'NONE',  ( -1.000000000000000000, 0.000000000000000000, 0.000000000000000000 ) ) ;
#6812 = EDGE_CURVE ( 'NONE', #1940, #1203, #3233, .T. ) ;
#6813 = DIRECTION ( 'NONE',  ( 0.7071067811865472397, 0.7071067811865479058, -0.000000000000000000 ) ) ;
#6814 = FACE_OUTER_BOUND ( 'NONE', #3814, .T. ) ;
#6815 = FACE_OUTER_BOUND ( 'NONE', #3380, .T. ) ;
#6816 = VECTOR ( 'NONE', #6756, 1000.000000000000114 ) ;
#6817 = VERTEX_POINT ( 'NONE', #3798 ) ;
#6818 = AXIS2_PLACEMENT_3D ( 'NONE', #2326, #6286, #2368 ) ;
#6819 = VECTOR ( 'NONE', #3606, 1000.000000000000000 ) ;
#6820 = ORIENTED_EDGE ( 'NONE', *, *, #4314, .F. ) ;
#6821 = AXIS2_PLACEMENT_3D ( 'NONE', #792, #2092, #6911 ) ;
#6822 = DIRECTION ( 'NONE',  ( 0.000000000000000000, 0.000000000000000000, 1.000000000000000000 ) ) ;
#6823 = EDGE_CURVE ( 'NONE', #8160, #2288, #5842, .T. ) ;
#6824 = CARTESIAN_POINT ( 'NONE',  ( 20.04423881554251352, 4.648654403270934488, 3.049999999999999822 ) ) ;
#6825 = PLANE ( 'NONE',  #6805 ) ;
#6826 = DIRECTION ( 'NONE',  ( 0.000000000000000000, 0.000000000000000000, 1.000000000000000000 ) ) ;
#6827 = CARTESIAN_POINT ( 'NONE',  ( 22.26461724824543964, -0.5000000000000000000, 2.286000000000000032 ) ) ;
#6828 = CARTESIAN_POINT ( 'NONE',  ( -10.99852262806236958, 6.350000000000002309, 2.286000000000000032 ) ) ;
#6829 = LINE ( 'NONE', #130, #5026 ) ;
#6830 = ORIENTED_EDGE ( 'NONE', *, *, #1767, .T. ) ;
#6831 = VECTOR ( 'NONE', #6509, 1000.000000000000000 ) ;
#6832 = EDGE_CURVE ( 'NONE', #4680, #6375, #5680, .T. ) ;
#6833 = ORIENTED_EDGE ( 'NONE', *, *, #8295, .F. ) ;
#6834 = ORIENTED_EDGE ( 'NONE', *, *, #3045, .F. ) ;
#6835 = LINE ( 'NONE', #8288, #7545 ) ;
#6836 = VECTOR ( 'NONE', #6085, 1000.000000000000000 ) ;
#6837 = CARTESIAN_POINT ( 'NONE',  ( -9.579057211144460737, -1.628672078514268318, -3.049999999999999822 ) ) ;
#6838 = DIRECTION ( 'NONE',  ( -0.9659258262890690894, -0.2588190451025176864, 0.000000000000000000 ) ) ;
#6839 = VERTEX_POINT ( 'NONE', #3281 ) ;
#6840 = CARTESIAN_POINT ( 'NONE',  ( -9.437776678751568227, -0.5555398935432821483, -3.049999999999999822 ) ) ;
#6841 = EDGE_CURVE ( 'NONE', #2099, #1045, #7920, .T. ) ;
#6842 = ORIENTED_EDGE ( 'NONE', *, *, #5493, .F. ) ;
#6843 = ORIENTED_EDGE ( 'NONE', *, *, #2953, .F. ) ;
#6844 = EDGE_LOOP ( 'NONE', ( #6751, #755, #2427, #7881 ) ) ;
#6845 = ORIENTED_EDGE ( 'NONE', *, *, #5287, .F. ) ;
#6846 = CARTESIAN_POINT ( 'NONE',  ( -2.482611798683856730, -1.182851916782358792, 12.72085538888886802 ) ) ;
#6847 = LINE ( 'NONE', #768, #7624 ) ;
#6848 = LINE ( 'NONE', #807, #6536 ) ;
#6849 = DIRECTION ( 'NONE',  ( 1.000000000000000000, 0.000000000000000000, -0.000000000000000000 ) ) ;
#6850 = ORIENTED_EDGE ( 'NONE', *, *, #5325, .F. ) ;
#6851 = EDGE_CURVE ( 'NONE', #5531, #652, #1849, .T. ) ;
#6852 = DIRECTION ( 'NONE',  ( 0.000000000000000000, 0.000000000000000000, 1.000000000000000000 ) ) ;
#6853 = ADVANCED_FACE ( 'NONE', ( #1238 ), #7267, .T. ) ;
#6854 = VECTOR ( 'NONE', #1723, 999.9999999999998863 ) ;
#6855 = ORIENTED_EDGE ( 'NONE', *, *, #5568, .F. ) ;
#6856 = LINE ( 'NONE', #775, #8511 ) ;
#6857 = LINE ( 'NONE', #6194, #7797 ) ;
#6858 = FACE_OUTER_BOUND ( 'NONE', #931, .T. ) ;
#6859 = CARTESIAN_POINT ( 'NONE',  ( -10.99852262806236958, 6.350000000000002309, -2.286000000000000032 ) ) ;
#6860 = ADVANCED_FACE ( 'NONE', ( #1902 ), #7313, .T. ) ;
#6861 = VERTEX_POINT ( 'NONE', #3403 ) ;
#6862 = EDGE_CURVE ( 'NONE', #6357, #170, #4409, .T. ) ;
#6863 = EDGE_LOOP ( 'NONE', ( #8498, #5788, #8259, #6698 ) ) ;
#6864 = CARTESIAN_POINT ( 'NONE',  ( -20.70258557314015846, 9.800862347330253854, 2.286000000000000032 ) ) ;
#6865 = DIRECTION ( 'NONE',  ( 0.000000000000000000, 0.000000000000000000, 1.000000000000000000 ) ) ;
#6866 = DIRECTION ( 'NONE',  ( 0.000000000000000000, 0.000000000000000000, -1.000000000000000000 ) ) ;
#6867 = CARTESIAN_POINT ( 'NONE',  ( 15.83538275175456000, 0.5000000000000000000, -2.286000000000000032 ) ) ;
#6868 = LINE ( 'NONE', #5544, #1064 ) ;
#6869 = ORIENTED_EDGE ( 'NONE', *, *, #7907, .T. ) ;
#6870 = EDGE_CURVE ( 'NONE', #2077, #8124, #6857, .T. ) ;
#6871 = ORIENTED_EDGE ( 'NONE', *, *, #7368, .F. ) ;
#6872 = ORIENTED_EDGE ( 'NONE', *, *, #4050, .T. ) ;
#6873 = PLANE ( 'NONE',  #8237 ) ;
#6874 = CARTESIAN_POINT ( 'NONE',  ( 1.045259589288517699, 5.400961894323345724, -2.286000000000000032 ) ) ;
#6875 = ADVANCED_FACE ( 'NONE', ( #4033 ), #117, .T. ) ;
#6876 = CARTESIAN_POINT ( 'NONE',  ( 4.492893218813454048, 5.200000000000001066, 2.286000000000000032 ) ) ;
#6877 = CARTESIAN_POINT ( 'NONE',  ( -25.17204525612474342, 12.70000000000000462, 2.286000000000000032 ) ) ;
#6878 = CARTESIAN_POINT ( 'NONE',  ( 20.90710678118654542, -5.200000000000001066, -2.286000000000000032 ) ) ;
#6879 = EDGE_CURVE ( 'NONE', #5655, #1793, #4816, .T. ) ;
#6880 = EDGE_LOOP ( 'NONE', ( #7782, #6488 ) ) ;
#6881 = EDGE_LOOP ( 'NONE', ( #7434, #2109, #3494, #1632 ) ) ;
#6882 = ORIENTED_EDGE ( 'NONE', *, *, #8398, .T. ) ;
#6883 = DIRECTION ( 'NONE',  ( 0.000000000000000000, 0.000000000000000000, 1.000000000000000000 ) ) ;
#6884 = DIRECTION ( 'NONE',  ( 0.9659258262890689783, 0.2588190451025184080, -0.000000000000000000 ) ) ;
#6885 = DIRECTION ( 'NONE',  ( 0.000000000000000000, 0.000000000000000000, 1.000000000000000000 ) ) ;
#6886 = VERTEX_POINT ( 'NONE', #2666 ) ;
#6887 = CARTESIAN_POINT ( 'NONE',  ( -24.59704525612474058, 8.196667900320957045, -1.000000000000000000 ) ) ;
#6888 = ORIENTED_EDGE ( 'NONE', *, *, #2700, .F. ) ;
#6889 = ADVANCED_FACE ( 'NONE', ( #2829 ), #38, .F. ) ;
#6890 = VECTOR ( 'NONE', #252, 1000.000000000000000 ) ;
#6891 = DIRECTION ( 'NONE',  ( 0.000000000000000000, 0.000000000000000000, 1.000000000000000000 ) ) ;
#6892 = ORIENTED_EDGE ( 'NONE', *, *, #4352, .T. ) ;
#6893 = DIRECTION ( 'NONE',  ( 1.000000000000000000, 0.000000000000000000, 0.000000000000000000 ) ) ;
#6894 = DIRECTION ( 'NONE',  ( -0.9659258262890686453, -0.2588190451025198513, 0.000000000000000000 ) ) ;
#6895 = ADVANCED_FACE ( 'NONE', ( #7480 ), #6733, .F. ) ;
#6896 = CARTESIAN_POINT ( 'NONE',  ( 7.481370849898478781, -6.200000000000000178, 3.049999999999999822 ) ) ;
#6897 = ORIENTED_EDGE ( 'NONE', *, *, #7467, .T. ) ;
#6898 = VECTOR ( 'NONE', #3987, 1000.000000000000000 ) ;
#6899 = ORIENTED_EDGE ( 'NONE', *, *, #7758, .T. ) ;
#6900 = EDGE_CURVE ( 'NONE', #5299, #2740, #8514, .T. ) ;
#6901 = DIRECTION ( 'NONE',  ( 1.000000000000000000, 0.000000000000000000, 0.000000000000000000 ) ) ;
#6902 = VECTOR ( 'NONE', #632, 1000.000000000000000 ) ;
#6903 = CARTESIAN_POINT ( 'NONE',  ( -3.282818092687498801, 7.899778709085810924, 3.049999999999999822 ) ) ;
#6904 = DIRECTION ( 'NONE',  ( -0.9659258262890688673, -0.2588190451025188521, 0.000000000000000000 ) ) ;
#6905 = CARTESIAN_POINT ( 'NONE',  ( 18.05576118445748790, 4.648654403270951363, 1.000000000000000444 ) ) ;
#6906 = DIRECTION ( 'NONE',  ( -0.2588190451025195737, 0.9659258262890686453, 0.000000000000000000 ) ) ;
#6907 = CARTESIAN_POINT ( 'NONE',  ( 10.83650298521228805, -2.570603795974264028, 1.000000000000000000 ) ) ;
#6908 = VERTEX_POINT ( 'NONE', #2158 ) ;
#6909 = ORIENTED_EDGE ( 'NONE', *, *, #859, .T. ) ;
#6910 = ORIENTED_EDGE ( 'NONE', *, *, #4708, .T. ) ;
#6911 = DIRECTION ( 'NONE',  ( -0.8660254037844385966, 0.5000000000000001110, 0.000000000000000000 ) ) ;
#6912 = LINE ( 'NONE', #4961, #2996 ) ;
#6913 = VECTOR ( 'NONE', #5199, 1000.000000000000114 ) ;
#6914 = LINE ( 'NONE', #3595, #6216 ) ;
#6915 = DIRECTION ( 'NONE',  ( 1.000000000000000000, 0.000000000000000000, -0.000000000000000000 ) ) ;
#6916 = ORIENTED_EDGE ( 'NONE', *, *, #3667, .T. ) ;
#6917 = CARTESIAN_POINT ( 'NONE',  ( 4.492893218813454936, -5.200000000000001954, 3.049999999999999822 ) ) ;
#6918 = ORIENTED_EDGE ( 'NONE', *, *, #719, .T. ) ;
#6919 = ORIENTED_EDGE ( 'NONE', *, *, #4472, .T. ) ;
#6920 = EDGE_LOOP ( 'NONE', ( #5940, #7348, #221, #4307 ) ) ;
#6921 = EDGE_LOOP ( 'NONE', ( #5926, #3602, #4813, #2944, #1449, #5558 ) ) ;
#6922 = EDGE_CURVE ( 'NONE', #2720, #2745, #5112, .T. ) ;
#6923 = CARTESIAN_POINT ( 'NONE',  ( 25.39999999999999858, 0.000000000000000000, -2.286000000000000032 ) ) ;
#6924 = LINE ( 'NONE', #8302, #6688 ) ;
#6925 = CARTESIAN_POINT ( 'NONE',  ( -10.99852262806236958, 6.350000000000002309, -2.286000000000000032 ) ) ;
#6926 = CARTESIAN_POINT ( 'NONE',  ( -2.965321113607005898, 1.134678673985064723, 1.000000000000000000 ) ) ;
#6927 = EDGE_CURVE ( 'NONE', #4996, #359, #4865, .T. ) ;
#6928 = EDGE_CURVE ( 'NONE', #3818, #925, #776, .T. ) ;
#6929 = ORIENTED_EDGE ( 'NONE', *, *, #3558, .T. ) ;
#6930 = CARTESIAN_POINT ( 'NONE',  ( -10.99852262806236958, 6.350000000000002309, -2.286000000000000032 ) ) ;
#6931 = ORIENTED_EDGE ( 'NONE', *, *, #4633, .T. ) ;
#6932 = DIRECTION ( 'NONE',  ( 1.000000000000000000, 0.000000000000000000, 0.000000000000000000 ) ) ;
#6933 = VECTOR ( 'NONE', #4471, 1000.000000000000000 ) ;
#6934 = CARTESIAN_POINT ( 'NONE',  ( -2.515704535374864825, 7.456885490272350481, 1.000000000000000000 ) ) ;
#6935 = FACE_OUTER_BOUND ( 'NONE', #8572, .T. ) ;
#6936 = ORIENTED_EDGE ( 'NONE', *, *, #6354, .T. ) ;
#6937 = VECTOR ( 'NONE', #956, 1000.000000000000000 ) ;
#6938 = VECTOR ( 'NONE', #3862, 999.9999999999998863 ) ;
#6939 = EDGE_CURVE ( 'NONE', #1538, #5067, #8678, .T. ) ;
#6940 = ORIENTED_EDGE ( 'NONE', *, *, #8233, .F. ) ;
#6941 = VERTEX_POINT ( 'NONE', #8142 ) ;
#6942 = LINE ( 'NONE', #7070, #5131 ) ;
#6943 = DIRECTION ( 'NONE',  ( 0.000000000000000000, 0.000000000000000000, 1.000000000000000000 ) ) ;
#6944 = VECTOR ( 'NONE', #8448, 999.9999999999998863 ) ;
#6945 = VECTOR ( 'NONE', #4557, 1000.000000000000000 ) ;
#6946 = CARTESIAN_POINT ( 'NONE',  ( -13.46384374166936837, 8.350704077769517397, 2.286000000000000032 ) ) ;
#6947 = AXIS2_PLACEMENT_3D ( 'NONE', #5280, #1138, #3143 ) ;
#6948 = CARTESIAN_POINT ( 'NONE',  ( -7.326469107895388966, 0.01018326504134258598, 1.000000000000000000 ) ) ;
#6949 = CARTESIAN_POINT ( 'NONE',  ( 22.69583654340200951, 0.5000000000000005551, 12.74539167476553381 ) ) ;
#6950 = ORIENTED_EDGE ( 'NONE', *, *, #2029, .F. ) ;
#6951 = EDGE_CURVE ( 'NONE', #394, #8703, #5367, .T. ) ;
#6952 = VECTOR ( 'NONE', #5814, 1000.000000000000000 ) ;
#6953 = AXIS2_PLACEMENT_3D ( 'NONE', #8624, #5253, #7903 ) ;
#6954 = VECTOR ( 'NONE', #3549, 1000.000000000000000 ) ;
#6955 = AXIS2_PLACEMENT_3D ( 'NONE', #2028, #1364, #6726 ) ;
#6956 = VERTEX_POINT ( 'NONE', #3365 ) ;
#6957 = ORIENTED_EDGE ( 'NONE', *, *, #1121, .F. ) ;
#6958 = LINE ( 'NONE', #5432, #873 ) ;
#6959 = PLANE ( 'NONE',  #7826 ) ;
#6960 = FACE_OUTER_BOUND ( 'NONE', #8363, .T. ) ;
#6961 = CARTESIAN_POINT ( 'NONE',  ( -24.59704525612474058, 8.196667900320957045, 3.049999999999999822 ) ) ;
#6962 = VECTOR ( 'NONE', #7796, 1000.000000000000114 ) ;
#6963 = ORIENTED_EDGE ( 'NONE', *, *, #3054, .T. ) ;
#6964 = CARTESIAN_POINT ( 'NONE',  ( -18.59478618178347276, 4.832225405491517023, -2.286000000000000032 ) ) ;
#6965 = EDGE_CURVE ( 'NONE', #8734, #1562, #1494, .T. ) ;
#6966 = EDGE_CURVE ( 'NONE', #2834, #4801, #6111, .T. ) ;
#6967 = ORIENTED_EDGE ( 'NONE', *, *, #8405, .F. ) ;
#6968 = EDGE_LOOP ( 'NONE', ( #7288, #1207, #7792, #8424 ) ) ;
#6969 = ORIENTED_EDGE ( 'NONE', *, *, #3729, .T. ) ;
#6970 = ORIENTED_EDGE ( 'NONE', *, *, #3612, .T. ) ;
#6971 = LINE ( 'NONE', #4934, #2111 ) ;
#6972 = DIRECTION ( 'NONE',  ( -0.8660254037844380415, 0.5000000000000011102, 0.000000000000000000 ) ) ;
#6973 = CARTESIAN_POINT ( 'NONE',  ( -19.39704525612473418, 17.20333209967908061, 3.049999999999999822 ) ) ;
#6974 = CARTESIAN_POINT ( 'NONE',  ( -9.579057211144441197, -1.628672078514242338, 3.049999999999999822 ) ) ;
#6975 = AXIS2_PLACEMENT_3D ( 'NONE', #4954, #7664, #3758 ) ;
#6976 = EDGE_CURVE ( 'NONE', #3256, #5872, #4777, .T. ) ;
#6977 = ORIENTED_EDGE ( 'NONE', *, *, #8433, .T. ) ;
#6978 = LINE ( 'NONE', #326, #4829 ) ;
#6979 = CARTESIAN_POINT ( 'NONE',  ( -9.815670711280013450, 3.867388201316154905, 12.72085538888886802 ) ) ;
#6980 = CARTESIAN_POINT ( 'NONE',  ( 0.000000000000000000, 0.000000000000000000, -1.000000000000000000 ) ) ;
#6981 = CARTESIAN_POINT ( 'NONE',  ( 0.000000000000000000, 0.000000000000000000, 2.286000000000000032 ) ) ;
#6982 = EDGE_CURVE ( 'NONE', #2745, #1538, #737, .T. ) ;
#6983 = EDGE_LOOP ( 'NONE', ( #3248, #7043, #6325, #7838 ) ) ;
#6984 = ORIENTED_EDGE ( 'NONE', *, *, #1110, .F. ) ;
#6985 = VERTEX_POINT ( 'NONE', #7525 ) ;
#6986 = DIRECTION ( 'NONE',  ( 1.000000000000000000, 0.000000000000000000, 0.000000000000000000 ) ) ;
#6987 = LINE ( 'NONE', #251, #1429 ) ;
#6988 = CARTESIAN_POINT ( 'NONE',  ( 1.795259589288523250, 6.700000000000001066, -3.049999999999999822 ) ) ;
#6989 = LINE ( 'NONE', #4953, #7945 ) ;
#6990 = EDGE_CURVE ( 'NONE', #2593, #883, #1456, .T. ) ;
#6991 = CARTESIAN_POINT ( 'NONE',  ( -21.99704525612473915, 12.70000000000000462, 2.286000000000000032 ) ) ;
#6992 = ORIENTED_EDGE ( 'NONE', *, *, #1930, .F. ) ;
#6993 = ORIENTED_EDGE ( 'NONE', *, *, #239, .T. ) ;
#6994 = VERTEX_POINT ( 'NONE', #4235 ) ;
#6995 = DIRECTION ( 'NONE',  ( 0.2588190451025196848, -0.9659258262890686453, 0.000000000000000000 ) ) ;
#6996 = CARTESIAN_POINT ( 'NONE',  ( -12.28948229204562814, 13.09977870908579156, 2.286000000000000032 ) ) ;
#6997 = CARTESIAN_POINT ( 'NONE',  ( 7.481370849898478781, -6.200000000000000178, -3.049999999999999822 ) ) ;
#6998 = LINE ( 'NONE', #968, #8683 ) ;
#6999 = DIRECTION ( 'NONE',  ( 0.8660254037844379305, -0.5000000000000011102, 0.000000000000000000 ) ) ;
#7000 = VERTEX_POINT ( 'NONE', #986 ) ;
#7001 = CARTESIAN_POINT ( 'NONE',  ( -19.68314721541738166, 5.996266601124260021, 3.049999999999999822 ) ) ;
#7002 = ORIENTED_EDGE ( 'NONE', *, *, #526, .F. ) ;
#7003 = VERTEX_POINT ( 'NONE', #2874 ) ;
#7004 = ORIENTED_EDGE ( 'NONE', *, *, #2213, .F. ) ;
#7005 = CARTESIAN_POINT ( 'NONE',  ( -14.17352262806237029, 6.350000000000002309, -1.000000000000000000 ) ) ;
#7006 = EDGE_CURVE ( 'NONE', #7897, #5841, #858, .T. ) ;
#7007 = DIRECTION ( 'NONE',  ( 0.2588190451025196293, -0.9659258262890686453, 0.000000000000000000 ) ) ;
#7008 = CARTESIAN_POINT ( 'NONE',  ( 5.042893218813452094, 5.750000000000000000, -2.286000000000000032 ) ) ;
#7009 = EDGE_CURVE ( 'NONE', #7276, #3151, #3527, .T. ) ;
#7010 = FACE_OUTER_BOUND ( 'NONE', #5057, .T. ) ;
#7011 = VERTEX_POINT ( 'NONE', #1700 ) ;
#7012 = CARTESIAN_POINT ( 'NONE',  ( 5.907106781186544531, 5.200000000000001066, 3.049999999999999822 ) ) ;
#7013 = VECTOR ( 'NONE', #3932, 1000.000000000000000 ) ;
#7014 = VERTEX_POINT ( 'NONE', #3576 ) ;
#7015 = EDGE_CURVE ( 'NONE', #5523, #4889, #2146, .T. ) ;
#7016 = DIRECTION ( 'NONE',  ( 0.000000000000000000, 0.000000000000000000, -1.000000000000000000 ) ) ;
#7017 = DIRECTION ( 'NONE',  ( 0.000000000000000000, 0.000000000000000000, 1.000000000000000000 ) ) ;
#7018 = VECTOR ( 'NONE', #4692, 1000.000000000000000 ) ;
#7019 = CARTESIAN_POINT ( 'NONE',  ( -10.99852262806236958, 6.350000000000002309, -2.286999999999999922 ) ) ;
#7020 = LINE ( 'NONE', #245, #5038 ) ;
#7021 = ORIENTED_EDGE ( 'NONE', *, *, #813, .F. ) ;
#7022 = AXIS2_PLACEMENT_3D ( 'NONE', #8069, #7417, #1816 ) ;
#7023 = EDGE_LOOP ( 'NONE', ( #6178, #3449, #8520, #7036, #8073, #6225, #7814, #2051, #2061, #8465, #7949, #973, #3601, #4840, #8131, #5153, #1686, #558, #4591, #4233, #6918, #4649, #8761, #2522, #7377, #4909, #341 ) ) ;
#7024 = EDGE_CURVE ( 'NONE', #7821, #7011, #5821, .T. ) ;
#7025 = VERTEX_POINT ( 'NONE', #243 ) ;
#7026 = FACE_OUTER_BOUND ( 'NONE', #8088, .T. ) ;
#7027 = LINE ( 'NONE', #3016, #5964 ) ;
#7028 = CC_DESIGN_PERSON_AND_ORGANIZATION_ASSIGNMENT ( #8623, #7999, ( #8525 ) ) ;
#7029 = EDGE_CURVE ( 'NONE', #5080, #2007, #4413, .T. ) ;
#7030 = CARTESIAN_POINT ( 'NONE',  ( 25.39999999999999858, -6.200000000000001066, 3.049999999999999822 ) ) ;
#7031 = VECTOR ( 'NONE', #4378, 999.9999999999998863 ) ;
#7032 = FACE_OUTER_BOUND ( 'NONE', #301, .T. ) ;
#7033 = DIRECTION ( 'NONE',  ( 7.434522636839145511E-17, -1.000000000000000000, 0.000000000000000000 ) ) ;
#7034 = ORIENTED_EDGE ( 'NONE', *, *, #7194, .T. ) ;
#7035 = AXIS2_PLACEMENT_3D ( 'NONE', #2057, #5308, #2770 ) ;
#7036 = ORIENTED_EDGE ( 'NONE', *, *, #5344, .T. ) ;
#7037 = VERTEX_POINT ( 'NONE', #8312 ) ;
#7038 = CARTESIAN_POINT ( 'NONE',  ( -0.3285338566954902340, 3.157956697772277721, 2.286000000000000032 ) ) ;
#7039 = PLANE ( 'NONE',  #2748 ) ;
#7040 = DIRECTION ( 'NONE',  ( -0.000000000000000000, -0.000000000000000000, -1.000000000000000000 ) ) ;
#7041 = FACE_OUTER_BOUND ( 'NONE', #3598, .T. ) ;
#7042 = DIRECTION ( 'NONE',  ( -1.000000000000000000, 0.000000000000000000, 0.000000000000000000 ) ) ;
#7043 = ORIENTED_EDGE ( 'NONE', *, *, #3063, .T. ) ;
#7044 = DIRECTION ( 'NONE',  ( 0.000000000000000000, 0.000000000000000000, -1.000000000000000000 ) ) ;
#7045 = VECTOR ( 'NONE', #1209, 1000.000000000000000 ) ;
#7046 = ORIENTED_EDGE ( 'NONE', *, *, #927, .T. ) ;
#7047 = EDGE_CURVE ( 'NONE', #3253, #1362, #8091, .T. ) ;
#7048 = ORIENTED_EDGE ( 'NONE', *, *, #4798, .T. ) ;
#7049 = CIRCLE ( 'NONE', #687, 2.100000000000000089 ) ;
#7050 = ORIENTED_EDGE ( 'NONE', *, *, #6487, .T. ) ;
#7051 = FACE_OUTER_BOUND ( 'NONE', #7309, .T. ) ;
#7052 = CYLINDRICAL_SURFACE ( 'NONE', #393, 2.100000000000000977 ) ;
#7053 = LINE ( 'NONE', #7008, #3434 ) ;
#7054 = CARTESIAN_POINT ( 'NONE',  ( -19.40517100672533246, 11.78093097359325192, 12.72085538888886802 ) ) ;
#7055 = CARTESIAN_POINT ( 'NONE',  ( 10.60118318523751846, 15.50592359594900849, -1.000000000000000000 ) ) ;
#7056 = AXIS2_PLACEMENT_3D ( 'NONE', #5343, #1962, #1388 ) ;
#7057 = ORIENTED_EDGE ( 'NONE', *, *, #3164, .T. ) ;
#7058 = DIRECTION ( 'NONE',  ( -1.000000000000000000, 0.000000000000000000, 0.000000000000000000 ) ) ;
#7059 = ORIENTED_EDGE ( 'NONE', *, *, #6922, .T. ) ;
#7060 = DIRECTION ( 'NONE',  ( 0.000000000000000000, 0.000000000000000000, 1.000000000000000000 ) ) ;
#7061 = LINE ( 'NONE', #5032, #6530 ) ;
#7062 = DIRECTION ( 'NONE',  ( 1.000000000000000000, 0.000000000000000000, 0.000000000000000000 ) ) ;
#7063 = DIRECTION ( 'NONE',  ( 1.000000000000000000, 0.000000000000000000, 0.000000000000000000 ) ) ;
#7064 = ORIENTED_EDGE ( 'NONE', *, *, #2943, .T. ) ;
#7065 = EDGE_CURVE ( 'NONE', #4916, #3114, #2916, .T. ) ;
#7066 = EDGE_CURVE ( 'NONE', #5841, #7859, #4265, .T. ) ;
#7067 = EDGE_LOOP ( 'NONE', ( #7831, #5984 ) ) ;
#7068 = CIRCLE ( 'NONE', #1559, 3.175000000000004263 ) ;
#7069 = ORIENTED_EDGE ( 'NONE', *, *, #2626, .F. ) ;
#7070 = CARTESIAN_POINT ( 'NONE',  ( -9.746038811598120688, 3.607518413875830721, -1.000000000000000000 ) ) ;
#7071 = DIRECTION ( 'NONE',  ( 0.7071067811865482389, -0.7071067811865469066, 0.000000000000000000 ) ) ;
#7072 = FACE_OUTER_BOUND ( 'NONE', #4678, .T. ) ;
#7073 = DIRECTION ( 'NONE',  ( -0.000000000000000000, -0.000000000000000000, -1.000000000000000000 ) ) ;
#7074 = AXIS2_PLACEMENT_3D ( 'NONE', #1991, #274, #7409 ) ;
#7075 = AXIS2_PLACEMENT_3D ( 'NONE', #5506, #7628, #1475 ) ;
#7076 = CARTESIAN_POINT ( 'NONE',  ( 4.251183185237543682, 9.155923595949017724, -1.000000000000000000 ) ) ;
#7077 = VECTOR ( 'NONE', #7451, 1000.000000000000000 ) ;
#7078 = EDGE_CURVE ( 'NONE', #8686, #1501, #1577, .T. ) ;
#7079 = VERTEX_POINT ( 'NONE', #2284 ) ;
#7080 = VECTOR ( 'NONE', #8130, 1000.000000000000000 ) ;
#7081 = CIRCLE ( 'NONE', #993, 3.175000000000000711 ) ;
#7082 = ORIENTED_EDGE ( 'NONE', *, *, #3642, .T. ) ;
#7083 = DIRECTION ( 'NONE',  ( -1.000000000000000000, -2.973809054735657095E-17, 0.000000000000000000 ) ) ;
#7084 = CARTESIAN_POINT ( 'NONE',  ( -12.55926857737315316, 13.25553989354330753, -2.286000000000000032 ) ) ;
#7085 = VECTOR ( 'NONE', #864, 1000.000000000000000 ) ;
#7086 = FACE_OUTER_BOUND ( 'NONE', #1761, .T. ) ;
#7087 = CYLINDRICAL_SURFACE ( 'NONE', #2985, 3.175000000000000711 ) ;
#7088 = FACE_OUTER_BOUND ( 'NONE', #6983, .T. ) ;
#7089 = ORIENTED_EDGE ( 'NONE', *, *, #8445, .F. ) ;
#7090 = DIRECTION ( 'NONE',  ( 0.7071067811865471286, 0.7071067811865479058, -0.000000000000000000 ) ) ;
#7091 = EDGE_CURVE ( 'NONE', #3505, #1511, #5413, .T. ) ;
#7092 = EDGE_CURVE ( 'NONE', #402, #4391, #6528, .T. ) ;
#7093 = AXIS2_PLACEMENT_3D ( 'NONE', #5019, #6437, #3684 ) ;
#7094 = AXIS2_PLACEMENT_3D ( 'NONE', #6781, #2838, #7062 ) ;
#7095 = AXIS2_PLACEMENT_3D ( 'NONE', #6645, #6502, #1280 ) ;
#7096 = ORIENTED_EDGE ( 'NONE', *, *, #2065, .T. ) ;
#7097 = ORIENTED_EDGE ( 'NONE', *, *, #5939, .F. ) ;
#7098 = DIRECTION ( 'NONE',  ( 0.000000000000000000, 0.000000000000000000, -1.000000000000000000 ) ) ;
#7099 = AXIS2_PLACEMENT_3D ( 'NONE', #4096, #2177, #7586 ) ;
#7100 = AXIS2_PLACEMENT_3D ( 'NONE', #8713, #1252, #3907 ) ;
#7101 = LINE ( 'NONE', #1115, #8059 ) ;
#7102 = PLANE ( 'NONE',  #8381 ) ;
#7103 = LINE ( 'NONE', #1030, #1165 ) ;
#7104 = ORIENTED_EDGE ( 'NONE', *, *, #7380, .F. ) ;
#7105 = CARTESIAN_POINT ( 'NONE',  ( -7.596263553721125383, -1.517774594508492392, 12.72085538888886802 ) ) ;
#7106 = ADVANCED_FACE ( 'NONE', ( #7111 ), #5070, .F. ) ;
#7107 = AXIS2_PLACEMENT_3D ( 'NONE', #5790, #4243, #5619 ) ;
#7108 = ORIENTED_EDGE ( 'NONE', *, *, #441, .F. ) ;
#7109 = CARTESIAN_POINT ( 'NONE',  ( -1.182851916782355461, 2.482611798683860727, 2.286000000000000032 ) ) ;
#7110 = ORIENTED_EDGE ( 'NONE', *, *, #2169, .T. ) ;
#7111 = FACE_OUTER_BOUND ( 'NONE', #4112, .T. ) ;
#7112 = EDGE_CURVE ( 'NONE', #6861, #22, #7773, .T. ) ;
#7113 = CARTESIAN_POINT ( 'NONE',  ( 15.83538275175456000, -0.5000000000000000000, -2.286000000000000032 ) ) ;
#7114 = FACE_OUTER_BOUND ( 'NONE', #8528, .T. ) ;
#7115 = LINE ( 'NONE', #7157, #47 ) ;
#7116 = CIRCLE ( 'NONE', #1597, 3.174999999999999822 ) ;
#7117 = CIRCLE ( 'NONE', #187, 3.174999999999999822 ) ;
#7118 = CARTESIAN_POINT ( 'NONE',  ( 3.135382751754560271, 0.5000000000000000000, -2.286000000000000032 ) ) ;
#7119 = ORIENTED_EDGE ( 'NONE', *, *, #3491, .T. ) ;
#7120 = ORIENTED_EDGE ( 'NONE', *, *, #1647, .F. ) ;
#7121 = ORIENTED_EDGE ( 'NONE', *, *, #4765, .F. ) ;
#7122 = PLANE ( 'NONE',  #1017 ) ;
#7123 = EDGE_CURVE ( 'NONE', #8160, #5037, #6359, .T. ) ;
#7124 = CARTESIAN_POINT ( 'NONE',  ( -21.99704525612473560, 12.70000000000003659, 3.049999999999999822 ) ) ;
#7125 = CARTESIAN_POINT ( 'NONE',  ( 23.53650298521228734, -2.570603795974264916, -2.286000000000000032 ) ) ;
#7126 = DIRECTION ( 'NONE',  ( -0.000000000000000000, -0.000000000000000000, -1.000000000000000000 ) ) ;
#7127 = ADVANCED_FACE ( 'NONE', ( #4943 ), #7607, .T. ) ;
#7128 = DIRECTION ( 'NONE',  ( 0.7071067811865481278, -0.7071067811865470176, 0.000000000000000000 ) ) ;
#7129 = VERTEX_POINT ( 'NONE', #8409 ) ;
#7130 = VECTOR ( 'NONE', #7128, 1000.000000000000000 ) ;
#7131 = VERTEX_POINT ( 'NONE', #5031 ) ;
#7132 = ORIENTED_EDGE ( 'NONE', *, *, #533, .F. ) ;
#7133 = LINE ( 'NONE', #7747, #6962 ) ;
#7134 = DIRECTION ( 'NONE',  ( -0.000000000000000000, -0.000000000000000000, -1.000000000000000000 ) ) ;
#7135 = LINE ( 'NONE', #4345, #3673 ) ;
#7136 = CARTESIAN_POINT ( 'NONE',  ( -8.515910829378503522, 7.532851916782371759, 12.72085538888886802 ) ) ;
#7137 = DIRECTION ( 'NONE',  ( -3.414809992080329023E-17, 1.000000000000000000, 0.000000000000000000 ) ) ;
#7138 = ORIENTED_EDGE ( 'NONE', *, *, #2777, .F. ) ;
#7139 = EDGE_CURVE ( 'NONE', #4448, #454, #7729, .T. ) ;
#7140 = DIRECTION ( 'NONE',  ( -0.2588190451025204619, 0.9659258262890684232, 0.000000000000000000 ) ) ;
#7141 = LINE ( 'NONE', #3771, #2243 ) ;
#7142 = ORIENTED_EDGE ( 'NONE', *, *, #7511, .T. ) ;
#7143 = ORIENTED_EDGE ( 'NONE', *, *, #4896, .F. ) ;
#7144 = DIRECTION ( 'NONE',  ( 0.9659258262890686453, 0.2588190451025198513, 0.000000000000000000 ) ) ;
#7145 = ADVANCED_FACE ( 'NONE', ( #1226 ), #4543, .T. ) ;
#7146 = DIRECTION ( 'NONE',  ( 1.000000000000000000, 0.000000000000000000, 0.000000000000000000 ) ) ;
#7147 = CARTESIAN_POINT ( 'NONE',  ( -3.157956697772276833, -0.3285338566954935646, -1.000000000000000000 ) ) ;
#7148 = ORIENTED_EDGE ( 'NONE', *, *, #4193, .T. ) ;
#7149 = EDGE_CURVE ( 'NONE', #1982, #7151, #3222, .T. ) ;
#7150 = LINE ( 'NONE', #6529, #5818 ) ;
#7151 = VERTEX_POINT ( 'NONE', #5919 ) ;
#7152 = DIRECTION ( 'NONE',  ( 0.2588190451025189631, -0.9659258262890688673, 0.000000000000000000 ) ) ;
#7153 = VERTEX_POINT ( 'NONE', #7304 ) ;
#7154 = DIRECTION ( 'NONE',  ( 1.000000000000000000, 0.000000000000000000, -0.000000000000000000 ) ) ;
#7155 = CARTESIAN_POINT ( 'NONE',  ( -20.70608559214145927, 5.950221290914230465, 1.000000000000000000 ) ) ;
#7156 = CARTESIAN_POINT ( 'NONE',  ( 10.12939620402574192, -1.863497014787718786, -2.286000000000000032 ) ) ;
#7157 = CARTESIAN_POINT ( 'NONE',  ( -2.482611798683856730, -1.182851916782358792, 2.286000000000000032 ) ) ;
#7158 = DIRECTION ( 'NONE',  ( -0.2588190451025199068, 0.9659258262890685343, 0.000000000000000000 ) ) ;
#7159 = CIRCLE ( 'NONE', #647, 3.175000000000000711 ) ;
#7160 = EDGE_CURVE ( 'NONE', #3420, #7014, #5165, .T. ) ;
#7161 = ORIENTED_EDGE ( 'NONE', *, *, #3173, .F. ) ;
#7162 = VERTEX_POINT ( 'NONE', #3929 ) ;
#7163 = VECTOR ( 'NONE', #2703, 999.9999999999998863 ) ;
#7164 = ORIENTED_EDGE ( 'NONE', *, *, #6791, .F. ) ;
#7165 = EDGE_CURVE ( 'NONE', #884, #2834, #3977, .T. ) ;
#7166 = CARTESIAN_POINT ( 'NONE',  ( -0.8051964415939883990, 16.40503403010248107, -1.000000000000000000 ) ) ;
#7167 = DIRECTION ( 'NONE',  ( 0.000000000000000000, 0.000000000000000000, 1.000000000000000000 ) ) ;
#7168 = DIRECTION ( 'NONE',  ( 0.7071067811865482389, -0.7071067811865469066, 0.000000000000000000 ) ) ;
#7169 = CARTESIAN_POINT ( 'NONE',  ( -20.57757983920668465, 4.721327921485782397, 3.049999999999999822 ) ) ;
#7170 = CARTESIAN_POINT ( 'NONE',  ( -12.55926857737315316, 13.25553989354330753, 2.286000000000000032 ) ) ;
#7171 = ORIENTED_EDGE ( 'NONE', *, *, #2708, .F. ) ;
#7172 = EDGE_LOOP ( 'NONE', ( #6445, #7110, #1287, #7591 ) ) ;
#7173 = ORIENTED_EDGE ( 'NONE', *, *, #2357, .T. ) ;
#7174 = DIRECTION ( 'NONE',  ( 0.7071067811865471286, 0.7071067811865479058, -0.000000000000000000 ) ) ;
#7175 = LINE ( 'NONE', #5092, #318 ) ;
#7176 = VECTOR ( 'NONE', #784, 999.9999999999998863 ) ;
#7177 = CARTESIAN_POINT ( 'NONE',  ( 15.83538275175456000, -0.5000000000000000000, 2.286000000000000032 ) ) ;
#7178 = CARTESIAN_POINT ( 'NONE',  ( 1.045259589288517699, 5.400961894323345724, 3.049999999999999822 ) ) ;
#7179 = CARTESIAN_POINT ( 'NONE',  ( -18.32499173595777364, 6.360183265041365885, -3.049999999999999822 ) ) ;
#7180 = VERTEX_POINT ( 'NONE', #1934 ) ;
#7181 = CARTESIAN_POINT ( 'NONE',  ( 0.000000000000000000, 0.000000000000000000, -2.286000000000000032 ) ) ;
#7182 = PLANE ( 'NONE',  #8335 ) ;
#7183 = EDGE_CURVE ( 'NONE', #6817, #2899, #7068, .T. ) ;
#7184 = VECTOR ( 'NONE', #5369, 1000.000000000000000 ) ;
#7185 = ORIENTED_EDGE ( 'NONE', *, *, #1608, .F. ) ;
#7186 = ORIENTED_EDGE ( 'NONE', *, *, #7331, .F. ) ;
#7187 = CARTESIAN_POINT ( 'NONE',  ( 3.220590477448732170, 1.380592707788779849, -1.000000000000000000 ) ) ;
#7188 = AXIS2_PLACEMENT_3D ( 'NONE', #5201, #4486, #4534 ) ;
#7189 = LINE ( 'NONE', #3821, #6913 ) ;
#7190 = CALENDAR_DATE ( 2022, 6, 6 ) ;
#7191 = CARTESIAN_POINT ( 'NONE',  ( -8.033201514455356573, 5.215321326014948689, -2.286000000000000032 ) ) ;
#7192 = ORIENTED_EDGE ( 'NONE', *, *, #6444, .F. ) ;
#7193 = DIRECTION ( 'NONE',  ( 0.7071067811865474617, -0.7071067811865476838, 0.000000000000000000 ) ) ;
#7194 = EDGE_CURVE ( 'NONE', #7485, #4573, #8648, .T. ) ;
#7195 = CIRCLE ( 'NONE', #3797, 3.175000000000000711 ) ;
#7196 = ORIENTED_EDGE ( 'NONE', *, *, #4597, .T. ) ;
#7197 = EDGE_CURVE ( 'NONE', #2079, #123, #6103, .T. ) ;
#7198 = CARTESIAN_POINT ( 'NONE',  ( -10.99852262806236958, 6.350000000000002309, 2.286000000000000032 ) ) ;
#7199 = ORIENTED_EDGE ( 'NONE', *, *, #6162, .F. ) ;
#7200 = DIRECTION ( 'NONE',  ( 0.000000000000000000, 0.000000000000000000, 1.000000000000000000 ) ) ;
#7201 = CARTESIAN_POINT ( 'NONE',  ( -9.707562964079105683, -0.3997787090857587988, 3.049999999999999822 ) ) ;
#7202 = LINE ( 'NONE', #3134, #799 ) ;
#7203 = LINE ( 'NONE', #5836, #1463 ) ;
#7204 = CARTESIAN_POINT ( 'NONE',  ( -18.42030012562931063, 1.283257099844649307, 1.000000000000000000 ) ) ;
#7205 = EDGE_CURVE ( 'NONE', #3053, #6839, #3833, .T. ) ;
#7206 = EDGE_CURVE ( 'NONE', #5655, #8328, #5094, .T. ) ;
#7207 = ORIENTED_EDGE ( 'NONE', *, *, #6131, .F. ) ;
#7208 = ORIENTED_EDGE ( 'NONE', *, *, #5384, .T. ) ;
#7209 = FACE_OUTER_BOUND ( 'NONE', #2152, .T. ) ;
#7210 = ORIENTED_EDGE ( 'NONE', *, *, #5034, .T. ) ;
#7211 = DIRECTION ( 'NONE',  ( 0.000000000000000000, 0.000000000000000000, 1.000000000000000000 ) ) ;
#7212 = CARTESIAN_POINT ( 'NONE',  ( 21.59558441227158099, 6.200000000000001954, -3.049999999999999822 ) ) ;
#7213 = CARTESIAN_POINT ( 'NONE',  ( -17.75926857737314535, 4.248875694185175966, -2.286000000000000032 ) ) ;
#7214 = LINE ( 'NONE', #1140, #1426 ) ;
#7215 = DIRECTION ( 'NONE',  ( -0.9659258262890688673, -0.2588190451025186301, 0.000000000000000000 ) ) ;
#7216 = EDGE_LOOP ( 'NONE', ( #3473, #4323, #8559, #3842 ) ) ;
#7217 = EDGE_CURVE ( 'NONE', #6222, #233, #3270, .T. ) ;
#7218 = AXIS2_PLACEMENT_3D ( 'NONE', #2613, #7200, #1037 ) ;
#7219 = VERTEX_POINT ( 'NONE', #6448 ) ;
#7220 = ORIENTED_EDGE ( 'NONE', *, *, #1245, .T. ) ;
#7221 = VERTEX_POINT ( 'NONE', #1837 ) ;
#7222 = LINE ( 'NONE', #4517, #7407 ) ;
#7223 = DIRECTION ( 'NONE',  ( -0.000000000000000000, -0.000000000000000000, -1.000000000000000000 ) ) ;
#7224 = CARTESIAN_POINT ( 'NONE',  ( -21.99704525612473560, 12.70000000000003659, 3.049999999999999822 ) ) ;
#7225 = ADVANCED_FACE ( 'NONE', ( #3177 ), #5873, .T. ) ;
#7226 = CARTESIAN_POINT ( 'NONE',  ( 1.863497014787713235, 2.570603795974261363, 2.286000000000000032 ) ) ;
#7227 = ADVANCED_FACE ( 'NONE', ( #363 ), #8490, .F. ) ;
#7228 = VECTOR ( 'NONE', #7886, 1000.000000000000000 ) ;
#7229 = CARTESIAN_POINT ( 'NONE',  ( 25.40000000000000213, 6.200000000000001066, 3.049999999999999822 ) ) ;
#7230 = FACE_OUTER_BOUND ( 'NONE', #3425, .T. ) ;
#7231 = DIRECTION ( 'NONE',  ( 0.000000000000000000, 0.000000000000000000, 1.000000000000000000 ) ) ;
#7232 = ORIENTED_EDGE ( 'NONE', *, *, #7165, .T. ) ;
#7233 = DIRECTION ( 'NONE',  ( -0.7071067811865481278, -0.7071067811865470176, 0.000000000000000000 ) ) ;
#7234 = CARTESIAN_POINT ( 'NONE',  ( 17.91862915010151980, -6.200000000000000178, -3.049999999999999822 ) ) ;
#7235 = VECTOR ( 'NONE', #6486, 1000.000000000000000 ) ;
#7236 = VECTOR ( 'NONE', #3470, 1000.000000000000000 ) ;
#7237 = ORIENTED_EDGE ( 'NONE', *, *, #4333, .T. ) ;
#7238 = ORIENTED_EDGE ( 'NONE', *, *, #6151, .T. ) ;
#7239 = LINE ( 'NONE', #1217, #8378 ) ;
#7240 = EDGE_CURVE ( 'NONE', #8298, #7530, #2417, .T. ) ;
#7241 = PLANE ( 'NONE',  #3387 ) ;
#7242 = APPROVAL_ROLE ( '' ) ;
#7243 = DIRECTION ( 'NONE',  ( -0.000000000000000000, -0.000000000000000000, -1.000000000000000000 ) ) ;
#7244 = CIRCLE ( 'NONE', #1450, 3.174999999999999822 ) ;
#7245 = ORIENTED_EDGE ( 'NONE', *, *, #1352, .F. ) ;
#7246 = CARTESIAN_POINT ( 'NONE',  ( -21.80232471059842325, 5.428434702672293888, 3.049999999999999822 ) ) ;
#7247 = VECTOR ( 'NONE', #4866, 1000.000000000000000 ) ;
#7248 = ADVANCED_FACE ( 'NONE', ( #5121 ), #1080, .T. ) ;
#7249 = VECTOR ( 'NONE', #629, 999.9999999999998863 ) ;
#7250 = VECTOR ( 'NONE', #2553, 1000.000000000000000 ) ;
#7251 = ORIENTED_EDGE ( 'NONE', *, *, #8404, .T. ) ;
#7252 = AXIS2_PLACEMENT_3D ( 'NONE', #6828, #6253, #5 ) ;
#7253 = AXIS2_PLACEMENT_3D ( 'NONE', #6351, #7640, #2359 ) ;
#7254 = DIRECTION ( 'NONE',  ( 0.000000000000000000, 0.000000000000000000, 1.000000000000000000 ) ) ;
#7255 = ORIENTED_EDGE ( 'NONE', *, *, #7558, .F. ) ;
#7256 = DIRECTION ( 'NONE',  ( 0.2588190451025194072, -0.9659258262890686453, 0.000000000000000000 ) ) ;
#7257 = LINE ( 'NONE', #7963, #5681 ) ;
#7258 = DIRECTION ( 'NONE',  ( -1.000000000000000000, -3.414809992080329023E-17, 0.000000000000000000 ) ) ;
#7259 = CARTESIAN_POINT ( 'NONE',  ( -19.09790760345498839, 13.99445968298458709, 1.000000000000000000 ) ) ;
#7260 = DIRECTION ( 'NONE',  ( -0.000000000000000000, -0.000000000000000000, -1.000000000000000000 ) ) ;
#7261 = AXIS2_PLACEMENT_3D ( 'NONE', #2847, #60, #2055 ) ;
#7262 = EDGE_CURVE ( 'NONE', #6045, #916, #2469, .T. ) ;
#7263 = ORIENTED_EDGE ( 'NONE', *, *, #4913, .T. ) ;
#7264 = ORIENTED_EDGE ( 'NONE', *, *, #332, .T. ) ;
#7265 = CARTESIAN_POINT ( 'NONE',  ( 7.344238815542512455, -4.648654403270953139, 3.049999999999999822 ) ) ;
#7266 = ORIENTED_EDGE ( 'NONE', *, *, #7968, .F. ) ;
#7268 = VECTOR ( 'NONE', #521, 1000.000000000000000 ) ;
#7267 = PLANE ( 'NONE',  #1719 ) ;
#7269 = CIRCLE ( 'NONE', #5701, 6.200000000000005507 ) ;
#7270 = EDGE_CURVE ( 'NONE', #1949, #6004, #5211, .T. ) ;
#7271 = EDGE_CURVE ( 'NONE', #1326, #4996, #499, .T. ) ;
#7272 = LINE ( 'NONE', #1193, #26 ) ;
#7273 = DIRECTION ( 'NONE',  ( -0.7071067811865469066, -0.7071067811865482389, 0.000000000000000000 ) ) ;
#7274 = DIRECTION ( 'NONE',  ( -1.000000000000000000, 0.000000000000000000, 0.000000000000000000 ) ) ;
#7275 = DIRECTION ( 'NONE',  ( -0.000000000000000000, -0.000000000000000000, -1.000000000000000000 ) ) ;
#7276 = VERTEX_POINT ( 'NONE', #8174 ) ;
#7277 = PRODUCT ( '228-2500-147', '228-2500-147', '', ( #7298 ) ) ;
#7278 = VERTEX_POINT ( 'NONE', #3440 ) ;
#7279 = ORIENTED_EDGE ( 'NONE', *, *, #3109, .F. ) ;
#7280 = LINE ( 'NONE', #8024, #5288 ) ;
#7281 = CARTESIAN_POINT ( 'NONE',  ( 25.39999999999999858, -6.200000000000001066, -3.049999999999999822 ) ) ;
#7282 = DIRECTION ( 'NONE',  ( -0.2588190451025224603, 0.9659258262890677571, 0.000000000000000000 ) ) ;
#7283 = DIRECTION ( 'NONE',  ( -1.000000000000000000, 0.000000000000000000, 0.000000000000000000 ) ) ;
#7284 = ORIENTED_EDGE ( 'NONE', *, *, #3964, .T. ) ;
#7285 = LINE ( 'NONE', #4618, #7538 ) ;
#7286 = CARTESIAN_POINT ( 'NONE',  ( 3.135382751754560271, 0.5000000000000000000, 1.000000000000000444 ) ) ;
#7287 = CARTESIAN_POINT ( 'NONE',  ( 5.819669914110098041, -5.112563132923548359, -2.286000000000000032 ) ) ;
#7288 = ORIENTED_EDGE ( 'NONE', *, *, #8008, .F. ) ;
#7289 = DIRECTION ( 'NONE',  ( 1.000000000000000000, -2.664535259100376091E-15, 0.000000000000000000 ) ) ;
#7290 = DIRECTION ( 'NONE',  ( -0.8660254037844385966, 0.5000000000000001110, 0.000000000000000000 ) ) ;
#7291 = VECTOR ( 'NONE', #8327, 1000.000000000000000 ) ;
#7292 = ADVANCED_FACE ( 'NONE', ( #8049 ), #2145, .F. ) ;
#7293 = ORIENTED_EDGE ( 'NONE', *, *, #7318, .T. ) ;
#7294 = ORIENTED_EDGE ( 'NONE', *, *, #184, .T. ) ;
#7295 = LINE ( 'NONE', #5304, #6397 ) ;
#7296 = EDGE_CURVE ( 'NONE', #6533, #7530, #564, .T. ) ;
#7297 = CARTESIAN_POINT ( 'NONE',  ( 0.000000000000000000, -6.200000000000001066, 1.000000000000000000 ) ) ;
#7298 = MECHANICAL_CONTEXT ( 'NONE', #8447, 'mechanical' ) ;
#7299 = DIRECTION ( 'NONE',  ( 0.000000000000000000, 0.000000000000000000, 1.000000000000000000 ) ) ;
#7300 = DIRECTION ( 'NONE',  ( 0.9659258262890689783, 0.2588190451025184080, -0.000000000000000000 ) ) ;
#7301 = ORIENTED_EDGE ( 'NONE', *, *, #2161, .F. ) ;
#7302 = DIRECTION ( 'NONE',  ( -0.000000000000000000, -0.000000000000000000, -1.000000000000000000 ) ) ;
#7303 = ORIENTED_EDGE ( 'NONE', *, *, #7449, .T. ) ;
#7304 = CARTESIAN_POINT ( 'NONE',  ( -25.09704525612470150, 7.330642496536643904, 3.049999999999999822 ) ) ;
#7305 = CARTESIAN_POINT ( 'NONE',  ( -24.59704525612474058, 8.196667900320957045, -2.286000000000000032 ) ) ;
#7306 = DIRECTION ( 'NONE',  ( 0.9659258262890689783, 0.2588190451025184080, -0.000000000000000000 ) ) ;
#7307 = DIRECTION ( 'NONE',  ( 0.000000000000000000, 0.000000000000000000, 1.000000000000000000 ) ) ;
#7308 = LINE ( 'NONE', #7204, #2661 ) ;
#7309 = EDGE_LOOP ( 'NONE', ( #2041, #3854, #6211, #5583 ) ) ;
#7310 = ORIENTED_EDGE ( 'NONE', *, *, #3612, .F. ) ;
#7311 = DIRECTION ( 'NONE',  ( 0.000000000000000000, 0.000000000000000000, 1.000000000000000000 ) ) ;
#7312 = ORIENTED_EDGE ( 'NONE', *, *, #3692, .T. ) ;
#7313 = PLANE ( 'NONE',  #6687 ) ;
#7314 = CARTESIAN_POINT ( 'NONE',  ( -8.406648378662966437, 5.430930973593234512, 2.286000000000000032 ) ) ;
#7315 = CARTESIAN_POINT ( 'NONE',  ( -17.75926857737314535, 4.248875694185174190, 2.286000000000000032 ) ) ;
#7316 = LINE ( 'NONE', #1284, #2126 ) ;
#7317 = ORIENTED_EDGE ( 'NONE', *, *, #7438, .T. ) ;
#7318 = EDGE_CURVE ( 'NONE', #6796, #3153, #8497, .T. ) ;
#7319 = VECTOR ( 'NONE', #7349, 1000.000000000000000 ) ;
#7320 = ORIENTED_EDGE ( 'NONE', *, *, #3792, .T. ) ;
#7321 = PLANE ( 'NONE',  #6267 ) ;
#7322 = EDGE_CURVE ( 'NONE', #905, #652, #3355, .T. ) ;
#7323 = CARTESIAN_POINT ( 'NONE',  ( 0.000000000000000000, 0.000000000000000000, -1.000000000000000000 ) ) ;
#7324 = DIRECTION ( 'NONE',  ( -1.000000000000000000, 0.000000000000000000, 0.000000000000000000 ) ) ;
#7325 = DIRECTION ( 'NONE',  ( -0.7071067811865469066, -0.7071067811865482389, 0.000000000000000000 ) ) ;
#7326 = ORIENTED_EDGE ( 'NONE', *, *, #2538, .F. ) ;
#7327 = CARTESIAN_POINT ( 'NONE',  ( 12.69999999999999929, 0.000000000000000000, 2.286000000000000032 ) ) ;
#7328 = CARTESIAN_POINT ( 'NONE',  ( 17.19289321881344890, -5.200000000000001066, 1.000000000000000444 ) ) ;
#7329 = CARTESIAN_POINT ( 'NONE',  ( -10.99852262806236958, 6.350000000000002309, 1.000000000000000000 ) ) ;
#7330 = CARTESIAN_POINT ( 'NONE',  ( 20.28743686707645111, -5.819669914110093600, 12.74539167476553381 ) ) ;
#7331 = EDGE_CURVE ( 'NONE', #8393, #8677, #7379, .T. ) ;
#7332 = ADVANCED_FACE ( 'NONE', ( #4155 ), #1363, .T. ) ;
#7333 = AXIS2_PLACEMENT_3D ( 'NONE', #6204, #1504, #658 ) ;
#7334 = VERTEX_POINT ( 'NONE', #8730 ) ;
#7335 = ORIENTED_EDGE ( 'NONE', *, *, #3724, .F. ) ;
#7336 = PLANE ( 'NONE',  #589 ) ;
#7337 = CARTESIAN_POINT ( 'NONE',  ( 12.69999999999999929, 0.000000000000000000, -2.286000000000000032 ) ) ;
#7338 = CARTESIAN_POINT ( 'NONE',  ( 4.804415587728414927, -5.200000000000001954, 2.286000000000000032 ) ) ;
#7339 = ORIENTED_EDGE ( 'NONE', *, *, #2411, .F. ) ;
#7340 = CARTESIAN_POINT ( 'NONE',  ( 12.69999999999999929, 0.000000000000000000, 2.286000000000000032 ) ) ;
#7341 = EDGE_CURVE ( 'NONE', #4262, #8406, #2778, .T. ) ;
#7342 = ORIENTED_EDGE ( 'NONE', *, *, #8239, .T. ) ;
#7343 = AXIS2_PLACEMENT_3D ( 'NONE', #8430, #6385, #6432 ) ;
#7344 = CARTESIAN_POINT ( 'NONE',  ( -25.09704525612470150, 7.330642496536643904, -3.049999999999999822 ) ) ;
#7345 = ORIENTED_EDGE ( 'NONE', *, *, #7704, .T. ) ;
#7346 = DIRECTION ( 'NONE',  ( -0.000000000000000000, -0.000000000000000000, -1.000000000000000000 ) ) ;
#7347 = CARTESIAN_POINT ( 'NONE',  ( -18.89704525612463115, 18.06935750346364955, 3.049999999999999822 ) ) ;
#7348 = ORIENTED_EDGE ( 'NONE', *, *, #281, .T. ) ;
#7349 = DIRECTION ( 'NONE',  ( 1.000000000000000000, 0.000000000000000000, -0.000000000000000000 ) ) ;
#7350 = AXIS2_PLACEMENT_3D ( 'NONE', #5297, #2638, #4576 ) ;
#7351 = VERTEX_POINT ( 'NONE', #1320 ) ;
#7352 = ORIENTED_EDGE ( 'NONE', *, *, #6922, .F. ) ;
#7353 = DIRECTION ( 'NONE',  ( -0.000000000000000000, -0.000000000000000000, -1.000000000000000000 ) ) ;
#7354 = VERTEX_POINT ( 'NONE', #2655 ) ;
#7355 = AXIS2_PLACEMENT_3D ( 'NONE', #1307, #8672, #1883 ) ;
#7356 = PLANE ( 'NONE',  #3292 ) ;
#7357 = LINE ( 'NONE', #7212, #8516 ) ;
#7358 = CARTESIAN_POINT ( 'NONE',  ( 20.90710678118654542, -5.200000000000001954, -1.000000000000000000 ) ) ;
#7359 = EDGE_CURVE ( 'NONE', #5494, #6507, #981, .T. ) ;
#7360 = DIRECTION ( 'NONE',  ( -0.000000000000000000, -0.000000000000000000, -1.000000000000000000 ) ) ;
#7361 = VERTEX_POINT ( 'NONE', #2027 ) ;
#7362 = ADVANCED_FACE ( 'NONE', ( #4681, #3479, #5441, #2102, #7389, #2064 ), #6725, .T. ) ;
#7363 = ORIENTED_EDGE ( 'NONE', *, *, #787, .T. ) ;
#7364 = LINE ( 'NONE', #1862, #5838 ) ;
#7365 = DIRECTION ( 'NONE',  ( -1.000000000000000000, 0.000000000000000000, 0.000000000000000000 ) ) ;
#7366 = DIRECTION ( 'NONE',  ( 0.9659258262890686453, 0.2588190451025198513, 0.000000000000000000 ) ) ;
#7367 = LINE ( 'NONE', #6704, #882 ) ;
#7368 = EDGE_CURVE ( 'NONE', #2893, #7916, #3827, .T. ) ;
#7369 = DIRECTION ( 'NONE',  ( -0.2588190451025194072, 0.9659258262890687563, 0.000000000000000000 ) ) ;
#7370 = CARTESIAN_POINT ( 'NONE',  ( -17.96107507204066067, 5.002027785581732999, -2.286000000000000032 ) ) ;
#7371 = CARTESIAN_POINT ( 'NONE',  ( 23.29999999999999716, 2.571758278209442943E-16, -2.286999999999999922 ) ) ;
#7372 = ORIENTED_EDGE ( 'NONE', *, *, #4773, .T. ) ;
#7373 = CYLINDRICAL_SURFACE ( 'NONE', #2732, 3.175000000000000711 ) ;
#7374 = LINE ( 'NONE', #4006, #4938 ) ;
#7375 = EDGE_CURVE ( 'NONE', #4093, #6712, #4767, .T. ) ;
#7376 = ORIENTED_EDGE ( 'NONE', *, *, #4289, .T. ) ;
#7377 = ORIENTED_EDGE ( 'NONE', *, *, #7271, .F. ) ;
#7378 = PLANE ( 'NONE',  #4975 ) ;
#7379 = CIRCLE ( 'NONE', #2842, 6.200000000000003730 ) ;
#7380 = EDGE_CURVE ( 'NONE', #471, #6049, #12, .T. ) ;
#7381 = DIRECTION ( 'NONE',  ( -1.000000000000000000, 0.000000000000000000, 0.000000000000000000 ) ) ;
#7382 = PLANE ( 'NONE',  #381 ) ;
#7383 = CARTESIAN_POINT ( 'NONE',  ( 4.492893218813454936, 5.200000000000001066, 3.049999999999999822 ) ) ;
#7384 = AXIS2_PLACEMENT_3D ( 'NONE', #4937, #2194, #4895 ) ;
#7385 = EDGE_LOOP ( 'NONE', ( #3258, #3393, #2020, #1937 ) ) ;
#7386 = CARTESIAN_POINT ( 'NONE',  ( 6.349999999999987210, -3.654415587728429671, 3.049999999999999822 ) ) ;
#7387 = ORIENTED_EDGE ( 'NONE', *, *, #8054, .F. ) ;
#7388 = CIRCLE ( 'NONE', #2723, 3.175000000000000711 ) ;
#7389 = FACE_BOUND ( 'NONE', #7067, .T. ) ;
#7390 = AXIS2_PLACEMENT_3D ( 'NONE', #4293, #4332, #6986 ) ;
#7391 = VECTOR ( 'NONE', #6590, 1000.000000000000114 ) ;
#7392 = CARTESIAN_POINT ( 'NONE',  ( 19.05000000000001137, 3.654415587728429671, -3.049999999999999822 ) ) ;
#7393 = CARTESIAN_POINT ( 'NONE',  ( 1.795259589288523250, 6.700000000000001066, -1.000000000000000000 ) ) ;
#7394 = DIRECTION ( 'NONE',  ( -0.000000000000000000, -0.000000000000000000, -1.000000000000000000 ) ) ;
#7395 = ORIENTED_EDGE ( 'NONE', *, *, #1510, .T. ) ;
#7396 = CARTESIAN_POINT ( 'NONE',  ( -19.09790760345499194, 13.99445968298459064, 2.286000000000000032 ) ) ;
#7397 = VECTOR ( 'NONE', #182, 1000.000000000000000 ) ;
#7398 = AXIS2_PLACEMENT_3D ( 'NONE', #4936, #6885, #4317 ) ;
#7399 = VECTOR ( 'NONE', #4134, 1000.000000000000000 ) ;
#7400 = LOCAL_TIME ( 14, 14, 57.00000000000000000, #6580 ) ;
#7401 = ORIENTED_EDGE ( 'NONE', *, *, #7737, .T. ) ;
#7402 = VERTEX_POINT ( 'NONE', #4730 ) ;
#7403 = EDGE_CURVE ( 'NONE', #487, #2629, #8090, .T. ) ;
#7404 = DIRECTION ( 'NONE',  ( 1.000000000000000000, 0.000000000000000000, -0.000000000000000000 ) ) ;
#7405 = DIRECTION ( 'NONE',  ( -0.5000000000000012212, -0.8660254037844380415, 0.000000000000000000 ) ) ;
#7406 = DIRECTION ( 'NONE',  ( 1.000000000000000000, 1.365923996832131609E-16, 0.000000000000000000 ) ) ;
#7407 = VECTOR ( 'NONE', #1150, 999.9999999999998863 ) ;
#7408 = CARTESIAN_POINT ( 'NONE',  ( -10.99852262806236958, 6.350000000000002309, -1.000000000000000000 ) ) ;
#7409 = DIRECTION ( 'NONE',  ( 0.2588190451025234040, -0.9659258262890675351, 0.000000000000000000 ) ) ;
#7410 = ORIENTED_EDGE ( 'NONE', *, *, #4445, .T. ) ;
#7411 = VECTOR ( 'NONE', #6078, 1000.000000000000000 ) ;
#7412 = ORIENTED_EDGE ( 'NONE', *, *, #4526, .T. ) ;
#7413 = EDGE_CURVE ( 'NONE', #464, #7180, #3396, .T. ) ;
#7414 = DIRECTION ( 'NONE',  ( 0.000000000000000000, 0.000000000000000000, 1.000000000000000000 ) ) ;
#7415 = CARTESIAN_POINT ( 'NONE',  ( -7.840565930290091856, 6.678533856695505477, 2.286000000000000032 ) ) ;
#7416 = EDGE_CURVE ( 'NONE', #1599, #5925, #8134, .T. ) ;
#7417 = DIRECTION ( 'NONE',  ( 0.000000000000000000, 0.000000000000000000, 1.000000000000000000 ) ) ;
#7418 = ORIENTED_EDGE ( 'NONE', *, *, #5625, .F. ) ;
#7419 = LINE ( 'NONE', #8756, #5689 ) ;
#7420 = CARTESIAN_POINT ( 'NONE',  ( -24.09704525612474058, 12.70000000000000462, 2.286000000000000032 ) ) ;
#7421 = ORIENTED_EDGE ( 'NONE', *, *, #6553, .F. ) ;
#7422 = VECTOR ( 'NONE', #7708, 1000.000000000000000 ) ;
#7423 = VECTOR ( 'NONE', #6711, 1000.000000000000000 ) ;
#7424 = DIRECTION ( 'NONE',  ( 0.7071067811865479058, 0.7071067811865471286, -0.000000000000000000 ) ) ;
#7425 = ORIENTED_EDGE ( 'NONE', *, *, #3737, .T. ) ;
#7426 = ORIENTED_EDGE ( 'NONE', *, *, #4907, .T. ) ;
#7427 = CARTESIAN_POINT ( 'NONE',  ( 17.81256313292353610, 5.819669914110092712, 12.74539167476553381 ) ) ;
#7428 = EDGE_CURVE ( 'NONE', #3151, #1561, #1013, .T. ) ;
#7429 = CARTESIAN_POINT ( 'NONE',  ( -8.033201514455356573, 5.215321326014949577, 1.000000000000000000 ) ) ;
#7430 = DIRECTION ( 'NONE',  ( 1.000000000000000000, 2.973809054735657095E-17, -0.000000000000000000 ) ) ;
#7431 = AXIS2_PLACEMENT_3D ( 'NONE', #8155, #2719, #2764 ) ;
#7432 = DIRECTION ( 'NONE',  ( -0.2588190451025199068, 0.9659258262890685343, 0.000000000000000000 ) ) ;
#7433 = ORIENTED_EDGE ( 'NONE', *, *, #6224, .T. ) ;
#7434 = ORIENTED_EDGE ( 'NONE', *, *, #4253, .F. ) ;
#7435 = VERTEX_POINT ( 'NONE', #1731 ) ;
#7436 = CC_DESIGN_PERSON_AND_ORGANIZATION_ASSIGNMENT ( #6440, #354, ( #8746 ) ) ;
#7437 = CARTESIAN_POINT ( 'NONE',  ( 1.045259589288517699, 5.400961894323345724, 3.049999999999999822 ) ) ;
#7438 = EDGE_CURVE ( 'NONE', #3073, #5111, #386, .T. ) ;
#7439 = DIRECTION ( 'NONE',  ( 0.000000000000000000, 0.000000000000000000, 1.000000000000000000 ) ) ;
#7440 = CARTESIAN_POINT ( 'NONE',  ( -2.515704535374863049, 7.456885490272348704, -1.000000000000000000 ) ) ;
#7441 = VERTEX_POINT ( 'NONE', #6997 ) ;
#7442 = LINE ( 'NONE', #2746, #4072 ) ;
#7443 = ORIENTED_EDGE ( 'NONE', *, *, #1096, .F. ) ;
#7444 = CARTESIAN_POINT ( 'NONE',  ( 19.05000000000001137, -3.654415587728429671, 3.049999999999999822 ) ) ;
#7445 = CARTESIAN_POINT ( 'NONE',  ( 25.39999999999999858, 0.000000000000000000, 2.286000000000000032 ) ) ;
#7446 = LINE ( 'NONE', #1333, #8093 ) ;
#7447 = DIRECTION ( 'NONE',  ( -1.000000000000000000, 0.000000000000000000, 0.000000000000000000 ) ) ;
#7448 = VERTEX_POINT ( 'NONE', #6512 ) ;
#7449 = EDGE_CURVE ( 'NONE', #4680, #5633, #345, .T. ) ;
#7450 = DIRECTION ( 'NONE',  ( -0.8660254037844385966, 0.5000000000000001110, 0.000000000000000000 ) ) ;
#7451 = DIRECTION ( 'NONE',  ( -0.000000000000000000, -0.000000000000000000, 1.000000000000000000 ) ) ;
#7452 = PLANE ( 'NONE',  #3290 ) ;
#7453 = CARTESIAN_POINT ( 'NONE',  ( -8.033575889081955523, -1.214561606350240242, 3.049999999999999822 ) ) ;
#7454 = FACE_OUTER_BOUND ( 'NONE', #5381, .T. ) ;
#7455 = EDGE_CURVE ( 'NONE', #1562, #6788, #3028, .T. ) ;
#7456 = DIRECTION ( 'NONE',  ( -0.000000000000000000, -0.000000000000000000, -1.000000000000000000 ) ) ;
#7457 = VECTOR ( 'NONE', #1623, 999.9999999999998863 ) ;
#7458 = ADVANCED_FACE ( 'NONE', ( #8563 ), #3809, .F. ) ;
#7459 = EDGE_LOOP ( 'NONE', ( #2569, #2155, #4699, #8299 ) ) ;
#7460 = VERTEX_POINT ( 'NONE', #3725 ) ;
#7461 = DIRECTION ( 'NONE',  ( 1.000000000000000000, 0.000000000000000000, 0.000000000000000000 ) ) ;
#7462 = VECTOR ( 'NONE', #4603, 1000.000000000000000 ) ;
#7463 = LINE ( 'NONE', #5471, #6954 ) ;
#7464 = FACE_OUTER_BOUND ( 'NONE', #2116, .T. ) ;
#7465 = CARTESIAN_POINT ( 'NONE',  ( 6.349999999999987210, -3.654415587728429671, 3.049999999999999822 ) ) ;
#7466 = VECTOR ( 'NONE', #4685, 1000.000000000000000 ) ;
#7467 = EDGE_CURVE ( 'NONE', #5860, #8328, #1773, .T. ) ;
#7468 = ORIENTED_EDGE ( 'NONE', *, *, #8740, .T. ) ;
#7469 = ORIENTED_EDGE ( 'NONE', *, *, #1809, .T. ) ;
#7470 = VERTEX_POINT ( 'NONE', #3110 ) ;
#7471 = CARTESIAN_POINT ( 'NONE',  ( 2.570603795974258254, -1.863497014787716122, 2.286000000000000032 ) ) ;
#7472 = VECTOR ( 'NONE', #5084, 999.9999999999998863 ) ;
#7473 = FACE_OUTER_BOUND ( 'NONE', #4030, .T. ) ;
#7474 = DIRECTION ( 'NONE',  ( -1.000000000000000000, 0.000000000000000000, 0.000000000000000000 ) ) ;
#7475 = ORIENTED_EDGE ( 'NONE', *, *, #7516, .F. ) ;
#7476 = ADVANCED_FACE ( 'NONE', ( #4854 ), #5674, .F. ) ;
#7477 = CIRCLE ( 'NONE', #5370, 3.175000000000004263 ) ;
#7478 = ORIENTED_EDGE ( 'NONE', *, *, #3596, .T. ) ;
#7479 = CARTESIAN_POINT ( 'NONE',  ( -9.552245033349328934E-16, -5.199999999999985967, 3.049999999999999822 ) ) ;
#7480 = FACE_OUTER_BOUND ( 'NONE', #7928, .T. ) ;
#7481 = CARTESIAN_POINT ( 'NONE',  ( 19.58033008588990143, 5.112563132923546583, 12.74539167476553381 ) ) ;
#7482 = DIRECTION ( 'NONE',  ( -0.000000000000000000, -0.000000000000000000, -1.000000000000000000 ) ) ;
#7483 = EDGE_CURVE ( 'NONE', #2566, #8344, #7842, .T. ) ;
#7484 = VECTOR ( 'NONE', #3908, 1000.000000000000114 ) ;
#7485 = VERTEX_POINT ( 'NONE', #1679 ) ;
#7486 = AXIS2_PLACEMENT_3D ( 'NONE', #7337, #5958, #672 ) ;
#7487 = VERTEX_POINT ( 'NONE', #7562 ) ;
#7488 = CARTESIAN_POINT ( 'NONE',  ( -1.138921523207039166E-15, -6.200000000000003730, 3.049999999999999822 ) ) ;
#7489 = LINE ( 'NONE', #6824, #1888 ) ;
#7490 = CARTESIAN_POINT ( 'NONE',  ( -27.19704525612472068, 12.70000000000003659, -3.049999999999999822 ) ) ;
#7491 = DIRECTION ( 'NONE',  ( 0.000000000000000000, 0.000000000000000000, 1.000000000000000000 ) ) ;
#7492 = CARTESIAN_POINT ( 'NONE',  ( 0.000000000000000000, 0.000000000000000000, 2.286000000000000032 ) ) ;
#7493 = CARTESIAN_POINT ( 'NONE',  ( -1.071777497566936521, 5.931779727907005473, 1.000000000000000000 ) ) ;
#7494 = EDGE_CURVE ( 'NONE', #1362, #5299, #6429, .T. ) ;
#7495 = VECTOR ( 'NONE', #486, 1000.000000000000000 ) ;
#7496 = DIRECTION ( 'NONE',  ( -0.000000000000000000, -0.000000000000000000, -1.000000000000000000 ) ) ;
#7497 = ORIENTED_EDGE ( 'NONE', *, *, #4669, .T. ) ;
#7498 = DIRECTION ( 'NONE',  ( 0.000000000000000000, 0.000000000000000000, 1.000000000000000000 ) ) ;
#7499 = ORIENTED_EDGE ( 'NONE', *, *, #3513, .F. ) ;
#7500 = VERTEX_POINT ( 'NONE', #3636 ) ;
#7501 = EDGE_CURVE ( 'NONE', #2402, #471, #7135, .T. ) ;
#7502 = CARTESIAN_POINT ( 'NONE',  ( 19.05000000000001137, 3.654415587728429671, 3.049999999999999822 ) ) ;
#7503 = ADVANCED_FACE ( 'NONE', ( #6339 ), #5718, .F. ) ;
#7504 = CARTESIAN_POINT ( 'NONE',  ( -11.32705648475784521, 9.507956697772282695, 2.286000000000000032 ) ) ;
#7505 = CARTESIAN_POINT ( 'NONE',  ( 22.82939620402573411, 1.863497014787716122, 2.286000000000000032 ) ) ;
#7506 = ORIENTED_EDGE ( 'NONE', *, *, #1737, .T. ) ;
#7507 = CARTESIAN_POINT ( 'NONE',  ( 1.795259589288523250, 6.700000000000001066, -1.000000000000000000 ) ) ;
#7508 = VERTEX_POINT ( 'NONE', #261 ) ;
#7509 = AXIS2_PLACEMENT_3D ( 'NONE', #3765, #5801, #431 ) ;
#7510 = ORIENTED_EDGE ( 'NONE', *, *, #1183, .T. ) ;
#7511 = EDGE_CURVE ( 'NONE', #8266, #3818, #2977, .T. ) ;
#7512 = VERTEX_POINT ( 'NONE', #8428 ) ;
#7513 = DIRECTION ( 'NONE',  ( 0.000000000000000000, 0.000000000000000000, 1.000000000000000000 ) ) ;
#7514 = LINE ( 'NONE', #2103, #3251 ) ;
#7515 = CARTESIAN_POINT ( 'NONE',  ( -6.490959663983257855, -2.256885490272335204, 3.049999999999999822 ) ) ;
#7516 = EDGE_CURVE ( 'NONE', #7354, #7334, #2309, .T. ) ;
#7517 = VECTOR ( 'NONE', #3522, 1000.000000000000000 ) ;
#7518 = CIRCLE ( 'NONE', #5963, 3.174999999999999822 ) ;
#7519 = ORIENTED_EDGE ( 'NONE', *, *, #832, .T. ) ;
#7520 = AXIS2_PLACEMENT_3D ( 'NONE', #1866, #4658, #7282 ) ;
#7521 = AXIS2_PLACEMENT_3D ( 'NONE', #4849, #3511, #3433 ) ;
#7522 = AXIS2_PLACEMENT_3D ( 'NONE', #4365, #8408, #7058 ) ;
#7523 = EDGE_LOOP ( 'NONE', ( #6546, #2181, #7237, #4364, #4224, #4733 ) ) ;
#7524 = DIRECTION ( 'NONE',  ( -0.2588190451025182415, 0.9659258262890690894, 0.000000000000000000 ) ) ;
#7525 = CARTESIAN_POINT ( 'NONE',  ( -18.32499173595777364, 6.360183265041365885, -3.049999999999999822 ) ) ;
#7526 = DIRECTION ( 'NONE',  ( 0.000000000000000000, 0.000000000000000000, -1.000000000000000000 ) ) ;
#7527 = EDGE_CURVE ( 'NONE', #7221, #6612, #5093, .T. ) ;
#7528 = DIRECTION ( 'NONE',  ( 0.000000000000000000, 0.000000000000000000, 1.000000000000000000 ) ) ;
#7529 = CIRCLE ( 'NONE', #3693, 3.175000000000000711 ) ;
#7530 = VERTEX_POINT ( 'NONE', #6382 ) ;
#7531 = VECTOR ( 'NONE', #826, 1000.000000000000000 ) ;
#7532 = VECTOR ( 'NONE', #1090, 1000.000000000000114 ) ;
#7533 = VECTOR ( 'NONE', #6884, 1000.000000000000114 ) ;
#7534 = ADVANCED_FACE ( 'NONE', ( #7086 ), #308, .F. ) ;
#7535 = ADVANCED_FACE ( 'NONE', ( #4710 ), #3200, .F. ) ;
#7536 = VECTOR ( 'NONE', #5013, 1000.000000000000000 ) ;
#7537 = CARTESIAN_POINT ( 'NONE',  ( -21.99704525612466810, 12.70000000000014673, 3.049999999999999822 ) ) ;
#7538 = VECTOR ( 'NONE', #1208, 1000.000000000000000 ) ;
#7539 = CARTESIAN_POINT ( 'NONE',  ( 14.56349701478771053, -2.570603795974264472, -1.000000000000000000 ) ) ;
#7540 = CARTESIAN_POINT ( 'NONE',  ( -3.174999999999999822, 0.000000000000000000, 2.286000000000000032 ) ) ;
#7541 = CARTESIAN_POINT ( 'NONE',  ( 15.40416345659799013, -0.5000000000000000000, 12.74539167476553381 ) ) ;
#7542 = LINE ( 'NONE', #2049, #1166 ) ;
#7543 = DIRECTION ( 'NONE',  ( -1.000000000000000000, -3.414809992080329023E-17, 0.000000000000000000 ) ) ;
#7544 = ORIENTED_EDGE ( 'NONE', *, *, #3945, .F. ) ;
#7545 = VECTOR ( 'NONE', #7548, 1000.000000000000000 ) ;
#7546 = EDGE_LOOP ( 'NONE', ( #1892, #3845, #8316, #6662, #1427, #8339, #3275, #1113 ) ) ;
#7547 = ORIENTED_EDGE ( 'NONE', *, *, #7756, .T. ) ;
#7548 = DIRECTION ( 'NONE',  ( -0.9659258262890687563, -0.2588190451025192407, 0.000000000000000000 ) ) ;
#7549 = CARTESIAN_POINT ( 'NONE',  ( -13.89766028073213100, 5.055540317015449148, 1.000000000000000000 ) ) ;
#7550 = CIRCLE ( 'NONE', #6138, 3.175000000000000711 ) ;
#7551 = CIRCLE ( 'NONE', #2883, 3.175000000000000711 ) ;
#7552 = DIRECTION ( 'NONE',  ( -0.7071067811865472397, -0.7071067811865479058, 0.000000000000000000 ) ) ;
#7553 = DIRECTION ( 'NONE',  ( 0.2588190451025195737, -0.9659258262890686453, 0.000000000000000000 ) ) ;
#7554 = ORIENTED_EDGE ( 'NONE', *, *, #5035, .F. ) ;
#7555 = CARTESIAN_POINT ( 'NONE',  ( 12.69999999999999929, 0.000000000000000000, 2.286000000000000032 ) ) ;
#7556 = EDGE_CURVE ( 'NONE', #5111, #4271, #2537, .T. ) ;
#7557 = ORIENTED_EDGE ( 'NONE', *, *, #1489, .T. ) ;
#7558 = EDGE_CURVE ( 'NONE', #6045, #7851, #568, .T. ) ;
#7559 = ORIENTED_EDGE ( 'NONE', *, *, #2446, .F. ) ;
#7560 = VERTEX_POINT ( 'NONE', #7932 ) ;
#7561 = ORIENTED_EDGE ( 'NONE', *, *, #1233, .F. ) ;
#7562 = CARTESIAN_POINT ( 'NONE',  ( 22.26461724824543964, -0.5000000000000002220, -1.000000000000000000 ) ) ;
#7563 = CARTESIAN_POINT ( 'NONE',  ( 25.39999999999999858, 0.000000000000000000, 2.286000000000000032 ) ) ;
#7564 = CARTESIAN_POINT ( 'NONE',  ( -2.482611798683856730, -1.182851916782358792, -2.286000000000000032 ) ) ;
#7565 = DIRECTION ( 'NONE',  ( -0.000000000000000000, -0.000000000000000000, -1.000000000000000000 ) ) ;
#7566 = CARTESIAN_POINT ( 'NONE',  ( -19.39704525612473418, 17.20333209967908061, -1.000000000000000000 ) ) ;
#7567 = EDGE_CURVE ( 'NONE', #7003, #2818, #1154, .T. ) ;
#7568 = EDGE_LOOP ( 'NONE', ( #6731, #1478, #1391, #1304 ) ) ;
#7569 = DIRECTION ( 'NONE',  ( 0.000000000000000000, 0.000000000000000000, 1.000000000000000000 ) ) ;
#7570 = DIRECTION ( 'NONE',  ( -0.2588190451025202954, 0.9659258262890684232, 0.000000000000000000 ) ) ;
#7571 = DIRECTION ( 'NONE',  ( 0.7071067811865474617, 0.7071067811865476838, -0.000000000000000000 ) ) ;
#7572 = DIRECTION ( 'NONE',  ( -1.000000000000000000, 0.000000000000000000, 0.000000000000000000 ) ) ;
#7573 = EDGE_LOOP ( 'NONE', ( #8274, #3426 ) ) ;
#7574 = ORIENTED_EDGE ( 'NONE', *, *, #3678, .T. ) ;
#7575 = ORIENTED_EDGE ( 'NONE', *, *, #4204, .F. ) ;
#7576 = FACE_OUTER_BOUND ( 'NONE', #2833, .T. ) ;
#7577 = DIRECTION ( 'NONE',  ( -0.000000000000000000, -0.000000000000000000, -1.000000000000000000 ) ) ;
#7578 = FACE_OUTER_BOUND ( 'NONE', #576, .T. ) ;
#7579 = LINE ( 'NONE', #366, #7808 ) ;
#7580 = DIRECTION ( 'NONE',  ( 0.000000000000000000, 0.000000000000000000, 1.000000000000000000 ) ) ;
#7581 = CARTESIAN_POINT ( 'NONE',  ( 1.795259589288523250, 6.700000000000001066, 1.000000000000000000 ) ) ;
#7582 = ORIENTED_EDGE ( 'NONE', *, *, #8626, .F. ) ;
#7583 = EDGE_CURVE ( 'NONE', #4182, #5736, #6611, .T. ) ;
#7584 = ORIENTED_EDGE ( 'NONE', *, *, #8569, .F. ) ;
#7585 = ORIENTED_EDGE ( 'NONE', *, *, #569, .T. ) ;
#7586 = DIRECTION ( 'NONE',  ( -0.7071067811865482389, 0.7071067811865469066, 0.000000000000000000 ) ) ;
#7587 = LINE ( 'NONE', #2308, #5571 ) ;
#7588 = AXIS2_PLACEMENT_3D ( 'NONE', #2241, #4946, #2960 ) ;
#7589 = CARTESIAN_POINT ( 'NONE',  ( 19.04999999999999361, -5.068629150101528147, 3.049999999999999822 ) ) ;
#7590 = LINE ( 'NONE', #7505, #5208 ) ;
#7591 = ORIENTED_EDGE ( 'NONE', *, *, #4000, .T. ) ;
#7592 = CARTESIAN_POINT ( 'NONE',  ( 3.135382751754560271, -0.5000000000000000000, 2.286000000000000032 ) ) ;
#7593 = ADVANCED_FACE ( 'NONE', ( #2588 ), #1911, .F. ) ;
#7594 = ORIENTED_EDGE ( 'NONE', *, *, #6673, .T. ) ;
#7595 = ORIENTED_EDGE ( 'NONE', *, *, #8423, .T. ) ;
#7596 = EDGE_LOOP ( 'NONE', ( #4031, #8605, #5191, #5561 ) ) ;
#7597 = ORIENTED_EDGE ( 'NONE', *, *, #4755, .T. ) ;
#7598 = DIRECTION ( 'NONE',  ( 1.000000000000000000, 0.000000000000000000, 0.000000000000000000 ) ) ;
#7599 = CARTESIAN_POINT ( 'NONE',  ( 20.28743686707645111, -5.819669914110093600, -2.286000000000000032 ) ) ;
#7600 = DIRECTION ( 'NONE',  ( 0.8660254037844352659, -0.5000000000000057732, 0.000000000000000000 ) ) ;
#7601 = DIRECTION ( 'NONE',  ( -0.9659258262890686453, -0.2588190451025193517, 0.000000000000000000 ) ) ;
#7602 = ADVANCED_FACE ( 'NONE', ( #6653 ), #3295, .F. ) ;
#7603 = VERTEX_POINT ( 'NONE', #4044 ) ;
#7604 = AXIS2_PLACEMENT_3D ( 'NONE', #571, #1868, #6703 ) ;
#7605 = DIRECTION ( 'NONE',  ( 0.000000000000000000, 0.000000000000000000, 1.000000000000000000 ) ) ;
#7606 = ORIENTED_EDGE ( 'NONE', *, *, #2096, .T. ) ;
#7607 = PLANE ( 'NONE',  #6096 ) ;
#7608 = DIRECTION ( 'NONE',  ( -0.000000000000000000, -0.000000000000000000, -1.000000000000000000 ) ) ;
#7609 = DIRECTION ( 'NONE',  ( 0.8660254037844385966, -0.5000000000000001110, 0.000000000000000000 ) ) ;
#7610 = ORIENTED_EDGE ( 'NONE', *, *, #6364, .F. ) ;
#7611 = VECTOR ( 'NONE', #8419, 1000.000000000000000 ) ;
#7612 = ORIENTED_EDGE ( 'NONE', *, *, #600, .T. ) ;
#7613 = VERTEX_POINT ( 'NONE', #3338 ) ;
#7614 = FACE_OUTER_BOUND ( 'NONE', #641, .T. ) ;
#7615 = ADVANCED_FACE ( 'NONE', ( #6741 ), #3905, .T. ) ;
#7616 = AXIS2_PLACEMENT_3D ( 'NONE', #6014, #4760, #6625 ) ;
#7617 = CARTESIAN_POINT ( 'NONE',  ( -2.965321113607005898, 1.134678673985064723, 2.286000000000000032 ) ) ;
#7618 = CARTESIAN_POINT ( 'NONE',  ( -7.326469107895388966, 0.01018326504134301966, 3.049999999999999822 ) ) ;
#7619 = LINE ( 'NONE', #1546, #2583 ) ;
#7620 = CARTESIAN_POINT ( 'NONE',  ( 5.042893218813452094, 5.750000000000000000, 2.286000000000000032 ) ) ;
#7621 = EDGE_CURVE ( 'NONE', #6049, #196, #3247, .T. ) ;
#7622 = CARTESIAN_POINT ( 'NONE',  ( 0.000000000000000000, 0.000000000000000000, -2.286000000000000032 ) ) ;
#7623 = ORIENTED_EDGE ( 'NONE', *, *, #881, .F. ) ;
#7624 = VECTOR ( 'NONE', #6185, 1000.000000000000000 ) ;
#7625 = ORIENTED_EDGE ( 'NONE', *, *, #7737, .F. ) ;
#7626 = ORIENTED_EDGE ( 'NONE', *, *, #2932, .T. ) ;
#7627 = DIRECTION ( 'NONE',  ( 0.000000000000000000, 0.000000000000000000, -1.000000000000000000 ) ) ;
#7628 = DIRECTION ( 'NONE',  ( 0.5000000000000001110, 0.8660254037844385966, -0.000000000000000000 ) ) ;
#7629 = AXIS2_PLACEMENT_3D ( 'NONE', #5434, #6716, #7381 ) ;
#7630 = DIRECTION ( 'NONE',  ( 0.9659258262890688673, 0.2588190451025188521, -0.000000000000000000 ) ) ;
#7631 = CARTESIAN_POINT ( 'NONE',  ( 23.53650298521228379, -2.570603795974262251, -1.000000000000000000 ) ) ;
#7632 = ORIENTED_EDGE ( 'NONE', *, *, #2215, .T. ) ;
#7633 = EDGE_CURVE ( 'NONE', #2818, #7470, #1954, .T. ) ;
#7634 = CARTESIAN_POINT ( 'NONE',  ( -21.99704525612473560, 12.70000000000003659, 1.000000000000000000 ) ) ;
#7635 = ORIENTED_EDGE ( 'NONE', *, *, #4528, .T. ) ;
#7636 = VERTEX_POINT ( 'NONE', #5942 ) ;
#7637 = ORIENTED_EDGE ( 'NONE', *, *, #1521, .T. ) ;
#7638 = ORIENTED_EDGE ( 'NONE', *, *, #4645, .T. ) ;
#7639 = FACE_OUTER_BOUND ( 'NONE', #3377, .T. ) ;
#7640 = DIRECTION ( 'NONE',  ( -0.000000000000000000, -0.000000000000000000, -1.000000000000000000 ) ) ;
#7641 = CARTESIAN_POINT ( 'NONE',  ( 1.045259589288517699, 5.400961894323346613, -1.000000000000000000 ) ) ;
#7642 = CARTESIAN_POINT ( 'NONE',  ( -3.157956697772276833, -0.3285338566954935646, 2.286000000000000032 ) ) ;
#7643 = ORIENTED_EDGE ( 'NONE', *, *, #4827, .F. ) ;
#7644 = DIRECTION ( 'NONE',  ( 0.000000000000000000, 0.000000000000000000, 1.000000000000000000 ) ) ;
#7645 = EDGE_CURVE ( 'NONE', #4168, #4955, #8359, .T. ) ;
#7646 = DIRECTION ( 'NONE',  ( -0.000000000000000000, -0.000000000000000000, -1.000000000000000000 ) ) ;
#7647 = VECTOR ( 'NONE', #4808, 1000.000000000000000 ) ;
#7648 = CARTESIAN_POINT ( 'NONE',  ( 0.000000000000000000, 0.000000000000000000, 2.286000000000000032 ) ) ;
#7649 = CARTESIAN_POINT ( 'NONE',  ( 1.795259589288523250, 6.700000000000001066, -1.000000000000000000 ) ) ;
#7650 = ORIENTED_EDGE ( 'NONE', *, *, #6862, .T. ) ;
#7651 = VECTOR ( 'NONE', #5934, 999.9999999999998863 ) ;
#7652 = EDGE_CURVE ( 'NONE', #22, #3193, #657, .T. ) ;
#7653 = AXIS2_PLACEMENT_3D ( 'NONE', #2713, #6163, #3413 ) ;
#7654 = ORIENTED_EDGE ( 'NONE', *, *, #5102, .F. ) ;
#7655 = ORIENTED_EDGE ( 'NONE', *, *, #2915, .T. ) ;
#7656 = EDGE_CURVE ( 'NONE', #7351, #4568, #2489, .T. ) ;
#7657 = CARTESIAN_POINT ( 'NONE',  ( 18.05576118445748790, 4.648654403270951363, -1.000000000000000000 ) ) ;
#7658 = DIRECTION ( 'NONE',  ( -0.000000000000000000, -0.000000000000000000, -1.000000000000000000 ) ) ;
#7659 = VECTOR ( 'NONE', #5961, 1000.000000000000000 ) ;
#7660 = VECTOR ( 'NONE', #8458, 1000.000000000000000 ) ;
#7661 = LINE ( 'NONE', #7835, #241 ) ;
#7662 = CIRCLE ( 'NONE', #1857, 3.175000000000000711 ) ;
#7663 = DIRECTION ( 'NONE',  ( -0.000000000000000000, -0.000000000000000000, -1.000000000000000000 ) ) ;
#7664 = DIRECTION ( 'NONE',  ( -0.000000000000000000, -0.000000000000000000, -1.000000000000000000 ) ) ;
#7665 = ORIENTED_EDGE ( 'NONE', *, *, #6321, .F. ) ;
#7666 = ADVANCED_FACE ( 'NONE', ( #8609 ), #4571, .T. ) ;
#7667 = CIRCLE ( 'NONE', #6803, 3.175000000000000711 ) ;
#7668 = EDGE_LOOP ( 'NONE', ( #28, #4321, #2343, #4847 ) ) ;
#7669 = ADVANCED_FACE ( 'NONE', ( #3999 ), #1206, .T. ) ;
#7670 = VERTEX_POINT ( 'NONE', #5335 ) ;
#7671 = DIRECTION ( 'NONE',  ( -0.000000000000000000, -0.000000000000000000, -1.000000000000000000 ) ) ;
#7672 = DIRECTION ( 'NONE',  ( -0.8660254037844387076, 0.5000000000000001110, 0.000000000000000000 ) ) ;
#7673 = CARTESIAN_POINT ( 'NONE',  ( -18.61798804498027948, 3.589957071587262405, -3.049999999999999822 ) ) ;
#7674 = DIRECTION ( 'NONE',  ( 0.000000000000000000, 0.000000000000000000, -1.000000000000000000 ) ) ;
#7675 = CIRCLE ( 'NONE', #4281, 3.175000000000000711 ) ;
#7676 = VERTEX_POINT ( 'NONE', #6702 ) ;
#7677 = CARTESIAN_POINT ( 'NONE',  ( 1.863497014787712791, 2.570603795974261363, 2.286000000000000032 ) ) ;
#7678 = ORIENTED_EDGE ( 'NONE', *, *, #4928, .F. ) ;
#7679 = ORIENTED_EDGE ( 'NONE', *, *, #7966, .T. ) ;
#7680 = EDGE_LOOP ( 'NONE', ( #771, #362, #4408, #1088 ) ) ;
#7681 = CIRCLE ( 'NONE', #6281, 3.174999999999999822 ) ;
#7682 = DIRECTION ( 'NONE',  ( -0.7071067811865474617, -0.7071067811865475727, 0.000000000000000000 ) ) ;
#7683 = CARTESIAN_POINT ( 'NONE',  ( 18.05576118445748790, 4.648654403270951363, 3.049999999999999822 ) ) ;
#7684 = DIRECTION ( 'NONE',  ( 0.9659258262890686453, 0.2588190451025192407, 0.000000000000000000 ) ) ;
#7685 = PLANE ( 'NONE',  #6953 ) ;
#7686 = LINE ( 'NONE', #7642, #4254 ) ;
#7687 = EDGE_CURVE ( 'NONE', #487, #3002, #1846, .T. ) ;
#7688 = APPROVAL ( #5200, 'UNSPECIFIED' ) ;
#7689 = ORIENTED_EDGE ( 'NONE', *, *, #2324, .T. ) ;
#7690 = EDGE_CURVE ( 'NONE', #2878, #342, #3496, .T. ) ;
#7691 = DIRECTION ( 'NONE',  ( 0.2588190451025189076, -0.9659258262890687563, 0.000000000000000000 ) ) ;
#7692 = CARTESIAN_POINT ( 'NONE',  ( -24.59704525612474058, 8.196667900320957045, 3.049999999999999822 ) ) ;
#7693 = LINE ( 'NONE', #1038, #159 ) ;
#7694 = CARTESIAN_POINT ( 'NONE',  ( -6.394720545526317856, -3.467149709599302909, -2.286000000000000032 ) ) ;
#7695 = ORIENTED_EDGE ( 'NONE', *, *, #2725, .T. ) ;
#7696 = ADVANCED_FACE ( 'NONE', ( #4170 ), #8279, .T. ) ;
#7697 = ORIENTED_EDGE ( 'NONE', *, *, #8325, .F. ) ;
#7698 = VERTEX_POINT ( 'NONE', #699 ) ;
#7699 = DIRECTION ( 'NONE',  ( -0.7071067811865474617, -0.7071067811865475727, 0.000000000000000000 ) ) ;
#7700 = CARTESIAN_POINT ( 'NONE',  ( -8.684624587355031622, -0.3537333988757688230, -2.286000000000000032 ) ) ;
#7701 = CARTESIAN_POINT ( 'NONE',  ( -4.507562964079088630, 8.606885490272359718, -1.000000000000000000 ) ) ;
#7702 = LINE ( 'NONE', #2384, #4958 ) ;
#7703 = PLANE ( 'NONE',  #3034 ) ;
#7704 = EDGE_CURVE ( 'NONE', #5839, #5514, #2717, .T. ) ;
#7705 = VERTEX_POINT ( 'NONE', #87 ) ;
#7706 = ORIENTED_EDGE ( 'NONE', *, *, #787, .F. ) ;
#7707 = LINE ( 'NONE', #1677, #4846 ) ;
#7708 = DIRECTION ( 'NONE',  ( 0.7071067811865475727, -0.7071067811865474617, 0.000000000000000000 ) ) ;
#7709 = DIRECTION ( 'NONE',  ( -0.7071067811865471286, -0.7071067811865479058, 0.000000000000000000 ) ) ;
#7710 = EDGE_CURVE ( 'NONE', #6839, #7839, #51, .T. ) ;
#7711 = LINE ( 'NONE', #1638, #8101 ) ;
#7712 = DIRECTION ( 'NONE',  ( -1.000000000000000000, 0.000000000000000000, 0.000000000000000000 ) ) ;
#7713 = ORIENTED_EDGE ( 'NONE', *, *, #7006, .T. ) ;
#7714 = CARTESIAN_POINT ( 'NONE',  ( -17.48948229204563631, 4.093114509727668882, 3.049999999999999822 ) ) ;
#7715 = VERTEX_POINT ( 'NONE', #5537 ) ;
#7716 = ORIENTED_EDGE ( 'NONE', *, *, #6722, .F. ) ;
#7717 = EDGE_LOOP ( 'NONE', ( #8005, #3400, #3161, #2125, #4754, #2355 ) ) ;
#7718 = CARTESIAN_POINT ( 'NONE',  ( 2.570603795974259143, -1.863497014787715678, 2.286000000000000032 ) ) ;
#7719 = DIRECTION ( 'NONE',  ( 0.000000000000000000, 0.000000000000000000, 1.000000000000000000 ) ) ;
#7720 = CARTESIAN_POINT ( 'NONE',  ( -17.96107507204066067, 5.002027785581732999, 3.049999999999999822 ) ) ;
#7721 = DIRECTION ( 'NONE',  ( -0.000000000000000000, -0.000000000000000000, -1.000000000000000000 ) ) ;
#7722 = ORIENTED_EDGE ( 'NONE', *, *, #4333, .F. ) ;
#7723 = CARTESIAN_POINT ( 'NONE',  ( -2.515704535374863049, 7.456885490272348704, 2.286000000000003141 ) ) ;
#7724 = EDGE_CURVE ( 'NONE', #5531, #535, #2, .T. ) ;
#7725 = VECTOR ( 'NONE', #6592, 1000.000000000000000 ) ;
#7726 = ORIENTED_EDGE ( 'NONE', *, *, #184, .F. ) ;
#7727 = CARTESIAN_POINT ( 'NONE',  ( -20.43629930681396800, 5.794460106456734927, 3.049999999999999822 ) ) ;
#7728 = ORIENTED_EDGE ( 'NONE', *, *, #1361, .F. ) ;
#7729 = LINE ( 'NONE', #4367, #7781 ) ;
#7730 = DIRECTION ( 'NONE',  ( 0.9659258262890686453, 0.2588190451025195737, 0.000000000000000000 ) ) ;
#7731 = LINE ( 'NONE', #3093, #8741 ) ;
#7732 = ORIENTED_EDGE ( 'NONE', *, *, #961, .T. ) ;
#7733 = EDGE_CURVE ( 'NONE', #4568, #8638, #5459, .T. ) ;
#7734 = EDGE_LOOP ( 'NONE', ( #4582, #3097, #695, #4656, #2765, #3139 ) ) ;
#7735 = ORIENTED_EDGE ( 'NONE', *, *, #2886, .T. ) ;
#7736 = CARTESIAN_POINT ( 'NONE',  ( 8.207106781186553235, -5.200000000000001954, 3.049999999999999822 ) ) ;
#7737 = EDGE_CURVE ( 'NONE', #5172, #5299, #5585, .T. ) ;
#7738 = PLANE ( 'NONE',  #7936 ) ;
#7739 = DIRECTION ( 'NONE',  ( -0.5000000000000012212, -0.8660254037844380415, 0.000000000000000000 ) ) ;
#7740 = VECTOR ( 'NONE', #4820, 1000.000000000000000 ) ;
#7741 = DIRECTION ( 'NONE',  ( 1.000000000000000000, 0.000000000000000000, 0.000000000000000000 ) ) ;
#7742 = DIRECTION ( 'NONE',  ( 0.8660254037844379305, -0.5000000000000011102, 0.000000000000000000 ) ) ;
#7743 = ORIENTED_EDGE ( 'NONE', *, *, #2617, .F. ) ;
#7744 = VECTOR ( 'NONE', #7553, 1000.000000000000114 ) ;
#7745 = ORIENTED_EDGE ( 'NONE', *, *, #7772, .F. ) ;
#7746 = ORIENTED_EDGE ( 'NONE', *, *, #643, .T. ) ;
#7747 = CARTESIAN_POINT ( 'NONE',  ( -2.591874249399398700, 0.9190690264067802318, -2.286000000000000032 ) ) ;
#7748 = DIRECTION ( 'NONE',  ( 1.000000000000000000, 0.000000000000000000, 0.000000000000000000 ) ) ;
#7749 = EDGE_CURVE ( 'NONE', #6508, #8415, #2276, .T. ) ;
#7750 = CARTESIAN_POINT ( 'NONE',  ( -4.507562964079088630, 8.606885490272359718, 3.049999999999999822 ) ) ;
#7751 = DIRECTION ( 'NONE',  ( 0.000000000000000000, 0.000000000000000000, -1.000000000000000000 ) ) ;
#7752 = CARTESIAN_POINT ( 'NONE',  ( 1.795259589288523250, 6.700000000000001066, 3.049999999999999822 ) ) ;
#7753 = ORIENTED_EDGE ( 'NONE', *, *, #7262, .F. ) ;
#7754 = LINE ( 'NONE', #5098, #4835 ) ;
#7755 = VECTOR ( 'NONE', #8659, 999.9999999999998863 ) ;
#7756 = EDGE_CURVE ( 'NONE', #3216, #2955, #3535, .T. ) ;
#7757 = ORIENTED_EDGE ( 'NONE', *, *, #4151, .F. ) ;
#7758 = EDGE_CURVE ( 'NONE', #66, #2373, #4911, .T. ) ;
#7759 = ORIENTED_EDGE ( 'NONE', *, *, #207, .F. ) ;
#7760 = VECTOR ( 'NONE', #3311, 1000.000000000000000 ) ;
#7761 = ORIENTED_EDGE ( 'NONE', *, *, #5905, .F. ) ;
#7762 = FACE_OUTER_BOUND ( 'NONE', #2539, .T. ) ;
#7763 = DIRECTION ( 'NONE',  ( -0.000000000000000000, -0.000000000000000000, 1.000000000000000000 ) ) ;
#7764 = DIRECTION ( 'NONE',  ( -0.9659258262890688673, -0.2588190451025189631, 0.000000000000000000 ) ) ;
#7765 = CARTESIAN_POINT ( 'NONE',  ( 1.795259589288523250, 6.700000000000001066, -1.000000000000000000 ) ) ;
#7766 = VERTEX_POINT ( 'NONE', #4872 ) ;
#7767 = CARTESIAN_POINT ( 'NONE',  ( 21.59558441227158099, -6.200000000000001954, 3.049999999999999822 ) ) ;
#7768 = EDGE_CURVE ( 'NONE', #6817, #928, #5497, .T. ) ;
#7769 = ORIENTED_EDGE ( 'NONE', *, *, #7907, .F. ) ;
#7770 = LINE ( 'NONE', #1697, #3688 ) ;
#7771 = ORIENTED_EDGE ( 'NONE', *, *, #1887, .F. ) ;
#7772 = EDGE_CURVE ( 'NONE', #3882, #5037, #126, .T. ) ;
#7773 = LINE ( 'NONE', #8449, #6513 ) ;
#7774 = DIRECTION ( 'NONE',  ( -0.000000000000000000, -0.000000000000000000, 1.000000000000000000 ) ) ;
#7775 = LINE ( 'NONE', #5213, #2937 ) ;
#7776 = CARTESIAN_POINT ( 'NONE',  ( 0.000000000000000000, 0.000000000000000000, -2.286000000000000032 ) ) ;
#7777 = FACE_OUTER_BOUND ( 'NONE', #6024, .T. ) ;
#7778 = ORIENTED_EDGE ( 'NONE', *, *, #8195, .F. ) ;
#7779 = EDGE_LOOP ( 'NONE', ( #5484, #3926, #7935, #7612 ) ) ;
#7780 = ORIENTED_EDGE ( 'NONE', *, *, #8044, .F. ) ;
#7781 = VECTOR ( 'NONE', #7060, 1000.000000000000000 ) ;
#7782 = ORIENTED_EDGE ( 'NONE', *, *, #2556, .T. ) ;
#7783 = CARTESIAN_POINT ( 'NONE',  ( 19.04999999999999361, 5.068629150101528147, 3.050999999999999712 ) ) ;
#7784 = EDGE_CURVE ( 'NONE', #8640, #3087, #4244, .T. ) ;
#7785 = DIRECTION ( 'NONE',  ( 0.2588190451025202954, -0.9659258262890684232, 0.000000000000000000 ) ) ;
#7786 = FACE_OUTER_BOUND ( 'NONE', #2580, .T. ) ;
#7787 = CARTESIAN_POINT ( 'NONE',  ( 14.80000000000000071, 0.000000000000000000, -2.286000000000000032 ) ) ;
#7788 = VECTOR ( 'NONE', #772, 1000.000000000000000 ) ;
#7789 = LINE ( 'NONE', #5086, #6854 ) ;
#7790 = VERTEX_POINT ( 'NONE', #7490 ) ;
#7791 = VECTOR ( 'NONE', #417, 1000.000000000000000 ) ;
#7792 = ORIENTED_EDGE ( 'NONE', *, *, #5663, .T. ) ;
#7793 = CIRCLE ( 'NONE', #5411, 3.174999999999999822 ) ;
#7794 = VECTOR ( 'NONE', #3697, 1000.000000000000114 ) ;
#7795 = VERTEX_POINT ( 'NONE', #7539 ) ;
#7796 = DIRECTION ( 'NONE',  ( 0.8660254037844379305, -0.5000000000000011102, 0.000000000000000000 ) ) ;
#7797 = VECTOR ( 'NONE', #6154, 1000.000000000000000 ) ;
#7798 = ADVANCED_FACE ( 'NONE', ( #1503 ), #6825, .F. ) ;
#7799 = DIRECTION ( 'NONE',  ( 0.000000000000000000, 0.000000000000000000, 1.000000000000000000 ) ) ;
#7800 = AXIS2_PLACEMENT_3D ( 'NONE', #7648, #4325, #2958 ) ;
#7801 = CARTESIAN_POINT ( 'NONE',  ( 25.40000000000000568, 0.000000000000000000, 3.049999999999999822 ) ) ;
#7802 = DIRECTION ( 'NONE',  ( 0.2588190451025182415, -0.9659258262890690894, 0.000000000000000000 ) ) ;
#7803 = CARTESIAN_POINT ( 'NONE',  ( 8.207106781186555011, -5.200000000000001954, -2.286000000000000032 ) ) ;
#7804 = ORIENTED_EDGE ( 'NONE', *, *, #2392, .T. ) ;
#7805 = DIRECTION ( 'NONE',  ( 0.000000000000000000, 0.000000000000000000, 1.000000000000000000 ) ) ;
#7806 = CARTESIAN_POINT ( 'NONE',  ( -7.619465416917917899, -2.760042928412748342, 3.050999999999999712 ) ) ;
#7807 = AXIS2_PLACEMENT_3D ( 'NONE', #6664, #8721, #2549 ) ;
#7808 = VECTOR ( 'NONE', #1128, 1000.000000000000000 ) ;
#7809 = ORIENTED_EDGE ( 'NONE', *, *, #927, .F. ) ;
#7810 = ORIENTED_EDGE ( 'NONE', *, *, #5734, .T. ) ;
#7811 = FACE_OUTER_BOUND ( 'NONE', #7717, .T. ) ;
#7812 = CARTESIAN_POINT ( 'NONE',  ( 12.69999999999999929, 0.000000000000000000, -2.286999999999999922 ) ) ;
#7813 = PLANE ( 'NONE',  #7188 ) ;
#7814 = ORIENTED_EDGE ( 'NONE', *, *, #141, .F. ) ;
#7815 = DIRECTION ( 'NONE',  ( 1.000000000000000000, 1.332267629550187849E-14, 0.000000000000000000 ) ) ;
#7816 = EDGE_CURVE ( 'NONE', #2872, #6796, #2045, .T. ) ;
#7817 = EDGE_CURVE ( 'NONE', #8258, #3778, #6124, .T. ) ;
#7818 = VECTOR ( 'NONE', #1046, 1000.000000000000000 ) ;
#7819 = ORIENTED_EDGE ( 'NONE', *, *, #164, .F. ) ;
#7820 = CARTESIAN_POINT ( 'NONE',  ( 4.492893218813454936, 5.200000000000001066, 3.049999999999999822 ) ) ;
#7821 = VERTEX_POINT ( 'NONE', #4786 ) ;
#7822 = CARTESIAN_POINT ( 'NONE',  ( 19.04999999999999361, 5.068629150101528147, -3.049999999999999822 ) ) ;
#7823 = LINE ( 'NONE', #1935, #3424 ) ;
#7824 = DIRECTION ( 'NONE',  ( -1.000000000000000000, 0.000000000000000000, 0.000000000000000000 ) ) ;
#7825 = LINE ( 'NONE', #1040, #167 ) ;
#7826 = AXIS2_PLACEMENT_3D ( 'NONE', #2219, #4921, #6301 ) ;
#7827 = VECTOR ( 'NONE', #7215, 1000.000000000000000 ) ;
#7828 = VECTOR ( 'NONE', #5569, 1000.000000000000000 ) ;
#7829 = CARTESIAN_POINT ( 'NONE',  ( 21.59558441227158099, -6.200000000000001954, 3.049999999999999822 ) ) ;
#7830 = VERTEX_POINT ( 'NONE', #1418 ) ;
#7831 = ORIENTED_EDGE ( 'NONE', *, *, #7318, .F. ) ;
#7832 = ORIENTED_EDGE ( 'NONE', *, *, #2088, .T. ) ;
#7833 = DIRECTION ( 'NONE',  ( 0.9659258262890686453, 0.2588190451025198513, -0.000000000000000000 ) ) ;
#7834 = DIRECTION ( 'NONE',  ( -1.000000000000000000, 0.000000000000000000, 0.000000000000000000 ) ) ;
#7835 = CARTESIAN_POINT ( 'NONE',  ( 8.207106781186547906, 5.200000000000001066, 3.049999999999999822 ) ) ;
#7836 = DIRECTION ( 'NONE',  ( 0.8660254037844352659, -0.5000000000000057732, 0.000000000000000000 ) ) ;
#7837 = LINE ( 'NONE', #1768, #1602 ) ;
#7838 = ORIENTED_EDGE ( 'NONE', *, *, #7527, .F. ) ;
#7839 = VERTEX_POINT ( 'NONE', #747 ) ;
#7840 = LINE ( 'NONE', #6379, #2738 ) ;
#7841 = CARTESIAN_POINT ( 'NONE',  ( 1.045259589288522806, 5.400961894323343060, 1.000000000000000000 ) ) ;
#7842 = LINE ( 'NONE', #1102, #5250 ) ;
#7843 = PLANE ( 'NONE',  #4273 ) ;
#7844 = DIRECTION ( 'NONE',  ( 0.7071067811865472397, -0.7071067811865479058, 0.000000000000000000 ) ) ;
#7845 = EDGE_LOOP ( 'NONE', ( #3323, #190, #5453, #7769, #2376, #7910, #8395, #729, #1274, #2612, #5880, #8014, #519, #4153 ) ) ;
#7846 = VECTOR ( 'NONE', #529, 1000.000000000000000 ) ;
#7847 = PLANE ( 'NONE',  #2136 ) ;
#7848 = LINE ( 'NONE', #1919, #6783 ) ;
#7849 = ADVANCED_FACE ( 'NONE', ( #3460 ), #7738, .F. ) ;
#7850 = ORIENTED_EDGE ( 'NONE', *, *, #5780, .T. ) ;
#7851 = VERTEX_POINT ( 'NONE', #6419 ) ;
#7852 = CARTESIAN_POINT ( 'NONE',  ( 12.69999999999999929, 0.000000000000000000, 2.286000000000000032 ) ) ;
#7853 = CARTESIAN_POINT ( 'NONE',  ( 17.81256313292353610, 5.819669914110092712, -2.286000000000000032 ) ) ;
#7854 = CALENDAR_DATE ( 2022, 6, 6 ) ;
#7855 = ADVANCED_FACE ( 'NONE', ( #8370 ), #5660, .T. ) ;
#7856 = DIRECTION ( 'NONE',  ( -0.000000000000000000, -0.000000000000000000, -1.000000000000000000 ) ) ;
#7857 = ORIENTED_EDGE ( 'NONE', *, *, #5178, .F. ) ;
#7858 = CARTESIAN_POINT ( 'NONE',  ( 0.000000000000000000, 0.000000000000000000, -1.000000000000000000 ) ) ;
#7859 = VERTEX_POINT ( 'NONE', #2248 ) ;
#7860 = LINE ( 'NONE', #4494, #850 ) ;
#7861 = ORIENTED_EDGE ( 'NONE', *, *, #8595, .T. ) ;
#7862 = CARTESIAN_POINT ( 'NONE',  ( -6.394720545526317856, -3.467149709599302909, 2.286000000000000032 ) ) ;
#7863 = DIRECTION ( 'NONE',  ( 0.000000000000000000, 0.000000000000000000, 1.000000000000000000 ) ) ;
#7864 = ADVANCED_FACE ( 'NONE', ( #2382 ), #6369, .F. ) ;
#7865 = FACE_OUTER_BOUND ( 'NONE', #1728, .T. ) ;
#7866 = CARTESIAN_POINT ( 'NONE',  ( 20.18137084989847452, -6.200000000000001954, 3.049999999999999822 ) ) ;
#7867 = DIRECTION ( 'NONE',  ( 0.000000000000000000, 0.000000000000000000, 1.000000000000000000 ) ) ;
#7868 = AXIS2_PLACEMENT_3D ( 'NONE', #7649, #1659, #6289 ) ;
#7869 = ORIENTED_EDGE ( 'NONE', *, *, #3964, .F. ) ;
#7870 = ORIENTED_EDGE ( 'NONE', *, *, #3466, .F. ) ;
#7871 = ADVANCED_FACE ( 'NONE', ( #4425 ), #8500, .F. ) ;
#7872 = EDGE_CURVE ( 'NONE', #2254, #7508, #1764, .T. ) ;
#7873 = VECTOR ( 'NONE', #6110, 1000.000000000000000 ) ;
#7874 = VERTEX_POINT ( 'NONE', #1628 ) ;
#7875 = CARTESIAN_POINT ( 'NONE',  ( -12.51629722257085042, 13.94626355372112947, 12.72085538888886802 ) ) ;
#7876 = CARTESIAN_POINT ( 'NONE',  ( 1.795259589288523250, 5.200000000000001066, -1.000000000000000000 ) ) ;
#7877 = LINE ( 'NONE', #4465, #7651 ) ;
#7878 = CARTESIAN_POINT ( 'NONE',  ( -1.138921523207039166E-15, -6.200000000000003730, 1.000000000000000000 ) ) ;
#7879 = VECTOR ( 'NONE', #686, 1000.000000000000000 ) ;
#7880 = ADVANCED_FACE ( 'NONE', ( #5792 ), #6293, .T. ) ;
#7881 = ORIENTED_EDGE ( 'NONE', *, *, #6832, .T. ) ;
#7882 = ORIENTED_EDGE ( 'NONE', *, *, #8398, .F. ) ;
#7883 = CARTESIAN_POINT ( 'NONE',  ( 1.863497014787709904, -2.570603795974263583, -1.000000000000000000 ) ) ;
#7884 = LINE ( 'NONE', #1864, #1741 ) ;
#7885 = AXIS2_PLACEMENT_3D ( 'NONE', #6504, #3283, #1092 ) ;
#7886 = DIRECTION ( 'NONE',  ( 0.000000000000000000, 0.000000000000000000, 1.000000000000000000 ) ) ;
#7887 = EDGE_CURVE ( 'NONE', #1538, #7698, #1047, .T. ) ;
#7888 = LINE ( 'NONE', #2001, #1948 ) ;
#7889 = CARTESIAN_POINT ( 'NONE',  ( -21.99704525612473915, 12.70000000000000462, 2.286000000000000032 ) ) ;
#7890 = CARTESIAN_POINT ( 'NONE',  ( 21.59558441227158099, -6.200000000000001954, 3.049999999999999822 ) ) ;
#7891 = LINE ( 'NONE', #5948, #8143 ) ;
#7892 = ORIENTED_EDGE ( 'NONE', *, *, #1069, .T. ) ;
#7893 = LINE ( 'NONE', #1822, #2277 ) ;
#7894 = DIRECTION ( 'NONE',  ( 0.000000000000000000, 0.000000000000000000, 1.000000000000000000 ) ) ;
#7895 = CIRCLE ( 'NONE', #5061, 5.199999999999985967 ) ;
#7896 = VERTEX_POINT ( 'NONE', #7700 ) ;
#7897 = VERTEX_POINT ( 'NONE', #2925 ) ;
#7898 = DIRECTION ( 'NONE',  ( 0.000000000000000000, 0.000000000000000000, 1.000000000000000000 ) ) ;
#7899 = ADVANCED_FACE ( 'NONE', ( #1716 ), #2432, .F. ) ;
#7900 = AXIS2_PLACEMENT_3D ( 'NONE', #2591, #3299, #6657 ) ;
#7901 = DIRECTION ( 'NONE',  ( -0.000000000000000000, -0.000000000000000000, -1.000000000000000000 ) ) ;
#7902 = COORDINATED_UNIVERSAL_TIME_OFFSET ( 6, 0, .BEHIND. ) ;
#7903 = DIRECTION ( 'NONE',  ( 0.2588190451025189631, -0.9659258262890688673, 0.000000000000000000 ) ) ;
#7904 = ORIENTED_EDGE ( 'NONE', *, *, #8469, .T. ) ;
#7905 = FACE_OUTER_BOUND ( 'NONE', #3806, .T. ) ;
#7906 = AXIS2_PLACEMENT_3D ( 'NONE', #2820, #5518, #8216 ) ;
#7907 = EDGE_CURVE ( 'NONE', #2955, #331, #6987, .T. ) ;
#7908 = ORIENTED_EDGE ( 'NONE', *, *, #141, .T. ) ;
#7909 = CARTESIAN_POINT ( 'NONE',  ( 2.704163456597991733, -0.5000000000000000000, 12.74539167476553381 ) ) ;
#7910 = ORIENTED_EDGE ( 'NONE', *, *, #2763, .T. ) ;
#7911 = CARTESIAN_POINT ( 'NONE',  ( -14.37757983920680971, 15.46004292841277028, 3.050999999999999712 ) ) ;
#7912 = CARTESIAN_POINT ( 'NONE',  ( 20.18137084989847452, -6.200000000000001066, -3.049999999999999822 ) ) ;
#7913 = DIRECTION ( 'NONE',  ( -0.7071067811865470176, 0.7071067811865481278, 0.000000000000000000 ) ) ;
#7914 = VECTOR ( 'NONE', #6661, 1000.000000000000000 ) ;
#7915 = DIRECTION ( 'NONE',  ( 0.000000000000000000, -0.000000000000000000, 1.000000000000000000 ) ) ;
#7916 = VERTEX_POINT ( 'NONE', #4335 ) ;
#7917 = ORIENTED_EDGE ( 'NONE', *, *, #693, .T. ) ;
#7918 = DIRECTION ( 'NONE',  ( 1.000000000000000000, 0.000000000000000000, 0.000000000000000000 ) ) ;
#7919 = ORIENTED_EDGE ( 'NONE', *, *, #2303, .T. ) ;
#7920 = LINE ( 'NONE', #5883, #2865 ) ;
#7921 = DIRECTION ( 'NONE',  ( -0.000000000000000000, -0.000000000000000000, -1.000000000000000000 ) ) ;
#7922 = PLANE ( 'NONE',  #6067 ) ;
#7923 = LINE ( 'NONE', #3332, #4129 ) ;
#7924 = DIRECTION ( 'NONE',  ( 0.9659258262890688673, 0.2588190451025186301, -0.000000000000000000 ) ) ;
#7925 = ORIENTED_EDGE ( 'NONE', *, *, #3914, .F. ) ;
#7926 = VECTOR ( 'NONE', #5051, 1000.000000000000000 ) ;
#7927 = EDGE_CURVE ( 'NONE', #6785, #1760, #5620, .T. ) ;
#7928 = EDGE_LOOP ( 'NONE', ( #1956, #3962, #3906, #7819 ) ) ;
#7929 = ORIENTED_EDGE ( 'NONE', *, *, #1499, .T. ) ;
#7930 = DIRECTION ( 'NONE',  ( 0.7071067811865503483, 0.7071067811865446862, 0.000000000000000000 ) ) ;
#7931 = DIRECTION ( 'NONE',  ( 0.7071067811865475727, 0.7071067811865474617, -0.000000000000000000 ) ) ;
#7932 = CARTESIAN_POINT ( 'NONE',  ( 23.53650298521228734, -2.570603795974263583, 2.286000000000000032 ) ) ;
#7933 = AXIS2_PLACEMENT_3D ( 'NONE', #757, #1476, #2056 ) ;
#7934 = CARTESIAN_POINT ( 'NONE',  ( -10.99852262806236958, 6.350000000000002309, 2.286000000000000032 ) ) ;
#7935 = ORIENTED_EDGE ( 'NONE', *, *, #3411, .T. ) ;
#7936 = AXIS2_PLACEMENT_3D ( 'NONE', #375, #2337, #4463 ) ;
#7937 = CARTESIAN_POINT ( 'NONE',  ( 12.69999999999999929, 0.000000000000000000, -2.286000000000000032 ) ) ;
#7938 = LINE ( 'NONE', #574, #7484 ) ;
#7939 = CARTESIAN_POINT ( 'NONE',  ( 0.000000000000000000, 0.000000000000000000, 2.286000000000000032 ) ) ;
#7940 = ORIENTED_EDGE ( 'NONE', *, *, #5079, .T. ) ;
#7941 = DIRECTION ( 'NONE',  ( -0.000000000000000000, -0.000000000000000000, -1.000000000000000000 ) ) ;
#7942 = EDGE_CURVE ( 'NONE', #3525, #2222, #7027, .T. ) ;
#7943 = CARTESIAN_POINT ( 'NONE',  ( 25.39999999999999858, 0.000000000000000000, 1.000000000000000000 ) ) ;
#7944 = EDGE_CURVE ( 'NONE', #625, #5531, #954, .T. ) ;
#7945 = VECTOR ( 'NONE', #7836, 1000.000000000000114 ) ;
#7946 = VECTOR ( 'NONE', #3635, 1000.000000000000000 ) ;
#7947 = AXIS2_PLACEMENT_3D ( 'NONE', #6980, #1658, #6323 ) ;
#7948 = ORIENTED_EDGE ( 'NONE', *, *, #380, .F. ) ;
#7949 = ORIENTED_EDGE ( 'NONE', *, *, #6515, .T. ) ;
#7950 = CARTESIAN_POINT ( 'NONE',  ( 25.40000000000000213, 5.200000000000001066, -3.049999999999999822 ) ) ;
#7951 = CARTESIAN_POINT ( 'NONE',  ( 14.80000000000000071, 0.000000000000000000, -2.286999999999999922 ) ) ;
#7952 = APPROVAL_ROLE ( '' ) ;
#7953 = LINE ( 'NONE', #492, #7250 ) ;
#7954 = ORIENTED_EDGE ( 'NONE', *, *, #1685, .F. ) ;
#7955 = VECTOR ( 'NONE', #1943, 1000.000000000000000 ) ;
#7956 = DIRECTION ( 'NONE',  ( -1.000000000000000000, 0.000000000000000000, 0.000000000000000000 ) ) ;
#7957 = EDGE_CURVE ( 'NONE', #7613, #3053, #1667, .T. ) ;
#7958 = VECTOR ( 'NONE', #5865, 999.9999999999998863 ) ;
#7959 = AXIS2_PLACEMENT_3D ( 'NONE', #5188, #1157, #1295 ) ;
#7960 = CARTESIAN_POINT ( 'NONE',  ( 19.04999999999999361, -5.068629150101528147, 3.049999999999999822 ) ) ;
#7961 = ORIENTED_EDGE ( 'NONE', *, *, #8022, .F. ) ;
#7962 = CARTESIAN_POINT ( 'NONE',  ( -19.03209851714430556, 5.135438393649766731, 3.049999999999999822 ) ) ;
#7963 = CARTESIAN_POINT ( 'NONE',  ( 20.90710678118654542, 5.200000000000001066, 3.049999999999999822 ) ) ;
#7964 = CARTESIAN_POINT ( 'NONE',  ( -20.43629930681396800, 5.794460106456734927, 2.286000000000000032 ) ) ;
#7965 = CARTESIAN_POINT ( 'NONE',  ( -21.99704525612473915, 12.70000000000000462, 1.000000000000000000 ) ) ;
#7966 = EDGE_CURVE ( 'NONE', #316, #2945, #5041, .T. ) ;
#7967 = AXIS2_PLACEMENT_3D ( 'NONE', #4880, #6427, #259 ) ;
#7968 = EDGE_CURVE ( 'NONE', #4391, #507, #998, .T. ) ;
#7969 = EDGE_LOOP ( 'NONE', ( #3176, #8593, #5275, #1042 ) ) ;
#7970 = ORIENTED_EDGE ( 'NONE', *, *, #4886, .T. ) ;
#7971 = DIRECTION ( 'NONE',  ( -0.000000000000000000, -0.000000000000000000, -1.000000000000000000 ) ) ;
#7972 = ORIENTED_EDGE ( 'NONE', *, *, #5635, .F. ) ;
#7974 = AXIS2_PLACEMENT_3D ( 'NONE', #6570, #7990, #1297 ) ;
#7973 = DIRECTION ( 'NONE',  ( 0.000000000000000000, -0.000000000000000000, -1.000000000000000000 ) ) ;
#7975 = DIRECTION ( 'NONE',  ( -0.7071067811865474617, -0.7071067811865475727, 0.000000000000000000 ) ) ;
#7976 = FACE_OUTER_BOUND ( 'NONE', #3795, .T. ) ;
#7977 = DIRECTION ( 'NONE',  ( 0.000000000000000000, 0.000000000000000000, 1.000000000000000000 ) ) ;
#7978 = LINE ( 'NONE', #6506, #186 ) ;
#7979 = EDGE_LOOP ( 'NONE', ( #6547, #6152, #1305, #2529 ) ) ;
#7980 = ORIENTED_EDGE ( 'NONE', *, *, #6162, .T. ) ;
#7981 = ORIENTED_EDGE ( 'NONE', *, *, #3588, .T. ) ;
#7982 = CARTESIAN_POINT ( 'NONE',  ( 6.350000000000004974, -5.068629150101528147, 3.050999999999999712 ) ) ;
#7983 = AXIS2_PLACEMENT_3D ( 'NONE', #217, #379, #3103 ) ;
#7984 = CARTESIAN_POINT ( 'NONE',  ( 23.84142107299598123, 2.265685708190568359, -2.286000000000000032 ) ) ;
#7985 = DIRECTION ( 'NONE',  ( -1.000000000000000000, -2.973809054735657095E-17, 0.000000000000000000 ) ) ;
#7986 = DIRECTION ( 'NONE',  ( 0.000000000000000000, 0.000000000000000000, 1.000000000000000000 ) ) ;
#7987 = ORIENTED_EDGE ( 'NONE', *, *, #3803, .T. ) ;
#7988 = LINE ( 'NONE', #1870, #5117 ) ;
#7989 = DIRECTION ( 'NONE',  ( -0.000000000000000000, -0.000000000000000000, -1.000000000000000000 ) ) ;
#7990 = DIRECTION ( 'NONE',  ( -3.414809992080329023E-17, 1.000000000000000000, 0.000000000000000000 ) ) ;
#7991 = ORIENTED_EDGE ( 'NONE', *, *, #7092, .T. ) ;
#7992 = LINE ( 'NONE', #5301, #2582 ) ;
#7993 = DIRECTION ( 'NONE',  ( 1.000000000000000000, 0.000000000000000000, 0.000000000000000000 ) ) ;
#7994 = ORIENTED_EDGE ( 'NONE', *, *, #753, .T. ) ;
#7995 = VERTEX_POINT ( 'NONE', #5747 ) ;
#7996 = CARTESIAN_POINT ( 'NONE',  ( 10.12939620402573837, 1.863497014787714123, 1.000000000000000000 ) ) ;
#7997 = AXIS2_PLACEMENT_3D ( 'NONE', #5242, #7231, #6616 ) ;
#7998 = DIRECTION ( 'NONE',  ( -0.000000000000000000, -0.000000000000000000, -1.000000000000000000 ) ) ;
#7999 = PERSON_AND_ORGANIZATION_ROLE ( 'classification_officer' ) ;
#8000 = FACE_BOUND ( 'NONE', #951, .T. ) ;
#8001 = CARTESIAN_POINT ( 'NONE',  ( 10.83650298521228450, 2.570603795974261363, -2.286000000000000032 ) ) ;
#8002 = VERTEX_POINT ( 'NONE', #8459 ) ;
#8003 = EDGE_CURVE ( 'NONE', #6168, #3580, #5327, .T. ) ;
#8004 = PLANE ( 'NONE',  #5403 ) ;
#8005 = ORIENTED_EDGE ( 'NONE', *, *, #3086, .T. ) ;
#8006 = DIRECTION ( 'NONE',  ( -1.000000000000000000, 0.000000000000000000, 0.000000000000000000 ) ) ;
#8007 = DIRECTION ( 'NONE',  ( 0.2588190451025194072, -0.9659258262890686453, 0.000000000000000000 ) ) ;
#8008 = EDGE_CURVE ( 'NONE', #317, #2734, #5175, .T. ) ;
#8009 = EDGE_LOOP ( 'NONE', ( #7021, #8123, #5030, #4751 ) ) ;
#8010 = LINE ( 'NONE', #1230, #2204 ) ;
#8011 = ORIENTED_EDGE ( 'NONE', *, *, #8330, .F. ) ;
#8012 = ORIENTED_EDGE ( 'NONE', *, *, #1737, .F. ) ;
#8013 = CARTESIAN_POINT ( 'NONE',  ( -1.071777497566936521, 5.931779727907005473, -1.000000000000000000 ) ) ;
#8014 = ORIENTED_EDGE ( 'NONE', *, *, #2886, .F. ) ;
#8015 = CYLINDRICAL_SURFACE ( 'NONE', #5548, 3.175000000000004263 ) ;
#8016 = DIRECTION ( 'NONE',  ( 0.000000000000000000, 0.000000000000000000, 1.000000000000000000 ) ) ;
#8017 = EDGE_CURVE ( 'NONE', #8156, #2739, #2624, .T. ) ;
#8018 = DIRECTION ( 'NONE',  ( 1.000000000000000000, 0.000000000000000000, 0.000000000000000000 ) ) ;
#8019 = CARTESIAN_POINT ( 'NONE',  ( 25.39999999999999858, 0.000000000000000000, -2.286000000000000032 ) ) ;
#8020 = ORIENTED_EDGE ( 'NONE', *, *, #616, .F. ) ;
#8021 = EDGE_CURVE ( 'NONE', #4442, #7508, #6552, .T. ) ;
#8022 = EDGE_CURVE ( 'NONE', #6994, #2934, #4694, .T. ) ;
#8023 = VERTEX_POINT ( 'NONE', #4651 ) ;
#8024 = CARTESIAN_POINT ( 'NONE',  ( -9.707562964079105683, -0.3997787090857587988, 3.049999999999999822 ) ) ;
#8025 = DIRECTION ( 'NONE',  ( 0.000000000000000000, 0.000000000000000000, 1.000000000000000000 ) ) ;
#8026 = DIRECTION ( 'NONE',  ( -0.000000000000000000, -0.000000000000000000, -1.000000000000000000 ) ) ;
#8027 = ORIENTED_EDGE ( 'NONE', *, *, #4724, .F. ) ;
#8028 = CARTESIAN_POINT ( 'NONE',  ( -21.80232471059842325, 5.428434702672293888, 3.049999999999999822 ) ) ;
#8029 = CARTESIAN_POINT ( 'NONE',  ( 25.39999999999999858, 0.000000000000000000, 2.286000000000000032 ) ) ;
#8030 = DIRECTION ( 'NONE',  ( -0.000000000000000000, -0.000000000000000000, -1.000000000000000000 ) ) ;
#8031 = ORIENTED_EDGE ( 'NONE', *, *, #3642, .F. ) ;
#8032 = CARTESIAN_POINT ( 'NONE',  ( -27.19704525612472068, 12.70000000000003659, -1.000000000000000000 ) ) ;
#8033 = CARTESIAN_POINT ( 'NONE',  ( -14.67057614822933687, 12.68981673495868101, 2.286000000000000032 ) ) ;
#8034 = VECTOR ( 'NONE', #3226, 1000.000000000000000 ) ;
#8035 = EDGE_CURVE ( 'NONE', #5831, #5172, #8667, .T. ) ;
#8036 = VERTEX_POINT ( 'NONE', #1804 ) ;
#8037 = ORIENTED_EDGE ( 'NONE', *, *, #8361, .F. ) ;
#8038 = LINE ( 'NONE', #5862, #6531 ) ;
#8039 = FACE_OUTER_BOUND ( 'NONE', #7596, .T. ) ;
#8040 = CARTESIAN_POINT ( 'NONE',  ( -21.99704525612466810, 12.70000000000014673, -3.049999999999999822 ) ) ;
#8041 = ORIENTED_EDGE ( 'NONE', *, *, #441, .T. ) ;
#8042 = CYLINDRICAL_SURFACE ( 'NONE', #722, 6.200000000000001066 ) ;
#8043 = EDGE_CURVE ( 'NONE', #6956, #8751, #8061, .T. ) ;
#8044 = EDGE_CURVE ( 'NONE', #2456, #595, #3985, .T. ) ;
#8045 = ORIENTED_EDGE ( 'NONE', *, *, #2381, .F. ) ;
#8046 = VECTOR ( 'NONE', #8207, 1000.000000000000000 ) ;
#8047 = CARTESIAN_POINT ( 'NONE',  ( 19.05000000000001137, -3.654415587728429671, -3.049999999999999822 ) ) ;
#8048 = ORIENTED_EDGE ( 'NONE', *, *, #7194, .F. ) ;
#8049 = FACE_OUTER_BOUND ( 'NONE', #8582, .T. ) ;
#8050 = CARTESIAN_POINT ( 'NONE',  ( 1.795259589288524582, 5.200000000000001066, 3.049999999999999822 ) ) ;
#8051 = CARTESIAN_POINT ( 'NONE',  ( -18.59478618178347276, 4.832225405491517023, 2.286000000000000032 ) ) ;
#8052 = ORIENTED_EDGE ( 'NONE', *, *, #8022, .T. ) ;
#8053 = DIRECTION ( 'NONE',  ( -0.7071067811865474617, 0.7071067811865475727, 0.000000000000000000 ) ) ;
#8054 = EDGE_CURVE ( 'NONE', #7500, #5312, #511, .T. ) ;
#8055 = EDGE_CURVE ( 'NONE', #7278, #8124, #7357, .T. ) ;
#8056 = ORIENTED_EDGE ( 'NONE', *, *, #730, .T. ) ;
#8057 = ORIENTED_EDGE ( 'NONE', *, *, #7197, .F. ) ;
#8058 = CARTESIAN_POINT ( 'NONE',  ( 17.30118318523751597, -8.805923595949018079, 1.000000000000000000 ) ) ;
#8059 = VECTOR ( 'NONE', #8574, 1000.000000000000114 ) ;
#8060 = CARTESIAN_POINT ( 'NONE',  ( 15.27060379597426021, -1.863497014787716788, 2.286000000000000032 ) ) ;
#8061 = LINE ( 'NONE', #3330, #2012 ) ;
#8062 = DIRECTION ( 'NONE',  ( 0.7071067811865503483, -0.7071067811865446862, 0.000000000000000000 ) ) ;
#8063 = CARTESIAN_POINT ( 'NONE',  ( 12.69999999999999929, 0.000000000000000000, -2.286000000000000032 ) ) ;
#8064 = ORIENTED_EDGE ( 'NONE', *, *, #2813, .T. ) ;
#8065 = ADVANCED_FACE ( 'NONE', ( #6694 ), #6600, .F. ) ;
#8066 = CARTESIAN_POINT ( 'NONE',  ( 19.04999999999999361, 5.068629150101528147, 3.050999999999999712 ) ) ;
#8067 = CARTESIAN_POINT ( 'NONE',  ( -3.282818092687498801, 7.899778709085810924, -1.000000000000000000 ) ) ;
#8068 = CARTESIAN_POINT ( 'NONE',  ( 17.19289321881344890, -5.200000000000001066, 3.049999999999999822 ) ) ;
#8069 = CARTESIAN_POINT ( 'NONE',  ( 1.795259589288523250, 6.700000000000001066, 1.000000000000000000 ) ) ;
#8070 = EDGE_LOOP ( 'NONE', ( #7544, #2974, #8208, #4601, #5447, #1860 ) ) ;
#8071 = DIRECTION ( 'NONE',  ( 0.000000000000000000, 0.000000000000000000, 1.000000000000000000 ) ) ;
#8072 = LINE ( 'NONE', #5298, #1023 ) ;
#8073 = ORIENTED_EDGE ( 'NONE', *, *, #7078, .T. ) ;
#8074 = EDGE_CURVE ( 'NONE', #268, #7560, #6031, .T. ) ;
#8075 = PLANE ( 'NONE',  #7056 ) ;
#8076 = ADVANCED_FACE ( 'NONE', ( #5368 ), #3799, .F. ) ;
#8077 = ORIENTED_EDGE ( 'NONE', *, *, #5141, .F. ) ;
#8078 = ORIENTED_EDGE ( 'NONE', *, *, #445, .F. ) ;
#8079 = LINE ( 'NONE', #7950, #32 ) ;
#8080 = AXIS2_PLACEMENT_3D ( 'NONE', #945, #5698, #5612 ) ;
#8081 = CARTESIAN_POINT ( 'NONE',  ( -14.15647932583464730, 6.021466143304517793, -2.286000000000000032 ) ) ;
#8082 = DIRECTION ( 'NONE',  ( 1.000000000000000000, 0.000000000000000000, -0.000000000000000000 ) ) ;
#8083 = DIRECTION ( 'NONE',  ( 0.000000000000000000, 0.000000000000000000, -1.000000000000000000 ) ) ;
#8084 = AXIS2_PLACEMENT_3D ( 'NONE', #8326, #2250, #8598 ) ;
#8085 = VECTOR ( 'NONE', #1553, 1000.000000000000000 ) ;
#8086 = AXIS2_PLACEMENT_3D ( 'NONE', #1342, #5897, #7985 ) ;
#8087 = ORIENTED_EDGE ( 'NONE', *, *, #762, .F. ) ;
#8088 = EDGE_LOOP ( 'NONE', ( #5220, #8456, #2227, #4002 ) ) ;
#8089 = AXIS2_PLACEMENT_3D ( 'NONE', #7246, #450, #1074 ) ;
#8090 = LINE ( 'NONE', #7437, #1134 ) ;
#8091 = CIRCLE ( 'NONE', #296, 3.175000000000000711 ) ;
#8092 = ADVANCED_FACE ( 'NONE', ( #5884 ), #6503, .T. ) ;
#8093 = VECTOR ( 'NONE', #7526, 1000.000000000000000 ) ;
#8094 = LINE ( 'NONE', #7515, #5829 ) ;
#8095 = LINE ( 'NONE', #2030, #5272 ) ;
#8096 = ORIENTED_EDGE ( 'NONE', *, *, #2142, .T. ) ;
#8097 = DIRECTION ( 'NONE',  ( -0.000000000000000000, -0.000000000000000000, -1.000000000000000000 ) ) ;
#8098 = EDGE_CURVE ( 'NONE', #905, #5839, #5844, .T. ) ;
#8099 = VECTOR ( 'NONE', #7044, 1000.000000000000000 ) ;
#8100 = VECTOR ( 'NONE', #7243, 1000.000000000000000 ) ;
#8101 = VECTOR ( 'NONE', #923, 1000.000000000000000 ) ;
#8102 = VECTOR ( 'NONE', #4025, 1000.000000000000000 ) ;
#8103 = ORIENTED_EDGE ( 'NONE', *, *, #2237, .T. ) ;
#8104 = DIRECTION ( 'NONE',  ( 0.000000000000000000, 0.000000000000000000, 1.000000000000000000 ) ) ;
#8105 = DIRECTION ( 'NONE',  ( 0.7071067811865473507, -0.7071067811865477948, 0.000000000000000000 ) ) ;
#8106 = EDGE_CURVE ( 'NONE', #133, #6956, #2138, .T. ) ;
#8107 = CARTESIAN_POINT ( 'NONE',  ( 10.43431429180943404, -1.558578927004022674, 12.74539167476553381 ) ) ;
#8108 = AXIS2_PLACEMENT_3D ( 'NONE', #1552, #4257, #3385 ) ;
#8109 = CARTESIAN_POINT ( 'NONE',  ( 0.000000000000000000, 0.000000000000000000, 2.286000000000000032 ) ) ;
#8110 = CC_DESIGN_APPROVAL ( #7688, ( #8525 ) ) ;
#8111 = EDGE_LOOP ( 'NONE', ( #4906, #1625, #7320, #8391 ) ) ;
#8112 = LINE ( 'NONE', #7488, #8245 ) ;
#8113 = DIRECTION ( 'NONE',  ( 1.000000000000000000, 8.881784197001254296E-16, 0.000000000000000000 ) ) ;
#8114 = DIRECTION ( 'NONE',  ( -0.9659258262890686453, -0.2588190451025196293, 0.000000000000000000 ) ) ;
#8115 = CARTESIAN_POINT ( 'NONE',  ( 20.90710678118654542, -5.200000000000001066, 2.286000000000000032 ) ) ;
#8116 = CARTESIAN_POINT ( 'NONE',  ( 1.795259589288523250, 6.700000000000001066, 1.000000000000000000 ) ) ;
#8117 = DIRECTION ( 'NONE',  ( 0.000000000000000000, 0.000000000000000000, -1.000000000000000000 ) ) ;
#8118 = EDGE_CURVE ( 'NONE', #3243, #6223, #7272, .T. ) ;
#8119 = DIRECTION ( 'NONE',  ( -1.000000000000000000, -3.414809992080329023E-17, 0.000000000000000000 ) ) ;
#8120 = ORIENTED_EDGE ( 'NONE', *, *, #2294, .T. ) ;
#8121 = VECTOR ( 'NONE', #4510, 999.9999999999998863 ) ;
#8122 = CARTESIAN_POINT ( 'NONE',  ( -1.492273636064717968, 7.501092681167252252, 12.72085538888886802 ) ) ;
#8123 = ORIENTED_EDGE ( 'NONE', *, *, #2701, .T. ) ;
#8124 = VERTEX_POINT ( 'NONE', #8643 ) ;
#8125 = FACE_OUTER_BOUND ( 'NONE', #1298, .T. ) ;
#8126 = CARTESIAN_POINT ( 'NONE',  ( -4.154740410711463383, -3.605702305034792943, 1.000000000000000000 ) ) ;
#8127 = DIRECTION ( 'NONE',  ( 1.000000000000000000, 0.000000000000000000, -0.000000000000000000 ) ) ;
#8128 = ORIENTED_EDGE ( 'NONE', *, *, #8074, .T. ) ;
#8129 = EDGE_CURVE ( 'NONE', #2456, #7014, #2571, .T. ) ;
#8130 = DIRECTION ( 'NONE',  ( 0.7071067811865479058, 0.7071067811865471286, 0.000000000000000000 ) ) ;
#8131 = ORIENTED_EDGE ( 'NONE', *, *, #7966, .F. ) ;
#8132 = ORIENTED_EDGE ( 'NONE', *, *, #4344, .T. ) ;
#8133 = EDGE_CURVE ( 'NONE', #7153, #2543, #3282, .T. ) ;
#8134 = LINE ( 'NONE', #7471, #1130 ) ;
#8135 = LINE ( 'NONE', #682, #5980 ) ;
#8136 = LINE ( 'NONE', #1448, #8676 ) ;
#8137 = ORIENTED_EDGE ( 'NONE', *, *, #6976, .F. ) ;
#8138 = CARTESIAN_POINT ( 'NONE',  ( -19.53172414251771372, 10.69929592223052239, -2.286000000000000032 ) ) ;
#8139 = ORIENTED_EDGE ( 'NONE', *, *, #6291, .T. ) ;
#8140 = CARTESIAN_POINT ( 'NONE',  ( 5.907106781186544531, 5.200000000000000178, -2.286000000000000032 ) ) ;
#8141 = ADVANCED_FACE ( 'NONE', ( #6814 ), #8228, .F. ) ;
#8142 = CARTESIAN_POINT ( 'NONE',  ( 18.05576118445748790, -4.648654403270951363, 2.286000000000000032 ) ) ;
#8143 = VECTOR ( 'NONE', #6003, 1000.000000000000000 ) ;
#8144 = CARTESIAN_POINT ( 'NONE',  ( 23.53650298521228379, -2.570603795974263583, 2.286000000000000032 ) ) ;
#8145 = DIRECTION ( 'NONE',  ( -0.000000000000000000, -0.000000000000000000, -1.000000000000000000 ) ) ;
#8146 = ORIENTED_EDGE ( 'NONE', *, *, #3760, .T. ) ;
#8147 = ADVANCED_FACE ( 'NONE', ( #1411 ), #6734, .F. ) ;
#8148 = ADVANCED_FACE ( 'NONE', ( #815 ), #4903, .T. ) ;
#8149 = EDGE_LOOP ( 'NONE', ( #4094, #8724, #6086, #3750 ) ) ;
#8150 = DIRECTION ( 'NONE',  ( 0.8660254037844385966, -0.5000000000000000000, 0.000000000000000000 ) ) ;
#8151 = FACE_OUTER_BOUND ( 'NONE', #8257, .T. ) ;
#8152 = CARTESIAN_POINT ( 'NONE',  ( -15.50608559214147064, 14.95688549027236647, 3.049999999999999822 ) ) ;
#8153 = DIRECTION ( 'NONE',  ( -1.000000000000000000, 0.000000000000000000, 0.000000000000000000 ) ) ;
#8154 = LINE ( 'NONE', #6127, #3010 ) ;
#8155 = CARTESIAN_POINT ( 'NONE',  ( 25.39999999999999858, 0.000000000000000000, 2.286000000000000032 ) ) ;
#8156 = VERTEX_POINT ( 'NONE', #3490 ) ;
#8157 = CARTESIAN_POINT ( 'NONE',  ( 1.045259589288517699, 5.400961894323345724, -3.049999999999999822 ) ) ;
#8158 = AXIS2_PLACEMENT_3D ( 'NONE', #2422, #2474, #1186 ) ;
#8159 = ADVANCED_FACE ( 'NONE', ( #1373 ), #5577, .F. ) ;
#8160 = VERTEX_POINT ( 'NONE', #738 ) ;
#8161 = EDGE_CURVE ( 'NONE', #5116, #2077, #2830, .T. ) ;
#8162 = EDGE_LOOP ( 'NONE', ( #4852, #4053, #7771, #3515 ) ) ;
#8163 = DIRECTION ( 'NONE',  ( -0.7071067811865479058, -0.7071067811865472397, 0.000000000000000000 ) ) ;
#8164 = VECTOR ( 'NONE', #6597, 999.9999999999998863 ) ;
#8165 = DIRECTION ( 'NONE',  ( -0.2588190451025195737, 0.9659258262890686453, 0.000000000000000000 ) ) ;
#8166 = LINE ( 'NONE', #3312, #6767 ) ;
#8167 = ORIENTED_EDGE ( 'NONE', *, *, #7511, .F. ) ;
#8168 = LINE ( 'NONE', #8209, #579 ) ;
#8169 = VECTOR ( 'NONE', #2047, 1000.000000000000000 ) ;
#8170 = ORIENTED_EDGE ( 'NONE', *, *, #6737, .T. ) ;
#8171 = EDGE_LOOP ( 'NONE', ( #7665, #4684, #3185, #6308 ) ) ;
#8172 = EDGE_CURVE ( 'NONE', #6785, #5445, #2705, .T. ) ;
#8173 = ORIENTED_EDGE ( 'NONE', *, *, #2722, .T. ) ;
#8174 = CARTESIAN_POINT ( 'NONE',  ( 23.53650298521228734, 2.570603795974263583, 2.286000000000000032 ) ) ;
#8175 = AXIS2_PLACEMENT_3D ( 'NONE', #6196, #816, #6238 ) ;
#8176 = CARTESIAN_POINT ( 'NONE',  ( -12.18137454484471149, 8.832611798683867477, 12.72085538888886802 ) ) ;
#8177 = DIRECTION ( 'NONE',  ( 0.000000000000000000, 0.000000000000000000, 1.000000000000000000 ) ) ;
#8178 = DIRECTION ( 'NONE',  ( 0.000000000000000000, -1.000000000000000000, 0.000000000000000000 ) ) ;
#8179 = ORIENTED_EDGE ( 'NONE', *, *, #1499, .F. ) ;
#8180 = ADVANCED_FACE ( 'NONE', ( #1495 ), #4034, .F. ) ;
#8181 = EDGE_CURVE ( 'NONE', #6941, #820, #4117, .T. ) ;
#8182 = VECTOR ( 'NONE', #6174, 1000.000000000000000 ) ;
#8183 = EDGE_LOOP ( 'NONE', ( #4515, #6969, #1136, #1098 ) ) ;
#8184 = DIRECTION ( 'NONE',  ( -1.000000000000000000, 0.000000000000000000, 0.000000000000000000 ) ) ;
#8185 = CARTESIAN_POINT ( 'NONE',  ( -9.552245033349360489E-16, -5.200000000000001954, -3.049999999999999822 ) ) ;
#8186 = CARTESIAN_POINT ( 'NONE',  ( -9.437776678751570003, -0.5555398935432800389, 3.049999999999999822 ) ) ;
#8187 = CARTESIAN_POINT ( 'NONE',  ( -14.17352262806237029, 6.350000000000002309, 2.286000000000000032 ) ) ;
#8188 = ORIENTED_EDGE ( 'NONE', *, *, #2491, .F. ) ;
#8189 = CIRCLE ( 'NONE', #7355, 3.174999999999999822 ) ;
#8190 = EDGE_LOOP ( 'NONE', ( #7339, #2698, #7161, #4300 ) ) ;
#8191 = CARTESIAN_POINT ( 'NONE',  ( -2.465321113607005010, 2.000704077769502209, 1.000000000000000000 ) ) ;
#8192 = DIRECTION ( 'NONE',  ( 1.000000000000000000, 0.000000000000000000, 0.000000000000000000 ) ) ;
#8193 = DIRECTION ( 'NONE',  ( -0.000000000000000000, -0.000000000000000000, -1.000000000000000000 ) ) ;
#8194 = DIRECTION ( 'NONE',  ( 0.2588190451025188521, -0.9659258262890688673, 0.000000000000000000 ) ) ;
#8195 = EDGE_CURVE ( 'NONE', #8770, #3649, #162, .T. ) ;
#8196 = PLANE ( 'NONE',  #34 ) ;
#8197 = VECTOR ( 'NONE', #7290, 1000.000000000000114 ) ;
#8198 = LINE ( 'NONE', #3464, #1187 ) ;
#8199 = ORIENTED_EDGE ( 'NONE', *, *, #4945, .T. ) ;
#8200 = ADVANCED_FACE ( 'NONE', ( #6858 ), #8781, .T. ) ;
#8201 = ORIENTED_EDGE ( 'NONE', *, *, #7710, .T. ) ;
#8202 = ORIENTED_EDGE ( 'NONE', *, *, #1052, .F. ) ;
#8203 = CYLINDRICAL_SURFACE ( 'NONE', #7261, 6.200000000000003730 ) ;
#8204 = LINE ( 'NONE', #1601, #2986 ) ;
#8205 = EDGE_CURVE ( 'NONE', #916, #3269, #7446, .T. ) ;
#8206 = LINE ( 'NONE', #4180, #2240 ) ;
#8207 = DIRECTION ( 'NONE',  ( -1.000000000000000000, 0.000000000000000000, 0.000000000000000000 ) ) ;
#8208 = ORIENTED_EDGE ( 'NONE', *, *, #4270, .F. ) ;
#8209 = CARTESIAN_POINT ( 'NONE',  ( -14.15647932583464907, 6.021466143304517793, 2.286000000000000032 ) ) ;
#8210 = VERTEX_POINT ( 'NONE', #4075 ) ;
#8211 = AXIS2_PLACEMENT_3D ( 'NONE', #1794, #4637, #3090 ) ;
#8212 = VERTEX_POINT ( 'NONE', #6771 ) ;
#8213 = VERTEX_POINT ( 'NONE', #4165 ) ;
#8214 = VERTEX_POINT ( 'NONE', #3452 ) ;
#8215 = CARTESIAN_POINT ( 'NONE',  ( 3.804415587728416703, -6.200000000000001954, 2.286000000000000032 ) ) ;
#8216 = DIRECTION ( 'NONE',  ( -0.8660254037844380415, 0.5000000000000011102, 0.000000000000000000 ) ) ;
#8217 = LINE ( 'NONE', #7392, #5549 ) ;
#8218 = DIRECTION ( 'NONE',  ( 1.000000000000000000, -1.189523621894263085E-16, 0.000000000000000000 ) ) ;
#8219 = AXIS2_PLACEMENT_3D ( 'NONE', #238, #2823, #897 ) ;
#8220 = ORIENTED_EDGE ( 'NONE', *, *, #6900, .T. ) ;
#8221 = DIRECTION ( 'NONE',  ( 1.000000000000000000, 0.000000000000000000, 0.000000000000000000 ) ) ;
#8222 = AXIS2_PLACEMENT_3D ( 'NONE', #1815, #8026, #5998 ) ;
#8223 = VECTOR ( 'NONE', #7090, 1000.000000000000114 ) ;
#8224 = VERTEX_POINT ( 'NONE', #692 ) ;
#8225 = VECTOR ( 'NONE', #549, 1000.000000000000000 ) ;
#8226 = DIRECTION ( 'NONE',  ( 1.000000000000000000, 0.000000000000000000, 0.000000000000000000 ) ) ;
#8227 = DIRECTION ( 'NONE',  ( 1.000000000000000000, 0.000000000000000000, 0.000000000000000000 ) ) ;
#8228 = PLANE ( 'NONE',  #6381 ) ;
#8229 = CARTESIAN_POINT ( 'NONE',  ( -27.19704525612472068, 12.70000000000003659, 1.000000000000000000 ) ) ;
#8230 = AXIS2_PLACEMENT_3D ( 'NONE', #6578, #4673, #1306 ) ;
#8231 = VERTEX_POINT ( 'NONE', #39 ) ;
#8232 = CIRCLE ( 'NONE', #7095, 3.175000000000000711 ) ;
#8233 = EDGE_CURVE ( 'NONE', #3340, #7079, #3405, .T. ) ;
#8234 =( GEOMETRIC_REPRESENTATION_CONTEXT ( 3 ) GLOBAL_UNCERTAINTY_ASSIGNED_CONTEXT ( ( #2346 ) ) GLOBAL_UNIT_ASSIGNED_CONTEXT ( ( #4587, #5307, #1926 ) ) REPRESENTATION_CONTEXT ( 'NONE', 'WORKASPACE' ) );
#8235 = ORIENTED_EDGE ( 'NONE', *, *, #3352, .F. ) ;
#8236 = ORIENTED_EDGE ( 'NONE', *, *, #7817, .T. ) ;
#8237 = AXIS2_PLACEMENT_3D ( 'NONE', #7502, #4142, #756 ) ;
#8238 = DIRECTION ( 'NONE',  ( -0.5000000000000001110, -0.8660254037844387076, 0.000000000000000000 ) ) ;
#8239 = EDGE_CURVE ( 'NONE', #1609, #791, #118, .T. ) ;
#8240 = DIRECTION ( 'NONE',  ( 0.000000000000000000, 0.000000000000000000, -1.000000000000000000 ) ) ;
#8241 = LINE ( 'NONE', #6205, #7531 ) ;
#8242 = CARTESIAN_POINT ( 'NONE',  ( 21.59558441227158099, 6.200000000000001954, 3.049999999999999822 ) ) ;
#8243 = LINE ( 'NONE', #4248, #8407 ) ;
#8244 = VERTEX_POINT ( 'NONE', #4778 ) ;
#8245 = VECTOR ( 'NONE', #5495, 1000.000000000000000 ) ;
#8246 = ORIENTED_EDGE ( 'NONE', *, *, #1887, .T. ) ;
#8247 = DIRECTION ( 'NONE',  ( 1.000000000000000000, 0.000000000000000000, 0.000000000000000000 ) ) ;
#8248 = CARTESIAN_POINT ( 'NONE',  ( -9.552245033349360489E-16, -5.200000000000001954, -2.286000000000000032 ) ) ;
#8249 = ADVANCED_FACE ( 'NONE', ( #1457 ), #5527, .F. ) ;
#8250 = VECTOR ( 'NONE', #2488, 999.9999999999998863 ) ;
#8251 = CIRCLE ( 'NONE', #7094, 3.175000000000000711 ) ;
#8252 = CARTESIAN_POINT ( 'NONE',  ( 10.43431429180943404, -1.558578927004022674, 2.286000000000000032 ) ) ;
#8253 = CARTESIAN_POINT ( 'NONE',  ( 2.570603795974260919, 1.863497014787713679, 1.000000000000000444 ) ) ;
#8254 = ORIENTED_EDGE ( 'NONE', *, *, #2195, .T. ) ;
#8255 = DIRECTION ( 'NONE',  ( 1.000000000000000000, 0.000000000000000000, -0.000000000000000000 ) ) ;
#8256 = ADVANCED_FACE ( 'NONE', ( #2419 ), #1622, .F. ) ;
#8257 = EDGE_LOOP ( 'NONE', ( #2605, #6707, #4850, #5423, #6455, #3619 ) ) ;
#8258 = VERTEX_POINT ( 'NONE', #8450 ) ;
#8259 = ORIENTED_EDGE ( 'NONE', *, *, #6841, .F. ) ;
#8260 = ORIENTED_EDGE ( 'NONE', *, *, #7270, .F. ) ;
#8261 = DIRECTION ( 'NONE',  ( -0.000000000000000000, -0.000000000000000000, -1.000000000000000000 ) ) ;
#8262 = CARTESIAN_POINT ( 'NONE',  ( -21.66851139942923155, 9.542043302227726898, 2.286000000000000032 ) ) ;
#8263 = DIRECTION ( 'NONE',  ( -0.000000000000000000, -0.000000000000000000, -1.000000000000000000 ) ) ;
#8264 = PLANE ( 'NONE',  #7384 ) ;
#8265 = EDGE_CURVE ( 'NONE', #3276, #6612, #6680, .T. ) ;
#8266 = VERTEX_POINT ( 'NONE', #3655 ) ;
#8267 = CARTESIAN_POINT ( 'NONE',  ( 19.05000000000001137, -3.654415587728429671, 1.000000000000000000 ) ) ;
#8268 = EDGE_CURVE ( 'NONE', #4212, #3035, #5738, .T. ) ;
#8269 = CARTESIAN_POINT ( 'NONE',  ( -1.804740410711484166, 0.4646170927520478777, 1.000000000000000000 ) ) ;
#8270 = DIRECTION ( 'NONE',  ( 0.000000000000000000, 0.000000000000000000, -1.000000000000000000 ) ) ;
#8271 = CARTESIAN_POINT ( 'NONE',  ( -24.59704525612474058, 8.196667900320957045, -3.049999999999999822 ) ) ;
#8272 = ORIENTED_EDGE ( 'NONE', *, *, #8558, .T. ) ;
#8273 = EDGE_CURVE ( 'NONE', #5058, #6222, #5614, .T. ) ;
#8274 = ORIENTED_EDGE ( 'NONE', *, *, #1026, .F. ) ;
#8275 = VECTOR ( 'NONE', #8119, 1000.000000000000000 ) ;
#8276 = ORIENTED_EDGE ( 'NONE', *, *, #4040, .T. ) ;
#8277 = CARTESIAN_POINT ( 'NONE',  ( -20.81419333934237059, 10.21738820131617231, -2.286000000000000032 ) ) ;
#8278 = EDGE_CURVE ( 'NONE', #4553, #402, #3616, .T. ) ;
#8279 = CYLINDRICAL_SURFACE ( 'NONE', #3548, 3.174999999999999822 ) ;
#8280 = LINE ( 'NONE', #4787, #5358 ) ;
#8281 = LINE ( 'NONE', #3462, #5978 ) ;
#8282 = CARTESIAN_POINT ( 'NONE',  ( 25.40000000000000568, 0.000000000000000000, -1.000000000000000000 ) ) ;
#8283 = FACE_OUTER_BOUND ( 'NONE', #8300, .T. ) ;
#8284 = ORIENTED_EDGE ( 'NONE', *, *, #2169, .F. ) ;
#8285 = EDGE_CURVE ( 'NONE', #7874, #6190, #4286, .T. ) ;
#8286 = VERTEX_POINT ( 'NONE', #3745 ) ;
#8287 = VERTEX_POINT ( 'NONE', #6360 ) ;
#8288 = CARTESIAN_POINT ( 'NONE',  ( -7.326469107895388966, 0.01018326504134301966, -3.049999999999999822 ) ) ;
#8289 = FACE_OUTER_BOUND ( 'NONE', #7779, .T. ) ;
#8290 = VECTOR ( 'NONE', #7609, 1000.000000000000114 ) ;
#8291 = CARTESIAN_POINT ( 'NONE',  ( 14.96568570819055743, 1.558578927004018677, -2.286000000000000032 ) ) ;
#8292 = LINE ( 'NONE', #2133, #7744 ) ;
#8293 = ORIENTED_EDGE ( 'NONE', *, *, #7656, .T. ) ;
#8294 = CARTESIAN_POINT ( 'NONE',  ( 9.894076404050974105, 14.79881681476246413, -1.000000000000000000 ) ) ;
#8295 = EDGE_CURVE ( 'NONE', #1021, #8601, #5652, .T. ) ;
#8296 = ORIENTED_EDGE ( 'NONE', *, *, #5391, .T. ) ;
#8297 = VECTOR ( 'NONE', #1900, 1000.000000000000000 ) ;
#8298 = VERTEX_POINT ( 'NONE', #6934 ) ;
#8299 = ORIENTED_EDGE ( 'NONE', *, *, #6722, .T. ) ;
#8300 = EDGE_LOOP ( 'NONE', ( #8146, #8103, #3046, #4647, #7722, #461 ) ) ;
#8301 = DIRECTION ( 'NONE',  ( 0.9659258262890689783, 0.2588190451025184080, 0.000000000000000000 ) ) ;
#8302 = CARTESIAN_POINT ( 'NONE',  ( -12.07012011734681245, 2.984782704856190350, -1.000000000000000000 ) ) ;
#8303 = DIRECTION ( 'NONE',  ( -1.000000000000000000, 0.000000000000000000, 0.000000000000000000 ) ) ;
#8304 = CYLINDRICAL_SURFACE ( 'NONE', #3543, 3.175000000000000711 ) ;
#8305 = EDGE_CURVE ( 'NONE', #4301, #5633, #7662, .T. ) ;
#8306 = AXIS2_PLACEMENT_3D ( 'NONE', #3, #7491, #6780 ) ;
#8307 = EDGE_CURVE ( 'NONE', #3512, #8751, #2327, .T. ) ;
#8308 = ORIENTED_EDGE ( 'NONE', *, *, #3881, .T. ) ;
#8309 = AXIS2_PLACEMENT_3D ( 'NONE', #2572, #8597, #8018 ) ;
#8310 = LINE ( 'NONE', #7444, #4069 ) ;
#8311 = ORIENTED_EDGE ( 'NONE', *, *, #3005, .F. ) ;
#8312 = CARTESIAN_POINT ( 'NONE',  ( -15.23629930681397227, 14.80112430581486826, 3.049999999999999822 ) ) ;
#8313 = DIRECTION ( 'NONE',  ( 1.000000000000000000, 0.000000000000000000, 0.000000000000000000 ) ) ;
#8314 = PLANE ( 'NONE',  #7588 ) ;
#8315 = EDGE_CURVE ( 'NONE', #8567, #5116, #7061, .T. ) ;
#8316 = ORIENTED_EDGE ( 'NONE', *, *, #5348, .F. ) ;
#8317 = CIRCLE ( 'NONE', #522, 3.175000000000000711 ) ;
#8318 = EDGE_CURVE ( 'NONE', #7219, #5925, #6810, .T. ) ;
#8319 = ORIENTED_EDGE ( 'NONE', *, *, #1029, .T. ) ;
#8320 = ORIENTED_EDGE ( 'NONE', *, *, #3966, .F. ) ;
#8321 = DIRECTION ( 'NONE',  ( -0.2588190451025196848, 0.9659258262890686453, 0.000000000000000000 ) ) ;
#8322 = VECTOR ( 'NONE', #5472, 1000.000000000000000 ) ;
#8323 = CARTESIAN_POINT ( 'NONE',  ( -17.75926857737314535, 4.248875694185175966, 3.049999999999999822 ) ) ;
#8324 = CARTESIAN_POINT ( 'NONE',  ( 2.570603795974259143, -1.863497014787716566, -2.286000000000000032 ) ) ;
#8325 = EDGE_CURVE ( 'NONE', #1950, #4955, #244, .T. ) ;
#8326 = CARTESIAN_POINT ( 'NONE',  ( -21.99704525612473915, 12.70000000000000462, 2.286000000000000032 ) ) ;
#8327 = DIRECTION ( 'NONE',  ( -0.9659258262890688673, -0.2588190451025186301, 0.000000000000000000 ) ) ;
#8328 = VERTEX_POINT ( 'NONE', #7113 ) ;
#8329 = AXIS2_PLACEMENT_3D ( 'NONE', #6923, #7901, #353 ) ;
#8330 = EDGE_CURVE ( 'NONE', #8412, #2982, #7693, .T. ) ;
#8331 = ORIENTED_EDGE ( 'NONE', *, *, #2292, .T. ) ;
#8332 = ORIENTED_EDGE ( 'NONE', *, *, #3361, .F. ) ;
#8333 = LINE ( 'NONE', #6337, #8682 ) ;
#8334 = CARTESIAN_POINT ( 'NONE',  ( 25.40000000000000568, 0.000000000000000000, -3.049999999999999822 ) ) ;
#8335 = AXIS2_PLACEMENT_3D ( 'NONE', #3116, #8522, #5193 ) ;
#8336 = EDGE_CURVE ( 'NONE', #4450, #2734, #5265, .T. ) ;
#8337 = LINE ( 'NONE', #7673, #4977 ) ;
#8338 = LINE ( 'NONE', #2939, #4084 ) ;
#8339 = ORIENTED_EDGE ( 'NONE', *, *, #7006, .F. ) ;
#8340 = CARTESIAN_POINT ( 'NONE',  ( -20.70258557314015846, 9.800862347330253854, 1.000000000000000000 ) ) ;
#8341 = EDGE_CURVE ( 'NONE', #3796, #6561, #3050, .T. ) ;
#8342 = ORIENTED_EDGE ( 'NONE', *, *, #2701, .F. ) ;
#8343 = EDGE_LOOP ( 'NONE', ( #3961, #6037, #144, #3196 ) ) ;
#8344 = VERTEX_POINT ( 'NONE', #2239 ) ;
#8345 = FACE_OUTER_BOUND ( 'NONE', #6517, .T. ) ;
#8346 = ADVANCED_FACE ( 'NONE', ( #6449 ), #364, .F. ) ;
#8347 = LINE ( 'NONE', #7683, #1826 ) ;
#8348 = FACE_OUTER_BOUND ( 'NONE', #1375, .T. ) ;
#8349 = CARTESIAN_POINT ( 'NONE',  ( 9.995836543402008445, 0.4999999999999991673, 12.74539167476553381 ) ) ;
#8350 = ORIENTED_EDGE ( 'NONE', *, *, #5905, .T. ) ;
#8351 = CARTESIAN_POINT ( 'NONE',  ( -15.23629930681396871, 14.80112430581486116, -2.286000000000000032 ) ) ;
#8352 = AXIS2_PLACEMENT_3D ( 'NONE', #548, #1893, #4595 ) ;
#8353 = ORIENTED_EDGE ( 'NONE', *, *, #2491, .T. ) ;
#8354 = EDGE_CURVE ( 'NONE', #8495, #7874, #2917, .T. ) ;
#8355 = DIRECTION ( 'NONE',  ( 1.000000000000000000, 0.000000000000000000, 0.000000000000000000 ) ) ;
#8356 = ORIENTED_EDGE ( 'NONE', *, *, #380, .T. ) ;
#8357 = VECTOR ( 'NONE', #5675, 1000.000000000000000 ) ;
#8358 = DIRECTION ( 'NONE',  ( -0.000000000000000000, -0.000000000000000000, -1.000000000000000000 ) ) ;
#8359 = CIRCLE ( 'NONE', #8222, 3.175000000000000711 ) ;
#8360 = CARTESIAN_POINT ( 'NONE',  ( -1.290959663983275663, 6.749778709085801687, 3.049999999999999822 ) ) ;
#8361 = EDGE_CURVE ( 'NONE', #94, #2304, #6492, .T. ) ;
#8362 = DIRECTION ( 'NONE',  ( 0.000000000000000000, 0.000000000000000000, 1.000000000000000000 ) ) ;
#8363 = EDGE_LOOP ( 'NONE', ( #3660, #6910, #4394, #146 ) ) ;
#8364 = AXIS2_PLACEMENT_3D ( 'NONE', #298, #7126, #1592 ) ;
#8365 = VECTOR ( 'NONE', #4198, 1000.000000000000000 ) ;
#8366 = ORIENTED_EDGE ( 'NONE', *, *, #5126, .T. ) ;
#8367 = EDGE_CURVE ( 'NONE', #5065, #4839, #994, .T. ) ;
#8368 = EDGE_LOOP ( 'NONE', ( #4, #2475, #6977, #10, #3350, #2671, #5657, #6993, #4589, #234, #2342, #4727, #6743, #3682 ) ) ;
#8369 = LINE ( 'NONE', #7736, #8537 ) ;
#8370 = FACE_OUTER_BOUND ( 'NONE', #3828, .T. ) ;
#8371 = CIRCLE ( 'NONE', #6526, 6.200000000000005507 ) ;
#8372 = VECTOR ( 'NONE', #6813, 1000.000000000000000 ) ;
#8373 = PLANE ( 'NONE',  #2366 ) ;
#8374 = AXIS2_PLACEMENT_3D ( 'NONE', #81, #3366, #2788 ) ;
#8375 = DIRECTION ( 'NONE',  ( -0.2588190451025199068, 0.9659258262890685343, 0.000000000000000000 ) ) ;
#8376 = CARTESIAN_POINT ( 'NONE',  ( -21.99704525612473915, 12.70000000000000462, 1.000000000000000000 ) ) ;
#8377 = ORIENTED_EDGE ( 'NONE', *, *, #550, .F. ) ;
#8378 = VECTOR ( 'NONE', #1968, 1000.000000000000000 ) ;
#8379 = CIRCLE ( 'NONE', #6532, 3.175000000000004263 ) ;
#8380 = VECTOR ( 'NONE', #6165, 1000.000000000000000 ) ;
#8381 = AXIS2_PLACEMENT_3D ( 'NONE', #5063, #7764, #5022 ) ;
#8382 = ORIENTED_EDGE ( 'NONE', *, *, #1397, .F. ) ;
#8383 = ORIENTED_EDGE ( 'NONE', *, *, #6832, .F. ) ;
#8384 = DIRECTION ( 'NONE',  ( 0.7071067811865465735, 0.7071067811865484609, -0.000000000000000000 ) ) ;
#8385 = DIRECTION ( 'NONE',  ( 1.000000000000000000, 8.195543980992787683E-16, 0.000000000000000000 ) ) ;
#8386 = DIRECTION ( 'NONE',  ( 0.7071067811865474617, 0.7071067811865476838, -0.000000000000000000 ) ) ;
#8387 = EDGE_CURVE ( 'NONE', #8210, #6393, #5122, .T. ) ;
#8388 = CARTESIAN_POINT ( 'NONE',  ( 17.50441558772843820, -5.200000000000001066, 3.049999999999999822 ) ) ;
#8389 = FACE_OUTER_BOUND ( 'NONE', #2801, .T. ) ;
#8390 = AXIS2_PLACEMENT_3D ( 'NONE', #5373, #5333, #6038 ) ;
#8391 = ORIENTED_EDGE ( 'NONE', *, *, #8621, .T. ) ;
#8392 = DIRECTION ( 'NONE',  ( 1.000000000000000000, 0.000000000000000000, 0.000000000000000000 ) ) ;
#8393 = VERTEX_POINT ( 'NONE', #7347 ) ;
#8394 = ORIENTED_EDGE ( 'NONE', *, *, #678, .T. ) ;
#8395 = ORIENTED_EDGE ( 'NONE', *, *, #7455, .F. ) ;
#8396 = VECTOR ( 'NONE', #1012, 999.9999999999998863 ) ;
#8397 = CARTESIAN_POINT ( 'NONE',  ( -19.40517100672533246, 11.78093097359325192, -2.286000000000000032 ) ) ;
#8398 = EDGE_CURVE ( 'NONE', #2244, #4858, #1227, .T. ) ;
#8399 = DIRECTION ( 'NONE',  ( 0.000000000000000000, 0.000000000000000000, 1.000000000000000000 ) ) ;
#8400 = CARTESIAN_POINT ( 'NONE',  ( -1.138921523207039166E-15, -6.200000000000003730, 3.049999999999999822 ) ) ;
#8401 = DIRECTION ( 'NONE',  ( 0.9659258262890690894, 0.2588190451025182415, -0.000000000000000000 ) ) ;
#8402 = EDGE_LOOP ( 'NONE', ( #1642, #7303, #4354, #4384 ) ) ;
#8403 = DIRECTION ( 'NONE',  ( 0.000000000000000000, 0.000000000000000000, 1.000000000000000000 ) ) ;
#8404 = EDGE_CURVE ( 'NONE', #3761, #5515, #8731, .T. ) ;
#8405 = EDGE_CURVE ( 'NONE', #1234, #209, #5834, .T. ) ;
#8406 = VERTEX_POINT ( 'NONE', #5316 ) ;
#8407 = VECTOR ( 'NONE', #7543, 1000.000000000000000 ) ;
#8408 = DIRECTION ( 'NONE',  ( -0.000000000000000000, -0.000000000000000000, -1.000000000000000000 ) ) ;
#8409 = CARTESIAN_POINT ( 'NONE',  ( -7.840565930290091856, 6.678533856695505477, -2.286000000000000032 ) ) ;
#8410 = CARTESIAN_POINT ( 'NONE',  ( -8.099384975392617037, 7.644459682984572346, 2.286000000000000032 ) ) ;
#8411 = CARTESIAN_POINT ( 'NONE',  ( 2.856673813531628969, 2.738748187248399191, -1.000000000000000000 ) ) ;
#8412 = VERTEX_POINT ( 'NONE', #1894 ) ;
#8413 = VECTOR ( 'NONE', #8462, 1000.000000000000000 ) ;
#8414 = EDGE_CURVE ( 'NONE', #833, #7859, #4596, .T. ) ;
#8415 = VERTEX_POINT ( 'NONE', #3973 ) ;
#8416 = ORIENTED_EDGE ( 'NONE', *, *, #8181, .F. ) ;
#8417 = CARTESIAN_POINT ( 'NONE',  ( 10.12939620402574192, -1.863497014787720119, 1.000000000000000000 ) ) ;
#8418 = DIRECTION ( 'NONE',  ( 0.000000000000000000, 0.000000000000000000, -1.000000000000000000 ) ) ;
#8419 = DIRECTION ( 'NONE',  ( -0.000000000000000000, -0.000000000000000000, -1.000000000000000000 ) ) ;
#8420 = CARTESIAN_POINT ( 'NONE',  ( -4.507562964079088630, 8.606885490272359718, 2.286000000000000032 ) ) ;
#8421 = FACE_OUTER_BOUND ( 'NONE', #8705, .T. ) ;
#8422 = ORIENTED_EDGE ( 'NONE', *, *, #3792, .F. ) ;
#8423 = EDGE_CURVE ( 'NONE', #2832, #5753, #7823, .T. ) ;
#8424 = ORIENTED_EDGE ( 'NONE', *, *, #5398, .T. ) ;
#8425 = ORIENTED_EDGE ( 'NONE', *, *, #6575, .F. ) ;
#8426 = CARTESIAN_POINT ( 'NONE',  ( 1.795259589288523250, 5.200000000000001066, -1.000000000000000000 ) ) ;
#8427 = CARTESIAN_POINT ( 'NONE',  ( 20.90710678118654542, 5.200000000000001066, 3.049999999999999822 ) ) ;
#8428 = CARTESIAN_POINT ( 'NONE',  ( 25.40000000000000213, 5.200000000000001066, 3.049999999999999822 ) ) ;
#8429 = LINE ( 'NONE', #8471, #1583 ) ;
#8430 = CARTESIAN_POINT ( 'NONE',  ( 18.51966991411008223, -5.112563132923545695, 12.74539167476553381 ) ) ;
#8431 = ORIENTED_EDGE ( 'NONE', *, *, #650, .F. ) ;
#8432 = DIRECTION ( 'NONE',  ( 0.2588190451025190741, -0.9659258262890687563, 0.000000000000000000 ) ) ;
#8433 = EDGE_CURVE ( 'NONE', #1268, #3545, #1272, .T. ) ;
#8434 = ADVANCED_FACE ( 'NONE', ( #4454 ), #3133, .T. ) ;
#8435 = ORIENTED_EDGE ( 'NONE', *, *, #6713, .F. ) ;
#8436 = VERTEX_POINT ( 'NONE', #7155 ) ;
#8437 = VERTEX_POINT ( 'NONE', #8585 ) ;
#8438 = CARTESIAN_POINT ( 'NONE',  ( -21.99704525612473560, 12.70000000000003659, 3.049999999999999822 ) ) ;
#8439 = CARTESIAN_POINT ( 'NONE',  ( 1.795259589288523250, 5.200000000000001066, 1.000000000000000000 ) ) ;
#8440 = PLANE ( 'NONE',  #870 ) ;
#8441 = LINE ( 'NONE', #6484, #8100 ) ;
#8442 = ORIENTED_EDGE ( 'NONE', *, *, #1452, .F. ) ;
#8443 = DIRECTION ( 'NONE',  ( 0.7071067811865481278, 0.7071067811865470176, -0.000000000000000000 ) ) ;
#8444 = AXIS2_PLACEMENT_3D ( 'NONE', #6452, #1705, #4417 ) ;
#8445 = EDGE_CURVE ( 'NONE', #196, #2402, #169, .T. ) ;
#8446 = VERTEX_POINT ( 'NONE', #8633 ) ;
#8447 = APPLICATION_CONTEXT ( 'configuration controlled 3d designs of mechanical parts and assemblies' ) ;
#8448 = DIRECTION ( 'NONE',  ( -0.7071067811865472397, 0.7071067811865479058, 0.000000000000000000 ) ) ;
#8449 = CARTESIAN_POINT ( 'NONE',  ( -9.480748033553881626, -1.246263553721098871, -2.286000000000000032 ) ) ;
#8450 = CARTESIAN_POINT ( 'NONE',  ( -25.17204525612474342, 12.70000000000000462, 2.286000000000000032 ) ) ;
#8451 = LINE ( 'NONE', #5267, #101 ) ;
#8452 = CARTESIAN_POINT ( 'NONE',  ( 5.907106781186544531, 5.200000000000001066, 3.049999999999999822 ) ) ;
#8453 = PLANE ( 'NONE',  #2921 ) ;
#8454 = ADVANCED_FACE ( 'NONE', ( #8543, #456 ), #6540, .T. ) ;
#8455 = VERTEX_POINT ( 'NONE', #2560 ) ;
#8456 = ORIENTED_EDGE ( 'NONE', *, *, #2404, .T. ) ;
#8457 = EDGE_LOOP ( 'NONE', ( #7697, #7245, #5602, #3287 ) ) ;
#8458 = DIRECTION ( 'NONE',  ( 0.000000000000000000, 0.000000000000000000, 1.000000000000000000 ) ) ;
#8459 = CARTESIAN_POINT ( 'NONE',  ( -13.31242066876970043, 13.05373339887579398, 1.000000000000000000 ) ) ;
#8460 = CARTESIAN_POINT ( 'NONE',  ( 1.045259589288522806, 5.400961894323343060, 1.000000000000000000 ) ) ;
#8461 = DIRECTION ( 'NONE',  ( -0.7071067811865472397, -0.7071067811865479058, 0.000000000000000000 ) ) ;
#8462 = DIRECTION ( 'NONE',  ( -1.000000000000000000, -3.414809992080329023E-17, 0.000000000000000000 ) ) ;
#8463 = VERTEX_POINT ( 'NONE', #2470 ) ;
#8464 = VECTOR ( 'NONE', #7674, 1000.000000000000000 ) ;
#8465 = ORIENTED_EDGE ( 'NONE', *, *, #2628, .F. ) ;
#8466 = ORIENTED_EDGE ( 'NONE', *, *, #6939, .F. ) ;
#8467 = DIRECTION ( 'NONE',  ( -0.000000000000000000, -0.000000000000000000, -1.000000000000000000 ) ) ;
#8468 = CARTESIAN_POINT ( 'NONE',  ( 17.19289321881344890, -5.200000000000001954, -2.286000000000000032 ) ) ;
#8469 = EDGE_CURVE ( 'NONE', #4450, #644, #2513, .T. ) ;
#8470 = CARTESIAN_POINT ( 'NONE',  ( -6.760745949310767777, -2.101124305814827675, 3.049999999999999822 ) ) ;
#8471 = CARTESIAN_POINT ( 'NONE',  ( 7.587436867076464253, -5.819669914110093600, -2.286000000000000032 ) ) ;
#8472 = EDGE_CURVE ( 'NONE', #4764, #7460, #2587, .T. ) ;
#8473 = CARTESIAN_POINT ( 'NONE',  ( -24.59704525612474058, 8.196667900320957045, -3.049999999999999822 ) ) ;
#8474 = ORIENTED_EDGE ( 'NONE', *, *, #990, .F. ) ;
#8475 = LINE ( 'NONE', #5857, #4559 ) ;
#8476 = LINE ( 'NONE', #2399, #8779 ) ;
#8477 = ORIENTED_EDGE ( 'NONE', *, *, #5204, .F. ) ;
#8478 = AXIS2_PLACEMENT_3D ( 'NONE', #5863, #5062, #4446 ) ;
#8479 = ORIENTED_EDGE ( 'NONE', *, *, #6475, .F. ) ;
#8480 = LINE ( 'NONE', #8397, #1876 ) ;
#8481 = EDGE_CURVE ( 'NONE', #22, #7766, #4497, .T. ) ;
#8482 = DIRECTION ( 'NONE',  ( -0.000000000000000000, -0.000000000000000000, -1.000000000000000000 ) ) ;
#8483 = PERSON_AND_ORGANIZATION ( #3919, #5274 ) ;
#8484 = CARTESIAN_POINT ( 'NONE',  ( 0.000000000000000000, 0.000000000000000000, 3.049999999999999822 ) ) ;
#8485 = VERTEX_POINT ( 'NONE', #7912 ) ;
#8486 = DIRECTION ( 'NONE',  ( 0.9659258262890696445, 0.2588190451025156325, 0.000000000000000000 ) ) ;
#8487 = EDGE_LOOP ( 'NONE', ( #5563, #4194, #2266, #6675 ) ) ;
#8488 = CARTESIAN_POINT ( 'NONE',  ( -10.99852262806236958, 6.350000000000002309, 1.000000000000000000 ) ) ;
#8489 = ORIENTED_EDGE ( 'NONE', *, *, #228, .T. ) ;
#8490 = PLANE ( 'NONE',  #4532 ) ;
#8491 = CARTESIAN_POINT ( 'NONE',  ( -14.17352262806237029, 6.350000000000002309, 2.286000000000000032 ) ) ;
#8492 = LINE ( 'NONE', #4415, #2798 ) ;
#8493 = LINE ( 'NONE', #5074, #1177 ) ;
#8494 = LINE ( 'NONE', #5215, #3918 ) ;
#8495 = VERTEX_POINT ( 'NONE', #1838 ) ;
#8496 = ORIENTED_EDGE ( 'NONE', *, *, #4743, .F. ) ;
#8497 = CIRCLE ( 'NONE', #6665, 2.100000000000000977 ) ;
#8498 = ORIENTED_EDGE ( 'NONE', *, *, #8584, .F. ) ;
#8499 = LINE ( 'NONE', #5324, #3423 ) ;
#8500 = CYLINDRICAL_SURFACE ( 'NONE', #4122, 5.199999999999985967 ) ;
#8501 = EDGE_CURVE ( 'NONE', #8036, #6234, #7257, .T. ) ;
#8502 = DIRECTION ( 'NONE',  ( -1.000000000000000000, -3.414809992080329023E-17, 0.000000000000000000 ) ) ;
#8503 = DIRECTION ( 'NONE',  ( -0.7071067811865479058, 0.7071067811865472397, 0.000000000000000000 ) ) ;
#8504 = VECTOR ( 'NONE', #3217, 1000.000000000000000 ) ;
#8505 = CARTESIAN_POINT ( 'NONE',  ( -7.596263553721125383, -1.517774594508492392, -2.286000000000000032 ) ) ;
#8506 = VECTOR ( 'NONE', #2168, 1000.000000000000000 ) ;
#8507 = EDGE_CURVE ( 'NONE', #2740, #3253, #2149, .T. ) ;
#8508 = ADVANCED_FACE ( 'NONE', ( #7473 ), #639, .T. ) ;
#8509 = ORIENTED_EDGE ( 'NONE', *, *, #8535, .T. ) ;
#8510 = VECTOR ( 'NONE', #591, 1000.000000000000000 ) ;
#8511 = VECTOR ( 'NONE', #1370, 1000.000000000000000 ) ;
#8512 = ORIENTED_EDGE ( 'NONE', *, *, #6193, .T. ) ;
#8513 = CARTESIAN_POINT ( 'NONE',  ( -15.50608559214147064, 14.95688549027236647, -1.000000000000000000 ) ) ;
#8514 = CIRCLE ( 'NONE', #158, 3.175000000000000711 ) ;
#8515 = DIRECTION ( 'NONE',  ( 0.000000000000000000, 0.000000000000000000, 1.000000000000000000 ) ) ;
#8516 = VECTOR ( 'NONE', #4606, 1000.000000000000000 ) ;
#8517 = CARTESIAN_POINT ( 'NONE',  ( 22.26461724824543964, -0.5000000000000000000, 2.286000000000000032 ) ) ;
#8518 = DIRECTION ( 'NONE',  ( -0.9659258262890684232, -0.2588190451025204064, 0.000000000000000000 ) ) ;
#8519 = DIRECTION ( 'NONE',  ( 1.000000000000000000, 0.000000000000000000, 0.000000000000000000 ) ) ;
#8520 = ORIENTED_EDGE ( 'NONE', *, *, #495, .T. ) ;
#8521 = DIRECTION ( 'NONE',  ( -0.9659258262890684232, -0.2588190451025202954, 0.000000000000000000 ) ) ;
#8522 = DIRECTION ( 'NONE',  ( 0.000000000000000000, 0.000000000000000000, 1.000000000000000000 ) ) ;
#8523 = VECTOR ( 'NONE', #3254, 1000.000000000000114 ) ;
#8524 = VECTOR ( 'NONE', #836, 1000.000000000000114 ) ;
#8525 = SECURITY_CLASSIFICATION ( '', '', #8575 ) ;
#8526 = EDGE_CURVE ( 'NONE', #6886, #2254, #5395, .T. ) ;
#8527 = ORIENTED_EDGE ( 'NONE', *, *, #7092, .F. ) ;
#8528 = EDGE_LOOP ( 'NONE', ( #3264, #8128, #6298, #7809 ) ) ;
#8529 = DIRECTION ( 'NONE',  ( 0.7071067811865479058, 0.7071067811865472397, -0.000000000000000000 ) ) ;
#8530 = VECTOR ( 'NONE', #5850, 1000.000000000000000 ) ;
#8531 = CARTESIAN_POINT ( 'NONE',  ( -9.746038811598120688, 3.607518413875830721, 1.000000000000000000 ) ) ;
#8532 = DIRECTION ( 'NONE',  ( -1.000000000000000000, 0.000000000000000000, 0.000000000000000000 ) ) ;
#8533 = ORIENTED_EDGE ( 'NONE', *, *, #2121, .T. ) ;
#8534 = CARTESIAN_POINT ( 'NONE',  ( 23.53650298521228379, 2.570603795974263583, 2.286000000000000032 ) ) ;
#8535 = EDGE_CURVE ( 'NONE', #3002, #764, #6062, .T. ) ;
#8536 = EDGE_CURVE ( 'NONE', #3118, #5697, #4682, .T. ) ;
#8537 = VECTOR ( 'NONE', #1543, 1000.000000000000000 ) ;
#8538 = CLOSED_SHELL ( 'NONE', ( #2322, #2691, #7871, #8346, #6176, #960, #1480, #5049, #5456, #6498, #8200, #1515, #1993, #1903, #5529, #2969, #3607, #2400, #7225, #683, #5859, #4105, #556, #2645, #6646, #5786, #4985, #8710, #3386, #3749, #299, #4905, #2579, #7880, #4551, #2736, #5270, #7227, #3370, #8508, #3146, #1617, #4490, #1973, #4491, #1243, #7855, #19, #1834, #2501, #6593, #7899, #1674, #3486, #6058, #4405, #2042, #4978, #7849, #1410, #982, #4234, #7696, #581, #3986, #1753, #1963, #7145, #7476, #3783, #6256, #3064, #898, #7615, #8434, #2618, #3012, #121, #1044, #2683, #5512, #1541, #7602, #2156, #1668, #1440, #2802, #3260, #3307, #830, #7669, #5921, #4511, #6875, #910, #176, #5295, #430, #4513, #716, #1497, #2269, #2595, #5480, #6535, #7248, #5161, #4239, #5415, #2247, #5014, #5530, #5586, #3739, #651, #2637, #8681, #6181, #6463, #8669, #8712, #8092, #4667, #6853, #4089, #752, #8454, #4251, #6889, #369, #7292, #7106, #2843, #4113, #4729, #8159, #360, #6088, #6619, #6008, #1882, #2115, #3280, #7362, #6761, #5752, #1076, #4095, #6496, #8249, #8704, #953, #7534, #3811, #7535, #368, #5374, #8784, #6166, #7864, #4822, #3820, #4803, #5890, #4309, #617, #7798, #8147, #8692, #6105, #6668, #1748, #1694, #1368, #6362, #7666, #822, #5686, #5245, #5127, #4382, #2203, #3382, #57, #3334, #797, #929, #2961, #8180, #4817, #6026, #6895, #8065, #5791, #8256, #5088, #1965, #4376, #1430, #6692, #565, #7593, #396, #2668, #5832, #7458, #944, #8076, #2805, #1202, #1194, #5723, #7503, #1711, #5166, #6634, #6410, #6072, #5957, #4210, #8141, #6860, #4843, #1595, #410, #3658, #152, #5910, #2380, #3925, #6753, #920, #503, #669, #3631, #275, #4592, #6638, #4283, #4403, #8148, #2251, #3952, #5083, #8748, #6251, #4441, #6391, #2046, #4862, #3651, #5564, #5330, #4242, #7332, #3872, #5198, #4655, #8742, #2531, #7127 ) ) ;
#8539 = ORIENTED_EDGE ( 'NONE', *, *, #2657, .T. ) ;
#8540 = PLANE ( 'NONE',  #2564 ) ;
#8541 = EDGE_LOOP ( 'NONE', ( #1696, #3592, #7138, #1270 ) ) ;
#8542 = DIRECTION ( 'NONE',  ( -0.000000000000000000, -0.000000000000000000, -1.000000000000000000 ) ) ;
#8543 = FACE_BOUND ( 'NONE', #2947, .T. ) ;
#8544 = CARTESIAN_POINT ( 'NONE',  ( -2.098816814762468397, 2.805923595949002536, 1.000000000000000000 ) ) ;
#8545 = CARTESIAN_POINT ( 'NONE',  ( 5.907106781186544531, 5.200000000000000178, 2.286000000000000032 ) ) ;
#8546 = VECTOR ( 'NONE', #56, 1000.000000000000000 ) ;
#8547 = CARTESIAN_POINT ( 'NONE',  ( 0.000000000000000000, 0.000000000000000000, -2.286000000000000032 ) ) ;
#8548 = EDGE_CURVE ( 'NONE', #6188, #8770, #5519, .T. ) ;
#8549 = EDGE_CURVE ( 'NONE', #210, #8485, #4731, .T. ) ;
#8550 = ORIENTED_EDGE ( 'NONE', *, *, #3553, .T. ) ;
#8551 = ORIENTED_EDGE ( 'NONE', *, *, #2771, .T. ) ;
#8552 = EDGE_LOOP ( 'NONE', ( #2904, #2914, #5647, #3117 ) ) ;
#8553 = CARTESIAN_POINT ( 'NONE',  ( -4.507562964079095735, 8.606885490272359718, -2.286000000000000032 ) ) ;
#8554 = DIRECTION ( 'NONE',  ( -0.7071067811865482389, 0.7071067811865469066, 0.000000000000000000 ) ) ;
#8555 = DIRECTION ( 'NONE',  ( -0.000000000000000000, -0.000000000000000000, 1.000000000000000000 ) ) ;
#8556 = CARTESIAN_POINT ( 'NONE',  ( -14.17352262806237029, 6.350000000000002309, 1.000000000000000000 ) ) ;
#8557 = CARTESIAN_POINT ( 'NONE',  ( -27.19704525612472068, 12.70000000000003659, 3.049999999999999822 ) ) ;
#8558 = EDGE_CURVE ( 'NONE', #6527, #6035, #8094, .T. ) ;
#8559 = ORIENTED_EDGE ( 'NONE', *, *, #1585, .F. ) ;
#8560 = EDGE_LOOP ( 'NONE', ( #5210, #8637, #1800, #67 ) ) ;
#8561 = LINE ( 'NONE', #2535, #5694 ) ;
#8562 = CARTESIAN_POINT ( 'NONE',  ( 27.50000000000000000, 0.000000000000000000, 2.286000000000000032 ) ) ;
#8563 = FACE_OUTER_BOUND ( 'NONE', #6576, .T. ) ;
#8564 = CARTESIAN_POINT ( 'NONE',  ( 22.26461724824543964, -0.5000000000000004441, 1.000000000000000000 ) ) ;
#8565 = CARTESIAN_POINT ( 'NONE',  ( 17.19289321881344534, 5.200000000000001066, 3.049999999999999822 ) ) ;
#8566 = CARTESIAN_POINT ( 'NONE',  ( 0.000000000000000000, 0.000000000000000000, 1.000000000000000000 ) ) ;
#8567 = VERTEX_POINT ( 'NONE', #3397 ) ;
#8568 = DIRECTION ( 'NONE',  ( 1.000000000000000000, 0.000000000000000000, 0.000000000000000000 ) ) ;
#8569 = EDGE_CURVE ( 'NONE', #4504, #1706, #4108, .T. ) ;
#8570 = CARTESIAN_POINT ( 'NONE',  ( 0.000000000000000000, 0.000000000000000000, -1.000000000000000000 ) ) ;
#8571 = ORIENTED_EDGE ( 'NONE', *, *, #753, .F. ) ;
#8572 = EDGE_LOOP ( 'NONE', ( #5683, #8353, #843, #7208, #3661, #1534, #4741 ) ) ;
#8573 = DIRECTION ( 'NONE',  ( 0.9659258262890688673, 0.2588190451025186301, -0.000000000000000000 ) ) ;
#8574 = DIRECTION ( 'NONE',  ( -0.8660254037844385966, 0.5000000000000001110, 0.000000000000000000 ) ) ;
#8575 = SECURITY_CLASSIFICATION_LEVEL ( 'unclassified' ) ;
#8576 = DIRECTION ( 'NONE',  ( -1.000000000000000000, 0.000000000000000000, 0.000000000000000000 ) ) ;
#8577 = ORIENTED_EDGE ( 'NONE', *, *, #877, .T. ) ;
#8578 = CARTESIAN_POINT ( 'NONE',  ( 25.40000000000000213, 6.200000000000001066, 3.049999999999999822 ) ) ;
#8579 = EDGE_CURVE ( 'NONE', #6208, #1706, #8135, .T. ) ;
#8580 = ORIENTED_EDGE ( 'NONE', *, *, #3981, .T. ) ;
#8581 = DIRECTION ( 'NONE',  ( -1.000000000000000000, -2.973809054735657095E-17, 0.000000000000000000 ) ) ;
#8582 = EDGE_LOOP ( 'NONE', ( #1285, #5960, #6798, #5627 ) ) ;
#8583 = CARTESIAN_POINT ( 'NONE',  ( 1.795259589288523250, 6.700000000000001066, -1.000000000000000000 ) ) ;
#8584 = EDGE_CURVE ( 'NONE', #4150, #7897, #727, .T. ) ;
#8585 = CARTESIAN_POINT ( 'NONE',  ( -1.294459682984560045, 2.899137652669757870, -1.000000000000000000 ) ) ;
#8586 = DIRECTION ( 'NONE',  ( 0.000000000000000000, 0.000000000000000000, 1.000000000000000000 ) ) ;
#8587 = PLANE ( 'NONE',  #3212 ) ;
#8588 = VECTOR ( 'NONE', #2201, 999.9999999999998863 ) ;
#8589 = ORIENTED_EDGE ( 'NONE', *, *, #3172, .T. ) ;
#8590 = ORIENTED_EDGE ( 'NONE', *, *, #2195, .F. ) ;
#8591 = VECTOR ( 'NONE', #1135, 999.9999999999998863 ) ;
#8592 = LINE ( 'NONE', #8058, #7018 ) ;
#8593 = ORIENTED_EDGE ( 'NONE', *, *, #5151, .T. ) ;
#8594 = LINE ( 'NONE', #8697, #3992 ) ;
#8595 = EDGE_CURVE ( 'NONE', #7676, #7278, #8217, .T. ) ;
#8596 = CARTESIAN_POINT ( 'NONE',  ( 5.819669914110098041, -5.112563132923548359, 2.286000000000000032 ) ) ;
#8597 = DIRECTION ( 'NONE',  ( 0.000000000000000000, 0.000000000000000000, 1.000000000000000000 ) ) ;
#8598 = DIRECTION ( 'NONE',  ( -1.000000000000000000, 0.000000000000000000, 0.000000000000000000 ) ) ;
#8599 = EDGE_CURVE ( 'NONE', #4972, #6714, #3481, .T. ) ;
#8600 = LINE ( 'NONE', #421, #8121 ) ;
#8601 = VERTEX_POINT ( 'NONE', #5442 ) ;
#8602 = VECTOR ( 'NONE', #6742, 1000.000000000000000 ) ;
#8603 = EDGE_LOOP ( 'NONE', ( #7426, #1739, #2973, #8260 ) ) ;
#8604 = VERTEX_POINT ( 'NONE', #1447 ) ;
#8605 = ORIENTED_EDGE ( 'NONE', *, *, #1221, .T. ) ;
#8606 = LINE ( 'NONE', #1951, #2441 ) ;
#8607 = LINE ( 'NONE', #6468, #6708 ) ;
#8608 = VECTOR ( 'NONE', #5933, 1000.000000000000000 ) ;
#8609 = FACE_OUTER_BOUND ( 'NONE', #8603, .T. ) ;
#8610 = ORIENTED_EDGE ( 'NONE', *, *, #2742, .F. ) ;
#8611 = CARTESIAN_POINT ( 'NONE',  ( 17.19289321881344534, 5.200000000000001066, -2.286000000000000032 ) ) ;
#8612 = DIRECTION ( 'NONE',  ( 0.9659258262890686453, 0.2588190451025195182, -0.000000000000000000 ) ) ;
#8613 = CARTESIAN_POINT ( 'NONE',  ( 9.564617248245436798, -0.4999999999999997780, 2.286000000000000032 ) ) ;
#8614 = EDGE_LOOP ( 'NONE', ( #8747, #572, #7069, #1776, #1913, #334, #2335, #2397 ) ) ;
#8615 = DIRECTION ( 'NONE',  ( -0.9659258262890686453, -0.2588190451025195737, 0.000000000000000000 ) ) ;
#8616 = DIRECTION ( 'NONE',  ( 0.7071067811865503483, 0.7071067811865446862, -0.000000000000000000 ) ) ;
#8617 = AXIS2_PLACEMENT_3D ( 'NONE', #8566, #388, #2396 ) ;
#8618 = EDGE_LOOP ( 'NONE', ( #2640, #7048, #5278, #3751 ) ) ;
#8619 = ORIENTED_EDGE ( 'NONE', *, *, #1214, .T. ) ;
#8620 = CARTESIAN_POINT ( 'NONE',  ( 8.899837588508471953, 13.80457799921995665, -1.000000000000000000 ) ) ;
#8621 = EDGE_CURVE ( 'NONE', #1276, #833, #6848, .T. ) ;
#8622 = PLANE ( 'NONE',  #6776 ) ;
#8623 = PERSON_AND_ORGANIZATION ( #3919, #5274 ) ;
#8624 = CARTESIAN_POINT ( 'NONE',  ( -12.18137454484471149, 8.832611798683867477, 12.72085538888886802 ) ) ;
#8625 = ORIENTED_EDGE ( 'NONE', *, *, #818, .F. ) ;
#8626 = EDGE_CURVE ( 'NONE', #3639, #220, #2023, .T. ) ;
#8627 = DIRECTION ( 'NONE',  ( 0.9659258262890685343, 0.2588190451025197958, -0.000000000000000000 ) ) ;
#8628 = VECTOR ( 'NONE', #3120, 1000.000000000000000 ) ;
#8629 = ORIENTED_EDGE ( 'NONE', *, *, #4753, .T. ) ;
#8630 = DIRECTION ( 'NONE',  ( -1.000000000000000000, 0.000000000000000000, 0.000000000000000000 ) ) ;
#8631 = ORIENTED_EDGE ( 'NONE', *, *, #7240, .T. ) ;
#8632 = DIRECTION ( 'NONE',  ( 0.000000000000000000, 0.000000000000000000, 1.000000000000000000 ) ) ;
#8633 = CARTESIAN_POINT ( 'NONE',  ( 10.83650298521228983, -2.570603795974266248, -2.286000000000000032 ) ) ;
#8634 = LINE ( 'NONE', #2515, #3946 ) ;
#8635 = AXIS2_PLACEMENT_3D ( 'NONE', #8570, #3816, #7993 ) ;
#8636 = DIRECTION ( 'NONE',  ( -3.414809992080329023E-17, 1.000000000000000000, 0.000000000000000000 ) ) ;
#8637 = ORIENTED_EDGE ( 'NONE', *, *, #1825, .T. ) ;
#8638 = VERTEX_POINT ( 'NONE', #6801 ) ;
#8639 = LINE ( 'NONE', #3936, #2930 ) ;
#8640 = VERTEX_POINT ( 'NONE', #4768 ) ;
#8641 = EDGE_CURVE ( 'NONE', #4764, #4863, #4157, .T. ) ;
#8642 = DIRECTION ( 'NONE',  ( 0.9659258262890686453, 0.2588190451025196848, -0.000000000000000000 ) ) ;
#8643 = CARTESIAN_POINT ( 'NONE',  ( 20.59558441227158099, 5.200000000000001066, -3.049999999999999822 ) ) ;
#8644 = CARTESIAN_POINT ( 'NONE',  ( -21.99704525612473915, 12.70000000000000462, -1.000000000000000000 ) ) ;
#8645 = DIRECTION ( 'NONE',  ( -0.000000000000000000, -0.000000000000000000, -1.000000000000000000 ) ) ;
#8646 = CARTESIAN_POINT ( 'NONE',  ( -2.599999999999988098, -4.503332099679053790, 3.049999999999999822 ) ) ;
#8647 = VERTEX_POINT ( 'NONE', #1487 ) ;
#8648 = CIRCLE ( 'NONE', #7218, 3.175000000000000711 ) ;
#8649 = ORIENTED_EDGE ( 'NONE', *, *, #256, .F. ) ;
#8650 = ORIENTED_EDGE ( 'NONE', *, *, #2924, .F. ) ;
#8651 = PLANE ( 'NONE',  #8390 ) ;
#8652 = DIRECTION ( 'NONE',  ( 1.000000000000000000, 0.000000000000000000, 0.000000000000000000 ) ) ;
#8653 = CARTESIAN_POINT ( 'NONE',  ( 12.69999999999999929, 0.000000000000000000, 2.286000000000000032 ) ) ;
#8654 = AXIS2_PLACEMENT_3D ( 'NONE', #4539, #1179, #3883 ) ;
#8655 = CARTESIAN_POINT ( 'NONE',  ( 11.14142107299598017, 2.265685708190568803, 2.286000000000000032 ) ) ;
#8656 = CARTESIAN_POINT ( 'NONE',  ( -15.23629930681397937, 14.80112430581486826, -3.049999999999999822 ) ) ;
#8657 = VECTOR ( 'NONE', #7785, 999.9999999999998863 ) ;
#8658 = CARTESIAN_POINT ( 'NONE',  ( 0.000000000000000000, 0.000000000000000000, -2.286000000000000032 ) ) ;
#8659 = DIRECTION ( 'NONE',  ( -0.2588190451025196293, 0.9659258262890686453, -0.000000000000000000 ) ) ;
#8660 = CYLINDRICAL_SURFACE ( 'NONE', #5020, 3.174999999999999822 ) ;
#8661 = EDGE_LOOP ( 'NONE', ( #4625, #4021, #4894, #5087, #5465, #2365 ) ) ;
#8662 = PLANE ( 'NONE',  #6119 ) ;
#8663 = DIRECTION ( 'NONE',  ( -0.9659258262890685343, -0.2588190451025197958, 0.000000000000000000 ) ) ;
#8664 = EDGE_CURVE ( 'NONE', #6035, #685, #769, .T. ) ;
#8665 = AXIS2_PLACEMENT_3D ( 'NONE', #7507, #839, #8255 ) ;
#8666 = CIRCLE ( 'NONE', #3832, 3.175000000000000711 ) ;
#8667 = CIRCLE ( 'NONE', #4133, 3.175000000000000711 ) ;
#8668 = ORIENTED_EDGE ( 'NONE', *, *, #2070, .T. ) ;
#8669 = ADVANCED_FACE ( 'NONE', ( #6763 ), #27, .T. ) ;
#8670 = EDGE_LOOP ( 'NONE', ( #892, #7294, #4487, #7284 ) ) ;
#8671 = CARTESIAN_POINT ( 'NONE',  ( 8.207106781186555011, -5.200000000000001954, 2.286000000000000032 ) ) ;
#8672 = DIRECTION ( 'NONE',  ( -0.000000000000000000, -0.000000000000000000, -1.000000000000000000 ) ) ;
#8673 = PERSON_AND_ORGANIZATION_ROLE ( 'design_supplier' ) ;
#8674 = DIRECTION ( 'NONE',  ( 0.7071067811865471286, -0.7071067811865479058, 0.000000000000000000 ) ) ;
#8675 = CIRCLE ( 'NONE', #2018, 3.175000000000000711 ) ;
#8676 = VECTOR ( 'NONE', #8732, 1000.000000000000000 ) ;
#8677 = VERTEX_POINT ( 'NONE', #5729 ) ;
#8678 = CIRCLE ( 'NONE', #5979, 3.175000000000004263 ) ;
#8679 = CARTESIAN_POINT ( 'NONE',  ( 4.804415587728414927, -5.200000000000001954, 3.049999999999999822 ) ) ;
#8680 = VECTOR ( 'NONE', #6186, 999.9999999999998863 ) ;
#8681 = ADVANCED_FACE ( 'NONE', ( #847 ), #6400, .T. ) ;
#8682 = VECTOR ( 'NONE', #5007, 1000.000000000000000 ) ;
#8683 = VECTOR ( 'NONE', #1732, 1000.000000000000000 ) ;
#8684 = EDGE_CURVE ( 'NONE', #3123, #595, #7053, .T. ) ;
#8685 = DIRECTION ( 'NONE',  ( 0.000000000000000000, 0.000000000000000000, 1.000000000000000000 ) ) ;
#8686 = VERTEX_POINT ( 'NONE', #8400 ) ;
#8687 = DIRECTION ( 'NONE',  ( -1.000000000000000000, 0.000000000000000000, 0.000000000000000000 ) ) ;
#8688 = DIRECTION ( 'NONE',  ( -1.000000000000000000, 0.000000000000000000, 0.000000000000000000 ) ) ;
#8689 = DIRECTION ( 'NONE',  ( -0.8660254037844387076, 0.5000000000000001110, 0.000000000000000000 ) ) ;
#8690 = FACE_OUTER_BOUND ( 'NONE', #6095, .T. ) ;
#8691 = CIRCLE ( 'NONE', #8108, 5.199999999999985967 ) ;
#8692 = ADVANCED_FACE ( 'NONE', ( #3567 ), #2191, .F. ) ;
#8693 = ORIENTED_EDGE ( 'NONE', *, *, #2556, .F. ) ;
#8694 = ORIENTED_EDGE ( 'NONE', *, *, #3570, .T. ) ;
#8695 = CARTESIAN_POINT ( 'NONE',  ( 7.481370849898478781, -6.200000000000000178, -3.049999999999999822 ) ) ;
#8696 = VERTEX_POINT ( 'NONE', #321 ) ;
#8698 = VECTOR ( 'NONE', #3956, 1000.000000000000000 ) ;
#8697 = CARTESIAN_POINT ( 'NONE',  ( -13.96346936704277297, 13.91456160635026151, 3.050999999999999712 ) ) ;
#8699 = VECTOR ( 'NONE', #128, 1000.000000000000000 ) ;
#8700 = CARTESIAN_POINT ( 'NONE',  ( -12.28948229204562814, 13.09977870908579156, 3.049999999999999822 ) ) ;
#8701 = PLANE ( 'NONE',  #942 ) ;
#8702 = CARTESIAN_POINT ( 'NONE',  ( -12.41798804498026776, 14.32867207851428937, -3.049999999999999822 ) ) ;
#8703 = VERTEX_POINT ( 'NONE', #8262 ) ;
#8704 = ADVANCED_FACE ( 'NONE', ( #2868 ), #6277, .F. ) ;
#8705 = EDGE_LOOP ( 'NONE', ( #84, #1483, #2163, #7970 ) ) ;
#8706 = DIRECTION ( 'NONE',  ( -0.8660254037844387076, 0.5000000000000001110, 0.000000000000000000 ) ) ;
#8707 = CIRCLE ( 'NONE', #472, 3.175000000000004263 ) ;
#8708 = CARTESIAN_POINT ( 'NONE',  ( 1.795259589288524582, 5.200000000000001066, -1.000000000000000000 ) ) ;
#8709 = DIRECTION ( 'NONE',  ( -0.000000000000000000, -0.000000000000000000, -1.000000000000000000 ) ) ;
#8710 = ADVANCED_FACE ( 'NONE', ( #8348 ), #8440, .T. ) ;
#8711 = DIRECTION ( 'NONE',  ( 0.000000000000000000, 0.000000000000000000, 1.000000000000000000 ) ) ;
#8712 = ADVANCED_FACE ( 'NONE', ( #3686 ), #4892, .T. ) ;
#8713 = CARTESIAN_POINT ( 'NONE',  ( 25.39999999999999858, 0.000000000000000000, 2.286000000000000032 ) ) ;
#8714 = CARTESIAN_POINT ( 'NONE',  ( -18.32499173595777364, 6.360183265041365885, 3.049999999999999822 ) ) ;
#8715 = CARTESIAN_POINT ( 'NONE',  ( -3.282818092687501466, 7.899778709085810924, -2.286000000000000032 ) ) ;
#8716 = ORIENTED_EDGE ( 'NONE', *, *, #7091, .T. ) ;
#8717 = FACE_OUTER_BOUND ( 'NONE', #5918, .T. ) ;
#8718 = LINE ( 'NONE', #665, #8546 ) ;
#8719 = ORIENTED_EDGE ( 'NONE', *, *, #1020, .T. ) ;
#8720 = VERTEX_POINT ( 'NONE', #4981 ) ;
#8721 = DIRECTION ( 'NONE',  ( -0.7071067811865479058, 0.7071067811865471286, 0.000000000000000000 ) ) ;
#8722 = DIRECTION ( 'NONE',  ( -0.7071067811865479058, -0.7071067811865471286, 0.000000000000000000 ) ) ;
#8723 = DIRECTION ( 'NONE',  ( 0.7071067811865477948, 0.7071067811865473507, -0.000000000000000000 ) ) ;
#8724 = ORIENTED_EDGE ( 'NONE', *, *, #5433, .T. ) ;
#8725 = CARTESIAN_POINT ( 'NONE',  ( 0.000000000000000000, 0.000000000000000000, -2.286000000000000032 ) ) ;
#8726 = EDGE_CURVE ( 'NONE', #1203, #2140, #6924, .T. ) ;
#8727 = ORIENTED_EDGE ( 'NONE', *, *, #1414, .T. ) ;
#8728 = DIRECTION ( 'NONE',  ( 0.7071067811865479058, -0.7071067811865471286, 0.000000000000000000 ) ) ;
#8729 = ORIENTED_EDGE ( 'NONE', *, *, #1214, .F. ) ;
#8730 = CARTESIAN_POINT ( 'NONE',  ( -6.760745949310767777, -2.101124305814827675, -2.286000000000000032 ) ) ;
#8731 = LINE ( 'NONE', #1182, #5972 ) ;
#8732 = DIRECTION ( 'NONE',  ( -1.000000000000000000, -3.414809992080329023E-17, 0.000000000000000000 ) ) ;
#8733 = CARTESIAN_POINT ( 'NONE',  ( 0.000000000000000000, 0.000000000000000000, 3.049999999999999822 ) ) ;
#8734 = VERTEX_POINT ( 'NONE', #2319 ) ;
#8735 = LINE ( 'NONE', #4028, #2512 ) ;
#8736 = ORIENTED_EDGE ( 'NONE', *, *, #3445, .F. ) ;
#8737 = EDGE_LOOP ( 'NONE', ( #6940, #4814, #4711, #4932 ) ) ;
#8738 = DIRECTION ( 'NONE',  ( 0.8660254037844379305, -0.5000000000000011102, 0.000000000000000000 ) ) ;
#8739 = CARTESIAN_POINT ( 'NONE',  ( -13.59039687746176206, 7.269069026406795864, 12.72085538888886802 ) ) ;
#8740 = EDGE_CURVE ( 'NONE', #2558, #1149, #2907, .T. ) ;
#8741 = VECTOR ( 'NONE', #4326, 1000.000000000000000 ) ;
#8742 = ADVANCED_FACE ( 'NONE', ( #2229 ), #7102, .T. ) ;
#8743 = DIRECTION ( 'NONE',  ( 0.000000000000000000, 0.000000000000000000, 1.000000000000000000 ) ) ;
#8744 = DIRECTION ( 'NONE',  ( 0.7071067811865469066, -0.7071067811865482389, 0.000000000000000000 ) ) ;
#8745 = CARTESIAN_POINT ( 'NONE',  ( 0.000000000000000000, 0.000000000000000000, 2.286000000000000032 ) ) ;
#8746 = PRODUCT_DEFINITION ( 'UNKNOWN', '', #1721, #1554 ) ;
#8747 = ORIENTED_EDGE ( 'NONE', *, *, #3223, .T. ) ;
#8748 = ADVANCED_FACE ( 'NONE', ( #3735 ), #1690, .T. ) ;
#8749 = AXIS2_PLACEMENT_3D ( 'NONE', #3364, #6069, #508 ) ;
#8750 = EDGE_LOOP ( 'NONE', ( #7745, #7850, #5302, #412 ) ) ;
#8751 = VERTEX_POINT ( 'NONE', #5567 ) ;
#8752 = PLANE ( 'NONE',  #5428 ) ;
#8753 = DIRECTION ( 'NONE',  ( 0.000000000000000000, 0.000000000000000000, -1.000000000000000000 ) ) ;
#8754 = FACE_OUTER_BOUND ( 'NONE', #6011, .T. ) ;
#8755 = ORIENTED_EDGE ( 'NONE', *, *, #8526, .F. ) ;
#8756 = CARTESIAN_POINT ( 'NONE',  ( -12.29298231104691652, 9.249137652669766396, 2.286000000000000032 ) ) ;
#8757 = DIRECTION ( 'NONE',  ( -1.000000000000000000, 0.000000000000000000, 0.000000000000000000 ) ) ;
#8758 = ORIENTED_EDGE ( 'NONE', *, *, #5522, .T. ) ;
#8759 = LINE ( 'NONE', #8157, #4726 ) ;
#8760 = ORIENTED_EDGE ( 'NONE', *, *, #2183, .T. ) ;
#8761 = ORIENTED_EDGE ( 'NONE', *, *, #6560, .T. ) ;
#8762 = DIRECTION ( 'NONE',  ( 0.7071067811865474617, 0.7071067811865476838, -0.000000000000000000 ) ) ;
#8763 = EDGE_CURVE ( 'NONE', #1609, #5535, #4276, .T. ) ;
#8764 = CARTESIAN_POINT ( 'NONE',  ( -7.326469107895388966, 0.01018326504134301966, 3.049999999999999822 ) ) ;
#8765 = CARTESIAN_POINT ( 'NONE',  ( -10.99852262806236958, 6.350000000000002309, 2.286000000000000032 ) ) ;
#8766 = EDGE_LOOP ( 'NONE', ( #941, #1246, #7120, #3629 ) ) ;
#8767 = DIRECTION ( 'NONE',  ( 0.000000000000000000, 0.000000000000000000, 1.000000000000000000 ) ) ;
#8768 = EDGE_CURVE ( 'NONE', #4504, #5725, #1529, .T. ) ;
#8769 = ORIENTED_EDGE ( 'NONE', *, *, #5053, .F. ) ;
#8770 = VERTEX_POINT ( 'NONE', #198 ) ;
#8771 = DIRECTION ( 'NONE',  ( 0.9659258262890689783, 0.2588190451025184080, 0.000000000000000000 ) ) ;
#8772 = CARTESIAN_POINT ( 'NONE',  ( 20.18137084989847452, -6.200000000000001066, 3.050999999999999712 ) ) ;
#8773 = CARTESIAN_POINT ( 'NONE',  ( -13.89766028073213100, 5.055540317015449148, 2.286000000000000032 ) ) ;
#8774 = ORIENTED_EDGE ( 'NONE', *, *, #2607, .T. ) ;
#8775 = CARTESIAN_POINT ( 'NONE',  ( 7.344238815542511567, -4.648654403270953139, -2.286000000000000032 ) ) ;
#8776 = VECTOR ( 'NONE', #5728, 1000.000000000000000 ) ;
#8777 = ORIENTED_EDGE ( 'NONE', *, *, #7942, .F. ) ;
#8778 = CARTESIAN_POINT ( 'NONE',  ( 1.045259589288522806, 5.400961894323343060, -1.000000000000000000 ) ) ;
#8779 = VECTOR ( 'NONE', #391, 1000.000000000000114 ) ;
#8780 = DIRECTION ( 'NONE',  ( 0.7071067811865477948, 0.7071067811865473507, 0.000000000000000000 ) ) ;
#8781 = CYLINDRICAL_SURFACE ( 'NONE', #1574, 3.175000000000004263 ) ;
#8782 = LINE ( 'NONE', #1374, #7740 ) ;
#8783 = LINE ( 'NONE', #4745, #4719 ) ;
#8784 = ADVANCED_FACE ( 'NONE', ( #5607 ), #4358, .T. ) ;
ENDSEC;
END-ISO-10303-21;
