ISO-10303-21;
HEADER;
FILE_DESCRIPTION (( 'STEP AP203' ),
    '1' );
FILE_NAME ('228-2500-150.step',
    '2022-06-06T19:16:36',
    ( '' ),
    ( '' ),
    'SwSTEP 2.0',
    'SolidWorks 2021',
    '' );
FILE_SCHEMA (( 'CONFIG_CONTROL_DESIGN' ));
ENDSEC;

DATA;
#1 = ORIENTED_EDGE ( 'NONE', *, *, #5107, .F. ) ;
#2 = EDGE_CURVE ( 'NONE', #4751, #1791, #10570, .T. ) ;
#3 = ORIENTED_EDGE ( 'NONE', *, *, #11570, .F. ) ;
#4 = EDGE_CURVE ( 'NONE', #12564, #8719, #10774, .T. ) ;
#5 = EDGE_CURVE ( 'NONE', #9171, #8026, #12689, .T. ) ;
#6 = LINE ( 'NONE', #3919, #4251 ) ;
#7 = LINE ( 'NONE', #4818, #1418 ) ;
#8 = DIRECTION ( 'NONE',  ( 1.000000000000000000, 0.000000000000000000, 0.000000000000000000 ) ) ;
#9 = ORIENTED_EDGE ( 'NONE', *, *, #8403, .F. ) ;
#10 = LINE ( 'NONE', #6698, #9746 ) ;
#11 = CARTESIAN_POINT ( 'NONE',  ( 0.000000000000000000, -50.79999999999999716, 1.000000000000000000 ) ) ;
#12 = ORIENTED_EDGE ( 'NONE', *, *, #8502, .T. ) ;
#13 = DIRECTION ( 'NONE',  ( 3.414809992080329023E-17, -1.000000000000000000, 0.000000000000000000 ) ) ;
#14 = DIRECTION ( 'NONE',  ( -1.000000000000000000, 0.000000000000000000, 0.000000000000000000 ) ) ;
#15 = CARTESIAN_POINT ( 'NONE',  ( 0.000000000000000000, -50.79999999999999716, 2.286000000000000032 ) ) ;
#16 = ORIENTED_EDGE ( 'NONE', *, *, #11199, .T. ) ;
#17 = ORIENTED_EDGE ( 'NONE', *, *, #12254, .T. ) ;
#18 = LINE ( 'NONE', #10934, #11054 ) ;
#19 = EDGE_CURVE ( 'NONE', #11250, #1448, #5618, .T. ) ;
#20 = DIRECTION ( 'NONE',  ( 0.000000000000000000, 0.000000000000000000, -1.000000000000000000 ) ) ;
#21 = DIRECTION ( 'NONE',  ( 0.000000000000000000, 0.000000000000000000, 1.000000000000000000 ) ) ;
#22 = DIRECTION ( 'NONE',  ( -0.000000000000000000, -0.000000000000000000, 1.000000000000000000 ) ) ;
#23 = CARTESIAN_POINT ( 'NONE',  ( -5.199999999999995737, -6.699999999999997513, 3.049999999999999822 ) ) ;
#24 = CARTESIAN_POINT ( 'NONE',  ( -19.04999999999999716, 3.654415587728427450, 3.049999999999999822 ) ) ;
#25 = DIRECTION ( 'NONE',  ( 1.000000000000000000, 0.000000000000000000, 0.000000000000000000 ) ) ;
#26 = CARTESIAN_POINT ( 'NONE',  ( 6.200000000000025047, -29.20441558772843038, -3.049999999999999822 ) ) ;
#27 = CARTESIAN_POINT ( 'NONE',  ( 6.010588745030467805, -6.010588745030505997, -1.000000000000000000 ) ) ;
#28 = DIRECTION ( 'NONE',  ( 0.7071067811865500152, 0.7071067811865451302, 0.000000000000000000 ) ) ;
#29 = EDGE_CURVE ( 'NONE', #4498, #4606, #3890, .T. ) ;
#30 = ORIENTED_EDGE ( 'NONE', *, *, #7558, .T. ) ;
#31 = FACE_OUTER_BOUND ( 'NONE', #4796, .T. ) ;
#32 = LINE ( 'NONE', #8705, #1996 ) ;
#33 = ORIENTED_EDGE ( 'NONE', *, *, #6535, .T. ) ;
#34 = DIRECTION ( 'NONE',  ( 1.000000000000000000, 0.000000000000000000, 0.000000000000000000 ) ) ;
#35 = ORIENTED_EDGE ( 'NONE', *, *, #2365, .T. ) ;
#36 = DIRECTION ( 'NONE',  ( 0.7071067811865491270, -0.7071067811865459074, 0.000000000000000000 ) ) ;
#37 = CYLINDRICAL_SURFACE ( 'NONE', #3402, 2.100000000000000089 ) ;
#38 = ORIENTED_EDGE ( 'NONE', *, *, #6974, .F. ) ;
#39 = EDGE_CURVE ( 'NONE', #240, #12274, #1953, .T. ) ;
#40 = EDGE_LOOP ( 'NONE', ( #7752, #580, #4792, #9081 ) ) ;
#41 = EDGE_CURVE ( 'NONE', #11366, #1682, #9610, .T. ) ;
#42 = CARTESIAN_POINT ( 'NONE',  ( 1.879848193585309968, -15.25867070352439825, -1.000000000000000000 ) ) ;
#43 = ORIENTED_EDGE ( 'NONE', *, *, #9662, .F. ) ;
#44 = DIRECTION ( 'NONE',  ( 0.7071067811865453523, 0.7071067811865496822, -0.000000000000000000 ) ) ;
#45 = VERTEX_POINT ( 'NONE', #924 ) ;
#46 = LINE ( 'NONE', #11737, #5516 ) ;
#47 = CARTESIAN_POINT ( 'NONE',  ( -5.200000000000004619, -42.90441558772840835, 3.049999999999999822 ) ) ;
#48 = ORIENTED_EDGE ( 'NONE', *, *, #368, .T. ) ;
#49 = CARTESIAN_POINT ( 'NONE',  ( 0.000000000000000000, 0.000000000000000000, 1.000000000000000000 ) ) ;
#50 = LINE ( 'NONE', #885, #8485 ) ;
#51 = LINE ( 'NONE', #1793, #10111 ) ;
#52 = VERTEX_POINT ( 'NONE', #2982 ) ;
#53 = CARTESIAN_POINT ( 'NONE',  ( -5.200000000000001066, -30.20441558772839485, 3.049999999999999822 ) ) ;
#54 = ADVANCED_FACE ( 'NONE', ( #5689 ), #5877, .T. ) ;
#55 = EDGE_CURVE ( 'NONE', #10137, #3389, #9670, .T. ) ;
#56 = ORIENTED_EDGE ( 'NONE', *, *, #11029, .T. ) ;
#57 = EDGE_LOOP ( 'NONE', ( #722, #8218, #9359, #4882 ) ) ;
#58 = VERTEX_POINT ( 'NONE', #1834 ) ;
#59 = DATE_AND_TIME ( #10542, #6672 ) ;
#60 = DIRECTION ( 'NONE',  ( -1.000000000000000000, 5.463695987328531367E-16, 0.000000000000000000 ) ) ;
#61 = CARTESIAN_POINT ( 'NONE',  ( -7.895584412271575481, 5.199999999999999289, 3.049999999999999822 ) ) ;
#62 = DIRECTION ( 'NONE',  ( 5.463695987328531367E-16, 1.000000000000000000, 0.000000000000000000 ) ) ;
#63 = ORIENTED_EDGE ( 'NONE', *, *, #4328, .T. ) ;
#64 = AXIS2_PLACEMENT_3D ( 'NONE', #2856, #6902, #25 ) ;
#65 = DIRECTION ( 'NONE',  ( 0.7071067811865476838, -0.7071067811865474617, -0.000000000000000000 ) ) ;
#66 = LINE ( 'NONE', #1932, #10341 ) ;
#67 = VECTOR ( 'NONE', #2469, 1000.000000000000000 ) ;
#68 = ORIENTED_EDGE ( 'NONE', *, *, #9733, .T. ) ;
#69 = CARTESIAN_POINT ( 'NONE',  ( -22.81552471476314992, -1.905652775297738133, -2.286000000000000032 ) ) ;
#70 = CARTESIAN_POINT ( 'NONE',  ( -2.558670703524385193, -27.27984819358532675, 1.000000000000000000 ) ) ;
#71 = EDGE_CURVE ( 'NONE', #7500, #9181, #6906, .T. ) ;
#72 = PERSON_AND_ORGANIZATION_ROLE ( 'design_owner' ) ;
#73 = EDGE_LOOP ( 'NONE', ( #8525, #11533, #3388, #4361, #3333 ) ) ;
#74 = ORIENTED_EDGE ( 'NONE', *, *, #3467, .F. ) ;
#75 = DIRECTION ( 'NONE',  ( -0.000000000000000000, -0.000000000000000000, 1.000000000000000000 ) ) ;
#76 = AXIS2_PLACEMENT_3D ( 'NONE', #12217, #3418, #2459 ) ;
#77 = VECTOR ( 'NONE', #6508, 1000.000000000000000 ) ;
#78 = CARTESIAN_POINT ( 'NONE',  ( -17.50441558772842399, 5.199999999999999289, 3.049999999999999822 ) ) ;
#79 = DIRECTION ( 'NONE',  ( 0.000000000000000000, 0.000000000000000000, 1.000000000000000000 ) ) ;
#80 = CARTESIAN_POINT ( 'NONE',  ( 6.200000000000025047, -17.91862915010150914, -3.049999999999999822 ) ) ;
#81 = CARTESIAN_POINT ( 'NONE',  ( 5.341619048833753602, -17.36279653889465635, -2.286000000000000032 ) ) ;
#82 = CARTESIAN_POINT ( 'NONE',  ( 0.000000000000000000, -25.39999999999999858, -2.286000000000000032 ) ) ;
#83 = CARTESIAN_POINT ( 'NONE',  ( -23.49434722470224202, 2.584475285236820241, -2.286000000000000032 ) ) ;
#84 = VERTEX_POINT ( 'NONE', #8836 ) ;
#85 = CARTESIAN_POINT ( 'NONE',  ( 0.4799999999999711719, 3.798235001098927988E-16, -1.000000000000000000 ) ) ;
#86 = EDGE_CURVE ( 'NONE', #11343, #6217, #6654, .T. ) ;
#87 = VECTOR ( 'NONE', #1457, 1000.000000000000000 ) ;
#88 = EDGE_CURVE ( 'NONE', #3671, #2179, #3945, .T. ) ;
#89 = CARTESIAN_POINT ( 'NONE',  ( -6.199999999999976197, -29.20441558772841617, 3.049999999999999822 ) ) ;
#90 = ADVANCED_FACE ( 'NONE', ( #860 ), #7620, .F. ) ;
#91 = VECTOR ( 'NONE', #6235, 1000.000000000000114 ) ;
#92 = EDGE_CURVE ( 'NONE', #3179, #3059, #4777, .T. ) ;
#93 = LINE ( 'NONE', #2271, #733 ) ;
#94 = ORIENTED_EDGE ( 'NONE', *, *, #9662, .T. ) ;
#95 = VECTOR ( 'NONE', #8198, 1000.000000000000114 ) ;
#96 = CARTESIAN_POINT ( 'NONE',  ( -5.218629150101524061, 6.200000000000000178, -3.049999999999999822 ) ) ;
#97 = CARTESIAN_POINT ( 'NONE',  ( 6.200000000000025047, -21.59558441227157033, 3.049999999999999822 ) ) ;
#98 = DIRECTION ( 'NONE',  ( 0.7071067811865477948, 0.7071067811865473507, 0.000000000000000000 ) ) ;
#99 = VERTEX_POINT ( 'NONE', #11660 ) ;
#100 = ADVANCED_FACE ( 'NONE', ( #2726 ), #8701, .F. ) ;
#101 = DIRECTION ( 'NONE',  ( -1.000000000000000000, 0.000000000000000000, -0.000000000000000000 ) ) ;
#102 = LINE ( 'NONE', #6983, #10589 ) ;
#103 = EDGE_LOOP ( 'NONE', ( #9433, #7900, #10186, #7494 ) ) ;
#104 = CIRCLE ( 'NONE', #9127, 3.174999999999999822 ) ;
#105 = CLOSED_SHELL ( 'NONE', ( #147, #6775, #9149, #2593, #4153, #5796, #4303, #3743, #10685, #9330, #3452, #7096, #9167, #7808, #7474, #7611, #2645, #10965, #2827, #11460, #7299, #7939, #11227, #4092, #476, #11093, #3214, #1652, #12101, #9402, #3067, #320, #1045, #9638, #2130, #10507, #4140, #11939, #449, #11428, #6441, #12381, #8156, #8906, #828, #516, #3644, #2260, #5654, #7935, #2989, #7021, #8513, #709, #5815, #9666, #7701, #3123, #4088, #2874, #7624, #5190, #3932, #12521, #4362, #6050, #1798, #11691, #1159, #1181, #7708, #12041, #4729, #8009, #5811, #5586, #11885, #10515, #6692, #12418, #1736, #3339, #6482, #6194, #1029, #5387, #6832, #5032, #12363, #2055, #11073, #10996, #7750, #1561, #8373, #3689, #8324, #164, #8037, #912, #11866, #12336, #11932, #9543, #1069, #5981, #1598, #12323, #5950, #7985, #11517, #4402, #10779, #2520, #7986, #10748, #7635, #5690, #991, #5351, #6973, #3092, #3985, #7477, #6807, #7648, #7082, #9595, #8863, #5568, #3841, #5243, #11306, #4797, #10217, #3288, #10577, #7000, #5325, #2971, #8659, #6484, #5124, #4237, #11899, #10343, #3548, #12478, #5188, #10031, #317, #4202, #3727, #10377, #2273, #551, #11648, #8712, #10993, #4716, #532, #12535, #7389, #4879, #1194, #10762, #10682, #4089, #3705, #12349, #8968, #352, #9349, #9445, #7491, #161, #4689, #1380, #7162, #11310, #10828, #11101, #8768, #10125, #5079, #8049, #7428, #5978, #9594, #10653, #638, #9809, #5531, #6225, #5265, #3518, #8529, #9608, #12628, #10262, #548, #4031, #2832, #5174, #323, #12644, #3577, #9661, #5546, #5760, #3051, #6500, #8417, #1247, #2991, #7582, #1941, #1005, #9250, #5151, #4829, #9110, #8105, #12303, #1057, #7568, #4610, #11731, #9573, #10302, #2748, #5350, #7798, #11200, #3248, #6771, #2361, #3658, #8091, #1718, #10764, #233, #8419, #6285, #2112, #7081, #9699, #9989, #10122, #1191, #6754, #7890, #553, #805, #11346, #10261, #5193, #3372, #3860, #11869, #1738, #11013, #7706, #6210, #412, #7404, #12260, #8323, #9039, #10421, #3866, #1704, #6211, #6809, #6836, #5625, #6940, #7237, #10096, #10563, #11678, #2985, #5771, #3137, #12494, #162, #7190, #5828, #8882, #12650, #1858, #938, #8647, #9346, #3505, #54, #10576, #11079, #6648, #5910, #8385, #7763, #7877, #817, #9800, #11865, #7538, #4946, #10451, #2212, #5977, #6406, #3752, #11293, #10156, #11706, #5863, #3405, #8215, #7687, #1615, #8011, #8008, #7818, #4252, #2660, #11852, #2437, #4215, #5399, #7228, #90, #10187, #5090, #8480, #3904, #9701, #655, #1425, #10141, #11183, #9541, #4579, #12558, #4722, #6145, #8956, #7820, #5942, #9751, #7457, #1856, #5428, #9766, #5109, #7554, #2941, #12176, #100, #10304, #3534, #5954, #11819, #10247, #4960, #2146, #9043, #4648, #11746, #5565, #10274, #5262, #11397, #12146, #5597, #10708, #4435, #7781 ) ) ;
#106 = VERTEX_POINT ( 'NONE', #12557 ) ;
#107 = VECTOR ( 'NONE', #4187, 1000.000000000000114 ) ;
#108 = CARTESIAN_POINT ( 'NONE',  ( 5.200000000000000178, -33.57882250993910134, 3.049999999999999822 ) ) ;
#109 = EDGE_LOOP ( 'NONE', ( #9570, #2799, #7369, #12711, #7112, #7448 ) ) ;
#110 = DIRECTION ( 'NONE',  ( 0.000000000000000000, 0.000000000000000000, 1.000000000000000000 ) ) ;
#111 = ORIENTED_EDGE ( 'NONE', *, *, #11363, .T. ) ;
#112 = LINE ( 'NONE', #4033, #7776 ) ;
#113 = DIRECTION ( 'NONE',  ( -0.7071067811865497932, 0.7071067811865452413, 0.000000000000000000 ) ) ;
#115 = EDGE_CURVE ( 'NONE', #7633, #2071, #6785, .T. ) ;
#114 = AXIS2_PLACEMENT_3D ( 'NONE', #4267, #220, #4194 ) ;
#116 = ORIENTED_EDGE ( 'NONE', *, *, #208, .F. ) ;
#117 = VECTOR ( 'NONE', #10134, 1000.000000000000227 ) ;
#118 = LINE ( 'NONE', #11878, #1758 ) ;
#119 = DIRECTION ( 'NONE',  ( -5.463695987328531367E-16, -1.000000000000000000, 0.000000000000000000 ) ) ;
#120 = CARTESIAN_POINT ( 'NONE',  ( 1.905652775297737245, -48.21552471476314849, 2.286000000000000032 ) ) ;
#121 = ORIENTED_EDGE ( 'NONE', *, *, #9966, .F. ) ;
#122 = FACE_OUTER_BOUND ( 'NONE', #8272, .T. ) ;
#123 = VECTOR ( 'NONE', #6203, 1000.000000000000000 ) ;
#124 = ORIENTED_EDGE ( 'NONE', *, *, #3199, .T. ) ;
#125 = EDGE_LOOP ( 'NONE', ( #9138, #3071, #7154, #1796 ) ) ;
#126 = VECTOR ( 'NONE', #9172, 1000.000000000000000 ) ;
#127 = VERTEX_POINT ( 'NONE', #10701 ) ;
#128 = DIRECTION ( 'NONE',  ( 0.7071067811865479058, -0.7071067811865472397, 0.000000000000000000 ) ) ;
#129 = VECTOR ( 'NONE', #8760, 1000.000000000000000 ) ;
#130 = CARTESIAN_POINT ( 'NONE',  ( -4.662796538894653509, -20.05838095116625297, -2.286000000000000920 ) ) ;
#131 = DIRECTION ( 'NONE',  ( -0.7071067811865474617, -0.7071067811865474617, 0.000000000000000000 ) ) ;
#132 = AXIS2_PLACEMENT_3D ( 'NONE', #7645, #9310, #1536 ) ;
#133 = EDGE_CURVE ( 'NONE', #8477, #816, #1889, .T. ) ;
#134 = ORIENTED_EDGE ( 'NONE', *, *, #3081, .T. ) ;
#135 = EDGE_CURVE ( 'NONE', #6999, #4106, #11390, .T. ) ;
#136 = DIRECTION ( 'NONE',  ( 0.7071067811865453523, -0.7071067811865496822, -0.000000000000000000 ) ) ;
#137 = CARTESIAN_POINT ( 'NONE',  ( -25.39999999999999858, 5.199999999999999289, -3.049999999999999822 ) ) ;
#138 = CIRCLE ( 'NONE', #8557, 3.174999999999998934 ) ;
#139 = ORIENTED_EDGE ( 'NONE', *, *, #2578, .T. ) ;
#140 = CARTESIAN_POINT ( 'NONE',  ( -8.178822509939093877, 5.199999999999999289, 3.049999999999999822 ) ) ;
#141 = ORIENTED_EDGE ( 'NONE', *, *, #10766, .F. ) ;
#142 = VECTOR ( 'NONE', #4632, 1000.000000000000000 ) ;
#143 = ORIENTED_EDGE ( 'NONE', *, *, #4005, .F. ) ;
#144 = CIRCLE ( 'NONE', #7940, 3.174999999999998934 ) ;
#145 = LINE ( 'NONE', #4059, #8391 ) ;
#146 = VECTOR ( 'NONE', #5426, 1000.000000000000000 ) ;
#147 = ADVANCED_FACE ( 'NONE', ( #8052 ), #11082, .T. ) ;
#148 = LINE ( 'NONE', #9854, #10432 ) ;
#149 = CARTESIAN_POINT ( 'NONE',  ( -6.821177490060915005, -5.199999999999999289, 2.286000000000000032 ) ) ;
#150 = CARTESIAN_POINT ( 'NONE',  ( -2.584475285236814912, -48.89434722470223704, 2.286000000000000032 ) ) ;
#151 = DIRECTION ( 'NONE',  ( -0.000000000000000000, 0.000000000000000000, 1.000000000000000000 ) ) ;
#152 = DIRECTION ( 'NONE',  ( 0.000000000000000000, 0.000000000000000000, 1.000000000000000000 ) ) ;
#153 = LINE ( 'NONE', #8181, #6442 ) ;
#154 = AXIS2_PLACEMENT_3D ( 'NONE', #2030, #4014, #2150 ) ;
#155 = ORIENTED_EDGE ( 'NONE', *, *, #4480, .T. ) ;
#156 = CARTESIAN_POINT ( 'NONE',  ( -1.879848193585312410, -2.558670703524398071, 1.000000000000000000 ) ) ;
#157 = CYLINDRICAL_SURFACE ( 'NONE', #11784, 3.174999999999999822 ) ;
#158 = LINE ( 'NONE', #3295, #3393 ) ;
#159 = ORIENTED_EDGE ( 'NONE', *, *, #11552, .F. ) ;
#160 = VECTOR ( 'NONE', #6833, 1000.000000000000000 ) ;
#161 = ADVANCED_FACE ( 'NONE', ( #7933 ), #7028, .T. ) ;
#162 = ADVANCED_FACE ( 'NONE', ( #8119 ), #8962, .T. ) ;
#163 = CARTESIAN_POINT ( 'NONE',  ( -12.69999999999999929, 0.000000000000000000, -1.000000000000000000 ) ) ;
#164 = ADVANCED_FACE ( 'NONE', ( #280 ), #5163, .F. ) ;
#165 = CARTESIAN_POINT ( 'NONE',  ( -5.341619048833759820, -42.76279653889465493, 2.286000000000000032 ) ) ;
#166 = EDGE_CURVE ( 'NONE', #883, #1861, #158, .T. ) ;
#167 = CARTESIAN_POINT ( 'NONE',  ( -6.199999999999969091, -45.58137084989848375, -3.049999999999999822 ) ) ;
#168 = DIRECTION ( 'NONE',  ( -0.000000000000000000, -0.000000000000000000, 1.000000000000000000 ) ) ;
#169 = ORIENTED_EDGE ( 'NONE', *, *, #8023, .F. ) ;
#170 = DIRECTION ( 'NONE',  ( -1.180083997263133724E-16, -1.000000000000000000, -0.000000000000000000 ) ) ;
#171 = CARTESIAN_POINT ( 'NONE',  ( -4.662796538894679266, -18.04161904883375200, 2.286000000000000032 ) ) ;
#172 = ORIENTED_EDGE ( 'NONE', *, *, #1942, .T. ) ;
#173 = AXIS2_PLACEMENT_3D ( 'NONE', #8173, #11187, #4182 ) ;
#174 = AXIS2_PLACEMENT_3D ( 'NONE', #8602, #695, #7638 ) ;
#175 = ORIENTED_EDGE ( 'NONE', *, *, #2548, .T. ) ;
#176 = FACE_OUTER_BOUND ( 'NONE', #753, .T. ) ;
#177 = ORIENTED_EDGE ( 'NONE', *, *, #11777, .T. ) ;
#178 = EDGE_CURVE ( 'NONE', #12713, #6380, #5038, .T. ) ;
#179 = FACE_OUTER_BOUND ( 'NONE', #11173, .T. ) ;
#180 = VECTOR ( 'NONE', #9317, 1000.000000000000000 ) ;
#181 = CIRCLE ( 'NONE', #10850, 3.174999999999998934 ) ;
#182 = ORIENTED_EDGE ( 'NONE', *, *, #3533, .F. ) ;
#183 = CARTESIAN_POINT ( 'NONE',  ( -23.49434722470224202, 2.584475285236820241, -2.286000000000000032 ) ) ;
#184 = LINE ( 'NONE', #11804, #10823 ) ;
#185 = ORIENTED_EDGE ( 'NONE', *, *, #6314, .F. ) ;
#186 = LINE ( 'NONE', #9049, #11197 ) ;
#187 = CARTESIAN_POINT ( 'NONE',  ( -10.82015180641468355, 2.558670703524396739, -2.286000000000000032 ) ) ;
#188 = CARTESIAN_POINT ( 'NONE',  ( 0.000000000000000000, -25.39999999999999858, -1.001000000000000112 ) ) ;
#189 = CIRCLE ( 'NONE', #11674, 3.174999999999999822 ) ;
#190 = ORIENTED_EDGE ( 'NONE', *, *, #8748, .F. ) ;
#191 = LINE ( 'NONE', #5189, #4656 ) ;
#192 = ORIENTED_EDGE ( 'NONE', *, *, #10056, .T. ) ;
#193 = AXIS2_PLACEMENT_3D ( 'NONE', #1086, #6173, #9185 ) ;
#194 = ORIENTED_EDGE ( 'NONE', *, *, #10002, .T. ) ;
#195 = EDGE_CURVE ( 'NONE', #6181, #5833, #2025, .T. ) ;
#196 = ORIENTED_EDGE ( 'NONE', *, *, #2362, .F. ) ;
#197 = CARTESIAN_POINT ( 'NONE',  ( 0.000000000000000000, -12.69999999999999929, 2.286000000000000032 ) ) ;
#198 = CARTESIAN_POINT ( 'NONE',  ( -5.200000000000004619, -42.62117749006090150, -2.286000000000000920 ) ) ;
#199 = DIRECTION ( 'NONE',  ( -0.000000000000000000, -0.000000000000000000, 1.000000000000000000 ) ) ;
#200 = ORIENTED_EDGE ( 'NONE', *, *, #10437, .T. ) ;
#201 = CARTESIAN_POINT ( 'NONE',  ( 4.662796538894671272, -32.75838095116625226, 2.286000000000000032 ) ) ;
#202 = LINE ( 'NONE', #7071, #2340 ) ;
#203 = ORIENTED_EDGE ( 'NONE', *, *, #12103, .T. ) ;
#204 = LINE ( 'NONE', #7143, #11825 ) ;
#205 = ORIENTED_EDGE ( 'NONE', *, *, #11349, .T. ) ;
#206 = ORIENTED_EDGE ( 'NONE', *, *, #5263, .F. ) ;
#207 = CARTESIAN_POINT ( 'NONE',  ( -25.39999999999999858, 0.000000000000000000, 3.049999999999999822 ) ) ;
#208 = EDGE_CURVE ( 'NONE', #2281, #5596, #9864, .T. ) ;
#209 = EDGE_CURVE ( 'NONE', #5037, #4828, #7998, .T. ) ;
#210 = DIRECTION ( 'NONE',  ( 0.7071067811865493491, -0.7071067811865455743, 0.000000000000000000 ) ) ;
#211 = DIRECTION ( 'NONE',  ( -0.000000000000000000, -0.000000000000000000, 1.000000000000000000 ) ) ;
#212 = CARTESIAN_POINT ( 'NONE',  ( -25.39999999999999858, 0.000000000000000000, 2.286000000000000032 ) ) ;
#213 = CARTESIAN_POINT ( 'NONE',  ( -25.39999999999999858, 6.199999999999999289, 3.049999999999999822 ) ) ;
#214 = CARTESIAN_POINT ( 'NONE',  ( 5.068629150101544134, -31.75000000000000711, -3.049999999999999822 ) ) ;
#215 = FACE_OUTER_BOUND ( 'NONE', #6339, .T. ) ;
#216 = VERTEX_POINT ( 'NONE', #2213 ) ;
#217 = CARTESIAN_POINT ( 'NONE',  ( 0.000000000000000000, -50.79999999999999716, 1.000000000000000000 ) ) ;
#218 = DIRECTION ( 'NONE',  ( 0.7071067811865462405, -0.7071067811865489050, 0.000000000000000000 ) ) ;
#219 = EDGE_CURVE ( 'NONE', #3787, #12454, #9080, .T. ) ;
#220 = DIRECTION ( 'NONE',  ( -0.000000000000000000, -0.000000000000000000, -1.000000000000000000 ) ) ;
#221 = ORIENTED_EDGE ( 'NONE', *, *, #1532, .F. ) ;
#222 = CYLINDRICAL_SURFACE ( 'NONE', #11216, 3.174999999999998934 ) ;
#223 = DIRECTION ( 'NONE',  ( 0.7071067811865493491, 0.7071067811865456854, -0.000000000000000000 ) ) ;
#224 = CARTESIAN_POINT ( 'NONE',  ( 2.100000000000000089, -50.79999999999999716, -1.001000000000000112 ) ) ;
#225 = DIRECTION ( 'NONE',  ( -0.000000000000000000, -0.000000000000000000, 1.000000000000000000 ) ) ;
#226 = DIRECTION ( 'NONE',  ( 5.463695987328531367E-16, 1.000000000000000000, 0.000000000000000000 ) ) ;
#227 = ORIENTED_EDGE ( 'NONE', *, *, #3005, .T. ) ;
#228 = PLANE ( 'NONE',  #5005 ) ;
#229 = CARTESIAN_POINT ( 'NONE',  ( 4.662796538894675713, -7.358380951166244799, -2.286000000000000032 ) ) ;
#230 = ORIENTED_EDGE ( 'NONE', *, *, #4131, .F. ) ;
#231 = EDGE_CURVE ( 'NONE', #5247, #11114, #93, .T. ) ;
#233 = ADVANCED_FACE ( 'NONE', ( #2145 ), #4009, .F. ) ;
#232 = VERTEX_POINT ( 'NONE', #2084 ) ;
#234 = CARTESIAN_POINT ( 'NONE',  ( -6.689411254969540366, -6.689411254969547471, 1.000000000000000000 ) ) ;
#235 = VERTEX_POINT ( 'NONE', #350 ) ;
#236 = FACE_OUTER_BOUND ( 'NONE', #8412, .T. ) ;
#237 = EDGE_LOOP ( 'NONE', ( #2181, #4412, #134, #8837 ) ) ;
#238 = CARTESIAN_POINT ( 'NONE',  ( 6.200000000000007283, -5.218629150101512515, -3.049999999999999822 ) ) ;
#239 = DIRECTION ( 'NONE',  ( 1.000000000000000000, 0.000000000000000000, 0.000000000000000000 ) ) ;
#240 = VERTEX_POINT ( 'NONE', #3053 ) ;
#241 = CARTESIAN_POINT ( 'NONE',  ( -17.36279653889466346, -5.341619048833761596, -2.286000000000000032 ) ) ;
#242 = FACE_OUTER_BOUND ( 'NONE', #1961, .T. ) ;
#243 = CARTESIAN_POINT ( 'NONE',  ( 4.662796538894688148, -32.75838095116624515, 1.000000000000000000 ) ) ;
#244 = EDGE_LOOP ( 'NONE', ( #10539, #9876, #1239, #8933 ) ) ;
#245 = EDGE_CURVE ( 'NONE', #3706, #6682, #10893, .T. ) ;
#246 = CARTESIAN_POINT ( 'NONE',  ( 0.000000000000000000, 0.000000000000000000, 1.000000000000000000 ) ) ;
#247 = EDGE_CURVE ( 'NONE', #6761, #6155, #9922, .T. ) ;
#248 = EDGE_CURVE ( 'NONE', #11092, #4878, #3108, .T. ) ;
#250 = EDGE_CURVE ( 'NONE', #11290, #6889, #10171, .T. ) ;
#249 = ORIENTED_EDGE ( 'NONE', *, *, #4781, .F. ) ;
#251 = ORIENTED_EDGE ( 'NONE', *, *, #2436, .F. ) ;
#252 = VERTEX_POINT ( 'NONE', #1437 ) ;
#253 = CYLINDRICAL_SURFACE ( 'NONE', #193, 3.174999999999999822 ) ;
#254 = DIRECTION ( 'NONE',  ( 0.000000000000000000, 0.000000000000000000, 1.000000000000000000 ) ) ;
#255 = ORIENTED_EDGE ( 'NONE', *, *, #2489, .T. ) ;
#256 = FACE_OUTER_BOUND ( 'NONE', #8928, .T. ) ;
#257 = DIRECTION ( 'NONE',  ( 0.7071067811865477948, 0.7071067811865473507, -0.000000000000000000 ) ) ;
#258 = ORIENTED_EDGE ( 'NONE', *, *, #11594, .F. ) ;
#259 = EDGE_CURVE ( 'NONE', #5723, #1219, #4576, .T. ) ;
#260 = CARTESIAN_POINT ( 'NONE',  ( -20.59558441227157033, 5.200000000000000178, 3.049999999999999822 ) ) ;
#261 = ORIENTED_EDGE ( 'NONE', *, *, #6206, .T. ) ;
#262 = AXIS2_PLACEMENT_3D ( 'NONE', #8211, #308, #10019 ) ;
#263 = ORIENTED_EDGE ( 'NONE', *, *, #8686, .T. ) ;
#264 = CARTESIAN_POINT ( 'NONE',  ( 0.000000000000000000, -25.39999999999999858, -1.000000000000000000 ) ) ;
#265 = AXIS2_PLACEMENT_3D ( 'NONE', #7671, #11656, #6717 ) ;
#266 = LINE ( 'NONE', #9199, #1601 ) ;
#267 = VECTOR ( 'NONE', #10789, 1000.000000000000000 ) ;
#268 = CARTESIAN_POINT ( 'NONE',  ( 4.662796538894672160, -43.44161904883373637, -2.286000000000000032 ) ) ;
#269 = DIRECTION ( 'NONE',  ( 0.000000000000000000, 0.000000000000000000, 1.000000000000000000 ) ) ;
#270 = ORIENTED_EDGE ( 'NONE', *, *, #9750, .T. ) ;
#271 = LINE ( 'NONE', #8111, #1337 ) ;
#272 = LINE ( 'NONE', #9136, #4589 ) ;
#273 = CARTESIAN_POINT ( 'NONE',  ( -11.35220779386420453, -11.35220779386421519, -1.000000000000000000 ) ) ;
#274 = VERTEX_POINT ( 'NONE', #6383 ) ;
#275 = EDGE_CURVE ( 'NONE', #883, #7955, #5238, .T. ) ;
#276 = CARTESIAN_POINT ( 'NONE',  ( 5.200000000000003730, -42.90441558772843678, 2.286000000000000032 ) ) ;
#277 = DIRECTION ( 'NONE',  ( -0.7071067811865497932, -0.7071067811865453523, 0.000000000000000000 ) ) ;
#278 = AXIS2_PLACEMENT_3D ( 'NONE', #10887, #5940, #11132 ) ;
#279 = VECTOR ( 'NONE', #2596, 1000.000000000000000 ) ;
#280 = FACE_OUTER_BOUND ( 'NONE', #3508, .T. ) ;
#281 = VERTEX_POINT ( 'NONE', #12157 ) ;
#282 = DIRECTION ( 'NONE',  ( 0.7071067811865474617, 0.7071067811865474617, 0.000000000000000000 ) ) ;
#284 = CARTESIAN_POINT ( 'NONE',  ( 5.341619048833758931, -8.037203461105331570, -2.286000000000000032 ) ) ;
#283 = CC_DESIGN_SECURITY_CLASSIFICATION ( #9955, ( #10571 ) ) ;
#285 = DIRECTION ( 'NONE',  ( 0.000000000000000000, 0.000000000000000000, 1.000000000000000000 ) ) ;
#286 = VECTOR ( 'NONE', #3450, 1000.000000000000114 ) ;
#287 = CARTESIAN_POINT ( 'NONE',  ( 1.905652775297736135, -2.584475285236843778, -2.286000000000000032 ) ) ;
#288 = CARTESIAN_POINT ( 'NONE',  ( 2.558670703524401624, -39.97984819358529762, -1.000000000000000000 ) ) ;
#289 = CIRCLE ( 'NONE', #8291, 3.174999999999999822 ) ;
#290 = EDGE_LOOP ( 'NONE', ( #6847, #936, #11986, #8667 ) ) ;
#291 = EDGE_CURVE ( 'NONE', #1269, #6925, #3355, .T. ) ;
#292 = DIRECTION ( 'NONE',  ( -0.7071067811865477948, -0.7071067811865473507, 0.000000000000000000 ) ) ;
#293 = LINE ( 'NONE', #1063, #520 ) ;
#294 = VERTEX_POINT ( 'NONE', #6257 ) ;
#295 = ORIENTED_EDGE ( 'NONE', *, *, #8732, .T. ) ;
#296 = VECTOR ( 'NONE', #11026, 1000.000000000000000 ) ;
#297 = DIRECTION ( 'NONE',  ( 1.000000000000000000, 0.000000000000000000, 0.000000000000000000 ) ) ;
#298 = VERTEX_POINT ( 'NONE', #10177 ) ;
#299 = CARTESIAN_POINT ( 'NONE',  ( 5.199999999999998401, -45.99558441227160444, -3.049999999999999822 ) ) ;
#300 = EDGE_CURVE ( 'NONE', #11914, #8998, #8942, .T. ) ;
#301 = ORIENTED_EDGE ( 'NONE', *, *, #1867, .T. ) ;
#302 = CARTESIAN_POINT ( 'NONE',  ( -5.068629150101495284, -44.44999999999999574, 3.049999999999999822 ) ) ;
#303 = DIRECTION ( 'NONE',  ( 0.000000000000000000, 0.000000000000000000, -1.000000000000000000 ) ) ;
#304 = ORIENTED_EDGE ( 'NONE', *, *, #1316, .F. ) ;
#305 = CIRCLE ( 'NONE', #10159, 3.174999999999999822 ) ;
#306 = LINE ( 'NONE', #4224, #7309 ) ;
#307 = LINE ( 'NONE', #5131, #7066 ) ;
#308 = DIRECTION ( 'NONE',  ( -0.000000000000000000, -0.000000000000000000, -1.000000000000000000 ) ) ;
#309 = ORIENTED_EDGE ( 'NONE', *, *, #547, .T. ) ;
#310 = CARTESIAN_POINT ( 'NONE',  ( 5.200000000000000178, 6.368163355566235395E-16, 3.049999999999999822 ) ) ;
#311 = VECTOR ( 'NONE', #2579, 1000.000000000000000 ) ;
#312 = ORIENTED_EDGE ( 'NONE', *, *, #7033, .F. ) ;
#313 = EDGE_LOOP ( 'NONE', ( #5215, #4144, #11297, #2393 ) ) ;
#314 = VECTOR ( 'NONE', #3107, 1000.000000000000000 ) ;
#315 = VERTEX_POINT ( 'NONE', #12419 ) ;
#316 = AXIS2_PLACEMENT_3D ( 'NONE', #6975, #4132, #8188 ) ;
#317 = ADVANCED_FACE ( 'NONE', ( #1559 ), #9401, .T. ) ;
#318 = AXIS2_PLACEMENT_3D ( 'NONE', #201, #7010, #6176 ) ;
#319 = EDGE_CURVE ( 'NONE', #3054, #281, #7285, .T. ) ;
#320 = ADVANCED_FACE ( 'NONE', ( #11202 ), #5292, .T. ) ;
#321 = DIRECTION ( 'NONE',  ( 0.7071067811865479058, -0.7071067811865472397, -0.000000000000000000 ) ) ;
#322 = DIRECTION ( 'NONE',  ( 3.414809992080329023E-17, -1.000000000000000000, 0.000000000000000000 ) ) ;
#323 = ADVANCED_FACE ( 'NONE', ( #2463 ), #1373, .F. ) ;
#324 = ORIENTED_EDGE ( 'NONE', *, *, #6618, .T. ) ;
#325 = PLANE ( 'NONE',  #8320 ) ;
#326 = CARTESIAN_POINT ( 'NONE',  ( -7.481370849898478781, 6.200000000000000178, -3.049999999999999822 ) ) ;
#327 = VERTEX_POINT ( 'NONE', #4452 ) ;
#328 = VECTOR ( 'NONE', #1777, 1000.000000000000000 ) ;
#329 = CARTESIAN_POINT ( 'NONE',  ( -4.804415587728428250, 5.199999999999999289, 3.049999999999999822 ) ) ;
#330 = VERTEX_POINT ( 'NONE', #4330 ) ;
#331 = AXIS2_PLACEMENT_3D ( 'NONE', #8891, #2914, #6000 ) ;
#332 = ORIENTED_EDGE ( 'NONE', *, *, #2916, .T. ) ;
#333 = AXIS2_PLACEMENT_3D ( 'NONE', #6520, #5298, #2404 ) ;
#334 = VECTOR ( 'NONE', #4748, 1000.000000000000000 ) ;
#335 = EDGE_CURVE ( 'NONE', #1540, #9498, #8437, .T. ) ;
#336 = CARTESIAN_POINT ( 'NONE',  ( -25.39999999999999858, 0.000000000000000000, 2.286000000000000032 ) ) ;
#337 = CARTESIAN_POINT ( 'NONE',  ( 6.200000000000005507, -3.804415587728419812, 3.049999999999999822 ) ) ;
#338 = CARTESIAN_POINT ( 'NONE',  ( 4.662796538894672160, -43.44161904883373637, 2.286000000000000032 ) ) ;
#339 = VERTEX_POINT ( 'NONE', #8243 ) ;
#340 = AXIS2_PLACEMENT_3D ( 'NONE', #8435, #11378, #787 ) ;
#341 = CYLINDRICAL_SURFACE ( 'NONE', #12210, 3.174999999999999822 ) ;
#342 = CARTESIAN_POINT ( 'NONE',  ( -3.654415587728408799, -19.05000000000000426, 2.286000000000000032 ) ) ;
#343 = CARTESIAN_POINT ( 'NONE',  ( 0.000000000000000000, 0.000000000000000000, -1.000000000000000000 ) ) ;
#344 = ORIENTED_EDGE ( 'NONE', *, *, #4015, .T. ) ;
#345 = DIRECTION ( 'NONE',  ( 0.7071067811865459074, 0.7071067811865491270, -0.000000000000000000 ) ) ;
#346 = LINE ( 'NONE', #4266, #1733 ) ;
#347 = VECTOR ( 'NONE', #8175, 1000.000000000000000 ) ;
#348 = VECTOR ( 'NONE', #12374, 1000.000000000000114 ) ;
#349 = AXIS2_PLACEMENT_3D ( 'NONE', #3296, #415, #1187 ) ;
#350 = CARTESIAN_POINT ( 'NONE',  ( -4.804415587728429138, 5.199999999999999289, 2.286000000000000032 ) ) ;
#351 = VERTEX_POINT ( 'NONE', #11265 ) ;
#352 = ADVANCED_FACE ( 'NONE', ( #5408 ), #2521, .T. ) ;
#353 = VECTOR ( 'NONE', #2940, 1000.000000000000000 ) ;
#354 = DIRECTION ( 'NONE',  ( -0.000000000000000000, -0.000000000000000000, 1.000000000000000000 ) ) ;
#355 = VECTOR ( 'NONE', #9229, 999.9999999999998863 ) ;
#356 = CARTESIAN_POINT ( 'NONE',  ( -5.200000000000006395, -50.79999999999999716, 3.049999999999999822 ) ) ;
#357 = CARTESIAN_POINT ( 'NONE',  ( -23.29999999999999716, 0.000000000000000000, 2.286000000000000032 ) ) ;
#358 = DIRECTION ( 'NONE',  ( -7.912989585623242219E-16, 1.000000000000000000, 0.000000000000000000 ) ) ;
#359 = DIRECTION ( 'NONE',  ( 0.7071067811865474617, 0.7071067811865474617, 0.000000000000000000 ) ) ;
#360 = ORIENTED_EDGE ( 'NONE', *, *, #11537, .T. ) ;
#361 = LINE ( 'NONE', #10958, #710 ) ;
#362 = DIRECTION ( 'NONE',  ( 0.7071067811865501263, 0.7071067811865449082, 0.000000000000000000 ) ) ;
#363 = ORIENTED_EDGE ( 'NONE', *, *, #208, .T. ) ;
#364 = AXIS2_PLACEMENT_3D ( 'NONE', #6588, #1691, #9533 ) ;
#365 = VERTEX_POINT ( 'NONE', #531 ) ;
#366 = VERTEX_POINT ( 'NONE', #6322 ) ;
#367 = EDGE_CURVE ( 'NONE', #947, #9939, #10245, .T. ) ;
#368 = EDGE_CURVE ( 'NONE', #8029, #11908, #1631, .T. ) ;
#369 = DIRECTION ( 'NONE',  ( -1.000000000000000000, 1.776356839400250859E-15, 0.000000000000000000 ) ) ;
#370 = EDGE_LOOP ( 'NONE', ( #175, #2565, #35, #11868 ) ) ;
#371 = CARTESIAN_POINT ( 'NONE',  ( 0.000000000000000000, -25.39999999999999858, 1.000000000000000000 ) ) ;
#372 = DIRECTION ( 'NONE',  ( 0.000000000000000000, 0.000000000000000000, 1.000000000000000000 ) ) ;
#373 = CIRCLE ( 'NONE', #7967, 5.200000000000000178 ) ;
#374 = ORIENTED_EDGE ( 'NONE', *, *, #1530, .T. ) ;
#375 = CIRCLE ( 'NONE', #8585, 5.200000000000002842 ) ;
#376 = CARTESIAN_POINT ( 'NONE',  ( -5.200000000000004619, -42.90441558772840835, -2.286000000000000032 ) ) ;
#377 = CARTESIAN_POINT ( 'NONE',  ( 5.200000000000000178, -4.521177490060923176, 3.049999999999999822 ) ) ;
#378 = CYLINDRICAL_SURFACE ( 'NONE', #7243, 3.174999999999999822 ) ;
#379 = ORIENTED_EDGE ( 'NONE', *, *, #1632, .T. ) ;
#380 = CARTESIAN_POINT ( 'NONE',  ( -12.69999999999999929, 0.000000000000000000, -1.000000000000000000 ) ) ;
#381 = ORIENTED_EDGE ( 'NONE', *, *, #4338, .F. ) ;
#382 = ORIENTED_EDGE ( 'NONE', *, *, #4755, .T. ) ;
#383 = EDGE_CURVE ( 'NONE', #5628, #7500, #10303, .T. ) ;
#384 = ORIENTED_EDGE ( 'NONE', *, *, #6532, .T. ) ;
#385 = VECTOR ( 'NONE', #5900, 1000.000000000000000 ) ;
#386 = AXIS2_PLACEMENT_3D ( 'NONE', #6123, #4183, #8948 ) ;
#387 = ORIENTED_EDGE ( 'NONE', *, *, #12257, .F. ) ;
#388 = CIRCLE ( 'NONE', #3253, 3.174999999999998934 ) ;
#389 = CARTESIAN_POINT ( 'NONE',  ( 0.000000000000000000, -38.09999999999999432, -1.000000000000000000 ) ) ;
#390 = LINE ( 'NONE', #11176, #6919 ) ;
#391 = VERTEX_POINT ( 'NONE', #1494 ) ;
#392 = CARTESIAN_POINT ( 'NONE',  ( -2.558670703524396739, -36.22015180641468390, -2.286000000000000032 ) ) ;
#393 = CARTESIAN_POINT ( 'NONE',  ( 6.200000000000003730, -45.58137084989848375, 3.049999999999999822 ) ) ;
#394 = ORIENTED_EDGE ( 'NONE', *, *, #1767, .T. ) ;
#395 = LINE ( 'NONE', #10037, #5452 ) ;
#396 = ORIENTED_EDGE ( 'NONE', *, *, #7460, .T. ) ;
#397 = EDGE_CURVE ( 'NONE', #3728, #9504, #9464, .T. ) ;
#398 = APPROVAL ( #2953, 'UNSPECIFIED' ) ;
#399 = VECTOR ( 'NONE', #10656, 1000.000000000000000 ) ;
#400 = EDGE_LOOP ( 'NONE', ( #5700, #7569, #3143, #10289, #9124, #8631, #263 ) ) ;
#401 = EDGE_CURVE ( 'NONE', #10918, #298, #11264, .T. ) ;
#402 = DIRECTION ( 'NONE',  ( 0.000000000000000000, 0.000000000000000000, 1.000000000000000000 ) ) ;
#403 = DIRECTION ( 'NONE',  ( 0.7071067811865485719, -0.7071067811865465735, 0.000000000000000000 ) ) ;
#404 = DIRECTION ( 'NONE',  ( 0.000000000000000000, 0.000000000000000000, 1.000000000000000000 ) ) ;
#405 = ORIENTED_EDGE ( 'NONE', *, *, #3931, .F. ) ;
#406 = CARTESIAN_POINT ( 'NONE',  ( -28.57499999999999929, 0.000000000000000000, 2.286000000000000032 ) ) ;
#407 = DIRECTION ( 'NONE',  ( -1.000000000000000000, -3.414809992080329023E-17, -0.000000000000000000 ) ) ;
#408 = FACE_OUTER_BOUND ( 'NONE', #12391, .T. ) ;
#409 = ORIENTED_EDGE ( 'NONE', *, *, #4740, .F. ) ;
#410 = CARTESIAN_POINT ( 'NONE',  ( -21.59558441227157033, -6.200000000000001066, 3.049999999999999822 ) ) ;
#411 = DIRECTION ( 'NONE',  ( 0.000000000000000000, 0.000000000000000000, -1.000000000000000000 ) ) ;
#412 = ADVANCED_FACE ( 'NONE', ( #5861 ), #11647, .T. ) ;
#413 = EDGE_CURVE ( 'NONE', #12206, #11049, #12488, .T. ) ;
#414 = DIRECTION ( 'NONE',  ( -2.556848660736790434E-16, -1.000000000000000000, 0.000000000000000000 ) ) ;
#415 = DIRECTION ( 'NONE',  ( 0.000000000000000000, 0.000000000000000000, -1.000000000000000000 ) ) ;
#416 = DIRECTION ( 'NONE',  ( -1.000000000000000000, -3.414809992080329023E-17, 0.000000000000000000 ) ) ;
#417 = DIRECTION ( 'NONE',  ( 1.000000000000000000, 0.000000000000000000, 0.000000000000000000 ) ) ;
#418 = PLANE ( 'NONE',  #10419 ) ;
#419 = LINE ( 'NONE', #1313, #8894 ) ;
#420 = DIRECTION ( 'NONE',  ( 0.000000000000000000, 0.000000000000000000, 1.000000000000000000 ) ) ;
#421 = ORIENTED_EDGE ( 'NONE', *, *, #3531, .T. ) ;
#422 = DIRECTION ( 'NONE',  ( -0.000000000000000000, -0.000000000000000000, 1.000000000000000000 ) ) ;
#423 = DIRECTION ( 'NONE',  ( -1.000000000000000000, 0.000000000000000000, 0.000000000000000000 ) ) ;
#424 = ORIENTED_EDGE ( 'NONE', *, *, #9784, .T. ) ;
#425 = EDGE_CURVE ( 'NONE', #10051, #8394, #9657, .T. ) ;
#426 = VERTEX_POINT ( 'NONE', #8826 ) ;
#427 = ORIENTED_EDGE ( 'NONE', *, *, #12466, .F. ) ;
#428 = DIRECTION ( 'NONE',  ( 0.7071067811865453523, -0.7071067811865496822, 0.000000000000000000 ) ) ;
#429 = LINE ( 'NONE', #8393, #7949 ) ;
#430 = ORIENTED_EDGE ( 'NONE', *, *, #10531, .F. ) ;
#431 = DIRECTION ( 'NONE',  ( -1.000000000000000000, 3.278217592397115862E-15, 0.000000000000000000 ) ) ;
#432 = VERTEX_POINT ( 'NONE', #10746 ) ;
#433 = LINE ( 'NONE', #8210, #699 ) ;
#434 = CARTESIAN_POINT ( 'NONE',  ( 4.662796538894668608, -45.45838095116622668, 1.000000000000000000 ) ) ;
#435 = ORIENTED_EDGE ( 'NONE', *, *, #12377, .T. ) ;
#436 = EDGE_CURVE ( 'NONE', #7324, #10641, #4647, .T. ) ;
#437 = CARTESIAN_POINT ( 'NONE',  ( -5.199999999999999289, -20.87882250993907718, 2.286000000000000032 ) ) ;
#438 = EDGE_CURVE ( 'NONE', #7955, #6008, #794, .T. ) ;
#439 = ORIENTED_EDGE ( 'NONE', *, *, #10061, .F. ) ;
#440 = ORIENTED_EDGE ( 'NONE', *, *, #2862, .T. ) ;
#441 = EDGE_LOOP ( 'NONE', ( #7692, #4801, #10660, #12284 ) ) ;
#442 = ORIENTED_EDGE ( 'NONE', *, *, #10686, .F. ) ;
#443 = FACE_OUTER_BOUND ( 'NONE', #6201, .T. ) ;
#444 = DIRECTION ( 'NONE',  ( -1.000000000000000000, -3.414809992080329023E-17, 0.000000000000000000 ) ) ;
#445 = ORIENTED_EDGE ( 'NONE', *, *, #4526, .T. ) ;
#446 = LINE ( 'NONE', #392, #4836 ) ;
#447 = CARTESIAN_POINT ( 'NONE',  ( -1.905652775297734358, -27.98447528523684724, 2.286000000000000032 ) ) ;
#448 = VERTEX_POINT ( 'NONE', #3620 ) ;
#449 = ADVANCED_FACE ( 'NONE', ( #980 ), #3741, .T. ) ;
#450 = CARTESIAN_POINT ( 'NONE',  ( -25.39999999999999858, 0.000000000000000000, -1.000000000000000000 ) ) ;
#451 = ORIENTED_EDGE ( 'NONE', *, *, #5106, .F. ) ;
#452 = ORIENTED_EDGE ( 'NONE', *, *, #1276, .T. ) ;
#453 = CARTESIAN_POINT ( 'NONE',  ( -5.199999999999999289, -20.87882250993907718, -1.000000000000000000 ) ) ;
#454 = CARTESIAN_POINT ( 'NONE',  ( 0.000000000000000000, -5.199999999999999289, 1.000000000000000000 ) ) ;
#455 = CARTESIAN_POINT ( 'NONE',  ( -2.584475285236830899, -1.905652775297745238, -2.286000000000000032 ) ) ;
#456 = VERTEX_POINT ( 'NONE', #850 ) ;
#457 = EDGE_CURVE ( 'NONE', #3133, #1299, #10626, .T. ) ;
#458 = DIRECTION ( 'NONE',  ( -0.000000000000000000, -0.000000000000000000, -1.000000000000000000 ) ) ;
#459 = DIRECTION ( 'NONE',  ( 0.000000000000000000, 0.000000000000000000, 1.000000000000000000 ) ) ;
#460 = FACE_OUTER_BOUND ( 'NONE', #3167, .T. ) ;
#461 = ORIENTED_EDGE ( 'NONE', *, *, #11171, .F. ) ;
#462 = DIRECTION ( 'NONE',  ( -1.000000000000000000, 0.000000000000000000, 0.000000000000000000 ) ) ;
#463 = CARTESIAN_POINT ( 'NONE',  ( -23.52015180641467040, 2.558670703524388301, -1.000000000000000000 ) ) ;
#464 = DIRECTION ( 'NONE',  ( 0.7071067811865472397, 0.7071067811865479058, -0.000000000000000000 ) ) ;
#465 = VECTOR ( 'NONE', #8730, 1000.000000000000000 ) ;
#466 = FACE_OUTER_BOUND ( 'NONE', #7796, .T. ) ;
#467 = PLANE ( 'NONE',  #2216 ) ;
#468 = DIRECTION ( 'NONE',  ( -1.000000000000000000, 0.000000000000000000, 0.000000000000000000 ) ) ;
#469 = EDGE_CURVE ( 'NONE', #5529, #9744, #9788, .T. ) ;
#470 = EDGE_CURVE ( 'NONE', #9421, #4106, #2778, .T. ) ;
#471 = LINE ( 'NONE', #2279, #7136 ) ;
#472 = CARTESIAN_POINT ( 'NONE',  ( 2.100000000000000089, -25.39999999999999858, 2.286000000000000032 ) ) ;
#473 = DIRECTION ( 'NONE',  ( 0.000000000000000000, 0.000000000000000000, 1.000000000000000000 ) ) ;
#474 = EDGE_CURVE ( 'NONE', #6531, #769, #1820, .T. ) ;
#475 = ORIENTED_EDGE ( 'NONE', *, *, #3944, .F. ) ;
#476 = ADVANCED_FACE ( 'NONE', ( #5675 ), #728, .T. ) ;
#477 = VECTOR ( 'NONE', #4754, 1000.000000000000000 ) ;
#478 = CARTESIAN_POINT ( 'NONE',  ( -0.4800000000000034239, -15.87499999999999645, -2.286000000000000032 ) ) ;
#479 = CARTESIAN_POINT ( 'NONE',  ( -3.174999999999999822, 0.4799999999999999822, -2.286000000000000032 ) ) ;
#480 = VECTOR ( 'NONE', #12166, 1000.000000000000000 ) ;
#481 = VERTEX_POINT ( 'NONE', #3878 ) ;
#482 = VERTEX_POINT ( 'NONE', #4712 ) ;
#483 = VECTOR ( 'NONE', #5871, 1000.000000000000000 ) ;
#484 = CARTESIAN_POINT ( 'NONE',  ( 0.000000000000000000, 0.000000000000000000, -1.000000000000000000 ) ) ;
#485 = AXIS2_PLACEMENT_3D ( 'NONE', #8432, #2513, #11259 ) ;
#486 = LINE ( 'NONE', #4405, #4455 ) ;
#487 = EDGE_CURVE ( 'NONE', #5633, #4683, #11515, .T. ) ;
#488 = ORIENTED_EDGE ( 'NONE', *, *, #3183, .F. ) ;
#489 = CARTESIAN_POINT ( 'NONE',  ( 0.000000000000000000, -25.39999999999999858, 2.286000000000000032 ) ) ;
#490 = ORIENTED_EDGE ( 'NONE', *, *, #6907, .T. ) ;
#491 = CARTESIAN_POINT ( 'NONE',  ( 0.000000000000000000, -25.39999999999999858, 2.286000000000000032 ) ) ;
#492 = PLANE ( 'NONE',  #8064 ) ;
#493 = EDGE_LOOP ( 'NONE', ( #11923, #10088, #5123, #8053 ) ) ;
#495 = CARTESIAN_POINT ( 'NONE',  ( 0.000000000000000000, 6.200000000000000178, -1.000000000000000000 ) ) ;
#494 = AXIS2_PLACEMENT_3D ( 'NONE', #8974, #5046, #7179 ) ;
#496 = VECTOR ( 'NONE', #257, 1000.000000000000000 ) ;
#497 = ORIENTED_EDGE ( 'NONE', *, *, #4930, .T. ) ;
#498 = ORIENTED_EDGE ( 'NONE', *, *, #11029, .F. ) ;
#499 = DIRECTION ( 'NONE',  ( 0.000000000000000000, 0.000000000000000000, -1.000000000000000000 ) ) ;
#500 = ORIENTED_EDGE ( 'NONE', *, *, #3930, .T. ) ;
#501 = ORIENTED_EDGE ( 'NONE', *, *, #5363, .F. ) ;
#502 = VECTOR ( 'NONE', #10256, 1000.000000000000000 ) ;
#503 = DIRECTION ( 'NONE',  ( -0.7071067811865497932, 0.7071067811865452413, 0.000000000000000000 ) ) ;
#504 = CARTESIAN_POINT ( 'NONE',  ( 2.558670703524395851, -14.57984819358531503, -1.000000000000000000 ) ) ;
#505 = ORIENTED_EDGE ( 'NONE', *, *, #1490, .T. ) ;
#506 = FACE_OUTER_BOUND ( 'NONE', #4779, .T. ) ;
#507 = DIRECTION ( 'NONE',  ( -0.7071067811865454633, -0.7071067811865495711, 0.000000000000000000 ) ) ;
#508 = ORIENTED_EDGE ( 'NONE', *, *, #4453, .T. ) ;
#509 = DIRECTION ( 'NONE',  ( 1.000000000000000000, -0.000000000000000000, -0.000000000000000000 ) ) ;
#510 = ORIENTED_EDGE ( 'NONE', *, *, #4130, .F. ) ;
#511 = ORIENTED_EDGE ( 'NONE', *, *, #11663, .T. ) ;
#512 = ORIENTED_EDGE ( 'NONE', *, *, #714, .F. ) ;
#513 = EDGE_LOOP ( 'NONE', ( #5019, #12517, #11353, #445 ) ) ;
#514 = VECTOR ( 'NONE', #9072, 1000.000000000000000 ) ;
#515 = EDGE_CURVE ( 'NONE', #5645, #9677, #6639, .T. ) ;
#516 = ADVANCED_FACE ( 'NONE', ( #9597 ), #4766, .T. ) ;
#517 = CARTESIAN_POINT ( 'NONE',  ( -15.25867070352439647, -1.879848193585315075, -1.000000000000000000 ) ) ;
#518 = CARTESIAN_POINT ( 'NONE',  ( -2.558670703524398071, -1.879848193585312410, 1.000000000000000000 ) ) ;
#519 = CARTESIAN_POINT ( 'NONE',  ( -1.793702120375342574E-14, -50.79999999999999716, 3.049999999999999822 ) ) ;
#520 = VECTOR ( 'NONE', #11095, 1000.000000000000000 ) ;
#521 = ORIENTED_EDGE ( 'NONE', *, *, #8623, .T. ) ;
#522 = DIRECTION ( 'NONE',  ( 0.7071067811865497932, -0.7071067811865452413, 0.000000000000000000 ) ) ;
#523 = CARTESIAN_POINT ( 'NONE',  ( -5.539411254969540899, -7.839411254969545162, 2.286000000000000032 ) ) ;
#524 = DIRECTION ( 'NONE',  ( -0.000000000000000000, -0.000000000000000000, 1.000000000000000000 ) ) ;
#525 = ORIENTED_EDGE ( 'NONE', *, *, #2829, .F. ) ;
#526 = CARTESIAN_POINT ( 'NONE',  ( -25.39999999999999858, -5.199999999999999289, 3.049999999999999822 ) ) ;
#527 = VECTOR ( 'NONE', #12714, 1000.000000000000114 ) ;
#528 = CARTESIAN_POINT ( 'NONE',  ( 2.100000000000000089, -50.79999999999999716, -2.286000000000000032 ) ) ;
#529 = VECTOR ( 'NONE', #8886, 1000.000000000000000 ) ;
#530 = AXIS2_PLACEMENT_3D ( 'NONE', #450, #8099, #10092 ) ;
#531 = CARTESIAN_POINT ( 'NONE',  ( 3.654415587728422565, -44.45000000000000995, -1.000000000000000000 ) ) ;
#532 = ADVANCED_FACE ( 'NONE', ( #3805 ), #7733, .T. ) ;
#533 = AXIS2_PLACEMENT_3D ( 'NONE', #6191, #8183, #10052 ) ;
#534 = LINE ( 'NONE', #797, #4679 ) ;
#535 = DIRECTION ( 'NONE',  ( 0.000000000000000000, 0.000000000000000000, -1.000000000000000000 ) ) ;
#536 = CARTESIAN_POINT ( 'NONE',  ( -14.80000000000000071, 2.571758278209440478E-16, -2.286000000000000032 ) ) ;
#537 = CARTESIAN_POINT ( 'NONE',  ( -2.558670703524395851, -14.57984819358531681, 2.286000000000000032 ) ) ;
#538 = DIRECTION ( 'NONE',  ( 0.000000000000000000, 0.000000000000000000, -1.000000000000000000 ) ) ;
#539 = AXIS2_PLACEMENT_3D ( 'NONE', #519, #9391, #7407 ) ;
#540 = DIRECTION ( 'NONE',  ( -0.000000000000000000, -0.000000000000000000, -1.000000000000000000 ) ) ;
#541 = VECTOR ( 'NONE', #4897, 1000.000000000000000 ) ;
#542 = ORIENTED_EDGE ( 'NONE', *, *, #9026, .T. ) ;
#543 = FACE_BOUND ( 'NONE', #8340, .T. ) ;
#544 = CARTESIAN_POINT ( 'NONE',  ( 1.879848193585317073, -40.65867070352438617, -2.286000000000000032 ) ) ;
#545 = AXIS2_PLACEMENT_3D ( 'NONE', #7566, #8392, #11334 ) ;
#546 = ORIENTED_EDGE ( 'NONE', *, *, #11526, .T. ) ;
#547 = EDGE_CURVE ( 'NONE', #2498, #7950, #8881, .T. ) ;
#548 = ADVANCED_FACE ( 'NONE', ( #8103 ), #3934, .F. ) ;
#549 = VECTOR ( 'NONE', #12198, 1000.000000000000000 ) ;
#550 = ORIENTED_EDGE ( 'NONE', *, *, #3935, .F. ) ;
#551 = ADVANCED_FACE ( 'NONE', ( #6961 ), #7984, .T. ) ;
#552 = AXIS2_PLACEMENT_3D ( 'NONE', #1989, #2056, #12718 ) ;
#553 = ADVANCED_FACE ( 'NONE', ( #10881 ), #1102, .F. ) ;
#554 = DIRECTION ( 'NONE',  ( 0.000000000000000000, 0.000000000000000000, 1.000000000000000000 ) ) ;
#555 = VECTOR ( 'NONE', #8070, 1000.000000000000000 ) ;
#556 = CARTESIAN_POINT ( 'NONE',  ( 0.000000000000000000, 0.000000000000000000, 2.286000000000000032 ) ) ;
#557 = ORIENTED_EDGE ( 'NONE', *, *, #12020, .F. ) ;
#558 = LINE ( 'NONE', #4290, #7153 ) ;
#559 = ORIENTED_EDGE ( 'NONE', *, *, #2833, .T. ) ;
#560 = CARTESIAN_POINT ( 'NONE',  ( 1.905652775297736135, -2.584475285236843778, 2.286000000000000032 ) ) ;
#561 = CARTESIAN_POINT ( 'NONE',  ( 0.000000000000000000, 0.000000000000000000, -2.286000000000000032 ) ) ;
#562 = ORIENTED_EDGE ( 'NONE', *, *, #9987, .F. ) ;
#563 = AXIS2_PLACEMENT_3D ( 'NONE', #11406, #8261, #10198 ) ;
#564 = DIRECTION ( 'NONE',  ( 0.000000000000000000, 0.000000000000000000, -1.000000000000000000 ) ) ;
#565 = ORIENTED_EDGE ( 'NONE', *, *, #6101, .T. ) ;
#566 = ORIENTED_EDGE ( 'NONE', *, *, #5162, .F. ) ;
#567 = EDGE_CURVE ( 'NONE', #3525, #6013, #18, .T. ) ;
#568 = DIRECTION ( 'NONE',  ( 1.000000000000000000, 0.000000000000000000, 0.000000000000000000 ) ) ;
#569 = ORIENTED_EDGE ( 'NONE', *, *, #1144, .F. ) ;
#570 = EDGE_LOOP ( 'NONE', ( #9648, #2381, #9713, #4461 ) ) ;
#571 = VECTOR ( 'NONE', #4066, 1000.000000000000000 ) ;
#572 = VECTOR ( 'NONE', #12520, 1000.000000000000000 ) ;
#573 = LINE ( 'NONE', #4421, #5732 ) ;
#574 = DIRECTION ( 'NONE',  ( 2.556848660736790434E-16, 1.000000000000000000, 0.000000000000000000 ) ) ;
#575 = ORIENTED_EDGE ( 'NONE', *, *, #3703, .F. ) ;
#576 = DIRECTION ( 'NONE',  ( -0.7071067811865480168, 0.7071067811865470176, -0.000000000000000000 ) ) ;
#577 = DIRECTION ( 'NONE',  ( -1.180083997263133724E-16, -1.000000000000000000, -0.000000000000000000 ) ) ;
#578 = ORIENTED_EDGE ( 'NONE', *, *, #841, .T. ) ;
#579 = CARTESIAN_POINT ( 'NONE',  ( -0.4800000000000017031, -9.561493189429087991, 2.286000000000000032 ) ) ;
#580 = ORIENTED_EDGE ( 'NONE', *, *, #2768, .F. ) ;
#581 = CIRCLE ( 'NONE', #7765, 3.174999999999999822 ) ;
#582 = VERTEX_POINT ( 'NONE', #8945 ) ;
#583 = EDGE_CURVE ( 'NONE', #6882, #2712, #7918, .T. ) ;
#584 = ORIENTED_EDGE ( 'NONE', *, *, #5030, .F. ) ;
#585 = ORIENTED_EDGE ( 'NONE', *, *, #10627, .F. ) ;
#586 = VERTEX_POINT ( 'NONE', #2073 ) ;
#587 = CARTESIAN_POINT ( 'NONE',  ( 0.4799999999999990941, -3.138506810570912187, -1.000000000000000000 ) ) ;
#588 = DIRECTION ( 'NONE',  ( 0.7071067811865495711, -0.7071067811865455743, 0.000000000000000000 ) ) ;
#589 = CARTESIAN_POINT ( 'NONE',  ( 0.000000000000000000, -50.79999999999999716, 1.000000000000000000 ) ) ;
#590 = DIRECTION ( 'NONE',  ( 0.000000000000000000, 0.000000000000000000, 1.000000000000000000 ) ) ;
#591 = VECTOR ( 'NONE', #3187, 1000.000000000000000 ) ;
#592 = VERTEX_POINT ( 'NONE', #5991 ) ;
#593 = AXIS2_PLACEMENT_3D ( 'NONE', #11444, #8427, #10292 ) ;
#594 = CARTESIAN_POINT ( 'NONE',  ( -20.05838095116623876, 4.662796538894668608, 1.000000000000000000 ) ) ;
#595 = CARTESIAN_POINT ( 'NONE',  ( 0.000000000000000000, -50.79999999999999716, -2.286000000000000032 ) ) ;
#596 = LINE ( 'NONE', #1486, #4170 ) ;
#597 = ORIENTED_EDGE ( 'NONE', *, *, #3660, .T. ) ;
#598 = DIRECTION ( 'NONE',  ( -0.000000000000000000, -0.000000000000000000, 1.000000000000000000 ) ) ;
#599 = CARTESIAN_POINT ( 'NONE',  ( -25.39999999999999858, 5.199999999999999289, 3.049999999999999822 ) ) ;
#600 = AXIS2_PLACEMENT_3D ( 'NONE', #11486, #7385, #3650 ) ;
#601 = EDGE_CURVE ( 'NONE', #3615, #4248, #1170, .T. ) ;
#602 = EDGE_CURVE ( 'NONE', #11112, #7504, #10814, .T. ) ;
#603 = DIRECTION ( 'NONE',  ( 3.756290991288361679E-16, 1.000000000000000000, -0.000000000000000000 ) ) ;
#604 = VECTOR ( 'NONE', #4949, 999.9999999999998863 ) ;
#605 = DIRECTION ( 'NONE',  ( 0.000000000000000000, 0.000000000000000000, 1.000000000000000000 ) ) ;
#606 = CARTESIAN_POINT ( 'NONE',  ( 0.000000000000000000, 0.4799999999999999822, 1.000000000000000000 ) ) ;
#607 = DIRECTION ( 'NONE',  ( 1.000000000000000000, 0.000000000000000000, 0.000000000000000000 ) ) ;
#608 = CARTESIAN_POINT ( 'NONE',  ( 0.000000000000000000, -38.09999999999999432, -2.286000000000000032 ) ) ;
#609 = CARTESIAN_POINT ( 'NONE',  ( -9.561493189429086215, -0.4799999999999999822, 2.286000000000000032 ) ) ;
#610 = CARTESIAN_POINT ( 'NONE',  ( -1.793702120375342574E-14, -50.79999999999999716, 3.049999999999999822 ) ) ;
#611 = EDGE_LOOP ( 'NONE', ( #8530, #7578, #11760, #4357 ) ) ;
#612 = DIRECTION ( 'NONE',  ( -1.000000000000000000, 0.000000000000000000, 0.000000000000000000 ) ) ;
#613 = EDGE_CURVE ( 'NONE', #7383, #6012, #2970, .T. ) ;
#614 = CARTESIAN_POINT ( 'NONE',  ( -5.199999999999995737, -6.821177490060920334, -2.286000000000000920 ) ) ;
#615 = ORIENTED_EDGE ( 'NONE', *, *, #7480, .T. ) ;
#616 = ORIENTED_EDGE ( 'NONE', *, *, #2502, .T. ) ;
#617 = DIRECTION ( 'NONE',  ( -0.7071067811865493491, -0.7071067811865456854, 0.000000000000000000 ) ) ;
#618 = CARTESIAN_POINT ( 'NONE',  ( 5.199999999999998401, -33.29558441227155186, -3.049999999999999822 ) ) ;
#619 = VERTEX_POINT ( 'NONE', #9907 ) ;
#620 = CARTESIAN_POINT ( 'NONE',  ( 5.200000000000000178, -50.79999999999999716, 3.049999999999999822 ) ) ;
#621 = ORIENTED_EDGE ( 'NONE', *, *, #11242, .F. ) ;
#622 = EDGE_CURVE ( 'NONE', #1930, #12214, #145, .T. ) ;
#623 = CARTESIAN_POINT ( 'NONE',  ( -2.558670703524381196, -48.92015180641465832, 1.000000000000000000 ) ) ;
#624 = CYLINDRICAL_SURFACE ( 'NONE', #4571, 2.100000000000000089 ) ;
#625 = EDGE_CURVE ( 'NONE', #9783, #5383, #10858, .T. ) ;
#626 = ORIENTED_EDGE ( 'NONE', *, *, #11821, .F. ) ;
#627 = EDGE_CURVE ( 'NONE', #11215, #12312, #4959, .T. ) ;
#628 = LINE ( 'NONE', #2428, #7328 ) ;
#629 = VERTEX_POINT ( 'NONE', #9013 ) ;
#630 = FACE_OUTER_BOUND ( 'NONE', #11318, .T. ) ;
#631 = ORIENTED_EDGE ( 'NONE', *, *, #6845, .F. ) ;
#632 = ORIENTED_EDGE ( 'NONE', *, *, #4753, .T. ) ;
#633 = CARTESIAN_POINT ( 'NONE',  ( -6.699999999999990408, -5.199999999999999289, -2.286000000000000032 ) ) ;
#634 = DIRECTION ( 'NONE',  ( 1.000000000000000000, 0.000000000000000000, 0.000000000000000000 ) ) ;
#635 = LINE ( 'NONE', #1720, #7546 ) ;
#636 = ORIENTED_EDGE ( 'NONE', *, *, #10891, .F. ) ;
#637 = EDGE_CURVE ( 'NONE', #432, #1093, #1410, .T. ) ;
#638 = ADVANCED_FACE ( 'NONE', ( #3152 ), #2198, .T. ) ;
#639 = LINE ( 'NONE', #11615, #7098 ) ;
#640 = CARTESIAN_POINT ( 'NONE',  ( -6.699999999999990408, -6.699999999999999289, -2.286000000000000032 ) ) ;
#641 = EDGE_CURVE ( 'NONE', #11303, #5596, #189, .T. ) ;
#642 = VERTEX_POINT ( 'NONE', #12019 ) ;
#643 = EDGE_CURVE ( 'NONE', #8735, #11282, #3219, .T. ) ;
#644 = FACE_OUTER_BOUND ( 'NONE', #8338, .T. ) ;
#645 = VERTEX_POINT ( 'NONE', #2259 ) ;
#646 = ORIENTED_EDGE ( 'NONE', *, *, #5191, .T. ) ;
#647 = ORIENTED_EDGE ( 'NONE', *, *, #10978, .T. ) ;
#648 = ORIENTED_EDGE ( 'NONE', *, *, #8877, .T. ) ;
#649 = ORIENTED_EDGE ( 'NONE', *, *, #6004, .T. ) ;
#650 = CARTESIAN_POINT ( 'NONE',  ( -19.04999999999999716, -3.654415587728427450, 2.286000000000000032 ) ) ;
#651 = DIRECTION ( 'NONE',  ( 0.7071067811865497932, -0.7071067811865452413, 0.000000000000000000 ) ) ;
#652 = CYLINDRICAL_SURFACE ( 'NONE', #2036, 3.174999999999999822 ) ;
#653 = FACE_OUTER_BOUND ( 'NONE', #10294, .T. ) ;
#654 = ORIENTED_EDGE ( 'NONE', *, *, #11708, .T. ) ;
#655 = ADVANCED_FACE ( 'NONE', ( #6355 ), #9435, .F. ) ;
#656 = CARTESIAN_POINT ( 'NONE',  ( 1.905652775297735024, -27.98447528523684724, -2.286000000000000032 ) ) ;
#657 = LINE ( 'NONE', #5471, #2743 ) ;
#658 = CYLINDRICAL_SURFACE ( 'NONE', #11156, 3.174999999999999822 ) ;
#659 = EDGE_LOOP ( 'NONE', ( #849, #4205, #11722, #9183, #9155, #1027 ) ) ;
#660 = DIRECTION ( 'NONE',  ( -1.000000000000000000, 0.000000000000000000, 0.000000000000000000 ) ) ;
#661 = CARTESIAN_POINT ( 'NONE',  ( 0.000000000000000000, 0.000000000000000000, -1.000000000000000000 ) ) ;
#662 = ORIENTED_EDGE ( 'NONE', *, *, #10734, .T. ) ;
#663 = DIRECTION ( 'NONE',  ( -1.000000000000000000, 0.000000000000000000, 0.000000000000000000 ) ) ;
#664 = DIRECTION ( 'NONE',  ( 0.000000000000000000, 0.000000000000000000, 1.000000000000000000 ) ) ;
#665 = CARTESIAN_POINT ( 'NONE',  ( -17.50441558772842399, -5.199999999999999289, 3.049999999999999822 ) ) ;
#666 = LINE ( 'NONE', #10562, #7520 ) ;
#667 = EDGE_CURVE ( 'NONE', #1101, #7012, #388, .T. ) ;
#668 = FACE_OUTER_BOUND ( 'NONE', #5911, .T. ) ;
#669 = DIRECTION ( 'NONE',  ( -1.000000000000000000, 0.000000000000000000, -0.000000000000000000 ) ) ;
#670 = LINE ( 'NONE', #11466, #4162 ) ;
#671 = DIRECTION ( 'NONE',  ( -0.7071067811865495711, -0.7071067811865454633, 0.000000000000000000 ) ) ;
#672 = DIRECTION ( 'NONE',  ( 1.000000000000000000, 0.000000000000000000, 0.000000000000000000 ) ) ;
#673 = AXIS2_PLACEMENT_3D ( 'NONE', #8799, #7705, #1854 ) ;
#674 = VERTEX_POINT ( 'NONE', #1782 ) ;
#675 = VERTEX_POINT ( 'NONE', #2552 ) ;
#676 = DIRECTION ( 'NONE',  ( 0.7071067811865451302, -0.7071067811865500152, 0.000000000000000000 ) ) ;
#677 = CARTESIAN_POINT ( 'NONE',  ( 0.000000000000000000, 0.000000000000000000, -1.000000000000000000 ) ) ;
#678 = EDGE_CURVE ( 'NONE', #2623, #8222, #10445, .T. ) ;
#679 = CIRCLE ( 'NONE', #4577, 3.174999999999999822 ) ;
#680 = EDGE_LOOP ( 'NONE', ( #11008, #5574, #3326, #4542, #10810, #12542 ) ) ;
#681 = DIRECTION ( 'NONE',  ( -2.556848660736790434E-16, -1.000000000000000000, -0.000000000000000000 ) ) ;
#682 = VECTOR ( 'NONE', #10594, 1000.000000000000114 ) ;
#683 = ORIENTED_EDGE ( 'NONE', *, *, #7968, .F. ) ;
#684 = DIRECTION ( 'NONE',  ( 1.000000000000000000, 0.000000000000000000, 0.000000000000000000 ) ) ;
#685 = PLANE ( 'NONE',  #9557 ) ;
#686 = ORIENTED_EDGE ( 'NONE', *, *, #11586, .F. ) ;
#687 = CARTESIAN_POINT ( 'NONE',  ( 0.000000000000000000, -50.79999999999999716, -1.000000000000000000 ) ) ;
#688 = ORIENTED_EDGE ( 'NONE', *, *, #5702, .T. ) ;
#689 = AXIS2_PLACEMENT_3D ( 'NONE', #343, #10942, #4967 ) ;
#690 = CARTESIAN_POINT ( 'NONE',  ( -0.4800000000000034239, -15.83850681057091059, -2.286000000000000032 ) ) ;
#691 = ORIENTED_EDGE ( 'NONE', *, *, #8999, .T. ) ;
#692 = AXIS2_PLACEMENT_3D ( 'NONE', #7540, #11449, #3541 ) ;
#693 = EDGE_CURVE ( 'NONE', #7955, #9281, #4676, .T. ) ;
#694 = VERTEX_POINT ( 'NONE', #10520 ) ;
#695 = DIRECTION ( 'NONE',  ( -0.7071067811865456854, -0.7071067811865494601, 0.000000000000000000 ) ) ;
#696 = DIRECTION ( 'NONE',  ( -0.000000000000000000, -0.000000000000000000, -1.000000000000000000 ) ) ;
#697 = CARTESIAN_POINT ( 'NONE',  ( 5.200000000000000178, -29.92117749006092353, 1.000000000000000000 ) ) ;
#698 = ORIENTED_EDGE ( 'NONE', *, *, #11974, .F. ) ;
#699 = VECTOR ( 'NONE', #2239, 1000.000000000000000 ) ;
#700 = PLANE ( 'NONE',  #7507 ) ;
#701 = DIRECTION ( 'NONE',  ( -1.000000000000000000, 0.000000000000000000, 0.000000000000000000 ) ) ;
#702 = VECTOR ( 'NONE', #2188, 1000.000000000000000 ) ;
#703 = ORIENTED_EDGE ( 'NONE', *, *, #12575, .F. ) ;
#704 = DIRECTION ( 'NONE',  ( 0.000000000000000000, 0.000000000000000000, -1.000000000000000000 ) ) ;
#705 = EDGE_LOOP ( 'NONE', ( #1543, #10475, #5776, #2348 ) ) ;
#706 = ORIENTED_EDGE ( 'NONE', *, *, #2098, .T. ) ;
#707 = ORIENTED_EDGE ( 'NONE', *, *, #6894, .F. ) ;
#708 = VERTEX_POINT ( 'NONE', #690 ) ;
#709 = ADVANCED_FACE ( 'NONE', ( #6609 ), #6550, .T. ) ;
#710 = VECTOR ( 'NONE', #292, 1000.000000000000000 ) ;
#711 = EDGE_CURVE ( 'NONE', #1862, #9556, #8600, .T. ) ;
#712 = ORIENTED_EDGE ( 'NONE', *, *, #1035, .F. ) ;
#713 = EDGE_CURVE ( 'NONE', #7504, #6864, #10400, .T. ) ;
#714 = EDGE_CURVE ( 'NONE', #5562, #3269, #8461, .T. ) ;
#715 = DIRECTION ( 'NONE',  ( 0.000000000000000000, 0.000000000000000000, 1.000000000000000000 ) ) ;
#716 = DIRECTION ( 'NONE',  ( 0.000000000000000000, 0.000000000000000000, 1.000000000000000000 ) ) ;
#717 = CARTESIAN_POINT ( 'NONE',  ( -4.521177490060923176, 5.199999999999999289, 3.049999999999999822 ) ) ;
#718 = LINE ( 'NONE', #10548, #12448 ) ;
#719 = ORIENTED_EDGE ( 'NONE', *, *, #2506, .T. ) ;
#720 = LINE ( 'NONE', #1624, #9335 ) ;
#721 = CARTESIAN_POINT ( 'NONE',  ( -4.860588745030456792, -7.160588745030458391, 2.286000000000000032 ) ) ;
#722 = ORIENTED_EDGE ( 'NONE', *, *, #4687, .T. ) ;
#723 = DIRECTION ( 'NONE',  ( 0.000000000000000000, 0.000000000000000000, -1.000000000000000000 ) ) ;
#724 = AXIS2_PLACEMENT_3D ( 'NONE', #5405, #11320, #12222 ) ;
#725 = DIRECTION ( 'NONE',  ( -1.000000000000000000, 0.000000000000000000, 0.000000000000000000 ) ) ;
#726 = VERTEX_POINT ( 'NONE', #7636 ) ;
#727 = VECTOR ( 'NONE', #1037, 1000.000000000000000 ) ;
#728 = CYLINDRICAL_SURFACE ( 'NONE', #1216, 3.174999999999998934 ) ;
#729 = EDGE_CURVE ( 'NONE', #8873, #7812, #8407, .T. ) ;
#730 = CARTESIAN_POINT ( 'NONE',  ( -6.699999999999990408, -5.199999999999999289, 2.286000000000000032 ) ) ;
#731 = FACE_BOUND ( 'NONE', #3338, .T. ) ;
#732 = CARTESIAN_POINT ( 'NONE',  ( -25.39999999999999858, 0.000000000000000000, 2.286000000000000032 ) ) ;
#733 = VECTOR ( 'NONE', #5224, 1000.000000000000114 ) ;
#734 = VECTOR ( 'NONE', #9826, 1000.000000000000000 ) ;
#735 = LINE ( 'NONE', #4965, #160 ) ;
#736 = CARTESIAN_POINT ( 'NONE',  ( -5.200000000000001066, -29.92117749006092353, 1.000000000000000444 ) ) ;
#737 = CARTESIAN_POINT ( 'NONE',  ( 0.000000000000000000, -38.09999999999999432, 1.000000000000000000 ) ) ;
#738 = CARTESIAN_POINT ( 'NONE',  ( -3.654415587728408799, -31.74999999999999289, -2.286000000000000032 ) ) ;
#739 = LINE ( 'NONE', #2668, #11367 ) ;
#740 = AXIS2_PLACEMENT_3D ( 'NONE', #789, #3738, #6703 ) ;
#741 = DIRECTION ( 'NONE',  ( -0.7071067811865453523, 0.7071067811865496822, 0.000000000000000000 ) ) ;
#742 = EDGE_CURVE ( 'NONE', #7012, #2690, #10587, .T. ) ;
#743 = AXIS2_PLACEMENT_3D ( 'NONE', #1762, #671, #5554 ) ;
#744 = VERTEX_POINT ( 'NONE', #5573 ) ;
#745 = CARTESIAN_POINT ( 'NONE',  ( -5.200000000000001066, -29.92117749006092353, 3.049999999999999822 ) ) ;
#746 = VECTOR ( 'NONE', #1728, 1000.000000000000000 ) ;
#747 = DIRECTION ( 'NONE',  ( -0.000000000000000000, -0.000000000000000000, 1.000000000000000000 ) ) ;
#748 = EDGE_LOOP ( 'NONE', ( #3439, #9045, #4232, #566 ) ) ;
#749 = LINE ( 'NONE', #5627, #4281 ) ;
#750 = ORIENTED_EDGE ( 'NONE', *, *, #7480, .F. ) ;
#751 = CARTESIAN_POINT ( 'NONE',  ( -0.4800000000000003153, -41.23850681057090384, 2.286000000000000032 ) ) ;
#752 = CARTESIAN_POINT ( 'NONE',  ( 0.000000000000000000, -5.199999999999999289, -1.000000000000000000 ) ) ;
#753 = EDGE_LOOP ( 'NONE', ( #451, #1810, #312, #3853, #2938, #7725, #1896 ) ) ;
#754 = CIRCLE ( 'NONE', #7937, 3.174999999999998934 ) ;
#755 = VECTOR ( 'NONE', #966, 1000.000000000000000 ) ;
#756 = EDGE_CURVE ( 'NONE', #5879, #11914, #3458, .T. ) ;
#757 = ORIENTED_EDGE ( 'NONE', *, *, #8236, .T. ) ;
#758 = EDGE_CURVE ( 'NONE', #11730, #9287, #6409, .T. ) ;
#759 = DIRECTION ( 'NONE',  ( -0.000000000000000000, -0.000000000000000000, 1.000000000000000000 ) ) ;
#760 = VERTEX_POINT ( 'NONE', #2490 ) ;
#761 = AXIS2_PLACEMENT_3D ( 'NONE', #4988, #1014, #946 ) ;
#762 = DIRECTION ( 'NONE',  ( 0.000000000000000000, 0.000000000000000000, -1.000000000000000000 ) ) ;
#763 = PLANE ( 'NONE',  #12587 ) ;
#764 = CARTESIAN_POINT ( 'NONE',  ( -5.200000000000006395, -50.79999999999999716, 3.049999999999999822 ) ) ;
#765 = VECTOR ( 'NONE', #1960, 1000.000000000000000 ) ;
#766 = ORIENTED_EDGE ( 'NONE', *, *, #11933, .F. ) ;
#767 = CARTESIAN_POINT ( 'NONE',  ( -3.174999999999999822, 0.4799999999999999822, 2.286000000000000032 ) ) ;
#768 = CARTESIAN_POINT ( 'NONE',  ( -19.38941125496953433, -19.38941125496963735, 1.000000000000000000 ) ) ;
#769 = VERTEX_POINT ( 'NONE', #10331 ) ;
#770 = CARTESIAN_POINT ( 'NONE',  ( -6.689411254969570564, 6.689411254969531484, -1.000000000000000000 ) ) ;
#771 = EDGE_CURVE ( 'NONE', #9041, #9623, #9365, .T. ) ;
#772 = VERTEX_POINT ( 'NONE', #11419 ) ;
#773 = VERTEX_POINT ( 'NONE', #4487 ) ;
#774 = ORIENTED_EDGE ( 'NONE', *, *, #9829, .F. ) ;
#775 = ORIENTED_EDGE ( 'NONE', *, *, #11488, .T. ) ;
#776 = VECTOR ( 'NONE', #7292, 1000.000000000000000 ) ;
#777 = ORIENTED_EDGE ( 'NONE', *, *, #10043, .T. ) ;
#778 = PLANE ( 'NONE',  #2120 ) ;
#779 = CARTESIAN_POINT ( 'NONE',  ( -19.04999999999999716, 5.068629150101524594, -3.049999999999999822 ) ) ;
#780 = CYLINDRICAL_SURFACE ( 'NONE', #12702, 3.174999999999999822 ) ;
#781 = DIRECTION ( 'NONE',  ( -0.000000000000000000, -0.000000000000000000, 1.000000000000000000 ) ) ;
#782 = ORIENTED_EDGE ( 'NONE', *, *, #2626, .T. ) ;
#783 = CARTESIAN_POINT ( 'NONE',  ( 1.879848193585299310, -2.558670703524407397, 1.000000000000000000 ) ) ;
#784 = LINE ( 'NONE', #7410, #77 ) ;
#785 = EDGE_LOOP ( 'NONE', ( #10022, #1642, #9344, #7911 ) ) ;
#786 = AXIS2_PLACEMENT_3D ( 'NONE', #8828, #2012, #2908 ) ;
#787 = DIRECTION ( 'NONE',  ( -1.000000000000000000, 0.000000000000000000, 0.000000000000000000 ) ) ;
#788 = VECTOR ( 'NONE', #10621, 1000.000000000000000 ) ;
#789 = CARTESIAN_POINT ( 'NONE',  ( -15.87500000000000000, -0.4799999999999999822, -2.286000000000000032 ) ) ;
#790 = EDGE_CURVE ( 'NONE', #12214, #962, #12319, .T. ) ;
#791 = DIRECTION ( 'NONE',  ( 0.7071067811865451302, -0.7071067811865500152, 0.000000000000000000 ) ) ;
#792 = ORIENTED_EDGE ( 'NONE', *, *, #5162, .T. ) ;
#793 = EDGE_CURVE ( 'NONE', #10961, #9509, #4696, .T. ) ;
#794 = LINE ( 'NONE', #12547, #9418 ) ;
#795 = VECTOR ( 'NONE', #6626, 1000.000000000000114 ) ;
#796 = VECTOR ( 'NONE', #10499, 1000.000000000000000 ) ;
#797 = CARTESIAN_POINT ( 'NONE',  ( -5.200000000000004619, -42.62117749006090150, 3.049999999999999822 ) ) ;
#798 = PLANE ( 'NONE',  #7155 ) ;
#799 = DIRECTION ( 'NONE',  ( 1.000000000000000000, 0.000000000000000000, 0.000000000000000000 ) ) ;
#800 = DIRECTION ( 'NONE',  ( 1.000000000000000000, 0.000000000000000000, 0.000000000000000000 ) ) ;
#801 = DIRECTION ( 'NONE',  ( 0.000000000000000000, 0.000000000000000000, 1.000000000000000000 ) ) ;
#802 = DIRECTION ( 'NONE',  ( -0.000000000000000000, -0.000000000000000000, 1.000000000000000000 ) ) ;
#803 = VECTOR ( 'NONE', #1044, 1000.000000000000000 ) ;
#804 = CARTESIAN_POINT ( 'NONE',  ( -3.654415587728408799, -31.74999999999999289, 3.049999999999999822 ) ) ;
#805 = ADVANCED_FACE ( 'NONE', ( #630 ), #2621, .F. ) ;
#806 = EDGE_CURVE ( 'NONE', #6566, #7593, #3580, .T. ) ;
#807 = DIRECTION ( 'NONE',  ( 0.7071067811865497932, 0.7071067811865452413, -0.000000000000000000 ) ) ;
#808 = AXIS2_PLACEMENT_3D ( 'NONE', #5728, #5783, #9841 ) ;
#809 = CARTESIAN_POINT ( 'NONE',  ( -5.341619048833759820, -42.76279653889465493, -2.286000000000000032 ) ) ;
#810 = VERTEX_POINT ( 'NONE', #42 ) ;
#811 = AXIS2_PLACEMENT_3D ( 'NONE', #10967, #7764, #3122 ) ;
#812 = LINE ( 'NONE', #1701, #8757 ) ;
#813 = CARTESIAN_POINT ( 'NONE',  ( 0.000000000000000000, -38.09999999999999432, -2.286000000000000032 ) ) ;
#814 = ORIENTED_EDGE ( 'NONE', *, *, #1464, .F. ) ;
#815 = CARTESIAN_POINT ( 'NONE',  ( -25.39999999999999858, 0.000000000000000000, 1.000000000000000000 ) ) ;
#816 = VERTEX_POINT ( 'NONE', #4737 ) ;
#817 = ADVANCED_FACE ( 'NONE', ( #7693 ), #2933, .F. ) ;
#818 = DIRECTION ( 'NONE',  ( 0.7071067811865461294, 0.7071067811865490160, 0.000000000000000000 ) ) ;
#819 = DIRECTION ( 'NONE',  ( -1.000000000000000000, 0.000000000000000000, -0.000000000000000000 ) ) ;
#820 = ORIENTED_EDGE ( 'NONE', *, *, #11801, .T. ) ;
#821 = VERTEX_POINT ( 'NONE', #8657 ) ;
#822 = CARTESIAN_POINT ( 'NONE',  ( 1.879848193585314853, -40.65867070352438617, -2.286000000000000032 ) ) ;
#823 = ORIENTED_EDGE ( 'NONE', *, *, #6408, .F. ) ;
#824 = DIRECTION ( 'NONE',  ( -0.7071067811865462405, -0.7071067811865489050, 0.000000000000000000 ) ) ;
#825 = ORIENTED_EDGE ( 'NONE', *, *, #2756, .T. ) ;
#826 = DIRECTION ( 'NONE',  ( -0.7071067811865449082, -0.7071067811865502373, 0.000000000000000000 ) ) ;
#827 = PLANE ( 'NONE',  #5892 ) ;
#828 = ADVANCED_FACE ( 'NONE', ( #1902 ), #11605, .T. ) ;
#829 = ORIENTED_EDGE ( 'NONE', *, *, #5895, .T. ) ;
#830 = CARTESIAN_POINT ( 'NONE',  ( 5.200000000000000178, -17.22117749006090648, 3.049999999999999822 ) ) ;
#831 = DIRECTION ( 'NONE',  ( 0.000000000000000000, 0.000000000000000000, 1.000000000000000000 ) ) ;
#832 = ORIENTED_EDGE ( 'NONE', *, *, #5704, .T. ) ;
#833 = CARTESIAN_POINT ( 'NONE',  ( -17.22117749006090293, 5.199999999999999289, 3.049999999999999822 ) ) ;
#834 = VERTEX_POINT ( 'NONE', #4795 ) ;
#835 = ORIENTED_EDGE ( 'NONE', *, *, #4930, .F. ) ;
#836 = ORIENTED_EDGE ( 'NONE', *, *, #5926, .T. ) ;
#837 = EDGE_LOOP ( 'NONE', ( #1921, #7641, #6338, #3229 ) ) ;
#838 = FACE_OUTER_BOUND ( 'NONE', #1389, .T. ) ;
#839 = CARTESIAN_POINT ( 'NONE',  ( 0.000000000000000000, 5.199999999999999289, -1.000000000000000000 ) ) ;
#840 = CARTESIAN_POINT ( 'NONE',  ( 14.04779220613578694, -14.04779220613575319, 1.000000000000000000 ) ) ;
#841 = EDGE_CURVE ( 'NONE', #6232, #3525, #11867, .T. ) ;
#842 = VERTEX_POINT ( 'NONE', #9627 ) ;
#843 = LINE ( 'NONE', #9900, #727 ) ;
#844 = PLANE ( 'NONE',  #11168 ) ;
#845 = ORIENTED_EDGE ( 'NONE', *, *, #1379, .T. ) ;
#846 = LINE ( 'NONE', #4762, #10016 ) ;
#847 = DIRECTION ( 'NONE',  ( -1.000000000000000000, 0.000000000000000000, -0.000000000000000000 ) ) ;
#848 = DIRECTION ( 'NONE',  ( 1.000000000000000000, 0.000000000000000000, 0.000000000000000000 ) ) ;
#849 = ORIENTED_EDGE ( 'NONE', *, *, #11987, .F. ) ;
#850 = CARTESIAN_POINT ( 'NONE',  ( -6.699999999999990408, -5.199999999999999289, 1.000000000000000000 ) ) ;
#851 = EDGE_CURVE ( 'NONE', #4502, #5455, #5941, .T. ) ;
#852 = DIRECTION ( 'NONE',  ( -0.7071067811865459074, 0.7071067811865491270, -0.000000000000000000 ) ) ;
#853 = CARTESIAN_POINT ( 'NONE',  ( 0.000000000000000000, -50.79999999999999716, 2.286000000000000032 ) ) ;
#854 = FACE_OUTER_BOUND ( 'NONE', #1672, .T. ) ;
#855 = CARTESIAN_POINT ( 'NONE',  ( 4.662796538894681930, -18.04161904883375911, 1.000000000000000000 ) ) ;
#856 = CARTESIAN_POINT ( 'NONE',  ( -4.662796538894679266, -18.04161904883375200, -2.286000000000000032 ) ) ;
#857 = CARTESIAN_POINT ( 'NONE',  ( -25.39999999999999858, 0.000000000000000000, -1.000000000000000000 ) ) ;
#858 = FACE_OUTER_BOUND ( 'NONE', #3762, .T. ) ;
#859 = DIRECTION ( 'NONE',  ( -1.000000000000000000, 0.000000000000000000, 0.000000000000000000 ) ) ;
#860 = FACE_OUTER_BOUND ( 'NONE', #4355, .T. ) ;
#861 = ORIENTED_EDGE ( 'NONE', *, *, #12226, .T. ) ;
#862 = EDGE_CURVE ( 'NONE', #6410, #9052, #9839, .T. ) ;
#863 = EDGE_CURVE ( 'NONE', #6013, #12673, #3902, .T. ) ;
#864 = LINE ( 'NONE', #1959, #2604 ) ;
#865 = EDGE_CURVE ( 'NONE', #1516, #5558, #11733, .T. ) ;
#866 = DIRECTION ( 'NONE',  ( 0.7071067811865479058, 0.7071067811865471286, 0.000000000000000000 ) ) ;
#867 = EDGE_CURVE ( 'NONE', #3252, #12321, #12705, .T. ) ;
#868 = ORIENTED_EDGE ( 'NONE', *, *, #5269, .T. ) ;
#869 = LINE ( 'NONE', #3828, #1003 ) ;
#870 = ORIENTED_EDGE ( 'NONE', *, *, #3617, .F. ) ;
#871 = DIRECTION ( 'NONE',  ( -0.7071067811865479058, 0.7071067811865472397, 0.000000000000000000 ) ) ;
#872 = FACE_OUTER_BOUND ( 'NONE', #11162, .T. ) ;
#873 = ORIENTED_EDGE ( 'NONE', *, *, #6894, .T. ) ;
#874 = ORIENTED_EDGE ( 'NONE', *, *, #8090, .F. ) ;
#875 = DIRECTION ( 'NONE',  ( 0.000000000000000000, 0.000000000000000000, -1.000000000000000000 ) ) ;
#876 = ORIENTED_EDGE ( 'NONE', *, *, #1276, .F. ) ;
#877 = EDGE_CURVE ( 'NONE', #1527, #8491, #11798, .T. ) ;
#878 = DIRECTION ( 'NONE',  ( -1.000000000000000000, 0.000000000000000000, 0.000000000000000000 ) ) ;
#879 = VECTOR ( 'NONE', #2296, 1000.000000000000114 ) ;
#880 = EDGE_LOOP ( 'NONE', ( #295, #5386, #8841, #4852 ) ) ;
#881 = CARTESIAN_POINT ( 'NONE',  ( -2.558670703524398515, -1.879848193585312632, 2.286000000000000032 ) ) ;
#882 = DIRECTION ( 'NONE',  ( 0.000000000000000000, 0.000000000000000000, -1.000000000000000000 ) ) ;
#883 = VERTEX_POINT ( 'NONE', #6986 ) ;
#884 = CARTESIAN_POINT ( 'NONE',  ( 0.000000000000000000, -12.69999999999999929, -1.000000000000000000 ) ) ;
#885 = CARTESIAN_POINT ( 'NONE',  ( -0.4799999999999777778, 2.622574073917573572E-16, 1.000000000000000000 ) ) ;
#886 = CARTESIAN_POINT ( 'NONE',  ( 0.000000000000000000, 0.000000000000000000, -2.286000000000000032 ) ) ;
#887 = VERTEX_POINT ( 'NONE', #5765 ) ;
#889 = LINE ( 'NONE', #833, #2197 ) ;
#888 = VECTOR ( 'NONE', #4150, 1000.000000000000000 ) ;
#890 = VECTOR ( 'NONE', #9754, 1000.000000000000000 ) ;
#891 = ORIENTED_EDGE ( 'NONE', *, *, #6993, .F. ) ;
#892 = ORIENTED_EDGE ( 'NONE', *, *, #6584, .F. ) ;
#893 = ORIENTED_EDGE ( 'NONE', *, *, #5077, .F. ) ;
#894 = CALENDAR_DATE ( 2022, 6, 6 ) ;
#895 = VECTOR ( 'NONE', #11879, 1000.000000000000000 ) ;
#896 = FACE_OUTER_BOUND ( 'NONE', #5641, .T. ) ;
#897 = CIRCLE ( 'NONE', #7059, 3.174999999999999822 ) ;
#898 = CARTESIAN_POINT ( 'NONE',  ( -25.39999999999999858, 0.000000000000000000, 1.000000000000000000 ) ) ;
#899 = DIRECTION ( 'NONE',  ( 0.000000000000000000, 0.000000000000000000, 1.000000000000000000 ) ) ;
#900 = ORIENTED_EDGE ( 'NONE', *, *, #3370, .T. ) ;
#901 = DIRECTION ( 'NONE',  ( -0.000000000000000000, -0.000000000000000000, 1.000000000000000000 ) ) ;
#902 = DIRECTION ( 'NONE',  ( -0.000000000000000000, -0.000000000000000000, 1.000000000000000000 ) ) ;
#903 = ORIENTED_EDGE ( 'NONE', *, *, #7363, .F. ) ;
#904 = DIRECTION ( 'NONE',  ( 0.7071067811865471286, -0.7071067811865479058, 0.000000000000000000 ) ) ;
#905 = CARTESIAN_POINT ( 'NONE',  ( 6.200000000000021494, -30.61862915010153330, -3.049999999999999822 ) ) ;
#906 = CARTESIAN_POINT ( 'NONE',  ( 0.000000000000000000, -12.69999999999999929, 2.286000000000000032 ) ) ;
#907 = ORIENTED_EDGE ( 'NONE', *, *, #2394, .F. ) ;
#908 = VECTOR ( 'NONE', #5250, 1000.000000000000114 ) ;
#909 = EDGE_LOOP ( 'NONE', ( #3488, #11725, #8551, #10880 ) ) ;
#910 = DIRECTION ( 'NONE',  ( 0.000000000000000000, -1.000000000000000000, 0.000000000000000000 ) ) ;
#911 = EDGE_CURVE ( 'NONE', #2612, #2568, #7951, .T. ) ;
#912 = ADVANCED_FACE ( 'NONE', ( #3837 ), #5826, .T. ) ;
#913 = CARTESIAN_POINT ( 'NONE',  ( -13.03941125496958620, 13.03941125496952402, -1.000000000000000000 ) ) ;
#914 = FACE_OUTER_BOUND ( 'NONE', #3109, .T. ) ;
#915 = LINE ( 'NONE', #2663, #3618 ) ;
#916 = AXIS2_PLACEMENT_3D ( 'NONE', #10757, #5945, #1763 ) ;
#917 = DIRECTION ( 'NONE',  ( 1.000000000000000000, 0.000000000000000000, 0.000000000000000000 ) ) ;
#918 = FACE_OUTER_BOUND ( 'NONE', #4269, .T. ) ;
#919 = DIRECTION ( 'NONE',  ( -1.000000000000000000, 0.000000000000000000, -0.000000000000000000 ) ) ;
#920 = DIRECTION ( 'NONE',  ( -0.000000000000000000, -0.000000000000000000, 1.000000000000000000 ) ) ;
#921 = VECTOR ( 'NONE', #1364, 1000.000000000000114 ) ;
#922 = DIRECTION ( 'NONE',  ( -0.7071067811865500152, -0.7071067811865451302, 0.000000000000000000 ) ) ;
#923 = EDGE_CURVE ( 'NONE', #7966, #12564, #7761, .T. ) ;
#924 = CARTESIAN_POINT ( 'NONE',  ( 6.200000000000010836, -7.481370849898468123, 3.049999999999999822 ) ) ;
#925 = VECTOR ( 'NONE', #6768, 1000.000000000000114 ) ;
#926 = EDGE_LOOP ( 'NONE', ( #7336, #9226, #9881, #4280, #4749, #1204 ) ) ;
#927 = VECTOR ( 'NONE', #3910, 1000.000000000000000 ) ;
#928 = LINE ( 'NONE', #5948, #12039 ) ;
#929 = LINE ( 'NONE', #7683, #6723 ) ;
#930 = ORIENTED_EDGE ( 'NONE', *, *, #11584, .F. ) ;
#931 = DIRECTION ( 'NONE',  ( -1.000000000000000000, 0.000000000000000000, -0.000000000000000000 ) ) ;
#932 = AXIS2_PLACEMENT_3D ( 'NONE', #1898, #4858, #8782 ) ;
#933 = ORIENTED_EDGE ( 'NONE', *, *, #5992, .T. ) ;
#934 = PLANE ( 'NONE',  #10139 ) ;
#935 = CARTESIAN_POINT ( 'NONE',  ( -20.05838095116623521, -4.662796538894666831, 2.286000000000000032 ) ) ;
#936 = ORIENTED_EDGE ( 'NONE', *, *, #2436, .T. ) ;
#937 = AXIS2_PLACEMENT_3D ( 'NONE', #1695, #6649, #10635 ) ;
#938 = ADVANCED_FACE ( 'NONE', ( #3068 ), #10904, .T. ) ;
#939 = EDGE_CURVE ( 'NONE', #8235, #5596, #4863, .T. ) ;
#941 = EDGE_CURVE ( 'NONE', #7197, #11595, #10777, .T. ) ;
#940 = EDGE_LOOP ( 'NONE', ( #5314, #12241, #861, #1217, #8445, #11644, #12301 ) ) ;
#942 = AXIS2_PLACEMENT_3D ( 'NONE', #11003, #5093, #5023 ) ;
#943 = DIRECTION ( 'NONE',  ( 0.000000000000000000, 0.000000000000000000, -1.000000000000000000 ) ) ;
#944 = VERTEX_POINT ( 'NONE', #4928 ) ;
#945 = AXIS2_PLACEMENT_3D ( 'NONE', #11063, #11952, #10225 ) ;
#946 = DIRECTION ( 'NONE',  ( 1.000000000000000000, 0.000000000000000000, 0.000000000000000000 ) ) ;
#947 = VERTEX_POINT ( 'NONE', #4985 ) ;
#948 = CARTESIAN_POINT ( 'NONE',  ( -12.69999999999999929, 0.000000000000000000, -2.286000000000000032 ) ) ;
#949 = CARTESIAN_POINT ( 'NONE',  ( 5.200000000000000178, 0.000000000000000000, -1.000000000000000000 ) ) ;
#950 = ORIENTED_EDGE ( 'NONE', *, *, #11241, .F. ) ;
#951 = FACE_OUTER_BOUND ( 'NONE', #10596, .T. ) ;
#952 = CARTESIAN_POINT ( 'NONE',  ( -6.200000000000006395, -50.79999999999999716, 3.049999999999999822 ) ) ;
#953 = DIRECTION ( 'NONE',  ( -0.7071067811865451302, 0.7071067811865500152, 0.000000000000000000 ) ) ;
#954 = VECTOR ( 'NONE', #5342, 1000.000000000000000 ) ;
#955 = EDGE_LOOP ( 'NONE', ( #7199, #8896, #10055, #3479 ) ) ;
#956 = CIRCLE ( 'NONE', #8138, 3.174999999999999822 ) ;
#957 = EDGE_CURVE ( 'NONE', #4046, #9313, #5320, .T. ) ;
#958 = LINE ( 'NONE', #8923, #334 ) ;
#959 = CIRCLE ( 'NONE', #12655, 3.175000000000000711 ) ;
#960 = ORIENTED_EDGE ( 'NONE', *, *, #41, .F. ) ;
#961 = ORIENTED_EDGE ( 'NONE', *, *, #9513, .F. ) ;
#962 = VERTEX_POINT ( 'NONE', #2161 ) ;
#963 = PERSON_AND_ORGANIZATION_ROLE ( 'design_supplier' ) ;
#964 = AXIS2_PLACEMENT_3D ( 'NONE', #1137, #5059, #6801 ) ;
#965 = VECTOR ( 'NONE', #12181, 1000.000000000000000 ) ;
#966 = DIRECTION ( 'NONE',  ( -1.365923996832132102E-16, -1.000000000000000000, -0.000000000000000000 ) ) ;
#967 = LINE ( 'NONE', #1928, #12294 ) ;
#968 = CARTESIAN_POINT ( 'NONE',  ( 4.662796538894681042, -7.358380951166239470, 1.000000000000000000 ) ) ;
#969 = VERTEX_POINT ( 'NONE', #3251 ) ;
#970 = LINE ( 'NONE', #8935, #4201 ) ;
#971 = DIRECTION ( 'NONE',  ( 1.000000000000000000, 0.000000000000000000, 0.000000000000000000 ) ) ;
#972 = ORIENTED_EDGE ( 'NONE', *, *, #1390, .F. ) ;
#973 = PLANE ( 'NONE',  #9611 ) ;
#974 = EDGE_CURVE ( 'NONE', #4427, #7633, #8067, .T. ) ;
#975 = DIRECTION ( 'NONE',  ( 1.000000000000000000, 0.000000000000000000, 0.000000000000000000 ) ) ;
#976 = DIRECTION ( 'NONE',  ( 1.000000000000000000, 0.000000000000000000, 0.000000000000000000 ) ) ;
#977 = EDGE_LOOP ( 'NONE', ( #5337, #10083, #11040, #10676, #8772, #3652, #5626 ) ) ;
#978 = VECTOR ( 'NONE', #12552, 1000.000000000000114 ) ;
#979 = ORIENTED_EDGE ( 'NONE', *, *, #7751, .T. ) ;
#980 = FACE_OUTER_BOUND ( 'NONE', #4485, .T. ) ;
#981 = CARTESIAN_POINT ( 'NONE',  ( 0.000000000000000000, 0.000000000000000000, 2.286000000000000032 ) ) ;
#982 = DIRECTION ( 'NONE',  ( 1.000000000000000000, 0.000000000000000000, 0.000000000000000000 ) ) ;
#983 = LINE ( 'NONE', #9070, #9972 ) ;
#984 = AXIS2_PLACEMENT_3D ( 'NONE', #10232, #9068, #6055 ) ;
#985 = VECTOR ( 'NONE', #9084, 1000.000000000000000 ) ;
#986 = LINE ( 'NONE', #3939, #8727 ) ;
#987 = DIRECTION ( 'NONE',  ( -0.000000000000000000, -0.000000000000000000, -1.000000000000000000 ) ) ;
#988 = CARTESIAN_POINT ( 'NONE',  ( -23.52015180641467040, 2.558670703524388301, 1.000000000000000000 ) ) ;
#989 = EDGE_CURVE ( 'NONE', #674, #7842, #3687, .T. ) ;
#990 = CARTESIAN_POINT ( 'NONE',  ( 0.000000000000000000, 0.000000000000000000, 1.000000000000000000 ) ) ;
#991 = ADVANCED_FACE ( 'NONE', ( #2096 ), #4213, .F. ) ;
#992 = DIRECTION ( 'NONE',  ( -0.000000000000000000, -0.000000000000000000, 1.000000000000000000 ) ) ;
#993 = VECTOR ( 'NONE', #7570, 1000.000000000000000 ) ;
#994 = CARTESIAN_POINT ( 'NONE',  ( 2.584475285236818465, -27.30565277529775869, 2.286000000000000032 ) ) ;
#995 = VECTOR ( 'NONE', #211, 1000.000000000000000 ) ;
#996 = ORIENTED_EDGE ( 'NONE', *, *, #10922, .T. ) ;
#997 = DIRECTION ( 'NONE',  ( 1.000000000000000000, 0.000000000000000000, 0.000000000000000000 ) ) ;
#998 = VECTOR ( 'NONE', #8632, 1000.000000000000000 ) ;
#999 = LINE ( 'NONE', #5756, #3846 ) ;
#1000 = EDGE_CURVE ( 'NONE', #4791, #9905, #6014, .T. ) ;
#1001 = ORIENTED_EDGE ( 'NONE', *, *, #7834, .T. ) ;
#1002 = LINE ( 'NONE', #5885, #8803 ) ;
#1003 = VECTOR ( 'NONE', #3058, 1000.000000000000000 ) ;
#1004 = ORIENTED_EDGE ( 'NONE', *, *, #10999, .F. ) ;
#1005 = ADVANCED_FACE ( 'NONE', ( #9096 ), #11925, .F. ) ;
#1006 = DIRECTION ( 'NONE',  ( 1.000000000000000000, 0.000000000000000000, 0.000000000000000000 ) ) ;
#1007 = AXIS2_PLACEMENT_3D ( 'NONE', #10615, #7785, #11823 ) ;
#1008 = CARTESIAN_POINT ( 'NONE',  ( 1.879848193585299532, -2.558670703524407841, -2.286000000000000032 ) ) ;
#1009 = VERTEX_POINT ( 'NONE', #9040 ) ;
#1010 = CIRCLE ( 'NONE', #10867, 3.174999999999999822 ) ;
#1011 = ORIENTED_EDGE ( 'NONE', *, *, #11478, .F. ) ;
#1012 = DIRECTION ( 'NONE',  ( -0.7071067811865465735, 0.7071067811865484609, 0.000000000000000000 ) ) ;
#1013 = VERTEX_POINT ( 'NONE', #3181 ) ;
#1014 = DIRECTION ( 'NONE',  ( -0.000000000000000000, -0.000000000000000000, 1.000000000000000000 ) ) ;
#1015 = EDGE_CURVE ( 'NONE', #8752, #6864, #1010, .T. ) ;
#1016 = ORIENTED_EDGE ( 'NONE', *, *, #2377, .T. ) ;
#1017 = CARTESIAN_POINT ( 'NONE',  ( 6.199999999999980638, -50.79999999999999716, -3.049999999999999822 ) ) ;
#1018 = DIRECTION ( 'NONE',  ( -0.7071067811865486830, -0.7071067811865464625, -0.000000000000000000 ) ) ;
#1019 = ORIENTED_EDGE ( 'NONE', *, *, #12023, .T. ) ;
#1020 = FACE_OUTER_BOUND ( 'NONE', #8550, .T. ) ;
#1021 = CYLINDRICAL_SURFACE ( 'NONE', #2538, 3.174999999999999822 ) ;
#1022 = CARTESIAN_POINT ( 'NONE',  ( 5.200000000000000178, 6.368163355566235395E-16, 3.049999999999999822 ) ) ;
#1023 = ORIENTED_EDGE ( 'NONE', *, *, #12136, .T. ) ;
#1024 = CARTESIAN_POINT ( 'NONE',  ( -5.341619048833760708, -33.43720346110533370, -2.286000000000000032 ) ) ;
#1025 = EDGE_LOOP ( 'NONE', ( #5443, #7545, #6791, #5048, #2759, #505, #8597, #4506 ) ) ;
#1026 = ORIENTED_EDGE ( 'NONE', *, *, #1260, .T. ) ;
#1027 = ORIENTED_EDGE ( 'NONE', *, *, #8254, .T. ) ;
#1028 = COORDINATED_UNIVERSAL_TIME_OFFSET ( 6, 0, .BEHIND. ) ;
#1029 = ADVANCED_FACE ( 'NONE', ( #176 ), #3120, .F. ) ;
#1030 = DIRECTION ( 'NONE',  ( -0.000000000000000000, -0.000000000000000000, -1.000000000000000000 ) ) ;
#1031 = EDGE_CURVE ( 'NONE', #6989, #12090, #2230, .T. ) ;
#1032 = EDGE_CURVE ( 'NONE', #4878, #7593, #7183, .T. ) ;
#1033 = DIRECTION ( 'NONE',  ( -0.000000000000000000, -0.000000000000000000, -1.000000000000000000 ) ) ;
#1034 = DIRECTION ( 'NONE',  ( -0.7071067811865475727, 0.7071067811865475727, 0.000000000000000000 ) ) ;
#1035 = EDGE_CURVE ( 'NONE', #10933, #3207, #6208, .T. ) ;
#1036 = VERTEX_POINT ( 'NONE', #5125 ) ;
#1037 = DIRECTION ( 'NONE',  ( -0.000000000000000000, -0.000000000000000000, -1.000000000000000000 ) ) ;
#1038 = DIRECTION ( 'NONE',  ( 0.000000000000000000, 0.000000000000000000, -1.000000000000000000 ) ) ;
#1039 = VERTEX_POINT ( 'NONE', #2099 ) ;
#1040 = DIRECTION ( 'NONE',  ( 0.000000000000000000, 0.000000000000000000, 1.000000000000000000 ) ) ;
#1041 = FACE_OUTER_BOUND ( 'NONE', #5951, .T. ) ;
#1042 = ORIENTED_EDGE ( 'NONE', *, *, #5926, .F. ) ;
#1043 = ORIENTED_EDGE ( 'NONE', *, *, #4200, .T. ) ;
#1044 = DIRECTION ( 'NONE',  ( -7.912989585623242219E-16, 1.000000000000000000, 0.000000000000000000 ) ) ;
#1045 = ADVANCED_FACE ( 'NONE', ( #9044 ), #1905, .T. ) ;
#1046 = CARTESIAN_POINT ( 'NONE',  ( 1.879848193585314409, -35.54132929647560246, 2.286000000000000032 ) ) ;
#1047 = CARTESIAN_POINT ( 'NONE',  ( -4.662796538894667719, -45.45838095116622668, 2.286000000000000032 ) ) ;
#1048 = CARTESIAN_POINT ( 'NONE',  ( -25.39999999999999858, 5.199999999999999289, -3.049999999999999822 ) ) ;
#1049 = LINE ( 'NONE', #23, #8774 ) ;
#1050 = DIRECTION ( 'NONE',  ( 1.000000000000000000, 0.000000000000000000, 0.000000000000000000 ) ) ;
#1051 = LINE ( 'NONE', #273, #5201 ) ;
#1052 = ORIENTED_EDGE ( 'NONE', *, *, #3826, .F. ) ;
#1053 = DIRECTION ( 'NONE',  ( -1.000000000000000000, -2.185478394931411364E-15, 0.000000000000000000 ) ) ;
#1054 = CARTESIAN_POINT ( 'NONE',  ( 5.200000000000000178, -17.22117749006090648, -2.286000000000000920 ) ) ;
#1055 = CARTESIAN_POINT ( 'NONE',  ( -13.03941125496951869, -13.03941125496961639, -1.000000000000000000 ) ) ;
#1056 = ORIENTED_EDGE ( 'NONE', *, *, #627, .T. ) ;
#1057 = ADVANCED_FACE ( 'NONE', ( #2936 ), #11927, .F. ) ;
#1058 = FACE_OUTER_BOUND ( 'NONE', #2678, .T. ) ;
#1059 = LINE ( 'NONE', #10952, #6309 ) ;
#1060 = CARTESIAN_POINT ( 'NONE',  ( 0.000000000000000000, -50.79999999999999716, 2.286000000000000032 ) ) ;
#1061 = ORIENTED_EDGE ( 'NONE', *, *, #6182, .T. ) ;
#1062 = PLANE ( 'NONE',  #9525 ) ;
#1063 = CARTESIAN_POINT ( 'NONE',  ( -6.699999999999990408, -5.199999999999999289, 3.049999999999999822 ) ) ;
#1064 = EDGE_LOOP ( 'NONE', ( #1388, #7521, #7236, #11888, #12279, #4430 ) ) ;
#1065 = ORIENTED_EDGE ( 'NONE', *, *, #8223, .T. ) ;
#1066 = DIRECTION ( 'NONE',  ( -1.000000000000000000, 0.000000000000000000, 0.000000000000000000 ) ) ;
#1067 = ORIENTED_EDGE ( 'NONE', *, *, #219, .F. ) ;
#1068 = EDGE_CURVE ( 'NONE', #1807, #7439, #5055, .T. ) ;
#1069 = ADVANCED_FACE ( 'NONE', ( #12710 ), #3070, .T. ) ;
#1070 = CARTESIAN_POINT ( 'NONE',  ( -4.662796538894676601, -43.44161904883374348, 2.286000000000000032 ) ) ;
#1071 = ORIENTED_EDGE ( 'NONE', *, *, #1632, .F. ) ;
#1072 = CARTESIAN_POINT ( 'NONE',  ( 0.4799999999999937650, -28.53850681057091521, 2.286000000000000032 ) ) ;
#1073 = LINE ( 'NONE', #6991, #2806 ) ;
#1074 = ORIENTED_EDGE ( 'NONE', *, *, #12501, .F. ) ;
#1075 = DIRECTION ( 'NONE',  ( 0.000000000000000000, -0.000000000000000000, -1.000000000000000000 ) ) ;
#1076 = CARTESIAN_POINT ( 'NONE',  ( 3.654415587728450543, -19.04999999999999716, 3.049999999999999822 ) ) ;
#1077 = DIRECTION ( 'NONE',  ( 0.000000000000000000, 0.000000000000000000, -1.000000000000000000 ) ) ;
#1078 = ORIENTED_EDGE ( 'NONE', *, *, #11948, .F. ) ;
#1079 = CARTESIAN_POINT ( 'NONE',  ( 0.4800000000000221312, -2.622574073917815653E-16, 1.000000000000000000 ) ) ;
#1080 = VERTEX_POINT ( 'NONE', #1134 ) ;
#1081 = EDGE_CURVE ( 'NONE', #6298, #11373, #11680, .T. ) ;
#1082 = ORIENTED_EDGE ( 'NONE', *, *, #11152, .F. ) ;
#1083 = CIRCLE ( 'NONE', #7445, 3.174999999999998934 ) ;
#1084 = EDGE_LOOP ( 'NONE', ( #3211, #2825, #427, #6984 ) ) ;
#1085 = CARTESIAN_POINT ( 'NONE',  ( -5.199999999999999289, -20.87882250993907718, 1.000000000000000000 ) ) ;
#1086 = CARTESIAN_POINT ( 'NONE',  ( 0.000000000000000000, -12.69999999999999929, -2.286000000000000032 ) ) ;
#1087 = DIRECTION ( 'NONE',  ( 1.000000000000000000, 0.000000000000000000, 0.000000000000000000 ) ) ;
#1088 = ORIENTED_EDGE ( 'NONE', *, *, #6384, .T. ) ;
#1089 = VECTOR ( 'NONE', #4562, 1000.000000000000000 ) ;
#1090 = CARTESIAN_POINT ( 'NONE',  ( -3.174999999999999822, -12.69999999999999929, 2.286000000000000032 ) ) ;
#1091 = LINE ( 'NONE', #6884, #6038 ) ;
#1092 = AXIS2_PLACEMENT_3D ( 'NONE', #5487, #7486, #12299 ) ;
#1093 = VERTEX_POINT ( 'NONE', #4029 ) ;
#1094 = DIRECTION ( 'NONE',  ( -1.000000000000000000, -3.414809992080329023E-17, 0.000000000000000000 ) ) ;
#1095 = CARTESIAN_POINT ( 'NONE',  ( 4.662796538894649956, -45.45838095116624800, -2.286000000000000920 ) ) ;
#1096 = DIRECTION ( 'NONE',  ( -0.7071067811865489050, -0.7071067811865461294, 0.000000000000000000 ) ) ;
#1097 = ORIENTED_EDGE ( 'NONE', *, *, #9276, .T. ) ;
#1098 = EDGE_CURVE ( 'NONE', #10420, #3323, #10614, .T. ) ;
#1099 = EDGE_CURVE ( 'NONE', #5633, #1451, #10780, .T. ) ;
#1100 = EDGE_CURVE ( 'NONE', #216, #2698, #6720, .T. ) ;
#1101 = VERTEX_POINT ( 'NONE', #7954 ) ;
#1102 = PLANE ( 'NONE',  #9211 ) ;
#1103 = EDGE_CURVE ( 'NONE', #6078, #1339, #8981, .T. ) ;
#1104 = VECTOR ( 'NONE', #6317, 1000.000000000000000 ) ;
#1105 = VECTOR ( 'NONE', #4772, 1000.000000000000114 ) ;
#1106 = CARTESIAN_POINT ( 'NONE',  ( -17.36279653889466346, 5.341619048833760708, -2.286000000000000032 ) ) ;
#1107 = CARTESIAN_POINT ( 'NONE',  ( -10.14132929647560211, -1.879848193585313965, -2.286000000000000032 ) ) ;
#1108 = PLANE ( 'NONE',  #4426 ) ;
#1109 = DIRECTION ( 'NONE',  ( 1.000000000000000000, 0.000000000000000000, 0.000000000000000000 ) ) ;
#1110 = LINE ( 'NONE', #5939, #10956 ) ;
#1111 = LINE ( 'NONE', #83, #1303 ) ;
#1112 = ORIENTED_EDGE ( 'NONE', *, *, #1907, .F. ) ;
#1113 = CARTESIAN_POINT ( 'NONE',  ( -4.662796538894670384, -32.75838095116625936, 1.000000000000000000 ) ) ;
#1114 = CIRCLE ( 'NONE', #494, 2.100000000000000089 ) ;
#1115 = CARTESIAN_POINT ( 'NONE',  ( -1.879848193585310634, -40.65867070352439328, 2.286000000000000032 ) ) ;
#1116 = VECTOR ( 'NONE', #8164, 1000.000000000000000 ) ;
#1117 = EDGE_CURVE ( 'NONE', #11111, #10417, #6988, .T. ) ;
#1118 = CARTESIAN_POINT ( 'NONE',  ( -2.558670703524407841, 1.879848193585299532, 2.286000000000000032 ) ) ;
#1119 = ORIENTED_EDGE ( 'NONE', *, *, #515, .T. ) ;
#1120 = AXIS2_PLACEMENT_3D ( 'NONE', #4071, #11910, #10053 ) ;
#1121 = CARTESIAN_POINT ( 'NONE',  ( -8.178822509939093877, 5.199999999999999289, 3.049999999999999822 ) ) ;
#1122 = CARTESIAN_POINT ( 'NONE',  ( -17.22117749006090293, 5.199999999999999289, -1.000000000000000000 ) ) ;
#1123 = CARTESIAN_POINT ( 'NONE',  ( 2.100000000000000089, 0.000000000000000000, -1.001000000000000112 ) ) ;
#1124 = ORIENTED_EDGE ( 'NONE', *, *, #11231, .F. ) ;
#1125 = CARTESIAN_POINT ( 'NONE',  ( -5.200000000000005507, -45.99558441227155470, 2.286000000000000032 ) ) ;
#1126 = LINE ( 'NONE', #3117, #2576 ) ;
#1127 = ORIENTED_EDGE ( 'NONE', *, *, #2194, .T. ) ;
#1128 = EDGE_CURVE ( 'NONE', #10981, #6933, #8789, .T. ) ;
#1129 = CC_DESIGN_APPROVAL ( #398, ( #10571 ) ) ;
#1130 = ORIENTED_EDGE ( 'NONE', *, *, #1379, .F. ) ;
#1131 = AXIS2_PLACEMENT_3D ( 'NONE', #1680, #9519, #10428 ) ;
#1132 = DIRECTION ( 'NONE',  ( -0.000000000000000000, -0.000000000000000000, 1.000000000000000000 ) ) ;
#1133 = ORIENTED_EDGE ( 'NONE', *, *, #10550, .T. ) ;
#1134 = CARTESIAN_POINT ( 'NONE',  ( -1.879848193585312632, -2.558670703524398515, -2.286000000000000032 ) ) ;
#1135 = ORIENTED_EDGE ( 'NONE', *, *, #7144, .F. ) ;
#1136 = LINE ( 'NONE', #4933, #4691 ) ;
#1137 = CARTESIAN_POINT ( 'NONE',  ( 6.200000000000000178, 7.592810154713588849E-16, -1.000000000000000000 ) ) ;
#1138 = ORIENTED_EDGE ( 'NONE', *, *, #8581, .F. ) ;
#1139 = AXIS2_PLACEMENT_3D ( 'NONE', #7070, #11059, #8096 ) ;
#1140 = DIRECTION ( 'NONE',  ( 0.7071067811865464625, 0.7071067811865486830, 0.000000000000000000 ) ) ;
#1141 = LINE ( 'NONE', #12715, #10953 ) ;
#1142 = DIRECTION ( 'NONE',  ( -1.000000000000000000, 0.000000000000000000, 0.000000000000000000 ) ) ;
#1143 = ORIENTED_EDGE ( 'NONE', *, *, #8357, .T. ) ;
#1144 = EDGE_CURVE ( 'NONE', #3501, #4118, #3960, .T. ) ;
#1145 = CARTESIAN_POINT ( 'NONE',  ( -6.199999999999995737, -50.79999999999999716, -3.049999999999999822 ) ) ;
#1146 = EDGE_CURVE ( 'NONE', #8746, #6391, #6928, .T. ) ;
#1147 = AXIS2_PLACEMENT_3D ( 'NONE', #7801, #11714, #9856 ) ;
#1148 = VECTOR ( 'NONE', #8710, 1000.000000000000000 ) ;
#1149 = ORIENTED_EDGE ( 'NONE', *, *, #11151, .T. ) ;
#1150 = ORIENTED_EDGE ( 'NONE', *, *, #9334, .T. ) ;
#1151 = CIRCLE ( 'NONE', #8332, 3.175000000000000711 ) ;
#1152 = ORIENTED_EDGE ( 'NONE', *, *, #436, .F. ) ;
#1153 = DIRECTION ( 'NONE',  ( -0.000000000000000000, -0.000000000000000000, 1.000000000000000000 ) ) ;
#1154 = VECTOR ( 'NONE', #9002, 1000.000000000000000 ) ;
#1155 = LINE ( 'NONE', #7006, #10044 ) ;
#1156 = CARTESIAN_POINT ( 'NONE',  ( 6.200000000000007283, -43.31862915010152904, -3.049999999999999822 ) ) ;
#1157 = VECTOR ( 'NONE', #8166, 1000.000000000000000 ) ;
#1158 = ORIENTED_EDGE ( 'NONE', *, *, #5363, .T. ) ;
#1159 = ADVANCED_FACE ( 'NONE', ( #8912 ), #5961, .T. ) ;
#1160 = LINE ( 'NONE', #2373, #5240 ) ;
#1161 = DIRECTION ( 'NONE',  ( -1.000000000000000000, 0.000000000000000000, 0.000000000000000000 ) ) ;
#1162 = CIRCLE ( 'NONE', #3829, 3.175000000000000711 ) ;
#1163 = ORIENTED_EDGE ( 'NONE', *, *, #469, .F. ) ;
#1164 = LINE ( 'NONE', #12528, #746 ) ;
#1165 = DATE_AND_TIME ( #9967, #5638 ) ;
#1166 = ORIENTED_EDGE ( 'NONE', *, *, #11115, .T. ) ;
#1167 = VECTOR ( 'NONE', #882, 1000.000000000000000 ) ;
#1168 = ORIENTED_EDGE ( 'NONE', *, *, #1015, .F. ) ;
#1169 = AXIS2_PLACEMENT_3D ( 'NONE', #8738, #1153, #5845 ) ;
#1170 = LINE ( 'NONE', #10998, #11065 ) ;
#1171 = AXIS2_PLACEMENT_3D ( 'NONE', #11221, #1391, #428 ) ;
#1172 = DIRECTION ( 'NONE',  ( -0.7071067811865500152, -0.7071067811865451302, 0.000000000000000000 ) ) ;
#1173 = CARTESIAN_POINT ( 'NONE',  ( -6.699999999999990408, -6.699999999999999289, 2.286000000000000032 ) ) ;
#1174 = CARTESIAN_POINT ( 'NONE',  ( 6.200000000000025047, -21.59558441227157033, 2.286000000000000032 ) ) ;
#1175 = EDGE_CURVE ( 'NONE', #3946, #4352, #11871, .T. ) ;
#1176 = DIRECTION ( 'NONE',  ( -1.000000000000000000, 0.000000000000000000, 0.000000000000000000 ) ) ;
#1177 = CARTESIAN_POINT ( 'NONE',  ( 13.03941125496956133, -13.03941125496965725, -1.000000000000000000 ) ) ;
#1178 = DIRECTION ( 'NONE',  ( -0.000000000000000000, -0.000000000000000000, -1.000000000000000000 ) ) ;
#1179 = VECTOR ( 'NONE', #8588, 1000.000000000000000 ) ;
#1180 = ORIENTED_EDGE ( 'NONE', *, *, #1580, .F. ) ;
#1181 = ADVANCED_FACE ( 'NONE', ( #179 ), #4094, .T. ) ;
#1182 = CARTESIAN_POINT ( 'NONE',  ( -2.558670703524396295, -14.57984819358531503, -2.286000000000000032 ) ) ;
#1183 = DIRECTION ( 'NONE',  ( -0.000000000000000000, -0.000000000000000000, -1.000000000000000000 ) ) ;
#1184 = CARTESIAN_POINT ( 'NONE',  ( -19.04999999999999716, -3.654415587728427450, -3.049999999999999822 ) ) ;
#1185 = ORIENTED_EDGE ( 'NONE', *, *, #12164, .F. ) ;
#1186 = VECTOR ( 'NONE', #9438, 1000.000000000000000 ) ;
#1187 = DIRECTION ( 'NONE',  ( -1.000000000000000000, 0.000000000000000000, -0.000000000000000000 ) ) ;
#1188 = CARTESIAN_POINT ( 'NONE',  ( 3.174999999999998934, -38.09999999999999432, -2.286000000000000032 ) ) ;
#1189 = CARTESIAN_POINT ( 'NONE',  ( 0.4799999999999983169, -9.561493189429087991, -1.000000000000000000 ) ) ;
#1190 = EDGE_CURVE ( 'NONE', #9783, #7186, #11157, .T. ) ;
#1191 = ADVANCED_FACE ( 'NONE', ( #236 ), #3185, .F. ) ;
#1192 = CARTESIAN_POINT ( 'NONE',  ( -18.04161904883375200, 4.662796538894676601, -1.000000000000000000 ) ) ;
#1193 = LINE ( 'NONE', #9632, #3761 ) ;
#1194 = ADVANCED_FACE ( 'NONE', ( #5366 ), #7239, .T. ) ;
#1195 = VERTEX_POINT ( 'NONE', #299 ) ;
#1196 = EDGE_CURVE ( 'NONE', #6229, #8613, #8770, .T. ) ;
#1197 = LINE ( 'NONE', #1255, #6656 ) ;
#1198 = CARTESIAN_POINT ( 'NONE',  ( 0.4799999999999930433, -22.26149318942908550, 2.286000000000000032 ) ) ;
#1199 = VERTEX_POINT ( 'NONE', #2478 ) ;
#1200 = CIRCLE ( 'NONE', #8996, 3.174999999999998934 ) ;
#1201 = VECTOR ( 'NONE', #1634, 1000.000000000000000 ) ;
#1202 = ORIENTED_EDGE ( 'NONE', *, *, #2797, .T. ) ;
#1203 = DIRECTION ( 'NONE',  ( -0.000000000000000000, -0.000000000000000000, 1.000000000000000000 ) ) ;
#1204 = ORIENTED_EDGE ( 'NONE', *, *, #2476, .T. ) ;
#1205 = DIRECTION ( 'NONE',  ( -0.000000000000000000, -0.000000000000000000, 1.000000000000000000 ) ) ;
#1206 = AXIS2_PLACEMENT_3D ( 'NONE', #5315, #9231, #431 ) ;
#1207 = EDGE_CURVE ( 'NONE', #5529, #3733, #9098, .T. ) ;
#1208 = CIRCLE ( 'NONE', #6752, 3.174999999999998934 ) ;
#1209 = ORIENTED_EDGE ( 'NONE', *, *, #8074, .T. ) ;
#1210 = DIRECTION ( 'NONE',  ( 0.7071067811865483499, -0.7071067811865466846, 0.000000000000000000 ) ) ;
#1211 = LINE ( 'NONE', #9170, #9795 ) ;
#1212 = VERTEX_POINT ( 'NONE', #11988 ) ;
#1213 = CARTESIAN_POINT ( 'NONE',  ( -5.200000000000006395, -50.79999999999999716, 3.049999999999999822 ) ) ;
#1214 = LINE ( 'NONE', #3382, #4805 ) ;
#1215 = PLANE ( 'NONE',  #12577 ) ;
#1216 = AXIS2_PLACEMENT_3D ( 'NONE', #3688, #1876, #7610 ) ;
#1217 = ORIENTED_EDGE ( 'NONE', *, *, #5636, .T. ) ;
#1218 = CARTESIAN_POINT ( 'NONE',  ( -4.662796538894673049, -45.45838095116621957, -2.286000000000000920 ) ) ;
#1219 = VERTEX_POINT ( 'NONE', #7303 ) ;
#1220 = CIRCLE ( 'NONE', #11679, 3.175000000000000711 ) ;
#1221 = VERTEX_POINT ( 'NONE', #11100 ) ;
#1222 = EDGE_LOOP ( 'NONE', ( #9714, #9248, #10391, #1067 ) ) ;
#1223 = EDGE_CURVE ( 'NONE', #12600, #7686, #2811, .T. ) ;
#1224 = CARTESIAN_POINT ( 'NONE',  ( -6.699999999999990408, -6.699999999999999289, -1.000000000000000000 ) ) ;
#1225 = CARTESIAN_POINT ( 'NONE',  ( 1.879848193585295535, -48.24132929647558399, -2.286000000000000032 ) ) ;
#1226 = ORIENTED_EDGE ( 'NONE', *, *, #1464, .T. ) ;
#1227 = DIRECTION ( 'NONE',  ( 1.000000000000000000, 0.000000000000000000, 0.000000000000000000 ) ) ;
#1228 = CARTESIAN_POINT ( 'NONE',  ( 5.200000000000000178, -20.59558441227154191, 3.049999999999999822 ) ) ;
#1229 = ORIENTED_EDGE ( 'NONE', *, *, #10607, .F. ) ;
#1230 = CARTESIAN_POINT ( 'NONE',  ( 0.000000000000000000, -38.09999999999999432, -2.286000000000000032 ) ) ;
#1231 = DIRECTION ( 'NONE',  ( 0.000000000000000000, 0.000000000000000000, 1.000000000000000000 ) ) ;
#1232 = ORIENTED_EDGE ( 'NONE', *, *, #1263, .F. ) ;
#1233 = ORIENTED_EDGE ( 'NONE', *, *, #12362, .T. ) ;
#1234 = DIRECTION ( 'NONE',  ( -1.000000000000000000, 0.000000000000000000, 0.000000000000000000 ) ) ;
#1235 = EDGE_CURVE ( 'NONE', #2311, #12454, #10000, .T. ) ;
#1236 = DIRECTION ( 'NONE',  ( -0.7071067811865459074, -0.7071067811865491270, 0.000000000000000000 ) ) ;
#1237 = DIRECTION ( 'NONE',  ( -0.000000000000000000, -0.000000000000000000, -1.000000000000000000 ) ) ;
#1238 = FACE_OUTER_BOUND ( 'NONE', #7016, .T. ) ;
#1239 = ORIENTED_EDGE ( 'NONE', *, *, #4873, .F. ) ;
#1240 = CARTESIAN_POINT ( 'NONE',  ( 1.879848193585297089, -27.95867070352440820, -2.286000000000000032 ) ) ;
#1241 = LINE ( 'NONE', #5097, #3974 ) ;
#1242 = DIRECTION ( 'NONE',  ( -0.000000000000000000, -0.000000000000000000, 1.000000000000000000 ) ) ;
#1243 = ORIENTED_EDGE ( 'NONE', *, *, #4594, .T. ) ;
#1244 = CARTESIAN_POINT ( 'NONE',  ( -5.200000000000006395, -50.79999999999999716, -3.049999999999999822 ) ) ;
#1245 = DIRECTION ( 'NONE',  ( 0.7071067811865437980, -0.7071067811865513475, 0.000000000000000000 ) ) ;
#1246 = CARTESIAN_POINT ( 'NONE',  ( 0.000000000000000000, 0.000000000000000000, 1.000000000000000000 ) ) ;
#1247 = ADVANCED_FACE ( 'NONE', ( #5312 ), #10263, .F. ) ;
#1248 = ORIENTED_EDGE ( 'NONE', *, *, #259, .F. ) ;
#1249 = CARTESIAN_POINT ( 'NONE',  ( -5.199999999999999289, -20.87882250993907718, 3.049999999999999822 ) ) ;
#1250 = LINE ( 'NONE', #2335, #5914 ) ;
#1251 = PLANE ( 'NONE',  #8360 ) ;
#1252 = CARTESIAN_POINT ( 'NONE',  ( 0.3394112549695256775, 0.3394112549695272874, -1.000000000000000000 ) ) ;
#1253 = LINE ( 'NONE', #9220, #67 ) ;
#1254 = ORIENTED_EDGE ( 'NONE', *, *, #3742, .F. ) ;
#1255 = CARTESIAN_POINT ( 'NONE',  ( 4.662796538894672160, -43.44161904883373637, 2.286000000000000032 ) ) ;
#1256 = FACE_OUTER_BOUND ( 'NONE', #11447, .T. ) ;
#1257 = ORIENTED_EDGE ( 'NONE', *, *, #6618, .F. ) ;
#1258 = ORIENTED_EDGE ( 'NONE', *, *, #1819, .F. ) ;
#1259 = EDGE_CURVE ( 'NONE', #12145, #619, #1452, .T. ) ;
#1260 = EDGE_CURVE ( 'NONE', #9485, #6284, #9282, .T. ) ;
#1261 = CARTESIAN_POINT ( 'NONE',  ( 0.000000000000000000, 0.000000000000000000, 1.000000000000000000 ) ) ;
#1262 = ORIENTED_EDGE ( 'NONE', *, *, #6266, .F. ) ;
#1263 = EDGE_CURVE ( 'NONE', #482, #11861, #9582, .T. ) ;
#1264 = EDGE_CURVE ( 'NONE', #3836, #3794, #7372, .T. ) ;
#1265 = LINE ( 'NONE', #3254, #7745 ) ;
#1266 = ORIENTED_EDGE ( 'NONE', *, *, #2919, .F. ) ;
#1267 = CARTESIAN_POINT ( 'NONE',  ( -4.662796538894668608, -18.04161904883374135, 2.286000000000000032 ) ) ;
#1268 = DIRECTION ( 'NONE',  ( 0.000000000000000000, 1.000000000000000000, -0.000000000000000000 ) ) ;
#1269 = VERTEX_POINT ( 'NONE', #4344 ) ;
#1270 = DIRECTION ( 'NONE',  ( -0.000000000000000000, -0.000000000000000000, 1.000000000000000000 ) ) ;
#1271 = DIRECTION ( 'NONE',  ( -1.000000000000000000, 0.000000000000000000, 0.000000000000000000 ) ) ;
#1272 = DIRECTION ( 'NONE',  ( -0.7071067811865500152, -0.7071067811865451302, 0.000000000000000000 ) ) ;
#1273 = ORIENTED_EDGE ( 'NONE', *, *, #3517, .T. ) ;
#1274 = DIRECTION ( 'NONE',  ( 0.7071067811865479058, -0.7071067811865471286, 0.000000000000000000 ) ) ;
#1275 = EDGE_LOOP ( 'NONE', ( #683, #8353, #7934, #2482 ) ) ;
#1276 = EDGE_CURVE ( 'NONE', #7791, #6405, #8141, .T. ) ;
#1277 = ORIENTED_EDGE ( 'NONE', *, *, #10496, .F. ) ;
#1278 = ORIENTED_EDGE ( 'NONE', *, *, #1565, .T. ) ;
#1279 = DIRECTION ( 'NONE',  ( 0.7071067811865479058, -0.7071067811865472397, 0.000000000000000000 ) ) ;
#1280 = CARTESIAN_POINT ( 'NONE',  ( -15.87500000000000000, -0.4799999999999999822, 2.286000000000000032 ) ) ;
#1281 = ORIENTED_EDGE ( 'NONE', *, *, #4093, .T. ) ;
#1282 = CARTESIAN_POINT ( 'NONE',  ( 0.000000000000000000, -38.09999999999999432, 2.286000000000000032 ) ) ;
#1283 = CARTESIAN_POINT ( 'NONE',  ( 2.100000000000000089, -38.09999999999999432, -1.001000000000000112 ) ) ;
#1284 = ORIENTED_EDGE ( 'NONE', *, *, #7676, .T. ) ;
#1285 = DIRECTION ( 'NONE',  ( -7.912989585623242219E-16, 1.000000000000000000, 0.000000000000000000 ) ) ;
#1286 = EDGE_LOOP ( 'NONE', ( #1158, #10651, #5840, #1473, #381, #9742, #750, #7819, #4927, #9680, #10949, #777, #8592, #6400, #10481, #5838, #2272, #930, #3769, #10794, #5713, #6529, #5258, #12175, #4069, #12173, #3287, #8560, #7408, #9563, #10145, #3391, #2285, #4515, #9631, #8926, #11964, #12584, #8448, #546, #4923, #7565, #7770, #5647, #5053, #6744, #3532, #177, #4107, #4442, #5830, #3722, #719, #38, #11983, #3124, #8022, #893, #5789, #2244, #3365, #12204, #12532, #12717, #6684, #2033, #409, #2814, #7322, #5721, #4761, #6799, #11598, #5178, #698, #11941, #10975, #12481, #6269, #6941, #9893, #6149, #1266, #3194, #8643, #7442, #2776, #3444, #12068, #7488, #707, #12187, #6163, #11754, #498, #10342, #10888, #8796, #1405, #9731, #182, #2382, #2530, #1445, #6885, #2577, #12452, #11061, #7602, #1257, #9057, #7622, #387, #488, #3127, #3408, #2237, #10213, #4111, #7795, #11347, #203, #12259, #1577, #9297, #3514, #584, #227, #9194, #3337, #6171, #5072, #9235, #5849, #1874, #1124, #8937, #7249, #11345, #2542, #5259, #7458 ) ) ;
#1287 = VECTOR ( 'NONE', #2356, 1000.000000000000000 ) ;
#1288 = EDGE_CURVE ( 'NONE', #2100, #11861, #1265, .T. ) ;
#1289 = ORIENTED_EDGE ( 'NONE', *, *, #1000, .T. ) ;
#1290 = CIRCLE ( 'NONE', #8273, 6.199999999999997513 ) ;
#1291 = CARTESIAN_POINT ( 'NONE',  ( -6.010588745030467805, -6.010588745030501556, -1.000000000000000000 ) ) ;
#1292 = VECTOR ( 'NONE', #8508, 1000.000000000000000 ) ;
#1293 = CYLINDRICAL_SURFACE ( 'NONE', #386, 5.200000000000000178 ) ;
#1294 = DIRECTION ( 'NONE',  ( 1.000000000000000000, 0.000000000000000000, 0.000000000000000000 ) ) ;
#1295 = ORIENTED_EDGE ( 'NONE', *, *, #3375, .T. ) ;
#1296 = CARTESIAN_POINT ( 'NONE',  ( -5.355700691563798799, -6.034523201502883794, 1.000000000000000444 ) ) ;
#1297 = CARTESIAN_POINT ( 'NONE',  ( -20.39779220613577237, -20.39779220613555566, -1.000000000000000000 ) ) ;
#1298 = LINE ( 'NONE', #9980, #1916 ) ;
#1299 = VERTEX_POINT ( 'NONE', #3442 ) ;
#1300 = DIRECTION ( 'NONE',  ( -2.556848660736790434E-16, -1.000000000000000000, -0.000000000000000000 ) ) ;
#1301 = DIRECTION ( 'NONE',  ( -1.000000000000000000, 0.000000000000000000, 0.000000000000000000 ) ) ;
#1302 = EDGE_CURVE ( 'NONE', #8301, #1459, #7130, .T. ) ;
#1303 = VECTOR ( 'NONE', #4189, 1000.000000000000114 ) ;
#1304 = EDGE_CURVE ( 'NONE', #1861, #2475, #8204, .T. ) ;
#1305 = AXIS2_PLACEMENT_3D ( 'NONE', #2266, #11131, #6316 ) ;
#1306 = DIRECTION ( 'NONE',  ( -0.000000000000000000, -0.000000000000000000, -1.000000000000000000 ) ) ;
#1307 = EDGE_LOOP ( 'NONE', ( #10194, #10472, #6806, #7605, #2889, #9616 ) ) ;
#1308 = PLANE ( 'NONE',  #12239 ) ;
#1309 = DIRECTION ( 'NONE',  ( -0.000000000000000000, -0.000000000000000000, 1.000000000000000000 ) ) ;
#1310 = LINE ( 'NONE', #3240, #4664 ) ;
#1311 = AXIS2_PLACEMENT_3D ( 'NONE', #10709, #12701, #8653 ) ;
#1312 = FACE_OUTER_BOUND ( 'NONE', #4622, .T. ) ;
#1313 = CARTESIAN_POINT ( 'NONE',  ( -5.002207793864212881, 5.002207793864216434, -1.000000000000000000 ) ) ;
#1314 = VECTOR ( 'NONE', #12082, 1000.000000000000000 ) ;
#1315 = ORIENTED_EDGE ( 'NONE', *, *, #11663, .F. ) ;
#1316 = EDGE_CURVE ( 'NONE', #5256, #10007, #1162, .T. ) ;
#1317 = LINE ( 'NONE', #12170, #8713 ) ;
#1318 = CARTESIAN_POINT ( 'NONE',  ( -15.25867070352439825, -1.879848193585314409, 2.286000000000000032 ) ) ;
#1319 = ORIENTED_EDGE ( 'NONE', *, *, #5339, .T. ) ;
#1320 = ORIENTED_EDGE ( 'NONE', *, *, #939, .F. ) ;
#1321 = VECTOR ( 'NONE', #4462, 1000.000000000000114 ) ;
#1322 = ORIENTED_EDGE ( 'NONE', *, *, #29, .F. ) ;
#1323 = DIRECTION ( 'NONE',  ( -0.7071067811865489050, 0.7071067811865462405, 0.000000000000000000 ) ) ;
#1324 = EDGE_LOOP ( 'NONE', ( #1394, #757, #4302, #972 ) ) ;
#1325 = CARTESIAN_POINT ( 'NONE',  ( -19.04999999999999716, -5.068629150101524594, -3.049999999999999822 ) ) ;
#1326 = DIRECTION ( 'NONE',  ( 0.000000000000000000, 0.000000000000000000, 1.000000000000000000 ) ) ;
#1327 = ORIENTED_EDGE ( 'NONE', *, *, #8700, .F. ) ;
#1328 = CIRCLE ( 'NONE', #4825, 3.174999999999999822 ) ;
#1329 = EDGE_CURVE ( 'NONE', #5558, #2445, #5693, .T. ) ;
#1330 = DIRECTION ( 'NONE',  ( -1.000000000000000000, 0.000000000000000000, -0.000000000000000000 ) ) ;
#1331 = LINE ( 'NONE', #6165, #1521 ) ;
#1332 = LINE ( 'NONE', #9174, #11957 ) ;
#1333 = APPROVAL ( #10991, 'UNSPECIFIED' ) ;
#1334 = ORIENTED_EDGE ( 'NONE', *, *, #8321, .F. ) ;
#1335 = EDGE_CURVE ( 'NONE', #426, #7077, #6534, .T. ) ;
#1336 = FACE_OUTER_BOUND ( 'NONE', #7767, .T. ) ;
#1337 = VECTOR ( 'NONE', #12031, 1000.000000000000000 ) ;
#1338 = ORIENTED_EDGE ( 'NONE', *, *, #2362, .T. ) ;
#1339 = VERTEX_POINT ( 'NONE', #2539 ) ;
#1340 = ORIENTED_EDGE ( 'NONE', *, *, #8186, .T. ) ;
#1341 = ORIENTED_EDGE ( 'NONE', *, *, #5752, .T. ) ;
#1342 = VECTOR ( 'NONE', #10948, 1000.000000000000000 ) ;
#1343 = VECTOR ( 'NONE', #5643, 1000.000000000000000 ) ;
#1344 = CARTESIAN_POINT ( 'NONE',  ( 3.654415587728450543, -31.75000000000000000, -3.049999999999999822 ) ) ;
#1345 = DIRECTION ( 'NONE',  ( -2.556848660736790434E-16, -1.000000000000000000, 0.000000000000000000 ) ) ;
#1346 = ORIENTED_EDGE ( 'NONE', *, *, #957, .T. ) ;
#1347 = EDGE_CURVE ( 'NONE', #3131, #12513, #1990, .T. ) ;
#1348 = EDGE_CURVE ( 'NONE', #6251, #12137, #812, .T. ) ;
#1349 = LINE ( 'NONE', #5271, #2986 ) ;
#1350 = CARTESIAN_POINT ( 'NONE',  ( -12.69999999999999929, 0.000000000000000000, -1.001000000000000112 ) ) ;
#1351 = ORIENTED_EDGE ( 'NONE', *, *, #2158, .T. ) ;
#1352 = AXIS2_PLACEMENT_3D ( 'NONE', #6402, #12444, #5319 ) ;
#1353 = DIRECTION ( 'NONE',  ( 1.000000000000000000, 0.000000000000000000, 0.000000000000000000 ) ) ;
#1354 = VERTEX_POINT ( 'NONE', #6725 ) ;
#1355 = VECTOR ( 'NONE', #6526, 1000.000000000000000 ) ;
#1356 = ORIENTED_EDGE ( 'NONE', *, *, #5464, .F. ) ;
#1357 = VECTOR ( 'NONE', #3494, 1000.000000000000000 ) ;
#1358 = AXIS2_PLACEMENT_3D ( 'NONE', #11434, #2634, #3854 ) ;
#1359 = DIRECTION ( 'NONE',  ( 0.000000000000000000, 0.000000000000000000, -1.000000000000000000 ) ) ;
#1360 = LINE ( 'NONE', #3223, #8178 ) ;
#1361 = DIRECTION ( 'NONE',  ( 0.000000000000000000, -1.000000000000000000, 0.000000000000000000 ) ) ;
#1362 = ORIENTED_EDGE ( 'NONE', *, *, #6328, .T. ) ;
#1363 = EDGE_CURVE ( 'NONE', #12090, #5542, #2674, .T. ) ;
#1364 = DIRECTION ( 'NONE',  ( 0.7071067811865456854, -0.7071067811865493491, 0.000000000000000000 ) ) ;
#1365 = LINE ( 'NONE', #5286, #6236 ) ;
#1366 = LINE ( 'NONE', #8433, #2328 ) ;
#1367 = ORIENTED_EDGE ( 'NONE', *, *, #11410, .T. ) ;
#1368 = CARTESIAN_POINT ( 'NONE',  ( -2.584475285236817577, -27.30565277529775869, -2.286000000000000032 ) ) ;
#1369 = DIRECTION ( 'NONE',  ( 0.000000000000000000, 0.000000000000000000, -1.000000000000000000 ) ) ;
#1370 = VECTOR ( 'NONE', #9517, 1000.000000000000000 ) ;
#1371 = VECTOR ( 'NONE', #11944, 1000.000000000000000 ) ;
#1372 = AXIS2_PLACEMENT_3D ( 'NONE', #11404, #554, #4470 ) ;
#1373 = PLANE ( 'NONE',  #2368 ) ;
#1374 = VECTOR ( 'NONE', #12642, 1000.000000000000000 ) ;
#1375 = CARTESIAN_POINT ( 'NONE',  ( -5.199999999999996625, -8.178822509939086771, -2.286000000000000032 ) ) ;
#1376 = VECTOR ( 'NONE', #11158, 1000.000000000000000 ) ;
#1377 = CARTESIAN_POINT ( 'NONE',  ( -22.81552471476315347, 1.905652775297736579, -2.286000000000000032 ) ) ;
#1378 = LINE ( 'NONE', #1635, #3196 ) ;
#1379 = EDGE_CURVE ( 'NONE', #6012, #9257, #9990, .T. ) ;
#1380 = ADVANCED_FACE ( 'NONE', ( #12307, #4665 ), #10455, .F. ) ;
#1381 = CARTESIAN_POINT ( 'NONE',  ( 0.000000000000000000, 0.000000000000000000, -1.000000000000000000 ) ) ;
#1382 = CARTESIAN_POINT ( 'NONE',  ( -4.804415587728429138, 5.199999999999999289, -3.049999999999999822 ) ) ;
#1383 = VERTEX_POINT ( 'NONE', #1581 ) ;
#1384 = CARTESIAN_POINT ( 'NONE',  ( -1.879848193585309746, -15.25867070352440003, 2.286000000000000032 ) ) ;
#1385 = FACE_OUTER_BOUND ( 'NONE', #7329, .T. ) ;
#1386 = ORIENTED_EDGE ( 'NONE', *, *, #2192, .F. ) ;
#1387 = VECTOR ( 'NONE', #11976, 1000.000000000000000 ) ;
#1388 = ORIENTED_EDGE ( 'NONE', *, *, #2302, .F. ) ;
#1389 = EDGE_LOOP ( 'NONE', ( #2301, #11170, #8661, #4219 ) ) ;
#1390 = EDGE_CURVE ( 'NONE', #2895, #6366, #9419, .T. ) ;
#1391 = DIRECTION ( 'NONE',  ( -0.7071067811865496822, -0.7071067811865453523, 0.000000000000000000 ) ) ;
#1392 = LINE ( 'NONE', #5313, #355 ) ;
#1393 = EDGE_CURVE ( 'NONE', #8271, #9884, #6709, .T. ) ;
#1394 = ORIENTED_EDGE ( 'NONE', *, *, #9493, .F. ) ;
#1395 = CARTESIAN_POINT ( 'NONE',  ( -10.14132929647559678, 1.879848193585309746, -2.286000000000000032 ) ) ;
#1396 = VECTOR ( 'NONE', #11069, 999.9999999999998863 ) ;
#1397 = ORIENTED_EDGE ( 'NONE', *, *, #2115, .T. ) ;
#1398 = CIRCLE ( 'NONE', #3440, 3.174999999999999822 ) ;
#1399 = DIRECTION ( 'NONE',  ( 0.000000000000000000, 1.000000000000000000, -0.000000000000000000 ) ) ;
#1400 = CARTESIAN_POINT ( 'NONE',  ( 0.000000000000000000, -38.09999999999999432, -1.001000000000000112 ) ) ;
#1401 = ORIENTED_EDGE ( 'NONE', *, *, #6371, .T. ) ;
#1402 = DIRECTION ( 'NONE',  ( 0.000000000000000000, 0.000000000000000000, -1.000000000000000000 ) ) ;
#1403 = ORIENTED_EDGE ( 'NONE', *, *, #865, .T. ) ;
#1404 = ORIENTED_EDGE ( 'NONE', *, *, #7906, .F. ) ;
#1405 = ORIENTED_EDGE ( 'NONE', *, *, #8766, .F. ) ;
#1406 = VECTOR ( 'NONE', #2543, 1000.000000000000000 ) ;
#1407 = AXIS2_PLACEMENT_3D ( 'NONE', #11020, #5166, #2276 ) ;
#1408 = EDGE_CURVE ( 'NONE', #8077, #11750, #12508, .T. ) ;
#1409 = EDGE_LOOP ( 'NONE', ( #5423, #7517, #9450, #5239 ) ) ;
#1410 = CIRCLE ( 'NONE', #1617, 5.200000000000000178 ) ;
#1411 = DIRECTION ( 'NONE',  ( 3.756290991288361679E-16, 1.000000000000000000, -0.000000000000000000 ) ) ;
#1412 = PLANE ( 'NONE',  #3023 ) ;
#1413 = ORIENTED_EDGE ( 'NONE', *, *, #4060, .T. ) ;
#1414 = CARTESIAN_POINT ( 'NONE',  ( -1.879848193585325289, 2.558670703524388745, 2.286000000000000032 ) ) ;
#1415 = DIRECTION ( 'NONE',  ( 0.000000000000000000, 0.000000000000000000, -1.000000000000000000 ) ) ;
#1416 = VERTEX_POINT ( 'NONE', #1836 ) ;
#1417 = CARTESIAN_POINT ( 'NONE',  ( -5.199999999999999289, -20.59558441227159875, 2.286000000000000032 ) ) ;
#1418 = VECTOR ( 'NONE', #1033, 1000.000000000000000 ) ;
#1419 = ORIENTED_EDGE ( 'NONE', *, *, #9267, .F. ) ;
#1420 = ORIENTED_EDGE ( 'NONE', *, *, #12254, .F. ) ;
#1421 = VECTOR ( 'NONE', #5177, 1000.000000000000000 ) ;
#1422 = ORIENTED_EDGE ( 'NONE', *, *, #9832, .F. ) ;
#1423 = EDGE_CURVE ( 'NONE', #8586, #10023, #3702, .T. ) ;
#1424 = EDGE_CURVE ( 'NONE', #3133, #3736, #7429, .T. ) ;
#1425 = ADVANCED_FACE ( 'NONE', ( #3756 ), #11475, .F. ) ;
#1426 = EDGE_CURVE ( 'NONE', #9507, #2445, #10385, .T. ) ;
#1427 = CARTESIAN_POINT ( 'NONE',  ( -12.36058874503049765, 12.36058874503044080, 1.000000000000000000 ) ) ;
#1428 = DIRECTION ( 'NONE',  ( 0.7071067811865491270, -0.7071067811865459074, 0.000000000000000000 ) ) ;
#1429 = DIRECTION ( 'NONE',  ( 0.7071067811865489050, -0.7071067811865460184, 0.000000000000000000 ) ) ;
#1430 = ORIENTED_EDGE ( 'NONE', *, *, #11840, .T. ) ;
#1431 = LINE ( 'NONE', #406, #2980 ) ;
#1432 = CARTESIAN_POINT ( 'NONE',  ( 0.000000000000000000, 0.000000000000000000, -1.001000000000000112 ) ) ;
#1433 = CARTESIAN_POINT ( 'NONE',  ( -0.4800000000000068656, -22.26149318942908550, -1.000000000000000000 ) ) ;
#1434 = VERTEX_POINT ( 'NONE', #5560 ) ;
#1435 = DIRECTION ( 'NONE',  ( -0.000000000000000000, -0.000000000000000000, 1.000000000000000000 ) ) ;
#1436 = CARTESIAN_POINT ( 'NONE',  ( 0.000000000000000000, -25.39999999999999858, -1.000000000000000000 ) ) ;
#1437 = CARTESIAN_POINT ( 'NONE',  ( 3.174999999999998934, -38.09999999999999432, -1.000000000000000000 ) ) ;
#1438 = EDGE_CURVE ( 'NONE', #6989, #8477, #9348, .T. ) ;
#1439 = PLANE ( 'NONE',  #5056 ) ;
#1440 = CARTESIAN_POINT ( 'NONE',  ( -5.200000000000002842, -42.90441558772840835, -3.049999999999999822 ) ) ;
#1441 = DIRECTION ( 'NONE',  ( 1.000000000000000000, 0.000000000000000000, 0.000000000000000000 ) ) ;
#1442 = DIRECTION ( 'NONE',  ( -0.7071067811865484609, -0.7071067811865466846, 0.000000000000000000 ) ) ;
#1443 = CARTESIAN_POINT ( 'NONE',  ( -22.26149318942908550, 0.4799999999999997047, -2.286000000000000032 ) ) ;
#1444 = LINE ( 'NONE', #9274, #3340 ) ;
#1445 = ORIENTED_EDGE ( 'NONE', *, *, #12561, .F. ) ;
#1446 = DIRECTION ( 'NONE',  ( -1.000000000000000000, -1.092739197465705287E-15, 0.000000000000000000 ) ) ;
#1447 = PLANE ( 'NONE',  #10792 ) ;
#1448 = VERTEX_POINT ( 'NONE', #2728 ) ;
#1449 = EDGE_CURVE ( 'NONE', #2311, #5841, #12364, .T. ) ;
#1450 = EDGE_LOOP ( 'NONE', ( #7694, #4354, #3726, #3949 ) ) ;
#1451 = VERTEX_POINT ( 'NONE', #4595 ) ;
#1452 = LINE ( 'NONE', #9228, #555 ) ;
#1453 = FACE_BOUND ( 'NONE', #3476, .T. ) ;
#1454 = VERTEX_POINT ( 'NONE', #6596 ) ;
#1455 = FACE_OUTER_BOUND ( 'NONE', #1450, .T. ) ;
#1456 = ORIENTED_EDGE ( 'NONE', *, *, #7393, .T. ) ;
#1457 = DIRECTION ( 'NONE',  ( -2.556848660736790434E-16, -1.000000000000000000, -0.000000000000000000 ) ) ;
#1458 = DIRECTION ( 'NONE',  ( -1.000000000000000000, 0.000000000000000000, 0.000000000000000000 ) ) ;
#1459 = VERTEX_POINT ( 'NONE', #10510 ) ;
#1460 = CARTESIAN_POINT ( 'NONE',  ( 0.000000000000000000, -25.39999999999999858, -2.286000000000000032 ) ) ;
#1461 = ORIENTED_EDGE ( 'NONE', *, *, #6772, .F. ) ;
#1462 = EDGE_CURVE ( 'NONE', #1212, #10133, #5621, .T. ) ;
#1463 = VERTEX_POINT ( 'NONE', #12622 ) ;
#1464 = EDGE_CURVE ( 'NONE', #5833, #5141, #10817, .T. ) ;
#1465 = DIRECTION ( 'NONE',  ( 0.7071067811865486830, -0.7071067811865464625, 0.000000000000000000 ) ) ;
#1466 = ORIENTED_EDGE ( 'NONE', *, *, #10795, .T. ) ;
#1467 = ORIENTED_EDGE ( 'NONE', *, *, #3916, .F. ) ;
#1468 = CARTESIAN_POINT ( 'NONE',  ( -6.699999999999990408, -6.699999999999999289, -1.000000000000000000 ) ) ;
#1469 = CARTESIAN_POINT ( 'NONE',  ( -1.879848193585295535, -22.84132929647558896, -2.286000000000000032 ) ) ;
#1470 = ORIENTED_EDGE ( 'NONE', *, *, #8649, .F. ) ;
#1471 = CARTESIAN_POINT ( 'NONE',  ( -1.879848193585296423, -22.84132929647558896, -2.286000000000000032 ) ) ;
#1472 = CARTESIAN_POINT ( 'NONE',  ( -8.178822509939095653, 5.200000000000000178, 2.286000000000000032 ) ) ;
#1473 = ORIENTED_EDGE ( 'NONE', *, *, #4482, .T. ) ;
#1474 = CARTESIAN_POINT ( 'NONE',  ( 0.000000000000000000, -38.09999999999999432, -1.000000000000000000 ) ) ;
#1475 = EDGE_CURVE ( 'NONE', #11662, #8137, #9735, .T. ) ;
#1476 = ORIENTED_EDGE ( 'NONE', *, *, #9558, .F. ) ;
#1477 = ORIENTED_EDGE ( 'NONE', *, *, #10845, .T. ) ;
#1478 = ORIENTED_EDGE ( 'NONE', *, *, #7862, .T. ) ;
#1479 = ORIENTED_EDGE ( 'NONE', *, *, #9263, .T. ) ;
#1480 = DIRECTION ( 'NONE',  ( -0.7071067811865491270, 0.7071067811865459074, -0.000000000000000000 ) ) ;
#1481 = DIRECTION ( 'NONE',  ( 1.000000000000000000, 0.000000000000000000, 0.000000000000000000 ) ) ;
#1482 = DIRECTION ( 'NONE',  ( -0.7071067811865451302, -0.7071067811865500152, -0.000000000000000000 ) ) ;
#1483 = ORIENTED_EDGE ( 'NONE', *, *, #397, .T. ) ;
#1484 = PLANE ( 'NONE',  #4830 ) ;
#1485 = CYLINDRICAL_SURFACE ( 'NONE', #692, 3.174999999999998934 ) ;
#1486 = CARTESIAN_POINT ( 'NONE',  ( 5.200000000000000178, -42.90441558772844388, 3.049999999999999822 ) ) ;
#1487 = VERTEX_POINT ( 'NONE', #11915 ) ;
#1488 = DIRECTION ( 'NONE',  ( -0.7071067811865474617, -0.7071067811865474617, -0.000000000000000000 ) ) ;
#1489 = EDGE_CURVE ( 'NONE', #8073, #5308, #6977, .T. ) ;
#1490 = EDGE_CURVE ( 'NONE', #8059, #7301, #3823, .T. ) ;
#1491 = FACE_OUTER_BOUND ( 'NONE', #6431, .T. ) ;
#1492 = EDGE_CURVE ( 'NONE', #3478, #629, #9672, .T. ) ;
#1493 = EDGE_CURVE ( 'NONE', #2059, #10389, #8897, .T. ) ;
#1494 = CARTESIAN_POINT ( 'NONE',  ( -1.879848193585325067, 2.558670703524388301, -2.286000000000000032 ) ) ;
#1495 = AXIS2_PLACEMENT_3D ( 'NONE', #4038, #2240, #11996 ) ;
#1496 = LINE ( 'NONE', #7549, #9193 ) ;
#1497 = PLANE ( 'NONE',  #7573 ) ;
#1498 = CARTESIAN_POINT ( 'NONE',  ( -4.662796538894666831, -18.04161904883374135, 1.000000000000000000 ) ) ;
#1499 = DIRECTION ( 'NONE',  ( 0.7071067811865491270, -0.7071067811865459074, 0.000000000000000000 ) ) ;
#1500 = LINE ( 'NONE', #2339, #1507 ) ;
#1501 = DIRECTION ( 'NONE',  ( -0.7071067811865456854, -0.7071067811865493491, 0.000000000000000000 ) ) ;
#1502 = ORIENTED_EDGE ( 'NONE', *, *, #8606, .T. ) ;
#1503 = EDGE_CURVE ( 'NONE', #3131, #6889, #2086, .T. ) ;
#1504 = AXIS2_PLACEMENT_3D ( 'NONE', #9580, #12402, #5534 ) ;
#1505 = CARTESIAN_POINT ( 'NONE',  ( 0.000000000000000000, 0.000000000000000000, -1.000000000000000000 ) ) ;
#1506 = LINE ( 'NONE', #5736, #2164 ) ;
#1507 = VECTOR ( 'NONE', #359, 1000.000000000000114 ) ;
#1508 = ORIENTED_EDGE ( 'NONE', *, *, #4526, .F. ) ;
#1509 = ORIENTED_EDGE ( 'NONE', *, *, #6818, .F. ) ;
#1510 = VECTOR ( 'NONE', #6996, 1000.000000000000000 ) ;
#1511 = DIRECTION ( 'NONE',  ( 0.000000000000000000, 0.000000000000000000, 1.000000000000000000 ) ) ;
#1512 = VECTOR ( 'NONE', #9020, 1000.000000000000000 ) ;
#1513 = DIRECTION ( 'NONE',  ( 0.000000000000000000, 0.000000000000000000, 1.000000000000000000 ) ) ;
#1514 = ORIENTED_EDGE ( 'NONE', *, *, #1821, .T. ) ;
#1515 = DIRECTION ( 'NONE',  ( -2.556848660736790434E-16, -1.000000000000000000, 0.000000000000000000 ) ) ;
#1516 = VERTEX_POINT ( 'NONE', #10832 ) ;
#1517 = EDGE_CURVE ( 'NONE', #12207, #10399, #2028, .T. ) ;
#1518 = FACE_OUTER_BOUND ( 'NONE', #2103, .T. ) ;
#1519 = DIRECTION ( 'NONE',  ( 1.000000000000000000, 0.000000000000000000, 0.000000000000000000 ) ) ;
#1520 = ORIENTED_EDGE ( 'NONE', *, *, #11516, .F. ) ;
#1522 = DIRECTION ( 'NONE',  ( -0.000000000000000000, -0.000000000000000000, 1.000000000000000000 ) ) ;
#1521 = VECTOR ( 'NONE', #2425, 1000.000000000000000 ) ;
#1523 = ORIENTED_EDGE ( 'NONE', *, *, #6370, .T. ) ;
#1524 = ORIENTED_EDGE ( 'NONE', *, *, #5513, .F. ) ;
#1525 = CARTESIAN_POINT ( 'NONE',  ( -7.358380951166246575, 4.662796538894677489, -2.286000000000000032 ) ) ;
#1526 = VERTEX_POINT ( 'NONE', #8775 ) ;
#1527 = VERTEX_POINT ( 'NONE', #8965 ) ;
#1528 = CARTESIAN_POINT ( 'NONE',  ( -18.04161904883375200, -4.662796538894676601, 1.000000000000000000 ) ) ;
#1529 = CARTESIAN_POINT ( 'NONE',  ( -18.04161904883375200, -4.662796538894676601, 2.286000000000000032 ) ) ;
#1530 = EDGE_CURVE ( 'NONE', #10020, #4926, #928, .T. ) ;
#1531 = ORIENTED_EDGE ( 'NONE', *, *, #5876, .F. ) ;
#1532 = EDGE_CURVE ( 'NONE', #7950, #3678, #959, .T. ) ;
#1533 = CARTESIAN_POINT ( 'NONE',  ( 5.341619048833758931, -8.037203461105331570, -2.286000000000000032 ) ) ;
#1534 = CARTESIAN_POINT ( 'NONE',  ( 0.4799999999999937650, -28.53850681057091521, 1.000000000000000000 ) ) ;
#1535 = ORIENTED_EDGE ( 'NONE', *, *, #8645, .T. ) ;
#1536 = DIRECTION ( 'NONE',  ( -1.000000000000000000, 0.000000000000000000, -0.000000000000000000 ) ) ;
#1537 = ORIENTED_EDGE ( 'NONE', *, *, #7833, .T. ) ;
#1538 = ORIENTED_EDGE ( 'NONE', *, *, #7033, .T. ) ;
#1539 = AXIS2_PLACEMENT_3D ( 'NONE', #12486, #1873, #6637 ) ;
#1540 = VERTEX_POINT ( 'NONE', #11785 ) ;
#1541 = EDGE_LOOP ( 'NONE', ( #2287, #8540, #3915, #2495, #4981, #7542 ) ) ;
#1542 = AXIS2_PLACEMENT_3D ( 'NONE', #4053, #7843, #7909 ) ;
#1543 = ORIENTED_EDGE ( 'NONE', *, *, #9558, .T. ) ;
#1544 = EDGE_CURVE ( 'NONE', #1964, #6013, #9866, .T. ) ;
#1545 = CARTESIAN_POINT ( 'NONE',  ( 5.200000000000000178, 6.368163355566235395E-16, 3.049999999999999822 ) ) ;
#1546 = CARTESIAN_POINT ( 'NONE',  ( 0.000000000000000000, -12.69999999999999929, -1.001000000000000112 ) ) ;
#1547 = DIRECTION ( 'NONE',  ( -1.000000000000000000, -3.414809992080329023E-17, -0.000000000000000000 ) ) ;
#1548 = AXIS2_PLACEMENT_3D ( 'NONE', #2680, #7689, #9741 ) ;
#1549 = ORIENTED_EDGE ( 'NONE', *, *, #3468, .F. ) ;
#1550 = CARTESIAN_POINT ( 'NONE',  ( -0.4800000000000010925, -34.92499999999999716, 2.286000000000000032 ) ) ;
#1551 = CARTESIAN_POINT ( 'NONE',  ( -3.138506810570912187, -0.4799999999999999822, -2.286000000000000032 ) ) ;
#1552 = CARTESIAN_POINT ( 'NONE',  ( 4.662796538894684595, -32.75838095116623805, -2.286000000000000920 ) ) ;
#1553 = ORIENTED_EDGE ( 'NONE', *, *, #9892, .T. ) ;
#1554 = CARTESIAN_POINT ( 'NONE',  ( 0.000000000000000000, -25.39999999999999858, -1.000000000000000000 ) ) ;
#1555 = CIRCLE ( 'NONE', #7916, 2.100000000000000977 ) ;
#1556 = FACE_OUTER_BOUND ( 'NONE', #1025, .T. ) ;
#1557 = VECTOR ( 'NONE', #5995, 1000.000000000000000 ) ;
#1558 = VECTOR ( 'NONE', #4247, 1000.000000000000000 ) ;
#1559 = FACE_OUTER_BOUND ( 'NONE', #1783, .T. ) ;
#1560 = VECTOR ( 'NONE', #4969, 1000.000000000000000 ) ;
#1561 = ADVANCED_FACE ( 'NONE', ( #1058 ), #4077, .T. ) ;
#1562 = DIRECTION ( 'NONE',  ( 0.7071067811865451302, -0.7071067811865500152, 0.000000000000000000 ) ) ;
#1563 = CARTESIAN_POINT ( 'NONE',  ( -6.199999999999990408, -6.699999999999999289, -1.000000000000000000 ) ) ;
#1564 = CARTESIAN_POINT ( 'NONE',  ( -15.83850681057091059, -0.4799999999999999822, 2.286000000000000032 ) ) ;
#1565 = EDGE_CURVE ( 'NONE', #10152, #9171, #11855, .T. ) ;
#1566 = DIRECTION ( 'NONE',  ( -0.7071067811865479058, 0.7071067811865472397, 0.000000000000000000 ) ) ;
#1567 = CARTESIAN_POINT ( 'NONE',  ( -2.558670703524396739, -36.22015180641468390, 2.286000000000000032 ) ) ;
#1568 = CIRCLE ( 'NONE', #3822, 2.100000000000000089 ) ;
#1569 = LINE ( 'NONE', #12355, #11145 ) ;
#1570 = VECTOR ( 'NONE', #10021, 1000.000000000000000 ) ;
#1571 = EDGE_LOOP ( 'NONE', ( #2357, #7207, #5572, #562 ) ) ;
#1572 = CARTESIAN_POINT ( 'NONE',  ( 1.905652775297735024, -27.98447528523684724, -2.286000000000000032 ) ) ;
#1573 = DIRECTION ( 'NONE',  ( 0.000000000000000000, 0.000000000000000000, 1.000000000000000000 ) ) ;
#1574 = AXIS2_PLACEMENT_3D ( 'NONE', #2609, #4727, #8646 ) ;
#1575 = ORIENTED_EDGE ( 'NONE', *, *, #1081, .T. ) ;
#1576 = AXIS2_PLACEMENT_3D ( 'NONE', #10279, #7259, #8221 ) ;
#1577 = ORIENTED_EDGE ( 'NONE', *, *, #2314, .F. ) ;
#1578 = AXIS2_PLACEMENT_3D ( 'NONE', #6788, #11530, #6659 ) ;
#1579 = EDGE_CURVE ( 'NONE', #8846, #12697, #6005, .T. ) ;
#1580 = EDGE_CURVE ( 'NONE', #6271, #12118, #5755, .T. ) ;
#1581 = CARTESIAN_POINT ( 'NONE',  ( -8.178822509939086771, -5.199999999999999289, 1.000000000000000000 ) ) ;
#1582 = EDGE_CURVE ( 'NONE', #6624, #9441, #864, .T. ) ;
#1583 = PLANE ( 'NONE',  #7128 ) ;
#1584 = EDGE_CURVE ( 'NONE', #694, #9744, #138, .T. ) ;
#1585 = ORIENTED_EDGE ( 'NONE', *, *, #5220, .T. ) ;
#1586 = CARTESIAN_POINT ( 'NONE',  ( -18.04161904883375200, -4.662796538894676601, -2.286000000000000032 ) ) ;
#1587 = ORIENTED_EDGE ( 'NONE', *, *, #2887, .F. ) ;
#1588 = LINE ( 'NONE', #6401, #10348 ) ;
#1589 = CARTESIAN_POINT ( 'NONE',  ( -1.879848193585311522, -35.54132929647559536, -1.000000000000000000 ) ) ;
#1590 = ORIENTED_EDGE ( 'NONE', *, *, #2329, .T. ) ;
#1591 = AXIS2_PLACEMENT_3D ( 'NONE', #732, #12423, #7737 ) ;
#1592 = VECTOR ( 'NONE', #10632, 1000.000000000000000 ) ;
#1593 = DIRECTION ( 'NONE',  ( 3.414809992080329023E-17, -1.000000000000000000, 0.000000000000000000 ) ) ;
#1594 = ORIENTED_EDGE ( 'NONE', *, *, #1696, .F. ) ;
#1595 = ORIENTED_EDGE ( 'NONE', *, *, #5570, .F. ) ;
#1596 = CARTESIAN_POINT ( 'NONE',  ( 5.200000000000000178, 6.368163355566235395E-16, -2.286000000000000032 ) ) ;
#1597 = VERTEX_POINT ( 'NONE', #4917 ) ;
#1598 = ADVANCED_FACE ( 'NONE', ( #31 ), #3947, .F. ) ;
#1599 = ORIENTED_EDGE ( 'NONE', *, *, #11960, .T. ) ;
#1600 = PLANE ( 'NONE',  #174 ) ;
#1601 = VECTOR ( 'NONE', #6183, 1000.000000000000000 ) ;
#1602 = VECTOR ( 'NONE', #7413, 1000.000000000000000 ) ;
#1603 = DIRECTION ( 'NONE',  ( 1.000000000000000000, 0.000000000000000000, 0.000000000000000000 ) ) ;
#1604 = PLANE ( 'NONE',  #3422 ) ;
#1605 = ORIENTED_EDGE ( 'NONE', *, *, #3815, .T. ) ;
#1606 = CARTESIAN_POINT ( 'NONE',  ( 5.200000000000000178, -46.27882250993906865, 1.000000000000000444 ) ) ;
#1607 = LINE ( 'NONE', #447, #11138 ) ;
#1608 = ORIENTED_EDGE ( 'NONE', *, *, #9150, .T. ) ;
#1609 = CARTESIAN_POINT ( 'NONE',  ( -6.199999999999976197, -21.59558441227158099, 3.049999999999999822 ) ) ;
#1610 = VERTEX_POINT ( 'NONE', #8054 ) ;
#1611 = ORIENTED_EDGE ( 'NONE', *, *, #11777, .F. ) ;
#1612 = AXIS2_PLACEMENT_3D ( 'NONE', #8759, #5022, #1825 ) ;
#1613 = ORIENTED_EDGE ( 'NONE', *, *, #11537, .F. ) ;
#1614 = ORIENTED_EDGE ( 'NONE', *, *, #11137, .T. ) ;
#1615 = ADVANCED_FACE ( 'NONE', ( #2401 ), #8244, .T. ) ;
#1616 = ORIENTED_EDGE ( 'NONE', *, *, #5234, .F. ) ;
#1617 = AXIS2_PLACEMENT_3D ( 'NONE', #207, #8041, #7078 ) ;
#1618 = CARTESIAN_POINT ( 'NONE',  ( -7.481370849898478781, 6.200000000000000178, -3.049999999999999822 ) ) ;
#1619 = CARTESIAN_POINT ( 'NONE',  ( 2.584475285236819797, -1.905652775297756341, 2.286000000000000032 ) ) ;
#1620 = DIRECTION ( 'NONE',  ( 0.7071067811865462405, -0.7071067811865489050, 0.000000000000000000 ) ) ;
#1621 = CARTESIAN_POINT ( 'NONE',  ( -17.22117749006090293, 5.199999999999999289, 1.000000000000000000 ) ) ;
#1622 = CIRCLE ( 'NONE', #3255, 3.174999999999998934 ) ;
#1623 = ORIENTED_EDGE ( 'NONE', *, *, #6845, .T. ) ;
#1624 = CARTESIAN_POINT ( 'NONE',  ( 6.200000000000025047, -21.59558441227157033, -2.286000000000000032 ) ) ;
#1625 = CARTESIAN_POINT ( 'NONE',  ( -25.39999999999999858, 5.199999999999999289, -2.286000000000000032 ) ) ;
#1626 = FACE_OUTER_BOUND ( 'NONE', #4356, .T. ) ;
#1627 = ORIENTED_EDGE ( 'NONE', *, *, #4982, .F. ) ;
#1628 = CARTESIAN_POINT ( 'NONE',  ( -6.689411254969590104, -6.689411254969551912, -1.000000000000000000 ) ) ;
#1629 = DIRECTION ( 'NONE',  ( -1.000000000000000000, 0.000000000000000000, 0.000000000000000000 ) ) ;
#1630 = VECTOR ( 'NONE', #943, 1000.000000000000000 ) ;
#1631 = LINE ( 'NONE', #5547, #4286 ) ;
#1632 = EDGE_CURVE ( 'NONE', #1354, #1199, #4331, .T. ) ;
#1633 = DIRECTION ( 'NONE',  ( 0.7071067811865474617, 0.7071067811865476838, 0.000000000000000000 ) ) ;
#1634 = DIRECTION ( 'NONE',  ( -0.000000000000000000, 1.000000000000000000, -0.000000000000000000 ) ) ;
#1635 = CARTESIAN_POINT ( 'NONE',  ( 0.4799999999999930433, -22.26149318942908550, -2.286000000000000032 ) ) ;
#1636 = DIRECTION ( 'NONE',  ( 0.7071067811865472397, 0.7071067811865479058, -0.000000000000000000 ) ) ;
#1637 = CARTESIAN_POINT ( 'NONE',  ( -2.558670703524382084, -48.92015180641466543, -1.000000000000000000 ) ) ;
#1638 = DIRECTION ( 'NONE',  ( -1.000000000000000000, 0.000000000000000000, 0.000000000000000000 ) ) ;
#1639 = DIRECTION ( 'NONE',  ( 0.000000000000000000, 0.000000000000000000, 1.000000000000000000 ) ) ;
#1640 = LINE ( 'NONE', #1697, #5018 ) ;
#1641 = EDGE_CURVE ( 'NONE', #6624, #2747, #9028, .T. ) ;
#1642 = ORIENTED_EDGE ( 'NONE', *, *, #2049, .T. ) ;
#1643 = ORIENTED_EDGE ( 'NONE', *, *, #231, .F. ) ;
#1644 = DIRECTION ( 'NONE',  ( -0.7071067811865471286, -0.7071067811865479058, 0.000000000000000000 ) ) ;
#1645 = LINE ( 'NONE', #3504, #10625 ) ;
#1646 = ORIENTED_EDGE ( 'NONE', *, *, #319, .F. ) ;
#1647 = DIRECTION ( 'NONE',  ( -1.000000000000000000, 0.000000000000000000, 0.000000000000000000 ) ) ;
#1648 = ORIENTED_EDGE ( 'NONE', *, *, #4877, .F. ) ;
#1649 = CARTESIAN_POINT ( 'NONE',  ( 5.341619048833757155, -42.76279653889464782, -2.286000000000000032 ) ) ;
#1650 = LINE ( 'NONE', #8400, #9082 ) ;
#1651 = VERTEX_POINT ( 'NONE', #8308 ) ;
#1652 = ADVANCED_FACE ( 'NONE', ( #11018 ), #222, .T. ) ;
#1653 = FACE_OUTER_BOUND ( 'NONE', #7338, .T. ) ;
#1654 = EDGE_CURVE ( 'NONE', #52, #6251, #4439, .T. ) ;
#1655 = EDGE_CURVE ( 'NONE', #5691, #11982, #10248, .T. ) ;
#1657 = EDGE_CURVE ( 'NONE', #9366, #2281, #10057, .T. ) ;
#1656 = ORIENTED_EDGE ( 'NONE', *, *, #487, .T. ) ;
#1658 = DIRECTION ( 'NONE',  ( 0.7071067811865457964, 0.7071067811865492381, 0.000000000000000000 ) ) ;
#1659 = EDGE_LOOP ( 'NONE', ( #2153, #3867, #1401, #2863 ) ) ;
#1660 = ORIENTED_EDGE ( 'NONE', *, *, #12054, .F. ) ;
#1661 = CARTESIAN_POINT ( 'NONE',  ( -17.22117749006090293, 5.199999999999999289, 2.286000000000000032 ) ) ;
#1662 = CARTESIAN_POINT ( 'NONE',  ( 0.000000000000000000, 0.000000000000000000, 1.000000000000000000 ) ) ;
#1663 = LINE ( 'NONE', #5578, #3215 ) ;
#1664 = ORIENTED_EDGE ( 'NONE', *, *, #8502, .F. ) ;
#1665 = DIRECTION ( 'NONE',  ( 0.000000000000000000, 1.000000000000000000, -0.000000000000000000 ) ) ;
#1666 = DIRECTION ( 'NONE',  ( -0.000000000000000000, -0.000000000000000000, 1.000000000000000000 ) ) ;
#1667 = ORIENTED_EDGE ( 'NONE', *, *, #9316, .T. ) ;
#1668 = EDGE_CURVE ( 'NONE', #2505, #4820, #8191, .T. ) ;
#1669 = DIRECTION ( 'NONE',  ( 0.000000000000000000, 0.000000000000000000, -1.000000000000000000 ) ) ;
#1670 = ORIENTED_EDGE ( 'NONE', *, *, #5269, .F. ) ;
#1671 = ORIENTED_EDGE ( 'NONE', *, *, #1971, .F. ) ;
#1672 = EDGE_LOOP ( 'NONE', ( #12676, #7898, #3959, #9187 ) ) ;
#1673 = ORIENTED_EDGE ( 'NONE', *, *, #1438, .F. ) ;
#1674 = ORIENTED_EDGE ( 'NONE', *, *, #6343, .T. ) ;
#1675 = CARTESIAN_POINT ( 'NONE',  ( 2.558670703524388301, -1.879848193585325067, 1.000000000000000000 ) ) ;
#1676 = DIRECTION ( 'NONE',  ( 1.000000000000000000, 0.000000000000000000, 0.000000000000000000 ) ) ;
#1677 = DIRECTION ( 'NONE',  ( -0.000000000000000000, -0.000000000000000000, 1.000000000000000000 ) ) ;
#1678 = CARTESIAN_POINT ( 'NONE',  ( -9.561493189429086215, 0.4799999999999999822, 1.000000000000000000 ) ) ;
#1679 = VERTEX_POINT ( 'NONE', #1375 ) ;
#1680 = CARTESIAN_POINT ( 'NONE',  ( 0.000000000000000000, -25.39999999999999858, 1.000000000000000000 ) ) ;
#1681 = DIRECTION ( 'NONE',  ( 0.000000000000000000, 1.000000000000000000, -0.000000000000000000 ) ) ;
#1682 = VERTEX_POINT ( 'NONE', #6071 ) ;
#1683 = CARTESIAN_POINT ( 'NONE',  ( -1.793702120375342574E-14, -50.79999999999999716, 1.000000000000000000 ) ) ;
#1684 = EDGE_CURVE ( 'NONE', #6933, #2650, #5165, .T. ) ;
#1685 = LINE ( 'NONE', #3352, #6873 ) ;
#1686 = EDGE_LOOP ( 'NONE', ( #8257, #2379, #4242, #3018 ) ) ;
#1687 = DIRECTION ( 'NONE',  ( -1.000000000000000000, -0.000000000000000000, -0.000000000000000000 ) ) ;
#1688 = CARTESIAN_POINT ( 'NONE',  ( -5.199999999999995737, -6.699999999999997513, -3.049999999999999822 ) ) ;
#1689 = DIRECTION ( 'NONE',  ( 0.000000000000000000, -1.000000000000000000, 0.000000000000000000 ) ) ;
#1690 = FACE_OUTER_BOUND ( 'NONE', #12252, .T. ) ;
#1691 = DIRECTION ( 'NONE',  ( 0.000000000000000000, 0.000000000000000000, -1.000000000000000000 ) ) ;
#1692 = DIRECTION ( 'NONE',  ( 0.000000000000000000, 0.000000000000000000, 1.000000000000000000 ) ) ;
#1693 = CARTESIAN_POINT ( 'NONE',  ( 1.879848193585309524, -15.25867070352439825, -2.286000000000000032 ) ) ;
#1694 = EDGE_CURVE ( 'NONE', #9992, #5823, #10112, .T. ) ;
#1695 = CARTESIAN_POINT ( 'NONE',  ( -25.39999999999999858, 0.000000000000000000, 2.286000000000000032 ) ) ;
#1696 = EDGE_CURVE ( 'NONE', #1212, #2802, #2334, .T. ) ;
#1697 = CARTESIAN_POINT ( 'NONE',  ( 6.689411254969551912, -6.689411254969595433, -1.000000000000000000 ) ) ;
#1698 = AXIS2_PLACEMENT_3D ( 'NONE', #3130, #9887, #8920 ) ;
#1699 = DIRECTION ( 'NONE',  ( -0.7071067811865497932, 0.7071067811865452413, 0.000000000000000000 ) ) ;
#1700 = ORIENTED_EDGE ( 'NONE', *, *, #9164, .T. ) ;
#1701 = CARTESIAN_POINT ( 'NONE',  ( -4.860588745030456792, -7.160588745030458391, -2.286000000000000032 ) ) ;
#1702 = CARTESIAN_POINT ( 'NONE',  ( 6.200000000000025047, -29.20441558772843038, 3.049999999999999822 ) ) ;
#1703 = AXIS2_PLACEMENT_3D ( 'NONE', #12685, #5747, #3886 ) ;
#1704 = ADVANCED_FACE ( 'NONE', ( #3427 ), #1439, .T. ) ;
#1705 = VERTEX_POINT ( 'NONE', #4197 ) ;
#1706 = LINE ( 'NONE', #10579, #10849 ) ;
#1707 = AXIS2_PLACEMENT_3D ( 'NONE', #11490, #3717, #4868 ) ;
#1708 = ORIENTED_EDGE ( 'NONE', *, *, #3579, .F. ) ;
#1709 = CARTESIAN_POINT ( 'NONE',  ( -25.39999999999999858, 0.000000000000000000, 2.286000000000000032 ) ) ;
#1710 = CARTESIAN_POINT ( 'NONE',  ( 0.4799999999999960965, -47.66149318942908053, 2.286000000000000032 ) ) ;
#1711 = ORIENTED_EDGE ( 'NONE', *, *, #9042, .T. ) ;
#1712 = VERTEX_POINT ( 'NONE', #4387 ) ;
#1713 = AXIS2_PLACEMENT_3D ( 'NONE', #5905, #4100, #119 ) ;
#1714 = DIRECTION ( 'NONE',  ( -0.000000000000000000, -0.000000000000000000, 1.000000000000000000 ) ) ;
#1715 = ORIENTED_EDGE ( 'NONE', *, *, #4890, .T. ) ;
#1716 = AXIS2_PLACEMENT_3D ( 'NONE', #12096, #3290, #2323 ) ;
#1717 = LINE ( 'NONE', #7581, #1813 ) ;
#1718 = ADVANCED_FACE ( 'NONE', ( #9269 ), #1308, .F. ) ;
#1719 = DIRECTION ( 'NONE',  ( 0.000000000000000000, 0.000000000000000000, 1.000000000000000000 ) ) ;
#1720 = CARTESIAN_POINT ( 'NONE',  ( 7.697792206135789961, -7.697792206135759763, -1.000000000000000000 ) ) ;
#1721 = EDGE_CURVE ( 'NONE', #969, #2445, #6196, .T. ) ;
#1722 = EDGE_LOOP ( 'NONE', ( #6810, #12367, #12334, #12633, #3528, #396, #11836, #94 ) ) ;
#1723 = VECTOR ( 'NONE', #10581, 1000.000000000000000 ) ;
#1724 = DIRECTION ( 'NONE',  ( 0.000000000000000000, -1.000000000000000000, 0.000000000000000000 ) ) ;
#1725 = DIRECTION ( 'NONE',  ( -0.000000000000000000, -0.000000000000000000, -1.000000000000000000 ) ) ;
#1726 = AXIS2_PLACEMENT_3D ( 'NONE', #10738, #5851, #971 ) ;
#1727 = ORIENTED_EDGE ( 'NONE', *, *, #4767, .F. ) ;
#1728 = DIRECTION ( 'NONE',  ( -0.000000000000000000, -0.000000000000000000, 1.000000000000000000 ) ) ;
#1729 = ORIENTED_EDGE ( 'NONE', *, *, #5636, .F. ) ;
#1730 = ORIENTED_EDGE ( 'NONE', *, *, #9431, .F. ) ;
#1731 = EDGE_LOOP ( 'NONE', ( #9312, #2471, #11329, #379 ) ) ;
#1732 = ORIENTED_EDGE ( 'NONE', *, *, #8606, .F. ) ;
#1733 = VECTOR ( 'NONE', #9024, 1000.000000000000000 ) ;
#1734 = VERTEX_POINT ( 'NONE', #12107 ) ;
#1735 = PERSON_AND_ORGANIZATION ( #4115, #10773 ) ;
#1736 = ADVANCED_FACE ( 'NONE', ( #466 ), #7224, .F. ) ;
#1737 = DIRECTION ( 'NONE',  ( -1.000000000000000000, 0.000000000000000000, 0.000000000000000000 ) ) ;
#1738 = ADVANCED_FACE ( 'NONE', ( #9405 ), #7612, .F. ) ;
#1739 = CARTESIAN_POINT ( 'NONE',  ( 0.000000000000000000, -50.79999999999999716, -1.000000000000000000 ) ) ;
#1740 = PLANE ( 'NONE',  #808 ) ;
#1741 = DIRECTION ( 'NONE',  ( -0.000000000000000000, -0.000000000000000000, 1.000000000000000000 ) ) ;
#1742 = ORIENTED_EDGE ( 'NONE', *, *, #10655, .F. ) ;
#1743 = DIRECTION ( 'NONE',  ( -0.000000000000000000, -0.000000000000000000, 1.000000000000000000 ) ) ;
#1744 = CARTESIAN_POINT ( 'NONE',  ( -0.4800000000000069211, -22.26149318942908550, 1.000000000000000000 ) ) ;
#1745 = ORIENTED_EDGE ( 'NONE', *, *, #7427, .T. ) ;
#1746 = LINE ( 'NONE', #11569, #6119 ) ;
#1747 = CC_DESIGN_APPROVAL ( #1333, ( #4236 ) ) ;
#1748 = DIRECTION ( 'NONE',  ( 0.000000000000000000, 1.000000000000000000, -0.000000000000000000 ) ) ;
#1749 = PLANE ( 'NONE',  #2975 ) ;
#1750 = EDGE_LOOP ( 'NONE', ( #5857, #11409, #1278, #10091 ) ) ;
#1751 = VECTOR ( 'NONE', #4377, 1000.000000000000000 ) ;
#1752 = CARTESIAN_POINT ( 'NONE',  ( -15.87500000000000000, 0.4799999999999999822, 2.286000000000000032 ) ) ;
#1753 = EDGE_CURVE ( 'NONE', #3380, #1487, #2465, .T. ) ;
#1754 = DIRECTION ( 'NONE',  ( 1.000000000000000000, 0.000000000000000000, 0.000000000000000000 ) ) ;
#1755 = CARTESIAN_POINT ( 'NONE',  ( 5.200000000000000178, -8.178822509939090324, 3.049999999999999822 ) ) ;
#1756 = DIRECTION ( 'NONE',  ( -0.000000000000000000, -0.000000000000000000, -1.000000000000000000 ) ) ;
#1757 = AXIS2_PLACEMENT_3D ( 'NONE', #809, #8642, #2861 ) ;
#1758 = VECTOR ( 'NONE', #11934, 1000.000000000000000 ) ;
#1759 = CARTESIAN_POINT ( 'NONE',  ( -12.69999999999999929, 0.000000000000000000, 2.286000000000000032 ) ) ;
#1760 = CARTESIAN_POINT ( 'NONE',  ( -4.662796538894676601, -43.44161904883374348, -2.286000000000000032 ) ) ;
#1761 = PLANE ( 'NONE',  #2740 ) ;
#1762 = CARTESIAN_POINT ( 'NONE',  ( -17.36279653889466346, 5.341619048833760708, -2.286000000000000032 ) ) ;
#1763 = DIRECTION ( 'NONE',  ( -7.912989585623242219E-16, 1.000000000000000000, 0.000000000000000000 ) ) ;
#1764 = CARTESIAN_POINT ( 'NONE',  ( -3.174999999999999822, -12.69999999999999929, 2.286000000000000032 ) ) ;
#1765 = AXIS2_PLACEMENT_3D ( 'NONE', #217, #920, #1053 ) ;
#1766 = ORIENTED_EDGE ( 'NONE', *, *, #9479, .T. ) ;
#1767 = EDGE_CURVE ( 'NONE', #10514, #2747, #6517, .T. ) ;
#1768 = AXIS2_PLACEMENT_3D ( 'NONE', #3983, #4888, #1087 ) ;
#1769 = DIRECTION ( 'NONE',  ( -1.000000000000000000, 0.000000000000000000, 0.000000000000000000 ) ) ;
#1770 = AXIS2_PLACEMENT_3D ( 'NONE', #3474, #3723, #6564 ) ;
#1771 = CARTESIAN_POINT ( 'NONE',  ( 5.200000000000001066, -20.87882250993907363, 2.286000000000000032 ) ) ;
#1772 = ORIENTED_EDGE ( 'NONE', *, *, #6818, .T. ) ;
#1773 = DIRECTION ( 'NONE',  ( -0.000000000000000000, -0.000000000000000000, 1.000000000000000000 ) ) ;
#1774 = AXIS2_PLACEMENT_3D ( 'NONE', #11971, #3169, #2217 ) ;
#1775 = ORIENTED_EDGE ( 'NONE', *, *, #10326, .F. ) ;
#1776 = CARTESIAN_POINT ( 'NONE',  ( -1.879848193585311078, -40.65867070352439328, 1.000000000000000000 ) ) ;
#1777 = DIRECTION ( 'NONE',  ( -0.000000000000000000, -0.000000000000000000, 1.000000000000000000 ) ) ;
#1778 = ORIENTED_EDGE ( 'NONE', *, *, #9879, .T. ) ;
#1779 = VECTOR ( 'NONE', #781, 1000.000000000000000 ) ;
#1780 = CIRCLE ( 'NONE', #10813, 5.200000000000002842 ) ;
#1781 = ORIENTED_EDGE ( 'NONE', *, *, #923, .T. ) ;
#1782 = CARTESIAN_POINT ( 'NONE',  ( -10.82015180641468177, 2.558670703524395851, -2.286000000000000032 ) ) ;
#1783 = EDGE_LOOP ( 'NONE', ( #9100, #7384, #4736, #9554, #2027, #4250, #10927, #7257 ) ) ;
#1784 = VECTOR ( 'NONE', #110, 1000.000000000000000 ) ;
#1785 = EDGE_CURVE ( 'NONE', #7281, #5252, #10365, .T. ) ;
#1786 = CARTESIAN_POINT ( 'NONE',  ( -6.699999999999990408, -6.199999999999999289, 3.049999999999999822 ) ) ;
#1787 = ORIENTED_EDGE ( 'NONE', *, *, #4643, .F. ) ;
#1788 = DIRECTION ( 'NONE',  ( -0.7071067811865497932, 0.7071067811865452413, -0.000000000000000000 ) ) ;
#1789 = LINE ( 'NONE', #7640, #1995 ) ;
#1790 = AXIS2_PLACEMENT_3D ( 'NONE', #813, #12623, #4783 ) ;
#1791 = VERTEX_POINT ( 'NONE', #10439 ) ;
#1792 = CARTESIAN_POINT ( 'NONE',  ( -27.50000000000000000, 2.571758278209441464E-16, -1.001000000000000112 ) ) ;
#1793 = CARTESIAN_POINT ( 'NONE',  ( -22.84132929647559251, 1.879848193585300642, -2.286000000000000032 ) ) ;
#1794 = VERTEX_POINT ( 'NONE', #12549 ) ;
#1795 = LINE ( 'NONE', #5717, #3423 ) ;
#1796 = ORIENTED_EDGE ( 'NONE', *, *, #7559, .T. ) ;
#1797 = ORIENTED_EDGE ( 'NONE', *, *, #9415, .F. ) ;
#1798 = ADVANCED_FACE ( 'NONE', ( #11518 ), #6385, .T. ) ;
#1799 = EDGE_LOOP ( 'NONE', ( #1648, #9808, #11874, #5120, #597, #6335 ) ) ;
#1800 = AXIS2_PLACEMENT_3D ( 'NONE', #1759, #12298, #10565 ) ;
#1801 = VECTOR ( 'NONE', #12576, 1000.000000000000000 ) ;
#1802 = ORIENTED_EDGE ( 'NONE', *, *, #335, .T. ) ;
#1803 = PERSON_AND_ORGANIZATION ( #4115, #10773 ) ;
#1804 = CARTESIAN_POINT ( 'NONE',  ( 0.000000000000000000, -12.69999999999999929, 2.286000000000000032 ) ) ;
#1805 = DIRECTION ( 'NONE',  ( 1.000000000000000000, 0.000000000000000000, 0.000000000000000000 ) ) ;
#1806 = CARTESIAN_POINT ( 'NONE',  ( -22.26149318942908550, 0.4799999999999999822, 2.286000000000000032 ) ) ;
#1807 = VERTEX_POINT ( 'NONE', #2716 ) ;
#1808 = PLANE ( 'NONE',  #11999 ) ;
#1809 = CARTESIAN_POINT ( 'NONE',  ( -22.84132929647558896, -1.879848193585298644, 2.286000000000000032 ) ) ;
#1810 = ORIENTED_EDGE ( 'NONE', *, *, #8441, .T. ) ;
#1811 = CIRCLE ( 'NONE', #3446, 3.175000000000000711 ) ;
#1812 = CYLINDRICAL_SURFACE ( 'NONE', #9814, 3.174999999999998934 ) ;
#1813 = VECTOR ( 'NONE', #824, 1000.000000000000000 ) ;
#1814 = CARTESIAN_POINT ( 'NONE',  ( -5.200000000000004619, -42.62117749006090150, -1.000000000000000000 ) ) ;
#1815 = CARTESIAN_POINT ( 'NONE',  ( 5.341619048833758931, -8.037203461105331570, 2.286000000000000032 ) ) ;
#1816 = VERTEX_POINT ( 'NONE', #1688 ) ;
#1817 = EDGE_CURVE ( 'NONE', #4227, #1212, #4454, .T. ) ;
#1818 = EDGE_CURVE ( 'NONE', #12713, #456, #8634, .T. ) ;
#1819 = EDGE_CURVE ( 'NONE', #2747, #235, #1496, .T. ) ;
#1820 = LINE ( 'NONE', #5604, #8185 ) ;
#1821 = EDGE_CURVE ( 'NONE', #6581, #1487, #7481, .T. ) ;
#1822 = CIRCLE ( 'NONE', #3666, 3.174999999999999822 ) ;
#1823 = VECTOR ( 'NONE', #3623, 1000.000000000000000 ) ;
#1824 = DIRECTION ( 'NONE',  ( 1.000000000000000000, 0.000000000000000000, 0.000000000000000000 ) ) ;
#1825 = DIRECTION ( 'NONE',  ( -1.000000000000000000, 0.000000000000000000, 0.000000000000000000 ) ) ;
#1826 = FACE_OUTER_BOUND ( 'NONE', #10298, .T. ) ;
#1827 = DIRECTION ( 'NONE',  ( -0.000000000000000000, -0.000000000000000000, 1.000000000000000000 ) ) ;
#1828 = DIRECTION ( 'NONE',  ( 0.7071067811865489050, 0.7071067811865461294, 0.000000000000000000 ) ) ;
#1829 = DIRECTION ( 'NONE',  ( -0.7071067811865477948, -0.7071067811865473507, 0.000000000000000000 ) ) ;
#1830 = DIRECTION ( 'NONE',  ( -0.000000000000000000, -0.000000000000000000, -1.000000000000000000 ) ) ;
#1831 = CARTESIAN_POINT ( 'NONE',  ( 5.200000000000000178, 6.368163355566235395E-16, 3.049999999999999822 ) ) ;
#1832 = EDGE_CURVE ( 'NONE', #2967, #6985, #534, .T. ) ;
#1833 = VECTOR ( 'NONE', #1620, 1000.000000000000000 ) ;
#1834 = CARTESIAN_POINT ( 'NONE',  ( -5.200000000000001066, -29.92117749006092353, 2.286000000000000032 ) ) ;
#1835 = VERTEX_POINT ( 'NONE', #2524 ) ;
#1836 = CARTESIAN_POINT ( 'NONE',  ( 2.558670703524385637, -23.52015180641467040, 1.000000000000000000 ) ) ;
#1837 = CARTESIAN_POINT ( 'NONE',  ( -6.199999999999972644, -30.61862915010151198, 3.049999999999999822 ) ) ;
#1838 = ORIENTED_EDGE ( 'NONE', *, *, #8816, .T. ) ;
#1839 = CARTESIAN_POINT ( 'NONE',  ( -5.200000000000006395, -50.79999999999999716, -3.049999999999999822 ) ) ;
#1840 = ORIENTED_EDGE ( 'NONE', *, *, #1363, .T. ) ;
#1841 = DIRECTION ( 'NONE',  ( 0.7071067811865459074, 0.7071067811865491270, 0.000000000000000000 ) ) ;
#1842 = CARTESIAN_POINT ( 'NONE',  ( -0.4800000000000069211, -22.26149318942908550, 2.286000000000000032 ) ) ;
#1843 = ORIENTED_EDGE ( 'NONE', *, *, #793, .F. ) ;
#1844 = ORIENTED_EDGE ( 'NONE', *, *, #8645, .F. ) ;
#1845 = CARTESIAN_POINT ( 'NONE',  ( 2.100000000000000089, -12.69999999999999929, -1.001000000000000112 ) ) ;
#1846 = VERTEX_POINT ( 'NONE', #4519 ) ;
#1847 = DIRECTION ( 'NONE',  ( 0.000000000000000000, 0.000000000000000000, -1.000000000000000000 ) ) ;
#1848 = ORIENTED_EDGE ( 'NONE', *, *, #1031, .F. ) ;
#1849 = CARTESIAN_POINT ( 'NONE',  ( -2.584475285236818021, -23.49434722470223846, -2.286000000000000032 ) ) ;
#1850 = LINE ( 'NONE', #10471, #7126 ) ;
#1851 = ORIENTED_EDGE ( 'NONE', *, *, #11212, .T. ) ;
#1852 = DIRECTION ( 'NONE',  ( -0.000000000000000000, -0.000000000000000000, 1.000000000000000000 ) ) ;
#1853 = DIRECTION ( 'NONE',  ( -0.000000000000000000, 1.000000000000000000, -0.000000000000000000 ) ) ;
#1854 = DIRECTION ( 'NONE',  ( 0.000000000000000000, -0.000000000000000000, -1.000000000000000000 ) ) ;
#1855 = VERTEX_POINT ( 'NONE', #4713 ) ;
#1856 = ADVANCED_FACE ( 'NONE', ( #12295 ), #6585, .F. ) ;
#1857 = CARTESIAN_POINT ( 'NONE',  ( 1.879848193585295757, -22.84132929647559251, 2.286000000000000032 ) ) ;
#1858 = ADVANCED_FACE ( 'NONE', ( #9465 ), #4649, .F. ) ;
#1859 = VERTEX_POINT ( 'NONE', #8438 ) ;
#1860 = VERTEX_POINT ( 'NONE', #6445 ) ;
#1861 = VERTEX_POINT ( 'NONE', #12350 ) ;
#1862 = VERTEX_POINT ( 'NONE', #5548 ) ;
#1863 = FACE_BOUND ( 'NONE', #5504, .T. ) ;
#1864 = DIRECTION ( 'NONE',  ( -0.000000000000000000, -0.000000000000000000, 1.000000000000000000 ) ) ;
#1865 = CARTESIAN_POINT ( 'NONE',  ( 5.200000000000001066, -20.59558441227154546, -3.049999999999999822 ) ) ;
#1866 = ORIENTED_EDGE ( 'NONE', *, *, #9685, .T. ) ;
#1867 = EDGE_CURVE ( 'NONE', #9190, #8870, #3551, .T. ) ;
#1868 = CARTESIAN_POINT ( 'NONE',  ( -14.57984819358530970, -2.558670703524399848, -2.286000000000000032 ) ) ;
#1869 = DIRECTION ( 'NONE',  ( 0.7071067811865465735, 0.7071067811865485719, 0.000000000000000000 ) ) ;
#1870 = VERTEX_POINT ( 'NONE', #12421 ) ;
#1871 = DIRECTION ( 'NONE',  ( 0.7071067811865451302, -0.7071067811865500152, 0.000000000000000000 ) ) ;
#1872 = DIRECTION ( 'NONE',  ( -0.000000000000000000, -0.000000000000000000, 1.000000000000000000 ) ) ;
#1873 = DIRECTION ( 'NONE',  ( 0.7071067811865452413, -0.7071067811865497932, 0.000000000000000000 ) ) ;
#1874 = ORIENTED_EDGE ( 'NONE', *, *, #6438, .F. ) ;
#1875 = EDGE_LOOP ( 'NONE', ( #8418, #5323, #3901, #9424 ) ) ;
#1876 = DIRECTION ( 'NONE',  ( -0.000000000000000000, -0.000000000000000000, 1.000000000000000000 ) ) ;
#1877 = DIRECTION ( 'NONE',  ( 2.556848660736790434E-16, 1.000000000000000000, 0.000000000000000000 ) ) ;
#1878 = DIRECTION ( 'NONE',  ( -0.000000000000000000, -0.000000000000000000, 1.000000000000000000 ) ) ;
#1879 = FACE_OUTER_BOUND ( 'NONE', #2420, .T. ) ;
#1880 = EDGE_CURVE ( 'NONE', #1516, #4628, #10637, .T. ) ;
#1881 = EDGE_CURVE ( 'NONE', #2321, #5697, #12491, .T. ) ;
#1882 = LINE ( 'NONE', #8761, #5031 ) ;
#1883 = CARTESIAN_POINT ( 'NONE',  ( -1.905652775297734358, -27.98447528523684724, -2.286000000000000032 ) ) ;
#1884 = FACE_OUTER_BOUND ( 'NONE', #7592, .T. ) ;
#1885 = EDGE_CURVE ( 'NONE', #10666, #7370, #148, .T. ) ;
#1886 = EDGE_CURVE ( 'NONE', #5208, #7842, #5865, .T. ) ;
#1887 = DIRECTION ( 'NONE',  ( 0.7071067811865491270, 0.7071067811865459074, 0.000000000000000000 ) ) ;
#1888 = CARTESIAN_POINT ( 'NONE',  ( 6.199999999999983302, -43.31862915010152904, 3.049999999999999822 ) ) ;
#1889 = LINE ( 'NONE', #5808, #4011 ) ;
#1890 = ORIENTED_EDGE ( 'NONE', *, *, #6537, .F. ) ;
#1891 = DIRECTION ( 'NONE',  ( -0.000000000000000000, -0.000000000000000000, 1.000000000000000000 ) ) ;
#1892 = FACE_OUTER_BOUND ( 'NONE', #11337, .T. ) ;
#1893 = EDGE_CURVE ( 'NONE', #11471, #5256, #6776, .T. ) ;
#1894 = ORIENTED_EDGE ( 'NONE', *, *, #1099, .T. ) ;
#1895 = FACE_OUTER_BOUND ( 'NONE', #3397, .T. ) ;
#1896 = ORIENTED_EDGE ( 'NONE', *, *, #12021, .T. ) ;
#1897 = PLANE ( 'NONE',  #3979 ) ;
#1898 = CARTESIAN_POINT ( 'NONE',  ( -3.654415587728437220, -44.44999999999998863, 3.049999999999999822 ) ) ;
#1899 = CIRCLE ( 'NONE', #1698, 3.175000000000000711 ) ;
#1900 = EDGE_LOOP ( 'NONE', ( #1508, #4035 ) ) ;
#1901 = EDGE_LOOP ( 'NONE', ( #8676, #12406, #2234, #1575 ) ) ;
#1902 = FACE_OUTER_BOUND ( 'NONE', #10519, .T. ) ;
#1903 = VERTEX_POINT ( 'NONE', #11577 ) ;
#1904 = VECTOR ( 'NONE', #9388, 1000.000000000000000 ) ;
#1905 = PLANE ( 'NONE',  #11889 ) ;
#1906 = VECTOR ( 'NONE', #1788, 1000.000000000000000 ) ;
#1907 = EDGE_CURVE ( 'NONE', #12130, #3794, #5503, .T. ) ;
#1908 = ORIENTED_EDGE ( 'NONE', *, *, #6981, .F. ) ;
#1909 = CARTESIAN_POINT ( 'NONE',  ( 2.558670703524395851, -14.57984819358531503, -2.286000000000000032 ) ) ;
#1910 = CARTESIAN_POINT ( 'NONE',  ( 0.4799999999999992606, -34.96149318942908479, -1.000000000000000000 ) ) ;
#1911 = VERTEX_POINT ( 'NONE', #5021 ) ;
#1912 = DIRECTION ( 'NONE',  ( 0.000000000000000000, -0.000000000000000000, -1.000000000000000000 ) ) ;
#1913 = DIRECTION ( 'NONE',  ( -0.000000000000000000, -0.000000000000000000, 1.000000000000000000 ) ) ;
#1914 = CARTESIAN_POINT ( 'NONE',  ( -2.558670703524396295, -39.97984819358530473, -2.286000000000000032 ) ) ;
#1915 = EDGE_LOOP ( 'NONE', ( #8680, #654, #1802, #3682, #9056, #12052 ) ) ;
#1917 = LINE ( 'NONE', #9763, #10398 ) ;
#1916 = VECTOR ( 'NONE', #9916, 1000.000000000000000 ) ;
#1918 = VECTOR ( 'NONE', #3694, 1000.000000000000000 ) ;
#1919 = ORIENTED_EDGE ( 'NONE', *, *, #5480, .T. ) ;
#1920 = ORIENTED_EDGE ( 'NONE', *, *, #12326, .F. ) ;
#1921 = ORIENTED_EDGE ( 'NONE', *, *, #8879, .F. ) ;
#1922 = COORDINATED_UNIVERSAL_TIME_OFFSET ( 6, 0, .BEHIND. ) ;
#1923 = EDGE_CURVE ( 'NONE', #1679, #12137, #10818, .T. ) ;
#1924 = CIRCLE ( 'NONE', #9734, 3.174999999999999822 ) ;
#1925 = LINE ( 'NONE', #8811, #1371 ) ;
#1926 = EDGE_CURVE ( 'NONE', #1219, #8655, #3936, .T. ) ;
#1927 = VECTOR ( 'NONE', #1681, 1000.000000000000000 ) ;
#1928 = CARTESIAN_POINT ( 'NONE',  ( -5.200000000000006395, -50.79999999999999716, -2.286000000000000032 ) ) ;
#1929 = CARTESIAN_POINT ( 'NONE',  ( -2.558670703524397183, -36.22015180641468390, -1.000000000000000000 ) ) ;
#1930 = VERTEX_POINT ( 'NONE', #7854 ) ;
#1931 = CARTESIAN_POINT ( 'NONE',  ( 6.200000000000021494, -32.88137084989849512, -3.049999999999999822 ) ) ;
#1932 = CARTESIAN_POINT ( 'NONE',  ( -13.03941125496960751, -13.03941125496951692, 1.000000000000000000 ) ) ;
#1933 = VERTEX_POINT ( 'NONE', #7799 ) ;
#1934 = CARTESIAN_POINT ( 'NONE',  ( -6.699999999999990408, -5.199999999999999289, 3.049999999999999822 ) ) ;
#1935 = CARTESIAN_POINT ( 'NONE',  ( 2.100000000000000089, 0.000000000000000000, -2.286000000000000032 ) ) ;
#1936 = CARTESIAN_POINT ( 'NONE',  ( -4.662796538894677489, -32.75838095116624515, 2.286000000000000032 ) ) ;
#1937 = ORIENTED_EDGE ( 'NONE', *, *, #10528, .T. ) ;
#1938 = VECTOR ( 'NONE', #3816, 1000.000000000000000 ) ;
#1939 = ORIENTED_EDGE ( 'NONE', *, *, #7286, .T. ) ;
#1940 = DIRECTION ( 'NONE',  ( -1.000000000000000000, 0.000000000000000000, -0.000000000000000000 ) ) ;
#1941 = ADVANCED_FACE ( 'NONE', ( #2779 ), #9790, .F. ) ;
#1942 = EDGE_CURVE ( 'NONE', #3740, #2890, #12607, .T. ) ;
#1943 = DIRECTION ( 'NONE',  ( -1.000000000000000000, -0.000000000000000000, 0.000000000000000000 ) ) ;
#1944 = LINE ( 'NONE', #2909, #11661 ) ;
#1945 = CARTESIAN_POINT ( 'NONE',  ( -12.69999999999999929, 0.000000000000000000, 1.000000000000000000 ) ) ;
#1946 = CIRCLE ( 'NONE', #724, 5.200000000000000178 ) ;
#1947 = CARTESIAN_POINT ( 'NONE',  ( 5.200000000000000178, -4.804415587728428250, -2.286000000000000032 ) ) ;
#1948 = DIRECTION ( 'NONE',  ( 0.7071067811865501263, 0.7071067811865449082, 0.000000000000000000 ) ) ;
#1949 = DIRECTION ( 'NONE',  ( -0.000000000000000000, -0.000000000000000000, 1.000000000000000000 ) ) ;
#1950 = DIRECTION ( 'NONE',  ( 7.912989585623242219E-16, -1.000000000000000000, 0.000000000000000000 ) ) ;
#1951 = AXIS2_PLACEMENT_3D ( 'NONE', #10872, #6949, #8677 ) ;
#1952 = LINE ( 'NONE', #6904, #6667 ) ;
#1953 = LINE ( 'NONE', #11721, #8725 ) ;
#1954 = EDGE_CURVE ( 'NONE', #9224, #6186, #12062, .T. ) ;
#1955 = ORIENTED_EDGE ( 'NONE', *, *, #2302, .T. ) ;
#1956 = VECTOR ( 'NONE', #7095, 1000.000000000000000 ) ;
#1957 = EDGE_CURVE ( 'NONE', #5368, #12454, #11769, .T. ) ;
#1958 = AXIS2_PLACEMENT_3D ( 'NONE', #767, #1724, #7587 ) ;
#1959 = CARTESIAN_POINT ( 'NONE',  ( -6.350000000000001421, 3.654415587728427450, 3.049999999999999822 ) ) ;
#1960 = DIRECTION ( 'NONE',  ( -0.000000000000000000, 0.000000000000000000, 1.000000000000000000 ) ) ;
#1961 = EDGE_LOOP ( 'NONE', ( #8202, #832, #3783, #12218 ) ) ;
#1962 = LINE ( 'NONE', #8900, #2215 ) ;
#1963 = VECTOR ( 'NONE', #2412, 1000.000000000000000 ) ;
#1964 = VERTEX_POINT ( 'NONE', #10628 ) ;
#1965 = CARTESIAN_POINT ( 'NONE',  ( -2.558670703524407397, 1.879848193585299310, -1.000000000000000000 ) ) ;
#1966 = DIRECTION ( 'NONE',  ( 1.000000000000000000, 0.000000000000000000, 0.000000000000000000 ) ) ;
#1967 = ORIENTED_EDGE ( 'NONE', *, *, #7144, .T. ) ;
#1968 = CIRCLE ( 'NONE', #7110, 6.200000000000000178 ) ;
#1969 = EDGE_LOOP ( 'NONE', ( #4467, #4045, #405, #8355, #1848 ) ) ;
#1970 = EDGE_CURVE ( 'NONE', #6155, #2505, #5742, .T. ) ;
#1971 = EDGE_CURVE ( 'NONE', #1093, #4479, #373, .T. ) ;
#1972 = DIRECTION ( 'NONE',  ( 0.7071067811865489050, -0.7071067811865460184, 0.000000000000000000 ) ) ;
#1973 = ORIENTED_EDGE ( 'NONE', *, *, #2594, .F. ) ;
#1974 = EDGE_CURVE ( 'NONE', #10133, #11471, #11659, .T. ) ;
#1975 = VECTOR ( 'NONE', #9889, 1000.000000000000114 ) ;
#1976 = EDGE_CURVE ( 'NONE', #6756, #2351, #8758, .T. ) ;
#1977 = CARTESIAN_POINT ( 'NONE',  ( -11.35220779386420453, -11.35220779386421519, 1.000000000000000000 ) ) ;
#1978 = AXIS2_PLACEMENT_3D ( 'NONE', #1368, #4324, #8241 ) ;
#1979 = ORIENTED_EDGE ( 'NONE', *, *, #9267, .T. ) ;
#1980 = LINE ( 'NONE', #4698, #12489 ) ;
#1981 = DIRECTION ( 'NONE',  ( -0.000000000000000000, -0.000000000000000000, 1.000000000000000000 ) ) ;
#1982 = ORIENTED_EDGE ( 'NONE', *, *, #5176, .T. ) ;
#1983 = LINE ( 'NONE', #1792, #927 ) ;
#1984 = DIRECTION ( 'NONE',  ( 0.000000000000000000, 1.000000000000000000, 0.000000000000000000 ) ) ;
#1985 = LINE ( 'NONE', #3852, #10728 ) ;
#1986 = VECTOR ( 'NONE', #8675, 1000.000000000000227 ) ;
#1987 = ORIENTED_EDGE ( 'NONE', *, *, #3892, .F. ) ;
#1988 = VECTOR ( 'NONE', #9292, 1000.000000000000000 ) ;
#1989 = CARTESIAN_POINT ( 'NONE',  ( 0.000000000000000000, -25.39999999999999858, -2.286000000000000032 ) ) ;
#1990 = CIRCLE ( 'NONE', #3210, 2.100000000000000089 ) ;
#1991 = EDGE_LOOP ( 'NONE', ( #9447, #4143, #6737, #1262 ) ) ;
#1992 = EDGE_CURVE ( 'NONE', #6789, #10866, #3040, .T. ) ;
#1993 = ORIENTED_EDGE ( 'NONE', *, *, #4016, .F. ) ;
#1994 = EDGE_LOOP ( 'NONE', ( #11217, #9006, #4488, #7400 ) ) ;
#1995 = VECTOR ( 'NONE', #5640, 999.9999999999998863 ) ;
#1996 = VECTOR ( 'NONE', #5694, 1000.000000000000000 ) ;
#1997 = DIRECTION ( 'NONE',  ( 0.000000000000000000, 0.000000000000000000, 1.000000000000000000 ) ) ;
#1998 = CARTESIAN_POINT ( 'NONE',  ( -3.654415587728408799, -31.74999999999999289, 2.286000000000000032 ) ) ;
#1999 = FACE_OUTER_BOUND ( 'NONE', #9697, .T. ) ;
#2000 = ORIENTED_EDGE ( 'NONE', *, *, #7315, .T. ) ;
#2001 = DIRECTION ( 'NONE',  ( 0.000000000000000000, 0.000000000000000000, 1.000000000000000000 ) ) ;
#2002 = DIRECTION ( 'NONE',  ( -1.000000000000000000, -2.185478394931411364E-15, 0.000000000000000000 ) ) ;
#2003 = ORIENTED_EDGE ( 'NONE', *, *, #9983, .F. ) ;
#2004 = DIRECTION ( 'NONE',  ( 0.7071067811865479058, 0.7071067811865471286, 0.000000000000000000 ) ) ;
#2005 = CARTESIAN_POINT ( 'NONE',  ( 1.879848193585309968, -15.25867070352439825, -2.286000000000000032 ) ) ;
#2006 = CARTESIAN_POINT ( 'NONE',  ( -10.82015180641468177, 2.558670703524395851, -1.000000000000000000 ) ) ;
#2007 = ORIENTED_EDGE ( 'NONE', *, *, #11613, .T. ) ;
#2008 = VECTOR ( 'NONE', #5168, 1000.000000000000114 ) ;
#2009 = EDGE_CURVE ( 'NONE', #11400, #5362, #3881, .T. ) ;
#2010 = EDGE_LOOP ( 'NONE', ( #4376, #3069, #9934, #10070, #8177, #10588 ) ) ;
#2011 = DIRECTION ( 'NONE',  ( 1.000000000000000000, 0.000000000000000000, 0.000000000000000000 ) ) ;
#2012 = DIRECTION ( 'NONE',  ( 0.7071067811865493491, -0.7071067811865456854, 0.000000000000000000 ) ) ;
#2013 = LINE ( 'NONE', #1047, #3448 ) ;
#2014 = CARTESIAN_POINT ( 'NONE',  ( -20.59558441227156322, -5.199999999999998401, 3.049999999999999822 ) ) ;
#2015 = VECTOR ( 'NONE', #1877, 1000.000000000000000 ) ;
#2016 = AXIS2_PLACEMENT_3D ( 'NONE', #10554, #11319, #3683 ) ;
#2017 = DIRECTION ( 'NONE',  ( -0.000000000000000000, -0.000000000000000000, 1.000000000000000000 ) ) ;
#2018 = DIRECTION ( 'NONE',  ( -0.7071067811865484609, -0.7071067811865466846, 0.000000000000000000 ) ) ;
#2019 = LINE ( 'NONE', #9535, #7452 ) ;
#2020 = LINE ( 'NONE', #11965, #3406 ) ;
#2021 = LINE ( 'NONE', #8769, #4814 ) ;
#2022 = EDGE_CURVE ( 'NONE', #1526, #8684, #6963, .T. ) ;
#2023 = EDGE_CURVE ( 'NONE', #3007, #9643, #11841, .T. ) ;
#2024 = VECTOR ( 'NONE', #9101, 1000.000000000000000 ) ;
#2025 = LINE ( 'NONE', #5946, #1956 ) ;
#2026 = VECTOR ( 'NONE', #79, 1000.000000000000000 ) ;
#2027 = ORIENTED_EDGE ( 'NONE', *, *, #7349, .F. ) ;
#2028 = LINE ( 'NONE', #8839, #9571 ) ;
#2029 = VECTOR ( 'NONE', #11542, 1000.000000000000000 ) ;
#2030 = CARTESIAN_POINT ( 'NONE',  ( 0.000000000000000000, -50.79999999999999716, 2.286000000000000032 ) ) ;
#2031 = ORIENTED_EDGE ( 'NONE', *, *, #11933, .T. ) ;
#2032 = CARTESIAN_POINT ( 'NONE',  ( -5.200000000000006395, -50.79999999999999716, 2.286000000000000032 ) ) ;
#2033 = ORIENTED_EDGE ( 'NONE', *, *, #989, .F. ) ;
#2034 = EDGE_CURVE ( 'NONE', #4530, #10041, #9910, .T. ) ;
#2035 = DIRECTION ( 'NONE',  ( 0.000000000000000000, 0.000000000000000000, 1.000000000000000000 ) ) ;
#2036 = AXIS2_PLACEMENT_3D ( 'NONE', #8489, #7341, #2454 ) ;
#2037 = DIRECTION ( 'NONE',  ( -5.463695987328531367E-16, -1.000000000000000000, 0.000000000000000000 ) ) ;
#2038 = ORIENTED_EDGE ( 'NONE', *, *, #1881, .F. ) ;
#2039 = VECTOR ( 'NONE', #3958, 1000.000000000000000 ) ;
#2040 = ORIENTED_EDGE ( 'NONE', *, *, #2599, .F. ) ;
#2041 = DIRECTION ( 'NONE',  ( 0.000000000000000000, 0.000000000000000000, -1.000000000000000000 ) ) ;
#2042 = ORIENTED_EDGE ( 'NONE', *, *, #9649, .F. ) ;
#2043 = DIRECTION ( 'NONE',  ( -0.000000000000000000, -0.000000000000000000, 1.000000000000000000 ) ) ;
#2044 = ORIENTED_EDGE ( 'NONE', *, *, #7906, .T. ) ;
#2045 = DIRECTION ( 'NONE',  ( -0.7071067811865476838, 0.7071067811865474617, 0.000000000000000000 ) ) ;
#2046 = LINE ( 'NONE', #7826, #6716 ) ;
#2047 = EDGE_LOOP ( 'NONE', ( #5820, #11551, #10009, #3 ) ) ;
#2048 = EDGE_CURVE ( 'NONE', #5455, #5256, #266, .T. ) ;
#2049 = EDGE_CURVE ( 'NONE', #4058, #6999, #5152, .T. ) ;
#2050 = LINE ( 'NONE', #3720, #11391 ) ;
#2051 = DIRECTION ( 'NONE',  ( -0.7071067811865454633, -0.7071067811865495711, 0.000000000000000000 ) ) ;
#2052 = LINE ( 'NONE', #1022, #4980 ) ;
#2053 = EDGE_CURVE ( 'NONE', #12090, #2179, #5094, .T. ) ;
#2054 = ORIENTED_EDGE ( 'NONE', *, *, #8247, .T. ) ;
#2055 = ADVANCED_FACE ( 'NONE', ( #8042 ), #11902, .T. ) ;
#2056 = DIRECTION ( 'NONE',  ( -0.000000000000000000, -0.000000000000000000, 1.000000000000000000 ) ) ;
#2057 = ORIENTED_EDGE ( 'NONE', *, *, #368, .F. ) ;
#2058 = ORIENTED_EDGE ( 'NONE', *, *, #9334, .F. ) ;
#2059 = VERTEX_POINT ( 'NONE', #11126 ) ;
#2060 = CARTESIAN_POINT ( 'NONE',  ( 0.000000000000000000, -38.09999999999999432, -1.000000000000000000 ) ) ;
#2061 = CARTESIAN_POINT ( 'NONE',  ( 5.200000000000000178, -42.90441558772844388, -2.286000000000000032 ) ) ;
#2062 = CYLINDRICAL_SURFACE ( 'NONE', #5460, 6.200000000000000178 ) ;
#2063 = ORIENTED_EDGE ( 'NONE', *, *, #3142, .F. ) ;
#2064 = EDGE_CURVE ( 'NONE', #1903, #12274, #4256, .T. ) ;
#2065 = PLANE ( 'NONE',  #6878 ) ;
#2066 = DIRECTION ( 'NONE',  ( -0.7071067811865489050, -0.7071067811865461294, -0.000000000000000000 ) ) ;
#2067 = ORIENTED_EDGE ( 'NONE', *, *, #2345, .F. ) ;
#2068 = LINE ( 'NONE', #12601, #11653 ) ;
#2069 = FACE_OUTER_BOUND ( 'NONE', #7845, .T. ) ;
#2070 =( NAMED_UNIT ( * ) SI_UNIT ( $, .STERADIAN. ) SOLID_ANGLE_UNIT ( ) );
#2071 = VERTEX_POINT ( 'NONE', #4316 ) ;
#2072 = VERTEX_POINT ( 'NONE', #4061 ) ;
#2073 = CARTESIAN_POINT ( 'NONE',  ( -3.654415587728408799, -31.74999999999999289, -1.000000000000000000 ) ) ;
#2074 = DIRECTION ( 'NONE',  ( 0.000000000000000000, 0.000000000000000000, 1.000000000000000000 ) ) ;
#2075 = LINE ( 'NONE', #4769, #11257 ) ;
#2076 = CARTESIAN_POINT ( 'NONE',  ( 2.584475285236818021, -23.49434722470223846, -2.286000000000000032 ) ) ;
#2077 = EDGE_CURVE ( 'NONE', #10051, #2214, #6942, .T. ) ;
#2078 = DIRECTION ( 'NONE',  ( 0.000000000000000000, 0.000000000000000000, 1.000000000000000000 ) ) ;
#2079 = DIRECTION ( 'NONE',  ( 0.7071067811865465735, -0.7071067811865483499, 0.000000000000000000 ) ) ;
#2080 = FACE_OUTER_BOUND ( 'NONE', #11783, .T. ) ;
#2081 = VERTEX_POINT ( 'NONE', #12091 ) ;
#2082 = CARTESIAN_POINT ( 'NONE',  ( 1.879848193585299532, -2.558670703524407841, 2.286000000000000032 ) ) ;
#2083 = DIRECTION ( 'NONE',  ( 1.000000000000000000, 0.000000000000000000, 0.000000000000000000 ) ) ;
#2084 = CARTESIAN_POINT ( 'NONE',  ( 5.200000000000000178, -33.29558441227155896, -2.286000000000000032 ) ) ;
#2085 = EDGE_LOOP ( 'NONE', ( #3271, #9221, #6407, #12539 ) ) ;
#2086 = LINE ( 'NONE', #9926, #5677 ) ;
#2087 = DIRECTION ( 'NONE',  ( 0.000000000000000000, 1.000000000000000000, 0.000000000000000000 ) ) ;
#2088 = EDGE_CURVE ( 'NONE', #3466, #8216, #9254, .T. ) ;
#2089 = EDGE_CURVE ( 'NONE', #3325, #1807, #11956, .T. ) ;
#2090 = DIRECTION ( 'NONE',  ( -0.000000000000000000, -0.000000000000000000, 1.000000000000000000 ) ) ;
#2091 = ORIENTED_EDGE ( 'NONE', *, *, #4674, .F. ) ;
#2092 = DIRECTION ( 'NONE',  ( -0.7071067811865489050, 0.7071067811865460184, 0.000000000000000000 ) ) ;
#2093 = PLANE ( 'NONE',  #2994 ) ;
#2094 = EDGE_LOOP ( 'NONE', ( #11172, #3048 ) ) ;
#2095 = ORIENTED_EDGE ( 'NONE', *, *, #10734, .F. ) ;
#2096 = FACE_OUTER_BOUND ( 'NONE', #10272, .T. ) ;
#2097 = VERTEX_POINT ( 'NONE', #10045 ) ;
#2098 = EDGE_CURVE ( 'NONE', #8356, #6456, #1811, .T. ) ;
#2099 = CARTESIAN_POINT ( 'NONE',  ( 4.662796538894649956, -45.45838095116624800, 2.286000000000000032 ) ) ;
#2100 = VERTEX_POINT ( 'NONE', #2385 ) ;
#2101 = DIRECTION ( 'NONE',  ( -0.7071067811865491270, 0.7071067811865459074, 0.000000000000000000 ) ) ;
#2102 = DIRECTION ( 'NONE',  ( 0.7071067811865502373, -0.7071067811865449082, 0.000000000000000000 ) ) ;
#2103 = EDGE_LOOP ( 'NONE', ( #3151, #10491, #3669, #1340 ) ) ;
#2104 = DIRECTION ( 'NONE',  ( 0.7071067811865486830, -0.7071067811865464625, 0.000000000000000000 ) ) ;
#2105 = DIRECTION ( 'NONE',  ( -0.000000000000000000, -0.000000000000000000, 1.000000000000000000 ) ) ;
#2106 = CARTESIAN_POINT ( 'NONE',  ( -11.35220779386420453, 11.35220779386421519, -1.000000000000000000 ) ) ;
#2107 = EDGE_LOOP ( 'NONE', ( #1315, #7827, #1745, #3256 ) ) ;
#2108 = CARTESIAN_POINT ( 'NONE',  ( 0.000000000000000000, 6.200000000000000178, 3.049999999999999822 ) ) ;
#2109 = ORIENTED_EDGE ( 'NONE', *, *, #10719, .F. ) ;
#2110 = ORIENTED_EDGE ( 'NONE', *, *, #11787, .F. ) ;
#2111 = AXIS2_PLACEMENT_3D ( 'NONE', #640, #1666, #3524 ) ;
#2112 = ADVANCED_FACE ( 'NONE', ( #7083 ), #2200, .F. ) ;
#2113 = ORIENTED_EDGE ( 'NONE', *, *, #4254, .T. ) ;
#2114 = PRODUCT_RELATED_PRODUCT_CATEGORY ( 'detail', '', ( #9925 ) ) ;
#2115 = EDGE_CURVE ( 'NONE', #11343, #821, #7212, .T. ) ;
#2116 = CARTESIAN_POINT ( 'NONE',  ( -0.4800000000000034239, -15.87499999999999645, -2.286000000000000032 ) ) ;
#2117 = FACE_OUTER_BOUND ( 'NONE', #4916, .T. ) ;
#2118 = CARTESIAN_POINT ( 'NONE',  ( -25.39999999999999858, 5.199999999999999289, 2.286000000000000032 ) ) ;
#2119 = ORIENTED_EDGE ( 'NONE', *, *, #11501, .T. ) ;
#2120 = AXIS2_PLACEMENT_3D ( 'NONE', #1618, #10544, #10613 ) ;
#2121 = PLANE ( 'NONE',  #1139 ) ;
#2122 = LINE ( 'NONE', #10987, #702 ) ;
#2123 = AXIS2_PLACEMENT_3D ( 'NONE', #9243, #7326, #9300 ) ;
#2124 = ORIENTED_EDGE ( 'NONE', *, *, #8812, .F. ) ;
#2125 = CARTESIAN_POINT ( 'NONE',  ( -1.793702120375342574E-14, -50.79999999999999716, -3.049999999999999822 ) ) ;
#2126 = CARTESIAN_POINT ( 'NONE',  ( -5.200000000000021494, -50.79999999999999716, 3.049999999999999822 ) ) ;
#2127 = ORIENTED_EDGE ( 'NONE', *, *, #10845, .F. ) ;
#2128 = ORIENTED_EDGE ( 'NONE', *, *, #9493, .T. ) ;
#2129 = DIRECTION ( 'NONE',  ( -0.7071067811865472397, -0.7071067811865479058, 0.000000000000000000 ) ) ;
#2130 = ADVANCED_FACE ( 'NONE', ( #7018 ), #10163, .T. ) ;
#2131 = VECTOR ( 'NONE', #5346, 1000.000000000000000 ) ;
#2132 = EDGE_CURVE ( 'NONE', #1859, #7873, #7988, .T. ) ;
#2133 = VECTOR ( 'NONE', #12408, 1000.000000000000000 ) ;
#2134 = CARTESIAN_POINT ( 'NONE',  ( 0.000000000000000000, 0.000000000000000000, -1.000000000000000000 ) ) ;
#2135 = CYLINDRICAL_SURFACE ( 'NONE', #10237, 3.175000000000000711 ) ;
#2136 = DIRECTION ( 'NONE',  ( -0.7071067811865497932, -0.7071067811865453523, 0.000000000000000000 ) ) ;
#2137 = LINE ( 'NONE', #6059, #8311 ) ;
#2138 = DIRECTION ( 'NONE',  ( -1.000000000000000000, 0.000000000000000000, 0.000000000000000000 ) ) ;
#2139 = FACE_OUTER_BOUND ( 'NONE', #10144, .T. ) ;
#2140 = EDGE_LOOP ( 'NONE', ( #4686, #7109, #3564, #6872 ) ) ;
#2141 = CC_DESIGN_APPROVAL ( #2904, ( #9955 ) ) ;
#2142 = LINE ( 'NONE', #85, #5248 ) ;
#2143 = AXIS2_PLACEMENT_3D ( 'NONE', #1709, #8333, #3645 ) ;
#2144 = CARTESIAN_POINT ( 'NONE',  ( 0.000000000000000000, -12.69999999999999929, 2.286000000000000032 ) ) ;
#2145 = FACE_OUTER_BOUND ( 'NONE', #103, .T. ) ;
#2146 = ADVANCED_FACE ( 'NONE', ( #6310 ), #5340, .F. ) ;
#2147 = VERTEX_POINT ( 'NONE', #4121 ) ;
#2148 = DIRECTION ( 'NONE',  ( 0.7071067811865477948, 0.7071067811865473507, -0.000000000000000000 ) ) ;
#2149 = CARTESIAN_POINT ( 'NONE',  ( 0.4799999999999988165, -34.96149318942908479, -2.286000000000000032 ) ) ;
#2150 = DIRECTION ( 'NONE',  ( -1.000000000000000000, 0.000000000000000000, 0.000000000000000000 ) ) ;
#2151 = DIRECTION ( 'NONE',  ( 0.000000000000000000, 0.000000000000000000, -1.000000000000000000 ) ) ;
#2152 = DIRECTION ( 'NONE',  ( 0.000000000000000000, 0.000000000000000000, 1.000000000000000000 ) ) ;
#2153 = ORIENTED_EDGE ( 'NONE', *, *, #2315, .F. ) ;
#2154 = CARTESIAN_POINT ( 'NONE',  ( -25.39999999999999858, 5.199999999999999289, -2.286000000000000032 ) ) ;
#2155 = DIRECTION ( 'NONE',  ( -1.000000000000000000, 5.463695987328531367E-16, 0.000000000000000000 ) ) ;
#2156 = ORIENTED_EDGE ( 'NONE', *, *, #1100, .T. ) ;
#2157 = AXIS2_PLACEMENT_3D ( 'NONE', #599, #12347, #2656 ) ;
#2158 = EDGE_CURVE ( 'NONE', #8846, #7609, #3222, .T. ) ;
#2159 = ORIENTED_EDGE ( 'NONE', *, *, #6907, .F. ) ;
#2160 = CIRCLE ( 'NONE', #5846, 3.175000000000000711 ) ;
#2161 = CARTESIAN_POINT ( 'NONE',  ( 5.200000000000000178, -17.50441558772843820, -2.286000000000000032 ) ) ;
#2162 = ORIENTED_EDGE ( 'NONE', *, *, #1190, .F. ) ;
#2163 = CARTESIAN_POINT ( 'NONE',  ( -25.39999999999999858, 0.000000000000000000, -2.286000000000000032 ) ) ;
#2164 = VECTOR ( 'NONE', #4279, 1000.000000000000114 ) ;
#2165 = ORIENTED_EDGE ( 'NONE', *, *, #2601, .F. ) ;
#2166 = DIRECTION ( 'NONE',  ( 0.7071067811865454633, -0.7071067811865495711, 0.000000000000000000 ) ) ;
#2167 = DIRECTION ( 'NONE',  ( -0.000000000000000000, -0.000000000000000000, 1.000000000000000000 ) ) ;
#2168 = ORIENTED_EDGE ( 'NONE', *, *, #10926, .F. ) ;
#2169 = CIRCLE ( 'NONE', #5859, 3.174999999999999822 ) ;
#2170 = FACE_OUTER_BOUND ( 'NONE', #5304, .T. ) ;
#2171 = DIRECTION ( 'NONE',  ( 1.000000000000000000, 0.000000000000000000, 0.000000000000000000 ) ) ;
#2172 = LINE ( 'NONE', #4226, #9911 ) ;
#2173 = ORIENTED_EDGE ( 'NONE', *, *, #12178, .T. ) ;
#2174 = CARTESIAN_POINT ( 'NONE',  ( -0.4800000000000003153, -41.27499999999999147, 2.286000000000000032 ) ) ;
#2175 = VECTOR ( 'NONE', #7483, 1000.000000000000114 ) ;
#2176 = VECTOR ( 'NONE', #2310, 1000.000000000000000 ) ;
#2177 = EDGE_CURVE ( 'NONE', #10221, #1930, #2261, .T. ) ;
#2178 = ORIENTED_EDGE ( 'NONE', *, *, #9857, .F. ) ;
#2179 = VERTEX_POINT ( 'NONE', #12338 ) ;
#2180 = VECTOR ( 'NONE', #5290, 1000.000000000000000 ) ;
#2181 = ORIENTED_EDGE ( 'NONE', *, *, #6033, .F. ) ;
#2182 = VECTOR ( 'NONE', #4565, 1000.000000000000000 ) ;
#2183 = CARTESIAN_POINT ( 'NONE',  ( -5.341619048833760708, -33.43720346110533370, 2.286000000000000032 ) ) ;
#2184 = DIRECTION ( 'NONE',  ( 1.000000000000000000, 0.000000000000000000, 0.000000000000000000 ) ) ;
#2185 = AXIS2_PLACEMENT_3D ( 'NONE', #12447, #2619, #10327 ) ;
#2186 = ORIENTED_EDGE ( 'NONE', *, *, #4856, .T. ) ;
#2187 = DIRECTION ( 'NONE',  ( 0.7071067811865454633, -0.7071067811865495711, -0.000000000000000000 ) ) ;
#2188 = DIRECTION ( 'NONE',  ( 1.000000000000000000, -0.000000000000000000, -0.000000000000000000 ) ) ;
#2189 = VECTOR ( 'NONE', #10950, 1000.000000000000000 ) ;
#2190 = VERTEX_POINT ( 'NONE', #7405 ) ;
#2191 = LINE ( 'NONE', #4175, #5054 ) ;
#2192 = EDGE_CURVE ( 'NONE', #12055, #5061, #4438, .T. ) ;
#2193 = APPROVAL_ROLE ( '' ) ;
#2194 = EDGE_CURVE ( 'NONE', #11510, #6458, #1200, .T. ) ;
#2195 = ORIENTED_EDGE ( 'NONE', *, *, #3142, .T. ) ;
#2196 = ORIENTED_EDGE ( 'NONE', *, *, #7334, .T. ) ;
#2197 = VECTOR ( 'NONE', #10667, 1000.000000000000000 ) ;
#2198 = CYLINDRICAL_SURFACE ( 'NONE', #12292, 1.499999999999997780 ) ;
#2199 = VECTOR ( 'NONE', #12244, 1000.000000000000114 ) ;
#2200 = PLANE ( 'NONE',  #8168 ) ;
#2201 = DIRECTION ( 'NONE',  ( 0.7071067811865465735, 0.7071067811865485719, 0.000000000000000000 ) ) ;
#2202 = PLANE ( 'NONE',  #12022 ) ;
#2203 = CARTESIAN_POINT ( 'NONE',  ( 4.662796538894679266, -30.74161904883377616, 1.000000000000000000 ) ) ;
#2204 = LINE ( 'NONE', #1297, #8488 ) ;
#2205 = CARTESIAN_POINT ( 'NONE',  ( -3.654415587728437220, -44.44999999999998863, 3.049999999999999822 ) ) ;
#2206 = ORIENTED_EDGE ( 'NONE', *, *, #6772, .T. ) ;
#2207 = LINE ( 'NONE', #1244, #2999 ) ;
#2208 = EDGE_CURVE ( 'NONE', #7646, #9065, #11370, .T. ) ;
#2209 = EDGE_CURVE ( 'NONE', #12130, #944, #7533, .T. ) ;
#2210 = DIRECTION ( 'NONE',  ( 0.000000000000000000, -0.000000000000000000, -1.000000000000000000 ) ) ;
#2211 = EDGE_CURVE ( 'NONE', #5542, #3671, #581, .T. ) ;
#2212 = ADVANCED_FACE ( 'NONE', ( #9453 ), #7340, .T. ) ;
#2213 = CARTESIAN_POINT ( 'NONE',  ( -1.879848193585298199, -27.95867070352440820, -2.286000000000000032 ) ) ;
#2214 = VERTEX_POINT ( 'NONE', #9514 ) ;
#2215 = VECTOR ( 'NONE', #11917, 1000.000000000000000 ) ;
#2216 = AXIS2_PLACEMENT_3D ( 'NONE', #7226, #416, #10113 ) ;
#2217 = DIRECTION ( 'NONE',  ( 1.000000000000000000, 0.000000000000000000, 0.000000000000000000 ) ) ;
#2218 = CARTESIAN_POINT ( 'NONE',  ( -25.39999999999999858, 5.199999999999999289, 2.286000000000000032 ) ) ;
#2219 = LINE ( 'NONE', #8124, #5692 ) ;
#2220 = CARTESIAN_POINT ( 'NONE',  ( 4.662796538894678378, -20.05838095116622455, -1.000000000000000000 ) ) ;
#2221 = LINE ( 'NONE', #6264, #480 ) ;
#2222 = ORIENTED_EDGE ( 'NONE', *, *, #2022, .F. ) ;
#2223 = EDGE_CURVE ( 'NONE', #7378, #5082, #6427, .T. ) ;
#2224 = CARTESIAN_POINT ( 'NONE',  ( 6.200000000000007283, -43.31862915010152904, -3.049999999999999822 ) ) ;
#2225 = LINE ( 'NONE', #8904, #12626 ) ;
#2226 = ORIENTED_EDGE ( 'NONE', *, *, #5624, .T. ) ;
#2227 = VECTOR ( 'NONE', #1236, 1000.000000000000114 ) ;
#2228 = AXIS2_PLACEMENT_3D ( 'NONE', #853, #3997, #7922 ) ;
#2229 = EDGE_LOOP ( 'NONE', ( #442, #1955, #12597, #8384, #10930, #6170, #6307, #4315 ) ) ;
#2230 = LINE ( 'NONE', #234, #1421 ) ;
#2231 = ORIENTED_EDGE ( 'NONE', *, *, #3424, .T. ) ;
#2232 = DIRECTION ( 'NONE',  ( -0.7071067811865462405, -0.7071067811865489050, 0.000000000000000000 ) ) ;
#2233 = VECTOR ( 'NONE', #2702, 1000.000000000000000 ) ;
#2234 = ORIENTED_EDGE ( 'NONE', *, *, #8714, .T. ) ;
#2235 = CARTESIAN_POINT ( 'NONE',  ( -9.561493189429086215, -0.4799999999999999822, 2.286000000000000032 ) ) ;
#2236 = LINE ( 'NONE', #11038, #4249 ) ;
#2237 = ORIENTED_EDGE ( 'NONE', *, *, #9121, .F. ) ;
#2238 = DIRECTION ( 'NONE',  ( -0.000000000000000000, -0.000000000000000000, -1.000000000000000000 ) ) ;
#2239 = DIRECTION ( 'NONE',  ( -0.000000000000000000, -0.000000000000000000, 1.000000000000000000 ) ) ;
#2240 = DIRECTION ( 'NONE',  ( 0.000000000000000000, 0.000000000000000000, -1.000000000000000000 ) ) ;
#2241 = VECTOR ( 'NONE', #9488, 1000.000000000000000 ) ;
#2242 = ORIENTED_EDGE ( 'NONE', *, *, #10199, .T. ) ;
#2243 = CARTESIAN_POINT ( 'NONE',  ( -19.04999999999999716, 3.654415587728428783, 1.000000000000000000 ) ) ;
#2244 = ORIENTED_EDGE ( 'NONE', *, *, #7834, .F. ) ;
#2245 = AXIS2_PLACEMENT_3D ( 'NONE', #1224, #9959, #3140 ) ;
#2246 = VERTEX_POINT ( 'NONE', #11251 ) ;
#2247 = ORIENTED_EDGE ( 'NONE', *, *, #438, .T. ) ;
#2248 = PLANE ( 'NONE',  #9214 ) ;
#2249 = CARTESIAN_POINT ( 'NONE',  ( -14.57984819358531503, 2.558670703524396739, 1.000000000000000000 ) ) ;
#2250 = EDGE_CURVE ( 'NONE', #9311, #12182, #4563, .T. ) ;
#2251 = ORIENTED_EDGE ( 'NONE', *, *, #10999, .T. ) ;
#2252 = EDGE_CURVE ( 'NONE', #3600, #11614, #10545, .T. ) ;
#2253 = FACE_OUTER_BOUND ( 'NONE', #12059, .T. ) ;
#2254 = DIRECTION ( 'NONE',  ( 1.000000000000000000, 0.000000000000000000, 0.000000000000000000 ) ) ;
#2255 = ORIENTED_EDGE ( 'NONE', *, *, #10627, .T. ) ;
#2256 = LINE ( 'NONE', #5145, #2176 ) ;
#2257 = VERTEX_POINT ( 'NONE', #7463 ) ;
#2258 = ORIENTED_EDGE ( 'NONE', *, *, #3233, .F. ) ;
#2259 = CARTESIAN_POINT ( 'NONE',  ( 5.200000000000001066, -4.804415587728428250, 3.049999999999999822 ) ) ;
#2260 = ADVANCED_FACE ( 'NONE', ( #3480 ), #2646, .T. ) ;
#2261 = LINE ( 'NONE', #1291, #8583 ) ;
#2262 = CARTESIAN_POINT ( 'NONE',  ( -5.200000000000006395, -50.79999999999999716, 3.049999999999999822 ) ) ;
#2263 = DIRECTION ( 'NONE',  ( -0.7071067811865491270, 0.7071067811865459074, 0.000000000000000000 ) ) ;
#2264 = EDGE_LOOP ( 'NONE', ( #9489, #2448, #11610, #1708 ) ) ;
#2265 = DIRECTION ( 'NONE',  ( -0.000000000000000000, -0.000000000000000000, 1.000000000000000000 ) ) ;
#2266 = CARTESIAN_POINT ( 'NONE',  ( 0.000000000000000000, -25.39999999999999858, 2.286000000000000032 ) ) ;
#2267 = DIRECTION ( 'NONE',  ( -0.000000000000000000, -0.000000000000000000, 1.000000000000000000 ) ) ;
#2268 = EDGE_LOOP ( 'NONE', ( #7899, #5389, #3314, #6290 ) ) ;
#2269 = DIRECTION ( 'NONE',  ( 0.000000000000000000, 0.000000000000000000, 1.000000000000000000 ) ) ;
#2270 = FACE_OUTER_BOUND ( 'NONE', #12333, .T. ) ;
#2271 = CARTESIAN_POINT ( 'NONE',  ( 3.654415587728450543, -31.75000000000000000, 2.286000000000000032 ) ) ;
#2272 = ORIENTED_EDGE ( 'NONE', *, *, #5001, .F. ) ;
#2273 = ADVANCED_FACE ( 'NONE', ( #12474 ), #5660, .T. ) ;
#2274 = DIRECTION ( 'NONE',  ( 0.7071067811865483499, 0.7071067811865466846, 0.000000000000000000 ) ) ;
#2275 = CC_DESIGN_DATE_AND_TIME_ASSIGNMENT ( #9698, #4945, ( #4236 ) ) ;
#2276 = DIRECTION ( 'NONE',  ( -0.7071067811865477948, -0.7071067811865473507, 0.000000000000000000 ) ) ;
#2277 = CARTESIAN_POINT ( 'NONE',  ( -15.25867070352439647, -1.879848193585315075, -2.286000000000000032 ) ) ;
#2278 = EDGE_CURVE ( 'NONE', #11333, #4165, #2573, .T. ) ;
#2279 = CARTESIAN_POINT ( 'NONE',  ( -21.59558441227157033, 6.200000000000001066, -2.286000000000000032 ) ) ;
#2280 = DIRECTION ( 'NONE',  ( 0.7071067811865470176, 0.7071067811865480168, 0.000000000000000000 ) ) ;
#2281 = VERTEX_POINT ( 'NONE', #453 ) ;
#2282 = FACE_OUTER_BOUND ( 'NONE', #4626, .T. ) ;
#2283 = LINE ( 'NONE', #10959, #10380 ) ;
#2284 = EDGE_LOOP ( 'NONE', ( #1553, #4211, #6939, #3003 ) ) ;
#2285 = ORIENTED_EDGE ( 'NONE', *, *, #8777, .T. ) ;
#2286 = DIRECTION ( 'NONE',  ( -1.000000000000000000, 0.000000000000000000, -0.000000000000000000 ) ) ;
#2287 = ORIENTED_EDGE ( 'NONE', *, *, #4093, .F. ) ;
#2288 = EDGE_CURVE ( 'NONE', #315, #8655, #4373, .T. ) ;
#2289 = CARTESIAN_POINT ( 'NONE',  ( -1.905652775297734802, -22.81552471476314992, 2.286000000000000032 ) ) ;
#2290 = ORIENTED_EDGE ( 'NONE', *, *, #4218, .T. ) ;
#2291 = CARTESIAN_POINT ( 'NONE',  ( 5.200000000000000178, -4.521177490060923176, -2.286000000000000920 ) ) ;
#2292 = CARTESIAN_POINT ( 'NONE',  ( 0.000000000000000000, 0.000000000000000000, 2.286000000000000032 ) ) ;
#2293 = EDGE_LOOP ( 'NONE', ( #11278, #6629, #4246, #363 ) ) ;
#2294 = LINE ( 'NONE', #4294, #9356 ) ;
#2295 = DIRECTION ( 'NONE',  ( -0.000000000000000000, -0.000000000000000000, 1.000000000000000000 ) ) ;
#2296 = DIRECTION ( 'NONE',  ( -0.7071067811865456854, -0.7071067811865493491, 0.000000000000000000 ) ) ;
#2297 = ORIENTED_EDGE ( 'NONE', *, *, #9596, .T. ) ;
#2298 = DIRECTION ( 'NONE',  ( -1.000000000000000000, -7.912989585623242219E-16, 0.000000000000000000 ) ) ;
#2299 = ORIENTED_EDGE ( 'NONE', *, *, #4157, .T. ) ;
#2300 = ORIENTED_EDGE ( 'NONE', *, *, #10531, .T. ) ;
#2301 = ORIENTED_EDGE ( 'NONE', *, *, #2064, .T. ) ;
#2302 = EDGE_CURVE ( 'NONE', #8359, #1712, #5535, .T. ) ;
#2303 = ORIENTED_EDGE ( 'NONE', *, *, #7062, .T. ) ;
#2304 = LINE ( 'NONE', #12134, #2447 ) ;
#2305 = DIRECTION ( 'NONE',  ( -0.000000000000000000, -0.000000000000000000, 1.000000000000000000 ) ) ;
#2306 = EDGE_LOOP ( 'NONE', ( #4811, #8190 ) ) ;
#2307 = LINE ( 'NONE', #6234, #5039 ) ;
#2308 = CARTESIAN_POINT ( 'NONE',  ( -17.91862915010151980, 6.200000000000000178, 3.049999999999999822 ) ) ;
#2309 = ORIENTED_EDGE ( 'NONE', *, *, #9685, .F. ) ;
#2310 = DIRECTION ( 'NONE',  ( 1.000000000000000000, -0.000000000000000000, 0.000000000000000000 ) ) ;
#2311 = VERTEX_POINT ( 'NONE', #2453 ) ;
#2312 = VECTOR ( 'NONE', #7773, 1000.000000000000000 ) ;
#2313 = ORIENTED_EDGE ( 'NONE', *, *, #8688, .T. ) ;
#2314 = EDGE_CURVE ( 'NONE', #9739, #2408, #12403, .T. ) ;
#2315 = EDGE_CURVE ( 'NONE', #11953, #9022, #5394, .T. ) ;
#2316 = VECTOR ( 'NONE', #7804, 1000.000000000000000 ) ;
#2317 = CARTESIAN_POINT ( 'NONE',  ( 6.200000000000025047, -21.59558441227157033, 3.049999999999999822 ) ) ;
#2318 = CIRCLE ( 'NONE', #9921, 5.200000000000000178 ) ;
#2319 = CARTESIAN_POINT ( 'NONE',  ( -25.39999999999999858, 5.199999999999999289, 3.049999999999999822 ) ) ;
#2320 = DIRECTION ( 'NONE',  ( 0.7071067811865479058, -0.7071067811865472397, 0.000000000000000000 ) ) ;
#2321 = VERTEX_POINT ( 'NONE', #517 ) ;
#2322 = DIRECTION ( 'NONE',  ( -0.000000000000000000, 0.000000000000000000, 1.000000000000000000 ) ) ;
#2323 = DIRECTION ( 'NONE',  ( 0.7071067811865483499, 0.7071067811865466846, 0.000000000000000000 ) ) ;
#2324 = CARTESIAN_POINT ( 'NONE',  ( -2.558670703524385637, -27.27984819358532675, -1.000000000000000000 ) ) ;
#2325 = VERTEX_POINT ( 'NONE', #9389 ) ;
#2326 = FACE_OUTER_BOUND ( 'NONE', #10026, .T. ) ;
#2327 = CARTESIAN_POINT ( 'NONE',  ( -0.4800000000000061440, -28.53850681057091165, 1.000000000000000000 ) ) ;
#2328 = VECTOR ( 'NONE', #3542, 1000.000000000000000 ) ;
#2329 = EDGE_CURVE ( 'NONE', #726, #7060, #7120, .T. ) ;
#2330 = VECTOR ( 'NONE', #4002, 1000.000000000000114 ) ;
#2331 = DIRECTION ( 'NONE',  ( 0.7071067811865497932, -0.7071067811865452413, 0.000000000000000000 ) ) ;
#2332 = EDGE_CURVE ( 'NONE', #10478, #5511, #1136, .T. ) ;
#2333 = PRODUCT_DEFINITION_SHAPE ( 'NONE', 'NONE',  #4236 ) ;
#2334 = LINE ( 'NONE', #7288, #10604 ) ;
#2335 = CARTESIAN_POINT ( 'NONE',  ( 6.200000000000021494, -32.88137084989849512, -3.049999999999999822 ) ) ;
#2336 = LINE ( 'NONE', #3553, #2175 ) ;
#2337 = VECTOR ( 'NONE', #10393, 1000.000000000000000 ) ;
#2338 = DIRECTION ( 'NONE',  ( -1.000000000000000000, -0.000000000000000000, 0.000000000000000000 ) ) ;
#2339 = CARTESIAN_POINT ( 'NONE',  ( 0.3394112549695428860, -0.3394112549695428860, -1.000000000000000000 ) ) ;
#2340 = VECTOR ( 'NONE', #1415, 1000.000000000000000 ) ;
#2341 = VERTEX_POINT ( 'NONE', #2235 ) ;
#2342 = CARTESIAN_POINT ( 'NONE',  ( 0.3394112549695272874, 0.3394112549695256775, 1.000000000000000000 ) ) ;
#2343 = CARTESIAN_POINT ( 'NONE',  ( 0.000000000000000000, -12.69999999999999929, 2.286000000000000032 ) ) ;
#2344 = ORIENTED_EDGE ( 'NONE', *, *, #5657, .F. ) ;
#2345 = EDGE_CURVE ( 'NONE', #4530, #8408, #11803, .T. ) ;
#2346 = VERTEX_POINT ( 'NONE', #8016 ) ;
#2347 = VECTOR ( 'NONE', #12050, 1000.000000000000000 ) ;
#2348 = ORIENTED_EDGE ( 'NONE', *, *, #6651, .F. ) ;
#2349 = CARTESIAN_POINT ( 'NONE',  ( -25.39999999999999858, 0.000000000000000000, -2.286000000000000032 ) ) ;
#2350 = CARTESIAN_POINT ( 'NONE',  ( 0.4799999999999995381, -6.556435184794227287E-17, 1.000000000000000000 ) ) ;
#2351 = VERTEX_POINT ( 'NONE', #11037 ) ;
#2352 = CARTESIAN_POINT ( 'NONE',  ( 25.06058874503044009, -25.06058874503055733, 1.000000000000000000 ) ) ;
#2353 = DIRECTION ( 'NONE',  ( 0.7071067811865479058, 0.7071067811865471286, 0.000000000000000000 ) ) ;
#2354 = ORIENTED_EDGE ( 'NONE', *, *, #12362, .F. ) ;
#2355 = DIRECTION ( 'NONE',  ( -0.7071067811865502373, 0.7071067811865449082, 0.000000000000000000 ) ) ;
#2356 = DIRECTION ( 'NONE',  ( 0.000000000000000000, 0.000000000000000000, 1.000000000000000000 ) ) ;
#2357 = ORIENTED_EDGE ( 'NONE', *, *, #6440, .T. ) ;
#2358 = EDGE_CURVE ( 'NONE', #7383, #5716, #5127, .T. ) ;
#2359 = CARTESIAN_POINT ( 'NONE',  ( -15.83850681057091059, -0.4799999999999999822, -2.286000000000000032 ) ) ;
#2360 = VECTOR ( 'NONE', #11566, 1000.000000000000000 ) ;
#2361 = ADVANCED_FACE ( 'NONE', ( #9581 ), #8075, .F. ) ;
#2362 = EDGE_CURVE ( 'NONE', #6850, #8301, #10852, .T. ) ;
#2363 = ORIENTED_EDGE ( 'NONE', *, *, #6522, .T. ) ;
#2365 = EDGE_CURVE ( 'NONE', #10030, #1039, #1980, .T. ) ;
#2364 = ORIENTED_EDGE ( 'NONE', *, *, #11960, .F. ) ;
#2366 = ORIENTED_EDGE ( 'NONE', *, *, #5418, .T. ) ;
#2367 = ORIENTED_EDGE ( 'NONE', *, *, #5234, .T. ) ;
#2368 = AXIS2_PLACEMENT_3D ( 'NONE', #9212, #464, #7479 ) ;
#2369 = AXIS2_PLACEMENT_3D ( 'NONE', #884, #3781, #4806 ) ;
#2370 = DIRECTION ( 'NONE',  ( -0.000000000000000000, -0.000000000000000000, 1.000000000000000000 ) ) ;
#2371 = DIRECTION ( 'NONE',  ( -0.000000000000000000, -0.000000000000000000, 1.000000000000000000 ) ) ;
#2372 = ORIENTED_EDGE ( 'NONE', *, *, #10314, .F. ) ;
#2373 = CARTESIAN_POINT ( 'NONE',  ( 18.71058874503045999, -18.71058874503055947, 1.000000000000000000 ) ) ;
#2374 = CARTESIAN_POINT ( 'NONE',  ( 0.000000000000000000, 5.199999999999999289, -1.000000000000000000 ) ) ;
#2375 = VERTEX_POINT ( 'NONE', #8619 ) ;
#2376 = VECTOR ( 'NONE', #7366, 1000.000000000000114 ) ;
#2377 = EDGE_CURVE ( 'NONE', #6186, #5772, #12536, .T. ) ;
#2378 = CARTESIAN_POINT ( 'NONE',  ( 0.4799999999999711719, 3.798235001098927988E-16, 1.000000000000000000 ) ) ;
#2379 = ORIENTED_EDGE ( 'NONE', *, *, #115, .F. ) ;
#2380 = CIRCLE ( 'NONE', #4639, 2.100000000000000089 ) ;
#2381 = ORIENTED_EDGE ( 'NONE', *, *, #1971, .T. ) ;
#2382 = ORIENTED_EDGE ( 'NONE', *, *, #9829, .T. ) ;
#2383 = CIRCLE ( 'NONE', #333, 3.174999999999998934 ) ;
#2384 = VECTOR ( 'NONE', #12273, 1000.000000000000000 ) ;
#2385 = CARTESIAN_POINT ( 'NONE',  ( -5.341619048833762484, 4.662796538894667719, -1.000000000000000000 ) ) ;
#2386 = VECTOR ( 'NONE', #7748, 1000.000000000000000 ) ;
#2387 = DIRECTION ( 'NONE',  ( -2.556848660736790434E-16, -1.000000000000000000, -0.000000000000000000 ) ) ;
#2388 = LINE ( 'NONE', #11313, #7325 ) ;
#2389 = ORIENTED_EDGE ( 'NONE', *, *, #2915, .F. ) ;
#2390 = CARTESIAN_POINT ( 'NONE',  ( -0.4800000000000008149, -3.138506810570912187, 2.286000000000000032 ) ) ;
#2391 = DIRECTION ( 'NONE',  ( -0.000000000000000000, -0.000000000000000000, 1.000000000000000000 ) ) ;
#2392 = LINE ( 'NONE', #11317, #2131 ) ;
#2393 = ORIENTED_EDGE ( 'NONE', *, *, #7064, .F. ) ;
#2394 = EDGE_CURVE ( 'NONE', #11190, #1870, #46, .T. ) ;
#2395 = DIRECTION ( 'NONE',  ( -0.7071067811865477948, -0.7071067811865473507, -0.000000000000000000 ) ) ;
#2396 = CARTESIAN_POINT ( 'NONE',  ( -3.654415587728408799, -31.74999999999999289, 3.049999999999999822 ) ) ;
#2397 = VECTOR ( 'NONE', #2320, 999.9999999999998863 ) ;
#2398 = VECTOR ( 'NONE', #3972, 1000.000000000000000 ) ;
#2399 = AXIS2_PLACEMENT_3D ( 'NONE', #3376, #4216, #12058 ) ;
#2400 = CARTESIAN_POINT ( 'NONE',  ( -12.69999999999999929, 0.000000000000000000, 2.286000000000000032 ) ) ;
#2401 = FACE_OUTER_BOUND ( 'NONE', #3635, .T. ) ;
#2402 = CIRCLE ( 'NONE', #11645, 2.100000000000000977 ) ;
#2403 = CARTESIAN_POINT ( 'NONE',  ( -6.699999999999990408, -5.199999999999999289, -2.286000000000000032 ) ) ;
#2404 = DIRECTION ( 'NONE',  ( 1.000000000000000000, 0.000000000000000000, 0.000000000000000000 ) ) ;
#2405 = FACE_OUTER_BOUND ( 'NONE', #9120, .T. ) ;
#2406 = CARTESIAN_POINT ( 'NONE',  ( 4.662796538894670384, -18.04161904883374490, 2.286000000000000032 ) ) ;
#2407 = DIRECTION ( 'NONE',  ( 1.000000000000000000, 0.000000000000000000, 0.000000000000000000 ) ) ;
#2408 = VERTEX_POINT ( 'NONE', #2939 ) ;
#2409 = EDGE_CURVE ( 'NONE', #11373, #5457, #2432, .T. ) ;
#2410 = EDGE_CURVE ( 'NONE', #1930, #5308, #11875, .T. ) ;
#2411 = LINE ( 'NONE', #7038, #296 ) ;
#2412 = DIRECTION ( 'NONE',  ( 0.7071067811865464625, 0.7071067811865486830, 0.000000000000000000 ) ) ;
#2413 = ORIENTED_EDGE ( 'NONE', *, *, #10216, .T. ) ;
#2414 = AXIS2_PLACEMENT_3D ( 'NONE', #10372, #1636, #1566 ) ;
#2415 = ORIENTED_EDGE ( 'NONE', *, *, #7225, .F. ) ;
#2416 = ORIENTED_EDGE ( 'NONE', *, *, #11948, .T. ) ;
#2417 = DIRECTION ( 'NONE',  ( 0.000000000000000000, 1.000000000000000000, 0.000000000000000000 ) ) ;
#2418 = DIRECTION ( 'NONE',  ( 1.000000000000000000, 0.000000000000000000, 0.000000000000000000 ) ) ;
#2419 = EDGE_CURVE ( 'NONE', #339, #365, #9821, .T. ) ;
#2420 = EDGE_LOOP ( 'NONE', ( #615, #10126, #10960, #6496 ) ) ;
#2421 = CARTESIAN_POINT ( 'NONE',  ( -25.39999999999999858, 5.199999999999999289, -3.049999999999999822 ) ) ;
#2422 = VECTOR ( 'NONE', #11461, 1000.000000000000000 ) ;
#2423 = VERTEX_POINT ( 'NONE', #1017 ) ;
#2424 = VECTOR ( 'NONE', #8874, 1000.000000000000000 ) ;
#2425 = DIRECTION ( 'NONE',  ( 1.000000000000000000, -0.000000000000000000, 0.000000000000000000 ) ) ;
#2426 = CARTESIAN_POINT ( 'NONE',  ( -12.69999999999999929, 0.000000000000000000, 2.286000000000000032 ) ) ;
#2427 = ORIENTED_EDGE ( 'NONE', *, *, #4483, .T. ) ;
#2428 = CARTESIAN_POINT ( 'NONE',  ( 5.200000000000000178, 6.368163355566235395E-16, -3.049999999999999822 ) ) ;
#2429 = ORIENTED_EDGE ( 'NONE', *, *, #2724, .T. ) ;
#2430 = VERTEX_POINT ( 'NONE', #6990 ) ;
#2431 = EDGE_LOOP ( 'NONE', ( #7170, #205, #9036, #2641 ) ) ;
#2432 = CIRCLE ( 'NONE', #9618, 6.199999999999988631 ) ;
#2433 = AXIS2_PLACEMENT_3D ( 'NONE', #3041, #5743, #4963 ) ;
#2434 = ORIENTED_EDGE ( 'NONE', *, *, #247, .T. ) ;
#2435 = EDGE_CURVE ( 'NONE', #1933, #8405, #3008, .T. ) ;
#2436 = EDGE_CURVE ( 'NONE', #7251, #2456, #5964, .T. ) ;
#2437 = ADVANCED_FACE ( 'NONE', ( #11929 ), #3125, .T. ) ;
#2438 = AXIS2_PLACEMENT_3D ( 'NONE', #11710, #11576, #12677 ) ;
#2439 = CARTESIAN_POINT ( 'NONE',  ( -28.57499999999999929, 0.000000000000000000, 1.000000000000000000 ) ) ;
#2440 = PLANE ( 'NONE',  #8568 ) ;
#2441 = EDGE_CURVE ( 'NONE', #4603, #6483, #112, .T. ) ;
#2442 = ORIENTED_EDGE ( 'NONE', *, *, #10550, .F. ) ;
#2443 = LINE ( 'NONE', #6561, #9343 ) ;
#2444 = DIRECTION ( 'NONE',  ( -0.000000000000000000, -0.000000000000000000, 1.000000000000000000 ) ) ;
#2445 = VERTEX_POINT ( 'NONE', #10909 ) ;
#2446 = DIRECTION ( 'NONE',  ( -1.365923996832132102E-16, -1.000000000000000000, 0.000000000000000000 ) ) ;
#2447 = VECTOR ( 'NONE', #9001, 1000.000000000000000 ) ;
#2448 = ORIENTED_EDGE ( 'NONE', *, *, #4624, .T. ) ;
#2449 = ORIENTED_EDGE ( 'NONE', *, *, #7558, .F. ) ;
#2450 = AXIS2_PLACEMENT_3D ( 'NONE', #1261, #4090, #2286 ) ;
#2451 = ORIENTED_EDGE ( 'NONE', *, *, #6784, .T. ) ;
#2452 = EDGE_CURVE ( 'NONE', #4133, #9507, #6022, .T. ) ;
#2453 = CARTESIAN_POINT ( 'NONE',  ( -23.52015180641467040, -2.558670703524387413, -1.000000000000000000 ) ) ;
#2454 = DIRECTION ( 'NONE',  ( -1.000000000000000000, 0.000000000000000000, 0.000000000000000000 ) ) ;
#2455 = FACE_OUTER_BOUND ( 'NONE', #11165, .T. ) ;
#2456 = VERTEX_POINT ( 'NONE', #7050 ) ;
#2457 = CARTESIAN_POINT ( 'NONE',  ( 4.662796538894667719, -30.74161904883376195, -2.286000000000000032 ) ) ;
#2458 = CARTESIAN_POINT ( 'NONE',  ( 5.068629150101547687, -19.04999999999999005, 3.049999999999999822 ) ) ;
#2459 = DIRECTION ( 'NONE',  ( -1.000000000000000000, 0.000000000000000000, 0.000000000000000000 ) ) ;
#2460 = EDGE_LOOP ( 'NONE', ( #1476, #3574, #10526, #8229 ) ) ;
#2461 = CARTESIAN_POINT ( 'NONE',  ( -22.84132929647559251, 1.879848193585300642, -1.000000000000000000 ) ) ;
#2462 = DIRECTION ( 'NONE',  ( 0.000000000000000000, 0.000000000000000000, 1.000000000000000000 ) ) ;
#2463 = FACE_OUTER_BOUND ( 'NONE', #4983, .T. ) ;
#2464 = EDGE_CURVE ( 'NONE', #3282, #3600, #10131, .T. ) ;
#2465 = LINE ( 'NONE', #8503, #5466 ) ;
#2466 = DIRECTION ( 'NONE',  ( -0.7071067811865459074, 0.7071067811865491270, 0.000000000000000000 ) ) ;
#2467 = CARTESIAN_POINT ( 'NONE',  ( -6.199999999999976197, -21.59558441227158099, 2.286000000000000032 ) ) ;
#2468 = LINE ( 'NONE', #6199, #3847 ) ;
#2469 = DIRECTION ( 'NONE',  ( 3.756290991288361679E-16, 1.000000000000000000, -0.000000000000000000 ) ) ;
#2470 = CYLINDRICAL_SURFACE ( 'NONE', #4371, 5.200000000000002842 ) ;
#2471 = ORIENTED_EDGE ( 'NONE', *, *, #3138, .F. ) ;
#2472 = FACE_BOUND ( 'NONE', #3283, .T. ) ;
#2473 = DIRECTION ( 'NONE',  ( -1.000000000000000000, 0.000000000000000000, -0.000000000000000000 ) ) ;
#2474 = ORIENTED_EDGE ( 'NONE', *, *, #6753, .F. ) ;
#2475 = VERTEX_POINT ( 'NONE', #12121 ) ;
#2476 = EDGE_CURVE ( 'NONE', #7370, #6213, #3507, .T. ) ;
#2477 = EDGE_CURVE ( 'NONE', #2059, #12289, #12074, .T. ) ;
#2478 = CARTESIAN_POINT ( 'NONE',  ( -4.662796538894677489, -32.75838095116624515, -1.000000000000000000 ) ) ;
#2479 = CARTESIAN_POINT ( 'NONE',  ( -0.4800000000000003153, -41.27499999999999147, -2.286000000000000032 ) ) ;
#2480 = VERTEX_POINT ( 'NONE', #12311 ) ;
#2481 = DIRECTION ( 'NONE',  ( 0.7071067811865441310, 0.7071067811865507924, -0.000000000000000000 ) ) ;
#2482 = ORIENTED_EDGE ( 'NONE', *, *, #470, .T. ) ;
#2483 = CARTESIAN_POINT ( 'NONE',  ( -0.4800000000000010369, -34.96149318942908479, 2.286000000000000032 ) ) ;
#2484 = DIRECTION ( 'NONE',  ( 1.000000000000000000, 0.000000000000000000, 0.000000000000000000 ) ) ;
#2485 = ORIENTED_EDGE ( 'NONE', *, *, #7065, .F. ) ;
#2486 = DIRECTION ( 'NONE',  ( 2.556848660736790434E-16, 1.000000000000000000, 0.000000000000000000 ) ) ;
#2487 = ORIENTED_EDGE ( 'NONE', *, *, #3956, .F. ) ;
#2488 = ORIENTED_EDGE ( 'NONE', *, *, #583, .T. ) ;
#2489 = EDGE_CURVE ( 'NONE', #645, #2081, #558, .T. ) ;
#2490 = CARTESIAN_POINT ( 'NONE',  ( 2.558670703524401624, -36.22015180641469101, -2.286000000000000032 ) ) ;
#2491 = VERTEX_POINT ( 'NONE', #2291 ) ;
#2492 = ORIENTED_EDGE ( 'NONE', *, *, #8186, .F. ) ;
#2493 = CARTESIAN_POINT ( 'NONE',  ( -5.341619048833763372, 4.662796538894668608, -2.286000000000000032 ) ) ;
#2494 = DIRECTION ( 'NONE',  ( 0.7071067811865459074, -0.7071067811865491270, 0.000000000000000000 ) ) ;
#2495 = ORIENTED_EDGE ( 'NONE', *, *, #6568, .T. ) ;
#2496 = DIRECTION ( 'NONE',  ( 1.180083997263133724E-16, 1.000000000000000000, 0.000000000000000000 ) ) ;
#2497 = CARTESIAN_POINT ( 'NONE',  ( -2.100000000000000089, 2.571758278209441464E-16, -2.286000000000000032 ) ) ;
#2498 = VERTEX_POINT ( 'NONE', #1395 ) ;
#2499 = DIRECTION ( 'NONE',  ( 0.000000000000000000, 0.000000000000000000, 1.000000000000000000 ) ) ;
#2500 = VERTEX_POINT ( 'NONE', #7432 ) ;
#2501 = ORIENTED_EDGE ( 'NONE', *, *, #4268, .F. ) ;
#2502 = EDGE_CURVE ( 'NONE', #4431, #7586, #4347, .T. ) ;
#2503 = VERTEX_POINT ( 'NONE', #1267 ) ;
#2504 = EDGE_CURVE ( 'NONE', #642, #8669, #8330, .T. ) ;
#2505 = VERTEX_POINT ( 'NONE', #3445 ) ;
#2506 = EDGE_CURVE ( 'NONE', #11435, #8963, #6161, .T. ) ;
#2507 = ORIENTED_EDGE ( 'NONE', *, *, #12696, .T. ) ;
#2508 = DIRECTION ( 'NONE',  ( -0.7071067811865452413, -0.7071067811865497932, 0.000000000000000000 ) ) ;
#2509 = DIRECTION ( 'NONE',  ( 0.000000000000000000, 0.000000000000000000, -1.000000000000000000 ) ) ;
#2510 = CARTESIAN_POINT ( 'NONE',  ( -25.39999999999999858, 6.199999999999999289, -3.049999999999999822 ) ) ;
#2511 = VERTEX_POINT ( 'NONE', #9285 ) ;
#2512 = CARTESIAN_POINT ( 'NONE',  ( 5.200000000000000178, 6.368163355566235395E-16, -2.286000000000000032 ) ) ;
#2513 = DIRECTION ( 'NONE',  ( 0.000000000000000000, 0.000000000000000000, -1.000000000000000000 ) ) ;
#2514 = CARTESIAN_POINT ( 'NONE',  ( 5.200000000000000178, -4.521177490060923176, 3.049999999999999822 ) ) ;
#2515 = VERTEX_POINT ( 'NONE', #3257 ) ;
#2516 = CARTESIAN_POINT ( 'NONE',  ( 4.662796538894681042, -7.358380951166239470, 2.286000000000000032 ) ) ;
#2517 = CARTESIAN_POINT ( 'NONE',  ( 2.558670703524385193, -48.92015180641466543, 2.286000000000000032 ) ) ;
#2518 = EDGE_CURVE ( 'NONE', #5912, #3586, #1822, .T. ) ;
#2519 = EDGE_CURVE ( 'NONE', #11573, #2635, #8206, .T. ) ;
#2520 = ADVANCED_FACE ( 'NONE', ( #12183 ), #12248, .F. ) ;
#2521 = CYLINDRICAL_SURFACE ( 'NONE', #10652, 3.175000000000000711 ) ;
#2522 = EDGE_CURVE ( 'NONE', #9003, #10508, #6277, .T. ) ;
#2523 = VECTOR ( 'NONE', #1725, 1000.000000000000000 ) ;
#2524 = CARTESIAN_POINT ( 'NONE',  ( -6.821177490060915005, -5.199999999999999289, -2.286000000000000920 ) ) ;
#2525 = CARTESIAN_POINT ( 'NONE',  ( -15.87500000000000000, 0.4799999999999999822, 2.286000000000000032 ) ) ;
#2526 = CARTESIAN_POINT ( 'NONE',  ( 0.000000000000000000, -38.09999999999999432, -2.286000000000000032 ) ) ;
#2527 = FACE_OUTER_BOUND ( 'NONE', #1064, .T. ) ;
#2528 = DIRECTION ( 'NONE',  ( -1.000000000000000000, 0.000000000000000000, 0.000000000000000000 ) ) ;
#2529 = DIRECTION ( 'NONE',  ( 0.000000000000000000, 0.000000000000000000, 1.000000000000000000 ) ) ;
#2530 = ORIENTED_EDGE ( 'NONE', *, *, #4844, .T. ) ;
#2531 = DIRECTION ( 'NONE',  ( -1.000000000000000000, 0.000000000000000000, 0.000000000000000000 ) ) ;
#2532 = VECTOR ( 'NONE', #2944, 1000.000000000000000 ) ;
#2533 = CARTESIAN_POINT ( 'NONE',  ( 2.558670703524388745, -1.879848193585325289, 2.286000000000000032 ) ) ;
#2534 = AXIS2_PLACEMENT_3D ( 'NONE', #7556, #4653, #1828 ) ;
#2535 = EDGE_CURVE ( 'NONE', #7852, #7060, #11225, .T. ) ;
#2536 = ORIENTED_EDGE ( 'NONE', *, *, #11776, .T. ) ;
#2537 = ORIENTED_EDGE ( 'NONE', *, *, #4, .T. ) ;
#2538 = AXIS2_PLACEMENT_3D ( 'NONE', #5774, #8729, #8858 ) ;
#2539 = CARTESIAN_POINT ( 'NONE',  ( -19.04999999999999716, -3.654415587728427894, 1.000000000000000000 ) ) ;
#2540 = AXIS2_PLACEMENT_3D ( 'NONE', #721, #4636, #6631 ) ;
#2541 = CARTESIAN_POINT ( 'NONE',  ( -3.654415587728437220, -44.44999999999998863, 2.286000000000000032 ) ) ;
#2542 = ORIENTED_EDGE ( 'NONE', *, *, #6384, .F. ) ;
#2543 = DIRECTION ( 'NONE',  ( 0.000000000000000000, 0.000000000000000000, 1.000000000000000000 ) ) ;
#2544 = ORIENTED_EDGE ( 'NONE', *, *, #2098, .F. ) ;
#2545 = DIRECTION ( 'NONE',  ( 2.556848660736790434E-16, 1.000000000000000000, 0.000000000000000000 ) ) ;
#2546 = FACE_OUTER_BOUND ( 'NONE', #9961, .T. ) ;
#2547 = ORIENTED_EDGE ( 'NONE', *, *, #2753, .T. ) ;
#2548 = EDGE_CURVE ( 'NONE', #7684, #11097, #3315, .T. ) ;
#2549 = CARTESIAN_POINT ( 'NONE',  ( -12.69999999999999929, 0.000000000000000000, 1.000000000000000000 ) ) ;
#2550 = ORIENTED_EDGE ( 'NONE', *, *, #4268, .T. ) ;
#2551 = ORIENTED_EDGE ( 'NONE', *, *, #5740, .F. ) ;
#2552 = CARTESIAN_POINT ( 'NONE',  ( 0.4799999999999964850, -15.83850681057091059, -2.286000000000000032 ) ) ;
#2553 = EDGE_LOOP ( 'NONE', ( #11121, #820 ) ) ;
#2554 = VERTEX_POINT ( 'NONE', #10201 ) ;
#2555 = LINE ( 'NONE', #633, #12265 ) ;
#2556 = VECTOR ( 'NONE', #2210, 1000.000000000000000 ) ;
#2557 = CARTESIAN_POINT ( 'NONE',  ( 2.558670703524396295, -14.57984819358531503, -2.286000000000000032 ) ) ;
#2558 = FACE_OUTER_BOUND ( 'NONE', #11185, .T. ) ;
#2559 = ORIENTED_EDGE ( 'NONE', *, *, #12395, .T. ) ;
#2560 = DIRECTION ( 'NONE',  ( 0.000000000000000000, 0.000000000000000000, -1.000000000000000000 ) ) ;
#2561 = CARTESIAN_POINT ( 'NONE',  ( 3.174999999999998934, -50.79999999999999716, 2.286000000000000032 ) ) ;
#2562 = EDGE_LOOP ( 'NONE', ( #4414, #10166, #3150, #6685, #2738, #2742, #11177 ) ) ;
#2563 = EDGE_CURVE ( 'NONE', #7251, #3346, #3247, .T. ) ;
#2564 = DIRECTION ( 'NONE',  ( 0.7071067811865456854, 0.7071067811865494601, -0.000000000000000000 ) ) ;
#2565 = ORIENTED_EDGE ( 'NONE', *, *, #6454, .T. ) ;
#2566 = EDGE_LOOP ( 'NONE', ( #5706, #11118, #7959, #7127 ) ) ;
#2567 = CIRCLE ( 'NONE', #4613, 3.174999999999999822 ) ;
#2568 = VERTEX_POINT ( 'NONE', #2421 ) ;
#2569 = VECTOR ( 'NONE', #9991, 1000.000000000000000 ) ;
#2570 = AXIS2_PLACEMENT_3D ( 'NONE', #4874, #8609, #1912 ) ;
#2571 = ORIENTED_EDGE ( 'NONE', *, *, #2089, .T. ) ;
#2572 = FACE_OUTER_BOUND ( 'NONE', #1969, .T. ) ;
#2573 = LINE ( 'NONE', #6501, #2233 ) ;
#2574 = LINE ( 'NONE', #4374, #1833 ) ;
#2575 = DIRECTION ( 'NONE',  ( -1.000000000000000000, 0.000000000000000000, 0.000000000000000000 ) ) ;
#2576 = VECTOR ( 'NONE', #8975, 1000.000000000000000 ) ;
#2577 = ORIENTED_EDGE ( 'NONE', *, *, #7364, .F. ) ;
#2578 = EDGE_CURVE ( 'NONE', #6892, #3265, #6345, .T. ) ;
#2579 = DIRECTION ( 'NONE',  ( 0.000000000000000000, 0.000000000000000000, -1.000000000000000000 ) ) ;
#2580 = CARTESIAN_POINT ( 'NONE',  ( -2.558670703524397183, -36.22015180641468390, -2.286000000000000032 ) ) ;
#2581 = DIRECTION ( 'NONE',  ( 1.000000000000000000, -0.000000000000000000, -0.000000000000000000 ) ) ;
#2582 = ORIENTED_EDGE ( 'NONE', *, *, #7997, .F. ) ;
#2583 = CARTESIAN_POINT ( 'NONE',  ( -5.199999999999993960, 1.329561303583129310E-15, -1.000000000000000000 ) ) ;
#2584 = VECTOR ( 'NONE', #12614, 1000.000000000000114 ) ;
#2585 = DIRECTION ( 'NONE',  ( -0.000000000000000000, -0.000000000000000000, -1.000000000000000000 ) ) ;
#2586 = VECTOR ( 'NONE', #9913, 1000.000000000000000 ) ;
#2587 = VECTOR ( 'NONE', #1285, 1000.000000000000000 ) ;
#2588 = DIRECTION ( 'NONE',  ( -0.000000000000000000, -0.000000000000000000, 1.000000000000000000 ) ) ;
#2589 = VECTOR ( 'NONE', #2395, 1000.000000000000000 ) ;
#2590 = DIRECTION ( 'NONE',  ( 0.000000000000000000, 1.000000000000000000, 0.000000000000000000 ) ) ;
#2591 = FACE_OUTER_BOUND ( 'NONE', #3641, .T. ) ;
#2592 = CARTESIAN_POINT ( 'NONE',  ( 0.000000000000000000, -12.69999999999999929, 2.286000000000000032 ) ) ;
#2593 = ADVANCED_FACE ( 'NONE', ( #1455 ), #7376, .F. ) ;
#2594 = EDGE_CURVE ( 'NONE', #6756, #10805, #8395, .T. ) ;
#2595 = DIRECTION ( 'NONE',  ( 0.000000000000000000, 0.000000000000000000, -1.000000000000000000 ) ) ;
#2596 = DIRECTION ( 'NONE',  ( 0.7071067811865493491, 0.7071067811865456854, 0.000000000000000000 ) ) ;
#2597 = VECTOR ( 'NONE', #5919, 1000.000000000000000 ) ;
#2598 = DIRECTION ( 'NONE',  ( -0.000000000000000000, -0.000000000000000000, 1.000000000000000000 ) ) ;
#2599 = EDGE_CURVE ( 'NONE', #10514, #8735, #749, .T. ) ;
#2600 = CIRCLE ( 'NONE', #9579, 3.175000000000000711 ) ;
#2601 = EDGE_CURVE ( 'NONE', #2480, #5099, #9481, .T. ) ;
#2602 = DIRECTION ( 'NONE',  ( -7.912989585623242219E-16, 1.000000000000000000, 0.000000000000000000 ) ) ;
#2603 = CARTESIAN_POINT ( 'NONE',  ( -5.199999999999995737, -20.59558441227159875, 3.049999999999999822 ) ) ;
#2604 = VECTOR ( 'NONE', #5881, 1000.000000000000000 ) ;
#2605 = ORIENTED_EDGE ( 'NONE', *, *, #5752, .F. ) ;
#2606 = AXIS2_PLACEMENT_3D ( 'NONE', #2292, #1326, #4221 ) ;
#2607 = ORIENTED_EDGE ( 'NONE', *, *, #9923, .T. ) ;
#2608 = AXIS2_PLACEMENT_3D ( 'NONE', #9957, #6037, #9840 ) ;
#2609 = CARTESIAN_POINT ( 'NONE',  ( 0.000000000000000000, -38.09999999999999432, 2.286000000000000032 ) ) ;
#2610 = DIRECTION ( 'NONE',  ( -0.000000000000000000, -0.000000000000000000, 1.000000000000000000 ) ) ;
#2611 = EDGE_CURVE ( 'NONE', #2805, #7333, #12625, .T. ) ;
#2612 = VERTEX_POINT ( 'NONE', #4536 ) ;
#2613 = DIRECTION ( 'NONE',  ( 0.000000000000000000, 0.000000000000000000, 1.000000000000000000 ) ) ;
#2614 = ORIENTED_EDGE ( 'NONE', *, *, #12572, .T. ) ;
#2615 = DIRECTION ( 'NONE',  ( -0.7071067811865491270, 0.7071067811865459074, -0.000000000000000000 ) ) ;
#2616 = LINE ( 'NONE', #5567, #1287 ) ;
#2617 = ORIENTED_EDGE ( 'NONE', *, *, #2252, .T. ) ;
#2618 = AXIS2_PLACEMENT_3D ( 'NONE', #6966, #4837, #6779 ) ;
#2619 = DIRECTION ( 'NONE',  ( -0.000000000000000000, -0.000000000000000000, 1.000000000000000000 ) ) ;
#2620 = ORIENTED_EDGE ( 'NONE', *, *, #12560, .F. ) ;
#2621 = PLANE ( 'NONE',  #9625 ) ;
#2622 = EDGE_LOOP ( 'NONE', ( #5739, #11351, #8817, #8455 ) ) ;
#2623 = VERTEX_POINT ( 'NONE', #6599 ) ;
#2624 = LINE ( 'NONE', #3716, #4065 ) ;
#2625 = VECTOR ( 'NONE', #6244, 1000.000000000000114 ) ;
#2626 = EDGE_CURVE ( 'NONE', #8274, #4248, #3642, .T. ) ;
#2627 = AXIS2_PLACEMENT_3D ( 'NONE', #356, #8055, #4273 ) ;
#2628 = DIRECTION ( 'NONE',  ( -0.000000000000000000, -0.000000000000000000, 1.000000000000000000 ) ) ;
#2629 = CARTESIAN_POINT ( 'NONE',  ( -15.83850681057091059, -0.4799999999999999822, 1.000000000000000000 ) ) ;
#2630 = ORIENTED_EDGE ( 'NONE', *, *, #12272, .T. ) ;
#2631 = CARTESIAN_POINT ( 'NONE',  ( 2.558670703524396295, -39.97984819358529762, 2.286000000000000032 ) ) ;
#2632 = CARTESIAN_POINT ( 'NONE',  ( -6.350000000000001421, 5.068629150101524594, 3.049999999999999822 ) ) ;
#2633 = VERTEX_POINT ( 'NONE', #2677 ) ;
#2634 = DIRECTION ( 'NONE',  ( -0.7071067811865500152, 0.7071067811865451302, 0.000000000000000000 ) ) ;
#2635 = VERTEX_POINT ( 'NONE', #10390 ) ;
#2636 = AXIS2_PLACEMENT_3D ( 'NONE', #10074, #7242, #7187 ) ;
#2637 = ORIENTED_EDGE ( 'NONE', *, *, #4643, .T. ) ;
#2638 = VECTOR ( 'NONE', #3099, 1000.000000000000000 ) ;
#2639 = ORIENTED_EDGE ( 'NONE', *, *, #7321, .F. ) ;
#2640 = ORIENTED_EDGE ( 'NONE', *, *, #11538, .F. ) ;
#2641 = ORIENTED_EDGE ( 'NONE', *, *, #8139, .T. ) ;
#2642 = AXIS2_PLACEMENT_3D ( 'NONE', #6474, #499, #2741 ) ;
#2643 = EDGE_CURVE ( 'NONE', #1859, #8992, #8590, .T. ) ;
#2644 = LINE ( 'NONE', #2764, #6839 ) ;
#2645 = ADVANCED_FACE ( 'NONE', ( #4731 ), #3707, .F. ) ;
#2646 = CYLINDRICAL_SURFACE ( 'NONE', #6136, 3.175000000000000711 ) ;
#2647 = CARTESIAN_POINT ( 'NONE',  ( 5.341619048833753602, -17.36279653889465635, 2.286000000000000032 ) ) ;
#2648 = CARTESIAN_POINT ( 'NONE',  ( -2.558670703524397627, -39.97984819358530473, 1.000000000000000000 ) ) ;
#2649 = AXIS2_PLACEMENT_3D ( 'NONE', #4922, #7874, #5114 ) ;
#2650 = VERTEX_POINT ( 'NONE', #3570 ) ;
#2651 = LINE ( 'NONE', #1550, #3387 ) ;
#2652 = CARTESIAN_POINT ( 'NONE',  ( 6.200000000000000178, 7.592810154713588849E-16, 3.049999999999999822 ) ) ;
#2653 = DIRECTION ( 'NONE',  ( -1.000000000000000000, 0.000000000000000000, 0.000000000000000000 ) ) ;
#2654 = ORIENTED_EDGE ( 'NONE', *, *, #367, .F. ) ;
#2655 = DIRECTION ( 'NONE',  ( 0.7071067811865493491, -0.7071067811865455743, -0.000000000000000000 ) ) ;
#2656 = DIRECTION ( 'NONE',  ( 0.000000000000000000, -0.000000000000000000, -1.000000000000000000 ) ) ;
#2657 = EDGE_LOOP ( 'NONE', ( #430, #1890, #6044, #4399, #12487, #1656 ) ) ;
#2658 = VECTOR ( 'NONE', #6856, 1000.000000000000000 ) ;
#2659 = DIRECTION ( 'NONE',  ( 1.365923996832132102E-16, 1.000000000000000000, 0.000000000000000000 ) ) ;
#2660 = ADVANCED_FACE ( 'NONE', ( #12441 ), #6662, .T. ) ;
#2661 = DIRECTION ( 'NONE',  ( -0.000000000000000000, -0.000000000000000000, 1.000000000000000000 ) ) ;
#2662 = DIRECTION ( 'NONE',  ( 0.000000000000000000, 0.000000000000000000, 1.000000000000000000 ) ) ;
#2663 = CARTESIAN_POINT ( 'NONE',  ( 0.000000000000000000, 6.200000000000000178, -1.000000000000000000 ) ) ;
#2664 = LINE ( 'NONE', #10501, #3857 ) ;
#2665 = CARTESIAN_POINT ( 'NONE',  ( -20.59558441227157033, -5.199999999999999289, 2.286000000000000032 ) ) ;
#2666 = CARTESIAN_POINT ( 'NONE',  ( 0.000000000000000000, -12.69999999999999929, 2.286000000000000032 ) ) ;
#2667 = DIRECTION ( 'NONE',  ( 2.556848660736790434E-16, 1.000000000000000000, 0.000000000000000000 ) ) ;
#2668 = CARTESIAN_POINT ( 'NONE',  ( 5.200000000000000178, -4.804415587728428250, 3.049999999999999822 ) ) ;
#2669 = VERTEX_POINT ( 'NONE', #10513 ) ;
#2670 = EDGE_CURVE ( 'NONE', #2375, #1597, #11408, .T. ) ;
#2671 = ORIENTED_EDGE ( 'NONE', *, *, #9345, .F. ) ;
#2672 = CC_DESIGN_PERSON_AND_ORGANIZATION_ASSIGNMENT ( #8866, #11818, ( #4236 ) ) ;
#2673 = EDGE_CURVE ( 'NONE', #4479, #5982, #1706, .T. ) ;
#2674 = LINE ( 'NONE', #3566, #3634 ) ;
#2675 = CARTESIAN_POINT ( 'NONE',  ( 0.4799999999999964850, -15.83850681057091059, 1.000000000000000000 ) ) ;
#2676 = ORIENTED_EDGE ( 'NONE', *, *, #6522, .F. ) ;
#2677 = CARTESIAN_POINT ( 'NONE',  ( 5.200000000000000178, -7.895584412271559493, 2.286000000000000032 ) ) ;
#2678 = EDGE_LOOP ( 'NONE', ( #6915, #1019, #1362, #7836 ) ) ;
#2679 = DIRECTION ( 'NONE',  ( 0.7071067811865459074, -0.7071067811865491270, 0.000000000000000000 ) ) ;
#2680 = CARTESIAN_POINT ( 'NONE',  ( -2.584475285236817577, -27.30565277529775869, 2.286000000000000032 ) ) ;
#2681 = VERTEX_POINT ( 'NONE', #5758 ) ;
#2682 = ORIENTED_EDGE ( 'NONE', *, *, #6033, .T. ) ;
#2683 = EDGE_CURVE ( 'NONE', #4791, #8460, #7628, .T. ) ;
#2684 = EDGE_CURVE ( 'NONE', #2097, #5697, #10645, .T. ) ;
#2685 = CARTESIAN_POINT ( 'NONE',  ( 0.4799999999999982059, -9.561493189429087991, -2.286000000000000032 ) ) ;
#2686 = ORIENTED_EDGE ( 'NONE', *, *, #4075, .T. ) ;
#2687 = PLANE ( 'NONE',  #3044 ) ;
#2688 = LINE ( 'NONE', #10955, #1906 ) ;
#2689 = DIRECTION ( 'NONE',  ( 0.000000000000000000, 1.000000000000000000, 0.000000000000000000 ) ) ;
#2690 = VERTEX_POINT ( 'NONE', #3760 ) ;
#2691 = CARTESIAN_POINT ( 'NONE',  ( -1.905652775297756785, 2.584475285236820241, -2.286000000000000032 ) ) ;
#2692 = CARTESIAN_POINT ( 'NONE',  ( -3.654415587728408799, -19.05000000000000426, 3.049999999999999822 ) ) ;
#2693 = ORIENTED_EDGE ( 'NONE', *, *, #10071, .T. ) ;
#2694 = LINE ( 'NONE', #579, #3197 ) ;
#2695 = ORIENTED_EDGE ( 'NONE', *, *, #5718, .T. ) ;
#2696 = ORIENTED_EDGE ( 'NONE', *, *, #1881, .T. ) ;
#2697 = EDGE_CURVE ( 'NONE', #10724, #8424, #10235, .T. ) ;
#2698 = VERTEX_POINT ( 'NONE', #5696 ) ;
#2699 = ORIENTED_EDGE ( 'NONE', *, *, #7953, .F. ) ;
#2700 = ORIENTED_EDGE ( 'NONE', *, *, #8593, .T. ) ;
#2701 = DIRECTION ( 'NONE',  ( 0.000000000000000000, 0.000000000000000000, 1.000000000000000000 ) ) ;
#2702 = DIRECTION ( 'NONE',  ( -0.000000000000000000, 0.000000000000000000, 1.000000000000000000 ) ) ;
#2703 = DIRECTION ( 'NONE',  ( -0.000000000000000000, -0.000000000000000000, 1.000000000000000000 ) ) ;
#2704 = LINE ( 'NONE', #840, #9578 ) ;
#2705 = VERTEX_POINT ( 'NONE', #9617 ) ;
#2706 = DIRECTION ( 'NONE',  ( -0.7071067811865493491, -0.7071067811865456854, 0.000000000000000000 ) ) ;
#2707 = PLANE ( 'NONE',  #2540 ) ;
#2708 = ORIENTED_EDGE ( 'NONE', *, *, #1818, .T. ) ;
#2709 = FACE_OUTER_BOUND ( 'NONE', #11230, .T. ) ;
#2710 = DIRECTION ( 'NONE',  ( -0.000000000000000000, -0.000000000000000000, -1.000000000000000000 ) ) ;
#2711 = CARTESIAN_POINT ( 'NONE',  ( 4.662796538894679266, -20.05838095116622455, 2.286000000000000032 ) ) ;
#2712 = VERTEX_POINT ( 'NONE', #6463 ) ;
#2713 = EDGE_CURVE ( 'NONE', #10988, #6041, #8187, .T. ) ;
#2714 = EDGE_CURVE ( 'NONE', #1860, #10229, #7685, .T. ) ;
#2715 = CARTESIAN_POINT ( 'NONE',  ( -6.199999999999999289, -41.90441558772840835, 2.286000000000000032 ) ) ;
#2716 = CARTESIAN_POINT ( 'NONE',  ( 3.654415587728452319, -31.75000000000000000, 1.000000000000000000 ) ) ;
#2717 = FACE_OUTER_BOUND ( 'NONE', #6674, .T. ) ;
#2718 = DIRECTION ( 'NONE',  ( 0.000000000000000000, -0.000000000000000000, 1.000000000000000000 ) ) ;
#2719 = LINE ( 'NONE', #7615, #11652 ) ;
#2720 = FACE_OUTER_BOUND ( 'NONE', #8902, .T. ) ;
#2721 = DIRECTION ( 'NONE',  ( 0.000000000000000000, 0.000000000000000000, -1.000000000000000000 ) ) ;
#2722 = DIRECTION ( 'NONE',  ( 0.000000000000000000, 0.000000000000000000, 1.000000000000000000 ) ) ;
#2723 = FACE_OUTER_BOUND ( 'NONE', #11308, .T. ) ;
#2724 = EDGE_CURVE ( 'NONE', #2998, #5628, #11596, .T. ) ;
#2725 = VECTOR ( 'NONE', #831, 1000.000000000000000 ) ;
#2726 = FACE_OUTER_BOUND ( 'NONE', #7637, .T. ) ;
#2727 = EDGE_LOOP ( 'NONE', ( #8865, #4082, #9861, #12242 ) ) ;
#2728 = CARTESIAN_POINT ( 'NONE',  ( -0.4800000000000034239, -15.83850681057091059, -1.000000000000000000 ) ) ;
#2729 = DIRECTION ( 'NONE',  ( -0.000000000000000000, -0.000000000000000000, 1.000000000000000000 ) ) ;
#2730 = AXIS2_PLACEMENT_3D ( 'NONE', #3316, #3259, #11991 ) ;
#2731 = ORIENTED_EDGE ( 'NONE', *, *, #9264, .F. ) ;
#2732 = CARTESIAN_POINT ( 'NONE',  ( 2.558670703524388745, -1.879848193585325289, -2.286000000000000032 ) ) ;
#2733 = AXIS2_PLACEMENT_3D ( 'NONE', #10183, #7176, #11023 ) ;
#2734 = ORIENTED_EDGE ( 'NONE', *, *, #2812, .T. ) ;
#2735 = EDGE_CURVE ( 'NONE', #12118, #6410, #869, .T. ) ;
#2736 = PLANE ( 'NONE',  #3164 ) ;
#2737 = FACE_OUTER_BOUND ( 'NONE', #9382, .T. ) ;
#2738 = ORIENTED_EDGE ( 'NONE', *, *, #6770, .T. ) ;
#2739 = ORIENTED_EDGE ( 'NONE', *, *, #8795, .F. ) ;
#2740 = AXIS2_PLACEMENT_3D ( 'NONE', #3228, #7218, #8889 ) ;
#2741 = DIRECTION ( 'NONE',  ( -1.000000000000000000, 0.000000000000000000, -0.000000000000000000 ) ) ;
#2742 = ORIENTED_EDGE ( 'NONE', *, *, #12020, .T. ) ;
#2743 = VECTOR ( 'NONE', #9394, 1000.000000000000114 ) ;
#2744 = FACE_OUTER_BOUND ( 'NONE', #1750, .T. ) ;
#2745 = DIRECTION ( 'NONE',  ( -0.7071067811865459074, 0.7071067811865491270, 0.000000000000000000 ) ) ;
#2746 = DIRECTION ( 'NONE',  ( 0.7071067811865462405, 0.7071067811865489050, 0.000000000000000000 ) ) ;
#2747 = VERTEX_POINT ( 'NONE', #7813 ) ;
#2748 = ADVANCED_FACE ( 'NONE', ( #1895 ), #9871, .F. ) ;
#2749 = VECTOR ( 'NONE', #3952, 1000.000000000000000 ) ;
#2750 = EDGE_CURVE ( 'NONE', #10478, #4921, #1002, .T. ) ;
#2751 = CARTESIAN_POINT ( 'NONE',  ( 0.000000000000000000, 0.000000000000000000, -2.286000000000000032 ) ) ;
#2752 = DIRECTION ( 'NONE',  ( 0.000000000000000000, 0.000000000000000000, 1.000000000000000000 ) ) ;
#2753 = EDGE_CURVE ( 'NONE', #3346, #1794, #5042, .T. ) ;
#2754 = AXIS2_PLACEMENT_3D ( 'NONE', #1350, #5203, #4244 ) ;
#2755 = ORIENTED_EDGE ( 'NONE', *, *, #11920, .T. ) ;
#2756 = EDGE_CURVE ( 'NONE', #58, #1911, #7035, .T. ) ;
#2757 = DIRECTION ( 'NONE',  ( -1.000000000000000000, 0.000000000000000000, 0.000000000000000000 ) ) ;
#2758 = ORIENTED_EDGE ( 'NONE', *, *, #1264, .F. ) ;
#2759 = ORIENTED_EDGE ( 'NONE', *, *, #11155, .F. ) ;
#2760 = EDGE_LOOP ( 'NONE', ( #7245, #5990, #9924, #9436 ) ) ;
#2761 = CIRCLE ( 'NONE', #7691, 3.175000000000000711 ) ;
#2762 = ORIENTED_EDGE ( 'NONE', *, *, #3081, .F. ) ;
#2763 = PERSON_AND_ORGANIZATION_ROLE ( 'creator' ) ;
#2764 = CARTESIAN_POINT ( 'NONE',  ( -14.57984819358530970, -2.558670703524399848, 2.286000000000000032 ) ) ;
#2765 = DIRECTION ( 'NONE',  ( -0.000000000000000000, -0.000000000000000000, 1.000000000000000000 ) ) ;
#2766 = CARTESIAN_POINT ( 'NONE',  ( -23.29999999999999716, 0.000000000000000000, -1.001000000000000112 ) ) ;
#2767 = ORIENTED_EDGE ( 'NONE', *, *, #9368, .F. ) ;
#2768 = EDGE_CURVE ( 'NONE', #10879, #8315, #1622, .T. ) ;
#2769 = CARTESIAN_POINT ( 'NONE',  ( -10.11552471476316839, -1.905652775297746349, 2.286000000000000032 ) ) ;
#2770 = CARTESIAN_POINT ( 'NONE',  ( 0.000000000000000000, 6.200000000000000178, -1.000000000000000000 ) ) ;
#2771 = EDGE_LOOP ( 'NONE', ( #646, #9444, #10767, #1043 ) ) ;
#2772 = DIRECTION ( 'NONE',  ( 3.756290991288361679E-16, 1.000000000000000000, -0.000000000000000000 ) ) ;
#2773 = AXIS2_PLACEMENT_3D ( 'NONE', #661, #11381, #7414 ) ;
#2774 = LINE ( 'NONE', #8256, #4428 ) ;
#2775 = CARTESIAN_POINT ( 'NONE',  ( -6.350000000000001421, 3.654415587728427450, 3.049999999999999822 ) ) ;
#2776 = ORIENTED_EDGE ( 'NONE', *, *, #6054, .F. ) ;
#2777 = VECTOR ( 'NONE', #136, 1000.000000000000000 ) ;
#2778 = LINE ( 'NONE', #11457, #4900 ) ;
#2779 = FACE_OUTER_BOUND ( 'NONE', #10346, .T. ) ;
#2780 = DIRECTION ( 'NONE',  ( 0.7071067811865436870, -0.7071067811865513475, 0.000000000000000000 ) ) ;
#2781 = CARTESIAN_POINT ( 'NONE',  ( -6.699999999999990408, -6.199999999999999289, -1.000000000000000000 ) ) ;
#2782 = AXIS2_PLACEMENT_3D ( 'NONE', #12200, #3523, #9306 ) ;
#2783 = PLANE ( 'NONE',  #7758 ) ;
#2784 = DIRECTION ( 'NONE',  ( 0.000000000000000000, 0.000000000000000000, -1.000000000000000000 ) ) ;
#2785 = FACE_OUTER_BOUND ( 'NONE', #5002, .T. ) ;
#2786 = DIRECTION ( 'NONE',  ( -2.556848660736790434E-16, -1.000000000000000000, -0.000000000000000000 ) ) ;
#2787 = CARTESIAN_POINT ( 'NONE',  ( -0.4800000000000034239, -15.83850681057091059, -2.286000000000000032 ) ) ;
#2788 = AXIS2_PLACEMENT_3D ( 'NONE', #6899, #7020, #3158 ) ;
#2789 = VECTOR ( 'NONE', #4142, 1000.000000000000000 ) ;
#2790 = CARTESIAN_POINT ( 'NONE',  ( -5.355700691563798799, -6.034523201502883794, 3.049999999999999822 ) ) ;
#2791 = VECTOR ( 'NONE', #10173, 1000.000000000000114 ) ;
#2792 = ORIENTED_EDGE ( 'NONE', *, *, #2504, .T. ) ;
#2793 = VECTOR ( 'NONE', #12340, 1000.000000000000114 ) ;
#2794 = CARTESIAN_POINT ( 'NONE',  ( 19.38941125496954498, -19.38941125496964446, -1.000000000000000000 ) ) ;
#2795 = CIRCLE ( 'NONE', #12438, 3.174999999999998934 ) ;
#2796 = CARTESIAN_POINT ( 'NONE',  ( -1.879848193585295313, -27.95867070352441175, -1.000000000000000000 ) ) ;
#2797 = EDGE_CURVE ( 'NONE', #240, #3478, #1962, .T. ) ;
#2798 = EDGE_CURVE ( 'NONE', #10997, #9181, #6074, .T. ) ;
#2799 = ORIENTED_EDGE ( 'NONE', *, *, #2115, .F. ) ;
#2800 = CARTESIAN_POINT ( 'NONE',  ( -6.199999999999974420, -32.88137084989846670, -3.049999999999999822 ) ) ;
#2801 = AXIS2_PLACEMENT_3D ( 'NONE', #11139, #6259, #5481 ) ;
#2802 = VERTEX_POINT ( 'NONE', #1192 ) ;
#2803 = CARTESIAN_POINT ( 'NONE',  ( 5.200000000000000178, -42.90441558772844388, 3.049999999999999822 ) ) ;
#2804 = CARTESIAN_POINT ( 'NONE',  ( -12.69999999999999929, 0.000000000000000000, -2.286000000000000032 ) ) ;
#2805 = VERTEX_POINT ( 'NONE', #9929 ) ;
#2806 = VECTOR ( 'NONE', #1018, 999.9999999999998863 ) ;
#2807 = CIRCLE ( 'NONE', #5067, 3.174999999999998934 ) ;
#2808 = ORIENTED_EDGE ( 'NONE', *, *, #457, .F. ) ;
#2809 = DIRECTION ( 'NONE',  ( -0.7071067811865461294, -0.7071067811865490160, 0.000000000000000000 ) ) ;
#2810 = ORIENTED_EDGE ( 'NONE', *, *, #1068, .F. ) ;
#2811 = CIRCLE ( 'NONE', #2399, 3.174999999999999822 ) ;
#2812 = EDGE_CURVE ( 'NONE', #7712, #9003, #2925, .T. ) ;
#2813 = DIRECTION ( 'NONE',  ( 0.000000000000000000, 0.000000000000000000, -1.000000000000000000 ) ) ;
#2814 = ORIENTED_EDGE ( 'NONE', *, *, #6879, .T. ) ;
#2815 = CARTESIAN_POINT ( 'NONE',  ( 0.000000000000000000, -12.69999999999999929, -1.000000000000000000 ) ) ;
#2816 = CARTESIAN_POINT ( 'NONE',  ( 6.200000000000001066, -41.90441558772845099, 3.049999999999999822 ) ) ;
#2817 = CIRCLE ( 'NONE', #3428, 2.100000000000000089 ) ;
#2818 = ORIENTED_EDGE ( 'NONE', *, *, #8608, .F. ) ;
#2819 = CARTESIAN_POINT ( 'NONE',  ( -5.199999999999996625, -17.22117749006089937, -2.286000000000000032 ) ) ;
#2820 = PLANE ( 'NONE',  #673 ) ;
#2821 = ORIENTED_EDGE ( 'NONE', *, *, #10188, .T. ) ;
#2822 = CARTESIAN_POINT ( 'NONE',  ( 0.000000000000000000, -50.79999999999999716, -1.000000000000000000 ) ) ;
#2823 = ORIENTED_EDGE ( 'NONE', *, *, #5944, .F. ) ;
#2824 = ORIENTED_EDGE ( 'NONE', *, *, #5908, .F. ) ;
#2825 = ORIENTED_EDGE ( 'NONE', *, *, #9984, .T. ) ;
#2826 = CIRCLE ( 'NONE', #9602, 3.174999999999999822 ) ;
#2827 = ADVANCED_FACE ( 'NONE', ( #8779 ), #9998, .T. ) ;
#2828 = VECTOR ( 'NONE', #5297, 1000.000000000000114 ) ;
#2829 = EDGE_CURVE ( 'NONE', #2705, #5061, #11854, .T. ) ;
#2830 = ORIENTED_EDGE ( 'NONE', *, *, #3863, .F. ) ;
#2831 = COORDINATED_UNIVERSAL_TIME_OFFSET ( 6, 0, .BEHIND. ) ;
#2832 = ADVANCED_FACE ( 'NONE', ( #11667 ), #9807, .F. ) ;
#2833 = EDGE_CURVE ( 'NONE', #9281, #1861, #2826, .T. ) ;
#2834 = CARTESIAN_POINT ( 'NONE',  ( -2.584475285236814912, -48.89434722470223704, -2.286000000000000032 ) ) ;
#2835 = DIRECTION ( 'NONE',  ( -1.000000000000000000, 0.000000000000000000, 0.000000000000000000 ) ) ;
#2836 = CARTESIAN_POINT ( 'NONE',  ( 5.068629150101529923, -44.45000000000000284, -3.049999999999999822 ) ) ;
#2837 = ORIENTED_EDGE ( 'NONE', *, *, #4550, .T. ) ;
#2838 = DIRECTION ( 'NONE',  ( -0.7071067811865495711, 0.7071067811865455743, 0.000000000000000000 ) ) ;
#2839 = CARTESIAN_POINT ( 'NONE',  ( -5.200000000000004619, -42.62117749006090150, 2.286000000000000032 ) ) ;
#2840 = EDGE_LOOP ( 'NONE', ( #8114, #4259, #12477, #5391 ) ) ;
#2841 = VECTOR ( 'NONE', #10097, 1000.000000000000000 ) ;
#2842 = CARTESIAN_POINT ( 'NONE',  ( 0.4799999999999964850, -15.87499999999999645, 2.286000000000000032 ) ) ;
#2843 = CIRCLE ( 'NONE', #4074, 3.174999999999998934 ) ;
#2844 = DIRECTION ( 'NONE',  ( -0.000000000000000000, -0.000000000000000000, -1.000000000000000000 ) ) ;
#2845 = LINE ( 'NONE', #4898, #925 ) ;
#2846 = ORIENTED_EDGE ( 'NONE', *, *, #9868, .F. ) ;
#2847 = VERTEX_POINT ( 'NONE', #5952 ) ;
#2848 = DIRECTION ( 'NONE',  ( -0.7071067811865446862, 0.7071067811865503483, 0.000000000000000000 ) ) ;
#2849 = EDGE_CURVE ( 'NONE', #969, #7378, #4017, .T. ) ;
#2850 = AXIS2_PLACEMENT_3D ( 'NONE', #1546, #1677, #6503 ) ;
#2851 = DIRECTION ( 'NONE',  ( 1.000000000000000000, 0.000000000000000000, 0.000000000000000000 ) ) ;
#2852 = DIRECTION ( 'NONE',  ( -0.000000000000000000, -0.000000000000000000, -1.000000000000000000 ) ) ;
#2853 = DIRECTION ( 'NONE',  ( 0.000000000000000000, 1.000000000000000000, 0.000000000000000000 ) ) ;
#2854 = FACE_OUTER_BOUND ( 'NONE', #9936, .T. ) ;
#2855 = DIRECTION ( 'NONE',  ( 0.000000000000000000, 0.000000000000000000, -1.000000000000000000 ) ) ;
#2856 = CARTESIAN_POINT ( 'NONE',  ( 0.000000000000000000, 0.000000000000000000, -2.286000000000000032 ) ) ;
#2857 = VECTOR ( 'NONE', #10688, 1000.000000000000000 ) ;
#2858 = LINE ( 'NONE', #1572, #3820 ) ;
#2859 = PLANE ( 'NONE',  #9946 ) ;
#2860 = CIRCLE ( 'NONE', #2245, 1.499999999999997780 ) ;
#2861 = DIRECTION ( 'NONE',  ( 0.7071067811865493491, 0.7071067811865456854, 0.000000000000000000 ) ) ;
#2862 = EDGE_CURVE ( 'NONE', #6797, #11250, #12264, .T. ) ;
#2863 = ORIENTED_EDGE ( 'NONE', *, *, #12397, .F. ) ;
#2864 = CARTESIAN_POINT ( 'NONE',  ( 6.689411254969527043, -6.689411254969573228, -1.000000000000000000 ) ) ;
#2865 = DIRECTION ( 'NONE',  ( 0.000000000000000000, 0.000000000000000000, 1.000000000000000000 ) ) ;
#2866 = ORIENTED_EDGE ( 'NONE', *, *, #10860, .F. ) ;
#2867 = CARTESIAN_POINT ( 'NONE',  ( -21.59558441227157033, -6.200000000000001066, 3.049999999999999822 ) ) ;
#2868 = EDGE_LOOP ( 'NONE', ( #2367, #10487, #10663, #8624 ) ) ;
#2869 = CARTESIAN_POINT ( 'NONE',  ( 0.000000000000000000, 0.000000000000000000, 1.000000000000000000 ) ) ;
#2870 = LINE ( 'NONE', #6665, #3605 ) ;
#2871 = ORIENTED_EDGE ( 'NONE', *, *, #3220, .T. ) ;
#2872 = EDGE_CURVE ( 'NONE', #8129, #2554, #6979, .T. ) ;
#2873 = ORIENTED_EDGE ( 'NONE', *, *, #1424, .T. ) ;
#2874 = ADVANCED_FACE ( 'NONE', ( #8970 ), #2993, .T. ) ;
#2875 = CARTESIAN_POINT ( 'NONE',  ( -0.4800000000000010925, -34.92499999999999716, 2.286000000000000032 ) ) ;
#2876 = ORIENTED_EDGE ( 'NONE', *, *, #5137, .T. ) ;
#2877 = CARTESIAN_POINT ( 'NONE',  ( -6.199999999999995737, -50.79999999999999716, -1.000000000000000000 ) ) ;
#2878 = ORIENTED_EDGE ( 'NONE', *, *, #5398, .T. ) ;
#2879 = CARTESIAN_POINT ( 'NONE',  ( -21.59558441227157033, 6.200000000000001066, 3.049999999999999822 ) ) ;
#2880 = DIRECTION ( 'NONE',  ( -0.000000000000000000, -0.000000000000000000, -1.000000000000000000 ) ) ;
#2881 = VERTEX_POINT ( 'NONE', #167 ) ;
#2882 = CARTESIAN_POINT ( 'NONE',  ( -22.84132929647558896, -1.879848193585297755, 1.000000000000000000 ) ) ;
#2883 = CARTESIAN_POINT ( 'NONE',  ( 0.000000000000000000, -38.09999999999999432, -2.286000000000000032 ) ) ;
#2884 = LINE ( 'NONE', #3782, #10321 ) ;
#2885 = ORIENTED_EDGE ( 'NONE', *, *, #4015, .F. ) ;
#2886 = LINE ( 'NONE', #4042, #4028 ) ;
#2887 = EDGE_CURVE ( 'NONE', #4881, #2190, #10768, .T. ) ;
#2888 = ORIENTED_EDGE ( 'NONE', *, *, #9182, .F. ) ;
#2889 = ORIENTED_EDGE ( 'NONE', *, *, #515, .F. ) ;
#2890 = VERTEX_POINT ( 'NONE', #8249 ) ;
#2891 = PERSON_AND_ORGANIZATION_ROLE ( 'classification_officer' ) ;
#2892 = CARTESIAN_POINT ( 'NONE',  ( 0.4799999999999990941, -3.174999999999998934, 2.286000000000000032 ) ) ;
#2893 = CARTESIAN_POINT ( 'NONE',  ( 5.068629150101544134, -31.75000000000000711, 3.049999999999999822 ) ) ;
#2894 = FACE_OUTER_BOUND ( 'NONE', #9133, .T. ) ;
#2895 = VERTEX_POINT ( 'NONE', #3361 ) ;
#2896 = PLANE ( 'NONE',  #1542 ) ;
#2897 = CYLINDRICAL_SURFACE ( 'NONE', #1726, 3.174999999999999822 ) ;
#2898 = ORIENTED_EDGE ( 'NONE', *, *, #8644, .T. ) ;
#2899 = FACE_OUTER_BOUND ( 'NONE', #5284, .T. ) ;
#2900 = DIRECTION ( 'NONE',  ( 1.000000000000000000, 0.000000000000000000, 0.000000000000000000 ) ) ;
#2901 = EDGE_CURVE ( 'NONE', #6682, #10670, #2468, .T. ) ;
#2902 = DIRECTION ( 'NONE',  ( 1.000000000000000000, 0.000000000000000000, 0.000000000000000000 ) ) ;
#2903 = ORIENTED_EDGE ( 'NONE', *, *, #3632, .F. ) ;
#2904 = APPROVAL ( #6813, 'UNSPECIFIED' ) ;
#2905 = EDGE_CURVE ( 'NONE', #816, #9612, #3301, .T. ) ;
#2906 = ORIENTED_EDGE ( 'NONE', *, *, #9824, .T. ) ;
#2907 = DIRECTION ( 'NONE',  ( 0.000000000000000000, 0.000000000000000000, -1.000000000000000000 ) ) ;
#2908 = DIRECTION ( 'NONE',  ( 0.7071067811865456854, 0.7071067811865493491, 0.000000000000000000 ) ) ;
#2909 = CARTESIAN_POINT ( 'NONE',  ( 3.654415587728422565, -44.45000000000000995, -3.049999999999999822 ) ) ;
#2910 = DIRECTION ( 'NONE',  ( -0.7071067811865495711, 0.7071067811865455743, 0.000000000000000000 ) ) ;
#2911 = DIRECTION ( 'NONE',  ( -0.7071067811865495711, 0.7071067811865455743, 0.000000000000000000 ) ) ;
#2912 = CARTESIAN_POINT ( 'NONE',  ( -0.3394112549695428860, 0.3394112549695428860, -1.000000000000000000 ) ) ;
#2913 = CARTESIAN_POINT ( 'NONE',  ( 25.73941125496951798, -25.73941125496963878, 1.000000000000000000 ) ) ;
#2914 = DIRECTION ( 'NONE',  ( 0.000000000000000000, 0.000000000000000000, 1.000000000000000000 ) ) ;
#2915 = EDGE_CURVE ( 'NONE', #10778, #5099, #9219, .T. ) ;
#2916 = EDGE_CURVE ( 'NONE', #6361, #2511, #9086, .T. ) ;
#2917 = PLANE ( 'NONE',  #916 ) ;
#2918 = EDGE_CURVE ( 'NONE', #6985, #4683, #9272, .T. ) ;
#2919 = EDGE_CURVE ( 'NONE', #6332, #4881, #11207, .T. ) ;
#2920 = DIRECTION ( 'NONE',  ( -1.000000000000000000, 0.000000000000000000, 0.000000000000000000 ) ) ;
#2921 = ORIENTED_EDGE ( 'NONE', *, *, #693, .F. ) ;
#2922 = DIRECTION ( 'NONE',  ( -0.000000000000000000, -0.000000000000000000, 1.000000000000000000 ) ) ;
#2923 = FACE_OUTER_BOUND ( 'NONE', #9280, .T. ) ;
#2924 = ORIENTED_EDGE ( 'NONE', *, *, #8277, .T. ) ;
#2925 = LINE ( 'NONE', #5818, #10214 ) ;
#2926 = ORIENTED_EDGE ( 'NONE', *, *, #8413, .T. ) ;
#2927 = EDGE_CURVE ( 'NONE', #4352, #9224, #10308, .T. ) ;
#2928 = CARTESIAN_POINT ( 'NONE',  ( -5.200000000000005507, -46.27882250993906155, 2.286000000000000032 ) ) ;
#2929 = DIRECTION ( 'NONE',  ( -0.000000000000000000, -0.000000000000000000, 1.000000000000000000 ) ) ;
#2930 = CIRCLE ( 'NONE', #6215, 5.200000000000000178 ) ;
#2931 = ORIENTED_EDGE ( 'NONE', *, *, #3701, .T. ) ;
#2932 = ORIENTED_EDGE ( 'NONE', *, *, #10505, .T. ) ;
#2933 = PLANE ( 'NONE',  #3264 ) ;
#2934 = ORIENTED_EDGE ( 'NONE', *, *, #2132, .T. ) ;
#2935 = VECTOR ( 'NONE', #11161, 1000.000000000000114 ) ;
#2936 = FACE_OUTER_BOUND ( 'NONE', #4701, .T. ) ;
#2937 = VECTOR ( 'NONE', #2745, 1000.000000000000114 ) ;
#2938 = ORIENTED_EDGE ( 'NONE', *, *, #6860, .F. ) ;
#2939 = CARTESIAN_POINT ( 'NONE',  ( 0.4799999999999995937, -41.23850681057090384, -2.286000000000000032 ) ) ;
#2940 = DIRECTION ( 'NONE',  ( -0.7071067811865479058, 0.7071067811865472397, -0.000000000000000000 ) ) ;
#2941 = ADVANCED_FACE ( 'NONE', ( #10062 ), #418, .T. ) ;
#2942 = ORIENTED_EDGE ( 'NONE', *, *, #4130, .T. ) ;
#2943 = LINE ( 'NONE', #3850, #734 ) ;
#2944 = DIRECTION ( 'NONE',  ( -2.556848660736790434E-16, -1.000000000000000000, 0.000000000000000000 ) ) ;
#2945 = CARTESIAN_POINT ( 'NONE',  ( -3.654415587728437220, -44.44999999999998863, -3.049999999999999822 ) ) ;
#2946 = ORIENTED_EDGE ( 'NONE', *, *, #10375, .F. ) ;
#2948 = LINE ( 'NONE', #1024, #1975 ) ;
#2947 = VECTOR ( 'NONE', #1242, 1000.000000000000000 ) ;
#2949 = VECTOR ( 'NONE', #11655, 1000.000000000000114 ) ;
#2950 = ORIENTED_EDGE ( 'NONE', *, *, #6016, .T. ) ;
#2951 = ORIENTED_EDGE ( 'NONE', *, *, #10029, .T. ) ;
#2952 = ORIENTED_EDGE ( 'NONE', *, *, #11281, .T. ) ;
#2953 = APPROVAL_STATUS ( 'not_yet_approved' ) ;
#2954 = VECTOR ( 'NONE', #10018, 1000.000000000000000 ) ;
#2955 = CARTESIAN_POINT ( 'NONE',  ( -3.174999999999999822, -0.4799999999999999822, 2.286000000000000032 ) ) ;
#2956 = VECTOR ( 'NONE', #9777, 1000.000000000000114 ) ;
#2957 = FACE_OUTER_BOUND ( 'NONE', #4813, .T. ) ;
#2958 = PLANE ( 'NONE',  #11011 ) ;
#2959 = EDGE_CURVE ( 'NONE', #12318, #6483, #471, .T. ) ;
#2960 = VERTEX_POINT ( 'NONE', #8195 ) ;
#2961 = CARTESIAN_POINT ( 'NONE',  ( -19.04999999999999716, -5.068629150101524594, -3.049999999999999822 ) ) ;
#2962 = DIRECTION ( 'NONE',  ( 1.000000000000000000, 0.000000000000000000, 0.000000000000000000 ) ) ;
#2963 = EDGE_LOOP ( 'NONE', ( #9480, #686, #11211, #10039 ) ) ;
#2964 = LINE ( 'NONE', #69, #6943 ) ;
#2965 = DIRECTION ( 'NONE',  ( -0.7071067811865474617, -0.7071067811865474617, 0.000000000000000000 ) ) ;
#2966 = CARTESIAN_POINT ( 'NONE',  ( 5.200000000000000178, -20.87882250993907363, 3.049999999999999822 ) ) ;
#2967 = VERTEX_POINT ( 'NONE', #10115 ) ;
#2968 = VECTOR ( 'NONE', #8117, 1000.000000000000000 ) ;
#2969 = ORIENTED_EDGE ( 'NONE', *, *, #8227, .F. ) ;
#2970 = LINE ( 'NONE', #6053, #4078 ) ;
#2971 = ADVANCED_FACE ( 'NONE', ( #7102 ), #12110, .F. ) ;
#2972 = DIRECTION ( 'NONE',  ( -1.180083997263133724E-16, -1.000000000000000000, -0.000000000000000000 ) ) ;
#2973 = CARTESIAN_POINT ( 'NONE',  ( -5.341619048833759820, -42.76279653889465493, -2.286000000000000032 ) ) ;
#2974 = FACE_OUTER_BOUND ( 'NONE', #2284, .T. ) ;
#2975 = AXIS2_PLACEMENT_3D ( 'NONE', #1815, #791, #4764 ) ;
#2976 = DIRECTION ( 'NONE',  ( -0.7071067811865456854, 0.7071067811865493491, 0.000000000000000000 ) ) ;
#2977 = LINE ( 'NONE', #11716, #7875 ) ;
#2978 = DIRECTION ( 'NONE',  ( -2.556848660736790434E-16, -1.000000000000000000, 0.000000000000000000 ) ) ;
#2979 = CARTESIAN_POINT ( 'NONE',  ( -4.662796538894655285, -30.74161904883374064, -1.000000000000000000 ) ) ;
#2980 = VECTOR ( 'NONE', #10238, 1000.000000000000000 ) ;
#2981 = CARTESIAN_POINT ( 'NONE',  ( 6.200000000000010836, -7.481370849898468123, 3.049999999999999822 ) ) ;
#2982 = CARTESIAN_POINT ( 'NONE',  ( -0.4800000000000017031, -9.561493189429087991, -2.286000000000000032 ) ) ;
#2983 = ORIENTED_EDGE ( 'NONE', *, *, #8851, .F. ) ;
#2984 = AXIS2_PLACEMENT_3D ( 'NONE', #8375, #7415, #11321 ) ;
#2985 = ADVANCED_FACE ( 'NONE', ( #1312 ), #7229, .T. ) ;
#2986 = VECTOR ( 'NONE', #2560, 1000.000000000000000 ) ;
#2987 = EDGE_CURVE ( 'NONE', #6107, #7234, #7359, .T. ) ;
#2988 = CARTESIAN_POINT ( 'NONE',  ( -20.18137084989847452, 6.200000000000000178, -3.049999999999999822 ) ) ;
#2989 = ADVANCED_FACE ( 'NONE', ( #6263 ), #10182, .T. ) ;
#2990 = CARTESIAN_POINT ( 'NONE',  ( 5.341619048833757155, -42.76279653889464782, -2.286000000000000032 ) ) ;
#2991 = ADVANCED_FACE ( 'NONE', ( #2405 ), #10252, .F. ) ;
#2992 = ORIENTED_EDGE ( 'NONE', *, *, #11442, .T. ) ;
#2993 = PLANE ( 'NONE',  #9397 ) ;
#2994 = AXIS2_PLACEMENT_3D ( 'NONE', #6010, #5236, #362 ) ;
#2995 = VERTEX_POINT ( 'NONE', #6388 ) ;
#2996 = DIRECTION ( 'NONE',  ( -1.000000000000000000, 1.365923996832132102E-16, 0.000000000000000000 ) ) ;
#2997 = DIRECTION ( 'NONE',  ( 0.000000000000000000, 0.000000000000000000, 1.000000000000000000 ) ) ;
#2998 = VERTEX_POINT ( 'NONE', #5415 ) ;
#2999 = VECTOR ( 'NONE', #1300, 1000.000000000000000 ) ;
#3000 = ORIENTED_EDGE ( 'NONE', *, *, #319, .T. ) ;
#3001 = VECTOR ( 'NONE', #7668, 1000.000000000000000 ) ;
#3002 = CARTESIAN_POINT ( 'NONE',  ( -25.39999999999999858, 5.199999999999999289, 3.049999999999999822 ) ) ;
#3003 = ORIENTED_EDGE ( 'NONE', *, *, #4919, .F. ) ;
#3004 = AXIS2_PLACEMENT_3D ( 'NONE', #9639, #8802, #8733 ) ;
#3005 = EDGE_CURVE ( 'NONE', #84, #12700, #9336, .T. ) ;
#3006 = CARTESIAN_POINT ( 'NONE',  ( -12.69999999999999929, 0.000000000000000000, 2.286000000000000032 ) ) ;
#3007 = VERTEX_POINT ( 'NONE', #2220 ) ;
#3008 = LINE ( 'NONE', #6930, #5102 ) ;
#3009 = CARTESIAN_POINT ( 'NONE',  ( -12.69999999999999929, 0.000000000000000000, -1.001000000000000112 ) ) ;
#3010 = ORIENTED_EDGE ( 'NONE', *, *, #7722, .T. ) ;
#3011 = CYLINDRICAL_SURFACE ( 'NONE', #8116, 3.174999999999999822 ) ;
#3012 = CARTESIAN_POINT ( 'NONE',  ( -5.068629150101495284, -44.44999999999999574, -3.049999999999999822 ) ) ;
#3013 = CARTESIAN_POINT ( 'NONE',  ( -6.689411254969564347, 6.689411254969543918, 1.000000000000000000 ) ) ;
#3014 = ORIENTED_EDGE ( 'NONE', *, *, #4561, .F. ) ;
#3015 = VECTOR ( 'NONE', #5322, 1000.000000000000000 ) ;
#3016 = DIRECTION ( 'NONE',  ( -1.000000000000000000, 0.000000000000000000, 0.000000000000000000 ) ) ;
#3017 = AXIS2_PLACEMENT_3D ( 'NONE', #5227, #7099, #9994 ) ;
#3018 = ORIENTED_EDGE ( 'NONE', *, *, #10766, .T. ) ;
#3019 = VERTEX_POINT ( 'NONE', #6146 ) ;
#3020 = EDGE_CURVE ( 'NONE', #9257, #3478, #10442, .T. ) ;
#3021 = ORIENTED_EDGE ( 'NONE', *, *, #7286, .F. ) ;
#3022 = DATE_AND_TIME ( #894, #4178 ) ;
#3023 = AXIS2_PLACEMENT_3D ( 'NONE', #2816, #12523, #9496 ) ;
#3024 = VECTOR ( 'NONE', #4136, 1000.000000000000000 ) ;
#3025 = FACE_BOUND ( 'NONE', #10903, .T. ) ;
#3026 = PLANE ( 'NONE',  #6152 ) ;
#3027 = FACE_OUTER_BOUND ( 'NONE', #2431, .T. ) ;
#3028 = EDGE_LOOP ( 'NONE', ( #8219, #185, #4544, #435 ) ) ;
#3029 = CARTESIAN_POINT ( 'NONE',  ( 4.662796538894670384, -18.04161904883374490, -2.286000000000000032 ) ) ;
#3030 = DIRECTION ( 'NONE',  ( -0.000000000000000000, -0.000000000000000000, 1.000000000000000000 ) ) ;
#3031 = VERTEX_POINT ( 'NONE', #3693 ) ;
#3032 = CARTESIAN_POINT ( 'NONE',  ( 5.200000000000000178, 0.000000000000000000, -1.000000000000000000 ) ) ;
#3033 = CARTESIAN_POINT ( 'NONE',  ( -17.91862915010151980, 6.200000000000000178, -3.049999999999999822 ) ) ;
#3034 = ORIENTED_EDGE ( 'NONE', *, *, #9428, .F. ) ;
#3035 = AXIS2_PLACEMENT_3D ( 'NONE', #3884, #11715, #1109 ) ;
#3036 = ORIENTED_EDGE ( 'NONE', *, *, #9987, .T. ) ;
#3037 = CARTESIAN_POINT ( 'NONE',  ( 0.4799999999999988165, -34.92499999999999716, -2.286000000000000032 ) ) ;
#3038 = EDGE_CURVE ( 'NONE', #6853, #7983, #7958, .T. ) ;
#3039 = EDGE_CURVE ( 'NONE', #11942, #11815, #2719, .T. ) ;
#3040 = LINE ( 'NONE', #1046, #5708 ) ;
#3041 = CARTESIAN_POINT ( 'NONE',  ( -6.199999999999999289, -41.90441558772840835, 3.049999999999999822 ) ) ;
#3042 = CARTESIAN_POINT ( 'NONE',  ( 0.4799999999999955413, -47.66149318942908053, -2.286000000000000032 ) ) ;
#3043 = VECTOR ( 'NONE', #8426, 1000.000000000000000 ) ;
#3044 = AXIS2_PLACEMENT_3D ( 'NONE', #10404, #4678, #9491 ) ;
#3045 = CARTESIAN_POINT ( 'NONE',  ( 3.654415587728450543, -31.75000000000000000, -2.286000000000000032 ) ) ;
#3046 = CARTESIAN_POINT ( 'NONE',  ( -5.200000000000004619, -33.29558441227159449, -3.049999999999999822 ) ) ;
#3047 = DIRECTION ( 'NONE',  ( -0.7071067811865479058, 0.7071067811865471286, 0.000000000000000000 ) ) ;
#3048 = ORIENTED_EDGE ( 'NONE', *, *, #6593, .F. ) ;
#3049 = CARTESIAN_POINT ( 'NONE',  ( -25.39999999999999858, -5.199999999999999289, 3.049999999999999822 ) ) ;
#3050 = CARTESIAN_POINT ( 'NONE',  ( 3.174999999999998934, -50.79999999999999716, 1.000000000000000000 ) ) ;
#3051 = ADVANCED_FACE ( 'NONE', ( #2527 ), #11392, .F. ) ;
#3052 = VECTOR ( 'NONE', #8294, 1000.000000000000000 ) ;
#3053 = CARTESIAN_POINT ( 'NONE',  ( -6.350000000000001421, 5.068629150101524594, -3.049999999999999822 ) ) ;
#3054 = VERTEX_POINT ( 'NONE', #6645 ) ;
#3055 = DIRECTION ( 'NONE',  ( 0.7071067811865483499, 0.7071067811865466846, -0.000000000000000000 ) ) ;
#3056 = VECTOR ( 'NONE', #568, 1000.000000000000000 ) ;
#3057 = DIRECTION ( 'NONE',  ( 0.7071067811865471286, 0.7071067811865479058, -0.000000000000000000 ) ) ;
#3058 = DIRECTION ( 'NONE',  ( -1.000000000000000000, -3.414809992080329023E-17, -0.000000000000000000 ) ) ;
#3059 = VERTEX_POINT ( 'NONE', #12353 ) ;
#3060 = DIRECTION ( 'NONE',  ( -0.7071067811865459074, 0.7071067811865491270, 0.000000000000000000 ) ) ;
#3061 = VECTOR ( 'NONE', #12537, 1000.000000000000000 ) ;
#3062 = DIRECTION ( 'NONE',  ( 0.000000000000000000, 0.000000000000000000, 1.000000000000000000 ) ) ;
#3063 = VERTEX_POINT ( 'NONE', #9603 ) ;
#3064 = EDGE_CURVE ( 'NONE', #11302, #9954, #7669, .T. ) ;
#3065 = VECTOR ( 'NONE', #11098, 1000.000000000000000 ) ;
#3067 = ADVANCED_FACE ( 'NONE', ( #7555 ), #5551, .T. ) ;
#3066 = ORIENTED_EDGE ( 'NONE', *, *, #12071, .T. ) ;
#3068 = FACE_OUTER_BOUND ( 'NONE', #7710, .T. ) ;
#3069 = ORIENTED_EDGE ( 'NONE', *, *, #3533, .T. ) ;
#3070 = CYLINDRICAL_SURFACE ( 'NONE', #8972, 3.175000000000000711 ) ;
#3071 = ORIENTED_EDGE ( 'NONE', *, *, #4048, .F. ) ;
#3072 = DIRECTION ( 'NONE',  ( 0.000000000000000000, 0.000000000000000000, 1.000000000000000000 ) ) ;
#3073 = LINE ( 'NONE', #4934, #6098 ) ;
#3074 = ORIENTED_EDGE ( 'NONE', *, *, #4325, .F. ) ;
#3075 = LINE ( 'NONE', #6025, #126 ) ;
#3076 = CARTESIAN_POINT ( 'NONE',  ( -10.14132929647559678, 1.879848193585310190, 2.286000000000000032 ) ) ;
#3077 = FACE_OUTER_BOUND ( 'NONE', #11565, .T. ) ;
#3078 = ORIENTED_EDGE ( 'NONE', *, *, #667, .T. ) ;
#3079 = EDGE_CURVE ( 'NONE', #11032, #708, #5902, .T. ) ;
#3080 = DIRECTION ( 'NONE',  ( -0.7071067811865474617, -0.7071067811865474617, 0.000000000000000000 ) ) ;
#3081 = EDGE_CURVE ( 'NONE', #760, #1964, #11326, .T. ) ;
#3082 = ORIENTED_EDGE ( 'NONE', *, *, #9510, .T. ) ;
#3083 = EDGE_LOOP ( 'NONE', ( #6506, #11701, #5664, #2226 ) ) ;
#3084 = ORIENTED_EDGE ( 'NONE', *, *, #11155, .T. ) ;
#3085 = DIRECTION ( 'NONE',  ( -0.7071067811865491270, 0.7071067811865459074, 0.000000000000000000 ) ) ;
#3086 = DIRECTION ( 'NONE',  ( -0.7071067811865493491, 0.7071067811865455743, 0.000000000000000000 ) ) ;
#3087 = CARTESIAN_POINT ( 'NONE',  ( -5.355700691563798799, -6.034523201502883794, 2.286000000000000032 ) ) ;
#3088 = EDGE_LOOP ( 'NONE', ( #1097, #12531, #578, #6666 ) ) ;
#3089 = DIRECTION ( 'NONE',  ( -1.000000000000000000, 0.000000000000000000, 0.000000000000000000 ) ) ;
#3090 = DIRECTION ( 'NONE',  ( -1.000000000000000000, 0.000000000000000000, -0.000000000000000000 ) ) ;
#3091 = VERTEX_POINT ( 'NONE', #5611 ) ;
#3092 = ADVANCED_FACE ( 'NONE', ( #668 ), #8637, .T. ) ;
#3093 = CARTESIAN_POINT ( 'NONE',  ( 0.000000000000000000, -38.09999999999999432, 2.286000000000000032 ) ) ;
#3094 = APPLICATION_PROTOCOL_DEFINITION ( 'international standard', 'config_control_design', 1994, #5254 ) ;
#3095 = EDGE_LOOP ( 'NONE', ( #12327, #4809, #2700, #11149 ) ) ;
#3096 = ORIENTED_EDGE ( 'NONE', *, *, #9923, .F. ) ;
#3097 = DIRECTION ( 'NONE',  ( 3.756290991288361679E-16, 1.000000000000000000, -0.000000000000000000 ) ) ;
#3098 = DIRECTION ( 'NONE',  ( 0.7071067811865497932, -0.7071067811865453523, 0.000000000000000000 ) ) ;
#3099 = DIRECTION ( 'NONE',  ( -1.000000000000000000, -0.000000000000000000, -0.000000000000000000 ) ) ;
#3100 = CARTESIAN_POINT ( 'NONE',  ( 2.558670703524386525, -48.92015180641466543, 2.286000000000000032 ) ) ;
#3101 = CARTESIAN_POINT ( 'NONE',  ( -6.199999999999990408, -6.699999999999999289, -1.000000000000000000 ) ) ;
#3102 = LINE ( 'NONE', #2912, #1105 ) ;
#3103 = CARTESIAN_POINT ( 'NONE',  ( -8.178822509939086771, -5.199999999999999289, 2.286000000000000032 ) ) ;
#3104 = VERTEX_POINT ( 'NONE', #5681 ) ;
#3105 = EDGE_CURVE ( 'NONE', #6195, #7181, #3554, .T. ) ;
#3106 = DIRECTION ( 'NONE',  ( -1.000000000000000000, 0.000000000000000000, -0.000000000000000000 ) ) ;
#3107 = DIRECTION ( 'NONE',  ( 0.7071067811865464625, 0.7071067811865486830, 0.000000000000000000 ) ) ;
#3108 = LINE ( 'NONE', #6068, #2569 ) ;
#3109 = EDGE_LOOP ( 'NONE', ( #4942, #5288, #10536, #6929 ) ) ;
#3110 = DIRECTION ( 'NONE',  ( -2.556848660736790434E-16, -1.000000000000000000, -0.000000000000000000 ) ) ;
#3111 = DIRECTION ( 'NONE',  ( -0.000000000000000000, -0.000000000000000000, 1.000000000000000000 ) ) ;
#3112 = DIRECTION ( 'NONE',  ( 0.000000000000000000, 0.000000000000000000, -1.000000000000000000 ) ) ;
#3113 = PLANE ( 'NONE',  #5819 ) ;
#3114 = ORIENTED_EDGE ( 'NONE', *, *, #9238, .F. ) ;
#3115 = EDGE_CURVE ( 'NONE', #9071, #12320, #9184, .T. ) ;
#3116 = LINE ( 'NONE', #2342, #5413 ) ;
#3117 = CARTESIAN_POINT ( 'NONE',  ( -4.521177490060923176, 5.199999999999999289, 3.049999999999999822 ) ) ;
#3118 = ORIENTED_EDGE ( 'NONE', *, *, #12695, .F. ) ;
#3119 = ORIENTED_EDGE ( 'NONE', *, *, #8732, .F. ) ;
#3120 = PLANE ( 'NONE',  #8192 ) ;
#3121 = ORIENTED_EDGE ( 'NONE', *, *, #3848, .T. ) ;
#3122 = DIRECTION ( 'NONE',  ( -0.7071067811865465735, -0.7071067811865483499, 0.000000000000000000 ) ) ;
#3123 = ADVANCED_FACE ( 'NONE', ( #4522 ), #2783, .T. ) ;
#3124 = ORIENTED_EDGE ( 'NONE', *, *, #2441, .T. ) ;
#3125 = PLANE ( 'NONE',  #8790 ) ;
#3126 = LINE ( 'NONE', #11930, #1374 ) ;
#3127 = ORIENTED_EDGE ( 'NONE', *, *, #8262, .T. ) ;
#3128 = CARTESIAN_POINT ( 'NONE',  ( 0.000000000000000000, -12.69999999999999929, -2.286000000000000032 ) ) ;
#3129 = CARTESIAN_POINT ( 'NONE',  ( 5.068629150101529923, -44.45000000000000284, -3.049999999999999822 ) ) ;
#3130 = CARTESIAN_POINT ( 'NONE',  ( -12.69999999999999929, 0.000000000000000000, -1.000000000000000000 ) ) ;
#3131 = VERTEX_POINT ( 'NONE', #12426 ) ;
#3132 = CARTESIAN_POINT ( 'NONE',  ( 0.4799999999999982059, -9.561493189429087991, 1.000000000000000000 ) ) ;
#3133 = VERTEX_POINT ( 'NONE', #3625 ) ;
#3134 = EDGE_LOOP ( 'NONE', ( #4637, #1243, #7142, #9865 ) ) ;
#3135 = CIRCLE ( 'NONE', #6829, 2.100000000000000977 ) ;
#3136 = ORIENTED_EDGE ( 'NONE', *, *, #9745, .F. ) ;
#3137 = ADVANCED_FACE ( 'NONE', ( #9663 ), #6714, .F. ) ;
#3138 = EDGE_CURVE ( 'NONE', #4010, #7589, #2664, .T. ) ;
#3139 = EDGE_CURVE ( 'NONE', #11730, #12636, #6118, .T. ) ;
#3140 = DIRECTION ( 'NONE',  ( -1.000000000000000000, 0.000000000000000000, 0.000000000000000000 ) ) ;
#3141 = DIRECTION ( 'NONE',  ( -0.000000000000000000, -0.000000000000000000, 1.000000000000000000 ) ) ;
#3142 = EDGE_CURVE ( 'NONE', #2995, #821, #735, .T. ) ;
#3143 = ORIENTED_EDGE ( 'NONE', *, *, #2714, .T. ) ;
#3144 = AXIS2_PLACEMENT_3D ( 'NONE', #2666, #7487, #12428 ) ;
#3145 = LINE ( 'NONE', #10986, #10382 ) ;
#3146 = CARTESIAN_POINT ( 'NONE',  ( 5.341619048833753602, -17.36279653889465635, 2.286000000000000032 ) ) ;
#3147 = VECTOR ( 'NONE', #12111, 1000.000000000000000 ) ;
#3148 = VERTEX_POINT ( 'NONE', #4909 ) ;
#3149 = DIRECTION ( 'NONE',  ( -0.000000000000000000, -0.000000000000000000, 1.000000000000000000 ) ) ;
#3150 = ORIENTED_EDGE ( 'NONE', *, *, #9462, .T. ) ;
#3151 = ORIENTED_EDGE ( 'NONE', *, *, #1517, .F. ) ;
#3152 = FACE_OUTER_BOUND ( 'NONE', #4677, .T. ) ;
#3153 = VECTOR ( 'NONE', #11963, 1000.000000000000000 ) ;
#3154 = VECTOR ( 'NONE', #6820, 1000.000000000000000 ) ;
#3155 = EDGE_CURVE ( 'NONE', #8329, #10401, #6521, .T. ) ;
#3156 = DIRECTION ( 'NONE',  ( 0.000000000000000000, 0.000000000000000000, 1.000000000000000000 ) ) ;
#3157 = CARTESIAN_POINT ( 'NONE',  ( 1.905652775297736135, -2.584475285236843778, -2.286000000000000032 ) ) ;
#3158 = DIRECTION ( 'NONE',  ( -0.7071067811865479058, 0.7071067811865472397, 0.000000000000000000 ) ) ;
#3159 = DIRECTION ( 'NONE',  ( -1.000000000000000000, 0.000000000000000000, 0.000000000000000000 ) ) ;
#3160 = CARTESIAN_POINT ( 'NONE',  ( -2.558670703524407841, 1.879848193585299532, 1.000000000000000000 ) ) ;
#3161 = DIRECTION ( 'NONE',  ( -0.7071067811865495711, 0.7071067811865455743, 0.000000000000000000 ) ) ;
#3162 = EDGE_LOOP ( 'NONE', ( #5517, #7576, #6062, #2932 ) ) ;
#3163 = CARTESIAN_POINT ( 'NONE',  ( -4.662796538894667719, -45.45838095116622668, -2.286000000000000032 ) ) ;
#3164 = AXIS2_PLACEMENT_3D ( 'NONE', #7379, #6664, #7434 ) ;
#3165 = LINE ( 'NONE', #1115, #2968 ) ;
#3166 = DIRECTION ( 'NONE',  ( 0.000000000000000000, 0.000000000000000000, -1.000000000000000000 ) ) ;
#3167 = EDGE_LOOP ( 'NONE', ( #8495, #10540, #3596, #9689 ) ) ;
#3168 = AXIS2_PLACEMENT_3D ( 'NONE', #8958, #3294, #5223 ) ;
#3169 = DIRECTION ( 'NONE',  ( -0.000000000000000000, -0.000000000000000000, 1.000000000000000000 ) ) ;
#3170 = CARTESIAN_POINT ( 'NONE',  ( 3.654415587728450543, -31.75000000000000000, 3.049999999999999822 ) ) ;
#3171 = CARTESIAN_POINT ( 'NONE',  ( -6.199999999999976197, -29.20441558772841617, -3.049999999999999822 ) ) ;
#3172 = DIRECTION ( 'NONE',  ( 0.000000000000000000, 0.000000000000000000, -1.000000000000000000 ) ) ;
#3173 = FACE_OUTER_BOUND ( 'NONE', #7707, .T. ) ;
#3174 = ORIENTED_EDGE ( 'NONE', *, *, #5580, .F. ) ;
#3175 = LINE ( 'NONE', #9156, #95 ) ;
#3176 = PLANE ( 'NONE',  #9973 ) ;
#3177 = ORIENTED_EDGE ( 'NONE', *, *, #6516, .F. ) ;
#3178 = VECTOR ( 'NONE', #1096, 1000.000000000000114 ) ;
#3179 = VERTEX_POINT ( 'NONE', #855 ) ;
#3180 = VECTOR ( 'NONE', #2322, 1000.000000000000000 ) ;
#3181 = CARTESIAN_POINT ( 'NONE',  ( -2.100000000000000089, -38.09999999999999432, -2.286000000000000032 ) ) ;
#3182 = ORIENTED_EDGE ( 'NONE', *, *, #643, .F. ) ;
#3183 = EDGE_CURVE ( 'NONE', #232, #11333, #11773, .T. ) ;
#3184 = EDGE_CURVE ( 'NONE', #10200, #8862, #7802, .T. ) ;
#3185 = PLANE ( 'NONE',  #1171 ) ;
#3186 = ORIENTED_EDGE ( 'NONE', *, *, #1207, .T. ) ;
#3187 = DIRECTION ( 'NONE',  ( 0.000000000000000000, 1.000000000000000000, -0.000000000000000000 ) ) ;
#3188 = PLANE ( 'NONE',  #8061 ) ;
#3189 = EDGE_LOOP ( 'NONE', ( #1346, #4831, #8040, #1732 ) ) ;
#3190 = VECTOR ( 'NONE', #2187, 1000.000000000000000 ) ;
#3191 = DIRECTION ( 'NONE',  ( -0.000000000000000000, -0.000000000000000000, 1.000000000000000000 ) ) ;
#3192 = DIRECTION ( 'NONE',  ( 0.000000000000000000, 0.000000000000000000, -1.000000000000000000 ) ) ;
#3193 = DIRECTION ( 'NONE',  ( 0.7071067811865459074, -0.7071067811865491270, 0.000000000000000000 ) ) ;
#3194 = ORIENTED_EDGE ( 'NONE', *, *, #6048, .F. ) ;
#3195 = CARTESIAN_POINT ( 'NONE',  ( 5.200000000000000178, -20.87882250993907363, -2.286000000000000920 ) ) ;
#3196 = VECTOR ( 'NONE', #12163, 1000.000000000000000 ) ;
#3197 = VECTOR ( 'NONE', #2499, 1000.000000000000000 ) ;
#3198 = ORIENTED_EDGE ( 'NONE', *, *, #4594, .F. ) ;
#3199 = EDGE_CURVE ( 'NONE', #6368, #5126, #3438, .T. ) ;
#3200 = VERTEX_POINT ( 'NONE', #7991 ) ;
#3201 = VECTOR ( 'NONE', #8510, 1000.000000000000000 ) ;
#3202 = ORIENTED_EDGE ( 'NONE', *, *, #2365, .F. ) ;
#3203 = AXIS2_PLACEMENT_3D ( 'NONE', #7786, #10733, #5980 ) ;
#3204 = PLANE ( 'NONE',  #10449 ) ;
#3205 = CARTESIAN_POINT ( 'NONE',  ( -12.36058874503049765, 12.36058874503044080, -1.000000000000000000 ) ) ;
#3206 = VECTOR ( 'NONE', #5068, 1000.000000000000000 ) ;
#3207 = VERTEX_POINT ( 'NONE', #1947 ) ;
#3208 = CARTESIAN_POINT ( 'NONE',  ( -1.879848193585297311, -27.95867070352441175, 2.286000000000000032 ) ) ;
#3209 = LINE ( 'NONE', #326, #1314 ) ;
#3210 = AXIS2_PLACEMENT_3D ( 'NONE', #8587, #8518, #5499 ) ;
#3211 = ORIENTED_EDGE ( 'NONE', *, *, #637, .T. ) ;
#3212 = DIRECTION ( 'NONE',  ( -0.000000000000000000, -0.000000000000000000, 1.000000000000000000 ) ) ;
#3213 = ORIENTED_EDGE ( 'NONE', *, *, #4157, .F. ) ;
#3214 = ADVANCED_FACE ( 'NONE', ( #5801 ), #5869, .T. ) ;
#3215 = VECTOR ( 'NONE', #8663, 1000.000000000000000 ) ;
#3216 = EDGE_CURVE ( 'NONE', #12207, #3091, #8575, .T. ) ;
#3217 = EDGE_LOOP ( 'NONE', ( #1061, #11470, #2898, #6871 ) ) ;
#3218 = AXIS2_PLACEMENT_3D ( 'NONE', #556, #12308, #5367 ) ;
#3219 = LINE ( 'NONE', #7149, #6141 ) ;
#3220 = EDGE_CURVE ( 'NONE', #12214, #6091, #8887, .T. ) ;
#3221 = AXIS2_PLACEMENT_3D ( 'NONE', #11279, #10317, #369 ) ;
#3222 = LINE ( 'NONE', #7150, #1396 ) ;
#3223 = CARTESIAN_POINT ( 'NONE',  ( -19.04999999999999716, 3.654415587728427450, 3.049999999999999822 ) ) ;
#3224 = DIRECTION ( 'NONE',  ( -1.000000000000000000, 0.000000000000000000, -0.000000000000000000 ) ) ;
#3225 = ORIENTED_EDGE ( 'NONE', *, *, #2643, .T. ) ;
#3226 = CARTESIAN_POINT ( 'NONE',  ( -3.174999999999999822, -0.4799999999999999822, 2.286000000000000032 ) ) ;
#3227 = LINE ( 'NONE', #10049, #11562 ) ;
#3228 = CARTESIAN_POINT ( 'NONE',  ( 0.4799999999999990941, -3.174999999999998934, 2.286000000000000032 ) ) ;
#3229 = ORIENTED_EDGE ( 'NONE', *, *, #9213, .T. ) ;
#3230 = AXIS2_PLACEMENT_3D ( 'NONE', #10954, #2151, #10706 ) ;
#3231 = DIRECTION ( 'NONE',  ( 0.7071067811865462405, -0.7071067811865489050, 0.000000000000000000 ) ) ;
#3232 = FACE_OUTER_BOUND ( 'NONE', #6175, .T. ) ;
#3233 = EDGE_CURVE ( 'NONE', #99, #1816, #1049, .T. ) ;
#3234 = DIRECTION ( 'NONE',  ( -0.000000000000000000, -0.000000000000000000, 1.000000000000000000 ) ) ;
#3235 = ORIENTED_EDGE ( 'NONE', *, *, #2194, .F. ) ;
#3236 = VECTOR ( 'NONE', #8690, 1000.000000000000000 ) ;
#3237 = VECTOR ( 'NONE', #5354, 1000.000000000000000 ) ;
#3238 = CARTESIAN_POINT ( 'NONE',  ( -2.558670703524396295, -39.97984819358530473, 2.286000000000000032 ) ) ;
#3239 = DIRECTION ( 'NONE',  ( -0.7071067811865451302, 0.7071067811865500152, 0.000000000000000000 ) ) ;
#3240 = CARTESIAN_POINT ( 'NONE',  ( -19.04999999999999716, -3.654415587728427450, -2.286000000000000032 ) ) ;
#3241 = DIRECTION ( 'NONE',  ( 0.7071067811865465735, 0.7071067811865484609, -0.000000000000000000 ) ) ;
#3242 = PLANE ( 'NONE',  #8071 ) ;
#3243 = ORIENTED_EDGE ( 'NONE', *, *, #12616, .F. ) ;
#3244 = DIRECTION ( 'NONE',  ( 0.000000000000000000, 0.000000000000000000, -1.000000000000000000 ) ) ;
#3245 = PLANE ( 'NONE',  #8118 ) ;
#3246 = ORIENTED_EDGE ( 'NONE', *, *, #8851, .T. ) ;
#3247 = CIRCLE ( 'NONE', #1206, 3.174999999999999822 ) ;
#3248 = ADVANCED_FACE ( 'NONE', ( #10752 ), #4001, .F. ) ;
#3249 = VECTOR ( 'NONE', #1878, 1000.000000000000000 ) ;
#3250 = VERTEX_POINT ( 'NONE', #11654 ) ;
#3251 = CARTESIAN_POINT ( 'NONE',  ( -3.654415587728437220, -44.44999999999998863, -1.000000000000000000 ) ) ;
#3252 = VERTEX_POINT ( 'NONE', #10885 ) ;
#3253 = AXIS2_PLACEMENT_3D ( 'NONE', #9555, #759, #9296 ) ;
#3254 = CARTESIAN_POINT ( 'NONE',  ( -0.3394112549695599279, -0.3394112549695583181, -1.000000000000000000 ) ) ;
#3255 = AXIS2_PLACEMENT_3D ( 'NONE', #1060, #7943, #4976 ) ;
#3256 = ORIENTED_EDGE ( 'NONE', *, *, #8172, .F. ) ;
#3257 = CARTESIAN_POINT ( 'NONE',  ( -6.699999999999990408, -6.199999999999999289, -3.049999999999999822 ) ) ;
#3258 = CIRCLE ( 'NONE', #1007, 3.174999999999998934 ) ;
#3259 = DIRECTION ( 'NONE',  ( -0.000000000000000000, -0.000000000000000000, 1.000000000000000000 ) ) ;
#3260 = VERTEX_POINT ( 'NONE', #5938 ) ;
#3261 = LINE ( 'NONE', #6453, #4223 ) ;
#3262 = LINE ( 'NONE', #11043, #2954 ) ;
#3263 = LINE ( 'NONE', #2106, #5798 ) ;
#3264 = AXIS2_PLACEMENT_3D ( 'NONE', #6796, #2809, #10713 ) ;
#3265 = VERTEX_POINT ( 'NONE', #9722 ) ;
#3266 = EDGE_CURVE ( 'NONE', #52, #9501, #4771, .T. ) ;
#3267 = DIRECTION ( 'NONE',  ( -1.000000000000000000, 0.000000000000000000, 0.000000000000000000 ) ) ;
#3268 = EDGE_CURVE ( 'NONE', #8095, #6495, #10821, .T. ) ;
#3269 = VERTEX_POINT ( 'NONE', #8952 ) ;
#3270 = EDGE_LOOP ( 'NONE', ( #2488, #1356, #5370, #8167 ) ) ;
#3271 = ORIENTED_EDGE ( 'NONE', *, *, #5657, .T. ) ;
#3272 = ORIENTED_EDGE ( 'NONE', *, *, #1288, .T. ) ;
#3273 = DIRECTION ( 'NONE',  ( -0.7071067811865491270, 0.7071067811865459074, 0.000000000000000000 ) ) ;
#3274 = LINE ( 'NONE', #10087, #8346 ) ;
#3275 = ORIENTED_EDGE ( 'NONE', *, *, #1493, .F. ) ;
#3276 = EDGE_CURVE ( 'NONE', #5380, #12600, #986, .T. ) ;
#3277 = CARTESIAN_POINT ( 'NONE',  ( -3.654415587728408799, -19.05000000000000071, 1.000000000000000000 ) ) ;
#3278 = DIRECTION ( 'NONE',  ( 0.7071067811865484609, -0.7071067811865465735, 0.000000000000000000 ) ) ;
#3279 = ORIENTED_EDGE ( 'NONE', *, *, #2064, .F. ) ;
#3280 = EDGE_CURVE ( 'NONE', #1855, #6937, #1882, .T. ) ;
#3281 = CARTESIAN_POINT ( 'NONE',  ( -15.25867070352440003, 1.879848193585309080, 1.000000000000000000 ) ) ;
#3282 = VERTEX_POINT ( 'NONE', #11905 ) ;
#3283 = EDGE_LOOP ( 'NONE', ( #6825, #7526 ) ) ;
#3284 = DIRECTION ( 'NONE',  ( 1.000000000000000000, 0.000000000000000000, 0.000000000000000000 ) ) ;
#3285 = LINE ( 'NONE', #6184, #5722 ) ;
#3286 = LINE ( 'NONE', #10099, #6085 ) ;
#3287 = ORIENTED_EDGE ( 'NONE', *, *, #7783, .F. ) ;
#3288 = ADVANCED_FACE ( 'NONE', ( #2854 ), #7022, .F. ) ;
#3289 = CYLINDRICAL_SURFACE ( 'NONE', #12416, 3.174999999999998934 ) ;
#3290 = DIRECTION ( 'NONE',  ( 0.7071067811865466846, -0.7071067811865483499, 0.000000000000000000 ) ) ;
#3291 = CARTESIAN_POINT ( 'NONE',  ( 2.558670703524385193, -48.92015180641466543, -2.286000000000000032 ) ) ;
#3292 = ORIENTED_EDGE ( 'NONE', *, *, #4499, .F. ) ;
#3293 = PLANE ( 'NONE',  #9977 ) ;
#3294 = DIRECTION ( 'NONE',  ( -0.000000000000000000, -0.000000000000000000, -1.000000000000000000 ) ) ;
#3295 = CARTESIAN_POINT ( 'NONE',  ( 1.879848193585305971, -10.14132929647559678, -2.286000000000000032 ) ) ;
#3296 = CARTESIAN_POINT ( 'NONE',  ( 0.000000000000000000, 0.000000000000000000, 1.000000000000000000 ) ) ;
#3297 = PLANE ( 'NONE',  #2627 ) ;
#3298 = LINE ( 'NONE', #2467, #3400 ) ;
#3299 = EDGE_CURVE ( 'NONE', #8980, #8004, #2137, .T. ) ;
#3300 = EDGE_CURVE ( 'NONE', #4751, #3600, #10692, .T. ) ;
#3301 = LINE ( 'NONE', #537, #6319 ) ;
#3302 = CARTESIAN_POINT ( 'NONE',  ( -6.199999999999974420, -32.88137084989846670, -3.049999999999999822 ) ) ;
#3303 = EDGE_CURVE ( 'NONE', #2995, #11366, #11005, .T. ) ;
#3304 = ORIENTED_EDGE ( 'NONE', *, *, #1970, .T. ) ;
#3305 = EDGE_CURVE ( 'NONE', #5667, #4165, #10048, .T. ) ;
#3306 = DIRECTION ( 'NONE',  ( 1.000000000000000000, 0.000000000000000000, 0.000000000000000000 ) ) ;
#3307 = LINE ( 'NONE', #6268, #1963 ) ;
#3308 = EDGE_LOOP ( 'NONE', ( #3922, #7069, #374, #6921 ) ) ;
#3309 = ORIENTED_EDGE ( 'NONE', *, *, #3848, .F. ) ;
#3310 = EDGE_LOOP ( 'NONE', ( #9506, #6598, #258, #11498 ) ) ;
#3311 = CARTESIAN_POINT ( 'NONE',  ( -2.584475285236814912, -48.89434722470223704, -2.286000000000000032 ) ) ;
#3312 = CARTESIAN_POINT ( 'NONE',  ( -5.199999999999999289, -20.59558441227159875, -2.286000000000000032 ) ) ;
#3313 = EDGE_CURVE ( 'NONE', #9498, #7333, #11130, .T. ) ;
#3314 = ORIENTED_EDGE ( 'NONE', *, *, #9134, .T. ) ;
#3315 = LINE ( 'NONE', #2352, #12283 ) ;
#3316 = CARTESIAN_POINT ( 'NONE',  ( -25.39999999999999858, 0.000000000000000000, -1.000000000000000000 ) ) ;
#3317 = ORIENTED_EDGE ( 'NONE', *, *, #4607, .F. ) ;
#3318 = CARTESIAN_POINT ( 'NONE',  ( 6.200000000000025047, -17.91862915010150914, -3.049999999999999822 ) ) ;
#3319 = DIRECTION ( 'NONE',  ( -0.000000000000000000, -0.000000000000000000, -1.000000000000000000 ) ) ;
#3320 = CARTESIAN_POINT ( 'NONE',  ( 11.35220779386423295, -11.35220779386417256, 1.000000000000000000 ) ) ;
#3321 = ORIENTED_EDGE ( 'NONE', *, *, #2683, .F. ) ;
#3322 = DIRECTION ( 'NONE',  ( -1.000000000000000000, 0.000000000000000000, 0.000000000000000000 ) ) ;
#3323 = VERTEX_POINT ( 'NONE', #2390 ) ;
#3324 = ORIENTED_EDGE ( 'NONE', *, *, #1753, .T. ) ;
#3325 = VERTEX_POINT ( 'NONE', #2203 ) ;
#3326 = ORIENTED_EDGE ( 'NONE', *, *, #11937, .F. ) ;
#3327 = EDGE_CURVE ( 'NONE', #7044, #8752, #9205, .T. ) ;
#3328 = DIRECTION ( 'NONE',  ( 0.7071067811865497932, 0.7071067811865453523, 0.000000000000000000 ) ) ;
#3329 = FACE_OUTER_BOUND ( 'NONE', #1275, .T. ) ;
#3330 = ORIENTED_EDGE ( 'NONE', *, *, #12653, .T. ) ;
#3331 = CARTESIAN_POINT ( 'NONE',  ( -20.18137084989847452, -6.200000000000000178, 3.049999999999999822 ) ) ;
#3332 = CARTESIAN_POINT ( 'NONE',  ( -3.138506810570912187, 0.4799999999999999822, -2.286000000000000032 ) ) ;
#3333 = ORIENTED_EDGE ( 'NONE', *, *, #8094, .F. ) ;
#3334 = CYLINDRICAL_SURFACE ( 'NONE', #3619, 3.174999999999998934 ) ;
#3335 = ORIENTED_EDGE ( 'NONE', *, *, #7009, .F. ) ;
#3336 = AXIS2_PLACEMENT_3D ( 'NONE', #8610, #9761, #953 ) ;
#3337 = ORIENTED_EDGE ( 'NONE', *, *, #9825, .F. ) ;
#3338 = EDGE_LOOP ( 'NONE', ( #6356, #8409, #1119, #1766, #11284, #8048, #7015, #1351, #7510, #11806, #332, #9048, #7952, #4423, #9362, #9063, #5321, #5009, #11102, #11499, #3378, #1671, #11853, #1524, #7572, #4986, #1248, #7265, #4168, #12569, #6069, #11226, #255, #10775, #7386, #11064, #1397, #2063, #7881 ) ) ;
#3339 = ADVANCED_FACE ( 'NONE', ( #7216 ), #3289, .T. ) ;
#3340 = VECTOR ( 'NONE', #4460, 1000.000000000000000 ) ;
#3341 = EDGE_CURVE ( 'NONE', #9767, #4230, #5156, .T. ) ;
#3342 = DIRECTION ( 'NONE',  ( -0.7071067811865500152, -0.7071067811865451302, 0.000000000000000000 ) ) ;
#3343 = AXIS2_PLACEMENT_3D ( 'NONE', #4459, #9409, #10566 ) ;
#3344 = CARTESIAN_POINT ( 'NONE',  ( 0.000000000000000000, -50.79999999999999716, 1.000000000000000000 ) ) ;
#3345 = CARTESIAN_POINT ( 'NONE',  ( 3.174999999999998934, -50.79999999999999716, -2.286000000000000032 ) ) ;
#3346 = VERTEX_POINT ( 'NONE', #11258 ) ;
#3347 = LINE ( 'NONE', #7087, #7702 ) ;
#3348 = DIRECTION ( 'NONE',  ( 1.000000000000000000, -1.365923996832132102E-16, 0.000000000000000000 ) ) ;
#3349 = CARTESIAN_POINT ( 'NONE',  ( 3.654415587728422565, -44.45000000000000995, 3.049999999999999822 ) ) ;
#3350 = EDGE_LOOP ( 'NONE', ( #1613, #3434, #1520, #11677, #870, #8650, #2992, #5648 ) ) ;
#3351 = CARTESIAN_POINT ( 'NONE',  ( -0.3394112549695583181, -0.3394112549695599279, -1.000000000000000000 ) ) ;
#3352 = CARTESIAN_POINT ( 'NONE',  ( 4.662796538894666831, -20.05838095116623521, 2.286000000000000032 ) ) ;
#3353 = VECTOR ( 'NONE', #10490, 1000.000000000000000 ) ;
#3354 = VECTOR ( 'NONE', #12541, 1000.000000000000000 ) ;
#3355 = LINE ( 'NONE', #10363, #12424 ) ;
#3356 = EDGE_CURVE ( 'NONE', #1791, #11614, #6187, .T. ) ;
#3357 = CARTESIAN_POINT ( 'NONE',  ( -5.068629150101502390, -19.05000000000000426, -3.049999999999999822 ) ) ;
#3358 = LINE ( 'NONE', #1377, #2828 ) ;
#3359 = LINE ( 'NONE', #10251, #4842 ) ;
#3360 = VECTOR ( 'NONE', #8781, 1000.000000000000000 ) ;
#3361 = CARTESIAN_POINT ( 'NONE',  ( 2.100000000000000089, -25.39999999999999858, -2.286000000000000032 ) ) ;
#3362 = CARTESIAN_POINT ( 'NONE',  ( -1.879848193585310412, -10.14132929647559855, 2.286000000000000032 ) ) ;
#3363 = CARTESIAN_POINT ( 'NONE',  ( 0.000000000000000000, -38.09999999999999432, 1.000000000000000000 ) ) ;
#3364 = VECTOR ( 'NONE', #11895, 1000.000000000000000 ) ;
#3365 = ORIENTED_EDGE ( 'NONE', *, *, #1974, .F. ) ;
#3366 = DIRECTION ( 'NONE',  ( -0.000000000000000000, -0.000000000000000000, 1.000000000000000000 ) ) ;
#3367 = FACE_OUTER_BOUND ( 'NONE', #7436, .T. ) ;
#3368 = ORIENTED_EDGE ( 'NONE', *, *, #6860, .T. ) ;
#3369 = ORIENTED_EDGE ( 'NONE', *, *, #3813, .F. ) ;
#3370 = EDGE_CURVE ( 'NONE', #8669, #6850, #271, .T. ) ;
#3371 = AXIS2_PLACEMENT_3D ( 'NONE', #10945, #11966, #2083 ) ;
#3372 = ADVANCED_FACE ( 'NONE', ( #12151 ), #5096, .T. ) ;
#3373 = VERTEX_POINT ( 'NONE', #8179 ) ;
#3374 = EDGE_CURVE ( 'NONE', #3501, #2325, #9129, .T. ) ;
#3375 = EDGE_CURVE ( 'NONE', #12278, #4401, #6248, .T. ) ;
#3376 = CARTESIAN_POINT ( 'NONE',  ( 0.000000000000000000, -12.69999999999999929, 1.000000000000000000 ) ) ;
#3377 = FACE_OUTER_BOUND ( 'NONE', #4551, .T. ) ;
#3378 = ORIENTED_EDGE ( 'NONE', *, *, #7848, .F. ) ;
#3379 = DIRECTION ( 'NONE',  ( -0.7071067811865465735, -0.7071067811865485719, 0.000000000000000000 ) ) ;
#3380 = VERTEX_POINT ( 'NONE', #10101 ) ;
#3381 = VECTOR ( 'NONE', #8436, 1000.000000000000000 ) ;
#3382 = CARTESIAN_POINT ( 'NONE',  ( 5.200000000000000178, 0.000000000000000000, 1.000000000000000000 ) ) ;
#3383 = CARTESIAN_POINT ( 'NONE',  ( 2.558670703524387857, -27.27984819358532320, -1.000000000000000000 ) ) ;
#3384 = ORIENTED_EDGE ( 'NONE', *, *, #6420, .T. ) ;
#3385 = VECTOR ( 'NONE', #7807, 1000.000000000000114 ) ;
#3386 = DIRECTION ( 'NONE',  ( -1.000000000000000000, 0.000000000000000000, 0.000000000000000000 ) ) ;
#3387 = VECTOR ( 'NONE', #3679, 1000.000000000000000 ) ;
#3388 = ORIENTED_EDGE ( 'NONE', *, *, #2410, .F. ) ;
#3389 = VERTEX_POINT ( 'NONE', #1296 ) ;
#3390 = EDGE_CURVE ( 'NONE', #8711, #629, #4320, .T. ) ;
#3391 = ORIENTED_EDGE ( 'NONE', *, *, #6370, .F. ) ;
#3392 = EDGE_LOOP ( 'NONE', ( #3118, #8297, #11727, #1004, #5655, #11492 ) ) ;
#3393 = VECTOR ( 'NONE', #7168, 1000.000000000000000 ) ;
#3394 = AXIS2_PLACEMENT_3D ( 'NONE', #3128, #1270, #7246 ) ;
#3395 = DIRECTION ( 'NONE',  ( -0.000000000000000000, -0.000000000000000000, 1.000000000000000000 ) ) ;
#3396 = PLANE ( 'NONE',  #1576 ) ;
#3397 = EDGE_LOOP ( 'NONE', ( #7042, #12143, #9852, #7835, #1133, #2878 ) ) ;
#3398 = LINE ( 'NONE', #7518, #9140 ) ;
#3399 = CARTESIAN_POINT ( 'NONE',  ( 0.000000000000000000, -38.09999999999999432, -2.286000000000000032 ) ) ;
#3400 = VECTOR ( 'NONE', #5484, 1000.000000000000000 ) ;
#3401 = EDGE_LOOP ( 'NONE', ( #4396, #4095, #8343, #10230 ) ) ;
#3402 = AXIS2_PLACEMENT_3D ( 'NONE', #3953, #10517, #11483 ) ;
#3403 = CARTESIAN_POINT ( 'NONE',  ( 0.4799999999999995937, -41.23850681057090384, 2.286000000000000032 ) ) ;
#3404 = ORIENTED_EDGE ( 'NONE', *, *, #7783, .T. ) ;
#3405 = ADVANCED_FACE ( 'NONE', ( #4124 ), #341, .T. ) ;
#3406 = VECTOR ( 'NONE', #10755, 1000.000000000000000 ) ;
#3407 = ORIENTED_EDGE ( 'NONE', *, *, #4325, .T. ) ;
#3408 = ORIENTED_EDGE ( 'NONE', *, *, #9182, .T. ) ;
#3409 = CIRCLE ( 'NONE', #9361, 3.175000000000000711 ) ;
#3410 = CIRCLE ( 'NONE', #11619, 6.199999999999988631 ) ;
#3411 = DIRECTION ( 'NONE',  ( 0.000000000000000000, 0.000000000000000000, -1.000000000000000000 ) ) ;
#3412 = VECTOR ( 'NONE', #11084, 1000.000000000000000 ) ;
#3413 = CARTESIAN_POINT ( 'NONE',  ( 5.200000000000003730, -42.90441558772843678, 3.049999999999999822 ) ) ;
#3414 = CARTESIAN_POINT ( 'NONE',  ( 2.584475285236819797, -1.905652775297756341, -2.286000000000000032 ) ) ;
#3415 = ORIENTED_EDGE ( 'NONE', *, *, #6357, .F. ) ;
#3416 = CARTESIAN_POINT ( 'NONE',  ( 0.000000000000000000, 0.000000000000000000, -1.000000000000000000 ) ) ;
#3417 = PLANE ( 'NONE',  #3567 ) ;
#3418 = DIRECTION ( 'NONE',  ( -0.000000000000000000, -0.000000000000000000, -1.000000000000000000 ) ) ;
#3419 = ORIENTED_EDGE ( 'NONE', *, *, #8580, .T. ) ;
#3420 = CARTESIAN_POINT ( 'NONE',  ( -4.662796538894666831, -18.04161904883374135, -1.000000000000000000 ) ) ;
#3421 = LINE ( 'NONE', #2396, #6258 ) ;
#3422 = AXIS2_PLACEMENT_3D ( 'NONE', #6559, #3585, #11426 ) ;
#3423 = VECTOR ( 'NONE', #6748, 999.9999999999998863 ) ;
#3424 = EDGE_CURVE ( 'NONE', #5044, #10094, #6679, .T. ) ;
#3425 = EDGE_CURVE ( 'NONE', #9281, #10745, #3347, .T. ) ;
#3426 = CARTESIAN_POINT ( 'NONE',  ( -5.068629150101498837, -31.74999999999999289, -3.049999999999999822 ) ) ;
#3427 = FACE_OUTER_BOUND ( 'NONE', #10620, .T. ) ;
#3428 = AXIS2_PLACEMENT_3D ( 'NONE', #197, #5917, #4948 ) ;
#3429 = PLANE ( 'NONE',  #4896 ) ;
#3430 = CARTESIAN_POINT ( 'NONE',  ( -4.662796538894670384, -20.05838095116623521, 2.286000000000000032 ) ) ;
#3431 = CARTESIAN_POINT ( 'NONE',  ( -3.654415587728408799, -31.74999999999999289, 3.049999999999999822 ) ) ;
#3432 = CARTESIAN_POINT ( 'NONE',  ( -20.18137084989847452, 6.200000000000000178, -3.049999999999999822 ) ) ;
#3433 = LINE ( 'NONE', #11209, #10330 ) ;
#3434 = ORIENTED_EDGE ( 'NONE', *, *, #9717, .F. ) ;
#3435 = EDGE_CURVE ( 'NONE', #10918, #6041, #1431, .T. ) ;
#3436 = CARTESIAN_POINT ( 'NONE',  ( -20.18137084989847096, 6.199999999999999289, 3.049999999999999822 ) ) ;
#3437 = CARTESIAN_POINT ( 'NONE',  ( 0.3394112549695256775, 0.3394112549695272874, 1.000000000000000000 ) ) ;
#3438 = CIRCLE ( 'NONE', #2618, 5.200000000000000178 ) ;
#3439 = ORIENTED_EDGE ( 'NONE', *, *, #602, .T. ) ;
#3440 = AXIS2_PLACEMENT_3D ( 'NONE', #4895, #9848, #8821 ) ;
#3441 = VERTEX_POINT ( 'NONE', #8298 ) ;
#3442 = CARTESIAN_POINT ( 'NONE',  ( -2.558670703524385193, -27.27984819358533031, -2.286000000000000032 ) ) ;
#3443 = CARTESIAN_POINT ( 'NONE',  ( -25.39999999999999858, -6.199999999999999289, 3.049999999999999822 ) ) ;
#3444 = ORIENTED_EDGE ( 'NONE', *, *, #10288, .F. ) ;
#3445 = CARTESIAN_POINT ( 'NONE',  ( -5.341619048833761596, 4.662796538894666831, 2.286000000000000032 ) ) ;
#3446 = AXIS2_PLACEMENT_3D ( 'NONE', #5212, #3156, #3284 ) ;
#3447 = ORIENTED_EDGE ( 'NONE', *, *, #7211, .F. ) ;
#3448 = VECTOR ( 'NONE', #5994, 1000.000000000000000 ) ;
#3449 = EDGE_CURVE ( 'NONE', #3200, #3776, #12215, .T. ) ;
#3450 = DIRECTION ( 'NONE',  ( -0.7071067811865474617, -0.7071067811865474617, -0.000000000000000000 ) ) ;
#3451 = CARTESIAN_POINT ( 'NONE',  ( -2.100000000000000089, -38.09999999999999432, -1.001000000000000112 ) ) ;
#3452 = ADVANCED_FACE ( 'NONE', ( #4568 ), #8561, .F. ) ;
#3453 = VERTEX_POINT ( 'NONE', #5598 ) ;
#3454 = EDGE_CURVE ( 'NONE', #10905, #9954, #12342, .T. ) ;
#3455 = LINE ( 'NONE', #10396, #6100 ) ;
#3456 = ORIENTED_EDGE ( 'NONE', *, *, #11538, .T. ) ;
#3457 = ORIENTED_EDGE ( 'NONE', *, *, #9908, .F. ) ;
#3458 = LINE ( 'NONE', #7509, #9011 ) ;
#3459 = ORIENTED_EDGE ( 'NONE', *, *, #10842, .F. ) ;
#3460 = VECTOR ( 'NONE', #5058, 1000.000000000000114 ) ;
#3461 = CIRCLE ( 'NONE', #5927, 3.174999999999998934 ) ;
#3462 = VERTEX_POINT ( 'NONE', #11315 ) ;
#3463 = VECTOR ( 'NONE', #8532, 1000.000000000000000 ) ;
#3464 = CARTESIAN_POINT ( 'NONE',  ( -3.138506810570912187, 0.4799999999999999822, 2.286000000000000032 ) ) ;
#3465 = DIRECTION ( 'NONE',  ( 0.7071067811865477948, 0.7071067811865473507, 0.000000000000000000 ) ) ;
#3466 = VERTEX_POINT ( 'NONE', #594 ) ;
#3467 = EDGE_CURVE ( 'NONE', #2321, #10431, #2160, .T. ) ;
#3468 = EDGE_CURVE ( 'NONE', #11736, #8849, #2651, .T. ) ;
#3469 = CARTESIAN_POINT ( 'NONE',  ( -5.200000000000006395, -50.79999999999999716, -2.286000000000000032 ) ) ;
#3470 = DIRECTION ( 'NONE',  ( 0.7071067811865483499, 0.7071067811865466846, 0.000000000000000000 ) ) ;
#3471 = EDGE_CURVE ( 'NONE', #2491, #2480, #4443, .T. ) ;
#3472 = ORIENTED_EDGE ( 'NONE', *, *, #10220, .F. ) ;
#3473 = EDGE_CURVE ( 'NONE', #2081, #1434, #11508, .T. ) ;
#3474 = CARTESIAN_POINT ( 'NONE',  ( 0.000000000000000000, 0.000000000000000000, 2.286000000000000032 ) ) ;
#3475 = VECTOR ( 'NONE', #6295, 1000.000000000000000 ) ;
#3476 = EDGE_LOOP ( 'NONE', ( #2639, #11603 ) ) ;
#3477 = ORIENTED_EDGE ( 'NONE', *, *, #806, .F. ) ;
#3478 = VERTEX_POINT ( 'NONE', #10295 ) ;
#3479 = ORIENTED_EDGE ( 'NONE', *, *, #6266, .T. ) ;
#3480 = FACE_OUTER_BOUND ( 'NONE', #3217, .T. ) ;
#3481 = CYLINDRICAL_SURFACE ( 'NONE', #2850, 2.100000000000000089 ) ;
#3482 = CARTESIAN_POINT ( 'NONE',  ( 3.654415587728436332, -6.349999999999996092, -3.049999999999999822 ) ) ;
#3483 = ORIENTED_EDGE ( 'NONE', *, *, #10639, .T. ) ;
#3484 = EDGE_CURVE ( 'NONE', #675, #10229, #7655, .T. ) ;
#3485 = DIRECTION ( 'NONE',  ( 0.7071067811865479058, -0.7071067811865472397, 0.000000000000000000 ) ) ;
#3486 = DIRECTION ( 'NONE',  ( -0.000000000000000000, -0.000000000000000000, 1.000000000000000000 ) ) ;
#3487 = DIRECTION ( 'NONE',  ( 0.000000000000000000, 0.000000000000000000, 1.000000000000000000 ) ) ;
#3488 = ORIENTED_EDGE ( 'NONE', *, *, #7865, .F. ) ;
#3489 = CARTESIAN_POINT ( 'NONE',  ( -3.138506810570912187, -0.4799999999999999822, 1.000000000000000000 ) ) ;
#3490 = DIRECTION ( 'NONE',  ( 1.000000000000000000, 0.000000000000000000, 0.000000000000000000 ) ) ;
#3491 = CARTESIAN_POINT ( 'NONE',  ( 0.000000000000000000, -25.39999999999999858, -1.000000000000000000 ) ) ;
#3492 = CARTESIAN_POINT ( 'NONE',  ( -10.79434722470225516, -2.584475285236832232, -2.286000000000000032 ) ) ;
#3493 = DIRECTION ( 'NONE',  ( -0.7071067811865491270, -0.7071067811865459074, 0.000000000000000000 ) ) ;
#3494 = DIRECTION ( 'NONE',  ( 5.463695987328531367E-16, 1.000000000000000000, -0.000000000000000000 ) ) ;
#3495 = EDGE_CURVE ( 'NONE', #1009, #5899, #8365, .T. ) ;
#3496 = DIRECTION ( 'NONE',  ( -0.7071067811865453523, 0.7071067811865497932, 0.000000000000000000 ) ) ;
#3497 = CARTESIAN_POINT ( 'NONE',  ( 0.000000000000000000, -38.09999999999999432, -2.286000000000000032 ) ) ;
#3498 = CARTESIAN_POINT ( 'NONE',  ( -0.4800000000000003708, 6.556435184794239613E-17, 1.000000000000000000 ) ) ;
#3499 = ORIENTED_EDGE ( 'NONE', *, *, #2452, .T. ) ;
#3500 = DIRECTION ( 'NONE',  ( -0.000000000000000000, -0.000000000000000000, 1.000000000000000000 ) ) ;
#3501 = VERTEX_POINT ( 'NONE', #10355 ) ;
#3502 = EDGE_LOOP ( 'NONE', ( #5376, #10593, #10538, #12570 ) ) ;
#3503 = DIRECTION ( 'NONE',  ( -0.000000000000000000, 0.000000000000000000, 1.000000000000000000 ) ) ;
#3504 = CARTESIAN_POINT ( 'NONE',  ( 5.200000000000000178, -42.62117749006088729, 3.049999999999999822 ) ) ;
#3505 = ADVANCED_FACE ( 'NONE', ( #7603 ), #6377, .F. ) ;
#3506 = ORIENTED_EDGE ( 'NONE', *, *, #9473, .T. ) ;
#3507 = LINE ( 'NONE', #5369, #5720 ) ;
#3508 = EDGE_LOOP ( 'NONE', ( #6951, #9671, #5180, #2255, #11848 ) ) ;
#3509 = FACE_OUTER_BOUND ( 'NONE', #12627, .T. ) ;
#3510 = DIRECTION ( 'NONE',  ( -0.7071067811865479058, 0.7071067811865471286, 0.000000000000000000 ) ) ;
#3511 = ORIENTED_EDGE ( 'NONE', *, *, #7270, .F. ) ;
#3512 = DIRECTION ( 'NONE',  ( -0.000000000000000000, -0.000000000000000000, 1.000000000000000000 ) ) ;
#3513 = VERTEX_POINT ( 'NONE', #783 ) ;
#3514 = ORIENTED_EDGE ( 'NONE', *, *, #4465, .T. ) ;
#3515 = DIRECTION ( 'NONE',  ( 0.000000000000000000, -1.000000000000000000, 0.000000000000000000 ) ) ;
#3516 = ORIENTED_EDGE ( 'NONE', *, *, #11870, .T. ) ;
#3517 = EDGE_CURVE ( 'NONE', #3586, #7915, #9393, .T. ) ;
#3518 = ADVANCED_FACE ( 'NONE', ( #3540 ), #1484, .F. ) ;
#3519 = EDGE_LOOP ( 'NONE', ( #8671, #2536, #43, #8472, #10236, #2823 ) ) ;
#3520 = LINE ( 'NONE', #2493, #6228 ) ;
#3521 = CARTESIAN_POINT ( 'NONE',  ( -1.879848193585312632, -2.558670703524398515, 2.286000000000000032 ) ) ;
#3522 = ORIENTED_EDGE ( 'NONE', *, *, #12533, .F. ) ;
#3523 = DIRECTION ( 'NONE',  ( -0.000000000000000000, -0.000000000000000000, 1.000000000000000000 ) ) ;
#3524 = DIRECTION ( 'NONE',  ( -1.000000000000000000, -2.891205793294682961E-15, 0.000000000000000000 ) ) ;
#3525 = VERTEX_POINT ( 'NONE', #8625 ) ;
#3526 = CARTESIAN_POINT ( 'NONE',  ( -4.662796538894677489, -32.75838095116624515, 2.286000000000000032 ) ) ;
#3527 = EDGE_LOOP ( 'NONE', ( #10894, #5766, #5989, #2258, #8716, #9540, #9245, #11169, #7433, #10714 ) ) ;
#3528 = ORIENTED_EDGE ( 'NONE', *, *, #12003, .F. ) ;
#3529 = ORIENTED_EDGE ( 'NONE', *, *, #8922, .F. ) ;
#3530 = EDGE_CURVE ( 'NONE', #4133, #5082, #11374, .T. ) ;
#3531 = EDGE_CURVE ( 'NONE', #6195, #1416, #7495, .T. ) ;
#3532 = ORIENTED_EDGE ( 'NONE', *, *, #957, .F. ) ;
#3533 = EDGE_CURVE ( 'NONE', #4027, #5973, #720, .T. ) ;
#3534 = ADVANCED_FACE ( 'NONE', ( #5539 ), #9457, .T. ) ;
#3535 = CYLINDRICAL_SURFACE ( 'NONE', #11967, 3.174999999999998934 ) ;
#3536 = CARTESIAN_POINT ( 'NONE',  ( -2.584475285236814912, -48.89434722470223704, 2.286000000000000032 ) ) ;
#3537 = DIRECTION ( 'NONE',  ( -0.000000000000000000, -0.000000000000000000, 1.000000000000000000 ) ) ;
#3538 = CARTESIAN_POINT ( 'NONE',  ( -3.138506810570912187, -0.4799999999999999822, 2.286000000000000032 ) ) ;
#3539 = ORIENTED_EDGE ( 'NONE', *, *, #2441, .F. ) ;
#3540 = FACE_OUTER_BOUND ( 'NONE', #10457, .T. ) ;
#3541 = DIRECTION ( 'NONE',  ( -1.000000000000000000, 0.000000000000000000, 0.000000000000000000 ) ) ;
#3542 = DIRECTION ( 'NONE',  ( -0.7071067811865497932, 0.7071067811865452413, 0.000000000000000000 ) ) ;
#3543 = VECTOR ( 'NONE', #10474, 1000.000000000000000 ) ;
#3544 = ORIENTED_EDGE ( 'NONE', *, *, #6343, .F. ) ;
#3545 = LINE ( 'NONE', #6701, #6324 ) ;
#3546 = CARTESIAN_POINT ( 'NONE',  ( -5.199999999999995737, -6.821177490060920334, 3.049999999999999822 ) ) ;
#3547 = DIRECTION ( 'NONE',  ( 0.000000000000000000, 0.000000000000000000, -1.000000000000000000 ) ) ;
#3548 = ADVANCED_FACE ( 'NONE', ( #4635 ), #12540, .T. ) ;
#3549 = CIRCLE ( 'NONE', #11553, 3.174999999999998934 ) ;
#3550 = VECTOR ( 'NONE', #9152, 1000.000000000000000 ) ;
#3551 = LINE ( 'NONE', #11387, #11039 ) ;
#3552 = DIRECTION ( 'NONE',  ( -1.000000000000000000, 0.000000000000000000, 0.000000000000000000 ) ) ;
#3553 = CARTESIAN_POINT ( 'NONE',  ( 3.654415587728422565, -44.45000000000000995, 3.049999999999999822 ) ) ;
#3554 = LINE ( 'NONE', #3747, #8369 ) ;
#3555 = LINE ( 'NONE', #3626, #9718 ) ;
#3556 = DIRECTION ( 'NONE',  ( -1.000000000000000000, 0.000000000000000000, 0.000000000000000000 ) ) ;
#3557 = EDGE_LOOP ( 'NONE', ( #6132, #9945, #6178, #10147 ) ) ;
#3558 = CARTESIAN_POINT ( 'NONE',  ( -12.36058874503052252, -12.36058874503043725, -1.000000000000000000 ) ) ;
#3559 = VECTOR ( 'NONE', #1984, 1000.000000000000000 ) ;
#3560 = DIRECTION ( 'NONE',  ( 0.000000000000000000, 0.000000000000000000, -1.000000000000000000 ) ) ;
#3561 = VECTOR ( 'NONE', #12612, 1000.000000000000000 ) ;
#3562 = ORIENTED_EDGE ( 'NONE', *, *, #2332, .F. ) ;
#3563 = EDGE_CURVE ( 'NONE', #9022, #5562, #6762, .T. ) ;
#3564 = ORIENTED_EDGE ( 'NONE', *, *, #8293, .T. ) ;
#3565 = AXIS2_PLACEMENT_3D ( 'NONE', #1649, #818, #2092 ) ;
#3566 = CARTESIAN_POINT ( 'NONE',  ( -2.558670703524396739, -10.82015180641468532, 2.286000000000000032 ) ) ;
#3567 = AXIS2_PLACEMENT_3D ( 'NONE', #7345, #3348, #8112 ) ;
#3568 = CARTESIAN_POINT ( 'NONE',  ( 3.174999999999999822, 0.000000000000000000, -2.286000000000000032 ) ) ;
#3569 = ORIENTED_EDGE ( 'NONE', *, *, #7851, .F. ) ;
#3570 = CARTESIAN_POINT ( 'NONE',  ( -5.068629150101502390, -19.05000000000000426, 3.049999999999999822 ) ) ;
#3571 = ORIENTED_EDGE ( 'NONE', *, *, #5418, .F. ) ;
#3572 = DIRECTION ( 'NONE',  ( -0.7071067811865437980, 0.7071067811865513475, 0.000000000000000000 ) ) ;
#3573 = DIRECTION ( 'NONE',  ( 0.7071067811865493491, -0.7071067811865455743, 0.000000000000000000 ) ) ;
#3574 = ORIENTED_EDGE ( 'NONE', *, *, #12302, .F. ) ;
#3576 = PLANE ( 'NONE',  #4241 ) ;
#3575 = VECTOR ( 'NONE', #11275, 1000.000000000000114 ) ;
#3577 = ADVANCED_FACE ( 'NONE', ( #7723 ), #2065, .F. ) ;
#3578 = ORIENTED_EDGE ( 'NONE', *, *, #11476, .T. ) ;
#3579 = EDGE_CURVE ( 'NONE', #4752, #4828, #3795, .T. ) ;
#3580 = LINE ( 'NONE', #8848, #6757 ) ;
#3581 = ORIENTED_EDGE ( 'NONE', *, *, #4767, .T. ) ;
#3582 = ORIENTED_EDGE ( 'NONE', *, *, #9909, .F. ) ;
#3583 = LINE ( 'NONE', #9684, #5087 ) ;
#3584 = DIRECTION ( 'NONE',  ( 0.000000000000000000, 0.000000000000000000, -1.000000000000000000 ) ) ;
#3585 = DIRECTION ( 'NONE',  ( -1.000000000000000000, 0.000000000000000000, 0.000000000000000000 ) ) ;
#3586 = VERTEX_POINT ( 'NONE', #10803 ) ;
#3587 = VECTOR ( 'NONE', #9858, 1000.000000000000000 ) ;
#3588 = PLANE ( 'NONE',  #1958 ) ;
#3589 = FACE_OUTER_BOUND ( 'NONE', #12529, .T. ) ;
#3590 = VERTEX_POINT ( 'NONE', #4891 ) ;
#3591 = FACE_OUTER_BOUND ( 'NONE', #10452, .T. ) ;
#3592 = EDGE_CURVE ( 'NONE', #4603, #5368, #10, .T. ) ;
#3593 = ORIENTED_EDGE ( 'NONE', *, *, #12589, .T. ) ;
#3594 = ORIENTED_EDGE ( 'NONE', *, *, #12420, .T. ) ;
#3595 = LOCAL_TIME ( 14, 16, 36.00000000000000000, #11626 ) ;
#3596 = ORIENTED_EDGE ( 'NONE', *, *, #8140, .F. ) ;
#3597 = ORIENTED_EDGE ( 'NONE', *, *, #5015, .T. ) ;
#3598 = VECTOR ( 'NONE', #11015, 1000.000000000000114 ) ;
#3599 = VECTOR ( 'NONE', #12328, 1000.000000000000000 ) ;
#3600 = VERTEX_POINT ( 'NONE', #8818 ) ;
#3601 = CARTESIAN_POINT ( 'NONE',  ( -4.860588745030456792, -7.160588745030458391, 2.286000000000000032 ) ) ;
#3602 = CARTESIAN_POINT ( 'NONE',  ( -6.199999999999970868, -43.31862915010152904, 3.049999999999999822 ) ) ;
#3603 = FACE_OUTER_BOUND ( 'NONE', #9704, .T. ) ;
#3604 = DIRECTION ( 'NONE',  ( 0.7071067811865465735, 0.7071067811865483499, 0.000000000000000000 ) ) ;
#3605 = VECTOR ( 'NONE', #5889, 1000.000000000000000 ) ;
#3606 = ORIENTED_EDGE ( 'NONE', *, *, #1489, .F. ) ;
#3607 = CARTESIAN_POINT ( 'NONE',  ( 0.000000000000000000, 0.000000000000000000, -1.001000000000000112 ) ) ;
#3608 = DIRECTION ( 'NONE',  ( 0.000000000000000000, 0.000000000000000000, 1.000000000000000000 ) ) ;
#3609 = DIRECTION ( 'NONE',  ( 1.000000000000000000, 0.000000000000000000, 0.000000000000000000 ) ) ;
#3610 = ORIENTED_EDGE ( 'NONE', *, *, #6710, .F. ) ;
#3611 = DIRECTION ( 'NONE',  ( -0.000000000000000000, -0.000000000000000000, -1.000000000000000000 ) ) ;
#3612 = VECTOR ( 'NONE', #11778, 1000.000000000000114 ) ;
#3613 = EDGE_CURVE ( 'NONE', #7646, #11514, #970, .T. ) ;
#3614 = CARTESIAN_POINT ( 'NONE',  ( -12.36058874503052252, -12.36058874503043725, 1.000000000000000000 ) ) ;
#3615 = VERTEX_POINT ( 'NONE', #10618 ) ;
#3616 = EDGE_CURVE ( 'NONE', #7950, #7812, #3986, .T. ) ;
#3617 = EDGE_CURVE ( 'NONE', #1454, #11938, #11638, .T. ) ;
#3618 = VECTOR ( 'NONE', #7551, 1000.000000000000000 ) ;
#3619 = AXIS2_PLACEMENT_3D ( 'NONE', #1230, #3149, #5083 ) ;
#3620 = CARTESIAN_POINT ( 'NONE',  ( -4.662796538894667719, -45.45838095116622668, 2.286000000000000032 ) ) ;
#3621 = VECTOR ( 'NONE', #9076, 1000.000000000000114 ) ;
#3622 = CARTESIAN_POINT ( 'NONE',  ( 0.000000000000000000, -38.09999999999999432, -2.286000000000000032 ) ) ;
#3623 = DIRECTION ( 'NONE',  ( 0.000000000000000000, 0.000000000000000000, 1.000000000000000000 ) ) ;
#3624 = DIRECTION ( 'NONE',  ( 0.7071067811865455743, 0.7071067811865495711, 0.000000000000000000 ) ) ;
#3625 = CARTESIAN_POINT ( 'NONE',  ( -5.200000000000001066, -29.92117749006092353, -2.286000000000000920 ) ) ;
#3626 = CARTESIAN_POINT ( 'NONE',  ( 5.200000000000000178, -33.29558441227155896, 3.049999999999999822 ) ) ;
#3627 = VECTOR ( 'NONE', #7327, 1000.000000000000000 ) ;
#3628 = LINE ( 'NONE', #5358, #10736 ) ;
#3629 = VECTOR ( 'NONE', #12316, 1000.000000000000000 ) ;
#3630 = LINE ( 'NONE', #6591, #9768 ) ;
#3631 = EDGE_CURVE ( 'NONE', #2456, #1794, #7093, .T. ) ;
#3632 = EDGE_CURVE ( 'NONE', #10902, #281, #9706, .T. ) ;
#3633 = LINE ( 'NONE', #8511, #4604 ) ;
#3634 = VECTOR ( 'NONE', #12562, 1000.000000000000000 ) ;
#3635 = EDGE_LOOP ( 'NONE', ( #1001, #1866, #9369, #5333 ) ) ;
#3636 = VECTOR ( 'NONE', #9562, 1000.000000000000000 ) ;
#3637 = EDGE_LOOP ( 'NONE', ( #12435, #5136, #662, #5603 ) ) ;
#3638 = CIRCLE ( 'NONE', #8569, 2.100000000000000089 ) ;
#3639 = DIRECTION ( 'NONE',  ( 0.000000000000000000, 0.000000000000000000, 1.000000000000000000 ) ) ;
#3640 = LINE ( 'NONE', #2479, #1376 ) ;
#3641 = EDGE_LOOP ( 'NONE', ( #569, #8146, #11893, #2000 ) ) ;
#3642 = LINE ( 'NONE', #8521, #993 ) ;
#3643 = ORIENTED_EDGE ( 'NONE', *, *, #9090, .F. ) ;
#3644 = ADVANCED_FACE ( 'NONE', ( #5921 ), #2896, .T. ) ;
#3645 = DIRECTION ( 'NONE',  ( 1.000000000000000000, 0.000000000000000000, 0.000000000000000000 ) ) ;
#3646 = FACE_OUTER_BOUND ( 'NONE', #6209, .T. ) ;
#3647 = ORIENTED_EDGE ( 'NONE', *, *, #7863, .T. ) ;
#3648 = VECTOR ( 'NONE', #11089, 1000.000000000000000 ) ;
#3649 = VERTEX_POINT ( 'NONE', #5983 ) ;
#3650 = DIRECTION ( 'NONE',  ( 1.000000000000000000, 0.000000000000000000, 0.000000000000000000 ) ) ;
#3651 = ORIENTED_EDGE ( 'NONE', *, *, #3530, .F. ) ;
#3652 = ORIENTED_EDGE ( 'NONE', *, *, #5842, .F. ) ;
#3653 = DIRECTION ( 'NONE',  ( -0.000000000000000000, -0.000000000000000000, 1.000000000000000000 ) ) ;
#3654 = AXIS2_PLACEMENT_3D ( 'NONE', #2134, #1359, #6122 ) ;
#3655 = VECTOR ( 'NONE', #7513, 1000.000000000000000 ) ;
#3656 = LINE ( 'NONE', #2879, #890 ) ;
#3657 = DIRECTION ( 'NONE',  ( 0.7071067811865459074, -0.7071067811865491270, 0.000000000000000000 ) ) ;
#3658 = ADVANCED_FACE ( 'NONE', ( #11757 ), #1808, .F. ) ;
#3659 = ORIENTED_EDGE ( 'NONE', *, *, #11091, .F. ) ;
#3660 = EDGE_CURVE ( 'NONE', #9485, #4401, #843, .T. ) ;
#3661 = FACE_OUTER_BOUND ( 'NONE', #1991, .T. ) ;
#3662 = CARTESIAN_POINT ( 'NONE',  ( -25.39999999999999858, 0.000000000000000000, -1.000000000000000000 ) ) ;
#3663 = ORIENTED_EDGE ( 'NONE', *, *, #11789, .F. ) ;
#3664 = PLANE ( 'NONE',  #132 ) ;
#3665 = ORIENTED_EDGE ( 'NONE', *, *, #10608, .T. ) ;
#3666 = AXIS2_PLACEMENT_3D ( 'NONE', #371, #11103, #5245 ) ;
#3667 = ORIENTED_EDGE ( 'NONE', *, *, #2223, .F. ) ;
#3668 = AXIS2_PLACEMENT_3D ( 'NONE', #337, #403, #2201 ) ;
#3669 = ORIENTED_EDGE ( 'NONE', *, *, #8072, .T. ) ;
#3670 = ORIENTED_EDGE ( 'NONE', *, *, #4984, .T. ) ;
#3671 = VERTEX_POINT ( 'NONE', #1090 ) ;
#3672 = CARTESIAN_POINT ( 'NONE',  ( 5.200000000000000178, -4.521177490060923176, -1.000000000000000000 ) ) ;
#3673 = EDGE_CURVE ( 'NONE', #1855, #8036, #11827, .T. ) ;
#3674 = CARTESIAN_POINT ( 'NONE',  ( -12.69999999999999929, 0.000000000000000000, -2.286000000000000032 ) ) ;
#3675 = LINE ( 'NONE', #11505, #12285 ) ;
#3676 = CARTESIAN_POINT ( 'NONE',  ( 0.4799999999999982059, -9.561493189429087991, 2.286000000000000032 ) ) ;
#3677 = EDGE_CURVE ( 'NONE', #10796, #1463, #10677, .T. ) ;
#3678 = VERTEX_POINT ( 'NONE', #4821 ) ;
#3679 = DIRECTION ( 'NONE',  ( -7.912989585623242219E-16, 1.000000000000000000, -0.000000000000000000 ) ) ;
#3680 = CIRCLE ( 'NONE', #7789, 3.174999999999999822 ) ;
#3681 = DIRECTION ( 'NONE',  ( 0.7071067811865471286, 0.7071067811865479058, -0.000000000000000000 ) ) ;
#3682 = ORIENTED_EDGE ( 'NONE', *, *, #3313, .T. ) ;
#3683 = DIRECTION ( 'NONE',  ( -0.7071067811865502373, 0.7071067811865449082, 0.000000000000000000 ) ) ;
#3684 = CYLINDRICAL_SURFACE ( 'NONE', #11399, 3.174999999999999822 ) ;
#3685 = PLANE ( 'NONE',  #1539 ) ;
#3686 = EDGE_LOOP ( 'NONE', ( #10093, #11675, #3581, #261 ) ) ;
#3687 = CIRCLE ( 'NONE', #12507, 3.175000000000000711 ) ;
#3688 = CARTESIAN_POINT ( 'NONE',  ( 0.000000000000000000, -50.79999999999999716, -2.286000000000000032 ) ) ;
#3689 = ADVANCED_FACE ( 'NONE', ( #8744 ), #3868, .T. ) ;
#3690 = CARTESIAN_POINT ( 'NONE',  ( -18.04161904883375200, 4.662796538894677489, 2.286000000000000032 ) ) ;
#3691 = DIRECTION ( 'NONE',  ( 0.000000000000000000, -0.000000000000000000, -1.000000000000000000 ) ) ;
#3692 = CARTESIAN_POINT ( 'NONE',  ( -6.689411254969543030, -6.689411254969545695, -1.000000000000000000 ) ) ;
#3693 = CARTESIAN_POINT ( 'NONE',  ( 1.879848193585294425, -48.24132929647558399, -1.000000000000000000 ) ) ;
#3694 = DIRECTION ( 'NONE',  ( 0.7071067811865465735, 0.7071067811865484609, -0.000000000000000000 ) ) ;
#3695 = LINE ( 'NONE', #2913, #6640 ) ;
#3696 = DIRECTION ( 'NONE',  ( -0.000000000000000000, -0.000000000000000000, 1.000000000000000000 ) ) ;
#3697 = DIRECTION ( 'NONE',  ( 0.000000000000000000, 0.000000000000000000, 1.000000000000000000 ) ) ;
#3698 = DIRECTION ( 'NONE',  ( -0.000000000000000000, -0.000000000000000000, -1.000000000000000000 ) ) ;
#3699 = ORIENTED_EDGE ( 'NONE', *, *, #4755, .F. ) ;
#3700 = EDGE_CURVE ( 'NONE', #1199, #586, #5850, .T. ) ;
#3701 = EDGE_CURVE ( 'NONE', #2967, #9992, #1160, .T. ) ;
#3702 = LINE ( 'NONE', #10642, #9166 ) ;
#3703 = EDGE_CURVE ( 'NONE', #6853, #10152, #446, .T. ) ;
#3704 = PLANE ( 'NONE',  #10408 ) ;
#3705 = ADVANCED_FACE ( 'NONE', ( #12081 ), #2121, .T. ) ;
#3706 = VERTEX_POINT ( 'NONE', #11894 ) ;
#3707 = CYLINDRICAL_SURFACE ( 'NONE', #8176, 2.100000000000000089 ) ;
#3708 = ORIENTED_EDGE ( 'NONE', *, *, #2684, .T. ) ;
#3709 = CARTESIAN_POINT ( 'NONE',  ( 3.654415587728422565, -44.45000000000000995, 3.049999999999999822 ) ) ;
#3710 = CARTESIAN_POINT ( 'NONE',  ( -22.81552471476315347, 1.905652775297736579, 2.286000000000000032 ) ) ;
#3711 = ORIENTED_EDGE ( 'NONE', *, *, #989, .T. ) ;
#3712 = VERTEX_POINT ( 'NONE', #8163 ) ;
#3713 = CARTESIAN_POINT ( 'NONE',  ( -6.821177490060915005, -5.199999999999999289, 3.049999999999999822 ) ) ;
#3714 = EDGE_LOOP ( 'NONE', ( #4559, #1843, #11180, #6139 ) ) ;
#3715 = EDGE_CURVE ( 'NONE', #8087, #7343, #6042, .T. ) ;
#3716 = CARTESIAN_POINT ( 'NONE',  ( 12.36058874503048166, -12.36058874503057226, -1.000000000000000000 ) ) ;
#3717 = DIRECTION ( 'NONE',  ( -0.000000000000000000, -0.000000000000000000, 1.000000000000000000 ) ) ;
#3718 = CARTESIAN_POINT ( 'NONE',  ( -0.4800000000000003153, -41.27499999999999147, 2.286000000000000032 ) ) ;
#3719 = EDGE_LOOP ( 'NONE', ( #12640, #4929, #3544, #10285 ) ) ;
#3720 = CARTESIAN_POINT ( 'NONE',  ( -3.174999999999999822, 0.4799999999999999822, 2.286000000000000032 ) ) ;
#3721 = LINE ( 'NONE', #11742, #2725 ) ;
#3722 = ORIENTED_EDGE ( 'NONE', *, *, #5035, .T. ) ;
#3723 = DIRECTION ( 'NONE',  ( -0.000000000000000000, -0.000000000000000000, -1.000000000000000000 ) ) ;
#3724 = ORIENTED_EDGE ( 'NONE', *, *, #2862, .F. ) ;
#3725 = ORIENTED_EDGE ( 'NONE', *, *, #1957, .F. ) ;
#3726 = ORIENTED_EDGE ( 'NONE', *, *, #4812, .F. ) ;
#3727 = ADVANCED_FACE ( 'NONE', ( #8224 ), #325, .T. ) ;
#3728 = VERTEX_POINT ( 'NONE', #3277 ) ;
#3729 = PLANE ( 'NONE',  #7664 ) ;
#3730 = DESIGN_CONTEXT ( 'detailed design', #9613, 'design' ) ;
#3731 = DIRECTION ( 'NONE',  ( -1.000000000000000000, 0.000000000000000000, 0.000000000000000000 ) ) ;
#3732 = CARTESIAN_POINT ( 'NONE',  ( -5.200000000000006395, -50.79999999999999716, -2.286000000000000032 ) ) ;
#3733 = VERTEX_POINT ( 'NONE', #12139 ) ;
#3734 = CARTESIAN_POINT ( 'NONE',  ( 5.200000000000000178, 6.368163355566235395E-16, -3.049999999999999822 ) ) ;
#3735 = FACE_OUTER_BOUND ( 'NONE', #4263, .T. ) ;
#3736 = VERTEX_POINT ( 'NONE', #5331 ) ;
#3737 = LINE ( 'NONE', #1628, #8988 ) ;
#3738 = DIRECTION ( 'NONE',  ( 0.000000000000000000, 1.000000000000000000, 0.000000000000000000 ) ) ;
#3739 = DIRECTION ( 'NONE',  ( 0.000000000000000000, 0.000000000000000000, 1.000000000000000000 ) ) ;
#3740 = VERTEX_POINT ( 'NONE', #10089 ) ;
#3741 = PLANE ( 'NONE',  #9830 ) ;
#3742 = EDGE_CURVE ( 'NONE', #12697, #6462, #9962, .T. ) ;
#3743 = ADVANCED_FACE ( 'NONE', ( #256 ), #4363, .T. ) ;
#3744 = CARTESIAN_POINT ( 'NONE',  ( -25.39999999999999858, 5.199999999999999289, 3.049999999999999822 ) ) ;
#3745 = CARTESIAN_POINT ( 'NONE',  ( -19.04999999999999716, 3.654415587728427450, -3.049999999999999822 ) ) ;
#3746 = FACE_OUTER_BOUND ( 'NONE', #8825, .T. ) ;
#3747 = CARTESIAN_POINT ( 'NONE',  ( 2.558670703524385637, -27.27984819358532675, 2.286000000000000032 ) ) ;
#3748 = LINE ( 'NONE', #12354, #1292 ) ;
#3749 = DIRECTION ( 'NONE',  ( 0.7071067811865491270, 0.7071067811865459074, 0.000000000000000000 ) ) ;
#3750 = FACE_OUTER_BOUND ( 'NONE', #7837, .T. ) ;
#3751 = LINE ( 'NONE', #4008, #8917 ) ;
#3752 = ADVANCED_FACE ( 'NONE', ( #2253 ), #9061, .F. ) ;
#3753 = AXIS2_PLACEMENT_3D ( 'NONE', #188, #5969, #11880 ) ;
#3754 = CARTESIAN_POINT ( 'NONE',  ( -6.010588745030453595, -6.010588745030460700, 1.000000000000000000 ) ) ;
#3755 = ORIENTED_EDGE ( 'NONE', *, *, #1426, .F. ) ;
#3756 = FACE_OUTER_BOUND ( 'NONE', #5307, .T. ) ;
#3757 = LINE ( 'NONE', #10704, #5279 ) ;
#3758 = VECTOR ( 'NONE', #2529, 1000.000000000000000 ) ;
#3759 = ORIENTED_EDGE ( 'NONE', *, *, #4329, .T. ) ;
#3760 = CARTESIAN_POINT ( 'NONE',  ( 2.558670703524399848, -36.22015180641469101, 2.286000000000000032 ) ) ;
#3761 = VECTOR ( 'NONE', #11918, 1000.000000000000000 ) ;
#3762 = EDGE_LOOP ( 'NONE', ( #3951, #2091, #10854, #12590, #10191, #10785, #12112, #2054 ) ) ;
#3763 = DIRECTION ( 'NONE',  ( -0.7071067811865491270, -0.7071067811865459074, 0.000000000000000000 ) ) ;
#3764 = PLANE ( 'NONE',  #1548 ) ;
#3765 = ORIENTED_EDGE ( 'NONE', *, *, #5737, .T. ) ;
#3766 = EDGE_CURVE ( 'NONE', #4235, #6361, #10928, .T. ) ;
#3767 = EDGE_CURVE ( 'NONE', #2890, #4606, #3145, .T. ) ;
#3768 = EDGE_CURVE ( 'NONE', #4926, #6456, #11119, .T. ) ;
#3770 = EDGE_CURVE ( 'NONE', #5071, #9739, #3809, .T. ) ;
#3769 = ORIENTED_EDGE ( 'NONE', *, *, #3784, .F. ) ;
#3771 = AXIS2_PLACEMENT_3D ( 'NONE', #9691, #9886, #9760 ) ;
#3772 = DIRECTION ( 'NONE',  ( 1.000000000000000000, 0.000000000000000000, 0.000000000000000000 ) ) ;
#3773 = ORIENTED_EDGE ( 'NONE', *, *, #1223, .F. ) ;
#3774 = AXIS2_PLACEMENT_3D ( 'NONE', #9859, #152, #9794 ) ;
#3775 = LINE ( 'NONE', #1786, #10841 ) ;
#3776 = VERTEX_POINT ( 'NONE', #3331 ) ;
#3777 = DIRECTION ( 'NONE',  ( 1.000000000000000000, 0.000000000000000000, 0.000000000000000000 ) ) ;
#3778 = CARTESIAN_POINT ( 'NONE',  ( 5.200000000000000178, 0.000000000000000000, 1.000000000000000000 ) ) ;
#3779 = ORIENTED_EDGE ( 'NONE', *, *, #12226, .F. ) ;
#3780 = VECTOR ( 'NONE', #170, 1000.000000000000000 ) ;
#3781 = DIRECTION ( 'NONE',  ( 0.000000000000000000, 0.000000000000000000, -1.000000000000000000 ) ) ;
#3782 = CARTESIAN_POINT ( 'NONE',  ( -5.200000000000006395, -50.79999999999999716, -2.286000000000000032 ) ) ;
#3783 = ORIENTED_EDGE ( 'NONE', *, *, #9264, .T. ) ;
#3784 = EDGE_CURVE ( 'NONE', #12305, #10255, #2169, .T. ) ;
#3785 = LINE ( 'NONE', #1079, #7522 ) ;
#3786 = VERTEX_POINT ( 'NONE', #3208 ) ;
#3787 = VERTEX_POINT ( 'NONE', #4243 ) ;
#3788 = ORIENTED_EDGE ( 'NONE', *, *, #8893, .F. ) ;
#3789 = VECTOR ( 'NONE', #4206, 1000.000000000000000 ) ;
#3790 = ORIENTED_EDGE ( 'NONE', *, *, #6256, .T. ) ;
#3791 = DIRECTION ( 'NONE',  ( -0.7071067811865493491, -0.7071067811865456854, 0.000000000000000000 ) ) ;
#3792 = FACE_OUTER_BOUND ( 'NONE', #3502, .T. ) ;
#3793 = CARTESIAN_POINT ( 'NONE',  ( -0.4800000000000038125, -47.66149318942908764, -2.286000000000000032 ) ) ;
#3794 = VERTEX_POINT ( 'NONE', #1414 ) ;
#3795 = LINE ( 'NONE', #9650, #11797 ) ;
#3796 = CARTESIAN_POINT ( 'NONE',  ( -21.59558441227157033, 6.200000000000001066, -3.049999999999999822 ) ) ;
#3797 = ORIENTED_EDGE ( 'NONE', *, *, #19, .T. ) ;
#3798 = LINE ( 'NONE', #2842, #4468 ) ;
#3799 = EDGE_CURVE ( 'NONE', #5884, #10917, #2307, .T. ) ;
#3800 = CIRCLE ( 'NONE', #11184, 2.100000000000000089 ) ;
#3801 = DIRECTION ( 'NONE',  ( 0.7071067811865466846, 0.7071067811865483499, 0.000000000000000000 ) ) ;
#3802 = DIRECTION ( 'NONE',  ( 0.000000000000000000, 0.000000000000000000, 1.000000000000000000 ) ) ;
#3803 = ORIENTED_EDGE ( 'NONE', *, *, #7164, .F. ) ;
#3804 = VECTOR ( 'NONE', #65, 1000.000000000000000 ) ;
#3805 = FACE_OUTER_BOUND ( 'NONE', #8162, .T. ) ;
#3806 = CARTESIAN_POINT ( 'NONE',  ( -6.689411254969564347, 6.689411254969543918, -1.000000000000000000 ) ) ;
#3807 = CARTESIAN_POINT ( 'NONE',  ( -19.04999999999999716, -3.654415587728427450, 3.049999999999999822 ) ) ;
#3808 = CARTESIAN_POINT ( 'NONE',  ( 6.200000000000001066, -41.90441558772845099, 3.049999999999999822 ) ) ;
#3809 = CIRCLE ( 'NONE', #9969, 3.174999999999998934 ) ;
#3810 = DIRECTION ( 'NONE',  ( -0.7071067811865495711, 0.7071067811865455743, 0.000000000000000000 ) ) ;
#3811 = CARTESIAN_POINT ( 'NONE',  ( -17.36279653889466346, -5.341619048833761596, 2.286000000000000032 ) ) ;
#3812 = DIRECTION ( 'NONE',  ( -1.000000000000000000, 0.000000000000000000, 0.000000000000000000 ) ) ;
#3813 = EDGE_CURVE ( 'NONE', #3525, #1009, #1349, .T. ) ;
#3814 = CARTESIAN_POINT ( 'NONE',  ( 5.200000000000000178, -8.178822509939090324, 1.000000000000000000 ) ) ;
#3815 = EDGE_CURVE ( 'NONE', #12631, #4431, #4424, .T. ) ;
#3816 = DIRECTION ( 'NONE',  ( -0.000000000000000000, -0.000000000000000000, 1.000000000000000000 ) ) ;
#3817 = AXIS2_PLACEMENT_3D ( 'NONE', #7358, #11206, #11389 ) ;
#3818 = VECTOR ( 'NONE', #6116, 1000.000000000000000 ) ;
#3819 = CARTESIAN_POINT ( 'NONE',  ( -6.689411254969551024, -6.689411254969589216, 1.000000000000000000 ) ) ;
#3820 = VECTOR ( 'NONE', #7743, 1000.000000000000000 ) ;
#3821 = ORIENTED_EDGE ( 'NONE', *, *, #6082, .T. ) ;
#3822 = AXIS2_PLACEMENT_3D ( 'NONE', #9773, #199, #7007 ) ;
#3823 = LINE ( 'NONE', #1121, #2386 ) ;
#3824 = VECTOR ( 'NONE', #7382, 1000.000000000000000 ) ;
#3825 = CARTESIAN_POINT ( 'NONE',  ( -25.39999999999999858, 0.000000000000000000, -1.001000000000000112 ) ) ;
#3826 = EDGE_CURVE ( 'NONE', #12472, #9168, #12388, .T. ) ;
#3827 = ORIENTED_EDGE ( 'NONE', *, *, #1493, .T. ) ;
#3828 = CARTESIAN_POINT ( 'NONE',  ( -25.39999999999999858, 6.199999999999999289, 3.049999999999999822 ) ) ;
#3829 = AXIS2_PLACEMENT_3D ( 'NONE', #6158, #10072, #1769 ) ;
#3830 = ORIENTED_EDGE ( 'NONE', *, *, #758, .T. ) ;
#3831 = LINE ( 'NONE', #11599, #7475 ) ;
#3832 = FACE_OUTER_BOUND ( 'NONE', #659, .T. ) ;
#3833 = EDGE_LOOP ( 'NONE', ( #3225, #9835, #12116, #8847, #9261, #230, #5953, #6617, #4997, #868, #8616, #4669, #5579, #6565, #270, #9160, #3335, #12566, #3842, #124, #1967, #11817, #7184, #11233, #2821, #775, #1470, #892, #11799, #9870, #7981, #5724, #3667, #10518, #8203, #7454, #6541, #5270, #9324 ) ) ;
#3834 = VECTOR ( 'NONE', #5267, 999.9999999999998863 ) ;
#3835 = VECTOR ( 'NONE', #9148, 1000.000000000000114 ) ;
#3836 = VERTEX_POINT ( 'NONE', #4496 ) ;
#3837 = FACE_OUTER_BOUND ( 'NONE', #7632, .T. ) ;
#3838 = ORIENTED_EDGE ( 'NONE', *, *, #5339, .F. ) ;
#3839 = VECTOR ( 'NONE', #7117, 1000.000000000000000 ) ;
#3840 = DIRECTION ( 'NONE',  ( -1.000000000000000000, 0.000000000000000000, -0.000000000000000000 ) ) ;
#3841 = ADVANCED_FACE ( 'NONE', ( #3661 ), #6485, .F. ) ;
#3842 = ORIENTED_EDGE ( 'NONE', *, *, #4812, .T. ) ;
#3843 = CC_DESIGN_PERSON_AND_ORGANIZATION_ASSIGNMENT ( #8617, #2763, ( #10571 ) ) ;
#3844 = CARTESIAN_POINT ( 'NONE',  ( 0.000000000000000000, -38.09999999999999432, 2.286000000000000032 ) ) ;
#3845 = FACE_OUTER_BOUND ( 'NONE', #3714, .T. ) ;
#3846 = VECTOR ( 'NONE', #9615, 1000.000000000000114 ) ;
#3847 = VECTOR ( 'NONE', #5299, 1000.000000000000000 ) ;
#3848 = EDGE_CURVE ( 'NONE', #3148, #887, #3398, .T. ) ;
#3849 = ORIENTED_EDGE ( 'NONE', *, *, #3592, .T. ) ;
#3850 = CARTESIAN_POINT ( 'NONE',  ( 6.689411254969551912, -6.689411254969595433, 1.000000000000000000 ) ) ;
#3851 = FACE_OUTER_BOUND ( 'NONE', #8876, .T. ) ;
#3852 = CARTESIAN_POINT ( 'NONE',  ( 18.71058874503045288, -18.71058874503053104, 1.000000000000000000 ) ) ;
#3853 = ORIENTED_EDGE ( 'NONE', *, *, #2548, .F. ) ;
#3854 = DIRECTION ( 'NONE',  ( -0.7071067811865451302, -0.7071067811865500152, 0.000000000000000000 ) ) ;
#3855 = ORIENTED_EDGE ( 'NONE', *, *, #11541, .F. ) ;
#3856 = ORIENTED_EDGE ( 'NONE', *, *, #12159, .T. ) ;
#3857 = VECTOR ( 'NONE', #7420, 1000.000000000000000 ) ;
#3858 = VECTOR ( 'NONE', #2655, 1000.000000000000114 ) ;
#3859 = VERTEX_POINT ( 'NONE', #5582 ) ;
#3860 = ADVANCED_FACE ( 'NONE', ( #5448 ), #3588, .F. ) ;
#3861 = FACE_BOUND ( 'NONE', #1900, .T. ) ;
#3862 = EDGE_CURVE ( 'NONE', #10255, #6797, #12461, .T. ) ;
#3863 = EDGE_CURVE ( 'NONE', #4230, #5667, #2443, .T. ) ;
#3864 = DIRECTION ( 'NONE',  ( 2.556848660736790434E-16, 1.000000000000000000, 0.000000000000000000 ) ) ;
#3865 = CARTESIAN_POINT ( 'NONE',  ( -5.002207793864212881, 5.002207793864216434, 1.000000000000000000 ) ) ;
#3866 = ADVANCED_FACE ( 'NONE', ( #11493 ), #700, .T. ) ;
#3867 = ORIENTED_EDGE ( 'NONE', *, *, #5658, .T. ) ;
#3868 = CYLINDRICAL_SURFACE ( 'NONE', #12632, 3.174999999999999822 ) ;
#3869 = CARTESIAN_POINT ( 'NONE',  ( -18.71058874503044933, -18.71058874503055236, -1.000000000000000000 ) ) ;
#3870 = ORIENTED_EDGE ( 'NONE', *, *, #9598, .T. ) ;
#3871 = VECTOR ( 'NONE', #10498, 1000.000000000000000 ) ;
#3872 = DIRECTION ( 'NONE',  ( -5.463695987328531367E-16, -1.000000000000000000, -0.000000000000000000 ) ) ;
#3873 = VECTOR ( 'NONE', #21, 1000.000000000000000 ) ;
#3874 = DIRECTION ( 'NONE',  ( 0.000000000000000000, 0.000000000000000000, 1.000000000000000000 ) ) ;
#3875 = CARTESIAN_POINT ( 'NONE',  ( 0.000000000000000000, -38.09999999999999432, 2.286000000000000032 ) ) ;
#3876 = VERTEX_POINT ( 'NONE', #5384 ) ;
#3877 = ORIENTED_EDGE ( 'NONE', *, *, #601, .T. ) ;
#3878 = CARTESIAN_POINT ( 'NONE',  ( -17.91862915010151980, -6.199999999999999289, 3.049999999999999822 ) ) ;
#3879 = VECTOR ( 'NONE', #10266, 1000.000000000000000 ) ;
#3880 = EDGE_CURVE ( 'NONE', #7186, #7700, #4552, .T. ) ;
#3881 = LINE ( 'NONE', #10749, #5293 ) ;
#3882 = DIRECTION ( 'NONE',  ( -0.000000000000000000, -0.000000000000000000, -1.000000000000000000 ) ) ;
#3883 = CARTESIAN_POINT ( 'NONE',  ( 1.879848193585295535, -22.84132929647559251, -1.000000000000000000 ) ) ;
#3884 = CARTESIAN_POINT ( 'NONE',  ( -25.39999999999999858, 0.000000000000000000, -2.286000000000000032 ) ) ;
#3885 = DIRECTION ( 'NONE',  ( 1.000000000000000000, 0.000000000000000000, 0.000000000000000000 ) ) ;
#3886 = DIRECTION ( 'NONE',  ( -0.7071067811865459074, -0.7071067811865491270, 0.000000000000000000 ) ) ;
#3887 = VECTOR ( 'NONE', #8501, 1000.000000000000114 ) ;
#3888 = CARTESIAN_POINT ( 'NONE',  ( -3.654415587728408799, -19.05000000000000426, -1.000000000000000000 ) ) ;
#3889 = CARTESIAN_POINT ( 'NONE',  ( -22.84132929647558896, -1.879848193585297311, -2.286000000000000032 ) ) ;
#3890 = LINE ( 'NONE', #4661, #3385 ) ;
#3891 = ORIENTED_EDGE ( 'NONE', *, *, #5060, .T. ) ;
#3892 = EDGE_CURVE ( 'NONE', #6933, #2351, #9564, .T. ) ;
#3893 = DIRECTION ( 'NONE',  ( -0.000000000000000000, -0.000000000000000000, 1.000000000000000000 ) ) ;
#3894 = LINE ( 'NONE', #10765, #4861 ) ;
#3895 = ORIENTED_EDGE ( 'NONE', *, *, #10590, .T. ) ;
#3896 = DIRECTION ( 'NONE',  ( -2.556848660736790434E-16, -1.000000000000000000, 0.000000000000000000 ) ) ;
#3897 = ORIENTED_EDGE ( 'NONE', *, *, #12420, .F. ) ;
#3898 = LINE ( 'NONE', #2803, #11779 ) ;
#3899 = DIRECTION ( 'NONE',  ( -0.000000000000000000, -0.000000000000000000, 1.000000000000000000 ) ) ;
#3900 = EDGE_LOOP ( 'NONE', ( #1209, #2708, #2767, #512, #2620, #1143, #3174, #3324, #8726, #10740 ) ) ;
#3901 = ORIENTED_EDGE ( 'NONE', *, *, #5652, .T. ) ;
#3902 = LINE ( 'NONE', #108, #1630 ) ;
#3903 = ORIENTED_EDGE ( 'NONE', *, *, #5001, .T. ) ;
#3904 = ADVANCED_FACE ( 'NONE', ( #9442 ), #8470, .F. ) ;
#3905 = DIRECTION ( 'NONE',  ( -0.000000000000000000, -0.000000000000000000, -1.000000000000000000 ) ) ;
#3906 = ORIENTED_EDGE ( 'NONE', *, *, #9038, .T. ) ;
#3907 = CARTESIAN_POINT ( 'NONE',  ( -6.689411254969540366, -6.689411254969547471, -1.000000000000000000 ) ) ;
#3908 = CYLINDRICAL_SURFACE ( 'NONE', #10405, 3.174999999999999822 ) ;
#3909 = ORIENTED_EDGE ( 'NONE', *, *, #2345, .T. ) ;
#3910 = DIRECTION ( 'NONE',  ( -0.000000000000000000, -0.000000000000000000, 1.000000000000000000 ) ) ;
#3911 = DIRECTION ( 'NONE',  ( -0.000000000000000000, -0.000000000000000000, 1.000000000000000000 ) ) ;
#3912 = DIRECTION ( 'NONE',  ( -0.000000000000000000, 1.000000000000000000, -0.000000000000000000 ) ) ;
#3913 = VERTEX_POINT ( 'NONE', #2631 ) ;
#3914 = DIRECTION ( 'NONE',  ( -0.000000000000000000, -0.000000000000000000, 1.000000000000000000 ) ) ;
#3915 = ORIENTED_EDGE ( 'NONE', *, *, #12071, .F. ) ;
#3916 = EDGE_CURVE ( 'NONE', #12010, #11111, #7395, .T. ) ;
#3917 = ORIENTED_EDGE ( 'NONE', *, *, #7623, .T. ) ;
#3918 = ORIENTED_EDGE ( 'NONE', *, *, #8623, .F. ) ;
#3919 = CARTESIAN_POINT ( 'NONE',  ( -23.49434722470223491, -2.584475285236821129, 2.286000000000000032 ) ) ;
#3920 = DIRECTION ( 'NONE',  ( 0.7071067811865465735, 0.7071067811865485719, 0.000000000000000000 ) ) ;
#3921 = FACE_OUTER_BOUND ( 'NONE', #11989, .T. ) ;
#3922 = ORIENTED_EDGE ( 'NONE', *, *, #6738, .F. ) ;
#3923 = DIRECTION ( 'NONE',  ( 0.000000000000000000, 1.000000000000000000, -0.000000000000000000 ) ) ;
#3924 = CARTESIAN_POINT ( 'NONE',  ( 4.662796538894670384, -18.04161904883374490, 2.286000000000000032 ) ) ;
#3925 = VERTEX_POINT ( 'NONE', #10529 ) ;
#3926 = CARTESIAN_POINT ( 'NONE',  ( -5.341619048833763372, 4.662796538894668608, 1.000000000000000000 ) ) ;
#3927 = CARTESIAN_POINT ( 'NONE',  ( 5.200000000000000178, 6.368163355566235395E-16, 3.049999999999999822 ) ) ;
#3928 = DIRECTION ( 'NONE',  ( 0.000000000000000000, 0.000000000000000000, 1.000000000000000000 ) ) ;
#3929 = VERTEX_POINT ( 'NONE', #1606 ) ;
#3930 = EDGE_CURVE ( 'NONE', #12118, #6578, #11359, .T. ) ;
#3931 = EDGE_CURVE ( 'NONE', #2179, #816, #6272, .T. ) ;
#3932 = ADVANCED_FACE ( 'NONE', ( #506 ), #12269, .T. ) ;
#3933 = VERTEX_POINT ( 'NONE', #5524 ) ;
#3934 = PLANE ( 'NONE',  #7982 ) ;
#3935 = EDGE_CURVE ( 'NONE', #8408, #3913, #639, .T. ) ;
#3936 = LINE ( 'NONE', #78, #4270 ) ;
#3937 = LINE ( 'NONE', #7736, #2026 ) ;
#3938 = LINE ( 'NONE', #1174, #8127 ) ;
#3939 = CARTESIAN_POINT ( 'NONE',  ( -6.010588745030467805, -6.010588745030501556, 1.000000000000000000 ) ) ;
#3940 = CARTESIAN_POINT ( 'NONE',  ( 1.905652775297734580, -22.81552471476314992, 2.286000000000000032 ) ) ;
#3941 = DIRECTION ( 'NONE',  ( -0.000000000000000000, -0.000000000000000000, 1.000000000000000000 ) ) ;
#3942 = DIRECTION ( 'NONE',  ( 0.000000000000000000, 0.000000000000000000, 1.000000000000000000 ) ) ;
#3943 = DIRECTION ( 'NONE',  ( 0.7071067811865489050, -0.7071067811865462405, -0.000000000000000000 ) ) ;
#3944 = EDGE_CURVE ( 'NONE', #3453, #6035, #2050, .T. ) ;
#3945 = LINE ( 'NONE', #1764, #7091 ) ;
#3946 = VERTEX_POINT ( 'NONE', #2819 ) ;
#3947 = PLANE ( 'NONE',  #349 ) ;
#3948 = DIRECTION ( 'NONE',  ( -0.7071067811865461294, 0.7071067811865489050, -0.000000000000000000 ) ) ;
#3949 = ORIENTED_EDGE ( 'NONE', *, *, #911, .F. ) ;
#3950 = DIRECTION ( 'NONE',  ( -1.000000000000000000, 0.000000000000000000, 0.000000000000000000 ) ) ;
#3951 = ORIENTED_EDGE ( 'NONE', *, *, #4482, .F. ) ;
#3952 = DIRECTION ( 'NONE',  ( -0.7071067811865480168, 0.7071067811865470176, -0.000000000000000000 ) ) ;
#3953 = CARTESIAN_POINT ( 'NONE',  ( 0.000000000000000000, -12.69999999999999929, -1.001000000000000112 ) ) ;
#3954 = AXIS2_PLACEMENT_3D ( 'NONE', #5837, #9051, #9949 ) ;
#3955 = EDGE_LOOP ( 'NONE', ( #12098, #9456 ) ) ;
#3956 = EDGE_CURVE ( 'NONE', #10211, #127, #1983, .T. ) ;
#3957 = ORIENTED_EDGE ( 'NONE', *, *, #12548, .T. ) ;
#3958 = DIRECTION ( 'NONE',  ( -0.000000000000000000, -0.000000000000000000, 1.000000000000000000 ) ) ;
#3959 = ORIENTED_EDGE ( 'NONE', *, *, #3673, .F. ) ;
#3960 = LINE ( 'NONE', #11800, #12662 ) ;
#3961 = CIRCLE ( 'NONE', #7255, 3.174999999999999822 ) ;
#3962 = ORIENTED_EDGE ( 'NONE', *, *, #8023, .T. ) ;
#3963 = DIRECTION ( 'NONE',  ( -0.000000000000000000, -0.000000000000000000, 1.000000000000000000 ) ) ;
#3964 = CARTESIAN_POINT ( 'NONE',  ( 3.174999999999999822, 0.000000000000000000, -2.286000000000000032 ) ) ;
#3965 = ORIENTED_EDGE ( 'NONE', *, *, #8924, .T. ) ;
#3966 = LINE ( 'NONE', #5967, #10786 ) ;
#3967 = CARTESIAN_POINT ( 'NONE',  ( -5.199999999999993960, 1.329561303583129310E-15, 1.000000000000000000 ) ) ;
#3968 = DIRECTION ( 'NONE',  ( 0.000000000000000000, 0.000000000000000000, 1.000000000000000000 ) ) ;
#3969 = ORIENTED_EDGE ( 'NONE', *, *, #6357, .T. ) ;
#3970 = EDGE_CURVE ( 'NONE', #2456, #12312, #3966, .T. ) ;
#3972 = DIRECTION ( 'NONE',  ( 0.000000000000000000, 0.000000000000000000, 1.000000000000000000 ) ) ;
#3971 = VECTOR ( 'NONE', #4445, 1000.000000000000000 ) ;
#3973 = EDGE_CURVE ( 'NONE', #5380, #11938, #6680, .T. ) ;
#3974 = VECTOR ( 'NONE', #407, 1000.000000000000000 ) ;
#3975 = VERTEX_POINT ( 'NONE', #5904 ) ;
#3976 = VERTEX_POINT ( 'NONE', #4745 ) ;
#3977 = EDGE_LOOP ( 'NONE', ( #5493, #11743, #649, #6633 ) ) ;
#3978 = SECURITY_CLASSIFICATION_LEVEL ( 'unclassified' ) ;
#3979 = AXIS2_PLACEMENT_3D ( 'NONE', #7815, #5821, #6730 ) ;
#3980 = FACE_OUTER_BOUND ( 'NONE', #10073, .T. ) ;
#3981 = CIRCLE ( 'NONE', #10758, 3.175000000000000711 ) ;
#3982 = CYLINDRICAL_SURFACE ( 'NONE', #6346, 2.100000000000000089 ) ;
#3983 = CARTESIAN_POINT ( 'NONE',  ( -12.69999999999999929, 0.000000000000000000, -2.286000000000000032 ) ) ;
#3984 = VERTEX_POINT ( 'NONE', #9885 ) ;
#3985 = ADVANCED_FACE ( 'NONE', ( #7642 ), #4684, .F. ) ;
#3986 = LINE ( 'NONE', #8871, #6262 ) ;
#3987 = FACE_OUTER_BOUND ( 'NONE', #3719, .T. ) ;
#3988 = ORIENTED_EDGE ( 'NONE', *, *, #8254, .F. ) ;
#3989 = DIRECTION ( 'NONE',  ( -0.000000000000000000, 1.000000000000000000, -0.000000000000000000 ) ) ;
#3990 = LINE ( 'NONE', #4956, #7319 ) ;
#3991 = APPLICATION_PROTOCOL_DEFINITION ( 'international standard', 'config_control_design', 1994, #9613 ) ;
#3992 = ORIENTED_EDGE ( 'NONE', *, *, #5570, .T. ) ;
#3993 = CIRCLE ( 'NONE', #7892, 3.174999999999999822 ) ;
#3994 = ORIENTED_EDGE ( 'NONE', *, *, #1196, .T. ) ;
#3995 = DIRECTION ( 'NONE',  ( 0.000000000000000000, 1.000000000000000000, 0.000000000000000000 ) ) ;
#3996 = DIRECTION ( 'NONE',  ( 0.000000000000000000, 0.000000000000000000, -1.000000000000000000 ) ) ;
#3997 = DIRECTION ( 'NONE',  ( -0.000000000000000000, -0.000000000000000000, -1.000000000000000000 ) ) ;
#3998 = LINE ( 'NONE', #150, #12634 ) ;
#3999 = CIRCLE ( 'NONE', #11795, 2.100000000000000089 ) ;
#4000 = EDGE_CURVE ( 'NONE', #6091, #6892, #10585, .T. ) ;
#4001 = PLANE ( 'NONE',  #6064 ) ;
#4002 = DIRECTION ( 'NONE',  ( -0.7071067811865446862, 0.7071067811865503483, -0.000000000000000000 ) ) ;
#4003 = DIRECTION ( 'NONE',  ( -1.000000000000000000, 0.000000000000000000, 0.000000000000000000 ) ) ;
#4004 = ORIENTED_EDGE ( 'NONE', *, *, #10215, .T. ) ;
#4005 = EDGE_CURVE ( 'NONE', #9504, #5691, #2943, .T. ) ;
#4006 = CARTESIAN_POINT ( 'NONE',  ( -4.662796538894652620, -20.05838095116624942, 1.000000000000000000 ) ) ;
#4007 = VECTOR ( 'NONE', #2265, 1000.000000000000000 ) ;
#4008 = CARTESIAN_POINT ( 'NONE',  ( -17.50441558772842399, -5.199999999999999289, 3.049999999999999822 ) ) ;
#4009 = PLANE ( 'NONE',  #8526 ) ;
#4010 = VERTEX_POINT ( 'NONE', #12582 ) ;
#4011 = VECTOR ( 'NONE', #9729, 1000.000000000000000 ) ;
#4012 = VECTOR ( 'NONE', #4936, 1000.000000000000000 ) ;
#4013 = DIRECTION ( 'NONE',  ( 0.000000000000000000, 0.000000000000000000, 1.000000000000000000 ) ) ;
#4014 = DIRECTION ( 'NONE',  ( -0.000000000000000000, -0.000000000000000000, -1.000000000000000000 ) ) ;
#4015 = EDGE_CURVE ( 'NONE', #366, #9190, #6745, .T. ) ;
#4016 = EDGE_CURVE ( 'NONE', #1339, #274, #11740, .T. ) ;
#4017 = LINE ( 'NONE', #12698, #7552 ) ;
#4018 = AXIS2_PLACEMENT_3D ( 'NONE', #561, #8334, #2484 ) ;
#4019 = ORIENTED_EDGE ( 'NONE', *, *, #9784, .F. ) ;
#4020 = DIRECTION ( 'NONE',  ( 0.7071067811865451302, -0.7071067811865500152, -0.000000000000000000 ) ) ;
#4021 = LINE ( 'NONE', #9157, #9142 ) ;
#4022 = ORIENTED_EDGE ( 'NONE', *, *, #6206, .F. ) ;
#4023 = VECTOR ( 'NONE', #1488, 1000.000000000000114 ) ;
#4024 = ORIENTED_EDGE ( 'NONE', *, *, #12377, .F. ) ;
#4025 = AXIS2_PLACEMENT_3D ( 'NONE', #3808, #8636, #10751 ) ;
#4026 = CARTESIAN_POINT ( 'NONE',  ( -2.558670703524385193, -23.52015180641467040, -2.286000000000000032 ) ) ;
#4027 = VERTEX_POINT ( 'NONE', #11808 ) ;
#4028 = VECTOR ( 'NONE', #10791, 1000.000000000000000 ) ;
#4029 = CARTESIAN_POINT ( 'NONE',  ( -30.59999999999999787, 0.000000000000000000, 3.049999999999999822 ) ) ;
#4030 = VECTOR ( 'NONE', #12228, 1000.000000000000000 ) ;
#4031 = ADVANCED_FACE ( 'NONE', ( #1020 ), #7771, .F. ) ;
#4032 = ORIENTED_EDGE ( 'NONE', *, *, #10700, .T. ) ;
#4033 = CARTESIAN_POINT ( 'NONE',  ( -25.39999999999999858, 5.199999999999999289, -2.286000000000000032 ) ) ;
#4034 = DIRECTION ( 'NONE',  ( -0.000000000000000000, 0.000000000000000000, 1.000000000000000000 ) ) ;
#4035 = ORIENTED_EDGE ( 'NONE', *, *, #6505, .F. ) ;
#4036 = LINE ( 'NONE', #5184, #9553 ) ;
#4037 = DIRECTION ( 'NONE',  ( -5.463695987328531367E-16, -1.000000000000000000, 0.000000000000000000 ) ) ;
#4038 = CARTESIAN_POINT ( 'NONE',  ( 0.000000000000000000, 0.000000000000000000, -1.000000000000000000 ) ) ;
#4039 = VECTOR ( 'NONE', #11892, 1000.000000000000000 ) ;
#4040 = ORIENTED_EDGE ( 'NONE', *, *, #9305, .T. ) ;
#4041 = AXIS2_PLACEMENT_3D ( 'NONE', #4886, #1030, #10797 ) ;
#4042 = CARTESIAN_POINT ( 'NONE',  ( -5.200000000000001066, -29.92117749006092353, 3.049999999999999822 ) ) ;
#4043 = AXIS2_PLACEMENT_3D ( 'NONE', #10010, #1205, #7185 ) ;
#4044 = ORIENTED_EDGE ( 'NONE', *, *, #6993, .T. ) ;
#4045 = ORIENTED_EDGE ( 'NONE', *, *, #133, .T. ) ;
#4046 = VERTEX_POINT ( 'NONE', #11685 ) ;
#4047 = VECTOR ( 'NONE', #5041, 1000.000000000000114 ) ;
#4048 = EDGE_CURVE ( 'NONE', #4293, #7686, #10787, .T. ) ;
#4049 = FACE_OUTER_BOUND ( 'NONE', #909, .T. ) ;
#4050 = FACE_OUTER_BOUND ( 'NONE', #8464, .T. ) ;
#4051 = DIRECTION ( 'NONE',  ( -0.7071067811865495711, 0.7071067811865454633, 0.000000000000000000 ) ) ;
#4052 = EDGE_LOOP ( 'NONE', ( #12001, #8983, #6204, #10617 ) ) ;
#4053 = CARTESIAN_POINT ( 'NONE',  ( 0.000000000000000000, 0.000000000000000000, -1.000000000000000000 ) ) ;
#4054 = DIRECTION ( 'NONE',  ( -0.000000000000000000, -0.000000000000000000, -1.000000000000000000 ) ) ;
#4055 = ORIENTED_EDGE ( 'NONE', *, *, #9042, .F. ) ;
#4056 = CARTESIAN_POINT ( 'NONE',  ( -5.200000000000006395, -50.79999999999999716, -3.049999999999999822 ) ) ;
#4057 = EDGE_LOOP ( 'NONE', ( #1664, #12332, #7394, #9416 ) ) ;
#4058 = VERTEX_POINT ( 'NONE', #2882 ) ;
#4059 = CARTESIAN_POINT ( 'NONE',  ( 5.200000000000000178, -17.22117749006090648, 3.049999999999999822 ) ) ;
#4060 = EDGE_CURVE ( 'NONE', #11764, #10211, #1555, .T. ) ;
#4061 = CARTESIAN_POINT ( 'NONE',  ( 5.068629150101547687, -19.04999999999999005, -3.049999999999999822 ) ) ;
#4062 = PLANE ( 'NONE',  #6954 ) ;
#4063 = DIRECTION ( 'NONE',  ( -0.7071067811865453523, 0.7071067811865497932, 0.000000000000000000 ) ) ;
#4064 = AXIS2_PLACEMENT_3D ( 'NONE', #3492, #1633, #7417 ) ;
#4065 = VECTOR ( 'NONE', #11423, 1000.000000000000000 ) ;
#4066 = DIRECTION ( 'NONE',  ( 0.7071067811865477948, 0.7071067811865473507, 0.000000000000000000 ) ) ;
#4067 = CARTESIAN_POINT ( 'NONE',  ( 6.200000000000005507, -3.804415587728419812, 2.286000000000000032 ) ) ;
#4068 = DIRECTION ( 'NONE',  ( 0.7071067811865455743, 0.7071067811865495711, 0.000000000000000000 ) ) ;
#4069 = ORIENTED_EDGE ( 'NONE', *, *, #1175, .T. ) ;
#4070 = CARTESIAN_POINT ( 'NONE',  ( -24.05220779386422336, -24.05220779386403507, 1.000000000000000000 ) ) ;
#4071 = CARTESIAN_POINT ( 'NONE',  ( -12.69999999999999929, 0.000000000000000000, 2.286000000000000032 ) ) ;
#4072 = VECTOR ( 'NONE', #3072, 1000.000000000000000 ) ;
#4073 = DIRECTION ( 'NONE',  ( 0.000000000000000000, 0.000000000000000000, 1.000000000000000000 ) ) ;
#4074 = AXIS2_PLACEMENT_3D ( 'NONE', #8829, #6777, #9855 ) ;
#4075 = EDGE_CURVE ( 'NONE', #810, #10229, #8943, .T. ) ;
#4076 = ORIENTED_EDGE ( 'NONE', *, *, #12499, .F. ) ;
#4077 = CYLINDRICAL_SURFACE ( 'NONE', #11829, 3.174999999999999822 ) ;
#4078 = VECTOR ( 'NONE', #3097, 1000.000000000000000 ) ;
#4079 = LINE ( 'NONE', #11325, #5450 ) ;
#4080 = CARTESIAN_POINT ( 'NONE',  ( 0.000000000000000000, -25.39999999999999858, -2.286000000000000032 ) ) ;
#4081 = LINE ( 'NONE', #5831, #7048 ) ;
#4082 = ORIENTED_EDGE ( 'NONE', *, *, #166, .T. ) ;
#4083 = PLANE ( 'NONE',  #9315 ) ;
#4084 = DIRECTION ( 'NONE',  ( 0.7071067811865497932, 0.7071067811865452413, -0.000000000000000000 ) ) ;
#4085 = ORIENTED_EDGE ( 'NONE', *, *, #11840, .F. ) ;
#4086 = AXIS2_PLACEMENT_3D ( 'NONE', #11985, #1132, #6156 ) ;
#4087 = ORIENTED_EDGE ( 'NONE', *, *, #8484, .F. ) ;
#4088 = ADVANCED_FACE ( 'NONE', ( #7704 ), #3011, .T. ) ;
#4089 = ADVANCED_FACE ( 'NONE', ( #951 ), #6934, .T. ) ;
#4090 = DIRECTION ( 'NONE',  ( 0.000000000000000000, 0.000000000000000000, -1.000000000000000000 ) ) ;
#4091 = ORIENTED_EDGE ( 'NONE', *, *, #8414, .F. ) ;
#4092 = ADVANCED_FACE ( 'NONE', ( #8797 ), #8989, .T. ) ;
#4093 = EDGE_CURVE ( 'NONE', #2081, #9556, #4036, .T. ) ;
#4094 = CYLINDRICAL_SURFACE ( 'NONE', #4043, 3.175000000000000711 ) ;
#4095 = ORIENTED_EDGE ( 'NONE', *, *, #12209, .T. ) ;
#4096 = DIRECTION ( 'NONE',  ( 0.000000000000000000, 0.000000000000000000, 1.000000000000000000 ) ) ;
#4097 = CARTESIAN_POINT ( 'NONE',  ( 0.000000000000000000, 0.000000000000000000, -2.286000000000000032 ) ) ;
#4098 = ORIENTED_EDGE ( 'NONE', *, *, #5740, .T. ) ;
#4099 = CARTESIAN_POINT ( 'NONE',  ( 5.200000000000000178, -50.79999999999999716, 3.049999999999999822 ) ) ;
#4100 = DIRECTION ( 'NONE',  ( -1.000000000000000000, 5.463695987328531367E-16, 0.000000000000000000 ) ) ;
#4101 = DIRECTION ( 'NONE',  ( 1.000000000000000000, 0.000000000000000000, 0.000000000000000000 ) ) ;
#4102 = ORIENTED_EDGE ( 'NONE', *, *, #3742, .T. ) ;
#4103 = DIRECTION ( 'NONE',  ( 0.000000000000000000, 0.000000000000000000, 1.000000000000000000 ) ) ;
#4104 = ORIENTED_EDGE ( 'NONE', *, *, #7623, .F. ) ;
#4105 = EDGE_CURVE ( 'NONE', #10961, #8549, #186, .T. ) ;
#4106 = VERTEX_POINT ( 'NONE', #6095 ) ;
#4107 = ORIENTED_EDGE ( 'NONE', *, *, #3216, .F. ) ;
#4108 = LINE ( 'NONE', #10731, #5268 ) ;
#4109 = CARTESIAN_POINT ( 'NONE',  ( 0.000000000000000000, 0.000000000000000000, 1.000000000000000000 ) ) ;
#4110 = LINE ( 'NONE', #1225, #2597 ) ;
#4111 = ORIENTED_EDGE ( 'NONE', *, *, #9276, .F. ) ;
#4112 = DIRECTION ( 'NONE',  ( 0.000000000000000000, 0.000000000000000000, 1.000000000000000000 ) ) ;
#4113 = LINE ( 'NONE', #2308, #3364 ) ;
#4114 = VERTEX_POINT ( 'NONE', #4099 ) ;
#4116 = DIRECTION ( 'NONE',  ( -0.000000000000000000, -0.000000000000000000, 1.000000000000000000 ) ) ;
#4115 = PERSON ( 'UNSPECIFIED', 'UNSPECIFIED', 'UNSPECIFIED', ('UNSPECIFIED'), ('UNSPECIFIED'), ('UNSPECIFIED') ) ;
#4117 = CARTESIAN_POINT ( 'NONE',  ( 0.000000000000000000, 0.000000000000000000, 0.000000000000000000 ) ) ;
#4118 = VERTEX_POINT ( 'NONE', #6164 ) ;
#4119 = ORIENTED_EDGE ( 'NONE', *, *, #7968, .T. ) ;
#4120 = CARTESIAN_POINT ( 'NONE',  ( 5.200000000000000178, 6.368163355566235395E-16, 3.049999999999999822 ) ) ;
#4121 = CARTESIAN_POINT ( 'NONE',  ( 3.654415587728426118, -44.45000000000000995, 1.000000000000000000 ) ) ;
#4122 = CARTESIAN_POINT ( 'NONE',  ( -22.26149318942908550, 0.4799999999999997047, -1.000000000000000000 ) ) ;
#4123 = PLANE ( 'NONE',  #6487 ) ;
#4124 = FACE_OUTER_BOUND ( 'NONE', #10911, .T. ) ;
#4125 = DIRECTION ( 'NONE',  ( -0.7071067811865484609, -0.7071067811865465735, 0.000000000000000000 ) ) ;
#4126 = PLANE ( 'NONE',  #6846 ) ;
#4127 = EDGE_LOOP ( 'NONE', ( #5763, #1646, #6411, #5589, #5920, #9293, #4730, #4598, #8289, #6854, #2429, #10654, #8100, #12106, #12442, #5274, #2042, #6117, #2734, #7762, #7774, #5003, #3610, #10669, #11802, #4019, #11788, #1202, #8754, #1130, #12386, #5827, #3877, #8978, #11926, #4195, #12591, #9180 ) ) ;
#4128 = CYLINDRICAL_SURFACE ( 'NONE', #12639, 3.175000000000000711 ) ;
#4129 = LINE ( 'NONE', #5033, #9326 ) ;
#4130 = EDGE_CURVE ( 'NONE', #5247, #7439, #10017, .T. ) ;
#4131 = EDGE_CURVE ( 'NONE', #9253, #11302, #8019, .T. ) ;
#4132 = DIRECTION ( 'NONE',  ( 0.000000000000000000, 0.000000000000000000, 1.000000000000000000 ) ) ;
#4133 = VERTEX_POINT ( 'NONE', #376 ) ;
#4134 = DIRECTION ( 'NONE',  ( 1.000000000000000000, 0.000000000000000000, 0.000000000000000000 ) ) ;
#4135 = DIRECTION ( 'NONE',  ( -0.000000000000000000, -0.000000000000000000, 1.000000000000000000 ) ) ;
#4136 = DIRECTION ( 'NONE',  ( -0.000000000000000000, -0.000000000000000000, 1.000000000000000000 ) ) ;
#4137 = CARTESIAN_POINT ( 'NONE',  ( -6.199999999999972644, -30.61862915010151198, -3.049999999999999822 ) ) ;
#4138 = LINE ( 'NONE', #5300, #6020 ) ;
#4139 = ORIENTED_EDGE ( 'NONE', *, *, #12272, .F. ) ;
#4140 = ADVANCED_FACE ( 'NONE', ( #7960 ), #11042, .T. ) ;
#4141 = CARTESIAN_POINT ( 'NONE',  ( 5.200000000000001066, -17.22117749006090648, 2.286000000000000032 ) ) ;
#4142 = DIRECTION ( 'NONE',  ( -0.000000000000000000, 0.000000000000000000, 1.000000000000000000 ) ) ;
#4143 = ORIENTED_EDGE ( 'NONE', *, *, #3356, .T. ) ;
#4144 = ORIENTED_EDGE ( 'NONE', *, *, #3276, .T. ) ;
#4145 = DIRECTION ( 'NONE',  ( -2.556848660736790434E-16, -1.000000000000000000, 0.000000000000000000 ) ) ;
#4146 = ORIENTED_EDGE ( 'NONE', *, *, #8969, .F. ) ;
#4147 = DIRECTION ( 'NONE',  ( 1.000000000000000000, 0.000000000000000000, 0.000000000000000000 ) ) ;
#4148 = EDGE_LOOP ( 'NONE', ( #5135, #8512, #521, #4158 ) ) ;
#4149 = DIRECTION ( 'NONE',  ( 0.000000000000000000, 0.000000000000000000, -1.000000000000000000 ) ) ;
#4150 = DIRECTION ( 'NONE',  ( -0.000000000000000000, -0.000000000000000000, 1.000000000000000000 ) ) ;
#4151 = ORIENTED_EDGE ( 'NONE', *, *, #2209, .F. ) ;
#4152 = EDGE_CURVE ( 'NONE', #5209, #3325, #118, .T. ) ;
#4153 = ADVANCED_FACE ( 'NONE', ( #2170 ), #12065, .T. ) ;
#4154 = CARTESIAN_POINT ( 'NONE',  ( -5.200000000000005507, -45.99558441227155470, 3.049999999999999822 ) ) ;
#4155 = CARTESIAN_POINT ( 'NONE',  ( 4.662796538894666831, -20.05838095116623521, 1.000000000000000444 ) ) ;
#4156 = FACE_OUTER_BOUND ( 'NONE', #1324, .T. ) ;
#4157 = EDGE_CURVE ( 'NONE', #1651, #8535, #3075, .T. ) ;
#4158 = ORIENTED_EDGE ( 'NONE', *, *, #10907, .F. ) ;
#4159 = EDGE_CURVE ( 'NONE', #5772, #11487, #3261, .T. ) ;
#4160 = DIRECTION ( 'NONE',  ( 0.000000000000000000, 0.000000000000000000, 1.000000000000000000 ) ) ;
#4161 = ORIENTED_EDGE ( 'NONE', *, *, #7080, .T. ) ;
#4162 = VECTOR ( 'NONE', #8251, 1000.000000000000000 ) ;
#4163 = ORIENTED_EDGE ( 'NONE', *, *, #2599, .T. ) ;
#4164 = CIRCLE ( 'NONE', #2111, 1.499999999999997780 ) ;
#4165 = VERTEX_POINT ( 'NONE', #10077 ) ;
#4166 = FACE_OUTER_BOUND ( 'NONE', #5219, .T. ) ;
#4167 = CARTESIAN_POINT ( 'NONE',  ( -21.59558441227157033, -6.200000000000001066, 3.049999999999999822 ) ) ;
#4168 = ORIENTED_EDGE ( 'NONE', *, *, #1641, .T. ) ;
#4169 = EDGE_CURVE ( 'NONE', #11954, #3929, #2294, .T. ) ;
#4170 = VECTOR ( 'NONE', #7470, 1000.000000000000000 ) ;
#4171 = DIRECTION ( 'NONE',  ( -0.000000000000000000, -0.000000000000000000, 1.000000000000000000 ) ) ;
#4172 = FACE_OUTER_BOUND ( 'NONE', #8987, .T. ) ;
#4173 = VECTOR ( 'NONE', #9469, 999.9999999999998863 ) ;
#4174 = ORIENTED_EDGE ( 'NONE', *, *, #10388, .T. ) ;
#4175 = CARTESIAN_POINT ( 'NONE',  ( -1.879848193585291760, -48.24132929647558399, 2.286000000000000032 ) ) ;
#4176 = ORIENTED_EDGE ( 'NONE', *, *, #11526, .F. ) ;
#4177 = VERTEX_POINT ( 'NONE', #8147 ) ;
#4178 = LOCAL_TIME ( 14, 16, 36.00000000000000000, #2831 ) ;
#4179 = DIRECTION ( 'NONE',  ( 0.000000000000000000, 0.000000000000000000, -1.000000000000000000 ) ) ;
#4180 = VECTOR ( 'NONE', #4924, 1000.000000000000000 ) ;
#4181 = AXIS2_PLACEMENT_3D ( 'NONE', #1432, #4188, #4321 ) ;
#4182 = DIRECTION ( 'NONE',  ( -1.000000000000000000, 0.000000000000000000, 0.000000000000000000 ) ) ;
#4183 = DIRECTION ( 'NONE',  ( -0.000000000000000000, -0.000000000000000000, -1.000000000000000000 ) ) ;
#4184 = DIRECTION ( 'NONE',  ( -0.7071067811865464625, -0.7071067811865486830, 0.000000000000000000 ) ) ;
#4185 = ORIENTED_EDGE ( 'NONE', *, *, #3183, .T. ) ;
#4186 = EDGE_CURVE ( 'NONE', #7308, #592, #306, .T. ) ;
#4187 = DIRECTION ( 'NONE',  ( -0.7071067811865479058, -0.7071067811865470176, 0.000000000000000000 ) ) ;
#4188 = DIRECTION ( 'NONE',  ( -0.000000000000000000, -0.000000000000000000, 1.000000000000000000 ) ) ;
#4189 = DIRECTION ( 'NONE',  ( 0.7071067811865459074, 0.7071067811865491270, 0.000000000000000000 ) ) ;
#4190 = ORIENTED_EDGE ( 'NONE', *, *, #55, .F. ) ;
#4191 = FACE_OUTER_BOUND ( 'NONE', #2047, .T. ) ;
#4192 = AXIS2_PLACEMENT_3D ( 'NONE', #491, #9233, #1271 ) ;
#4193 = CYLINDRICAL_SURFACE ( 'NONE', #3168, 3.174999999999999822 ) ;
#4194 = DIRECTION ( 'NONE',  ( -1.000000000000000000, 0.000000000000000000, 0.000000000000000000 ) ) ;
#4195 = ORIENTED_EDGE ( 'NONE', *, *, #10371, .T. ) ;
#4196 = VECTOR ( 'NONE', #3500, 1000.000000000000000 ) ;
#4197 = CARTESIAN_POINT ( 'NONE',  ( -6.699999999999990408, -6.199999999999999289, 3.049999999999999822 ) ) ;
#4198 = DIRECTION ( 'NONE',  ( -0.000000000000000000, -0.000000000000000000, 1.000000000000000000 ) ) ;
#4199 = LINE ( 'NONE', #5112, #10208 ) ;
#4200 = EDGE_CURVE ( 'NONE', #8274, #9626, #7123, .T. ) ;
#4201 = VECTOR ( 'NONE', #4759, 1000.000000000000000 ) ;
#4202 = ADVANCED_FACE ( 'NONE', ( #11106 ), #10972, .T. ) ;
#4203 = CARTESIAN_POINT ( 'NONE',  ( -2.558670703524395851, -14.57984819358531681, -2.286000000000000032 ) ) ;
#4204 = FACE_OUTER_BOUND ( 'NONE', #2107, .T. ) ;
#4205 = ORIENTED_EDGE ( 'NONE', *, *, #2158, .F. ) ;
#4206 = DIRECTION ( 'NONE',  ( 0.000000000000000000, 0.000000000000000000, 1.000000000000000000 ) ) ;
#4207 = DIRECTION ( 'NONE',  ( 0.000000000000000000, 1.000000000000000000, 0.000000000000000000 ) ) ;
#4208 = ORIENTED_EDGE ( 'NONE', *, *, #1475, .F. ) ;
#4209 = AXIS2_PLACEMENT_3D ( 'NONE', #4117, #1231, #11833 ) ;
#4210 = AXIS2_PLACEMENT_3D ( 'NONE', #1246, #3166, #5036 ) ;
#4211 = ORIENTED_EDGE ( 'NONE', *, *, #1146, .T. ) ;
#4212 = AXIS2_PLACEMENT_3D ( 'NONE', #6218, #5062, #1330 ) ;
#4213 = PLANE ( 'NONE',  #2450 ) ;
#4214 = ORIENTED_EDGE ( 'NONE', *, *, #11711, .F. ) ;
#4215 = ADVANCED_FACE ( 'NONE', ( #9947 ), #10912, .T. ) ;
#4216 = DIRECTION ( 'NONE',  ( -0.000000000000000000, -0.000000000000000000, 1.000000000000000000 ) ) ;
#4217 = VECTOR ( 'NONE', #11276, 1000.000000000000000 ) ;
#4218 = EDGE_CURVE ( 'NONE', #11942, #8846, #5130, .T. ) ;
#4219 = ORIENTED_EDGE ( 'NONE', *, *, #9266, .T. ) ;
#4220 = DIRECTION ( 'NONE',  ( 1.000000000000000000, 0.000000000000000000, 0.000000000000000000 ) ) ;
#4221 = DIRECTION ( 'NONE',  ( 1.000000000000000000, 0.000000000000000000, 0.000000000000000000 ) ) ;
#4222 = ORIENTED_EDGE ( 'NONE', *, *, #6016, .F. ) ;
#4223 = VECTOR ( 'NONE', #9105, 1000.000000000000000 ) ;
#4224 = CARTESIAN_POINT ( 'NONE',  ( -4.662796538894669496, -30.74161904883376195, 2.286000000000000032 ) ) ;
#4225 = DIRECTION ( 'NONE',  ( -0.000000000000000000, -0.000000000000000000, 1.000000000000000000 ) ) ;
#4226 = CARTESIAN_POINT ( 'NONE',  ( -17.50441558772842399, 5.199999999999999289, 3.049999999999999822 ) ) ;
#4227 = VERTEX_POINT ( 'NONE', #11994 ) ;
#4228 = CARTESIAN_POINT ( 'NONE',  ( -22.84132929647559251, 1.879848193585300642, -2.286000000000000032 ) ) ;
#4229 = AXIS2_PLACEMENT_3D ( 'NONE', #2076, #4063, #2136 ) ;
#4230 = VERTEX_POINT ( 'NONE', #12429 ) ;
#4231 = VECTOR ( 'NONE', #7073, 1000.000000000000000 ) ;
#4232 = ORIENTED_EDGE ( 'NONE', *, *, #4418, .T. ) ;
#4233 = EDGE_LOOP ( 'NONE', ( #1523, #5454, #2231, #823 ) ) ;
#4234 = EDGE_CURVE ( 'NONE', #9065, #9294, #9472, .T. ) ;
#4235 = VERTEX_POINT ( 'NONE', #5748 ) ;
#4236 = PRODUCT_DEFINITION ( 'UNKNOWN', '', #10571, #3730 ) ;
#4237 = ADVANCED_FACE ( 'NONE', ( #858 ), #4774, .T. ) ;
#4238 = VECTOR ( 'NONE', #62, 1000.000000000000000 ) ;
#4239 = LINE ( 'NONE', #12078, #7169 ) ;
#4240 = DIRECTION ( 'NONE',  ( 1.000000000000000000, 0.000000000000000000, 0.000000000000000000 ) ) ;
#4241 = AXIS2_PLACEMENT_3D ( 'NONE', #495, #1593, #8459 ) ;
#4242 = ORIENTED_EDGE ( 'NONE', *, *, #10199, .F. ) ;
#4243 = CARTESIAN_POINT ( 'NONE',  ( -23.52015180641467040, 2.558670703524388301, -2.286000000000000032 ) ) ;
#4244 = DIRECTION ( 'NONE',  ( 1.000000000000000000, 0.000000000000000000, 0.000000000000000000 ) ) ;
#4245 = VECTOR ( 'NONE', #12437, 1000.000000000000000 ) ;
#4246 = ORIENTED_EDGE ( 'NONE', *, *, #9497, .F. ) ;
#4247 = DIRECTION ( 'NONE',  ( 0.000000000000000000, 0.000000000000000000, -1.000000000000000000 ) ) ;
#4248 = VERTEX_POINT ( 'NONE', #11657 ) ;
#4249 = VECTOR ( 'NONE', #2353, 1000.000000000000000 ) ;
#4250 = ORIENTED_EDGE ( 'NONE', *, *, #1657, .T. ) ;
#4251 = VECTOR ( 'NONE', #5006, 1000.000000000000114 ) ;
#4252 = ADVANCED_FACE ( 'NONE', ( #11585 ), #5686, .F. ) ;
#4253 = EDGE_CURVE ( 'NONE', #6361, #4758, #10378, .T. ) ;
#4254 = EDGE_CURVE ( 'NONE', #2511, #2681, #9606, .T. ) ;
#4255 = EDGE_CURVE ( 'NONE', #9313, #2321, #4723, .T. ) ;
#4256 = LINE ( 'NONE', #12026, #2841 ) ;
#4257 = DIRECTION ( 'NONE',  ( -0.000000000000000000, -0.000000000000000000, 1.000000000000000000 ) ) ;
#4258 = CARTESIAN_POINT ( 'NONE',  ( -0.4800000000000008149, -3.138506810570912187, -2.286000000000000032 ) ) ;
#4259 = ORIENTED_EDGE ( 'NONE', *, *, #9428, .T. ) ;
#4260 = DIRECTION ( 'NONE',  ( 1.365923996832132102E-16, 1.000000000000000000, 0.000000000000000000 ) ) ;
#4261 = CARTESIAN_POINT ( 'NONE',  ( -14.57984819358531503, 2.558670703524396739, 2.286000000000000032 ) ) ;
#4262 = CARTESIAN_POINT ( 'NONE',  ( 0.000000000000000000, 5.199999999999999289, 1.000000000000000000 ) ) ;
#4263 = EDGE_LOOP ( 'NONE', ( #8482, #6081, #5155, #1919 ) ) ;
#4264 = AXIS2_PLACEMENT_3D ( 'NONE', #11521, #2595, #9468 ) ;
#4265 = LINE ( 'NONE', #3351, #7727 ) ;
#4266 = CARTESIAN_POINT ( 'NONE',  ( -1.879848193585296201, -27.95867070352441175, -2.286000000000000032 ) ) ;
#4267 = CARTESIAN_POINT ( 'NONE',  ( 0.000000000000000000, -38.09999999999999432, 2.286000000000000032 ) ) ;
#4268 = EDGE_CURVE ( 'NONE', #11919, #10726, #9668, .T. ) ;
#4269 = EDGE_LOOP ( 'NONE', ( #11864, #9634, #7002, #1483, #5050, #6912 ) ) ;
#4270 = VECTOR ( 'NONE', #3996, 1000.000000000000000 ) ;
#4271 = VECTOR ( 'NONE', #11489, 1000.000000000000000 ) ;
#4272 = CARTESIAN_POINT ( 'NONE',  ( -1.905652775297745238, -2.584475285236830899, 2.286000000000000032 ) ) ;
#4273 = DIRECTION ( 'NONE',  ( 2.556848660736790434E-16, 1.000000000000000000, 0.000000000000000000 ) ) ;
#4274 = LINE ( 'NONE', #4521, #6905 ) ;
#4275 = DIRECTION ( 'NONE',  ( -0.000000000000000000, -0.000000000000000000, 1.000000000000000000 ) ) ;
#4276 = CARTESIAN_POINT ( 'NONE',  ( -25.39999999999999858, 0.000000000000000000, 3.049999999999999822 ) ) ;
#4277 = VERTEX_POINT ( 'NONE', #8640 ) ;
#4278 = CARTESIAN_POINT ( 'NONE',  ( -20.59558441227157033, 5.199999999999999289, 2.286000000000000032 ) ) ;
#4279 = DIRECTION ( 'NONE',  ( -0.7071067811865491270, -0.7071067811865459074, 0.000000000000000000 ) ) ;
#4280 = ORIENTED_EDGE ( 'NONE', *, *, #6300, .F. ) ;
#4281 = VECTOR ( 'NONE', #7753, 1000.000000000000000 ) ;
#4282 = AXIS2_PLACEMENT_3D ( 'NONE', #7418, #3552, #8573 ) ;
#4283 = EDGE_CURVE ( 'NONE', #2500, #10399, #6718, .T. ) ;
#4284 = ORIENTED_EDGE ( 'NONE', *, *, #1641, .F. ) ;
#4285 = ORIENTED_EDGE ( 'NONE', *, *, #5704, .F. ) ;
#4286 = VECTOR ( 'NONE', #12225, 1000.000000000000000 ) ;
#4287 = CARTESIAN_POINT ( 'NONE',  ( -6.699999999999990408, -5.199999999999999289, 3.049999999999999822 ) ) ;
#4288 = VECTOR ( 'NONE', #5563, 1000.000000000000000 ) ;
#4289 = ORIENTED_EDGE ( 'NONE', *, *, #1235, .F. ) ;
#4290 = CARTESIAN_POINT ( 'NONE',  ( 6.200000000000005507, -3.804415587728419812, 3.049999999999999822 ) ) ;
#4291 = VECTOR ( 'NONE', #1411, 1000.000000000000000 ) ;
#4292 = CARTESIAN_POINT ( 'NONE',  ( -6.034523201502886458, -5.355700691563801463, 2.286000000000000032 ) ) ;
#4293 = VERTEX_POINT ( 'NONE', #3814 ) ;
#4294 = CARTESIAN_POINT ( 'NONE',  ( 5.200000000000000178, 0.000000000000000000, 1.000000000000000000 ) ) ;
#4295 = CARTESIAN_POINT ( 'NONE',  ( -5.200000000000006395, -50.79999999999999716, -3.049999999999999822 ) ) ;
#4296 = FACE_OUTER_BOUND ( 'NONE', #370, .T. ) ;
#4297 = AXIS2_PLACEMENT_3D ( 'NONE', #9816, #9877, #1066 ) ;
#4298 = ORIENTED_EDGE ( 'NONE', *, *, #7046, .F. ) ;
#4299 = CARTESIAN_POINT ( 'NONE',  ( -17.50441558772842399, 5.199999999999999289, 2.286000000000000032 ) ) ;
#4300 = ORIENTED_EDGE ( 'NONE', *, *, #4972, .F. ) ;
#4301 = EDGE_CURVE ( 'NONE', #7044, #9767, #2858, .T. ) ;
#4302 = ORIENTED_EDGE ( 'NONE', *, *, #6593, .T. ) ;
#4303 = ADVANCED_FACE ( 'NONE', ( #3750 ), #5490, .T. ) ;
#4304 = ORIENTED_EDGE ( 'NONE', *, *, #2088, .T. ) ;
#4305 = ORIENTED_EDGE ( 'NONE', *, *, #9894, .F. ) ;
#4306 = DIRECTION ( 'NONE',  ( -0.000000000000000000, -0.000000000000000000, 1.000000000000000000 ) ) ;
#4307 = CARTESIAN_POINT ( 'NONE',  ( 0.4799999999999965961, -15.83850681057091059, -1.000000000000000000 ) ) ;
#4308 = ORIENTED_EDGE ( 'NONE', *, *, #8838, .T. ) ;
#4309 = DIRECTION ( 'NONE',  ( -0.000000000000000000, -0.000000000000000000, 1.000000000000000000 ) ) ;
#4310 = DIRECTION ( 'NONE',  ( -0.7071067811865465735, -0.7071067811865484609, 0.000000000000000000 ) ) ;
#4311 = ORIENTED_EDGE ( 'NONE', *, *, #10966, .T. ) ;
#4312 = DIRECTION ( 'NONE',  ( 0.000000000000000000, 0.000000000000000000, 1.000000000000000000 ) ) ;
#4313 = EDGE_CURVE ( 'NONE', #4277, #12321, #9536, .T. ) ;
#4314 = ORIENTED_EDGE ( 'NONE', *, *, #2048, .F. ) ;
#4315 = ORIENTED_EDGE ( 'NONE', *, *, #5206, .T. ) ;
#4316 = CARTESIAN_POINT ( 'NONE',  ( -1.879848193585310412, -10.14132929647559855, 1.000000000000000000 ) ) ;
#4317 = DIRECTION ( 'NONE',  ( 0.000000000000000000, 0.000000000000000000, -1.000000000000000000 ) ) ;
#4318 = DIRECTION ( 'NONE',  ( -0.000000000000000000, -0.000000000000000000, 1.000000000000000000 ) ) ;
#4319 = ORIENTED_EDGE ( 'NONE', *, *, #3592, .F. ) ;
#4320 = LINE ( 'NONE', #213, #7291 ) ;
#4321 = DIRECTION ( 'NONE',  ( 1.000000000000000000, 0.000000000000000000, 0.000000000000000000 ) ) ;
#4322 = CARTESIAN_POINT ( 'NONE',  ( 6.200000000000000178, 7.592810154713588849E-16, -1.000000000000000000 ) ) ;
#4323 = VERTEX_POINT ( 'NONE', #7672 ) ;
#4324 = DIRECTION ( 'NONE',  ( 0.7071067811865449082, -0.7071067811865501263, 0.000000000000000000 ) ) ;
#4325 = EDGE_CURVE ( 'NONE', #8601, #8711, #1968, .T. ) ;
#4326 = EDGE_CURVE ( 'NONE', #5368, #2612, #3630, .T. ) ;
#4327 = LINE ( 'NONE', #6001, #12618 ) ;
#4328 = EDGE_CURVE ( 'NONE', #432, #7077, #8446, .T. ) ;
#4329 = EDGE_CURVE ( 'NONE', #2408, #7966, #8121, .T. ) ;
#4330 = CARTESIAN_POINT ( 'NONE',  ( -5.355700691563798799, -6.034523201502883794, -1.000000000000000000 ) ) ;
#4331 = LINE ( 'NONE', #5108, #11014 ) ;
#4332 = CARTESIAN_POINT ( 'NONE',  ( 0.000000000000000000, 0.000000000000000000, -2.286000000000000032 ) ) ;
#4333 = LINE ( 'NONE', #12352, #4644 ) ;
#4334 = DIRECTION ( 'NONE',  ( 3.414809992080329023E-17, -1.000000000000000000, 0.000000000000000000 ) ) ;
#4335 = DIRECTION ( 'NONE',  ( 0.7071067811865477948, 0.7071067811865473507, 0.000000000000000000 ) ) ;
#4336 = FACE_OUTER_BOUND ( 'NONE', #5129, .T. ) ;
#4337 = ORIENTED_EDGE ( 'NONE', *, *, #1503, .T. ) ;
#4338 = EDGE_CURVE ( 'NONE', #1354, #11289, #11467, .T. ) ;
#4339 = CARTESIAN_POINT ( 'NONE',  ( -1.347792206135783877, -1.347792206135784987, 1.000000000000000000 ) ) ;
#4340 = CYLINDRICAL_SURFACE ( 'NONE', #7919, 3.174999999999999822 ) ;
#4341 = ORIENTED_EDGE ( 'NONE', *, *, #29, .T. ) ;
#4342 = EDGE_LOOP ( 'NONE', ( #6190, #8913, #2434, #3304 ) ) ;
#4343 = ORIENTED_EDGE ( 'NONE', *, *, #12432, .T. ) ;
#4344 = CARTESIAN_POINT ( 'NONE',  ( -4.662796538894668608, -45.45838095116621957, -1.000000000000000000 ) ) ;
#4345 = CARTESIAN_POINT ( 'NONE',  ( -5.200000000000001066, -30.20441558772839485, -2.286000000000000032 ) ) ;
#4346 = ORIENTED_EDGE ( 'NONE', *, *, #3862, .T. ) ;
#4347 = LINE ( 'NONE', #11338, #6540 ) ;
#4348 = VERTEX_POINT ( 'NONE', #12502 ) ;
#4349 = EDGE_CURVE ( 'NONE', #12600, #3649, #7618, .T. ) ;
#4350 = LINE ( 'NONE', #11228, #5825 ) ;
#4351 = FACE_OUTER_BOUND ( 'NONE', #7401, .T. ) ;
#4352 = VERTEX_POINT ( 'NONE', #1182 ) ;
#4353 = CARTESIAN_POINT ( 'NONE',  ( -7.697792206135774862, -7.697792206135782855, -1.000000000000000000 ) ) ;
#4354 = ORIENTED_EDGE ( 'NONE', *, *, #9624, .T. ) ;
#4355 = EDGE_LOOP ( 'NONE', ( #8007, #1185, #10541, #9806 ) ) ;
#4356 = EDGE_LOOP ( 'NONE', ( #8154, #3821, #6364, #8266 ) ) ;
#4357 = ORIENTED_EDGE ( 'NONE', *, *, #6784, .F. ) ;
#4358 = FACE_OUTER_BOUND ( 'NONE', #8786, .T. ) ;
#4359 = CARTESIAN_POINT ( 'NONE',  ( 0.000000000000000000, 0.000000000000000000, -2.286000000000000032 ) ) ;
#4360 = EDGE_CURVE ( 'NONE', #744, #8155, #11849, .T. ) ;
#4361 = ORIENTED_EDGE ( 'NONE', *, *, #2177, .F. ) ;
#4362 = ADVANCED_FACE ( 'NONE', ( #6063 ), #4128, .T. ) ;
#4363 = CYLINDRICAL_SURFACE ( 'NONE', #6471, 3.174999999999998934 ) ;
#4364 = LINE ( 'NONE', #2561, #3543 ) ;
#4365 = ORIENTED_EDGE ( 'NONE', *, *, #2077, .F. ) ;
#4366 = CARTESIAN_POINT ( 'NONE',  ( -5.200000000000001954, -33.29558441227159449, 3.049999999999999822 ) ) ;
#4367 = EDGE_LOOP ( 'NONE', ( #4076, #1993, #6623, #11646, #12249, #1367, #6464 ) ) ;
#4368 = AXIS2_PLACEMENT_3D ( 'NONE', #10136, #11044, #10914 ) ;
#4369 = ORIENTED_EDGE ( 'NONE', *, *, #4660, .T. ) ;
#4370 = ORIENTED_EDGE ( 'NONE', *, *, #11720, .T. ) ;
#4371 = AXIS2_PLACEMENT_3D ( 'NONE', #610, #540, #3556 ) ;
#4372 = EDGE_CURVE ( 'NONE', #3513, #5141, #10890, .T. ) ;
#4373 = LINE ( 'NONE', #10424, #3052 ) ;
#4374 = CARTESIAN_POINT ( 'NONE',  ( -6.199999999999976197, -29.20441558772841617, -2.286000000000000032 ) ) ;
#4375 = PLANE ( 'NONE',  #11403 ) ;
#4376 = ORIENTED_EDGE ( 'NONE', *, *, #7079, .F. ) ;
#4377 = DIRECTION ( 'NONE',  ( -0.000000000000000000, -0.000000000000000000, 1.000000000000000000 ) ) ;
#4378 = DIRECTION ( 'NONE',  ( 0.000000000000000000, 0.000000000000000000, -1.000000000000000000 ) ) ;
#4379 = LINE ( 'NONE', #9323, #5615 ) ;
#4380 = VERTEX_POINT ( 'NONE', #2979 ) ;
#4381 = LINE ( 'NONE', #11262, #6280 ) ;
#4382 = CARTESIAN_POINT ( 'NONE',  ( -2.100000000000000089, -12.69999999999999929, 2.286000000000000032 ) ) ;
#4383 = VECTOR ( 'NONE', #2581, 1000.000000000000000 ) ;
#4384 = VECTOR ( 'NONE', #5026, 1000.000000000000000 ) ;
#4385 = CARTESIAN_POINT ( 'NONE',  ( -20.87882250993907363, -5.199999999999999289, 3.049999999999999822 ) ) ;
#4386 = EDGE_CURVE ( 'NONE', #481, #3200, #2020, .T. ) ;
#4387 = CARTESIAN_POINT ( 'NONE',  ( 5.200000000000000178, -7.895584412271559493, -3.049999999999999822 ) ) ;
#4388 = CC_DESIGN_DATE_AND_TIME_ASSIGNMENT ( #7716, #7901, ( #9955 ) ) ;
#4389 = DIRECTION ( 'NONE',  ( -0.7071067811865500152, -0.7071067811865451302, 0.000000000000000000 ) ) ;
#4390 = CARTESIAN_POINT ( 'NONE',  ( -20.87882250993907363, 5.199999999999999289, 2.286000000000000032 ) ) ;
#4391 = EDGE_CURVE ( 'NONE', #10905, #5894, #7861, .T. ) ;
#4392 = CIRCLE ( 'NONE', #10962, 3.174999999999999822 ) ;
#4393 = CARTESIAN_POINT ( 'NONE',  ( 0.000000000000000000, 6.200000000000000178, -1.000000000000000000 ) ) ;
#4394 = CARTESIAN_POINT ( 'NONE',  ( -0.4800000000000015365, -34.96149318942908479, -2.286000000000000032 ) ) ;
#4395 = CARTESIAN_POINT ( 'NONE',  ( -25.39999999999999858, 6.199999999999999289, -3.049999999999999822 ) ) ;
#4396 = ORIENTED_EDGE ( 'NONE', *, *, #1954, .F. ) ;
#4397 = DIRECTION ( 'NONE',  ( 0.000000000000000000, -1.000000000000000000, 0.000000000000000000 ) ) ;
#4398 = CARTESIAN_POINT ( 'NONE',  ( 6.200000000000025047, -29.20441558772843038, 2.286000000000000032 ) ) ;
#4399 = ORIENTED_EDGE ( 'NONE', *, *, #4486, .T. ) ;
#4400 = AXIS2_PLACEMENT_3D ( 'NONE', #89, #10106, #218 ) ;
#4401 = VERTEX_POINT ( 'NONE', #4006 ) ;
#4402 = ADVANCED_FACE ( 'NONE', ( #5100 ), #9798, .F. ) ;
#4403 = EDGE_CURVE ( 'NONE', #3671, #9612, #5868, .T. ) ;
#4404 = DIRECTION ( 'NONE',  ( -1.000000000000000000, 0.000000000000000000, 0.000000000000000000 ) ) ;
#4405 = CARTESIAN_POINT ( 'NONE',  ( -9.561493189429086215, -0.4799999999999999822, -2.286000000000000032 ) ) ;
#4406 = ORIENTED_EDGE ( 'NONE', *, *, #3327, .F. ) ;
#4407 = DIRECTION ( 'NONE',  ( 0.7071067811865477948, 0.7071067811865473507, -0.000000000000000000 ) ) ;
#4408 = VERTEX_POINT ( 'NONE', #10826 ) ;
#4409 = CIRCLE ( 'NONE', #7696, 5.200000000000000178 ) ;
#4410 = LINE ( 'NONE', #6601, #9726 ) ;
#4411 = CARTESIAN_POINT ( 'NONE',  ( -1.879848193585309968, -10.14132929647559855, 2.286000000000000032 ) ) ;
#4412 = ORIENTED_EDGE ( 'NONE', *, *, #9121, .T. ) ;
#4413 = CARTESIAN_POINT ( 'NONE',  ( -6.699999999999990408, -6.199999999999999289, -1.000000000000000000 ) ) ;
#4414 = ORIENTED_EDGE ( 'NONE', *, *, #10172, .T. ) ;
#4415 = EDGE_LOOP ( 'NONE', ( #5301, #2389, #12341, #4511 ) ) ;
#4416 = CARTESIAN_POINT ( 'NONE',  ( 2.558670703524398515, -36.22015180641469101, 2.286000000000000032 ) ) ;
#4417 = ORIENTED_EDGE ( 'NONE', *, *, #6958, .T. ) ;
#4418 = EDGE_CURVE ( 'NONE', #6864, #10586, #2142, .T. ) ;
#4419 = ORIENTED_EDGE ( 'NONE', *, *, #7427, .F. ) ;
#4420 = VECTOR ( 'NONE', #11243, 1000.000000000000000 ) ;
#4421 = CARTESIAN_POINT ( 'NONE',  ( -0.4800000000000010925, -34.96149318942908479, 2.286000000000000032 ) ) ;
#4422 = DIRECTION ( 'NONE',  ( 1.000000000000000000, 0.000000000000000000, 0.000000000000000000 ) ) ;
#4423 = ORIENTED_EDGE ( 'NONE', *, *, #5975, .T. ) ;
#4424 = LINE ( 'NONE', #11298, #1343 ) ;
#4425 = LINE ( 'NONE', #6562, #8500 ) ;
#4426 = AXIS2_PLACEMENT_3D ( 'NONE', #11071, #7085, #3224 ) ;
#4427 = VERTEX_POINT ( 'NONE', #5943 ) ;
#4428 = VECTOR ( 'NONE', #1748, 1000.000000000000000 ) ;
#4429 = FACE_OUTER_BOUND ( 'NONE', #4558, .T. ) ;
#4430 = ORIENTED_EDGE ( 'NONE', *, *, #9895, .T. ) ;
#4431 = VERTEX_POINT ( 'NONE', #1113 ) ;
#4432 = CIRCLE ( 'NONE', #533, 3.174999999999999822 ) ;
#4433 = ORIENTED_EDGE ( 'NONE', *, *, #9471, .F. ) ;
#4434 = ORIENTED_EDGE ( 'NONE', *, *, #8213, .F. ) ;
#4435 = ADVANCED_FACE ( 'NONE', ( #9862 ), #9918, .F. ) ;
#4436 = VECTOR ( 'NONE', #1361, 1000.000000000000000 ) ;
#4437 = AXIS2_PLACEMENT_3D ( 'NONE', #7793, #3801, #11832 ) ;
#4438 = LINE ( 'NONE', #5593, #6740 ) ;
#4439 = CIRCLE ( 'NONE', #1774, 3.174999999999999822 ) ;
#4440 = LINE ( 'NONE', #4631, #11670 ) ;
#4441 = DIRECTION ( 'NONE',  ( -0.000000000000000000, -0.000000000000000000, 1.000000000000000000 ) ) ;
#4442 = ORIENTED_EDGE ( 'NONE', *, *, #4799, .T. ) ;
#4443 = LINE ( 'NONE', #5665, #10162 ) ;
#4444 = CARTESIAN_POINT ( 'NONE',  ( 13.03941125496952047, -13.03941125496960396, 1.000000000000000000 ) ) ;
#4445 = DIRECTION ( 'NONE',  ( 0.000000000000000000, 0.000000000000000000, -1.000000000000000000 ) ) ;
#4446 = ORIENTED_EDGE ( 'NONE', *, *, #2872, .F. ) ;
#4447 = CARTESIAN_POINT ( 'NONE',  ( -2.584475285236818021, -23.49434722470223846, -2.286000000000000032 ) ) ;
#4448 = CARTESIAN_POINT ( 'NONE',  ( 0.4799999999999927103, -22.26149318942908550, -2.286000000000000032 ) ) ;
#4449 = AXIS2_PLACEMENT_3D ( 'NONE', #4167, #9301, #3465 ) ;
#4450 = VECTOR ( 'NONE', #4481, 1000.000000000000000 ) ;
#4451 = VECTOR ( 'NONE', #44, 1000.000000000000227 ) ;
#4452 = CARTESIAN_POINT ( 'NONE',  ( 3.654415587728436332, -6.349999999999996092, -3.049999999999999822 ) ) ;
#4453 = EDGE_CURVE ( 'NONE', #12320, #2847, #12227, .T. ) ;
#4454 = LINE ( 'NONE', #6642, #2422 ) ;
#4455 = VECTOR ( 'NONE', #4597, 1000.000000000000000 ) ;
#4456 = CARTESIAN_POINT ( 'NONE',  ( 2.584475285236821129, -48.89434722470223704, -2.286000000000000032 ) ) ;
#4457 = CARTESIAN_POINT ( 'NONE',  ( -5.199999999999993960, 1.329561303583129310E-15, -1.000000000000000000 ) ) ;
#4458 = CARTESIAN_POINT ( 'NONE',  ( 2.584475285236818021, -23.49434722470223846, 2.286000000000000032 ) ) ;
#4459 = CARTESIAN_POINT ( 'NONE',  ( 0.000000000000000000, 0.000000000000000000, -2.286000000000000032 ) ) ;
#4460 = DIRECTION ( 'NONE',  ( -0.7071067811865464625, -0.7071067811865486830, 0.000000000000000000 ) ) ;
#4461 = ORIENTED_EDGE ( 'NONE', *, *, #8201, .F. ) ;
#4462 = DIRECTION ( 'NONE',  ( -0.7071067811865456854, -0.7071067811865493491, 0.000000000000000000 ) ) ;
#4463 = FACE_OUTER_BOUND ( 'NONE', #6398, .T. ) ;
#4464 = EDGE_CURVE ( 'NONE', #11247, #7778, #6837, .T. ) ;
#4465 = EDGE_CURVE ( 'NONE', #5071, #8077, #6782, .T. ) ;
#4466 = VECTOR ( 'NONE', #3241, 1000.000000000000000 ) ;
#4467 = ORIENTED_EDGE ( 'NONE', *, *, #1438, .T. ) ;
#4468 = VECTOR ( 'NONE', #3872, 1000.000000000000000 ) ;
#4469 = ORIENTED_EDGE ( 'NONE', *, *, #5545, .F. ) ;
#4470 = DIRECTION ( 'NONE',  ( 1.000000000000000000, 0.000000000000000000, 0.000000000000000000 ) ) ;
#4471 = CARTESIAN_POINT ( 'NONE',  ( -1.879848193585325067, 2.558670703524388301, -1.000000000000000000 ) ) ;
#4472 = VERTEX_POINT ( 'NONE', #156 ) ;
#4473 = DIRECTION ( 'NONE',  ( -0.7071067811865451302, 0.7071067811865500152, 0.000000000000000000 ) ) ;
#4474 = AXIS2_PLACEMENT_3D ( 'NONE', #11323, #1562, #5607 ) ;
#4475 = ORIENTED_EDGE ( 'NONE', *, *, #1015, .T. ) ;
#4476 = AXIS2_PLACEMENT_3D ( 'NONE', #5153, #12092, #12148 ) ;
#4477 = DIRECTION ( 'NONE',  ( 0.000000000000000000, 0.000000000000000000, -1.000000000000000000 ) ) ;
#4478 = FACE_OUTER_BOUND ( 'NONE', #10265, .T. ) ;
#4479 = VERTEX_POINT ( 'NONE', #3049 ) ;
#4480 = EDGE_CURVE ( 'NONE', #5645, #1682, #8834, .T. ) ;
#4481 = DIRECTION ( 'NONE',  ( -0.000000000000000000, -0.000000000000000000, 1.000000000000000000 ) ) ;
#4482 = EDGE_CURVE ( 'NONE', #7757, #11289, #6971, .T. ) ;
#4483 = EDGE_CURVE ( 'NONE', #7234, #2498, #1151, .T. ) ;
#4484 = EDGE_LOOP ( 'NONE', ( #9709, #3903, #6099, #9765, #7235, #2372 ) ) ;
#4486 = EDGE_CURVE ( 'NONE', #6120, #1451, #11718, .T. ) ;
#4485 = EDGE_LOOP ( 'NONE', ( #9012, #1531, #6318, #1168, #12470, #4554, #5564 ) ) ;
#4487 = CARTESIAN_POINT ( 'NONE',  ( -7.481370849898478781, 6.200000000000000178, -3.049999999999999822 ) ) ;
#4488 = ORIENTED_EDGE ( 'NONE', *, *, #1893, .T. ) ;
#4489 = AXIS2_PLACEMENT_3D ( 'NONE', #11283, #10320, #9354 ) ;
#4490 = AXIS2_PLACEMENT_3D ( 'NONE', #2647, #6627, #8295 ) ;
#4491 = ORIENTED_EDGE ( 'NONE', *, *, #10495, .T. ) ;
#4492 = AXIS2_PLACEMENT_3D ( 'NONE', #9715, #6708, #8571 ) ;
#4493 = CARTESIAN_POINT ( 'NONE',  ( -4.521177490060923176, 5.200000000000000178, 2.286000000000000032 ) ) ;
#4494 = CARTESIAN_POINT ( 'NONE',  ( 5.200000000000000178, -46.27882250993906865, 3.049999999999999822 ) ) ;
#4495 = ORIENTED_EDGE ( 'NONE', *, *, #11870, .F. ) ;
#4496 = CARTESIAN_POINT ( 'NONE',  ( -1.879848193585325289, 2.558670703524388745, 1.000000000000000000 ) ) ;
#4497 = DIRECTION ( 'NONE',  ( -0.7071067811865501263, -0.7071067811865449082, -0.000000000000000000 ) ) ;
#4498 = VERTEX_POINT ( 'NONE', #3888 ) ;
#4499 = EDGE_CURVE ( 'NONE', #8469, #5126, #7805, .T. ) ;
#4500 = LINE ( 'NONE', #770, #2384 ) ;
#4501 = AXIS2_PLACEMENT_3D ( 'NONE', #4109, #9897, #5007 ) ;
#4502 = VERTEX_POINT ( 'NONE', #2461 ) ;
#4503 = ORIENTED_EDGE ( 'NONE', *, *, #12510, .F. ) ;
#4504 = ORIENTED_EDGE ( 'NONE', *, *, #3799, .T. ) ;
#4505 = ORIENTED_EDGE ( 'NONE', *, *, #3677, .T. ) ;
#4506 = ORIENTED_EDGE ( 'NONE', *, *, #10923, .T. ) ;
#4507 = DIRECTION ( 'NONE',  ( 0.7071067811865497932, -0.7071067811865452413, 0.000000000000000000 ) ) ;
#4508 = DIRECTION ( 'NONE',  ( -1.000000000000000000, 0.000000000000000000, 0.000000000000000000 ) ) ;
#4509 = CARTESIAN_POINT ( 'NONE',  ( -2.558670703524385637, -23.52015180641467040, 1.000000000000000000 ) ) ;
#4510 = CARTESIAN_POINT ( 'NONE',  ( 4.662796538894679266, -30.74161904883377261, -2.286000000000000920 ) ) ;
#4511 = ORIENTED_EDGE ( 'NONE', *, *, #3471, .T. ) ;
#4512 = DIRECTION ( 'NONE',  ( -0.000000000000000000, -0.000000000000000000, 1.000000000000000000 ) ) ;
#4513 = CARTESIAN_POINT ( 'NONE',  ( 1.879848193585311744, -35.54132929647559536, 1.000000000000000000 ) ) ;
#4514 = DIRECTION ( 'NONE',  ( -0.7071067811865483499, -0.7071067811865467956, 0.000000000000000000 ) ) ;
#4515 = ORIENTED_EDGE ( 'NONE', *, *, #7223, .T. ) ;
#4516 = DIRECTION ( 'NONE',  ( -0.000000000000000000, -0.000000000000000000, 1.000000000000000000 ) ) ;
#4517 = DIRECTION ( 'NONE',  ( 0.000000000000000000, 0.000000000000000000, -1.000000000000000000 ) ) ;
#4518 = CARTESIAN_POINT ( 'NONE',  ( 0.000000000000000000, -25.39999999999999858, -2.286000000000000032 ) ) ;
#4519 = CARTESIAN_POINT ( 'NONE',  ( -22.26149318942908550, -0.4799999999999999822, 1.000000000000000000 ) ) ;
#4520 = DIRECTION ( 'NONE',  ( 0.000000000000000000, 0.000000000000000000, 1.000000000000000000 ) ) ;
#4521 = CARTESIAN_POINT ( 'NONE',  ( -20.05838095116623521, -4.662796538894668608, 2.286000000000000032 ) ) ;
#4522 = FACE_OUTER_BOUND ( 'NONE', #977, .T. ) ;
#4523 = CARTESIAN_POINT ( 'NONE',  ( -5.199999999999995737, -6.699999999999997513, 3.049999999999999822 ) ) ;
#4524 = DIRECTION ( 'NONE',  ( -1.000000000000000000, 0.000000000000000000, 0.000000000000000000 ) ) ;
#4525 = ORIENTED_EDGE ( 'NONE', *, *, #4793, .T. ) ;
#4526 = EDGE_CURVE ( 'NONE', #2554, #3063, #2380, .T. ) ;
#4527 = CARTESIAN_POINT ( 'NONE',  ( -5.200000000000006395, -50.79999999999999716, 3.049999999999999822 ) ) ;
#4528 = EDGE_CURVE ( 'NONE', #6548, #5082, #2207, .T. ) ;
#4529 = CARTESIAN_POINT ( 'NONE',  ( -25.39999999999999858, 0.000000000000000000, 1.000000000000000000 ) ) ;
#4530 = VERTEX_POINT ( 'NONE', #276 ) ;
#4531 = ORIENTED_EDGE ( 'NONE', *, *, #10816, .F. ) ;
#4532 = DIRECTION ( 'NONE',  ( -2.556848660736790434E-16, -1.000000000000000000, 0.000000000000000000 ) ) ;
#4533 = PLANE ( 'NONE',  #563 ) ;
#4534 = EDGE_CURVE ( 'NONE', #7281, #11112, #10178, .T. ) ;
#4535 = EDGE_LOOP ( 'NONE', ( #1258, #4284, #12410, #2951, #10865, #10110 ) ) ;
#4536 = CARTESIAN_POINT ( 'NONE',  ( -25.39999999999999858, 5.199999999999999289, -1.000000000000000000 ) ) ;
#4537 = EDGE_LOOP ( 'NONE', ( #9490, #6221, #1937, #3243, #774, #5442, #8231, #6538 ) ) ;
#4538 = LINE ( 'NONE', #560, #11358 ) ;
#4539 = CARTESIAN_POINT ( 'NONE',  ( -15.25867070352440003, 1.879848193585309080, 2.286000000000000032 ) ) ;
#4540 = ORIENTED_EDGE ( 'NONE', *, *, #6606, .T. ) ;
#4541 = DIRECTION ( 'NONE',  ( -0.000000000000000000, 1.000000000000000000, -0.000000000000000000 ) ) ;
#4542 = ORIENTED_EDGE ( 'NONE', *, *, #10876, .F. ) ;
#4543 = CARTESIAN_POINT ( 'NONE',  ( -6.199999999999970868, -43.31862915010152904, -3.049999999999999822 ) ) ;
#4544 = ORIENTED_EDGE ( 'NONE', *, *, #6533, .T. ) ;
#4545 = ORIENTED_EDGE ( 'NONE', *, *, #10231, .T. ) ;
#4546 = LINE ( 'NONE', #12455, #3655 ) ;
#4547 = EDGE_CURVE ( 'NONE', #3104, #8944, #4381, .T. ) ;
#4548 = CARTESIAN_POINT ( 'NONE',  ( -25.39999999999999858, -5.199999999999999289, 1.000000000000000000 ) ) ;
#4549 = CARTESIAN_POINT ( 'NONE',  ( 0.000000000000000000, 0.000000000000000000, 1.000000000000000000 ) ) ;
#4550 = EDGE_CURVE ( 'NONE', #10420, #10137, #6134, .T. ) ;
#4551 = EDGE_LOOP ( 'NONE', ( #5233, #11036, #8890, #11997 ) ) ;
#4552 = LINE ( 'NONE', #3469, #12221 ) ;
#4553 = CYLINDRICAL_SURFACE ( 'NONE', #12359, 3.174999999999998934 ) ;
#4554 = ORIENTED_EDGE ( 'NONE', *, *, #3863, .T. ) ;
#4555 = LINE ( 'NONE', #8546, #9988 ) ;
#4556 = ORIENTED_EDGE ( 'NONE', *, *, #4255, .F. ) ;
#4557 = ORIENTED_EDGE ( 'NONE', *, *, #5, .F. ) ;
#4558 = EDGE_LOOP ( 'NONE', ( #9342, #9641, #10729, #382 ) ) ;
#4559 = ORIENTED_EDGE ( 'NONE', *, *, #5862, .F. ) ;
#4560 = EDGE_LOOP ( 'NONE', ( #5635, #1338, #10712, #6948 ) ) ;
#4561 = EDGE_CURVE ( 'NONE', #8235, #9366, #5348, .T. ) ;
#4562 = DIRECTION ( 'NONE',  ( -0.7071067811865479058, 0.7071067811865472397, 0.000000000000000000 ) ) ;
#4563 = LINE ( 'NONE', #4630, #11458 ) ;
#4564 = DIRECTION ( 'NONE',  ( 3.756290991288361679E-16, 1.000000000000000000, -0.000000000000000000 ) ) ;
#4565 = DIRECTION ( 'NONE',  ( 0.000000000000000000, 0.000000000000000000, 1.000000000000000000 ) ) ;
#4566 = ORIENTED_EDGE ( 'NONE', *, *, #4642, .T. ) ;
#4567 = ADVANCED_BREP_SHAPE_REPRESENTATION ( '228-2500-150', ( #6549, #4209 ), #7287 ) ;
#4568 = FACE_OUTER_BOUND ( 'NONE', #12546, .T. ) ;
#4569 = CARTESIAN_POINT ( 'NONE',  ( -1.879848193585295535, -22.84132929647558896, -1.000000000000000000 ) ) ;
#4570 = LINE ( 'NONE', #3349, #1104 ) ;
#4571 = AXIS2_PLACEMENT_3D ( 'NONE', #1400, #6468, #1519 ) ;
#4572 = ORIENTED_EDGE ( 'NONE', *, *, #1068, .T. ) ;
#4573 = LINE ( 'NONE', #9398, #5295 ) ;
#4574 = FACE_OUTER_BOUND ( 'NONE', #11072, .T. ) ;
#4575 = ORIENTED_EDGE ( 'NONE', *, *, #10290, .F. ) ;
#4576 = LINE ( 'NONE', #6444, #10584 ) ;
#4577 = AXIS2_PLACEMENT_3D ( 'NONE', #8383, #5613, #1638 ) ;
#4578 = VECTOR ( 'NONE', #9687, 1000.000000000000000 ) ;
#4579 = ADVANCED_FACE ( 'NONE', ( #4191 ), #3293, .F. ) ;
#4580 = CARTESIAN_POINT ( 'NONE',  ( 0.000000000000000000, 0.000000000000000000, -1.000000000000000000 ) ) ;
#4581 = LINE ( 'NONE', #8504, #1823 ) ;
#4582 = CARTESIAN_POINT ( 'NONE',  ( 3.654415587728436332, -6.349999999999996092, 1.000000000000000000 ) ) ;
#4583 = CARTESIAN_POINT ( 'NONE',  ( 0.000000000000000000, -50.79999999999999716, 1.000000000000000000 ) ) ;
#4584 = CARTESIAN_POINT ( 'NONE',  ( -0.4799999999999947642, 2.622574073917666756E-16, 1.000000000000000000 ) ) ;
#4585 = LINE ( 'NONE', #9410, #6226 ) ;
#4586 = DIRECTION ( 'NONE',  ( 1.000000000000000000, 0.000000000000000000, 0.000000000000000000 ) ) ;
#4587 = AXIS2_PLACEMENT_3D ( 'NONE', #5098, #5998, #4003 ) ;
#4588 = DIRECTION ( 'NONE',  ( -1.000000000000000000, 0.000000000000000000, -0.000000000000000000 ) ) ;
#4589 = VECTOR ( 'NONE', #2391, 1000.000000000000000 ) ;
#4590 = ORIENTED_EDGE ( 'NONE', *, *, #10816, .T. ) ;
#4591 = ORIENTED_EDGE ( 'NONE', *, *, #2358, .T. ) ;
#4592 = EDGE_CURVE ( 'NONE', #6761, #10427, #4432, .T. ) ;
#4593 = VECTOR ( 'NONE', #3319, 1000.000000000000000 ) ;
#4594 = EDGE_CURVE ( 'NONE', #2190, #10459, #4265, .T. ) ;
#4595 = CARTESIAN_POINT ( 'NONE',  ( -4.662796538894672160, -43.44161904883374348, 1.000000000000000000 ) ) ;
#4596 = AXIS2_PLACEMENT_3D ( 'NONE', #11828, #1038, #4760 ) ;
#4597 = DIRECTION ( 'NONE',  ( -0.000000000000000000, -0.000000000000000000, 1.000000000000000000 ) ) ;
#4598 = ORIENTED_EDGE ( 'NONE', *, *, #9909, .T. ) ;
#4599 = CARTESIAN_POINT ( 'NONE',  ( 0.000000000000000000, -50.79999999999999716, -1.001000000000000112 ) ) ;
#4600 = EDGE_LOOP ( 'NONE', ( #3034, #1011, #11261, #10276 ) ) ;
#4601 = CARTESIAN_POINT ( 'NONE',  ( -5.200000000000006395, -50.79999999999999716, 3.049999999999999822 ) ) ;
#4602 = CARTESIAN_POINT ( 'NONE',  ( -5.200000000000006395, -50.79999999999999716, 3.049999999999999822 ) ) ;
#4603 = VERTEX_POINT ( 'NONE', #12155 ) ;
#4605 = CARTESIAN_POINT ( 'NONE',  ( 1.879848193585295535, -27.95867070352440820, -1.000000000000000000 ) ) ;
#4604 = VECTOR ( 'NONE', #9277, 1000.000000000000114 ) ;
#4606 = VERTEX_POINT ( 'NONE', #3420 ) ;
#4607 = EDGE_CURVE ( 'NONE', #8656, #1269, #8115, .T. ) ;
#4608 = CARTESIAN_POINT ( 'NONE',  ( 5.002207793864222651, -5.002207793864207552, 1.000000000000000000 ) ) ;
#4609 = EDGE_LOOP ( 'NONE', ( #7974, #8458, #792, #7451 ) ) ;
#4610 = ADVANCED_FACE ( 'NONE', ( #7092 ), #11196, .F. ) ;
#4611 = EDGE_LOOP ( 'NONE', ( #8853, #2926, #12199, #4785, #1673, #4744, #5473, #2242, #6273, #3415 ) ) ;
#4612 = CARTESIAN_POINT ( 'NONE',  ( 0.000000000000000000, 0.000000000000000000, -1.000000000000000000 ) ) ;
#4613 = AXIS2_PLACEMENT_3D ( 'NONE', #1436, #4517, #10300 ) ;
#4614 = CARTESIAN_POINT ( 'NONE',  ( 0.4799999999999990941, -3.138506810570912187, -2.286000000000000032 ) ) ;
#4615 = LINE ( 'NONE', #6676, #12456 ) ;
#4616 = ORIENTED_EDGE ( 'NONE', *, *, #1657, .F. ) ;
#4617 = AXIS2_PLACEMENT_3D ( 'NONE', #656, #8492, #522 ) ;
#4618 = DIRECTION ( 'NONE',  ( 2.556848660736790434E-16, 1.000000000000000000, 0.000000000000000000 ) ) ;
#4619 = CARTESIAN_POINT ( 'NONE',  ( -22.81552471476314992, -1.905652775297738133, -2.286000000000000032 ) ) ;
#4620 = ORIENTED_EDGE ( 'NONE', *, *, #3660, .F. ) ;
#4621 = DIRECTION ( 'NONE',  ( 0.7071067811865495711, -0.7071067811865454633, 0.000000000000000000 ) ) ;
#4622 = EDGE_LOOP ( 'NONE', ( #10711, #11623, #12578, #7525 ) ) ;
#4623 = ORIENTED_EDGE ( 'NONE', *, *, #12302, .T. ) ;
#4624 = EDGE_CURVE ( 'NONE', #10124, #5037, #5160, .T. ) ;
#4625 = ORIENTED_EDGE ( 'NONE', *, *, #10815, .F. ) ;
#4626 = EDGE_LOOP ( 'NONE', ( #9917, #4102, #10064, #2474, #11099, #2290 ) ) ;
#4627 = VECTOR ( 'NONE', #603, 1000.000000000000000 ) ;
#4628 = VERTEX_POINT ( 'NONE', #12035 ) ;
#4629 = LINE ( 'NONE', #11561, #8473 ) ;
#4630 = CARTESIAN_POINT ( 'NONE',  ( -0.4800000000000287370, -3.798235001099383556E-16, -1.000000000000000000 ) ) ;
#4631 = CARTESIAN_POINT ( 'NONE',  ( -19.04999999999999716, 3.654415587728427450, -3.049999999999999822 ) ) ;
#4632 = DIRECTION ( 'NONE',  ( 0.7071067811865477948, 0.7071067811865473507, 0.000000000000000000 ) ) ;
#4633 = VECTOR ( 'NONE', #7607, 1000.000000000000000 ) ;
#4634 = ORIENTED_EDGE ( 'NONE', *, *, #5412, .F. ) ;
#4635 = FACE_OUTER_BOUND ( 'NONE', #8479, .T. ) ;
#4636 = DIRECTION ( 'NONE',  ( 0.7071067811865471286, 0.7071067811865479058, -0.000000000000000000 ) ) ;
#4637 = ORIENTED_EDGE ( 'NONE', *, *, #2887, .T. ) ;
#4638 = DIRECTION ( 'NONE',  ( -1.000000000000000000, 0.000000000000000000, 0.000000000000000000 ) ) ;
#4639 = AXIS2_PLACEMENT_3D ( 'NONE', #10105, #6381, #5404 ) ;
#4640 = CARTESIAN_POINT ( 'NONE',  ( 2.558670703524396295, -14.57984819358531503, 1.000000000000000000 ) ) ;
#4641 = ORIENTED_EDGE ( 'NONE', *, *, #9824, .F. ) ;
#4642 = EDGE_CURVE ( 'NONE', #6722, #9449, #9139, .T. ) ;
#4643 = EDGE_CURVE ( 'NONE', #3466, #8669, #7220, .T. ) ;
#4644 = VECTOR ( 'NONE', #6261, 1000.000000000000114 ) ;
#4645 = EDGE_CURVE ( 'NONE', #11395, #9749, #11134, .T. ) ;
#4646 = VECTOR ( 'NONE', #10476, 999.9999999999998863 ) ;
#4647 = LINE ( 'NONE', #10497, #5110 ) ;
#4648 = ADVANCED_FACE ( 'NONE', ( #2326 ), #6252, .F. ) ;
#4649 = PLANE ( 'NONE',  #4474 ) ;
#4650 = FACE_OUTER_BOUND ( 'NONE', #5241, .T. ) ;
#4651 = LINE ( 'NONE', #7614, #3001 ) ;
#4652 = DIRECTION ( 'NONE',  ( -2.556848660736790434E-16, -1.000000000000000000, 0.000000000000000000 ) ) ;
#4653 = DIRECTION ( 'NONE',  ( 0.7071067811865461294, -0.7071067811865489050, 0.000000000000000000 ) ) ;
#4654 = CIRCLE ( 'NONE', #5264, 3.174999999999998934 ) ;
#4655 = DIRECTION ( 'NONE',  ( 0.000000000000000000, 0.000000000000000000, 1.000000000000000000 ) ) ;
#4656 = VECTOR ( 'NONE', #9112, 1000.000000000000000 ) ;
#4657 = DIRECTION ( 'NONE',  ( -0.7071067811865465735, -0.7071067811865483499, 0.000000000000000000 ) ) ;
#4658 = CARTESIAN_POINT ( 'NONE',  ( 0.000000000000000000, -12.69999999999999929, 1.000000000000000000 ) ) ;
#4659 = VECTOR ( 'NONE', #2922, 1000.000000000000000 ) ;
#4660 = EDGE_CURVE ( 'NONE', #252, #6232, #5878, .T. ) ;
#4661 = CARTESIAN_POINT ( 'NONE',  ( -11.35220779386420986, -11.35220779386418144, -1.000000000000000000 ) ) ;
#4662 = VECTOR ( 'NONE', #12385, 1000.000000000000000 ) ;
#4663 = ORIENTED_EDGE ( 'NONE', *, *, #1117, .F. ) ;
#4664 = VECTOR ( 'NONE', #11086, 1000.000000000000000 ) ;
#4665 = FACE_BOUND ( 'NONE', #3833, .T. ) ;
#4666 = CARTESIAN_POINT ( 'NONE',  ( 5.200000000000000178, 6.368163355566235395E-16, -2.286000000000000032 ) ) ;
#4667 = ORIENTED_EDGE ( 'NONE', *, *, #11720, .F. ) ;
#4668 = CARTESIAN_POINT ( 'NONE',  ( -6.199999999999990408, -6.699999999999999289, -1.000000000000000000 ) ) ;
#4669 = ORIENTED_EDGE ( 'NONE', *, *, #6981, .T. ) ;
#4670 = FACE_OUTER_BOUND ( 'NONE', #3527, .T. ) ;
#4671 = LINE ( 'NONE', #8845, #1148 ) ;
#4672 = ORIENTED_EDGE ( 'NONE', *, *, #9462, .F. ) ;
#4673 = AXIS2_PLACEMENT_3D ( 'NONE', #9031, #9738, #8842 ) ;
#4674 = EDGE_CURVE ( 'NONE', #9171, #7757, #5601, .T. ) ;
#4675 = ORIENTED_EDGE ( 'NONE', *, *, #2477, .T. ) ;
#4676 = LINE ( 'NONE', #2685, #7782 ) ;
#4677 = EDGE_LOOP ( 'NONE', ( #9524, #3969, #1729, #4190, #1595, #8824, #6403, #9364 ) ) ;
#4678 = DIRECTION ( 'NONE',  ( 1.000000000000000000, -5.463695987328531367E-16, 0.000000000000000000 ) ) ;
#4679 = VECTOR ( 'NONE', #605, 1000.000000000000000 ) ;
#4680 = VECTOR ( 'NONE', #8628, 1000.000000000000000 ) ;
#4681 = CARTESIAN_POINT ( 'NONE',  ( -2.558670703524396739, -10.82015180641468532, -1.000000000000000000 ) ) ;
#4682 = LINE ( 'NONE', #12580, #4662 ) ;
#4683 = VERTEX_POINT ( 'NONE', #6511 ) ;
#4684 = PLANE ( 'NONE',  #6891 ) ;
#4685 = CARTESIAN_POINT ( 'NONE',  ( 5.200000000000000178, -30.20441558772845525, -2.286000000000000032 ) ) ;
#4686 = ORIENTED_EDGE ( 'NONE', *, *, #5113, .F. ) ;
#4687 = EDGE_CURVE ( 'NONE', #4791, #5588, #9780, .T. ) ;
#4688 = LINE ( 'NONE', #6419, #4646 ) ;
#4689 = ADVANCED_FACE ( 'NONE', ( #5474 ), #1812, .T. ) ;
#4690 = ORIENTED_EDGE ( 'NONE', *, *, #10061, .T. ) ;
#4691 = VECTOR ( 'NONE', #4149, 1000.000000000000000 ) ;
#4692 = ORIENTED_EDGE ( 'NONE', *, *, #11349, .F. ) ;
#4693 = CIRCLE ( 'NONE', #6337, 1.499999999999997780 ) ;
#4694 = ORIENTED_EDGE ( 'NONE', *, *, #4453, .F. ) ;
#4695 = ORIENTED_EDGE ( 'NONE', *, *, #4920, .T. ) ;
#4696 = CIRCLE ( 'NONE', #11881, 2.100000000000000977 ) ;
#4697 = DIRECTION ( 'NONE',  ( -1.000000000000000000, 0.000000000000000000, 0.000000000000000000 ) ) ;
#4698 = CARTESIAN_POINT ( 'NONE',  ( 1.905652775297737245, -48.21552471476314849, 2.286000000000000032 ) ) ;
#4699 = DIRECTION ( 'NONE',  ( 1.000000000000000000, 0.000000000000000000, 0.000000000000000000 ) ) ;
#4700 = DIRECTION ( 'NONE',  ( 2.556848660736790434E-16, 1.000000000000000000, 0.000000000000000000 ) ) ;
#4701 = EDGE_LOOP ( 'NONE', ( #4859, #8806, #11357, #2695, #1605, #2607 ) ) ;
#4702 = EDGE_CURVE ( 'NONE', #84, #1195, #4573, .T. ) ;
#4703 = CARTESIAN_POINT ( 'NONE',  ( -19.04999999999999716, 3.654415587728427450, 3.049999999999999822 ) ) ;
#4704 = AXIS2_PLACEMENT_3D ( 'NONE', #1662, #3584, #8538 ) ;
#4705 = FACE_OUTER_BOUND ( 'NONE', #1686, .T. ) ;
#4706 = VERTEX_POINT ( 'NONE', #12346 ) ;
#4707 = CYLINDRICAL_SURFACE ( 'NONE', #11863, 2.100000000000000089 ) ;
#4708 = FACE_OUTER_BOUND ( 'NONE', #3095, .T. ) ;
#4709 = CARTESIAN_POINT ( 'NONE',  ( 0.000000000000000000, -25.39999999999999858, 1.000000000000000000 ) ) ;
#4710 = EDGE_LOOP ( 'NONE', ( #7399, #8397, #9179, #8778 ) ) ;
#4711 = AXIS2_PLACEMENT_3D ( 'NONE', #2875, #6924, #9748 ) ;
#4712 = CARTESIAN_POINT ( 'NONE',  ( -3.138506810570912187, 0.4799999999999999822, -1.000000000000000000 ) ) ;
#4713 = CARTESIAN_POINT ( 'NONE',  ( 4.662796538894684595, -18.04161904883375911, -2.286000000000000920 ) ) ;
#4714 = PLANE ( 'NONE',  #4282 ) ;
#4715 = FACE_OUTER_BOUND ( 'NONE', #1307, .T. ) ;
#4716 = ADVANCED_FACE ( 'NONE', ( #9522 ), #11511, .T. ) ;
#4717 = EDGE_CURVE ( 'NONE', #7343, #2712, #1746, .T. ) ;
#4718 = DIRECTION ( 'NONE',  ( -0.000000000000000000, -0.000000000000000000, 1.000000000000000000 ) ) ;
#4719 = CARTESIAN_POINT ( 'NONE',  ( 0.000000000000000000, 0.000000000000000000, 1.000000000000000000 ) ) ;
#4720 = PLANE ( 'NONE',  #5393 ) ;
#4721 = EDGE_CURVE ( 'NONE', #6462, #11954, #375, .T. ) ;
#4722 = ADVANCED_FACE ( 'NONE', ( #8564 ), #12483, .T. ) ;
#4723 = LINE ( 'NONE', #5614, #11004 ) ;
#4724 = PLANE ( 'NONE',  #12400 ) ;
#4725 = CARTESIAN_POINT ( 'NONE',  ( -6.199999999999970868, -43.31862915010152904, -3.049999999999999822 ) ) ;
#4726 = ORIENTED_EDGE ( 'NONE', *, *, #5310, .F. ) ;
#4727 = DIRECTION ( 'NONE',  ( 0.000000000000000000, 0.000000000000000000, 1.000000000000000000 ) ) ;
#4728 = CARTESIAN_POINT ( 'NONE',  ( 2.558670703524391410, -10.82015180641467822, -2.286000000000000032 ) ) ;
#4729 = ADVANCED_FACE ( 'NONE', ( #2709 ), #4707, .F. ) ;
#4730 = ORIENTED_EDGE ( 'NONE', *, *, #8714, .F. ) ;
#4731 = FACE_OUTER_BOUND ( 'NONE', #10735, .T. ) ;
#4732 = ORIENTED_EDGE ( 'NONE', *, *, #2023, .F. ) ;
#4733 = LINE ( 'NONE', #6982, #9937 ) ;
#4734 = FACE_OUTER_BOUND ( 'NONE', #6367, .T. ) ;
#4735 = ORIENTED_EDGE ( 'NONE', *, *, #11636, .T. ) ;
#4736 = ORIENTED_EDGE ( 'NONE', *, *, #8060, .F. ) ;
#4737 = CARTESIAN_POINT ( 'NONE',  ( -2.558670703524394519, -14.57984819358531681, 1.000000000000000000 ) ) ;
#4738 = ORIENTED_EDGE ( 'NONE', *, *, #9869, .F. ) ;
#4739 = LINE ( 'NONE', #11607, #1186 ) ;
#4740 = EDGE_CURVE ( 'NONE', #842, #674, #3545, .T. ) ;
#4741 = ORIENTED_EDGE ( 'NONE', *, *, #1832, .F. ) ;
#4742 = FACE_OUTER_BOUND ( 'NONE', #2566, .T. ) ;
#4743 = LINE ( 'NONE', #3778, #5277 ) ;
#4744 = ORIENTED_EDGE ( 'NONE', *, *, #8795, .T. ) ;
#4745 = CARTESIAN_POINT ( 'NONE',  ( -1.879848193585311078, -40.65867070352439328, 2.286000000000000032 ) ) ;
#4746 = CARTESIAN_POINT ( 'NONE',  ( 6.199999999999994849, -30.61862915010155817, 3.049999999999999822 ) ) ;
#4747 = ORIENTED_EDGE ( 'NONE', *, *, #11631, .T. ) ;
#4748 = DIRECTION ( 'NONE',  ( -0.000000000000000000, -0.000000000000000000, 1.000000000000000000 ) ) ;
#4749 = ORIENTED_EDGE ( 'NONE', *, *, #1885, .T. ) ;
#4750 = ORIENTED_EDGE ( 'NONE', *, *, #10029, .F. ) ;
#4751 = VERTEX_POINT ( 'NONE', #8496 ) ;
#4752 = VERTEX_POINT ( 'NONE', #2516 ) ;
#4753 = EDGE_CURVE ( 'NONE', #391, #8980, #10433, .T. ) ;
#4754 = DIRECTION ( 'NONE',  ( 0.000000000000000000, 0.000000000000000000, 1.000000000000000000 ) ) ;
#4755 = EDGE_CURVE ( 'NONE', #12631, #7004, #6634, .T. ) ;
#4756 = LINE ( 'NONE', #8621, #3061 ) ;
#4757 = DIRECTION ( 'NONE',  ( -0.000000000000000000, -0.000000000000000000, -1.000000000000000000 ) ) ;
#4758 = VERTEX_POINT ( 'NONE', #6436 ) ;
#4759 = DIRECTION ( 'NONE',  ( -0.7071067811865476838, 0.7071067811865474617, 0.000000000000000000 ) ) ;
#4760 = DIRECTION ( 'NONE',  ( -1.000000000000000000, 0.000000000000000000, -0.000000000000000000 ) ) ;
#4761 = ORIENTED_EDGE ( 'NONE', *, *, #4483, .F. ) ;
#4762 = CARTESIAN_POINT ( 'NONE',  ( -5.200000000000001066, -30.20441558772839485, 3.049999999999999822 ) ) ;
#4763 = DIRECTION ( 'NONE',  ( -2.556848660736790434E-16, -1.000000000000000000, -0.000000000000000000 ) ) ;
#4764 = DIRECTION ( 'NONE',  ( 0.7071067811865500152, 0.7071067811865451302, 0.000000000000000000 ) ) ;
#4765 = VERTEX_POINT ( 'NONE', #6579 ) ;
#4766 = CYLINDRICAL_SURFACE ( 'NONE', #5931, 3.174999999999999822 ) ;
#4767 = EDGE_CURVE ( 'NONE', #6251, #8015, #10359, .T. ) ;
#4768 = CARTESIAN_POINT ( 'NONE',  ( -25.39999999999999858, 0.000000000000000000, 3.049999999999999822 ) ) ;
#4769 = CARTESIAN_POINT ( 'NONE',  ( 4.662796538894668608, -45.45838095116622668, 2.286000000000000032 ) ) ;
#4770 = DIRECTION ( 'NONE',  ( -1.000000000000000000, 0.000000000000000000, 0.000000000000000000 ) ) ;
#4771 = LINE ( 'NONE', #8693, #3587 ) ;
#4772 = DIRECTION ( 'NONE',  ( 0.7071067811865474617, 0.7071067811865474617, 0.000000000000000000 ) ) ;
#4773 = CARTESIAN_POINT ( 'NONE',  ( -1.879848193585310190, -15.25867070352440003, -2.286000000000000032 ) ) ;
#4774 = PLANE ( 'NONE',  #11608 ) ;
#4775 = DIRECTION ( 'NONE',  ( 0.000000000000000000, 0.000000000000000000, 1.000000000000000000 ) ) ;
#4776 = AXIS2_PLACEMENT_3D ( 'NONE', #5132, #8080, #12127 ) ;
#4777 = LINE ( 'NONE', #3819, #10368 ) ;
#4778 = EDGE_CURVE ( 'NONE', #99, #8081, #12543, .T. ) ;
#4779 = EDGE_LOOP ( 'NONE', ( #3272, #1232, #12394, #221, #7423, #12193, #11528 ) ) ;
#4780 = EDGE_CURVE ( 'NONE', #10007, #2802, #3737, .T. ) ;
#4781 = EDGE_CURVE ( 'NONE', #294, #1911, #846, .T. ) ;
#4782 = DIRECTION ( 'NONE',  ( 1.000000000000000000, 0.000000000000000000, 0.000000000000000000 ) ) ;
#4783 = DIRECTION ( 'NONE',  ( 1.000000000000000000, 0.000000000000000000, 0.000000000000000000 ) ) ;
#4784 = CIRCLE ( 'NONE', #5605, 3.174999999999999822 ) ;
#4785 = ORIENTED_EDGE ( 'NONE', *, *, #9038, .F. ) ;
#4786 = DIRECTION ( 'NONE',  ( -0.000000000000000000, -0.000000000000000000, 1.000000000000000000 ) ) ;
#4787 = VECTOR ( 'NONE', #801, 1000.000000000000000 ) ;
#4788 = ORIENTED_EDGE ( 'NONE', *, *, #3305, .F. ) ;
#4789 = LINE ( 'NONE', #4857, #3360 ) ;
#4790 = DIRECTION ( 'NONE',  ( -0.7071067811865461294, 0.7071067811865489050, 0.000000000000000000 ) ) ;
#4791 = VERTEX_POINT ( 'NONE', #3489 ) ;
#4792 = ORIENTED_EDGE ( 'NONE', *, *, #6148, .F. ) ;
#4793 = EDGE_CURVE ( 'NONE', #8998, #7593, #12064, .T. ) ;
#4794 = EDGE_CURVE ( 'NONE', #8329, #7915, #3798, .T. ) ;
#4795 = CARTESIAN_POINT ( 'NONE',  ( 2.558670703524401624, -39.97984819358529762, -2.286000000000000032 ) ) ;
#4796 = EDGE_LOOP ( 'NONE', ( #8515, #3516, #8208, #7730, #8230, #6154, #12168 ) ) ;
#4797 = ADVANCED_FACE ( 'NONE', ( #6822 ), #973, .F. ) ;
#4798 = AXIS2_PLACEMENT_3D ( 'NONE', #3924, #5788, #4953 ) ;
#4799 = EDGE_CURVE ( 'NONE', #12207, #8862, #2964, .T. ) ;
#4800 = DIRECTION ( 'NONE',  ( -0.000000000000000000, -0.000000000000000000, 1.000000000000000000 ) ) ;
#4801 = ORIENTED_EDGE ( 'NONE', *, *, #3701, .F. ) ;
#4802 = DIRECTION ( 'NONE',  ( 0.000000000000000000, 0.000000000000000000, -1.000000000000000000 ) ) ;
#4803 = CARTESIAN_POINT ( 'NONE',  ( 1.879848193585299310, -2.558670703524407397, -1.000000000000000000 ) ) ;
#4804 = ORIENTED_EDGE ( 'NONE', *, *, #1684, .T. ) ;
#4805 = VECTOR ( 'NONE', #11995, 1000.000000000000000 ) ;
#4806 = DIRECTION ( 'NONE',  ( -1.000000000000000000, 0.000000000000000000, 0.000000000000000000 ) ) ;
#4807 = CARTESIAN_POINT ( 'NONE',  ( -3.138506810570912187, -0.4799999999999999822, -2.286000000000000032 ) ) ;
#4808 = LINE ( 'NONE', #10857, #267 ) ;
#4809 = ORIENTED_EDGE ( 'NONE', *, *, #11322, .T. ) ;
#4810 = CARTESIAN_POINT ( 'NONE',  ( -5.199999999999998401, -17.22117749006089937, 1.000000000000000000 ) ) ;
#4811 = ORIENTED_EDGE ( 'NONE', *, *, #8791, .T. ) ;
#4812 = EDGE_CURVE ( 'NONE', #2568, #6368, #7969, .T. ) ;
#4813 = EDGE_LOOP ( 'NONE', ( #9396, #6773, #3082, #3309 ) ) ;
#4814 = VECTOR ( 'NONE', #5751, 1000.000000000000114 ) ;
#4815 = ORIENTED_EDGE ( 'NONE', *, *, #9026, .F. ) ;
#4816 = CYLINDRICAL_SURFACE ( 'NONE', #4041, 3.175000000000000711 ) ;
#4817 = AXIS2_PLACEMENT_3D ( 'NONE', #5010, #2001, #11699 ) ;
#4818 = CARTESIAN_POINT ( 'NONE',  ( -3.174999999999998934, -50.79999999999999716, 2.286000000000000032 ) ) ;
#4819 = DIRECTION ( 'NONE',  ( 1.000000000000000000, 0.000000000000000000, 0.000000000000000000 ) ) ;
#4820 = VERTEX_POINT ( 'NONE', #3926 ) ;
#4821 = CARTESIAN_POINT ( 'NONE',  ( -9.561493189429086215, 0.4799999999999999822, -1.000000000000000000 ) ) ;
#4822 = FACE_OUTER_BOUND ( 'NONE', #10224, .T. ) ;
#4823 = ORIENTED_EDGE ( 'NONE', *, *, #10505, .F. ) ;
#4824 = LINE ( 'NONE', #11702, #6530 ) ;
#4825 = AXIS2_PLACEMENT_3D ( 'NONE', #11704, #4827, #2902 ) ;
#4826 = DIRECTION ( 'NONE',  ( -1.000000000000000000, 0.000000000000000000, 0.000000000000000000 ) ) ;
#4827 = DIRECTION ( 'NONE',  ( -0.000000000000000000, -0.000000000000000000, 1.000000000000000000 ) ) ;
#4828 = VERTEX_POINT ( 'NONE', #8681 ) ;
#4829 = ADVANCED_FACE ( 'NONE', ( #8747 ), #6766, .F. ) ;
#4830 = AXIS2_PLACEMENT_3D ( 'NONE', #4703, #9321, #7468 ) ;
#4831 = ORIENTED_EDGE ( 'NONE', *, *, #4255, .T. ) ;
#4832 = CARTESIAN_POINT ( 'NONE',  ( -2.584475285236817577, -27.30565277529775869, -2.286000000000000032 ) ) ;
#4833 = DIRECTION ( 'NONE',  ( 0.000000000000000000, 0.000000000000000000, 1.000000000000000000 ) ) ;
#4834 = CYLINDRICAL_SURFACE ( 'NONE', #2228, 3.174999999999998934 ) ;
#4835 = CARTESIAN_POINT ( 'NONE',  ( -2.558670703524395407, -14.57984819358531681, 2.286000000000000032 ) ) ;
#4836 = VECTOR ( 'NONE', #5142, 1000.000000000000000 ) ;
#4837 = DIRECTION ( 'NONE',  ( 0.000000000000000000, 0.000000000000000000, 1.000000000000000000 ) ) ;
#4838 = LINE ( 'NONE', #8694, #2330 ) ;
#4839 = CARTESIAN_POINT ( 'NONE',  ( 5.200000000000000178, -30.20441558772845525, 3.049999999999999822 ) ) ;
#4840 = CARTESIAN_POINT ( 'NONE',  ( -5.200000000000006395, -50.79999999999999716, -2.286000000000000032 ) ) ;
#4841 = LINE ( 'NONE', #4914, #10564 ) ;
#4842 = VECTOR ( 'NONE', #5355, 1000.000000000000000 ) ;
#4843 = AXIS2_PLACEMENT_3D ( 'NONE', #1474, #1669, #5388 ) ;
#4844 = EDGE_CURVE ( 'NONE', #8652, #5879, #5013, .T. ) ;
#4845 = CARTESIAN_POINT ( 'NONE',  ( -23.49434722470223491, -2.584475285236821129, -2.286000000000000032 ) ) ;
#4846 = VECTOR ( 'NONE', #9725, 1000.000000000000000 ) ;
#4847 = ORIENTED_EDGE ( 'NONE', *, *, #9415, .T. ) ;
#4848 = VECTOR ( 'NONE', #5729, 1000.000000000000114 ) ;
#4849 = DIRECTION ( 'NONE',  ( -0.000000000000000000, -0.000000000000000000, -1.000000000000000000 ) ) ;
#4850 = VECTOR ( 'NONE', #10725, 1000.000000000000000 ) ;
#4851 = DIRECTION ( 'NONE',  ( 0.7071067811865483499, 0.7071067811865467956, -0.000000000000000000 ) ) ;
#4852 = ORIENTED_EDGE ( 'NONE', *, *, #5045, .F. ) ;
#4853 = DIRECTION ( 'NONE',  ( 0.000000000000000000, 0.000000000000000000, 1.000000000000000000 ) ) ;
#4854 = VECTOR ( 'NONE', #676, 1000.000000000000114 ) ;
#4855 = VERTEX_POINT ( 'NONE', #10806 ) ;
#4856 = EDGE_CURVE ( 'NONE', #2503, #9504, #8938, .T. ) ;
#4857 = CARTESIAN_POINT ( 'NONE',  ( -15.87500000000000000, -0.4799999999999999822, -2.286000000000000032 ) ) ;
#4858 = DIRECTION ( 'NONE',  ( -0.7071067811865467956, 0.7071067811865483499, 0.000000000000000000 ) ) ;
#4859 = ORIENTED_EDGE ( 'NONE', *, *, #4254, .F. ) ;
#4860 = AXIS2_PLACEMENT_3D ( 'NONE', #9633, #8605, #3657 ) ;
#4861 = VECTOR ( 'NONE', #4851, 999.9999999999998863 ) ;
#4862 = VERTEX_POINT ( 'NONE', #10875 ) ;
#4863 = LINE ( 'NONE', #4026, #8603 ) ;
#4864 = ORIENTED_EDGE ( 'NONE', *, *, #6926, .F. ) ;
#4865 = VECTOR ( 'NONE', #2043, 1000.000000000000000 ) ;
#4866 = DIRECTION ( 'NONE',  ( -0.7071067811865479058, 0.7071067811865472397, 0.000000000000000000 ) ) ;
#4867 = EDGE_LOOP ( 'NONE', ( #2739, #12057, #1840, #7965 ) ) ;
#4868 = DIRECTION ( 'NONE',  ( 1.000000000000000000, 0.000000000000000000, 0.000000000000000000 ) ) ;
#4869 = LINE ( 'NONE', #10970, #353 ) ;
#4870 = AXIS2_PLACEMENT_3D ( 'NONE', #4393, #4334, #6329 ) ;
#4871 = ORIENTED_EDGE ( 'NONE', *, *, #8481, .T. ) ;
#4872 = EDGE_CURVE ( 'NONE', #645, #12206, #2068, .T. ) ;
#4873 = EDGE_CURVE ( 'NONE', #5628, #10997, #4824, .T. ) ;
#4874 = CARTESIAN_POINT ( 'NONE',  ( -25.39999999999999858, 5.199999999999999289, 3.049999999999999822 ) ) ;
#4875 = CARTESIAN_POINT ( 'NONE',  ( 0.000000000000000000, -38.09999999999999432, 1.000000000000000000 ) ) ;
#4876 = LINE ( 'NONE', #10723, #465 ) ;
#4877 = EDGE_CURVE ( 'NONE', #7197, #3728, #9710, .T. ) ;
#4878 = VERTEX_POINT ( 'NONE', #12670 ) ;
#4879 = ADVANCED_FACE ( 'NONE', ( #2899 ), #9903, .T. ) ;
#4880 = PLANE ( 'NONE',  #3004 ) ;
#4881 = VERTEX_POINT ( 'NONE', #11831 ) ;
#4882 = ORIENTED_EDGE ( 'NONE', *, *, #1000, .F. ) ;
#4883 = VECTOR ( 'NONE', #9658, 1000.000000000000000 ) ;
#4884 = AXIS2_PLACEMENT_3D ( 'NONE', #284, #3239, #4389 ) ;
#4885 = ORIENTED_EDGE ( 'NONE', *, *, #7942, .F. ) ;
#4886 = CARTESIAN_POINT ( 'NONE',  ( -12.69999999999999929, 0.000000000000000000, 2.286000000000000032 ) ) ;
#4887 = DIRECTION ( 'NONE',  ( -0.000000000000000000, -0.000000000000000000, -1.000000000000000000 ) ) ;
#4888 = DIRECTION ( 'NONE',  ( -0.000000000000000000, -0.000000000000000000, 1.000000000000000000 ) ) ;
#4889 = ORIENTED_EDGE ( 'NONE', *, *, #7256, .T. ) ;
#4890 = EDGE_CURVE ( 'NONE', #1448, #11568, #1398, .T. ) ;
#4891 = CARTESIAN_POINT ( 'NONE',  ( -2.100000000000000089, -25.39999999999999858, -2.286000000000000032 ) ) ;
#4892 = CARTESIAN_POINT ( 'NONE',  ( -25.39999999999999858, 0.000000000000000000, -2.286000000000000032 ) ) ;
#4893 = ORIENTED_EDGE ( 'NONE', *, *, #11152, .T. ) ;
#4894 = AXIS2_PLACEMENT_3D ( 'NONE', #3536, #2508, #651 ) ;
#4895 = CARTESIAN_POINT ( 'NONE',  ( 0.000000000000000000, -12.69999999999999929, -1.000000000000000000 ) ) ;
#4896 = AXIS2_PLACEMENT_3D ( 'NONE', #1563, #10561, #5483 ) ;
#4897 = DIRECTION ( 'NONE',  ( 0.000000000000000000, 0.000000000000000000, -1.000000000000000000 ) ) ;
#4898 = CARTESIAN_POINT ( 'NONE',  ( -6.199999999999976197, -29.20441558772841617, 3.049999999999999822 ) ) ;
#4899 = EDGE_LOOP ( 'NONE', ( #10647, #4146, #9820, #3246 ) ) ;
#4900 = VECTOR ( 'NONE', #1687, 1000.000000000000000 ) ;
#4901 = ORIENTED_EDGE ( 'NONE', *, *, #9825, .T. ) ;
#4902 = CARTESIAN_POINT ( 'NONE',  ( 2.584475285236821129, -48.89434722470223704, 2.286000000000000032 ) ) ;
#4903 = VECTOR ( 'NONE', #3896, 1000.000000000000000 ) ;
#4904 = AXIS2_PLACEMENT_3D ( 'NONE', #9058, #7972, #8092 ) ;
#4905 = CARTESIAN_POINT ( 'NONE',  ( -5.200000000000006395, -50.79999999999999716, -2.286000000000000032 ) ) ;
#4906 = FACE_OUTER_BOUND ( 'NONE', #3134, .T. ) ;
#4907 = DIRECTION ( 'NONE',  ( 0.000000000000000000, 0.000000000000000000, 1.000000000000000000 ) ) ;
#4908 = EDGE_CURVE ( 'NONE', #2375, #4118, #4955, .T. ) ;
#4909 = CARTESIAN_POINT ( 'NONE',  ( -0.4800000000000034239, -15.83850681057091059, 1.000000000000000000 ) ) ;
#4910 = CARTESIAN_POINT ( 'NONE',  ( 4.662796538894688148, -43.44161904883375058, -2.286000000000000920 ) ) ;
#4911 = CARTESIAN_POINT ( 'NONE',  ( 5.200000000000000178, 6.368163355566235395E-16, -3.049999999999999822 ) ) ;
#4912 = VECTOR ( 'NONE', #1972, 1000.000000000000114 ) ;
#4913 = DIRECTION ( 'NONE',  ( 0.000000000000000000, 0.000000000000000000, 1.000000000000000000 ) ) ;
#4914 = CARTESIAN_POINT ( 'NONE',  ( -12.36058874503047633, -12.36058874503055627, 1.000000000000000000 ) ) ;
#4915 = DIRECTION ( 'NONE',  ( 0.7071067811865452413, 0.7071067811865497932, -0.000000000000000000 ) ) ;
#4916 = EDGE_LOOP ( 'NONE', ( #1152, #7824, #5447, #9521 ) ) ;
#4917 = CARTESIAN_POINT ( 'NONE',  ( 5.200000000000000178, -50.79999999999999716, -3.049999999999999822 ) ) ;
#4918 = DIRECTION ( 'NONE',  ( -1.000000000000000000, 0.000000000000000000, 0.000000000000000000 ) ) ;
#4919 = EDGE_CURVE ( 'NONE', #6351, #6291, #4546, .T. ) ;
#4920 = EDGE_CURVE ( 'NONE', #5912, #8462, #4739, .T. ) ;
#4921 = VERTEX_POINT ( 'NONE', #6478 ) ;
#4922 = CARTESIAN_POINT ( 'NONE',  ( 3.654415587728422565, -44.45000000000000995, 3.049999999999999822 ) ) ;
#4923 = ORIENTED_EDGE ( 'NONE', *, *, #2435, .T. ) ;
#4924 = DIRECTION ( 'NONE',  ( -0.000000000000000000, -0.000000000000000000, -1.000000000000000000 ) ) ;
#4925 = CARTESIAN_POINT ( 'NONE',  ( -7.358380951166246575, 4.662796538894677489, 2.286000000000000032 ) ) ;
#4926 = VERTEX_POINT ( 'NONE', #1661 ) ;
#4927 = ORIENTED_EDGE ( 'NONE', *, *, #1100, .F. ) ;
#4928 = CARTESIAN_POINT ( 'NONE',  ( 5.200000000000000178, -4.521177490060923176, 2.286000000000000032 ) ) ;
#4929 = ORIENTED_EDGE ( 'NONE', *, *, #92, .F. ) ;
#4930 = EDGE_CURVE ( 'NONE', #9052, #3776, #3775, .T. ) ;
#4931 = DIRECTION ( 'NONE',  ( 0.000000000000000000, 0.000000000000000000, -1.000000000000000000 ) ) ;
#4932 = EDGE_LOOP ( 'NONE', ( #500, #2415, #2946, #8253 ) ) ;
#4933 = CARTESIAN_POINT ( 'NONE',  ( -17.22117749006090648, -5.199999999999999289, 3.049999999999999822 ) ) ;
#4934 = CARTESIAN_POINT ( 'NONE',  ( 3.654415587728422565, -44.45000000000000995, 3.049999999999999822 ) ) ;
#4935 = ORIENTED_EDGE ( 'NONE', *, *, #8341, .F. ) ;
#4936 = DIRECTION ( 'NONE',  ( 0.000000000000000000, 0.000000000000000000, 1.000000000000000000 ) ) ;
#4937 = LINE ( 'NONE', #7894, #9716 ) ;
#4938 = LINE ( 'NONE', #768, #10937 ) ;
#4939 = EDGE_LOOP ( 'NONE', ( #5779, #4139, #6811, #836 ) ) ;
#4940 = CARTESIAN_POINT ( 'NONE',  ( -6.699999999999990408, -6.699999999999999289, 1.000000000000000000 ) ) ;
#4941 = ORIENTED_EDGE ( 'NONE', *, *, #12322, .T. ) ;
#4942 = ORIENTED_EDGE ( 'NONE', *, *, #5555, .T. ) ;
#4943 = EDGE_CURVE ( 'NONE', #11303, #3736, #2624, .T. ) ;
#4944 = ORIENTED_EDGE ( 'NONE', *, *, #6437, .F. ) ;
#4945 = DATE_TIME_ROLE ( 'creation_date' ) ;
#4946 = ADVANCED_FACE ( 'NONE', ( #11544 ), #2687, .T. ) ;
#4947 = EDGE_CURVE ( 'NONE', #3615, #3250, #6611, .T. ) ;
#4948 = DIRECTION ( 'NONE',  ( 1.000000000000000000, 0.000000000000000000, 0.000000000000000000 ) ) ;
#4949 = DIRECTION ( 'NONE',  ( -0.7071067811865486830, -0.7071067811865464625, -0.000000000000000000 ) ) ;
#4950 = CARTESIAN_POINT ( 'NONE',  ( 0.4800000000000221312, -2.622574073917815653E-16, -1.000000000000000000 ) ) ;
#4951 = ORIENTED_EDGE ( 'NONE', *, *, #11125, .F. ) ;
#4952 = DIRECTION ( 'NONE',  ( 0.000000000000000000, 0.000000000000000000, 1.000000000000000000 ) ) ;
#4953 = DIRECTION ( 'NONE',  ( 0.7071067811865495711, -0.7071067811865455743, 0.000000000000000000 ) ) ;
#4954 = VERTEX_POINT ( 'NONE', #9559 ) ;
#4955 = LINE ( 'NONE', #3032, #12682 ) ;
#4956 = CARTESIAN_POINT ( 'NONE',  ( 6.200000000000007283, -43.31862915010152904, -3.049999999999999822 ) ) ;
#4957 = ORIENTED_EDGE ( 'NONE', *, *, #1408, .F. ) ;
#4958 = ORIENTED_EDGE ( 'NONE', *, *, #2735, .T. ) ;
#4959 = LINE ( 'NONE', #9971, #7371 ) ;
#4960 = ADVANCED_FACE ( 'NONE', ( #2744 ), #1600, .T. ) ;
#4961 = EDGE_CURVE ( 'NONE', #9837, #7320, #8169, .T. ) ;
#4962 = CARTESIAN_POINT ( 'NONE',  ( -2.584475285236818021, -23.49434722470223846, 2.286000000000000032 ) ) ;
#4963 = DIRECTION ( 'NONE',  ( 0.7071067811865446862, -0.7071067811865503483, 0.000000000000000000 ) ) ;
#4964 = DIRECTION ( 'NONE',  ( 1.000000000000000000, 0.000000000000000000, 0.000000000000000000 ) ) ;
#4965 = CARTESIAN_POINT ( 'NONE',  ( 5.200000000000000178, 6.368163355566235395E-16, 3.049999999999999822 ) ) ;
#4966 = CARTESIAN_POINT ( 'NONE',  ( 3.654415587728450543, -19.04999999999999716, 3.049999999999999822 ) ) ;
#4967 = DIRECTION ( 'NONE',  ( -1.000000000000000000, 0.000000000000000000, -0.000000000000000000 ) ) ;
#4968 = ORIENTED_EDGE ( 'NONE', *, *, #2563, .T. ) ;
#4969 = DIRECTION ( 'NONE',  ( -5.463695987328531367E-16, -1.000000000000000000, -0.000000000000000000 ) ) ;
#4970 = CARTESIAN_POINT ( 'NONE',  ( -12.69999999999999929, 0.000000000000000000, 1.000000000000000000 ) ) ;
#4971 = DIRECTION ( 'NONE',  ( 0.000000000000000000, 0.000000000000000000, 1.000000000000000000 ) ) ;
#4972 = EDGE_CURVE ( 'NONE', #2423, #5457, #6671, .T. ) ;
#4973 = ORIENTED_EDGE ( 'NONE', *, *, #6004, .F. ) ;
#4974 = DIRECTION ( 'NONE',  ( 0.7071067811865500152, 0.7071067811865451302, 0.000000000000000000 ) ) ;
#4975 = LINE ( 'NONE', #8967, #7339 ) ;
#4976 = DIRECTION ( 'NONE',  ( 1.000000000000000000, 0.000000000000000000, 0.000000000000000000 ) ) ;
#4977 = ORIENTED_EDGE ( 'NONE', *, *, #10369, .T. ) ;
#4978 = CARTESIAN_POINT ( 'NONE',  ( -6.199999999999977973, -17.91862915010153046, 3.049999999999999822 ) ) ;
#4979 = CARTESIAN_POINT ( 'NONE',  ( 5.068629150101529923, -44.45000000000000284, 3.049999999999999822 ) ) ;
#4980 = VECTOR ( 'NONE', #3912, 1000.000000000000000 ) ;
#4981 = ORIENTED_EDGE ( 'NONE', *, *, #12104, .T. ) ;
#4982 = EDGE_CURVE ( 'NONE', #3740, #10068, #5637, .T. ) ;
#4983 = EDGE_LOOP ( 'NONE', ( #648, #979, #2755, #7629, #12669, #10226 ) ) ;
#4984 = EDGE_CURVE ( 'NONE', #8684, #8910, #8720, .T. ) ;
#4985 = CARTESIAN_POINT ( 'NONE',  ( -20.87882250993907363, -5.200000000000000178, 2.286000000000000032 ) ) ;
#4986 = ORIENTED_EDGE ( 'NONE', *, *, #5497, .T. ) ;
#4987 = CIRCLE ( 'NONE', #3144, 3.174999999999999822 ) ;
#4988 = CARTESIAN_POINT ( 'NONE',  ( 0.000000000000000000, -25.39999999999999858, -2.286000000000000032 ) ) ;
#4989 = VECTOR ( 'NONE', #5682, 1000.000000000000000 ) ;
#4990 = VERTEX_POINT ( 'NONE', #10591 ) ;
#4991 = DIRECTION ( 'NONE',  ( 1.000000000000000000, 0.000000000000000000, 0.000000000000000000 ) ) ;
#4992 = CARTESIAN_POINT ( 'NONE',  ( -17.22117749006090648, -5.199999999999999289, -1.000000000000000000 ) ) ;
#4993 = ORIENTED_EDGE ( 'NONE', *, *, #12446, .F. ) ;
#4994 = DIRECTION ( 'NONE',  ( 1.000000000000000000, -2.556848660736790434E-16, 0.000000000000000000 ) ) ;
#4995 = DIRECTION ( 'NONE',  ( 0.7071067811865509034, -0.7071067811865442421, 0.000000000000000000 ) ) ;
#4996 = CARTESIAN_POINT ( 'NONE',  ( 0.000000000000000000, -38.09999999999999432, -2.286000000000000032 ) ) ;
#4997 = ORIENTED_EDGE ( 'NONE', *, *, #9014, .F. ) ;
#4999 = CARTESIAN_POINT ( 'NONE',  ( -21.59558441227157033, 6.200000000000001066, 3.049999999999999822 ) ) ;
#4998 = CIRCLE ( 'NONE', #11348, 2.100000000000000089 ) ;
#5000 = CIRCLE ( 'NONE', #9515, 2.100000000000000089 ) ;
#5001 = EDGE_CURVE ( 'NONE', #5884, #8944, #1717, .T. ) ;
#5002 = EDGE_LOOP ( 'NONE', ( #9432, #9208, #10790, #621, #2699, #3066 ) ) ;
#5003 = ORIENTED_EDGE ( 'NONE', *, *, #10639, .F. ) ;
#5004 = ORIENTED_EDGE ( 'NONE', *, *, #3105, .F. ) ;
#5005 = AXIS2_PLACEMENT_3D ( 'NONE', #7296, #10003, #11146 ) ;
#5006 = DIRECTION ( 'NONE',  ( -0.7071067811865451302, 0.7071067811865500152, -0.000000000000000000 ) ) ;
#5007 = DIRECTION ( 'NONE',  ( -1.000000000000000000, 0.000000000000000000, -0.000000000000000000 ) ) ;
#5008 = PLANE ( 'NONE',  #9161 ) ;
#5009 = ORIENTED_EDGE ( 'NONE', *, *, #8074, .F. ) ;
#5010 = CARTESIAN_POINT ( 'NONE',  ( 0.000000000000000000, -25.39999999999999858, 2.286000000000000032 ) ) ;
#5011 = CARTESIAN_POINT ( 'NONE',  ( -18.71058874503045644, -18.71058874503053815, 1.000000000000000000 ) ) ;
#5012 = ORIENTED_EDGE ( 'NONE', *, *, #12103, .F. ) ;
#5013 = LINE ( 'NONE', #6886, #11041 ) ;
#5014 = CARTESIAN_POINT ( 'NONE',  ( -5.199999999999995737, -6.821177490060920334, -1.000000000000000000 ) ) ;
#5015 = EDGE_CURVE ( 'NONE', #9168, #8073, #7695, .T. ) ;
#5016 = CARTESIAN_POINT ( 'NONE',  ( -6.699999999999990408, -5.199999999999999289, 3.049999999999999822 ) ) ;
#5017 = ORIENTED_EDGE ( 'NONE', *, *, #3715, .T. ) ;
#5018 = VECTOR ( 'NONE', #11331, 1000.000000000000000 ) ;
#5019 = ORIENTED_EDGE ( 'NONE', *, *, #6256, .F. ) ;
#5020 = DIRECTION ( 'NONE',  ( 0.7071067811865457964, -0.7071067811865492381, 0.000000000000000000 ) ) ;
#5021 = CARTESIAN_POINT ( 'NONE',  ( -5.200000000000001954, -30.20441558772839130, 2.286000000000000032 ) ) ;
#5022 = DIRECTION ( 'NONE',  ( -0.000000000000000000, -0.000000000000000000, -1.000000000000000000 ) ) ;
#5023 = DIRECTION ( 'NONE',  ( -1.000000000000000000, 0.000000000000000000, 0.000000000000000000 ) ) ;
#5024 = APPROVAL_PERSON_ORGANIZATION ( #1803, #398, #5916 ) ;
#5025 = DIRECTION ( 'NONE',  ( -0.7071067811865454633, -0.7071067811865495711, 0.000000000000000000 ) ) ;
#5026 = DIRECTION ( 'NONE',  ( 0.7071067811865497932, 0.7071067811865452413, 0.000000000000000000 ) ) ;
#5027 = PLANE ( 'NONE',  #689 ) ;
#5028 = ORIENTED_EDGE ( 'NONE', *, *, #8248, .F. ) ;
#5029 = CARTESIAN_POINT ( 'NONE',  ( 5.341619048833756267, -33.43720346110534081, -2.286000000000000032 ) ) ;
#5030 = EDGE_CURVE ( 'NONE', #84, #8077, #6739, .T. ) ;
#5031 = VECTOR ( 'NONE', #151, 1000.000000000000000 ) ;
#5032 = ADVANCED_FACE ( 'NONE', ( #7444 ), #10522, .F. ) ;
#5033 = CARTESIAN_POINT ( 'NONE',  ( 1.905652775297734580, -22.81552471476314992, -2.286000000000000032 ) ) ;
#5034 = EDGE_CURVE ( 'NONE', #3462, #7370, #3583, .T. ) ;
#5035 = EDGE_CURVE ( 'NONE', #10200, #11435, #2555, .T. ) ;
#5036 = DIRECTION ( 'NONE',  ( -1.000000000000000000, 0.000000000000000000, -0.000000000000000000 ) ) ;
#5037 = VERTEX_POINT ( 'NONE', #12383 ) ;
#5038 = CIRCLE ( 'NONE', #5651, 1.499999999999997780 ) ;
#5039 = VECTOR ( 'NONE', #10153, 1000.000000000000000 ) ;
#5040 = DIRECTION ( 'NONE',  ( -0.7071067811865493491, 0.7071067811865455743, 0.000000000000000000 ) ) ;
#5041 = DIRECTION ( 'NONE',  ( -0.7071067811865489050, 0.7071067811865460184, 0.000000000000000000 ) ) ;
#5042 = LINE ( 'NONE', #11790, #9834 ) ;
#5043 = AXIS2_PLACEMENT_3D ( 'NONE', #5680, #12551, #799 ) ;
#5044 = VERTEX_POINT ( 'NONE', #10469 ) ;
#5045 = EDGE_CURVE ( 'NONE', #9970, #3453, #5576, .T. ) ;
#5046 = DIRECTION ( 'NONE',  ( 0.000000000000000000, 0.000000000000000000, 1.000000000000000000 ) ) ;
#5047 = LINE ( 'NONE', #1318, #7511 ) ;
#5048 = ORIENTED_EDGE ( 'NONE', *, *, #1530, .F. ) ;
#5049 = AXIS2_PLACEMENT_3D ( 'NONE', #990, #7026, #3106 ) ;
#5050 = ORIENTED_EDGE ( 'NONE', *, *, #4856, .F. ) ;
#5051 = VECTOR ( 'NONE', #12596, 1000.000000000000000 ) ;
#5052 = CARTESIAN_POINT ( 'NONE',  ( -12.69999999999999929, 0.000000000000000000, -2.286000000000000032 ) ) ;
#5053 = ORIENTED_EDGE ( 'NONE', *, *, #9288, .F. ) ;
#5054 = VECTOR ( 'NONE', #4312, 1000.000000000000000 ) ;
#5055 = LINE ( 'NONE', #6859, #6350 ) ;
#5056 = AXIS2_PLACEMENT_3D ( 'NONE', #4272, #10179, #282 ) ;
#5057 = ORIENTED_EDGE ( 'NONE', *, *, #10891, .T. ) ;
#5058 = DIRECTION ( 'NONE',  ( 0.7071067811865446862, -0.7071067811865503483, 0.000000000000000000 ) ) ;
#5059 = DIRECTION ( 'NONE',  ( -1.000000000000000000, -3.414809992080329023E-17, 0.000000000000000000 ) ) ;
#5060 = EDGE_CURVE ( 'NONE', #7241, #8129, #7759, .T. ) ;
#5061 = VERTEX_POINT ( 'NONE', #6072 ) ;
#5062 = DIRECTION ( 'NONE',  ( 0.000000000000000000, 0.000000000000000000, -1.000000000000000000 ) ) ;
#5063 = LINE ( 'NONE', #3967, #2532 ) ;
#5064 = DIRECTION ( 'NONE',  ( 0.000000000000000000, 0.000000000000000000, 1.000000000000000000 ) ) ;
#5065 = VECTOR ( 'NONE', #8985, 1000.000000000000114 ) ;
#5066 = ORIENTED_EDGE ( 'NONE', *, *, #613, .T. ) ;
#5067 = AXIS2_PLACEMENT_3D ( 'NONE', #7437, #564, #9486 ) ;
#5068 = DIRECTION ( 'NONE',  ( -1.180083997263133724E-16, -1.000000000000000000, -0.000000000000000000 ) ) ;
#5069 = VECTOR ( 'NONE', #9818, 1000.000000000000000 ) ;
#5070 = ORIENTED_EDGE ( 'NONE', *, *, #1348, .T. ) ;
#5071 = VERTEX_POINT ( 'NONE', #8309 ) ;
#5072 = ORIENTED_EDGE ( 'NONE', *, *, #625, .F. ) ;
#5073 = AXIS2_PLACEMENT_3D ( 'NONE', #677, #7305, #11223 ) ;
#5074 = FACE_BOUND ( 'NONE', #2094, .T. ) ;
#5075 = LINE ( 'NONE', #11055, #8805 ) ;
#5076 = CARTESIAN_POINT ( 'NONE',  ( -5.539411254969540899, -7.839411254969545162, -2.286000000000000032 ) ) ;
#5077 = EDGE_CURVE ( 'NONE', #8613, #12318, #3358, .T. ) ;
#5078 = ORIENTED_EDGE ( 'NONE', *, *, #6018, .T. ) ;
#5079 = ADVANCED_FACE ( 'NONE', ( #10059 ), #467, .F. ) ;
#5080 = DIRECTION ( 'NONE',  ( 0.000000000000000000, 0.000000000000000000, 1.000000000000000000 ) ) ;
#5081 = DIRECTION ( 'NONE',  ( -0.7071067811865495711, 0.7071067811865455743, -0.000000000000000000 ) ) ;
#5082 = VERTEX_POINT ( 'NONE', #1440 ) ;
#5083 = DIRECTION ( 'NONE',  ( 1.000000000000000000, 0.000000000000000000, 0.000000000000000000 ) ) ;
#5084 = APPROVAL_DATE_TIME ( #1165, #1333 ) ;
#5085 = ORIENTED_EDGE ( 'NONE', *, *, #4780, .T. ) ;
#5086 = AXIS2_PLACEMENT_3D ( 'NONE', #12683, #2078, #917 ) ;
#5087 = VECTOR ( 'NONE', #11354, 1000.000000000000000 ) ;
#5088 = VERTEX_POINT ( 'NONE', #1188 ) ;
#5089 = DIRECTION ( 'NONE',  ( 0.000000000000000000, 0.000000000000000000, 1.000000000000000000 ) ) ;
#5090 = ADVANCED_FACE ( 'NONE', ( #6326 ), #9996, .F. ) ;
#5091 = CARTESIAN_POINT ( 'NONE',  ( -4.662796538894677489, -32.75838095116624515, -2.286000000000000032 ) ) ;
#5092 = PLANE ( 'NONE',  #3668 ) ;
#5093 = DIRECTION ( 'NONE',  ( -0.000000000000000000, -0.000000000000000000, 1.000000000000000000 ) ) ;
#5094 = CIRCLE ( 'NONE', #984, 3.174999999999999822 ) ;
#5095 = AXIS2_PLACEMENT_3D ( 'NONE', #10819, #10629, #7856 ) ;
#5096 = PLANE ( 'NONE',  #5438 ) ;
#5097 = CARTESIAN_POINT ( 'NONE',  ( -25.39999999999999858, 6.199999999999999289, -3.049999999999999822 ) ) ;
#5098 = CARTESIAN_POINT ( 'NONE',  ( -6.699999999999990408, -6.699999999999999289, 3.049999999999999822 ) ) ;
#5099 = VERTEX_POINT ( 'NONE', #5228 ) ;
#5100 = FACE_OUTER_BOUND ( 'NONE', #11898, .T. ) ;
#5101 = CARTESIAN_POINT ( 'NONE',  ( 0.000000000000000000, 0.000000000000000000, 1.000000000000000000 ) ) ;
#5102 = VECTOR ( 'NONE', #2045, 1000.000000000000000 ) ;
#5103 = CARTESIAN_POINT ( 'NONE',  ( 0.000000000000000000, -50.79999999999999716, 2.286000000000000032 ) ) ;
#5104 = AXIS2_PLACEMENT_3D ( 'NONE', #5467, #9516, #12475 ) ;
#5105 = ORIENTED_EDGE ( 'NONE', *, *, #5737, .F. ) ;
#5106 = EDGE_CURVE ( 'NONE', #2430, #744, #7147, .T. ) ;
#5107 = EDGE_CURVE ( 'NONE', #5511, #4177, #10951, .T. ) ;
#5108 = CARTESIAN_POINT ( 'NONE',  ( -4.662796538894677489, -32.75838095116624515, -2.286000000000000032 ) ) ;
#5109 = ADVANCED_FACE ( 'NONE', ( #5111 ), #9147, .F. ) ;
#5110 = VECTOR ( 'NONE', #6582, 1000.000000000000000 ) ;
#5111 = FACE_OUTER_BOUND ( 'NONE', #8402, .T. ) ;
#5112 = CARTESIAN_POINT ( 'NONE',  ( -7.481370849898478781, 6.200000000000000178, -3.049999999999999822 ) ) ;
#5113 = EDGE_CURVE ( 'NONE', #106, #7778, #9270, .T. ) ;
#5114 = DIRECTION ( 'NONE',  ( -0.7071067811865437980, 0.7071067811865513475, 0.000000000000000000 ) ) ;
#5115 = CARTESIAN_POINT ( 'NONE',  ( 6.200000000000001066, -41.90441558772845099, -2.286000000000000032 ) ) ;
#5116 = ORIENTED_EDGE ( 'NONE', *, *, #1304, .F. ) ;
#5117 = DIRECTION ( 'NONE',  ( 0.7071067811865479058, -0.7071067811865472397, 0.000000000000000000 ) ) ;
#5118 = VECTOR ( 'NONE', #3395, 1000.000000000000000 ) ;
#5119 = CARTESIAN_POINT ( 'NONE',  ( 5.200000000000000178, -20.87882250993907363, 1.000000000000000444 ) ) ;
#5120 = ORIENTED_EDGE ( 'NONE', *, *, #9471, .T. ) ;
#5121 = EDGE_LOOP ( 'NONE', ( #6603, #9572, #3582, #565 ) ) ;
#5122 = CARTESIAN_POINT ( 'NONE',  ( -3.138506810570912187, -0.4799999999999999822, 2.286000000000000032 ) ) ;
#5123 = ORIENTED_EDGE ( 'NONE', *, *, #5311, .T. ) ;
#5124 = ADVANCED_FACE ( 'NONE', ( #12229 ), #3297, .T. ) ;
#5125 = CARTESIAN_POINT ( 'NONE',  ( -6.199999999999977973, -17.91862915010153046, 3.049999999999999822 ) ) ;
#5126 = VERTEX_POINT ( 'NONE', #12045 ) ;
#5127 = LINE ( 'NONE', #238, #385 ) ;
#5128 = DIRECTION ( 'NONE',  ( -1.000000000000000000, -0.000000000000000000, -0.000000000000000000 ) ) ;
#5129 = EDGE_LOOP ( 'NONE', ( #9686, #9802, #1138, #8263 ) ) ;
#5130 = LINE ( 'NONE', #4154, #8133 ) ;
#5131 = CARTESIAN_POINT ( 'NONE',  ( -0.4800000000000069211, -22.26149318942908550, 2.286000000000000032 ) ) ;
#5132 = CARTESIAN_POINT ( 'NONE',  ( 0.000000000000000000, -25.39999999999999858, 2.286000000000000032 ) ) ;
#5133 = ORIENTED_EDGE ( 'NONE', *, *, #7936, .F. ) ;
#5134 = LINE ( 'NONE', #9053, #3015 ) ;
#5135 = ORIENTED_EDGE ( 'NONE', *, *, #11383, .T. ) ;
#5136 = ORIENTED_EDGE ( 'NONE', *, *, #6133, .T. ) ;
#5137 = EDGE_CURVE ( 'NONE', #281, #619, #1250, .T. ) ;
#5138 = EDGE_LOOP ( 'NONE', ( #575, #7412, #10834, #10334 ) ) ;
#5139 = PLANE ( 'NONE',  #5316 ) ;
#5140 = LINE ( 'NONE', #10028, #1154 ) ;
#5141 = VERTEX_POINT ( 'NONE', #12108 ) ;
#5142 = DIRECTION ( 'NONE',  ( -0.000000000000000000, -0.000000000000000000, 1.000000000000000000 ) ) ;
#5143 = PLANE ( 'NONE',  #6243 ) ;
#5144 = ORIENTED_EDGE ( 'NONE', *, *, #8547, .F. ) ;
#5145 = CARTESIAN_POINT ( 'NONE',  ( 0.000000000000000000, 0.4799999999999999822, -1.000000000000000000 ) ) ;
#5146 = CARTESIAN_POINT ( 'NONE',  ( 19.38941125496953788, -19.38941125496961604, 1.000000000000000000 ) ) ;
#5147 = ORIENTED_EDGE ( 'NONE', *, *, #1390, .T. ) ;
#5148 = ORIENTED_EDGE ( 'NONE', *, *, #10978, .F. ) ;
#5149 = DIRECTION ( 'NONE',  ( -1.000000000000000000, 0.000000000000000000, 0.000000000000000000 ) ) ;
#5150 = EDGE_CURVE ( 'NONE', #4926, #8655, #7173, .T. ) ;
#5151 = ADVANCED_FACE ( 'NONE', ( #6260 ), #6197, .F. ) ;
#5152 = LINE ( 'NONE', #5281, #10227 ) ;
#5153 = CARTESIAN_POINT ( 'NONE',  ( 0.000000000000000000, -50.79999999999999716, 2.286000000000000032 ) ) ;
#5154 = LINE ( 'NONE', #11904, #529 ) ;
#5155 = ORIENTED_EDGE ( 'NONE', *, *, #7851, .T. ) ;
#5156 = LINE ( 'NONE', #2457, #3180 ) ;
#5157 = CARTESIAN_POINT ( 'NONE',  ( -23.52015180641467040, 2.558670703524388301, 2.286000000000000032 ) ) ;
#5158 = CARTESIAN_POINT ( 'NONE',  ( 1.879848193585295535, -48.24132929647558399, 1.000000000000000000 ) ) ;
#5159 = EDGE_LOOP ( 'NONE', ( #1894, #8423, #1233, #2109 ) ) ;
#5160 = LINE ( 'NONE', #7160, #3621 ) ;
#5161 = CARTESIAN_POINT ( 'NONE',  ( -9.561493189429086215, -0.4799999999999999822, -1.000000000000000000 ) ) ;
#5162 = EDGE_CURVE ( 'NONE', #11112, #10586, #10180, .T. ) ;
#5163 = PLANE ( 'NONE',  #4210 ) ;
#5164 = EDGE_LOOP ( 'NONE', ( #1386, #8925, #4944, #9158 ) ) ;
#5165 = LINE ( 'NONE', #3357, #3412 ) ;
#5166 = DIRECTION ( 'NONE',  ( -0.7071067811865473507, 0.7071067811865477948, 0.000000000000000000 ) ) ;
#5167 = DIRECTION ( 'NONE',  ( -0.7071067811865479058, 0.7071067811865471286, 0.000000000000000000 ) ) ;
#5168 = DIRECTION ( 'NONE',  ( -0.7071067811865491270, 0.7071067811865459074, 0.000000000000000000 ) ) ;
#5169 = DIRECTION ( 'NONE',  ( -1.000000000000000000, 0.000000000000000000, 0.000000000000000000 ) ) ;
#5170 = ORIENTED_EDGE ( 'NONE', *, *, #10697, .T. ) ;
#5171 = DIRECTION ( 'NONE',  ( -0.000000000000000000, -0.000000000000000000, -1.000000000000000000 ) ) ;
#5172 = DIRECTION ( 'NONE',  ( 0.000000000000000000, 0.000000000000000000, -1.000000000000000000 ) ) ;
#5173 = ORIENTED_EDGE ( 'NONE', *, *, #2714, .F. ) ;
#5174 = ADVANCED_FACE ( 'NONE', ( #11972 ), #11085, .F. ) ;
#5176 = EDGE_CURVE ( 'NONE', #12516, #675, #8123, .T. ) ;
#5175 = ORIENTED_EDGE ( 'NONE', *, *, #6066, .F. ) ;
#5177 = DIRECTION ( 'NONE',  ( 0.7071067811865479058, -0.7071067811865471286, 0.000000000000000000 ) ) ;
#5178 = ORIENTED_EDGE ( 'NONE', *, *, #12256, .T. ) ;
#5179 = DIRECTION ( 'NONE',  ( 0.000000000000000000, 0.000000000000000000, 1.000000000000000000 ) ) ;
#5180 = ORIENTED_EDGE ( 'NONE', *, *, #11087, .F. ) ;
#5181 = CARTESIAN_POINT ( 'NONE',  ( 5.068629150101529923, -44.45000000000000284, 3.049999999999999822 ) ) ;
#5182 = DIRECTION ( 'NONE',  ( 0.000000000000000000, 0.000000000000000000, 1.000000000000000000 ) ) ;
#5183 = EDGE_LOOP ( 'NONE', ( #4417, #1711, #30, #2165 ) ) ;
#5184 = CARTESIAN_POINT ( 'NONE',  ( 3.654415587728436332, -6.349999999999996092, 3.049999999999999822 ) ) ;
#5185 = CARTESIAN_POINT ( 'NONE',  ( -5.199999999999993960, -17.50441558772842043, 3.049999999999999822 ) ) ;
#5186 = DIRECTION ( 'NONE',  ( 0.7071067811865479058, 0.7071067811865472397, 0.000000000000000000 ) ) ;
#5187 = ORIENTED_EDGE ( 'NONE', *, *, #7598, .F. ) ;
#5188 = ADVANCED_FACE ( 'NONE', ( #4650 ), #4714, .T. ) ;
#5189 = CARTESIAN_POINT ( 'NONE',  ( -6.699999999999990408, -5.199999999999999289, 2.286000000000000032 ) ) ;
#5190 = ADVANCED_FACE ( 'NONE', ( #9332 ), #12492, .T. ) ;
#5191 = EDGE_CURVE ( 'NONE', #9626, #6882, #7550, .T. ) ;
#5193 = ADVANCED_FACE ( 'NONE', ( #2717 ), #11268, .F. ) ;
#5192 = ORIENTED_EDGE ( 'NONE', *, *, #10527, .F. ) ;
#5194 = VECTOR ( 'NONE', #6093, 1000.000000000000000 ) ;
#5195 = ORIENTED_EDGE ( 'NONE', *, *, #6516, .T. ) ;
#5196 = CIRCLE ( 'NONE', #10537, 3.174999999999999822 ) ;
#5197 = ORIENTED_EDGE ( 'NONE', *, *, #10907, .T. ) ;
#5198 = FACE_OUTER_BOUND ( 'NONE', #12706, .T. ) ;
#5199 = CARTESIAN_POINT ( 'NONE',  ( 6.200000000000000178, 7.592810154713588849E-16, -1.000000000000000000 ) ) ;
#5200 = ORIENTED_EDGE ( 'NONE', *, *, #9352, .T. ) ;
#5201 = VECTOR ( 'NONE', #6189, 1000.000000000000000 ) ;
#5202 = DIRECTION ( 'NONE',  ( -1.000000000000000000, 0.000000000000000000, 0.000000000000000000 ) ) ;
#5203 = DIRECTION ( 'NONE',  ( -0.000000000000000000, -0.000000000000000000, 1.000000000000000000 ) ) ;
#5204 = CIRCLE ( 'NONE', #1305, 3.174999999999999822 ) ;
#5205 = ORIENTED_EDGE ( 'NONE', *, *, #11125, .T. ) ;
#5206 = EDGE_CURVE ( 'NONE', #5308, #12472, #5608, .T. ) ;
#5207 = DIRECTION ( 'NONE',  ( 0.7071067811865483499, 0.7071067811865467956, 0.000000000000000000 ) ) ;
#5208 = VERTEX_POINT ( 'NONE', #12351 ) ;
#5209 = VERTEX_POINT ( 'NONE', #6446 ) ;
#5210 = VECTOR ( 'NONE', #5698, 1000.000000000000000 ) ;
#5211 = CIRCLE ( 'NONE', #10558, 3.174999999999999822 ) ;
#5212 = CARTESIAN_POINT ( 'NONE',  ( -12.69999999999999929, 0.000000000000000000, 2.286000000000000032 ) ) ;
#5213 = CARTESIAN_POINT ( 'NONE',  ( -17.91862915010151980, -6.200000000000000178, -3.049999999999999822 ) ) ;
#5214 = LINE ( 'NONE', #9132, #4436 ) ;
#5215 = ORIENTED_EDGE ( 'NONE', *, *, #3973, .F. ) ;
#5216 = CARTESIAN_POINT ( 'NONE',  ( 0.000000000000000000, -25.39999999999999858, -2.286000000000000032 ) ) ;
#5217 = DIRECTION ( 'NONE',  ( 0.7071067811865437980, -0.7071067811865513475, 0.000000000000000000 ) ) ;
#5218 = LINE ( 'NONE', #7089, #7872 ) ;
#5219 = EDGE_LOOP ( 'NONE', ( #4732, #8086, #10968, #9094 ) ) ;
#5220 = EDGE_CURVE ( 'NONE', #10427, #9970, #7613, .T. ) ;
#5221 = CARTESIAN_POINT ( 'NONE',  ( -23.49434722470224202, 2.584475285236820241, 2.286000000000000032 ) ) ;
#5222 = VECTOR ( 'NONE', #4397, 1000.000000000000000 ) ;
#5223 = DIRECTION ( 'NONE',  ( -1.000000000000000000, 0.000000000000000000, 0.000000000000000000 ) ) ;
#5224 = DIRECTION ( 'NONE',  ( 0.7071067811865456854, -0.7071067811865493491, 0.000000000000000000 ) ) ;
#5225 = ORIENTED_EDGE ( 'NONE', *, *, #2798, .T. ) ;
#5226 = VECTOR ( 'NONE', #10243, 1000.000000000000114 ) ;
#5227 = CARTESIAN_POINT ( 'NONE',  ( -15.87500000000000000, 0.4799999999999999822, -2.286000000000000032 ) ) ;
#5228 = CARTESIAN_POINT ( 'NONE',  ( 2.558670703524388301, -1.879848193585325067, -1.000000000000000000 ) ) ;
#5229 = CARTESIAN_POINT ( 'NONE',  ( -1.879848193585296423, -22.84132929647558896, 2.286000000000000032 ) ) ;
#5230 = VECTOR ( 'NONE', #12407, 1000.000000000000000 ) ;
#5231 = DIRECTION ( 'NONE',  ( 1.000000000000000000, -5.463695987328531367E-16, 0.000000000000000000 ) ) ;
#5232 = CARTESIAN_POINT ( 'NONE',  ( -5.199999999999995737, -6.699999999999997513, 3.049999999999999822 ) ) ;
#5233 = ORIENTED_EDGE ( 'NONE', *, *, #11382, .F. ) ;
#5234 = EDGE_CURVE ( 'NONE', #3513, #1862, #11388, .T. ) ;
#5235 = LINE ( 'NONE', #6267, #3780 ) ;
#5236 = DIRECTION ( 'NONE',  ( 0.7071067811865449082, -0.7071067811865501263, 0.000000000000000000 ) ) ;
#5237 = ORIENTED_EDGE ( 'NONE', *, *, #2250, .F. ) ;
#5238 = CIRCLE ( 'NONE', #6270, 3.174999999999999822 ) ;
#5239 = ORIENTED_EDGE ( 'NONE', *, *, #729, .T. ) ;
#5240 = VECTOR ( 'NONE', #6113, 1000.000000000000000 ) ;
#5241 = EDGE_LOOP ( 'NONE', ( #631, #4726, #10273, #542, #2067, #9656, #155, #3384 ) ) ;
#5242 = CARTESIAN_POINT ( 'NONE',  ( -21.59558441227157033, -6.200000000000001066, 2.286000000000000032 ) ) ;
#5243 = ADVANCED_FACE ( 'NONE', ( #5410 ), #3429, .F. ) ;
#5244 = ORIENTED_EDGE ( 'NONE', *, *, #2768, .T. ) ;
#5245 = DIRECTION ( 'NONE',  ( -1.000000000000000000, -1.092739197465705287E-14, 0.000000000000000000 ) ) ;
#5246 = CARTESIAN_POINT ( 'NONE',  ( -25.39999999999999858, 5.199999999999999289, -3.049999999999999822 ) ) ;
#5247 = VERTEX_POINT ( 'NONE', #5549 ) ;
#5248 = VECTOR ( 'NONE', #1950, 1000.000000000000000 ) ;
#5249 = DIRECTION ( 'NONE',  ( -0.000000000000000000, -0.000000000000000000, -1.000000000000000000 ) ) ;
#5250 = DIRECTION ( 'NONE',  ( 0.7071067811865493491, -0.7071067811865455743, -0.000000000000000000 ) ) ;
#5251 = CYLINDRICAL_SURFACE ( 'NONE', #262, 3.175000000000000711 ) ;
#5252 = VERTEX_POINT ( 'NONE', #5679 ) ;
#5253 = LINE ( 'NONE', #10140, #11837 ) ;
#5254 = APPLICATION_CONTEXT ( 'configuration controlled 3d designs of mechanical parts and assemblies' ) ;
#5255 = VECTOR ( 'NONE', #1547, 1000.000000000000000 ) ;
#5256 = VERTEX_POINT ( 'NONE', #9600 ) ;
#5257 = VECTOR ( 'NONE', #704, 1000.000000000000000 ) ;
#5258 = ORIENTED_EDGE ( 'NONE', *, *, #1942, .F. ) ;
#5259 = ORIENTED_EDGE ( 'NONE', *, *, #2452, .F. ) ;
#5260 = VECTOR ( 'NONE', #11080, 1000.000000000000000 ) ;
#5261 = EDGE_LOOP ( 'NONE', ( #9227, #2762, #2888, #11436 ) ) ;
#5262 = ADVANCED_FACE ( 'NONE', ( #2591 ), #798, .F. ) ;
#5263 = EDGE_CURVE ( 'NONE', #586, #4380, #6386, .T. ) ;
#5264 = AXIS2_PLACEMENT_3D ( 'NONE', #7342, #4441, #1294 ) ;
#5265 = ADVANCED_FACE ( 'NONE', ( #12422, #731 ), #1497, .T. ) ;
#5266 = DIRECTION ( 'NONE',  ( 0.7071067811865459074, 0.7071067811865491270, -0.000000000000000000 ) ) ;
#5267 = DIRECTION ( 'NONE',  ( -0.7071067811865479058, 0.7071067811865472397, 0.000000000000000000 ) ) ;
#5268 = VECTOR ( 'NONE', #1997, 1000.000000000000000 ) ;
#5269 = EDGE_CURVE ( 'NONE', #10933, #10957, #6519, .T. ) ;
#5270 = ORIENTED_EDGE ( 'NONE', *, *, #5398, .F. ) ;
#5271 = CARTESIAN_POINT ( 'NONE',  ( 5.200000000000000178, -42.62117749006088729, 3.049999999999999822 ) ) ;
#5272 = LINE ( 'NONE', #3146, #9940 ) ;
#5273 = VECTOR ( 'NONE', #4849, 1000.000000000000000 ) ;
#5274 = ORIENTED_EDGE ( 'NONE', *, *, #1976, .F. ) ;
#5275 = DIRECTION ( 'NONE',  ( -1.000000000000000000, 0.000000000000000000, 0.000000000000000000 ) ) ;
#5276 = ORIENTED_EDGE ( 'NONE', *, *, #5676, .T. ) ;
#5277 = VECTOR ( 'NONE', #2689, 1000.000000000000000 ) ;
#5278 = ORIENTED_EDGE ( 'NONE', *, *, #4642, .F. ) ;
#5279 = VECTOR ( 'NONE', #9736, 1000.000000000000114 ) ;
#5280 = EDGE_CURVE ( 'NONE', #6581, #3019, #9466, .T. ) ;
#5281 = CARTESIAN_POINT ( 'NONE',  ( -22.84132929647558896, -1.879848193585297755, 2.286000000000000032 ) ) ;
#5282 = FACE_OUTER_BOUND ( 'NONE', #7678, .T. ) ;
#5283 = DIRECTION ( 'NONE',  ( 1.000000000000000000, 0.000000000000000000, 0.000000000000000000 ) ) ;
#5284 = EDGE_LOOP ( 'NONE', ( #8820, #4176, #1939, #9551, #8120, #10580, #10600, #1, #3562, #5538 ) ) ;
#5285 = DIRECTION ( 'NONE',  ( -0.000000000000000000, -0.000000000000000000, -1.000000000000000000 ) ) ;
#5286 = CARTESIAN_POINT ( 'NONE',  ( -20.59558441227157033, 5.199999999999999289, 3.049999999999999822 ) ) ;
#5287 = LINE ( 'NONE', #11260, #9928 ) ;
#5288 = ORIENTED_EDGE ( 'NONE', *, *, #8248, .T. ) ;
#5289 = AXIS2_PLACEMENT_3D ( 'NONE', #2867, #6790, #98 ) ;
#5290 = DIRECTION ( 'NONE',  ( 0.000000000000000000, -0.000000000000000000, 1.000000000000000000 ) ) ;
#5291 = DIRECTION ( 'NONE',  ( -1.000000000000000000, 0.000000000000000000, -0.000000000000000000 ) ) ;
#5292 = CYLINDRICAL_SURFACE ( 'NONE', #12219, 3.174999999999999822 ) ;
#5293 = VECTOR ( 'NONE', #1943, 1000.000000000000000 ) ;
#5294 = EDGE_CURVE ( 'NONE', #10427, #6035, #4581, .T. ) ;
#5295 = VECTOR ( 'NONE', #723, 1000.000000000000000 ) ;
#5296 = DIRECTION ( 'NONE',  ( 0.000000000000000000, -0.000000000000000000, 1.000000000000000000 ) ) ;
#5297 = DIRECTION ( 'NONE',  ( 0.7071067811865459074, 0.7071067811865491270, 0.000000000000000000 ) ) ;
#5298 = DIRECTION ( 'NONE',  ( 0.000000000000000000, 0.000000000000000000, 1.000000000000000000 ) ) ;
#5299 = DIRECTION ( 'NONE',  ( -0.7071067811865477948, -0.7071067811865473507, -0.000000000000000000 ) ) ;
#5300 = CARTESIAN_POINT ( 'NONE',  ( -0.4799999999999777778, 2.622574073917573572E-16, -1.000000000000000000 ) ) ;
#5301 = ORIENTED_EDGE ( 'NONE', *, *, #2601, .T. ) ;
#5302 = DIRECTION ( 'NONE',  ( 1.000000000000000000, 0.000000000000000000, 0.000000000000000000 ) ) ;
#5303 = PLANE ( 'NONE',  #7711 ) ;
#5304 = EDGE_LOOP ( 'NONE', ( #6180, #3827, #3330, #2906 ) ) ;
#5305 = VECTOR ( 'NONE', #1480, 1000.000000000000114 ) ;
#5306 = CIRCLE ( 'NONE', #4476, 3.174999999999998934 ) ;
#5307 = EDGE_LOOP ( 'NONE', ( #11377, #1727, #5070, #3957 ) ) ;
#5308 = VERTEX_POINT ( 'NONE', #11462 ) ;
#5309 = VECTOR ( 'NONE', #7353, 1000.000000000000000 ) ;
#5310 = EDGE_CURVE ( 'NONE', #1610, #3933, #6586, .T. ) ;
#5311 = EDGE_CURVE ( 'NONE', #10121, #5558, #2843, .T. ) ;
#5312 = FACE_OUTER_BOUND ( 'NONE', #4484, .T. ) ;
#5313 = CARTESIAN_POINT ( 'NONE',  ( -1.347792206135781434, -1.347792206135782545, 1.000000000000000000 ) ) ;
#5314 = ORIENTED_EDGE ( 'NONE', *, *, #10920, .F. ) ;
#5315 = CARTESIAN_POINT ( 'NONE',  ( 0.000000000000000000, -25.39999999999999858, 1.000000000000000000 ) ) ;
#5316 = AXIS2_PLACEMENT_3D ( 'NONE', #2183, #6230, #3086 ) ;
#5317 = EDGE_LOOP ( 'NONE', ( #6414, #8028, #3724, #11159, #10851, #4341, #12174 ) ) ;
#5318 = LINE ( 'NONE', #7310, #8499 ) ;
#5319 = DIRECTION ( 'NONE',  ( 1.000000000000000000, 0.000000000000000000, 0.000000000000000000 ) ) ;
#5320 = CIRCLE ( 'NONE', #4086, 3.175000000000000711 ) ;
#5321 = ORIENTED_EDGE ( 'NONE', *, *, #178, .F. ) ;
#5322 = DIRECTION ( 'NONE',  ( 0.000000000000000000, 0.000000000000000000, 1.000000000000000000 ) ) ;
#5323 = ORIENTED_EDGE ( 'NONE', *, *, #3715, .F. ) ;
#5324 = ORIENTED_EDGE ( 'NONE', *, *, #7863, .F. ) ;
#5325 = ADVANCED_FACE ( 'NONE', ( #10690 ), #6898, .F. ) ;
#5326 = ORIENTED_EDGE ( 'NONE', *, *, #5495, .T. ) ;
#5327 = ORIENTED_EDGE ( 'NONE', *, *, #10668, .F. ) ;
#5328 = CYLINDRICAL_SURFACE ( 'NONE', #2123, 3.175000000000000711 ) ;
#5329 = DIRECTION ( 'NONE',  ( -0.000000000000000000, -0.000000000000000000, -1.000000000000000000 ) ) ;
#5330 = ORIENTED_EDGE ( 'NONE', *, *, #474, .F. ) ;
#5331 = CARTESIAN_POINT ( 'NONE',  ( -5.200000000000001066, -29.92117749006092353, -1.000000000000000000 ) ) ;
#5332 = CARTESIAN_POINT ( 'NONE',  ( -25.39999999999999858, 5.199999999999999289, 1.000000000000000000 ) ) ;
#5333 = ORIENTED_EDGE ( 'NONE', *, *, #1893, .F. ) ;
#5334 = LINE ( 'NONE', #7266, #1157 ) ;
#5335 = VERTEX_POINT ( 'NONE', #9912 ) ;
#5336 = EDGE_CURVE ( 'NONE', #448, #8029, #2013, .T. ) ;
#5337 = ORIENTED_EDGE ( 'NONE', *, *, #3613, .T. ) ;
#5338 = ORIENTED_EDGE ( 'NONE', *, *, #3425, .F. ) ;
#5339 = EDGE_CURVE ( 'NONE', #1221, #11514, #11578, .T. ) ;
#5340 = PLANE ( 'NONE',  #12482 ) ;
#5341 = CARTESIAN_POINT ( 'NONE',  ( 0.000000000000000000, -12.69999999999999929, 1.000000000000000000 ) ) ;
#5342 = DIRECTION ( 'NONE',  ( 0.000000000000000000, 0.000000000000000000, 1.000000000000000000 ) ) ;
#5343 = ORIENTED_EDGE ( 'NONE', *, *, #1259, .F. ) ;
#5344 = CARTESIAN_POINT ( 'NONE',  ( -5.068629150101495284, -44.44999999999999574, -3.049999999999999822 ) ) ;
#5345 = DIRECTION ( 'NONE',  ( 0.000000000000000000, 0.000000000000000000, -1.000000000000000000 ) ) ;
#5346 = DIRECTION ( 'NONE',  ( 1.000000000000000000, -0.000000000000000000, -0.000000000000000000 ) ) ;
#5347 = ORIENTED_EDGE ( 'NONE', *, *, #12240, .F. ) ;
#5348 = LINE ( 'NONE', #4447, #2791 ) ;
#5349 = DIRECTION ( 'NONE',  ( -0.7071067811865497932, -0.7071067811865453523, 0.000000000000000000 ) ) ;
#5350 = ADVANCED_FACE ( 'NONE', ( #10750 ), #5936, .F. ) ;
#5351 = ADVANCED_FACE ( 'NONE', ( #11770 ), #5799, .T. ) ;
#5352 = CARTESIAN_POINT ( 'NONE',  ( 6.200000000000000178, 7.592810154713588849E-16, -3.049999999999999822 ) ) ;
#5353 = DIRECTION ( 'NONE',  ( -0.000000000000000000, -0.000000000000000000, -1.000000000000000000 ) ) ;
#5354 = DIRECTION ( 'NONE',  ( -1.000000000000000000, 0.000000000000000000, 0.000000000000000000 ) ) ;
#5355 = DIRECTION ( 'NONE',  ( -0.000000000000000000, -0.000000000000000000, 1.000000000000000000 ) ) ;
#5356 = DIRECTION ( 'NONE',  ( 0.7071067811865465735, -0.7071067811865483499, 0.000000000000000000 ) ) ;
#5357 = CARTESIAN_POINT ( 'NONE',  ( 1.879848193585299532, -2.558670703524407841, -2.286000000000000032 ) ) ;
#5358 = CARTESIAN_POINT ( 'NONE',  ( 5.200000000000000178, -7.895584412271559493, 3.049999999999999822 ) ) ;
#5359 = ORIENTED_EDGE ( 'NONE', *, *, #9640, .T. ) ;
#5360 = CARTESIAN_POINT ( 'NONE',  ( 5.200000000000000178, 6.368163355566235395E-16, -2.286000000000000032 ) ) ;
#5361 = CARTESIAN_POINT ( 'NONE',  ( -1.879848193585309524, -10.14132929647560033, -1.000000000000000000 ) ) ;
#5362 = VERTEX_POINT ( 'NONE', #11650 ) ;
#5363 = EDGE_CURVE ( 'NONE', #5932, #7983, #7667, .T. ) ;
#5364 = ORIENTED_EDGE ( 'NONE', *, *, #3970, .F. ) ;
#5365 = ORIENTED_EDGE ( 'NONE', *, *, #7390, .F. ) ;
#5366 = FACE_OUTER_BOUND ( 'NONE', #6980, .T. ) ;
#5367 = DIRECTION ( 'NONE',  ( 1.000000000000000000, 0.000000000000000000, -0.000000000000000000 ) ) ;
#5368 = VERTEX_POINT ( 'NONE', #9659 ) ;
#5369 = CARTESIAN_POINT ( 'NONE',  ( -3.804415587728426917, 6.200000000000001066, -3.049999999999999822 ) ) ;
#5370 = ORIENTED_EDGE ( 'NONE', *, *, #10371, .F. ) ;
#5371 = CARTESIAN_POINT ( 'NONE',  ( 4.662796538894675713, -7.358380951166244799, 2.286000000000000032 ) ) ;
#5372 = DIRECTION ( 'NONE',  ( -0.7071067811865489050, 0.7071067811865460184, -0.000000000000000000 ) ) ;
#5373 = EDGE_LOOP ( 'NONE', ( #5173, #5768, #1982, #6700 ) ) ;
#5374 = EDGE_CURVE ( 'NONE', #12010, #2995, #3937, .T. ) ;
#5375 = CARTESIAN_POINT ( 'NONE',  ( -6.199999999999995737, -50.79999999999999716, -3.049999999999999822 ) ) ;
#5376 = ORIENTED_EDGE ( 'NONE', *, *, #4403, .F. ) ;
#5377 = ORIENTED_EDGE ( 'NONE', *, *, #8893, .T. ) ;
#5378 = DIRECTION ( 'NONE',  ( 0.7071067811865479058, -0.7071067811865472397, 0.000000000000000000 ) ) ;
#5379 = EDGE_LOOP ( 'NONE', ( #9103, #12141, #1461, #2550, #11826, #2637 ) ) ;
#5380 = VERTEX_POINT ( 'NONE', #9720 ) ;
#5381 = CARTESIAN_POINT ( 'NONE',  ( 0.000000000000000000, 0.000000000000000000, -2.286000000000000032 ) ) ;
#5382 = LINE ( 'NONE', #1529, #549 ) ;
#5383 = VERTEX_POINT ( 'NONE', #12550 ) ;
#5384 = CARTESIAN_POINT ( 'NONE',  ( -6.199999999999993960, -20.18137084989850294, 3.049999999999999822 ) ) ;
#5385 = CARTESIAN_POINT ( 'NONE',  ( -4.662796538894653509, -30.74161904883374419, 2.286000000000000032 ) ) ;
#5386 = ORIENTED_EDGE ( 'NONE', *, *, #11382, .T. ) ;
#5387 = ADVANCED_FACE ( 'NONE', ( #914 ), #4834, .T. ) ;
#5388 = DIRECTION ( 'NONE',  ( -1.000000000000000000, 0.000000000000000000, 0.000000000000000000 ) ) ;
#5389 = ORIENTED_EDGE ( 'NONE', *, *, #5862, .T. ) ;
#5390 = VERTEX_POINT ( 'NONE', #3745 ) ;
#5391 = ORIENTED_EDGE ( 'NONE', *, *, #877, .F. ) ;
#5392 = ORIENTED_EDGE ( 'NONE', *, *, #1329, .T. ) ;
#5393 = AXIS2_PLACEMENT_3D ( 'NONE', #8695, #12498, #4655 ) ;
#5394 = LINE ( 'NONE', #5465, #180 ) ;
#5395 = LINE ( 'NONE', #717, #6138 ) ;
#5396 = CARTESIAN_POINT ( 'NONE',  ( 5.068629150101533476, -6.349999999999994316, 3.049999999999999822 ) ) ;
#5397 = ORIENTED_EDGE ( 'NONE', *, *, #6372, .T. ) ;
#5398 = EDGE_CURVE ( 'NONE', #7873, #1195, #1944, .T. ) ;
#5399 = ADVANCED_FACE ( 'NONE', ( #11842 ), #6712, .F. ) ;
#5400 = DIRECTION ( 'NONE',  ( 0.000000000000000000, 0.000000000000000000, 1.000000000000000000 ) ) ;
#5401 = LINE ( 'NONE', #2652, #2133 ) ;
#5402 = DIRECTION ( 'NONE',  ( 0.7071067811865502373, -0.7071067811865449082, 0.000000000000000000 ) ) ;
#5403 = ORIENTED_EDGE ( 'NONE', *, *, #9479, .F. ) ;
#5404 = DIRECTION ( 'NONE',  ( 1.000000000000000000, 0.000000000000000000, 0.000000000000000000 ) ) ;
#5405 = CARTESIAN_POINT ( 'NONE',  ( 0.000000000000000000, 0.000000000000000000, -3.049999999999999822 ) ) ;
#5406 = AXIS2_PLACEMENT_3D ( 'NONE', #6968, #4068, #3161 ) ;
#5407 = VECTOR ( 'NONE', #7088, 1000.000000000000114 ) ;
#5408 = FACE_OUTER_BOUND ( 'NONE', #6157, .T. ) ;
#5409 = DIRECTION ( 'NONE',  ( -1.000000000000000000, -0.000000000000000000, -0.000000000000000000 ) ) ;
#5410 = FACE_OUTER_BOUND ( 'NONE', #6510, .T. ) ;
#5411 = CARTESIAN_POINT ( 'NONE',  ( -4.662796538894675713, -43.44161904883374348, -2.286000000000000920 ) ) ;
#5412 = EDGE_CURVE ( 'NONE', #1039, #7684, #2075, .T. ) ;
#5413 = VECTOR ( 'NONE', #11980, 1000.000000000000114 ) ;
#5414 = EDGE_CURVE ( 'NONE', #9518, #6682, #12608, .T. ) ;
#5415 = CARTESIAN_POINT ( 'NONE',  ( -6.199999999999974420, -32.88137084989846670, -3.049999999999999822 ) ) ;
#5416 = FACE_OUTER_BOUND ( 'NONE', #570, .T. ) ;
#5417 = CARTESIAN_POINT ( 'NONE',  ( -2.558670703524381196, -48.92015180641465832, 2.286000000000000032 ) ) ;
#5418 = EDGE_CURVE ( 'NONE', #10866, #12312, #12075, .T. ) ;
#5419 = ORIENTED_EDGE ( 'NONE', *, *, #10607, .T. ) ;
#5420 = EDGE_CURVE ( 'NONE', #12055, #5823, #3461, .T. ) ;
#5421 = FACE_BOUND ( 'NONE', #2306, .T. ) ;
#5422 = DIRECTION ( 'NONE',  ( -1.000000000000000000, 0.000000000000000000, 0.000000000000000000 ) ) ;
#5423 = ORIENTED_EDGE ( 'NONE', *, *, #3616, .F. ) ;
#5424 = AXIS2_PLACEMENT_3D ( 'NONE', #11398, #3560, #672 ) ;
#5425 = ORIENTED_EDGE ( 'NONE', *, *, #487, .F. ) ;
#5426 = DIRECTION ( 'NONE',  ( -0.7071067811865497932, 0.7071067811865452413, 0.000000000000000000 ) ) ;
#5427 = CARTESIAN_POINT ( 'NONE',  ( 0.000000000000000000, 0.000000000000000000, -1.000000000000000000 ) ) ;
#5428 = ADVANCED_FACE ( 'NONE', ( #4906 ), #6311, .T. ) ;
#5429 = ORIENTED_EDGE ( 'NONE', *, *, #11609, .F. ) ;
#5430 = CARTESIAN_POINT ( 'NONE',  ( 3.174999999999999822, -12.69999999999999929, -2.286000000000000032 ) ) ;
#5431 = ORIENTED_EDGE ( 'NONE', *, *, #12510, .T. ) ;
#5432 = VECTOR ( 'NONE', #3739, 1000.000000000000000 ) ;
#5433 = CYLINDRICAL_SURFACE ( 'NONE', #8089, 3.175000000000000711 ) ;
#5434 = CARTESIAN_POINT ( 'NONE',  ( 0.000000000000000000, -50.79999999999999716, -2.286000000000000032 ) ) ;
#5435 = ORIENTED_EDGE ( 'NONE', *, *, #9674, .T. ) ;
#5436 = VECTOR ( 'NONE', #7746, 1000.000000000000000 ) ;
#5437 = CARTESIAN_POINT ( 'NONE',  ( 0.4800000000000000377, -41.23850681057090384, -1.000000000000000000 ) ) ;
#5438 = AXIS2_PLACEMENT_3D ( 'NONE', #3226, #7156, #7278 ) ;
#5439 = EDGE_LOOP ( 'NONE', ( #1413, #7512 ) ) ;
#5440 = EDGE_LOOP ( 'NONE', ( #10532, #3725, #4319, #3659 ) ) ;
#5441 = DIRECTION ( 'NONE',  ( -0.000000000000000000, -0.000000000000000000, 1.000000000000000000 ) ) ;
#5442 = ORIENTED_EDGE ( 'NONE', *, *, #7079, .T. ) ;
#5443 = ORIENTED_EDGE ( 'NONE', *, *, #259, .T. ) ;
#5444 = AXIS2_PLACEMENT_3D ( 'NONE', #9759, #1852, #12646 ) ;
#5445 = CARTESIAN_POINT ( 'NONE',  ( 0.000000000000000000, 0.000000000000000000, -2.286000000000000032 ) ) ;
#5446 = FACE_OUTER_BOUND ( 'NONE', #7647, .T. ) ;
#5447 = ORIENTED_EDGE ( 'NONE', *, *, #6437, .T. ) ;
#5448 = FACE_OUTER_BOUND ( 'NONE', #7106, .T. ) ;
#5449 = DIRECTION ( 'NONE',  ( -0.7071067811865476838, 0.7071067811865474617, 0.000000000000000000 ) ) ;
#5450 = VECTOR ( 'NONE', #8194, 1000.000000000000000 ) ;
#5451 = EDGE_LOOP ( 'NONE', ( #4044, #3121, #636, #8522 ) ) ;
#5452 = VECTOR ( 'NONE', #9125, 1000.000000000000000 ) ;
#5453 = CARTESIAN_POINT ( 'NONE',  ( -15.83850681057091059, 0.4799999999999999822, 2.286000000000000032 ) ) ;
#5454 = ORIENTED_EDGE ( 'NONE', *, *, #9908, .T. ) ;
#5455 = VERTEX_POINT ( 'NONE', #4122 ) ;
#5456 = VECTOR ( 'NONE', #2722, 1000.000000000000000 ) ;
#5457 = VERTEX_POINT ( 'NONE', #7151 ) ;
#5458 = ORIENTED_EDGE ( 'NONE', *, *, #1819, .T. ) ;
#5459 = ORIENTED_EDGE ( 'NONE', *, *, #4048, .T. ) ;
#5460 = AXIS2_PLACEMENT_3D ( 'NONE', #11824, #3141, #8 ) ;
#5461 = AXIS2_PLACEMENT_3D ( 'NONE', #8083, #2298, #10209 ) ;
#5462 = EDGE_CURVE ( 'NONE', #1299, #11303, #10164, .T. ) ;
#5463 = CARTESIAN_POINT ( 'NONE',  ( -0.4800000000000038125, -47.66149318942908764, 2.286000000000000032 ) ) ;
#5464 = EDGE_CURVE ( 'NONE', #6423, #2712, #3285, .T. ) ;
#5465 = CARTESIAN_POINT ( 'NONE',  ( -10.14132929647560211, -1.879848193585313965, 2.286000000000000032 ) ) ;
#5466 = VECTOR ( 'NONE', #664, 1000.000000000000000 ) ;
#5467 = CARTESIAN_POINT ( 'NONE',  ( -6.699999999999990408, -6.699999999999999289, 1.000000000000000000 ) ) ;
#5468 = DIRECTION ( 'NONE',  ( 0.7071067811865479058, -0.7071067811865472397, 0.000000000000000000 ) ) ;
#5469 = EDGE_LOOP ( 'NONE', ( #10241, #4505, #9374, #11153 ) ) ;
#5470 = CARTESIAN_POINT ( 'NONE',  ( -4.662796538894676601, -43.44161904883374348, 2.286000000000000032 ) ) ;
#5471 = CARTESIAN_POINT ( 'NONE',  ( -13.03941125496958620, 13.03941125496952402, 1.000000000000000000 ) ) ;
#5472 = DIRECTION ( 'NONE',  ( 3.414809992080329023E-17, -1.000000000000000000, 0.000000000000000000 ) ) ;
#5473 = ORIENTED_EDGE ( 'NONE', *, *, #2519, .F. ) ;
#5474 = FACE_OUTER_BOUND ( 'NONE', #10260, .T. ) ;
#5475 = LINE ( 'NONE', #3546, #10980 ) ;
#5476 = AXIS2_PLACEMENT_3D ( 'NONE', #3009, #7051, #8017 ) ;
#5477 = CIRCLE ( 'NONE', #9797, 3.175000000000000711 ) ;
#5478 = VECTOR ( 'NONE', #4931, 1000.000000000000000 ) ;
#5479 = DIRECTION ( 'NONE',  ( -1.000000000000000000, -0.000000000000000000, -0.000000000000000000 ) ) ;
#5480 = EDGE_CURVE ( 'NONE', #2325, #11510, #12277, .T. ) ;
#5481 = DIRECTION ( 'NONE',  ( -1.000000000000000000, 0.000000000000000000, -0.000000000000000000 ) ) ;
#5482 = AXIS2_PLACEMENT_3D ( 'NONE', #2592, #7290, #468 ) ;
#5483 = DIRECTION ( 'NONE',  ( 1.180083997263133724E-16, 1.000000000000000000, 0.000000000000000000 ) ) ;
#5484 = DIRECTION ( 'NONE',  ( 0.7071067811865462405, 0.7071067811865489050, -0.000000000000000000 ) ) ;
#5485 = VECTOR ( 'NONE', #1499, 1000.000000000000114 ) ;
#5486 = DIRECTION ( 'NONE',  ( 0.000000000000000000, 0.000000000000000000, 1.000000000000000000 ) ) ;
#5487 = CARTESIAN_POINT ( 'NONE',  ( 0.000000000000000000, -12.69999999999999929, -2.286000000000000032 ) ) ;
#5488 = CARTESIAN_POINT ( 'NONE',  ( -6.199999999999990408, -6.699999999999999289, 3.049999999999999822 ) ) ;
#5489 = VERTEX_POINT ( 'NONE', #8233 ) ;
#5490 = CYLINDRICAL_SURFACE ( 'NONE', #937, 3.175000000000000711 ) ;
#5491 = FACE_OUTER_BOUND ( 'NONE', #1286, .T. ) ;
#5492 = VECTOR ( 'NONE', #852, 1000.000000000000114 ) ;
#5493 = ORIENTED_EDGE ( 'NONE', *, *, #10920, .T. ) ;
#5494 = AXIS2_PLACEMENT_3D ( 'NONE', #1934, #7912, #9779 ) ;
#5495 = EDGE_CURVE ( 'NONE', #10030, #7778, #5306, .T. ) ;
#5496 = ORIENTED_EDGE ( 'NONE', *, *, #2209, .T. ) ;
#5497 = EDGE_CURVE ( 'NONE', #642, #1219, #1360, .T. ) ;
#5498 = EDGE_CURVE ( 'NONE', #3346, #3325, #11958, .T. ) ;
#5499 = DIRECTION ( 'NONE',  ( 1.000000000000000000, 0.000000000000000000, 0.000000000000000000 ) ) ;
#5500 = DIRECTION ( 'NONE',  ( 0.000000000000000000, 0.000000000000000000, 1.000000000000000000 ) ) ;
#5501 = ORIENTED_EDGE ( 'NONE', *, *, #9983, .T. ) ;
#5502 = DIRECTION ( 'NONE',  ( -0.000000000000000000, -0.000000000000000000, -1.000000000000000000 ) ) ;
#5503 = CIRCLE ( 'NONE', #6323, 3.174999999999999822 ) ;
#5504 = EDGE_LOOP ( 'NONE', ( #3114, #9585 ) ) ;
#5505 = VECTOR ( 'NONE', #7482, 999.9999999999998863 ) ;
#5506 = CARTESIAN_POINT ( 'NONE',  ( -14.57984819358531503, 2.558670703524396739, -1.000000000000000000 ) ) ;
#5507 = DIRECTION ( 'NONE',  ( -0.7071067811865462405, 0.7071067811865489050, 0.000000000000000000 ) ) ;
#5508 = ORIENTED_EDGE ( 'NONE', *, *, #9935, .F. ) ;
#5509 = CARTESIAN_POINT ( 'NONE',  ( 4.662796538894686371, -43.44161904883375058, 1.000000000000000000 ) ) ;
#5510 = AXIS2_PLACEMENT_3D ( 'NONE', #7017, #6893, #2011 ) ;
#5511 = VERTEX_POINT ( 'NONE', #6056 ) ;
#5512 = ORIENTED_EDGE ( 'NONE', *, *, #4702, .T. ) ;
#5513 = EDGE_CURVE ( 'NONE', #8258, #432, #6245, .T. ) ;
#5514 = DIRECTION ( 'NONE',  ( 1.000000000000000000, 0.000000000000000000, 0.000000000000000000 ) ) ;
#5515 = ORIENTED_EDGE ( 'NONE', *, *, #5962, .T. ) ;
#5516 = VECTOR ( 'NONE', #8984, 1000.000000000000000 ) ;
#5517 = ORIENTED_EDGE ( 'NONE', *, *, #742, .F. ) ;
#5518 = AXIS2_PLACEMENT_3D ( 'NONE', #389, #10086, #7067 ) ;
#5519 = CARTESIAN_POINT ( 'NONE',  ( 3.654415587728422565, -44.45000000000000995, -2.286000000000000032 ) ) ;
#5520 = AXIS2_PLACEMENT_3D ( 'NONE', #4120, #5149, #11766 ) ;
#5521 = PLANE ( 'NONE',  #4704 ) ;
#5522 = DIRECTION ( 'NONE',  ( 0.7071067811865462405, 0.7071067811865489050, 0.000000000000000000 ) ) ;
#5523 = ORIENTED_EDGE ( 'NONE', *, *, #2735, .F. ) ;
#5524 = CARTESIAN_POINT ( 'NONE',  ( 5.200000000000000178, -33.57882250993910134, 2.286000000000000032 ) ) ;
#5525 = LINE ( 'NONE', #12201, #6011 ) ;
#5526 = ORIENTED_EDGE ( 'NONE', *, *, #4781, .T. ) ;
#5527 = CARTESIAN_POINT ( 'NONE',  ( -8.037203461105333346, 5.341619048833760708, 2.286000000000000032 ) ) ;
#5528 = VECTOR ( 'NONE', #11696, 1000.000000000000000 ) ;
#5529 = VERTEX_POINT ( 'NONE', #7084 ) ;
#5530 = ORIENTED_EDGE ( 'NONE', *, *, #470, .F. ) ;
#5531 = ADVANCED_FACE ( 'NONE', ( #5282 ), #1293, .F. ) ;
#5532 = ORIENTED_EDGE ( 'NONE', *, *, #2578, .F. ) ;
#5533 = ORIENTED_EDGE ( 'NONE', *, *, #10862, .T. ) ;
#5534 = DIRECTION ( 'NONE',  ( 0.000000000000000000, 0.000000000000000000, 1.000000000000000000 ) ) ;
#5535 = LINE ( 'NONE', #8487, #10646 ) ;
#5536 = PLANE ( 'NONE',  #593 ) ;
#5537 = CARTESIAN_POINT ( 'NONE',  ( 4.662796538894672160, -43.44161904883373637, 2.286000000000000032 ) ) ;
#5538 = ORIENTED_EDGE ( 'NONE', *, *, #2750, .T. ) ;
#5539 = FACE_OUTER_BOUND ( 'NONE', #6003, .T. ) ;
#5540 = CARTESIAN_POINT ( 'NONE',  ( 0.000000000000000000, -12.69999999999999929, -2.286000000000000032 ) ) ;
#5541 = DIRECTION ( 'NONE',  ( -0.000000000000000000, -0.000000000000000000, 1.000000000000000000 ) ) ;
#5542 = VERTEX_POINT ( 'NONE', #10098 ) ;
#5543 = CARTESIAN_POINT ( 'NONE',  ( -5.200000000000001954, -33.57882250993909423, 3.049999999999999822 ) ) ;
#5544 = CARTESIAN_POINT ( 'NONE',  ( -25.39999999999999858, 0.000000000000000000, 1.000000000000000000 ) ) ;
#5545 = EDGE_CURVE ( 'NONE', #7712, #481, #9200, .T. ) ;
#5546 = ADVANCED_FACE ( 'NONE', ( #11002 ), #5092, .F. ) ;
#5547 = CARTESIAN_POINT ( 'NONE',  ( -25.06058874503043654, -25.06058874503059286, 1.000000000000000000 ) ) ;
#5548 = CARTESIAN_POINT ( 'NONE',  ( 4.662796538894668608, -5.341619048833763372, 1.000000000000000000 ) ) ;
#5549 = CARTESIAN_POINT ( 'NONE',  ( 4.662796538894684595, -32.75838095116623805, 2.286000000000000032 ) ) ;
#5550 = LINE ( 'NONE', #8310, #8543 ) ;
#5551 = PLANE ( 'NONE',  #4264 ) ;
#5552 = CARTESIAN_POINT ( 'NONE',  ( 0.000000000000000000, 0.000000000000000000, 1.000000000000000000 ) ) ;
#5553 = CARTESIAN_POINT ( 'NONE',  ( 5.200000000000000178, -50.79999999999999716, 3.049999999999999822 ) ) ;
#5554 = DIRECTION ( 'NONE',  ( 0.7071067811865454633, -0.7071067811865495711, 0.000000000000000000 ) ) ;
#5555 = EDGE_CURVE ( 'NONE', #3373, #11908, #181, .T. ) ;
#5556 = LINE ( 'NONE', #6527, #502 ) ;
#5557 = EDGE_CURVE ( 'NONE', #6380, #11595, #11188, .T. ) ;
#5558 = VERTEX_POINT ( 'NONE', #9131 ) ;
#5559 = EDGE_LOOP ( 'NONE', ( #10080, #116, #4616, #3014 ) ) ;
#5560 = CARTESIAN_POINT ( 'NONE',  ( 5.200000000000000178, -7.895584412271563046, 3.049999999999999822 ) ) ;
#5561 = DIRECTION ( 'NONE',  ( -0.7071067811865449082, 0.7071067811865501263, 0.000000000000000000 ) ) ;
#5562 = VERTEX_POINT ( 'NONE', #149 ) ;
#5563 = DIRECTION ( 'NONE',  ( 5.463695987328531367E-16, 1.000000000000000000, 0.000000000000000000 ) ) ;
#5564 = ORIENTED_EDGE ( 'NONE', *, *, #3305, .T. ) ;
#5565 = ADVANCED_FACE ( 'NONE', ( #10046 ), #4062, .F. ) ;
#5566 = CARTESIAN_POINT ( 'NONE',  ( 5.200000000000000178, -8.178822509939090324, 2.286000000000000032 ) ) ;
#5567 = CARTESIAN_POINT ( 'NONE',  ( -1.879848193585312632, -2.558670703524398515, 2.286000000000000032 ) ) ;
#5568 = ADVANCED_FACE ( 'NONE', ( #10938 ), #2135, .T. ) ;
#5569 = ORIENTED_EDGE ( 'NONE', *, *, #10533, .F. ) ;
#5570 = EDGE_CURVE ( 'NONE', #10603, #10137, #4693, .T. ) ;
#5571 = CARTESIAN_POINT ( 'NONE',  ( -1.905652775297745238, -2.584475285236830899, -2.286000000000000032 ) ) ;
#5572 = ORIENTED_EDGE ( 'NONE', *, *, #1954, .T. ) ;
#5573 = CARTESIAN_POINT ( 'NONE',  ( 1.879848193585314853, -40.65867070352438617, 1.000000000000000000 ) ) ;
#5574 = ORIENTED_EDGE ( 'NONE', *, *, #643, .T. ) ;
#5575 = ORIENTED_EDGE ( 'NONE', *, *, #7866, .T. ) ;
#5576 = LINE ( 'NONE', #11205, #6734 ) ;
#5577 = CARTESIAN_POINT ( 'NONE',  ( 3.174999999999998934, -38.09999999999999432, -2.286000000000000032 ) ) ;
#5578 = CARTESIAN_POINT ( 'NONE',  ( 6.200000000000010836, -7.481370849898468123, -3.049999999999999822 ) ) ;
#5579 = ORIENTED_EDGE ( 'NONE', *, *, #2476, .F. ) ;
#5580 = EDGE_CURVE ( 'NONE', #3380, #1383, #10351, .T. ) ;
#5581 = EDGE_CURVE ( 'NONE', #6052, #11282, #5395, .T. ) ;
#5582 = CARTESIAN_POINT ( 'NONE',  ( -3.654415587728408799, -19.05000000000000426, -3.049999999999999822 ) ) ;
#5583 = DIRECTION ( 'NONE',  ( -0.7071067811865464625, -0.7071067811865486830, 0.000000000000000000 ) ) ;
#5584 = EDGE_CURVE ( 'NONE', #11732, #9071, #1208, .T. ) ;
#5585 = ORIENTED_EDGE ( 'NONE', *, *, #10290, .T. ) ;
#5586 = ADVANCED_FACE ( 'NONE', ( #10485 ), #3481, .F. ) ;
#5587 = DIRECTION ( 'NONE',  ( -0.7071067811865462405, -0.7071067811865489050, 0.000000000000000000 ) ) ;
#5588 = VERTEX_POINT ( 'NONE', #518 ) ;
#5589 = ORIENTED_EDGE ( 'NONE', *, *, #11594, .T. ) ;
#5590 = VERTEX_POINT ( 'NONE', #4509 ) ;
#5591 = ORIENTED_EDGE ( 'NONE', *, *, #6608, .F. ) ;
#5592 = CARTESIAN_POINT ( 'NONE',  ( -20.05838095116623521, 4.662796538894667719, 2.286000000000000032 ) ) ;
#5593 = CARTESIAN_POINT ( 'NONE',  ( -3.174999999999998934, -38.09999999999999432, 2.286000000000000032 ) ) ;
#5594 = DIRECTION ( 'NONE',  ( -0.000000000000000000, -0.000000000000000000, 1.000000000000000000 ) ) ;
#5595 = CARTESIAN_POINT ( 'NONE',  ( 0.4800000000000051448, -2.622574073917723455E-16, 1.000000000000000000 ) ) ;
#5596 = VERTEX_POINT ( 'NONE', #8362 ) ;
#5597 = ADVANCED_FACE ( 'NONE', ( #12281 ), #5536, .T. ) ;
#5598 = CARTESIAN_POINT ( 'NONE',  ( -9.561493189429086215, 0.4799999999999999822, 2.286000000000000032 ) ) ;
#5599 = DIRECTION ( 'NONE',  ( 0.7071067811865497932, 0.7071067811865453523, 0.000000000000000000 ) ) ;
#5600 = EDGE_LOOP ( 'NONE', ( #7139, #12624, #11481, #10606 ) ) ;
#5601 = LINE ( 'NONE', #5543, #11411 ) ;
#5602 = FACE_OUTER_BOUND ( 'NONE', #10847, .T. ) ;
#5603 = ORIENTED_EDGE ( 'NONE', *, *, #6583, .F. ) ;
#5604 = CARTESIAN_POINT ( 'NONE',  ( -7.358380951166246575, 4.662796538894677489, 2.286000000000000032 ) ) ;
#5605 = AXIS2_PLACEMENT_3D ( 'NONE', #9102, #303, #10013 ) ;
#5606 = AXIS2_PLACEMENT_3D ( 'NONE', #5445, #10406, #1603 ) ;
#5607 = DIRECTION ( 'NONE',  ( 0.7071067811865500152, 0.7071067811865451302, 0.000000000000000000 ) ) ;
#5608 = LINE ( 'NONE', #1755, #12690 ) ;
#5609 = DIRECTION ( 'NONE',  ( 0.7071067811865476838, -0.7071067811865474617, 0.000000000000000000 ) ) ;
#5610 = EDGE_CURVE ( 'NONE', #5390, #11557, #4440, .T. ) ;
#5611 = CARTESIAN_POINT ( 'NONE',  ( -22.26149318942908550, -0.4799999999999997047, -2.286000000000000032 ) ) ;
#5612 = CARTESIAN_POINT ( 'NONE',  ( -3.654415587728408799, -31.74999999999999289, -3.049999999999999822 ) ) ;
#5613 = DIRECTION ( 'NONE',  ( -0.000000000000000000, -0.000000000000000000, 1.000000000000000000 ) ) ;
#5614 = CARTESIAN_POINT ( 'NONE',  ( -15.25867070352439825, -1.879848193585314409, -2.286000000000000032 ) ) ;
#5615 = VECTOR ( 'NONE', #9260, 1000.000000000000227 ) ;
#5616 = LINE ( 'NONE', #6455, #3575 ) ;
#5617 = AXIS2_PLACEMENT_3D ( 'NONE', #523, #3681, #10489 ) ;
#5618 = LINE ( 'NONE', #7868, #12620 ) ;
#5619 = ORIENTED_EDGE ( 'NONE', *, *, #9104, .F. ) ;
#5620 = VECTOR ( 'NONE', #8844, 1000.000000000000000 ) ;
#5621 = LINE ( 'NONE', #7870, #2189 ) ;
#5622 = VECTOR ( 'NONE', #7656, 1000.000000000000000 ) ;
#5623 = CARTESIAN_POINT ( 'NONE',  ( 5.200000000000000178, -17.50441558772843820, 3.049999999999999822 ) ) ;
#5624 = EDGE_CURVE ( 'NONE', #10981, #3876, #7406, .T. ) ;
#5625 = ADVANCED_FACE ( 'NONE', ( #11312 ), #10425, .F. ) ;
#5626 = ORIENTED_EDGE ( 'NONE', *, *, #2208, .F. ) ;
#5627 = CARTESIAN_POINT ( 'NONE',  ( 0.000000000000000000, 5.199999999999999289, 3.049999999999999822 ) ) ;
#5628 = VERTEX_POINT ( 'NONE', #8558 ) ;
#5629 = DIRECTION ( 'NONE',  ( -1.000000000000000000, 0.000000000000000000, -0.000000000000000000 ) ) ;
#5630 = DIRECTION ( 'NONE',  ( 0.000000000000000000, 0.000000000000000000, -1.000000000000000000 ) ) ;
#5631 = EDGE_LOOP ( 'NONE', ( #7876, #56, #11858, #11709, #703, #12463 ) ) ;
#5632 = AXIS2_PLACEMENT_3D ( 'NONE', #9474, #8316, #6392 ) ;
#5633 = VERTEX_POINT ( 'NONE', #6429 ) ;
#5634 = CARTESIAN_POINT ( 'NONE',  ( -1.905652775297745238, -2.584475285236830899, -2.286000000000000032 ) ) ;
#5635 = ORIENTED_EDGE ( 'NONE', *, *, #9090, .T. ) ;
#5636 = EDGE_CURVE ( 'NONE', #3389, #4427, #10648, .T. ) ;
#5637 = LINE ( 'NONE', #9630, #10228 ) ;
#5638 = LOCAL_TIME ( 14, 16, 36.00000000000000000, #7014 ) ;
#5639 = LINE ( 'NONE', #7036, #682 ) ;
#5640 = DIRECTION ( 'NONE',  ( 0.7071067811865486830, -0.7071067811865464625, 0.000000000000000000 ) ) ;
#5641 = EDGE_LOOP ( 'NONE', ( #9757, #2366, #5364, #9838, #8955, #169, #7977, #1042, #9241, #344, #301, #3136, #6354, #5930, #7508, #8158, #9417, #9339, #11277, #8548, #5710, #12131, #360, #9, #5794, #5960, #2983, #1226, #6347, #6223, #10702, #4151, #8098, #1599, #6288, #9252, #10158, #7403, #475, #12469, #5330, #12379, #2196, #10397, #706, #5703, #11484, #7209, #68, #691, #7760, #12184, #12665, #2501, #10644, #5278, #3506, #11361, #10207, #2313, #876, #11292, #6826, #5530, #6735, #3472, #5754, #1514, #10844, #11698, #907, #12373, #11105, #7148, #3529, #3895, #511, #3992, #10155, #11294, #4973, #2614, #141, #11407, #8406, #11414, #9116, #1420, #8132, #5923, #11078, #5057, #12262, #8743, #11640, #4433, #12049, #2222, #6160, #4675, #11234, #825, #2178, #3511, #1284, #1549, #2413, #3699, #5915, #1150, #2007, #5809, #12063, #4935, #6970, #5425, #12076, #7970, #3918, #7891, #5324, #9851, #7037, #12236, #5244, #9114, #11050, #1163, #3186, #9279, #3202, #5326, #12433, #1023, #5187, #7056, #3909, #12306, #9888, #4823, #1623, #1643 ) ) ;
#5642 = AXIS2_PLACEMENT_3D ( 'NONE', #5470, #6507, #2706 ) ;
#5643 = DIRECTION ( 'NONE',  ( -0.000000000000000000, -0.000000000000000000, -1.000000000000000000 ) ) ;
#5644 = LINE ( 'NONE', #12329, #5807 ) ;
#5645 = VERTEX_POINT ( 'NONE', #3413 ) ;
#5646 = DIRECTION ( 'NONE',  ( 0.7071067811865454633, 0.7071067811865495711, 0.000000000000000000 ) ) ;
#5647 = ORIENTED_EDGE ( 'NONE', *, *, #5107, .T. ) ;
#5648 = ORIENTED_EDGE ( 'NONE', *, *, #10860, .T. ) ;
#5649 = ORIENTED_EDGE ( 'NONE', *, *, #1696, .T. ) ;
#5650 = EDGE_LOOP ( 'NONE', ( #5004, #421, #1667, #6087 ) ) ;
#5651 = AXIS2_PLACEMENT_3D ( 'NONE', #10108, #1306, #10829 ) ;
#5652 = EDGE_CURVE ( 'NONE', #8087, #6423, #3675, .T. ) ;
#5653 = VECTOR ( 'NONE', #2238, 1000.000000000000000 ) ;
#5654 = ADVANCED_FACE ( 'NONE', ( #3603 ), #7600, .T. ) ;
#5655 = ORIENTED_EDGE ( 'NONE', *, *, #5414, .T. ) ;
#5656 = PERSON_AND_ORGANIZATION ( #4115, #10773 ) ;
#5657 = EDGE_CURVE ( 'NONE', #5037, #8586, #6962, .T. ) ;
#5658 = EDGE_CURVE ( 'NONE', #11953, #8460, #1220, .T. ) ;
#5659 = DIRECTION ( 'NONE',  ( -1.000000000000000000, 0.000000000000000000, -0.000000000000000000 ) ) ;
#5660 = PLANE ( 'NONE',  #7978 ) ;
#5661 = DIRECTION ( 'NONE',  ( -0.000000000000000000, -0.000000000000000000, 1.000000000000000000 ) ) ;
#5662 = CARTESIAN_POINT ( 'NONE',  ( -2.558670703524396739, -10.82015180641468532, -2.286000000000000032 ) ) ;
#5663 = AXIS2_PLACEMENT_3D ( 'NONE', #2804, #3899, #1966 ) ;
#5664 = ORIENTED_EDGE ( 'NONE', *, *, #1128, .F. ) ;
#5665 = CARTESIAN_POINT ( 'NONE',  ( 2.584475285236819797, -1.905652775297756341, -2.286000000000000032 ) ) ;
#5666 = CARTESIAN_POINT ( 'NONE',  ( -18.04161904883375200, 4.662796538894676601, 1.000000000000000000 ) ) ;
#5667 = VERTEX_POINT ( 'NONE', #12404 ) ;
#5668 = CARTESIAN_POINT ( 'NONE',  ( 0.000000000000000000, -50.79999999999999716, -1.001000000000000112 ) ) ;
#5669 = AXIS2_PLACEMENT_3D ( 'NONE', #12125, #5249, #2531 ) ;
#5670 = FACE_OUTER_BOUND ( 'NONE', #7907, .T. ) ;
#5671 = CARTESIAN_POINT ( 'NONE',  ( -6.699999999999990408, -5.199999999999999289, 2.286000000000000032 ) ) ;
#5672 = ORIENTED_EDGE ( 'NONE', *, *, #1426, .T. ) ;
#5673 = AXIS2_PLACEMENT_3D ( 'NONE', #2781, #2853, #2718 ) ;
#5674 = VECTOR ( 'NONE', #7913, 1000.000000000000000 ) ;
#5675 = FACE_OUTER_BOUND ( 'NONE', #8197, .T. ) ;
#5676 = EDGE_CURVE ( 'NONE', #9033, #1734, #2574, .T. ) ;
#5677 = VECTOR ( 'NONE', #11664, 1000.000000000000000 ) ;
#5678 = DIRECTION ( 'NONE',  ( 0.000000000000000000, 0.000000000000000000, -1.000000000000000000 ) ) ;
#5679 = CARTESIAN_POINT ( 'NONE',  ( 1.879848193585317073, -35.54132929647560246, -1.000000000000000000 ) ) ;
#5680 = CARTESIAN_POINT ( 'NONE',  ( 0.000000000000000000, -38.09999999999999432, -2.286000000000000032 ) ) ;
#5681 = CARTESIAN_POINT ( 'NONE',  ( -5.199999999999999289, -20.59558441227160230, -3.049999999999999822 ) ) ;
#5682 = DIRECTION ( 'NONE',  ( 0.000000000000000000, 0.000000000000000000, 1.000000000000000000 ) ) ;
#5683 = CIRCLE ( 'NONE', #12037, 2.100000000000000089 ) ;
#5684 = CYLINDRICAL_SURFACE ( 'NONE', #64, 3.174999999999999822 ) ;
#5685 = AXIS2_PLACEMENT_3D ( 'NONE', #2549, #1522, #9429 ) ;
#5686 = PLANE ( 'NONE',  #743 ) ;
#5687 = LINE ( 'NONE', #2981, #5834 ) ;
#5688 = VECTOR ( 'NONE', #1511, 1000.000000000000000 ) ;
#5689 = FACE_OUTER_BOUND ( 'NONE', #4939, .T. ) ;
#5690 = ADVANCED_FACE ( 'NONE', ( #9454 ), #652, .T. ) ;
#5691 = VERTEX_POINT ( 'NONE', #6374 ) ;
#5692 = VECTOR ( 'NONE', #10833, 1000.000000000000000 ) ;
#5693 = LINE ( 'NONE', #2794, #7118 ) ;
#5694 = DIRECTION ( 'NONE',  ( -0.000000000000000000, 1.000000000000000000, -0.000000000000000000 ) ) ;
#5695 = ORIENTED_EDGE ( 'NONE', *, *, #1584, .F. ) ;
#5696 = CARTESIAN_POINT ( 'NONE',  ( -0.4800000000000061995, -28.53850681057091165, -2.286000000000000032 ) ) ;
#5697 = VERTEX_POINT ( 'NONE', #9772 ) ;
#5698 = DIRECTION ( 'NONE',  ( 0.000000000000000000, 0.000000000000000000, 1.000000000000000000 ) ) ;
#5699 = CARTESIAN_POINT ( 'NONE',  ( -17.91862915010151980, -6.200000000000000178, -3.049999999999999822 ) ) ;
#5700 = ORIENTED_EDGE ( 'NONE', *, *, #2023, .T. ) ;
#5701 = AXIS2_PLACEMENT_3D ( 'NONE', #6523, #4718, #800 ) ;
#5702 = EDGE_CURVE ( 'NONE', #834, #5088, #3258, .T. ) ;
#5703 = ORIENTED_EDGE ( 'NONE', *, *, #3768, .F. ) ;
#5704 = EDGE_CURVE ( 'NONE', #6842, #12278, #3680, .T. ) ;
#5705 = CARTESIAN_POINT ( 'NONE',  ( -18.71058874503045644, -18.71058874503053815, -1.000000000000000000 ) ) ;
#5706 = ORIENTED_EDGE ( 'NONE', *, *, #8293, .F. ) ;
#5707 = DIRECTION ( 'NONE',  ( 1.000000000000000000, -0.000000000000000000, -0.000000000000000000 ) ) ;
#5708 = VECTOR ( 'NONE', #7921, 1000.000000000000000 ) ;
#5709 = AXIS2_PLACEMENT_3D ( 'NONE', #7846, #904, #2004 ) ;
#5710 = ORIENTED_EDGE ( 'NONE', *, *, #11787, .T. ) ;
#5711 = CARTESIAN_POINT ( 'NONE',  ( 0.000000000000000000, 0.000000000000000000, 3.049999999999999822 ) ) ;
#5712 = DIRECTION ( 'NONE',  ( 0.7071067811865456854, -0.7071067811865493491, 0.000000000000000000 ) ) ;
#5713 = ORIENTED_EDGE ( 'NONE', *, *, #3079, .F. ) ;
#5714 = DIRECTION ( 'NONE',  ( -0.000000000000000000, -0.000000000000000000, 1.000000000000000000 ) ) ;
#5715 = DIRECTION ( 'NONE',  ( 1.000000000000000000, 0.000000000000000000, 0.000000000000000000 ) ) ;
#5716 = VERTEX_POINT ( 'NONE', #10799 ) ;
#5717 = CARTESIAN_POINT ( 'NONE',  ( 20.39779220613577948, -20.39779220613582211, -1.000000000000000000 ) ) ;
#5718 = EDGE_CURVE ( 'NONE', #4235, #12631, #12663, .T. ) ;
#5719 = ORIENTED_EDGE ( 'NONE', *, *, #10699, .T. ) ;
#5720 = VECTOR ( 'NONE', #4407, 1000.000000000000000 ) ;
#5721 = ORIENTED_EDGE ( 'NONE', *, *, #7272, .T. ) ;
#5722 = VECTOR ( 'NONE', #4257, 1000.000000000000000 ) ;
#5723 = VERTEX_POINT ( 'NONE', #61 ) ;
#5724 = ORIENTED_EDGE ( 'NONE', *, *, #4528, .T. ) ;
#5725 = CALENDAR_DATE ( 2022, 6, 6 ) ;
#5726 = VECTOR ( 'NONE', #1465, 999.9999999999998863 ) ;
#5727 = LINE ( 'NONE', #7651, #6017 ) ;
#5728 = CARTESIAN_POINT ( 'NONE',  ( -0.4800000000000034239, -15.87499999999999645, 2.286000000000000032 ) ) ;
#5729 = DIRECTION ( 'NONE',  ( 0.7071067811865441310, 0.7071067811865507924, -0.000000000000000000 ) ) ;
#5730 = ORIENTED_EDGE ( 'NONE', *, *, #39, .T. ) ;
#5731 = DIRECTION ( 'NONE',  ( 0.7071067811865454633, 0.7071067811865495711, 0.000000000000000000 ) ) ;
#5732 = VECTOR ( 'NONE', #12266, 1000.000000000000000 ) ;
#5733 = CARTESIAN_POINT ( 'NONE',  ( 6.200000000000005507, -3.804415587728419812, -2.286000000000000032 ) ) ;
#5734 = ORIENTED_EDGE ( 'NONE', *, *, #5462, .T. ) ;
#5735 = DIRECTION ( 'NONE',  ( 1.000000000000000000, 0.000000000000000000, 0.000000000000000000 ) ) ;
#5736 = CARTESIAN_POINT ( 'NONE',  ( 2.584475285236821129, -48.89434722470223704, -2.286000000000000032 ) ) ;
#5737 = EDGE_CURVE ( 'NONE', #6041, #11882, #11469, .T. ) ;
#5738 = DIRECTION ( 'NONE',  ( -0.000000000000000000, -0.000000000000000000, 1.000000000000000000 ) ) ;
#5739 = ORIENTED_EDGE ( 'NONE', *, *, #4607, .T. ) ;
#5740 = EDGE_CURVE ( 'NONE', #7234, #3678, #6815, .T. ) ;
#5741 = CARTESIAN_POINT ( 'NONE',  ( 6.200000000000001066, -41.90441558772845099, 3.049999999999999822 ) ) ;
#5742 = LINE ( 'NONE', #11649, #5492 ) ;
#5743 = DIRECTION ( 'NONE',  ( -0.7071067811865503483, -0.7071067811865446862, 0.000000000000000000 ) ) ;
#5744 = CYLINDRICAL_SURFACE ( 'NONE', #5043, 3.174999999999998934 ) ;
#5745 = CARTESIAN_POINT ( 'NONE',  ( 0.000000000000000000, 0.000000000000000000, -1.000000000000000000 ) ) ;
#5746 = LINE ( 'NONE', #856, #4384 ) ;
#5747 = DIRECTION ( 'NONE',  ( -0.7071067811865491270, 0.7071067811865459074, 0.000000000000000000 ) ) ;
#5748 = CARTESIAN_POINT ( 'NONE',  ( -5.200000000000004619, -33.29558441227159449, 2.286000000000000032 ) ) ;
#5749 = EDGE_CURVE ( 'NONE', #7320, #8004, #7840, .T. ) ;
#5750 = EDGE_CURVE ( 'NONE', #4133, #5932, #967, .T. ) ;
#5751 = DIRECTION ( 'NONE',  ( 0.7071067811865497932, 0.7071067811865453523, 0.000000000000000000 ) ) ;
#5752 = EDGE_CURVE ( 'NONE', #481, #1705, #9702, .T. ) ;
#5753 = DIRECTION ( 'NONE',  ( -0.000000000000000000, -0.000000000000000000, -1.000000000000000000 ) ) ;
#5754 = ORIENTED_EDGE ( 'NONE', *, *, #10700, .F. ) ;
#5755 = LINE ( 'NONE', #2988, #11839 ) ;
#5756 = CARTESIAN_POINT ( 'NONE',  ( 5.341619048833756267, -33.43720346110534081, -2.286000000000000032 ) ) ;
#5757 = EDGE_LOOP ( 'NONE', ( #6594, #2300, #8358, #4741, #6015, #10553, #2058, #11429 ) ) ;
#5758 = CARTESIAN_POINT ( 'NONE',  ( -3.654415587728408799, -31.74999999999999289, 1.000000000000000000 ) ) ;
#5759 = ORIENTED_EDGE ( 'NONE', *, *, #3375, .F. ) ;
#5760 = ADVANCED_FACE ( 'NONE', ( #6946 ), #3026, .F. ) ;
#5761 = LINE ( 'NONE', #9678, #11166 ) ;
#5762 = DIRECTION ( 'NONE',  ( -0.000000000000000000, -0.000000000000000000, -1.000000000000000000 ) ) ;
#5763 = ORIENTED_EDGE ( 'NONE', *, *, #3632, .T. ) ;
#5764 = ORIENTED_EDGE ( 'NONE', *, *, #9302, .F. ) ;
#5765 = CARTESIAN_POINT ( 'NONE',  ( -0.4800000000000034239, -15.83850681057091059, 2.286000000000000032 ) ) ;
#5766 = ORIENTED_EDGE ( 'NONE', *, *, #4982, .T. ) ;
#5767 = DIRECTION ( 'NONE',  ( -1.000000000000000000, 0.000000000000000000, -0.000000000000000000 ) ) ;
#5768 = ORIENTED_EDGE ( 'NONE', *, *, #9386, .F. ) ;
#5769 = CARTESIAN_POINT ( 'NONE',  ( -6.010588745030478464, 6.010588745030459812, 1.000000000000000000 ) ) ;
#5770 = DIRECTION ( 'NONE',  ( -0.000000000000000000, 0.000000000000000000, 1.000000000000000000 ) ) ;
#5771 = ADVANCED_FACE ( 'NONE', ( #2957 ), #1740, .F. ) ;
#5772 = VERTEX_POINT ( 'NONE', #10732 ) ;
#5773 = DIRECTION ( 'NONE',  ( 1.000000000000000000, 0.000000000000000000, 0.000000000000000000 ) ) ;
#5774 = CARTESIAN_POINT ( 'NONE',  ( 0.000000000000000000, -12.69999999999999929, -2.286000000000000032 ) ) ;
#5775 = FACE_OUTER_BOUND ( 'NONE', #1901, .T. ) ;
#5776 = ORIENTED_EDGE ( 'NONE', *, *, #2394, .T. ) ;
#5777 = CARTESIAN_POINT ( 'NONE',  ( -25.39999999999999858, -5.199999999999999289, -1.000000000000000000 ) ) ;
#5778 = ORIENTED_EDGE ( 'NONE', *, *, #10696, .T. ) ;
#5779 = ORIENTED_EDGE ( 'NONE', *, *, #1117, .T. ) ;
#5780 = ORIENTED_EDGE ( 'NONE', *, *, #9225, .F. ) ;
#5781 = PERSON_AND_ORGANIZATION ( #4115, #10773 ) ;
#5782 = FACE_OUTER_BOUND ( 'NONE', #2868, .T. ) ;
#5783 = DIRECTION ( 'NONE',  ( 1.000000000000000000, -5.463695987328531367E-16, 0.000000000000000000 ) ) ;
#5784 = LINE ( 'NONE', #2766, #6497 ) ;
#5785 = EDGE_CURVE ( 'NONE', #8315, #9071, #7, .T. ) ;
#5786 = EDGE_LOOP ( 'NONE', ( #4024, #2156, #7461, #3594 ) ) ;
#5787 = DIRECTION ( 'NONE',  ( -0.7071067811865500152, -0.7071067811865451302, -0.000000000000000000 ) ) ;
#5788 = DIRECTION ( 'NONE',  ( -0.7071067811865455743, -0.7071067811865495711, 0.000000000000000000 ) ) ;
#5789 = ORIENTED_EDGE ( 'NONE', *, *, #1196, .F. ) ;
#5790 = DIRECTION ( 'NONE',  ( -1.000000000000000000, 0.000000000000000000, 0.000000000000000000 ) ) ;
#5791 = CARTESIAN_POINT ( 'NONE',  ( 2.558670703524391410, -10.82015180641467822, -1.000000000000000000 ) ) ;
#5792 = CARTESIAN_POINT ( 'NONE',  ( -8.178822509939093877, 5.199999999999999289, -1.000000000000000000 ) ) ;
#5793 = ORIENTED_EDGE ( 'NONE', *, *, #8717, .T. ) ;
#5794 = ORIENTED_EDGE ( 'NONE', *, *, #3579, .T. ) ;
#5795 = CARTESIAN_POINT ( 'NONE',  ( 0.000000000000000000, 0.000000000000000000, -2.286000000000000032 ) ) ;
#5796 = ADVANCED_FACE ( 'NONE', ( #3792 ), #780, .T. ) ;
#5797 = DIRECTION ( 'NONE',  ( -0.000000000000000000, -0.000000000000000000, 1.000000000000000000 ) ) ;
#5798 = VECTOR ( 'NONE', #5186, 1000.000000000000000 ) ;
#5799 = CYLINDRICAL_SURFACE ( 'NONE', #1612, 3.174999999999999822 ) ;
#5800 = PLANE ( 'NONE',  #5673 ) ;
#5801 = FACE_OUTER_BOUND ( 'NONE', #493, .T. ) ;
#5802 = DIRECTION ( 'NONE',  ( 0.000000000000000000, 0.000000000000000000, 1.000000000000000000 ) ) ;
#5803 = PLANE ( 'NONE',  #10127 ) ;
#5804 = CARTESIAN_POINT ( 'NONE',  ( 5.200000000000000178, 6.368163355566235395E-16, 3.049999999999999822 ) ) ;
#5805 = LINE ( 'NONE', #7744, #7484 ) ;
#5806 = VECTOR ( 'NONE', #10444, 1000.000000000000000 ) ;
#5807 = VECTOR ( 'NONE', #577, 1000.000000000000000 ) ;
#5808 = CARTESIAN_POINT ( 'NONE',  ( 6.010588745030467805, -6.010588745030505997, 1.000000000000000000 ) ) ;
#5809 = ORIENTED_EDGE ( 'NONE', *, *, #9430, .T. ) ;
#5810 = EDGE_CURVE ( 'NONE', #7343, #4765, #11752, .T. ) ;
#5811 = ADVANCED_FACE ( 'NONE', ( #8868 ), #3982, .F. ) ;
#5812 = CARTESIAN_POINT ( 'NONE',  ( -3.174999999999999822, -25.39999999999999858, 2.286000000000000032 ) ) ;
#5813 = EDGE_CURVE ( 'NONE', #2635, #5542, #4756, .T. ) ;
#5814 = DIRECTION ( 'NONE',  ( 0.000000000000000000, 0.000000000000000000, 1.000000000000000000 ) ) ;
#5815 = ADVANCED_FACE ( 'NONE', ( #7652 ), #7719, .T. ) ;
#5816 = VECTOR ( 'NONE', #2267, 1000.000000000000000 ) ;
#5817 = ORIENTED_EDGE ( 'NONE', *, *, #1992, .F. ) ;
#5818 = CARTESIAN_POINT ( 'NONE',  ( -17.91862915010151980, -6.200000000000000178, -3.049999999999999822 ) ) ;
#5819 = AXIS2_PLACEMENT_3D ( 'NONE', #6742, #10717, #10661 ) ;
#5820 = ORIENTED_EDGE ( 'NONE', *, *, #12209, .F. ) ;
#5821 = DIRECTION ( 'NONE',  ( 0.7071067811865495711, 0.7071067811865454633, -0.000000000000000000 ) ) ;
#5822 = CARTESIAN_POINT ( 'NONE',  ( -5.200000000000001954, -33.57882250993909423, -2.286000000000000920 ) ) ;
#5823 = VERTEX_POINT ( 'NONE', #6759 ) ;
#5824 = VERTEX_POINT ( 'NONE', #9646 ) ;
#5825 = VECTOR ( 'NONE', #1399, 1000.000000000000000 ) ;
#5826 = CYLINDRICAL_SURFACE ( 'NONE', #4297, 3.174999999999999822 ) ;
#5827 = ORIENTED_EDGE ( 'NONE', *, *, #7065, .T. ) ;
#5828 = ADVANCED_FACE ( 'NONE', ( #11891 ), #2248, .T. ) ;
#5829 = DIRECTION ( 'NONE',  ( 1.000000000000000000, 0.000000000000000000, 0.000000000000000000 ) ) ;
#5830 = ORIENTED_EDGE ( 'NONE', *, *, #3184, .F. ) ;
#5831 = CARTESIAN_POINT ( 'NONE',  ( -2.558670703524381640, -48.92015180641466543, 2.286000000000000032 ) ) ;
#5832 = CARTESIAN_POINT ( 'NONE',  ( -5.199999999999993960, 1.329561303583129310E-15, 1.000000000000000000 ) ) ;
#5833 = VERTEX_POINT ( 'NONE', #8160 ) ;
#5834 = VECTOR ( 'NONE', #3943, 1000.000000000000000 ) ;
#5835 = CARTESIAN_POINT ( 'NONE',  ( -7.697792206135778414, 7.697792206135783744, 1.000000000000000000 ) ) ;
#5836 = LINE ( 'NONE', #7772, #1510 ) ;
#5837 = CARTESIAN_POINT ( 'NONE',  ( -6.199999999999990408, -6.699999999999999289, -1.000000000000000000 ) ) ;
#5838 = ORIENTED_EDGE ( 'NONE', *, *, #7349, .T. ) ;
#5839 = DIRECTION ( 'NONE',  ( 0.000000000000000000, 1.000000000000000000, 0.000000000000000000 ) ) ;
#5840 = ORIENTED_EDGE ( 'NONE', *, *, #8452, .F. ) ;
#5841 = VERTEX_POINT ( 'NONE', #7137 ) ;
#5842 = EDGE_CURVE ( 'NONE', #9065, #6391, #2860, .T. ) ;
#5843 = AXIS2_PLACEMENT_3D ( 'NONE', #4529, #8447, #859 ) ;
#5844 = ORIENTED_EDGE ( 'NONE', *, *, #4200, .F. ) ;
#5845 = DIRECTION ( 'NONE',  ( 1.000000000000000000, 0.000000000000000000, 0.000000000000000000 ) ) ;
#5846 = AXIS2_PLACEMENT_3D ( 'NONE', #6432, #10488, #12479 ) ;
#5847 = CARTESIAN_POINT ( 'NONE',  ( 0.000000000000000000, -12.69999999999999929, 2.286000000000000032 ) ) ;
#5848 = FACE_OUTER_BOUND ( 'NONE', #1994, .T. ) ;
#5849 = ORIENTED_EDGE ( 'NONE', *, *, #3880, .T. ) ;
#5850 = LINE ( 'NONE', #11949, #6688 ) ;
#5851 = DIRECTION ( 'NONE',  ( -0.000000000000000000, -0.000000000000000000, 1.000000000000000000 ) ) ;
#5852 = ORIENTED_EDGE ( 'NONE', *, *, #2833, .F. ) ;
#5853 = CARTESIAN_POINT ( 'NONE',  ( -3.654415587728408799, -19.05000000000000426, 3.049999999999999822 ) ) ;
#5854 = AXIS2_PLACEMENT_3D ( 'NONE', #3875, #7849, #976 ) ;
#5855 = CARTESIAN_POINT ( 'NONE',  ( -7.358380951166251016, 4.662796538894676601, 1.000000000000000000 ) ) ;
#5856 = FACE_OUTER_BOUND ( 'NONE', #125, .T. ) ;
#5857 = ORIENTED_EDGE ( 'NONE', *, *, #8452, .T. ) ;
#5858 = VECTOR ( 'NONE', #7677, 1000.000000000000000 ) ;
#5859 = AXIS2_PLACEMENT_3D ( 'NONE', #7262, #10222, #12011 ) ;
#5860 = ORIENTED_EDGE ( 'NONE', *, *, #11629, .T. ) ;
#5861 = FACE_OUTER_BOUND ( 'NONE', #6105, .T. ) ;
#5862 = EDGE_CURVE ( 'NONE', #9509, #11123, #11945, .T. ) ;
#5863 = ADVANCED_FACE ( 'NONE', ( #11116 ), #253, .T. ) ;
#5864 = VECTOR ( 'NONE', #8268, 1000.000000000000000 ) ;
#5865 = LINE ( 'NONE', #1106, #4883 ) ;
#5866 = CARTESIAN_POINT ( 'NONE',  ( 0.000000000000000000, -38.09999999999999432, 2.286000000000000032 ) ) ;
#5867 = DIRECTION ( 'NONE',  ( -0.7071067811865474617, -0.7071067811865474617, 0.000000000000000000 ) ) ;
#5868 = CIRCLE ( 'NONE', #331, 3.174999999999999822 ) ;
#5869 = CYLINDRICAL_SURFACE ( 'NONE', #9803, 3.174999999999998934 ) ;
#5870 = CARTESIAN_POINT ( 'NONE',  ( -3.654415587728408799, -19.05000000000000426, 3.049999999999999822 ) ) ;
#5871 = DIRECTION ( 'NONE',  ( 0.7071067811865479058, -0.7071067811865471286, 0.000000000000000000 ) ) ;
#5872 = DIRECTION ( 'NONE',  ( 1.000000000000000000, 0.000000000000000000, 0.000000000000000000 ) ) ;
#5873 = CARTESIAN_POINT ( 'NONE',  ( -22.81552471476314992, -1.905652775297738133, 2.286000000000000032 ) ) ;
#5874 = AXIS2_PLACEMENT_3D ( 'NONE', #10691, #9531, #4770 ) ;
#5875 = VECTOR ( 'NONE', #9781, 1000.000000000000000 ) ;
#5876 = EDGE_CURVE ( 'NONE', #10586, #5252, #9423, .T. ) ;
#5877 = PLANE ( 'NONE',  #8516 ) ;
#5878 = CIRCLE ( 'NONE', #9159, 3.174999999999998934 ) ;
#5879 = VERTEX_POINT ( 'NONE', #10983 ) ;
#5880 = VECTOR ( 'NONE', #404, 1000.000000000000000 ) ;
#5881 = DIRECTION ( 'NONE',  ( -0.000000000000000000, -0.000000000000000000, -1.000000000000000000 ) ) ;
#5882 = CIRCLE ( 'NONE', #5685, 3.175000000000000711 ) ;
#5883 = CARTESIAN_POINT ( 'NONE',  ( -22.81552471476315347, 1.905652775297736579, 2.286000000000000032 ) ) ;
#5884 = VERTEX_POINT ( 'NONE', #130 ) ;
#5885 = CARTESIAN_POINT ( 'NONE',  ( 0.000000000000000000, -5.199999999999999289, -1.000000000000000000 ) ) ;
#5886 = VECTOR ( 'NONE', #10703, 1000.000000000000114 ) ;
#5887 = ORIENTED_EDGE ( 'NONE', *, *, #12446, .T. ) ;
#5888 = LINE ( 'NONE', #4978, #2749 ) ;
#5889 = DIRECTION ( 'NONE',  ( -2.556848660736790434E-16, -1.000000000000000000, 0.000000000000000000 ) ) ;
#5890 = ORIENTED_EDGE ( 'NONE', *, *, #3199, .F. ) ;
#5891 = EDGE_CURVE ( 'NONE', #5723, #6624, #1155, .T. ) ;
#5892 = AXIS2_PLACEMENT_3D ( 'NONE', #10662, #5712, #7516 ) ;
#5893 = AXIS2_PLACEMENT_3D ( 'NONE', #2116, #60, #6814 ) ;
#5895 = EDGE_CURVE ( 'NONE', #8222, #6925, #4239, .T. ) ;
#5894 = VERTEX_POINT ( 'NONE', #1344 ) ;
#5896 = CARTESIAN_POINT ( 'NONE',  ( -25.39999999999999858, 0.000000000000000000, -1.000000000000000000 ) ) ;
#5897 = ORIENTED_EDGE ( 'NONE', *, *, #11199, .F. ) ;
#5898 = CARTESIAN_POINT ( 'NONE',  ( 5.200000000000000178, -29.92117749006092353, 3.049999999999999822 ) ) ;
#5899 = VERTEX_POINT ( 'NONE', #2061 ) ;
#5900 = DIRECTION ( 'NONE',  ( -0.000000000000000000, -0.000000000000000000, 1.000000000000000000 ) ) ;
#5901 = DIRECTION ( 'NONE',  ( 0.000000000000000000, 1.000000000000000000, 0.000000000000000000 ) ) ;
#5902 = CIRCLE ( 'NONE', #5701, 3.174999999999999822 ) ;
#5903 = ORIENTED_EDGE ( 'NONE', *, *, #4793, .F. ) ;
#5904 = CARTESIAN_POINT ( 'NONE',  ( -10.82015180641468888, -2.558670703524400736, 1.000000000000000000 ) ) ;
#5905 = CARTESIAN_POINT ( 'NONE',  ( -0.4800000000000003153, -41.27499999999999147, -2.286000000000000032 ) ) ;
#5906 = DIRECTION ( 'NONE',  ( -0.000000000000000000, -0.000000000000000000, 1.000000000000000000 ) ) ;
#5907 = ORIENTED_EDGE ( 'NONE', *, *, #469, .T. ) ;
#5908 = EDGE_CURVE ( 'NONE', #12321, #8849, #5075, .T. ) ;
#5909 = DIRECTION ( 'NONE',  ( 0.7071067811865473507, 0.7071067811865477948, -0.000000000000000000 ) ) ;
#5910 = ADVANCED_FACE ( 'NONE', ( #2117 ), #5139, .F. ) ;
#5911 = EDGE_LOOP ( 'NONE', ( #121, #7595, #11240, #2544 ) ) ;
#5912 = VERTEX_POINT ( 'NONE', #10924 ) ;
#5913 = AXIS2_PLACEMENT_3D ( 'NONE', #336, #8232, #12147 ) ;
#5914 = VECTOR ( 'NONE', #1309, 1000.000000000000000 ) ;
#5915 = ORIENTED_EDGE ( 'NONE', *, *, #5718, .F. ) ;
#5916 = APPROVAL_ROLE ( '' ) ;
#5917 = DIRECTION ( 'NONE',  ( 0.000000000000000000, 0.000000000000000000, 1.000000000000000000 ) ) ;
#5918 = CARTESIAN_POINT ( 'NONE',  ( -9.561493189429086215, 0.4799999999999999822, -2.286000000000000032 ) ) ;
#5919 = DIRECTION ( 'NONE',  ( -0.000000000000000000, -0.000000000000000000, 1.000000000000000000 ) ) ;
#5920 = ORIENTED_EDGE ( 'NONE', *, *, #6281, .F. ) ;
#5921 = FACE_OUTER_BOUND ( 'NONE', #12382, .T. ) ;
#5922 = CARTESIAN_POINT ( 'NONE',  ( 4.662796538894681930, -18.04161904883375911, -1.000000000000000000 ) ) ;
#5923 = ORIENTED_EDGE ( 'NONE', *, *, #6660, .F. ) ;
#5924 = AXIS2_PLACEMENT_3D ( 'NONE', #779, #11990, #1210 ) ;
#5925 = CARTESIAN_POINT ( 'NONE',  ( -4.662796538894679266, -18.04161904883375200, 2.286000000000000032 ) ) ;
#5926 = EDGE_CURVE ( 'NONE', #7181, #11111, #2304, .T. ) ;
#5927 = AXIS2_PLACEMENT_3D ( 'NONE', #5866, #9791, #982 ) ;
#5928 = LINE ( 'NONE', #140, #541 ) ;
#5929 = LINE ( 'NONE', #12545, #5432 ) ;
#5930 = ORIENTED_EDGE ( 'NONE', *, *, #10146, .T. ) ;
#5931 = AXIS2_PLACEMENT_3D ( 'NONE', #5795, #8685, #12606 ) ;
#5932 = VERTEX_POINT ( 'NONE', #198 ) ;
#5933 = CARTESIAN_POINT ( 'NONE',  ( -10.14132929647559678, 1.879848193585310190, -2.286000000000000032 ) ) ;
#5934 = VECTOR ( 'NONE', #3731, 1000.000000000000000 ) ;
#5935 = CARTESIAN_POINT ( 'NONE',  ( -3.654415587728408799, -19.05000000000000426, -2.286000000000000032 ) ) ;
#5936 = PLANE ( 'NONE',  #2433 ) ;
#5937 = LINE ( 'NONE', #1048, #9771 ) ;
#5938 = CARTESIAN_POINT ( 'NONE',  ( -2.558670703524395851, -36.22015180641468390, 2.286000000000000032 ) ) ;
#5939 = CARTESIAN_POINT ( 'NONE',  ( 3.174999999999999822, -25.39999999999999858, -2.286000000000000032 ) ) ;
#5940 = DIRECTION ( 'NONE',  ( -0.000000000000000000, -0.000000000000000000, 1.000000000000000000 ) ) ;
#5941 = CIRCLE ( 'NONE', #6557, 3.175000000000000711 ) ;
#5942 = ADVANCED_FACE ( 'NONE', ( #4166 ), #3204, .F. ) ;
#5943 = CARTESIAN_POINT ( 'NONE',  ( -5.199999999999995737, -6.699999999999997513, 1.000000000000000000 ) ) ;
#5944 = EDGE_CURVE ( 'NONE', #7812, #10666, #8931, .T. ) ;
#5945 = DIRECTION ( 'NONE',  ( 1.000000000000000000, 7.912989585623242219E-16, 0.000000000000000000 ) ) ;
#5946 = CARTESIAN_POINT ( 'NONE',  ( 0.4799999999999990941, -3.138506810570912187, 2.286000000000000032 ) ) ;
#5947 = VERTEX_POINT ( 'NONE', #10869 ) ;
#5948 = CARTESIAN_POINT ( 'NONE',  ( -17.22117749006090293, 5.199999999999999289, 3.049999999999999822 ) ) ;
#5949 = LINE ( 'NONE', #9867, #9384 ) ;
#5950 = ADVANCED_FACE ( 'NONE', ( #5198 ), #5979, .F. ) ;
#5951 = EDGE_LOOP ( 'NONE', ( #647, #5197, #2846, #2354 ) ) ;
#5952 = CARTESIAN_POINT ( 'NONE',  ( 2.558670703524385193, -48.92015180641466543, 1.000000000000000000 ) ) ;
#5953 = ORIENTED_EDGE ( 'NONE', *, *, #9196, .T. ) ;
#5954 = ADVANCED_FACE ( 'NONE', ( #4050 ), #10027, .T. ) ;
#5955 = CARTESIAN_POINT ( 'NONE',  ( -22.81552471476315347, 1.905652775297736579, -2.286000000000000032 ) ) ;
#5956 = CARTESIAN_POINT ( 'NONE',  ( -5.068629150101498837, -31.74999999999999289, -3.049999999999999822 ) ) ;
#5957 = ORIENTED_EDGE ( 'NONE', *, *, #11975, .F. ) ;
#5958 = ORIENTED_EDGE ( 'NONE', *, *, #2959, .T. ) ;
#5959 = DIRECTION ( 'NONE',  ( -0.000000000000000000, -0.000000000000000000, 1.000000000000000000 ) ) ;
#5960 = ORIENTED_EDGE ( 'NONE', *, *, #12113, .T. ) ;
#5961 = CYLINDRICAL_SURFACE ( 'NONE', #7332, 3.175000000000000711 ) ;
#5962 = EDGE_CURVE ( 'NONE', #5716, #8601, #12008, .T. ) ;
#5963 = ORIENTED_EDGE ( 'NONE', *, *, #1492, .T. ) ;
#5964 = LINE ( 'NONE', #1072, #4072 ) ;
#5965 = CARTESIAN_POINT ( 'NONE',  ( 1.905652775297735024, -27.98447528523684724, 2.286000000000000032 ) ) ;
#5966 = ORIENTED_EDGE ( 'NONE', *, *, #5374, .T. ) ;
#5967 = CARTESIAN_POINT ( 'NONE',  ( 0.4799999999999988165, -34.92499999999999716, 2.286000000000000032 ) ) ;
#5968 = CARTESIAN_POINT ( 'NONE',  ( -19.04999999999999716, -3.654415587728427450, 3.049999999999999822 ) ) ;
#5969 = DIRECTION ( 'NONE',  ( -0.000000000000000000, -0.000000000000000000, 1.000000000000000000 ) ) ;
#5970 = ORIENTED_EDGE ( 'NONE', *, *, #11584, .T. ) ;
#5971 = PLANE ( 'NONE',  #7742 ) ;
#5972 = ORIENTED_EDGE ( 'NONE', *, *, #4391, .T. ) ;
#5973 = VERTEX_POINT ( 'NONE', #11425 ) ;
#5974 = ORIENTED_EDGE ( 'NONE', *, *, #8401, .F. ) ;
#5975 = EDGE_CURVE ( 'NONE', #12088, #7197, #8467, .T. ) ;
#5976 = DIRECTION ( 'NONE',  ( 0.7071067811865459074, 0.7071067811865491270, -0.000000000000000000 ) ) ;
#5977 = ADVANCED_FACE ( 'NONE', ( #443 ), #12197, .T. ) ;
#5978 = ADVANCED_FACE ( 'NONE', ( #11238 ), #12384, .F. ) ;
#5979 = PLANE ( 'NONE',  #4501 ) ;
#5980 = DIRECTION ( 'NONE',  ( 1.000000000000000000, 0.000000000000000000, 0.000000000000000000 ) ) ;
#5981 = ADVANCED_FACE ( 'NONE', ( #4358 ), #5521, .F. ) ;
#5982 = VERTEX_POINT ( 'NONE', #4548 ) ;
#5983 = CARTESIAN_POINT ( 'NONE',  ( 2.558670703524395851, -14.57984819358531503, 2.286000000000000032 ) ) ;
#5984 = CARTESIAN_POINT ( 'NONE',  ( -5.199999999999995737, -8.178822509939086771, 1.000000000000000444 ) ) ;
#5985 = EDGE_LOOP ( 'NONE', ( #688, #2682, #4369, #6308 ) ) ;
#5986 = DIRECTION ( 'NONE',  ( -0.000000000000000000, -0.000000000000000000, -1.000000000000000000 ) ) ;
#5987 = CARTESIAN_POINT ( 'NONE',  ( 0.000000000000000000, 0.000000000000000000, -1.000000000000000000 ) ) ;
#5988 = PERSON_AND_ORGANIZATION ( #4115, #10773 ) ;
#5989 = ORIENTED_EDGE ( 'NONE', *, *, #11488, .F. ) ;
#5990 = ORIENTED_EDGE ( 'NONE', *, *, #2211, .F. ) ;
#5991 = CARTESIAN_POINT ( 'NONE',  ( -4.662796538894669496, -30.74161904883376195, 1.000000000000000444 ) ) ;
#5992 = EDGE_CURVE ( 'NONE', #4277, #11736, #573, .T. ) ;
#5993 = DIRECTION ( 'NONE',  ( -0.7071067811865497932, -0.7071067811865453523, 0.000000000000000000 ) ) ;
#5994 = DIRECTION ( 'NONE',  ( -0.000000000000000000, -0.000000000000000000, -1.000000000000000000 ) ) ;
#5995 = DIRECTION ( 'NONE',  ( 0.7071067811865454633, -0.7071067811865495711, -0.000000000000000000 ) ) ;
#5996 = CARTESIAN_POINT ( 'NONE',  ( -6.199999999999999289, -41.90441558772840835, 3.049999999999999822 ) ) ;
#5997 = DIRECTION ( 'NONE',  ( -0.000000000000000000, -0.000000000000000000, 1.000000000000000000 ) ) ;
#5998 = DIRECTION ( 'NONE',  ( -0.000000000000000000, -0.000000000000000000, -1.000000000000000000 ) ) ;
#5999 = ORIENTED_EDGE ( 'NONE', *, *, #2223, .T. ) ;
#6000 = DIRECTION ( 'NONE',  ( 1.000000000000000000, 0.000000000000000000, 0.000000000000000000 ) ) ;
#6001 = CARTESIAN_POINT ( 'NONE',  ( 3.654415587728436332, -6.349999999999996092, 3.049999999999999822 ) ) ;
#6002 = DIRECTION ( 'NONE',  ( -0.7071067811865479058, 0.7071067811865472397, -0.000000000000000000 ) ) ;
#6003 = EDGE_LOOP ( 'NONE', ( #9448, #5359, #4406, #9683 ) ) ;
#6004 = EDGE_CURVE ( 'NONE', #4348, #3323, #8410, .T. ) ;
#6005 = LINE ( 'NONE', #8000, #6914 ) ;
#6006 = CARTESIAN_POINT ( 'NONE',  ( -5.199999999999999289, -20.87882250993907718, -2.286000000000000920 ) ) ;
#6007 = DIRECTION ( 'NONE',  ( 0.000000000000000000, 0.000000000000000000, -1.000000000000000000 ) ) ;
#6008 = VERTEX_POINT ( 'NONE', #4614 ) ;
#6009 = CARTESIAN_POINT ( 'NONE',  ( 4.662796538894655285, -45.45838095116624800, -1.000000000000000000 ) ) ;
#6010 = CARTESIAN_POINT ( 'NONE',  ( -1.905652775297734358, -27.98447528523684724, 2.286000000000000032 ) ) ;
#6011 = VECTOR ( 'NONE', #11244, 1000.000000000000000 ) ;
#6012 = VERTEX_POINT ( 'NONE', #7258 ) ;
#6013 = VERTEX_POINT ( 'NONE', #7515 ) ;
#6014 = LINE ( 'NONE', #5122, #8809 ) ;
#6015 = ORIENTED_EDGE ( 'NONE', *, *, #11474, .F. ) ;
#6016 = EDGE_CURVE ( 'NONE', #6091, #10221, #10335, .T. ) ;
#6017 = VECTOR ( 'NONE', #3791, 1000.000000000000000 ) ;
#6018 = EDGE_CURVE ( 'NONE', #1705, #10805, #7377, .T. ) ;
#6019 = DIRECTION ( 'NONE',  ( 0.7071067811865491270, 0.7071067811865459074, 0.000000000000000000 ) ) ;
#6020 = VECTOR ( 'NONE', #226, 1000.000000000000000 ) ;
#6021 = ORIENTED_EDGE ( 'NONE', *, *, #756, .F. ) ;
#6022 = LINE ( 'NONE', #9943, #3460 ) ;
#6023 = PLANE ( 'NONE',  #964 ) ;
#6024 = ORIENTED_EDGE ( 'NONE', *, *, #300, .F. ) ;
#6025 = CARTESIAN_POINT ( 'NONE',  ( -7.697792206135778414, -7.697792206135783744, -1.000000000000000000 ) ) ;
#6026 = FACE_OUTER_BOUND ( 'NONE', #11543, .T. ) ;
#6027 = CARTESIAN_POINT ( 'NONE',  ( 0.4799999999999937095, -28.53850681057091521, -2.286000000000000032 ) ) ;
#6028 = EDGE_LOOP ( 'NONE', ( #12123, #11830, #9843, #11485, #9878, #11034, #6492 ) ) ;
#6030 = DIRECTION ( 'NONE',  ( 0.000000000000000000, 0.000000000000000000, 1.000000000000000000 ) ) ;
#6029 = AXIS2_PLACEMENT_3D ( 'NONE', #4322, #8239, #5472 ) ;
#6031 = VECTOR ( 'NONE', #7157, 1000.000000000000000 ) ;
#6032 = ORIENTED_EDGE ( 'NONE', *, *, #6605, .F. ) ;
#6033 = EDGE_CURVE ( 'NONE', #5088, #252, #12457, .T. ) ;
#6034 = ORIENTED_EDGE ( 'NONE', *, *, #6420, .F. ) ;
#6035 = VERTEX_POINT ( 'NONE', #3464 ) ;
#6036 = AXIS2_PLACEMENT_3D ( 'NONE', #8709, #2035, #1006 ) ;
#6037 = DIRECTION ( 'NONE',  ( -0.000000000000000000, -0.000000000000000000, 1.000000000000000000 ) ) ;
#6038 = VECTOR ( 'NONE', #2066, 1000.000000000000114 ) ;
#6039 = CARTESIAN_POINT ( 'NONE',  ( -14.80000000000000071, 2.571758278209441464E-16, -1.001000000000000112 ) ) ;
#6040 = DIRECTION ( 'NONE',  ( -0.7071067811865497932, -0.7071067811865452413, 0.000000000000000000 ) ) ;
#6041 = VERTEX_POINT ( 'NONE', #2439 ) ;
#6042 = LINE ( 'NONE', #7140, #8528 ) ;
#6043 = CARTESIAN_POINT ( 'NONE',  ( 5.068629150101547687, -19.04999999999999005, -3.049999999999999822 ) ) ;
#6044 = ORIENTED_EDGE ( 'NONE', *, *, #11987, .T. ) ;
#6045 = PLANE ( 'NONE',  #11000 ) ;
#6046 = MECHANICAL_CONTEXT ( 'NONE', #5254, 'mechanical' ) ;
#6047 = ORIENTED_EDGE ( 'NONE', *, *, #7460, .F. ) ;
#6048 = EDGE_CURVE ( 'NONE', #6008, #6332, #6763, .T. ) ;
#6049 = VECTOR ( 'NONE', #8698, 1000.000000000000114 ) ;
#6050 = ADVANCED_FACE ( 'NONE', ( #10218 ), #5328, .T. ) ;
#6051 = EDGE_CURVE ( 'NONE', #1454, #2960, #6359, .T. ) ;
#6052 = VERTEX_POINT ( 'NONE', #4493 ) ;
#6053 = CARTESIAN_POINT ( 'NONE',  ( 6.200000000000000178, 7.592810154713588849E-16, -3.049999999999999822 ) ) ;
#6054 = EDGE_CURVE ( 'NONE', #7198, #883, #8347, .T. ) ;
#6055 = DIRECTION ( 'NONE',  ( -1.000000000000000000, 1.639108796198557931E-15, 0.000000000000000000 ) ) ;
#6056 = CARTESIAN_POINT ( 'NONE',  ( -17.22117749006090648, -5.199999999999999289, -2.286000000000000920 ) ) ;
#6057 = PLANE ( 'NONE',  #2788 ) ;
#6058 = VECTOR ( 'NONE', #8630, 1000.000000000000000 ) ;
#6059 = CARTESIAN_POINT ( 'NONE',  ( 0.3394112549695272874, 0.3394112549695256775, -1.000000000000000000 ) ) ;
#6060 = CYLINDRICAL_SURFACE ( 'NONE', #4181, 2.100000000000000089 ) ;
#6061 = CARTESIAN_POINT ( 'NONE',  ( -6.010588745030453595, -6.010588745030460700, -1.000000000000000000 ) ) ;
#6062 = ORIENTED_EDGE ( 'NONE', *, *, #5310, .T. ) ;
#6063 = FACE_OUTER_BOUND ( 'NONE', #1222, .T. ) ;
#6064 = AXIS2_PLACEMENT_3D ( 'NONE', #5996, #9793, #7925 ) ;
#6065 = CARTESIAN_POINT ( 'NONE',  ( -0.4800000000000068656, -22.26149318942908550, -2.286000000000000032 ) ) ;
#6066 = EDGE_CURVE ( 'NONE', #12128, #2100, #3520, .T. ) ;
#6067 = VECTOR ( 'NONE', #4084, 1000.000000000000000 ) ;
#6068 = CARTESIAN_POINT ( 'NONE',  ( 5.200000000000000178, -29.92117749006092353, 3.049999999999999822 ) ) ;
#6069 = ORIENTED_EDGE ( 'NONE', *, *, #6172, .F. ) ;
#6070 = AXIS2_PLACEMENT_3D ( 'NONE', #8665, #12525, #6803 ) ;
#6071 = CARTESIAN_POINT ( 'NONE',  ( 5.200000000000000178, -33.29558441227155186, 3.049999999999999822 ) ) ;
#6072 = CARTESIAN_POINT ( 'NONE',  ( -3.174999999999998934, -38.09999999999999432, 1.000000000000000000 ) ) ;
#6073 = CARTESIAN_POINT ( 'NONE',  ( 5.200000000000001066, -17.50441558772843820, -3.049999999999999822 ) ) ;
#6074 = LINE ( 'NONE', #4137, #11031 ) ;
#6075 = CARTESIAN_POINT ( 'NONE',  ( 0.4799999999999990941, -3.138506810570912187, 1.000000000000000000 ) ) ;
#6076 = CIRCLE ( 'NONE', #12436, 2.100000000000000977 ) ;
#6077 = VECTOR ( 'NONE', #12238, 1000.000000000000000 ) ;
#6078 = VERTEX_POINT ( 'NONE', #1528 ) ;
#6079 = CARTESIAN_POINT ( 'NONE',  ( -25.39999999999999858, 0.000000000000000000, -1.001000000000000112 ) ) ;
#6080 = FACE_OUTER_BOUND ( 'NONE', #244, .T. ) ;
#6081 = ORIENTED_EDGE ( 'NONE', *, *, #8252, .T. ) ;
#6082 = EDGE_CURVE ( 'NONE', #4954, #6107, #9298, .T. ) ;
#6083 = VECTOR ( 'NONE', #7995, 1000.000000000000114 ) ;
#6084 = ORIENTED_EDGE ( 'NONE', *, *, #5294, .T. ) ;
#6085 = VECTOR ( 'NONE', #11128, 1000.000000000000000 ) ;
#6086 = CARTESIAN_POINT ( 'NONE',  ( 3.654415587728450543, -19.04999999999999716, 3.049999999999999822 ) ) ;
#6087 = ORIENTED_EDGE ( 'NONE', *, *, #6677, .F. ) ;
#6088 = CIRCLE ( 'NONE', #9350, 3.174999999999999822 ) ;
#6089 = DIRECTION ( 'NONE',  ( 0.7071067811865497932, 0.7071067811865452413, 0.000000000000000000 ) ) ;
#6090 = VECTOR ( 'NONE', #6140, 1000.000000000000000 ) ;
#6091 = VERTEX_POINT ( 'NONE', #1909 ) ;
#6092 = CARTESIAN_POINT ( 'NONE',  ( 24.05220779386420205, -24.05220779386436902, -1.000000000000000000 ) ) ;
#6093 = DIRECTION ( 'NONE',  ( -0.7071067811865497932, 0.7071067811865452413, 0.000000000000000000 ) ) ;
#6094 = ORIENTED_EDGE ( 'NONE', *, *, #12495, .T. ) ;
#6095 = CARTESIAN_POINT ( 'NONE',  ( -22.26149318942908550, -0.4799999999999999822, 2.286000000000000032 ) ) ;
#6096 = CARTESIAN_POINT ( 'NONE',  ( -5.341619048833760708, -33.43720346110533370, 2.286000000000000032 ) ) ;
#6097 = FACE_OUTER_BOUND ( 'NONE', #8672, .T. ) ;
#6098 = VECTOR ( 'NONE', #2880, 1000.000000000000000 ) ;
#6099 = ORIENTED_EDGE ( 'NONE', *, *, #4547, .F. ) ;
#6100 = VECTOR ( 'NONE', #2486, 1000.000000000000000 ) ;
#6101 = EDGE_CURVE ( 'NONE', #2881, #3282, #7639, .T. ) ;
#6102 = FACE_OUTER_BOUND ( 'NONE', #290, .T. ) ;
#6103 = EDGE_CURVE ( 'NONE', #8235, #1299, #8476, .T. ) ;
#6104 = VECTOR ( 'NONE', #6089, 1000.000000000000000 ) ;
#6105 = EDGE_LOOP ( 'NONE', ( #6697, #903, #1920, #6247 ) ) ;
#6106 = ORIENTED_EDGE ( 'NONE', *, *, #7621, .T. ) ;
#6107 = VERTEX_POINT ( 'NONE', #11546 ) ;
#6108 = VECTOR ( 'NONE', #9997, 1000.000000000000000 ) ;
#6109 = DIRECTION ( 'NONE',  ( 0.7071067811865453523, -0.7071067811865497932, 0.000000000000000000 ) ) ;
#6110 = CARTESIAN_POINT ( 'NONE',  ( -0.4800000000000007594, -41.23850681057090384, -1.000000000000000000 ) ) ;
#6111 = ORIENTED_EDGE ( 'NONE', *, *, #4169, .T. ) ;
#6112 = EDGE_CURVE ( 'NONE', #810, #6937, #5639, .T. ) ;
#6113 = DIRECTION ( 'NONE',  ( 0.7071067811865493491, 0.7071067811865456854, 0.000000000000000000 ) ) ;
#6114 = CARTESIAN_POINT ( 'NONE',  ( -3.804415587728426917, 6.200000000000001066, 2.286000000000000032 ) ) ;
#6115 = EDGE_LOOP ( 'NONE', ( #6021, #8921, #8916, #9097 ) ) ;
#6116 = DIRECTION ( 'NONE',  ( 0.000000000000000000, 0.000000000000000000, 1.000000000000000000 ) ) ;
#6117 = ORIENTED_EDGE ( 'NONE', *, *, #11281, .F. ) ;
#6118 = CIRCLE ( 'NONE', #364, 3.175000000000000711 ) ;
#6119 = VECTOR ( 'NONE', #2772, 1000.000000000000000 ) ;
#6120 = VERTEX_POINT ( 'NONE', #8723 ) ;
#6121 = CARTESIAN_POINT ( 'NONE',  ( -6.699999999999990408, -6.699999999999999289, 3.049999999999999822 ) ) ;
#6122 = DIRECTION ( 'NONE',  ( -1.000000000000000000, 0.000000000000000000, -0.000000000000000000 ) ) ;
#6123 = CARTESIAN_POINT ( 'NONE',  ( 0.000000000000000000, 0.000000000000000000, 3.049999999999999822 ) ) ;
#6124 = DIRECTION ( 'NONE',  ( -0.7071067811865475727, 0.7071067811865475727, 0.000000000000000000 ) ) ;
#6125 = VECTOR ( 'NONE', #11443, 1000.000000000000114 ) ;
#6126 = VECTOR ( 'NONE', #8885, 1000.000000000000000 ) ;
#6127 = EDGE_CURVE ( 'NONE', #12318, #1651, #1193, .T. ) ;
#6128 = CARTESIAN_POINT ( 'NONE',  ( 6.200000000000025047, -29.20441558772843038, 3.049999999999999822 ) ) ;
#6129 = FACE_OUTER_BOUND ( 'NONE', #3977, .T. ) ;
#6130 = CARTESIAN_POINT ( 'NONE',  ( 5.200000000000000178, -29.92117749006092353, -2.286000000000000920 ) ) ;
#6131 = EDGE_CURVE ( 'NONE', #6761, #4820, #12522, .T. ) ;
#6132 = ORIENTED_EDGE ( 'NONE', *, *, #2594, .T. ) ;
#6133 = EDGE_CURVE ( 'NONE', #3380, #11739, #9999, .T. ) ;
#6134 = LINE ( 'NONE', #10242, #4023 ) ;
#6135 = DIRECTION ( 'NONE',  ( -0.000000000000000000, -0.000000000000000000, 1.000000000000000000 ) ) ;
#6136 = AXIS2_PLACEMENT_3D ( 'NONE', #3674, #11311, #6571 ) ;
#6137 = DIRECTION ( 'NONE',  ( -0.7071067811865462405, -0.7071067811865489050, 0.000000000000000000 ) ) ;
#6138 = VECTOR ( 'NONE', #2509, 1000.000000000000000 ) ;
#6139 = ORIENTED_EDGE ( 'NONE', *, *, #7321, .T. ) ;
#6140 = DIRECTION ( 'NONE',  ( 0.000000000000000000, 0.000000000000000000, 1.000000000000000000 ) ) ;
#6141 = VECTOR ( 'NONE', #11067, 1000.000000000000000 ) ;
#6142 = DIRECTION ( 'NONE',  ( -1.000000000000000000, 0.000000000000000000, 0.000000000000000000 ) ) ;
#6143 = DIRECTION ( 'NONE',  ( 0.000000000000000000, 0.000000000000000000, 1.000000000000000000 ) ) ;
#6144 = EDGE_CURVE ( 'NONE', #5588, #582, #7584, .T. ) ;
#6145 = ADVANCED_FACE ( 'NONE', ( #6675 ), #763, .T. ) ;
#6146 = CARTESIAN_POINT ( 'NONE',  ( -17.50441558772842399, -5.200000000000000178, 3.049999999999999822 ) ) ;
#6147 = CARTESIAN_POINT ( 'NONE',  ( -2.584475285236830899, -1.905652775297745238, 2.286000000000000032 ) ) ;
#6148 = EDGE_CURVE ( 'NONE', #11732, #10879, #4081, .T. ) ;
#6149 = ORIENTED_EDGE ( 'NONE', *, *, #6923, .F. ) ;
#6150 = EDGE_CURVE ( 'NONE', #5209, #1794, #2688, .T. ) ;
#6151 = DIRECTION ( 'NONE',  ( -0.000000000000000000, -0.000000000000000000, 1.000000000000000000 ) ) ;
#6152 = AXIS2_PLACEMENT_3D ( 'NONE', #6880, #8674, #3920 ) ;
#6153 = CARTESIAN_POINT ( 'NONE',  ( -14.57984819358531503, 2.558670703524396739, -2.286000000000000032 ) ) ;
#6154 = ORIENTED_EDGE ( 'NONE', *, *, #11322, .F. ) ;
#6155 = VERTEX_POINT ( 'NONE', #8971 ) ;
#6156 = DIRECTION ( 'NONE',  ( 1.000000000000000000, 0.000000000000000000, 0.000000000000000000 ) ) ;
#6157 = EDGE_LOOP ( 'NONE', ( #2297, #5575, #8615, #4305 ) ) ;
#6158 = CARTESIAN_POINT ( 'NONE',  ( -12.69999999999999929, 0.000000000000000000, -1.000000000000000000 ) ) ;
#6159 = EDGE_CURVE ( 'NONE', #6554, #5899, #12641, .T. ) ;
#6160 = ORIENTED_EDGE ( 'NONE', *, *, #7553, .T. ) ;
#6161 = LINE ( 'NONE', #8264, #7367 ) ;
#6162 = CARTESIAN_POINT ( 'NONE',  ( -5.200000000000001066, -33.57882250993909423, 2.286000000000000032 ) ) ;
#6163 = ORIENTED_EDGE ( 'NONE', *, *, #3220, .F. ) ;
#6164 = CARTESIAN_POINT ( 'NONE',  ( 5.200000000000000178, -46.27882250993906865, -1.000000000000000000 ) ) ;
#6165 = CARTESIAN_POINT ( 'NONE',  ( 0.000000000000000000, -0.4799999999999999822, -1.000000000000000000 ) ) ;
#6166 = FACE_OUTER_BOUND ( 'NONE', #11796, .T. ) ;
#6167 = ORIENTED_EDGE ( 'NONE', *, *, #6673, .T. ) ;
#6168 = DIRECTION ( 'NONE',  ( -0.000000000000000000, -0.000000000000000000, 1.000000000000000000 ) ) ;
#6169 = ORIENTED_EDGE ( 'NONE', *, *, #5280, .F. ) ;
#6170 = ORIENTED_EDGE ( 'NONE', *, *, #622, .F. ) ;
#6171 = ORIENTED_EDGE ( 'NONE', *, *, #8252, .F. ) ;
#6172 = EDGE_CURVE ( 'NONE', #12206, #10514, #2318, .T. ) ;
#6173 = DIRECTION ( 'NONE',  ( -0.000000000000000000, -0.000000000000000000, 1.000000000000000000 ) ) ;
#6174 = CARTESIAN_POINT ( 'NONE',  ( 3.654415587728436332, -6.349999999999996092, -2.286000000000000032 ) ) ;
#6175 = EDGE_LOOP ( 'NONE', ( #11235, #7425, #1273, #7194 ) ) ;
#6176 = DIRECTION ( 'NONE',  ( 0.7071067811865489050, 0.7071067811865461294, 0.000000000000000000 ) ) ;
#6177 = CARTESIAN_POINT ( 'NONE',  ( 1.879848193585297089, -27.95867070352440820, -2.286000000000000032 ) ) ;
#6178 = ORIENTED_EDGE ( 'NONE', *, *, #8715, .F. ) ;
#6179 = CARTESIAN_POINT ( 'NONE',  ( 0.000000000000000000, -50.79999999999999716, -2.286000000000000032 ) ) ;
#6180 = ORIENTED_EDGE ( 'NONE', *, *, #2477, .F. ) ;
#6181 = VERTEX_POINT ( 'NONE', #6075 ) ;
#6182 = EDGE_CURVE ( 'NONE', #10796, #8405, #11556, .T. ) ;
#6183 = DIRECTION ( 'NONE',  ( 1.000000000000000000, -0.000000000000000000, 0.000000000000000000 ) ) ;
#6184 = CARTESIAN_POINT ( 'NONE',  ( 6.200000000000025047, -20.18137084989846386, -3.049999999999999822 ) ) ;
#6185 = CARTESIAN_POINT ( 'NONE',  ( -2.558670703524382084, -48.92015180641466543, -2.286000000000000032 ) ) ;
#6186 = VERTEX_POINT ( 'NONE', #4681 ) ;
#6187 = LINE ( 'NONE', #8237, #1751 ) ;
#6188 = LINE ( 'NONE', #11075, #11768 ) ;
#6189 = DIRECTION ( 'NONE',  ( -0.7071067811865479058, 0.7071067811865472397, 0.000000000000000000 ) ) ;
#6190 = ORIENTED_EDGE ( 'NONE', *, *, #1668, .T. ) ;
#6191 = CARTESIAN_POINT ( 'NONE',  ( 0.000000000000000000, 0.000000000000000000, 1.000000000000000000 ) ) ;
#6192 = FACE_OUTER_BOUND ( 'NONE', #2085, .T. ) ;
#6193 = DIRECTION ( 'NONE',  ( 0.7071067811865474617, 0.7071067811865476838, -0.000000000000000000 ) ) ;
#6194 = ADVANCED_FACE ( 'NONE', ( #4742 ), #8604, .T. ) ;
#6195 = VERTEX_POINT ( 'NONE', #7698 ) ;
#6196 = LINE ( 'NONE', #9146, #8344 ) ;
#6197 = PLANE ( 'NONE',  #8997 ) ;
#6198 = DIRECTION ( 'NONE',  ( -0.7071067811865493491, -0.7071067811865456854, 0.000000000000000000 ) ) ;
#6199 = CARTESIAN_POINT ( 'NONE',  ( -21.59558441227157033, -6.200000000000001066, -3.049999999999999822 ) ) ;
#6200 = DIRECTION ( 'NONE',  ( -0.000000000000000000, -0.000000000000000000, -1.000000000000000000 ) ) ;
#6201 = EDGE_LOOP ( 'NONE', ( #5028, #2057, #11559, #3647 ) ) ;
#6202 = FACE_OUTER_BOUND ( 'NONE', #9847, .T. ) ;
#6203 = DIRECTION ( 'NONE',  ( 0.7071067811865497932, -0.7071067811865452413, -0.000000000000000000 ) ) ;
#6204 = ORIENTED_EDGE ( 'NONE', *, *, #1081, .F. ) ;
#6205 = EDGE_LOOP ( 'NONE', ( #10416, #1590, #1797, #4300 ) ) ;
#6206 = EDGE_CURVE ( 'NONE', #8015, #9501, #3961, .T. ) ;
#6207 = EDGE_CURVE ( 'NONE', #8258, #642, #3656, .T. ) ;
#6208 = LINE ( 'NONE', #7886, #10249 ) ;
#6209 = EDGE_LOOP ( 'NONE', ( #4623, #6747, #8013, #2095 ) ) ;
#6210 = ADVANCED_FACE ( 'NONE', ( #6800 ), #3113, .F. ) ;
#6211 = ADVANCED_FACE ( 'NONE', ( #4204 ), #3242, .F. ) ;
#6212 = DIRECTION ( 'NONE',  ( 0.000000000000000000, 0.000000000000000000, -1.000000000000000000 ) ) ;
#6213 = VERTEX_POINT ( 'NONE', #1382 ) ;
#6214 = DIRECTION ( 'NONE',  ( 0.7071067811865464625, -0.7071067811865486830, 0.000000000000000000 ) ) ;
#6215 = AXIS2_PLACEMENT_3D ( 'NONE', #3662, #8542, #701 ) ;
#6216 = CARTESIAN_POINT ( 'NONE',  ( -17.91862915010151980, 6.200000000000000178, -3.049999999999999822 ) ) ;
#6217 = VERTEX_POINT ( 'NONE', #9273 ) ;
#6218 = CARTESIAN_POINT ( 'NONE',  ( 0.000000000000000000, 0.000000000000000000, -1.000000000000000000 ) ) ;
#6219 = CARTESIAN_POINT ( 'NONE',  ( -1.905652775297734802, -22.81552471476314992, -2.286000000000000032 ) ) ;
#6220 = FACE_OUTER_BOUND ( 'NONE', #2727, .T. ) ;
#6221 = ORIENTED_EDGE ( 'NONE', *, *, #248, .T. ) ;
#6222 = LINE ( 'NONE', #4353, #10195 ) ;
#6223 = ORIENTED_EDGE ( 'NONE', *, *, #6568, .F. ) ;
#6224 = EDGE_LOOP ( 'NONE', ( #4311, #1778, #11931, #12530 ) ) ;
#6225 = ADVANCED_FACE ( 'NONE', ( #5416 ), #7230, .F. ) ;
#6226 = VECTOR ( 'NONE', #7361, 1000.000000000000000 ) ;
#6227 = ORIENTED_EDGE ( 'NONE', *, *, #8644, .F. ) ;
#6228 = VECTOR ( 'NONE', #6412, 1000.000000000000000 ) ;
#6229 = VERTEX_POINT ( 'NONE', #1443 ) ;
#6230 = DIRECTION ( 'NONE',  ( 0.7071067811865456854, 0.7071067811865494601, -0.000000000000000000 ) ) ;
#6231 = DIRECTION ( 'NONE',  ( -0.7071067811865454633, -0.7071067811865495711, 0.000000000000000000 ) ) ;
#6232 = VERTEX_POINT ( 'NONE', #288 ) ;
#6233 = VECTOR ( 'NONE', #6647, 1000.000000000000000 ) ;
#6234 = CARTESIAN_POINT ( 'NONE',  ( -4.662796538894670384, -20.05838095116623521, -2.286000000000000032 ) ) ;
#6235 = DIRECTION ( 'NONE',  ( -0.7071067811865451302, -0.7071067811865500152, -0.000000000000000000 ) ) ;
#6236 = VECTOR ( 'NONE', #3608, 1000.000000000000000 ) ;
#6237 = ORIENTED_EDGE ( 'NONE', *, *, #7476, .F. ) ;
#6238 = CARTESIAN_POINT ( 'NONE',  ( -22.84132929647559251, 1.879848193585300642, 1.000000000000000000 ) ) ;
#6239 = ORIENTED_EDGE ( 'NONE', *, *, #12006, .T. ) ;
#6240 = EDGE_CURVE ( 'NONE', #330, #10094, #1500, .T. ) ;
#6241 = ORIENTED_EDGE ( 'NONE', *, *, #425, .T. ) ;
#6242 = AXIS2_PLACEMENT_3D ( 'NONE', #5955, #36, #1841 ) ;
#6243 = AXIS2_PLACEMENT_3D ( 'NONE', #6043, #4310, #3278 ) ;
#6244 = DIRECTION ( 'NONE',  ( 0.7071067811865479058, -0.7071067811865470176, -0.000000000000000000 ) ) ;
#6245 = LINE ( 'NONE', #2319, #2638 ) ;
#6246 = CARTESIAN_POINT ( 'NONE',  ( 0.000000000000000000, -38.09999999999999432, -2.286000000000000032 ) ) ;
#6247 = ORIENTED_EDGE ( 'NONE', *, *, #10220, .T. ) ;
#6248 = LINE ( 'NONE', #6315, #9958 ) ;
#6249 = CARTESIAN_POINT ( 'NONE',  ( -19.04999999999999716, -3.654415587728427450, -3.049999999999999822 ) ) ;
#6250 = DIRECTION ( 'NONE',  ( 1.000000000000000000, 0.000000000000000000, 0.000000000000000000 ) ) ;
#6251 = VERTEX_POINT ( 'NONE', #8196 ) ;
#6252 = PLANE ( 'NONE',  #1978 ) ;
#6253 = VECTOR ( 'NONE', #6135, 1000.000000000000000 ) ;
#6254 = LINE ( 'NONE', #7163, #8101 ) ;
#6255 = EDGE_CURVE ( 'NONE', #7814, #10121, #4138, .T. ) ;
#6256 = EDGE_CURVE ( 'NONE', #7241, #3063, #2221, .T. ) ;
#6257 = CARTESIAN_POINT ( 'NONE',  ( -5.200000000000001066, -30.20441558772839130, 3.049999999999999822 ) ) ;
#6258 = VECTOR ( 'NONE', #6512, 1000.000000000000000 ) ;
#6259 = DIRECTION ( 'NONE',  ( 0.000000000000000000, 0.000000000000000000, -1.000000000000000000 ) ) ;
#6260 = FACE_OUTER_BOUND ( 'NONE', #10919, .T. ) ;
#6261 = DIRECTION ( 'NONE',  ( 0.7071067811865489050, -0.7071067811865460184, 0.000000000000000000 ) ) ;
#6262 = VECTOR ( 'NONE', #5731, 1000.000000000000000 ) ;
#6263 = FACE_OUTER_BOUND ( 'NONE', #5317, .T. ) ;
#6264 = CARTESIAN_POINT ( 'NONE',  ( -2.100000000000000089, 2.571758278209441464E-16, -1.001000000000000112 ) ) ;
#6265 = ORIENTED_EDGE ( 'NONE', *, *, #5513, .T. ) ;
#6266 = EDGE_CURVE ( 'NONE', #2998, #12258, #11143, .T. ) ;
#6267 = CARTESIAN_POINT ( 'NONE',  ( -6.199999999999995737, -50.79999999999999716, 3.049999999999999822 ) ) ;
#6268 = CARTESIAN_POINT ( 'NONE',  ( -15.28447528523682664, -1.905652775297742574, -2.286000000000000032 ) ) ;
#6269 = ORIENTED_EDGE ( 'NONE', *, *, #6958, .F. ) ;
#6270 = AXIS2_PLACEMENT_3D ( 'NONE', #7222, #2588, #11385 ) ;
#6271 = VERTEX_POINT ( 'NONE', #3432 ) ;
#6272 = CIRCLE ( 'NONE', #2782, 3.174999999999999822 ) ;
#6273 = ORIENTED_EDGE ( 'NONE', *, *, #974, .F. ) ;
#6274 = CARTESIAN_POINT ( 'NONE',  ( -25.39999999999999858, 0.000000000000000000, -1.000000000000000000 ) ) ;
#6275 = CARTESIAN_POINT ( 'NONE',  ( -10.14132929647560033, -1.879848193585313298, 2.286000000000000032 ) ) ;
#6276 = ORIENTED_EDGE ( 'NONE', *, *, #11937, .T. ) ;
#6277 = LINE ( 'NONE', #1325, #10035 ) ;
#6278 = LINE ( 'NONE', #9047, #5194 ) ;
#6279 = ORIENTED_EDGE ( 'NONE', *, *, #3374, .T. ) ;
#6280 = VECTOR ( 'NONE', #2269, 1000.000000000000000 ) ;
#6281 = EDGE_CURVE ( 'NONE', #2423, #726, #1253, .T. ) ;
#6282 = LINE ( 'NONE', #377, #5210 ) ;
#6283 = CARTESIAN_POINT ( 'NONE',  ( -1.905652775297736801, -35.51552471476317407, -2.286000000000000032 ) ) ;
#6284 = VERTEX_POINT ( 'NONE', #11977 ) ;
#6285 = ADVANCED_FACE ( 'NONE', ( #3173 ), #6389, .F. ) ;
#6286 = CARTESIAN_POINT ( 'NONE',  ( -6.199999999999977973, -17.91862915010153046, -3.049999999999999822 ) ) ;
#6287 = CIRCLE ( 'NONE', #3817, 2.100000000000000089 ) ;
#6288 = ORIENTED_EDGE ( 'NONE', *, *, #7936, .T. ) ;
#6289 = VECTOR ( 'NONE', #7453, 1000.000000000000000 ) ;
#6290 = ORIENTED_EDGE ( 'NONE', *, *, #4105, .F. ) ;
#6291 = VERTEX_POINT ( 'NONE', #7103 ) ;
#6292 = VECTOR ( 'NONE', #2148, 1000.000000000000000 ) ;
#6293 = ORIENTED_EDGE ( 'NONE', *, *, #1449, .T. ) ;
#6294 = VECTOR ( 'NONE', #7905, 1000.000000000000000 ) ;
#6295 = DIRECTION ( 'NONE',  ( 1.365923996832132102E-16, 1.000000000000000000, -0.000000000000000000 ) ) ;
#6296 = LINE ( 'NONE', #3205, #11424 ) ;
#6297 = CIRCLE ( 'NONE', #1169, 3.174999999999999822 ) ;
#6298 = VERTEX_POINT ( 'NONE', #8126 ) ;
#6299 = EDGE_CURVE ( 'NONE', #3453, #769, #8689, .T. ) ;
#6300 = EDGE_CURVE ( 'NONE', #10666, #2100, #419, .T. ) ;
#6301 = DIRECTION ( 'NONE',  ( -0.000000000000000000, -0.000000000000000000, -1.000000000000000000 ) ) ;
#6302 = CARTESIAN_POINT ( 'NONE',  ( -25.39999999999999858, 0.000000000000000000, 3.049999999999999822 ) ) ;
#6303 = VECTOR ( 'NONE', #6657, 1000.000000000000000 ) ;
#6304 = ORIENTED_EDGE ( 'NONE', *, *, #5113, .T. ) ;
#6305 = FACE_OUTER_BOUND ( 'NONE', #4609, .T. ) ;
#6306 = ORIENTED_EDGE ( 'NONE', *, *, #1144, .T. ) ;
#6307 = ORIENTED_EDGE ( 'NONE', *, *, #2410, .T. ) ;
#6308 = ORIENTED_EDGE ( 'NONE', *, *, #8430, .F. ) ;
#6309 = VECTOR ( 'NONE', #6143, 1000.000000000000000 ) ;
#6310 = FACE_OUTER_BOUND ( 'NONE', #1731, .T. ) ;
#6311 = PLANE ( 'NONE',  #6542 ) ;
#6312 = LINE ( 'NONE', #8363, #2397 ) ;
#6313 = ORIENTED_EDGE ( 'NONE', *, *, #6604, .F. ) ;
#6314 = EDGE_CURVE ( 'NONE', #1734, #4380, #11208, .T. ) ;
#6315 = CARTESIAN_POINT ( 'NONE',  ( -12.36058874503043548, -12.36058874503052962, 1.000000000000000000 ) ) ;
#6316 = DIRECTION ( 'NONE',  ( 1.000000000000000000, 0.000000000000000000, 0.000000000000000000 ) ) ;
#6317 = DIRECTION ( 'NONE',  ( -0.000000000000000000, -0.000000000000000000, -1.000000000000000000 ) ) ;
#6318 = ORIENTED_EDGE ( 'NONE', *, *, #4418, .F. ) ;
#6319 = VECTOR ( 'NONE', #12047, 1000.000000000000000 ) ;
#6320 = DIRECTION ( 'NONE',  ( 0.000000000000000000, 0.000000000000000000, -1.000000000000000000 ) ) ;
#6321 = DIRECTION ( 'NONE',  ( -1.000000000000000000, 0.000000000000000000, 0.000000000000000000 ) ) ;
#6322 = CARTESIAN_POINT ( 'NONE',  ( 2.558670703524385193, -23.52015180641467040, 2.286000000000000032 ) ) ;
#6323 = AXIS2_PLACEMENT_3D ( 'NONE', #981, #2074, #1824 ) ;
#6324 = VECTOR ( 'NONE', #7472, 1000.000000000000000 ) ;
#6325 = DIRECTION ( 'NONE',  ( -0.7071067811865446862, 0.7071067811865503483, 0.000000000000000000 ) ) ;
#6326 = FACE_OUTER_BOUND ( 'NONE', #1409, .T. ) ;
#6327 = FACE_OUTER_BOUND ( 'NONE', #2760, .T. ) ;
#6328 = EDGE_CURVE ( 'NONE', #2071, #7627, #11090, .T. ) ;
#6329 = DIRECTION ( 'NONE',  ( 1.000000000000000000, 3.414809992080329023E-17, 0.000000000000000000 ) ) ;
#6330 = LINE ( 'NONE', #5232, #3550 ) ;
#6331 = CARTESIAN_POINT ( 'NONE',  ( -7.895584412271571928, 5.199999999999999289, 3.049999999999999822 ) ) ;
#6332 = VERTEX_POINT ( 'NONE', #5357 ) ;
#6333 = FACE_BOUND ( 'NONE', #5439, .T. ) ;
#6334 = PLANE ( 'NONE',  #740 ) ;
#6335 = ORIENTED_EDGE ( 'NONE', *, *, #10326, .T. ) ;
#6336 = VECTOR ( 'NONE', #3963, 1000.000000000000000 ) ;
#6337 = AXIS2_PLACEMENT_3D ( 'NONE', #1173, #9017, #9318 ) ;
#6338 = ORIENTED_EDGE ( 'NONE', *, *, #11756, .F. ) ;
#6339 = EDGE_LOOP ( 'NONE', ( #3317, #12643, #950, #7072, #10908, #5144 ) ) ;
#6340 = AXIS2_PLACEMENT_3D ( 'NONE', #6774, #910, #7797 ) ;
#6341 = DIRECTION ( 'NONE',  ( -1.000000000000000000, 0.000000000000000000, 0.000000000000000000 ) ) ;
#6342 = PLANE ( 'NONE',  #3218 ) ;
#6343 = EDGE_CURVE ( 'NONE', #6869, #3179, #7360, .T. ) ;
#6344 = EDGE_LOOP ( 'NONE', ( #9675, #11924, #11440, #2162 ) ) ;
#6345 = LINE ( 'NONE', #5430, #3879 ) ;
#6346 = AXIS2_PLACEMENT_3D ( 'NONE', #8740, #6694, #4699 ) ;
#6347 = ORIENTED_EDGE ( 'NONE', *, *, #11744, .F. ) ;
#6348 = DIRECTION ( 'NONE',  ( 0.000000000000000000, 0.000000000000000000, -1.000000000000000000 ) ) ;
#6349 = DIRECTION ( 'NONE',  ( 2.556848660736790434E-16, 1.000000000000000000, 0.000000000000000000 ) ) ;
#6350 = VECTOR ( 'NONE', #7823, 1000.000000000000114 ) ;
#6351 = VERTEX_POINT ( 'NONE', #10116 ) ;
#6352 = DIRECTION ( 'NONE',  ( -0.000000000000000000, -0.000000000000000000, 1.000000000000000000 ) ) ;
#6353 = ORIENTED_EDGE ( 'NONE', *, *, #10842, .T. ) ;
#6354 = ORIENTED_EDGE ( 'NONE', *, *, #6535, .F. ) ;
#6355 = FACE_OUTER_BOUND ( 'NONE', #4710, .T. ) ;
#6356 = ORIENTED_EDGE ( 'NONE', *, *, #41, .T. ) ;
#6357 = EDGE_CURVE ( 'NONE', #6380, #4427, #6330, .T. ) ;
#6358 = VERTEX_POINT ( 'NONE', #4394 ) ;
#6359 = LINE ( 'NONE', #10278, #7455 ) ;
#6360 = DIRECTION ( 'NONE',  ( 1.000000000000000000, 0.000000000000000000, 0.000000000000000000 ) ) ;
#6361 = VERTEX_POINT ( 'NONE', #10253 ) ;
#6362 = CARTESIAN_POINT ( 'NONE',  ( 5.200000000000000178, 6.368163355566235395E-16, 2.286000000000000032 ) ) ;
#6363 = DIRECTION ( 'NONE',  ( 1.000000000000000000, 0.000000000000000000, 0.000000000000000000 ) ) ;
#6364 = ORIENTED_EDGE ( 'NONE', *, *, #7111, .T. ) ;
#6365 = DIRECTION ( 'NONE',  ( -0.7071067811865493491, 0.7071067811865455743, 0.000000000000000000 ) ) ;
#6366 = VERTEX_POINT ( 'NONE', #472 ) ;
#6367 = EDGE_LOOP ( 'NONE', ( #7467, #7721, #996, #2686 ) ) ;
#6368 = VERTEX_POINT ( 'NONE', #12232 ) ;
#6369 = EDGE_CURVE ( 'NONE', #3148, #6842, #11272, .T. ) ;
#6370 = EDGE_CURVE ( 'NONE', #1080, #7387, #11759, .T. ) ;
#6371 = EDGE_CURVE ( 'NONE', #8460, #2341, #9337, .T. ) ;
#6372 = EDGE_CURVE ( 'NONE', #4472, #4855, #5196, .T. ) ;
#6373 = CARTESIAN_POINT ( 'NONE',  ( 0.4799999999999995937, -41.27499999999999147, -2.286000000000000032 ) ) ;
#6374 = CARTESIAN_POINT ( 'NONE',  ( -1.879848193585309080, -15.25867070352439825, 1.000000000000000000 ) ) ;
#6375 = CYLINDRICAL_SURFACE ( 'NONE', #539, 5.200000000000002842 ) ;
#6376 = EDGE_LOOP ( 'NONE', ( #4575, #11692, #11364, #3962, #12656, #2571 ) ) ;
#6377 = PLANE ( 'NONE',  #5642 ) ;
#6378 = CARTESIAN_POINT ( 'NONE',  ( 3.174999999999999822, -12.69999999999999929, -2.286000000000000032 ) ) ;
#6379 = CARTESIAN_POINT ( 'NONE',  ( 0.000000000000000000, -12.69999999999999929, 1.000000000000000000 ) ) ;
#6380 = VERTEX_POINT ( 'NONE', #4523 ) ;
#6381 = DIRECTION ( 'NONE',  ( 0.000000000000000000, 0.000000000000000000, 1.000000000000000000 ) ) ;
#6382 = CARTESIAN_POINT ( 'NONE',  ( 1.905652775297734580, -22.81552471476314992, 2.286000000000000032 ) ) ;
#6383 = CARTESIAN_POINT ( 'NONE',  ( -20.05838095116623521, -4.662796538894668608, 1.000000000000000000 ) ) ;
#6384 = EDGE_CURVE ( 'NONE', #9507, #1516, #10633, .T. ) ;
#6385 = PLANE ( 'NONE',  #11862 ) ;
#6386 = LINE ( 'NONE', #10306, #7766 ) ;
#6387 = DIRECTION ( 'NONE',  ( -2.556848660736790434E-16, -1.000000000000000000, 0.000000000000000000 ) ) ;
#6388 = CARTESIAN_POINT ( 'NONE',  ( 5.200000000000003730, -30.20441558772844814, 3.049999999999999822 ) ) ;
#6389 = PLANE ( 'NONE',  #12172 ) ;
#6390 = CARTESIAN_POINT ( 'NONE',  ( -14.57984819358530970, -2.558670703524399848, -2.286000000000000032 ) ) ;
#6391 = VERTEX_POINT ( 'NONE', #10443 ) ;
#6392 = DIRECTION ( 'NONE',  ( 1.000000000000000000, 0.000000000000000000, 0.000000000000000000 ) ) ;
#6393 = CARTESIAN_POINT ( 'NONE',  ( 0.000000000000000000, 0.000000000000000000, -1.000000000000000000 ) ) ;
#6394 = VERTEX_POINT ( 'NONE', #10502 ) ;
#6395 = ORIENTED_EDGE ( 'NONE', *, *, #367, .T. ) ;
#6396 = CARTESIAN_POINT ( 'NONE',  ( -6.199999999999976197, -21.59558441227158099, 3.049999999999999822 ) ) ;
#6397 = LINE ( 'NONE', #10318, #965 ) ;
#6398 = EDGE_LOOP ( 'NONE', ( #8453, #7850, #11300, #10376, #10572 ) ) ;
#6399 = DIRECTION ( 'NONE',  ( -0.7071067811865483499, -0.7071067811865466846, 0.000000000000000000 ) ) ;
#6400 = ORIENTED_EDGE ( 'NONE', *, *, #6103, .F. ) ;
#6401 = CARTESIAN_POINT ( 'NONE',  ( -1.905652775297756785, 2.584475285236820241, -2.286000000000000032 ) ) ;
#6402 = CARTESIAN_POINT ( 'NONE',  ( 0.000000000000000000, -25.39999999999999858, 2.286000000000000032 ) ) ;
#6403 = ORIENTED_EDGE ( 'NONE', *, *, #8481, .F. ) ;
#6404 = CARTESIAN_POINT ( 'NONE',  ( 0.000000000000000000, 0.000000000000000000, -2.286000000000000032 ) ) ;
#6405 = VERTEX_POINT ( 'NONE', #2665 ) ;
#6406 = ADVANCED_FACE ( 'NONE', ( #6715 ), #12553, .T. ) ;
#6407 = ORIENTED_EDGE ( 'NONE', *, *, #12113, .F. ) ;
#6408 = EDGE_CURVE ( 'NONE', #1080, #10094, #3748, .T. ) ;
#6409 = LINE ( 'NONE', #11291, #3463 ) ;
#6410 = VERTEX_POINT ( 'NONE', #12427 ) ;
#6411 = ORIENTED_EDGE ( 'NONE', *, *, #8090, .T. ) ;
#6412 = DIRECTION ( 'NONE',  ( 0.000000000000000000, -0.000000000000000000, 1.000000000000000000 ) ) ;
#6413 = CARTESIAN_POINT ( 'NONE',  ( -20.59558441227157033, -5.199999999999999289, -2.286000000000000032 ) ) ;
#6414 = ORIENTED_EDGE ( 'NONE', *, *, #4890, .F. ) ;
#6415 = DIRECTION ( 'NONE',  ( 0.7071067811865459074, -0.7071067811865491270, 0.000000000000000000 ) ) ;
#6416 = PLANE ( 'NONE',  #10143 ) ;
#6417 = ORIENTED_EDGE ( 'NONE', *, *, #3944, .T. ) ;
#6419 = CARTESIAN_POINT ( 'NONE',  ( 3.654415587728436332, -6.349999999999996092, 2.286000000000000032 ) ) ;
#6418 = VECTOR ( 'NONE', #6451, 1000.000000000000000 ) ;
#6420 = EDGE_CURVE ( 'NONE', #1682, #11114, #3555, .T. ) ;
#6421 = EDGE_LOOP ( 'NONE', ( #12073, #6167, #835, #190 ) ) ;
#6422 = VECTOR ( 'NONE', #2752, 1000.000000000000000 ) ;
#6423 = VERTEX_POINT ( 'NONE', #8443 ) ;
#6424 = ORIENTED_EDGE ( 'NONE', *, *, #12501, .T. ) ;
#6425 = ORIENTED_EDGE ( 'NONE', *, *, #4645, .F. ) ;
#6426 = VECTOR ( 'NONE', #7532, 1000.000000000000000 ) ;
#6427 = LINE ( 'NONE', #10350, #795 ) ;
#6428 = VECTOR ( 'NONE', #1719, 1000.000000000000000 ) ;
#6429 = CARTESIAN_POINT ( 'NONE',  ( -4.662796538894675713, -43.44161904883374348, 2.286000000000000032 ) ) ;
#6430 = FACE_OUTER_BOUND ( 'NONE', #12450, .T. ) ;
#6431 = EDGE_LOOP ( 'NONE', ( #8165, #5512, #2124, #7189, #9546, #8520 ) ) ;
#6432 = CARTESIAN_POINT ( 'NONE',  ( -12.69999999999999929, 0.000000000000000000, -1.000000000000000000 ) ) ;
#6433 = DIRECTION ( 'NONE',  ( 1.000000000000000000, 0.000000000000000000, 0.000000000000000000 ) ) ;
#6434 = FACE_OUTER_BOUND ( 'NONE', #237, .T. ) ;
#6435 = VERTEX_POINT ( 'NONE', #736 ) ;
#6436 = CARTESIAN_POINT ( 'NONE',  ( -5.200000000000001066, -42.90441558772840835, 3.049999999999999822 ) ) ;
#6437 = EDGE_CURVE ( 'NONE', #2705, #3260, #7670, .T. ) ;
#6438 = EDGE_CURVE ( 'NONE', #8656, #7700, #8382, .T. ) ;
#6439 = FACE_OUTER_BOUND ( 'NONE', #11304, .T. ) ;
#6440 = EDGE_CURVE ( 'NONE', #7715, #4352, #11352, .T. ) ;
#6441 = ADVANCED_FACE ( 'NONE', ( #6450 ), #11393, .T. ) ;
#6442 = VECTOR ( 'NONE', #12097, 1000.000000000000000 ) ;
#6443 = VECTOR ( 'NONE', #2855, 1000.000000000000000 ) ;
#6444 = CARTESIAN_POINT ( 'NONE',  ( -25.39999999999999858, 5.199999999999999289, 3.049999999999999822 ) ) ;
#6445 = CARTESIAN_POINT ( 'NONE',  ( 0.4799999999999927103, -22.26149318942908550, -1.000000000000000000 ) ) ;
#6446 = CARTESIAN_POINT ( 'NONE',  ( 4.662796538894667719, -30.74161904883376195, 2.286000000000000032 ) ) ;
#6447 = DIRECTION ( 'NONE',  ( -0.000000000000000000, -0.000000000000000000, 1.000000000000000000 ) ) ;
#6448 = AXIS2_PLACEMENT_3D ( 'NONE', #8399, #7630, #2545 ) ;
#6449 = DIRECTION ( 'NONE',  ( -1.000000000000000000, 0.000000000000000000, 0.000000000000000000 ) ) ;
#6450 = FACE_OUTER_BOUND ( 'NONE', #5138, .T. ) ;
#6451 = DIRECTION ( 'NONE',  ( -0.000000000000000000, -0.000000000000000000, -1.000000000000000000 ) ) ;
#6452 = EDGE_LOOP ( 'NONE', ( #3870, #3074, #1078, #845 ) ) ;
#6453 = CARTESIAN_POINT ( 'NONE',  ( -5.199999999999993960, 1.329561303583129310E-15, -1.000000000000000000 ) ) ;
#6454 = EDGE_CURVE ( 'NONE', #11097, #10030, #8577, .T. ) ;
#6455 = CARTESIAN_POINT ( 'NONE',  ( 4.662796538894672160, -43.44161904883373637, -2.286000000000000032 ) ) ;
#6456 = VERTEX_POINT ( 'NONE', #11522 ) ;
#6457 = CIRCLE ( 'NONE', #12610, 3.174999999999998934 ) ;
#6458 = VERTEX_POINT ( 'NONE', #1637 ) ;
#6459 = AXIS2_PLACEMENT_3D ( 'NONE', #9019, #11191, #9978 ) ;
#6460 = DIRECTION ( 'NONE',  ( 0.7071067811865479058, -0.7071067811865471286, 0.000000000000000000 ) ) ;
#6461 = CARTESIAN_POINT ( 'NONE',  ( -5.199999999999998401, -17.22117749006089937, 3.049999999999999822 ) ) ;
#6462 = VERTEX_POINT ( 'NONE', #7421 ) ;
#6463 = CARTESIAN_POINT ( 'NONE',  ( 6.200000000000025047, -20.18137084989846386, 3.049999999999999822 ) ) ;
#6464 = ORIENTED_EDGE ( 'NONE', *, *, #10071, .F. ) ;
#6465 = EDGE_CURVE ( 'NONE', #6548, #10859, #12497, .T. ) ;
#6466 = VECTOR ( 'NONE', #10809, 1000.000000000000000 ) ;
#6467 = LINE ( 'NONE', #8523, #12387 ) ;
#6468 = DIRECTION ( 'NONE',  ( -0.000000000000000000, -0.000000000000000000, 1.000000000000000000 ) ) ;
#6469 = EDGE_LOOP ( 'NONE', ( #8322, #3856, #1715, #439 ) ) ;
#6470 = LINE ( 'NONE', #12255, #11628 ) ;
#6471 = AXIS2_PLACEMENT_3D ( 'NONE', #1282, #9004, #5202 ) ;
#6472 = ORIENTED_EDGE ( 'NONE', *, *, #771, .F. ) ;
#6473 = ORIENTED_EDGE ( 'NONE', *, *, #2314, .T. ) ;
#6474 = CARTESIAN_POINT ( 'NONE',  ( 0.000000000000000000, 0.000000000000000000, -1.000000000000000000 ) ) ;
#6475 = ORIENTED_EDGE ( 'NONE', *, *, #4717, .T. ) ;
#6476 = CIRCLE ( 'NONE', #1352, 3.174999999999999822 ) ;
#6477 = VERTEX_POINT ( 'NONE', #6646 ) ;
#6478 = CARTESIAN_POINT ( 'NONE',  ( -8.178822509939086771, -5.199999999999999289, -1.000000000000000000 ) ) ;
#6479 = VECTOR ( 'NONE', #576, 1000.000000000000000 ) ;
#6480 = DIRECTION ( 'NONE',  ( 1.000000000000000000, 0.000000000000000000, 0.000000000000000000 ) ) ;
#6481 = DIRECTION ( 'NONE',  ( 5.463695987328531367E-16, 1.000000000000000000, 0.000000000000000000 ) ) ;
#6482 = ADVANCED_FACE ( 'NONE', ( #11327 ), #11582, .F. ) ;
#6483 = VERTEX_POINT ( 'NONE', #7616 ) ;
#6484 = ADVANCED_FACE ( 'NONE', ( #2720 ), #9604, .T. ) ;
#6485 = PLANE ( 'NONE',  #12017 ) ;
#6486 = DIRECTION ( 'NONE',  ( -0.7071067811865452413, 0.7071067811865497932, 0.000000000000000000 ) ) ;
#6487 = AXIS2_PLACEMENT_3D ( 'NONE', #8108, #6124, #5867 ) ;
#6488 = ORIENTED_EDGE ( 'NONE', *, *, #9079, .T. ) ;
#6489 = VECTOR ( 'NONE', #2844, 1000.000000000000000 ) ;
#6490 = CARTESIAN_POINT ( 'NONE',  ( 5.199999999999999289, -42.62117749006088729, 2.286000000000000032 ) ) ;
#6491 = ORIENTED_EDGE ( 'NONE', *, *, #86, .F. ) ;
#6492 = ORIENTED_EDGE ( 'NONE', *, *, #6255, .F. ) ;
#6493 = AXIS2_PLACEMENT_3D ( 'NONE', #1213, #4994, #8918 ) ;
#6494 = ORIENTED_EDGE ( 'NONE', *, *, #5015, .F. ) ;
#6495 = VERTEX_POINT ( 'NONE', #7803 ) ;
#6496 = ORIENTED_EDGE ( 'NONE', *, *, #10697, .F. ) ;
#6497 = VECTOR ( 'NONE', #7536, 1000.000000000000000 ) ;
#6498 = AXIS2_PLACEMENT_3D ( 'NONE', #310, #3322, #6030 ) ;
#6499 = CARTESIAN_POINT ( 'NONE',  ( 0.000000000000000000, 0.000000000000000000, 1.000000000000000000 ) ) ;
#6500 = ADVANCED_FACE ( 'NONE', ( #918 ), #9664, .F. ) ;
#6501 = CARTESIAN_POINT ( 'NONE',  ( 4.662796538894671272, -32.75838095116625226, -2.286000000000000032 ) ) ;
#6502 = VECTOR ( 'NONE', #4532, 1000.000000000000000 ) ;
#6503 = DIRECTION ( 'NONE',  ( 1.000000000000000000, 0.000000000000000000, 0.000000000000000000 ) ) ;
#6504 = DIRECTION ( 'NONE',  ( 0.000000000000000000, 0.000000000000000000, 1.000000000000000000 ) ) ;
#6505 = EDGE_CURVE ( 'NONE', #3063, #2554, #12380, .T. ) ;
#6506 = ORIENTED_EDGE ( 'NONE', *, *, #9952, .T. ) ;
#6507 = DIRECTION ( 'NONE',  ( -0.7071067811865456854, 0.7071067811865493491, 0.000000000000000000 ) ) ;
#6508 = DIRECTION ( 'NONE',  ( 0.7071067811865437980, -0.7071067811865513475, 0.000000000000000000 ) ) ;
#6509 = CARTESIAN_POINT ( 'NONE',  ( 2.100000000000000089, -38.09999999999999432, -2.286000000000000032 ) ) ;
#6510 = EDGE_LOOP ( 'NONE', ( #4308, #5225, #766, #7471 ) ) ;
#6511 = CARTESIAN_POINT ( 'NONE',  ( -5.200000000000004619, -42.90441558772840835, 2.286000000000000032 ) ) ;
#6512 = DIRECTION ( 'NONE',  ( -0.000000000000000000, -0.000000000000000000, -1.000000000000000000 ) ) ;
#6513 = AXIS2_PLACEMENT_3D ( 'NONE', #5965, #11683, #113 ) ;
#6514 = VECTOR ( 'NONE', #7430, 999.9999999999998863 ) ;
#6515 = DIRECTION ( 'NONE',  ( 1.000000000000000000, 0.000000000000000000, 0.000000000000000000 ) ) ;
#6516 = EDGE_CURVE ( 'NONE', #6394, #8998, #1110, .T. ) ;
#6517 = LINE ( 'NONE', #3744, #9813 ) ;
#6518 = CC_DESIGN_PERSON_AND_ORGANIZATION_ASSIGNMENT ( #7074, #72, ( #9925 ) ) ;
#6519 = LINE ( 'NONE', #10440, #1201 ) ;
#6520 = CARTESIAN_POINT ( 'NONE',  ( 0.000000000000000000, -38.09999999999999432, 2.286000000000000032 ) ) ;
#6521 = CIRCLE ( 'NONE', #5086, 3.174999999999999822 ) ;
#6522 = EDGE_CURVE ( 'NONE', #8535, #5390, #10886, .T. ) ;
#6523 = CARTESIAN_POINT ( 'NONE',  ( 0.000000000000000000, -12.69999999999999929, -2.286000000000000032 ) ) ;
#6524 = DIRECTION ( 'NONE',  ( 1.000000000000000000, 0.000000000000000000, 0.000000000000000000 ) ) ;
#6525 = LINE ( 'NONE', #1693, #5806 ) ;
#6526 = DIRECTION ( 'NONE',  ( 0.7071067811865477948, -0.7071067811865473507, 0.000000000000000000 ) ) ;
#6527 = CARTESIAN_POINT ( 'NONE',  ( 4.662796538894666831, -5.341619048833761596, 2.286000000000000032 ) ) ;
#6528 = AXIS2_PLACEMENT_3D ( 'NONE', #7735, #20, #8947 ) ;
#6529 = ORIENTED_EDGE ( 'NONE', *, *, #6532, .F. ) ;
#6530 = VECTOR ( 'NONE', #10680, 1000.000000000000227 ) ;
#6531 = VERTEX_POINT ( 'NONE', #6901 ) ;
#6532 = EDGE_CURVE ( 'NONE', #2890, #11032, #5746, .T. ) ;
#6533 = EDGE_CURVE ( 'NONE', #1734, #216, #7992, .T. ) ;
#6534 = LINE ( 'NONE', #7496, #11622 ) ;
#6535 = EDGE_CURVE ( 'NONE', #8462, #12559, #9915, .T. ) ;
#6536 = LINE ( 'NONE', #2350, #8977 ) ;
#6537 = EDGE_CURVE ( 'NONE', #7609, #4758, #4838, .T. ) ;
#6538 = ORIENTED_EDGE ( 'NONE', *, *, #11077, .T. ) ;
#6539 = DIRECTION ( 'NONE',  ( 1.000000000000000000, 0.000000000000000000, 0.000000000000000000 ) ) ;
#6540 = VECTOR ( 'NONE', #8144, 1000.000000000000114 ) ;
#6541 = ORIENTED_EDGE ( 'NONE', *, *, #8812, .T. ) ;
#6542 = AXIS2_PLACEMENT_3D ( 'NONE', #3157, #10233, #1428 ) ;
#6543 = FACE_OUTER_BOUND ( 'NONE', #3088, .T. ) ;
#6544 = CARTESIAN_POINT ( 'NONE',  ( -17.70220779386420773, -17.70220779386414023, 1.000000000000000000 ) ) ;
#6545 = ORIENTED_EDGE ( 'NONE', *, *, #5497, .F. ) ;
#6546 = DIRECTION ( 'NONE',  ( 0.000000000000000000, 0.000000000000000000, -1.000000000000000000 ) ) ;
#6547 = VECTOR ( 'NONE', #75, 1000.000000000000000 ) ;
#6549 = MANIFOLD_SOLID_BREP ( '228-2500-150', #105 ) ;
#6548 = VERTEX_POINT ( 'NONE', #3046 ) ;
#6550 = PLANE ( 'NONE',  #2642 ) ;
#6551 = ORIENTED_EDGE ( 'NONE', *, *, #10454, .F. ) ;
#6552 = AXIS2_PLACEMENT_3D ( 'NONE', #815, #10458, #1647 ) ;
#6553 = EDGE_CURVE ( 'NONE', #6391, #6291, #3102, .T. ) ;
#6554 = VERTEX_POINT ( 'NONE', #4910 ) ;
#6555 = AXIS2_PLACEMENT_3D ( 'NONE', #5381, #2628, #634 ) ;
#6556 = CARTESIAN_POINT ( 'NONE',  ( 2.558670703524392742, -10.82015180641467822, -2.286000000000000032 ) ) ;
#6557 = AXIS2_PLACEMENT_3D ( 'NONE', #5896, #2041, #10846 ) ;
#6558 = CARTESIAN_POINT ( 'NONE',  ( -6.699999999999990408, -6.699999999999999289, 3.049999999999999822 ) ) ;
#6559 = CARTESIAN_POINT ( 'NONE',  ( 5.200000000000000178, 6.368163355566235395E-16, 3.049999999999999822 ) ) ;
#6560 = ORIENTED_EDGE ( 'NONE', *, *, #4360, .F. ) ;
#6561 = CARTESIAN_POINT ( 'NONE',  ( 17.70220779386422549, -17.70220779386424326, -1.000000000000000000 ) ) ;
#6562 = CARTESIAN_POINT ( 'NONE',  ( 6.200000000000025047, -17.91862915010150914, -3.049999999999999822 ) ) ;
#6563 = ORIENTED_EDGE ( 'NONE', *, *, #6240, .T. ) ;
#6564 = DIRECTION ( 'NONE',  ( -1.000000000000000000, 0.000000000000000000, 0.000000000000000000 ) ) ;
#6565 = ORIENTED_EDGE ( 'NONE', *, *, #5034, .F. ) ;
#6566 = VERTEX_POINT ( 'NONE', #10822 ) ;
#6567 = ORIENTED_EDGE ( 'NONE', *, *, #8319, .T. ) ;
#6568 = EDGE_CURVE ( 'NONE', #7122, #10977, #8953, .T. ) ;
#6569 = EDGE_LOOP ( 'NONE', ( #10130, #6395, #12013, #11113, #6944, #8478 ) ) ;
#6570 = DIRECTION ( 'NONE',  ( 0.7071067811865479058, -0.7071067811865471286, -0.000000000000000000 ) ) ;
#6571 = DIRECTION ( 'NONE',  ( 1.000000000000000000, 0.000000000000000000, 0.000000000000000000 ) ) ;
#6572 = DIRECTION ( 'NONE',  ( -1.000000000000000000, -4.370956789862822727E-15, 0.000000000000000000 ) ) ;
#6573 = CARTESIAN_POINT ( 'NONE',  ( 5.200000000000000178, 6.368163355566235395E-16, 3.049999999999999822 ) ) ;
#6574 = ORIENTED_EDGE ( 'NONE', *, *, #9368, .T. ) ;
#6575 = DIRECTION ( 'NONE',  ( -0.7071067811865491270, 0.7071067811865459074, 0.000000000000000000 ) ) ;
#6576 = LINE ( 'NONE', #4444, #9308 ) ;
#6577 = LINE ( 'NONE', #10913, #8697 ) ;
#6578 = VERTEX_POINT ( 'NONE', #6834 ) ;
#6579 = CARTESIAN_POINT ( 'NONE',  ( 5.068629150101544134, -31.75000000000000711, 3.049999999999999822 ) ) ;
#6580 = DIRECTION ( 'NONE',  ( -0.000000000000000000, 0.000000000000000000, 1.000000000000000000 ) ) ;
#6581 = VERTEX_POINT ( 'NONE', #8832 ) ;
#6582 = DIRECTION ( 'NONE',  ( 0.000000000000000000, 0.000000000000000000, 1.000000000000000000 ) ) ;
#6583 = EDGE_CURVE ( 'NONE', #1487, #3712, #11906, .T. ) ;
#6584 = EDGE_CURVE ( 'NONE', #3104, #3859, #7859, .T. ) ;
#6585 = PLANE ( 'NONE',  #4064 ) ;
#6586 = LINE ( 'NONE', #8691, #3873 ) ;
#6587 = CARTESIAN_POINT ( 'NONE',  ( 6.199999999999993072, -17.91862915010150914, 3.049999999999999822 ) ) ;
#6588 = CARTESIAN_POINT ( 'NONE',  ( -12.69999999999999929, 0.000000000000000000, -1.000000000000000000 ) ) ;
#6589 = CARTESIAN_POINT ( 'NONE',  ( -3.654415587728437220, -44.44999999999998863, -2.286000000000000032 ) ) ;
#6590 = CARTESIAN_POINT ( 'NONE',  ( 5.200000000000000178, -4.804415587728429138, -3.049999999999999822 ) ) ;
#6591 = CARTESIAN_POINT ( 'NONE',  ( 0.000000000000000000, 5.199999999999999289, -1.000000000000000000 ) ) ;
#6592 = LINE ( 'NONE', #478, #11993 ) ;
#6593 = EDGE_CURVE ( 'NONE', #351, #6366, #10747, .T. ) ;
#6594 = ORIENTED_EDGE ( 'NONE', *, *, #4253, .T. ) ;
#6595 = ORIENTED_EDGE ( 'NONE', *, *, #10528, .F. ) ;
#6596 = CARTESIAN_POINT ( 'NONE',  ( 5.200000000000001066, -17.50441558772843820, 2.286000000000000032 ) ) ;
#6597 = FACE_OUTER_BOUND ( 'NONE', #2010, .T. ) ;
#6598 = ORIENTED_EDGE ( 'NONE', *, *, #2329, .F. ) ;
#6599 = CARTESIAN_POINT ( 'NONE',  ( -0.4800000000000041456, -47.66149318942908764, -2.286000000000000032 ) ) ;
#6600 = ORIENTED_EDGE ( 'NONE', *, *, #2192, .T. ) ;
#6601 = CARTESIAN_POINT ( 'NONE',  ( -0.4800000000000003708, 6.556435184794239613E-17, -1.000000000000000000 ) ) ;
#6602 = DIRECTION ( 'NONE',  ( 1.000000000000000000, 0.000000000000000000, 0.000000000000000000 ) ) ;
#6603 = ORIENTED_EDGE ( 'NONE', *, *, #2464, .T. ) ;
#6604 = EDGE_CURVE ( 'NONE', #11395, #1339, #2977, .T. ) ;
#6605 = EDGE_CURVE ( 'NONE', #11314, #3733, #10693, .T. ) ;
#6606 = EDGE_CURVE ( 'NONE', #6366, #351, #5000, .T. ) ;
#6608 = EDGE_CURVE ( 'NONE', #2960, #11343, #10753, .T. ) ;
#6607 = ORIENTED_EDGE ( 'NONE', *, *, #1462, .T. ) ;
#6609 = FACE_OUTER_BOUND ( 'NONE', #3401, .T. ) ;
#6610 = EDGE_LOOP ( 'NONE', ( #8658, #2492, #10409, #74, #2696, #1614, #2251 ) ) ;
#6611 = LINE ( 'NONE', #12638, #9399 ) ;
#6612 = DIRECTION ( 'NONE',  ( 1.000000000000000000, 0.000000000000000000, 0.000000000000000000 ) ) ;
#6613 = CARTESIAN_POINT ( 'NONE',  ( 1.879848193585309080, -15.25867070352439825, 2.286000000000000032 ) ) ;
#6614 = ORIENTED_EDGE ( 'NONE', *, *, #6994, .T. ) ;
#6615 = DIRECTION ( 'NONE',  ( -0.7071067811865491270, -0.7071067811865459074, 0.000000000000000000 ) ) ;
#6616 = CARTESIAN_POINT ( 'NONE',  ( -5.341619048833762484, -17.36279653889466346, 2.286000000000000032 ) ) ;
#6617 = ORIENTED_EDGE ( 'NONE', *, *, #9895, .F. ) ;
#6618 = EDGE_CURVE ( 'NONE', #7504, #7044, #897, .T. ) ;
#6619 = FACE_OUTER_BOUND ( 'NONE', #12276, .T. ) ;
#6620 = ORIENTED_EDGE ( 'NONE', *, *, #11171, .T. ) ;
#6621 = ORIENTED_EDGE ( 'NONE', *, *, #1207, .F. ) ;
#6622 = EDGE_LOOP ( 'NONE', ( #3994, #11182, #8706, #2309 ) ) ;
#6623 = ORIENTED_EDGE ( 'NONE', *, *, #1103, .F. ) ;
#6624 = VERTEX_POINT ( 'NONE', #12152 ) ;
#6625 = FACE_OUTER_BOUND ( 'NONE', #3900, .T. ) ;
#6626 = DIRECTION ( 'NONE',  ( -0.7071067811865446862, 0.7071067811865503483, -0.000000000000000000 ) ) ;
#6627 = DIRECTION ( 'NONE',  ( -0.7071067811865455743, -0.7071067811865495711, 0.000000000000000000 ) ) ;
#6628 = LINE ( 'NONE', #3732, #8337 ) ;
#6629 = ORIENTED_EDGE ( 'NONE', *, *, #4943, .T. ) ;
#6630 = CARTESIAN_POINT ( 'NONE',  ( 3.654415587728436332, -6.349999999999996092, 3.049999999999999822 ) ) ;
#6631 = DIRECTION ( 'NONE',  ( -0.7071067811865479058, 0.7071067811865471286, 0.000000000000000000 ) ) ;
#6632 = VECTOR ( 'NONE', #5064, 1000.000000000000000 ) ;
#6633 = ORIENTED_EDGE ( 'NONE', *, *, #10699, .F. ) ;
#6634 = LINE ( 'NONE', #12411, #3858 ) ;
#6635 = EDGE_CURVE ( 'NONE', #8073, #3265, #11978, .T. ) ;
#6636 = CARTESIAN_POINT ( 'NONE',  ( -15.25867070352439825, -1.879848193585314853, 2.286000000000000032 ) ) ;
#6637 = DIRECTION ( 'NONE',  ( 0.7071067811865497932, 0.7071067811865452413, 0.000000000000000000 ) ) ;
#6638 = ORIENTED_EDGE ( 'NONE', *, *, #6172, .T. ) ;
#6639 = LINE ( 'NONE', #5741, #7577 ) ;
#6640 = VECTOR ( 'NONE', #3749, 1000.000000000000114 ) ;
#6641 = VECTOR ( 'NONE', #6200, 1000.000000000000000 ) ;
#6642 = CARTESIAN_POINT ( 'NONE',  ( -19.04999999999999716, 3.654415587728427450, -2.286000000000000032 ) ) ;
#6643 = DIRECTION ( 'NONE',  ( -1.000000000000000000, 0.000000000000000000, 0.000000000000000000 ) ) ;
#6644 = CARTESIAN_POINT ( 'NONE',  ( -21.59558441227157033, 6.200000000000001066, 3.049999999999999822 ) ) ;
#6645 = CARTESIAN_POINT ( 'NONE',  ( 6.200000000000007283, -43.31862915010152904, -3.049999999999999822 ) ) ;
#6646 = CARTESIAN_POINT ( 'NONE',  ( -5.199999999999998401, -17.22117749006089937, 2.286000000000000032 ) ) ;
#6647 = DIRECTION ( 'NONE',  ( 0.000000000000000000, 0.000000000000000000, 1.000000000000000000 ) ) ;
#6648 = ADVANCED_FACE ( 'NONE', ( #6129 ), #3417, .F. ) ;
#6649 = DIRECTION ( 'NONE',  ( -0.000000000000000000, -0.000000000000000000, -1.000000000000000000 ) ) ;
#6650 = CIRCLE ( 'NONE', #7057, 5.200000000000000178 ) ;
#6651 = EDGE_CURVE ( 'NONE', #3975, #1870, #3227, .T. ) ;
#6652 = DIRECTION ( 'NONE',  ( -0.7071067811865474617, -0.7071067811865474617, 0.000000000000000000 ) ) ;
#6653 = VECTOR ( 'NONE', #11845, 1000.000000000000114 ) ;
#6654 = LINE ( 'NONE', #12505, #12208 ) ;
#6655 = EDGE_LOOP ( 'NONE', ( #4625, #10557, #8039, #2119 ) ) ;
#6656 = VECTOR ( 'NONE', #5171, 1000.000000000000000 ) ;
#6657 = DIRECTION ( 'NONE',  ( -0.000000000000000000, -0.000000000000000000, 1.000000000000000000 ) ) ;
#6658 = AXIS2_PLACEMENT_3D ( 'NONE', #7141, #9005, #3090 ) ;
#6659 = DIRECTION ( 'NONE',  ( -1.000000000000000000, 0.000000000000000000, 0.000000000000000000 ) ) ;
#6660 = EDGE_CURVE ( 'NONE', #2503, #4990, #8238, .T. ) ;
#6661 = ORIENTED_EDGE ( 'NONE', *, *, #3115, .F. ) ;
#6662 = PLANE ( 'NONE',  #10438 ) ;
#6663 = ORIENTED_EDGE ( 'NONE', *, *, #5480, .F. ) ;
#6664 = DIRECTION ( 'NONE',  ( -0.7071067811865449082, -0.7071067811865502373, 0.000000000000000000 ) ) ;
#6665 = CARTESIAN_POINT ( 'NONE',  ( -5.200000000000006395, -50.79999999999999716, 2.286000000000000032 ) ) ;
#6666 = ORIENTED_EDGE ( 'NONE', *, *, #3813, .T. ) ;
#6667 = VECTOR ( 'NONE', #807, 1000.000000000000000 ) ;
#6668 = ORIENTED_EDGE ( 'NONE', *, *, #10611, .T. ) ;
#6669 = DIRECTION ( 'NONE',  ( 0.000000000000000000, 0.000000000000000000, -1.000000000000000000 ) ) ;
#6670 = ORIENTED_EDGE ( 'NONE', *, *, #6369, .F. ) ;
#6671 = LINE ( 'NONE', #8660, #572 ) ;
#6672 = LOCAL_TIME ( 14, 16, 36.00000000000000000, #1028 ) ;
#6673 = EDGE_CURVE ( 'NONE', #10508, #3776, #272, .T. ) ;
#6674 = EDGE_LOOP ( 'NONE', ( #9128, #5419, #6241, #4864 ) ) ;
#6675 = FACE_OUTER_BOUND ( 'NONE', #5559, .T. ) ;
#6676 = CARTESIAN_POINT ( 'NONE',  ( 7.697792206135789961, -7.697792206135759763, 1.000000000000000000 ) ) ;
#6677 = EDGE_CURVE ( 'NONE', #7181, #366, #5204, .T. ) ;
#6678 = ORIENTED_EDGE ( 'NONE', *, *, #8827, .F. ) ;
#6679 = CIRCLE ( 'NONE', #10982, 3.174999999999999822 ) ;
#6680 = LINE ( 'NONE', #830, #4012 ) ;
#6681 = CARTESIAN_POINT ( 'NONE',  ( -0.3394112549695428860, 0.3394112549695428860, 1.000000000000000000 ) ) ;
#6682 = VERTEX_POINT ( 'NONE', #6249 ) ;
#6683 = CYLINDRICAL_SURFACE ( 'NONE', #552, 3.174999999999999822 ) ;
#6684 = ORIENTED_EDGE ( 'NONE', *, *, #1886, .T. ) ;
#6685 = ORIENTED_EDGE ( 'NONE', *, *, #2419, .T. ) ;
#6686 = ORIENTED_EDGE ( 'NONE', *, *, #1694, .T. ) ;
#6687 = VECTOR ( 'NONE', #4971, 1000.000000000000000 ) ;
#6688 = VECTOR ( 'NONE', #9188, 1000.000000000000114 ) ;
#6689 = ORIENTED_EDGE ( 'NONE', *, *, #2713, .T. ) ;
#6690 = EDGE_CURVE ( 'NONE', #4380, #9239, #9206, .T. ) ;
#6691 = PLANE ( 'NONE',  #1504 ) ;
#6692 = ADVANCED_FACE ( 'NONE', ( #12216 ), #6060, .F. ) ;
#6693 = CIRCLE ( 'NONE', #8773, 3.175000000000000711 ) ;
#6694 = DIRECTION ( 'NONE',  ( -0.000000000000000000, -0.000000000000000000, 1.000000000000000000 ) ) ;
#6695 = CARTESIAN_POINT ( 'NONE',  ( -1.793702120375342574E-14, -50.79999999999999716, 3.049999999999999822 ) ) ;
#6696 = AXIS2_PLACEMENT_3D ( 'NONE', #3710, #11535, #10771 ) ;
#6697 = ORIENTED_EDGE ( 'NONE', *, *, #7866, .F. ) ;
#6698 = CARTESIAN_POINT ( 'NONE',  ( -20.87882250993907363, 5.199999999999999289, 3.049999999999999822 ) ) ;
#6699 = LINE ( 'NONE', #5733, #8699 ) ;
#6700 = ORIENTED_EDGE ( 'NONE', *, *, #3484, .T. ) ;
#6701 = CARTESIAN_POINT ( 'NONE',  ( -8.037203461105333346, 5.341619048833760708, -2.286000000000000032 ) ) ;
#6702 = VECTOR ( 'NONE', #2786, 1000.000000000000000 ) ;
#6703 = DIRECTION ( 'NONE',  ( 0.000000000000000000, -0.000000000000000000, 1.000000000000000000 ) ) ;
#6704 = DIRECTION ( 'NONE',  ( 0.000000000000000000, 0.000000000000000000, 1.000000000000000000 ) ) ;
#6705 = VERTEX_POINT ( 'NONE', #11006 ) ;
#6706 = AXIS2_PLACEMENT_3D ( 'NONE', #1156, #1034, #131 ) ;
#6707 = VECTOR ( 'NONE', #4763, 1000.000000000000000 ) ;
#6708 = DIRECTION ( 'NONE',  ( 0.000000000000000000, 0.000000000000000000, 1.000000000000000000 ) ) ;
#6709 = CIRCLE ( 'NONE', #1574, 2.100000000000000089 ) ;
#6710 = EDGE_CURVE ( 'NONE', #6271, #10874, #1241, .T. ) ;
#6711 = DIRECTION ( 'NONE',  ( 0.7071067811865465735, -0.7071067811865483499, 0.000000000000000000 ) ) ;
#6712 = PLANE ( 'NONE',  #10640 ) ;
#6713 = LINE ( 'NONE', #10630, #129 ) ;
#6714 = PLANE ( 'NONE',  #8986 ) ;
#6715 = FACE_OUTER_BOUND ( 'NONE', #3162, .T. ) ;
#6716 = VECTOR ( 'NONE', #2167, 1000.000000000000000 ) ;
#6717 = DIRECTION ( 'NONE',  ( -1.000000000000000000, 0.000000000000000000, 0.000000000000000000 ) ) ;
#6718 = LINE ( 'NONE', #3558, #2584 ) ;
#6719 = CARTESIAN_POINT ( 'NONE',  ( 0.4799999999999995937, -41.27499999999999147, -2.286000000000000032 ) ) ;
#6720 = CIRCLE ( 'NONE', #761, 3.174999999999999822 ) ;
#6721 = DIRECTION ( 'NONE',  ( 0.000000000000000000, 0.000000000000000000, -1.000000000000000000 ) ) ;
#6722 = VERTEX_POINT ( 'NONE', #5157 ) ;
#6723 = VECTOR ( 'NONE', #747, 1000.000000000000000 ) ;
#6724 = EDGE_CURVE ( 'NONE', #1933, #4921, #7217, .T. ) ;
#6725 = CARTESIAN_POINT ( 'NONE',  ( -4.662796538894668608, -32.75838095116625226, -2.286000000000000920 ) ) ;
#6726 = FACE_OUTER_BOUND ( 'NONE', #1084, .T. ) ;
#6727 = EDGE_LOOP ( 'NONE', ( #4735, #5526, #12519, #10270, #6551, #11705, #9237, #6094 ) ) ;
#6728 = DIRECTION ( 'NONE',  ( 0.7071067811865491270, 0.7071067811865459074, 0.000000000000000000 ) ) ;
#6729 = EDGE_LOOP ( 'NONE', ( #6032, #5403, #10353, #3368, #4634, #4941 ) ) ;
#6730 = DIRECTION ( 'NONE',  ( -0.7071067811865454633, 0.7071067811865495711, 0.000000000000000000 ) ) ;
#6731 = LINE ( 'NONE', #752, #8734 ) ;
#6732 = ORIENTED_EDGE ( 'NONE', *, *, #5137, .F. ) ;
#6733 = AXIS2_PLACEMENT_3D ( 'NONE', #1381, #3172, #12165 ) ;
#6734 = VECTOR ( 'NONE', #7289, 1000.000000000000000 ) ;
#6735 = ORIENTED_EDGE ( 'NONE', *, *, #8793, .T. ) ;
#6736 = CARTESIAN_POINT ( 'NONE',  ( -1.879848193585310634, -40.65867070352439328, -2.286000000000000032 ) ) ;
#6737 = ORIENTED_EDGE ( 'NONE', *, *, #7862, .F. ) ;
#6738 = EDGE_CURVE ( 'NONE', #10283, #6456, #9259, .T. ) ;
#6739 = LINE ( 'NONE', #5519, #4271 ) ;
#6740 = VECTOR ( 'NONE', #10484, 1000.000000000000000 ) ;
#6741 = ORIENTED_EDGE ( 'NONE', *, *, #4721, .F. ) ;
#6742 = CARTESIAN_POINT ( 'NONE',  ( -17.36279653889466346, -5.341619048833761596, 2.286000000000000032 ) ) ;
#6743 = CARTESIAN_POINT ( 'NONE',  ( -3.174999999999999822, -25.39999999999999858, 1.000000000000000000 ) ) ;
#6744 = ORIENTED_EDGE ( 'NONE', *, *, #7997, .T. ) ;
#6745 = LINE ( 'NONE', #9690, #7714 ) ;
#6746 = CARTESIAN_POINT ( 'NONE',  ( -6.350000000000001421, 3.654415587728427450, -3.049999999999999822 ) ) ;
#6747 = ORIENTED_EDGE ( 'NONE', *, *, #6651, .T. ) ;
#6748 = DIRECTION ( 'NONE',  ( 0.7071067811865483499, 0.7071067811865467956, 0.000000000000000000 ) ) ;
#6749 = ORIENTED_EDGE ( 'NONE', *, *, #4152, .F. ) ;
#6750 = VECTOR ( 'NONE', #10291, 1000.000000000000000 ) ;
#6751 = ORIENTED_EDGE ( 'NONE', *, *, #4326, .F. ) ;
#6752 = AXIS2_PLACEMENT_3D ( 'NONE', #589, #10547, #6572 ) ;
#6753 = EDGE_CURVE ( 'NONE', #11815, #10011, #6188, .T. ) ;
#6754 = ADVANCED_FACE ( 'NONE', ( #8299 ), #9979, .F. ) ;
#6755 = VERTEX_POINT ( 'NONE', #8046 ) ;
#6756 = VERTEX_POINT ( 'NONE', #11962 ) ;
#6757 = VECTOR ( 'NONE', #12635, 1000.000000000000000 ) ;
#6758 = LINE ( 'NONE', #650, #1089 ) ;
#6759 = CARTESIAN_POINT ( 'NONE',  ( -2.558670703524397627, -39.97984819358530473, 2.286000000000000032 ) ) ;
#6760 = CARTESIAN_POINT ( 'NONE',  ( -5.068629150101495284, -44.44999999999999574, -3.049999999999999822 ) ) ;
#6761 = VERTEX_POINT ( 'NONE', #3160 ) ;
#6762 = LINE ( 'NONE', #2769, #3804 ) ;
#6763 = CIRCLE ( 'NONE', #6555, 3.174999999999999822 ) ;
#6764 = LINE ( 'NONE', #3869, #2956 ) ;
#6765 = EDGE_LOOP ( 'NONE', ( #7306, #3321, #1289, #11992 ) ) ;
#6766 = PLANE ( 'NONE',  #5709 ) ;
#6767 = DIRECTION ( 'NONE',  ( -0.000000000000000000, -0.000000000000000000, 1.000000000000000000 ) ) ;
#6768 = DIRECTION ( 'NONE',  ( -0.7071067811865461294, 0.7071067811865489050, -0.000000000000000000 ) ) ;
#6769 = ORIENTED_EDGE ( 'NONE', *, *, #5581, .F. ) ;
#6770 = EDGE_CURVE ( 'NONE', #365, #11750, #2204, .T. ) ;
#6771 = ADVANCED_FACE ( 'NONE', ( #8180 ), #10168, .F. ) ;
#6772 = EDGE_CURVE ( 'NONE', #11919, #8258, #1365, .T. ) ;
#6773 = ORIENTED_EDGE ( 'NONE', *, *, #11539, .T. ) ;
#6774 = CARTESIAN_POINT ( 'NONE',  ( -25.39999999999999858, 5.199999999999999289, 3.049999999999999822 ) ) ;
#6775 = ADVANCED_FACE ( 'NONE', ( #3735 ), #12287, .T. ) ;
#6776 = LINE ( 'NONE', #7666, #11051 ) ;
#6777 = DIRECTION ( 'NONE',  ( 0.000000000000000000, 0.000000000000000000, -1.000000000000000000 ) ) ;
#6778 = DIRECTION ( 'NONE',  ( -1.000000000000000000, 0.000000000000000000, 0.000000000000000000 ) ) ;
#6779 = DIRECTION ( 'NONE',  ( 1.000000000000000000, 0.000000000000000000, 0.000000000000000000 ) ) ;
#6780 = CARTESIAN_POINT ( 'NONE',  ( 0.000000000000000000, -25.39999999999999858, 2.286000000000000032 ) ) ;
#6781 = LINE ( 'NONE', #9665, #12592 ) ;
#6782 = LINE ( 'NONE', #7929, #11203 ) ;
#6783 = CARTESIAN_POINT ( 'NONE',  ( 4.662796538894671272, -32.75838095116625226, -2.286000000000000032 ) ) ;
#6784 = EDGE_CURVE ( 'NONE', #11400, #7177, #11375, .T. ) ;
#6785 = LINE ( 'NONE', #3754, #5858 ) ;
#6786 = EDGE_LOOP ( 'NONE', ( #9060, #12468, #2299, #8589, #12070, #304, #4314 ) ) ;
#6787 = DIRECTION ( 'NONE',  ( 0.000000000000000000, 0.000000000000000000, -1.000000000000000000 ) ) ;
#6788 = CARTESIAN_POINT ( 'NONE',  ( -25.39999999999999858, 0.000000000000000000, 3.049999999999999822 ) ) ;
#6789 = VERTEX_POINT ( 'NONE', #4513 ) ;
#6790 = DIRECTION ( 'NONE',  ( 0.7071067811865473507, -0.7071067811865477948, 0.000000000000000000 ) ) ;
#6791 = ORIENTED_EDGE ( 'NONE', *, *, #5150, .F. ) ;
#6792 = PLANE ( 'NONE',  #7882 ) ;
#6793 = LINE ( 'NONE', #4925, #12431 ) ;
#6794 = ORIENTED_EDGE ( 'NONE', *, *, #9730, .T. ) ;
#6795 = ORIENTED_EDGE ( 'NONE', *, *, #693, .T. ) ;
#6796 = CARTESIAN_POINT ( 'NONE',  ( 5.341619048833757155, -42.76279653889464782, 2.286000000000000032 ) ) ;
#6797 = VERTEX_POINT ( 'NONE', #4569 ) ;
#6798 = DIRECTION ( 'NONE',  ( 0.000000000000000000, 0.000000000000000000, 1.000000000000000000 ) ) ;
#6799 = ORIENTED_EDGE ( 'NONE', *, *, #2987, .F. ) ;
#6800 = FACE_OUTER_BOUND ( 'NONE', #3637, .T. ) ;
#6801 = DIRECTION ( 'NONE',  ( 3.414809992080329023E-17, -1.000000000000000000, 0.000000000000000000 ) ) ;
#6802 = ORIENTED_EDGE ( 'NONE', *, *, #4000, .T. ) ;
#6803 = DIRECTION ( 'NONE',  ( 0.7071067811865479058, -0.7071067811865472397, 0.000000000000000000 ) ) ;
#6804 = DIRECTION ( 'NONE',  ( 0.7071067811865441310, 0.7071067811865507924, 0.000000000000000000 ) ) ;
#6805 = LINE ( 'NONE', #3013, #9492 ) ;
#6806 = ORIENTED_EDGE ( 'NONE', *, *, #9528, .T. ) ;
#6807 = ADVANCED_FACE ( 'NONE', ( #10296 ), #11509, .F. ) ;
#6808 = CARTESIAN_POINT ( 'NONE',  ( -1.879848193585293314, -48.24132929647559109, 2.286000000000000032 ) ) ;
#6809 = ADVANCED_FACE ( 'NONE', ( #4705 ), #2707, .T. ) ;
#6810 = ORIENTED_EDGE ( 'NONE', *, *, #6879, .F. ) ;
#6811 = ORIENTED_EDGE ( 'NONE', *, *, #3105, .T. ) ;
#6812 = ORIENTED_EDGE ( 'NONE', *, *, #12645, .T. ) ;
#6813 = APPROVAL_STATUS ( 'not_yet_approved' ) ;
#6814 = DIRECTION ( 'NONE',  ( -5.463695987328531367E-16, -1.000000000000000000, 0.000000000000000000 ) ) ;
#6815 = LINE ( 'NONE', #5918, #11068 ) ;
#6816 = PLANE ( 'NONE',  #7316 ) ;
#6817 = ORIENTED_EDGE ( 'NONE', *, *, #4386, .T. ) ;
#6818 = EDGE_CURVE ( 'NONE', #10988, #426, #657, .T. ) ;
#6819 = DIRECTION ( 'NONE',  ( -0.000000000000000000, -0.000000000000000000, -1.000000000000000000 ) ) ;
#6820 = DIRECTION ( 'NONE',  ( 0.000000000000000000, 0.000000000000000000, 1.000000000000000000 ) ) ;
#6821 = ORIENTED_EDGE ( 'NONE', *, *, #711, .F. ) ;
#6822 = FACE_OUTER_BOUND ( 'NONE', #6205, .T. ) ;
#6823 = CARTESIAN_POINT ( 'NONE',  ( 3.654415587728450543, -31.75000000000000000, 3.049999999999999822 ) ) ;
#6824 = CARTESIAN_POINT ( 'NONE',  ( -19.04999999999999716, 3.654415587728427450, 3.049999999999999822 ) ) ;
#6825 = ORIENTED_EDGE ( 'NONE', *, *, #11478, .T. ) ;
#6826 = ORIENTED_EDGE ( 'NONE', *, *, #135, .T. ) ;
#6827 = DIRECTION ( 'NONE',  ( 1.000000000000000000, -0.000000000000000000, 0.000000000000000000 ) ) ;
#6828 = DIRECTION ( 'NONE',  ( -0.000000000000000000, -0.000000000000000000, -1.000000000000000000 ) ) ;
#6829 = AXIS2_PLACEMENT_3D ( 'NONE', #8859, #3968, #9565 ) ;
#6830 = DIRECTION ( 'NONE',  ( 1.000000000000000000, 0.000000000000000000, 0.000000000000000000 ) ) ;
#6831 = CYLINDRICAL_SURFACE ( 'NONE', #1591, 3.175000000000000711 ) ;
#6832 = ADVANCED_FACE ( 'NONE', ( #12343 ), #1485, .T. ) ;
#6833 = DIRECTION ( 'NONE',  ( -0.000000000000000000, 1.000000000000000000, -0.000000000000000000 ) ) ;
#6834 = CARTESIAN_POINT ( 'NONE',  ( -19.04999999999999716, 5.068629150101524594, 3.049999999999999822 ) ) ;
#6835 = FACE_OUTER_BOUND ( 'NONE', #5164, .T. ) ;
#6836 = ADVANCED_FACE ( 'NONE', ( #10552 ), #7469, .F. ) ;
#6837 = LINE ( 'NONE', #8050, #1560 ) ;
#6838 = CARTESIAN_POINT ( 'NONE',  ( -1.879848193585295535, -22.84132929647558896, 1.000000000000000000 ) ) ;
#6839 = VECTOR ( 'NONE', #2701, 1000.000000000000000 ) ;
#6840 = AXIS2_PLACEMENT_3D ( 'NONE', #7023, #10941, #6967 ) ;
#6841 = DIRECTION ( 'NONE',  ( -0.000000000000000000, -0.000000000000000000, 1.000000000000000000 ) ) ;
#6842 = VERTEX_POINT ( 'NONE', #1744 ) ;
#6843 = DIRECTION ( 'NONE',  ( -1.000000000000000000, 0.000000000000000000, 0.000000000000000000 ) ) ;
#6844 = LINE ( 'NONE', #5883, #9177 ) ;
#6845 = EDGE_CURVE ( 'NONE', #3933, #11114, #8562, .T. ) ;
#6846 = AXIS2_PLACEMENT_3D ( 'NONE', #2205, #12344, #4514 ) ;
#6847 = ORIENTED_EDGE ( 'NONE', *, *, #8213, .T. ) ;
#6848 = DIRECTION ( 'NONE',  ( 1.000000000000000000, 0.000000000000000000, 0.000000000000000000 ) ) ;
#6849 = VECTOR ( 'NONE', #1948, 1000.000000000000000 ) ;
#6850 = VERTEX_POINT ( 'NONE', #5666 ) ;
#6851 = FACE_OUTER_BOUND ( 'NONE', #9628, .T. ) ;
#6852 = PLANE ( 'NONE',  #6696 ) ;
#6853 = VERTEX_POINT ( 'NONE', #2580 ) ;
#6854 = ORIENTED_EDGE ( 'NONE', *, *, #10123, .F. ) ;
#6855 = CIRCLE ( 'NONE', #6036, 3.174999999999999822 ) ;
#6856 = DIRECTION ( 'NONE',  ( -0.000000000000000000, -0.000000000000000000, -1.000000000000000000 ) ) ;
#6857 = ORIENTED_EDGE ( 'NONE', *, *, #5294, .F. ) ;
#6858 = AXIS2_PLACEMENT_3D ( 'NONE', #12012, #7206, #2254 ) ;
#6859 = CARTESIAN_POINT ( 'NONE',  ( -14.04779220613576562, -14.04779220613568924, 1.000000000000000000 ) ) ;
#6860 = EDGE_CURVE ( 'NONE', #2147, #7684, #784, .T. ) ;
#6861 = EDGE_LOOP ( 'NONE', ( #2364, #2758, #6276, #6769 ) ) ;
#6862 = CARTESIAN_POINT ( 'NONE',  ( 5.200000000000000178, 0.000000000000000000, -1.000000000000000000 ) ) ;
#6863 = CARTESIAN_POINT ( 'NONE',  ( -20.18137084989847452, -6.200000000000000178, -3.049999999999999822 ) ) ;
#6864 = VERTEX_POINT ( 'NONE', #9322 ) ;
#6865 = VECTOR ( 'NONE', #12430, 1000.000000000000114 ) ;
#6866 = DIRECTION ( 'NONE',  ( -0.7071067811865477948, -0.7071067811865473507, 0.000000000000000000 ) ) ;
#6867 = CARTESIAN_POINT ( 'NONE',  ( 5.200000000000000178, 0.000000000000000000, 1.000000000000000000 ) ) ;
#6868 = DIRECTION ( 'NONE',  ( 0.7071067811865493491, -0.7071067811865455743, 0.000000000000000000 ) ) ;
#6869 = VERTEX_POINT ( 'NONE', #9587 ) ;
#6870 = LINE ( 'NONE', #10861, #8545 ) ;
#6871 = ORIENTED_EDGE ( 'NONE', *, *, #3677, .F. ) ;
#6872 = ORIENTED_EDGE ( 'NONE', *, *, #4464, .T. ) ;
#6873 = VECTOR ( 'NONE', #11198, 1000.000000000000000 ) ;
#6874 = ORIENTED_EDGE ( 'NONE', *, *, #1032, .T. ) ;
#6876 = EDGE_CURVE ( 'NONE', #2072, #6882, #12480, .T. ) ;
#6875 = VECTOR ( 'NONE', #10759, 1000.000000000000227 ) ;
#6877 = DIRECTION ( 'NONE',  ( -0.000000000000000000, -0.000000000000000000, -1.000000000000000000 ) ) ;
#6878 = AXIS2_PLACEMENT_3D ( 'NONE', #9776, #12598, #9845 ) ;
#6879 = EDGE_CURVE ( 'NONE', #842, #4706, #10429, .T. ) ;
#6880 = CARTESIAN_POINT ( 'NONE',  ( 6.200000000000005507, -3.804415587728419812, 3.049999999999999822 ) ) ;
#6881 = DIRECTION ( 'NONE',  ( -0.7071067811865452413, 0.7071067811865497932, 0.000000000000000000 ) ) ;
#6882 = VERTEX_POINT ( 'NONE', #2458 ) ;
#6883 = DIRECTION ( 'NONE',  ( -0.7071067811865466846, 0.7071067811865483499, 0.000000000000000000 ) ) ;
#6884 = CARTESIAN_POINT ( 'NONE',  ( 4.662796538894671272, -32.75838095116625226, 2.286000000000000032 ) ) ;
#6885 = ORIENTED_EDGE ( 'NONE', *, *, #12605, .F. ) ;
#6886 = CARTESIAN_POINT ( 'NONE',  ( 2.584475285236818021, -23.49434722470223846, -2.286000000000000032 ) ) ;
#6887 = FACE_OUTER_BOUND ( 'NONE', #73, .T. ) ;
#6888 = LINE ( 'NONE', #5671, #6058 ) ;
#6889 = VERTEX_POINT ( 'NONE', #11316 ) ;
#6890 = AXIS2_PLACEMENT_3D ( 'NONE', #11913, #6193, #12040 ) ;
#6891 = AXIS2_PLACEMENT_3D ( 'NONE', #49, #8857, #10597 ) ;
#6892 = VERTEX_POINT ( 'NONE', #6378 ) ;
#6893 = DIRECTION ( 'NONE',  ( -0.000000000000000000, -0.000000000000000000, 1.000000000000000000 ) ) ;
#6894 = EDGE_CURVE ( 'NONE', #6892, #9168, #10546, .T. ) ;
#6895 = AXIS2_PLACEMENT_3D ( 'NONE', #12171, #11512, #10555 ) ;
#6896 = EDGE_CURVE ( 'NONE', #9626, #45, #5401, .T. ) ;
#6897 = DIRECTION ( 'NONE',  ( -0.000000000000000000, -0.000000000000000000, 1.000000000000000000 ) ) ;
#6898 = PLANE ( 'NONE',  #5095 ) ;
#6899 = CARTESIAN_POINT ( 'NONE',  ( 3.654415587728436332, -6.349999999999996092, 3.049999999999999822 ) ) ;
#6900 = DIRECTION ( 'NONE',  ( -0.000000000000000000, -0.000000000000000000, -1.000000000000000000 ) ) ;
#6901 = CARTESIAN_POINT ( 'NONE',  ( -7.358380951166246575, 4.662796538894677489, 2.286000000000000032 ) ) ;
#6902 = DIRECTION ( 'NONE',  ( -0.000000000000000000, -0.000000000000000000, 1.000000000000000000 ) ) ;
#6903 = DIRECTION ( 'NONE',  ( 1.000000000000000000, 0.000000000000000000, 0.000000000000000000 ) ) ;
#6904 = CARTESIAN_POINT ( 'NONE',  ( -5.341619048833762484, -17.36279653889466346, 2.286000000000000032 ) ) ;
#6905 = VECTOR ( 'NONE', #10181, 1000.000000000000000 ) ;
#6906 = LINE ( 'NONE', #9538, #9743 ) ;
#6907 = EDGE_CURVE ( 'NONE', #1416, #7917, #6576, .T. ) ;
#6908 = ORIENTED_EDGE ( 'NONE', *, *, #7416, .T. ) ;
#6909 = CARTESIAN_POINT ( 'NONE',  ( 0.000000000000000000, 0.000000000000000000, 2.286000000000000032 ) ) ;
#6910 = AXIS2_PLACEMENT_3D ( 'NONE', #687, #6546, #3386 ) ;
#6911 = CARTESIAN_POINT ( 'NONE',  ( -6.699999999999990408, -5.199999999999999289, -3.049999999999999822 ) ) ;
#6912 = ORIENTED_EDGE ( 'NONE', *, *, #6660, .T. ) ;
#6913 = CARTESIAN_POINT ( 'NONE',  ( 0.000000000000000000, -12.69999999999999929, -1.000000000000000000 ) ) ;
#6914 = VECTOR ( 'NONE', #3110, 1000.000000000000000 ) ;
#6915 = ORIENTED_EDGE ( 'NONE', *, *, #8398, .F. ) ;
#6916 = FACE_OUTER_BOUND ( 'NONE', #11951, .T. ) ;
#6917 = DIRECTION ( 'NONE',  ( -0.000000000000000000, -0.000000000000000000, 1.000000000000000000 ) ) ;
#6918 = ORIENTED_EDGE ( 'NONE', *, *, #11920, .F. ) ;
#6919 = VECTOR ( 'NONE', #2371, 1000.000000000000000 ) ;
#6920 = CIRCLE ( 'NONE', #5073, 3.174999999999999822 ) ;
#6921 = ORIENTED_EDGE ( 'NONE', *, *, #3768, .T. ) ;
#6922 = EDGE_CURVE ( 'NONE', #2669, #1101, #9520, .T. ) ;
#6923 = EDGE_CURVE ( 'NONE', #4881, #3207, #6699, .T. ) ;
#6924 = DIRECTION ( 'NONE',  ( -1.000000000000000000, -7.912989585623242219E-16, 0.000000000000000000 ) ) ;
#6925 = VERTEX_POINT ( 'NONE', #7724 ) ;
#6926 = EDGE_CURVE ( 'NONE', #1459, #8394, #10619, .T. ) ;
#6927 = EDGE_CURVE ( 'NONE', #11882, #9939, #66, .T. ) ;
#6928 = LINE ( 'NONE', #10848, #1784 ) ;
#6929 = ORIENTED_EDGE ( 'NONE', *, *, #7440, .F. ) ;
#6930 = CARTESIAN_POINT ( 'NONE',  ( -10.79434722470225516, -2.584475285236832232, -2.286000000000000032 ) ) ;
#6931 = CARTESIAN_POINT ( 'NONE',  ( -2.584475285236818021, -23.49434722470223846, 2.286000000000000032 ) ) ;
#6932 = AXIS2_PLACEMENT_3D ( 'NONE', #4583, #1827, #6449 ) ;
#6933 = VERTEX_POINT ( 'NONE', #8936 ) ;
#6934 = PLANE ( 'NONE',  #2570 ) ;
#6935 = LINE ( 'NONE', #7961, #3353 ) ;
#6936 = DIRECTION ( 'NONE',  ( -0.000000000000000000, -0.000000000000000000, 1.000000000000000000 ) ) ;
#6937 = VERTEX_POINT ( 'NONE', #5922 ) ;
#6938 = LINE ( 'NONE', #9833, #2398 ) ;
#6939 = ORIENTED_EDGE ( 'NONE', *, *, #6553, .T. ) ;
#6940 = ADVANCED_FACE ( 'NONE', ( #3987 ), #9651, .T. ) ;
#6941 = ORIENTED_EDGE ( 'NONE', *, *, #3471, .F. ) ;
#6942 = CIRCLE ( 'NONE', #5913, 3.175000000000000711 ) ;
#6943 = VECTOR ( 'NONE', #1871, 1000.000000000000114 ) ;
#6944 = ORIENTED_EDGE ( 'NONE', *, *, #7848, .T. ) ;
#6945 = CARTESIAN_POINT ( 'NONE',  ( -6.350000000000001421, 3.654415587728427450, 2.286000000000000032 ) ) ;
#6946 = FACE_OUTER_BOUND ( 'NONE', #9381, .T. ) ;
#6947 = CYLINDRICAL_SURFACE ( 'NONE', #1768, 3.175000000000000711 ) ;
#6948 = ORIENTED_EDGE ( 'NONE', *, *, #9733, .F. ) ;
#6949 = DIRECTION ( 'NONE',  ( -1.000000000000000000, 0.000000000000000000, 0.000000000000000000 ) ) ;
#6950 = DIRECTION ( 'NONE',  ( 1.000000000000000000, 0.000000000000000000, 0.000000000000000000 ) ) ;
#6951 = ORIENTED_EDGE ( 'NONE', *, *, #10899, .F. ) ;
#6952 = VECTOR ( 'NONE', #12368, 1000.000000000000000 ) ;
#6953 = DIRECTION ( 'NONE',  ( 0.000000000000000000, 1.000000000000000000, 0.000000000000000000 ) ) ;
#6954 = AXIS2_PLACEMENT_3D ( 'NONE', #268, #7989, #7019 ) ;
#6955 = PLANE ( 'NONE',  #9154 ) ;
#6956 = DIRECTION ( 'NONE',  ( 1.000000000000000000, 0.000000000000000000, 0.000000000000000000 ) ) ;
#6957 = EDGE_LOOP ( 'NONE', ( #3078, #8994, #7831, #11690 ) ) ;
#6958 = EDGE_CURVE ( 'NONE', #2480, #10509, #289, .T. ) ;
#6959 = VECTOR ( 'NONE', #8342, 1000.000000000000000 ) ;
#6960 = ORIENTED_EDGE ( 'NONE', *, *, #2684, .F. ) ;
#6961 = FACE_OUTER_BOUND ( 'NONE', #3350, .T. ) ;
#6962 = CIRCLE ( 'NONE', #8396, 3.174999999999999822 ) ;
#6963 = LINE ( 'NONE', #4962, #11452 ) ;
#6964 = DIRECTION ( 'NONE',  ( 0.7071067811865486830, -0.7071067811865464625, 0.000000000000000000 ) ) ;
#6965 = DIRECTION ( 'NONE',  ( -1.000000000000000000, -0.000000000000000000, -0.000000000000000000 ) ) ;
#6966 = CARTESIAN_POINT ( 'NONE',  ( -25.39999999999999858, 0.000000000000000000, -3.049999999999999822 ) ) ;
#6967 = DIRECTION ( 'NONE',  ( -1.000000000000000000, 0.000000000000000000, -0.000000000000000000 ) ) ;
#6968 = CARTESIAN_POINT ( 'NONE',  ( 5.341619048833753602, -17.36279653889465635, -2.286000000000000032 ) ) ;
#6969 = VECTOR ( 'NONE', #11676, 1000.000000000000000 ) ;
#6970 = ORIENTED_EDGE ( 'NONE', *, *, #2918, .T. ) ;
#6971 = LINE ( 'NONE', #4840, #9560 ) ;
#6972 = LINE ( 'NONE', #7027, #2556 ) ;
#6973 = ADVANCED_FACE ( 'NONE', ( #4822 ), #7910, .F. ) ;
#6974 = EDGE_CURVE ( 'NONE', #3787, #8963, #3981, .T. ) ;
#6975 = CARTESIAN_POINT ( 'NONE',  ( -25.39999999999999858, 0.000000000000000000, 2.286000000000000032 ) ) ;
#6976 = ORIENTED_EDGE ( 'NONE', *, *, #8879, .T. ) ;
#6977 = LINE ( 'NONE', #2864, #10197 ) ;
#6978 = DIRECTION ( 'NONE',  ( -1.000000000000000000, 0.000000000000000000, 0.000000000000000000 ) ) ;
#6979 = LINE ( 'NONE', #1123, #12053 ) ;
#6980 = EDGE_LOOP ( 'NONE', ( #9475, #7134, #1135, #3292, #11028, #11684 ) ) ;
#6981 = EDGE_CURVE ( 'NONE', #5489, #6213, #8745, .T. ) ;
#6982 = CARTESIAN_POINT ( 'NONE',  ( -22.81552471476314992, -1.905652775297738133, 2.286000000000000032 ) ) ;
#6983 = CARTESIAN_POINT ( 'NONE',  ( -15.87500000000000000, 0.4799999999999999822, -2.286000000000000032 ) ) ;
#6984 = ORIENTED_EDGE ( 'NONE', *, *, #4328, .F. ) ;
#6985 = VERTEX_POINT ( 'NONE', #2839 ) ;
#6986 = CARTESIAN_POINT ( 'NONE',  ( 1.879848193585305971, -10.14132929647559678, -2.286000000000000032 ) ) ;
#6987 = ORIENTED_EDGE ( 'NONE', *, *, #9288, .T. ) ;
#6988 = LINE ( 'NONE', #5898, #5478 ) ;
#6989 = VERTEX_POINT ( 'NONE', #5984 ) ;
#6990 = CARTESIAN_POINT ( 'NONE',  ( 0.4799999999999995937, -41.23850681057090384, 1.000000000000000000 ) ) ;
#6991 = CARTESIAN_POINT ( 'NONE',  ( 5.068629150101544134, -31.75000000000000711, -3.049999999999999822 ) ) ;
#6992 = ORIENTED_EDGE ( 'NONE', *, *, #6753, .T. ) ;
#6993 = EDGE_CURVE ( 'NONE', #5691, #3148, #5211, .T. ) ;
#6994 = EDGE_CURVE ( 'NONE', #7589, #1199, #6764, .T. ) ;
#6995 = CARTESIAN_POINT ( 'NONE',  ( 4.662796538894671272, -32.75838095116625226, 2.286000000000000032 ) ) ;
#6996 = DIRECTION ( 'NONE',  ( -1.000000000000000000, 0.000000000000000000, 0.000000000000000000 ) ) ;
#6997 = LINE ( 'NONE', #7248, #6632 ) ;
#6998 = EDGE_CURVE ( 'NONE', #5247, #10866, #1091, .T. ) ;
#6999 = VERTEX_POINT ( 'NONE', #1809 ) ;
#7000 = ADVANCED_FACE ( 'NONE', ( #9901 ), #844, .F. ) ;
#7001 = PLANE ( 'NONE',  #9995 ) ;
#7002 = ORIENTED_EDGE ( 'NONE', *, *, #4877, .T. ) ;
#7003 = ORIENTED_EDGE ( 'NONE', *, *, #4753, .F. ) ;
#7004 = VERTEX_POINT ( 'NONE', #7790 ) ;
#7005 = LINE ( 'NONE', #12661, #9593 ) ;
#7006 = CARTESIAN_POINT ( 'NONE',  ( -6.350000000000001421, 3.654415587728427450, 3.049999999999999822 ) ) ;
#7007 = DIRECTION ( 'NONE',  ( 1.000000000000000000, 0.000000000000000000, 0.000000000000000000 ) ) ;
#7008 = VERTEX_POINT ( 'NONE', #8678 ) ;
#7009 = EDGE_CURVE ( 'NONE', #8033, #5390, #12599, .T. ) ;
#7010 = DIRECTION ( 'NONE',  ( 0.7071067811865461294, -0.7071067811865489050, 0.000000000000000000 ) ) ;
#7011 = CYLINDRICAL_SURFACE ( 'NONE', #2754, 2.100000000000000977 ) ;
#7012 = VERTEX_POINT ( 'NONE', #11639 ) ;
#7013 = CARTESIAN_POINT ( 'NONE',  ( -1.793702120375342574E-14, -50.79999999999999716, -1.000000000000000000 ) ) ;
#7014 = COORDINATED_UNIVERSAL_TIME_OFFSET ( 6, 0, .BEHIND. ) ;
#7015 = ORIENTED_EDGE ( 'NONE', *, *, #1579, .F. ) ;
#7016 = EDGE_LOOP ( 'NONE', ( #3855, #7402, #2866, #11814, #1281, #8708 ) ) ;
#7017 = CARTESIAN_POINT ( 'NONE',  ( 0.000000000000000000, -50.79999999999999716, -2.286000000000000032 ) ) ;
#7018 = FACE_OUTER_BOUND ( 'NONE', #12310, .T. ) ;
#7019 = DIRECTION ( 'NONE',  ( -0.7071067811865489050, 0.7071067811865460184, 0.000000000000000000 ) ) ;
#7020 = DIRECTION ( 'NONE',  ( 0.7071067811865472397, 0.7071067811865479058, -0.000000000000000000 ) ) ;
#7021 = ADVANCED_FACE ( 'NONE', ( #11700 ), #2897, .T. ) ;
#7022 = PLANE ( 'NONE',  #10370 ) ;
#7023 = CARTESIAN_POINT ( 'NONE',  ( 0.000000000000000000, 0.000000000000000000, -1.000000000000000000 ) ) ;
#7024 = DIRECTION ( 'NONE',  ( 0.000000000000000000, 0.000000000000000000, -1.000000000000000000 ) ) ;
#7025 = ORIENTED_EDGE ( 'NONE', *, *, #12086, .T. ) ;
#7026 = DIRECTION ( 'NONE',  ( 0.000000000000000000, 0.000000000000000000, -1.000000000000000000 ) ) ;
#7027 = CARTESIAN_POINT ( 'NONE',  ( -18.04161904883375200, -4.662796538894676601, 2.286000000000000032 ) ) ;
#7028 = CYLINDRICAL_SURFACE ( 'NONE', #114, 3.174999999999998934 ) ;
#7029 = ORIENTED_EDGE ( 'NONE', *, *, #11380, .F. ) ;
#7030 = DIRECTION ( 'NONE',  ( 0.000000000000000000, 0.000000000000000000, 1.000000000000000000 ) ) ;
#7031 = DIRECTION ( 'NONE',  ( -1.000000000000000000, 0.000000000000000000, 0.000000000000000000 ) ) ;
#7032 = CARTESIAN_POINT ( 'NONE',  ( -6.199999999999974420, -32.88137084989846670, 3.049999999999999822 ) ) ;
#7033 = EDGE_CURVE ( 'NONE', #11097, #106, #7885, .T. ) ;
#7034 = EDGE_CURVE ( 'NONE', #9749, #6405, #202, .T. ) ;
#7035 = LINE ( 'NONE', #2032, #4903 ) ;
#7036 = CARTESIAN_POINT ( 'NONE',  ( -6.689411254969551024, -6.689411254969589216, -1.000000000000000000 ) ) ;
#7037 = ORIENTED_EDGE ( 'NONE', *, *, #3039, .T. ) ;
#7038 = CARTESIAN_POINT ( 'NONE',  ( -3.654415587728437220, -44.44999999999998863, 3.049999999999999822 ) ) ;
#7039 = FACE_OUTER_BOUND ( 'NONE', #10684, .T. ) ;
#7040 = AXIS2_PLACEMENT_3D ( 'NONE', #8149, #8991, #1272 ) ;
#7041 = ORIENTED_EDGE ( 'NONE', *, *, #2905, .F. ) ;
#7042 = ORIENTED_EDGE ( 'NONE', *, *, #4702, .F. ) ;
#7043 = CARTESIAN_POINT ( 'NONE',  ( 0.000000000000000000, 0.000000000000000000, 1.000000000000000000 ) ) ;
#7044 = VERTEX_POINT ( 'NONE', #6177 ) ;
#7045 = VECTOR ( 'NONE', #1829, 1000.000000000000000 ) ;
#7046 = EDGE_CURVE ( 'NONE', #11287, #9884, #7976, .T. ) ;
#7047 = DIRECTION ( 'NONE',  ( 0.000000000000000000, 0.000000000000000000, 1.000000000000000000 ) ) ;
#7048 = VECTOR ( 'NONE', #2152, 1000.000000000000000 ) ;
#7049 = ORIENTED_EDGE ( 'NONE', *, *, #1492, .F. ) ;
#7050 = CARTESIAN_POINT ( 'NONE',  ( 0.4799999999999937095, -28.53850681057091521, 2.286000000000000032 ) ) ;
#7051 = DIRECTION ( 'NONE',  ( -0.000000000000000000, -0.000000000000000000, 1.000000000000000000 ) ) ;
#7052 = ORIENTED_EDGE ( 'NONE', *, *, #9352, .F. ) ;
#7053 = DIRECTION ( 'NONE',  ( 0.000000000000000000, 1.000000000000000000, 0.000000000000000000 ) ) ;
#7054 = CARTESIAN_POINT ( 'NONE',  ( -17.50441558772842399, 5.199999999999999289, -3.049999999999999822 ) ) ;
#7055 = LINE ( 'NONE', #3320, #879 ) ;
#7056 = ORIENTED_EDGE ( 'NONE', *, *, #2034, .F. ) ;
#7058 = DIRECTION ( 'NONE',  ( 1.000000000000000000, 0.000000000000000000, 0.000000000000000000 ) ) ;
#7057 = AXIS2_PLACEMENT_3D ( 'NONE', #857, #1949, #3812 ) ;
#7059 = AXIS2_PLACEMENT_3D ( 'NONE', #82, #7279, #9073 ) ;
#7060 = VERTEX_POINT ( 'NONE', #393 ) ;
#7061 = ORIENTED_EDGE ( 'NONE', *, *, #7270, .T. ) ;
#7062 = EDGE_CURVE ( 'NONE', #821, #8870, #10033, .T. ) ;
#7063 = ORIENTED_EDGE ( 'NONE', *, *, #1264, .T. ) ;
#7064 = EDGE_CURVE ( 'NONE', #11938, #3649, #5272, .T. ) ;
#7065 = EDGE_CURVE ( 'NONE', #7383, #3615, #9189, .T. ) ;
#7066 = VECTOR ( 'NONE', #8267, 1000.000000000000000 ) ;
#7067 = DIRECTION ( 'NONE',  ( -1.000000000000000000, 0.000000000000000000, 0.000000000000000000 ) ) ;
#7068 = CARTESIAN_POINT ( 'NONE',  ( -2.558670703524385193, -23.52015180641467040, 2.286000000000000032 ) ) ;
#7069 = ORIENTED_EDGE ( 'NONE', *, *, #9164, .F. ) ;
#7070 = CARTESIAN_POINT ( 'NONE',  ( -25.39999999999999858, 5.199999999999999289, 3.049999999999999822 ) ) ;
#7071 = CARTESIAN_POINT ( 'NONE',  ( -20.59558441227157033, -5.199999999999999289, 3.049999999999999822 ) ) ;
#7072 = ORIENTED_EDGE ( 'NONE', *, *, #9195, .T. ) ;
#7073 = DIRECTION ( 'NONE',  ( -0.000000000000000000, -0.000000000000000000, -1.000000000000000000 ) ) ;
#7074 = PERSON_AND_ORGANIZATION ( #4115, #10773 ) ;
#7075 = ORIENTED_EDGE ( 'NONE', *, *, #8236, .F. ) ;
#7076 = CIRCLE ( 'NONE', #5843, 3.175000000000000711 ) ;
#7077 = VERTEX_POINT ( 'NONE', #5332 ) ;
#7078 = DIRECTION ( 'NONE',  ( 1.000000000000000000, 0.000000000000000000, 0.000000000000000000 ) ) ;
#7079 = EDGE_CURVE ( 'NONE', #4027, #9954, #10090, .T. ) ;
#7080 = EDGE_CURVE ( 'NONE', #6578, #8670, #4113, .T. ) ;
#7081 = ADVANCED_FACE ( 'NONE', ( #12140 ), #5143, .F. ) ;
#7082 = ADVANCED_FACE ( 'NONE', ( #9247 ), #10154, .F. ) ;
#7083 = FACE_OUTER_BOUND ( 'NONE', #3083, .T. ) ;
#7084 = CARTESIAN_POINT ( 'NONE',  ( 5.200000000000000178, -46.27882250993906865, 2.286000000000000032 ) ) ;
#7085 = DIRECTION ( 'NONE',  ( 0.000000000000000000, 0.000000000000000000, -1.000000000000000000 ) ) ;
#7086 = AXIS2_PLACEMENT_3D ( 'NONE', #6824, #10743, #11572 ) ;
#7087 = CARTESIAN_POINT ( 'NONE',  ( 0.4799999999999995381, -6.556435184794227287E-17, -1.000000000000000000 ) ) ;
#7088 = DIRECTION ( 'NONE',  ( -0.7071067811865465735, 0.7071067811865483499, 0.000000000000000000 ) ) ;
#7089 = CARTESIAN_POINT ( 'NONE',  ( -23.52015180641467040, -2.558670703524386969, 2.286000000000000032 ) ) ;
#7090 = ORIENTED_EDGE ( 'NONE', *, *, #2522, .F. ) ;
#7091 = VECTOR ( 'NONE', #5753, 1000.000000000000000 ) ;
#7092 = FACE_OUTER_BOUND ( 'NONE', #11555, .T. ) ;
#7093 = CIRCLE ( 'NONE', #4817, 3.174999999999999822 ) ;
#7094 = PLANE ( 'NONE',  #10360 ) ;
#7095 = DIRECTION ( 'NONE',  ( 0.000000000000000000, 0.000000000000000000, 1.000000000000000000 ) ) ;
#7096 = ADVANCED_FACE ( 'NONE', ( #8225 ), #7011, .F. ) ;
#7097 = ORIENTED_EDGE ( 'NONE', *, *, #3266, .T. ) ;
#7098 = VECTOR ( 'NONE', #10855, 1000.000000000000114 ) ;
#7099 = DIRECTION ( 'NONE',  ( 0.000000000000000000, 1.000000000000000000, 0.000000000000000000 ) ) ;
#7100 = DIRECTION ( 'NONE',  ( -0.7071067811865456854, 0.7071067811865493491, 0.000000000000000000 ) ) ;
#7101 = FACE_OUTER_BOUND ( 'NONE', #7654, .T. ) ;
#7102 = FACE_OUTER_BOUND ( 'NONE', #12527, .T. ) ;
#7103 = CARTESIAN_POINT ( 'NONE',  ( -2.558670703524398071, -1.879848193585312410, -1.000000000000000000 ) ) ;
#7104 = VECTOR ( 'NONE', #22, 1000.000000000000000 ) ;
#7105 = VECTOR ( 'NONE', #12331, 1000.000000000000000 ) ;
#7106 = EDGE_LOOP ( 'NONE', ( #1585, #8702, #6417, #6857 ) ) ;
#7107 = LINE ( 'NONE', #4339, #7680 ) ;
#7108 = FACE_OUTER_BOUND ( 'NONE', #5373, .T. ) ;
#7109 = ORIENTED_EDGE ( 'NONE', *, *, #8441, .F. ) ;
#7110 = AXIS2_PLACEMENT_3D ( 'NONE', #9412, #1639, #4586 ) ;
#7111 = EDGE_CURVE ( 'NONE', #6107, #482, #9123, .T. ) ;
#7112 = ORIENTED_EDGE ( 'NONE', *, *, #12432, .F. ) ;
#7113 = CIRCLE ( 'NONE', #8959, 3.174999999999998934 ) ;
#7114 = DIRECTION ( 'NONE',  ( 0.7071067811865493491, -0.7071067811865456854, 0.000000000000000000 ) ) ;
#7115 = ORIENTED_EDGE ( 'NONE', *, *, #667, .F. ) ;
#7116 = AXIS2_PLACEMENT_3D ( 'NONE', #2822, #9694, #2757 ) ;
#7117 = DIRECTION ( 'NONE',  ( -0.7071067811865477948, -0.7071067811865473507, 0.000000000000000000 ) ) ;
#7118 = VECTOR ( 'NONE', #617, 1000.000000000000000 ) ;
#7119 = ORIENTED_EDGE ( 'NONE', *, *, #5658, .F. ) ;
#7120 = LINE ( 'NONE', #9046, #6336 ) ;
#7121 = CARTESIAN_POINT ( 'NONE',  ( -6.699999999999990408, -5.199999999999999289, 3.049999999999999822 ) ) ;
#7122 = VERTEX_POINT ( 'NONE', #7263 ) ;
#7123 = LINE ( 'NONE', #3318, #8950 ) ;
#7124 = CARTESIAN_POINT ( 'NONE',  ( -3.174999999999998934, -50.79999999999999716, -1.000000000000000000 ) ) ;
#7125 = CYLINDRICAL_SURFACE ( 'NONE', #3753, 2.100000000000000089 ) ;
#7126 = VECTOR ( 'NONE', #5770, 1000.000000000000000 ) ;
#7127 = ORIENTED_EDGE ( 'NONE', *, *, #12136, .F. ) ;
#7128 = AXIS2_PLACEMENT_3D ( 'NONE', #7373, #5561, #9478 ) ;
#7129 = DIRECTION ( 'NONE',  ( 5.463695987328531367E-16, 1.000000000000000000, -0.000000000000000000 ) ) ;
#7130 = CIRCLE ( 'NONE', #3221, 3.175000000000000711 ) ;
#7131 = EDGE_CURVE ( 'NONE', #12691, #9287, #11179, .T. ) ;
#7132 = ORIENTED_EDGE ( 'NONE', *, *, #2643, .F. ) ;
#7133 = ORIENTED_EDGE ( 'NONE', *, *, #12025, .T. ) ;
#7134 = ORIENTED_EDGE ( 'NONE', *, *, #12695, .T. ) ;
#7135 = AXIS2_PLACEMENT_3D ( 'NONE', #11579, #3624, #2910 ) ;
#7136 = VECTOR ( 'NONE', #11271, 1000.000000000000000 ) ;
#7137 = CARTESIAN_POINT ( 'NONE',  ( -20.87882250993907363, -5.199999999999999289, -1.000000000000000000 ) ) ;
#7138 = DIRECTION ( 'NONE',  ( 0.000000000000000000, -1.000000000000000000, 0.000000000000000000 ) ) ;
#7139 = ORIENTED_EDGE ( 'NONE', *, *, #4283, .F. ) ;
#7140 = CARTESIAN_POINT ( 'NONE',  ( 6.200000000000021494, -30.61862915010153330, -3.049999999999999822 ) ) ;
#7141 = CARTESIAN_POINT ( 'NONE',  ( 0.000000000000000000, 0.000000000000000000, 1.000000000000000000 ) ) ;
#7142 = ORIENTED_EDGE ( 'NONE', *, *, #7722, .F. ) ;
#7143 = CARTESIAN_POINT ( 'NONE',  ( -2.100000000000000089, -25.39999999999999858, -1.001000000000000112 ) ) ;
#7144 = EDGE_CURVE ( 'NONE', #5126, #10670, #2122, .T. ) ;
#7145 = ORIENTED_EDGE ( 'NONE', *, *, #2409, .T. ) ;
#7146 = VECTOR ( 'NONE', #3342, 1000.000000000000114 ) ;
#7147 = CIRCLE ( 'NONE', #10434, 3.174999999999998934 ) ;
#7148 = ORIENTED_EDGE ( 'NONE', *, *, #12397, .T. ) ;
#7149 = CARTESIAN_POINT ( 'NONE',  ( 0.000000000000000000, 5.199999999999999289, 1.000000000000000000 ) ) ;
#7150 = CARTESIAN_POINT ( 'NONE',  ( -3.654415587728437220, -44.44999999999998863, 3.049999999999999822 ) ) ;
#7151 = CARTESIAN_POINT ( 'NONE',  ( 6.199999999999980638, -50.79999999999999716, 3.049999999999999822 ) ) ;
#7152 = CARTESIAN_POINT ( 'NONE',  ( 3.654415587728422565, -44.45000000000000995, 3.049999999999999822 ) ) ;
#7153 = VECTOR ( 'NONE', #3379, 1000.000000000000000 ) ;
#7154 = ORIENTED_EDGE ( 'NONE', *, *, #9717, .T. ) ;
#7155 = AXIS2_PLACEMENT_3D ( 'NONE', #4456, #2466, #3493 ) ;
#7156 = DIRECTION ( 'NONE',  ( 0.000000000000000000, -1.000000000000000000, 0.000000000000000000 ) ) ;
#7157 = DIRECTION ( 'NONE',  ( 0.7071067811865501263, 0.7071067811865449082, 0.000000000000000000 ) ) ;
#7158 = LINE ( 'NONE', #3291, #2947 ) ;
#7159 = ORIENTED_EDGE ( 'NONE', *, *, #1957, .T. ) ;
#7160 = CARTESIAN_POINT ( 'NONE',  ( 6.010588745030443825, -6.010588745030484681, 1.000000000000000000 ) ) ;
#7161 = EDGE_CURVE ( 'NONE', #2505, #235, #9062, .T. ) ;
#7162 = ADVANCED_FACE ( 'NONE', ( #4172 ), #8097, .F. ) ;
#7163 = CARTESIAN_POINT ( 'NONE',  ( 3.654415587728422565, -44.45000000000000995, 2.286000000000000032 ) ) ;
#7164 = EDGE_CURVE ( 'NONE', #10211, #11764, #12390, .T. ) ;
#7165 = VECTOR ( 'NONE', #2848, 1000.000000000000114 ) ;
#7166 = EDGE_CURVE ( 'NONE', #773, #240, #3209, .T. ) ;
#7167 = VECTOR ( 'NONE', #9422, 1000.000000000000000 ) ;
#7168 = DIRECTION ( 'NONE',  ( -0.000000000000000000, -0.000000000000000000, 1.000000000000000000 ) ) ;
#7169 = VECTOR ( 'NONE', #4306, 1000.000000000000000 ) ;
#7170 = ORIENTED_EDGE ( 'NONE', *, *, #4740, .T. ) ;
#7171 = DIRECTION ( 'NONE',  ( 0.000000000000000000, 0.000000000000000000, 1.000000000000000000 ) ) ;
#7172 = VECTOR ( 'NONE', #4145, 1000.000000000000000 ) ;
#7173 = LINE ( 'NONE', #2218, #11873 ) ;
#7174 = LINE ( 'NONE', #11973, #6108 ) ;
#7175 = CARTESIAN_POINT ( 'NONE',  ( -5.200000000000006395, -50.79999999999999716, 2.286000000000000032 ) ) ;
#7176 = DIRECTION ( 'NONE',  ( 0.000000000000000000, 0.000000000000000000, 1.000000000000000000 ) ) ;
#7177 = VERTEX_POINT ( 'NONE', #11120 ) ;
#7178 = EDGE_CURVE ( 'NONE', #8274, #2072, #4425, .T. ) ;
#7179 = DIRECTION ( 'NONE',  ( 1.000000000000000000, 0.000000000000000000, 0.000000000000000000 ) ) ;
#7180 = CARTESIAN_POINT ( 'NONE',  ( -1.905652775297731472, -48.21552471476314849, 2.286000000000000032 ) ) ;
#7181 = VERTEX_POINT ( 'NONE', #7519 ) ;
#7182 = EDGE_LOOP ( 'NONE', ( #12018, #12440 ) ) ;
#7183 = LINE ( 'NONE', #12056, #3065 ) ;
#7184 = ORIENTED_EDGE ( 'NONE', *, *, #245, .F. ) ;
#7185 = DIRECTION ( 'NONE',  ( 1.000000000000000000, 0.000000000000000000, 0.000000000000000000 ) ) ;
#7186 = VERTEX_POINT ( 'NONE', #11432 ) ;
#7187 = DIRECTION ( 'NONE',  ( -1.000000000000000000, 0.000000000000000000, -0.000000000000000000 ) ) ;
#7188 = CARTESIAN_POINT ( 'NONE',  ( -6.350000000000001421, 3.654415587728427450, -1.000000000000000000 ) ) ;
#7189 = ORIENTED_EDGE ( 'NONE', *, *, #2670, .F. ) ;
#7190 = ADVANCED_FACE ( 'NONE', ( #8351 ), #6416, .F. ) ;
#7191 = DIRECTION ( 'NONE',  ( -0.000000000000000000, -0.000000000000000000, 1.000000000000000000 ) ) ;
#7192 = CARTESIAN_POINT ( 'NONE',  ( -10.14132929647560211, -1.879848193585314409, -1.000000000000000000 ) ) ;
#7193 = PLANE ( 'NONE',  #8466 ) ;
#7194 = ORIENTED_EDGE ( 'NONE', *, *, #10146, .F. ) ;
#7195 = LINE ( 'NONE', #7250, #8554 ) ;
#7196 = ORIENTED_EDGE ( 'NONE', *, *, #5498, .F. ) ;
#7197 = VERTEX_POINT ( 'NONE', #12270 ) ;
#7198 = VERTEX_POINT ( 'NONE', #12389 ) ;
#7199 = ORIENTED_EDGE ( 'NONE', *, *, #9302, .T. ) ;
#7200 = DIRECTION ( 'NONE',  ( -0.000000000000000000, -0.000000000000000000, 1.000000000000000000 ) ) ;
#7201 = CARTESIAN_POINT ( 'NONE',  ( -6.699999999999990408, -6.699999999999999289, -3.049999999999999822 ) ) ;
#7202 = EDGE_CURVE ( 'NONE', #4862, #8469, #2930, .T. ) ;
#7203 = ORIENTED_EDGE ( 'NONE', *, *, #4592, .F. ) ;
#7204 = EDGE_CURVE ( 'NONE', #12274, #629, #7331, .T. ) ;
#7205 = CARTESIAN_POINT ( 'NONE',  ( -5.200000000000021494, -50.79999999999999716, 3.049999999999999822 ) ) ;
#7206 = DIRECTION ( 'NONE',  ( -0.000000000000000000, -0.000000000000000000, 1.000000000000000000 ) ) ;
#7207 = ORIENTED_EDGE ( 'NONE', *, *, #2927, .T. ) ;
#7208 = CARTESIAN_POINT ( 'NONE',  ( -2.100000000000000089, -38.09999999999999432, 2.286000000000000032 ) ) ;
#7209 = ORIENTED_EDGE ( 'NONE', *, *, #2288, .F. ) ;
#7210 = EDGE_LOOP ( 'NONE', ( #557, #4957, #12317, #10464 ) ) ;
#7211 = EDGE_CURVE ( 'NONE', #694, #12320, #4364, .T. ) ;
#7212 = LINE ( 'NONE', #2317, #2625 ) ;
#7213 = DIRECTION ( 'NONE',  ( 0.7071067811865497932, -0.7071067811865452413, 0.000000000000000000 ) ) ;
#7214 = DIRECTION ( 'NONE',  ( -0.7071067811865461294, -0.7071067811865490160, 0.000000000000000000 ) ) ;
#7215 = ORIENTED_EDGE ( 'NONE', *, *, #6148, .T. ) ;
#7216 = FACE_OUTER_BOUND ( 'NONE', #40, .T. ) ;
#7217 = LINE ( 'NONE', #12032, #1512 ) ;
#7218 = DIRECTION ( 'NONE',  ( 1.000000000000000000, -1.365923996832132102E-16, 0.000000000000000000 ) ) ;
#7219 = ORIENTED_EDGE ( 'NONE', *, *, #8748, .T. ) ;
#7220 = LINE ( 'NONE', #9209, #5260 ) ;
#7221 = CARTESIAN_POINT ( 'NONE',  ( -5.200000000000004619, -42.62117749006090150, 3.049999999999999822 ) ) ;
#7222 = CARTESIAN_POINT ( 'NONE',  ( 0.000000000000000000, -12.69999999999999929, -2.286000000000000032 ) ) ;
#7223 = EDGE_CURVE ( 'NONE', #11305, #8746, #4164, .T. ) ;
#7224 = PLANE ( 'NONE',  #2801 ) ;
#7225 = EDGE_CURVE ( 'NONE', #11662, #6578, #8416, .T. ) ;
#7226 = CARTESIAN_POINT ( 'NONE',  ( 6.200000000000000178, 7.592810154713588849E-16, -1.000000000000000000 ) ) ;
#7227 = CARTESIAN_POINT ( 'NONE',  ( -6.350000000000001421, 3.654415587728428783, 1.000000000000000000 ) ) ;
#7228 = ADVANCED_FACE ( 'NONE', ( #10340 ), #7396, .F. ) ;
#7229 = PLANE ( 'NONE',  #11237 ) ;
#7230 = CYLINDRICAL_SURFACE ( 'NONE', #11148, 5.200000000000000178 ) ;
#7231 = EDGE_LOOP ( 'NONE', ( #961, #7492, #7254, #11507 ) ) ;
#7232 = CARTESIAN_POINT ( 'NONE',  ( -23.52015180641467040, 2.558670703524389634, 2.286000000000000032 ) ) ;
#7233 = CARTESIAN_POINT ( 'NONE',  ( 0.4799999999999983169, -9.561493189429087991, -2.286000000000000032 ) ) ;
#7234 = VERTEX_POINT ( 'NONE', #11494 ) ;
#7235 = ORIENTED_EDGE ( 'NONE', *, *, #7238, .F. ) ;
#7236 = ORIENTED_EDGE ( 'NONE', *, *, #7920, .T. ) ;
#7237 = ADVANCED_FACE ( 'NONE', ( #3589 ), #9376, .T. ) ;
#7238 = EDGE_CURVE ( 'NONE', #4498, #3859, #11360, .T. ) ;
#7239 = PLANE ( 'NONE',  #12245 ) ;
#7240 = CARTESIAN_POINT ( 'NONE',  ( -23.52015180641467040, -2.558670703524387413, -2.286000000000000032 ) ) ;
#7241 = VERTEX_POINT ( 'NONE', #2497 ) ;
#7242 = DIRECTION ( 'NONE',  ( 0.000000000000000000, 0.000000000000000000, -1.000000000000000000 ) ) ;
#7243 = AXIS2_PLACEMENT_3D ( 'NONE', #11108, #11164, #1142 ) ;
#7244 = CYLINDRICAL_SURFACE ( 'NONE', #2730, 6.199999999999997513 ) ;
#7245 = ORIENTED_EDGE ( 'NONE', *, *, #88, .F. ) ;
#7246 = DIRECTION ( 'NONE',  ( 1.000000000000000000, 0.000000000000000000, 0.000000000000000000 ) ) ;
#7247 = CARTESIAN_POINT ( 'NONE',  ( -5.199999999999995737, -6.821177490060920334, 2.286000000000000032 ) ) ;
#7248 = CARTESIAN_POINT ( 'NONE',  ( -0.4800000000000038125, -47.66149318942908764, 2.286000000000000032 ) ) ;
#7249 = ORIENTED_EDGE ( 'NONE', *, *, #9079, .F. ) ;
#7250 = CARTESIAN_POINT ( 'NONE',  ( 1.879848193585309524, -15.25867070352439825, 2.286000000000000032 ) ) ;
#7251 = VERTEX_POINT ( 'NONE', #1534 ) ;
#7252 = ORIENTED_EDGE ( 'NONE', *, *, #300, .T. ) ;
#7253 = CIRCLE ( 'NONE', #9089, 3.174999999999998934 ) ;
#7254 = ORIENTED_EDGE ( 'NONE', *, *, #2435, .F. ) ;
#7255 = AXIS2_PLACEMENT_3D ( 'NONE', #2815, #4802, #11682 ) ;
#7256 = EDGE_CURVE ( 'NONE', #3282, #11373, #5644, .T. ) ;
#7257 = ORIENTED_EDGE ( 'NONE', *, *, #1424, .F. ) ;
#7258 = CARTESIAN_POINT ( 'NONE',  ( 6.200000000000000178, 7.592810154713587863E-16, -3.049999999999999822 ) ) ;
#7259 = DIRECTION ( 'NONE',  ( -1.000000000000000000, 1.365923996832132102E-16, 0.000000000000000000 ) ) ;
#7260 = ORIENTED_EDGE ( 'NONE', *, *, #3356, .F. ) ;
#7261 = VECTOR ( 'NONE', #1913, 1000.000000000000000 ) ;
#7262 = CARTESIAN_POINT ( 'NONE',  ( 0.000000000000000000, -25.39999999999999858, -2.286000000000000032 ) ) ;
#7263 = CARTESIAN_POINT ( 'NONE',  ( 5.200000000000000178, -4.804415587728428250, 2.286000000000000032 ) ) ;
#7264 = VECTOR ( 'NONE', #8762, 1000.000000000000000 ) ;
#7265 = ORIENTED_EDGE ( 'NONE', *, *, #5891, .T. ) ;
#7266 = CARTESIAN_POINT ( 'NONE',  ( -19.04999999999999716, -5.068629150101524594, -3.049999999999999822 ) ) ;
#7267 = ORIENTED_EDGE ( 'NONE', *, *, #9108, .F. ) ;
#7268 = ORIENTED_EDGE ( 'NONE', *, *, #10172, .F. ) ;
#7269 = ORIENTED_EDGE ( 'NONE', *, *, #9345, .T. ) ;
#7270 = EDGE_CURVE ( 'NONE', #3786, #7308, #1607, .T. ) ;
#7271 = VECTOR ( 'NONE', #2355, 1000.000000000000114 ) ;
#7272 = EDGE_CURVE ( 'NONE', #8873, #2498, #10282, .T. ) ;
#7273 = VECTOR ( 'NONE', #11950, 1000.000000000000000 ) ;
#7274 = DIRECTION ( 'NONE',  ( -0.7071067811865479058, -0.7071067811865471286, 0.000000000000000000 ) ) ;
#7275 = DIRECTION ( 'NONE',  ( -1.000000000000000000, 1.092739197465705603E-14, 0.000000000000000000 ) ) ;
#7276 = FACE_OUTER_BOUND ( 'NONE', #4415, .T. ) ;
#7277 = ORIENTED_EDGE ( 'NONE', *, *, #11380, .T. ) ;
#7278 = DIRECTION ( 'NONE',  ( 0.000000000000000000, -0.000000000000000000, -1.000000000000000000 ) ) ;
#7279 = DIRECTION ( 'NONE',  ( -0.000000000000000000, -0.000000000000000000, 1.000000000000000000 ) ) ;
#7280 = DIRECTION ( 'NONE',  ( -0.000000000000000000, -0.000000000000000000, 1.000000000000000000 ) ) ;
#7281 = VERTEX_POINT ( 'NONE', #8283 ) ;
#7282 = CARTESIAN_POINT ( 'NONE',  ( 0.000000000000000000, -38.09999999999999432, -2.286000000000000032 ) ) ;
#7283 = VECTOR ( 'NONE', #12687, 1000.000000000000000 ) ;
#7284 = CARTESIAN_POINT ( 'NONE',  ( 0.000000000000000000, -38.09999999999999432, 2.286000000000000032 ) ) ;
#7285 = LINE ( 'NONE', #5352, #4627 ) ;
#7286 = EDGE_CURVE ( 'NONE', #1835, #7646, #5525, .T. ) ;
#7287 =( GEOMETRIC_REPRESENTATION_CONTEXT ( 3 ) GLOBAL_UNCERTAINTY_ASSIGNED_CONTEXT ( ( #8620 ) ) GLOBAL_UNIT_ASSIGNED_CONTEXT ( ( #10038, #8940, #2070 ) ) REPRESENTATION_CONTEXT ( 'NONE', 'WORKASPACE' ) );
#7288 = CARTESIAN_POINT ( 'NONE',  ( -18.04161904883375200, 4.662796538894677489, -2.286000000000000032 ) ) ;
#7289 = DIRECTION ( 'NONE',  ( 0.000000000000000000, 0.000000000000000000, 1.000000000000000000 ) ) ;
#7290 = DIRECTION ( 'NONE',  ( -0.000000000000000000, -0.000000000000000000, -1.000000000000000000 ) ) ;
#7291 = VECTOR ( 'NONE', #8045, 1000.000000000000000 ) ;
#7292 = DIRECTION ( 'NONE',  ( -0.000000000000000000, 0.000000000000000000, 1.000000000000000000 ) ) ;
#7293 = DIRECTION ( 'NONE',  ( 0.7071067811865475727, -0.7071067811865475727, 0.000000000000000000 ) ) ;
#7294 = CARTESIAN_POINT ( 'NONE',  ( -4.662796538894652620, -20.05838095116624942, -1.000000000000000000 ) ) ;
#7295 = ORIENTED_EDGE ( 'NONE', *, *, #3299, .T. ) ;
#7296 = CARTESIAN_POINT ( 'NONE',  ( -5.200000000000006395, -50.79999999999999716, 3.049999999999999822 ) ) ;
#7297 = LINE ( 'NONE', #12485, #4217 ) ;
#7298 = ORIENTED_EDGE ( 'NONE', *, *, #11476, .F. ) ;
#7299 = ADVANCED_FACE ( 'NONE', ( #9443 ), #4553, .T. ) ;
#7300 = VECTOR ( 'NONE', #4073, 1000.000000000000000 ) ;
#7301 = VERTEX_POINT ( 'NONE', #1472 ) ;
#7302 = ORIENTED_EDGE ( 'NONE', *, *, #3449, .T. ) ;
#7303 = CARTESIAN_POINT ( 'NONE',  ( -17.50441558772842754, 5.199999999999999289, 3.049999999999999822 ) ) ;
#7304 = AXIS2_PLACEMENT_3D ( 'NONE', #7311, #10394, #7503 ) ;
#7305 = DIRECTION ( 'NONE',  ( 0.000000000000000000, 0.000000000000000000, -1.000000000000000000 ) ) ;
#7306 = ORIENTED_EDGE ( 'NONE', *, *, #6371, .F. ) ;
#7307 = CARTESIAN_POINT ( 'NONE',  ( -19.04999999999999716, 3.654415587728427450, 3.049999999999999822 ) ) ;
#7308 = VERTEX_POINT ( 'NONE', #5385 ) ;
#7309 = VECTOR ( 'NONE', #1075, 1000.000000000000000 ) ;
#7310 = CARTESIAN_POINT ( 'NONE',  ( -5.199999999999998401, -17.22117749006089937, 3.049999999999999822 ) ) ;
#7311 = CARTESIAN_POINT ( 'NONE',  ( -12.69999999999999929, 0.000000000000000000, 1.000000000000000000 ) ) ;
#7312 = VERTEX_POINT ( 'NONE', #9307 ) ;
#7313 = EDGE_CURVE ( 'NONE', #7324, #2705, #4938, .T. ) ;
#7314 = LINE ( 'NONE', #5375, #1988 ) ;
#7315 = EDGE_CURVE ( 'NONE', #12700, #4118, #3721, .T. ) ;
#7316 = AXIS2_PLACEMENT_3D ( 'NONE', #5076, #9059, #8032 ) ;
#7317 = EDGE_CURVE ( 'NONE', #8613, #4502, #51, .T. ) ;
#7318 = ORIENTED_EDGE ( 'NONE', *, *, #7908, .F. ) ;
#7319 = VECTOR ( 'NONE', #2965, 1000.000000000000114 ) ;
#7321 = EDGE_CURVE ( 'NONE', #8549, #11123, #3135, .T. ) ;
#7320 = VERTEX_POINT ( 'NONE', #12526 ) ;
#7322 = ORIENTED_EDGE ( 'NONE', *, *, #11776, .F. ) ;
#7323 = VECTOR ( 'NONE', #3503, 1000.000000000000000 ) ;
#7324 = VERTEX_POINT ( 'NONE', #7643 ) ;
#7325 = VECTOR ( 'NONE', #8296, 1000.000000000000000 ) ;
#7326 = DIRECTION ( 'NONE',  ( -0.000000000000000000, -0.000000000000000000, 1.000000000000000000 ) ) ;
#7327 = DIRECTION ( 'NONE',  ( 0.000000000000000000, 0.000000000000000000, -1.000000000000000000 ) ) ;
#7328 = VECTOR ( 'NONE', #4541, 1000.000000000000000 ) ;
#7329 = EDGE_LOOP ( 'NONE', ( #11624, #3593, #2110, #8792 ) ) ;
#7330 = CARTESIAN_POINT ( 'NONE',  ( -6.199999999999990408, -6.699999999999999289, -1.000000000000000000 ) ) ;
#7331 = LINE ( 'NONE', #2632, #8265 ) ;
#7332 = AXIS2_PLACEMENT_3D ( 'NONE', #2163, #8014, #9880 ) ;
#7333 = VERTEX_POINT ( 'NONE', #7895 ) ;
#7334 = EDGE_CURVE ( 'NONE', #10477, #7301, #4808, .T. ) ;
#7335 = LINE ( 'NONE', #11122, #12637 ) ;
#7336 = ORIENTED_EDGE ( 'NONE', *, *, #8277, .F. ) ;
#7337 = ORIENTED_EDGE ( 'NONE', *, *, #2, .F. ) ;
#7338 = EDGE_LOOP ( 'NONE', ( #5523, #1180, #11053, #9054 ) ) ;
#7339 = VECTOR ( 'NONE', #7941, 1000.000000000000000 ) ;
#7340 = PLANE ( 'NONE',  #4894 ) ;
#7341 = DIRECTION ( 'NONE',  ( -0.000000000000000000, -0.000000000000000000, -1.000000000000000000 ) ) ;
#7342 = CARTESIAN_POINT ( 'NONE',  ( 0.000000000000000000, -50.79999999999999716, -2.286000000000000032 ) ) ;
#7343 = VERTEX_POINT ( 'NONE', #4746 ) ;
#7344 = CARTESIAN_POINT ( 'NONE',  ( 0.000000000000000000, -50.79999999999999716, 2.286000000000000032 ) ) ;
#7345 = CARTESIAN_POINT ( 'NONE',  ( -0.4800000000000008149, -3.174999999999998934, 2.286000000000000032 ) ) ;
#7346 = CARTESIAN_POINT ( 'NONE',  ( 0.4799999999999988165, -34.96149318942908479, 1.000000000000000000 ) ) ;
#7347 = ORIENTED_EDGE ( 'NONE', *, *, #11309, .T. ) ;
#7348 = VECTOR ( 'NONE', #2976, 1000.000000000000114 ) ;
#7349 = EDGE_CURVE ( 'NONE', #9366, #8944, #2884, .T. ) ;
#7350 = DIRECTION ( 'NONE',  ( -0.7071067811865489050, -0.7071067811865462405, 0.000000000000000000 ) ) ;
#7351 = AXIS2_PLACEMENT_3D ( 'NONE', #1554, #11641, #5790 ) ;
#7352 = CARTESIAN_POINT ( 'NONE',  ( 5.200000000000000178, -8.178822509939090324, -2.286000000000000920 ) ) ;
#7353 = DIRECTION ( 'NONE',  ( -0.000000000000000000, -0.000000000000000000, 1.000000000000000000 ) ) ;
#7354 = VECTOR ( 'NONE', #7274, 1000.000000000000000 ) ;
#7355 = VECTOR ( 'NONE', #2813, 1000.000000000000000 ) ;
#7356 = CARTESIAN_POINT ( 'NONE',  ( -3.804415587728426917, 6.200000000000001066, 3.049999999999999822 ) ) ;
#7357 = DIRECTION ( 'NONE',  ( 1.000000000000000000, 0.000000000000000000, 0.000000000000000000 ) ) ;
#7358 = CARTESIAN_POINT ( 'NONE',  ( 0.000000000000000000, -25.39999999999999858, -2.286000000000000032 ) ) ;
#7359 = LINE ( 'NONE', #12231, #11439 ) ;
#7360 = LINE ( 'NONE', #2406, #6641 ) ;
#7361 = DIRECTION ( 'NONE',  ( -0.000000000000000000, -0.000000000000000000, 1.000000000000000000 ) ) ;
#7362 = EDGE_LOOP ( 'NONE', ( #6802, #139, #11536, #4222 ) ) ;
#7363 = EDGE_CURVE ( 'NONE', #6078, #2346, #6805, .T. ) ;
#7364 = EDGE_CURVE ( 'NONE', #11092, #6566, #4876, .T. ) ;
#7365 = CARTESIAN_POINT ( 'NONE',  ( -2.558670703524396739, -10.82015180641468532, 1.000000000000000000 ) ) ;
#7366 = DIRECTION ( 'NONE',  ( 0.7071067811865491270, -0.7071067811865459074, 0.000000000000000000 ) ) ;
#7367 = VECTOR ( 'NONE', #4473, 1000.000000000000114 ) ;
#7368 = VECTOR ( 'NONE', #2662, 1000.000000000000000 ) ;
#7369 = ORIENTED_EDGE ( 'NONE', *, *, #86, .T. ) ;
#7370 = VERTEX_POINT ( 'NONE', #6746 ) ;
#7371 = VECTOR ( 'NONE', #5089, 1000.000000000000000 ) ;
#7372 = LINE ( 'NONE', #9165, #5688 ) ;
#7373 = CARTESIAN_POINT ( 'NONE',  ( -1.905652775297734358, -27.98447528523684724, -2.286000000000000032 ) ) ;
#7374 = EDGE_CURVE ( 'NONE', #11400, #6351, #12158, .T. ) ;
#7375 = ORIENTED_EDGE ( 'NONE', *, *, #7553, .F. ) ;
#7376 = CYLINDRICAL_SURFACE ( 'NONE', #4489, 5.200000000000000178 ) ;
#7377 = CIRCLE ( 'NONE', #9015, 0.5000000000000004441 ) ;
#7378 = VERTEX_POINT ( 'NONE', #2945 ) ;
#7379 = CARTESIAN_POINT ( 'NONE',  ( -1.905652775297734802, -22.81552471476314992, 2.286000000000000032 ) ) ;
#7380 = FACE_OUTER_BOUND ( 'NONE', #109, .T. ) ;
#7381 = ORIENTED_EDGE ( 'NONE', *, *, #6048, .T. ) ;
#7382 = DIRECTION ( 'NONE',  ( -0.7071067811865465735, -0.7071067811865485719, 0.000000000000000000 ) ) ;
#7383 = VERTEX_POINT ( 'NONE', #12648 ) ;
#7384 = ORIENTED_EDGE ( 'NONE', *, *, #8484, .T. ) ;
#7385 = DIRECTION ( 'NONE',  ( -0.000000000000000000, -0.000000000000000000, 1.000000000000000000 ) ) ;
#7386 = ORIENTED_EDGE ( 'NONE', *, *, #11442, .F. ) ;
#7387 = VERTEX_POINT ( 'NONE', #9692 ) ;
#7388 = EDGE_CURVE ( 'NONE', #7439, #6789, #1985, .T. ) ;
#7389 = ADVANCED_FACE ( 'NONE', ( #8666 ), #2820, .T. ) ;
#7390 = EDGE_CURVE ( 'NONE', #7983, #2257, #9828, .T. ) ;
#7391 = DIRECTION ( 'NONE',  ( 0.000000000000000000, 0.000000000000000000, 1.000000000000000000 ) ) ;
#7392 = PLANE ( 'NONE',  #4449 ) ;
#7393 = EDGE_CURVE ( 'NONE', #4114, #11314, #2052, .T. ) ;
#7394 = ORIENTED_EDGE ( 'NONE', *, *, #5908, .T. ) ;
#7395 = LINE ( 'NONE', #6362, #12425 ) ;
#7396 = PLANE ( 'NONE',  #10523 ) ;
#7397 = VERTEX_POINT ( 'NONE', #4685 ) ;
#7398 = CARTESIAN_POINT ( 'NONE',  ( -6.699999999999990408, -5.199999999999999289, -3.049999999999999822 ) ) ;
#7399 = ORIENTED_EDGE ( 'NONE', *, *, #6240, .F. ) ;
#7400 = ORIENTED_EDGE ( 'NONE', *, *, #1316, .T. ) ;
#7401 = EDGE_LOOP ( 'NONE', ( #3569, #4901, #9392, #6279 ) ) ;
#7402 = ORIENTED_EDGE ( 'NONE', *, *, #8403, .T. ) ;
#7403 = ORIENTED_EDGE ( 'NONE', *, *, #10107, .T. ) ;
#7404 = ADVANCED_FACE ( 'NONE', ( #11616 ), #12583, .F. ) ;
#7405 = CARTESIAN_POINT ( 'NONE',  ( 4.662796538894668608, -5.341619048833763372, -1.000000000000000000 ) ) ;
#7406 = LINE ( 'NONE', #12212, #10036 ) ;
#7407 = DIRECTION ( 'NONE',  ( -1.000000000000000000, 0.000000000000000000, 0.000000000000000000 ) ) ;
#7408 = ORIENTED_EDGE ( 'NONE', *, *, #1348, .F. ) ;
#7409 = CARTESIAN_POINT ( 'NONE',  ( -19.04999999999999716, -5.068629150101524594, 3.049999999999999822 ) ) ;
#7410 = CARTESIAN_POINT ( 'NONE',  ( -20.39779220613577237, -20.39779220613555566, 1.000000000000000000 ) ) ;
#7411 = CARTESIAN_POINT ( 'NONE',  ( 0.000000000000000000, 0.000000000000000000, -2.286000000000000032 ) ) ;
#7412 = ORIENTED_EDGE ( 'NONE', *, *, #3038, .T. ) ;
#7413 = DIRECTION ( 'NONE',  ( -2.556848660736790434E-16, -1.000000000000000000, 0.000000000000000000 ) ) ;
#7414 = DIRECTION ( 'NONE',  ( -1.000000000000000000, 0.000000000000000000, -0.000000000000000000 ) ) ;
#7415 = DIRECTION ( 'NONE',  ( 1.000000000000000000, -2.556848660736790434E-16, 0.000000000000000000 ) ) ;
#7416 = EDGE_CURVE ( 'NONE', #8033, #6483, #11550, .T. ) ;
#7417 = DIRECTION ( 'NONE',  ( -0.7071067811865476838, 0.7071067811865474617, 0.000000000000000000 ) ) ;
#7418 = CARTESIAN_POINT ( 'NONE',  ( 5.200000000000000178, 6.368163355566235395E-16, 3.049999999999999822 ) ) ;
#7419 = CARTESIAN_POINT ( 'NONE',  ( -12.69999999999999929, 0.000000000000000000, 2.286000000000000032 ) ) ;
#7420 = DIRECTION ( 'NONE',  ( -0.000000000000000000, -0.000000000000000000, 1.000000000000000000 ) ) ;
#7421 = CARTESIAN_POINT ( 'NONE',  ( -5.200000000000021494, -50.79999999999999716, 1.000000000000000000 ) ) ;
#7422 = CARTESIAN_POINT ( 'NONE',  ( -28.57499999999999929, 0.000000000000000000, 2.286000000000000032 ) ) ;
#7423 = ORIENTED_EDGE ( 'NONE', *, *, #3616, .T. ) ;
#7424 = CARTESIAN_POINT ( 'NONE',  ( -3.174999999999998934, -38.09999999999999432, 2.286000000000000032 ) ) ;
#7425 = ORIENTED_EDGE ( 'NONE', *, *, #2518, .T. ) ;
#7426 = EDGE_LOOP ( 'NONE', ( #6992, #1742, #7215, #6794 ) ) ;
#7427 = EDGE_CURVE ( 'NONE', #5588, #3925, #10665, .T. ) ;
#7428 = ADVANCED_FACE ( 'NONE', ( #5775 ), #11687, .F. ) ;
#7429 = LINE ( 'NONE', #745, #4245 ) ;
#7430 = DIRECTION ( 'NONE',  ( 0.7071067811865483499, 0.7071067811865467956, -0.000000000000000000 ) ) ;
#7431 = ORIENTED_EDGE ( 'NONE', *, *, #7317, .F. ) ;
#7432 = CARTESIAN_POINT ( 'NONE',  ( -20.05838095116623876, -4.662796538894668608, -1.000000000000000000 ) ) ;
#7433 = ORIENTED_EDGE ( 'NONE', *, *, #4159, .T. ) ;
#7434 = DIRECTION ( 'NONE',  ( 0.7071067811865502373, -0.7071067811865449082, 0.000000000000000000 ) ) ;
#7435 = LINE ( 'NONE', #6544, #9836 ) ;
#7436 = EDGE_LOOP ( 'NONE', ( #12133, #8422, #1611, #1502 ) ) ;
#7437 = CARTESIAN_POINT ( 'NONE',  ( 0.000000000000000000, -38.09999999999999432, -1.000000000000000000 ) ) ;
#7438 = ORIENTED_EDGE ( 'NONE', *, *, #1785, .T. ) ;
#7439 = VERTEX_POINT ( 'NONE', #243 ) ;
#7440 = EDGE_CURVE ( 'NONE', #3373, #10724, #6997, .T. ) ;
#7441 = CARTESIAN_POINT ( 'NONE',  ( -12.69999999999999929, 0.000000000000000000, -2.286000000000000032 ) ) ;
#7442 = ORIENTED_EDGE ( 'NONE', *, *, #275, .F. ) ;
#7443 = EDGE_LOOP ( 'NONE', ( #11900, #8976, #6084, #12192 ) ) ;
#7444 = FACE_OUTER_BOUND ( 'NONE', #10395, .T. ) ;
#7445 = AXIS2_PLACEMENT_3D ( 'NONE', #4996, #7962, #4101 ) ;
#7446 = CARTESIAN_POINT ( 'NONE',  ( -0.4800000000000008149, -3.174999999999998934, 2.286000000000000032 ) ) ;
#7447 = DIRECTION ( 'NONE',  ( -0.000000000000000000, -0.000000000000000000, 1.000000000000000000 ) ) ;
#7448 = ORIENTED_EDGE ( 'NONE', *, *, #9745, .T. ) ;
#7449 = DIRECTION ( 'NONE',  ( -1.000000000000000000, 0.000000000000000000, -0.000000000000000000 ) ) ;
#7450 = CARTESIAN_POINT ( 'NONE',  ( -10.11552471476316484, 1.905652775297744572, -2.286000000000000032 ) ) ;
#7451 = ORIENTED_EDGE ( 'NONE', *, *, #5876, .T. ) ;
#7453 = DIRECTION ( 'NONE',  ( 0.000000000000000000, 0.000000000000000000, -1.000000000000000000 ) ) ;
#7452 = VECTOR ( 'NONE', #10754, 1000.000000000000114 ) ;
#7454 = ORIENTED_EDGE ( 'NONE', *, *, #8581, .T. ) ;
#7455 = VECTOR ( 'NONE', #7391, 1000.000000000000000 ) ;
#7456 = ORIENTED_EDGE ( 'NONE', *, *, #250, .T. ) ;
#7457 = ADVANCED_FACE ( 'NONE', ( #3077 ), #9107, .F. ) ;
#7458 = ORIENTED_EDGE ( 'NONE', *, *, #5750, .T. ) ;
#7459 = ORIENTED_EDGE ( 'NONE', *, *, #2419, .F. ) ;
#7460 = EDGE_CURVE ( 'NONE', #4227, #11557, #2172, .T. ) ;
#7461 = ORIENTED_EDGE ( 'NONE', *, *, #10527, .T. ) ;
#7462 = CARTESIAN_POINT ( 'NONE',  ( 5.200000000000000178, 6.368163355566235395E-16, -2.286000000000000032 ) ) ;
#7463 = CARTESIAN_POINT ( 'NONE',  ( -2.558670703524397627, -39.97984819358530473, -1.000000000000000000 ) ) ;
#7464 = VECTOR ( 'NONE', #1692, 1000.000000000000000 ) ;
#7465 = DIRECTION ( 'NONE',  ( -0.000000000000000000, -0.000000000000000000, 1.000000000000000000 ) ) ;
#7466 = LINE ( 'NONE', #4258, #347 ) ;
#7467 = ORIENTED_EDGE ( 'NONE', *, *, #3484, .F. ) ;
#7468 = DIRECTION ( 'NONE',  ( -0.7071067811865479058, -0.7071067811865472397, 0.000000000000000000 ) ) ;
#7469 = PLANE ( 'NONE',  #5617 ) ;
#7470 = DIRECTION ( 'NONE',  ( 0.000000000000000000, 0.000000000000000000, 1.000000000000000000 ) ) ;
#7471 = ORIENTED_EDGE ( 'NONE', *, *, #5624, .F. ) ;
#7472 = DIRECTION ( 'NONE',  ( -0.7071067811865454633, -0.7071067811865495711, 0.000000000000000000 ) ) ;
#7473 = DIRECTION ( 'NONE',  ( 0.000000000000000000, 0.000000000000000000, 1.000000000000000000 ) ) ;
#7474 = ADVANCED_FACE ( 'NONE', ( #4156 ), #7125, .F. ) ;
#7475 = VECTOR ( 'NONE', #871, 1000.000000000000000 ) ;
#7476 = EDGE_CURVE ( 'NONE', #8535, #2802, #3263, .T. ) ;
#7477 = ADVANCED_FACE ( 'NONE', ( #6097 ), #5251, .T. ) ;
#7478 = AXIS2_PLACEMENT_3D ( 'NONE', #11774, #5802, #1050 ) ;
#7479 = DIRECTION ( 'NONE',  ( -0.7071067811865479058, 0.7071067811865472397, 0.000000000000000000 ) ) ;
#7480 = EDGE_CURVE ( 'NONE', #6358, #4010, #1083, .T. ) ;
#7481 = LINE ( 'NONE', #730, #9609 ) ;
#7482 = DIRECTION ( 'NONE',  ( -0.7071067811865464625, -0.7071067811865486830, 0.000000000000000000 ) ) ;
#7483 = DIRECTION ( 'NONE',  ( 0.7071067811865436870, -0.7071067811865513475, 0.000000000000000000 ) ) ;
#7484 = VECTOR ( 'NONE', #6652, 1000.000000000000114 ) ;
#7485 = DIRECTION ( 'NONE',  ( 0.000000000000000000, 0.000000000000000000, -1.000000000000000000 ) ) ;
#7486 = DIRECTION ( 'NONE',  ( -0.000000000000000000, -0.000000000000000000, 1.000000000000000000 ) ) ;
#7487 = DIRECTION ( 'NONE',  ( 0.000000000000000000, 0.000000000000000000, 1.000000000000000000 ) ) ;
#7488 = ORIENTED_EDGE ( 'NONE', *, *, #3826, .T. ) ;
#7489 = CARTESIAN_POINT ( 'NONE',  ( 0.000000000000000000, -38.09999999999999432, -2.286000000000000032 ) ) ;
#7490 = FACE_BOUND ( 'NONE', #11236, .T. ) ;
#7491 = ADVANCED_FACE ( 'NONE', ( #8021 ), #378, .T. ) ;
#7492 = ORIENTED_EDGE ( 'NONE', *, *, #9732, .F. ) ;
#7493 = CIRCLE ( 'NONE', #5854, 3.174999999999998934 ) ;
#7494 = ORIENTED_EDGE ( 'NONE', *, *, #4947, .T. ) ;
#7495 = CIRCLE ( 'NONE', #1131, 3.174999999999999822 ) ;
#7496 = CARTESIAN_POINT ( 'NONE',  ( 0.000000000000000000, 5.199999999999999289, 1.000000000000000000 ) ) ;
#7497 = CARTESIAN_POINT ( 'NONE',  ( -19.04999999999999716, -5.068629150101524594, -3.049999999999999822 ) ) ;
#7498 = ORIENTED_EDGE ( 'NONE', *, *, #6604, .T. ) ;
#7499 = DIRECTION ( 'NONE',  ( 0.7071067811865454633, -0.7071067811865495711, 0.000000000000000000 ) ) ;
#7500 = VERTEX_POINT ( 'NONE', #11936 ) ;
#7501 = VECTOR ( 'NONE', #3802, 1000.000000000000000 ) ;
#7502 = LINE ( 'NONE', #9425, #286 ) ;
#7503 = DIRECTION ( 'NONE',  ( -1.000000000000000000, -1.776356839400250859E-15, 0.000000000000000000 ) ) ;
#7504 = VERTEX_POINT ( 'NONE', #6027 ) ;
#7505 = EDGE_CURVE ( 'NONE', #12401, #11514, #1899, .T. ) ;
#7506 = DIRECTION ( 'NONE',  ( 1.000000000000000000, 0.000000000000000000, 0.000000000000000000 ) ) ;
#7507 = AXIS2_PLACEMENT_3D ( 'NONE', #8350, #11431, #10473 ) ;
#7508 = ORIENTED_EDGE ( 'NONE', *, *, #4794, .F. ) ;
#7509 = CARTESIAN_POINT ( 'NONE',  ( 2.558670703524385637, -23.52015180641467040, -2.286000000000000032 ) ) ;
#7510 = ORIENTED_EDGE ( 'NONE', *, *, #6537, .T. ) ;
#7511 = VECTOR ( 'NONE', #3062, 1000.000000000000000 ) ;
#7512 = ORIENTED_EDGE ( 'NONE', *, *, #7164, .T. ) ;
#7513 = DIRECTION ( 'NONE',  ( -0.000000000000000000, -0.000000000000000000, 1.000000000000000000 ) ) ;
#7514 = AXIS2_PLACEMENT_3D ( 'NONE', #241, #2104, #1140 ) ;
#7515 = CARTESIAN_POINT ( 'NONE',  ( 5.200000000000000178, -33.57882250993910134, -1.000000000000000000 ) ) ;
#7516 = DIRECTION ( 'NONE',  ( 0.7071067811865493491, 0.7071067811865456854, 0.000000000000000000 ) ) ;
#7517 = ORIENTED_EDGE ( 'NONE', *, *, #547, .F. ) ;
#7518 = CARTESIAN_POINT ( 'NONE',  ( -0.4800000000000034239, -15.83850681057091059, 2.286000000000000032 ) ) ;
#7519 = CARTESIAN_POINT ( 'NONE',  ( 2.558670703524386081, -27.27984819358532675, 2.286000000000000032 ) ) ;
#7520 = VECTOR ( 'NONE', #1756, 1000.000000000000000 ) ;
#7521 = ORIENTED_EDGE ( 'NONE', *, *, #10288, .T. ) ;
#7522 = VECTOR ( 'NONE', #7709, 1000.000000000000000 ) ;
#7523 = EDGE_CURVE ( 'NONE', #3179, #6217, #7055, .T. ) ;
#7524 = PLANE ( 'NONE',  #1358 ) ;
#7525 = ORIENTED_EDGE ( 'NONE', *, *, #4794, .T. ) ;
#7526 = ORIENTED_EDGE ( 'NONE', *, *, #10084, .T. ) ;
#7527 = AXIS2_PLACEMENT_3D ( 'NONE', #11009, #7350, #3231 ) ;
#7528 = ORIENTED_EDGE ( 'NONE', *, *, #10138, .F. ) ;
#7529 = ORIENTED_EDGE ( 'NONE', *, *, #11077, .F. ) ;
#7530 = AXIS2_PLACEMENT_3D ( 'NONE', #7201, #11117, #4422 ) ;
#7531 = AXIS2_PLACEMENT_3D ( 'NONE', #8336, #11344, #8527 ) ;
#7532 = DIRECTION ( 'NONE',  ( 0.7071067811865493491, 0.7071067811865456854, -0.000000000000000000 ) ) ;
#7533 = LINE ( 'NONE', #1619, #6125 ) ;
#7534 = AXIS2_PLACEMENT_3D ( 'NONE', #8450, #1644, #6460 ) ;
#7535 = DIRECTION ( 'NONE',  ( 1.000000000000000000, 0.000000000000000000, 0.000000000000000000 ) ) ;
#7536 = DIRECTION ( 'NONE',  ( -0.000000000000000000, -0.000000000000000000, 1.000000000000000000 ) ) ;
#7537 = ORIENTED_EDGE ( 'NONE', *, *, #2683, .T. ) ;
#7538 = ADVANCED_FACE ( 'NONE', ( #4296 ), #1215, .F. ) ;
#7539 = CARTESIAN_POINT ( 'NONE',  ( 0.4799999999999964850, -15.83850681057091059, -2.286000000000000032 ) ) ;
#7540 = CARTESIAN_POINT ( 'NONE',  ( 0.000000000000000000, -38.09999999999999432, 2.286000000000000032 ) ) ;
#7541 = CARTESIAN_POINT ( 'NONE',  ( 3.654415587728450543, -19.04999999999999716, -3.049999999999999822 ) ) ;
#7542 = ORIENTED_EDGE ( 'NONE', *, *, #711, .T. ) ;
#7543 = DIRECTION ( 'NONE',  ( 0.000000000000000000, 0.000000000000000000, -1.000000000000000000 ) ) ;
#7544 = PLANE ( 'NONE',  #2157 ) ;
#7545 = ORIENTED_EDGE ( 'NONE', *, *, #1926, .T. ) ;
#7546 = VECTOR ( 'NONE', #2746, 1000.000000000000000 ) ;
#7547 = CIRCLE ( 'NONE', #12660, 3.174999999999999822 ) ;
#7548 = DIRECTION ( 'NONE',  ( -0.7071067811865491270, -0.7071067811865459074, -0.000000000000000000 ) ) ;
#7549 = CARTESIAN_POINT ( 'NONE',  ( -4.804415587728428250, 5.199999999999999289, 3.049999999999999822 ) ) ;
#7550 = LINE ( 'NONE', #9406, #5505 ) ;
#7551 = DIRECTION ( 'NONE',  ( -0.000000000000000000, -0.000000000000000000, 1.000000000000000000 ) ) ;
#7552 = VECTOR ( 'NONE', #11726, 1000.000000000000000 ) ;
#7553 = EDGE_CURVE ( 'NONE', #1526, #2059, #11545, .T. ) ;
#7554 = ADVANCED_FACE ( 'NONE', ( #6220 ), #10079, .T. ) ;
#7555 = FACE_OUTER_BOUND ( 'NONE', #2293, .T. ) ;
#7556 = CARTESIAN_POINT ( 'NONE',  ( 5.341619048833756267, -33.43720346110534081, 2.286000000000000032 ) ) ;
#7557 = LINE ( 'NONE', #12167, #9705 ) ;
#7558 = EDGE_CURVE ( 'NONE', #3984, #5099, #8884, .T. ) ;
#7559 = EDGE_CURVE ( 'NONE', #11666, #4408, #1332, .T. ) ;
#7560 = DIRECTION ( 'NONE',  ( 1.000000000000000000, -2.556848660736790434E-16, 0.000000000000000000 ) ) ;
#7561 = CARTESIAN_POINT ( 'NONE',  ( 5.068629150101529923, -44.45000000000000284, -3.049999999999999822 ) ) ;
#7562 = VECTOR ( 'NONE', #11712, 1000.000000000000114 ) ;
#7563 = ORIENTED_EDGE ( 'NONE', *, *, #10142, .T. ) ;
#7564 = AXIS2_PLACEMENT_3D ( 'NONE', #7658, #10492, #7606 ) ;
#7565 = ORIENTED_EDGE ( 'NONE', *, *, #6182, .F. ) ;
#7566 = CARTESIAN_POINT ( 'NONE',  ( -25.39999999999999858, 0.000000000000000000, -3.049999999999999822 ) ) ;
#7567 = CARTESIAN_POINT ( 'NONE',  ( 0.000000000000000000, -12.69999999999999929, 2.286000000000000032 ) ) ;
#7568 = ADVANCED_FACE ( 'NONE', ( #6166 ), #7193, .F. ) ;
#7569 = ORIENTED_EDGE ( 'NONE', *, *, #11501, .F. ) ;
#7570 = DIRECTION ( 'NONE',  ( 3.756290991288361679E-16, 1.000000000000000000, -0.000000000000000000 ) ) ;
#7571 = AXIS2_PLACEMENT_3D ( 'NONE', #489, #12060, #4220 ) ;
#7572 = ORIENTED_EDGE ( 'NONE', *, *, #6207, .T. ) ;
#7573 = AXIS2_PLACEMENT_3D ( 'NONE', #12296, #4520, #8439 ) ;
#7574 = CARTESIAN_POINT ( 'NONE',  ( -25.39999999999999858, 0.000000000000000000, -2.286000000000000032 ) ) ;
#7575 = CARTESIAN_POINT ( 'NONE',  ( -3.654415587728437220, -44.44999999999998863, 3.049999999999999822 ) ) ;
#7576 = ORIENTED_EDGE ( 'NONE', *, *, #12709, .F. ) ;
#7577 = VECTOR ( 'NONE', #7663, 1000.000000000000114 ) ;
#7578 = ORIENTED_EDGE ( 'NONE', *, *, #4919, .T. ) ;
#7579 = DIRECTION ( 'NONE',  ( -0.7071067811865474617, -0.7071067811865474617, 0.000000000000000000 ) ) ;
#7580 = EDGE_LOOP ( 'NONE', ( #10277, #5195, #4525, #3477 ) ) ;
#7581 = CARTESIAN_POINT ( 'NONE',  ( -6.199999999999976197, -21.59558441227158099, -2.286000000000000032 ) ) ;
#7582 = ADVANCED_FACE ( 'NONE', ( #7380 ), #492, .F. ) ;
#7583 = AXIS2_PLACEMENT_3D ( 'NONE', #8718, #5959, #9682 ) ;
#7584 = LINE ( 'NONE', #881, #6428 ) ;
#7585 = CARTESIAN_POINT ( 'NONE',  ( -22.84132929647558896, -1.879848193585297311, -1.000000000000000000 ) ) ;
#7586 = VERTEX_POINT ( 'NONE', #10269 ) ;
#7587 = DIRECTION ( 'NONE',  ( 0.000000000000000000, -0.000000000000000000, -1.000000000000000000 ) ) ;
#7588 = DIRECTION ( 'NONE',  ( -0.7071067811865497932, -0.7071067811865452413, 0.000000000000000000 ) ) ;
#7589 = VERTEX_POINT ( 'NONE', #1589 ) ;
#7590 = CARTESIAN_POINT ( 'NONE',  ( -8.178822509939086771, -5.199999999999999289, 3.049999999999999822 ) ) ;
#7591 = ORIENTED_EDGE ( 'NONE', *, *, #11474, .T. ) ;
#7592 = EDGE_LOOP ( 'NONE', ( #7887, #7591, #2931, #11368, #525 ) ) ;
#7593 = VERTEX_POINT ( 'NONE', #3383 ) ;
#7594 = ORIENTED_EDGE ( 'NONE', *, *, #6127, .F. ) ;
#7595 = ORIENTED_EDGE ( 'NONE', *, *, #7634, .T. ) ;
#7596 = EDGE_CURVE ( 'NONE', #1354, #4010, #10461, .T. ) ;
#7597 = FACE_OUTER_BOUND ( 'NONE', #5451, .T. ) ;
#7598 = EDGE_CURVE ( 'NONE', #10041, #8155, #1650, .T. ) ;
#7599 = CARTESIAN_POINT ( 'NONE',  ( 0.000000000000000000, -5.199999999999999289, -1.000000000000000000 ) ) ;
#7600 = CYLINDRICAL_SURFACE ( 'NONE', #8189, 3.174999999999999822 ) ;
#7601 = LINE ( 'NONE', #3793, #1779 ) ;
#7602 = ORIENTED_EDGE ( 'NONE', *, *, #4301, .F. ) ;
#7603 = FACE_OUTER_BOUND ( 'NONE', #5159, .T. ) ;
#7604 = DIRECTION ( 'NONE',  ( -0.000000000000000000, -0.000000000000000000, 1.000000000000000000 ) ) ;
#7605 = ORIENTED_EDGE ( 'NONE', *, *, #11270, .F. ) ;
#7606 = DIRECTION ( 'NONE',  ( 0.000000000000000000, -0.000000000000000000, -1.000000000000000000 ) ) ;
#7607 = DIRECTION ( 'NONE',  ( -1.000000000000000000, 0.000000000000000000, 0.000000000000000000 ) ) ;
#7608 = LINE ( 'NONE', #2966, #7501 ) ;
#7609 = VERTEX_POINT ( 'NONE', #7575 ) ;
#7610 = DIRECTION ( 'NONE',  ( 1.000000000000000000, 0.000000000000000000, 0.000000000000000000 ) ) ;
#7611 = ADVANCED_FACE ( 'NONE', ( #4478 ), #624, .F. ) ;
#7612 = PLANE ( 'NONE',  #9367 ) ;
#7613 = LINE ( 'NONE', #606, #8377 ) ;
#7614 = CARTESIAN_POINT ( 'NONE',  ( -6.689411254969543030, -6.689411254969545695, 1.000000000000000000 ) ) ;
#7615 = CARTESIAN_POINT ( 'NONE',  ( -5.200000000000006395, -50.79999999999999716, 2.286000000000000032 ) ) ;
#7616 = CARTESIAN_POINT ( 'NONE',  ( -20.59558441227157033, 5.199999999999999289, -2.286000000000000032 ) ) ;
#7617 = CARTESIAN_POINT ( 'NONE',  ( -7.697792206135774862, -7.697792206135782855, 1.000000000000000000 ) ) ;
#7618 = LINE ( 'NONE', #11524, #5456 ) ;
#7619 = LINE ( 'NONE', #7561, #4196 ) ;
#7620 = PLANE ( 'NONE',  #12005 ) ;
#7621 = EDGE_CURVE ( 'NONE', #4472, #10420, #2616, .T. ) ;
#7622 = ORIENTED_EDGE ( 'NONE', *, *, #4534, .F. ) ;
#7623 = EDGE_CURVE ( 'NONE', #2681, #592, #7435, .T. ) ;
#7624 = ADVANCED_FACE ( 'NONE', ( #2546 ), #9234, .T. ) ;
#7625 = CARTESIAN_POINT ( 'NONE',  ( -5.199999999999993960, 1.329561303583129310E-15, 1.000000000000000000 ) ) ;
#7626 = DIRECTION ( 'NONE',  ( 0.7071067811865471286, -0.7071067811865479058, 0.000000000000000000 ) ) ;
#7627 = VERTEX_POINT ( 'NONE', #4411 ) ;
#7628 = LINE ( 'NONE', #8454, #6952 ) ;
#7629 = ORIENTED_EDGE ( 'NONE', *, *, #1582, .F. ) ;
#7630 = DIRECTION ( 'NONE',  ( 1.000000000000000000, -2.556848660736790434E-16, 0.000000000000000000 ) ) ;
#7631 = CYLINDRICAL_SURFACE ( 'NONE', #8946, 3.174999999999999822 ) ;
#7632 = EDGE_LOOP ( 'NONE', ( #4968, #2547, #8599, #251 ) ) ;
#7633 = VERTEX_POINT ( 'NONE', #11229 ) ;
#7634 = EDGE_CURVE ( 'NONE', #5335, #10283, #11813, .T. ) ;
#7635 = ADVANCED_FACE ( 'NONE', ( #9484 ), #685, .T. ) ;
#7636 = CARTESIAN_POINT ( 'NONE',  ( 6.200000000000003730, -45.58137084989848375, -3.049999999999999822 ) ) ;
#7637 = EDGE_LOOP ( 'NONE', ( #10744, #5365, #501, #10325 ) ) ;
#7638 = DIRECTION ( 'NONE',  ( 0.7071067811865493491, -0.7071067811865455743, 0.000000000000000000 ) ) ;
#7639 = LINE ( 'NONE', #10524, #8275 ) ;
#7640 = CARTESIAN_POINT ( 'NONE',  ( 5.068629150101547687, -19.04999999999999005, -3.049999999999999822 ) ) ;
#7641 = ORIENTED_EDGE ( 'NONE', *, *, #2088, .F. ) ;
#7642 = FACE_OUTER_BOUND ( 'NONE', #4367, .T. ) ;
#7643 = CARTESIAN_POINT ( 'NONE',  ( -5.200000000000001954, -33.57882250993909423, 1.000000000000000444 ) ) ;
#7644 = ORIENTED_EDGE ( 'NONE', *, *, #2250, .T. ) ;
#7645 = CARTESIAN_POINT ( 'NONE',  ( 0.000000000000000000, 0.000000000000000000, 1.000000000000000000 ) ) ;
#7646 = VERTEX_POINT ( 'NONE', #12251 ) ;
#7647 = EDGE_LOOP ( 'NONE', ( #5338, #2921, #2247, #1608 ) ) ;
#7648 = ADVANCED_FACE ( 'NONE', ( #3646 ), #12314, .T. ) ;
#7649 = ORIENTED_EDGE ( 'NONE', *, *, #1655, .T. ) ;
#7650 = VERTEX_POINT ( 'NONE', #4539 ) ;
#7651 = CARTESIAN_POINT ( 'NONE',  ( 18.71058874503045999, -18.71058874503055947, -1.000000000000000000 ) ) ;
#7652 = FACE_OUTER_BOUND ( 'NONE', #1571, .T. ) ;
#7653 = CARTESIAN_POINT ( 'NONE',  ( -15.25867070352440003, 1.879848193585309302, -1.000000000000000000 ) ) ;
#7654 = EDGE_LOOP ( 'NONE', ( #3447, #3522, #9037, #12393 ) ) ;
#7655 = LINE ( 'NONE', #7539, #8517 ) ;
#7656 = DIRECTION ( 'NONE',  ( -1.000000000000000000, -0.000000000000000000, -0.000000000000000000 ) ) ;
#7657 = ORIENTED_EDGE ( 'NONE', *, *, #11446, .F. ) ;
#7658 = CARTESIAN_POINT ( 'NONE',  ( -25.39999999999999858, 5.199999999999999289, 3.049999999999999822 ) ) ;
#7659 = CARTESIAN_POINT ( 'NONE',  ( 0.000000000000000000, 0.4799999999999999822, 1.000000000000000000 ) ) ;
#7660 = CARTESIAN_POINT ( 'NONE',  ( 0.000000000000000000, -25.39999999999999858, -2.286000000000000032 ) ) ;
#7661 = ORIENTED_EDGE ( 'NONE', *, *, #3930, .F. ) ;
#7662 = EDGE_CURVE ( 'NONE', #1013, #8271, #8524, .T. ) ;
#7663 = DIRECTION ( 'NONE',  ( -0.7071067811865500152, -0.7071067811865451302, 0.000000000000000000 ) ) ;
#7664 = AXIS2_PLACEMENT_3D ( 'NONE', #6499, #12337, #5659 ) ;
#7665 = AXIS2_PLACEMENT_3D ( 'NONE', #3497, #10373, #6524 ) ;
#7666 = CARTESIAN_POINT ( 'NONE',  ( -15.83850681057091059, 0.4799999999999999822, -2.286000000000000032 ) ) ;
#7667 = LINE ( 'NONE', #2973, #6126 ) ;
#7668 = DIRECTION ( 'NONE',  ( 0.7071067811865476838, -0.7071067811865474617, 0.000000000000000000 ) ) ;
#7669 = LINE ( 'NONE', #8442, #978 ) ;
#7670 = LINE ( 'NONE', #1567, #4989 ) ;
#7671 = CARTESIAN_POINT ( 'NONE',  ( 0.000000000000000000, -38.09999999999999432, 2.286000000000000032 ) ) ;
#7672 = CARTESIAN_POINT ( 'NONE',  ( 3.654415587728436332, -6.349999999999996092, -1.000000000000000000 ) ) ;
#7673 = VECTOR ( 'NONE', #7024, 1000.000000000000000 ) ;
#7674 = DIRECTION ( 'NONE',  ( 0.7071067811865451302, -0.7071067811865500152, 0.000000000000000000 ) ) ;
#7675 = AXIS2_PLACEMENT_3D ( 'NONE', #214, #10102, #4125 ) ;
#7676 = EDGE_CURVE ( 'NONE', #3786, #8849, #6476, .T. ) ;
#7677 = DIRECTION ( 'NONE',  ( 0.7071067811865479058, -0.7071067811865471286, 0.000000000000000000 ) ) ;
#7678 = EDGE_LOOP ( 'NONE', ( #6638, #4163, #12004, #9088 ) ) ;
#7679 = APPROVAL_PERSON_ORGANIZATION ( #1735, #2904, #10730 ) ;
#7680 = VECTOR ( 'NONE', #5117, 1000.000000000000000 ) ;
#7681 = CARTESIAN_POINT ( 'NONE',  ( -4.662796538894676601, -43.44161904883374348, -2.286000000000000032 ) ) ;
#7682 = AXIS2_PLACEMENT_3D ( 'NONE', #6302, #4054, #9963 ) ;
#7683 = CARTESIAN_POINT ( 'NONE',  ( 0.4799999999999990941, -3.138506810570912187, -2.286000000000000032 ) ) ;
#7684 = VERTEX_POINT ( 'NONE', #434 ) ;
#7685 = LINE ( 'NONE', #9676, #4288 ) ;
#7686 = VERTEX_POINT ( 'NONE', #10324 ) ;
#7687 = ADVANCED_FACE ( 'NONE', ( #4351 ), #12186, .T. ) ;
#7688 = FACE_OUTER_BOUND ( 'NONE', #3308, .T. ) ;
#7689 = DIRECTION ( 'NONE',  ( 0.7071067811865449082, -0.7071067811865501263, 0.000000000000000000 ) ) ;
#7690 = VERTEX_POINT ( 'NONE', #1842 ) ;
#7691 = AXIS2_PLACEMENT_3D ( 'NONE', #4970, #7930, #8835 ) ;
#7692 = ORIENTED_EDGE ( 'NONE', *, *, #1694, .F. ) ;
#7693 = FACE_OUTER_BOUND ( 'NONE', #10148, .T. ) ;
#7694 = ORIENTED_EDGE ( 'NONE', *, *, #11048, .T. ) ;
#7695 = LINE ( 'NONE', #6556, #1801 ) ;
#7696 = AXIS2_PLACEMENT_3D ( 'NONE', #5544, #9523, #6321 ) ;
#7697 = ORIENTED_EDGE ( 'NONE', *, *, #3862, .F. ) ;
#7698 = CARTESIAN_POINT ( 'NONE',  ( 2.558670703524387857, -27.27984819358532320, 1.000000000000000000 ) ) ;
#7699 = CARTESIAN_POINT ( 'NONE',  ( -3.138506810570912187, 0.4799999999999999822, 1.000000000000000000 ) ) ;
#7700 = VERTEX_POINT ( 'NONE', #9679 ) ;
#7701 = ADVANCED_FACE ( 'NONE', ( #4734 ), #7631, .T. ) ;
#7702 = VECTOR ( 'NONE', #4260, 1000.000000000000000 ) ;
#7703 = EDGE_CURVE ( 'NONE', #6477, #4990, #2870, .T. ) ;
#7704 = FACE_OUTER_BOUND ( 'NONE', #611, .T. ) ;
#7705 = DIRECTION ( 'NONE',  ( 0.000000000000000000, -1.000000000000000000, 0.000000000000000000 ) ) ;
#7706 = ADVANCED_FACE ( 'NONE', ( #11600 ), #6852, .T. ) ;
#7707 = EDGE_LOOP ( 'NONE', ( #8318, #2818, #1987, #4804 ) ) ;
#7708 = ADVANCED_FACE ( 'NONE', ( #2737 ), #10582, .T. ) ;
#7709 = DIRECTION ( 'NONE',  ( -5.463695987328531367E-16, -1.000000000000000000, 0.000000000000000000 ) ) ;
#7710 = EDGE_LOOP ( 'NONE', ( #2824, #9875, #933, #12268 ) ) ;
#7711 = AXIS2_PLACEMENT_3D ( 'NONE', #6393, #11147, #2473 ) ;
#7712 = VERTEX_POINT ( 'NONE', #5699 ) ;
#7713 = EDGE_LOOP ( 'NONE', ( #5780, #5860, #5200, #12094, #1670, #10583 ) ) ;
#7714 = VECTOR ( 'NONE', #7893, 1000.000000000000114 ) ;
#7715 = VERTEX_POINT ( 'NONE', #12515 ) ;
#7716 = DATE_AND_TIME ( #5725, #3595 ) ;
#7717 = CARTESIAN_POINT ( 'NONE',  ( -0.4800000000000010925, -34.96149318942908479, -2.286000000000000032 ) ) ;
#7718 = VECTOR ( 'NONE', #4907, 1000.000000000000000 ) ;
#7719 = CYLINDRICAL_SURFACE ( 'NONE', #10246, 3.174999999999999822 ) ;
#7720 = CARTESIAN_POINT ( 'NONE',  ( -20.87882250993907363, -5.199999999999999289, 1.000000000000000444 ) ) ;
#7721 = ORIENTED_EDGE ( 'NONE', *, *, #8850, .T. ) ;
#7722 = EDGE_CURVE ( 'NONE', #6332, #10459, #8654, .T. ) ;
#7723 = FACE_OUTER_BOUND ( 'NONE', #926, .T. ) ;
#7724 = CARTESIAN_POINT ( 'NONE',  ( -1.879848193585292204, -48.24132929647558399, -1.000000000000000000 ) ) ;
#7725 = ORIENTED_EDGE ( 'NONE', *, *, #9528, .F. ) ;
#7726 = DIRECTION ( 'NONE',  ( 1.000000000000000000, 0.000000000000000000, 0.000000000000000000 ) ) ;
#7727 = VECTOR ( 'NONE', #12099, 1000.000000000000114 ) ;
#7728 = CARTESIAN_POINT ( 'NONE',  ( 5.200000000000000178, -4.521177490060923176, 1.000000000000000000 ) ) ;
#7729 = CARTESIAN_POINT ( 'NONE',  ( -0.4800000000000010925, -34.92499999999999716, -2.286000000000000032 ) ) ;
#7730 = ORIENTED_EDGE ( 'NONE', *, *, #7523, .F. ) ;
#7731 = CIRCLE ( 'NONE', #10599, 5.200000000000002842 ) ;
#7732 = CIRCLE ( 'NONE', #8960, 5.200000000000000178 ) ;
#7733 = PLANE ( 'NONE',  #6340 ) ;
#7734 = VECTOR ( 'NONE', #7171, 1000.000000000000000 ) ;
#7735 = CARTESIAN_POINT ( 'NONE',  ( 0.000000000000000000, -12.69999999999999929, -1.000000000000000000 ) ) ;
#7736 = CARTESIAN_POINT ( 'NONE',  ( 5.200000000000000178, -30.20441558772845525, 3.049999999999999822 ) ) ;
#7737 = DIRECTION ( 'NONE',  ( -1.000000000000000000, 0.000000000000000000, 0.000000000000000000 ) ) ;
#7738 = DIRECTION ( 'NONE',  ( -0.7071067811865459074, 0.7071067811865491270, 0.000000000000000000 ) ) ;
#7739 = CARTESIAN_POINT ( 'NONE',  ( -6.199999999999976197, -21.59558441227158099, -3.049999999999999822 ) ) ;
#7740 = VECTOR ( 'NONE', #9883, 1000.000000000000000 ) ;
#7741 = CARTESIAN_POINT ( 'NONE',  ( 5.200000000000000178, -20.87882250993907363, -1.000000000000000000 ) ) ;
#7742 = AXIS2_PLACEMENT_3D ( 'NONE', #4999, #5909, #11689 ) ;
#7743 = DIRECTION ( 'NONE',  ( 0.7071067811865497932, -0.7071067811865452413, 0.000000000000000000 ) ) ;
#7744 = CARTESIAN_POINT ( 'NONE',  ( 0.3394112549695428860, -0.3394112549695428860, 1.000000000000000000 ) ) ;
#7745 = VECTOR ( 'NONE', #10128, 1000.000000000000114 ) ;
#7746 = DIRECTION ( 'NONE',  ( -2.556848660736790434E-16, -1.000000000000000000, 0.000000000000000000 ) ) ;
#7747 = ORIENTED_EDGE ( 'NONE', *, *, #1532, .T. ) ;
#7748 = DIRECTION ( 'NONE',  ( 0.000000000000000000, 0.000000000000000000, 1.000000000000000000 ) ) ;
#7749 = CARTESIAN_POINT ( 'NONE',  ( -12.69999999999999929, 0.000000000000000000, 2.286000000000000032 ) ) ;
#7750 = ADVANCED_FACE ( 'NONE', ( #11672 ), #10650, .F. ) ;
#7751 = EDGE_CURVE ( 'NONE', #6531, #8095, #6793, .T. ) ;
#7752 = ORIENTED_EDGE ( 'NONE', *, *, #5785, .F. ) ;
#7753 = DIRECTION ( 'NONE',  ( -0.000000000000000000, -0.000000000000000000, -1.000000000000000000 ) ) ;
#7754 = ORIENTED_EDGE ( 'NONE', *, *, #4005, .T. ) ;
#7755 = FACE_OUTER_BOUND ( 'NONE', #9964, .T. ) ;
#7756 = PLANE ( 'NONE',  #932 ) ;
#7757 = VERTEX_POINT ( 'NONE', #5822 ) ;
#7758 = AXIS2_PLACEMENT_3D ( 'NONE', #5745, #7485, #8507 ) ;
#7759 = CIRCLE ( 'NONE', #8371, 2.100000000000000089 ) ;
#7760 = ORIENTED_EDGE ( 'NONE', *, *, #425, .F. ) ;
#7761 = LINE ( 'NONE', #822, #6969 ) ;
#7762 = ORIENTED_EDGE ( 'NONE', *, *, #2522, .T. ) ;
#7763 = ADVANCED_FACE ( 'NONE', ( #12568 ), #3764, .F. ) ;
#7764 = DIRECTION ( 'NONE',  ( -0.7071067811865484609, 0.7071067811865466846, 0.000000000000000000 ) ) ;
#7765 = AXIS2_PLACEMENT_3D ( 'NONE', #12280, #716, #1676 ) ;
#7766 = VECTOR ( 'NONE', #9530, 1000.000000000000000 ) ;
#7767 = EDGE_LOOP ( 'NONE', ( #1787, #4304, #8856, #4885, #10259, #196, #11637 ) ) ;
#7768 = DIRECTION ( 'NONE',  ( -0.000000000000000000, -0.000000000000000000, -1.000000000000000000 ) ) ;
#7769 = DIRECTION ( 'NONE',  ( -0.7071067811865449082, -0.7071067811865502373, 0.000000000000000000 ) ) ;
#7770 = ORIENTED_EDGE ( 'NONE', *, *, #12417, .F. ) ;
#7771 = PLANE ( 'NONE',  #6070 ) ;
#7772 = CARTESIAN_POINT ( 'NONE',  ( 0.000000000000000000, -0.4799999999999999822, 1.000000000000000000 ) ) ;
#7773 = DIRECTION ( 'NONE',  ( -0.000000000000000000, -0.000000000000000000, 1.000000000000000000 ) ) ;
#7774 = ORIENTED_EDGE ( 'NONE', *, *, #11307, .F. ) ;
#7775 = CARTESIAN_POINT ( 'NONE',  ( -25.73941125496951443, -25.73941125496968141, -1.000000000000000000 ) ) ;
#7776 = VECTOR ( 'NONE', #10012, 1000.000000000000000 ) ;
#7777 = ORIENTED_EDGE ( 'NONE', *, *, #10899, .T. ) ;
#7778 = VERTEX_POINT ( 'NONE', #1710 ) ;
#7779 = EDGE_CURVE ( 'NONE', #8469, #5841, #6731, .T. ) ;
#7780 = EDGE_LOOP ( 'NONE', ( #3670, #585, #7563, #8475 ) ) ;
#7781 = ADVANCED_FACE ( 'NONE', ( #872 ), #12703, .T. ) ;
#7782 = VECTOR ( 'NONE', #1714, 1000.000000000000000 ) ;
#7783 = EDGE_CURVE ( 'NONE', #1679, #7715, #4671, .T. ) ;
#7784 = PLANE ( 'NONE',  #12243 ) ;
#7785 = DIRECTION ( 'NONE',  ( -0.000000000000000000, -0.000000000000000000, 1.000000000000000000 ) ) ;
#7786 = CARTESIAN_POINT ( 'NONE',  ( 0.000000000000000000, -25.39999999999999858, 2.286000000000000032 ) ) ;
#7787 = ORIENTED_EDGE ( 'NONE', *, *, #5555, .F. ) ;
#7788 = CARTESIAN_POINT ( 'NONE',  ( 0.000000000000000000, -25.39999999999999858, 2.286000000000000032 ) ) ;
#7789 = AXIS2_PLACEMENT_3D ( 'NONE', #12595, #5661, #9583 ) ;
#7790 = CARTESIAN_POINT ( 'NONE',  ( -1.879848193585311078, -35.54132929647559536, 2.286000000000000032 ) ) ;
#7791 = VERTEX_POINT ( 'NONE', #935 ) ;
#7792 = DIRECTION ( 'NONE',  ( -0.7071067811865497932, -0.7071067811865453523, 0.000000000000000000 ) ) ;
#7793 = CARTESIAN_POINT ( 'NONE',  ( -17.91862915010151980, -6.200000000000000178, -3.049999999999999822 ) ) ;
#7794 = DIRECTION ( 'NONE',  ( 0.7071067811865472397, 0.7071067811865479058, -0.000000000000000000 ) ) ;
#7795 = ORIENTED_EDGE ( 'NONE', *, *, #3495, .T. ) ;
#7796 = EDGE_LOOP ( 'NONE', ( #12271, #2810, #8552, #7196, #9427, #4434, #2127 ) ) ;
#7797 = DIRECTION ( 'NONE',  ( 0.000000000000000000, -0.000000000000000000, -1.000000000000000000 ) ) ;
#7798 = ADVANCED_FACE ( 'NONE', ( #3832 ), #7756, .F. ) ;
#7799 = CARTESIAN_POINT ( 'NONE',  ( -8.178822509939086771, -5.199999999999999289, -2.286000000000000032 ) ) ;
#7800 = CARTESIAN_POINT ( 'NONE',  ( 0.000000000000000000, -38.09999999999999432, 2.286000000000000032 ) ) ;
#7801 = CARTESIAN_POINT ( 'NONE',  ( -6.699999999999990408, -6.699999999999999289, -3.049999999999999822 ) ) ;
#7802 = LINE ( 'NONE', #8831, #571 ) ;
#7803 = CARTESIAN_POINT ( 'NONE',  ( -10.14132929647559678, 1.879848193585310190, 1.000000000000000000 ) ) ;
#7804 = DIRECTION ( 'NONE',  ( 0.000000000000000000, 0.000000000000000000, -1.000000000000000000 ) ) ;
#7805 = LINE ( 'NONE', #526, #12434 ) ;
#7806 = DIRECTION ( 'NONE',  ( 0.7071067811865497932, -0.7071067811865452413, 0.000000000000000000 ) ) ;
#7807 = DIRECTION ( 'NONE',  ( -0.7071067811865465735, 0.7071067811865483499, 0.000000000000000000 ) ) ;
#7808 = ADVANCED_FACE ( 'NONE', ( #7816 ), #37, .F. ) ;
#7809 = EDGE_LOOP ( 'NONE', ( #7219, #8736, #7657, #3483 ) ) ;
#7810 = CARTESIAN_POINT ( 'NONE',  ( 19.38941125496953788, -19.38941125496961604, -1.000000000000000000 ) ) ;
#7811 = LINE ( 'NONE', #4666, #8152 ) ;
#7812 = VERTEX_POINT ( 'NONE', #9550 ) ;
#7813 = CARTESIAN_POINT ( 'NONE',  ( -4.804415587728430026, 5.200000000000000178, 3.049999999999999822 ) ) ;
#7814 = VERTEX_POINT ( 'NONE', #8596 ) ;
#7815 = CARTESIAN_POINT ( 'NONE',  ( -17.36279653889466346, 5.341619048833760708, 2.286000000000000032 ) ) ;
#7816 = FACE_OUTER_BOUND ( 'NONE', #2840, .T. ) ;
#7817 = ORIENTED_EDGE ( 'NONE', *, *, #10655, .T. ) ;
#7818 = ADVANCED_FACE ( 'NONE', ( #1256 ), #3245, .F. ) ;
#7819 = ORIENTED_EDGE ( 'NONE', *, *, #12645, .F. ) ;
#7820 = ADVANCED_FACE ( 'NONE', ( #7108 ), #8006, .F. ) ;
#7821 = DIRECTION ( 'NONE',  ( -1.000000000000000000, 0.000000000000000000, -0.000000000000000000 ) ) ;
#7822 = ORIENTED_EDGE ( 'NONE', *, *, #8813, .F. ) ;
#7823 = DIRECTION ( 'NONE',  ( 0.7071067811865456854, -0.7071067811865493491, 0.000000000000000000 ) ) ;
#7824 = ORIENTED_EDGE ( 'NONE', *, *, #7313, .T. ) ;
#7825 = DIRECTION ( 'NONE',  ( -0.7071067811865479058, 0.7071067811865471286, 0.000000000000000000 ) ) ;
#7826 = CARTESIAN_POINT ( 'NONE',  ( -0.4800000000000061440, -28.53850681057091165, -2.286000000000000032 ) ) ;
#7827 = ORIENTED_EDGE ( 'NONE', *, *, #6144, .F. ) ;
#7828 = DIRECTION ( 'NONE',  ( 7.912989585623242219E-16, -1.000000000000000000, -0.000000000000000000 ) ) ;
#7829 = DIRECTION ( 'NONE',  ( 1.000000000000000000, 0.000000000000000000, 0.000000000000000000 ) ) ;
#7830 = CARTESIAN_POINT ( 'NONE',  ( -20.59558441227157033, 5.199999999999999289, 3.049999999999999822 ) ) ;
#7831 = ORIENTED_EDGE ( 'NONE', *, *, #12571, .F. ) ;
#7832 = CARTESIAN_POINT ( 'NONE',  ( -1.793702120375342574E-14, -50.79999999999999716, -3.049999999999999822 ) ) ;
#7833 = EDGE_CURVE ( 'NONE', #5252, #4165, #2225, .T. ) ;
#7834 = EDGE_CURVE ( 'NONE', #11471, #6229, #102, .T. ) ;
#7835 = ORIENTED_EDGE ( 'NONE', *, *, #6770, .F. ) ;
#7836 = ORIENTED_EDGE ( 'NONE', *, *, #12572, .F. ) ;
#7837 = EDGE_LOOP ( 'NONE', ( #10863, #8068, #3765, #9548 ) ) ;
#7838 = APPROVAL_DATE_TIME ( #59, #398 ) ;
#7839 = CARTESIAN_POINT ( 'NONE',  ( -0.4800000000000061995, -28.53850681057091165, 2.286000000000000032 ) ) ;
#7840 = LINE ( 'NONE', #839, #5934 ) ;
#7841 = LINE ( 'NONE', #4950, #4238 ) ;
#7842 = VERTEX_POINT ( 'NONE', #6153 ) ;
#7843 = DIRECTION ( 'NONE',  ( 0.000000000000000000, 0.000000000000000000, -1.000000000000000000 ) ) ;
#7844 = DIRECTION ( 'NONE',  ( 1.000000000000000000, 3.414809992080329023E-17, 0.000000000000000000 ) ) ;
#7845 = EDGE_LOOP ( 'NONE', ( #461, #4185, #9482, #4788, #4893, #7347 ) ) ;
#7846 = CARTESIAN_POINT ( 'NONE',  ( 6.200000000000025047, -29.20441558772843038, 3.049999999999999822 ) ) ;
#7847 = FACE_OUTER_BOUND ( 'NONE', #8109, .T. ) ;
#7848 = EDGE_CURVE ( 'NONE', #4479, #9749, #293, .T. ) ;
#7849 = DIRECTION ( 'NONE',  ( 0.000000000000000000, 0.000000000000000000, 1.000000000000000000 ) ) ;
#7850 = ORIENTED_EDGE ( 'NONE', *, *, #1544, .T. ) ;
#7851 = EDGE_CURVE ( 'NONE', #9890, #2325, #2283, .T. ) ;
#7852 = VERTEX_POINT ( 'NONE', #4979 ) ;
#7853 = CARTESIAN_POINT ( 'NONE',  ( -19.04999999999999716, -3.654415587728427450, 3.049999999999999822 ) ) ;
#7854 = CARTESIAN_POINT ( 'NONE',  ( 5.200000000000000178, -17.22117749006090648, -1.000000000000000000 ) ) ;
#7855 = AXIS2_PLACEMENT_3D ( 'NONE', #886, #6936, #5715 ) ;
#7856 = DIRECTION ( 'NONE',  ( 0.000000000000000000, -0.000000000000000000, 1.000000000000000000 ) ) ;
#7857 = LINE ( 'NONE', #11771, #2586 ) ;
#7858 = DIRECTION ( 'NONE',  ( 1.180083997263133724E-16, 1.000000000000000000, 0.000000000000000000 ) ) ;
#7859 = LINE ( 'NONE', #7739, #2949 ) ;
#7860 = CYLINDRICAL_SURFACE ( 'NONE', #265, 3.174999999999998934 ) ;
#7861 = LINE ( 'NONE', #26, #3612 ) ;
#7862 = EDGE_CURVE ( 'NONE', #12258, #11614, #4021, .T. ) ;
#7863 = EDGE_CURVE ( 'NONE', #448, #8424, #7947, .T. ) ;
#7864 = CARTESIAN_POINT ( 'NONE',  ( -2.584475285236844222, 1.905652775297736579, -2.286000000000000032 ) ) ;
#7865 = EDGE_CURVE ( 'NONE', #8301, #7650, #11860, .T. ) ;
#7866 = EDGE_CURVE ( 'NONE', #2346, #7945, #5047, .T. ) ;
#7867 = AXIS2_PLACEMENT_3D ( 'NONE', #8618, #12534, #2407 ) ;
#7868 = CARTESIAN_POINT ( 'NONE',  ( -0.4799999999999947642, 2.622574073917666756E-16, -1.000000000000000000 ) ) ;
#7869 = ORIENTED_EDGE ( 'NONE', *, *, #3784, .T. ) ;
#7870 = CARTESIAN_POINT ( 'NONE',  ( -18.04161904883375200, 4.662796538894677489, -2.286000000000000032 ) ) ;
#7871 = CARTESIAN_POINT ( 'NONE',  ( -0.4800000000000061440, -28.53850681057091165, -1.000000000000000000 ) ) ;
#7872 = VECTOR ( 'NONE', #9021, 1000.000000000000000 ) ;
#7873 = VERTEX_POINT ( 'NONE', #10838 ) ;
#7874 = DIRECTION ( 'NONE',  ( 0.7071067811865513475, 0.7071067811865437980, -0.000000000000000000 ) ) ;
#7875 = VECTOR ( 'NONE', #987, 1000.000000000000000 ) ;
#7876 = ORIENTED_EDGE ( 'NONE', *, *, #3280, .F. ) ;
#7877 = ADVANCED_FACE ( 'NONE', ( #7039 ), #2093, .T. ) ;
#7878 = CARTESIAN_POINT ( 'NONE',  ( -20.05838095116623521, 4.662796538894668608, 2.286000000000000032 ) ) ;
#7879 = DIRECTION ( 'NONE',  ( 0.000000000000000000, -0.000000000000000000, 1.000000000000000000 ) ) ;
#7880 = ORIENTED_EDGE ( 'NONE', *, *, #5414, .F. ) ;
#7881 = ORIENTED_EDGE ( 'NONE', *, *, #3303, .T. ) ;
#7882 = AXIS2_PLACEMENT_3D ( 'NONE', #11859, #3060, #3763 ) ;
#7883 = DIRECTION ( 'NONE',  ( 0.000000000000000000, 0.000000000000000000, 1.000000000000000000 ) ) ;
#7884 = ORIENTED_EDGE ( 'NONE', *, *, #11473, .T. ) ;
#7885 = CIRCLE ( 'NONE', #12190, 3.174999999999998934 ) ;
#7886 = CARTESIAN_POINT ( 'NONE',  ( 5.200000000000000178, -4.804415587728428250, 3.049999999999999822 ) ) ;
#7887 = ORIENTED_EDGE ( 'NONE', *, *, #7313, .F. ) ;
#7888 = CARTESIAN_POINT ( 'NONE',  ( 5.200000000000000178, 6.368163355566235395E-16, 2.286000000000000032 ) ) ;
#7889 = PLANE ( 'NONE',  #12043 ) ;
#7890 = ADVANCED_FACE ( 'NONE', ( #6080 ), #10004, .F. ) ;
#7891 = ORIENTED_EDGE ( 'NONE', *, *, #2697, .T. ) ;
#7892 = AXIS2_PLACEMENT_3D ( 'NONE', #4658, #12503, #1446 ) ;
#7893 = DIRECTION ( 'NONE',  ( 0.7071067811865497932, 0.7071067811865453523, -0.000000000000000000 ) ) ;
#7894 = CARTESIAN_POINT ( 'NONE',  ( -6.689411254969570564, 6.689411254969531484, 1.000000000000000000 ) ) ;
#7895 = CARTESIAN_POINT ( 'NONE',  ( -5.200000000000021494, -50.79999999999999716, -3.049999999999999822 ) ) ;
#7896 = EDGE_LOOP ( 'NONE', ( #4504, #1851, #7697, #5970 ) ) ;
#7897 = CARTESIAN_POINT ( 'NONE',  ( -10.59999999999999787, 0.000000000000000000, 2.286000000000000032 ) ) ;
#7898 = ORIENTED_EDGE ( 'NONE', *, *, #10922, .F. ) ;
#7899 = ORIENTED_EDGE ( 'NONE', *, *, #11801, .F. ) ;
#7900 = ORIENTED_EDGE ( 'NONE', *, *, #10388, .F. ) ;
#7901 = DATE_TIME_ROLE ( 'classification_date' ) ;
#7902 = CYLINDRICAL_SURFACE ( 'NONE', #2608, 3.174999999999999822 ) ;
#7903 = VECTOR ( 'NONE', #5285, 1000.000000000000000 ) ;
#7904 = DIRECTION ( 'NONE',  ( -1.000000000000000000, 0.000000000000000000, 0.000000000000000000 ) ) ;
#7905 = DIRECTION ( 'NONE',  ( 1.000000000000000000, 0.000000000000000000, 0.000000000000000000 ) ) ;
#7906 = EDGE_CURVE ( 'NONE', #9623, #8004, #1126, .T. ) ;
#7907 = EDGE_LOOP ( 'NONE', ( #8212, #4098, #1065, #9303 ) ) ;
#7908 = EDGE_CURVE ( 'NONE', #2503, #11982, #9874, .T. ) ;
#7909 = DIRECTION ( 'NONE',  ( -1.000000000000000000, 0.000000000000000000, -0.000000000000000000 ) ) ;
#7910 = PLANE ( 'NONE',  #4596 ) ;
#7911 = ORIENTED_EDGE ( 'NONE', *, *, #9431, .T. ) ;
#7912 = DIRECTION ( 'NONE',  ( 0.000000000000000000, 1.000000000000000000, -0.000000000000000000 ) ) ;
#7913 = DIRECTION ( 'NONE',  ( 0.000000000000000000, 0.000000000000000000, 1.000000000000000000 ) ) ;
#7914 = CARTESIAN_POINT ( 'NONE',  ( 5.200000000000000178, -46.27882250993906865, -2.286000000000000920 ) ) ;
#7915 = VERTEX_POINT ( 'NONE', #1198 ) ;
#7916 = AXIS2_PLACEMENT_3D ( 'NONE', #10664, #5714, #5773 ) ;
#7917 = VERTEX_POINT ( 'NONE', #5119 ) ;
#7918 = LINE ( 'NONE', #11901, #5726 ) ;
#7919 = AXIS2_PLACEMENT_3D ( 'NONE', #2343, #2710, #5422 ) ;
#7920 = EDGE_CURVE ( 'NONE', #7198, #2475, #9035, .T. ) ;
#7921 = DIRECTION ( 'NONE',  ( 0.000000000000000000, 0.000000000000000000, 1.000000000000000000 ) ) ;
#7922 = DIRECTION ( 'NONE',  ( -1.000000000000000000, 0.000000000000000000, 0.000000000000000000 ) ) ;
#7923 = LINE ( 'NONE', #8830, #7104 ) ;
#7924 = VECTOR ( 'NONE', #1830, 1000.000000000000000 ) ;
#7925 = DIRECTION ( 'NONE',  ( 0.7071067811865446862, -0.7071067811865503483, 0.000000000000000000 ) ) ;
#7926 = DIRECTION ( 'NONE',  ( -0.000000000000000000, -0.000000000000000000, -1.000000000000000000 ) ) ;
#7927 = CARTESIAN_POINT ( 'NONE',  ( 3.654415587728450543, -31.75000000000000000, 3.049999999999999822 ) ) ;
#7928 = VERTEX_POINT ( 'NONE', #8063 ) ;
#7929 = CARTESIAN_POINT ( 'NONE',  ( 1.905652775297737245, -48.21552471476314849, -2.286000000000000032 ) ) ;
#7930 = DIRECTION ( 'NONE',  ( -0.000000000000000000, -0.000000000000000000, 1.000000000000000000 ) ) ;
#7931 = VECTOR ( 'NONE', #9271, 1000.000000000000000 ) ;
#7932 = AXIS2_PLACEMENT_3D ( 'NONE', #7013, #1872, #2900 ) ;
#7933 = FACE_OUTER_BOUND ( 'NONE', #6224, .T. ) ;
#7934 = ORIENTED_EDGE ( 'NONE', *, *, #9894, .T. ) ;
#7935 = ADVANCED_FACE ( 'NONE', ( #11981 ), #3176, .T. ) ;
#7936 = EDGE_CURVE ( 'NONE', #6052, #235, #9341, .T. ) ;
#7937 = AXIS2_PLACEMENT_3D ( 'NONE', #8161, #8279, #6360 ) ;
#7938 = DIRECTION ( 'NONE',  ( -0.000000000000000000, -0.000000000000000000, -1.000000000000000000 ) ) ;
#7939 = ADVANCED_FACE ( 'NONE', ( #4463 ), #5303, .T. ) ;
#7940 = AXIS2_PLACEMENT_3D ( 'NONE', #2060, #8930, #9000 ) ;
#7941 = DIRECTION ( 'NONE',  ( -2.556848660736790434E-16, -1.000000000000000000, 0.000000000000000000 ) ) ;
#7942 = EDGE_CURVE ( 'NONE', #1459, #7928, #12544, .T. ) ;
#7943 = DIRECTION ( 'NONE',  ( 0.000000000000000000, 0.000000000000000000, 1.000000000000000000 ) ) ;
#7944 = AXIS2_PLACEMENT_3D ( 'NONE', #6274, #10196, #6341 ) ;
#7945 = VERTEX_POINT ( 'NONE', #6636 ) ;
#7946 = FACE_OUTER_BOUND ( 'NONE', #940, .T. ) ;
#7947 = LINE ( 'NONE', #7180, #123 ) ;
#7948 = ORIENTED_EDGE ( 'NONE', *, *, #714, .T. ) ;
#7949 = VECTOR ( 'NONE', #10387, 1000.000000000000000 ) ;
#7950 = VERTEX_POINT ( 'NONE', #11571 ) ;
#7951 = LINE ( 'NONE', #3002, #2658 ) ;
#7952 = ORIENTED_EDGE ( 'NONE', *, *, #11636, .F. ) ;
#7953 = EDGE_CURVE ( 'NONE', #7122, #944, #2774, .T. ) ;
#7954 = CARTESIAN_POINT ( 'NONE',  ( 2.558670703524398959, -39.97984819358529762, 1.000000000000000000 ) ) ;
#7955 = VERTEX_POINT ( 'NONE', #7233 ) ;
#7956 = CARTESIAN_POINT ( 'NONE',  ( -1.793702120375342574E-14, -50.79999999999999716, 3.049999999999999822 ) ) ;
#7957 = CARTESIAN_POINT ( 'NONE',  ( 0.000000000000000000, 5.199999999999999289, 3.049999999999999822 ) ) ;
#7958 = CIRCLE ( 'NONE', #10014, 3.174999999999998934 ) ;
#7959 = ORIENTED_EDGE ( 'NONE', *, *, #4360, .T. ) ;
#7960 = FACE_OUTER_BOUND ( 'NONE', #10624, .T. ) ;
#7961 = CARTESIAN_POINT ( 'NONE',  ( -2.584475285236817577, -27.30565277529775869, 2.286000000000000032 ) ) ;
#7962 = DIRECTION ( 'NONE',  ( -0.000000000000000000, -0.000000000000000000, 1.000000000000000000 ) ) ;
#7963 = ORIENTED_EDGE ( 'NONE', *, *, #3613, .F. ) ;
#7964 = CARTESIAN_POINT ( 'NONE',  ( 2.100000000000000089, -12.69999999999999929, 2.286000000000000032 ) ) ;
#7965 = ORIENTED_EDGE ( 'NONE', *, *, #5813, .F. ) ;
#7966 = VERTEX_POINT ( 'NONE', #544 ) ;
#7967 = AXIS2_PLACEMENT_3D ( 'NONE', #4768, #4833, #2851 ) ;
#7968 = EDGE_CURVE ( 'NONE', #1846, #4106, #7297, .T. ) ;
#7969 = CIRCLE ( 'NONE', #12484, 5.200000000000000178 ) ;
#7970 = ORIENTED_EDGE ( 'NONE', *, *, #9868, .T. ) ;
#7971 = CARTESIAN_POINT ( 'NONE',  ( 5.200000000000001066, -20.59558441227154191, 2.286000000000000032 ) ) ;
#7972 = DIRECTION ( 'NONE',  ( 0.7071067811865452413, 0.7071067811865497932, 0.000000000000000000 ) ) ;
#7973 = CARTESIAN_POINT ( 'NONE',  ( -15.25867070352440003, 1.879848193585309302, -2.286000000000000032 ) ) ;
#7974 = ORIENTED_EDGE ( 'NONE', *, *, #1785, .F. ) ;
#7975 = CARTESIAN_POINT ( 'NONE',  ( 5.200000000000000178, 6.368163355566235395E-16, 2.286000000000000032 ) ) ;
#7976 = LINE ( 'NONE', #1283, #11575 ) ;
#7977 = ORIENTED_EDGE ( 'NONE', *, *, #3916, .T. ) ;
#7978 = AXIS2_PLACEMENT_3D ( 'NONE', #1545, #4508, #11504 ) ;
#7979 = VECTOR ( 'NONE', #1481, 1000.000000000000000 ) ;
#7980 = CYLINDRICAL_SURFACE ( 'NONE', #7932, 6.199999999999999289 ) ;
#7981 = ORIENTED_EDGE ( 'NONE', *, *, #6465, .F. ) ;
#7982 = AXIS2_PLACEMENT_3D ( 'NONE', #7853, #2129, #5378 ) ;
#7983 = VERTEX_POINT ( 'NONE', #11214 ) ;
#7984 = PLANE ( 'NONE',  #5520 ) ;
#7985 = ADVANCED_FACE ( 'NONE', ( #4708 ), #3684, .T. ) ;
#7986 = ADVANCED_FACE ( 'NONE', ( #1385 ), #4340, .T. ) ;
#7987 = VECTOR ( 'NONE', #7200, 1000.000000000000000 ) ;
#7988 = LINE ( 'NONE', #9974, #10840 ) ;
#7989 = DIRECTION ( 'NONE',  ( 0.7071067811865461294, 0.7071067811865490160, 0.000000000000000000 ) ) ;
#7990 = FACE_OUTER_BOUND ( 'NONE', #2771, .T. ) ;
#7991 = CARTESIAN_POINT ( 'NONE',  ( -19.04999999999999716, -5.068629150101524594, 3.049999999999999822 ) ) ;
#7992 = LINE ( 'NONE', #1883, #6849 ) ;
#7993 = LINE ( 'NONE', #11907, #7673 ) ;
#7994 = ORIENTED_EDGE ( 'NONE', *, *, #7131, .F. ) ;
#7995 = DIRECTION ( 'NONE',  ( -0.7071067811865446862, 0.7071067811865503483, 0.000000000000000000 ) ) ;
#7996 = CARTESIAN_POINT ( 'NONE',  ( 0.4799999999999988165, -34.96149318942908479, 2.286000000000000032 ) ) ;
#7997 = EDGE_CURVE ( 'NONE', #2097, #9313, #3307, .T. ) ;
#7998 = LINE ( 'NONE', #11969, #6687 ) ;
#7999 = ORIENTED_EDGE ( 'NONE', *, *, #923, .F. ) ;
#8000 = CARTESIAN_POINT ( 'NONE',  ( -5.200000000000006395, -50.79999999999999716, 3.049999999999999822 ) ) ;
#8001 = CYLINDRICAL_SURFACE ( 'NONE', #11019, 3.175000000000000711 ) ;
#8002 = DIRECTION ( 'NONE',  ( -0.7071067811865483499, 0.7071067811865466846, 0.000000000000000000 ) ) ;
#8003 = DIRECTION ( 'NONE',  ( 0.000000000000000000, 0.000000000000000000, 1.000000000000000000 ) ) ;
#8004 = VERTEX_POINT ( 'NONE', #12115 ) ;
#8005 = CARTESIAN_POINT ( 'NONE',  ( 5.200000000000000178, -50.79999999999999716, 1.000000000000000000 ) ) ;
#8006 = PLANE ( 'NONE',  #10176 ) ;
#8007 = ORIENTED_EDGE ( 'NONE', *, *, #1449, .F. ) ;
#8008 = ADVANCED_FACE ( 'NONE', ( #5670 ), #1447, .T. ) ;
#8009 = ADVANCED_FACE ( 'NONE', ( #8317 ), #9590, .F. ) ;
#8011 = ADVANCED_FACE ( 'NONE', ( #3367 ), #6334, .F. ) ;
#8010 = ORIENTED_EDGE ( 'NONE', *, *, #12709, .T. ) ;
#8012 = CARTESIAN_POINT ( 'NONE',  ( 0.000000000000000000, -25.39999999999999858, -1.000000000000000000 ) ) ;
#8013 = ORIENTED_EDGE ( 'NONE', *, *, #9434, .F. ) ;
#8014 = DIRECTION ( 'NONE',  ( -0.000000000000000000, -0.000000000000000000, 1.000000000000000000 ) ) ;
#8015 = VERTEX_POINT ( 'NONE', #5361 ) ;
#8016 = CARTESIAN_POINT ( 'NONE',  ( -15.25867070352439825, -1.879848193585314409, 1.000000000000000000 ) ) ;
#8017 = DIRECTION ( 'NONE',  ( 1.000000000000000000, 0.000000000000000000, 0.000000000000000000 ) ) ;
#8018 = ORIENTED_EDGE ( 'NONE', *, *, #4943, .F. ) ;
#8019 = LINE ( 'NONE', #11330, #117 ) ;
#8020 = LINE ( 'NONE', #11935, #10756 ) ;
#8021 = FACE_OUTER_BOUND ( 'NONE', #12144, .T. ) ;
#8022 = ORIENTED_EDGE ( 'NONE', *, *, #2959, .F. ) ;
#8023 = EDGE_CURVE ( 'NONE', #12010, #5209, #9278, .T. ) ;
#8024 = CARTESIAN_POINT ( 'NONE',  ( 6.200000000000000178, 7.592810154713587863E-16, 3.049999999999999822 ) ) ;
#8025 = EDGE_CURVE ( 'NONE', #10772, #8157, #9223, .T. ) ;
#8027 = EDGE_CURVE ( 'NONE', #12700, #772, #1506, .T. ) ;
#8026 = VERTEX_POINT ( 'NONE', #1814 ) ;
#8028 = ORIENTED_EDGE ( 'NONE', *, *, #19, .F. ) ;
#8029 = VERTEX_POINT ( 'NONE', #8199 ) ;
#8030 = DIRECTION ( 'NONE',  ( -1.000000000000000000, -0.000000000000000000, -0.000000000000000000 ) ) ;
#8031 = CARTESIAN_POINT ( 'NONE',  ( 1.905652775297734580, -22.81552471476314992, -2.286000000000000032 ) ) ;
#8032 = DIRECTION ( 'NONE',  ( 0.7071067811865479058, -0.7071067811865471286, 0.000000000000000000 ) ) ;
#8033 = VERTEX_POINT ( 'NONE', #10313 ) ;
#8034 = CARTESIAN_POINT ( 'NONE',  ( -5.200000000000001954, -33.29558441227159449, 3.049999999999999822 ) ) ;
#8035 = CARTESIAN_POINT ( 'NONE',  ( 5.200000000000000178, -20.59558441227154191, 3.049999999999999822 ) ) ;
#8036 = VERTEX_POINT ( 'NONE', #2005 ) ;
#8037 = ADVANCED_FACE ( 'NONE', ( #1041 ), #11897, .T. ) ;
#8038 = DIRECTION ( 'NONE',  ( 0.000000000000000000, 0.000000000000000000, 1.000000000000000000 ) ) ;
#8039 = ORIENTED_EDGE ( 'NONE', *, *, #9386, .T. ) ;
#8040 = ORIENTED_EDGE ( 'NONE', *, *, #3467, .T. ) ;
#8041 = DIRECTION ( 'NONE',  ( 0.000000000000000000, 0.000000000000000000, 1.000000000000000000 ) ) ;
#8042 = FACE_OUTER_BOUND ( 'NONE', #4057, .T. ) ;
#8043 = CARTESIAN_POINT ( 'NONE',  ( -2.558670703524385193, -27.27984819358532675, -2.286000000000000032 ) ) ;
#8044 = DIRECTION ( 'NONE',  ( -0.7071067811865486830, 0.7071067811865464625, 0.000000000000000000 ) ) ;
#8045 = DIRECTION ( 'NONE',  ( -1.000000000000000000, -3.414809992080329023E-17, -0.000000000000000000 ) ) ;
#8046 = CARTESIAN_POINT ( 'NONE',  ( -2.100000000000000089, -12.69999999999999929, -2.286000000000000032 ) ) ;
#8047 = CARTESIAN_POINT ( 'NONE',  ( -0.4800000000000069211, -22.26149318942908550, -2.286000000000000032 ) ) ;
#8048 = ORIENTED_EDGE ( 'NONE', *, *, #10002, .F. ) ;
#8049 = ADVANCED_FACE ( 'NONE', ( #10742 ), #7980, .T. ) ;
#8050 = CARTESIAN_POINT ( 'NONE',  ( 0.4799999999999995937, -41.27499999999999147, 2.286000000000000032 ) ) ;
#8051 = FACE_OUTER_BOUND ( 'NONE', #5786, .T. ) ;
#8052 = FACE_OUTER_BOUND ( 'NONE', #10212, .T. ) ;
#8053 = ORIENTED_EDGE ( 'NONE', *, *, #865, .F. ) ;
#8054 = CARTESIAN_POINT ( 'NONE',  ( 5.200000000000000178, -33.57882250993910134, 1.000000000000000000 ) ) ;
#8055 = DIRECTION ( 'NONE',  ( 1.000000000000000000, -2.556848660736790434E-16, 0.000000000000000000 ) ) ;
#8056 = FACE_OUTER_BOUND ( 'NONE', #9644, .T. ) ;
#8057 = CARTESIAN_POINT ( 'NONE',  ( 5.200000000000000178, 6.368163355566235395E-16, -2.286000000000000032 ) ) ;
#8058 = DIRECTION ( 'NONE',  ( -0.000000000000000000, -0.000000000000000000, 1.000000000000000000 ) ) ;
#8059 = VERTEX_POINT ( 'NONE', #9711 ) ;
#8060 = EDGE_CURVE ( 'NONE', #3104, #3441, #12671, .T. ) ;
#8061 = AXIS2_PLACEMENT_3D ( 'NONE', #7121, #1268, #5182 ) ;
#8062 = CYLINDRICAL_SURFACE ( 'NONE', #8506, 3.174999999999999822 ) ;
#8063 = CARTESIAN_POINT ( 'NONE',  ( -22.26149318942908550, 0.4799999999999999822, 1.000000000000000000 ) ) ;
#8064 = AXIS2_PLACEMENT_3D ( 'NONE', #11286, #11413, #3510 ) ;
#8065 = ORIENTED_EDGE ( 'NONE', *, *, #5060, .F. ) ;
#8066 = ORIENTED_EDGE ( 'NONE', *, *, #4186, .F. ) ;
#8067 = LINE ( 'NONE', #8979, #7172 ) ;
#8068 = ORIENTED_EDGE ( 'NONE', *, *, #3435, .T. ) ;
#8069 = CIRCLE ( 'NONE', #10543, 2.100000000000000089 ) ;
#8070 = DIRECTION ( 'NONE',  ( 3.756290991288361679E-16, 1.000000000000000000, -0.000000000000000000 ) ) ;
#8071 = AXIS2_PLACEMENT_3D ( 'NONE', #6147, #7293, #10309 ) ;
#8072 = EDGE_CURVE ( 'NONE', #3091, #9314, #8750, .T. ) ;
#8073 = VERTEX_POINT ( 'NONE', #5791 ) ;
#8074 = EDGE_CURVE ( 'NONE', #3019, #12713, #11762, .T. ) ;
#8075 = PLANE ( 'NONE',  #5924 ) ;
#8076 = FACE_OUTER_BOUND ( 'NONE', #6569, .T. ) ;
#8077 = VERTEX_POINT ( 'NONE', #1095 ) ;
#8078 = DIRECTION ( 'NONE',  ( 0.000000000000000000, 0.000000000000000000, 1.000000000000000000 ) ) ;
#8079 = LINE ( 'NONE', #3129, #11984 ) ;
#8080 = DIRECTION ( 'NONE',  ( 0.000000000000000000, 0.000000000000000000, 1.000000000000000000 ) ) ;
#8081 = VERTEX_POINT ( 'NONE', #5014 ) ;
#8083 = CARTESIAN_POINT ( 'NONE',  ( 0.4799999999999988165, -34.92499999999999716, 2.286000000000000032 ) ) ;
#8082 = CIRCLE ( 'NONE', #8899, 3.174999999999998934 ) ;
#8084 = VECTOR ( 'NONE', #7604, 1000.000000000000000 ) ;
#8085 = VERTEX_POINT ( 'NONE', #70 ) ;
#8086 = ORIENTED_EDGE ( 'NONE', *, *, #9197, .F. ) ;
#8087 = VERTEX_POINT ( 'NONE', #905 ) ;
#8088 = EDGE_CURVE ( 'NONE', #6298, #2423, #3410, .T. ) ;
#8089 = AXIS2_PLACEMENT_3D ( 'NONE', #7574, #10516, #12371 ) ;
#8090 = EDGE_CURVE ( 'NONE', #3054, #6705, #3990, .T. ) ;
#8091 = ADVANCED_FACE ( 'NONE', ( #7847 ), #10931, .F. ) ;
#8092 = DIRECTION ( 'NONE',  ( -0.7071067811865497932, 0.7071067811865452413, 0.000000000000000000 ) ) ;
#8093 = CARTESIAN_POINT ( 'NONE',  ( 1.905652775297737245, -48.21552471476314849, -2.286000000000000032 ) ) ;
#8094 = EDGE_CURVE ( 'NONE', #3265, #10221, #6088, .T. ) ;
#8095 = VERTEX_POINT ( 'NONE', #5855 ) ;
#8096 = DIRECTION ( 'NONE',  ( 0.000000000000000000, -0.000000000000000000, -1.000000000000000000 ) ) ;
#8097 = CYLINDRICAL_SURFACE ( 'NONE', #7682, 5.200000000000000178 ) ;
#8098 = ORIENTED_EDGE ( 'NONE', *, *, #1907, .T. ) ;
#8099 = DIRECTION ( 'NONE',  ( 0.000000000000000000, 0.000000000000000000, -1.000000000000000000 ) ) ;
#8100 = ORIENTED_EDGE ( 'NONE', *, *, #8838, .F. ) ;
#8101 = VECTOR ( 'NONE', #1245, 1000.000000000000000 ) ;
#8102 = ORIENTED_EDGE ( 'NONE', *, *, #8306, .T. ) ;
#8103 = FACE_OUTER_BOUND ( 'NONE', #10462, .T. ) ;
#8104 = VECTOR ( 'NONE', #5025, 1000.000000000000000 ) ;
#8105 = ADVANCED_FACE ( 'NONE', ( #2069 ), #6955, .F. ) ;
#8106 = CARTESIAN_POINT ( 'NONE',  ( -5.068629150101502390, -19.05000000000000426, -3.049999999999999822 ) ) ;
#8107 = DIRECTION ( 'NONE',  ( -0.000000000000000000, -0.000000000000000000, 1.000000000000000000 ) ) ;
#8108 = CARTESIAN_POINT ( 'NONE',  ( -2.584475285236830899, -1.905652775297745238, -2.286000000000000032 ) ) ;
#8109 = EDGE_LOOP ( 'NONE', ( #6817, #12396, #8269, #12467 ) ) ;
#8110 = AXIS2_PLACEMENT_3D ( 'NONE', #10361, #8497, #3490 ) ;
#8111 = CARTESIAN_POINT ( 'NONE',  ( -11.35220779386420453, 11.35220779386421519, 1.000000000000000000 ) ) ;
#8112 = DIRECTION ( 'NONE',  ( 1.365923996832132102E-16, 1.000000000000000000, 0.000000000000000000 ) ) ;
#8113 = CARTESIAN_POINT ( 'NONE',  ( -14.80000000000000071, 2.571758278209440478E-16, 2.286000000000000032 ) ) ;
#8114 = ORIENTED_EDGE ( 'NONE', *, *, #10084, .F. ) ;
#8115 = LINE ( 'NONE', #3163, #2180 ) ;
#8116 = AXIS2_PLACEMENT_3D ( 'NONE', #2751, #8728, #10721 ) ;
#8117 = DIRECTION ( 'NONE',  ( 0.000000000000000000, 0.000000000000000000, 1.000000000000000000 ) ) ;
#8118 = AXIS2_PLACEMENT_3D ( 'NONE', #8131, #4207, #7879 ) ;
#8119 = FACE_OUTER_BOUND ( 'NONE', #12581, .T. ) ;
#8120 = ORIENTED_EDGE ( 'NONE', *, *, #4234, .T. ) ;
#8121 = CIRCLE ( 'NONE', #12030, 3.174999999999998934 ) ;
#8122 = DIRECTION ( 'NONE',  ( 0.7071067811865466846, -0.7071067811865483499, 0.000000000000000000 ) ) ;
#8123 = LINE ( 'NONE', #10366, #796 ) ;
#8124 = CARTESIAN_POINT ( 'NONE',  ( -25.39999999999999858, 6.199999999999999289, 3.049999999999999822 ) ) ;
#8125 = DIRECTION ( 'NONE',  ( 1.000000000000000000, 7.912989585623242219E-16, 0.000000000000000000 ) ) ;
#8126 = CARTESIAN_POINT ( 'NONE',  ( -6.200000000000006395, -50.79999999999999716, -3.049999999999999822 ) ) ;
#8127 = VECTOR ( 'NONE', #9976, 1000.000000000000000 ) ;
#8128 = VECTOR ( 'NONE', #5207, 999.9999999999998863 ) ;
#8129 = VERTEX_POINT ( 'NONE', #1935 ) ;
#8130 = LINE ( 'NONE', #2154, #2347 ) ;
#8131 = CARTESIAN_POINT ( 'NONE',  ( -3.174999999999999822, -0.4799999999999999822, -2.286000000000000032 ) ) ;
#8132 = ORIENTED_EDGE ( 'NONE', *, *, #7703, .T. ) ;
#8133 = VECTOR ( 'NONE', #8078, 1000.000000000000000 ) ;
#8134 = ORIENTED_EDGE ( 'NONE', *, *, #3139, .T. ) ;
#8135 = AXIS2_PLACEMENT_3D ( 'NONE', #2836, #8559, #9584 ) ;
#8136 = DIRECTION ( 'NONE',  ( 0.7071067811865456854, 0.7071067811865493491, 0.000000000000000000 ) ) ;
#8137 = VERTEX_POINT ( 'NONE', #3033 ) ;
#8138 = AXIS2_PLACEMENT_3D ( 'NONE', #1460, #3512, #11232 ) ;
#8139 = EDGE_CURVE ( 'NONE', #12691, #842, #5928, .T. ) ;
#8140 = EDGE_CURVE ( 'NONE', #9837, #10957, #8822, .T. ) ;
#8141 = LINE ( 'NONE', #5242, #3839 ) ;
#8142 = VECTOR ( 'NONE', #5040, 1000.000000000000114 ) ;
#8143 = ORIENTED_EDGE ( 'NONE', *, *, #4687, .F. ) ;
#8144 = DIRECTION ( 'NONE',  ( 0.7071067811865493491, -0.7071067811865455743, 0.000000000000000000 ) ) ;
#8145 = LINE ( 'NONE', #10132, #2935 ) ;
#8146 = ORIENTED_EDGE ( 'NONE', *, *, #11088, .F. ) ;
#8147 = CARTESIAN_POINT ( 'NONE',  ( -17.50441558772842399, -5.199999999999999289, -2.286000000000000032 ) ) ;
#8148 = DIRECTION ( 'NONE',  ( 0.7071067811865493491, 0.7071067811865456854, 0.000000000000000000 ) ) ;
#8149 = CARTESIAN_POINT ( 'NONE',  ( 4.662796538894675713, -7.358380951166244799, -2.286000000000000032 ) ) ;
#8150 = CIRCLE ( 'NONE', #2606, 3.174999999999999822 ) ;
#8151 = ORIENTED_EDGE ( 'NONE', *, *, #4234, .F. ) ;
#8152 = VECTOR ( 'NONE', #9805, 1000.000000000000000 ) ;
#8153 = DIRECTION ( 'NONE',  ( 0.7071067811865453523, -0.7071067811865496822, -0.000000000000000000 ) ) ;
#8154 = ORIENTED_EDGE ( 'NONE', *, *, #9494, .F. ) ;
#8155 = VERTEX_POINT ( 'NONE', #10877 ) ;
#8156 = ADVANCED_FACE ( 'NONE', ( #6887 ), #6045, .T. ) ;
#8157 = VERTEX_POINT ( 'NONE', #7728 ) ;
#8158 = ORIENTED_EDGE ( 'NONE', *, *, #3155, .T. ) ;
#8159 = AXIS2_PLACEMENT_3D ( 'NONE', #11022, #1442, #5356 ) ;
#8160 = CARTESIAN_POINT ( 'NONE',  ( 0.4799999999999990941, -3.138506810570912187, 2.286000000000000032 ) ) ;
#8161 = CARTESIAN_POINT ( 'NONE',  ( 0.000000000000000000, -38.09999999999999432, 2.286000000000000032 ) ) ;
#8162 = EDGE_LOOP ( 'NONE', ( #1908, #8285, #9968, #1404, #6472, #2924 ) ) ;
#8163 = CARTESIAN_POINT ( 'NONE',  ( -14.57984819358530970, -2.558670703524398959, 2.286000000000000032 ) ) ;
#8164 = DIRECTION ( 'NONE',  ( -0.000000000000000000, -0.000000000000000000, 1.000000000000000000 ) ) ;
#8165 = ORIENTED_EDGE ( 'NONE', *, *, #3005, .F. ) ;
#8166 = DIRECTION ( 'NONE',  ( -0.000000000000000000, -0.000000000000000000, 1.000000000000000000 ) ) ;
#8167 = ORIENTED_EDGE ( 'NONE', *, *, #6876, .T. ) ;
#8168 = AXIS2_PLACEMENT_3D ( 'NONE', #8106, #3098, #9130 ) ;
#8169 = CIRCLE ( 'NONE', #11248, 5.200000000000000178 ) ;
#8170 = EDGE_CURVE ( 'NONE', #1101, #3913, #9849, .T. ) ;
#8171 = EDGE_LOOP ( 'NONE', ( #9451, #3897, #7644, #4091, #6614, #10358, #11748 ) ) ;
#8172 = EDGE_CURVE ( 'NONE', #10603, #3925, #12142, .T. ) ;
#8173 = CARTESIAN_POINT ( 'NONE',  ( 0.000000000000000000, -25.39999999999999858, 2.286000000000000032 ) ) ;
#8174 = CARTESIAN_POINT ( 'NONE',  ( 0.000000000000000000, -50.79999999999999716, -1.000000000000000000 ) ) ;
#8175 = DIRECTION ( 'NONE',  ( -0.000000000000000000, -0.000000000000000000, 1.000000000000000000 ) ) ;
#8176 = AXIS2_PLACEMENT_3D ( 'NONE', #4599, #8651, #8707 ) ;
#8177 = ORIENTED_EDGE ( 'NONE', *, *, #12575, .T. ) ;
#8178 = VECTOR ( 'NONE', #11127, 1000.000000000000000 ) ;
#8179 = CARTESIAN_POINT ( 'NONE',  ( -0.4800000000000038125, -47.66149318942908764, 1.000000000000000000 ) ) ;
#8180 = FACE_OUTER_BOUND ( 'NONE', #10381, .T. ) ;
#8181 = CARTESIAN_POINT ( 'NONE',  ( 5.200000000000000178, -33.29558441227155896, 3.049999999999999822 ) ) ;
#8182 = ORIENTED_EDGE ( 'NONE', *, *, #2797, .F. ) ;
#8183 = DIRECTION ( 'NONE',  ( -0.000000000000000000, -0.000000000000000000, 1.000000000000000000 ) ) ;
#8184 = LINE ( 'NONE', #7221, #8303 ) ;
#8185 = VECTOR ( 'NONE', #9527, 1000.000000000000000 ) ;
#8186 = EDGE_CURVE ( 'NONE', #9314, #10399, #12024, .T. ) ;
#8187 = CIRCLE ( 'NONE', #6552, 3.175000000000000711 ) ;
#8188 = DIRECTION ( 'NONE',  ( 1.000000000000000000, 0.000000000000000000, 0.000000000000000000 ) ) ;
#8189 = AXIS2_PLACEMENT_3D ( 'NONE', #9390, #2703, #7535 ) ;
#8190 = ORIENTED_EDGE ( 'NONE', *, *, #1347, .T. ) ;
#8191 = LINE ( 'NONE', #9083, #8961 ) ;
#8192 = AXIS2_PLACEMENT_3D ( 'NONE', #7043, #10963, #10069 ) ;
#8193 = DIRECTION ( 'NONE',  ( -0.7071067811865495711, 0.7071067811865454633, 0.000000000000000000 ) ) ;
#8194 = DIRECTION ( 'NONE',  ( 1.000000000000000000, 0.000000000000000000, 0.000000000000000000 ) ) ;
#8195 = CARTESIAN_POINT ( 'NONE',  ( 5.200000000000001066, -17.50441558772843820, 3.049999999999999822 ) ) ;
#8196 = CARTESIAN_POINT ( 'NONE',  ( -1.879848193585309524, -10.14132929647560033, -2.286000000000000032 ) ) ;
#8197 = EDGE_LOOP ( 'NONE', ( #10671, #829, #1838, #5508 ) ) ;
#8198 = DIRECTION ( 'NONE',  ( -0.7071067811865459074, 0.7071067811865491270, -0.000000000000000000 ) ) ;
#8199 = CARTESIAN_POINT ( 'NONE',  ( -4.662796538894668608, -45.45838095116621957, 1.000000000000000000 ) ) ;
#8200 = ORIENTED_EDGE ( 'NONE', *, *, #4326, .T. ) ;
#8201 = EDGE_CURVE ( 'NONE', #7312, #5982, #7732, .T. ) ;
#8202 = ORIENTED_EDGE ( 'NONE', *, *, #11539, .F. ) ;
#8203 = ORIENTED_EDGE ( 'NONE', *, *, #2611, .T. ) ;
#8204 = LINE ( 'NONE', #12119, #12453 ) ;
#8205 = VERTEX_POINT ( 'NONE', #9191 ) ;
#8206 = LINE ( 'NONE', #11160, #8388 ) ;
#8207 = LINE ( 'NONE', #5246, #12366 ) ;
#8208 = ORIENTED_EDGE ( 'NONE', *, *, #11058, .F. ) ;
#8209 = DIRECTION ( 'NONE',  ( -0.000000000000000000, -0.000000000000000000, -1.000000000000000000 ) ) ;
#8210 = CARTESIAN_POINT ( 'NONE',  ( 0.4799999999999995937, -41.23850681057090384, -2.286000000000000032 ) ) ;
#8211 = CARTESIAN_POINT ( 'NONE',  ( -25.39999999999999858, 0.000000000000000000, 2.286000000000000032 ) ) ;
#8212 = ORIENTED_EDGE ( 'NONE', *, *, #2987, .T. ) ;
#8213 = EDGE_CURVE ( 'NONE', #11215, #7251, #9249, .T. ) ;
#8214 = FACE_OUTER_BOUND ( 'NONE', #7713, .T. ) ;
#8215 = ADVANCED_FACE ( 'NONE', ( #6305 ), #3334, .T. ) ;
#8216 = VERTEX_POINT ( 'NONE', #6238 ) ;
#8217 = EDGE_LOOP ( 'NONE', ( #9588, #7049, #8182, #5730 ) ) ;
#8218 = ORIENTED_EDGE ( 'NONE', *, *, #6144, .T. ) ;
#8219 = ORIENTED_EDGE ( 'NONE', *, *, #6690, .F. ) ;
#8220 = DIRECTION ( 'NONE',  ( 0.000000000000000000, 0.000000000000000000, 1.000000000000000000 ) ) ;
#8221 = DIRECTION ( 'NONE',  ( -1.365923996832132102E-16, -1.000000000000000000, 0.000000000000000000 ) ) ;
#8222 = VERTEX_POINT ( 'NONE', #9009 ) ;
#8223 = EDGE_CURVE ( 'NONE', #3678, #482, #2256, .T. ) ;
#8224 = FACE_OUTER_BOUND ( 'NONE', #4537, .T. ) ;
#8225 = FACE_OUTER_BOUND ( 'NONE', #2268, .T. ) ;
#8226 = EDGE_LOOP ( 'NONE', ( #11896, #1844, #10267, #6475, #10802, #9126, #8614, #9575, #1422, #5515, #3407, #12619, #9681, #3279, #7269, #11245, #7661, #4958, #9487, #497, #11601, #10512, #1341, #5078, #11365, #626, #10468, #2031, #12356, #5764, #1478, #9353, #11109, #4889, #7145, #4847, #9299, #1327 ) ) ;
#8227 = EDGE_CURVE ( 'NONE', #330, #99, #10801, .T. ) ;
#8228 = LINE ( 'NONE', #329, #1558 ) ;
#8229 = ORIENTED_EDGE ( 'NONE', *, *, #5580, .T. ) ;
#8230 = ORIENTED_EDGE ( 'NONE', *, *, #92, .T. ) ;
#8231 = ORIENTED_EDGE ( 'NONE', *, *, #3454, .F. ) ;
#8232 = DIRECTION ( 'NONE',  ( 0.000000000000000000, 0.000000000000000000, 1.000000000000000000 ) ) ;
#8233 = CARTESIAN_POINT ( 'NONE',  ( 0.000000000000000000, 5.199999999999999289, -3.049999999999999822 ) ) ;
#8234 = CARTESIAN_POINT ( 'NONE',  ( -1.879848193585311078, -35.54132929647559536, 2.286000000000000032 ) ) ;
#8235 = VERTEX_POINT ( 'NONE', #10990 ) ;
#8236 = EDGE_CURVE ( 'NONE', #3590, #351, #204, .T. ) ;
#8237 = CARTESIAN_POINT ( 'NONE',  ( -6.199999999999970868, -43.31862915010152904, -3.049999999999999822 ) ) ;
#8238 = LINE ( 'NONE', #342, #5407 ) ;
#8239 = DIRECTION ( 'NONE',  ( -1.000000000000000000, -3.414809992080329023E-17, 0.000000000000000000 ) ) ;
#8240 = ORIENTED_EDGE ( 'NONE', *, *, #397, .F. ) ;
#8241 = DIRECTION ( 'NONE',  ( 0.7071067811865501263, 0.7071067811865449082, 0.000000000000000000 ) ) ;
#8242 = DIRECTION ( 'NONE',  ( -0.7071067811865453523, 0.7071067811865497932, 0.000000000000000000 ) ) ;
#8243 = CARTESIAN_POINT ( 'NONE',  ( 4.662796538894686371, -43.44161904883375058, -1.000000000000000000 ) ) ;
#8244 = PLANE ( 'NONE',  #3017 ) ;
#8245 = CARTESIAN_POINT ( 'NONE',  ( 0.000000000000000000, -38.09999999999999432, 1.000000000000000000 ) ) ;
#8246 = LINE ( 'NONE', #10367, #7931 ) ;
#8247 = EDGE_CURVE ( 'NONE', #6548, #11289, #10157, .T. ) ;
#8248 = EDGE_CURVE ( 'NONE', #11908, #8424, #2191, .T. ) ;
#8249 = CARTESIAN_POINT ( 'NONE',  ( -4.662796538894679266, -18.04161904883375200, -2.286000000000000032 ) ) ;
#8250 = DIRECTION ( 'NONE',  ( 0.000000000000000000, 0.000000000000000000, 1.000000000000000000 ) ) ;
#8251 = DIRECTION ( 'NONE',  ( -0.7071067811865501263, -0.7071067811865449082, 0.000000000000000000 ) ) ;
#8252 = EDGE_CURVE ( 'NONE', #5383, #9890, #2795, .T. ) ;
#8253 = ORIENTED_EDGE ( 'NONE', *, *, #1580, .T. ) ;
#8254 = EDGE_CURVE ( 'NONE', #8029, #6120, #11246, .T. ) ;
#8255 = FACE_OUTER_BOUND ( 'NONE', #680, .T. ) ;
#8256 = CARTESIAN_POINT ( 'NONE',  ( 5.200000000000000178, 6.368163355566235395E-16, 2.286000000000000032 ) ) ;
#8257 = ORIENTED_EDGE ( 'NONE', *, *, #6328, .F. ) ;
#8258 = VERTEX_POINT ( 'NONE', #260 ) ;
#8259 = VERTEX_POINT ( 'NONE', #1417 ) ;
#8260 = DIRECTION ( 'NONE',  ( -0.000000000000000000, -0.000000000000000000, 1.000000000000000000 ) ) ;
#8261 = DIRECTION ( 'NONE',  ( 0.7071067811865495711, -0.7071067811865454633, 0.000000000000000000 ) ) ;
#8262 = EDGE_CURVE ( 'NONE', #232, #12673, #395, .T. ) ;
#8263 = ORIENTED_EDGE ( 'NONE', *, *, #3313, .F. ) ;
#8264 = CARTESIAN_POINT ( 'NONE',  ( -23.49434722470223491, -2.584475285236821129, -2.286000000000000032 ) ) ;
#8265 = VECTOR ( 'NONE', #3470, 1000.000000000000000 ) ;
#8266 = ORIENTED_EDGE ( 'NONE', *, *, #1263, .T. ) ;
#8267 = DIRECTION ( 'NONE',  ( 0.000000000000000000, 0.000000000000000000, 1.000000000000000000 ) ) ;
#8268 = DIRECTION ( 'NONE',  ( -0.000000000000000000, -0.000000000000000000, 1.000000000000000000 ) ) ;
#8269 = ORIENTED_EDGE ( 'NONE', *, *, #2812, .F. ) ;
#8270 = LINE ( 'NONE', #5571, #348 ) ;
#8271 = VERTEX_POINT ( 'NONE', #7208 ) ;
#8272 = EDGE_LOOP ( 'NONE', ( #12150, #5175, #8544, #9786 ) ) ;
#8273 = AXIS2_PLACEMENT_3D ( 'NONE', #12122, #12061, #239 ) ;
#8274 = VERTEX_POINT ( 'NONE', #12203 ) ;
#8275 = VECTOR ( 'NONE', #168, 1000.000000000000000 ) ;
#8276 = EDGE_LOOP ( 'NONE', ( #3651, #3499, #5672, #11133, #10979, #5999 ) ) ;
#8277 = EDGE_CURVE ( 'NONE', #9041, #6213, #8228, .T. ) ;
#8278 = CARTESIAN_POINT ( 'NONE',  ( -6.199999999999976197, -21.59558441227158099, 3.049999999999999822 ) ) ;
#8279 = DIRECTION ( 'NONE',  ( 0.000000000000000000, 0.000000000000000000, 1.000000000000000000 ) ) ;
#8280 = ORIENTED_EDGE ( 'NONE', *, *, #7238, .T. ) ;
#8281 = CIRCLE ( 'NONE', #278, 3.174999999999999822 ) ;
#8282 = CARTESIAN_POINT ( 'NONE',  ( -19.04999999999999716, 5.068629150101524594, 3.049999999999999822 ) ) ;
#8283 = CARTESIAN_POINT ( 'NONE',  ( 1.879848193585317073, -35.54132929647560246, -2.286000000000000032 ) ) ;
#8284 = VECTOR ( 'NONE', #459, 1000.000000000000000 ) ;
#8285 = ORIENTED_EDGE ( 'NONE', *, *, #8934, .F. ) ;
#8286 = CARTESIAN_POINT ( 'NONE',  ( -6.034523201502886458, -5.355700691563801463, 3.049999999999999822 ) ) ;
#8287 = EDGE_LOOP ( 'NONE', ( #6265, #63, #9823, #1334, #12604, #2206 ) ) ;
#8288 = ORIENTED_EDGE ( 'NONE', *, *, #6673, .F. ) ;
#8289 = ORIENTED_EDGE ( 'NONE', *, *, #2, .T. ) ;
#8290 = CIRCLE ( 'NONE', #1311, 2.100000000000000977 ) ;
#8291 = AXIS2_PLACEMENT_3D ( 'NONE', #8872, #902, #2962 ) ;
#8292 = EDGE_CURVE ( 'NONE', #9003, #3200, #5334, .T. ) ;
#8293 = EDGE_CURVE ( 'NONE', #2430, #11247, #12085, .T. ) ;
#8294 = DIRECTION ( 'NONE',  ( 0.7071067811865479058, 0.7071067811865472397, -0.000000000000000000 ) ) ;
#8295 = DIRECTION ( 'NONE',  ( 0.7071067811865495711, -0.7071067811865455743, 0.000000000000000000 ) ) ;
#8296 = DIRECTION ( 'NONE',  ( -0.7071067811865462405, 0.7071067811865489050, 0.000000000000000000 ) ) ;
#8297 = ORIENTED_EDGE ( 'NONE', *, *, #3184, .T. ) ;
#8298 = CARTESIAN_POINT ( 'NONE',  ( -5.200000000000001954, -30.20441558772839130, -3.049999999999999822 ) ) ;
#8299 = FACE_OUTER_BOUND ( 'NONE', #9753, .T. ) ;
#8300 = CYLINDRICAL_SURFACE ( 'NONE', #76, 5.200000000000000178 ) ;
#8301 = VERTEX_POINT ( 'NONE', #3281 ) ;
#8302 = CARTESIAN_POINT ( 'NONE',  ( -5.341619048833762484, -17.36279653889466346, -2.286000000000000032 ) ) ;
#8303 = VECTOR ( 'NONE', #411, 1000.000000000000000 ) ;
#8304 = DIRECTION ( 'NONE',  ( 1.000000000000000000, 0.000000000000000000, 0.000000000000000000 ) ) ;
#8305 = DIRECTION ( 'NONE',  ( 0.000000000000000000, 0.000000000000000000, -1.000000000000000000 ) ) ;
#8306 = EDGE_CURVE ( 'NONE', #7387, #52, #7335, .T. ) ;
#8307 = AXIS2_PLACEMENT_3D ( 'NONE', #7284, #2585, #1629 ) ;
#8308 = CARTESIAN_POINT ( 'NONE',  ( -20.05838095116623876, 4.662796538894668608, -1.000000000000000000 ) ) ;
#8309 = CARTESIAN_POINT ( 'NONE',  ( 1.879848193585294425, -48.24132929647558399, -2.286000000000000032 ) ) ;
#8310 = CARTESIAN_POINT ( 'NONE',  ( -2.558670703524407841, 1.879848193585299532, -2.286000000000000032 ) ) ;
#8311 = VECTOR ( 'NONE', #7738, 1000.000000000000114 ) ;
#8312 = CARTESIAN_POINT ( 'NONE',  ( 0.4799999999999964850, -15.87499999999999645, 2.286000000000000032 ) ) ;
#8313 = DIRECTION ( 'NONE',  ( -0.000000000000000000, -0.000000000000000000, -1.000000000000000000 ) ) ;
#8314 = LINE ( 'NONE', #6331, #3758 ) ;
#8315 = VERTEX_POINT ( 'NONE', #9965 ) ;
#8316 = DIRECTION ( 'NONE',  ( 0.000000000000000000, 0.000000000000000000, 1.000000000000000000 ) ) ;
#8317 = FACE_OUTER_BOUND ( 'NONE', #12511, .T. ) ;
#8318 = ORIENTED_EDGE ( 'NONE', *, *, #11821, .T. ) ;
#8319 = EDGE_CURVE ( 'NONE', #10133, #10007, #1164, .T. ) ;
#8320 = AXIS2_PLACEMENT_3D ( 'NONE', #10032, #3089, #5080 ) ;
#8321 = EDGE_CURVE ( 'NONE', #9449, #426, #9379, .T. ) ;
#8322 = ORIENTED_EDGE ( 'NONE', *, *, #3079, .T. ) ;
#8323 = ADVANCED_FACE ( 'NONE', ( #9446 ), #11301, .F. ) ;
#8324 = ADVANCED_FACE ( 'NONE', ( #6619 ), #3664, .F. ) ;
#8325 = AXIS2_PLACEMENT_3D ( 'NONE', #6644, #9721, #9467 ) ;
#8326 = DIRECTION ( 'NONE',  ( 0.000000000000000000, 1.000000000000000000, -0.000000000000000000 ) ) ;
#8327 = AXIS2_PLACEMENT_3D ( 'NONE', #5956, #11793, #9933 ) ;
#8328 = CARTESIAN_POINT ( 'NONE',  ( -12.69999999999999929, 0.000000000000000000, 2.286000000000000032 ) ) ;
#8329 = VERTEX_POINT ( 'NONE', #9569 ) ;
#8330 = LINE ( 'NONE', #7307, #2024 ) ;
#8331 = ORIENTED_EDGE ( 'NONE', *, *, #11046, .T. ) ;
#8332 = AXIS2_PLACEMENT_3D ( 'NONE', #12686, #8957, #5872 ) ;
#8333 = DIRECTION ( 'NONE',  ( 0.000000000000000000, 0.000000000000000000, 1.000000000000000000 ) ) ;
#8334 = DIRECTION ( 'NONE',  ( -0.000000000000000000, -0.000000000000000000, 1.000000000000000000 ) ) ;
#8335 = ORIENTED_EDGE ( 'NONE', *, *, #7225, .T. ) ;
#8336 = CARTESIAN_POINT ( 'NONE',  ( -12.69999999999999929, 0.000000000000000000, 2.286000000000000032 ) ) ;
#8337 = VECTOR ( 'NONE', #4700, 1000.000000000000000 ) ;
#8338 = EDGE_LOOP ( 'NONE', ( #8429, #4977, #10315, #814 ) ) ;
#8339 = VECTOR ( 'NONE', #8038, 1000.000000000000000 ) ;
#8340 = EDGE_LOOP ( 'NONE', ( #5431, #2128 ) ) ;
#8341 = EDGE_CURVE ( 'NONE', #6985, #5823, #4555, .T. ) ;
#8342 = DIRECTION ( 'NONE',  ( -0.000000000000000000, 0.000000000000000000, 1.000000000000000000 ) ) ;
#8343 = ORIENTED_EDGE ( 'NONE', *, *, #4159, .F. ) ;
#8344 = VECTOR ( 'NONE', #6325, 1000.000000000000114 ) ;
#8345 = ORIENTED_EDGE ( 'NONE', *, *, #9832, .T. ) ;
#8346 = VECTOR ( 'NONE', #1345, 1000.000000000000000 ) ;
#8347 = LINE ( 'NONE', #12324, #11968 ) ;
#8348 = CARTESIAN_POINT ( 'NONE',  ( -5.199999999999995737, -6.821177490060920334, 3.049999999999999822 ) ) ;
#8349 = ORIENTED_EDGE ( 'NONE', *, *, #5462, .F. ) ;
#8350 = CARTESIAN_POINT ( 'NONE',  ( -2.584475285236844222, 1.905652775297736579, 2.286000000000000032 ) ) ;
#8351 = FACE_OUTER_BOUND ( 'NONE', #705, .T. ) ;
#8352 = VECTOR ( 'NONE', #2417, 1000.000000000000000 ) ;
#8353 = ORIENTED_EDGE ( 'NONE', *, *, #11410, .F. ) ;
#8354 = CARTESIAN_POINT ( 'NONE',  ( 5.200000000000000178, -7.895584412271559493, -2.286000000000000032 ) ) ;
#8355 = ORIENTED_EDGE ( 'NONE', *, *, #2053, .F. ) ;
#8356 = VERTEX_POINT ( 'NONE', #10344 ) ;
#8357 = EDGE_CURVE ( 'NONE', #11190, #1383, #11554, .T. ) ;
#8358 = ORIENTED_EDGE ( 'NONE', *, *, #2918, .F. ) ;
#8359 = VERTEX_POINT ( 'NONE', #8354 ) ;
#8360 = AXIS2_PLACEMENT_3D ( 'NONE', #165, #12046, #6198 ) ;
#8361 = DIRECTION ( 'NONE',  ( -1.000000000000000000, 0.000000000000000000, 0.000000000000000000 ) ) ;
#8362 = CARTESIAN_POINT ( 'NONE',  ( -2.558670703524385637, -23.52015180641467040, -1.000000000000000000 ) ) ;
#8363 = CARTESIAN_POINT ( 'NONE',  ( -1.347792206135781434, -1.347792206135782545, -1.000000000000000000 ) ) ;
#8364 = ORIENTED_EDGE ( 'NONE', *, *, #867, .F. ) ;
#8365 = LINE ( 'NONE', #2512, #9542 ) ;
#8366 = CARTESIAN_POINT ( 'NONE',  ( 5.200000000000000178, 6.368163355566235395E-16, 2.286000000000000032 ) ) ;
#8367 = CYLINDRICAL_SURFACE ( 'NONE', #9511, 3.174999999999998934 ) ;
#8368 = ORIENTED_EDGE ( 'NONE', *, *, #8982, .T. ) ;
#8369 = VECTOR ( 'NONE', #5486, 1000.000000000000000 ) ;
#8370 = DIRECTION ( 'NONE',  ( 0.7071067811865497932, 0.7071067811865452413, 0.000000000000000000 ) ) ;
#8371 = AXIS2_PLACEMENT_3D ( 'NONE', #4332, #4198, #9029 ) ;
#8372 = PLANE ( 'NONE',  #2773 ) ;
#8373 = ADVANCED_FACE ( 'NONE', ( #644 ), #11496, .T. ) ;
#8374 = EDGE_CURVE ( 'NONE', #3706, #9294, #9503, .T. ) ;
#8375 = CARTESIAN_POINT ( 'NONE',  ( -5.200000000000006395, -50.79999999999999716, 3.049999999999999822 ) ) ;
#8376 = VECTOR ( 'NONE', #10305, 1000.000000000000000 ) ;
#8377 = VECTOR ( 'NONE', #6643, 1000.000000000000000 ) ;
#8378 = DIRECTION ( 'NONE',  ( -0.7071067811865454633, 0.7071067811865495711, 0.000000000000000000 ) ) ;
#8379 = CARTESIAN_POINT ( 'NONE',  ( -12.69999999999999929, 0.000000000000000000, -2.286000000000000032 ) ) ;
#8380 = LINE ( 'NONE', #12297, #1357 ) ;
#8381 = DIRECTION ( 'NONE',  ( -1.000000000000000000, -3.414809992080329023E-17, -0.000000000000000000 ) ) ;
#8382 = LINE ( 'NONE', #6589, #4173 ) ;
#8383 = CARTESIAN_POINT ( 'NONE',  ( 0.000000000000000000, 0.000000000000000000, 1.000000000000000000 ) ) ;
#8384 = ORIENTED_EDGE ( 'NONE', *, *, #9240, .T. ) ;
#8385 = ADVANCED_FACE ( 'NONE', ( #4429 ), #8474, .T. ) ;
#8386 = CARTESIAN_POINT ( 'NONE',  ( -5.341619048833761596, 4.662796538894666831, -2.286000000000000920 ) ) ;
#8387 = DIRECTION ( 'NONE',  ( -1.000000000000000000, 0.000000000000000000, 0.000000000000000000 ) ) ;
#8388 = VECTOR ( 'NONE', #1515, 1000.000000000000000 ) ;
#8389 = ORIENTED_EDGE ( 'NONE', *, *, #9966, .T. ) ;
#8390 = ORIENTED_EDGE ( 'NONE', *, *, #3495, .F. ) ;
#8391 = VECTOR ( 'NONE', #9067, 1000.000000000000000 ) ;
#8392 = DIRECTION ( 'NONE',  ( 0.000000000000000000, 0.000000000000000000, 1.000000000000000000 ) ) ;
#8393 = CARTESIAN_POINT ( 'NONE',  ( 6.200000000000005507, -3.804415587728419812, -3.049999999999999822 ) ) ;
#8394 = VERTEX_POINT ( 'NONE', #5453 ) ;
#8395 = LINE ( 'NONE', #4668, #11668 ) ;
#8396 = AXIS2_PLACEMENT_3D ( 'NONE', #5341, #7465, #9255 ) ;
#8397 = ORIENTED_EDGE ( 'NONE', *, *, #10056, .F. ) ;
#8398 = EDGE_CURVE ( 'NONE', #11340, #4348, #2694, .T. ) ;
#8399 = CARTESIAN_POINT ( 'NONE',  ( -5.200000000000006395, -50.79999999999999716, 3.049999999999999822 ) ) ;
#8400 = CARTESIAN_POINT ( 'NONE',  ( 4.662796538894672160, -43.44161904883373637, 2.286000000000000032 ) ) ;
#8401 = EDGE_CURVE ( 'NONE', #12636, #12691, #4500, .T. ) ;
#8402 = EDGE_LOOP ( 'NONE', ( #3606, #6494, #1052, #10450 ) ) ;
#8403 = EDGE_CURVE ( 'NONE', #4752, #2633, #4688, .T. ) ;
#8404 = CARTESIAN_POINT ( 'NONE',  ( -6.034523201502886458, -5.355700691563801463, -2.286000000000000032 ) ) ;
#8405 = VERTEX_POINT ( 'NONE', #8612 ) ;
#8406 = ORIENTED_EDGE ( 'NONE', *, *, #5813, .T. ) ;
#8407 = LINE ( 'NONE', #1525, #6959 ) ;
#8408 = VERTEX_POINT ( 'NONE', #6490 ) ;
#8409 = ORIENTED_EDGE ( 'NONE', *, *, #4480, .F. ) ;
#8410 = LINE ( 'NONE', #7446, #3475 ) ;
#8411 = FACE_OUTER_BOUND ( 'NONE', #4148, .T. ) ;
#8412 = EDGE_LOOP ( 'NONE', ( #1535, #6732, #2903, #6353 ) ) ;
#8413 = EDGE_CURVE ( 'NONE', #11595, #4990, #10284, .T. ) ;
#8414 = EDGE_CURVE ( 'NONE', #7589, #12182, #10386, .T. ) ;
#8415 = DIRECTION ( 'NONE',  ( -0.7071067811865500152, -0.7071067811865451302, 0.000000000000000000 ) ) ;
#8416 = LINE ( 'NONE', #9500, #11339 ) ;
#8417 = ADVANCED_FACE ( 'NONE', ( #11362 ), #10414, .F. ) ;
#8418 = ORIENTED_EDGE ( 'NONE', *, *, #4717, .F. ) ;
#8419 = ADVANCED_FACE ( 'NONE', ( #3591 ), #7524, .F. ) ;
#8420 = CARTESIAN_POINT ( 'NONE',  ( -5.199999999999998401, -17.50441558772841688, 3.049999999999999822 ) ) ;
#8421 = ORIENTED_EDGE ( 'NONE', *, *, #5220, .F. ) ;
#8422 = ORIENTED_EDGE ( 'NONE', *, *, #8072, .F. ) ;
#8423 = ORIENTED_EDGE ( 'NONE', *, *, #11609, .T. ) ;
#8424 = VERTEX_POINT ( 'NONE', #6808 ) ;
#8425 = DIRECTION ( 'NONE',  ( -0.000000000000000000, -0.000000000000000000, 1.000000000000000000 ) ) ;
#8426 = DIRECTION ( 'NONE',  ( 1.000000000000000000, 0.000000000000000000, 0.000000000000000000 ) ) ;
#8427 = DIRECTION ( 'NONE',  ( 0.7071067811865452413, 0.7071067811865497932, 0.000000000000000000 ) ) ;
#8428 = PLANE ( 'NONE',  #9153 ) ;
#8429 = ORIENTED_EDGE ( 'NONE', *, *, #195, .F. ) ;
#8430 = EDGE_CURVE ( 'NONE', #834, #6232, #958, .T. ) ;
#8431 = CARTESIAN_POINT ( 'NONE',  ( 0.4799999999999930433, -22.26149318942908550, 2.286000000000000032 ) ) ;
#8432 = CARTESIAN_POINT ( 'NONE',  ( 0.000000000000000000, 0.000000000000000000, 1.000000000000000000 ) ) ;
#8433 = CARTESIAN_POINT ( 'NONE',  ( -1.905652775297731472, -48.21552471476314849, -2.286000000000000032 ) ) ;
#8434 = ORIENTED_EDGE ( 'NONE', *, *, #11516, .T. ) ;
#8435 = CARTESIAN_POINT ( 'NONE',  ( 0.000000000000000000, 0.000000000000000000, 1.000000000000000000 ) ) ;
#8436 = DIRECTION ( 'NONE',  ( 0.000000000000000000, 0.000000000000000000, 1.000000000000000000 ) ) ;
#8437 = LINE ( 'NONE', #12293, #11805 ) ;
#8438 = CARTESIAN_POINT ( 'NONE',  ( 5.200000000000001066, -42.90441558772843678, -3.049999999999999822 ) ) ;
#8439 = DIRECTION ( 'NONE',  ( 1.000000000000000000, 0.000000000000000000, -0.000000000000000000 ) ) ;
#8440 = FACE_OUTER_BOUND ( 'NONE', #12315, .T. ) ;
#8441 = EDGE_CURVE ( 'NONE', #2430, #106, #3785, .T. ) ;
#8442 = CARTESIAN_POINT ( 'NONE',  ( 6.200000000000025047, -21.59558441227157033, -3.049999999999999822 ) ) ;
#8443 = CARTESIAN_POINT ( 'NONE',  ( 6.200000000000025047, -20.18137084989846386, -3.049999999999999822 ) ) ;
#8444 = CARTESIAN_POINT ( 'NONE',  ( 5.200000000000000178, -30.20441558772844459, -3.049999999999999822 ) ) ;
#8445 = ORIENTED_EDGE ( 'NONE', *, *, #974, .T. ) ;
#8446 = LINE ( 'NONE', #12357, #7924 ) ;
#8447 = DIRECTION ( 'NONE',  ( -0.000000000000000000, -0.000000000000000000, 1.000000000000000000 ) ) ;
#8448 = ORIENTED_EDGE ( 'NONE', *, *, #11151, .F. ) ;
#8449 = ORIENTED_EDGE ( 'NONE', *, *, #8608, .T. ) ;
#8450 = CARTESIAN_POINT ( 'NONE',  ( -4.860588745030456792, -7.160588745030458391, -2.286000000000000032 ) ) ;
#8451 = DIRECTION ( 'NONE',  ( -1.365923996832132102E-16, -1.000000000000000000, 0.000000000000000000 ) ) ;
#8452 = EDGE_CURVE ( 'NONE', #7757, #6853, #2948, .T. ) ;
#8453 = ORIENTED_EDGE ( 'NONE', *, *, #8878, .F. ) ;
#8454 = CARTESIAN_POINT ( 'NONE',  ( 0.000000000000000000, -0.4799999999999999822, 1.000000000000000000 ) ) ;
#8455 = ORIENTED_EDGE ( 'NONE', *, *, #11231, .T. ) ;
#8456 = LINE ( 'NONE', #4601, #1723 ) ;
#8457 = DIRECTION ( 'NONE',  ( 1.000000000000000000, 0.000000000000000000, 0.000000000000000000 ) ) ;
#8458 = ORIENTED_EDGE ( 'NONE', *, *, #4534, .T. ) ;
#8459 = DIRECTION ( 'NONE',  ( 1.000000000000000000, 3.414809992080329023E-17, 0.000000000000000000 ) ) ;
#8460 = VERTEX_POINT ( 'NONE', #11812 ) ;
#8461 = LINE ( 'NONE', #3713, #12500 ) ;
#8462 = VERTEX_POINT ( 'NONE', #1857 ) ;
#8463 = EDGE_CURVE ( 'NONE', #2669, #1610, #6870, .T. ) ;
#8464 = EDGE_LOOP ( 'NONE', ( #10403, #12247, #10203, #11590 ) ) ;
#8465 = DIRECTION ( 'NONE',  ( -1.000000000000000000, 0.000000000000000000, 0.000000000000000000 ) ) ;
#8466 = AXIS2_PLACEMENT_3D ( 'NONE', #11342, #9290, #12372 ) ;
#8467 = LINE ( 'NONE', #8278, #9629 ) ;
#8468 = DIRECTION ( 'NONE',  ( -1.000000000000000000, 8.881784197001252323E-16, 0.000000000000000000 ) ) ;
#8469 = VERTEX_POINT ( 'NONE', #5777 ) ;
#8470 = PLANE ( 'NONE',  #10994 ) ;
#8471 = CARTESIAN_POINT ( 'NONE',  ( -10.79434722470225516, -2.584475285236832232, 2.286000000000000032 ) ) ;
#8472 = ORIENTED_EDGE ( 'NONE', *, *, #5034, .T. ) ;
#8474 = PLANE ( 'NONE',  #10601 ) ;
#8473 = VECTOR ( 'NONE', #715, 1000.000000000000000 ) ;
#8475 = ORIENTED_EDGE ( 'NONE', *, *, #2022, .T. ) ;
#8476 = CIRCLE ( 'NONE', #1707, 3.174999999999999822 ) ;
#8477 = VERTEX_POINT ( 'NONE', #4810 ) ;
#8478 = ORIENTED_EDGE ( 'NONE', *, *, #7034, .T. ) ;
#8479 = EDGE_LOOP ( 'NONE', ( #9203, #6620, #7132, #1430, #8390, #3369, #11497, #9775 ) ) ;
#8480 = ADVANCED_FACE ( 'NONE', ( #122 ), #4880, .F. ) ;
#8481 = EDGE_CURVE ( 'NONE', #456, #3925, #10185, .T. ) ;
#8482 = ORIENTED_EDGE ( 'NONE', *, *, #8580, .F. ) ;
#8483 = EDGE_CURVE ( 'NONE', #58, #6435, #2886, .T. ) ;
#8484 = EDGE_CURVE ( 'NONE', #9033, #3441, #11745, .T. ) ;
#8485 = VECTOR ( 'NONE', #4037, 1000.000000000000000 ) ;
#8486 = PLANE ( 'NONE',  #11755 ) ;
#8487 = CARTESIAN_POINT ( 'NONE',  ( 5.200000000000000178, -7.895584412271559493, 3.049999999999999822 ) ) ;
#8488 = VECTOR ( 'NONE', #5217, 1000.000000000000000 ) ;
#8489 = CARTESIAN_POINT ( 'NONE',  ( 0.000000000000000000, 0.000000000000000000, 2.286000000000000032 ) ) ;
#8490 = LINE ( 'NONE', #5662, #5051 ) ;
#8491 = VERTEX_POINT ( 'NONE', #7964 ) ;
#8492 = DIRECTION ( 'NONE',  ( -0.7071067811865452413, -0.7071067811865497932, 0.000000000000000000 ) ) ;
#8493 = DIRECTION ( 'NONE',  ( 1.000000000000000000, 0.000000000000000000, 0.000000000000000000 ) ) ;
#8494 = CARTESIAN_POINT ( 'NONE',  ( -5.200000000000001954, -33.29558441227159449, -2.286000000000000032 ) ) ;
#8495 = ORIENTED_EDGE ( 'NONE', *, *, #8934, .T. ) ;
#8496 = CARTESIAN_POINT ( 'NONE',  ( -5.068629150101495284, -44.44999999999999574, -3.049999999999999822 ) ) ;
#8497 = DIRECTION ( 'NONE',  ( 0.000000000000000000, 0.000000000000000000, 1.000000000000000000 ) ) ;
#8498 = ORIENTED_EDGE ( 'NONE', *, *, #10926, .T. ) ;
#8499 = VECTOR ( 'NONE', #6348, 1000.000000000000000 ) ;
#8500 = VECTOR ( 'NONE', #5583, 999.9999999999998863 ) ;
#8501 = DIRECTION ( 'NONE',  ( -0.7071067811865465735, 0.7071067811865483499, 0.000000000000000000 ) ) ;
#8502 = EDGE_CURVE ( 'NONE', #3252, #3786, #6938, .T. ) ;
#8503 = CARTESIAN_POINT ( 'NONE',  ( -17.22117749006090648, -5.199999999999999289, 3.049999999999999822 ) ) ;
#8504 = CARTESIAN_POINT ( 'NONE',  ( -3.138506810570912187, 0.4799999999999999822, 2.286000000000000032 ) ) ;
#8505 = PLANE ( 'NONE',  #4025 ) ;
#8506 = AXIS2_PLACEMENT_3D ( 'NONE', #10189, #12114, #3306 ) ;
#8507 = DIRECTION ( 'NONE',  ( -1.000000000000000000, 0.000000000000000000, -0.000000000000000000 ) ) ;
#8508 = DIRECTION ( 'NONE',  ( -0.000000000000000000, -0.000000000000000000, 1.000000000000000000 ) ) ;
#8509 = DIRECTION ( 'NONE',  ( -0.000000000000000000, -0.000000000000000000, 1.000000000000000000 ) ) ;
#8510 = DIRECTION ( 'NONE',  ( -0.000000000000000000, -0.000000000000000000, -1.000000000000000000 ) ) ;
#8511 = CARTESIAN_POINT ( 'NONE',  ( -19.38941125496954143, -19.38941125496962314, 1.000000000000000000 ) ) ;
#8512 = ORIENTED_EDGE ( 'NONE', *, *, #7440, .T. ) ;
#8513 = ADVANCED_FACE ( 'NONE', ( #8668 ), #6683, .T. ) ;
#8514 = CIRCLE ( 'NONE', #8721, 3.174999999999999822 ) ;
#8515 = ORIENTED_EDGE ( 'NONE', *, *, #2518, .F. ) ;
#8516 = AXIS2_PLACEMENT_3D ( 'NONE', #994, #4915, #1699 ) ;
#8517 = VECTOR ( 'NONE', #4512, 1000.000000000000000 ) ;
#8518 = DIRECTION ( 'NONE',  ( -0.000000000000000000, -0.000000000000000000, 1.000000000000000000 ) ) ;
#8519 = CARTESIAN_POINT ( 'NONE',  ( -6.699999999999990408, -5.199999999999999289, -1.000000000000000000 ) ) ;
#8520 = ORIENTED_EDGE ( 'NONE', *, *, #7315, .F. ) ;
#8521 = CARTESIAN_POINT ( 'NONE',  ( 6.200000000000000178, 7.592810154713588849E-16, -3.049999999999999822 ) ) ;
#8522 = ORIENTED_EDGE ( 'NONE', *, *, #1655, .F. ) ;
#8523 = CARTESIAN_POINT ( 'NONE',  ( 0.000000000000000000, -0.4799999999999999822, -1.000000000000000000 ) ) ;
#8524 = LINE ( 'NONE', #3451, #5864 ) ;
#8525 = ORIENTED_EDGE ( 'NONE', *, *, #6635, .F. ) ;
#8526 = AXIS2_PLACEMENT_3D ( 'NONE', #11851, #6137, #9143 ) ;
#8527 = DIRECTION ( 'NONE',  ( 1.000000000000000000, 0.000000000000000000, 0.000000000000000000 ) ) ;
#8528 = VECTOR ( 'NONE', #4171, 1000.000000000000000 ) ;
#8529 = ADVANCED_FACE ( 'NONE', ( #12585 ), #5971, .F. ) ;
#8530 = ORIENTED_EDGE ( 'NONE', *, *, #7374, .T. ) ;
#8531 = EDGE_CURVE ( 'NONE', #5824, #3031, #11012, .T. ) ;
#8532 = DIRECTION ( 'NONE',  ( -0.7071067811865454633, 0.7071067811865495711, 0.000000000000000000 ) ) ;
#8533 = EDGE_LOOP ( 'NONE', ( #1730, #452, #11224, #6425, #7498, #10345 ) ) ;
#8534 = AXIS2_PLACEMENT_3D ( 'NONE', #5434, #9358, #8457 ) ;
#8535 = VERTEX_POINT ( 'NONE', #10602 ) ;
#8536 = CARTESIAN_POINT ( 'NONE',  ( -5.199999999999999289, -20.87882250993907718, 3.049999999999999822 ) ) ;
#8537 = AXIS2_PLACEMENT_3D ( 'NONE', #5029, #9023, #11909 ) ;
#8538 = DIRECTION ( 'NONE',  ( -1.000000000000000000, 0.000000000000000000, -0.000000000000000000 ) ) ;
#8539 = PLANE ( 'NONE',  #4860 ) ;
#8540 = ORIENTED_EDGE ( 'NONE', *, *, #2489, .F. ) ;
#8541 = CARTESIAN_POINT ( 'NONE',  ( -6.199999999999977973, -17.91862915010153046, -3.049999999999999822 ) ) ;
#8542 = DIRECTION ( 'NONE',  ( -0.000000000000000000, -0.000000000000000000, 1.000000000000000000 ) ) ;
#8543 = VECTOR ( 'NONE', #11269, 1000.000000000000000 ) ;
#8544 = ORIENTED_EDGE ( 'NONE', *, *, #12256, .F. ) ;
#8545 = VECTOR ( 'NONE', #5839, 1000.000000000000000 ) ;
#8546 = CARTESIAN_POINT ( 'NONE',  ( -5.341619048833759820, -42.76279653889465493, 2.286000000000000032 ) ) ;
#8547 = EDGE_CURVE ( 'NONE', #1269, #969, #1795, .T. ) ;
#8548 = ORIENTED_EDGE ( 'NONE', *, *, #7064, .T. ) ;
#8549 = VERTEX_POINT ( 'NONE', #7897 ) ;
#8550 = EDGE_LOOP ( 'NONE', ( #6960, #6987, #5347, #9642, #7880, #10609 ) ) ;
#8551 = ORIENTED_EDGE ( 'NONE', *, *, #6926, .T. ) ;
#8552 = ORIENTED_EDGE ( 'NONE', *, *, #2089, .F. ) ;
#8553 = CIRCLE ( 'NONE', #12233, 3.174999999999999822 ) ;
#8554 = VECTOR ( 'NONE', #4160, 1000.000000000000000 ) ;
#8555 = CARTESIAN_POINT ( 'NONE',  ( -4.662796538894676601, -43.44161904883374348, 2.286000000000000032 ) ) ;
#8556 = DIRECTION ( 'NONE',  ( 7.912989585623242219E-16, -1.000000000000000000, 0.000000000000000000 ) ) ;
#8557 = AXIS2_PLACEMENT_3D ( 'NONE', #8704, #9804, #997 ) ;
#8558 = CARTESIAN_POINT ( 'NONE',  ( -5.068629150101498837, -31.74999999999999289, -3.049999999999999822 ) ) ;
#8559 = DIRECTION ( 'NONE',  ( -0.7071067811865484609, -0.7071067811865465735, 0.000000000000000000 ) ) ;
#8560 = ORIENTED_EDGE ( 'NONE', *, *, #1923, .T. ) ;
#8561 = CYLINDRICAL_SURFACE ( 'NONE', #12621, 2.100000000000000089 ) ;
#8562 = LINE ( 'NONE', #8366, #1927 ) ;
#8563 = ORIENTED_EDGE ( 'NONE', *, *, #8227, .T. ) ;
#8564 = FACE_OUTER_BOUND ( 'NONE', #7896, .T. ) ;
#8565 = EDGE_CURVE ( 'NONE', #9287, #5208, #889, .T. ) ;
#8566 = FACE_OUTER_BOUND ( 'NONE', #10287, .T. ) ;
#8567 = EDGE_LOOP ( 'NONE', ( #2427, #309, #7747, #2551 ) ) ;
#8568 = AXIS2_PLACEMENT_3D ( 'NONE', #5199, #444, #322 ) ;
#8569 = AXIS2_PLACEMENT_3D ( 'NONE', #7567, #11477, #11724 ) ;
#8570 = EDGE_CURVE ( 'NONE', #1540, #6458, #12654, .T. ) ;
#8571 = DIRECTION ( 'NONE',  ( 1.000000000000000000, 0.000000000000000000, 0.000000000000000000 ) ) ;
#8572 = DIRECTION ( 'NONE',  ( 1.000000000000000000, 0.000000000000000000, 0.000000000000000000 ) ) ;
#8573 = DIRECTION ( 'NONE',  ( 0.000000000000000000, 0.000000000000000000, 1.000000000000000000 ) ) ;
#8574 = CYLINDRICAL_SURFACE ( 'NONE', #5874, 3.174999999999999822 ) ;
#8575 = CIRCLE ( 'NONE', #3035, 3.175000000000000711 ) ;
#8576 = DIRECTION ( 'NONE',  ( -0.000000000000000000, -0.000000000000000000, 1.000000000000000000 ) ) ;
#8577 = LINE ( 'NONE', #9534, #7464 ) ;
#8578 = FACE_OUTER_BOUND ( 'NONE', #5183, .T. ) ;
#8579 = DIRECTION ( 'NONE',  ( 1.000000000000000000, 0.000000000000000000, 0.000000000000000000 ) ) ;
#8580 = EDGE_CURVE ( 'NONE', #5383, #11510, #1917, .T. ) ;
#8581 = EDGE_CURVE ( 'NONE', #7333, #1597, #1780, .T. ) ;
#8582 = CARTESIAN_POINT ( 'NONE',  ( 25.06058874503044009, -25.06058874503055733, -1.000000000000000000 ) ) ;
#8583 = VECTOR ( 'NONE', #588, 1000.000000000000114 ) ;
#8584 = CARTESIAN_POINT ( 'NONE',  ( 3.654415587728450543, -31.75000000000000000, 3.049999999999999822 ) ) ;
#8585 = AXIS2_PLACEMENT_3D ( 'NONE', #1683, #598, #4638 ) ;
#8586 = VERTEX_POINT ( 'NONE', #3132 ) ;
#8587 = CARTESIAN_POINT ( 'NONE',  ( 0.000000000000000000, -50.79999999999999716, -2.286000000000000032 ) ) ;
#8588 = DIRECTION ( 'NONE',  ( 0.7071067811865454633, -0.7071067811865495711, 0.000000000000000000 ) ) ;
#8589 = ORIENTED_EDGE ( 'NONE', *, *, #7476, .T. ) ;
#8590 = LINE ( 'NONE', #12512, #7167 ) ;
#8591 = VECTOR ( 'NONE', #10782, 1000.000000000000000 ) ;
#8592 = ORIENTED_EDGE ( 'NONE', *, *, #457, .T. ) ;
#8593 = EDGE_CURVE ( 'NONE', #3059, #10401, #7195, .T. ) ;
#8594 = AXIS2_PLACEMENT_3D ( 'NONE', #7800, #11713, #6830 ) ;
#8595 = LINE ( 'NONE', #12443, #2337 ) ;
#8596 = CARTESIAN_POINT ( 'NONE',  ( -0.4800000000000041456, -47.66149318942908764, -1.000000000000000000 ) ) ;
#8597 = ORIENTED_EDGE ( 'NONE', *, *, #7334, .F. ) ;
#8598 = VECTOR ( 'NONE', #12261, 1000.000000000000000 ) ;
#8599 = ORIENTED_EDGE ( 'NONE', *, *, #3631, .F. ) ;
#8600 = LINE ( 'NONE', #4608, #2241 ) ;
#8601 = VERTEX_POINT ( 'NONE', #8024 ) ;
#8602 = CARTESIAN_POINT ( 'NONE',  ( -5.341619048833760708, -33.43720346110533370, -2.286000000000000032 ) ) ;
#8603 = VECTOR ( 'NONE', #8787, 1000.000000000000000 ) ;
#8604 = CYLINDRICAL_SURFACE ( 'NONE', #9093, 3.174999999999998934 ) ;
#8605 = DIRECTION ( 'NONE',  ( -0.7071067811865491270, -0.7071067811865459074, 0.000000000000000000 ) ) ;
#8606 = EDGE_CURVE ( 'NONE', #4046, #10431, #10976, .T. ) ;
#8607 = ORIENTED_EDGE ( 'NONE', *, *, #8649, .T. ) ;
#8608 = EDGE_CURVE ( 'NONE', #2351, #1036, #12129, .T. ) ;
#8609 = DIRECTION ( 'NONE',  ( 0.000000000000000000, -1.000000000000000000, 0.000000000000000000 ) ) ;
#8610 = CARTESIAN_POINT ( 'NONE',  ( -23.49434722470223491, -2.584475285236821129, 2.286000000000000032 ) ) ;
#8611 = ORIENTED_EDGE ( 'NONE', *, *, #12666, .F. ) ;
#8612 = CARTESIAN_POINT ( 'NONE',  ( -10.82015180641468888, -2.558670703524400736, -2.286000000000000032 ) ) ;
#8613 = VERTEX_POINT ( 'NONE', #4228 ) ;
#8614 = ORIENTED_EDGE ( 'NONE', *, *, #6896, .T. ) ;
#8615 = ORIENTED_EDGE ( 'NONE', *, *, #8793, .F. ) ;
#8616 = ORIENTED_EDGE ( 'NONE', *, *, #12464, .T. ) ;
#8617 = PERSON_AND_ORGANIZATION ( #4115, #10773 ) ;
#8618 = CARTESIAN_POINT ( 'NONE',  ( -12.69999999999999929, 0.000000000000000000, -2.286000000000000032 ) ) ;
#8619 = CARTESIAN_POINT ( 'NONE',  ( 5.200000000000000178, -50.79999999999999716, -1.000000000000000000 ) ) ;
#8620 = UNCERTAINTY_MEASURE_WITH_UNIT (LENGTH_MEASURE( 1.000000000000000082E-05 ), #10038, 'distance_accuracy_value', 'NONE');
#8621 = CARTESIAN_POINT ( 'NONE',  ( -5.539411254969540899, -7.839411254969545162, 2.286000000000000032 ) ) ;
#8622 = LINE ( 'NONE', #5595, #1370 ) ;
#8623 = EDGE_CURVE ( 'NONE', #10724, #11681, #11167, .T. ) ;
#8624 = ORIENTED_EDGE ( 'NONE', *, *, #4372, .F. ) ;
#8625 = CARTESIAN_POINT ( 'NONE',  ( 5.200000000000000178, -42.62117749006088729, -1.000000000000000000 ) ) ;
#8626 = CARTESIAN_POINT ( 'NONE',  ( 5.068629150101547687, -19.04999999999999005, -3.049999999999999822 ) ) ;
#8627 = EDGE_LOOP ( 'NONE', ( #7777, #11456, #111, #4641 ) ) ;
#8628 = DIRECTION ( 'NONE',  ( -0.000000000000000000, -0.000000000000000000, 1.000000000000000000 ) ) ;
#8629 = CARTESIAN_POINT ( 'NONE',  ( -25.39999999999999858, 5.199999999999999289, 2.286000000000000032 ) ) ;
#8630 = DIRECTION ( 'NONE',  ( 1.000000000000000000, -0.000000000000000000, 0.000000000000000000 ) ) ;
#8631 = ORIENTED_EDGE ( 'NONE', *, *, #12124, .T. ) ;
#8632 = DIRECTION ( 'NONE',  ( 0.7071067811865501263, 0.7071067811865449082, 0.000000000000000000 ) ) ;
#8633 = EDGE_CURVE ( 'NONE', #9242, #8329, #5134, .T. ) ;
#8634 = LINE ( 'NONE', #10560, #8376 ) ;
#8635 = CARTESIAN_POINT ( 'NONE',  ( -0.3394112549695583181, -0.3394112549695599279, 1.000000000000000000 ) ) ;
#8636 = DIRECTION ( 'NONE',  ( 0.7071067811865451302, -0.7071067811865500152, 0.000000000000000000 ) ) ;
#8637 = CYLINDRICAL_SURFACE ( 'NONE', #1800, 3.175000000000000711 ) ;
#8638 = DIRECTION ( 'NONE',  ( -0.000000000000000000, -0.000000000000000000, 1.000000000000000000 ) ) ;
#8639 = CARTESIAN_POINT ( 'NONE',  ( 0.000000000000000000, -38.09999999999999432, 1.000000000000000000 ) ) ;
#8640 = CARTESIAN_POINT ( 'NONE',  ( -0.4800000000000010925, -34.96149318942908479, 1.000000000000000000 ) ) ;
#8641 = DIRECTION ( 'NONE',  ( -1.000000000000000000, 5.463695987328531367E-16, 0.000000000000000000 ) ) ;
#8642 = DIRECTION ( 'NONE',  ( 0.7071067811865456854, -0.7071067811865493491, 0.000000000000000000 ) ) ;
#8643 = ORIENTED_EDGE ( 'NONE', *, *, #438, .F. ) ;
#8644 = EDGE_CURVE ( 'NONE', #7008, #1463, #2600, .T. ) ;
#8645 = EDGE_CURVE ( 'NONE', #4765, #619, #11998, .T. ) ;
#8646 = DIRECTION ( 'NONE',  ( 1.000000000000000000, 0.000000000000000000, 0.000000000000000000 ) ) ;
#8647 = ADVANCED_FACE ( 'NONE', ( #6102 ), #11110, .F. ) ;
#8648 = LINE ( 'NONE', #11665, #765 ) ;
#8649 = EDGE_CURVE ( 'NONE', #3859, #10068, #9236, .T. ) ;
#8650 = ORIENTED_EDGE ( 'NONE', *, *, #6051, .T. ) ;
#8651 = DIRECTION ( 'NONE',  ( -0.000000000000000000, -0.000000000000000000, 1.000000000000000000 ) ) ;
#8652 = VERTEX_POINT ( 'NONE', #3195 ) ;
#8653 = DIRECTION ( 'NONE',  ( 1.000000000000000000, 0.000000000000000000, 0.000000000000000000 ) ) ;
#8654 = LINE ( 'NONE', #1008, #328 ) ;
#8655 = VERTEX_POINT ( 'NONE', #4299 ) ;
#8656 = VERTEX_POINT ( 'NONE', #1218 ) ;
#8657 = CARTESIAN_POINT ( 'NONE',  ( 5.200000000000000178, -20.59558441227154546, 3.049999999999999822 ) ) ;
#8658 = ORIENTED_EDGE ( 'NONE', *, *, #4283, .T. ) ;
#8659 = ADVANCED_FACE ( 'NONE', ( #1336 ), #7001, .F. ) ;
#8660 = CARTESIAN_POINT ( 'NONE',  ( 6.199999999999980638, -50.79999999999999716, -1.000000000000000000 ) ) ;
#8661 = ORIENTED_EDGE ( 'NONE', *, *, #7166, .F. ) ;
#8662 = DIRECTION ( 'NONE',  ( -1.000000000000000000, 0.000000000000000000, 0.000000000000000000 ) ) ;
#8663 = DIRECTION ( 'NONE',  ( -0.000000000000000000, -0.000000000000000000, 1.000000000000000000 ) ) ;
#8664 = ORIENTED_EDGE ( 'NONE', *, *, #6505, .T. ) ;
#8665 = CARTESIAN_POINT ( 'NONE',  ( -19.04999999999999716, -3.654415587728427450, 3.049999999999999822 ) ) ;
#8666 = FACE_OUTER_BOUND ( 'NONE', #8788, .T. ) ;
#8667 = ORIENTED_EDGE ( 'NONE', *, *, #627, .F. ) ;
#8668 = FACE_OUTER_BOUND ( 'NONE', #6655, .T. ) ;
#8669 = VERTEX_POINT ( 'NONE', #2243 ) ;
#8670 = VERTEX_POINT ( 'NONE', #10081 ) ;
#8671 = ORIENTED_EDGE ( 'NONE', *, *, #729, .F. ) ;
#8672 = EDGE_LOOP ( 'NONE', ( #9192, #2693, #4119, #11765 ) ) ;
#8673 = DIRECTION ( 'NONE',  ( -0.000000000000000000, -0.000000000000000000, -1.000000000000000000 ) ) ;
#8674 = DIRECTION ( 'NONE',  ( 0.7071067811865485719, -0.7071067811865465735, 0.000000000000000000 ) ) ;
#8675 = DIRECTION ( 'NONE',  ( 0.7071067811865453523, 0.7071067811865496822, -0.000000000000000000 ) ) ;
#8676 = ORIENTED_EDGE ( 'NONE', *, *, #7256, .F. ) ;
#8677 = DIRECTION ( 'NONE',  ( 0.000000000000000000, 0.000000000000000000, 1.000000000000000000 ) ) ;
#8678 = CARTESIAN_POINT ( 'NONE',  ( -10.82015180641468710, -2.558670703524399848, -1.000000000000000000 ) ) ;
#8679 = AXIS2_PLACEMENT_3D ( 'NONE', #6616, #6486, #7588 ) ;
#8680 = ORIENTED_EDGE ( 'NONE', *, *, #3880, .F. ) ;
#8681 = CARTESIAN_POINT ( 'NONE',  ( 1.879848193585306193, -10.14132929647559678, 2.286000000000000032 ) ) ;
#8682 = DIRECTION ( 'NONE',  ( -0.000000000000000000, -0.000000000000000000, -1.000000000000000000 ) ) ;
#8683 = PLANE ( 'NONE',  #12412 ) ;
#8684 = VERTEX_POINT ( 'NONE', #437 ) ;
#8685 = DIRECTION ( 'NONE',  ( -0.000000000000000000, -0.000000000000000000, 1.000000000000000000 ) ) ;
#8686 = EDGE_CURVE ( 'NONE', #2246, #3007, #6222, .T. ) ;
#8687 = CIRCLE ( 'NONE', #7867, 3.175000000000000711 ) ;
#8688 = EDGE_CURVE ( 'NONE', #947, #6405, #191, .T. ) ;
#8689 = CIRCLE ( 'NONE', #2733, 3.175000000000000711 ) ;
#8690 = DIRECTION ( 'NONE',  ( -0.7071067811865464625, -0.7071067811865486830, 0.000000000000000000 ) ) ;
#8691 = CARTESIAN_POINT ( 'NONE',  ( 5.200000000000000178, -33.57882250993910134, 3.049999999999999822 ) ) ;
#8692 = LINE ( 'NONE', #3692, #12674 ) ;
#8693 = CARTESIAN_POINT ( 'NONE',  ( -0.4800000000000017031, -9.561493189429087991, -2.286000000000000032 ) ) ;
#8694 = CARTESIAN_POINT ( 'NONE',  ( -6.199999999999999289, -41.90441558772840835, 3.049999999999999822 ) ) ;
#8695 = CARTESIAN_POINT ( 'NONE',  ( 5.200000000000000178, 6.368163355566235395E-16, 3.049999999999999822 ) ) ;
#8696 = CARTESIAN_POINT ( 'NONE',  ( -21.59558441227157033, 6.200000000000001066, 2.286000000000000032 ) ) ;
#8697 = VECTOR ( 'NONE', #1853, 1000.000000000000000 ) ;
#8698 = DIRECTION ( 'NONE',  ( -0.7071067811865459074, 0.7071067811865491270, 0.000000000000000000 ) ) ;
#8699 = VECTOR ( 'NONE', #1869, 1000.000000000000000 ) ;
#8700 = EDGE_CURVE ( 'NONE', #12145, #7852, #5253, .T. ) ;
#8701 = PLANE ( 'NONE',  #1757 ) ;
#8702 = ORIENTED_EDGE ( 'NONE', *, *, #5045, .T. ) ;
#8703 = CIRCLE ( 'NONE', #2143, 2.100000000000000977 ) ;
#8704 = CARTESIAN_POINT ( 'NONE',  ( 0.000000000000000000, -50.79999999999999716, 2.286000000000000032 ) ) ;
#8705 = CARTESIAN_POINT ( 'NONE',  ( 5.200000000000000178, 6.368163355566235395E-16, -3.049999999999999822 ) ) ;
#8706 = ORIENTED_EDGE ( 'NONE', *, *, #851, .T. ) ;
#8707 = DIRECTION ( 'NONE',  ( 1.000000000000000000, 0.000000000000000000, 0.000000000000000000 ) ) ;
#8708 = ORIENTED_EDGE ( 'NONE', *, *, #9104, .T. ) ;
#8709 = CARTESIAN_POINT ( 'NONE',  ( 0.000000000000000000, -12.69999999999999929, 2.286000000000000032 ) ) ;
#8710 = DIRECTION ( 'NONE',  ( 0.7071067811865479058, -0.7071067811865471286, 0.000000000000000000 ) ) ;
#8711 = VERTEX_POINT ( 'NONE', #2108 ) ;
#8712 = ADVANCED_FACE ( 'NONE', ( #8214 ), #9178, .T. ) ;
#8713 = VECTOR ( 'NONE', #3366, 1000.000000000000000 ) ;
#8714 = EDGE_CURVE ( 'NONE', #2881, #6298, #9951, .T. ) ;
#8715 = EDGE_CURVE ( 'NONE', #2515, #1705, #8993, .T. ) ;
#8717 = EDGE_CURVE ( 'NONE', #10509, #391, #12449, .T. ) ;
#8716 = ORIENTED_EDGE ( 'NONE', *, *, #4778, .T. ) ;
#8718 = CARTESIAN_POINT ( 'NONE',  ( 0.000000000000000000, -25.39999999999999858, 1.000000000000000000 ) ) ;
#8719 = VERTEX_POINT ( 'NONE', #5437 ) ;
#8720 = LINE ( 'NONE', #8536, #7355 ) ;
#8721 = AXIS2_PLACEMENT_3D ( 'NONE', #906, #6704, #8751 ) ;
#8722 = ORIENTED_EDGE ( 'NONE', *, *, #10889, .F. ) ;
#8723 = CARTESIAN_POINT ( 'NONE',  ( -3.654415587728436332, -44.44999999999998153, 1.000000000000000000 ) ) ;
#8724 = DIRECTION ( 'NONE',  ( 1.000000000000000000, 0.000000000000000000, 0.000000000000000000 ) ) ;
#8725 = VECTOR ( 'NONE', #6841, 1000.000000000000000 ) ;
#8726 = ORIENTED_EDGE ( 'NONE', *, *, #1821, .F. ) ;
#8727 = VECTOR ( 'NONE', #3810, 1000.000000000000114 ) ;
#8728 = DIRECTION ( 'NONE',  ( -0.000000000000000000, -0.000000000000000000, 1.000000000000000000 ) ) ;
#8729 = DIRECTION ( 'NONE',  ( -0.000000000000000000, -0.000000000000000000, 1.000000000000000000 ) ) ;
#8730 = DIRECTION ( 'NONE',  ( -0.7071067811865497932, 0.7071067811865452413, 0.000000000000000000 ) ) ;
#8731 = VERTEX_POINT ( 'NONE', #5509 ) ;
#8732 = EDGE_CURVE ( 'NONE', #9970, #6495, #5882, .T. ) ;
#8733 = DIRECTION ( 'NONE',  ( -0.7071067811865459074, 0.7071067811865491270, 0.000000000000000000 ) ) ;
#8734 = VECTOR ( 'NONE', #6602, 1000.000000000000000 ) ;
#8735 = VERTEX_POINT ( 'NONE', #9360 ) ;
#8736 = ORIENTED_EDGE ( 'NONE', *, *, #862, .F. ) ;
#8737 = EDGE_LOOP ( 'NONE', ( #10480, #3578, #8389, #1277 ) ) ;
#8738 = CARTESIAN_POINT ( 'NONE',  ( 0.000000000000000000, -12.69999999999999929, -2.286000000000000032 ) ) ;
#8739 = CIRCLE ( 'NONE', #1147, 0.5000000000000004441 ) ;
#8740 = CARTESIAN_POINT ( 'NONE',  ( 0.000000000000000000, -25.39999999999999858, -1.001000000000000112 ) ) ;
#8741 = CARTESIAN_POINT ( 'NONE',  ( -5.200000000000005507, -46.27882250993906155, 1.000000000000000000 ) ) ;
#8742 = VECTOR ( 'NONE', #509, 1000.000000000000000 ) ;
#8743 = ORIENTED_EDGE ( 'NONE', *, *, #11632, .T. ) ;
#8744 = FACE_OUTER_BOUND ( 'NONE', #5650, .T. ) ;
#8745 = LINE ( 'NONE', #137, #5622 ) ;
#8746 = VERTEX_POINT ( 'NONE', #8404 ) ;
#8747 = FACE_OUTER_BOUND ( 'NONE', #6376, .T. ) ;
#8748 = EDGE_CURVE ( 'NONE', #9696, #9052, #11415, .T. ) ;
#8749 = VECTOR ( 'NONE', #2602, 1000.000000000000000 ) ;
#8750 = LINE ( 'NONE', #8939, #12235 ) ;
#8751 = DIRECTION ( 'NONE',  ( 1.000000000000000000, 0.000000000000000000, 0.000000000000000000 ) ) ;
#8752 = VERTEX_POINT ( 'NONE', #4605 ) ;
#8753 = CIRCLE ( 'NONE', #3203, 3.174999999999999822 ) ;
#8754 = ORIENTED_EDGE ( 'NONE', *, *, #3020, .F. ) ;
#8755 = VECTOR ( 'NONE', #7129, 1000.000000000000000 ) ;
#8756 = CARTESIAN_POINT ( 'NONE',  ( 0.000000000000000000, 0.000000000000000000, -1.000000000000000000 ) ) ;
#8757 = VECTOR ( 'NONE', #11529, 1000.000000000000000 ) ;
#8758 = LINE ( 'NONE', #12678, #12681 ) ;
#8759 = CARTESIAN_POINT ( 'NONE',  ( 0.000000000000000000, 0.000000000000000000, 2.286000000000000032 ) ) ;
#8760 = DIRECTION ( 'NONE',  ( -0.7071067811865497932, 0.7071067811865452413, 0.000000000000000000 ) ) ;
#8761 = CARTESIAN_POINT ( 'NONE',  ( 4.662796538894670384, -18.04161904883374490, -2.286000000000000032 ) ) ;
#8762 = DIRECTION ( 'NONE',  ( 0.7071067811865464625, 0.7071067811865486830, -0.000000000000000000 ) ) ;
#8763 = CIRCLE ( 'NONE', #8964, 3.174999999999999822 ) ;
#8764 = LINE ( 'NONE', #10634, #7045 ) ;
#8765 = AXIS2_PLACEMENT_3D ( 'NONE', #3825, #2729, #10511 ) ;
#8766 = EDGE_CURVE ( 'NONE', #12360, #12516, #956, .T. ) ;
#8767 = DIRECTION ( 'NONE',  ( 2.556848660736790434E-16, 1.000000000000000000, 0.000000000000000000 ) ) ;
#8768 = ADVANCED_FACE ( 'NONE', ( #1653 ), #3576, .F. ) ;
#8769 = CARTESIAN_POINT ( 'NONE',  ( 13.03941125496952047, -13.03941125496960396, -1.000000000000000000 ) ) ;
#8770 = CIRCLE ( 'NONE', #11024, 3.175000000000000711 ) ;
#8771 = CARTESIAN_POINT ( 'NONE',  ( -5.199999999999993960, 1.329561303583129310E-15, -1.000000000000000000 ) ) ;
#8772 = ORIENTED_EDGE ( 'NONE', *, *, #6553, .F. ) ;
#8773 = AXIS2_PLACEMENT_3D ( 'NONE', #1945, #11651, #6778 ) ;
#8774 = VECTOR ( 'NONE', #6900, 1000.000000000000000 ) ;
#8775 = CARTESIAN_POINT ( 'NONE',  ( -2.558670703524386525, -23.52015180641467040, 2.286000000000000032 ) ) ;
#8776 = LINE ( 'NONE', #10575, #1179 ) ;
#8777 = EDGE_CURVE ( 'NONE', #1080, #11305, #8270, .T. ) ;
#8778 = ORIENTED_EDGE ( 'NONE', *, *, #6408, .T. ) ;
#8779 = FACE_OUTER_BOUND ( 'NONE', #7580, .T. ) ;
#8780 = ORIENTED_EDGE ( 'NONE', *, *, #10369, .F. ) ;
#8781 = DIRECTION ( 'NONE',  ( -1.000000000000000000, -0.000000000000000000, 0.000000000000000000 ) ) ;
#8782 = DIRECTION ( 'NONE',  ( -0.7071067811865483499, -0.7071067811865467956, 0.000000000000000000 ) ) ;
#8783 = ORIENTED_EDGE ( 'NONE', *, *, #8201, .T. ) ;
#8784 = AXIS2_PLACEMENT_3D ( 'NONE', #3622, #2661, #8572 ) ;
#8785 = AXIS2_PLACEMENT_3D ( 'NONE', #9217, #8193, #11140 ) ;
#8786 = EDGE_LOOP ( 'NONE', ( #7119, #5377, #6574, #4871, #4419, #8143, #7537 ) ) ;
#8787 = DIRECTION ( 'NONE',  ( -0.000000000000000000, -0.000000000000000000, 1.000000000000000000 ) ) ;
#8788 = EDGE_LOOP ( 'NONE', ( #394, #5458, #5133, #12524, #3182, #2040 ) ) ;
#8789 = LINE ( 'NONE', #8852, #4451 ) ;
#8790 = AXIS2_PLACEMENT_3D ( 'NONE', #183, #2101, #8914 ) ;
#8791 = EDGE_CURVE ( 'NONE', #12513, #3131, #9373, .T. ) ;
#8792 = ORIENTED_EDGE ( 'NONE', *, *, #4349, .F. ) ;
#8793 = EDGE_CURVE ( 'NONE', #9421, #7945, #12652, .T. ) ;
#8794 = DIRECTION ( 'NONE',  ( -0.000000000000000000, -0.000000000000000000, 1.000000000000000000 ) ) ;
#8795 = EDGE_CURVE ( 'NONE', #6989, #2635, #6470, .T. ) ;
#8796 = ORIENTED_EDGE ( 'NONE', *, *, #5176, .F. ) ;
#8797 = FACE_OUTER_BOUND ( 'NONE', #6028, .T. ) ;
#8798 = PLANE ( 'NONE',  #1713 ) ;
#8799 = CARTESIAN_POINT ( 'NONE',  ( -25.39999999999999858, 5.199999999999999289, 3.049999999999999822 ) ) ;
#8800 = VECTOR ( 'NONE', #8305, 1000.000000000000000 ) ;
#8801 = ORIENTED_EDGE ( 'NONE', *, *, #10612, .F. ) ;
#8802 = DIRECTION ( 'NONE',  ( 0.7071067811865491270, 0.7071067811865459074, 0.000000000000000000 ) ) ;
#8803 = VECTOR ( 'NONE', #34, 1000.000000000000000 ) ;
#8804 = EDGE_LOOP ( 'NONE', ( #10082, #5844, #782, #4174 ) ) ;
#8805 = VECTOR ( 'NONE', #8220, 1000.000000000000000 ) ;
#8806 = ORIENTED_EDGE ( 'NONE', *, *, #2916, .F. ) ;
#8807 = ORIENTED_EDGE ( 'NONE', *, *, #756, .T. ) ;
#8808 = CALENDAR_DATE ( 2022, 6, 6 ) ;
#8809 = VECTOR ( 'NONE', #9938, 1000.000000000000000 ) ;
#8810 = EDGE_CURVE ( 'NONE', #3740, #3946, #3455, .T. ) ;
#8811 = CARTESIAN_POINT ( 'NONE',  ( -6.010588745030455371, -6.010588745030457147, 1.000000000000000000 ) ) ;
#8812 = EDGE_CURVE ( 'NONE', #1597, #1195, #628, .T. ) ;
#8813 = EDGE_CURVE ( 'NONE', #2257, #10152, #2807, .T. ) ;
#8814 = CARTESIAN_POINT ( 'NONE',  ( -6.699999999999990408, -6.199999999999999289, 3.049999999999999822 ) ) ;
#8815 = FACE_OUTER_BOUND ( 'NONE', #6452, .T. ) ;
#8816 = EDGE_CURVE ( 'NONE', #6925, #7814, #8966, .T. ) ;
#8817 = ORIENTED_EDGE ( 'NONE', *, *, #5895, .F. ) ;
#8818 = CARTESIAN_POINT ( 'NONE',  ( -5.068629150101495284, -44.44999999999999574, 3.049999999999999822 ) ) ;
#8819 = DIRECTION ( 'NONE',  ( 3.414809992080329023E-17, -1.000000000000000000, 0.000000000000000000 ) ) ;
#8820 = ORIENTED_EDGE ( 'NONE', *, *, #6724, .F. ) ;
#8821 = DIRECTION ( 'NONE',  ( -1.000000000000000000, 0.000000000000000000, 0.000000000000000000 ) ) ;
#8822 = LINE ( 'NONE', #3927, #6489 ) ;
#8823 = LINE ( 'NONE', #10683, #12205 ) ;
#8824 = ORIENTED_EDGE ( 'NONE', *, *, #8172, .T. ) ;
#8825 = EDGE_LOOP ( 'NONE', ( #12072, #7063, #1112, #4531 ) ) ;
#8826 = CARTESIAN_POINT ( 'NONE',  ( -20.87882250993907363, 5.199999999999999289, 1.000000000000000000 ) ) ;
#8827 = EDGE_CURVE ( 'NONE', #2190, #4323, #10463, .T. ) ;
#8828 = CARTESIAN_POINT ( 'NONE',  ( 3.654415587728450543, -19.04999999999999716, 3.049999999999999822 ) ) ;
#8829 = CARTESIAN_POINT ( 'NONE',  ( 0.000000000000000000, -38.09999999999999432, -1.000000000000000000 ) ) ;
#8830 = CARTESIAN_POINT ( 'NONE',  ( -10.82015180641468710, -2.558670703524399848, -2.286000000000000032 ) ) ;
#8831 = CARTESIAN_POINT ( 'NONE',  ( -21.59558441227157033, -6.200000000000001066, -2.286000000000000032 ) ) ;
#8832 = CARTESIAN_POINT ( 'NONE',  ( -17.50441558772842399, -5.200000000000000178, 2.286000000000000032 ) ) ;
#8833 = LINE ( 'NONE', #7617, #483 ) ;
#8834 = LINE ( 'NONE', #5804, #4846 ) ;
#8835 = DIRECTION ( 'NONE',  ( -1.000000000000000000, 0.000000000000000000, 0.000000000000000000 ) ) ;
#8836 = CARTESIAN_POINT ( 'NONE',  ( 5.200000000000000178, -45.99558441227160444, -2.286000000000000032 ) ) ;
#8837 = ORIENTED_EDGE ( 'NONE', *, *, #8878, .T. ) ;
#8838 = EDGE_CURVE ( 'NONE', #10981, #10997, #7314, .T. ) ;
#8839 = CARTESIAN_POINT ( 'NONE',  ( -22.84132929647558896, -1.879848193585297755, -2.286000000000000032 ) ) ;
#8840 = CARTESIAN_POINT ( 'NONE',  ( -5.200000000000001954, -33.57882250993909423, -1.000000000000000000 ) ) ;
#8841 = ORIENTED_EDGE ( 'NONE', *, *, #6299, .F. ) ;
#8842 = DIRECTION ( 'NONE',  ( -1.000000000000000000, 2.185478394931411364E-15, 0.000000000000000000 ) ) ;
#8843 = ORIENTED_EDGE ( 'NONE', *, *, #6927, .F. ) ;
#8844 = DIRECTION ( 'NONE',  ( -1.180083997263133724E-16, -1.000000000000000000, -0.000000000000000000 ) ) ;
#8845 = CARTESIAN_POINT ( 'NONE',  ( -5.539411254969540899, -7.839411254969545162, -2.286000000000000032 ) ) ;
#8846 = VERTEX_POINT ( 'NONE', #9896 ) ;
#8847 = ORIENTED_EDGE ( 'NONE', *, *, #3454, .T. ) ;
#8848 = CARTESIAN_POINT ( 'NONE',  ( 2.558670703524385637, -27.27984819358532675, -2.286000000000000032 ) ) ;
#8849 = VERTEX_POINT ( 'NONE', #7839 ) ;
#8850 = EDGE_CURVE ( 'NONE', #675, #8036, #6297, .T. ) ;
#8851 = EDGE_CURVE ( 'NONE', #5833, #10023, #9770, .T. ) ;
#8852 = CARTESIAN_POINT ( 'NONE',  ( -5.068629150101502390, -19.05000000000000426, -3.049999999999999822 ) ) ;
#8853 = ORIENTED_EDGE ( 'NONE', *, *, #5557, .T. ) ;
#8854 = DIRECTION ( 'NONE',  ( 0.7071067811865491270, 0.7071067811865459074, -0.000000000000000000 ) ) ;
#8855 = LINE ( 'NONE', #9944, #5065 ) ;
#8856 = ORIENTED_EDGE ( 'NONE', *, *, #12138, .F. ) ;
#8857 = DIRECTION ( 'NONE',  ( 0.000000000000000000, 0.000000000000000000, -1.000000000000000000 ) ) ;
#8858 = DIRECTION ( 'NONE',  ( 1.000000000000000000, 0.000000000000000000, 0.000000000000000000 ) ) ;
#8859 = CARTESIAN_POINT ( 'NONE',  ( -12.69999999999999929, 0.000000000000000000, 2.286000000000000032 ) ) ;
#8860 = ORIENTED_EDGE ( 'NONE', *, *, #6314, .T. ) ;
#8861 = DIRECTION ( 'NONE',  ( 0.000000000000000000, 0.000000000000000000, -1.000000000000000000 ) ) ;
#8862 = VERTEX_POINT ( 'NONE', #10921 ) ;
#8863 = ADVANCED_FACE ( 'NONE', ( #4049 ), #4816, .T. ) ;
#8864 = ORIENTED_EDGE ( 'NONE', *, *, #622, .T. ) ;
#8865 = ORIENTED_EDGE ( 'NONE', *, *, #6054, .T. ) ;
#8866 = PERSON_AND_ORGANIZATION ( #4115, #10773 ) ;
#8867 = PLANE ( 'NONE',  #5893 ) ;
#8868 = FACE_OUTER_BOUND ( 'NONE', #9906, .T. ) ;
#8869 = CARTESIAN_POINT ( 'NONE',  ( 0.000000000000000000, 0.000000000000000000, 2.286000000000000032 ) ) ;
#8870 = VERTEX_POINT ( 'NONE', #7971 ) ;
#8871 = CARTESIAN_POINT ( 'NONE',  ( -6.010588745030483793, 6.010588745030448266, -1.000000000000000000 ) ) ;
#8872 = CARTESIAN_POINT ( 'NONE',  ( 0.000000000000000000, 0.000000000000000000, -2.286000000000000032 ) ) ;
#8873 = VERTEX_POINT ( 'NONE', #10868 ) ;
#8874 = DIRECTION ( 'NONE',  ( 0.000000000000000000, -0.000000000000000000, -1.000000000000000000 ) ) ;
#8875 = CARTESIAN_POINT ( 'NONE',  ( 2.558670703524398959, -39.97984819358529762, 2.286000000000000032 ) ) ;
#8876 = EDGE_LOOP ( 'NONE', ( #6488, #9574, #10332, #9592 ) ) ;
#8877 = EDGE_CURVE ( 'NONE', #10477, #6531, #9700, .T. ) ;
#8878 = EDGE_CURVE ( 'NONE', #1964, #252, #144, .T. ) ;
#8879 = EDGE_CURVE ( 'NONE', #8216, #2214, #4108, .T. ) ;
#8880 = ORIENTED_EDGE ( 'NONE', *, *, #5584, .F. ) ;
#8881 = LINE ( 'NONE', #5933, #6547 ) ;
#8882 = ADVANCED_FACE ( 'NONE', ( #5782 ), #7784, .F. ) ;
#8883 = DIRECTION ( 'NONE',  ( -0.7071067811865502373, 0.7071067811865449082, -0.000000000000000000 ) ) ;
#8884 = CIRCLE ( 'NONE', #1495, 3.174999999999999822 ) ;
#8885 = DIRECTION ( 'NONE',  ( 0.7071067811865493491, 0.7071067811865456854, 0.000000000000000000 ) ) ;
#8886 = DIRECTION ( 'NONE',  ( -0.000000000000000000, -0.000000000000000000, 1.000000000000000000 ) ) ;
#8887 = LINE ( 'NONE', #81, #9385 ) ;
#8888 = DIRECTION ( 'NONE',  ( -0.7071067811865455743, -0.7071067811865494601, -0.000000000000000000 ) ) ;
#8889 = DIRECTION ( 'NONE',  ( 1.365923996832132102E-16, 1.000000000000000000, 0.000000000000000000 ) ) ;
#8890 = ORIENTED_EDGE ( 'NONE', *, *, #7751, .F. ) ;
#8891 = CARTESIAN_POINT ( 'NONE',  ( 0.000000000000000000, -12.69999999999999929, 2.286000000000000032 ) ) ;
#8892 = PLANE ( 'NONE',  #4400 ) ;
#8893 = EDGE_CURVE ( 'NONE', #11953, #3269, #1925, .T. ) ;
#8894 = VECTOR ( 'NONE', #4335, 1000.000000000000000 ) ;
#8895 = CARTESIAN_POINT ( 'NONE',  ( -23.52015180641467040, 2.558670703524389634, -2.286000000000000032 ) ) ;
#8896 = ORIENTED_EDGE ( 'NONE', *, *, #383, .F. ) ;
#8897 = LINE ( 'NONE', #5812, #5273 ) ;
#8898 = LINE ( 'NONE', #224, #3024 ) ;
#8899 = AXIS2_PLACEMENT_3D ( 'NONE', #4875, #11450, #2653 ) ;
#8900 = CARTESIAN_POINT ( 'NONE',  ( -6.350000000000001421, 5.068629150101524594, -3.049999999999999822 ) ) ;
#8901 = VECTOR ( 'NONE', #3486, 1000.000000000000000 ) ;
#8902 = EDGE_LOOP ( 'NONE', ( #5974, #9637, #3830, #7994 ) ) ;
#8903 = DIRECTION ( 'NONE',  ( 0.000000000000000000, 0.000000000000000000, -1.000000000000000000 ) ) ;
#8904 = CARTESIAN_POINT ( 'NONE',  ( 18.71058874503045288, -18.71058874503053104, -1.000000000000000000 ) ) ;
#8905 = ORIENTED_EDGE ( 'NONE', *, *, #12257, .T. ) ;
#8906 = ADVANCED_FACE ( 'NONE', ( #3980 ), #7902, .T. ) ;
#8907 = ORIENTED_EDGE ( 'NONE', *, *, #8463, .T. ) ;
#8908 = AXIS2_PLACEMENT_3D ( 'NONE', #3709, #11412, #3572 ) ;
#8909 = CARTESIAN_POINT ( 'NONE',  ( 0.000000000000000000, 0.000000000000000000, -1.000000000000000000 ) ) ;
#8910 = VERTEX_POINT ( 'NONE', #1085 ) ;
#8911 = VECTOR ( 'NONE', #10223, 1000.000000000000000 ) ;
#8912 = FACE_OUTER_BOUND ( 'NONE', #6622, .T. ) ;
#8913 = ORIENTED_EDGE ( 'NONE', *, *, #6131, .F. ) ;
#8914 = DIRECTION ( 'NONE',  ( -0.7071067811865459074, -0.7071067811865491270, 0.000000000000000000 ) ) ;
#8915 = FACE_OUTER_BOUND ( 'NONE', #12034, .T. ) ;
#8916 = ORIENTED_EDGE ( 'NONE', *, *, #12616, .T. ) ;
#8917 = VECTOR ( 'NONE', #4775, 1000.000000000000000 ) ;
#8918 = DIRECTION ( 'NONE',  ( 2.556848660736790434E-16, 1.000000000000000000, 0.000000000000000000 ) ) ;
#8919 = LINE ( 'NONE', #3076, #895 ) ;
#8920 = DIRECTION ( 'NONE',  ( -1.000000000000000000, 0.000000000000000000, 0.000000000000000000 ) ) ;
#8921 = ORIENTED_EDGE ( 'NONE', *, *, #4844, .F. ) ;
#8922 = EDGE_CURVE ( 'NONE', #9905, #2341, #11751, .T. ) ;
#8923 = CARTESIAN_POINT ( 'NONE',  ( 2.558670703524398959, -39.97984819358529762, -2.286000000000000032 ) ) ;
#8924 = EDGE_CURVE ( 'NONE', #947, #298, #6, .T. ) ;
#8925 = ORIENTED_EDGE ( 'NONE', *, *, #9430, .F. ) ;
#8926 = ORIENTED_EDGE ( 'NONE', *, *, #7374, .F. ) ;
#8927 = LOCAL_TIME ( 14, 16, 36.00000000000000000, #1922 ) ;
#8928 = EDGE_LOOP ( 'NONE', ( #11970, #6600, #9693, #6686 ) ) ;
#8929 = AXIS2_PLACEMENT_3D ( 'NONE', #11588, #6721, #2920 ) ;
#8930 = DIRECTION ( 'NONE',  ( 0.000000000000000000, 0.000000000000000000, -1.000000000000000000 ) ) ;
#8931 = LINE ( 'NONE', #10150, #12504 ) ;
#8932 = CARTESIAN_POINT ( 'NONE',  ( -8.037203461105333346, 5.341619048833760708, -2.286000000000000032 ) ) ;
#8933 = ORIENTED_EDGE ( 'NONE', *, *, #383, .T. ) ;
#8934 = EDGE_CURVE ( 'NONE', #7320, #5489, #7005, .T. ) ;
#8935 = CARTESIAN_POINT ( 'NONE',  ( -6.010588745030455371, -6.010588745030457147, -1.000000000000000000 ) ) ;
#8936 = CARTESIAN_POINT ( 'NONE',  ( -5.068629150101502390, -19.05000000000000426, -3.049999999999999822 ) ) ;
#8937 = ORIENTED_EDGE ( 'NONE', *, *, #678, .F. ) ;
#8938 = LINE ( 'NONE', #5925, #2424 ) ;
#8939 = CARTESIAN_POINT ( 'NONE',  ( -22.26149318942908550, -0.4799999999999999822, -2.286000000000000032 ) ) ;
#8940 =( NAMED_UNIT ( * ) PLANE_ANGLE_UNIT ( ) SI_UNIT ( $, .RADIAN. ) );
#8941 = ORIENTED_EDGE ( 'NONE', *, *, #275, .T. ) ;
#8942 = CIRCLE ( 'NONE', #9552, 3.174999999999999822 ) ;
#8943 = CIRCLE ( 'NONE', #2369, 3.174999999999999822 ) ;
#8944 = VERTEX_POINT ( 'NONE', #3312 ) ;
#8945 = CARTESIAN_POINT ( 'NONE',  ( -2.558670703524398515, -1.879848193585312632, 2.286000000000000032 ) ) ;
#8946 = AXIS2_PLACEMENT_3D ( 'NONE', #11729, #2929, #9811 ) ;
#8947 = DIRECTION ( 'NONE',  ( -1.000000000000000000, 0.000000000000000000, 0.000000000000000000 ) ) ;
#8948 = DIRECTION ( 'NONE',  ( -1.000000000000000000, 0.000000000000000000, 0.000000000000000000 ) ) ;
#8949 = PLANE ( 'NONE',  #4229 ) ;
#8950 = VECTOR ( 'NONE', #7191, 1000.000000000000000 ) ;
#8951 = EDGE_CURVE ( 'NONE', #12445, #8491, #2817, .T. ) ;
#8952 = CARTESIAN_POINT ( 'NONE',  ( -6.821177490060915005, -5.199999999999999289, 1.000000000000000444 ) ) ;
#8953 = LINE ( 'NONE', #4067, #3561 ) ;
#8954 = PLANE ( 'NONE',  #5406 ) ;
#8955 = ORIENTED_EDGE ( 'NONE', *, *, #6150, .F. ) ;
#8956 = ADVANCED_FACE ( 'NONE', ( #11820 ), #8867, .T. ) ;
#8957 = DIRECTION ( 'NONE',  ( -0.000000000000000000, -0.000000000000000000, 1.000000000000000000 ) ) ;
#8958 = CARTESIAN_POINT ( 'NONE',  ( 0.000000000000000000, 0.000000000000000000, 2.286000000000000032 ) ) ;
#8959 = AXIS2_PLACEMENT_3D ( 'NONE', #10165, #590, #10234 ) ;
#8960 = AXIS2_PLACEMENT_3D ( 'NONE', #11181, #3212, #5275 ) ;
#8961 = VECTOR ( 'NONE', #5353, 1000.000000000000000 ) ;
#8962 = PLANE ( 'NONE',  #6890 ) ;
#8963 = VERTEX_POINT ( 'NONE', #7240 ) ;
#8964 = AXIS2_PLACEMENT_3D ( 'NONE', #4549, #7447, #8468 ) ;
#8965 = CARTESIAN_POINT ( 'NONE',  ( 2.100000000000000089, -12.69999999999999929, -2.286000000000000032 ) ) ;
#8966 = CIRCLE ( 'NONE', #6910, 3.174999999999998934 ) ;
#8967 = CARTESIAN_POINT ( 'NONE',  ( -5.200000000000006395, -50.79999999999999716, 2.286000000000000032 ) ) ;
#8968 = ADVANCED_FACE ( 'NONE', ( #3025, #896, #5074, #1863, #3861, #11695, #1453, #9283 ), #6342, .T. ) ;
#8969 = EDGE_CURVE ( 'NONE', #6181, #8586, #6536, .T. ) ;
#8970 = FACE_OUTER_BOUND ( 'NONE', #9176, .T. ) ;
#8971 = CARTESIAN_POINT ( 'NONE',  ( -2.558670703524407841, 1.879848193585299754, 2.286000000000000032 ) ) ;
#8972 = AXIS2_PLACEMENT_3D ( 'NONE', #3006, #3905, #10715 ) ;
#8973 = ORIENTED_EDGE ( 'NONE', *, *, #3767, .F. ) ;
#8974 = CARTESIAN_POINT ( 'NONE',  ( 0.000000000000000000, -38.09999999999999432, 2.286000000000000032 ) ) ;
#8975 = DIRECTION ( 'NONE',  ( -0.000000000000000000, 0.000000000000000000, 1.000000000000000000 ) ) ;
#8976 = ORIENTED_EDGE ( 'NONE', *, *, #4592, .T. ) ;
#8977 = VECTOR ( 'NONE', #8451, 1000.000000000000000 ) ;
#8978 = ORIENTED_EDGE ( 'NONE', *, *, #2626, .F. ) ;
#8979 = CARTESIAN_POINT ( 'NONE',  ( -5.199999999999993960, 1.329561303583129310E-15, 1.000000000000000000 ) ) ;
#8980 = VERTEX_POINT ( 'NONE', #4471 ) ;
#8981 = LINE ( 'NONE', #1977, #9377 ) ;
#8982 = EDGE_CURVE ( 'NONE', #5362, #12401, #486, .T. ) ;
#8983 = ORIENTED_EDGE ( 'NONE', *, *, #2409, .F. ) ;
#8984 = DIRECTION ( 'NONE',  ( -0.7071067811865476838, 0.7071067811865474617, -0.000000000000000000 ) ) ;
#8985 = DIRECTION ( 'NONE',  ( -0.7071067811865489050, -0.7071067811865461294, -0.000000000000000000 ) ) ;
#8986 = AXIS2_PLACEMENT_3D ( 'NONE', #4458, #3496, #11464 ) ;
#8987 = EDGE_LOOP ( 'NONE', ( #12330, #10418, #10605, #5890 ) ) ;
#8988 = VECTOR ( 'NONE', #9653, 1000.000000000000000 ) ;
#8989 = PLANE ( 'NONE',  #4212 ) ;
#8990 = CARTESIAN_POINT ( 'NONE',  ( 3.654415587728450543, -31.75000000000000000, 3.049999999999999822 ) ) ;
#8991 = DIRECTION ( 'NONE',  ( -0.7071067811865451302, 0.7071067811865500152, 0.000000000000000000 ) ) ;
#8992 = VERTEX_POINT ( 'NONE', #618 ) ;
#8993 = LINE ( 'NONE', #4413, #4450 ) ;
#8994 = ORIENTED_EDGE ( 'NONE', *, *, #742, .T. ) ;
#8995 = ORIENTED_EDGE ( 'NONE', *, *, #4947, .F. ) ;
#8996 = AXIS2_PLACEMENT_3D ( 'NONE', #1739, #3411, #8361 ) ;
#8997 = AXIS2_PLACEMENT_3D ( 'NONE', #3170, #223, #7100 ) ;
#8998 = VERTEX_POINT ( 'NONE', #12365 ) ;
#8999 = EDGE_CURVE ( 'NONE', #7650, #8394, #5477, .T. ) ;
#9000 = DIRECTION ( 'NONE',  ( -1.000000000000000000, 0.000000000000000000, 0.000000000000000000 ) ) ;
#9001 = DIRECTION ( 'NONE',  ( 0.7071067811865497932, -0.7071067811865452413, -0.000000000000000000 ) ) ;
#9002 = DIRECTION ( 'NONE',  ( -1.180083997263133724E-16, -1.000000000000000000, -0.000000000000000000 ) ) ;
#9003 = VERTEX_POINT ( 'NONE', #7497 ) ;
#9004 = DIRECTION ( 'NONE',  ( -0.000000000000000000, -0.000000000000000000, -1.000000000000000000 ) ) ;
#9005 = DIRECTION ( 'NONE',  ( 0.000000000000000000, 0.000000000000000000, -1.000000000000000000 ) ) ;
#9006 = ORIENTED_EDGE ( 'NONE', *, *, #1974, .T. ) ;
#9007 = VECTOR ( 'NONE', #6214, 999.9999999999998863 ) ;
#9008 = VECTOR ( 'NONE', #11519, 1000.000000000000114 ) ;
#9009 = CARTESIAN_POINT ( 'NONE',  ( -1.879848193585292204, -48.24132929647558399, -2.286000000000000032 ) ) ;
#9010 = ORIENTED_EDGE ( 'NONE', *, *, #1335, .T. ) ;
#9011 = VECTOR ( 'NONE', #5441, 1000.000000000000000 ) ;
#9012 = ORIENTED_EDGE ( 'NONE', *, *, #7833, .F. ) ;
#9013 = CARTESIAN_POINT ( 'NONE',  ( -5.218629150101524061, 6.200000000000000178, 3.049999999999999822 ) ) ;
#9014 = EDGE_CURVE ( 'NONE', #10933, #327, #429, .T. ) ;
#9015 = AXIS2_PLACEMENT_3D ( 'NONE', #6558, #696, #6480 ) ;
#9016 = DIRECTION ( 'NONE',  ( -0.7071067811865456854, -0.7071067811865494601, 0.000000000000000000 ) ) ;
#9017 = DIRECTION ( 'NONE',  ( -0.000000000000000000, -0.000000000000000000, -1.000000000000000000 ) ) ;
#9018 = CARTESIAN_POINT ( 'NONE',  ( -18.04161904883375200, 4.662796538894677489, 2.286000000000000032 ) ) ;
#9019 = CARTESIAN_POINT ( 'NONE',  ( 0.000000000000000000, -50.79999999999999716, -1.000000000000000000 ) ) ;
#9020 = DIRECTION ( 'NONE',  ( 0.000000000000000000, 0.000000000000000000, 1.000000000000000000 ) ) ;
#9021 = DIRECTION ( 'NONE',  ( 0.000000000000000000, 0.000000000000000000, 1.000000000000000000 ) ) ;
#9022 = VERTEX_POINT ( 'NONE', #6275 ) ;
#9023 = DIRECTION ( 'NONE',  ( -0.7071067811865461294, 0.7071067811865489050, 0.000000000000000000 ) ) ;
#9024 = DIRECTION ( 'NONE',  ( -0.000000000000000000, -0.000000000000000000, 1.000000000000000000 ) ) ;
#9025 = DIRECTION ( 'NONE',  ( 0.000000000000000000, 0.000000000000000000, 1.000000000000000000 ) ) ;
#9026 = EDGE_CURVE ( 'NONE', #2669, #8408, #1645, .T. ) ;
#9027 = ORIENTED_EDGE ( 'NONE', *, *, #4778, .F. ) ;
#9028 = LINE ( 'NONE', #7356, #6292 ) ;
#9029 = DIRECTION ( 'NONE',  ( 1.000000000000000000, 0.000000000000000000, 0.000000000000000000 ) ) ;
#9030 = LINE ( 'NONE', #3171, #11847 ) ;
#9031 = CARTESIAN_POINT ( 'NONE',  ( 0.000000000000000000, -38.09999999999999432, 1.000000000000000000 ) ) ;
#9032 = DIRECTION ( 'NONE',  ( -0.000000000000000000, -0.000000000000000000, 1.000000000000000000 ) ) ;
#9033 = VERTEX_POINT ( 'NONE', #4345 ) ;
#9034 = CARTESIAN_POINT ( 'NONE',  ( 0.000000000000000000, 0.000000000000000000, 1.000000000000000000 ) ) ;
#9035 = LINE ( 'NONE', #229, #2789 ) ;
#9036 = ORIENTED_EDGE ( 'NONE', *, *, #8401, .T. ) ;
#9037 = ORIENTED_EDGE ( 'NONE', *, *, #5785, .T. ) ;
#9038 = EDGE_CURVE ( 'NONE', #8477, #6477, #9420, .T. ) ;
#9039 = ADVANCED_FACE ( 'NONE', ( #3377 ), #4533, .T. ) ;
#9040 = CARTESIAN_POINT ( 'NONE',  ( 5.200000000000000178, -42.62117749006088729, -2.286000000000000920 ) ) ;
#9041 = VERTEX_POINT ( 'NONE', #10264 ) ;
#9042 = EDGE_CURVE ( 'NONE', #10509, #3984, #12246, .T. ) ;
#9043 = ADVANCED_FACE ( 'NONE', ( #10456 ), #1583, .F. ) ;
#9044 = FACE_OUTER_BOUND ( 'NONE', #8171, .T. ) ;
#9045 = ORIENTED_EDGE ( 'NONE', *, *, #713, .T. ) ;
#9046 = CARTESIAN_POINT ( 'NONE',  ( 6.200000000000003730, -45.58137084989848375, -3.049999999999999822 ) ) ;
#9047 = CARTESIAN_POINT ( 'NONE',  ( -25.73941125496951443, -25.73941125496968141, 1.000000000000000000 ) ) ;
#9048 = ORIENTED_EDGE ( 'NONE', *, *, #12666, .T. ) ;
#9049 = CARTESIAN_POINT ( 'NONE',  ( -10.59999999999999787, 0.000000000000000000, -1.001000000000000112 ) ) ;
#9050 = CARTESIAN_POINT ( 'NONE',  ( -5.199999999999998401, -17.22117749006089937, -1.000000000000000000 ) ) ;
#9051 = DIRECTION ( 'NONE',  ( 1.000000000000000000, -1.180083997263133724E-16, 0.000000000000000000 ) ) ;
#9052 = VERTEX_POINT ( 'NONE', #3443 ) ;
#9053 = CARTESIAN_POINT ( 'NONE',  ( 0.4799999999999964850, -15.83850681057091059, 2.286000000000000032 ) ) ;
#9054 = ORIENTED_EDGE ( 'NONE', *, *, #11446, .T. ) ;
#9055 = EDGE_CURVE ( 'NONE', #6291, #7177, #6920, .T. ) ;
#9056 = ORIENTED_EDGE ( 'NONE', *, *, #2611, .F. ) ;
#9057 = ORIENTED_EDGE ( 'NONE', *, *, #602, .F. ) ;
#9058 = CARTESIAN_POINT ( 'NONE',  ( 2.584475285236818465, -27.30565277529775869, -2.286000000000000032 ) ) ;
#9059 = DIRECTION ( 'NONE',  ( -0.7071067811865471286, -0.7071067811865479058, 0.000000000000000000 ) ) ;
#9060 = ORIENTED_EDGE ( 'NONE', *, *, #851, .F. ) ;
#9061 = PLANE ( 'NONE',  #318 ) ;
#9062 = LINE ( 'NONE', #6114, #496 ) ;
#9063 = ORIENTED_EDGE ( 'NONE', *, *, #5557, .F. ) ;
#9064 = DIRECTION ( 'NONE',  ( -0.000000000000000000, -0.000000000000000000, 1.000000000000000000 ) ) ;
#9065 = VERTEX_POINT ( 'NONE', #8519 ) ;
#9066 = ORIENTED_EDGE ( 'NONE', *, *, #7416, .F. ) ;
#9067 = DIRECTION ( 'NONE',  ( 0.000000000000000000, 0.000000000000000000, -1.000000000000000000 ) ) ;
#9068 = DIRECTION ( 'NONE',  ( -0.000000000000000000, -0.000000000000000000, 1.000000000000000000 ) ) ;
#9069 = DIRECTION ( 'NONE',  ( -0.000000000000000000, -0.000000000000000000, 1.000000000000000000 ) ) ;
#9070 = CARTESIAN_POINT ( 'NONE',  ( -7.895584412271571928, 5.199999999999999289, 3.049999999999999822 ) ) ;
#9071 = VERTEX_POINT ( 'NONE', #12439 ) ;
#9072 = DIRECTION ( 'NONE',  ( -0.000000000000000000, -0.000000000000000000, 1.000000000000000000 ) ) ;
#9073 = DIRECTION ( 'NONE',  ( 1.000000000000000000, 0.000000000000000000, 0.000000000000000000 ) ) ;
#9074 = CYLINDRICAL_SURFACE ( 'NONE', #4587, 1.499999999999997780 ) ;
#9075 = ORIENTED_EDGE ( 'NONE', *, *, #1393, .T. ) ;
#9076 = DIRECTION ( 'NONE',  ( -0.7071067811865500152, -0.7071067811865451302, 0.000000000000000000 ) ) ;
#9077 = DIRECTION ( 'NONE',  ( -0.000000000000000000, -0.000000000000000000, -1.000000000000000000 ) ) ;
#9078 = EDGE_CURVE ( 'NONE', #11942, #448, #11280, .T. ) ;
#9079 = EDGE_CURVE ( 'NONE', #4628, #2623, #3640, .T. ) ;
#9080 = LINE ( 'NONE', #8895, #1342 ) ;
#9081 = ORIENTED_EDGE ( 'NONE', *, *, #5584, .T. ) ;
#9082 = VECTOR ( 'NONE', #5372, 1000.000000000000114 ) ;
#9083 = CARTESIAN_POINT ( 'NONE',  ( -5.341619048833763372, 4.662796538894668608, 2.286000000000000032 ) ) ;
#9084 = DIRECTION ( 'NONE',  ( 0.000000000000000000, 0.000000000000000000, 1.000000000000000000 ) ) ;
#9085 = CARTESIAN_POINT ( 'NONE',  ( 0.000000000000000000, 6.200000000000000178, -3.049999999999999822 ) ) ;
#9086 = LINE ( 'NONE', #3431, #4466 ) ;
#9087 = CARTESIAN_POINT ( 'NONE',  ( -6.199999999999977973, -17.91862915010153046, -3.049999999999999822 ) ) ;
#9088 = ORIENTED_EDGE ( 'NONE', *, *, #413, .F. ) ;
#9089 = AXIS2_PLACEMENT_3D ( 'NONE', #737, #802, #11717 ) ;
#9090 = EDGE_CURVE ( 'NONE', #315, #6850, #6397, .T. ) ;
#9091 = CARTESIAN_POINT ( 'NONE',  ( 2.558670703524386969, -23.52015180641467040, -1.000000000000000000 ) ) ;
#9092 = DIRECTION ( 'NONE',  ( -1.000000000000000000, 0.000000000000000000, -0.000000000000000000 ) ) ;
#9093 = AXIS2_PLACEMENT_3D ( 'NONE', #3844, #7768, #8662 ) ;
#9094 = ORIENTED_EDGE ( 'NONE', *, *, #10815, .T. ) ;
#9095 = ORIENTED_EDGE ( 'NONE', *, *, #2315, .T. ) ;
#9096 = FACE_OUTER_BOUND ( 'NONE', #5631, .T. ) ;
#9097 = ORIENTED_EDGE ( 'NONE', *, *, #12178, .F. ) ;
#9098 = LINE ( 'NONE', #12179, #8352 ) ;
#9099 = AXIS2_PLACEMENT_3D ( 'NONE', #5870, #2018, #2079 ) ;
#9100 = ORIENTED_EDGE ( 'NONE', *, *, #10043, .F. ) ;
#9101 = DIRECTION ( 'NONE',  ( -0.000000000000000000, -0.000000000000000000, -1.000000000000000000 ) ) ;
#9102 = CARTESIAN_POINT ( 'NONE',  ( 0.000000000000000000, 0.000000000000000000, -1.000000000000000000 ) ) ;
#9103 = ORIENTED_EDGE ( 'NONE', *, *, #2504, .F. ) ;
#9104 = EDGE_CURVE ( 'NONE', #9556, #10124, #1392, .T. ) ;
#9105 = DIRECTION ( 'NONE',  ( -2.556848660736790434E-16, -1.000000000000000000, 0.000000000000000000 ) ) ;
#9106 = CARTESIAN_POINT ( 'NONE',  ( 19.38941125496954498, -19.38941125496964446, 1.000000000000000000 ) ) ;
#9107 = PLANE ( 'NONE',  #4368 ) ;
#9108 = EDGE_CURVE ( 'NONE', #10459, #10745, #7547, .T. ) ;
#9109 = ORIENTED_EDGE ( 'NONE', *, *, #911, .T. ) ;
#9110 = ADVANCED_FACE ( 'NONE', ( #1892 ), #3704, .F. ) ;
#9112 = DIRECTION ( 'NONE',  ( 1.000000000000000000, -0.000000000000000000, 0.000000000000000000 ) ) ;
#9111 = AXIS2_PLACEMENT_3D ( 'NONE', #9621, #4477, #5629 ) ;
#9113 = AXIS2_PLACEMENT_3D ( 'NONE', #595, #10356, #6433 ) ;
#9114 = ORIENTED_EDGE ( 'NONE', *, *, #12533, .T. ) ;
#9115 = EDGE_LOOP ( 'NONE', ( #384, #4690, #7133, #8973 ) ) ;
#9116 = ORIENTED_EDGE ( 'NONE', *, *, #4403, .T. ) ;
#9117 = VECTOR ( 'NONE', #11658, 1000.000000000000114 ) ;
#9118 = CARTESIAN_POINT ( 'NONE',  ( 2.584475285236819797, -1.905652775297756341, 2.286000000000000032 ) ) ;
#9119 = CARTESIAN_POINT ( 'NONE',  ( 3.654415587728450543, -31.75000000000000000, 3.049999999999999822 ) ) ;
#9120 = EDGE_LOOP ( 'NONE', ( #1627, #172, #9508, #1322, #8280, #8607 ) ) ;
#9121 = EDGE_CURVE ( 'NONE', #5088, #760, #12253, .T. ) ;
#9122 = DIRECTION ( 'NONE',  ( 0.000000000000000000, 0.000000000000000000, 1.000000000000000000 ) ) ;
#9123 = LINE ( 'NONE', #3332, #1116 ) ;
#9124 = ORIENTED_EDGE ( 'NONE', *, *, #6112, .T. ) ;
#9125 = DIRECTION ( 'NONE',  ( 0.000000000000000000, -1.000000000000000000, 0.000000000000000000 ) ) ;
#9126 = ORIENTED_EDGE ( 'NONE', *, *, #5191, .F. ) ;
#9127 = AXIS2_PLACEMENT_3D ( 'NONE', #7660, #11763, #848 ) ;
#9128 = ORIENTED_EDGE ( 'NONE', *, *, #7942, .T. ) ;
#9129 = CIRCLE ( 'NONE', #6459, 3.174999999999998934 ) ;
#9130 = DIRECTION ( 'NONE',  ( 0.7071067811865453523, 0.7071067811865497932, 0.000000000000000000 ) ) ;
#9131 = CARTESIAN_POINT ( 'NONE',  ( -1.879848193585311078, -40.65867070352439328, -1.000000000000000000 ) ) ;
#9132 = CARTESIAN_POINT ( 'NONE',  ( 5.200000000000000178, 6.368163355566235395E-16, -2.286000000000000032 ) ) ;
#9133 = EDGE_LOOP ( 'NONE', ( #10992, #1660, #874, #6239 ) ) ;
#9134 = EDGE_CURVE ( 'NONE', #11123, #8549, #2402, .T. ) ;
#9135 = DIRECTION ( 'NONE',  ( 0.000000000000000000, 0.000000000000000000, -1.000000000000000000 ) ) ;
#9136 = CARTESIAN_POINT ( 'NONE',  ( -20.18137084989847452, -6.200000000000000178, -3.049999999999999822 ) ) ;
#9137 = LINE ( 'NONE', #4262, #3153 ) ;
#9138 = ORIENTED_EDGE ( 'NONE', *, *, #12589, .F. ) ;
#9139 = LINE ( 'NONE', #5221, #10807 ) ;
#9140 = VECTOR ( 'NONE', #9499, 1000.000000000000000 ) ;
#9141 = DIRECTION ( 'NONE',  ( -0.000000000000000000, -0.000000000000000000, -1.000000000000000000 ) ) ;
#9142 = VECTOR ( 'NONE', #10901, 1000.000000000000000 ) ;
#9143 = DIRECTION ( 'NONE',  ( 0.7071067811865489050, -0.7071067811865462405, 0.000000000000000000 ) ) ;
#9144 = EDGE_LOOP ( 'NONE', ( #5397, #5719, #10705, #12117 ) ) ;
#9145 = VECTOR ( 'NONE', #10446, 1000.000000000000000 ) ;
#9146 = CARTESIAN_POINT ( 'NONE',  ( -24.05220779386422336, -24.05220779386403507, -1.000000000000000000 ) ) ;
#9147 = PLANE ( 'NONE',  #4884 ) ;
#9148 = DIRECTION ( 'NONE',  ( 0.7071067811865491270, 0.7071067811865459074, 0.000000000000000000 ) ) ;
#9149 = ADVANCED_FACE ( 'NONE', ( #6726 ), #12563, .F. ) ;
#9150 = EDGE_CURVE ( 'NONE', #6008, #10745, #929, .T. ) ;
#9151 = CARTESIAN_POINT ( 'NONE',  ( 0.4799999999999988165, -34.92499999999999716, -2.286000000000000032 ) ) ;
#9152 = DIRECTION ( 'NONE',  ( -0.000000000000000000, -0.000000000000000000, -1.000000000000000000 ) ) ;
#9153 = AXIS2_PLACEMENT_3D ( 'NONE', #338, #7214, #1429 ) ;
#9154 = AXIS2_PLACEMENT_3D ( 'NONE', #6823, #10681, #12602 ) ;
#9155 = ORIENTED_EDGE ( 'NONE', *, *, #5336, .T. ) ;
#9156 = CARTESIAN_POINT ( 'NONE',  ( -1.905652775297756785, 2.584475285236820241, 2.286000000000000032 ) ) ;
#9157 = CARTESIAN_POINT ( 'NONE',  ( -6.199999999999995737, -50.79999999999999716, 3.049999999999999822 ) ) ;
#9158 = ORIENTED_EDGE ( 'NONE', *, *, #2829, .T. ) ;
#9159 = AXIS2_PLACEMENT_3D ( 'NONE', #9262, #6320, #462 ) ;
#9160 = ORIENTED_EDGE ( 'NONE', *, *, #5610, .F. ) ;
#9161 = AXIS2_PLACEMENT_3D ( 'NONE', #8932, #4051, #6231 ) ;
#9162 = ORIENTED_EDGE ( 'NONE', *, *, #9857, .T. ) ;
#9163 = VECTOR ( 'NONE', #128, 1000.000000000000000 ) ;
#9164 = EDGE_CURVE ( 'NONE', #10020, #10283, #8776, .T. ) ;
#9165 = CARTESIAN_POINT ( 'NONE',  ( -1.879848193585325289, 2.558670703524388745, 2.286000000000000032 ) ) ;
#9166 = VECTOR ( 'NONE', #3639, 1000.000000000000000 ) ;
#9167 = ADVANCED_FACE ( 'NONE', ( #2923 ), #12509, .F. ) ;
#9168 = VERTEX_POINT ( 'NONE', #4728 ) ;
#9169 = DIRECTION ( 'NONE',  ( -0.7071067811865491270, -0.7071067811865459074, 0.000000000000000000 ) ) ;
#9170 = CARTESIAN_POINT ( 'NONE',  ( -22.26149318942908550, 0.4799999999999999822, 2.286000000000000032 ) ) ;
#9171 = VERTEX_POINT ( 'NONE', #8840 ) ;
#9172 = DIRECTION ( 'NONE',  ( 0.7071067811865477948, -0.7071067811865473507, 0.000000000000000000 ) ) ;
#9173 = CARTESIAN_POINT ( 'NONE',  ( -6.199999999999970868, -43.31862915010152904, 3.049999999999999822 ) ) ;
#9174 = CARTESIAN_POINT ( 'NONE',  ( 5.341619048833758931, -8.037203461105331570, 2.286000000000000032 ) ) ;
#9175 = VECTOR ( 'NONE', #5329, 1000.000000000000000 ) ;
#9176 = EDGE_LOOP ( 'NONE', ( #11144, #2449, #11479, #7295, #11437, #10943, #7052 ) ) ;
#9177 = VECTOR ( 'NONE', #11593, 1000.000000000000114 ) ;
#9178 = PLANE ( 'NONE',  #6498 ) ;
#9179 = ORIENTED_EDGE ( 'NONE', *, *, #8777, .F. ) ;
#9180 = ORIENTED_EDGE ( 'NONE', *, *, #10533, .T. ) ;
#9181 = VERTEX_POINT ( 'NONE', #1837 ) ;
#9182 = EDGE_CURVE ( 'NONE', #12673, #760, #999, .T. ) ;
#9183 = ORIENTED_EDGE ( 'NONE', *, *, #9078, .T. ) ;
#9184 = CIRCLE ( 'NONE', #6932, 3.174999999999998934 ) ;
#9185 = DIRECTION ( 'NONE',  ( 1.000000000000000000, 0.000000000000000000, 0.000000000000000000 ) ) ;
#9186 = LINE ( 'NONE', #9119, #9175 ) ;
#9187 = ORIENTED_EDGE ( 'NONE', *, *, #3280, .T. ) ;
#9188 = DIRECTION ( 'NONE',  ( 0.7071067811865465735, 0.7071067811865483499, 0.000000000000000000 ) ) ;
#9189 = LINE ( 'NONE', #11060, #91 ) ;
#9190 = VERTEX_POINT ( 'NONE', #1771 ) ;
#9191 = CARTESIAN_POINT ( 'NONE',  ( -0.4800000000000003153, -41.23850681057090384, 1.000000000000000000 ) ) ;
#9192 = ORIENTED_EDGE ( 'NONE', *, *, #2049, .F. ) ;
#9193 = VECTOR ( 'NONE', #9599, 1000.000000000000000 ) ;
#9194 = ORIENTED_EDGE ( 'NONE', *, *, #8027, .T. ) ;
#9195 = EDGE_CURVE ( 'NONE', #2805, #7378, #3894, .T. ) ;
#9196 = EDGE_CURVE ( 'NONE', #9253, #1712, #32, .T. ) ;
#9197 = EDGE_CURVE ( 'NONE', #5973, #3007, #8648, .T. ) ;
#9198 = EDGE_CURVE ( 'NONE', #6869, #10401, #3757, .T. ) ;
#9199 = CARTESIAN_POINT ( 'NONE',  ( 0.000000000000000000, 0.4799999999999999822, -1.000000000000000000 ) ) ;
#9200 = LINE ( 'NONE', #5213, #9204 ) ;
#9201 = DIRECTION ( 'NONE',  ( 0.7071067811865459074, 0.7071067811865491270, 0.000000000000000000 ) ) ;
#9202 = VECTOR ( 'NONE', #5502, 1000.000000000000000 ) ;
#9203 = ORIENTED_EDGE ( 'NONE', *, *, #8262, .F. ) ;
#9204 = VECTOR ( 'NONE', #8107, 1000.000000000000000 ) ;
#9205 = LINE ( 'NONE', #1240, #514 ) ;
#9206 = LINE ( 'NONE', #1177, #6031 ) ;
#9207 = CARTESIAN_POINT ( 'NONE',  ( -4.521177490060923176, 5.199999999999999289, 1.000000000000000444 ) ) ;
#9208 = ORIENTED_EDGE ( 'NONE', *, *, #413, .T. ) ;
#9209 = CARTESIAN_POINT ( 'NONE',  ( -7.697792206135778414, -7.697792206135783744, 1.000000000000000000 ) ) ;
#9210 = CYLINDRICAL_SURFACE ( 'NONE', #3371, 3.174999999999999822 ) ;
#9211 = AXIS2_PLACEMENT_3D ( 'NONE', #9853, #5020, #11955 ) ;
#9212 = CARTESIAN_POINT ( 'NONE',  ( -6.350000000000001421, 3.654415587728427450, 3.049999999999999822 ) ) ;
#9213 = EDGE_CURVE ( 'NONE', #10726, #2214, #6844, .T. ) ;
#9214 = AXIS2_PLACEMENT_3D ( 'NONE', #9118, #5266, #3273 ) ;
#9215 = DIRECTION ( 'NONE',  ( 0.000000000000000000, -0.000000000000000000, 1.000000000000000000 ) ) ;
#9216 = VECTOR ( 'NONE', #1012, 1000.000000000000000 ) ;
#9217 = CARTESIAN_POINT ( 'NONE',  ( -7.358380951166246575, 4.662796538894677489, -2.286000000000000032 ) ) ;
#9218 = CARTESIAN_POINT ( 'NONE',  ( -25.39999999999999858, 0.000000000000000000, 2.286000000000000032 ) ) ;
#9219 = LINE ( 'NONE', #1252, #2008 ) ;
#9220 = CARTESIAN_POINT ( 'NONE',  ( 6.200000000000000178, 7.592810154713588849E-16, -3.049999999999999822 ) ) ;
#9221 = ORIENTED_EDGE ( 'NONE', *, *, #1423, .T. ) ;
#9222 = CARTESIAN_POINT ( 'NONE',  ( -10.14132929647560033, -1.879848193585313298, 1.000000000000000000 ) ) ;
#9223 = LINE ( 'NONE', #3437, #2376 ) ;
#9224 = VERTEX_POINT ( 'NONE', #12694 ) ;
#9225 = EDGE_CURVE ( 'NONE', #2491, #3207, #7811, .T. ) ;
#9226 = ORIENTED_EDGE ( 'NONE', *, *, #11974, .T. ) ;
#9227 = ORIENTED_EDGE ( 'NONE', *, *, #1544, .F. ) ;
#9228 = CARTESIAN_POINT ( 'NONE',  ( 6.200000000000000178, 7.592810154713588849E-16, 3.049999999999999822 ) ) ;
#9229 = DIRECTION ( 'NONE',  ( 0.7071067811865479058, -0.7071067811865472397, 0.000000000000000000 ) ) ;
#9230 = ORIENTED_EDGE ( 'NONE', *, *, #2750, .F. ) ;
#9231 = DIRECTION ( 'NONE',  ( -0.000000000000000000, -0.000000000000000000, 1.000000000000000000 ) ) ;
#9232 = EDGE_LOOP ( 'NONE', ( #7268, #10319, #6473, #3456 ) ) ;
#9233 = DIRECTION ( 'NONE',  ( -0.000000000000000000, -0.000000000000000000, -1.000000000000000000 ) ) ;
#9234 = CYLINDRICAL_SURFACE ( 'NONE', #4018, 3.174999999999999822 ) ;
#9235 = ORIENTED_EDGE ( 'NONE', *, *, #1190, .T. ) ;
#9236 = LINE ( 'NONE', #10916, #1570 ) ;
#9237 = ORIENTED_EDGE ( 'NONE', *, *, #10286, .F. ) ;
#9238 = EDGE_CURVE ( 'NONE', #8491, #12445, #3638, .T. ) ;
#9239 = VERTEX_POINT ( 'NONE', #2796 ) ;
#9240 = EDGE_CURVE ( 'NONE', #9253, #962, #9673, .T. ) ;
#9241 = ORIENTED_EDGE ( 'NONE', *, *, #6677, .T. ) ;
#9242 = VERTEX_POINT ( 'NONE', #2675 ) ;
#9243 = CARTESIAN_POINT ( 'NONE',  ( -12.69999999999999929, 0.000000000000000000, -2.286000000000000032 ) ) ;
#9244 = LINE ( 'NONE', #8348, #3627 ) ;
#9245 = ORIENTED_EDGE ( 'NONE', *, *, #1923, .F. ) ;
#9246 = CARTESIAN_POINT ( 'NONE',  ( 0.000000000000000000, -50.79999999999999716, -2.286000000000000032 ) ) ;
#9247 = FACE_OUTER_BOUND ( 'NONE', #2460, .T. ) ;
#9248 = ORIENTED_EDGE ( 'NONE', *, *, #12164, .T. ) ;
#9249 = LINE ( 'NONE', #2378, #2587 ) ;
#9250 = ADVANCED_FACE ( 'NONE', ( #6597 ), #9545, .F. ) ;
#9251 = ORIENTED_EDGE ( 'NONE', *, *, #10495, .F. ) ;
#9252 = ORIENTED_EDGE ( 'NONE', *, *, #7161, .F. ) ;
#9253 = VERTEX_POINT ( 'NONE', #6073 ) ;
#9254 = LINE ( 'NONE', #1427, #2227 ) ;
#9255 = DIRECTION ( 'NONE',  ( -1.000000000000000000, 1.639108796198557931E-15, 0.000000000000000000 ) ) ;
#9256 = LINE ( 'NONE', #2510, #5255 ) ;
#9257 = VERTEX_POINT ( 'NONE', #9085 ) ;
#9258 = CARTESIAN_POINT ( 'NONE',  ( -5.200000000000021494, -50.79999999999999716, 3.049999999999999822 ) ) ;
#9259 = LINE ( 'NONE', #4261, #8284 ) ;
#9260 = DIRECTION ( 'NONE',  ( 0.7071067811865455743, -0.7071067811865494601, 0.000000000000000000 ) ) ;
#9261 = ORIENTED_EDGE ( 'NONE', *, *, #3064, .F. ) ;
#9262 = CARTESIAN_POINT ( 'NONE',  ( 0.000000000000000000, -38.09999999999999432, -1.000000000000000000 ) ) ;
#9263 = EDGE_CURVE ( 'NONE', #12513, #11290, #8898, .T. ) ;
#9264 = EDGE_CURVE ( 'NONE', #12278, #6284, #11916, .T. ) ;
#9265 = CARTESIAN_POINT ( 'NONE',  ( -5.199999999999999289, -20.59558441227159875, 3.049999999999999822 ) ) ;
#9266 = EDGE_CURVE ( 'NONE', #773, #1903, #4199, .T. ) ;
#9267 = EDGE_CURVE ( 'NONE', #3252, #592, #7174, .T. ) ;
#9268 = DIRECTION ( 'NONE',  ( -0.000000000000000000, -0.000000000000000000, 1.000000000000000000 ) ) ;
#9269 = FACE_OUTER_BOUND ( 'NONE', #8217, .T. ) ;
#9270 = LINE ( 'NONE', #12162, #985 ) ;
#9271 = DIRECTION ( 'NONE',  ( 3.756290991288361679E-16, 1.000000000000000000, -0.000000000000000000 ) ) ;
#9272 = LINE ( 'NONE', #7175, #3648 ) ;
#9273 = CARTESIAN_POINT ( 'NONE',  ( 3.654415587728451431, -19.04999999999999716, 1.000000000000000000 ) ) ;
#9274 = CARTESIAN_POINT ( 'NONE',  ( -6.010588745030478464, 6.010588745030459812, -1.000000000000000000 ) ) ;
#9275 = EDGE_LOOP ( 'NONE', ( #4672, #7999, #5012, #4491 ) ) ;
#9276 = EDGE_CURVE ( 'NONE', #1009, #834, #11021, .T. ) ;
#9277 = DIRECTION ( 'NONE',  ( -0.7071067811865489050, 0.7071067811865460184, 0.000000000000000000 ) ) ;
#9278 = LINE ( 'NONE', #4398, #6077 ) ;
#9279 = ORIENTED_EDGE ( 'NONE', *, *, #12322, .F. ) ;
#9280 = EDGE_LOOP ( 'NONE', ( #3803, #10720, #5435, #2003 ) ) ;
#9281 = VERTEX_POINT ( 'NONE', #1189 ) ;
#9282 = LINE ( 'NONE', #2289, #2199 ) ;
#9283 = FACE_BOUND ( 'NONE', #7182, .T. ) ;
#9284 = ORIENTED_EDGE ( 'NONE', *, *, #9869, .T. ) ;
#9285 = CARTESIAN_POINT ( 'NONE',  ( -3.654415587728408799, -31.74999999999999289, 3.049999999999999822 ) ) ;
#9286 = VECTOR ( 'NONE', #507, 1000.000000000000000 ) ;
#9287 = VERTEX_POINT ( 'NONE', #1122 ) ;
#9288 = EDGE_CURVE ( 'NONE', #2097, #4177, #1310, .T. ) ;
#9289 = CYLINDRICAL_SURFACE ( 'NONE', #4192, 3.174999999999999822 ) ;
#9290 = DIRECTION ( 'NONE',  ( -0.7071067811865484609, 0.7071067811865466846, 0.000000000000000000 ) ) ;
#9291 = ORIENTED_EDGE ( 'NONE', *, *, #6927, .T. ) ;
#9292 = DIRECTION ( 'NONE',  ( -1.180083997263133724E-16, -1.000000000000000000, -0.000000000000000000 ) ) ;
#9293 = ORIENTED_EDGE ( 'NONE', *, *, #8088, .F. ) ;
#9294 = VERTEX_POINT ( 'NONE', #6911 ) ;
#9295 = VECTOR ( 'NONE', #6570, 1000.000000000000000 ) ;
#9296 = DIRECTION ( 'NONE',  ( -1.000000000000000000, 2.185478394931411364E-15, 0.000000000000000000 ) ) ;
#9297 = ORIENTED_EDGE ( 'NONE', *, *, #3770, .F. ) ;
#9298 = CIRCLE ( 'NONE', #5606, 3.174999999999999822 ) ;
#9299 = ORIENTED_EDGE ( 'NONE', *, *, #2535, .F. ) ;
#9300 = DIRECTION ( 'NONE',  ( 1.000000000000000000, 0.000000000000000000, 0.000000000000000000 ) ) ;
#9301 = DIRECTION ( 'NONE',  ( 0.7071067811865473507, -0.7071067811865477948, 0.000000000000000000 ) ) ;
#9302 = EDGE_CURVE ( 'NONE', #12258, #7500, #10896, .T. ) ;
#9303 = ORIENTED_EDGE ( 'NONE', *, *, #7111, .F. ) ;
#9304 = AXIS2_PLACEMENT_3D ( 'NONE', #6379, #524, #10357 ) ;
#9305 = EDGE_CURVE ( 'NONE', #10859, #3441, #9030, .T. ) ;
#9306 = DIRECTION ( 'NONE',  ( -1.000000000000000000, 0.000000000000000000, 0.000000000000000000 ) ) ;
#9307 = CARTESIAN_POINT ( 'NONE',  ( -30.59999999999999787, 0.000000000000000000, 1.000000000000000000 ) ) ;
#9308 = VECTOR ( 'NONE', #5599, 1000.000000000000114 ) ;
#9309 = ORIENTED_EDGE ( 'NONE', *, *, #3424, .F. ) ;
#9310 = DIRECTION ( 'NONE',  ( 0.000000000000000000, 0.000000000000000000, -1.000000000000000000 ) ) ;
#9311 = VERTEX_POINT ( 'NONE', #7871 ) ;
#9312 = ORIENTED_EDGE ( 'NONE', *, *, #6994, .F. ) ;
#9313 = VERTEX_POINT ( 'NONE', #2277 ) ;
#9314 = VERTEX_POINT ( 'NONE', #9927 ) ;
#9315 = AXIS2_PLACEMENT_3D ( 'NONE', #9034, #3244, #11213 ) ;
#9316 = EDGE_CURVE ( 'NONE', #1416, #366, #1059, .T. ) ;
#9317 = DIRECTION ( 'NONE',  ( 0.000000000000000000, 0.000000000000000000, 1.000000000000000000 ) ) ;
#9318 = DIRECTION ( 'NONE',  ( 1.000000000000000000, -3.469446951953619316E-15, 0.000000000000000000 ) ) ;
#9319 = LINE ( 'NONE', #8234, #5880 ) ;
#9320 = ORIENTED_EDGE ( 'NONE', *, *, #3341, .F. ) ;
#9321 = DIRECTION ( 'NONE',  ( -0.7071067811865472397, 0.7071067811865479058, 0.000000000000000000 ) ) ;
#9322 = CARTESIAN_POINT ( 'NONE',  ( 0.4799999999999937650, -28.53850681057091521, -1.000000000000000000 ) ) ;
#9323 = CARTESIAN_POINT ( 'NONE',  ( 3.654415587728450543, -31.75000000000000000, -3.049999999999999822 ) ) ;
#9324 = ORIENTED_EDGE ( 'NONE', *, *, #2132, .F. ) ;
#9325 = DIRECTION ( 'NONE',  ( 0.7071067811865452413, -0.7071067811865497932, 0.000000000000000000 ) ) ;
#9326 = VECTOR ( 'NONE', #277, 1000.000000000000114 ) ;
#9327 = CARTESIAN_POINT ( 'NONE',  ( 0.000000000000000000, -25.39999999999999858, -2.286000000000000032 ) ) ;
#9328 = CARTESIAN_POINT ( 'NONE',  ( -11.35220779386420986, -11.35220779386418144, 1.000000000000000000 ) ) ;
#9329 = AXIS2_PLACEMENT_3D ( 'NONE', #6382, #8242, #5349 ) ;
#9330 = ADVANCED_FACE ( 'NONE', ( #7101 ), #10114, .T. ) ;
#9331 = DIRECTION ( 'NONE',  ( -1.000000000000000000, 0.000000000000000000, -0.000000000000000000 ) ) ;
#9332 = FACE_OUTER_BOUND ( 'NONE', #8567, .T. ) ;
#9333 = CARTESIAN_POINT ( 'NONE',  ( -0.4800000000000017031, -9.561493189429087991, -1.000000000000000000 ) ) ;
#9334 = EDGE_CURVE ( 'NONE', #4235, #10641, #4975, .T. ) ;
#9335 = VECTOR ( 'NONE', #11448, 1000.000000000000000 ) ;
#9336 = LINE ( 'NONE', #8057, #1387 ) ;
#9337 = LINE ( 'NONE', #609, #4787 ) ;
#9338 = LINE ( 'NONE', #11394, #10534 ) ;
#9339 = ORIENTED_EDGE ( 'NONE', *, *, #10862, .F. ) ;
#9340 = CARTESIAN_POINT ( 'NONE',  ( 11.35220779386423295, -11.35220779386417256, -1.000000000000000000 ) ) ;
#9341 = LINE ( 'NONE', #8629, #4633 ) ;
#9342 = ORIENTED_EDGE ( 'NONE', *, *, #9879, .F. ) ;
#9343 = VECTOR ( 'NONE', #9375, 1000.000000000000000 ) ;
#9344 = ORIENTED_EDGE ( 'NONE', *, *, #11772, .T. ) ;
#9345 = EDGE_CURVE ( 'NONE', #1903, #8670, #2219, .T. ) ;
#9346 = ADVANCED_FACE ( 'NONE', ( #10060 ), #1251, .T. ) ;
#9347 = AXIS2_PLACEMENT_3D ( 'NONE', #9218, #11141, #417 ) ;
#9348 = LINE ( 'NONE', #7625, #6502 ) ;
#9349 = ADVANCED_FACE ( 'NONE', ( #8056 ), #8001, .T. ) ;
#9350 = AXIS2_PLACEMENT_3D ( 'NONE', #11642, #11703, #14 ) ;
#9351 = DIRECTION ( 'NONE',  ( 0.000000000000000000, 0.000000000000000000, -1.000000000000000000 ) ) ;
#9352 = EDGE_CURVE ( 'NONE', #10778, #9837, #5949, .T. ) ;
#9353 = ORIENTED_EDGE ( 'NONE', *, *, #2252, .F. ) ;
#9354 = DIRECTION ( 'NONE',  ( -1.000000000000000000, 0.000000000000000000, 0.000000000000000000 ) ) ;
#9355 = ORIENTED_EDGE ( 'NONE', *, *, #4908, .F. ) ;
#9356 = VECTOR ( 'NONE', #7053, 1000.000000000000000 ) ;
#9357 = CARTESIAN_POINT ( 'NONE',  ( -14.57984819358530970, -2.558670703524399848, 1.000000000000000000 ) ) ;
#9358 = DIRECTION ( 'NONE',  ( -0.000000000000000000, -0.000000000000000000, 1.000000000000000000 ) ) ;
#9359 = ORIENTED_EDGE ( 'NONE', *, *, #10590, .F. ) ;
#9360 = CARTESIAN_POINT ( 'NONE',  ( 0.000000000000000000, 5.199999999999999289, 1.000000000000000000 ) ) ;
#9361 = AXIS2_PLACEMENT_3D ( 'NONE', #12538, #10870, #11753 ) ;
#9362 = ORIENTED_EDGE ( 'NONE', *, *, #941, .T. ) ;
#9363 = VECTOR ( 'NONE', #11883, 1000.000000000000000 ) ;
#9364 = ORIENTED_EDGE ( 'NONE', *, *, #1818, .F. ) ;
#9365 = LINE ( 'NONE', #12451, #3056 ) ;
#9366 = VERTEX_POINT ( 'NONE', #6006 ) ;
#9367 = AXIS2_PLACEMENT_3D ( 'NONE', #3690, #9529, #8378 ) ;
#9368 = EDGE_CURVE ( 'NONE', #3269, #456, #4079, .T. ) ;
#9369 = ORIENTED_EDGE ( 'NONE', *, *, #2048, .T. ) ;
#9370 = AXIS2_PLACEMENT_3D ( 'NONE', #1280, #7138, #12079 ) ;
#9371 = CARTESIAN_POINT ( 'NONE',  ( -1.905652775297731472, -48.21552471476314849, 2.286000000000000032 ) ) ;
#9372 = FACE_OUTER_BOUND ( 'NONE', #8533, .T. ) ;
#9373 = CIRCLE ( 'NONE', #2185, 2.100000000000000089 ) ;
#9374 = ORIENTED_EDGE ( 'NONE', *, *, #10889, .T. ) ;
#9375 = DIRECTION ( 'NONE',  ( -0.7071067811865479058, -0.7071067811865471286, 0.000000000000000000 ) ) ;
#9376 = PLANE ( 'NONE',  #8679 ) ;
#9377 = VECTOR ( 'NONE', #4866, 1000.000000000000000 ) ;
#9378 = ORIENTED_EDGE ( 'NONE', *, *, #4721, .T. ) ;
#9379 = LINE ( 'NONE', #10535, #5257 ) ;
#9380 = ORIENTED_EDGE ( 'NONE', *, *, #2278, .F. ) ;
#9381 = EDGE_LOOP ( 'NONE', ( #1587, #9567, #712, #12154, #12704, #6678 ) ) ;
#9382 = EDGE_LOOP ( 'NONE', ( #3838, #1466, #8368, #12016 ) ) ;
#9383 = ORIENTED_EDGE ( 'NONE', *, *, #5810, .T. ) ;
#9384 = VECTOR ( 'NONE', #2087, 1000.000000000000000 ) ;
#9385 = VECTOR ( 'NONE', #2911, 1000.000000000000114 ) ;
#9386 = EDGE_CURVE ( 'NONE', #12516, #1860, #1378, .T. ) ;
#9387 = VERTEX_POINT ( 'NONE', #357 ) ;
#9388 = DIRECTION ( 'NONE',  ( 0.000000000000000000, -1.000000000000000000, 0.000000000000000000 ) ) ;
#9389 = CARTESIAN_POINT ( 'NONE',  ( 3.174999999999998934, -50.79999999999999716, -1.000000000000000000 ) ) ;
#9390 = CARTESIAN_POINT ( 'NONE',  ( 0.000000000000000000, -25.39999999999999858, -2.286000000000000032 ) ) ;
#9391 = DIRECTION ( 'NONE',  ( -0.000000000000000000, -0.000000000000000000, -1.000000000000000000 ) ) ;
#9392 = ORIENTED_EDGE ( 'NONE', *, *, #11088, .T. ) ;
#9393 = LINE ( 'NONE', #8431, #10776 ) ;
#9394 = DIRECTION ( 'NONE',  ( 0.7071067811865459074, 0.7071067811865491270, 0.000000000000000000 ) ) ;
#9395 = CARTESIAN_POINT ( 'NONE',  ( -6.699999999999990408, -6.199999999999999289, -3.049999999999999822 ) ) ;
#9396 = ORIENTED_EDGE ( 'NONE', *, *, #6369, .T. ) ;
#9397 = AXIS2_PLACEMENT_3D ( 'NONE', #10897, #6007, #931 ) ;
#9398 = CARTESIAN_POINT ( 'NONE',  ( 5.200000000000000178, -45.99558441227160444, 3.049999999999999822 ) ) ;
#9399 = VECTOR ( 'NONE', #4800, 1000.000000000000000 ) ;
#9400 = PLANE ( 'NONE',  #9329 ) ;
#9401 = PLANE ( 'NONE',  #2984 ) ;
#9402 = ADVANCED_FACE ( 'NONE', ( #8440 ), #9407, .T. ) ;
#9403 = VECTOR ( 'NONE', #6711, 1000.000000000000114 ) ;
#9404 = AXIS2_PLACEMENT_3D ( 'NONE', #8379, #11324, #7357 ) ;
#9405 = FACE_OUTER_BOUND ( 'NONE', #4560, .T. ) ;
#9406 = CARTESIAN_POINT ( 'NONE',  ( 6.200000000000025047, -17.91862915010150914, 3.049999999999999822 ) ) ;
#9407 = CYLINDRICAL_SURFACE ( 'NONE', #10184, 3.174999999999998934 ) ;
#9408 = CARTESIAN_POINT ( 'NONE',  ( 2.558670703524398515, -36.22015180641469101, -2.286000000000000032 ) ) ;
#9409 = DIRECTION ( 'NONE',  ( -0.000000000000000000, -0.000000000000000000, 1.000000000000000000 ) ) ;
#9410 = CARTESIAN_POINT ( 'NONE',  ( 1.879848193585296645, -22.84132929647559251, -2.286000000000000032 ) ) ;
#9411 = EDGE_LOOP ( 'NONE', ( #10836, #7003, #4214, #2044 ) ) ;
#9412 = CARTESIAN_POINT ( 'NONE',  ( 0.000000000000000000, 0.000000000000000000, 3.049999999999999822 ) ) ;
#9413 = DIRECTION ( 'NONE',  ( 1.000000000000000000, 0.000000000000000000, 0.000000000000000000 ) ) ;
#9414 = VECTOR ( 'NONE', #7825, 1000.000000000000000 ) ;
#9415 = EDGE_CURVE ( 'NONE', #5457, #7060, #8246, .T. ) ;
#9416 = ORIENTED_EDGE ( 'NONE', *, *, #7676, .F. ) ;
#9417 = ORIENTED_EDGE ( 'NONE', *, *, #9198, .F. ) ;
#9418 = VECTOR ( 'NONE', #2659, 1000.000000000000000 ) ;
#9419 = LINE ( 'NONE', #9614, #6303 ) ;
#9420 = LINE ( 'NONE', #6461, #10006 ) ;
#9421 = VERTEX_POINT ( 'NONE', #1564 ) ;
#9422 = DIRECTION ( 'NONE',  ( -0.000000000000000000, 1.000000000000000000, -0.000000000000000000 ) ) ;
#9423 = CIRCLE ( 'NONE', #5518, 3.174999999999998934 ) ;
#9424 = ORIENTED_EDGE ( 'NONE', *, *, #5464, .T. ) ;
#9425 = CARTESIAN_POINT ( 'NONE',  ( -2.584475285236830899, -1.905652775297745238, 2.286000000000000032 ) ) ;
#9426 = DIRECTION ( 'NONE',  ( -0.000000000000000000, -0.000000000000000000, -1.000000000000000000 ) ) ;
#9427 = ORIENTED_EDGE ( 'NONE', *, *, #2563, .F. ) ;
#9428 = EDGE_CURVE ( 'NONE', #6755, #12445, #3359, .T. ) ;
#9429 = DIRECTION ( 'NONE',  ( -1.000000000000000000, -2.664535259100376091E-15, 0.000000000000000000 ) ) ;
#9430 = EDGE_CURVE ( 'NONE', #3260, #12055, #2383, .T. ) ;
#9431 = EDGE_CURVE ( 'NONE', #7791, #274, #4274, .T. ) ;
#9432 = ORIENTED_EDGE ( 'NONE', *, *, #4872, .T. ) ;
#9434 = EDGE_CURVE ( 'NONE', #3712, #1870, #12223, .T. ) ;
#9433 = ORIENTED_EDGE ( 'NONE', *, *, #12194, .T. ) ;
#9435 = PLANE ( 'NONE',  #12077 ) ;
#9436 = ORIENTED_EDGE ( 'NONE', *, *, #2053, .T. ) ;
#9437 = ORIENTED_EDGE ( 'NONE', *, *, #3770, .T. ) ;
#9438 = DIRECTION ( 'NONE',  ( 0.000000000000000000, 0.000000000000000000, 1.000000000000000000 ) ) ;
#9439 = DIRECTION ( 'NONE',  ( -0.000000000000000000, -0.000000000000000000, 1.000000000000000000 ) ) ;
#9440 = DIRECTION ( 'NONE',  ( 1.000000000000000000, -2.556848660736790434E-16, 0.000000000000000000 ) ) ;
#9441 = VERTEX_POINT ( 'NONE', #7227 ) ;
#9442 = FACE_OUTER_BOUND ( 'NONE', #9411, .T. ) ;
#9443 = FACE_OUTER_BOUND ( 'NONE', #5985, .T. ) ;
#9444 = ORIENTED_EDGE ( 'NONE', *, *, #6876, .F. ) ;
#9445 = ADVANCED_FACE ( 'NONE', ( #6327 ), #12109, .T. ) ;
#9446 = FACE_OUTER_BOUND ( 'NONE', #8737, .T. ) ;
#9447 = ORIENTED_EDGE ( 'NONE', *, *, #10123, .T. ) ;
#9448 = ORIENTED_EDGE ( 'NONE', *, *, #3341, .T. ) ;
#9449 = VERTEX_POINT ( 'NONE', #4390 ) ;
#9450 = ORIENTED_EDGE ( 'NONE', *, *, #7272, .F. ) ;
#9451 = ORIENTED_EDGE ( 'NONE', *, *, #6690, .T. ) ;
#9452 = LINE ( 'NONE', #3601, #9295 ) ;
#9453 = FACE_OUTER_BOUND ( 'NONE', #7426, .T. ) ;
#9454 = FACE_OUTER_BOUND ( 'NONE', #9144, .T. ) ;
#9455 = CARTESIAN_POINT ( 'NONE',  ( -5.355700691563798799, -6.034523201502883794, 3.049999999999999822 ) ) ;
#9456 = ORIENTED_EDGE ( 'NONE', *, *, #9674, .F. ) ;
#9457 = PLANE ( 'NONE',  #4617 ) ;
#9458 = DIRECTION ( 'NONE',  ( -0.000000000000000000, -0.000000000000000000, 1.000000000000000000 ) ) ;
#9459 = LINE ( 'NONE', #2514, #3971 ) ;
#9460 = ORIENTED_EDGE ( 'NONE', *, *, #7598, .T. ) ;
#9461 = CARTESIAN_POINT ( 'NONE',  ( 0.000000000000000000, -50.79999999999999716, 2.286000000000000032 ) ) ;
#9462 = EDGE_CURVE ( 'NONE', #12564, #339, #4333, .T. ) ;
#9463 = LINE ( 'NONE', #9265, #11386 ) ;
#9464 = LINE ( 'NONE', #9328, #3887 ) ;
#9465 = FACE_OUTER_BOUND ( 'NONE', #2264, .T. ) ;
#9466 = LINE ( 'NONE', #665, #7368 ) ;
#9467 = DIRECTION ( 'NONE',  ( -0.7071067811865477948, 0.7071067811865473507, 0.000000000000000000 ) ) ;
#9468 = DIRECTION ( 'NONE',  ( -1.000000000000000000, 0.000000000000000000, -0.000000000000000000 ) ) ;
#9469 = DIRECTION ( 'NONE',  ( -0.7071067811865483499, -0.7071067811865467956, 0.000000000000000000 ) ) ;
#9470 = DIRECTION ( 'NONE',  ( 0.000000000000000000, 0.000000000000000000, -1.000000000000000000 ) ) ;
#9471 = EDGE_CURVE ( 'NONE', #8259, #9485, #3298, .T. ) ;
#9472 = LINE ( 'NONE', #10568, #9145 ) ;
#9473 = EDGE_CURVE ( 'NONE', #6722, #10918, #11822, .T. ) ;
#9474 = CARTESIAN_POINT ( 'NONE',  ( 0.000000000000000000, -12.69999999999999929, 2.286000000000000032 ) ) ;
#9475 = ORIENTED_EDGE ( 'NONE', *, *, #5035, .F. ) ;
#9476 = ORIENTED_EDGE ( 'NONE', *, *, #11912, .F. ) ;
#9477 = CARTESIAN_POINT ( 'NONE',  ( -13.03941125496960751, -13.03941125496951692, -1.000000000000000000 ) ) ;
#9478 = DIRECTION ( 'NONE',  ( -0.7071067811865501263, -0.7071067811865449082, 0.000000000000000000 ) ) ;
#9479 = EDGE_CURVE ( 'NONE', #9677, #11314, #2336, .T. ) ;
#9480 = ORIENTED_EDGE ( 'NONE', *, *, #758, .F. ) ;
#9481 = LINE ( 'NONE', #2732, #11062 ) ;
#9482 = ORIENTED_EDGE ( 'NONE', *, *, #2278, .T. ) ;
#9483 = FACE_OUTER_BOUND ( 'NONE', #6786, .T. ) ;
#9484 = FACE_OUTER_BOUND ( 'NONE', #4611, .T. ) ;
#9485 = VERTEX_POINT ( 'NONE', #3430 ) ;
#9486 = DIRECTION ( 'NONE',  ( -1.000000000000000000, 0.000000000000000000, 0.000000000000000000 ) ) ;
#9487 = ORIENTED_EDGE ( 'NONE', *, *, #862, .T. ) ;
#9488 = DIRECTION ( 'NONE',  ( -0.7071067811865465735, -0.7071067811865485719, 0.000000000000000000 ) ) ;
#9489 = ORIENTED_EDGE ( 'NONE', *, *, #11541, .T. ) ;
#9490 = ORIENTED_EDGE ( 'NONE', *, *, #12100, .F. ) ;
#9491 = DIRECTION ( 'NONE',  ( 5.463695987328531367E-16, 1.000000000000000000, 0.000000000000000000 ) ) ;
#9492 = VECTOR ( 'NONE', #12716, 1000.000000000000000 ) ;
#9493 = EDGE_CURVE ( 'NONE', #3590, #2895, #6287, .T. ) ;
#9494 = EDGE_CURVE ( 'NONE', #4954, #11861, #5550, .T. ) ;
#9495 = DIRECTION ( 'NONE',  ( 0.7071067811865452413, 0.7071067811865497932, -0.000000000000000000 ) ) ;
#9496 = DIRECTION ( 'NONE',  ( 0.7071067811865500152, 0.7071067811865451302, 0.000000000000000000 ) ) ;
#9497 = EDGE_CURVE ( 'NONE', #2281, #3736, #12230, .T. ) ;
#9498 = VERTEX_POINT ( 'NONE', #10307 ) ;
#9499 = DIRECTION ( 'NONE',  ( 0.000000000000000000, 0.000000000000000000, 1.000000000000000000 ) ) ;
#9500 = CARTESIAN_POINT ( 'NONE',  ( -19.04999999999999716, 5.068629150101524594, -3.049999999999999822 ) ) ;
#9501 = VERTEX_POINT ( 'NONE', #9333 ) ;
#9503 = LINE ( 'NONE', #7398, #8742 ) ;
#9502 = AXIS2_PLACEMENT_3D ( 'NONE', #1804, #8673, #4697 ) ;
#9504 = VERTEX_POINT ( 'NONE', #1498 ) ;
#9505 = VECTOR ( 'NONE', #11611, 1000.000000000000114 ) ;
#9506 = ORIENTED_EDGE ( 'NONE', *, *, #2535, .T. ) ;
#9507 = VERTEX_POINT ( 'NONE', #5411 ) ;
#9508 = ORIENTED_EDGE ( 'NONE', *, *, #3767, .T. ) ;
#9509 = VERTEX_POINT ( 'NONE', #536 ) ;
#9510 = EDGE_CURVE ( 'NONE', #7690, #887, #8380, .T. ) ;
#9511 = AXIS2_PLACEMENT_3D ( 'NONE', #12409, #5541, #6250 ) ;
#9512 = LINE ( 'NONE', #7462, #1904 ) ;
#9513 = EDGE_CURVE ( 'NONE', #7008, #4921, #8692, .T. ) ;
#9514 = CARTESIAN_POINT ( 'NONE',  ( -22.84132929647559251, 1.879848193585300642, 2.286000000000000032 ) ) ;
#9515 = AXIS2_PLACEMENT_3D ( 'NONE', #6780, #9723, #3885 ) ;
#9516 = DIRECTION ( 'NONE',  ( 0.000000000000000000, 0.000000000000000000, -1.000000000000000000 ) ) ;
#9517 = DIRECTION ( 'NONE',  ( -5.463695987328531367E-16, -1.000000000000000000, 0.000000000000000000 ) ) ;
#9518 = VERTEX_POINT ( 'NONE', #9660 ) ;
#9519 = DIRECTION ( 'NONE',  ( -0.000000000000000000, -0.000000000000000000, 1.000000000000000000 ) ) ;
#9520 = LINE ( 'NONE', #5011, #12594 ) ;
#9521 = ORIENTED_EDGE ( 'NONE', *, *, #11613, .F. ) ;
#9522 = FACE_OUTER_BOUND ( 'NONE', #1722, .T. ) ;
#9523 = DIRECTION ( 'NONE',  ( -0.000000000000000000, -0.000000000000000000, 1.000000000000000000 ) ) ;
#9524 = ORIENTED_EDGE ( 'NONE', *, *, #178, .T. ) ;
#9525 = AXIS2_PLACEMENT_3D ( 'NONE', #2869, #8903, #101 ) ;
#9526 = VECTOR ( 'NONE', #1161, 1000.000000000000000 ) ;
#9527 = DIRECTION ( 'NONE',  ( -0.7071067811865454633, -0.7071067811865495711, -0.000000000000000000 ) ) ;
#9528 = EDGE_CURVE ( 'NONE', #8731, #2147, #11520, .T. ) ;
#9529 = DIRECTION ( 'NONE',  ( 0.7071067811865495711, 0.7071067811865454633, -0.000000000000000000 ) ) ;
#9530 = DIRECTION ( 'NONE',  ( -0.7071067811865462405, 0.7071067811865489050, 0.000000000000000000 ) ) ;
#9531 = DIRECTION ( 'NONE',  ( -0.000000000000000000, -0.000000000000000000, -1.000000000000000000 ) ) ;
#9532 = VECTOR ( 'NONE', #6151, 1000.000000000000000 ) ;
#9533 = DIRECTION ( 'NONE',  ( -1.000000000000000000, 0.000000000000000000, 0.000000000000000000 ) ) ;
#9534 = CARTESIAN_POINT ( 'NONE',  ( 1.879848193585295535, -48.24132929647558399, 2.286000000000000032 ) ) ;
#9535 = CARTESIAN_POINT ( 'NONE',  ( 3.654415587728450543, -19.04999999999999716, -2.286000000000000032 ) ) ;
#9536 = LINE ( 'NONE', #12555, #8749 ) ;
#9537 = FACE_BOUND ( 'NONE', #2553, .T. ) ;
#9538 = CARTESIAN_POINT ( 'NONE',  ( -5.068629150101498837, -31.74999999999999289, 3.049999999999999822 ) ) ;
#9539 = APPROVAL_PERSON_ORGANIZATION ( #5988, #1333, #2193 ) ;
#9540 = ORIENTED_EDGE ( 'NONE', *, *, #12548, .F. ) ;
#9541 = ADVANCED_FACE ( 'NONE', ( #854 ), #10500, .F. ) ;
#9542 = VECTOR ( 'NONE', #9586, 1000.000000000000000 ) ;
#9543 = ADVANCED_FACE ( 'NONE', ( #3746 ), #8574, .T. ) ;
#9544 = DIRECTION ( 'NONE',  ( 0.000000000000000000, 0.000000000000000000, 1.000000000000000000 ) ) ;
#9545 = PLANE ( 'NONE',  #12459 ) ;
#9546 = ORIENTED_EDGE ( 'NONE', *, *, #4908, .T. ) ;
#9547 = DIRECTION ( 'NONE',  ( -0.7071067811865495711, -0.7071067811865454633, 0.000000000000000000 ) ) ;
#9548 = ORIENTED_EDGE ( 'NONE', *, *, #11154, .T. ) ;
#9549 = DIRECTION ( 'NONE',  ( 1.365923996832132102E-16, 1.000000000000000000, 0.000000000000000000 ) ) ;
#9550 = CARTESIAN_POINT ( 'NONE',  ( -7.358380951166246575, 4.662796538894677489, -1.000000000000000000 ) ) ;
#9551 = ORIENTED_EDGE ( 'NONE', *, *, #2208, .T. ) ;
#9552 = AXIS2_PLACEMENT_3D ( 'NONE', #3491, #3547, #12348 ) ;
#9553 = VECTOR ( 'NONE', #8209, 1000.000000000000000 ) ;
#9554 = ORIENTED_EDGE ( 'NONE', *, *, #4547, .T. ) ;
#9555 = CARTESIAN_POINT ( 'NONE',  ( 0.000000000000000000, -38.09999999999999432, 1.000000000000000000 ) ) ;
#9556 = VERTEX_POINT ( 'NONE', #4582 ) ;
#9557 = AXIS2_PLACEMENT_3D ( 'NONE', #4602, #10205, #6349 ) ;
#9558 = EDGE_CURVE ( 'NONE', #3975, #1383, #4651, .T. ) ;
#9559 = CARTESIAN_POINT ( 'NONE',  ( -2.558670703524407397, 1.879848193585299310, -2.286000000000000032 ) ) ;
#9560 = VECTOR ( 'NONE', #8767, 1000.000000000000000 ) ;
#9561 = CARTESIAN_POINT ( 'NONE',  ( -0.3394112549695599279, -0.3394112549695583181, 1.000000000000000000 ) ) ;
#9562 = DIRECTION ( 'NONE',  ( 0.000000000000000000, 0.000000000000000000, -1.000000000000000000 ) ) ;
#9563 = ORIENTED_EDGE ( 'NONE', *, *, #1654, .F. ) ;
#9564 = LINE ( 'NONE', #8541, #6479 ) ;
#9565 = DIRECTION ( 'NONE',  ( 1.000000000000000000, 0.000000000000000000, 0.000000000000000000 ) ) ;
#9566 = VECTOR ( 'NONE', #9601, 1000.000000000000114 ) ;
#9567 = ORIENTED_EDGE ( 'NONE', *, *, #6923, .T. ) ;
#9568 = AXIS2_PLACEMENT_3D ( 'NONE', #4940, #8861, #3016 ) ;
#9569 = CARTESIAN_POINT ( 'NONE',  ( 0.4799999999999964850, -15.83850681057091059, 2.286000000000000032 ) ) ;
#9570 = ORIENTED_EDGE ( 'NONE', *, *, #7062, .F. ) ;
#9571 = VECTOR ( 'NONE', #1891, 1000.000000000000000 ) ;
#9572 = ORIENTED_EDGE ( 'NONE', *, *, #3300, .F. ) ;
#9573 = ADVANCED_FACE ( 'NONE', ( #4715 ), #8505, .F. ) ;
#9574 = ORIENTED_EDGE ( 'NONE', *, *, #9935, .T. ) ;
#9575 = ORIENTED_EDGE ( 'NONE', *, *, #12194, .F. ) ;
#9576 = ORIENTED_EDGE ( 'NONE', *, *, #9316, .F. ) ;
#9577 = APPROVAL_DATE_TIME ( #3022, #2904 ) ;
#9578 = VECTOR ( 'NONE', #3604, 1000.000000000000114 ) ;
#9579 = AXIS2_PLACEMENT_3D ( 'NONE', #380, #11940, #3267 ) ;
#9580 = CARTESIAN_POINT ( 'NONE',  ( -6.699999999999990408, -5.199999999999999289, 3.049999999999999822 ) ) ;
#9581 = FACE_OUTER_BOUND ( 'NONE', #4932, .T. ) ;
#9582 = CIRCLE ( 'NONE', #11222, 3.174999999999999822 ) ;
#9583 = DIRECTION ( 'NONE',  ( -1.000000000000000000, -3.278217592397115862E-15, 0.000000000000000000 ) ) ;
#9584 = DIRECTION ( 'NONE',  ( 0.7071067811865465735, -0.7071067811865484609, 0.000000000000000000 ) ) ;
#9585 = ORIENTED_EDGE ( 'NONE', *, *, #8951, .F. ) ;
#9586 = DIRECTION ( 'NONE',  ( 0.000000000000000000, -1.000000000000000000, 0.000000000000000000 ) ) ;
#9587 = CARTESIAN_POINT ( 'NONE',  ( 4.662796538894670384, -18.04161904883374490, 2.286000000000000032 ) ) ;
#9588 = ORIENTED_EDGE ( 'NONE', *, *, #7204, .T. ) ;
#9589 = CARTESIAN_POINT ( 'NONE',  ( -1.879848193585310412, -10.14132929647559855, -2.286000000000000032 ) ) ;
#9590 = CYLINDRICAL_SURFACE ( 'NONE', #6895, 2.100000000000000089 ) ;
#9591 = CARTESIAN_POINT ( 'NONE',  ( 1.879848193585317073, -40.65867070352438617, -1.000000000000000000 ) ) ;
#9592 = ORIENTED_EDGE ( 'NONE', *, *, #10301, .F. ) ;
#9593 = VECTOR ( 'NONE', #6877, 1000.000000000000000 ) ;
#9594 = ADVANCED_FACE ( 'NONE', ( #12680 ), #5800, .F. ) ;
#9595 = ADVANCED_FACE ( 'NONE', ( #1826 ), #6831, .T. ) ;
#9596 = EDGE_CURVE ( 'NONE', #10311, #2346, #6693, .T. ) ;
#9597 = FACE_OUTER_BOUND ( 'NONE', #12375, .T. ) ;
#9598 = EDGE_CURVE ( 'NONE', #9257, #8711, #915, .T. ) ;
#9599 = DIRECTION ( 'NONE',  ( 0.000000000000000000, 0.000000000000000000, -1.000000000000000000 ) ) ;
#9600 = CARTESIAN_POINT ( 'NONE',  ( -15.83850681057091059, 0.4800000000000001488, -1.000000000000000000 ) ) ;
#9601 = DIRECTION ( 'NONE',  ( -0.7071067811865500152, -0.7071067811865451302, 0.000000000000000000 ) ) ;
#9602 = AXIS2_PLACEMENT_3D ( 'NONE', #6913, #3112, #3950 ) ;
#9603 = CARTESIAN_POINT ( 'NONE',  ( -2.100000000000000089, 2.571758278209441464E-16, 2.286000000000000032 ) ) ;
#9604 = PLANE ( 'NONE',  #6840 ) ;
#9605 = CARTESIAN_POINT ( 'NONE',  ( -6.199999999999972644, -30.61862915010151198, -3.049999999999999822 ) ) ;
#9606 = LINE ( 'NONE', #804, #3201 ) ;
#9607 = LINE ( 'NONE', #27, #7283 ) ;
#9608 = ADVANCED_FACE ( 'NONE', ( #1690 ), #11463, .F. ) ;
#9609 = VECTOR ( 'NONE', #1754, 1000.000000000000000 ) ;
#9610 = LINE ( 'NONE', #8584, #6875 ) ;
#9611 = AXIS2_PLACEMENT_3D ( 'NONE', #10741, #1094, #13 ) ;
#9612 = VERTEX_POINT ( 'NONE', #4835 ) ;
#9613 = APPLICATION_CONTEXT ( 'configuration controlled 3d designs of mechanical parts and assemblies' ) ;
#9614 = CARTESIAN_POINT ( 'NONE',  ( 2.100000000000000089, -25.39999999999999858, -1.001000000000000112 ) ) ;
#9615 = DIRECTION ( 'NONE',  ( -0.7071067811865489050, -0.7071067811865461294, 0.000000000000000000 ) ) ;
#9616 = ORIENTED_EDGE ( 'NONE', *, *, #11256, .F. ) ;
#9617 = CARTESIAN_POINT ( 'NONE',  ( -2.558670703524396739, -36.22015180641468390, 1.000000000000000000 ) ) ;
#9618 = AXIS2_PLACEMENT_3D ( 'NONE', #7956, #4096, #4991 ) ;
#9619 = ORIENTED_EDGE ( 'NONE', *, *, #3327, .T. ) ;
#9620 = VECTOR ( 'NONE', #2852, 1000.000000000000000 ) ;
#9621 = CARTESIAN_POINT ( 'NONE',  ( 0.000000000000000000, 0.000000000000000000, -1.000000000000000000 ) ) ;
#9622 = CARTESIAN_POINT ( 'NONE',  ( 0.000000000000000000, 0.000000000000000000, 1.000000000000000000 ) ) ;
#9623 = VERTEX_POINT ( 'NONE', #12493 ) ;
#9624 = EDGE_CURVE ( 'NONE', #4862, #6368, #666, .T. ) ;
#9625 = AXIS2_PLACEMENT_3D ( 'NONE', #4543, #1658, #12378 ) ;
#9626 = VERTEX_POINT ( 'NONE', #6587 ) ;
#9627 = CARTESIAN_POINT ( 'NONE',  ( -8.178822509939093877, 5.199999999999999289, -2.286000000000000920 ) ) ;
#9628 = EDGE_LOOP ( 'NONE', ( #2487, #12191, #5501, #4747 ) ) ;
#9629 = VECTOR ( 'NONE', #11355, 1000.000000000000114 ) ;
#9630 = CARTESIAN_POINT ( 'NONE',  ( -5.199999999999998401, -17.50441558772841688, 3.049999999999999822 ) ) ;
#9631 = ORIENTED_EDGE ( 'NONE', *, *, #9892, .F. ) ;
#9632 = CARTESIAN_POINT ( 'NONE',  ( -20.05838095116623521, 4.662796538894668608, -2.286000000000000032 ) ) ;
#9633 = CARTESIAN_POINT ( 'NONE',  ( -1.905652775297756785, 2.584475285236820241, 2.286000000000000032 ) ) ;
#9634 = ORIENTED_EDGE ( 'NONE', *, *, #941, .F. ) ;
#9635 = DIRECTION ( 'NONE',  ( 1.000000000000000000, -0.000000000000000000, 0.000000000000000000 ) ) ;
#9636 = DIRECTION ( 'NONE',  ( -0.7071067811865489050, -0.7071067811865461294, 0.000000000000000000 ) ) ;
#9637 = ORIENTED_EDGE ( 'NONE', *, *, #3139, .F. ) ;
#9638 = ADVANCED_FACE ( 'NONE', ( #1879 ), #5744, .T. ) ;
#9639 = CARTESIAN_POINT ( 'NONE',  ( -2.584475285236844222, 1.905652775297736579, -2.286000000000000032 ) ) ;
#9640 = EDGE_CURVE ( 'NONE', #4230, #8752, #6713, .T. ) ;
#9641 = ORIENTED_EDGE ( 'NONE', *, *, #2502, .F. ) ;
#9642 = ORIENTED_EDGE ( 'NONE', *, *, #245, .T. ) ;
#9643 = VERTEX_POINT ( 'NONE', #3883 ) ;
#9644 = EDGE_LOOP ( 'NONE', ( #10760, #6976, #4365, #1229 ) ) ;
#9645 = CARTESIAN_POINT ( 'NONE',  ( -20.87882250993907363, -5.199999999999999289, 3.049999999999999822 ) ) ;
#9646 = CARTESIAN_POINT ( 'NONE',  ( 0.4799999999999955413, -47.66149318942908053, -1.000000000000000000 ) ) ;
#9647 = CARTESIAN_POINT ( 'NONE',  ( -10.82015180641468355, 2.558670703524396739, 2.286000000000000032 ) ) ;
#9648 = ORIENTED_EDGE ( 'NONE', *, *, #9984, .F. ) ;
#9649 = EDGE_CURVE ( 'NONE', #2515, #6756, #8739, .T. ) ;
#9650 = CARTESIAN_POINT ( 'NONE',  ( 4.662796538894675713, -7.358380951166244799, 2.286000000000000032 ) ) ;
#9651 = PLANE ( 'NONE',  #4798 ) ;
#9652 = ORIENTED_EDGE ( 'NONE', *, *, #8025, .F. ) ;
#9653 = DIRECTION ( 'NONE',  ( -0.7071067811865454633, 0.7071067811865495711, 0.000000000000000000 ) ) ;
#9654 = CARTESIAN_POINT ( 'NONE',  ( 0.000000000000000000, -12.69999999999999929, 2.286000000000000032 ) ) ;
#9655 = LINE ( 'NONE', #10556, #12002 ) ;
#9656 = ORIENTED_EDGE ( 'NONE', *, *, #11256, .T. ) ;
#9657 = LINE ( 'NONE', #1752, #10040 ) ;
#9658 = DIRECTION ( 'NONE',  ( 0.7071067811865454633, -0.7071067811865495711, 0.000000000000000000 ) ) ;
#9659 = CARTESIAN_POINT ( 'NONE',  ( -20.87882250993907363, 5.199999999999999289, -1.000000000000000000 ) ) ;
#9660 = CARTESIAN_POINT ( 'NONE',  ( -19.04999999999999716, -3.654415587728427450, -1.000000000000000000 ) ) ;
#9661 = ADVANCED_FACE ( 'NONE', ( #1238 ), #6057, .F. ) ;
#9662 = EDGE_CURVE ( 'NONE', #3462, #4706, #983, .T. ) ;
#9663 = FACE_OUTER_BOUND ( 'NONE', #11045, .T. ) ;
#9664 = PLANE ( 'NONE',  #9099 ) ;
#9665 = CARTESIAN_POINT ( 'NONE',  ( -5.199999999999993960, 1.329561303583129310E-15, 1.000000000000000000 ) ) ;
#9666 = ADVANCED_FACE ( 'NONE', ( #10939 ), #1108, .T. ) ;
#9667 = EDGE_CURVE ( 'NONE', #11049, #8735, #11604, .T. ) ;
#9668 = LINE ( 'NONE', #8696, #1355 ) ;
#9669 = FACE_OUTER_BOUND ( 'NONE', #12083, .T. ) ;
#9670 = LINE ( 'NONE', #2790, #10573 ) ;
#9671 = ORIENTED_EDGE ( 'NONE', *, *, #12653, .F. ) ;
#9672 = LINE ( 'NONE', #96, #4659 ) ;
#9673 = LINE ( 'NONE', #5623, #10825 ) ;
#9674 = EDGE_CURVE ( 'NONE', #127, #9387, #6076, .T. ) ;
#9675 = ORIENTED_EDGE ( 'NONE', *, *, #9747, .T. ) ;
#9676 = CARTESIAN_POINT ( 'NONE',  ( 0.4800000000000051448, -2.622574073917723455E-16, -1.000000000000000000 ) ) ;
#9677 = VERTEX_POINT ( 'NONE', #7152 ) ;
#9678 = CARTESIAN_POINT ( 'NONE',  ( 12.36058874503043548, -12.36058874503051364, 1.000000000000000000 ) ) ;
#9679 = CARTESIAN_POINT ( 'NONE',  ( -5.200000000000005507, -45.99558441227155470, -2.286000000000000032 ) ) ;
#9680 = ORIENTED_EDGE ( 'NONE', *, *, #6533, .F. ) ;
#9681 = ORIENTED_EDGE ( 'NONE', *, *, #7204, .F. ) ;
#9682 = DIRECTION ( 'NONE',  ( -1.000000000000000000, 1.092739197465705287E-15, 0.000000000000000000 ) ) ;
#9683 = ORIENTED_EDGE ( 'NONE', *, *, #4301, .T. ) ;
#9684 = CARTESIAN_POINT ( 'NONE',  ( -6.350000000000001421, 3.654415587728427450, -3.049999999999999822 ) ) ;
#9685 = EDGE_CURVE ( 'NONE', #6229, #5455, #5154, .T. ) ;
#9686 = ORIENTED_EDGE ( 'NONE', *, *, #10479, .T. ) ;
#9687 = DIRECTION ( 'NONE',  ( 0.7071067811865464625, 0.7071067811865486830, 0.000000000000000000 ) ) ;
#9688 = LINE ( 'NONE', #949, #11627 ) ;
#9689 = ORIENTED_EDGE ( 'NONE', *, *, #4961, .T. ) ;
#9690 = CARTESIAN_POINT ( 'NONE',  ( 2.584475285236818021, -23.49434722470223846, 2.286000000000000032 ) ) ;
#9691 = CARTESIAN_POINT ( 'NONE',  ( 0.000000000000000000, 0.000000000000000000, -1.000000000000000000 ) ) ;
#9692 = CARTESIAN_POINT ( 'NONE',  ( -0.4800000000000008149, -3.138506810570912187, -2.286000000000000032 ) ) ;
#9693 = ORIENTED_EDGE ( 'NONE', *, *, #11430, .T. ) ;
#9694 = DIRECTION ( 'NONE',  ( 0.000000000000000000, 0.000000000000000000, -1.000000000000000000 ) ) ;
#9695 = ORIENTED_EDGE ( 'NONE', *, *, #10479, .F. ) ;
#9696 = VERTEX_POINT ( 'NONE', #10820 ) ;
#9697 = EDGE_LOOP ( 'NONE', ( #2186, #7754, #7649, #7318 ) ) ;
#9698 = DATE_AND_TIME ( #8808, #8927 ) ;
#9699 = ADVANCED_FACE ( 'NONE', ( #7990 ), #2202, .F. ) ;
#9700 = LINE ( 'NONE', #6945, #9163 ) ;
#9701 = ADVANCED_FACE ( 'NONE', ( #2974 ), #4123, .T. ) ;
#9702 = LINE ( 'NONE', #8814, #5528 ) ;
#9703 = LINE ( 'NONE', #9647, #9986 ) ;
#9704 = EDGE_LOOP ( 'NONE', ( #3177, #10349, #8807, #7252 ) ) ;
#9705 = VECTOR ( 'NONE', #1501, 1000.000000000000114 ) ;
#9706 = LINE ( 'NONE', #1931, #2777 ) ;
#9707 = DIRECTION ( 'NONE',  ( -0.7071067811865489050, 0.7071067811865460184, 0.000000000000000000 ) ) ;
#9708 = VECTOR ( 'NONE', #3573, 1000.000000000000114 ) ;
#9709 = ORIENTED_EDGE ( 'NONE', *, *, #3799, .F. ) ;
#9710 = LINE ( 'NONE', #5853, #11454 ) ;
#9711 = CARTESIAN_POINT ( 'NONE',  ( -8.178822509939093877, 5.199999999999999289, 1.000000000000000444 ) ) ;
#9712 = DIRECTION ( 'NONE',  ( 0.000000000000000000, 0.000000000000000000, -1.000000000000000000 ) ) ;
#9713 = ORIENTED_EDGE ( 'NONE', *, *, #2673, .T. ) ;
#9714 = ORIENTED_EDGE ( 'NONE', *, *, #6974, .T. ) ;
#9715 = CARTESIAN_POINT ( 'NONE',  ( -25.39999999999999858, 0.000000000000000000, 2.286000000000000032 ) ) ;
#9716 = VECTOR ( 'NONE', #2051, 1000.000000000000000 ) ;
#9717 = EDGE_CURVE ( 'NONE', #4293, #11666, #12028, .T. ) ;
#9718 = VECTOR ( 'NONE', #538, 1000.000000000000000 ) ;
#9719 = DIRECTION ( 'NONE',  ( 1.000000000000000000, 0.000000000000000000, 0.000000000000000000 ) ) ;
#9720 = CARTESIAN_POINT ( 'NONE',  ( 5.200000000000000178, -17.22117749006090648, 1.000000000000000444 ) ) ;
#9721 = DIRECTION ( 'NONE',  ( 0.7071067811865473507, 0.7071067811865477948, -0.000000000000000000 ) ) ;
#9722 = CARTESIAN_POINT ( 'NONE',  ( 3.174999999999999822, -12.69999999999999929, -1.000000000000000000 ) ) ;
#9723 = DIRECTION ( 'NONE',  ( 0.000000000000000000, 0.000000000000000000, 1.000000000000000000 ) ) ;
#9724 = CARTESIAN_POINT ( 'NONE',  ( 0.000000000000000000, 0.000000000000000000, 1.000000000000000000 ) ) ;
#9725 = DIRECTION ( 'NONE',  ( -0.000000000000000000, 1.000000000000000000, -0.000000000000000000 ) ) ;
#9726 = VECTOR ( 'NONE', #9549, 1000.000000000000000 ) ;
#9727 = LINE ( 'NONE', #6783, #9117 ) ;
#9728 = VECTOR ( 'NONE', #8888, 1000.000000000000227 ) ;
#9729 = DIRECTION ( 'NONE',  ( 0.7071067811865497932, 0.7071067811865452413, 0.000000000000000000 ) ) ;
#9730 = EDGE_CURVE ( 'NONE', #10879, #11815, #3998, .T. ) ;
#9731 = ORIENTED_EDGE ( 'NONE', *, *, #12309, .F. ) ;
#9732 = EDGE_CURVE ( 'NONE', #8405, #7008, #7923, .T. ) ;
#9733 = EDGE_CURVE ( 'NONE', #315, #7650, #11843, .T. ) ;
#9734 = AXIS2_PLACEMENT_3D ( 'NONE', #11534, #10323, #684 ) ;
#9735 = LINE ( 'NONE', #10895, #11421 ) ;
#9736 = DIRECTION ( 'NONE',  ( -0.7071067811865495711, 0.7071067811865455743, -0.000000000000000000 ) ) ;
#9737 = ORIENTED_EDGE ( 'NONE', *, *, #6635, .T. ) ;
#9738 = DIRECTION ( 'NONE',  ( -0.000000000000000000, -0.000000000000000000, 1.000000000000000000 ) ) ;
#9739 = VERTEX_POINT ( 'NONE', #3042 ) ;
#9740 = CARTESIAN_POINT ( 'NONE',  ( -23.52015180641467040, -2.558670703524386969, 1.000000000000000000 ) ) ;
#9741 = DIRECTION ( 'NONE',  ( 0.7071067811865501263, 0.7071067811865449082, 0.000000000000000000 ) ) ;
#9742 = ORIENTED_EDGE ( 'NONE', *, *, #7596, .T. ) ;
#9743 = VECTOR ( 'NONE', #741, 1000.000000000000227 ) ;
#9744 = VERTEX_POINT ( 'NONE', #3100 ) ;
#9745 = EDGE_CURVE ( 'NONE', #12559, #8870, #3938, .T. ) ;
#9746 = VECTOR ( 'NONE', #4952, 1000.000000000000000 ) ;
#9747 = EDGE_CURVE ( 'NONE', #9783, #6458, #7857, .T. ) ;
#9748 = DIRECTION ( 'NONE',  ( 7.912989585623242219E-16, -1.000000000000000000, 0.000000000000000000 ) ) ;
#9749 = VERTEX_POINT ( 'NONE', #2014 ) ;
#9750 = EDGE_CURVE ( 'NONE', #3462, #11557, #5937, .T. ) ;
#9751 = ADVANCED_FACE ( 'NONE', ( #10884 ), #8949, .F. ) ;
#9752 = DIRECTION ( 'NONE',  ( 0.000000000000000000, 0.000000000000000000, -1.000000000000000000 ) ) ;
#9753 = EDGE_LOOP ( 'NONE', ( #9383, #3459, #5569, #5017 ) ) ;
#9754 = DIRECTION ( 'NONE',  ( 0.7071067811865477948, -0.7071067811865473507, 0.000000000000000000 ) ) ;
#9755 = CYLINDRICAL_SURFACE ( 'NONE', #5476, 2.100000000000000977 ) ;
#9756 = AXIS2_PLACEMENT_3D ( 'NONE', #5103, #9025, #11136 ) ;
#9757 = ORIENTED_EDGE ( 'NONE', *, *, #6998, .T. ) ;
#9758 = VECTOR ( 'NONE', #4112, 1000.000000000000000 ) ;
#9759 = CARTESIAN_POINT ( 'NONE',  ( 0.000000000000000000, -12.69999999999999929, -2.286000000000000032 ) ) ;
#9760 = DIRECTION ( 'NONE',  ( -1.000000000000000000, 0.000000000000000000, -0.000000000000000000 ) ) ;
#9761 = DIRECTION ( 'NONE',  ( 0.7071067811865500152, 0.7071067811865451302, -0.000000000000000000 ) ) ;
#9762 = ORIENTED_EDGE ( 'NONE', *, *, #8570, .T. ) ;
#9763 = CARTESIAN_POINT ( 'NONE',  ( -3.174999999999998934, -50.79999999999999716, -2.286000000000000032 ) ) ;
#9764 = VECTOR ( 'NONE', #423, 1000.000000000000000 ) ;
#9765 = ORIENTED_EDGE ( 'NONE', *, *, #6584, .T. ) ;
#9766 = ADVANCED_FACE ( 'NONE', ( #7276 ), #4375, .T. ) ;
#9767 = VERTEX_POINT ( 'NONE', #4510 ) ;
#9768 = VECTOR ( 'NONE', #612, 1000.000000000000000 ) ;
#9769 = ORIENTED_EDGE ( 'NONE', *, *, #4486, .F. ) ;
#9770 = LINE ( 'NONE', #2892, #755 ) ;
#9771 = VECTOR ( 'NONE', #6965, 1000.000000000000000 ) ;
#9772 = CARTESIAN_POINT ( 'NONE',  ( -18.04161904883375200, -4.662796538894676601, -0.9999999999999995559 ) ) ;
#9773 = CARTESIAN_POINT ( 'NONE',  ( 0.000000000000000000, -12.69999999999999929, -2.286000000000000032 ) ) ;
#9774 = AXIS2_PLACEMENT_3D ( 'NONE', #5527, #4621, #5646 ) ;
#9775 = ORIENTED_EDGE ( 'NONE', *, *, #863, .T. ) ;
#9776 = CARTESIAN_POINT ( 'NONE',  ( -3.804415587728426917, 6.200000000000001066, 3.049999999999999822 ) ) ;
#9777 = DIRECTION ( 'NONE',  ( -0.7071067811865493491, 0.7071067811865455743, 0.000000000000000000 ) ) ;
#9778 = ORIENTED_EDGE ( 'NONE', *, *, #3276, .F. ) ;
#9779 = DIRECTION ( 'NONE',  ( 0.000000000000000000, 0.000000000000000000, 1.000000000000000000 ) ) ;
#9780 = CIRCLE ( 'NONE', #340, 3.174999999999999822 ) ;
#9781 = DIRECTION ( 'NONE',  ( 1.000000000000000000, -0.000000000000000000, -0.000000000000000000 ) ) ;
#9782 = DIRECTION ( 'NONE',  ( -0.000000000000000000, -0.000000000000000000, -1.000000000000000000 ) ) ;
#9783 = VERTEX_POINT ( 'NONE', #6185 ) ;
#9784 = EDGE_CURVE ( 'NONE', #773, #8137, #9256, .T. ) ;
#9785 = VECTOR ( 'NONE', #5468, 999.9999999999998863 ) ;
#9786 = ORIENTED_EDGE ( 'NONE', *, *, #9494, .T. ) ;
#9787 = AXIS2_PLACEMENT_3D ( 'NONE', #6404, #6352, #7506 ) ;
#9788 = LINE ( 'NONE', #4902, #12693 ) ;
#9789 = AXIS2_PLACEMENT_3D ( 'NONE', #6909, #4013, #4782 ) ;
#9790 = PLANE ( 'NONE',  #786 ) ;
#9791 = DIRECTION ( 'NONE',  ( 0.000000000000000000, 0.000000000000000000, 1.000000000000000000 ) ) ;
#9792 = DIRECTION ( 'NONE',  ( -0.7071067811865497932, 0.7071067811865452413, -0.000000000000000000 ) ) ;
#9793 = DIRECTION ( 'NONE',  ( -0.7071067811865503483, -0.7071067811865446862, 0.000000000000000000 ) ) ;
#9794 = DIRECTION ( 'NONE',  ( 1.000000000000000000, 0.000000000000000000, 0.000000000000000000 ) ) ;
#9795 = VECTOR ( 'NONE', #372, 1000.000000000000000 ) ;
#9796 = LINE ( 'NONE', #4839, #6233 ) ;
#9797 = AXIS2_PLACEMENT_3D ( 'NONE', #8328, #1513, #2418 ) ;
#9798 = PLANE ( 'NONE',  #5049 ) ;
#9799 = CARTESIAN_POINT ( 'NONE',  ( -23.52015180641467040, -2.558670703524386969, -2.286000000000000032 ) ) ;
#9800 = ADVANCED_FACE ( 'NONE', ( #2455 ), #8428, .T. ) ;
#9801 = DIRECTION ( 'NONE',  ( 5.463695987328531367E-16, 1.000000000000000000, 0.000000000000000000 ) ) ;
#9802 = ORIENTED_EDGE ( 'NONE', *, *, #2670, .T. ) ;
#9803 = AXIS2_PLACEMENT_3D ( 'NONE', #9914, #2017, #11844 ) ;
#9804 = DIRECTION ( 'NONE',  ( 0.000000000000000000, 0.000000000000000000, 1.000000000000000000 ) ) ;
#9805 = DIRECTION ( 'NONE',  ( 0.000000000000000000, -1.000000000000000000, 0.000000000000000000 ) ) ;
#9806 = ORIENTED_EDGE ( 'NONE', *, *, #10761, .T. ) ;
#9807 = PLANE ( 'NONE',  #5289 ) ;
#9808 = ORIENTED_EDGE ( 'NONE', *, *, #5975, .F. ) ;
#9809 = ADVANCED_FACE ( 'NONE', ( #6430 ), #6375, .F. ) ;
#9810 = DIRECTION ( 'NONE',  ( 0.000000000000000000, 0.000000000000000000, 1.000000000000000000 ) ) ;
#9811 = DIRECTION ( 'NONE',  ( 1.000000000000000000, 0.000000000000000000, 0.000000000000000000 ) ) ;
#9812 = ORIENTED_EDGE ( 'NONE', *, *, #8969, .T. ) ;
#9813 = VECTOR ( 'NONE', #5409, 1000.000000000000000 ) ;
#9814 = AXIS2_PLACEMENT_3D ( 'NONE', #9461, #3611, #660 ) ;
#9815 = ORIENTED_EDGE ( 'NONE', *, *, #8791, .F. ) ;
#9816 = CARTESIAN_POINT ( 'NONE',  ( 0.000000000000000000, -25.39999999999999858, 2.286000000000000032 ) ) ;
#9817 = ORIENTED_EDGE ( 'NONE', *, *, #1926, .F. ) ;
#9818 = DIRECTION ( 'NONE',  ( 0.000000000000000000, -0.000000000000000000, -1.000000000000000000 ) ) ;
#9819 = VECTOR ( 'NONE', #4135, 1000.000000000000000 ) ;
#9820 = ORIENTED_EDGE ( 'NONE', *, *, #195, .T. ) ;
#9821 = LINE ( 'NONE', #6092, #12688 ) ;
#9822 = FACE_OUTER_BOUND ( 'NONE', #4233, .T. ) ;
#9823 = ORIENTED_EDGE ( 'NONE', *, *, #1335, .F. ) ;
#9824 = EDGE_CURVE ( 'NONE', #8085, #12289, #3286, .T. ) ;
#9825 = EDGE_CURVE ( 'NONE', #9890, #772, #4654, .T. ) ;
#9826 = DIRECTION ( 'NONE',  ( 0.7071067811865497932, 0.7071067811865452413, 0.000000000000000000 ) ) ;
#9827 = CARTESIAN_POINT ( 'NONE',  ( -20.87882250993907363, -5.199999999999999289, -2.286000000000000920 ) ) ;
#9828 = LINE ( 'NONE', #1914, #2312 ) ;
#9829 = EDGE_CURVE ( 'NONE', #4027, #8652, #5214, .T. ) ;
#9830 = AXIS2_PLACEMENT_3D ( 'NONE', #8756, #2907, #1940 ) ;
#9831 = ORIENTED_EDGE ( 'NONE', *, *, #11975, .T. ) ;
#9832 = EDGE_CURVE ( 'NONE', #5716, #3250, #11253, .T. ) ;
#9833 = CARTESIAN_POINT ( 'NONE',  ( -1.879848193585296201, -27.95867070352441175, 2.286000000000000032 ) ) ;
#9834 = VECTOR ( 'NONE', #4853, 1000.000000000000000 ) ;
#9835 = ORIENTED_EDGE ( 'NONE', *, *, #11309, .F. ) ;
#9836 = VECTOR ( 'NONE', #5507, 1000.000000000000000 ) ;
#9837 = VERTEX_POINT ( 'NONE', #11189 ) ;
#9838 = ORIENTED_EDGE ( 'NONE', *, *, #3631, .T. ) ;
#9839 = CIRCLE ( 'NONE', #12089, 6.199999999999997513 ) ;
#9840 = DIRECTION ( 'NONE',  ( 1.000000000000000000, 0.000000000000000000, 0.000000000000000000 ) ) ;
#9841 = DIRECTION ( 'NONE',  ( 5.463695987328531367E-16, 1.000000000000000000, 0.000000000000000000 ) ) ;
#9842 = LINE ( 'NONE', #10925, #6294 ) ;
#9843 = ORIENTED_EDGE ( 'NONE', *, *, #8547, .T. ) ;
#9844 = EDGE_CURVE ( 'NONE', #4323, #2475, #6312, .T. ) ;
#9845 = DIRECTION ( 'NONE',  ( -0.7071067811865477948, -0.7071067811865473507, 0.000000000000000000 ) ) ;
#9846 = DIRECTION ( 'NONE',  ( 0.7071067811865451302, -0.7071067811865500152, 0.000000000000000000 ) ) ;
#9847 = EDGE_LOOP ( 'NONE', ( #324, #9619, #4475, #11016 ) ) ;
#9848 = DIRECTION ( 'NONE',  ( 0.000000000000000000, 0.000000000000000000, -1.000000000000000000 ) ) ;
#9849 = LINE ( 'NONE', #8875, #5674 ) ;
#9850 = CARTESIAN_POINT ( 'NONE',  ( 5.200000000000000178, -33.57882250993910134, -2.286000000000000920 ) ) ;
#9851 = ORIENTED_EDGE ( 'NONE', *, *, #9078, .F. ) ;
#9852 = ORIENTED_EDGE ( 'NONE', *, *, #1408, .T. ) ;
#9853 = CARTESIAN_POINT ( 'NONE',  ( -6.199999999999974420, -32.88137084989846670, -3.049999999999999822 ) ) ;
#9854 = CARTESIAN_POINT ( 'NONE',  ( -6.350000000000001421, 3.654415587728427450, 3.049999999999999822 ) ) ;
#9855 = DIRECTION ( 'NONE',  ( -1.000000000000000000, 0.000000000000000000, 0.000000000000000000 ) ) ;
#9856 = DIRECTION ( 'NONE',  ( 1.000000000000000000, 0.000000000000000000, 0.000000000000000000 ) ) ;
#9857 = EDGE_CURVE ( 'NONE', #7308, #1911, #2388, .T. ) ;
#9858 = DIRECTION ( 'NONE',  ( -0.000000000000000000, -0.000000000000000000, 1.000000000000000000 ) ) ;
#9859 = CARTESIAN_POINT ( 'NONE',  ( 0.000000000000000000, 0.000000000000000000, 2.286000000000000032 ) ) ;
#9860 = LINE ( 'NONE', #8047, #5816 ) ;
#9861 = ORIENTED_EDGE ( 'NONE', *, *, #1304, .T. ) ;
#9862 = FACE_OUTER_BOUND ( 'NONE', #5261, .T. ) ;
#9863 = CARTESIAN_POINT ( 'NONE',  ( -2.558670703524384749, -27.27984819358532675, 2.286000000000000032 ) ) ;
#9864 = LINE ( 'NONE', #1055, #3598 ) ;
#9865 = ORIENTED_EDGE ( 'NONE', *, *, #2919, .T. ) ;
#9866 = LINE ( 'NONE', #7810, #5886 ) ;
#9867 = CARTESIAN_POINT ( 'NONE',  ( 5.200000000000000178, 0.000000000000000000, -1.000000000000000000 ) ) ;
#9868 = EDGE_CURVE ( 'NONE', #3976, #11681, #7113, .T. ) ;
#9869 = EDGE_CURVE ( 'NONE', #11287, #1013, #5683, .T. ) ;
#9870 = ORIENTED_EDGE ( 'NONE', *, *, #9305, .F. ) ;
#9871 = PLANE ( 'NONE',  #2649 ) ;
#9872 = ORIENTED_EDGE ( 'NONE', *, *, #6465, .T. ) ;
#9873 = FACE_OUTER_BOUND ( 'NONE', #12506, .T. ) ;
#9874 = LINE ( 'NONE', #171, #6067 ) ;
#9875 = ORIENTED_EDGE ( 'NONE', *, *, #4313, .F. ) ;
#9876 = ORIENTED_EDGE ( 'NONE', *, *, #2798, .F. ) ;
#9877 = DIRECTION ( 'NONE',  ( -0.000000000000000000, -0.000000000000000000, -1.000000000000000000 ) ) ;
#9878 = ORIENTED_EDGE ( 'NONE', *, *, #1329, .F. ) ;
#9879 = EDGE_CURVE ( 'NONE', #7586, #7004, #9319, .T. ) ;
#9880 = DIRECTION ( 'NONE',  ( 1.000000000000000000, 0.000000000000000000, 0.000000000000000000 ) ) ;
#9881 = ORIENTED_EDGE ( 'NONE', *, *, #6066, .T. ) ;
#9882 = DIRECTION ( 'NONE',  ( -0.7071067811865500152, -0.7071067811865451302, 0.000000000000000000 ) ) ;
#9883 = DIRECTION ( 'NONE',  ( -2.556848660736790434E-16, -1.000000000000000000, 0.000000000000000000 ) ) ;
#9884 = VERTEX_POINT ( 'NONE', #12149 ) ;
#9885 = CARTESIAN_POINT ( 'NONE',  ( 3.174999999999999822, 0.000000000000000000, -1.000000000000000000 ) ) ;
#9886 = DIRECTION ( 'NONE',  ( 0.000000000000000000, 0.000000000000000000, -1.000000000000000000 ) ) ;
#9887 = DIRECTION ( 'NONE',  ( 0.000000000000000000, 0.000000000000000000, -1.000000000000000000 ) ) ;
#9888 = ORIENTED_EDGE ( 'NONE', *, *, #12571, .T. ) ;
#9889 = DIRECTION ( 'NONE',  ( 0.7071067811865493491, -0.7071067811865455743, 0.000000000000000000 ) ) ;
#9890 = VERTEX_POINT ( 'NONE', #3345 ) ;
#9891 = ORIENTED_EDGE ( 'NONE', *, *, #4313, .T. ) ;
#9892 = EDGE_CURVE ( 'NONE', #6351, #8746, #12282, .T. ) ;
#9893 = ORIENTED_EDGE ( 'NONE', *, *, #9225, .T. ) ;
#9894 = EDGE_CURVE ( 'NONE', #10311, #9421, #10293, .T. ) ;
#9895 = EDGE_CURVE ( 'NONE', #327, #1712, #12213, .T. ) ;
#9896 = CARTESIAN_POINT ( 'NONE',  ( -5.200000000000005507, -45.99558441227155470, 3.049999999999999822 ) ) ;
#9897 = DIRECTION ( 'NONE',  ( 0.000000000000000000, 0.000000000000000000, -1.000000000000000000 ) ) ;
#9898 = PLANE ( 'NONE',  #6706 ) ;
#9899 = EDGE_LOOP ( 'NONE', ( #9437, #2559, #12345, #7528 ) ) ;
#9900 = CARTESIAN_POINT ( 'NONE',  ( -4.662796538894670384, -20.05838095116623521, 2.286000000000000032 ) ) ;
#9901 = FACE_OUTER_BOUND ( 'NONE', #12651, .T. ) ;
#9902 = ORIENTED_EDGE ( 'NONE', *, *, #7202, .F. ) ;
#9903 = PLANE ( 'NONE',  #5494 ) ;
#9904 = CARTESIAN_POINT ( 'NONE',  ( -6.699999999999990408, -5.199999999999999289, 3.049999999999999822 ) ) ;
#9905 = VERTEX_POINT ( 'NONE', #3538 ) ;
#9906 = EDGE_LOOP ( 'NONE', ( #7075, #4503, #5147, #4540 ) ) ;
#9907 = CARTESIAN_POINT ( 'NONE',  ( 6.200000000000021494, -32.88137084989849512, 3.049999999999999822 ) ) ;
#9908 = EDGE_CURVE ( 'NONE', #7387, #5044, #7466, .T. ) ;
#9909 = EDGE_CURVE ( 'NONE', #2881, #4751, #12093, .T. ) ;
#9910 = LINE ( 'NONE', #11001, #7146 ) ;
#9911 = VECTOR ( 'NONE', #1077, 1000.000000000000000 ) ;
#9912 = CARTESIAN_POINT ( 'NONE',  ( -10.82015180641468355, 2.558670703524396739, 1.000000000000000000 ) ) ;
#9913 = DIRECTION ( 'NONE',  ( -0.000000000000000000, -0.000000000000000000, 1.000000000000000000 ) ) ;
#9914 = CARTESIAN_POINT ( 'NONE',  ( 0.000000000000000000, -38.09999999999999432, -2.286000000000000032 ) ) ;
#9915 = LINE ( 'NONE', #3940, #6653 ) ;
#9916 = DIRECTION ( 'NONE',  ( -0.7071067811865476838, 0.7071067811865474617, 0.000000000000000000 ) ) ;
#9917 = ORIENTED_EDGE ( 'NONE', *, *, #1579, .T. ) ;
#9918 = PLANE ( 'NONE',  #8537 ) ;
#9919 = LINE ( 'NONE', #11081, #314 ) ;
#9920 = VECTOR ( 'NONE', #8425, 1000.000000000000000 ) ;
#9921 = AXIS2_PLACEMENT_3D ( 'NONE', #5711, #8003, #3777 ) ;
#9922 = LINE ( 'NONE', #1118, #7300 ) ;
#9923 = EDGE_CURVE ( 'NONE', #4431, #2681, #2704, .T. ) ;
#9924 = ORIENTED_EDGE ( 'NONE', *, *, #1363, .F. ) ;
#9925 = PRODUCT ( '228-2500-150', '228-2500-150', '', ( #6046 ) ) ;
#9926 = CARTESIAN_POINT ( 'NONE',  ( -2.100000000000000089, -50.79999999999999716, -1.001000000000000112 ) ) ;
#9927 = CARTESIAN_POINT ( 'NONE',  ( -22.26149318942908550, -0.4799999999999997047, -1.000000000000000000 ) ) ;
#9928 = VECTOR ( 'NONE', #3487, 1000.000000000000000 ) ;
#9929 = CARTESIAN_POINT ( 'NONE',  ( -5.200000000000004619, -45.99558441227155470, -3.049999999999999822 ) ) ;
#9930 = AXIS2_PLACEMENT_3D ( 'NONE', #5540, #9458, #8493 ) ;
#9931 = EDGE_LOOP ( 'NONE', ( #6607, #6567, #5085, #1594 ) ) ;
#9932 = LINE ( 'NONE', #2224, #9532 ) ;
#9933 = DIRECTION ( 'NONE',  ( -0.7071067811865453523, 0.7071067811865497932, 0.000000000000000000 ) ) ;
#9934 = ORIENTED_EDGE ( 'NONE', *, *, #9197, .T. ) ;
#9935 = EDGE_CURVE ( 'NONE', #2623, #7814, #7601, .T. ) ;
#9936 = EDGE_LOOP ( 'NONE', ( #3663, #1973, #12120, #8449 ) ) ;
#9937 = VECTOR ( 'NONE', #4020, 1000.000000000000114 ) ;
#9938 = DIRECTION ( 'NONE',  ( 0.000000000000000000, 0.000000000000000000, 1.000000000000000000 ) ) ;
#9939 = VERTEX_POINT ( 'NONE', #7720 ) ;
#9940 = VECTOR ( 'NONE', #5081, 1000.000000000000114 ) ;
#9941 = CARTESIAN_POINT ( 'NONE',  ( -2.584475285236822906, -14.60565277529774342, -2.286000000000000032 ) ) ;
#9942 = ORIENTED_EDGE ( 'NONE', *, *, #6605, .T. ) ;
#9943 = CARTESIAN_POINT ( 'NONE',  ( -6.199999999999999289, -41.90441558772840835, -2.286000000000000032 ) ) ;
#9944 = CARTESIAN_POINT ( 'NONE',  ( 5.341619048833756267, -33.43720346110534081, 2.286000000000000032 ) ) ;
#9945 = ORIENTED_EDGE ( 'NONE', *, *, #6018, .F. ) ;
#9946 = AXIS2_PLACEMENT_3D ( 'NONE', #5873, #922, #7674 ) ;
#9947 = FACE_OUTER_BOUND ( 'NONE', #5469, .T. ) ;
#9948 = FACE_OUTER_BOUND ( 'NONE', #7362, .T. ) ;
#9949 = DIRECTION ( 'NONE',  ( 1.180083997263133724E-16, 1.000000000000000000, 0.000000000000000000 ) ) ;
#9950 = ORIENTED_EDGE ( 'NONE', *, *, #55, .T. ) ;
#9951 = LINE ( 'NONE', #1145, #3206 ) ;
#9952 = EDGE_CURVE ( 'NONE', #3876, #2650, #12405, .T. ) ;
#9953 = ORIENTED_EDGE ( 'NONE', *, *, #10188, .F. ) ;
#9954 = VERTEX_POINT ( 'NONE', #1865 ) ;
#9955 = SECURITY_CLASSIFICATION ( '', '', #3978 ) ;
#9956 = ORIENTED_EDGE ( 'NONE', *, *, #11154, .F. ) ;
#9957 = CARTESIAN_POINT ( 'NONE',  ( 0.000000000000000000, -12.69999999999999929, -2.286000000000000032 ) ) ;
#9958 = VECTOR ( 'NONE', #11074, 1000.000000000000114 ) ;
#9959 = DIRECTION ( 'NONE',  ( 0.000000000000000000, 0.000000000000000000, -1.000000000000000000 ) ) ;
#9960 = LINE ( 'NONE', #2118, #4039 ) ;
#9961 = EDGE_LOOP ( 'NONE', ( #4055, #5793, #632, #6668 ) ) ;
#9962 = LINE ( 'NONE', #7205, #10174 ) ;
#9963 = DIRECTION ( 'NONE',  ( -1.000000000000000000, 0.000000000000000000, 0.000000000000000000 ) ) ;
#9964 = EDGE_LOOP ( 'NONE', ( #8102, #7097, #4370, #3457 ) ) ;
#9965 = CARTESIAN_POINT ( 'NONE',  ( -3.174999999999998934, -50.79999999999999716, 2.286000000000000032 ) ) ;
#9966 = EDGE_CURVE ( 'NONE', #5335, #8356, #9703, .T. ) ;
#9967 = CALENDAR_DATE ( 2022, 6, 6 ) ;
#9968 = ORIENTED_EDGE ( 'NONE', *, *, #5749, .T. ) ;
#9969 = AXIS2_PLACEMENT_3D ( 'NONE', #9246, #4309, #1227 ) ;
#9970 = VERTEX_POINT ( 'NONE', #1678 ) ;
#9971 = CARTESIAN_POINT ( 'NONE',  ( 0.4799999999999988165, -34.96149318942908479, 2.286000000000000032 ) ) ;
#9972 = VECTOR ( 'NONE', #269, 1000.000000000000000 ) ;
#9973 = AXIS2_PLACEMENT_3D ( 'NONE', #10066, #5172, #9092 ) ;
#9974 = CARTESIAN_POINT ( 'NONE',  ( 6.200000000000001066, -41.90441558772845099, -3.049999999999999822 ) ) ;
#9975 = CARTESIAN_POINT ( 'NONE',  ( -12.69999999999999929, 0.000000000000000000, 2.286000000000000032 ) ) ;
#9976 = DIRECTION ( 'NONE',  ( 0.7071067811865479058, -0.7071067811865471286, 0.000000000000000000 ) ) ;
#9977 = AXIS2_PLACEMENT_3D ( 'NONE', #8302, #9325, #8370 ) ;
#9978 = DIRECTION ( 'NONE',  ( -1.000000000000000000, 0.000000000000000000, 0.000000000000000000 ) ) ;
#9979 = PLANE ( 'NONE',  #7675 ) ;
#9980 = CARTESIAN_POINT ( 'NONE',  ( -10.11552471476316839, -1.905652775297746349, -2.286000000000000032 ) ) ;
#9981 = ORIENTED_EDGE ( 'NONE', *, *, #4169, .F. ) ;
#9982 = CARTESIAN_POINT ( 'NONE',  ( -25.39999999999999858, 0.000000000000000000, -2.286000000000000032 ) ) ;
#9983 = EDGE_CURVE ( 'NONE', #11764, #9387, #5784, .T. ) ;
#9984 = EDGE_CURVE ( 'NONE', #1093, #7312, #11506, .T. ) ;
#9985 = CARTESIAN_POINT ( 'NONE',  ( -20.05838095116623521, 4.662796538894666831, -2.286000000000000920 ) ) ;
#9986 = VECTOR ( 'NONE', #6504, 1000.000000000000000 ) ;
#9987 = EDGE_CURVE ( 'NONE', #7715, #6186, #8490, .T. ) ;
#9988 = VECTOR ( 'NONE', #12465, 1000.000000000000000 ) ;
#9989 = ADVANCED_FACE ( 'NONE', ( #10616 ), #11635, .F. ) ;
#9990 = CIRCLE ( 'NONE', #1372, 6.200000000000000178 ) ;
#9991 = DIRECTION ( 'NONE',  ( 0.000000000000000000, 0.000000000000000000, 1.000000000000000000 ) ) ;
#9992 = VERTEX_POINT ( 'NONE', #2648 ) ;
#9993 = CIRCLE ( 'NONE', #10610, 5.200000000000002842 ) ;
#9994 = DIRECTION ( 'NONE',  ( 0.000000000000000000, -0.000000000000000000, 1.000000000000000000 ) ) ;
#9995 = AXIS2_PLACEMENT_3D ( 'NONE', #246, #1402, #11047 ) ;
#9996 = PLANE ( 'NONE',  #8785 ) ;
#9997 = DIRECTION ( 'NONE',  ( -0.7071067811865501263, -0.7071067811865449082, 0.000000000000000000 ) ) ;
#9998 = CYLINDRICAL_SURFACE ( 'NONE', #10831, 3.174999999999999822 ) ;
#9999 = LINE ( 'NONE', #5769, #4578 ) ;
#10000 = CIRCLE ( 'NONE', #7944, 3.175000000000000711 ) ;
#10001 = ORIENTED_EDGE ( 'NONE', *, *, #8715, .T. ) ;
#10002 = EDGE_CURVE ( 'NONE', #12697, #4114, #7731, .T. ) ;
#10003 = DIRECTION ( 'NONE',  ( 1.000000000000000000, -2.556848660736790434E-16, 0.000000000000000000 ) ) ;
#10004 = PLANE ( 'NONE',  #8327 ) ;
#10005 = EDGE_LOOP ( 'NONE', ( #2195, #2303, #11947, #16, #7029, #4663, #1467, #5966 ) ) ;
#10006 = VECTOR ( 'NONE', #11335, 1000.000000000000000 ) ;
#10007 = VERTEX_POINT ( 'NONE', #7653 ) ;
#10008 = DIRECTION ( 'NONE',  ( 0.000000000000000000, 0.000000000000000000, -1.000000000000000000 ) ) ;
#10009 = ORIENTED_EDGE ( 'NONE', *, *, #1175, .F. ) ;
#10010 = CARTESIAN_POINT ( 'NONE',  ( -12.69999999999999929, 0.000000000000000000, -2.286000000000000032 ) ) ;
#10011 = VERTEX_POINT ( 'NONE', #8741 ) ;
#10012 = DIRECTION ( 'NONE',  ( 1.000000000000000000, 0.000000000000000000, 0.000000000000000000 ) ) ;
#10013 = DIRECTION ( 'NONE',  ( -1.000000000000000000, 0.000000000000000000, 0.000000000000000000 ) ) ;
#10014 = AXIS2_PLACEMENT_3D ( 'NONE', #608, #8576, #12496 ) ;
#10015 = ORIENTED_EDGE ( 'NONE', *, *, #7779, .F. ) ;
#10016 = VECTOR ( 'NONE', #12290, 1000.000000000000000 ) ;
#10017 = LINE ( 'NONE', #6995, #5653 ) ;
#10018 = DIRECTION ( 'NONE',  ( -1.000000000000000000, 0.000000000000000000, 0.000000000000000000 ) ) ;
#10019 = DIRECTION ( 'NONE',  ( -1.000000000000000000, 0.000000000000000000, 0.000000000000000000 ) ) ;
#10020 = VERTEX_POINT ( 'NONE', #1621 ) ;
#10021 = DIRECTION ( 'NONE',  ( -0.7071067811865465735, 0.7071067811865484609, 0.000000000000000000 ) ) ;
#10022 = ORIENTED_EDGE ( 'NONE', *, *, #12499, .T. ) ;
#10023 = VERTEX_POINT ( 'NONE', #3676 ) ;
#10024 = VECTOR ( 'NONE', #5993, 1000.000000000000114 ) ;
#10025 = AXIS2_PLACEMENT_3D ( 'NONE', #8174, #4317, #11070 ) ;
#10026 = EDGE_LOOP ( 'NONE', ( #8018, #8349, #2808, #2873 ) ) ;
#10027 = PLANE ( 'NONE',  #4904 ) ;
#10028 = CARTESIAN_POINT ( 'NONE',  ( -6.199999999999995737, -50.79999999999999716, -3.049999999999999822 ) ) ;
#10029 = EDGE_CURVE ( 'NONE', #9441, #4820, #12664, .T. ) ;
#10030 = VERTEX_POINT ( 'NONE', #12476 ) ;
#10031 = ADVANCED_FACE ( 'NONE', ( #653 ), #11372, .T. ) ;
#10032 = CARTESIAN_POINT ( 'NONE',  ( 5.200000000000000178, 6.368163355566235395E-16, 3.049999999999999822 ) ) ;
#10033 = LINE ( 'NONE', #1228, #8911 ) ;
#10034 = EDGE_LOOP ( 'NONE', ( #2416, #10898, #11943, #5066 ) ) ;
#10035 = VECTOR ( 'NONE', #6399, 1000.000000000000000 ) ;
#10036 = VECTOR ( 'NONE', #5594, 1000.000000000000000 ) ;
#10037 = CARTESIAN_POINT ( 'NONE',  ( 5.200000000000000178, 6.368163355566235395E-16, -2.286000000000000032 ) ) ;
#10038 =( LENGTH_UNIT ( ) NAMED_UNIT ( * ) SI_UNIT ( .MILLI., .METRE. ) );
#10039 = ORIENTED_EDGE ( 'NONE', *, *, #8565, .F. ) ;
#10040 = VECTOR ( 'NONE', #6827, 1000.000000000000000 ) ;
#10041 = VERTEX_POINT ( 'NONE', #5537 ) ;
#10042 = DIRECTION ( 'NONE',  ( -1.000000000000000000, 0.000000000000000000, 0.000000000000000000 ) ) ;
#10043 = EDGE_CURVE ( 'NONE', #9033, #3133, #6628, .T. ) ;
#10044 = VECTOR ( 'NONE', #321, 1000.000000000000000 ) ;
#10045 = CARTESIAN_POINT ( 'NONE',  ( -18.04161904883374845, -4.662796538894674825, -2.286000000000000920 ) ) ;
#10046 = FACE_OUTER_BOUND ( 'NONE', #9275, .T. ) ;
#10047 = CARTESIAN_POINT ( 'NONE',  ( 5.200000000000000178, -8.178822509939090324, 3.049999999999999822 ) ) ;
#10048 = LINE ( 'NONE', #12095, #921 ) ;
#10049 = CARTESIAN_POINT ( 'NONE',  ( -10.82015180641468710, -2.558670703524399848, 2.286000000000000032 ) ) ;
#10050 = CARTESIAN_POINT ( 'NONE',  ( 0.4799999999999992606, -34.96149318942908479, -2.286000000000000032 ) ) ;
#10051 = VERTEX_POINT ( 'NONE', #1806 ) ;
#10052 = DIRECTION ( 'NONE',  ( -1.000000000000000000, 0.000000000000000000, 0.000000000000000000 ) ) ;
#10053 = DIRECTION ( 'NONE',  ( 1.000000000000000000, 0.000000000000000000, 0.000000000000000000 ) ) ;
#10054 = DIRECTION ( 'NONE',  ( 1.000000000000000000, 0.000000000000000000, 0.000000000000000000 ) ) ;
#10055 = ORIENTED_EDGE ( 'NONE', *, *, #2724, .F. ) ;
#10056 = EDGE_CURVE ( 'NONE', #11305, #330, #10486, .T. ) ;
#10057 = LINE ( 'NONE', #1249, #4030 ) ;
#10058 = EDGE_CURVE ( 'NONE', #9242, #3586, #8622, .T. ) ;
#10059 = FACE_OUTER_BOUND ( 'NONE', #10034, .T. ) ;
#10060 = FACE_OUTER_BOUND ( 'NONE', #441, .T. ) ;
#10061 = EDGE_CURVE ( 'NONE', #11032, #11568, #718, .T. ) ;
#10062 = FACE_OUTER_BOUND ( 'NONE', #748, .T. ) ;
#10063 = CARTESIAN_POINT ( 'NONE',  ( -4.662796538894669496, -30.74161904883376195, -2.286000000000000032 ) ) ;
#10064 = ORIENTED_EDGE ( 'NONE', *, *, #11046, .F. ) ;
#10065 = CARTESIAN_POINT ( 'NONE',  ( 5.200000000000000178, -30.20441558772845525, 2.286000000000000032 ) ) ;
#10066 = CARTESIAN_POINT ( 'NONE',  ( 0.000000000000000000, 0.000000000000000000, -1.000000000000000000 ) ) ;
#10067 = EDGE_LOOP ( 'NONE', ( #5695, #11625, #508, #6424 ) ) ;
#10068 = VERTEX_POINT ( 'NONE', #11564 ) ;
#10069 = DIRECTION ( 'NONE',  ( -1.000000000000000000, 0.000000000000000000, -0.000000000000000000 ) ) ;
#10070 = ORIENTED_EDGE ( 'NONE', *, *, #8686, .F. ) ;
#10071 = EDGE_CURVE ( 'NONE', #4058, #1846, #3409, .T. ) ;
#10072 = DIRECTION ( 'NONE',  ( 0.000000000000000000, 0.000000000000000000, -1.000000000000000000 ) ) ;
#10073 = EDGE_LOOP ( 'NONE', ( #5532, #873, #3597, #9737 ) ) ;
#10074 = CARTESIAN_POINT ( 'NONE',  ( 0.000000000000000000, 0.000000000000000000, 1.000000000000000000 ) ) ;
#10075 = FACE_OUTER_BOUND ( 'NONE', #7809, .T. ) ;
#10076 = EDGE_LOOP ( 'NONE', ( #12719, #5734, #12132, #1320 ) ) ;
#10077 = CARTESIAN_POINT ( 'NONE',  ( 4.662796538894688148, -32.75838095116624515, -1.000000000000000000 ) ) ;
#10078 = DIRECTION ( 'NONE',  ( 0.7071067811865464625, -0.7071067811865486830, 0.000000000000000000 ) ) ;
#10079 = PLANE ( 'NONE',  #7040 ) ;
#10080 = ORIENTED_EDGE ( 'NONE', *, *, #939, .T. ) ;
#10081 = CARTESIAN_POINT ( 'NONE',  ( -17.91862915010151980, 6.200000000000000178, 3.049999999999999822 ) ) ;
#10082 = ORIENTED_EDGE ( 'NONE', *, *, #6896, .F. ) ;
#10083 = ORIENTED_EDGE ( 'NONE', *, *, #7505, .F. ) ;
#10084 = EDGE_CURVE ( 'NONE', #6755, #1527, #1568, .T. ) ;
#10085 = ORIENTED_EDGE ( 'NONE', *, *, #8827, .T. ) ;
#10086 = DIRECTION ( 'NONE',  ( 0.000000000000000000, 0.000000000000000000, -1.000000000000000000 ) ) ;
#10087 = CARTESIAN_POINT ( 'NONE',  ( -5.200000000000006395, -50.79999999999999716, 2.286000000000000032 ) ) ;
#10088 = ORIENTED_EDGE ( 'NONE', *, *, #10301, .T. ) ;
#10089 = CARTESIAN_POINT ( 'NONE',  ( -5.199999999999998401, -17.50441558772840978, -2.286000000000000032 ) ) ;
#10090 = LINE ( 'NONE', #8035, #7273 ) ;
#10091 = ORIENTED_EDGE ( 'NONE', *, *, #4674, .T. ) ;
#10092 = DIRECTION ( 'NONE',  ( -1.000000000000000000, 0.000000000000000000, 0.000000000000000000 ) ) ;
#10093 = ORIENTED_EDGE ( 'NONE', *, *, #3266, .F. ) ;
#10094 = VERTEX_POINT ( 'NONE', #10984 ) ;
#10095 = EDGE_CURVE ( 'NONE', #5982, #9939, #9842, .T. ) ;
#10096 = ADVANCED_FACE ( 'NONE', ( #1999 ), #2958, .F. ) ;
#10097 = DIRECTION ( 'NONE',  ( 0.7071067811865483499, -0.7071067811865466846, 0.000000000000000000 ) ) ;
#10098 = CARTESIAN_POINT ( 'NONE',  ( -2.558670703524396739, -10.82015180641468532, 2.286000000000000032 ) ) ;
#10099 = CARTESIAN_POINT ( 'NONE',  ( -2.558670703524385193, -27.27984819358532675, 2.286000000000000032 ) ) ;
#10100 = ORIENTED_EDGE ( 'NONE', *, *, #1393, .F. ) ;
#10101 = CARTESIAN_POINT ( 'NONE',  ( -17.22117749006090648, -5.199999999999999289, 1.000000000000000444 ) ) ;
#10102 = DIRECTION ( 'NONE',  ( -0.7071067811865465735, 0.7071067811865484609, 0.000000000000000000 ) ) ;
#10103 = LINE ( 'NONE', #6061, #11560 ) ;
#10104 = ORIENTED_EDGE ( 'NONE', *, *, #9108, .T. ) ;
#10105 = CARTESIAN_POINT ( 'NONE',  ( 0.000000000000000000, 0.000000000000000000, 2.286000000000000032 ) ) ;
#10106 = DIRECTION ( 'NONE',  ( -0.7071067811865489050, -0.7071067811865462405, 0.000000000000000000 ) ) ;
#10107 = EDGE_CURVE ( 'NONE', #6155, #6035, #8553, .T. ) ;
#10108 = CARTESIAN_POINT ( 'NONE',  ( -6.699999999999990408, -6.699999999999999289, 3.049999999999999822 ) ) ;
#10109 = EDGE_CURVE ( 'NONE', #11919, #9449, #9960, .T. ) ;
#10110 = ORIENTED_EDGE ( 'NONE', *, *, #7161, .T. ) ;
#10111 = VECTOR ( 'NONE', #5906, 1000.000000000000000 ) ;
#10112 = LINE ( 'NONE', #3238, #7734 ) ;
#10113 = DIRECTION ( 'NONE',  ( 3.414809992080329023E-17, -1.000000000000000000, 0.000000000000000000 ) ) ;
#10114 = CYLINDRICAL_SURFACE ( 'NONE', #154, 3.174999999999998934 ) ;
#10115 = CARTESIAN_POINT ( 'NONE',  ( -5.200000000000004619, -42.62117749006090150, 1.000000000000000000 ) ) ;
#10116 = CARTESIAN_POINT ( 'NONE',  ( -2.558670703524398515, -1.879848193585312632, -2.286000000000000032 ) ) ;
#10117 = ORIENTED_EDGE ( 'NONE', *, *, #3233, .T. ) ;
#10118 = CARTESIAN_POINT ( 'NONE',  ( -1.879848193585293314, -48.24132929647559109, 1.000000000000000000 ) ) ;
#10119 = CARTESIAN_POINT ( 'NONE',  ( -15.25867070352440180, 1.879848193585310190, 2.286000000000000032 ) ) ;
#10120 = VECTOR ( 'NONE', #8058, 1000.000000000000000 ) ;
#10121 = VERTEX_POINT ( 'NONE', #6110 ) ;
#10122 = ADVANCED_FACE ( 'NONE', ( #2894 ), #9898, .F. ) ;
#10123 = EDGE_CURVE ( 'NONE', #2998, #1791, #5140, .T. ) ;
#10125 = ADVANCED_FACE ( 'NONE', ( #8815 ), #2062, .T. ) ;
#10124 = VERTEX_POINT ( 'NONE', #968 ) ;
#10126 = ORIENTED_EDGE ( 'NONE', *, *, #3138, .T. ) ;
#10127 = AXIS2_PLACEMENT_3D ( 'NONE', #9724, #2721, #919 ) ;
#10128 = DIRECTION ( 'NONE',  ( 0.7071067811865459074, -0.7071067811865491270, 0.000000000000000000 ) ) ;
#10129 = AXIS2_PLACEMENT_3D ( 'NONE', #10239, #5345, #2138 ) ;
#10130 = ORIENTED_EDGE ( 'NONE', *, *, #8688, .F. ) ;
#10131 = LINE ( 'NONE', #302, #11254 ) ;
#10132 = CARTESIAN_POINT ( 'NONE',  ( -13.03941125496951869, -13.03941125496961639, 1.000000000000000000 ) ) ;
#10133 = VERTEX_POINT ( 'NONE', #7973 ) ;
#10134 = DIRECTION ( 'NONE',  ( -0.7071067811865455743, -0.7071067811865494601, -0.000000000000000000 ) ) ;
#10135 = LINE ( 'NONE', #6096, #908 ) ;
#10136 = CARTESIAN_POINT ( 'NONE',  ( -10.11552471476316839, -1.905652775297746349, -2.286000000000000032 ) ) ;
#10137 = VERTEX_POINT ( 'NONE', #3087 ) ;
#10138 = EDGE_CURVE ( 'NONE', #5071, #3031, #4110, .T. ) ;
#10140 = CARTESIAN_POINT ( 'NONE',  ( 6.200000000000007283, -43.31862915010152904, 3.049999999999999822 ) ) ;
#10139 = AXIS2_PLACEMENT_3D ( 'NONE', #12567, #2996, #10649 ) ;
#10141 = ADVANCED_FACE ( 'NONE', ( #3921 ), #6816, .T. ) ;
#10142 = EDGE_CURVE ( 'NONE', #5590, #1526, #11946, .T. ) ;
#10143 = AXIS2_PLACEMENT_3D ( 'NONE', #8471, #11299, #5449 ) ;
#10144 = EDGE_LOOP ( 'NONE', ( #12658, #11402, #192, #8563, #10117, #9953, #8151, #11332 ) ) ;
#10146 = EDGE_CURVE ( 'NONE', #8462, #7915, #8753, .T. ) ;
#10145 = ORIENTED_EDGE ( 'NONE', *, *, #8306, .F. ) ;
#10147 = ORIENTED_EDGE ( 'NONE', *, *, #9649, .T. ) ;
#10148 = EDGE_LOOP ( 'NONE', ( #4815, #10915, #11669, #550 ) ) ;
#10149 = AXIS2_PLACEMENT_3D ( 'NONE', #11850, #9141, #1301 ) ;
#10150 = CARTESIAN_POINT ( 'NONE',  ( -1.347792206135783877, -1.347792206135784987, -1.000000000000000000 ) ) ;
#10151 = DIRECTION ( 'NONE',  ( -0.7071067811865459074, -0.7071067811865491270, 0.000000000000000000 ) ) ;
#10152 = VERTEX_POINT ( 'NONE', #1929 ) ;
#10153 = DIRECTION ( 'NONE',  ( 0.000000000000000000, -0.000000000000000000, 1.000000000000000000 ) ) ;
#10154 = PLANE ( 'NONE',  #6658 ) ;
#10155 = ORIENTED_EDGE ( 'NONE', *, *, #4550, .F. ) ;
#10156 = ADVANCED_FACE ( 'NONE', ( #5848 ), #6947, .T. ) ;
#10157 = LINE ( 'NONE', #4366, #3818 ) ;
#10158 = ORIENTED_EDGE ( 'NONE', *, *, #1970, .F. ) ;
#10159 = AXIS2_PLACEMENT_3D ( 'NONE', #4709, #5738, #11643 ) ;
#10160 = EDGE_LOOP ( 'NONE', ( #10001, #2605, #4469, #2952 ) ) ;
#10161 = VECTOR ( 'NONE', #11782, 1000.000000000000114 ) ;
#10162 = VECTOR ( 'NONE', #6575, 1000.000000000000114 ) ;
#10163 = PLANE ( 'NONE',  #3654 ) ;
#10164 = LINE ( 'NONE', #8043, #995 ) ;
#10165 = CARTESIAN_POINT ( 'NONE',  ( 0.000000000000000000, -38.09999999999999432, 2.286000000000000032 ) ) ;
#10166 = ORIENTED_EDGE ( 'NONE', *, *, #4, .F. ) ;
#10167 = DIRECTION ( 'NONE',  ( 1.000000000000000000, 0.000000000000000000, 0.000000000000000000 ) ) ;
#10168 = PLANE ( 'NONE',  #1716 ) ;
#10169 = LINE ( 'NONE', #10240, #10338 ) ;
#10170 = ORIENTED_EDGE ( 'NONE', *, *, #10437, .F. ) ;
#10172 = EDGE_CURVE ( 'NONE', #5824, #8719, #7841, .T. ) ;
#10171 = CIRCLE ( 'NONE', #9756, 2.100000000000000089 ) ;
#10173 = DIRECTION ( 'NONE',  ( -0.7071067811865502373, 0.7071067811865449082, 0.000000000000000000 ) ) ;
#10174 = VECTOR ( 'NONE', #6301, 1000.000000000000000 ) ;
#10175 = CYLINDRICAL_SURFACE ( 'NONE', #10149, 3.174999999999999822 ) ;
#10176 = AXIS2_PLACEMENT_3D ( 'NONE', #11027, #2155, #2037 ) ;
#10177 = CARTESIAN_POINT ( 'NONE',  ( -23.52015180641466685, -2.558670703524386969, 2.286000000000000032 ) ) ;
#10178 = CIRCLE ( 'NONE', #11816, 3.174999999999998934 ) ;
#10179 = DIRECTION ( 'NONE',  ( 0.7071067811865475727, -0.7071067811865475727, 0.000000000000000000 ) ) ;
#10180 = LINE ( 'NONE', #2149, #9819 ) ;
#10181 = DIRECTION ( 'NONE',  ( -0.000000000000000000, -0.000000000000000000, -1.000000000000000000 ) ) ;
#10182 = PLANE ( 'NONE',  #6733 ) ;
#10183 = CARTESIAN_POINT ( 'NONE',  ( -12.69999999999999929, 0.000000000000000000, 2.286000000000000032 ) ) ;
#10184 = AXIS2_PLACEMENT_3D ( 'NONE', #2526, #6447, #607 ) ;
#10185 = CIRCLE ( 'NONE', #9568, 1.499999999999997780 ) ;
#10186 = ORIENTED_EDGE ( 'NONE', *, *, #601, .F. ) ;
#10187 = ADVANCED_FACE ( 'NONE', ( #3027 ), #5008, .T. ) ;
#10188 = EDGE_CURVE ( 'NONE', #9294, #1816, #11416, .T. ) ;
#10189 = CARTESIAN_POINT ( 'NONE',  ( 0.000000000000000000, -25.39999999999999858, -2.286000000000000032 ) ) ;
#10190 = DIRECTION ( 'NONE',  ( 0.000000000000000000, -0.000000000000000000, 1.000000000000000000 ) ) ;
#10191 = ORIENTED_EDGE ( 'NONE', *, *, #5750, .F. ) ;
#10192 = ORIENTED_EDGE ( 'NONE', *, *, #12006, .F. ) ;
#10193 = CIRCLE ( 'NONE', #10811, 2.100000000000000089 ) ;
#10194 = ORIENTED_EDGE ( 'NONE', *, *, #2034, .T. ) ;
#10195 = VECTOR ( 'NONE', #1274, 1000.000000000000000 ) ;
#10196 = DIRECTION ( 'NONE',  ( 0.000000000000000000, 0.000000000000000000, -1.000000000000000000 ) ) ;
#10197 = VECTOR ( 'NONE', #4974, 1000.000000000000114 ) ;
#10198 = DIRECTION ( 'NONE',  ( 0.7071067811865454633, 0.7071067811865495711, 0.000000000000000000 ) ) ;
#10199 = EDGE_CURVE ( 'NONE', #11573, #7633, #9244, .T. ) ;
#10200 = VERTEX_POINT ( 'NONE', #6413 ) ;
#10201 = CARTESIAN_POINT ( 'NONE',  ( 2.100000000000000089, 0.000000000000000000, 2.286000000000000032 ) ) ;
#10202 = CARTESIAN_POINT ( 'NONE',  ( -20.59558441227157033, -5.199999999999999289, -3.049999999999999822 ) ) ;
#10203 = ORIENTED_EDGE ( 'NONE', *, *, #1032, .F. ) ;
#10204 = CARTESIAN_POINT ( 'NONE',  ( 0.000000000000000000, -25.39999999999999858, -1.000000000000000000 ) ) ;
#10205 = DIRECTION ( 'NONE',  ( 1.000000000000000000, -2.556848660736790434E-16, 0.000000000000000000 ) ) ;
#10206 = AXIS2_PLACEMENT_3D ( 'NONE', #8093, #2494, #11056 ) ;
#10207 = ORIENTED_EDGE ( 'NONE', *, *, #8924, .F. ) ;
#10208 = VECTOR ( 'NONE', #3111, 1000.000000000000000 ) ;
#10209 = DIRECTION ( 'NONE',  ( 7.912989585623242219E-16, -1.000000000000000000, 0.000000000000000000 ) ) ;
#10210 = ORIENTED_EDGE ( 'NONE', *, *, #1347, .F. ) ;
#10211 = VERTEX_POINT ( 'NONE', #11239 ) ;
#10212 = EDGE_LOOP ( 'NONE', ( #10657, #3419, #1127, #12588 ) ) ;
#10213 = ORIENTED_EDGE ( 'NONE', *, *, #5702, .F. ) ;
#10214 = VECTOR ( 'NONE', #8002, 1000.000000000000000 ) ;
#10215 = EDGE_CURVE ( 'NONE', #8129, #7241, #10193, .T. ) ;
#10216 = EDGE_CURVE ( 'NONE', #11736, #7004, #754, .T. ) ;
#10217 = ADVANCED_FACE ( 'NONE', ( #12009 ), #2440, .F. ) ;
#10218 = FACE_OUTER_BOUND ( 'NONE', #3189, .T. ) ;
#10219 = FACE_OUTER_BOUND ( 'NONE', #10413, .T. ) ;
#10220 = EDGE_CURVE ( 'NONE', #5947, #7945, #5382, .T. ) ;
#10221 = VERTEX_POINT ( 'NONE', #504 ) ;
#10222 = DIRECTION ( 'NONE',  ( -0.000000000000000000, -0.000000000000000000, 1.000000000000000000 ) ) ;
#10223 = DIRECTION ( 'NONE',  ( 0.000000000000000000, 0.000000000000000000, -1.000000000000000000 ) ) ;
#10224 = EDGE_LOOP ( 'NONE', ( #7298, #3084, #1700, #10769 ) ) ;
#10225 = DIRECTION ( 'NONE',  ( -1.000000000000000000, 0.000000000000000000, 0.000000000000000000 ) ) ;
#10226 = ORIENTED_EDGE ( 'NONE', *, *, #10923, .F. ) ;
#10227 = VECTOR ( 'NONE', #402, 1000.000000000000000 ) ;
#10228 = VECTOR ( 'NONE', #762, 1000.000000000000000 ) ;
#10229 = VERTEX_POINT ( 'NONE', #4307 ) ;
#10230 = ORIENTED_EDGE ( 'NONE', *, *, #2377, .F. ) ;
#10231 = EDGE_CURVE ( 'NONE', #1651, #4502, #6296, .T. ) ;
#10232 = CARTESIAN_POINT ( 'NONE',  ( 0.000000000000000000, -12.69999999999999929, 1.000000000000000000 ) ) ;
#10233 = DIRECTION ( 'NONE',  ( -0.7071067811865459074, -0.7071067811865491270, 0.000000000000000000 ) ) ;
#10234 = DIRECTION ( 'NONE',  ( 1.000000000000000000, 0.000000000000000000, 0.000000000000000000 ) ) ;
#10235 = CIRCLE ( 'NONE', #12084, 3.174999999999998934 ) ;
#10236 = ORIENTED_EDGE ( 'NONE', *, *, #1885, .F. ) ;
#10237 = AXIS2_PLACEMENT_3D ( 'NONE', #9975, #1237, #12027 ) ;
#10238 = DIRECTION ( 'NONE',  ( -0.000000000000000000, -0.000000000000000000, -1.000000000000000000 ) ) ;
#10239 = CARTESIAN_POINT ( 'NONE',  ( 0.000000000000000000, -12.69999999999999929, -1.000000000000000000 ) ) ;
#10240 = CARTESIAN_POINT ( 'NONE',  ( -12.36058874503043548, -12.36058874503052962, -1.000000000000000000 ) ) ;
#10241 = ORIENTED_EDGE ( 'NONE', *, *, #12417, .T. ) ;
#10242 = CARTESIAN_POINT ( 'NONE',  ( -1.905652775297745238, -2.584475285236830899, 2.286000000000000032 ) ) ;
#10243 = DIRECTION ( 'NONE',  ( -0.7071067811865451302, 0.7071067811865500152, 0.000000000000000000 ) ) ;
#10244 = VECTOR ( 'NONE', #3515, 1000.000000000000000 ) ;
#10245 = LINE ( 'NONE', #4385, #8800 ) ;
#10246 = AXIS2_PLACEMENT_3D ( 'NONE', #11563, #2765, #1805 ) ;
#10247 = ADVANCED_FACE ( 'NONE', ( #5446 ), #3396, .F. ) ;
#10248 = LINE ( 'NONE', #12160, #6090 ) ;
#10249 = VECTOR ( 'NONE', #7047, 1000.000000000000000 ) ;
#10250 = DIRECTION ( 'NONE',  ( -0.000000000000000000, -0.000000000000000000, 1.000000000000000000 ) ) ;
#10251 = CARTESIAN_POINT ( 'NONE',  ( -2.100000000000000089, -12.69999999999999929, -1.001000000000000112 ) ) ;
#10252 = PLANE ( 'NONE',  #8159 ) ;
#10253 = CARTESIAN_POINT ( 'NONE',  ( -5.200000000000004619, -33.29558441227159449, 3.049999999999999822 ) ) ;
#10254 = LINE ( 'NONE', #5553, #6418 ) ;
#10255 = VERTEX_POINT ( 'NONE', #1469 ) ;
#10256 = DIRECTION ( 'NONE',  ( -0.000000000000000000, -0.000000000000000000, -1.000000000000000000 ) ) ;
#10257 = DIRECTION ( 'NONE',  ( -0.000000000000000000, -0.000000000000000000, -1.000000000000000000 ) ) ;
#10258 = ORIENTED_EDGE ( 'NONE', *, *, #9598, .F. ) ;
#10259 = ORIENTED_EDGE ( 'NONE', *, *, #1302, .F. ) ;
#10260 = EDGE_LOOP ( 'NONE', ( #1538, #6304, #10329, #10521 ) ) ;
#10261 = ADVANCED_FACE ( 'NONE', ( #3329 ), #12267, .T. ) ;
#10262 = ADVANCED_FACE ( 'NONE', ( #9372 ), #7392, .F. ) ;
#10263 = PLANE ( 'NONE',  #11633 ) ;
#10264 = CARTESIAN_POINT ( 'NONE',  ( -4.804415587728428250, 5.199999999999999289, -2.286000000000000032 ) ) ;
#10265 = EDGE_LOOP ( 'NONE', ( #11887, #12029, #9075, #4298 ) ) ;
#10266 = DIRECTION ( 'NONE',  ( -0.000000000000000000, -0.000000000000000000, 1.000000000000000000 ) ) ;
#10267 = ORIENTED_EDGE ( 'NONE', *, *, #5810, .F. ) ;
#10268 = CARTESIAN_POINT ( 'NONE',  ( -1.879848193585309968, -15.25867070352440003, -1.000000000000000000 ) ) ;
#10269 = CARTESIAN_POINT ( 'NONE',  ( -1.879848193585311078, -35.54132929647559536, 1.000000000000000000 ) ) ;
#10270 = ORIENTED_EDGE ( 'NONE', *, *, #8483, .T. ) ;
#10271 = CARTESIAN_POINT ( 'NONE',  ( 5.002207793864222651, -5.002207793864207552, -1.000000000000000000 ) ) ;
#10272 = EDGE_LOOP ( 'NONE', ( #7203, #10415, #4750, #6918, #11438, #3119, #8421 ) ) ;
#10273 = ORIENTED_EDGE ( 'NONE', *, *, #8463, .F. ) ;
#10274 = ADVANCED_FACE ( 'NONE', ( #11296 ), #12135, .F. ) ;
#10275 = DIRECTION ( 'NONE',  ( -0.000000000000000000, -0.000000000000000000, -1.000000000000000000 ) ) ;
#10276 = ORIENTED_EDGE ( 'NONE', *, *, #9238, .T. ) ;
#10277 = ORIENTED_EDGE ( 'NONE', *, *, #12605, .T. ) ;
#10278 = CARTESIAN_POINT ( 'NONE',  ( 5.200000000000000178, -17.50441558772843820, 3.049999999999999822 ) ) ;
#10279 = CARTESIAN_POINT ( 'NONE',  ( 0.4799999999999990941, -3.174999999999998934, -2.286000000000000032 ) ) ;
#10280 = ORIENTED_EDGE ( 'NONE', *, *, #1565, .F. ) ;
#10281 = DIRECTION ( 'NONE',  ( 1.000000000000000000, -1.180083997263133724E-16, 0.000000000000000000 ) ) ;
#10282 = LINE ( 'NONE', #7450, #9286 ) ;
#10283 = VERTEX_POINT ( 'NONE', #2249 ) ;
#10284 = LINE ( 'NONE', #8420, #6289 ) ;
#10285 = ORIENTED_EDGE ( 'NONE', *, *, #9198, .T. ) ;
#10286 = EDGE_CURVE ( 'NONE', #8259, #8684, #3274, .T. ) ;
#10287 = EDGE_LOOP ( 'NONE', ( #6047, #11422, #5649, #6237, #2363, #11531 ) ) ;
#10288 = EDGE_CURVE ( 'NONE', #8359, #7198, #10336, .T. ) ;
#10289 = ORIENTED_EDGE ( 'NONE', *, *, #4075, .F. ) ;
#10290 = EDGE_CURVE ( 'NONE', #11366, #1807, #9186, .T. ) ;
#10291 = DIRECTION ( 'NONE',  ( 5.463695987328531367E-16, 1.000000000000000000, 0.000000000000000000 ) ) ;
#10292 = DIRECTION ( 'NONE',  ( -0.7071067811865497932, 0.7071067811865452413, 0.000000000000000000 ) ) ;
#10293 = LINE ( 'NONE', #10352, #954 ) ;
#10294 = EDGE_LOOP ( 'NONE', ( #1456, #9942, #6621, #200, #9981, #2168 ) ) ;
#10295 = CARTESIAN_POINT ( 'NONE',  ( -5.218629150101524061, 6.200000000000000178, -3.049999999999999822 ) ) ;
#10296 = FACE_OUTER_BOUND ( 'NONE', #11495, .T. ) ;
#10297 = CARTESIAN_POINT ( 'NONE',  ( -5.355700691563798799, -6.034523201502883794, -2.286000000000000920 ) ) ;
#10298 = EDGE_LOOP ( 'NONE', ( #11747, #11884, #5957, #6689 ) ) ;
#10299 = DIRECTION ( 'NONE',  ( 1.000000000000000000, 0.000000000000000000, 0.000000000000000000 ) ) ;
#10300 = DIRECTION ( 'NONE',  ( -1.000000000000000000, 0.000000000000000000, 0.000000000000000000 ) ) ;
#10301 = EDGE_CURVE ( 'NONE', #4628, #10121, #390, .T. ) ;
#10302 = ADVANCED_FACE ( 'NONE', ( #10219 ), #1412, .F. ) ;
#10303 = LINE ( 'NONE', #3426, #5309 ) ;
#10304 = ADVANCED_FACE ( 'NONE', ( #2558 ), #827, .T. ) ;
#10305 = DIRECTION ( 'NONE',  ( -0.000000000000000000, -0.000000000000000000, -1.000000000000000000 ) ) ;
#10306 = CARTESIAN_POINT ( 'NONE',  ( -17.70220779386420773, -17.70220779386414023, -1.000000000000000000 ) ) ;
#10307 = CARTESIAN_POINT ( 'NONE',  ( -5.200000000000021494, -50.79999999999999716, -1.000000000000000000 ) ) ;
#10308 = LINE ( 'NONE', #4203, #12675 ) ;
#10309 = DIRECTION ( 'NONE',  ( 0.7071067811865474617, 0.7071067811865474617, 0.000000000000000000 ) ) ;
#10310 = CARTESIAN_POINT ( 'NONE',  ( -3.654415587728408799, -31.74999999999999289, -3.049999999999999822 ) ) ;
#10311 = VERTEX_POINT ( 'NONE', #2629 ) ;
#10312 = LINE ( 'NONE', #9340, #1321 ) ;
#10313 = CARTESIAN_POINT ( 'NONE',  ( -20.59558441227157033, 5.199999999999999289, -3.049999999999999822 ) ) ;
#10314 = EDGE_CURVE ( 'NONE', #10917, #4498, #635, .T. ) ;
#10315 = ORIENTED_EDGE ( 'NONE', *, *, #4372, .T. ) ;
#10316 = ORIENTED_EDGE ( 'NONE', *, *, #8321, .T. ) ;
#10317 = DIRECTION ( 'NONE',  ( -0.000000000000000000, -0.000000000000000000, 1.000000000000000000 ) ) ;
#10318 = CARTESIAN_POINT ( 'NONE',  ( -18.04161904883375200, 4.662796538894677489, 2.286000000000000032 ) ) ;
#10319 = ORIENTED_EDGE ( 'NONE', *, *, #12395, .F. ) ;
#10320 = DIRECTION ( 'NONE',  ( -0.000000000000000000, -0.000000000000000000, -1.000000000000000000 ) ) ;
#10321 = VECTOR ( 'NONE', #11810, 1000.000000000000000 ) ;
#10322 = ORIENTED_EDGE ( 'NONE', *, *, #7388, .T. ) ;
#10323 = DIRECTION ( 'NONE',  ( 0.000000000000000000, 0.000000000000000000, 1.000000000000000000 ) ) ;
#10324 = CARTESIAN_POINT ( 'NONE',  ( 2.558670703524391410, -10.82015180641467822, 1.000000000000000000 ) ) ;
#10325 = ORIENTED_EDGE ( 'NONE', *, *, #12399, .F. ) ;
#10326 = EDGE_CURVE ( 'NONE', #4401, #3728, #4615, .T. ) ;
#10327 = DIRECTION ( 'NONE',  ( 1.000000000000000000, 0.000000000000000000, 0.000000000000000000 ) ) ;
#10328 = ORIENTED_EDGE ( 'NONE', *, *, #2009, .F. ) ;
#10329 = ORIENTED_EDGE ( 'NONE', *, *, #5495, .F. ) ;
#10330 = VECTOR ( 'NONE', #473, 1000.000000000000000 ) ;
#10331 = CARTESIAN_POINT ( 'NONE',  ( -10.14132929647559855, 1.879848193585310856, 2.286000000000000032 ) ) ;
#10332 = ORIENTED_EDGE ( 'NONE', *, *, #6255, .T. ) ;
#10333 = VECTOR ( 'NONE', #8250, 1000.000000000000000 ) ;
#10334 = ORIENTED_EDGE ( 'NONE', *, *, #8813, .T. ) ;
#10335 = LINE ( 'NONE', #2557, #12087 ) ;
#10336 = LINE ( 'NONE', #6174, #3834 ) ;
#10337 = ORIENTED_EDGE ( 'NONE', *, *, #11242, .T. ) ;
#10338 = VECTOR ( 'NONE', #5402, 1000.000000000000114 ) ;
#10339 = CARTESIAN_POINT ( 'NONE',  ( 0.000000000000000000, 0.000000000000000000, -1.000000000000000000 ) ) ;
#10340 = FACE_OUTER_BOUND ( 'NONE', #5600, .T. ) ;
#10341 = VECTOR ( 'NONE', #9846, 1000.000000000000114 ) ;
#10342 = ORIENTED_EDGE ( 'NONE', *, *, #3673, .T. ) ;
#10343 = ADVANCED_FACE ( 'NONE', ( #12458 ), #10595, .T. ) ;
#10344 = CARTESIAN_POINT ( 'NONE',  ( -10.82015180641468177, 2.558670703524396739, 2.286000000000000032 ) ) ;
#10345 = ORIENTED_EDGE ( 'NONE', *, *, #4016, .T. ) ;
#10346 = EDGE_LOOP ( 'NONE', ( #6491, #5591, #10687, #5533, #1674, #10727 ) ) ;
#10347 = ORIENTED_EDGE ( 'NONE', *, *, #7046, .T. ) ;
#10348 = VECTOR ( 'NONE', #2679, 1000.000000000000114 ) ;
#10349 = ORIENTED_EDGE ( 'NONE', *, *, #12561, .T. ) ;
#10350 = CARTESIAN_POINT ( 'NONE',  ( -6.199999999999999289, -41.90441558772840835, -3.049999999999999822 ) ) ;
#10351 = LINE ( 'NONE', #454, #7979 ) ;
#10352 = CARTESIAN_POINT ( 'NONE',  ( -15.83850681057091059, -0.4799999999999999822, 2.286000000000000032 ) ) ;
#10353 = ORIENTED_EDGE ( 'NONE', *, *, #11270, .T. ) ;
#10354 = EDGE_CURVE ( 'NONE', #8862, #2500, #1850, .T. ) ;
#10355 = CARTESIAN_POINT ( 'NONE',  ( 2.558670703524383416, -48.92015180641466543, -1.000000000000000000 ) ) ;
#10356 = DIRECTION ( 'NONE',  ( -0.000000000000000000, -0.000000000000000000, 1.000000000000000000 ) ) ;
#10357 = DIRECTION ( 'NONE',  ( -1.000000000000000000, 0.000000000000000000, 0.000000000000000000 ) ) ;
#10358 = ORIENTED_EDGE ( 'NONE', *, *, #3700, .T. ) ;
#10359 = LINE ( 'NONE', #9589, #4680 ) ;
#10360 = AXIS2_PLACEMENT_3D ( 'NONE', #5101, #1369, #5291 ) ;
#10361 = CARTESIAN_POINT ( 'NONE',  ( 0.000000000000000000, -50.79999999999999716, 2.286000000000000032 ) ) ;
#10362 = VECTOR ( 'NONE', #3923, 1000.000000000000000 ) ;
#10363 = CARTESIAN_POINT ( 'NONE',  ( -25.06058874503043654, -25.06058874503059286, -1.000000000000000000 ) ) ;
#10364 = CIRCLE ( 'NONE', #8110, 3.174999999999998934 ) ;
#10365 = LINE ( 'NONE', #11267, #3871 ) ;
#10366 = CARTESIAN_POINT ( 'NONE',  ( 0.4799999999999964850, -15.87499999999999645, -2.286000000000000032 ) ) ;
#10367 = CARTESIAN_POINT ( 'NONE',  ( 6.200000000000000178, 7.592810154713588849E-16, 3.049999999999999822 ) ) ;
#10368 = VECTOR ( 'NONE', #11527, 1000.000000000000114 ) ;
#10369 = EDGE_CURVE ( 'NONE', #6181, #3513, #8763, .T. ) ;
#10370 = AXIS2_PLACEMENT_3D ( 'NONE', #3101, #10940, #7858 ) ;
#10371 = EDGE_CURVE ( 'NONE', #2072, #6423, #1789, .T. ) ;
#10372 = CARTESIAN_POINT ( 'NONE',  ( 3.654415587728436332, -6.349999999999996092, 3.049999999999999822 ) ) ;
#10373 = DIRECTION ( 'NONE',  ( -0.000000000000000000, -0.000000000000000000, 1.000000000000000000 ) ) ;
#10374 = CARTESIAN_POINT ( 'NONE',  ( 5.068629150101544134, -31.75000000000000711, -3.049999999999999822 ) ) ;
#10375 = EDGE_CURVE ( 'NONE', #6271, #11662, #4682, .T. ) ;
#10376 = ORIENTED_EDGE ( 'NONE', *, *, #841, .F. ) ;
#10377 = ADVANCED_FACE ( 'NONE', ( #11491 ), #1604, .T. ) ;
#10378 = LINE ( 'NONE', #10504, #6702 ) ;
#10379 = CARTESIAN_POINT ( 'NONE',  ( 0.000000000000000000, -38.09999999999999432, 2.286000000000000032 ) ) ;
#10380 = VECTOR ( 'NONE', #6917, 1000.000000000000000 ) ;
#10381 = EDGE_LOOP ( 'NONE', ( #4161, #5327, #4208, #8335 ) ) ;
#10382 = VECTOR ( 'NONE', #9122, 1000.000000000000000 ) ;
#10383 = ORIENTED_EDGE ( 'NONE', *, *, #4186, .T. ) ;
#10384 = AXIS2_PLACEMENT_3D ( 'NONE', #7419, #10441, #1441 ) ;
#10385 = LINE ( 'NONE', #7681, #10402 ) ;
#10386 = CIRCLE ( 'NONE', #4843, 3.174999999999998934 ) ;
#10387 = DIRECTION ( 'NONE',  ( -0.7071067811865465735, -0.7071067811865485719, 0.000000000000000000 ) ) ;
#10388 = EDGE_CURVE ( 'NONE', #4248, #45, #1663, .T. ) ;
#10389 = VERTEX_POINT ( 'NONE', #6743 ) ;
#10390 = CARTESIAN_POINT ( 'NONE',  ( -5.199999999999997513, -8.178822509939088548, 2.286000000000000032 ) ) ;
#10391 = ORIENTED_EDGE ( 'NONE', *, *, #1235, .T. ) ;
#10392 = VECTOR ( 'NONE', #4913, 1000.000000000000000 ) ;
#10393 = DIRECTION ( 'NONE',  ( -0.000000000000000000, 0.000000000000000000, 1.000000000000000000 ) ) ;
#10394 = DIRECTION ( 'NONE',  ( -0.000000000000000000, -0.000000000000000000, 1.000000000000000000 ) ) ;
#10395 = EDGE_LOOP ( 'NONE', ( #8907, #8010, #7115, #12586 ) ) ;
#10396 = CARTESIAN_POINT ( 'NONE',  ( -5.200000000000006395, -50.79999999999999716, -2.286000000000000032 ) ) ;
#10397 = ORIENTED_EDGE ( 'NONE', *, *, #10496, .T. ) ;
#10398 = VECTOR ( 'NONE', #3914, 1000.000000000000000 ) ;
#10399 = VERTEX_POINT ( 'NONE', #7585 ) ;
#10400 = LINE ( 'NONE', #12518, #2029 ) ;
#10401 = VERTEX_POINT ( 'NONE', #6613 ) ;
#10402 = VECTOR ( 'NONE', #9544, 1000.000000000000000 ) ;
#10403 = ORIENTED_EDGE ( 'NONE', *, *, #7364, .T. ) ;
#10404 = CARTESIAN_POINT ( 'NONE',  ( 0.4799999999999995937, -41.27499999999999147, 2.286000000000000032 ) ) ;
#10405 = AXIS2_PLACEMENT_3D ( 'NONE', #4097, #1981, #8724 ) ;
#10406 = DIRECTION ( 'NONE',  ( -0.000000000000000000, -0.000000000000000000, 1.000000000000000000 ) ) ;
#10407 = LINE ( 'NONE', #5832, #7740 ) ;
#10408 = AXIS2_PLACEMENT_3D ( 'NONE', #1702, #7626, #866 ) ;
#10409 = ORIENTED_EDGE ( 'NONE', *, *, #11707, .T. ) ;
#10410 = DIRECTION ( 'NONE',  ( 0.000000000000000000, 0.000000000000000000, -1.000000000000000000 ) ) ;
#10411 = DIRECTION ( 'NONE',  ( -0.000000000000000000, -0.000000000000000000, 1.000000000000000000 ) ) ;
#10412 = AXIS2_PLACEMENT_3D ( 'NONE', #11735, #6798, #5829 ) ;
#10413 = EDGE_LOOP ( 'NONE', ( #9251, #11618, #4085, #2934, #2442, #7459 ) ) ;
#10414 = PLANE ( 'NONE',  #11405 ) ;
#10415 = ORIENTED_EDGE ( 'NONE', *, *, #6131, .T. ) ;
#10416 = ORIENTED_EDGE ( 'NONE', *, *, #6281, .T. ) ;
#10417 = VERTEX_POINT ( 'NONE', #697 ) ;
#10418 = ORIENTED_EDGE ( 'NONE', *, *, #7202, .T. ) ;
#10419 = AXIS2_PLACEMENT_3D ( 'NONE', #9151, #8125, #358 ) ;
#10420 = VERTEX_POINT ( 'NONE', #3521 ) ;
#10421 = ADVANCED_FACE ( 'NONE', ( #11547 ), #8539, .F. ) ;
#10422 = FACE_OUTER_BOUND ( 'NONE', #6344, .T. ) ;
#10423 = EDGE_CURVE ( 'NONE', #8157, #11049, #4743, .T. ) ;
#10424 = CARTESIAN_POINT ( 'NONE',  ( -19.04999999999999716, 3.654415587728427450, 2.286000000000000032 ) ) ;
#10425 = PLANE ( 'NONE',  #4490 ) ;
#10426 = DIRECTION ( 'NONE',  ( 0.000000000000000000, 0.000000000000000000, 1.000000000000000000 ) ) ;
#10427 = VERTEX_POINT ( 'NONE', #7699 ) ;
#10428 = DIRECTION ( 'NONE',  ( -1.000000000000000000, 1.092739197465705287E-15, 0.000000000000000000 ) ) ;
#10429 = LINE ( 'NONE', #1625, #3354 ) ;
#10430 = CARTESIAN_POINT ( 'NONE',  ( 2.100000000000000089, -50.79999999999999716, 2.286000000000000032 ) ) ;
#10431 = VERTEX_POINT ( 'NONE', #10525 ) ;
#10432 = VECTOR ( 'NONE', #6828, 1000.000000000000000 ) ;
#10433 = LINE ( 'NONE', #11453, #788 ) ;
#10434 = AXIS2_PLACEMENT_3D ( 'NONE', #8245, #10250, #6142 ) ;
#10435 = DIRECTION ( 'NONE',  ( -0.000000000000000000, -0.000000000000000000, 1.000000000000000000 ) ) ;
#10436 = DIRECTION ( 'NONE',  ( -0.000000000000000000, -0.000000000000000000, -1.000000000000000000 ) ) ;
#10437 = EDGE_CURVE ( 'NONE', #5529, #3929, #11612, .T. ) ;
#10438 = AXIS2_PLACEMENT_3D ( 'NONE', #12565, #9547, #7499 ) ;
#10439 = CARTESIAN_POINT ( 'NONE',  ( -6.199999999999970868, -43.31862915010152904, -3.049999999999999822 ) ) ;
#10440 = CARTESIAN_POINT ( 'NONE',  ( 5.200000000000000178, 6.368163355566235395E-16, -3.049999999999999822 ) ) ;
#10441 = DIRECTION ( 'NONE',  ( 0.000000000000000000, 0.000000000000000000, 1.000000000000000000 ) ) ;
#10442 = LINE ( 'NONE', #11581, #12471 ) ;
#10443 = CARTESIAN_POINT ( 'NONE',  ( -6.034523201502886458, -5.355700691563802351, -1.000000000000000000 ) ) ;
#10444 = DIRECTION ( 'NONE',  ( -0.000000000000000000, -0.000000000000000000, 1.000000000000000000 ) ) ;
#10445 = CIRCLE ( 'NONE', #600, 3.174999999999998934 ) ;
#10446 = DIRECTION ( 'NONE',  ( -0.000000000000000000, -0.000000000000000000, -1.000000000000000000 ) ) ;
#10447 = DIRECTION ( 'NONE',  ( 0.000000000000000000, 0.000000000000000000, -1.000000000000000000 ) ) ;
#10448 = VECTOR ( 'NONE', #6728, 1000.000000000000114 ) ;
#10449 = AXIS2_PLACEMENT_3D ( 'NONE', #8031, #6109, #3328 ) ;
#10450 = ORIENTED_EDGE ( 'NONE', *, *, #5206, .F. ) ;
#10451 = ADVANCED_FACE ( 'NONE', ( #8411 ), #12325, .F. ) ;
#10452 = EDGE_LOOP ( 'NONE', ( #8345, #8995, #2485, #4591 ) ) ;
#10453 = AXIS2_PLACEMENT_3D ( 'NONE', #8909, #875, #7821 ) ;
#10454 = EDGE_CURVE ( 'NONE', #8910, #6435, #10407, .T. ) ;
#10455 = PLANE ( 'NONE',  #545 ) ;
#10456 = FACE_OUTER_BOUND ( 'NONE', #3028, .T. ) ;
#10457 = EDGE_LOOP ( 'NONE', ( #9817, #6545, #2792, #900, #3643, #10932 ) ) ;
#10458 = DIRECTION ( 'NONE',  ( -0.000000000000000000, -0.000000000000000000, 1.000000000000000000 ) ) ;
#10459 = VERTEX_POINT ( 'NONE', #4803 ) ;
#10460 = PLANE ( 'NONE',  #3565 ) ;
#10461 = LINE ( 'NONE', #6283, #9708 ) ;
#10462 = EDGE_LOOP ( 'NONE', ( #6313, #10578, #6169, #4032, #10672, #11811 ) ) ;
#10463 = LINE ( 'NONE', #10271, #3824 ) ;
#10464 = ORIENTED_EDGE ( 'NONE', *, *, #10138, .T. ) ;
#10465 = EDGE_CURVE ( 'NONE', #3019, #11395, #4869, .T. ) ;
#10466 = DIRECTION ( 'NONE',  ( -0.7071067811865475727, 0.7071067811865475727, 0.000000000000000000 ) ) ;
#10467 = ORIENTED_EDGE ( 'NONE', *, *, #8982, .F. ) ;
#10468 = ORIENTED_EDGE ( 'NONE', *, *, #9952, .F. ) ;
#10469 = CARTESIAN_POINT ( 'NONE',  ( -0.4800000000000008149, -3.138506810570912187, -1.000000000000000000 ) ) ;
#10470 = DIRECTION ( 'NONE',  ( 1.000000000000000000, 0.000000000000000000, 0.000000000000000000 ) ) ;
#10471 = CARTESIAN_POINT ( 'NONE',  ( -20.05838095116623521, -4.662796538894668608, -2.286000000000000032 ) ) ;
#10472 = ORIENTED_EDGE ( 'NONE', *, *, #11911, .T. ) ;
#10473 = DIRECTION ( 'NONE',  ( 0.7071067811865459074, -0.7071067811865491270, 0.000000000000000000 ) ) ;
#10474 = DIRECTION ( 'NONE',  ( -0.000000000000000000, -0.000000000000000000, -1.000000000000000000 ) ) ;
#10475 = ORIENTED_EDGE ( 'NONE', *, *, #8357, .F. ) ;
#10476 = DIRECTION ( 'NONE',  ( 0.7071067811865479058, -0.7071067811865472397, 0.000000000000000000 ) ) ;
#10477 = VERTEX_POINT ( 'NONE', #10910 ) ;
#10478 = VERTEX_POINT ( 'NONE', #4992 ) ;
#10479 = EDGE_CURVE ( 'NONE', #9498, #2375, #9993, .T. ) ;
#10480 = ORIENTED_EDGE ( 'NONE', *, *, #1490, .F. ) ;
#10481 = ORIENTED_EDGE ( 'NONE', *, *, #4561, .T. ) ;
#10482 = ORIENTED_EDGE ( 'NONE', *, *, #5077, .T. ) ;
#10483 = DIRECTION ( 'NONE',  ( -0.7071067811865452413, -0.7071067811865497932, 0.000000000000000000 ) ) ;
#10484 = DIRECTION ( 'NONE',  ( -0.000000000000000000, -0.000000000000000000, -1.000000000000000000 ) ) ;
#10485 = FACE_OUTER_BOUND ( 'NONE', #4600, .T. ) ;
#10486 = LINE ( 'NONE', #9455, #2182 ) ;
#10487 = ORIENTED_EDGE ( 'NONE', *, *, #12104, .F. ) ;
#10488 = DIRECTION ( 'NONE',  ( 0.000000000000000000, 0.000000000000000000, -1.000000000000000000 ) ) ;
#10489 = DIRECTION ( 'NONE',  ( -0.7071067811865479058, 0.7071067811865471286, 0.000000000000000000 ) ) ;
#10490 = DIRECTION ( 'NONE',  ( 0.7071067811865501263, 0.7071067811865449082, -0.000000000000000000 ) ) ;
#10491 = ORIENTED_EDGE ( 'NONE', *, *, #3216, .T. ) ;
#10492 = DIRECTION ( 'NONE',  ( 0.000000000000000000, -1.000000000000000000, 0.000000000000000000 ) ) ;
#10493 = FACE_OUTER_BOUND ( 'NONE', #9115, .T. ) ;
#10494 = EDGE_LOOP ( 'NONE', ( #10316, #1509, #9831, #4566 ) ) ;
#10495 = EDGE_CURVE ( 'NONE', #6554, #339, #184, .T. ) ;
#10496 = EDGE_CURVE ( 'NONE', #7301, #8356, #3126, .T. ) ;
#10497 = CARTESIAN_POINT ( 'NONE',  ( -5.200000000000001954, -33.57882250993909423, 3.049999999999999822 ) ) ;
#10498 = DIRECTION ( 'NONE',  ( -0.000000000000000000, -0.000000000000000000, 1.000000000000000000 ) ) ;
#10499 = DIRECTION ( 'NONE',  ( 5.463695987328531367E-16, 1.000000000000000000, 0.000000000000000000 ) ) ;
#10500 = PLANE ( 'NONE',  #7135 ) ;
#10501 = CARTESIAN_POINT ( 'NONE',  ( -1.879848193585311078, -35.54132929647559536, -2.286000000000000032 ) ) ;
#10502 = CARTESIAN_POINT ( 'NONE',  ( 3.174999999999999822, -25.39999999999999858, -2.286000000000000032 ) ) ;
#10503 = CARTESIAN_POINT ( 'NONE',  ( -5.199999999999995737, -8.178822509939086771, 3.049999999999999822 ) ) ;
#10504 = CARTESIAN_POINT ( 'NONE',  ( -5.200000000000006395, -50.79999999999999716, 3.049999999999999822 ) ) ;
#10505 = EDGE_CURVE ( 'NONE', #3933, #2690, #8855, .T. ) ;
#10506 = PLANE ( 'NONE',  #11379 ) ;
#10507 = ADVANCED_FACE ( 'NONE', ( #9822 ), #3908, .T. ) ;
#10508 = VERTEX_POINT ( 'NONE', #6863 ) ;
#10509 = VERTEX_POINT ( 'NONE', #3964 ) ;
#10510 = CARTESIAN_POINT ( 'NONE',  ( -15.83850681057091059, 0.4799999999999999822, 1.000000000000000000 ) ) ;
#10511 = DIRECTION ( 'NONE',  ( 1.000000000000000000, 0.000000000000000000, 0.000000000000000000 ) ) ;
#10512 = ORIENTED_EDGE ( 'NONE', *, *, #4386, .F. ) ;
#10513 = CARTESIAN_POINT ( 'NONE',  ( 5.200000000000000178, -42.62117749006088729, 1.000000000000000444 ) ) ;
#10514 = VERTEX_POINT ( 'NONE', #7957 ) ;
#10515 = ADVANCED_FACE ( 'NONE', ( #3845 ), #9755, .F. ) ;
#10516 = DIRECTION ( 'NONE',  ( -0.000000000000000000, -0.000000000000000000, 1.000000000000000000 ) ) ;
#10517 = DIRECTION ( 'NONE',  ( -0.000000000000000000, -0.000000000000000000, 1.000000000000000000 ) ) ;
#10518 = ORIENTED_EDGE ( 'NONE', *, *, #9195, .F. ) ;
#10519 = EDGE_LOOP ( 'NONE', ( #11540, #7267, #3198, #10085, #12414, #5116, #5852 ) ) ;
#10520 = CARTESIAN_POINT ( 'NONE',  ( 3.174999999999998934, -50.79999999999999716, 2.286000000000000032 ) ) ;
#10521 = ORIENTED_EDGE ( 'NONE', *, *, #6454, .F. ) ;
#10522 = PLANE ( 'NONE',  #10631 ) ;
#10523 = AXIS2_PLACEMENT_3D ( 'NONE', #4619, #10530, #12462 ) ;
#10524 = CARTESIAN_POINT ( 'NONE',  ( -6.199999999999969091, -45.58137084989848375, -3.049999999999999822 ) ) ;
#10525 = CARTESIAN_POINT ( 'NONE',  ( -15.83850681057091059, -0.4800000000000001488, -1.000000000000000000 ) ) ;
#10526 = ORIENTED_EDGE ( 'NONE', *, *, #6133, .F. ) ;
#10527 = EDGE_CURVE ( 'NONE', #2698, #9311, #2046, .T. ) ;
#10528 = EDGE_CURVE ( 'NONE', #4878, #11057, #9688, .T. ) ;
#10529 = CARTESIAN_POINT ( 'NONE',  ( -6.034523201502886458, -5.355700691563802351, 1.000000000000000000 ) ) ;
#10530 = DIRECTION ( 'NONE',  ( -0.7071067811865500152, -0.7071067811865451302, 0.000000000000000000 ) ) ;
#10531 = EDGE_CURVE ( 'NONE', #4758, #4683, #10783, .T. ) ;
#10532 = ORIENTED_EDGE ( 'NONE', *, *, #219, .T. ) ;
#10533 = EDGE_CURVE ( 'NONE', #8087, #10902, #1073, .T. ) ;
#10535 = CARTESIAN_POINT ( 'NONE',  ( -20.87882250993907363, 5.199999999999999289, 3.049999999999999822 ) ) ;
#10534 = VECTOR ( 'NONE', #8509, 1000.000000000000000 ) ;
#10536 = ORIENTED_EDGE ( 'NONE', *, *, #2697, .F. ) ;
#10537 = AXIS2_PLACEMENT_3D ( 'NONE', #4719, #8638, #2528 ) ;
#10538 = ORIENTED_EDGE ( 'NONE', *, *, #3931, .T. ) ;
#10539 = ORIENTED_EDGE ( 'NONE', *, *, #71, .T. ) ;
#10540 = ORIENTED_EDGE ( 'NONE', *, *, #12464, .F. ) ;
#10541 = ORIENTED_EDGE ( 'NONE', *, *, #2506, .F. ) ;
#10542 = CALENDAR_DATE ( 2022, 6, 6 ) ;
#10543 = AXIS2_PLACEMENT_3D ( 'NONE', #2883, #3911, #7829 ) ;
#10544 = DIRECTION ( 'NONE',  ( -0.7071067811865466846, -0.7071067811865483499, 0.000000000000000000 ) ) ;
#10545 = LINE ( 'NONE', #3602, #5305 ) ;
#10546 = CIRCLE ( 'NONE', #9930, 3.174999999999999822 ) ;
#10547 = DIRECTION ( 'NONE',  ( -0.000000000000000000, -0.000000000000000000, 1.000000000000000000 ) ) ;
#10548 = CARTESIAN_POINT ( 'NONE',  ( -1.879848193585309968, -15.25867070352440003, -2.286000000000000032 ) ) ;
#10549 = EDGE_LOOP ( 'NONE', ( #7302, #8288, #7090, #11418 ) ) ;
#10550 = EDGE_CURVE ( 'NONE', #365, #7873, #3073, .T. ) ;
#10551 = DIRECTION ( 'NONE',  ( 1.000000000000000000, 0.000000000000000000, 0.000000000000000000 ) ) ;
#10552 = FACE_OUTER_BOUND ( 'NONE', #4867, .T. ) ;
#10553 = ORIENTED_EDGE ( 'NONE', *, *, #436, .T. ) ;
#10554 = CARTESIAN_POINT ( 'NONE',  ( -1.905652775297734802, -22.81552471476314992, -2.286000000000000032 ) ) ;
#10555 = DIRECTION ( 'NONE',  ( 1.000000000000000000, 0.000000000000000000, 0.000000000000000000 ) ) ;
#10556 = CARTESIAN_POINT ( 'NONE',  ( 3.654415587728450543, -19.04999999999999716, 3.049999999999999822 ) ) ;
#10557 = ORIENTED_EDGE ( 'NONE', *, *, #8766, .T. ) ;
#10558 = AXIS2_PLACEMENT_3D ( 'NONE', #10873, #11567, #12668 ) ;
#10559 = CARTESIAN_POINT ( 'NONE',  ( 5.200000000000000178, 6.368163355566235395E-16, 3.049999999999999822 ) ) ;
#10560 = CARTESIAN_POINT ( 'NONE',  ( -6.699999999999990408, -5.199999999999999289, 3.049999999999999822 ) ) ;
#10561 = DIRECTION ( 'NONE',  ( 1.000000000000000000, -1.180083997263133724E-16, 0.000000000000000000 ) ) ;
#10562 = CARTESIAN_POINT ( 'NONE',  ( -30.59999999999999787, 0.000000000000000000, 3.049999999999999822 ) ) ;
#10563 = ADVANCED_FACE ( 'NONE', ( #10718 ), #7889, .T. ) ;
#10564 = VECTOR ( 'NONE', #7806, 1000.000000000000000 ) ;
#10565 = DIRECTION ( 'NONE',  ( -1.000000000000000000, 0.000000000000000000, 0.000000000000000000 ) ) ;
#10566 = DIRECTION ( 'NONE',  ( 1.000000000000000000, 0.000000000000000000, 0.000000000000000000 ) ) ;
#10567 = FACE_OUTER_BOUND ( 'NONE', #4899, .T. ) ;
#10568 = CARTESIAN_POINT ( 'NONE',  ( -6.699999999999990408, -5.199999999999999289, 3.049999999999999822 ) ) ;
#10569 = DIRECTION ( 'NONE',  ( -5.463695987328531367E-16, -1.000000000000000000, 0.000000000000000000 ) ) ;
#10570 = LINE ( 'NONE', #4725, #10161 ) ;
#10571 = PRODUCT_DEFINITION_FORMATION_WITH_SPECIFIED_SOURCE ( 'ANY', '', #9925, .NOT_KNOWN. ) ;
#10572 = ORIENTED_EDGE ( 'NONE', *, *, #4660, .F. ) ;
#10573 = VECTOR ( 'NONE', #10638, 1000.000000000000000 ) ;
#10574 = DIRECTION ( 'NONE',  ( -1.000000000000000000, 0.000000000000000000, 0.000000000000000000 ) ) ;
#10575 = CARTESIAN_POINT ( 'NONE',  ( -6.010588745030501556, -6.010588745030466917, 1.000000000000000000 ) ) ;
#10576 = ADVANCED_FACE ( 'NONE', ( #8915 ), #10853, .F. ) ;
#10577 = ADVANCED_FACE ( 'NONE', ( #11876 ), #6023, .F. ) ;
#10578 = ORIENTED_EDGE ( 'NONE', *, *, #10465, .F. ) ;
#10579 = CARTESIAN_POINT ( 'NONE',  ( -25.39999999999999858, -5.199999999999999289, 3.049999999999999822 ) ) ;
#10580 = ORIENTED_EDGE ( 'NONE', *, *, #8374, .F. ) ;
#10581 = DIRECTION ( 'NONE',  ( -2.556848660736790434E-16, -1.000000000000000000, -0.000000000000000000 ) ) ;
#10582 = CYLINDRICAL_SURFACE ( 'NONE', #5663, 3.175000000000000711 ) ;
#10583 = ORIENTED_EDGE ( 'NONE', *, *, #1035, .T. ) ;
#10584 = VECTOR ( 'NONE', #5479, 1000.000000000000000 ) ;
#10585 = CIRCLE ( 'NONE', #5444, 3.174999999999999822 ) ;
#10586 = VERTEX_POINT ( 'NONE', #1910 ) ;
#10587 = LINE ( 'NONE', #4416, #8598 ) ;
#10588 = ORIENTED_EDGE ( 'NONE', *, *, #3064, .T. ) ;
#10589 = VECTOR ( 'NONE', #12051, 1000.000000000000000 ) ;
#10590 = EDGE_CURVE ( 'NONE', #9905, #582, #8150, .T. ) ;
#10591 = CARTESIAN_POINT ( 'NONE',  ( -5.199999999999998401, -17.50441558772841688, 2.286000000000000032 ) ) ;
#10592 = VECTOR ( 'NONE', #4657, 1000.000000000000114 ) ;
#10593 = ORIENTED_EDGE ( 'NONE', *, *, #88, .T. ) ;
#10594 = DIRECTION ( 'NONE',  ( 0.7071067811865495711, -0.7071067811865455743, 0.000000000000000000 ) ) ;
#10595 = PLANE ( 'NONE',  #12659 ) ;
#10596 = EDGE_LOOP ( 'NONE', ( #3539, #3849, #8200, #9109, #8801, #6908 ) ) ;
#10597 = DIRECTION ( 'NONE',  ( -1.000000000000000000, 0.000000000000000000, -0.000000000000000000 ) ) ;
#10598 = DIRECTION ( 'NONE',  ( -0.7071067811865474617, -0.7071067811865474617, 0.000000000000000000 ) ) ;
#10599 = AXIS2_PLACEMENT_3D ( 'NONE', #6695, #899, #4819 ) ;
#10600 = ORIENTED_EDGE ( 'NONE', *, *, #12240, .T. ) ;
#10601 = AXIS2_PLACEMENT_3D ( 'NONE', #3526, #2564, #6365 ) ;
#10602 = CARTESIAN_POINT ( 'NONE',  ( -19.04999999999999716, 3.654415587728427450, -1.000000000000000000 ) ) ;
#10603 = VERTEX_POINT ( 'NONE', #4292 ) ;
#10604 = VECTOR ( 'NONE', #5296, 1000.000000000000000 ) ;
#10605 = ORIENTED_EDGE ( 'NONE', *, *, #4499, .T. ) ;
#10606 = ORIENTED_EDGE ( 'NONE', *, *, #1517, .T. ) ;
#10607 = EDGE_CURVE ( 'NONE', #7928, #10051, #1211, .T. ) ;
#10608 = EDGE_CURVE ( 'NONE', #9767, #7397, #2236, .T. ) ;
#10609 = ORIENTED_EDGE ( 'NONE', *, *, #11137, .F. ) ;
#10610 = AXIS2_PLACEMENT_3D ( 'NONE', #11738, #8794, #12712 ) ;
#10611 = EDGE_CURVE ( 'NONE', #8980, #3984, #4784, .T. ) ;
#10612 = EDGE_CURVE ( 'NONE', #8033, #2568, #8207, .T. ) ;
#10613 = DIRECTION ( 'NONE',  ( 0.7071067811865483499, -0.7071067811865466846, 0.000000000000000000 ) ) ;
#10614 = CIRCLE ( 'NONE', #10412, 3.174999999999999822 ) ;
#10615 = CARTESIAN_POINT ( 'NONE',  ( 0.000000000000000000, -38.09999999999999432, -2.286000000000000032 ) ) ;
#10616 = FACE_OUTER_BOUND ( 'NONE', #3310, .T. ) ;
#10617 = ORIENTED_EDGE ( 'NONE', *, *, #8088, .T. ) ;
#10618 = CARTESIAN_POINT ( 'NONE',  ( 5.068629150101533476, -6.349999999999994316, -3.049999999999999822 ) ) ;
#10619 = LINE ( 'NONE', #11758, #3154 ) ;
#10620 = EDGE_LOOP ( 'NONE', ( #9950, #3779, #6106, #2837 ) ) ;
#10621 = DIRECTION ( 'NONE',  ( -0.000000000000000000, -0.000000000000000000, 1.000000000000000000 ) ) ;
#10622 = DIRECTION ( 'NONE',  ( 0.000000000000000000, 1.000000000000000000, 0.000000000000000000 ) ) ;
#10623 = LINE ( 'NONE', #7729, #6466 ) ;
#10624 = EDGE_LOOP ( 'NONE', ( #8941, #6795, #559, #11734 ) ) ;
#10625 = VECTOR ( 'NONE', #5500, 1000.000000000000000 ) ;
#10626 = LINE ( 'NONE', #4832, #998 ) ;
#10627 = EDGE_CURVE ( 'NONE', #5590, #8910, #8145, .T. ) ;
#10628 = CARTESIAN_POINT ( 'NONE',  ( 2.558670703524401624, -36.22015180641469101, -1.000000000000000000 ) ) ;
#10629 = DIRECTION ( 'NONE',  ( 0.000000000000000000, 1.000000000000000000, 0.000000000000000000 ) ) ;
#10630 = CARTESIAN_POINT ( 'NONE',  ( -13.03941125496956310, -13.03941125496964659, -1.000000000000000000 ) ) ;
#10631 = AXIS2_PLACEMENT_3D ( 'NONE', #10659, #1847, #5767 ) ;
#10632 = DIRECTION ( 'NONE',  ( -0.000000000000000000, -0.000000000000000000, 1.000000000000000000 ) ) ;
#10633 = LINE ( 'NONE', #1760, #279 ) ;
#10634 = CARTESIAN_POINT ( 'NONE',  ( -7.697792206135778414, 7.697792206135783744, -1.000000000000000000 ) ) ;
#10635 = DIRECTION ( 'NONE',  ( -1.000000000000000000, 0.000000000000000000, 0.000000000000000000 ) ) ;
#10636 = LINE ( 'NONE', #2787, #1938 ) ;
#10637 = CIRCLE ( 'NONE', #8784, 3.174999999999998934 ) ;
#10638 = DIRECTION ( 'NONE',  ( -0.000000000000000000, -0.000000000000000000, -1.000000000000000000 ) ) ;
#10639 = EDGE_CURVE ( 'NONE', #10874, #9696, #1290, .T. ) ;
#10640 = AXIS2_PLACEMENT_3D ( 'NONE', #12679, #6964, #10883 ) ;
#10641 = VERTEX_POINT ( 'NONE', #6162 ) ;
#10642 = CARTESIAN_POINT ( 'NONE',  ( 0.4799999999999982059, -9.561493189429087991, 2.286000000000000032 ) ) ;
#10643 = DIRECTION ( 'NONE',  ( 1.000000000000000000, 0.000000000000000000, 0.000000000000000000 ) ) ;
#10644 = ORIENTED_EDGE ( 'NONE', *, *, #10109, .T. ) ;
#10645 = LINE ( 'NONE', #1586, #1406 ) ;
#10646 = VECTOR ( 'NONE', #12211, 1000.000000000000000 ) ;
#10647 = ORIENTED_EDGE ( 'NONE', *, *, #1423, .F. ) ;
#10648 = CIRCLE ( 'NONE', #5104, 1.499999999999997780 ) ;
#10649 = DIRECTION ( 'NONE',  ( -1.365923996832132102E-16, -1.000000000000000000, 0.000000000000000000 ) ) ;
#10650 = PLANE ( 'NONE',  #11597 ) ;
#10651 = ORIENTED_EDGE ( 'NONE', *, *, #3038, .F. ) ;
#10652 = AXIS2_PLACEMENT_3D ( 'NONE', #2400, #10436, #663 ) ;
#10653 = ADVANCED_FACE ( 'NONE', ( #10075 ), #7244, .T. ) ;
#10654 = ORIENTED_EDGE ( 'NONE', *, *, #4873, .T. ) ;
#10655 = EDGE_CURVE ( 'NONE', #11732, #10011, #6278, .T. ) ;
#10656 = DIRECTION ( 'NONE',  ( -0.000000000000000000, -0.000000000000000000, 1.000000000000000000 ) ) ;
#10657 = ORIENTED_EDGE ( 'NONE', *, *, #625, .T. ) ;
#10658 = AXIS2_PLACEMENT_3D ( 'NONE', #898, #1864, #7904 ) ;
#10659 = CARTESIAN_POINT ( 'NONE',  ( 0.000000000000000000, 0.000000000000000000, 1.000000000000000000 ) ) ;
#10660 = ORIENTED_EDGE ( 'NONE', *, *, #1832, .T. ) ;
#10661 = DIRECTION ( 'NONE',  ( -0.7071067811865464625, -0.7071067811865486830, 0.000000000000000000 ) ) ;
#10662 = CARTESIAN_POINT ( 'NONE',  ( -4.662796538894676601, -43.44161904883374348, -2.286000000000000032 ) ) ;
#10663 = ORIENTED_EDGE ( 'NONE', *, *, #11744, .T. ) ;
#10664 = CARTESIAN_POINT ( 'NONE',  ( -25.39999999999999858, 0.000000000000000000, -2.286000000000000032 ) ) ;
#10665 = LINE ( 'NONE', #6681, #11749 ) ;
#10666 = VERTEX_POINT ( 'NONE', #7188 ) ;
#10667 = DIRECTION ( 'NONE',  ( 0.000000000000000000, 0.000000000000000000, -1.000000000000000000 ) ) ;
#10668 = EDGE_CURVE ( 'NONE', #8137, #8670, #11104, .T. ) ;
#10669 = ORIENTED_EDGE ( 'NONE', *, *, #10375, .T. ) ;
#10670 = VERTEX_POINT ( 'NONE', #10202 ) ;
#10671 = ORIENTED_EDGE ( 'NONE', *, *, #678, .T. ) ;
#10672 = ORIENTED_EDGE ( 'NONE', *, *, #12326, .T. ) ;
#10673 = LINE ( 'NONE', #8555, #6426 ) ;
#10674 = DIRECTION ( 'NONE',  ( 0.7071067811865465735, 0.7071067811865483499, -0.000000000000000000 ) ) ;
#10675 = CARTESIAN_POINT ( 'NONE',  ( -30.59999999999999787, 0.000000000000000000, 3.049999999999999822 ) ) ;
#10676 = ORIENTED_EDGE ( 'NONE', *, *, #9055, .F. ) ;
#10677 = LINE ( 'NONE', #1868, #11186 ) ;
#10678 = DIRECTION ( 'NONE',  ( 0.7071067811865477948, -0.7071067811865473507, 0.000000000000000000 ) ) ;
#10679 = ORIENTED_EDGE ( 'NONE', *, *, #10668, .T. ) ;
#10680 = DIRECTION ( 'NONE',  ( -0.7071067811865453523, 0.7071067811865496822, 0.000000000000000000 ) ) ;
#10681 = DIRECTION ( 'NONE',  ( 0.7071067811865493491, 0.7071067811865456854, -0.000000000000000000 ) ) ;
#10682 = ADVANCED_FACE ( 'NONE', ( #8076 ), #3188, .T. ) ;
#10683 = CARTESIAN_POINT ( 'NONE',  ( -20.59558441227157033, -5.199999999999999289, 3.049999999999999822 ) ) ;
#10684 = EDGE_LOOP ( 'NONE', ( #10383, #1419, #12, #7061 ) ) ;
#10685 = ADVANCED_FACE ( 'NONE', ( #11441 ), #3535, .T. ) ;
#10686 = EDGE_CURVE ( 'NONE', #8359, #12472, #9512, .T. ) ;
#10687 = ORIENTED_EDGE ( 'NONE', *, *, #6051, .F. ) ;
#10688 = DIRECTION ( 'NONE',  ( -0.000000000000000000, -0.000000000000000000, -1.000000000000000000 ) ) ;
#10689 = CARTESIAN_POINT ( 'NONE',  ( -12.69999999999999929, 0.000000000000000000, -2.286000000000000032 ) ) ;
#10690 = FACE_OUTER_BOUND ( 'NONE', #6421, .T. ) ;
#10691 = CARTESIAN_POINT ( 'NONE',  ( 0.000000000000000000, 0.000000000000000000, 2.286000000000000032 ) ) ;
#10692 = LINE ( 'NONE', #5344, #4007 ) ;
#10693 = LINE ( 'NONE', #12684, #6443 ) ;
#10694 = CARTESIAN_POINT ( 'NONE',  ( -10.59999999999999787, 0.000000000000000000, -2.286000000000000032 ) ) ;
#10695 = DIRECTION ( 'NONE',  ( -0.000000000000000000, -0.000000000000000000, 1.000000000000000000 ) ) ;
#10696 = EDGE_CURVE ( 'NONE', #2257, #8026, #5727, .T. ) ;
#10697 = EDGE_CURVE ( 'NONE', #6358, #12182, #11630, .T. ) ;
#10698 = CARTESIAN_POINT ( 'NONE',  ( -0.4800000000000015365, -34.96149318942908479, -1.000000000000000000 ) ) ;
#10699 = EDGE_CURVE ( 'NONE', #4855, #3323, #4629, .T. ) ;
#10700 = EDGE_CURVE ( 'NONE', #6581, #5947, #6758, .T. ) ;
#10701 = CARTESIAN_POINT ( 'NONE',  ( -27.50000000000000000, 2.571758278209440478E-16, 2.286000000000000032 ) ) ;
#10702 = ORIENTED_EDGE ( 'NONE', *, *, #7953, .T. ) ;
#10703 = DIRECTION ( 'NONE',  ( 0.7071067811865489050, 0.7071067811865461294, 0.000000000000000000 ) ) ;
#10704 = CARTESIAN_POINT ( 'NONE',  ( 4.662796538894670384, -18.04161904883374490, 2.286000000000000032 ) ) ;
#10705 = ORIENTED_EDGE ( 'NONE', *, *, #1098, .F. ) ;
#10706 = DIRECTION ( 'NONE',  ( -1.000000000000000000, 0.000000000000000000, 0.000000000000000000 ) ) ;
#10707 = ORIENTED_EDGE ( 'NONE', *, *, #3700, .F. ) ;
#10708 = ADVANCED_FACE ( 'NONE', ( #10422 ), #8486, .T. ) ;
#10709 = CARTESIAN_POINT ( 'NONE',  ( -12.69999999999999929, 0.000000000000000000, -2.286000000000000032 ) ) ;
#10710 = CARTESIAN_POINT ( 'NONE',  ( 4.662796538894671272, -32.75838095116625226, -2.286000000000000032 ) ) ;
#10711 = ORIENTED_EDGE ( 'NONE', *, *, #3517, .F. ) ;
#10712 = ORIENTED_EDGE ( 'NONE', *, *, #7865, .T. ) ;
#10713 = DIRECTION ( 'NONE',  ( 0.7071067811865489050, -0.7071067811865460184, 0.000000000000000000 ) ) ;
#10714 = ORIENTED_EDGE ( 'NONE', *, *, #11570, .T. ) ;
#10715 = DIRECTION ( 'NONE',  ( -1.000000000000000000, 0.000000000000000000, 0.000000000000000000 ) ) ;
#10716 = ORIENTED_EDGE ( 'NONE', *, *, #11911, .F. ) ;
#10717 = DIRECTION ( 'NONE',  ( -0.7071067811865486830, 0.7071067811865464625, 0.000000000000000000 ) ) ;
#10718 = FACE_OUTER_BOUND ( 'NONE', #7780, .T. ) ;
#10719 = EDGE_CURVE ( 'NONE', #5633, #3976, #10673, .T. ) ;
#10720 = ORIENTED_EDGE ( 'NONE', *, *, #3956, .T. ) ;
#10721 = DIRECTION ( 'NONE',  ( 1.000000000000000000, 0.000000000000000000, 0.000000000000000000 ) ) ;
#10722 = FACE_OUTER_BOUND ( 'NONE', #5121, .T. ) ;
#10723 = CARTESIAN_POINT ( 'NONE',  ( 2.584475285236818465, -27.30565277529775869, -2.286000000000000032 ) ) ;
#10724 = VERTEX_POINT ( 'NONE', #5463 ) ;
#10725 = DIRECTION ( 'NONE',  ( 0.7071067811865497932, -0.7071067811865452413, 0.000000000000000000 ) ) ;
#10726 = VERTEX_POINT ( 'NONE', #5592 ) ;
#10727 = ORIENTED_EDGE ( 'NONE', *, *, #7523, .T. ) ;
#10728 = VECTOR ( 'NONE', #9636, 1000.000000000000114 ) ;
#10729 = ORIENTED_EDGE ( 'NONE', *, *, #3815, .F. ) ;
#10730 = APPROVAL_ROLE ( '' ) ;
#10731 = CARTESIAN_POINT ( 'NONE',  ( -22.84132929647559251, 1.879848193585300642, 2.286000000000000032 ) ) ;
#10732 = CARTESIAN_POINT ( 'NONE',  ( -5.199999999999995737, -8.178822509939086771, -1.000000000000000000 ) ) ;
#10733 = DIRECTION ( 'NONE',  ( 0.000000000000000000, 0.000000000000000000, 1.000000000000000000 ) ) ;
#10734 = EDGE_CURVE ( 'NONE', #11739, #3712, #2644, .T. ) ;
#10735 = EDGE_LOOP ( 'NONE', ( #10210, #4337, #2507, #12263 ) ) ;
#10736 = VECTOR ( 'NONE', #9470, 1000.000000000000000 ) ;
#10737 = DIRECTION ( 'NONE',  ( -1.000000000000000000, 0.000000000000000000, 0.000000000000000000 ) ) ;
#10738 = CARTESIAN_POINT ( 'NONE',  ( 0.000000000000000000, -12.69999999999999929, -2.286000000000000032 ) ) ;
#10739 = VECTOR ( 'NONE', #11465, 1000.000000000000000 ) ;
#10740 = ORIENTED_EDGE ( 'NONE', *, *, #5280, .T. ) ;
#10741 = CARTESIAN_POINT ( 'NONE',  ( 6.200000000000000178, 7.592810154713588849E-16, -1.000000000000000000 ) ) ;
#10742 = FACE_OUTER_BOUND ( 'NONE', #4052, .T. ) ;
#10743 = DIRECTION ( 'NONE',  ( -0.7071067811865472397, 0.7071067811865479058, 0.000000000000000000 ) ) ;
#10744 = ORIENTED_EDGE ( 'NONE', *, *, #10696, .F. ) ;
#10745 = VERTEX_POINT ( 'NONE', #587 ) ;
#10746 = CARTESIAN_POINT ( 'NONE',  ( -25.39999999999999858, 5.199999999999999289, 3.049999999999999822 ) ) ;
#10747 = CIRCLE ( 'NONE', #7478, 2.100000000000000089 ) ;
#10748 = ADVANCED_FACE ( 'NONE', ( #2572 ), #3729, .F. ) ;
#10749 = CARTESIAN_POINT ( 'NONE',  ( -3.174999999999999822, -0.4799999999999999822, -2.286000000000000032 ) ) ;
#10750 = FACE_OUTER_BOUND ( 'NONE', #2657, .T. ) ;
#10751 = DIRECTION ( 'NONE',  ( 0.7071067811865500152, 0.7071067811865451302, 0.000000000000000000 ) ) ;
#10752 = FACE_OUTER_BOUND ( 'NONE', #8276, .T. ) ;
#10753 = LINE ( 'NONE', #4966, #9728 ) ;
#10754 = DIRECTION ( 'NONE',  ( 0.7071067811865456854, 0.7071067811865493491, 0.000000000000000000 ) ) ;
#10755 = DIRECTION ( 'NONE',  ( -0.7071067811865483499, 0.7071067811865466846, 0.000000000000000000 ) ) ;
#10756 = VECTOR ( 'NONE', #4225, 1000.000000000000000 ) ;
#10757 = CARTESIAN_POINT ( 'NONE',  ( -0.4800000000000010925, -34.92499999999999716, -2.286000000000000032 ) ) ;
#10758 = AXIS2_PLACEMENT_3D ( 'NONE', #4892, #3030, #6950 ) ;
#10759 = DIRECTION ( 'NONE',  ( 0.7071067811865455743, -0.7071067811865494601, 0.000000000000000000 ) ) ;
#10760 = ORIENTED_EDGE ( 'NONE', *, *, #12138, .T. ) ;
#10761 = EDGE_CURVE ( 'NONE', #11435, #5841, #12473, .T. ) ;
#10762 = ADVANCED_FACE ( 'NONE', ( #6625 ), #6691, .T. ) ;
#10763 = CARTESIAN_POINT ( 'NONE',  ( -19.38941125496953433, -19.38941125496963735, -1.000000000000000000 ) ) ;
#10764 = ADVANCED_FACE ( 'NONE', ( #838 ), #778, .F. ) ;
#10765 = CARTESIAN_POINT ( 'NONE',  ( -3.654415587728437220, -44.44999999999998863, -3.049999999999999822 ) ) ;
#10766 = EDGE_CURVE ( 'NONE', #11573, #7627, #9452, .T. ) ;
#10767 = ORIENTED_EDGE ( 'NONE', *, *, #7178, .F. ) ;
#10768 = LINE ( 'NONE', #10835, #776 ) ;
#10769 = ORIENTED_EDGE ( 'NONE', *, *, #7634, .F. ) ;
#10770 = CYLINDRICAL_SURFACE ( 'NONE', #12188, 2.100000000000000977 ) ;
#10771 = DIRECTION ( 'NONE',  ( 0.7071067811865459074, 0.7071067811865491270, 0.000000000000000000 ) ) ;
#10772 = VERTEX_POINT ( 'NONE', #1675 ) ;
#10773 = ORGANIZATION ( 'UNSPECIFIED', 'UNSPECIFIED', '' ) ;
#10774 = CIRCLE ( 'NONE', #8929, 3.174999999999998934 ) ;
#10775 = ORIENTED_EDGE ( 'NONE', *, *, #3473, .T. ) ;
#10776 = VECTOR ( 'NONE', #5400, 1000.000000000000000 ) ;
#10777 = LINE ( 'NONE', #12707, #9216 ) ;
#10778 = VERTEX_POINT ( 'NONE', #3672 ) ;
#10779 = ADVANCED_FACE ( 'NONE', ( #7597 ), #11503, .T. ) ;
#10780 = LINE ( 'NONE', #1070, #5069 ) ;
#10781 = ORIENTED_EDGE ( 'NONE', *, *, #8247, .F. ) ;
#10782 = DIRECTION ( 'NONE',  ( 0.000000000000000000, 1.000000000000000000, 0.000000000000000000 ) ) ;
#10783 = LINE ( 'NONE', #47, #1167 ) ;
#10784 = VECTOR ( 'NONE', #6002, 1000.000000000000000 ) ;
#10785 = ORIENTED_EDGE ( 'NONE', *, *, #3530, .T. ) ;
#10786 = VECTOR ( 'NONE', #7828, 1000.000000000000000 ) ;
#10787 = LINE ( 'NONE', #11549, #527 ) ;
#10788 = CARTESIAN_POINT ( 'NONE',  ( -0.4800000000000017031, -9.561493189429087991, 1.000000000000000000 ) ) ;
#10789 = DIRECTION ( 'NONE',  ( -1.000000000000000000, 0.000000000000000000, 0.000000000000000000 ) ) ;
#10790 = ORIENTED_EDGE ( 'NONE', *, *, #10423, .F. ) ;
#10791 = DIRECTION ( 'NONE',  ( 0.000000000000000000, 0.000000000000000000, -1.000000000000000000 ) ) ;
#10792 = AXIS2_PLACEMENT_3D ( 'NONE', #479, #10622, #10190 ) ;
#10793 = EDGE_LOOP ( 'NONE', ( #9291, #2654, #3965, #9956 ) ) ;
#10794 = ORIENTED_EDGE ( 'NONE', *, *, #12086, .F. ) ;
#10795 = EDGE_CURVE ( 'NONE', #1221, #5362, #8687, .T. ) ;
#10796 = VERTEX_POINT ( 'NONE', #6390 ) ;
#10797 = DIRECTION ( 'NONE',  ( -1.000000000000000000, 0.000000000000000000, 0.000000000000000000 ) ) ;
#10798 = VECTOR ( 'NONE', #6387, 1000.000000000000000 ) ;
#10799 = CARTESIAN_POINT ( 'NONE',  ( 6.200000000000001066, -5.218629150101513403, 3.049999999999999822 ) ) ;
#10800 = DIRECTION ( 'NONE',  ( 0.000000000000000000, 0.000000000000000000, 1.000000000000000000 ) ) ;
#10801 = CIRCLE ( 'NONE', #945, 1.499999999999997780 ) ;
#10802 = ORIENTED_EDGE ( 'NONE', *, *, #583, .F. ) ;
#10803 = CARTESIAN_POINT ( 'NONE',  ( 0.4799999999999930433, -22.26149318942908550, 1.000000000000000000 ) ) ;
#10804 = DIRECTION ( 'NONE',  ( -0.000000000000000000, -0.000000000000000000, 1.000000000000000000 ) ) ;
#10805 = VERTEX_POINT ( 'NONE', #5488 ) ;
#10806 = CARTESIAN_POINT ( 'NONE',  ( -0.4800000000000008149, -3.138506810570912187, 1.000000000000000000 ) ) ;
#10807 = VECTOR ( 'NONE', #345, 1000.000000000000114 ) ;
#10808 = DIRECTION ( 'NONE',  ( 0.000000000000000000, 0.000000000000000000, -1.000000000000000000 ) ) ;
#10809 = DIRECTION ( 'NONE',  ( 7.912989585623242219E-16, -1.000000000000000000, 0.000000000000000000 ) ) ;
#10810 = ORIENTED_EDGE ( 'NONE', *, *, #8025, .T. ) ;
#10811 = AXIS2_PLACEMENT_3D ( 'NONE', #4359, #2305, #4240 ) ;
#10812 = ORIENTED_EDGE ( 'NONE', *, *, #3300, .T. ) ;
#10813 = AXIS2_PLACEMENT_3D ( 'NONE', #7832, #4103, #7058 ) ;
#10814 = LINE ( 'NONE', #3037, #803 ) ;
#10815 = EDGE_CURVE ( 'NONE', #12360, #9643, #4585, .T. ) ;
#10816 = EDGE_CURVE ( 'NONE', #10772, #12130, #1569, .T. ) ;
#10817 = CIRCLE ( 'NONE', #9789, 3.174999999999999822 ) ;
#10818 = LINE ( 'NONE', #4905, #2015 ) ;
#10819 = CARTESIAN_POINT ( 'NONE',  ( -6.699999999999990408, -6.199999999999999289, -1.000000000000000000 ) ) ;
#10820 = CARTESIAN_POINT ( 'NONE',  ( -25.39999999999999858, -6.199999999999999289, -3.049999999999999822 ) ) ;
#10821 = LINE ( 'NONE', #12611, #8104 ) ;
#10822 = CARTESIAN_POINT ( 'NONE',  ( 2.558670703524386081, -27.27984819358532675, -2.286000000000000032 ) ) ;
#10823 = VECTOR ( 'NONE', #4034, 1000.000000000000000 ) ;
#10824 = PLANE ( 'NONE',  #1703 ) ;
#10825 = VECTOR ( 'NONE', #2865, 1000.000000000000000 ) ;
#10826 = CARTESIAN_POINT ( 'NONE',  ( 2.558670703524392298, -10.82015180641467822, 2.286000000000000032 ) ) ;
#10827 = CARTESIAN_POINT ( 'NONE',  ( -6.199999999999993960, -32.88137084989846670, 3.049999999999999822 ) ) ;
#10828 = ADVANCED_FACE ( 'NONE', ( #4336 ), #2470, .F. ) ;
#10829 = DIRECTION ( 'NONE',  ( 1.000000000000000000, 0.000000000000000000, 0.000000000000000000 ) ) ;
#10830 = EDGE_LOOP ( 'NONE', ( #6874, #5903, #6024, #2173, #6595 ) ) ;
#10831 = AXIS2_PLACEMENT_3D ( 'NONE', #4080, #225, #6848 ) ;
#10832 = CARTESIAN_POINT ( 'NONE',  ( -1.879848193585311078, -40.65867070352439328, -2.286000000000000032 ) ) ;
#10833 = DIRECTION ( 'NONE',  ( -1.000000000000000000, -3.414809992080329023E-17, -0.000000000000000000 ) ) ;
#10834 = ORIENTED_EDGE ( 'NONE', *, *, #7390, .T. ) ;
#10835 = CARTESIAN_POINT ( 'NONE',  ( 4.662796538894666831, -5.341619048833761596, -2.286000000000000032 ) ) ;
#10836 = ORIENTED_EDGE ( 'NONE', *, *, #3299, .F. ) ;
#10837 = LINE ( 'NONE', #11671, #5620 ) ;
#10838 = CARTESIAN_POINT ( 'NONE',  ( 3.654415587728422565, -44.45000000000000995, -3.049999999999999822 ) ) ;
#10839 = ORIENTED_EDGE ( 'NONE', *, *, #11048, .F. ) ;
#10840 = VECTOR ( 'NONE', #1172, 1000.000000000000114 ) ;
#10841 = VECTOR ( 'NONE', #5707, 1000.000000000000000 ) ;
#10842 = EDGE_CURVE ( 'NONE', #10902, #4765, #9338, .T. ) ;
#10843 = CC_DESIGN_PERSON_AND_ORGANIZATION_ASSIGNMENT ( #5656, #2891, ( #9955 ) ) ;
#10845 = EDGE_CURVE ( 'NONE', #6789, #11215, #3549, .T. ) ;
#10844 = ORIENTED_EDGE ( 'NONE', *, *, #6583, .T. ) ;
#10846 = DIRECTION ( 'NONE',  ( -1.000000000000000000, 0.000000000000000000, 0.000000000000000000 ) ) ;
#10847 = EDGE_LOOP ( 'NONE', ( #5817, #1477, #1056, #3571 ) ) ;
#10848 = CARTESIAN_POINT ( 'NONE',  ( -6.034523201502886458, -5.355700691563801463, 3.049999999999999822 ) ) ;
#10849 = VECTOR ( 'NONE', #11480, 1000.000000000000000 ) ;
#10850 = AXIS2_PLACEMENT_3D ( 'NONE', #3344, #9069, #7275 ) ;
#10851 = ORIENTED_EDGE ( 'NONE', *, *, #10314, .T. ) ;
#10852 = LINE ( 'NONE', #10969, #11872 ) ;
#10853 = PLANE ( 'NONE',  #6513 ) ;
#10854 = ORIENTED_EDGE ( 'NONE', *, *, #5, .T. ) ;
#10855 = DIRECTION ( 'NONE',  ( -0.7071067811865489050, 0.7071067811865460184, -0.000000000000000000 ) ) ;
#10856 = CARTESIAN_POINT ( 'NONE',  ( -15.83850681057091059, 0.4800000000000001488, -2.286000000000000032 ) ) ;
#10857 = CARTESIAN_POINT ( 'NONE',  ( -25.39999999999999858, 5.199999999999999289, 2.286000000000000032 ) ) ;
#10858 = CIRCLE ( 'NONE', #5510, 3.174999999999998934 ) ;
#10859 = VERTEX_POINT ( 'NONE', #10310 ) ;
#10860 = EDGE_CURVE ( 'NONE', #1434, #2633, #3628, .T. ) ;
#10861 = CARTESIAN_POINT ( 'NONE',  ( 5.200000000000000178, 0.000000000000000000, 1.000000000000000000 ) ) ;
#10862 = EDGE_CURVE ( 'NONE', #1454, #6869, #7557, .T. ) ;
#10863 = ORIENTED_EDGE ( 'NONE', *, *, #401, .F. ) ;
#10864 = VECTOR ( 'NONE', #10674, 1000.000000000000114 ) ;
#10865 = ORIENTED_EDGE ( 'NONE', *, *, #1668, .F. ) ;
#10866 = VERTEX_POINT ( 'NONE', #11273 ) ;
#10867 = AXIS2_PLACEMENT_3D ( 'NONE', #8012, #10008, #11033 ) ;
#10868 = CARTESIAN_POINT ( 'NONE',  ( -7.358380951166249240, 4.662796538894674825, -2.286000000000000920 ) ) ;
#10869 = CARTESIAN_POINT ( 'NONE',  ( -18.04161904883375200, -4.662796538894676601, 2.286000000000000032 ) ) ;
#10870 = DIRECTION ( 'NONE',  ( -0.000000000000000000, -0.000000000000000000, 1.000000000000000000 ) ) ;
#10871 = ORIENTED_EDGE ( 'NONE', *, *, #1503, .F. ) ;
#10872 = CARTESIAN_POINT ( 'NONE',  ( 5.200000000000000178, 6.368163355566235395E-16, 3.049999999999999822 ) ) ;
#10873 = CARTESIAN_POINT ( 'NONE',  ( 0.000000000000000000, -12.69999999999999929, 1.000000000000000000 ) ) ;
#10874 = VERTEX_POINT ( 'NONE', #4395 ) ;
#10875 = CARTESIAN_POINT ( 'NONE',  ( -30.59999999999999787, 0.000000000000000000, -1.000000000000000000 ) ) ;
#10876 = EDGE_CURVE ( 'NONE', #10772, #3836, #679, .T. ) ;
#10877 = CARTESIAN_POINT ( 'NONE',  ( 1.879848193585312410, -40.65867070352438617, 2.286000000000000032 ) ) ;
#10878 = LINE ( 'NONE', #5146, #3178 ) ;
#10879 = VERTEX_POINT ( 'NONE', #5417 ) ;
#10880 = ORIENTED_EDGE ( 'NONE', *, *, #8999, .F. ) ;
#10881 = FACE_OUTER_BOUND ( 'NONE', #955, .T. ) ;
#10882 = CARTESIAN_POINT ( 'NONE',  ( 12.36058874503043548, -12.36058874503051364, -1.000000000000000000 ) ) ;
#10883 = DIRECTION ( 'NONE',  ( 0.7071067811865464625, 0.7071067811865486830, 0.000000000000000000 ) ) ;
#10884 = FACE_OUTER_BOUND ( 'NONE', #6115, .T. ) ;
#10885 = CARTESIAN_POINT ( 'NONE',  ( -1.879848193585296201, -27.95867070352441175, 1.000000000000000000 ) ) ;
#10886 = LINE ( 'NONE', #24, #12180 ) ;
#10887 = CARTESIAN_POINT ( 'NONE',  ( 0.000000000000000000, -25.39999999999999858, 1.000000000000000000 ) ) ;
#10888 = ORIENTED_EDGE ( 'NONE', *, *, #8850, .F. ) ;
#10889 = EDGE_CURVE ( 'NONE', #1463, #10478, #1444, .T. ) ;
#10890 = LINE ( 'NONE', #2082, #10392 ) ;
#10891 = EDGE_CURVE ( 'NONE', #11982, #887, #4987, .T. ) ;
#10892 = FACE_OUTER_BOUND ( 'NONE', #57, .T. ) ;
#10893 = LINE ( 'NONE', #1184, #10784 ) ;
#10894 = ORIENTED_EDGE ( 'NONE', *, *, #8810, .F. ) ;
#10895 = CARTESIAN_POINT ( 'NONE',  ( -17.91862915010151980, 6.200000000000000178, -3.049999999999999822 ) ) ;
#10896 = LINE ( 'NONE', #7032, #3835 ) ;
#10897 = CARTESIAN_POINT ( 'NONE',  ( 0.000000000000000000, 0.000000000000000000, -1.000000000000000000 ) ) ;
#10898 = ORIENTED_EDGE ( 'NONE', *, *, #5962, .F. ) ;
#10899 = EDGE_CURVE ( 'NONE', #8085, #6435, #670, .T. ) ;
#10900 = CARTESIAN_POINT ( 'NONE',  ( -23.29999999999999716, 0.000000000000000000, -2.286000000000000032 ) ) ;
#10901 = DIRECTION ( 'NONE',  ( -1.180083997263133724E-16, -1.000000000000000000, -0.000000000000000000 ) ) ;
#10902 = VERTEX_POINT ( 'NONE', #10374 ) ;
#10903 = EDGE_LOOP ( 'NONE', ( #9476, #10100 ) ) ;
#10904 = PLANE ( 'NONE',  #4711 ) ;
#10905 = VERTEX_POINT ( 'NONE', #8444 ) ;
#10906 = CARTESIAN_POINT ( 'NONE',  ( 0.000000000000000000, 0.000000000000000000, -1.000000000000000000 ) ) ;
#10907 = EDGE_CURVE ( 'NONE', #8205, #11681, #3433, .T. ) ;
#10908 = ORIENTED_EDGE ( 'NONE', *, *, #2849, .F. ) ;
#10909 = CARTESIAN_POINT ( 'NONE',  ( -4.662796538894672160, -43.44161904883374348, -1.000000000000000000 ) ) ;
#10910 = CARTESIAN_POINT ( 'NONE',  ( -7.895584412271573704, 5.199999999999999289, 2.286000000000000032 ) ) ;
#10911 = EDGE_LOOP ( 'NONE', ( #4951, #7869, #4346, #440 ) ) ;
#10912 = PLANE ( 'NONE',  #7514 ) ;
#10913 = CARTESIAN_POINT ( 'NONE',  ( 5.200000000000000178, 6.368163355566235395E-16, 3.049999999999999822 ) ) ;
#10914 = DIRECTION ( 'NONE',  ( 0.7071067811865476838, -0.7071067811865474617, 0.000000000000000000 ) ) ;
#10915 = ORIENTED_EDGE ( 'NONE', *, *, #6922, .T. ) ;
#10916 = CARTESIAN_POINT ( 'NONE',  ( -3.654415587728408799, -19.05000000000000426, -3.049999999999999822 ) ) ;
#10917 = VERTEX_POINT ( 'NONE', #7294 ) ;
#10918 = VERTEX_POINT ( 'NONE', #7422 ) ;
#10919 = EDGE_LOOP ( 'NONE', ( #510, #11194, #6034, #960, #5585, #4572 ) ) ;
#10920 = EDGE_CURVE ( 'NONE', #4855, #11340, #12300, .T. ) ;
#10921 = CARTESIAN_POINT ( 'NONE',  ( -20.05838095116623521, -4.662796538894666831, -2.286000000000000920 ) ) ;
#10922 = EDGE_CURVE ( 'NONE', #8036, #810, #6525, .T. ) ;
#10923 = EDGE_CURVE ( 'NONE', #10477, #5723, #8314, .T. ) ;
#10924 = CARTESIAN_POINT ( 'NONE',  ( 1.879848193585296645, -22.84132929647559251, 1.000000000000000000 ) ) ;
#10925 = CARTESIAN_POINT ( 'NONE',  ( 0.000000000000000000, -5.199999999999999289, 1.000000000000000000 ) ) ;
#10926 = EDGE_CURVE ( 'NONE', #4114, #11954, #10254, .T. ) ;
#10927 = ORIENTED_EDGE ( 'NONE', *, *, #9497, .T. ) ;
#10928 = LINE ( 'NONE', #8034, #9758 ) ;
#10929 = DIRECTION ( 'NONE',  ( -0.000000000000000000, -0.000000000000000000, 1.000000000000000000 ) ) ;
#10930 = ORIENTED_EDGE ( 'NONE', *, *, #790, .F. ) ;
#10931 = PLANE ( 'NONE',  #4437 ) ;
#10932 = ORIENTED_EDGE ( 'NONE', *, *, #2288, .T. ) ;
#10933 = VERTEX_POINT ( 'NONE', #6590 ) ;
#10934 = CARTESIAN_POINT ( 'NONE',  ( 5.200000000000000178, 0.000000000000000000, -1.000000000000000000 ) ) ;
#10935 = EDGE_CURVE ( 'NONE', #5772, #1679, #12234, .T. ) ;
#10936 = CARTESIAN_POINT ( 'NONE',  ( 17.70220779386422549, -17.70220779386424326, 1.000000000000000000 ) ) ;
#10937 = VECTOR ( 'NONE', #6868, 1000.000000000000114 ) ;
#10938 = FACE_OUTER_BOUND ( 'NONE', #880, .T. ) ;
#10939 = FACE_OUTER_BOUND ( 'NONE', #400, .T. ) ;
#10940 = DIRECTION ( 'NONE',  ( 1.000000000000000000, -1.180083997263133724E-16, 0.000000000000000000 ) ) ;
#10941 = DIRECTION ( 'NONE',  ( 0.000000000000000000, 0.000000000000000000, -1.000000000000000000 ) ) ;
#10942 = DIRECTION ( 'NONE',  ( 0.000000000000000000, 0.000000000000000000, -1.000000000000000000 ) ) ;
#10943 = ORIENTED_EDGE ( 'NONE', *, *, #4961, .F. ) ;
#10944 = CARTESIAN_POINT ( 'NONE',  ( 1.879848193585314853, -40.65867070352438617, 2.286000000000000032 ) ) ;
#10945 = CARTESIAN_POINT ( 'NONE',  ( 0.000000000000000000, -25.39999999999999858, -2.286000000000000032 ) ) ;
#10946 = CIRCLE ( 'NONE', #12169, 3.174999999999998934 ) ;
#10947 = AXIS2_PLACEMENT_3D ( 'NONE', #948, #9032, #6612 ) ;
#10948 = DIRECTION ( 'NONE',  ( -0.000000000000000000, -0.000000000000000000, 1.000000000000000000 ) ) ;
#10949 = ORIENTED_EDGE ( 'NONE', *, *, #5676, .F. ) ;
#10950 = DIRECTION ( 'NONE',  ( 0.7071067811865454633, -0.7071067811865495711, 0.000000000000000000 ) ) ;
#10951 = LINE ( 'NONE', #2403, #3237 ) ;
#10952 = CARTESIAN_POINT ( 'NONE',  ( 2.558670703524385637, -23.52015180641467040, 2.286000000000000032 ) ) ;
#10953 = VECTOR ( 'NONE', #2105, 1000.000000000000000 ) ;
#10954 = CARTESIAN_POINT ( 'NONE',  ( 0.000000000000000000, -25.39999999999999858, -1.000000000000000000 ) ) ;
#10955 = CARTESIAN_POINT ( 'NONE',  ( 1.905652775297735024, -27.98447528523684724, 2.286000000000000032 ) ) ;
#10956 = VECTOR ( 'NONE', #5997, 1000.000000000000000 ) ;
#10957 = VERTEX_POINT ( 'NONE', #4911 ) ;
#10958 = CARTESIAN_POINT ( 'NONE',  ( -3.804415587728426917, 6.200000000000001066, -2.286000000000000032 ) ) ;
#10959 = CARTESIAN_POINT ( 'NONE',  ( 3.174999999999998934, -50.79999999999999716, -2.286000000000000032 ) ) ;
#10960 = ORIENTED_EDGE ( 'NONE', *, *, #8414, .T. ) ;
#10961 = VERTEX_POINT ( 'NONE', #10694 ) ;
#10962 = AXIS2_PLACEMENT_3D ( 'NONE', #10204, #3192, #12126 ) ;
#10963 = DIRECTION ( 'NONE',  ( 0.000000000000000000, 0.000000000000000000, -1.000000000000000000 ) ) ;
#10964 = ORIENTED_EDGE ( 'NONE', *, *, #10966, .F. ) ;
#10965 = ADVANCED_FACE ( 'NONE', ( #8578 ), #5684, .T. ) ;
#10966 = EDGE_CURVE ( 'NONE', #4277, #7586, #10946, .T. ) ;
#10967 = CARTESIAN_POINT ( 'NONE',  ( -3.654415587728408799, -31.74999999999999289, 3.049999999999999822 ) ) ;
#10968 = ORIENTED_EDGE ( 'NONE', *, *, #12309, .T. ) ;
#10969 = CARTESIAN_POINT ( 'NONE',  ( -6.689411254969590104, -6.689411254969551912, 1.000000000000000000 ) ) ;
#10970 = CARTESIAN_POINT ( 'NONE',  ( -19.04999999999999716, -3.654415587728427450, 3.049999999999999822 ) ) ;
#10971 = ORIENTED_EDGE ( 'NONE', *, *, #7662, .F. ) ;
#10972 = PLANE ( 'NONE',  #6493 ) ;
#10973 = LINE ( 'NONE', #9106, #11574 ) ;
#10974 = DIRECTION ( 'NONE',  ( 0.7071067811865491270, 0.7071067811865459074, 0.000000000000000000 ) ) ;
#10975 = ORIENTED_EDGE ( 'NONE', *, *, #11711, .T. ) ;
#10976 = LINE ( 'NONE', #2359, #11417 ) ;
#10977 = VERTEX_POINT ( 'NONE', #11775 ) ;
#10978 = EDGE_CURVE ( 'NONE', #11673, #8205, #7253, .T. ) ;
#10979 = ORIENTED_EDGE ( 'NONE', *, *, #2849, .T. ) ;
#10980 = VECTOR ( 'NONE', #6580, 1000.000000000000000 ) ;
#10981 = VERTEX_POINT ( 'NONE', #12554 ) ;
#10982 = AXIS2_PLACEMENT_3D ( 'NONE', #3416, #9135, #3159 ) ;
#10983 = CARTESIAN_POINT ( 'NONE',  ( 2.558670703524386081, -23.52015180641467040, -2.286000000000000032 ) ) ;
#10984 = CARTESIAN_POINT ( 'NONE',  ( -1.879848193585312410, -2.558670703524398071, -1.000000000000000000 ) ) ;
#10985 = EDGE_LOOP ( 'NONE', ( #9378, #6111, #11451, #4694, #6661, #8880, #7817, #8331 ) ) ;
#10986 = CARTESIAN_POINT ( 'NONE',  ( -4.662796538894679266, -18.04161904883375200, -2.286000000000000032 ) ) ;
#10987 = CARTESIAN_POINT ( 'NONE',  ( -6.699999999999990408, -5.199999999999999289, -3.049999999999999822 ) ) ;
#10988 = VERTEX_POINT ( 'NONE', #988 ) ;
#10989 = AXIS2_PLACEMENT_3D ( 'NONE', #3093, #8682, #4826 ) ;
#10990 = CARTESIAN_POINT ( 'NONE',  ( -2.558670703524385637, -23.52015180641467040, -2.286000000000000032 ) ) ;
#10991 = APPROVAL_STATUS ( 'not_yet_approved' ) ;
#10992 = ORIENTED_EDGE ( 'NONE', *, *, #8700, .T. ) ;
#10993 = ADVANCED_FACE ( 'NONE', ( #2785 ), #4720, .T. ) ;
#10994 = AXIS2_PLACEMENT_3D ( 'NONE', #2691, #6615, #6415 ) ;
#10995 = EDGE_CURVE ( 'NONE', #2847, #3929, #3695, .T. ) ;
#10996 = ADVANCED_FACE ( 'NONE', ( #6835 ), #7860, .T. ) ;
#10997 = VERTEX_POINT ( 'NONE', #9605 ) ;
#10998 = CARTESIAN_POINT ( 'NONE',  ( 6.200000000000010836, -7.481370849898468123, -3.049999999999999822 ) ) ;
#10999 = EDGE_CURVE ( 'NONE', #9518, #2500, #8764, .T. ) ;
#11000 = AXIS2_PLACEMENT_3D ( 'NONE', #5987, #10808, #847 ) ;
#11001 = CARTESIAN_POINT ( 'NONE',  ( 6.200000000000001066, -41.90441558772845099, 2.286000000000000032 ) ) ;
#11002 = FACE_OUTER_BOUND ( 'NONE', #1541, .T. ) ;
#11003 = CARTESIAN_POINT ( 'NONE',  ( 0.000000000000000000, 0.000000000000000000, 1.000000000000000000 ) ) ;
#11004 = VECTOR ( 'NONE', #3696, 1000.000000000000000 ) ;
#11005 = LINE ( 'NONE', #6128, #107 ) ;
#11006 = CARTESIAN_POINT ( 'NONE',  ( 5.068629150101529923, -44.45000000000000284, -3.049999999999999822 ) ) ;
#11007 = LINE ( 'NONE', #7927, #11767 ) ;
#11008 = ORIENTED_EDGE ( 'NONE', *, *, #9667, .T. ) ;
#11009 = CARTESIAN_POINT ( 'NONE',  ( -6.199999999999976197, -29.20441558772841617, 3.049999999999999822 ) ) ;
#11010 = LINE ( 'NONE', #12036, #6253 ) ;
#11011 = AXIS2_PLACEMENT_3D ( 'NONE', #11697, #6881, #6040 ) ;
#11012 = CIRCLE ( 'NONE', #7116, 3.174999999999998934 ) ;
#11013 = ADVANCED_FACE ( 'NONE', ( #11523 ), #10824, .T. ) ;
#11014 = VECTOR ( 'NONE', #9215, 1000.000000000000000 ) ;
#11015 = DIRECTION ( 'NONE',  ( 0.7071067811865502373, -0.7071067811865449082, 0.000000000000000000 ) ) ;
#11016 = ORIENTED_EDGE ( 'NONE', *, *, #713, .F. ) ;
#11017 = AXIS2_PLACEMENT_3D ( 'NONE', #3718, #11356, #6481 ) ;
#11018 = FACE_OUTER_BOUND ( 'NONE', #9899, .T. ) ;
#11019 = AXIS2_PLACEMENT_3D ( 'NONE', #11786, #11856, #6978 ) ;
#11020 = CARTESIAN_POINT ( 'NONE',  ( -3.804415587728426917, 6.200000000000001066, 3.049999999999999822 ) ) ;
#11021 = LINE ( 'NONE', #2990, #4047 ) ;
#11022 = CARTESIAN_POINT ( 'NONE',  ( -3.654415587728408799, -19.05000000000000426, 3.049999999999999822 ) ) ;
#11023 = DIRECTION ( 'NONE',  ( 1.000000000000000000, 0.000000000000000000, 0.000000000000000000 ) ) ;
#11024 = AXIS2_PLACEMENT_3D ( 'NONE', #2349, #8260, #4147 ) ;
#11025 = EDGE_LOOP ( 'NONE', ( #2871, #2950, #12202, #8864 ) ) ;
#11026 = DIRECTION ( 'NONE',  ( -0.000000000000000000, -0.000000000000000000, -1.000000000000000000 ) ) ;
#11027 = CARTESIAN_POINT ( 'NONE',  ( 0.4799999999999964850, -15.87499999999999645, -2.286000000000000032 ) ) ;
#11028 = ORIENTED_EDGE ( 'NONE', *, *, #7779, .T. ) ;
#11029 = EDGE_CURVE ( 'NONE', #1855, #962, #2019, .T. ) ;
#11030 = VECTOR ( 'NONE', #285, 1000.000000000000000 ) ;
#11031 = VECTOR ( 'NONE', #11857, 1000.000000000000000 ) ;
#11032 = VERTEX_POINT ( 'NONE', #4773 ) ;
#11033 = DIRECTION ( 'NONE',  ( -1.000000000000000000, 0.000000000000000000, 0.000000000000000000 ) ) ;
#11034 = ORIENTED_EDGE ( 'NONE', *, *, #5311, .F. ) ;
#11035 = DIRECTION ( 'NONE',  ( 0.7071067811865500152, 0.7071067811865451302, 0.000000000000000000 ) ) ;
#11036 = ORIENTED_EDGE ( 'NONE', *, *, #3268, .F. ) ;
#11037 = CARTESIAN_POINT ( 'NONE',  ( -6.199999999999977973, -17.91862915010153046, -3.049999999999999822 ) ) ;
#11038 = CARTESIAN_POINT ( 'NONE',  ( 6.200000000000025047, -29.20441558772843038, -2.286000000000000032 ) ) ;
#11039 = VECTOR ( 'NONE', #2590, 1000.000000000000000 ) ;
#11040 = ORIENTED_EDGE ( 'NONE', *, *, #11552, .T. ) ;
#11041 = VECTOR ( 'NONE', #7792, 1000.000000000000114 ) ;
#11042 = CYLINDRICAL_SURFACE ( 'NONE', #3394, 3.174999999999999822 ) ;
#11043 = CARTESIAN_POINT ( 'NONE',  ( -6.699999999999990408, -5.199999999999999289, -2.286000000000000032 ) ) ;
#11044 = DIRECTION ( 'NONE',  ( -0.7071067811865474617, -0.7071067811865476838, 0.000000000000000000 ) ) ;
#11045 = EDGE_LOOP ( 'NONE', ( #2885, #9576, #490, #5897 ) ) ;
#11046 = EDGE_CURVE ( 'NONE', #10011, #6462, #6781, .T. ) ;
#11047 = DIRECTION ( 'NONE',  ( -1.000000000000000000, 0.000000000000000000, -0.000000000000000000 ) ) ;
#11048 = EDGE_CURVE ( 'NONE', #2612, #4862, #6650, .T. ) ;
#11049 = VERTEX_POINT ( 'NONE', #12613 ) ;
#11050 = ORIENTED_EDGE ( 'NONE', *, *, #1584, .T. ) ;
#11051 = VECTOR ( 'NONE', #6897, 1000.000000000000000 ) ;
#11052 = VECTOR ( 'NONE', #7213, 1000.000000000000000 ) ;
#11053 = ORIENTED_EDGE ( 'NONE', *, *, #6710, .T. ) ;
#11054 = VECTOR ( 'NONE', #3995, 1000.000000000000000 ) ;
#11055 = CARTESIAN_POINT ( 'NONE',  ( -0.4800000000000061440, -28.53850681057091165, 2.286000000000000032 ) ) ;
#11056 = DIRECTION ( 'NONE',  ( 0.7071067811865491270, 0.7071067811865459074, 0.000000000000000000 ) ) ;
#11057 = VERTEX_POINT ( 'NONE', #7741 ) ;
#11058 = EDGE_CURVE ( 'NONE', #6217, #11548, #8833, .T. ) ;
#11059 = DIRECTION ( 'NONE',  ( 0.000000000000000000, -1.000000000000000000, 0.000000000000000000 ) ) ;
#11060 = CARTESIAN_POINT ( 'NONE',  ( 5.068629150101533476, -6.349999999999994316, -3.049999999999999822 ) ) ;
#11061 = ORIENTED_EDGE ( 'NONE', *, *, #10608, .F. ) ;
#11062 = VECTOR ( 'NONE', #4786, 1000.000000000000000 ) ;
#11063 = CARTESIAN_POINT ( 'NONE',  ( -6.699999999999990408, -6.699999999999999289, -1.000000000000000000 ) ) ;
#11064 = ORIENTED_EDGE ( 'NONE', *, *, #6608, .T. ) ;
#11065 = VECTOR ( 'NONE', #11838, 1000.000000000000000 ) ;
#11066 = EDGE_LOOP ( 'NONE', ( #8780, #9812, #2344, #12335, #5619, #6821, #1616 ) ) ;
#11067 = DIRECTION ( 'NONE',  ( -1.000000000000000000, 0.000000000000000000, 0.000000000000000000 ) ) ;
#11068 = VECTOR ( 'NONE', #11634, 1000.000000000000000 ) ;
#11069 = DIRECTION ( 'NONE',  ( 0.7071067811865483499, 0.7071067811865467956, -0.000000000000000000 ) ) ;
#11070 = DIRECTION ( 'NONE',  ( -1.000000000000000000, 0.000000000000000000, 0.000000000000000000 ) ) ;
#11071 = CARTESIAN_POINT ( 'NONE',  ( 0.000000000000000000, 0.000000000000000000, -1.000000000000000000 ) ) ;
#11072 = EDGE_LOOP ( 'NONE', ( #4343, #4495, #4695, #33 ) ) ;
#11073 = ADVANCED_FACE ( 'NONE', ( #1884 ), #5803, .F. ) ;
#11074 = DIRECTION ( 'NONE',  ( -0.7071067811865502373, 0.7071067811865449082, 0.000000000000000000 ) ) ;
#11075 = CARTESIAN_POINT ( 'NONE',  ( -5.200000000000005507, -46.27882250993906155, 3.049999999999999822 ) ) ;
#11076 = CARTESIAN_POINT ( 'NONE',  ( 5.200000000000000178, -29.92117749006092353, 2.286000000000000032 ) ) ;
#11077 = EDGE_CURVE ( 'NONE', #10905, #7397, #9796, .T. ) ;
#11078 = ORIENTED_EDGE ( 'NONE', *, *, #7908, .T. ) ;
#11079 = ADVANCED_FACE ( 'NONE', ( #10567 ), #1761, .T. ) ;
#11080 = DIRECTION ( 'NONE',  ( 0.7071067811865477948, -0.7071067811865473507, 0.000000000000000000 ) ) ;
#11081 = CARTESIAN_POINT ( 'NONE',  ( -17.36279653889466346, -5.341619048833761596, -2.286000000000000032 ) ) ;
#11082 = CYLINDRICAL_SURFACE ( 'NONE', #11195, 3.174999999999998934 ) ;
#11083 = EDGE_LOOP ( 'NONE', ( #8434, #5459, #3773, #9778 ) ) ;
#11084 = DIRECTION ( 'NONE',  ( -0.000000000000000000, -0.000000000000000000, 1.000000000000000000 ) ) ;
#11085 = PLANE ( 'NONE',  #1407 ) ;
#11086 = DIRECTION ( 'NONE',  ( 0.7071067811865479058, -0.7071067811865472397, 0.000000000000000000 ) ) ;
#11087 = EDGE_CURVE ( 'NONE', #5590, #10389, #8281, .T. ) ;
#11088 = EDGE_CURVE ( 'NONE', #772, #3501, #7158, .T. ) ;
#11089 = DIRECTION ( 'NONE',  ( -2.556848660736790434E-16, -1.000000000000000000, 0.000000000000000000 ) ) ;
#11090 = LINE ( 'NONE', #3362, #3147 ) ;
#11091 = EDGE_CURVE ( 'NONE', #3787, #4603, #1111, .T. ) ;
#11092 = VERTEX_POINT ( 'NONE', #6130 ) ;
#11093 = ADVANCED_FACE ( 'NONE', ( #2080 ), #5027, .T. ) ;
#11094 = LINE ( 'NONE', #8582, #6865 ) ;
#11095 = DIRECTION ( 'NONE',  ( 1.000000000000000000, -0.000000000000000000, -0.000000000000000000 ) ) ;
#11096 = ORIENTED_EDGE ( 'NONE', *, *, #4338, .T. ) ;
#11097 = VERTEX_POINT ( 'NONE', #5158 ) ;
#11098 = DIRECTION ( 'NONE',  ( -0.7071067811865497932, 0.7071067811865452413, 0.000000000000000000 ) ) ;
#11099 = ORIENTED_EDGE ( 'NONE', *, *, #3039, .F. ) ;
#11100 = CARTESIAN_POINT ( 'NONE',  ( -10.14132929647560033, -1.879848193585313298, -2.286000000000000032 ) ) ;
#11101 = ADVANCED_FACE ( 'NONE', ( #2139 ), #9074, .T. ) ;
#11102 = ORIENTED_EDGE ( 'NONE', *, *, #10465, .T. ) ;
#11103 = DIRECTION ( 'NONE',  ( -0.000000000000000000, -0.000000000000000000, 1.000000000000000000 ) ) ;
#11104 = LINE ( 'NONE', #6216, #888 ) ;
#11105 = ORIENTED_EDGE ( 'NONE', *, *, #3563, .F. ) ;
#11106 = FACE_OUTER_BOUND ( 'NONE', #6727, .T. ) ;
#11107 = LINE ( 'NONE', #6219, #7271 ) ;
#11108 = CARTESIAN_POINT ( 'NONE',  ( 0.000000000000000000, -25.39999999999999858, 2.286000000000000032 ) ) ;
#11109 = ORIENTED_EDGE ( 'NONE', *, *, #2464, .F. ) ;
#11110 = PLANE ( 'NONE',  #5461 ) ;
#11111 = VERTEX_POINT ( 'NONE', #11076 ) ;
#11112 = VERTEX_POINT ( 'NONE', #10050 ) ;
#11113 = ORIENTED_EDGE ( 'NONE', *, *, #2673, .F. ) ;
#11114 = VERTEX_POINT ( 'NONE', #12033 ) ;
#11115 = EDGE_CURVE ( 'NONE', #8015, #8081, #10103, .T. ) ;
#11116 = FACE_OUTER_BOUND ( 'NONE', #3686, .T. ) ;
#11117 = DIRECTION ( 'NONE',  ( -0.000000000000000000, -0.000000000000000000, -1.000000000000000000 ) ) ;
#11118 = ORIENTED_EDGE ( 'NONE', *, *, #5106, .T. ) ;
#11119 = LINE ( 'NONE', #11178, #3190 ) ;
#11120 = CARTESIAN_POINT ( 'NONE',  ( -3.138506810570912187, -0.4799999999999999822, -1.000000000000000000 ) ) ;
#11121 = ORIENTED_EDGE ( 'NONE', *, *, #793, .T. ) ;
#11122 = CARTESIAN_POINT ( 'NONE',  ( -0.4800000000000008149, -3.174999999999998934, -2.286000000000000032 ) ) ;
#11123 = VERTEX_POINT ( 'NONE', #8113 ) ;
#11124 = ORIENTED_EDGE ( 'NONE', *, *, #6127, .T. ) ;
#11125 = EDGE_CURVE ( 'NONE', #12305, #11250, #9860, .T. ) ;
#11126 = CARTESIAN_POINT ( 'NONE',  ( -3.174999999999999822, -25.39999999999999858, 2.286000000000000032 ) ) ;
#11127 = DIRECTION ( 'NONE',  ( 0.7071067811865479058, 0.7071067811865472397, 0.000000000000000000 ) ) ;
#11128 = DIRECTION ( 'NONE',  ( 0.000000000000000000, 0.000000000000000000, 1.000000000000000000 ) ) ;
#11129 = ORIENTED_EDGE ( 'NONE', *, *, #2753, .F. ) ;
#11130 = LINE ( 'NONE', #9258, #7903 ) ;
#11131 = DIRECTION ( 'NONE',  ( 0.000000000000000000, 0.000000000000000000, 1.000000000000000000 ) ) ;
#11132 = DIRECTION ( 'NONE',  ( -1.000000000000000000, 3.278217592397115862E-15, 0.000000000000000000 ) ) ;
#11133 = ORIENTED_EDGE ( 'NONE', *, *, #1721, .F. ) ;
#11134 = LINE ( 'NONE', #410, #2589 ) ;
#11135 = CARTESIAN_POINT ( 'NONE',  ( 1.879848193585297755, -22.84132929647559251, -2.286000000000000032 ) ) ;
#11136 = DIRECTION ( 'NONE',  ( 1.000000000000000000, 0.000000000000000000, 0.000000000000000000 ) ) ;
#11137 = EDGE_CURVE ( 'NONE', #5697, #9518, #1051, .T. ) ;
#11138 = VECTOR ( 'NONE', #4497, 1000.000000000000000 ) ;
#11139 = CARTESIAN_POINT ( 'NONE',  ( 0.000000000000000000, 0.000000000000000000, 1.000000000000000000 ) ) ;
#11140 = DIRECTION ( 'NONE',  ( -0.7071067811865454633, -0.7071067811865495711, 0.000000000000000000 ) ) ;
#11141 = DIRECTION ( 'NONE',  ( 0.000000000000000000, 0.000000000000000000, 1.000000000000000000 ) ) ;
#11142 = DIRECTION ( 'NONE',  ( 5.463695987328531367E-16, 1.000000000000000000, 0.000000000000000000 ) ) ;
#11143 = LINE ( 'NONE', #3302, #10120 ) ;
#11144 = ORIENTED_EDGE ( 'NONE', *, *, #2915, .T. ) ;
#11145 = VECTOR ( 'NONE', #420, 1000.000000000000000 ) ;
#11146 = DIRECTION ( 'NONE',  ( 2.556848660736790434E-16, 1.000000000000000000, 0.000000000000000000 ) ) ;
#11147 = DIRECTION ( 'NONE',  ( 0.000000000000000000, 0.000000000000000000, -1.000000000000000000 ) ) ;
#11148 = AXIS2_PLACEMENT_3D ( 'NONE', #4276, #8313, #5169 ) ;
#11149 = ORIENTED_EDGE ( 'NONE', *, *, #3155, .F. ) ;
#11150 = ORIENTED_EDGE ( 'NONE', *, *, #10995, .T. ) ;
#11151 = EDGE_CURVE ( 'NONE', #1835, #1221, #1298, .T. ) ;
#11152 = EDGE_CURVE ( 'NONE', #5667, #5894, #11007, .T. ) ;
#11153 = ORIENTED_EDGE ( 'NONE', *, *, #2332, .T. ) ;
#11154 = EDGE_CURVE ( 'NONE', #11882, #298, #5218, .T. ) ;
#11155 = EDGE_CURVE ( 'NONE', #8059, #10020, #9137, .T. ) ;
#11156 = AXIS2_PLACEMENT_3D ( 'NONE', #7411, #7280, #3609 ) ;
#11157 = LINE ( 'NONE', #3311, #146 ) ;
#11158 = DIRECTION ( 'NONE',  ( -5.463695987328531367E-16, -1.000000000000000000, 0.000000000000000000 ) ) ;
#11159 = ORIENTED_EDGE ( 'NONE', *, *, #11212, .F. ) ;
#11160 = CARTESIAN_POINT ( 'NONE',  ( -5.200000000000006395, -50.79999999999999716, 2.286000000000000032 ) ) ;
#11161 = DIRECTION ( 'NONE',  ( -0.7071067811865502373, 0.7071067811865449082, 0.000000000000000000 ) ) ;
#11162 = EDGE_LOOP ( 'NONE', ( #8905, #7438, #1537, #9380 ) ) ;
#11163 = CARTESIAN_POINT ( 'NONE',  ( 0.000000000000000000, -12.69999999999999929, -2.286000000000000032 ) ) ;
#11164 = DIRECTION ( 'NONE',  ( -0.000000000000000000, -0.000000000000000000, -1.000000000000000000 ) ) ;
#11165 = EDGE_LOOP ( 'NONE', ( #6560, #11255, #10716, #9460 ) ) ;
#11167 = LINE ( 'NONE', #2174, #8755 ) ;
#11166 = VECTOR ( 'NONE', #11728, 1000.000000000000114 ) ;
#11168 = AXIS2_PLACEMENT_3D ( 'NONE', #2770, #8819, #7844 ) ;
#11169 = ORIENTED_EDGE ( 'NONE', *, *, #10935, .F. ) ;
#11170 = ORIENTED_EDGE ( 'NONE', *, *, #39, .F. ) ;
#11171 = EDGE_CURVE ( 'NONE', #232, #8992, #153, .T. ) ;
#11172 = ORIENTED_EDGE ( 'NONE', *, *, #6606, .F. ) ;
#11173 = EDGE_LOOP ( 'NONE', ( #4692, #3711, #11688, #8134 ) ) ;
#11174 = CIRCLE ( 'NONE', #5632, 3.174999999999999822 ) ;
#11175 = CARTESIAN_POINT ( 'NONE',  ( 6.200000000000000178, 7.592810154713588849E-16, 3.049999999999999822 ) ) ;
#11176 = CARTESIAN_POINT ( 'NONE',  ( -0.4800000000000003153, -41.23850681057090384, -2.286000000000000032 ) ) ;
#11177 = ORIENTED_EDGE ( 'NONE', *, *, #8531, .F. ) ;
#11178 = CARTESIAN_POINT ( 'NONE',  ( -17.36279653889466346, 5.341619048833760708, 2.286000000000000032 ) ) ;
#11179 = LINE ( 'NONE', #2374, #9526 ) ;
#11180 = ORIENTED_EDGE ( 'NONE', *, *, #4105, .T. ) ;
#11181 = CARTESIAN_POINT ( 'NONE',  ( -25.39999999999999858, 0.000000000000000000, 1.000000000000000000 ) ) ;
#11182 = ORIENTED_EDGE ( 'NONE', *, *, #7317, .T. ) ;
#11183 = ADVANCED_FACE ( 'NONE', ( #11846 ), #8954, .T. ) ;
#11184 = AXIS2_PLACEMENT_3D ( 'NONE', #9327, #10435, #8304 ) ;
#11185 = EDGE_LOOP ( 'NONE', ( #1088, #1403, #5392, #3755 ) ) ;
#11186 = VECTOR ( 'NONE', #901, 1000.000000000000000 ) ;
#11187 = DIRECTION ( 'NONE',  ( -0.000000000000000000, -0.000000000000000000, -1.000000000000000000 ) ) ;
#11188 = LINE ( 'NONE', #2262, #12490 ) ;
#11189 = CARTESIAN_POINT ( 'NONE',  ( 5.200000000000000178, 6.368163355566235395E-16, -1.000000000000000000 ) ) ;
#11190 = VERTEX_POINT ( 'NONE', #3103 ) ;
#11191 = DIRECTION ( 'NONE',  ( 0.000000000000000000, 0.000000000000000000, -1.000000000000000000 ) ) ;
#11192 = DIRECTION ( 'NONE',  ( 0.000000000000000000, 0.000000000000000000, 1.000000000000000000 ) ) ;
#11193 = PLANE ( 'NONE',  #6029 ) ;
#11194 = ORIENTED_EDGE ( 'NONE', *, *, #231, .T. ) ;
#11195 = AXIS2_PLACEMENT_3D ( 'NONE', #12105, #3234, #10054 ) ;
#11196 = PLANE ( 'NONE',  #7527 ) ;
#11197 = VECTOR ( 'NONE', #3191, 1000.000000000000000 ) ;
#11198 = DIRECTION ( 'NONE',  ( -0.000000000000000000, -0.000000000000000000, -1.000000000000000000 ) ) ;
#11199 = EDGE_CURVE ( 'NONE', #9190, #7917, #7993, .T. ) ;
#11200 = ADVANCED_FACE ( 'NONE', ( #215 ), #4126, .F. ) ;
#11201 = AXIS2_PLACEMENT_3D ( 'NONE', #2426, #9426, #1458 ) ;
#11202 = FACE_OUTER_BOUND ( 'NONE', #10076, .T. ) ;
#11203 = VECTOR ( 'NONE', #1887, 1000.000000000000114 ) ;
#11204 = CARTESIAN_POINT ( 'NONE',  ( -6.350000000000001421, 5.068629150101524594, -3.049999999999999822 ) ) ;
#11205 = CARTESIAN_POINT ( 'NONE',  ( -9.561493189429086215, 0.4799999999999999822, 2.286000000000000032 ) ) ;
#11206 = DIRECTION ( 'NONE',  ( -0.000000000000000000, -0.000000000000000000, 1.000000000000000000 ) ) ;
#11207 = LINE ( 'NONE', #287, #5485 ) ;
#11208 = LINE ( 'NONE', #10063, #10333 ) ;
#11209 = CARTESIAN_POINT ( 'NONE',  ( -0.4800000000000003153, -41.23850681057090384, 2.286000000000000032 ) ) ;
#11210 = VECTOR ( 'NONE', #11620, 1000.000000000000000 ) ;
#11211 = ORIENTED_EDGE ( 'NONE', *, *, #1886, .F. ) ;
#11212 = EDGE_CURVE ( 'NONE', #10917, #6797, #10169, .T. ) ;
#11213 = DIRECTION ( 'NONE',  ( -1.000000000000000000, 0.000000000000000000, -0.000000000000000000 ) ) ;
#11214 = CARTESIAN_POINT ( 'NONE',  ( -2.558670703524397627, -39.97984819358530473, -2.286000000000000032 ) ) ;
#11215 = VERTEX_POINT ( 'NONE', #7346 ) ;
#11216 = AXIS2_PLACEMENT_3D ( 'NONE', #12044, #354, #4134 ) ;
#11217 = ORIENTED_EDGE ( 'NONE', *, *, #8319, .F. ) ;
#11218 = AXIS2_PLACEMENT_3D ( 'NONE', #6573, #2575, #10426 ) ;
#11219 = ORIENTED_EDGE ( 'NONE', *, *, #9513, .T. ) ;
#11220 = VECTOR ( 'NONE', #8030, 1000.000000000000000 ) ;
#11221 = CARTESIAN_POINT ( 'NONE',  ( 6.200000000000021494, -32.88137084989849512, -3.049999999999999822 ) ) ;
#11222 = AXIS2_PLACEMENT_3D ( 'NONE', #484, #6212, #4404 ) ;
#11223 = DIRECTION ( 'NONE',  ( -1.000000000000000000, 0.000000000000000000, 0.000000000000000000 ) ) ;
#11224 = ORIENTED_EDGE ( 'NONE', *, *, #7034, .F. ) ;
#11225 = LINE ( 'NONE', #5181, #9007 ) ;
#11226 = ORIENTED_EDGE ( 'NONE', *, *, #4872, .F. ) ;
#11227 = ADVANCED_FACE ( 'NONE', ( #6434 ), #8367, .T. ) ;
#11228 = CARTESIAN_POINT ( 'NONE',  ( 5.200000000000000178, 6.368163355566235395E-16, 2.286000000000000032 ) ) ;
#11229 = CARTESIAN_POINT ( 'NONE',  ( -5.199999999999995737, -6.821177490060920334, 1.000000000000000444 ) ) ;
#11230 = EDGE_LOOP ( 'NONE', ( #10871, #9815, #1479, #7456 ) ) ;
#11231 = EDGE_CURVE ( 'NONE', #8222, #8656, #1366, .T. ) ;
#11232 = DIRECTION ( 'NONE',  ( 1.000000000000000000, 0.000000000000000000, 0.000000000000000000 ) ) ;
#11233 = ORIENTED_EDGE ( 'NONE', *, *, #8374, .T. ) ;
#11234 = ORIENTED_EDGE ( 'NONE', *, *, #11363, .F. ) ;
#11235 = ORIENTED_EDGE ( 'NONE', *, *, #4920, .F. ) ;
#11236 = EDGE_LOOP ( 'NONE', ( #9284, #7884 ) ) ;
#11237 = AXIS2_PLACEMENT_3D ( 'NONE', #8312, #5231, #11142 ) ;
#11238 = FACE_OUTER_BOUND ( 'NONE', #3557, .T. ) ;
#11239 = CARTESIAN_POINT ( 'NONE',  ( -27.50000000000000000, 2.571758278209440478E-16, -2.286000000000000032 ) ) ;
#11240 = ORIENTED_EDGE ( 'NONE', *, *, #6738, .T. ) ;
#11241 = EDGE_CURVE ( 'NONE', #2805, #7700, #5287, .T. ) ;
#11242 = EDGE_CURVE ( 'NONE', #944, #8157, #9459, .T. ) ;
#11243 = DIRECTION ( 'NONE',  ( -0.000000000000000000, -0.000000000000000000, 1.000000000000000000 ) ) ;
#11244 = DIRECTION ( 'NONE',  ( 0.000000000000000000, 0.000000000000000000, 1.000000000000000000 ) ) ;
#11245 = ORIENTED_EDGE ( 'NONE', *, *, #7080, .F. ) ;
#11246 = LINE ( 'NONE', #12015, #8128 ) ;
#11247 = VERTEX_POINT ( 'NONE', #12153 ) ;
#11248 = AXIS2_PLACEMENT_3D ( 'NONE', #4612, #3653, #878 ) ;
#11249 = ORIENTED_EDGE ( 'NONE', *, *, #11383, .F. ) ;
#11250 = VERTEX_POINT ( 'NONE', #1433 ) ;
#11251 = CARTESIAN_POINT ( 'NONE',  ( 3.654415587728450543, -19.04999999999999716, -1.000000000000000000 ) ) ;
#11252 = DIRECTION ( 'NONE',  ( 0.7071067811865479058, 0.7071067811865472397, 0.000000000000000000 ) ) ;
#11253 = LINE ( 'NONE', #5396, #11617 ) ;
#11254 = VECTOR ( 'NONE', #2481, 1000.000000000000114 ) ;
#11255 = ORIENTED_EDGE ( 'NONE', *, *, #12021, .F. ) ;
#11256 = EDGE_CURVE ( 'NONE', #4530, #5645, #596, .T. ) ;
#11257 = VECTOR ( 'NONE', #3882, 1000.000000000000000 ) ;
#11258 = CARTESIAN_POINT ( 'NONE',  ( 1.879848193585295535, -27.95867070352440820, 1.000000000000000000 ) ) ;
#11259 = DIRECTION ( 'NONE',  ( -1.000000000000000000, 0.000000000000000000, -0.000000000000000000 ) ) ;
#11260 = CARTESIAN_POINT ( 'NONE',  ( -5.200000000000005507, -45.99558441227155470, 3.049999999999999822 ) ) ;
#11261 = ORIENTED_EDGE ( 'NONE', *, *, #877, .T. ) ;
#11262 = CARTESIAN_POINT ( 'NONE',  ( -5.199999999999999289, -20.59558441227159875, 3.049999999999999822 ) ) ;
#11263 = LINE ( 'NONE', #3614, #5226 ) ;
#11264 = CIRCLE ( 'NONE', #4492, 3.175000000000000711 ) ;
#11265 = CARTESIAN_POINT ( 'NONE',  ( -2.100000000000000089, -25.39999999999999858, 2.286000000000000032 ) ) ;
#11266 = AXIS2_PLACEMENT_3D ( 'NONE', #9371, #9495, #503 ) ;
#11267 = CARTESIAN_POINT ( 'NONE',  ( 1.879848193585314409, -35.54132929647560246, -2.286000000000000032 ) ) ;
#11268 = PLANE ( 'NONE',  #11459 ) ;
#11269 = DIRECTION ( 'NONE',  ( -0.000000000000000000, -0.000000000000000000, 1.000000000000000000 ) ) ;
#11270 = EDGE_CURVE ( 'NONE', #9677, #2147, #4570, .T. ) ;
#11271 = DIRECTION ( 'NONE',  ( -0.7071067811865477948, 0.7071067811865473507, 0.000000000000000000 ) ) ;
#11272 = LINE ( 'NONE', #4584, #10739 ) ;
#11273 = CARTESIAN_POINT ( 'NONE',  ( 1.879848193585311744, -35.54132929647559536, 2.286000000000000032 ) ) ;
#11274 = EDGE_LOOP ( 'NONE', ( #4004, #3891 ) ) ;
#11275 = DIRECTION ( 'NONE',  ( -0.7071067811865489050, 0.7071067811865460184, 0.000000000000000000 ) ) ;
#11276 = DIRECTION ( 'NONE',  ( 0.000000000000000000, 0.000000000000000000, 1.000000000000000000 ) ) ;
#11277 = ORIENTED_EDGE ( 'NONE', *, *, #3617, .T. ) ;
#11278 = ORIENTED_EDGE ( 'NONE', *, *, #641, .F. ) ;
#11279 = CARTESIAN_POINT ( 'NONE',  ( -12.69999999999999929, 0.000000000000000000, 1.000000000000000000 ) ) ;
#11280 = LINE ( 'NONE', #2541, #6514 ) ;
#11281 = EDGE_CURVE ( 'NONE', #7712, #2515, #11376, .T. ) ;
#11282 = VERTEX_POINT ( 'NONE', #9207 ) ;
#11283 = CARTESIAN_POINT ( 'NONE',  ( -25.39999999999999858, 0.000000000000000000, 3.049999999999999822 ) ) ;
#11284 = ORIENTED_EDGE ( 'NONE', *, *, #7393, .F. ) ;
#11285 = FACE_OUTER_BOUND ( 'NONE', #6729, .T. ) ;
#11286 = CARTESIAN_POINT ( 'NONE',  ( 6.200000000000025047, -21.59558441227157033, 3.049999999999999822 ) ) ;
#11287 = VERTEX_POINT ( 'NONE', #6509 ) ;
#11288 = CARTESIAN_POINT ( 'NONE',  ( -25.39999999999999858, -6.199999999999999289, -1.000000000000000000 ) ) ;
#11289 = VERTEX_POINT ( 'NONE', #8494 ) ;
#11290 = VERTEX_POINT ( 'NONE', #10430 ) ;
#11291 = CARTESIAN_POINT ( 'NONE',  ( -6.010588745030501556, -6.010588745030466917, -1.000000000000000000 ) ) ;
#11292 = ORIENTED_EDGE ( 'NONE', *, *, #11772, .F. ) ;
#11293 = ADVANCED_FACE ( 'NONE', ( #1626 ), #658, .T. ) ;
#11294 = ORIENTED_EDGE ( 'NONE', *, *, #1098, .T. ) ;
#11295 = DIRECTION ( 'NONE',  ( -0.7071067811865500152, -0.7071067811865451302, 0.000000000000000000 ) ) ;
#11296 = FACE_OUTER_BOUND ( 'NONE', #7210, .T. ) ;
#11297 = ORIENTED_EDGE ( 'NONE', *, *, #4349, .T. ) ;
#11298 = CARTESIAN_POINT ( 'NONE',  ( -4.662796538894677489, -32.75838095116624515, 2.286000000000000032 ) ) ;
#11299 = DIRECTION ( 'NONE',  ( 0.7071067811865474617, 0.7071067811865476838, -0.000000000000000000 ) ) ;
#11300 = ORIENTED_EDGE ( 'NONE', *, *, #567, .F. ) ;
#11301 = PLANE ( 'NONE',  #9774 ) ;
#11302 = VERTEX_POINT ( 'NONE', #7541 ) ;
#11303 = VERTEX_POINT ( 'NONE', #2324 ) ;
#11304 = EDGE_LOOP ( 'NONE', ( #7159, #4289, #6293, #10015, #9902, #10839, #6751 ) ) ;
#11305 = VERTEX_POINT ( 'NONE', #10297 ) ;
#11306 = ADVANCED_FACE ( 'NONE', ( #408 ), #11193, .F. ) ;
#11307 = EDGE_CURVE ( 'NONE', #9696, #10508, #2392, .T. ) ;
#11308 = EDGE_LOOP ( 'NONE', ( #249, #8611, #2113, #3917, #8066, #9162 ) ) ;
#11309 = EDGE_CURVE ( 'NONE', #5894, #8992, #4379, .T. ) ;
#11310 = ADVANCED_FACE ( 'NONE', ( #460 ), #8300, .F. ) ;
#11311 = DIRECTION ( 'NONE',  ( -0.000000000000000000, -0.000000000000000000, 1.000000000000000000 ) ) ;
#11312 = FACE_OUTER_BOUND ( 'NONE', #313, .T. ) ;
#11313 = CARTESIAN_POINT ( 'NONE',  ( -6.199999999999976197, -29.20441558772841617, 2.286000000000000032 ) ) ;
#11314 = VERTEX_POINT ( 'NONE', #12288 ) ;
#11315 = CARTESIAN_POINT ( 'NONE',  ( -7.895584412271573704, 5.200000000000000178, -3.049999999999999822 ) ) ;
#11316 = CARTESIAN_POINT ( 'NONE',  ( -2.100000000000000089, -50.79999999999999716, 2.286000000000000032 ) ) ;
#11317 = CARTESIAN_POINT ( 'NONE',  ( -6.699999999999990408, -6.199999999999999289, -3.049999999999999822 ) ) ;
#11318 = EDGE_LOOP ( 'NONE', ( #2617, #7260, #7337, #10812 ) ) ;
#11319 = DIRECTION ( 'NONE',  ( 0.7071067811865449082, 0.7071067811865502373, 0.000000000000000000 ) ) ;
#11320 = DIRECTION ( 'NONE',  ( 0.000000000000000000, 0.000000000000000000, 1.000000000000000000 ) ) ;
#11321 = DIRECTION ( 'NONE',  ( 2.556848660736790434E-16, 1.000000000000000000, 0.000000000000000000 ) ) ;
#11322 = EDGE_CURVE ( 'NONE', #9242, #3059, #12376, .T. ) ;
#11323 = CARTESIAN_POINT ( 'NONE',  ( 4.662796538894675713, -7.358380951166244799, 2.286000000000000032 ) ) ;
#11324 = DIRECTION ( 'NONE',  ( -0.000000000000000000, -0.000000000000000000, 1.000000000000000000 ) ) ;
#11325 = CARTESIAN_POINT ( 'NONE',  ( 0.000000000000000000, -5.199999999999999289, 1.000000000000000000 ) ) ;
#11326 = LINE ( 'NONE', #9408, #1592 ) ;
#11327 = FACE_OUTER_BOUND ( 'NONE', #10985, .T. ) ;
#11328 = DIRECTION ( 'NONE',  ( -1.365923996832132102E-16, -1.000000000000000000, 0.000000000000000000 ) ) ;
#11329 = ORIENTED_EDGE ( 'NONE', *, *, #7596, .F. ) ;
#11330 = CARTESIAN_POINT ( 'NONE',  ( 3.654415587728450543, -19.04999999999999716, -3.049999999999999822 ) ) ;
#11331 = DIRECTION ( 'NONE',  ( -0.7071067811865497932, -0.7071067811865452413, 0.000000000000000000 ) ) ;
#11332 = ORIENTED_EDGE ( 'NONE', *, *, #5842, .T. ) ;
#11333 = VERTEX_POINT ( 'NONE', #1552 ) ;
#11334 = DIRECTION ( 'NONE',  ( 1.000000000000000000, 0.000000000000000000, -0.000000000000000000 ) ) ;
#11335 = DIRECTION ( 'NONE',  ( 0.000000000000000000, 0.000000000000000000, 1.000000000000000000 ) ) ;
#11336 = VECTOR ( 'NONE', #11328, 1000.000000000000000 ) ;
#11337 = EDGE_LOOP ( 'NONE', ( #9320, #3665, #7529, #5972, #1082, #2830 ) ) ;
#11338 = CARTESIAN_POINT ( 'NONE',  ( -18.71058874503044933, -18.71058874503055236, 1.000000000000000000 ) ) ;
#11339 = VECTOR ( 'NONE', #10411, 1000.000000000000000 ) ;
#11340 = VERTEX_POINT ( 'NONE', #10788 ) ;
#11341 = PLANE ( 'NONE',  #9111 ) ;
#11342 = CARTESIAN_POINT ( 'NONE',  ( -3.654415587728408799, -31.74999999999999289, 3.049999999999999822 ) ) ;
#11343 = VERTEX_POINT ( 'NONE', #1076 ) ;
#11344 = DIRECTION ( 'NONE',  ( 0.000000000000000000, 0.000000000000000000, 1.000000000000000000 ) ) ;
#11345 = ORIENTED_EDGE ( 'NONE', *, *, #1880, .F. ) ;
#11346 = ADVANCED_FACE ( 'NONE', ( #10722 ), #11686, .F. ) ;
#11347 = ORIENTED_EDGE ( 'NONE', *, *, #6159, .F. ) ;
#11348 = AXIS2_PLACEMENT_3D ( 'NONE', #11163, #2295, #2171 ) ;
#11349 = EDGE_CURVE ( 'NONE', #674, #12636, #12647, .T. ) ;
#11350 = DIRECTION ( 'NONE',  ( -0.000000000000000000, -0.000000000000000000, 1.000000000000000000 ) ) ;
#11351 = ORIENTED_EDGE ( 'NONE', *, *, #291, .T. ) ;
#11352 = CIRCLE ( 'NONE', #1092, 3.174999999999999822 ) ;
#11353 = ORIENTED_EDGE ( 'NONE', *, *, #2872, .T. ) ;
#11354 = DIRECTION ( 'NONE',  ( 0.7071067811865479058, -0.7071067811865472397, -0.000000000000000000 ) ) ;
#11355 = DIRECTION ( 'NONE',  ( 0.7071067811865461294, 0.7071067811865489050, 0.000000000000000000 ) ) ;
#11356 = DIRECTION ( 'NONE',  ( 1.000000000000000000, -5.463695987328531367E-16, 0.000000000000000000 ) ) ;
#11357 = ORIENTED_EDGE ( 'NONE', *, *, #3766, .F. ) ;
#11358 = VECTOR ( 'NONE', #2615, 1000.000000000000114 ) ;
#11359 = LINE ( 'NONE', #8282, #3599 ) ;
#11360 = LINE ( 'NONE', #2692, #2523 ) ;
#11361 = ORIENTED_EDGE ( 'NONE', *, *, #401, .T. ) ;
#11362 = FACE_OUTER_BOUND ( 'NONE', #1799, .T. ) ;
#11363 = EDGE_CURVE ( 'NONE', #58, #12289, #6935, .T. ) ;
#11364 = ORIENTED_EDGE ( 'NONE', *, *, #5374, .F. ) ;
#11365 = ORIENTED_EDGE ( 'NONE', *, *, #11789, .T. ) ;
#11366 = VERTEX_POINT ( 'NONE', #8990 ) ;
#11367 = VECTOR ( 'NONE', #3697, 1000.000000000000000 ) ;
#11368 = ORIENTED_EDGE ( 'NONE', *, *, #11430, .F. ) ;
#11369 = DIRECTION ( 'NONE',  ( -0.000000000000000000, -0.000000000000000000, -1.000000000000000000 ) ) ;
#11370 = LINE ( 'NONE', #7599, #3043 ) ;
#11371 = DIRECTION ( 'NONE',  ( -1.000000000000000000, -1.776356839400250859E-15, 0.000000000000000000 ) ) ;
#11372 = PLANE ( 'NONE',  #11218 ) ;
#11373 = VERTEX_POINT ( 'NONE', #952 ) ;
#11374 = LINE ( 'NONE', #12286, #311 ) ;
#11375 = LINE ( 'NONE', #1551, #8084 ) ;
#11376 = LINE ( 'NONE', #9395, #4383 ) ;
#11377 = ORIENTED_EDGE ( 'NONE', *, *, #11115, .F. ) ;
#11378 = DIRECTION ( 'NONE',  ( -0.000000000000000000, -0.000000000000000000, 1.000000000000000000 ) ) ;
#11379 = AXIS2_PLACEMENT_3D ( 'NONE', #1505, #10447, #4588 ) ;
#11380 = EDGE_CURVE ( 'NONE', #10417, #7917, #11809, .T. ) ;
#11381 = DIRECTION ( 'NONE',  ( 0.000000000000000000, 0.000000000000000000, -1.000000000000000000 ) ) ;
#11382 = EDGE_CURVE ( 'NONE', #6495, #769, #8919, .T. ) ;
#11383 = EDGE_CURVE ( 'NONE', #8205, #3373, #50, .T. ) ;
#11384 = VECTOR ( 'NONE', #2838, 1000.000000000000114 ) ;
#11385 = DIRECTION ( 'NONE',  ( 1.000000000000000000, 0.000000000000000000, 0.000000000000000000 ) ) ;
#11386 = VECTOR ( 'NONE', #7473, 1000.000000000000000 ) ;
#11387 = CARTESIAN_POINT ( 'NONE',  ( 5.200000000000000178, 6.368163355566235395E-16, 2.286000000000000032 ) ) ;
#11388 = LINE ( 'NONE', #8635, #9008 ) ;
#11389 = DIRECTION ( 'NONE',  ( 1.000000000000000000, 0.000000000000000000, 0.000000000000000000 ) ) ;
#11390 = CIRCLE ( 'NONE', #316, 3.175000000000000711 ) ;
#11391 = VECTOR ( 'NONE', #9635, 1000.000000000000000 ) ;
#11392 = PLANE ( 'NONE',  #2414 ) ;
#11393 = CYLINDRICAL_SURFACE ( 'NONE', #7665, 3.174999999999998934 ) ;
#11394 = CARTESIAN_POINT ( 'NONE',  ( 5.068629150101544134, -31.75000000000000711, -3.049999999999999822 ) ) ;
#11395 = VERTEX_POINT ( 'NONE', #5968 ) ;
#11396 = DIRECTION ( 'NONE',  ( -0.000000000000000000, -0.000000000000000000, 1.000000000000000000 ) ) ;
#11397 = ADVANCED_FACE ( 'NONE', ( #3851 ), #8798, .T. ) ;
#11398 = CARTESIAN_POINT ( 'NONE',  ( 0.000000000000000000, 0.000000000000000000, -2.286000000000000032 ) ) ;
#11399 = AXIS2_PLACEMENT_3D ( 'NONE', #9654, #10257, #8387 ) ;
#11400 = VERTEX_POINT ( 'NONE', #4807 ) ;
#11401 = VECTOR ( 'NONE', #3942, 1000.000000000000000 ) ;
#11402 = ORIENTED_EDGE ( 'NONE', *, *, #7223, .F. ) ;
#11403 = AXIS2_PLACEMENT_3D ( 'NONE', #3414, #9201, #2263 ) ;
#11404 = CARTESIAN_POINT ( 'NONE',  ( 0.000000000000000000, 0.000000000000000000, -3.049999999999999822 ) ) ;
#11405 = AXIS2_PLACEMENT_3D ( 'NONE', #1609, #12392, #5587 ) ;
#11406 = CARTESIAN_POINT ( 'NONE',  ( -7.358380951166246575, 4.662796538894677489, 2.286000000000000032 ) ) ;
#11407 = ORIENTED_EDGE ( 'NONE', *, *, #2519, .T. ) ;
#11408 = LINE ( 'NONE', #620, #9202 ) ;
#11409 = ORIENTED_EDGE ( 'NONE', *, *, #3703, .T. ) ;
#11410 = EDGE_CURVE ( 'NONE', #10311, #1846, #5836, .T. ) ;
#11411 = VECTOR ( 'NONE', #7543, 1000.000000000000000 ) ;
#11412 = DIRECTION ( 'NONE',  ( 0.7071067811865513475, 0.7071067811865437980, -0.000000000000000000 ) ) ;
#11413 = DIRECTION ( 'NONE',  ( 0.7071067811865471286, 0.7071067811865479058, -0.000000000000000000 ) ) ;
#11414 = ORIENTED_EDGE ( 'NONE', *, *, #2211, .T. ) ;
#11415 = LINE ( 'NONE', #11288, #3629 ) ;
#11416 = CIRCLE ( 'NONE', #7530, 1.499999999999997780 ) ;
#11417 = VECTOR ( 'NONE', #6168, 1000.000000000000000 ) ;
#11418 = ORIENTED_EDGE ( 'NONE', *, *, #8292, .T. ) ;
#11419 = CARTESIAN_POINT ( 'NONE',  ( 2.558670703524383416, -48.92015180641466543, -2.286000000000000032 ) ) ;
#11420 = ORIENTED_EDGE ( 'NONE', *, *, #11087, .T. ) ;
#11421 = VECTOR ( 'NONE', #3055, 1000.000000000000000 ) ;
#11422 = ORIENTED_EDGE ( 'NONE', *, *, #1817, .T. ) ;
#11423 = DIRECTION ( 'NONE',  ( -0.7071067811865501263, -0.7071067811865449082, 0.000000000000000000 ) ) ;
#11424 = VECTOR ( 'NONE', #10151, 1000.000000000000114 ) ;
#11425 = CARTESIAN_POINT ( 'NONE',  ( 4.662796538894666831, -20.05838095116623521, -2.286000000000000032 ) ) ;
#11426 = DIRECTION ( 'NONE',  ( 0.000000000000000000, 0.000000000000000000, 1.000000000000000000 ) ) ;
#11427 = VECTOR ( 'NONE', #2610, 1000.000000000000000 ) ;
#11428 = ADVANCED_FACE ( 'NONE', ( #6026 ), #11741, .T. ) ;
#11429 = ORIENTED_EDGE ( 'NONE', *, *, #3766, .T. ) ;
#11430 = EDGE_CURVE ( 'NONE', #5061, #9992, #8082, .T. ) ;
#11431 = DIRECTION ( 'NONE',  ( -0.7071067811865491270, -0.7071067811865459074, 0.000000000000000000 ) ) ;
#11432 = CARTESIAN_POINT ( 'NONE',  ( -5.200000000000005507, -46.27882250993906155, -2.286000000000000920 ) ) ;
#11433 = ORIENTED_EDGE ( 'NONE', *, *, #3374, .F. ) ;
#11434 = CARTESIAN_POINT ( 'NONE',  ( 5.068629150101533476, -6.349999999999994316, -3.049999999999999822 ) ) ;
#11435 = VERTEX_POINT ( 'NONE', #9827 ) ;
#11436 = ORIENTED_EDGE ( 'NONE', *, *, #863, .F. ) ;
#11437 = ORIENTED_EDGE ( 'NONE', *, *, #5749, .F. ) ;
#11438 = ORIENTED_EDGE ( 'NONE', *, *, #3268, .T. ) ;
#11439 = VECTOR ( 'NONE', #2338, 1000.000000000000000 ) ;
#11440 = ORIENTED_EDGE ( 'NONE', *, *, #11708, .F. ) ;
#11441 = FACE_OUTER_BOUND ( 'NONE', #10067, .T. ) ;
#11442 = EDGE_CURVE ( 'NONE', #2960, #1434, #6577, .T. ) ;
#11443 = DIRECTION ( 'NONE',  ( 0.7071067811865491270, -0.7071067811865459074, -0.000000000000000000 ) ) ;
#11444 = CARTESIAN_POINT ( 'NONE',  ( -1.905652775297731472, -48.21552471476314849, -2.286000000000000032 ) ) ;
#11445 = CARTESIAN_POINT ( 'NONE',  ( -5.068629150101502390, -19.05000000000000426, 3.049999999999999822 ) ) ;
#11446 = EDGE_CURVE ( 'NONE', #10874, #6410, #1141, .T. ) ;
#11447 = EDGE_LOOP ( 'NONE', ( #159, #10467, #10328, #2451 ) ) ;
#11448 = DIRECTION ( 'NONE',  ( -0.7071067811865479058, 0.7071067811865471286, 0.000000000000000000 ) ) ;
#11449 = DIRECTION ( 'NONE',  ( -0.000000000000000000, -0.000000000000000000, -1.000000000000000000 ) ) ;
#11450 = DIRECTION ( 'NONE',  ( -0.000000000000000000, -0.000000000000000000, 1.000000000000000000 ) ) ;
#11451 = ORIENTED_EDGE ( 'NONE', *, *, #10995, .F. ) ;
#11452 = VECTOR ( 'NONE', #8883, 1000.000000000000114 ) ;
#11453 = CARTESIAN_POINT ( 'NONE',  ( -1.879848193585325289, 2.558670703524388745, -2.286000000000000032 ) ) ;
#11454 = VECTOR ( 'NONE', #5986, 1000.000000000000000 ) ;
#11455 = CYLINDRICAL_SURFACE ( 'NONE', #8307, 3.174999999999998934 ) ;
#11456 = ORIENTED_EDGE ( 'NONE', *, *, #8483, .F. ) ;
#11457 = CARTESIAN_POINT ( 'NONE',  ( -15.87500000000000000, -0.4799999999999999822, 2.286000000000000032 ) ) ;
#11458 = VECTOR ( 'NONE', #8556, 1000.000000000000000 ) ;
#11459 = AXIS2_PLACEMENT_3D ( 'NONE', #2525, #1689, #3691 ) ;
#11460 = ADVANCED_FACE ( 'NONE', ( #9948 ), #1021, .T. ) ;
#11461 = DIRECTION ( 'NONE',  ( -0.7071067811865479058, -0.7071067811865472397, 0.000000000000000000 ) ) ;
#11462 = CARTESIAN_POINT ( 'NONE',  ( 5.200000000000000178, -8.178822509939090324, -1.000000000000000000 ) ) ;
#11463 = PLANE ( 'NONE',  #8325 ) ;
#11464 = DIRECTION ( 'NONE',  ( -0.7071067811865497932, -0.7071067811865453523, 0.000000000000000000 ) ) ;
#11465 = DIRECTION ( 'NONE',  ( -5.463695987328531367E-16, -1.000000000000000000, 0.000000000000000000 ) ) ;
#11466 = CARTESIAN_POINT ( 'NONE',  ( 12.36058874503048166, -12.36058874503057226, 1.000000000000000000 ) ) ;
#11467 = LINE ( 'NONE', #738, #10592 ) ;
#11468 = FACE_OUTER_BOUND ( 'NONE', #2562, .T. ) ;
#11469 = CIRCLE ( 'NONE', #10658, 3.175000000000000711 ) ;
#11470 = ORIENTED_EDGE ( 'NONE', *, *, #9732, .T. ) ;
#11471 = VERTEX_POINT ( 'NONE', #10856 ) ;
#11472 = AXIS2_PLACEMENT_3D ( 'NONE', #6086, #7114, #8136 ) ;
#11473 = EDGE_CURVE ( 'NONE', #1013, #11287, #8069, .T. ) ;
#11474 = EDGE_CURVE ( 'NONE', #7324, #2967, #5063, .T. ) ;
#11475 = PLANE ( 'NONE',  #7534 ) ;
#11476 = EDGE_CURVE ( 'NONE', #8059, #5335, #4937, .T. ) ;
#11477 = DIRECTION ( 'NONE',  ( 0.000000000000000000, 0.000000000000000000, 1.000000000000000000 ) ) ;
#11478 = EDGE_CURVE ( 'NONE', #1527, #6755, #4998, .T. ) ;
#11479 = ORIENTED_EDGE ( 'NONE', *, *, #10611, .F. ) ;
#11480 = DIRECTION ( 'NONE',  ( -0.000000000000000000, -0.000000000000000000, -1.000000000000000000 ) ) ;
#11481 = ORIENTED_EDGE ( 'NONE', *, *, #4799, .F. ) ;
#11482 = CARTESIAN_POINT ( 'NONE',  ( -19.04999999999999716, 5.068629150101524594, -3.049999999999999822 ) ) ;
#11483 = DIRECTION ( 'NONE',  ( 1.000000000000000000, 0.000000000000000000, 0.000000000000000000 ) ) ;
#11484 = ORIENTED_EDGE ( 'NONE', *, *, #5150, .T. ) ;
#11485 = ORIENTED_EDGE ( 'NONE', *, *, #1721, .T. ) ;
#11486 = CARTESIAN_POINT ( 'NONE',  ( 0.000000000000000000, -50.79999999999999716, -2.286000000000000032 ) ) ;
#11487 = VERTEX_POINT ( 'NONE', #9050 ) ;
#11488 = EDGE_CURVE ( 'NONE', #1816, #10068, #12066, .T. ) ;
#11489 = DIRECTION ( 'NONE',  ( -0.7071067811865437980, 0.7071067811865513475, 0.000000000000000000 ) ) ;
#11490 = CARTESIAN_POINT ( 'NONE',  ( 0.000000000000000000, -25.39999999999999858, -2.286000000000000032 ) ) ;
#11491 = FACE_OUTER_BOUND ( 'NONE', #10005, .T. ) ;
#11492 = ORIENTED_EDGE ( 'NONE', *, *, #2901, .T. ) ;
#11493 = FACE_OUTER_BOUND ( 'NONE', #4342, .T. ) ;
#11494 = CARTESIAN_POINT ( 'NONE',  ( -9.561493189429086215, 0.4799999999999999822, -2.286000000000000032 ) ) ;
#11495 = EDGE_LOOP ( 'NONE', ( #12398, #8783, #11558, #8843, #5105, #12080, #1772, #9010 ) ) ;
#11496 = CYLINDRICAL_SURFACE ( 'NONE', #1770, 3.174999999999999822 ) ;
#11497 = ORIENTED_EDGE ( 'NONE', *, *, #567, .T. ) ;
#11498 = ORIENTED_EDGE ( 'NONE', *, *, #12054, .T. ) ;
#11499 = ORIENTED_EDGE ( 'NONE', *, *, #4645, .T. ) ;
#11500 = ORIENTED_EDGE ( 'NONE', *, *, #7009, .T. ) ;
#11501 = EDGE_CURVE ( 'NONE', #1860, #9643, #4392, .T. ) ;
#11502 = ORIENTED_EDGE ( 'NONE', *, *, #133, .F. ) ;
#11503 = CYLINDRICAL_SURFACE ( 'NONE', #9502, 3.174999999999999822 ) ;
#11504 = DIRECTION ( 'NONE',  ( 0.000000000000000000, 0.000000000000000000, 1.000000000000000000 ) ) ;
#11505 = CARTESIAN_POINT ( 'NONE',  ( 6.200000000000000178, 7.592810154713588849E-16, -3.049999999999999822 ) ) ;
#11506 = LINE ( 'NONE', #10675, #11835 ) ;
#11507 = ORIENTED_EDGE ( 'NONE', *, *, #6724, .T. ) ;
#11508 = LINE ( 'NONE', #6630, #11591 ) ;
#11509 = PLANE ( 'NONE',  #485 ) ;
#11510 = VERTEX_POINT ( 'NONE', #7124 ) ;
#11511 = PLANE ( 'NONE',  #7564 ) ;
#11512 = DIRECTION ( 'NONE',  ( -0.000000000000000000, -0.000000000000000000, 1.000000000000000000 ) ) ;
#11513 = PLANE ( 'NONE',  #7086 ) ;
#11514 = VERTEX_POINT ( 'NONE', #7192 ) ;
#11515 = LINE ( 'NONE', #2715, #7165 ) ;
#11516 = EDGE_CURVE ( 'NONE', #5380, #4293, #1214, .T. ) ;
#11517 = ADVANCED_FACE ( 'NONE', ( #242 ), #9289, .T. ) ;
#11518 = FACE_OUTER_BOUND ( 'NONE', #6610, .T. ) ;
#11519 = DIRECTION ( 'NONE',  ( 0.7071067811865491270, -0.7071067811865459074, 0.000000000000000000 ) ) ;
#11520 = LINE ( 'NONE', #12609, #9566 ) ;
#11521 = CARTESIAN_POINT ( 'NONE',  ( 0.000000000000000000, 0.000000000000000000, -1.000000000000000000 ) ) ;
#11522 = CARTESIAN_POINT ( 'NONE',  ( -14.57984819358531503, 2.558670703524396739, 2.286000000000000032 ) ) ;
#11523 = FACE_OUTER_BOUND ( 'NONE', #10494, .T. ) ;
#11524 = CARTESIAN_POINT ( 'NONE',  ( 2.558670703524396295, -14.57984819358531503, 2.286000000000000032 ) ) ;
#11525 = LINE ( 'NONE', #5360, #5222 ) ;
#11526 = EDGE_CURVE ( 'NONE', #1835, #1933, #3262, .T. ) ;
#11527 = DIRECTION ( 'NONE',  ( -0.7071067811865495711, 0.7071067811865455743, 0.000000000000000000 ) ) ;
#11528 = ORIENTED_EDGE ( 'NONE', *, *, #6300, .T. ) ;
#11529 = DIRECTION ( 'NONE',  ( -0.7071067811865479058, 0.7071067811865471286, 0.000000000000000000 ) ) ;
#11530 = DIRECTION ( 'NONE',  ( -0.000000000000000000, -0.000000000000000000, -1.000000000000000000 ) ) ;
#11531 = ORIENTED_EDGE ( 'NONE', *, *, #5610, .T. ) ;
#11532 = CARTESIAN_POINT ( 'NONE',  ( 0.000000000000000000, -50.79999999999999716, 2.286000000000000032 ) ) ;
#11533 = ORIENTED_EDGE ( 'NONE', *, *, #1489, .T. ) ;
#11534 = CARTESIAN_POINT ( 'NONE',  ( 0.000000000000000000, -25.39999999999999858, 2.286000000000000032 ) ) ;
#11535 = DIRECTION ( 'NONE',  ( 0.7071067811865491270, -0.7071067811865459074, 0.000000000000000000 ) ) ;
#11536 = ORIENTED_EDGE ( 'NONE', *, *, #8094, .T. ) ;
#11537 = EDGE_CURVE ( 'NONE', #11666, #2633, #4350, .T. ) ;
#11538 = EDGE_CURVE ( 'NONE', #2408, #8719, #433, .T. ) ;
#11539 = EDGE_CURVE ( 'NONE', #6842, #7690, #307, .T. ) ;
#11541 = EDGE_CURVE ( 'NONE', #4752, #10124, #12185, .T. ) ;
#11540 = ORIENTED_EDGE ( 'NONE', *, *, #3425, .T. ) ;
#11542 = DIRECTION ( 'NONE',  ( -0.000000000000000000, -0.000000000000000000, 1.000000000000000000 ) ) ;
#11543 = EDGE_LOOP ( 'NONE', ( #10280, #7822, #5778, #4557 ) ) ;
#11544 = FACE_OUTER_BOUND ( 'NONE', #2140, .T. ) ;
#11545 = CIRCLE ( 'NONE', #4776, 3.174999999999999822 ) ;
#11546 = CARTESIAN_POINT ( 'NONE',  ( -3.138506810570912187, 0.4799999999999999822, -2.286000000000000032 ) ) ;
#11547 = FACE_OUTER_BOUND ( 'NONE', #6861, .T. ) ;
#11548 = VERTEX_POINT ( 'NONE', #4155 ) ;
#11549 = CARTESIAN_POINT ( 'NONE',  ( 6.689411254969527043, -6.689411254969573228, 1.000000000000000000 ) ) ;
#11550 = LINE ( 'NONE', #7830, #6422 ) ;
#11551 = ORIENTED_EDGE ( 'NONE', *, *, #2927, .F. ) ;
#11552 = EDGE_CURVE ( 'NONE', #12401, #7177, #1331, .T. ) ;
#11554 = LINE ( 'NONE', #7590, #7105 ) ;
#11553 = AXIS2_PLACEMENT_3D ( 'NONE', #3363, #2598, #4524 ) ;
#11555 = EDGE_LOOP ( 'NONE', ( #4087, #5276, #8860, #206, #5887, #4040 ) ) ;
#11556 = CIRCLE ( 'NONE', #10947, 3.175000000000000711 ) ;
#11557 = VERTEX_POINT ( 'NONE', #7054 ) ;
#11558 = ORIENTED_EDGE ( 'NONE', *, *, #10095, .T. ) ;
#11559 = ORIENTED_EDGE ( 'NONE', *, *, #5336, .F. ) ;
#11560 = VECTOR ( 'NONE', #3047, 1000.000000000000000 ) ;
#11561 = CARTESIAN_POINT ( 'NONE',  ( -0.4800000000000008149, -3.138506810570912187, 2.286000000000000032 ) ) ;
#11562 = VECTOR ( 'NONE', #11192, 1000.000000000000000 ) ;
#11563 = CARTESIAN_POINT ( 'NONE',  ( 0.000000000000000000, -12.69999999999999929, -2.286000000000000032 ) ) ;
#11564 = CARTESIAN_POINT ( 'NONE',  ( -5.199999999999998401, -17.50441558772840978, -3.049999999999999822 ) ) ;
#11565 = EDGE_LOOP ( 'NONE', ( #7963, #3021, #1149, #1319 ) ) ;
#11566 = DIRECTION ( 'NONE',  ( -0.000000000000000000, 1.000000000000000000, -0.000000000000000000 ) ) ;
#11567 = DIRECTION ( 'NONE',  ( -0.000000000000000000, -0.000000000000000000, 1.000000000000000000 ) ) ;
#11568 = VERTEX_POINT ( 'NONE', #10268 ) ;
#11569 = CARTESIAN_POINT ( 'NONE',  ( 6.200000000000000178, 7.592810154713588849E-16, 3.049999999999999822 ) ) ;
#11570 = EDGE_CURVE ( 'NONE', #11487, #3946, #5318, .T. ) ;
#11571 = CARTESIAN_POINT ( 'NONE',  ( -10.14132929647559678, 1.879848193585309746, -1.000000000000000000 ) ) ;
#11572 = DIRECTION ( 'NONE',  ( -0.7071067811865479058, -0.7071067811865472397, 0.000000000000000000 ) ) ;
#11573 = VERTEX_POINT ( 'NONE', #7247 ) ;
#11574 = VECTOR ( 'NONE', #8148, 1000.000000000000000 ) ;
#11575 = VECTOR ( 'NONE', #10929, 1000.000000000000000 ) ;
#11576 = DIRECTION ( 'NONE',  ( -0.7071067811865486830, 0.7071067811865464625, 0.000000000000000000 ) ) ;
#11577 = CARTESIAN_POINT ( 'NONE',  ( -7.481370849898475228, 6.200000000000000178, 3.049999999999999822 ) ) ;
#11578 = LINE ( 'NONE', #1107, #3249 ) ;
#11579 = CARTESIAN_POINT ( 'NONE',  ( 4.662796538894670384, -18.04161904883374490, -2.286000000000000032 ) ) ;
#11580 = VECTOR ( 'NONE', #992, 1000.000000000000000 ) ;
#11581 = CARTESIAN_POINT ( 'NONE',  ( -25.39999999999999858, 6.199999999999999289, -3.049999999999999822 ) ) ;
#11582 = PLANE ( 'NONE',  #12369 ) ;
#11583 = DIRECTION ( 'NONE',  ( -1.000000000000000000, -2.185478394931411364E-15, 0.000000000000000000 ) ) ;
#11584 = EDGE_CURVE ( 'NONE', #10255, #5884, #11107, .T. ) ;
#11585 = FACE_OUTER_BOUND ( 'NONE', #2963, .T. ) ;
#11586 = EDGE_CURVE ( 'NONE', #7842, #11730, #8020, .T. ) ;
#11587 = FACE_OUTER_BOUND ( 'NONE', #9232, .T. ) ;
#11588 = CARTESIAN_POINT ( 'NONE',  ( 0.000000000000000000, -38.09999999999999432, -1.000000000000000000 ) ) ;
#11589 = AXIS2_PLACEMENT_3D ( 'NONE', #12413, #725, #2462 ) ;
#11590 = ORIENTED_EDGE ( 'NONE', *, *, #248, .F. ) ;
#11591 = VECTOR ( 'NONE', #3485, 999.9999999999998863 ) ;
#11592 = CARTESIAN_POINT ( 'NONE',  ( 4.662796538894668608, -45.45838095116622668, -2.286000000000000032 ) ) ;
#11593 = DIRECTION ( 'NONE',  ( -0.7071067811865459074, -0.7071067811865491270, -0.000000000000000000 ) ) ;
#11594 = EDGE_CURVE ( 'NONE', #6705, #726, #8079, .T. ) ;
#11595 = VERTEX_POINT ( 'NONE', #5185 ) ;
#11596 = LINE ( 'NONE', #2800, #10448 ) ;
#11597 = AXIS2_PLACEMENT_3D ( 'NONE', #9622, #5630, #819 ) ;
#11598 = ORIENTED_EDGE ( 'NONE', *, *, #6082, .F. ) ;
#11599 = CARTESIAN_POINT ( 'NONE',  ( -6.350000000000001421, 3.654415587728427450, -2.286000000000000032 ) ) ;
#11600 = FACE_OUTER_BOUND ( 'NONE', #837, .T. ) ;
#11601 = ORIENTED_EDGE ( 'NONE', *, *, #3449, .F. ) ;
#11602 = VECTOR ( 'NONE', #6866, 1000.000000000000000 ) ;
#11603 = ORIENTED_EDGE ( 'NONE', *, *, #9134, .F. ) ;
#11604 = CIRCLE ( 'NONE', #942, 5.200000000000000178 ) ;
#11605 = PLANE ( 'NONE',  #10453 ) ;
#11606 = ORIENTED_EDGE ( 'NONE', *, *, #6998, .F. ) ;
#11607 = CARTESIAN_POINT ( 'NONE',  ( 1.879848193585296645, -22.84132929647559251, 2.286000000000000032 ) ) ;
#11608 = AXIS2_PLACEMENT_3D ( 'NONE', #4527, #7560, #2667 ) ;
#11609 = EDGE_CURVE ( 'NONE', #1451, #11673, #10973, .T. ) ;
#11610 = ORIENTED_EDGE ( 'NONE', *, *, #209, .T. ) ;
#11611 = DIRECTION ( 'NONE',  ( 0.7071067811865500152, 0.7071067811865451302, 0.000000000000000000 ) ) ;
#11612 = LINE ( 'NONE', #4494, #3636 ) ;
#11613 = EDGE_CURVE ( 'NONE', #10641, #3260, #10135, .T. ) ;
#11614 = VERTEX_POINT ( 'NONE', #9173 ) ;
#11615 = CARTESIAN_POINT ( 'NONE',  ( 5.341619048833757155, -42.76279653889464782, 2.286000000000000032 ) ) ;
#11616 = FACE_OUTER_BOUND ( 'NONE', #10793, .T. ) ;
#11617 = VECTOR ( 'NONE', #1482, 1000.000000000000114 ) ;
#11618 = ORIENTED_EDGE ( 'NONE', *, *, #6159, .T. ) ;
#11619 = AXIS2_PLACEMENT_3D ( 'NONE', #2125, #3874, #975 ) ;
#11620 = DIRECTION ( 'NONE',  ( 0.000000000000000000, 0.000000000000000000, -1.000000000000000000 ) ) ;
#11621 = ORIENTED_EDGE ( 'NONE', *, *, #10935, .T. ) ;
#11622 = VECTOR ( 'NONE', #10574, 1000.000000000000000 ) ;
#11623 = ORIENTED_EDGE ( 'NONE', *, *, #10058, .F. ) ;
#11624 = ORIENTED_EDGE ( 'NONE', *, *, #1223, .T. ) ;
#11625 = ORIENTED_EDGE ( 'NONE', *, *, #7211, .T. ) ;
#11626 = COORDINATED_UNIVERSAL_TIME_OFFSET ( 6, 0, .BEHIND. ) ;
#11627 = VECTOR ( 'NONE', #5901, 1000.000000000000000 ) ;
#11628 = VECTOR ( 'NONE', #12189, 1000.000000000000000 ) ;
#11629 = EDGE_CURVE ( 'NONE', #2491, #10778, #6282, .T. ) ;
#11630 = LINE ( 'NONE', #7717, #9920 ) ;
#11631 = EDGE_CURVE ( 'NONE', #9387, #127, #8703, .T. ) ;
#11632 = EDGE_CURVE ( 'NONE', #7690, #6284, #1924, .T. ) ;
#11633 = AXIS2_PLACEMENT_3D ( 'NONE', #6396, #1323, #2232 ) ;
#11634 = DIRECTION ( 'NONE',  ( -0.000000000000000000, -0.000000000000000000, 1.000000000000000000 ) ) ;
#11635 = PLANE ( 'NONE',  #8135 ) ;
#11636 = EDGE_CURVE ( 'NONE', #12088, #294, #8456, .T. ) ;
#11637 = ORIENTED_EDGE ( 'NONE', *, *, #3370, .F. ) ;
#11638 = LINE ( 'NONE', #7975, #10362 ) ;
#11639 = CARTESIAN_POINT ( 'NONE',  ( 2.558670703524399848, -36.22015180641469101, 1.000000000000000000 ) ) ;
#11640 = ORIENTED_EDGE ( 'NONE', *, *, #1260, .F. ) ;
#11641 = DIRECTION ( 'NONE',  ( 0.000000000000000000, 0.000000000000000000, -1.000000000000000000 ) ) ;
#11642 = CARTESIAN_POINT ( 'NONE',  ( 0.000000000000000000, -12.69999999999999929, -1.000000000000000000 ) ) ;
#11643 = DIRECTION ( 'NONE',  ( -1.000000000000000000, 0.000000000000000000, 0.000000000000000000 ) ) ;
#11644 = ORIENTED_EDGE ( 'NONE', *, *, #115, .T. ) ;
#11645 = AXIS2_PLACEMENT_3D ( 'NONE', #7749, #5814, #10643 ) ;
#11646 = ORIENTED_EDGE ( 'NONE', *, *, #7363, .T. ) ;
#11647 = PLANE ( 'NONE',  #2438 ) ;
#11648 = ADVANCED_FACE ( 'NONE', ( #4670 ), #12250, .T. ) ;
#11649 = CARTESIAN_POINT ( 'NONE',  ( -2.584475285236844222, 1.905652775297736579, 2.286000000000000032 ) ) ;
#11650 = CARTESIAN_POINT ( 'NONE',  ( -9.561493189429086215, -0.4799999999999999822, -2.286000000000000032 ) ) ;
#11651 = DIRECTION ( 'NONE',  ( -0.000000000000000000, -0.000000000000000000, 1.000000000000000000 ) ) ;
#11652 = VECTOR ( 'NONE', #4652, 1000.000000000000000 ) ;
#11653 = VECTOR ( 'NONE', #3989, 1000.000000000000000 ) ;
#11654 = CARTESIAN_POINT ( 'NONE',  ( 5.068629150101533476, -6.349999999999994316, 3.049999999999999822 ) ) ;
#11655 = DIRECTION ( 'NONE',  ( 0.7071067811865461294, 0.7071067811865489050, 0.000000000000000000 ) ) ;
#11656 = DIRECTION ( 'NONE',  ( -0.000000000000000000, -0.000000000000000000, -1.000000000000000000 ) ) ;
#11657 = CARTESIAN_POINT ( 'NONE',  ( 6.200000000000010836, -7.481370849898468123, -3.049999999999999822 ) ) ;
#11658 = DIRECTION ( 'NONE',  ( -0.7071067811865489050, -0.7071067811865461294, 0.000000000000000000 ) ) ;
#11659 = CIRCLE ( 'NONE', #12275, 3.175000000000000711 ) ;
#11660 = CARTESIAN_POINT ( 'NONE',  ( -5.199999999999995737, -6.699999999999997513, -1.000000000000000000 ) ) ;
#11661 = VECTOR ( 'NONE', #2780, 1000.000000000000114 ) ;
#11662 = VERTEX_POINT ( 'NONE', #11482 ) ;
#11663 = EDGE_CURVE ( 'NONE', #582, #10603, #7502, .T. ) ;
#11664 = DIRECTION ( 'NONE',  ( -0.000000000000000000, -0.000000000000000000, 1.000000000000000000 ) ) ;
#11665 = CARTESIAN_POINT ( 'NONE',  ( 4.662796538894666831, -20.05838095116623521, -2.286000000000000032 ) ) ;
#11666 = VERTEX_POINT ( 'NONE', #5566 ) ;
#11667 = FACE_OUTER_BOUND ( 'NONE', #3392, .T. ) ;
#11668 = VECTOR ( 'NONE', #1773, 1000.000000000000000 ) ;
#11669 = ORIENTED_EDGE ( 'NONE', *, *, #8170, .T. ) ;
#11670 = VECTOR ( 'NONE', #11252, 1000.000000000000000 ) ;
#11671 = CARTESIAN_POINT ( 'NONE',  ( -6.199999999999995737, -50.79999999999999716, 3.049999999999999822 ) ) ;
#11672 = FACE_OUTER_BOUND ( 'NONE', #11066, .T. ) ;
#11673 = VERTEX_POINT ( 'NONE', #1776 ) ;
#11674 = AXIS2_PLACEMENT_3D ( 'NONE', #264, #4179, #1234 ) ;
#11675 = ORIENTED_EDGE ( 'NONE', *, *, #1654, .T. ) ;
#11676 = DIRECTION ( 'NONE',  ( -0.000000000000000000, -0.000000000000000000, 1.000000000000000000 ) ) ;
#11677 = ORIENTED_EDGE ( 'NONE', *, *, #3973, .T. ) ;
#11678 = ADVANCED_FACE ( 'NONE', ( #3509 ), #2736, .F. ) ;
#11679 = AXIS2_PLACEMENT_3D ( 'NONE', #12339, #3537, #11371 ) ;
#11680 = LINE ( 'NONE', #2877, #4865 ) ;
#11681 = VERTEX_POINT ( 'NONE', #751 ) ;
#11682 = DIRECTION ( 'NONE',  ( -1.000000000000000000, 0.000000000000000000, 0.000000000000000000 ) ) ;
#11683 = DIRECTION ( 'NONE',  ( 0.7071067811865452413, 0.7071067811865497932, -0.000000000000000000 ) ) ;
#11684 = ORIENTED_EDGE ( 'NONE', *, *, #10761, .F. ) ;
#11685 = CARTESIAN_POINT ( 'NONE',  ( -15.83850681057091059, -0.4800000000000001488, -2.286000000000000032 ) ) ;
#11686 = PLANE ( 'NONE',  #12177 ) ;
#11687 = PLANE ( 'NONE',  #3954 ) ;
#11688 = ORIENTED_EDGE ( 'NONE', *, *, #11586, .T. ) ;
#11689 = DIRECTION ( 'NONE',  ( -0.7071067811865477948, 0.7071067811865473507, 0.000000000000000000 ) ) ;
#11690 = ORIENTED_EDGE ( 'NONE', *, *, #8170, .F. ) ;
#11691 = ADVANCED_FACE ( 'NONE', ( #9483 ), #11341, .T. ) ;
#11692 = ORIENTED_EDGE ( 'NONE', *, *, #3303, .F. ) ;
#11693 = ORIENTED_EDGE ( 'NONE', *, *, #9150, .F. ) ;
#11694 = SHAPE_DEFINITION_REPRESENTATION ( #2333, #4567 ) ;
#11695 = FACE_BOUND ( 'NONE', #3955, .T. ) ;
#11696 = DIRECTION ( 'NONE',  ( 1.000000000000000000, -0.000000000000000000, -0.000000000000000000 ) ) ;
#11697 = CARTESIAN_POINT ( 'NONE',  ( -4.662796538894679266, -18.04161904883375200, 2.286000000000000032 ) ) ;
#11698 = ORIENTED_EDGE ( 'NONE', *, *, #9434, .T. ) ;
#11699 = DIRECTION ( 'NONE',  ( 1.000000000000000000, 0.000000000000000000, 0.000000000000000000 ) ) ;
#11700 = FACE_OUTER_BOUND ( 'NONE', #6469, .T. ) ;
#11701 = ORIENTED_EDGE ( 'NONE', *, *, #1684, .F. ) ;
#11702 = CARTESIAN_POINT ( 'NONE',  ( -5.068629150101498837, -31.74999999999999289, -3.049999999999999822 ) ) ;
#11703 = DIRECTION ( 'NONE',  ( 0.000000000000000000, 0.000000000000000000, -1.000000000000000000 ) ) ;
#11704 = CARTESIAN_POINT ( 'NONE',  ( 0.000000000000000000, -25.39999999999999858, -2.286000000000000032 ) ) ;
#11705 = ORIENTED_EDGE ( 'NONE', *, *, #4984, .F. ) ;
#11706 = ADVANCED_FACE ( 'NONE', ( #1518 ), #5433, .T. ) ;
#11707 = EDGE_CURVE ( 'NONE', #9314, #10431, #6467, .T. ) ;
#11708 = EDGE_CURVE ( 'NONE', #7186, #1540, #8595, .T. ) ;
#11709 = ORIENTED_EDGE ( 'NONE', *, *, #4131, .T. ) ;
#11710 = CARTESIAN_POINT ( 'NONE',  ( -18.04161904883375200, -4.662796538894676601, 2.286000000000000032 ) ) ;
#11711 = EDGE_CURVE ( 'NONE', #9623, #391, #1588, .T. ) ;
#11712 = DIRECTION ( 'NONE',  ( -0.7071067811865459074, -0.7071067811865491270, 0.000000000000000000 ) ) ;
#11713 = DIRECTION ( 'NONE',  ( 0.000000000000000000, 0.000000000000000000, 1.000000000000000000 ) ) ;
#11714 = DIRECTION ( 'NONE',  ( -0.000000000000000000, -0.000000000000000000, -1.000000000000000000 ) ) ;
#11715 = DIRECTION ( 'NONE',  ( -0.000000000000000000, -0.000000000000000000, 1.000000000000000000 ) ) ;
#11716 = CARTESIAN_POINT ( 'NONE',  ( -19.04999999999999716, -3.654415587728427450, 3.049999999999999822 ) ) ;
#11717 = DIRECTION ( 'NONE',  ( -1.000000000000000000, 0.000000000000000000, 0.000000000000000000 ) ) ;
#11718 = LINE ( 'NONE', #4070, #6083 ) ;
#11719 = CARTESIAN_POINT ( 'NONE',  ( -6.350000000000001421, 5.068629150101524594, 3.049999999999999822 ) ) ;
#11720 = EDGE_CURVE ( 'NONE', #9501, #5044, #4410, .T. ) ;
#11721 = CARTESIAN_POINT ( 'NONE',  ( -6.350000000000001421, 5.068629150101524594, -3.049999999999999822 ) ) ;
#11722 = ORIENTED_EDGE ( 'NONE', *, *, #4218, .F. ) ;
#11723 = DIRECTION ( 'NONE',  ( -1.000000000000000000, 0.000000000000000000, 0.000000000000000000 ) ) ;
#11724 = DIRECTION ( 'NONE',  ( 1.000000000000000000, 0.000000000000000000, 0.000000000000000000 ) ) ;
#11725 = ORIENTED_EDGE ( 'NONE', *, *, #1302, .T. ) ;
#11726 = DIRECTION ( 'NONE',  ( -0.000000000000000000, -0.000000000000000000, -1.000000000000000000 ) ) ;
#11727 = ORIENTED_EDGE ( 'NONE', *, *, #10354, .T. ) ;
#11728 = DIRECTION ( 'NONE',  ( 0.7071067811865497932, 0.7071067811865453523, 0.000000000000000000 ) ) ;
#11729 = CARTESIAN_POINT ( 'NONE',  ( 0.000000000000000000, -12.69999999999999929, -2.286000000000000032 ) ) ;
#11730 = VERTEX_POINT ( 'NONE', #5506 ) ;
#11731 = ADVANCED_FACE ( 'NONE', ( #11285 ), #12514, .F. ) ;
#11732 = VERTEX_POINT ( 'NONE', #623 ) ;
#11733 = LINE ( 'NONE', #6736, #399 ) ;
#11734 = ORIENTED_EDGE ( 'NONE', *, *, #166, .F. ) ;
#11735 = CARTESIAN_POINT ( 'NONE',  ( 0.000000000000000000, 0.000000000000000000, 2.286000000000000032 ) ) ;
#11736 = VERTEX_POINT ( 'NONE', #2483 ) ;
#11737 = CARTESIAN_POINT ( 'NONE',  ( -10.79434722470225516, -2.584475285236832232, 2.286000000000000032 ) ) ;
#11738 = CARTESIAN_POINT ( 'NONE',  ( -1.793702120375342574E-14, -50.79999999999999716, -1.000000000000000000 ) ) ;
#11739 = VERTEX_POINT ( 'NONE', #9357 ) ;
#11740 = LINE ( 'NONE', #5835, #11602 ) ;
#11741 = PLANE ( 'NONE',  #3771 ) ;
#11742 = CARTESIAN_POINT ( 'NONE',  ( 5.200000000000000178, -46.27882250993906865, 3.049999999999999822 ) ) ;
#11743 = ORIENTED_EDGE ( 'NONE', *, *, #8398, .T. ) ;
#11744 = EDGE_CURVE ( 'NONE', #10977, #5141, #4538, .T. ) ;
#11745 = LINE ( 'NONE', #53, #11210 ) ;
#11746 = ADVANCED_FACE ( 'NONE', ( #6543 ), #10460, .T. ) ;
#11747 = ORIENTED_EDGE ( 'NONE', *, *, #3435, .F. ) ;
#11748 = ORIENTED_EDGE ( 'NONE', *, *, #5263, .T. ) ;
#11749 = VECTOR ( 'NONE', #10598, 1000.000000000000114 ) ;
#11750 = VERTEX_POINT ( 'NONE', #6009 ) ;
#11751 = LINE ( 'NONE', #2955, #11220 ) ;
#11752 = LINE ( 'NONE', #2893, #604 ) ;
#11753 = DIRECTION ( 'NONE',  ( -1.000000000000000000, 0.000000000000000000, 0.000000000000000000 ) ) ;
#11754 = ORIENTED_EDGE ( 'NONE', *, *, #790, .T. ) ;
#11755 = AXIS2_PLACEMENT_3D ( 'NONE', #2834, #10483, #4507 ) ;
#11756 = EDGE_CURVE ( 'NONE', #10726, #3466, #11792, .T. ) ;
#11757 = FACE_OUTER_BOUND ( 'NONE', #10549, .T. ) ;
#11758 = CARTESIAN_POINT ( 'NONE',  ( -15.83850681057091059, 0.4799999999999999822, 2.286000000000000032 ) ) ;
#11759 = CIRCLE ( 'NONE', #3343, 3.174999999999999822 ) ;
#11760 = ORIENTED_EDGE ( 'NONE', *, *, #9055, .T. ) ;
#11761 = CARTESIAN_POINT ( 'NONE',  ( -25.39999999999999858, 0.000000000000000000, -3.049999999999999822 ) ) ;
#11762 = LINE ( 'NONE', #9904, #5875 ) ;
#11763 = DIRECTION ( 'NONE',  ( -0.000000000000000000, -0.000000000000000000, 1.000000000000000000 ) ) ;
#11764 = VERTEX_POINT ( 'NONE', #10900 ) ;
#11765 = ORIENTED_EDGE ( 'NONE', *, *, #135, .F. ) ;
#11766 = DIRECTION ( 'NONE',  ( 0.000000000000000000, 0.000000000000000000, 1.000000000000000000 ) ) ;
#11767 = VECTOR ( 'NONE', #1178, 1000.000000000000000 ) ;
#11768 = VECTOR ( 'NONE', #4378, 1000.000000000000000 ) ;
#11769 = LINE ( 'NONE', #913, #7562 ) ;
#11770 = FACE_OUTER_BOUND ( 'NONE', #7443, .T. ) ;
#11771 = CARTESIAN_POINT ( 'NONE',  ( -2.558670703524381640, -48.92015180641466543, -2.286000000000000032 ) ) ;
#11772 = EDGE_CURVE ( 'NONE', #6999, #7791, #4733, .T. ) ;
#11773 = LINE ( 'NONE', #3045, #7348 ) ;
#11774 = CARTESIAN_POINT ( 'NONE',  ( 0.000000000000000000, -25.39999999999999858, 2.286000000000000032 ) ) ;
#11775 = CARTESIAN_POINT ( 'NONE',  ( 4.662796538894665943, -5.341619048833760708, 2.286000000000000032 ) ) ;
#11776 = EDGE_CURVE ( 'NONE', #8873, #4706, #3831, .T. ) ;
#11777 = EDGE_CURVE ( 'NONE', #4046, #3091, #4789, .T. ) ;
#11778 = DIRECTION ( 'NONE',  ( -0.7071067811865479058, -0.7071067811865470176, 0.000000000000000000 ) ) ;
#11779 = VECTOR ( 'NONE', #9810, 1000.000000000000000 ) ;
#11780 = LINE ( 'NONE', #9799, #11580 ) ;
#11781 = VECTOR ( 'NONE', #10678, 1000.000000000000000 ) ;
#11782 = DIRECTION ( 'NONE',  ( -0.7071067811865491270, 0.7071067811865459074, -0.000000000000000000 ) ) ;
#11783 = EDGE_LOOP ( 'NONE', ( #9762, #3235, #6663, #11433, #6306, #9355, #9695, #12708 ) ) ;
#11784 = AXIS2_PLACEMENT_3D ( 'NONE', #2144, #1183, #12102 ) ;
#11785 = CARTESIAN_POINT ( 'NONE',  ( -5.200000000000005507, -46.27882250993906155, -1.000000000000000000 ) ) ;
#11786 = CARTESIAN_POINT ( 'NONE',  ( -25.39999999999999858, 0.000000000000000000, 2.286000000000000032 ) ) ;
#11787 = EDGE_CURVE ( 'NONE', #3649, #4408, #6855, .T. ) ;
#11788 = ORIENTED_EDGE ( 'NONE', *, *, #7166, .T. ) ;
#11789 = EDGE_CURVE ( 'NONE', #10805, #1036, #10837, .T. ) ;
#11790 = CARTESIAN_POINT ( 'NONE',  ( 1.879848193585297089, -27.95867070352440820, 2.286000000000000032 ) ) ;
#11791 = EDGE_LOOP ( 'NONE', ( #10337, #9652, #4590, #5496 ) ) ;
#11792 = LINE ( 'NONE', #7878, #4180 ) ;
#11793 = DIRECTION ( 'NONE',  ( 0.7071067811865497932, 0.7071067811865453523, 0.000000000000000000 ) ) ;
#11794 = ORIENTED_EDGE ( 'NONE', *, *, #9266, .F. ) ;
#11795 = AXIS2_PLACEMENT_3D ( 'NONE', #15, #3928, #6956 ) ;
#11796 = EDGE_LOOP ( 'NONE', ( #1071, #11096, #10781, #9872, #4993, #10707 ) ) ;
#11797 = VECTOR ( 'NONE', #5787, 1000.000000000000114 ) ;
#11798 = LINE ( 'NONE', #1845, #2039 ) ;
#11799 = ORIENTED_EDGE ( 'NONE', *, *, #8060, .T. ) ;
#11800 = CARTESIAN_POINT ( 'NONE',  ( 25.73941125496951798, -25.73941125496963878, -1.000000000000000000 ) ) ;
#11801 = EDGE_CURVE ( 'NONE', #9509, #10961, #8290, .T. ) ;
#11802 = ORIENTED_EDGE ( 'NONE', *, *, #1475, .T. ) ;
#11803 = LINE ( 'NONE', #7888, #591 ) ;
#11804 = CARTESIAN_POINT ( 'NONE',  ( 4.662796538894672160, -43.44161904883373637, -2.286000000000000032 ) ) ;
#11805 = VECTOR ( 'NONE', #414, 1000.000000000000000 ) ;
#11806 = ORIENTED_EDGE ( 'NONE', *, *, #4253, .F. ) ;
#11807 = VECTOR ( 'NONE', #8415, 1000.000000000000114 ) ;
#11808 = CARTESIAN_POINT ( 'NONE',  ( 5.200000000000000178, -20.59558441227154191, -2.286000000000000032 ) ) ;
#11809 = LINE ( 'NONE', #6867, #3559 ) ;
#11810 = DIRECTION ( 'NONE',  ( 2.556848660736790434E-16, 1.000000000000000000, 0.000000000000000000 ) ) ;
#11811 = ORIENTED_EDGE ( 'NONE', *, *, #1103, .T. ) ;
#11812 = CARTESIAN_POINT ( 'NONE',  ( -9.561493189429086215, -0.4799999999999999822, 1.000000000000000000 ) ) ;
#11813 = CIRCLE ( 'NONE', #7304, 3.175000000000000711 ) ;
#11814 = ORIENTED_EDGE ( 'NONE', *, *, #3473, .F. ) ;
#11815 = VERTEX_POINT ( 'NONE', #2928 ) ;
#11816 = AXIS2_PLACEMENT_3D ( 'NONE', #7282, #1435, #10299 ) ;
#11817 = ORIENTED_EDGE ( 'NONE', *, *, #2901, .F. ) ;
#11818 = PERSON_AND_ORGANIZATION_ROLE ( 'creator' ) ;
#11819 = ADVANCED_FACE ( 'NONE', ( #7755 ), #934, .T. ) ;
#11820 = FACE_OUTER_BOUND ( 'NONE', #12195, .T. ) ;
#11821 = EDGE_CURVE ( 'NONE', #2650, #1036, #5888, .T. ) ;
#11822 = CIRCLE ( 'NONE', #9347, 3.175000000000000711 ) ;
#11823 = DIRECTION ( 'NONE',  ( 1.000000000000000000, 0.000000000000000000, 0.000000000000000000 ) ) ;
#11824 = CARTESIAN_POINT ( 'NONE',  ( 0.000000000000000000, 0.000000000000000000, -1.000000000000000000 ) ) ;
#11825 = VECTOR ( 'NONE', #9064, 1000.000000000000000 ) ;
#11826 = ORIENTED_EDGE ( 'NONE', *, *, #11756, .T. ) ;
#11827 = LINE ( 'NONE', #3029, #11384 ) ;
#11828 = CARTESIAN_POINT ( 'NONE',  ( 0.000000000000000000, 0.000000000000000000, 1.000000000000000000 ) ) ;
#11829 = AXIS2_PLACEMENT_3D ( 'NONE', #12692, #7938, #11723 ) ;
#11830 = ORIENTED_EDGE ( 'NONE', *, *, #291, .F. ) ;
#11831 = CARTESIAN_POINT ( 'NONE',  ( 4.662796538894667719, -5.341619048833762484, -2.286000000000000920 ) ) ;
#11832 = DIRECTION ( 'NONE',  ( -0.7071067811865483499, 0.7071067811865466846, 0.000000000000000000 ) ) ;
#11833 = DIRECTION ( 'NONE',  ( 1.000000000000000000, 0.000000000000000000, 0.000000000000000000 ) ) ;
#11834 = ORIENTED_EDGE ( 'NONE', *, *, #10142, .F. ) ;
#11835 = VECTOR ( 'NONE', #4757, 1000.000000000000000 ) ;
#11836 = ORIENTED_EDGE ( 'NONE', *, *, #9750, .F. ) ;
#11837 = VECTOR ( 'NONE', #3080, 1000.000000000000114 ) ;
#11838 = DIRECTION ( 'NONE',  ( 0.7071067811865489050, -0.7071067811865462405, -0.000000000000000000 ) ) ;
#11839 = VECTOR ( 'NONE', #3893, 1000.000000000000000 ) ;
#11840 = EDGE_CURVE ( 'NONE', #1859, #5899, #3898, .T. ) ;
#11841 = LINE ( 'NONE', #10882, #10024 ) ;
#11842 = FACE_OUTER_BOUND ( 'NONE', #11877, .T. ) ;
#11843 = LINE ( 'NONE', #9018, #1557 ) ;
#11844 = DIRECTION ( 'NONE',  ( 1.000000000000000000, 0.000000000000000000, 0.000000000000000000 ) ) ;
#11845 = DIRECTION ( 'NONE',  ( 0.7071067811865497932, 0.7071067811865453523, -0.000000000000000000 ) ) ;
#11846 = FACE_OUTER_BOUND ( 'NONE', #11025, .T. ) ;
#11847 = VECTOR ( 'NONE', #3948, 1000.000000000000114 ) ;
#11848 = ORIENTED_EDGE ( 'NONE', *, *, #10454, .T. ) ;
#11849 = LINE ( 'NONE', #10944, #11401 ) ;
#11850 = CARTESIAN_POINT ( 'NONE',  ( 0.000000000000000000, -25.39999999999999858, 2.286000000000000032 ) ) ;
#11851 = CARTESIAN_POINT ( 'NONE',  ( 6.200000000000010836, -7.481370849898468123, -3.049999999999999822 ) ) ;
#11852 = ADVANCED_FACE ( 'NONE', ( #6916 ), #12629, .T. ) ;
#11853 = ORIENTED_EDGE ( 'NONE', *, *, #637, .F. ) ;
#11854 = CIRCLE ( 'NONE', #4673, 3.174999999999998934 ) ;
#11855 = LINE ( 'NONE', #10763, #8142 ) ;
#11856 = DIRECTION ( 'NONE',  ( -0.000000000000000000, -0.000000000000000000, -1.000000000000000000 ) ) ;
#11857 = DIRECTION ( 'NONE',  ( -0.000000000000000000, -0.000000000000000000, 1.000000000000000000 ) ) ;
#11858 = ORIENTED_EDGE ( 'NONE', *, *, #9240, .F. ) ;
#11859 = CARTESIAN_POINT ( 'NONE',  ( 2.584475285236821129, -48.89434722470223704, 2.286000000000000032 ) ) ;
#11860 = LINE ( 'NONE', #10119, #12224 ) ;
#11861 = VERTEX_POINT ( 'NONE', #1965 ) ;
#11862 = AXIS2_PLACEMENT_3D ( 'NONE', #4580, #5678, #9331 ) ;
#11863 = AXIS2_PLACEMENT_3D ( 'NONE', #5668, #4516, #5735 ) ;
#11864 = ORIENTED_EDGE ( 'NONE', *, *, #8413, .F. ) ;
#11865 = ADVANCED_FACE ( 'NONE', ( #9873 ), #6792, .F. ) ;
#11866 = ADVANCED_FACE ( 'NONE', ( #7946 ), #1062, .F. ) ;
#11867 = LINE ( 'NONE', #5705, #4912 ) ;
#11868 = ORIENTED_EDGE ( 'NONE', *, *, #5412, .T. ) ;
#11869 = ADVANCED_FACE ( 'NONE', ( #7688 ), #1897, .T. ) ;
#11870 = EDGE_CURVE ( 'NONE', #5912, #11548, #5761, .T. ) ;
#11871 = LINE ( 'NONE', #9941, #6104 ) ;
#11872 = VECTOR ( 'NONE', #2166, 1000.000000000000000 ) ;
#11873 = VECTOR ( 'NONE', #7031, 1000.000000000000000 ) ;
#11874 = ORIENTED_EDGE ( 'NONE', *, *, #12495, .F. ) ;
#11875 = LINE ( 'NONE', #6862, #8591 ) ;
#11876 = FACE_OUTER_BOUND ( 'NONE', #8804, .T. ) ;
#11877 = EDGE_LOOP ( 'NONE', ( #2038, #4556, #2582, #3708 ) ) ;
#11878 = CARTESIAN_POINT ( 'NONE',  ( 4.662796538894667719, -30.74161904883376195, 2.286000000000000032 ) ) ;
#11879 = DIRECTION ( 'NONE',  ( 0.000000000000000000, 0.000000000000000000, 1.000000000000000000 ) ) ;
#11880 = DIRECTION ( 'NONE',  ( 1.000000000000000000, 0.000000000000000000, 0.000000000000000000 ) ) ;
#11881 = AXIS2_PLACEMENT_3D ( 'NONE', #7441, #11350, #5514 ) ;
#11882 = VERTEX_POINT ( 'NONE', #9740 ) ;
#11883 = DIRECTION ( 'NONE',  ( -0.000000000000000000, -0.000000000000000000, 1.000000000000000000 ) ) ;
#11884 = ORIENTED_EDGE ( 'NONE', *, *, #9473, .F. ) ;
#11885 = ADVANCED_FACE ( 'NONE', ( #6851 ), #10770, .F. ) ;
#11886 = AXIS2_PLACEMENT_3D ( 'NONE', #1468, #9439, #10470 ) ;
#11887 = ORIENTED_EDGE ( 'NONE', *, *, #11473, .F. ) ;
#11888 = ORIENTED_EDGE ( 'NONE', *, *, #9844, .F. ) ;
#11889 = AXIS2_PLACEMENT_3D ( 'NONE', #10906, #9752, #3840 ) ;
#11890 = CARTESIAN_POINT ( 'NONE',  ( 1.905652775297736135, -2.584475285236843778, 2.286000000000000032 ) ) ;
#11891 = FACE_OUTER_BOUND ( 'NONE', #11791, .T. ) ;
#11892 = DIRECTION ( 'NONE',  ( -1.000000000000000000, 0.000000000000000000, 0.000000000000000000 ) ) ;
#11893 = ORIENTED_EDGE ( 'NONE', *, *, #8027, .F. ) ;
#11894 = CARTESIAN_POINT ( 'NONE',  ( -17.50441558772842399, -5.199999999999999289, -3.049999999999999822 ) ) ;
#11895 = DIRECTION ( 'NONE',  ( 0.7071067811865483499, 0.7071067811865466846, -0.000000000000000000 ) ) ;
#11896 = ORIENTED_EDGE ( 'NONE', *, *, #1259, .T. ) ;
#11897 = CYLINDRICAL_SURFACE ( 'NONE', #10989, 3.174999999999998934 ) ;
#11898 = EDGE_LOOP ( 'NONE', ( #6670, #891, #143, #8240, #1775, #5759, #4285 ) ) ;
#11899 = ADVANCED_FACE ( 'NONE', ( #2282 ), #228, .T. ) ;
#11900 = ORIENTED_EDGE ( 'NONE', *, *, #247, .F. ) ;
#11901 = CARTESIAN_POINT ( 'NONE',  ( 5.068629150101547687, -19.04999999999999005, 3.049999999999999822 ) ) ;
#11902 = CYLINDRICAL_SURFACE ( 'NONE', #173, 3.174999999999999822 ) ;
#11903 = CARTESIAN_POINT ( 'NONE',  ( -13.03941125496956310, -13.03941125496964659, 1.000000000000000000 ) ) ;
#11904 = CARTESIAN_POINT ( 'NONE',  ( -22.26149318942908550, 0.4799999999999999822, -2.286000000000000032 ) ) ;
#11905 = CARTESIAN_POINT ( 'NONE',  ( -6.199999999999995737, -45.58137084989851218, 3.049999999999999822 ) ) ;
#11906 = LINE ( 'NONE', #3811, #7264 ) ;
#11907 = CARTESIAN_POINT ( 'NONE',  ( 5.200000000000000178, -20.87882250993907363, 3.049999999999999822 ) ) ;
#11908 = VERTEX_POINT ( 'NONE', #10118 ) ;
#11909 = DIRECTION ( 'NONE',  ( -0.7071067811865489050, -0.7071067811865461294, 0.000000000000000000 ) ) ;
#11910 = DIRECTION ( 'NONE',  ( 0.000000000000000000, 0.000000000000000000, 1.000000000000000000 ) ) ;
#11911 = EDGE_CURVE ( 'NONE', #10041, #8731, #1197, .T. ) ;
#11912 = EDGE_CURVE ( 'NONE', #9884, #8271, #1114, .T. ) ;
#11913 = CARTESIAN_POINT ( 'NONE',  ( -10.11552471476316839, -1.905652775297746349, 2.286000000000000032 ) ) ;
#11914 = VERTEX_POINT ( 'NONE', #9091 ) ;
#11915 = CARTESIAN_POINT ( 'NONE',  ( -17.22117749006090648, -5.200000000000001066, 2.286000000000000032 ) ) ;
#11916 = LINE ( 'NONE', #5229, #11030 ) ;
#11917 = DIRECTION ( 'NONE',  ( 0.7071067811865483499, 0.7071067811865466846, 0.000000000000000000 ) ) ;
#11918 = DIRECTION ( 'NONE',  ( -0.000000000000000000, 0.000000000000000000, 1.000000000000000000 ) ) ;
#11919 = VERTEX_POINT ( 'NONE', #4278 ) ;
#11920 = EDGE_CURVE ( 'NONE', #8095, #9441, #7107, .T. ) ;
#11921 = LINE ( 'NONE', #7232, #3789 ) ;
#11922 = DIRECTION ( 'NONE',  ( 0.7071067811865489050, 0.7071067811865461294, 0.000000000000000000 ) ) ;
#11923 = ORIENTED_EDGE ( 'NONE', *, *, #1880, .T. ) ;
#11924 = ORIENTED_EDGE ( 'NONE', *, *, #8570, .F. ) ;
#11925 = PLANE ( 'NONE',  #11472 ) ;
#11926 = ORIENTED_EDGE ( 'NONE', *, *, #7178, .T. ) ;
#11927 = PLANE ( 'NONE',  #811 ) ;
#11928 = ORIENTED_EDGE ( 'NONE', *, *, #5498, .T. ) ;
#11929 = FACE_OUTER_BOUND ( 'NONE', #5440, .T. ) ;
#11930 = CARTESIAN_POINT ( 'NONE',  ( -8.037203461105333346, 5.341619048833760708, 2.286000000000000032 ) ) ;
#11931 = ORIENTED_EDGE ( 'NONE', *, *, #10216, .F. ) ;
#11932 = ADVANCED_FACE ( 'NONE', ( #8255 ), #4083, .F. ) ;
#11933 = EDGE_CURVE ( 'NONE', #3876, #9181, #5235, .T. ) ;
#11934 = DIRECTION ( 'NONE',  ( -0.000000000000000000, -0.000000000000000000, -1.000000000000000000 ) ) ;
#11935 = CARTESIAN_POINT ( 'NONE',  ( -14.57984819358531503, 2.558670703524396739, -2.286000000000000032 ) ) ;
#11936 = CARTESIAN_POINT ( 'NONE',  ( -5.068629150101498837, -31.74999999999999289, 3.049999999999999822 ) ) ;
#11937 = EDGE_CURVE ( 'NONE', #3836, #11282, #3116, .T. ) ;
#11938 = VERTEX_POINT ( 'NONE', #4141 ) ;
#11939 = ADVANCED_FACE ( 'NONE', ( #6202 ), #8062, .T. ) ;
#11940 = DIRECTION ( 'NONE',  ( 0.000000000000000000, 0.000000000000000000, -1.000000000000000000 ) ) ;
#11941 = ORIENTED_EDGE ( 'NONE', *, *, #771, .T. ) ;
#11942 = VERTEX_POINT ( 'NONE', #1125 ) ;
#11943 = ORIENTED_EDGE ( 'NONE', *, *, #2358, .F. ) ;
#11944 = DIRECTION ( 'NONE',  ( 0.7071067811865476838, -0.7071067811865474617, 0.000000000000000000 ) ) ;
#11945 = LINE ( 'NONE', #6039, #7987 ) ;
#11946 = LINE ( 'NONE', #7068, #12649 ) ;
#11947 = ORIENTED_EDGE ( 'NONE', *, *, #1867, .F. ) ;
#11948 = EDGE_CURVE ( 'NONE', #6012, #8601, #1317, .T. ) ;
#11949 = CARTESIAN_POINT ( 'NONE',  ( 14.04779220613578694, -14.04779220613575319, -1.000000000000000000 ) ) ;
#11950 = DIRECTION ( 'NONE',  ( 0.000000000000000000, 0.000000000000000000, -1.000000000000000000 ) ) ;
#11951 = EDGE_LOOP ( 'NONE', ( #11124, #4545, #7431, #10482 ) ) ;
#11952 = DIRECTION ( 'NONE',  ( 0.000000000000000000, 0.000000000000000000, -1.000000000000000000 ) ) ;
#11953 = VERTEX_POINT ( 'NONE', #9222 ) ;
#11954 = VERTEX_POINT ( 'NONE', #8005 ) ;
#11955 = DIRECTION ( 'NONE',  ( 0.7071067811865492381, 0.7071067811865457964, 0.000000000000000000 ) ) ;
#11956 = LINE ( 'NONE', #10936, #7354 ) ;
#11957 = VECTOR ( 'NONE', #12067, 1000.000000000000114 ) ;
#11958 = LINE ( 'NONE', #11903, #11052 ) ;
#11959 = DIRECTION ( 'NONE',  ( 0.000000000000000000, 0.000000000000000000, 1.000000000000000000 ) ) ;
#11960 = EDGE_CURVE ( 'NONE', #3794, #6052, #3175, .T. ) ;
#11961 = DIRECTION ( 'NONE',  ( -0.000000000000000000, -0.000000000000000000, 1.000000000000000000 ) ) ;
#11962 = CARTESIAN_POINT ( 'NONE',  ( -6.199999999999990408, -6.699999999999999289, -3.049999999999999822 ) ) ;
#11963 = DIRECTION ( 'NONE',  ( -1.000000000000000000, 0.000000000000000000, 0.000000000000000000 ) ) ;
#11964 = ORIENTED_EDGE ( 'NONE', *, *, #2009, .T. ) ;
#11965 = CARTESIAN_POINT ( 'NONE',  ( -17.91862915010151980, -6.200000000000000178, 3.049999999999999822 ) ) ;
#11966 = DIRECTION ( 'NONE',  ( -0.000000000000000000, -0.000000000000000000, 1.000000000000000000 ) ) ;
#11967 = AXIS2_PLACEMENT_3D ( 'NONE', #12593, #11369, #1737 ) ;
#11968 = VECTOR ( 'NONE', #11295, 1000.000000000000114 ) ;
#11969 = CARTESIAN_POINT ( 'NONE',  ( 1.879848193585305971, -10.14132929647559678, 2.286000000000000032 ) ) ;
#11970 = ORIENTED_EDGE ( 'NONE', *, *, #5420, .F. ) ;
#11971 = CARTESIAN_POINT ( 'NONE',  ( 0.000000000000000000, -12.69999999999999929, -2.286000000000000032 ) ) ;
#11972 = FACE_OUTER_BOUND ( 'NONE', #4535, .T. ) ;
#11973 = CARTESIAN_POINT ( 'NONE',  ( 13.03941125496956133, -13.03941125496965725, 1.000000000000000000 ) ) ;
#11974 = EDGE_CURVE ( 'NONE', #9041, #12128, #361, .T. ) ;
#11975 = EDGE_CURVE ( 'NONE', #10988, #6722, #11921, .T. ) ;
#11976 = DIRECTION ( 'NONE',  ( 0.000000000000000000, -1.000000000000000000, 0.000000000000000000 ) ) ;
#11977 = CARTESIAN_POINT ( 'NONE',  ( -1.879848193585295979, -22.84132929647558896, 2.286000000000000032 ) ) ;
#11978 = CIRCLE ( 'NONE', #10129, 3.174999999999999822 ) ;
#11979 = ORIENTED_EDGE ( 'NONE', *, *, #6150, .T. ) ;
#11980 = DIRECTION ( 'NONE',  ( -0.7071067811865459074, 0.7071067811865491270, 0.000000000000000000 ) ) ;
#11981 = FACE_OUTER_BOUND ( 'NONE', #10830, .T. ) ;
#11982 = VERTEX_POINT ( 'NONE', #1384 ) ;
#11983 = ORIENTED_EDGE ( 'NONE', *, *, #11091, .T. ) ;
#11984 = VECTOR ( 'NONE', #10078, 999.9999999999998863 ) ;
#11985 = CARTESIAN_POINT ( 'NONE',  ( -12.69999999999999929, 0.000000000000000000, -2.286000000000000032 ) ) ;
#11986 = ORIENTED_EDGE ( 'NONE', *, *, #3970, .T. ) ;
#11987 = EDGE_CURVE ( 'NONE', #7609, #6120, #2411, .T. ) ;
#11988 = CARTESIAN_POINT ( 'NONE',  ( -18.04161904883374845, 4.662796538894674825, -2.286000000000000920 ) ) ;
#11989 = EDGE_LOOP ( 'NONE', ( #3404, #3036, #1016, #11621 ) ) ;
#11990 = DIRECTION ( 'NONE',  ( -0.7071067811865466846, -0.7071067811865483499, 0.000000000000000000 ) ) ;
#11991 = DIRECTION ( 'NONE',  ( 1.000000000000000000, 0.000000000000000000, 0.000000000000000000 ) ) ;
#11992 = ORIENTED_EDGE ( 'NONE', *, *, #8922, .T. ) ;
#11993 = VECTOR ( 'NONE', #12358, 1000.000000000000000 ) ;
#11994 = CARTESIAN_POINT ( 'NONE',  ( -17.50441558772842399, 5.199999999999999289, -2.286000000000000032 ) ) ;
#11995 = DIRECTION ( 'NONE',  ( 0.000000000000000000, 1.000000000000000000, 0.000000000000000000 ) ) ;
#11996 = DIRECTION ( 'NONE',  ( -1.000000000000000000, 0.000000000000000000, 0.000000000000000000 ) ) ;
#11997 = ORIENTED_EDGE ( 'NONE', *, *, #474, .T. ) ;
#11998 = LINE ( 'NONE', #12069, #12038 ) ;
#11999 = AXIS2_PLACEMENT_3D ( 'NONE', #2961, #6883, #12667 ) ;
#12000 = ORIENTED_EDGE ( 'NONE', *, *, #3020, .T. ) ;
#12001 = ORIENTED_EDGE ( 'NONE', *, *, #4972, .T. ) ;
#12002 = VECTOR ( 'NONE', #9782, 1000.000000000000000 ) ;
#12003 = EDGE_CURVE ( 'NONE', #4227, #5208, #8130, .T. ) ;
#12004 = ORIENTED_EDGE ( 'NONE', *, *, #9667, .F. ) ;
#12005 = AXIS2_PLACEMENT_3D ( 'NONE', #4845, #28, #12617 ) ;
#12006 = EDGE_CURVE ( 'NONE', #3054, #12145, #9932, .T. ) ;
#12007 = AXIS2_PLACEMENT_3D ( 'NONE', #10339, #10410, #7449 ) ;
#12008 = LINE ( 'NONE', #11175, #4291 ) ;
#12009 = FACE_OUTER_BOUND ( 'NONE', #1875, .T. ) ;
#12010 = VERTEX_POINT ( 'NONE', #10065 ) ;
#12011 = DIRECTION ( 'NONE',  ( 1.000000000000000000, 0.000000000000000000, 0.000000000000000000 ) ) ;
#12012 = CARTESIAN_POINT ( 'NONE',  ( -25.39999999999999858, 0.000000000000000000, -2.286000000000000032 ) ) ;
#12013 = ORIENTED_EDGE ( 'NONE', *, *, #10095, .F. ) ;
#12014 = AXIS2_PLACEMENT_3D ( 'NONE', #10710, #4790, #12630 ) ;
#12015 = CARTESIAN_POINT ( 'NONE',  ( 20.39779220613577948, -20.39779220613582211, 1.000000000000000000 ) ) ;
#12016 = ORIENTED_EDGE ( 'NONE', *, *, #7505, .T. ) ;
#12017 = AXIS2_PLACEMENT_3D ( 'NONE', #7330, #10281, #2496 ) ;
#12018 = ORIENTED_EDGE ( 'NONE', *, *, #250, .F. ) ;
#12019 = CARTESIAN_POINT ( 'NONE',  ( -19.04999999999999716, 3.654415587728427450, 3.049999999999999822 ) ) ;
#12020 = EDGE_CURVE ( 'NONE', #11750, #3031, #11094, .T. ) ;
#12021 = EDGE_CURVE ( 'NONE', #8731, #744, #3633, .T. ) ;
#12022 = AXIS2_PLACEMENT_3D ( 'NONE', #80, #8044, #4184 ) ;
#12023 = EDGE_CURVE ( 'NONE', #11340, #2071, #3993, .T. ) ;
#12024 = CIRCLE ( 'NONE', #530, 3.175000000000000711 ) ;
#12025 = EDGE_CURVE ( 'NONE', #11568, #4606, #1640, .T. ) ;
#12026 = CARTESIAN_POINT ( 'NONE',  ( -7.481370849898478781, 6.200000000000000178, 3.049999999999999822 ) ) ;
#12027 = DIRECTION ( 'NONE',  ( -1.000000000000000000, 0.000000000000000000, 0.000000000000000000 ) ) ;
#12028 = LINE ( 'NONE', #10047, #7718 ) ;
#12029 = ORIENTED_EDGE ( 'NONE', *, *, #7662, .T. ) ;
#12030 = AXIS2_PLACEMENT_3D ( 'NONE', #7489, #11396, #8579 ) ;
#12031 = DIRECTION ( 'NONE',  ( 0.7071067811865479058, 0.7071067811865472397, 0.000000000000000000 ) ) ;
#12032 = CARTESIAN_POINT ( 'NONE',  ( -8.178822509939086771, -5.199999999999999289, 3.049999999999999822 ) ) ;
#12033 = CARTESIAN_POINT ( 'NONE',  ( 5.200000000000000178, -33.29558441227155896, 2.286000000000000032 ) ) ;
#12034 = EDGE_LOOP ( 'NONE', ( #11928, #6749, #11979, #11129 ) ) ;
#12035 = CARTESIAN_POINT ( 'NONE',  ( -0.4800000000000003153, -41.23850681057090384, -2.286000000000000032 ) ) ;
#12036 = CARTESIAN_POINT ( 'NONE',  ( 0.4799999999999960965, -47.66149318942908053, -2.286000000000000032 ) ) ;
#12037 = AXIS2_PLACEMENT_3D ( 'NONE', #6246, #4318, #5283 ) ;
#12038 = VECTOR ( 'NONE', #8153, 1000.000000000000000 ) ;
#12039 = VECTOR ( 'NONE', #7030, 1000.000000000000000 ) ;
#12040 = DIRECTION ( 'NONE',  ( -0.7071067811865476838, 0.7071067811865474617, 0.000000000000000000 ) ) ;
#12041 = ADVANCED_FACE ( 'NONE', ( #7490, #5491, #12237, #2472, #543, #9537, #6333, #5421 ), #12304, .T. ) ;
#12042 = ORIENTED_EDGE ( 'NONE', *, *, #1992, .T. ) ;
#12043 = AXIS2_PLACEMENT_3D ( 'NONE', #6931, #7769, #2102 ) ;
#12044 = CARTESIAN_POINT ( 'NONE',  ( 0.000000000000000000, -50.79999999999999716, -2.286000000000000032 ) ) ;
#12045 = CARTESIAN_POINT ( 'NONE',  ( -25.39999999999999858, -5.199999999999999289, -3.049999999999999822 ) ) ;
#12046 = DIRECTION ( 'NONE',  ( -0.7071067811865456854, 0.7071067811865493491, 0.000000000000000000 ) ) ;
#12047 = DIRECTION ( 'NONE',  ( 0.000000000000000000, 0.000000000000000000, 1.000000000000000000 ) ) ;
#12048 = DIRECTION ( 'NONE',  ( -0.7071067811865480168, 0.7071067811865470176, 0.000000000000000000 ) ) ;
#12049 = ORIENTED_EDGE ( 'NONE', *, *, #10286, .T. ) ;
#12050 = DIRECTION ( 'NONE',  ( 1.000000000000000000, 0.000000000000000000, 0.000000000000000000 ) ) ;
#12051 = DIRECTION ( 'NONE',  ( -1.000000000000000000, -0.000000000000000000, 0.000000000000000000 ) ) ;
#12052 = ORIENTED_EDGE ( 'NONE', *, *, #11241, .T. ) ;
#12053 = VECTOR ( 'NONE', #2090, 1000.000000000000000 ) ;
#12054 = EDGE_CURVE ( 'NONE', #6705, #7852, #7619, .T. ) ;
#12055 = VERTEX_POINT ( 'NONE', #7424 ) ;
#12056 = CARTESIAN_POINT ( 'NONE',  ( -12.36058874503047633, -12.36058874503055627, -1.000000000000000000 ) ) ;
#12057 = ORIENTED_EDGE ( 'NONE', *, *, #1031, .T. ) ;
#12058 = DIRECTION ( 'NONE',  ( -1.000000000000000000, 1.639108796198557931E-15, 0.000000000000000000 ) ) ;
#12059 = EDGE_LOOP ( 'NONE', ( #2942, #10322, #12042, #11606 ) ) ;
#12060 = DIRECTION ( 'NONE',  ( 0.000000000000000000, 0.000000000000000000, 1.000000000000000000 ) ) ;
#12061 = DIRECTION ( 'NONE',  ( 0.000000000000000000, 0.000000000000000000, 1.000000000000000000 ) ) ;
#12062 = CIRCLE ( 'NONE', #6528, 3.174999999999999822 ) ;
#12063 = ORIENTED_EDGE ( 'NONE', *, *, #5420, .T. ) ;
#12064 = CIRCLE ( 'NONE', #7351, 3.174999999999999822 ) ;
#12065 = CYLINDRICAL_SURFACE ( 'NONE', #5669, 3.174999999999999822 ) ;
#12066 = LINE ( 'NONE', #4295, #87 ) ;
#12067 = DIRECTION ( 'NONE',  ( -0.7071067811865500152, -0.7071067811865451302, -0.000000000000000000 ) ) ;
#12068 = ORIENTED_EDGE ( 'NONE', *, *, #10686, .T. ) ;
#12069 = CARTESIAN_POINT ( 'NONE',  ( 6.200000000000021494, -32.88137084989849512, 3.049999999999999822 ) ) ;
#12070 = ORIENTED_EDGE ( 'NONE', *, *, #4780, .F. ) ;
#12071 = EDGE_CURVE ( 'NONE', #7122, #645, #739, .T. ) ;
#12072 = ORIENTED_EDGE ( 'NONE', *, *, #10876, .T. ) ;
#12073 = ORIENTED_EDGE ( 'NONE', *, *, #11307, .T. ) ;
#12074 = CIRCLE ( 'NONE', #7571, 3.174999999999999822 ) ;
#12075 = CIRCLE ( 'NONE', #8594, 3.174999999999998934 ) ;
#12076 = ORIENTED_EDGE ( 'NONE', *, *, #10719, .T. ) ;
#12077 = AXIS2_PLACEMENT_3D ( 'NONE', #5634, #10466, #7579 ) ;
#12078 = CARTESIAN_POINT ( 'NONE',  ( -1.879848193585291760, -48.24132929647558399, -2.286000000000000032 ) ) ;
#12079 = DIRECTION ( 'NONE',  ( 0.000000000000000000, -0.000000000000000000, -1.000000000000000000 ) ) ;
#12080 = ORIENTED_EDGE ( 'NONE', *, *, #2713, .F. ) ;
#12081 = FACE_OUTER_BOUND ( 'NONE', #8287, .T. ) ;
#12082 = DIRECTION ( 'NONE',  ( 0.7071067811865483499, -0.7071067811865466846, 0.000000000000000000 ) ) ;
#12083 = EDGE_LOOP ( 'NONE', ( #5237, #5192, #6812, #5170 ) ) ;
#12084 = AXIS2_PLACEMENT_3D ( 'NONE', #11532, #2613, #6539 ) ;
#12085 = LINE ( 'NONE', #3403, #8339 ) ;
#12086 = EDGE_CURVE ( 'NONE', #708, #12305, #6592, .T. ) ;
#12087 = VECTOR ( 'NONE', #2370, 1000.000000000000000 ) ;
#12088 = VERTEX_POINT ( 'NONE', #2603 ) ;
#12089 = AXIS2_PLACEMENT_3D ( 'NONE', #12573, #7883, #3772 ) ;
#12090 = VERTEX_POINT ( 'NONE', #7365 ) ;
#12091 = CARTESIAN_POINT ( 'NONE',  ( 3.654415587728436332, -6.349999999999996092, 3.049999999999999822 ) ) ;
#12092 = DIRECTION ( 'NONE',  ( 0.000000000000000000, 0.000000000000000000, 1.000000000000000000 ) ) ;
#12093 = LINE ( 'NONE', #6760, #4848 ) ;
#12094 = ORIENTED_EDGE ( 'NONE', *, *, #8140, .T. ) ;
#12095 = CARTESIAN_POINT ( 'NONE',  ( -14.04779220613576562, -14.04779220613568924, -1.000000000000000000 ) ) ;
#12096 = CARTESIAN_POINT ( 'NONE',  ( -17.91862915010151980, 6.200000000000000178, -3.049999999999999822 ) ) ;
#12097 = DIRECTION ( 'NONE',  ( 0.000000000000000000, 0.000000000000000000, -1.000000000000000000 ) ) ;
#12098 = ORIENTED_EDGE ( 'NONE', *, *, #11631, .F. ) ;
#12099 = DIRECTION ( 'NONE',  ( -0.7071067811865491270, 0.7071067811865459074, 0.000000000000000000 ) ) ;
#12100 = EDGE_CURVE ( 'NONE', #11092, #7397, #11525, .T. ) ;
#12101 = ADVANCED_FACE ( 'NONE', ( #11468 ), #10506, .T. ) ;
#12102 = DIRECTION ( 'NONE',  ( -1.000000000000000000, 0.000000000000000000, 0.000000000000000000 ) ) ;
#12103 = EDGE_CURVE ( 'NONE', #6554, #7966, #5616, .T. ) ;
#12104 = EDGE_CURVE ( 'NONE', #10977, #1862, #5556, .T. ) ;
#12105 = CARTESIAN_POINT ( 'NONE',  ( 0.000000000000000000, -50.79999999999999716, -2.286000000000000032 ) ) ;
#12106 = ORIENTED_EDGE ( 'NONE', *, *, #1128, .T. ) ;
#12107 = CARTESIAN_POINT ( 'NONE',  ( -4.662796538894669496, -30.74161904883376195, -2.286000000000000032 ) ) ;
#12108 = CARTESIAN_POINT ( 'NONE',  ( 1.879848193585299532, -2.558670703524407841, 2.286000000000000032 ) ) ;
#12109 = CYLINDRICAL_SURFACE ( 'NONE', #5482, 3.174999999999999822 ) ;
#12110 = PLANE ( 'NONE',  #4870 ) ;
#12111 = DIRECTION ( 'NONE',  ( 0.000000000000000000, 0.000000000000000000, 1.000000000000000000 ) ) ;
#12112 = ORIENTED_EDGE ( 'NONE', *, *, #4528, .F. ) ;
#12113 = EDGE_CURVE ( 'NONE', #4828, #10023, #11174, .T. ) ;
#12114 = DIRECTION ( 'NONE',  ( -0.000000000000000000, -0.000000000000000000, 1.000000000000000000 ) ) ;
#12115 = CARTESIAN_POINT ( 'NONE',  ( -4.521177490060923176, 5.199999999999999289, -1.000000000000000000 ) ) ;
#12116 = ORIENTED_EDGE ( 'NONE', *, *, #4391, .F. ) ;
#12117 = ORIENTED_EDGE ( 'NONE', *, *, #7621, .F. ) ;
#12118 = VERTEX_POINT ( 'NONE', #3436 ) ;
#12119 = CARTESIAN_POINT ( 'NONE',  ( 6.010588745030443825, -6.010588745030484681, -1.000000000000000000 ) ) ;
#12120 = ORIENTED_EDGE ( 'NONE', *, *, #1976, .T. ) ;
#12121 = CARTESIAN_POINT ( 'NONE',  ( 4.662796538894681042, -7.358380951166239470, -1.000000000000000000 ) ) ;
#12122 = CARTESIAN_POINT ( 'NONE',  ( -25.39999999999999858, 0.000000000000000000, -3.049999999999999822 ) ) ;
#12123 = ORIENTED_EDGE ( 'NONE', *, *, #8816, .F. ) ;
#12124 = EDGE_CURVE ( 'NONE', #6937, #2246, #10312, .T. ) ;
#12125 = CARTESIAN_POINT ( 'NONE',  ( 0.000000000000000000, -25.39999999999999858, 2.286000000000000032 ) ) ;
#12126 = DIRECTION ( 'NONE',  ( -1.000000000000000000, 0.000000000000000000, 0.000000000000000000 ) ) ;
#12127 = DIRECTION ( 'NONE',  ( 1.000000000000000000, 0.000000000000000000, 0.000000000000000000 ) ) ;
#12128 = VERTEX_POINT ( 'NONE', #8386 ) ;
#12129 = LINE ( 'NONE', #6286, #9363 ) ;
#12130 = VERTEX_POINT ( 'NONE', #2533 ) ;
#12131 = ORIENTED_EDGE ( 'NONE', *, *, #7559, .F. ) ;
#12132 = ORIENTED_EDGE ( 'NONE', *, *, #641, .T. ) ;
#12133 = ORIENTED_EDGE ( 'NONE', *, *, #11707, .F. ) ;
#12134 = CARTESIAN_POINT ( 'NONE',  ( 2.584475285236818465, -27.30565277529775869, 2.286000000000000032 ) ) ;
#12135 = PLANE ( 'NONE',  #10206 ) ;
#12136 = EDGE_CURVE ( 'NONE', #11247, #8155, #6457, .T. ) ;
#12137 = VERTEX_POINT ( 'NONE', #614 ) ;
#12138 = EDGE_CURVE ( 'NONE', #7928, #8216, #7076, .T. ) ;
#12139 = CARTESIAN_POINT ( 'NONE',  ( 5.200000000000000178, -45.99558441227160444, 2.286000000000000032 ) ) ;
#12140 = FACE_OUTER_BOUND ( 'NONE', #3270, .T. ) ;
#12141 = ORIENTED_EDGE ( 'NONE', *, *, #6207, .F. ) ;
#12142 = LINE ( 'NONE', #8286, #4231 ) ;
#12143 = ORIENTED_EDGE ( 'NONE', *, *, #5030, .T. ) ;
#12144 = EDGE_LOOP ( 'NONE', ( #3275, #7375, #11834, #11420 ) ) ;
#12145 = VERTEX_POINT ( 'NONE', #1888 ) ;
#12146 = ADVANCED_FACE ( 'NONE', ( #11587 ), #4724, .F. ) ;
#12147 = DIRECTION ( 'NONE',  ( 1.000000000000000000, 0.000000000000000000, 0.000000000000000000 ) ) ;
#12148 = DIRECTION ( 'NONE',  ( 1.000000000000000000, 0.000000000000000000, 0.000000000000000000 ) ) ;
#12149 = CARTESIAN_POINT ( 'NONE',  ( 2.100000000000000089, -38.09999999999999432, 2.286000000000000032 ) ) ;
#12150 = ORIENTED_EDGE ( 'NONE', *, *, #1288, .F. ) ;
#12151 = FACE_OUTER_BOUND ( 'NONE', #6765, .T. ) ;
#12152 = CARTESIAN_POINT ( 'NONE',  ( -6.350000000000001421, 3.654415587728427450, 3.049999999999999822 ) ) ;
#12153 = CARTESIAN_POINT ( 'NONE',  ( 0.4799999999999995937, -41.23850681057090384, 2.286000000000000032 ) ) ;
#12154 = ORIENTED_EDGE ( 'NONE', *, *, #9014, .T. ) ;
#12155 = CARTESIAN_POINT ( 'NONE',  ( -20.87882250993907363, 5.199999999999999289, -2.286000000000000920 ) ) ;
#12156 = PLANE ( 'NONE',  #11589 ) ;
#12157 = CARTESIAN_POINT ( 'NONE',  ( 6.200000000000021494, -32.88137084989849512, -3.049999999999999822 ) ) ;
#12158 = CIRCLE ( 'NONE', #7855, 3.174999999999999822 ) ;
#12159 = EDGE_CURVE ( 'NONE', #708, #1448, #10636, .T. ) ;
#12160 = CARTESIAN_POINT ( 'NONE',  ( -1.879848193585309968, -15.25867070352440003, 2.286000000000000032 ) ) ;
#12161 = CC_DESIGN_PERSON_AND_ORGANIZATION_ASSIGNMENT ( #5781, #963, ( #10571 ) ) ;
#12162 = CARTESIAN_POINT ( 'NONE',  ( 0.4799999999999960965, -47.66149318942908053, 2.286000000000000032 ) ) ;
#12163 = DIRECTION ( 'NONE',  ( -0.000000000000000000, -0.000000000000000000, 1.000000000000000000 ) ) ;
#12164 = EDGE_CURVE ( 'NONE', #8963, #2311, #11780, .T. ) ;
#12165 = DIRECTION ( 'NONE',  ( -1.000000000000000000, 0.000000000000000000, -0.000000000000000000 ) ) ;
#12166 = DIRECTION ( 'NONE',  ( -0.000000000000000000, -0.000000000000000000, 1.000000000000000000 ) ) ;
#12167 = CARTESIAN_POINT ( 'NONE',  ( 3.654415587728450543, -19.04999999999999716, 2.286000000000000032 ) ) ;
#12168 = ORIENTED_EDGE ( 'NONE', *, *, #10058, .T. ) ;
#12169 = AXIS2_PLACEMENT_3D ( 'NONE', #8639, #3941, #11583 ) ;
#12170 = CARTESIAN_POINT ( 'NONE',  ( 6.200000000000000178, 7.592810154713588849E-16, -1.000000000000000000 ) ) ;
#12171 = CARTESIAN_POINT ( 'NONE',  ( 0.000000000000000000, -38.09999999999999432, -1.001000000000000112 ) ) ;
#12172 = AXIS2_PLACEMENT_3D ( 'NONE', #9087, #2280, #12048 ) ;
#12173 = ORIENTED_EDGE ( 'NONE', *, *, #6440, .F. ) ;
#12174 = ORIENTED_EDGE ( 'NONE', *, *, #12025, .F. ) ;
#12175 = ORIENTED_EDGE ( 'NONE', *, *, #8810, .T. ) ;
#12176 = ADVANCED_FACE ( 'NONE', ( #9669 ), #2917, .F. ) ;
#12177 = AXIS2_PLACEMENT_3D ( 'NONE', #3012, #4995, #6804 ) ;
#12178 = EDGE_CURVE ( 'NONE', #11914, #11057, #2021, .T. ) ;
#12179 = CARTESIAN_POINT ( 'NONE',  ( 5.200000000000000178, 6.368163355566235395E-16, 2.286000000000000032 ) ) ;
#12180 = VECTOR ( 'NONE', #7926, 1000.000000000000000 ) ;
#12181 = DIRECTION ( 'NONE',  ( -0.000000000000000000, -0.000000000000000000, -1.000000000000000000 ) ) ;
#12182 = VERTEX_POINT ( 'NONE', #10698 ) ;
#12183 = FACE_OUTER_BOUND ( 'NONE', #11083, .T. ) ;
#12184 = ORIENTED_EDGE ( 'NONE', *, *, #2077, .T. ) ;
#12185 = LINE ( 'NONE', #5371, #4593 ) ;
#12186 = CYLINDRICAL_SURFACE ( 'NONE', #8534, 3.174999999999998934 ) ;
#12187 = ORIENTED_EDGE ( 'NONE', *, *, #4000, .F. ) ;
#12189 = DIRECTION ( 'NONE',  ( 0.000000000000000000, 0.000000000000000000, 1.000000000000000000 ) ) ;
#12188 = AXIS2_PLACEMENT_3D ( 'NONE', #6079, #422, #5302 ) ;
#12190 = AXIS2_PLACEMENT_3D ( 'NONE', #11, #10804, #2002 ) ;
#12191 = ORIENTED_EDGE ( 'NONE', *, *, #4060, .F. ) ;
#12192 = ORIENTED_EDGE ( 'NONE', *, *, #10107, .F. ) ;
#12193 = ORIENTED_EDGE ( 'NONE', *, *, #5944, .T. ) ;
#12194 = EDGE_CURVE ( 'NONE', #3250, #45, #5687, .T. ) ;
#12195 = EDGE_LOOP ( 'NONE', ( #7025, #5205, #3797, #12361 ) ) ;
#12196 = CIRCLE ( 'NONE', #1120, 3.175000000000000711 ) ;
#12197 = PLANE ( 'NONE',  #11266 ) ;
#12198 = DIRECTION ( 'NONE',  ( 0.7071067811865464625, 0.7071067811865486830, -0.000000000000000000 ) ) ;
#12199 = ORIENTED_EDGE ( 'NONE', *, *, #7703, .F. ) ;
#12200 = CARTESIAN_POINT ( 'NONE',  ( 0.000000000000000000, -12.69999999999999929, 1.000000000000000000 ) ) ;
#12201 = CARTESIAN_POINT ( 'NONE',  ( -6.821177490060915005, -5.199999999999999289, 3.049999999999999822 ) ) ;
#12202 = ORIENTED_EDGE ( 'NONE', *, *, #2177, .T. ) ;
#12203 = CARTESIAN_POINT ( 'NONE',  ( 6.200000000000025047, -17.91862915010150914, -3.049999999999999822 ) ) ;
#12204 = ORIENTED_EDGE ( 'NONE', *, *, #1462, .F. ) ;
#12205 = VECTOR ( 'NONE', #9712, 1000.000000000000000 ) ;
#12206 = VERTEX_POINT ( 'NONE', #1831 ) ;
#12207 = VERTEX_POINT ( 'NONE', #3889 ) ;
#12209 = EDGE_CURVE ( 'NONE', #9224, #11487, #9607, .T. ) ;
#12208 = VECTOR ( 'NONE', #3698, 1000.000000000000000 ) ;
#12210 = AXIS2_PLACEMENT_3D ( 'NONE', #5216, #11961, #10167 ) ;
#12211 = DIRECTION ( 'NONE',  ( 0.000000000000000000, 0.000000000000000000, -1.000000000000000000 ) ) ;
#12212 = CARTESIAN_POINT ( 'NONE',  ( -6.199999999999976197, -20.18137084989848518, -3.049999999999999822 ) ) ;
#12213 = LINE ( 'NONE', #3482, #9785 ) ;
#12214 = VERTEX_POINT ( 'NONE', #1054 ) ;
#12215 = LINE ( 'NONE', #7409, #5230 ) ;
#12216 = FACE_OUTER_BOUND ( 'NONE', #513, .T. ) ;
#12217 = CARTESIAN_POINT ( 'NONE',  ( 0.000000000000000000, 0.000000000000000000, 3.049999999999999822 ) ) ;
#12218 = ORIENTED_EDGE ( 'NONE', *, *, #11632, .F. ) ;
#12219 = AXIS2_PLACEMENT_3D ( 'NONE', #4518, #9268, #6515 ) ;
#12220 = DIRECTION ( 'NONE',  ( -0.000000000000000000, -0.000000000000000000, -1.000000000000000000 ) ) ;
#12221 = VECTOR ( 'NONE', #4618, 1000.000000000000000 ) ;
#12222 = DIRECTION ( 'NONE',  ( 1.000000000000000000, 0.000000000000000000, 0.000000000000000000 ) ) ;
#12223 = CIRCLE ( 'NONE', #10384, 3.175000000000000711 ) ;
#12224 = VECTOR ( 'NONE', #2997, 1000.000000000000000 ) ;
#12225 = DIRECTION ( 'NONE',  ( 0.7071067811865497932, -0.7071067811865452413, 0.000000000000000000 ) ) ;
#12226 = EDGE_CURVE ( 'NONE', #4472, #3389, #5805, .T. ) ;
#12227 = CIRCLE ( 'NONE', #1765, 3.174999999999998934 ) ;
#12228 = DIRECTION ( 'NONE',  ( -0.000000000000000000, 0.000000000000000000, 1.000000000000000000 ) ) ;
#12229 = FACE_OUTER_BOUND ( 'NONE', #1915, .T. ) ;
#12230 = LINE ( 'NONE', #4457, #10798 ) ;
#12231 = CARTESIAN_POINT ( 'NONE',  ( -3.174999999999999822, 0.4799999999999999822, -2.286000000000000032 ) ) ;
#12232 = CARTESIAN_POINT ( 'NONE',  ( -30.59999999999999787, 0.000000000000000000, -3.049999999999999822 ) ) ;
#12233 = AXIS2_PLACEMENT_3D ( 'NONE', #8869, #10800, #2184 ) ;
#12234 = LINE ( 'NONE', #10503, #2316 ) ;
#12235 = VECTOR ( 'NONE', #6767, 1000.000000000000000 ) ;
#12236 = ORIENTED_EDGE ( 'NONE', *, *, #9730, .F. ) ;
#12237 = FACE_BOUND ( 'NONE', #11274, .T. ) ;
#12238 = DIRECTION ( 'NONE',  ( -0.7071067811865479058, -0.7071067811865471286, 0.000000000000000000 ) ) ;
#12239 = AXIS2_PLACEMENT_3D ( 'NONE', #11204, #8122, #2274 ) ;
#12240 = EDGE_CURVE ( 'NONE', #3706, #4177, #3751, .T. ) ;
#12241 = ORIENTED_EDGE ( 'NONE', *, *, #6372, .F. ) ;
#12242 = ORIENTED_EDGE ( 'NONE', *, *, #7920, .F. ) ;
#12243 = AXIS2_PLACEMENT_3D ( 'NONE', #11890, #5976, #3085 ) ;
#12244 = DIRECTION ( 'NONE',  ( 0.7071067811865502373, -0.7071067811865449082, -0.000000000000000000 ) ) ;
#12245 = AXIS2_PLACEMENT_3D ( 'NONE', #4287, #8326, #5179 ) ;
#12246 = LINE ( 'NONE', #3568, #11427 ) ;
#12247 = ORIENTED_EDGE ( 'NONE', *, *, #806, .T. ) ;
#12248 = PLANE ( 'NONE',  #2636 ) ;
#12249 = ORIENTED_EDGE ( 'NONE', *, *, #9596, .F. ) ;
#12250 = PLANE ( 'NONE',  #6448 ) ;
#12251 = CARTESIAN_POINT ( 'NONE',  ( -6.821177490060915005, -5.199999999999999289, -1.000000000000000000 ) ) ;
#12252 = EDGE_LOOP ( 'NONE', ( #7594, #5958, #9066, #11500, #2676, #3213 ) ) ;
#12253 = CIRCLE ( 'NONE', #1790, 3.174999999999998934 ) ;
#12254 = EDGE_CURVE ( 'NONE', #6477, #9612, #1952, .T. ) ;
#12255 = CARTESIAN_POINT ( 'NONE',  ( -5.199999999999995737, -8.178822509939086771, 3.049999999999999822 ) ) ;
#12256 = EDGE_CURVE ( 'NONE', #4954, #12128, #12556, .T. ) ;
#12257 = EDGE_CURVE ( 'NONE', #11333, #7281, #9727, .T. ) ;
#12258 = VERTEX_POINT ( 'NONE', #10827 ) ;
#12260 = ADVANCED_FACE ( 'NONE', ( #12615 ), #2859, .F. ) ;
#12259 = ORIENTED_EDGE ( 'NONE', *, *, #4329, .F. ) ;
#12261 = DIRECTION ( 'NONE',  ( 0.000000000000000000, 0.000000000000000000, 1.000000000000000000 ) ) ;
#12262 = ORIENTED_EDGE ( 'NONE', *, *, #9510, .F. ) ;
#12263 = ORIENTED_EDGE ( 'NONE', *, *, #9263, .F. ) ;
#12264 = CIRCLE ( 'NONE', #3230, 3.174999999999999822 ) ;
#12265 = VECTOR ( 'NONE', #8465, 1000.000000000000000 ) ;
#12266 = DIRECTION ( 'NONE',  ( 0.000000000000000000, 0.000000000000000000, 1.000000000000000000 ) ) ;
#12267 = PLANE ( 'NONE',  #9370 ) ;
#12268 = ORIENTED_EDGE ( 'NONE', *, *, #3468, .T. ) ;
#12269 = PLANE ( 'NONE',  #12007 ) ;
#12270 = CARTESIAN_POINT ( 'NONE',  ( -3.654415587728408799, -19.05000000000000426, 3.049999999999999822 ) ) ;
#12271 = ORIENTED_EDGE ( 'NONE', *, *, #7388, .F. ) ;
#12272 = EDGE_CURVE ( 'NONE', #6195, #10417, #4841, .T. ) ;
#12273 = DIRECTION ( 'NONE',  ( 0.7071067811865454633, 0.7071067811865495711, 0.000000000000000000 ) ) ;
#12274 = VERTEX_POINT ( 'NONE', #11719 ) ;
#12275 = AXIS2_PLACEMENT_3D ( 'NONE', #10689, #5797, #9719 ) ;
#12276 = EDGE_LOOP ( 'NONE', ( #12657, #2630, #7277, #2159 ) ) ;
#12277 = CIRCLE ( 'NONE', #10025, 3.174999999999998934 ) ;
#12278 = VERTEX_POINT ( 'NONE', #6838 ) ;
#12279 = ORIENTED_EDGE ( 'NONE', *, *, #12415, .T. ) ;
#12280 = CARTESIAN_POINT ( 'NONE',  ( 0.000000000000000000, -12.69999999999999929, 2.286000000000000032 ) ) ;
#12281 = FACE_OUTER_BOUND ( 'NONE', #2622, .T. ) ;
#12282 = LINE ( 'NONE', #455, #2793 ) ;
#12283 = VECTOR ( 'NONE', #9169, 1000.000000000000114 ) ;
#12284 = ORIENTED_EDGE ( 'NONE', *, *, #8341, .T. ) ;
#12285 = VECTOR ( 'NONE', #4564, 1000.000000000000000 ) ;
#12286 = CARTESIAN_POINT ( 'NONE',  ( -5.200000000000004619, -42.90441558772840835, 3.049999999999999822 ) ) ;
#12287 = CYLINDRICAL_SURFACE ( 'NONE', #9113, 3.174999999999998934 ) ;
#12288 = CARTESIAN_POINT ( 'NONE',  ( 5.200000000000001066, -45.99558441227159733, 3.049999999999999822 ) ) ;
#12289 = VERTEX_POINT ( 'NONE', #9863 ) ;
#12290 = DIRECTION ( 'NONE',  ( 0.000000000000000000, 0.000000000000000000, -1.000000000000000000 ) ) ;
#12291 = LINE ( 'NONE', #2517, #3381 ) ;
#12292 = AXIS2_PLACEMENT_3D ( 'NONE', #6121, #10275, #10042 ) ;
#12293 = CARTESIAN_POINT ( 'NONE',  ( -5.199999999999993960, 1.329561303583129310E-15, -1.000000000000000000 ) ) ;
#12294 = VECTOR ( 'NONE', #3864, 1000.000000000000000 ) ;
#12295 = FACE_OUTER_BOUND ( 'NONE', #7231, .T. ) ;
#12296 = CARTESIAN_POINT ( 'NONE',  ( -25.39999999999999858, 0.000000000000000000, 3.049999999999999822 ) ) ;
#12297 = CARTESIAN_POINT ( 'NONE',  ( -0.4800000000000034239, -15.87499999999999645, 2.286000000000000032 ) ) ;
#12298 = DIRECTION ( 'NONE',  ( -0.000000000000000000, -0.000000000000000000, -1.000000000000000000 ) ) ;
#12299 = DIRECTION ( 'NONE',  ( 1.000000000000000000, 0.000000000000000000, 0.000000000000000000 ) ) ;
#12300 = LINE ( 'NONE', #3498, #11336 ) ;
#12301 = ORIENTED_EDGE ( 'NONE', *, *, #12023, .F. ) ;
#12302 = EDGE_CURVE ( 'NONE', #11739, #3975, #2761, .T. ) ;
#12303 = ADVANCED_FACE ( 'NONE', ( #2723 ), #8892, .F. ) ;
#12304 = PLANE ( 'NONE',  #5424 ) ;
#12305 = VERTEX_POINT ( 'NONE', #6065 ) ;
#12306 = ORIENTED_EDGE ( 'NONE', *, *, #3935, .T. ) ;
#12307 = FACE_OUTER_BOUND ( 'NONE', #4127, .T. ) ;
#12308 = DIRECTION ( 'NONE',  ( 0.000000000000000000, 0.000000000000000000, 1.000000000000000000 ) ) ;
#12309 = EDGE_CURVE ( 'NONE', #5973, #12360, #4129, .T. ) ;
#12310 = EDGE_LOOP ( 'NONE', ( #9309, #4667, #4022, #1166, #9027, #2969, #6563 ) ) ;
#12311 = CARTESIAN_POINT ( 'NONE',  ( 2.558670703524388745, -1.879848193585325289, -2.286000000000000032 ) ) ;
#12312 = VERTEX_POINT ( 'NONE', #7996 ) ;
#12313 = DIRECTION ( 'NONE',  ( 1.000000000000000000, -0.000000000000000000, 0.000000000000000000 ) ) ;
#12314 = CYLINDRICAL_SURFACE ( 'NONE', #11201, 3.175000000000000711 ) ;
#12315 = EDGE_LOOP ( 'NONE', ( #2640, #3759, #1781, #2537 ) ) ;
#12316 = DIRECTION ( 'NONE',  ( -0.000000000000000000, -0.000000000000000000, 1.000000000000000000 ) ) ;
#12317 = ORIENTED_EDGE ( 'NONE', *, *, #4465, .F. ) ;
#12318 = VERTEX_POINT ( 'NONE', #9985 ) ;
#12319 = LINE ( 'NONE', #1596, #10244 ) ;
#12320 = VERTEX_POINT ( 'NONE', #3050 ) ;
#12321 = VERTEX_POINT ( 'NONE', #2327 ) ;
#12322 = EDGE_CURVE ( 'NONE', #1039, #3733, #6254, .T. ) ;
#12323 = ADVANCED_FACE ( 'NONE', ( #3232 ), #10175, .T. ) ;
#12324 = CARTESIAN_POINT ( 'NONE',  ( 4.662796538894675713, -7.358380951166244799, -2.286000000000000032 ) ) ;
#12325 = PLANE ( 'NONE',  #11017 ) ;
#12326 = EDGE_CURVE ( 'NONE', #5947, #6078, #6972, .T. ) ;
#12327 = ORIENTED_EDGE ( 'NONE', *, *, #8633, .F. ) ;
#12328 = DIRECTION ( 'NONE',  ( 0.7071067811865483499, -0.7071067811865466846, -0.000000000000000000 ) ) ;
#12329 = CARTESIAN_POINT ( 'NONE',  ( -6.199999999999995737, -50.79999999999999716, 3.049999999999999822 ) ) ;
#12330 = ORIENTED_EDGE ( 'NONE', *, *, #9624, .F. ) ;
#12331 = DIRECTION ( 'NONE',  ( 0.000000000000000000, 0.000000000000000000, -1.000000000000000000 ) ) ;
#12332 = ORIENTED_EDGE ( 'NONE', *, *, #867, .T. ) ;
#12333 = EDGE_LOOP ( 'NONE', ( #8364, #1979, #4104, #3096, #616, #10964, #9891 ) ) ;
#12334 = ORIENTED_EDGE ( 'NONE', *, *, #7131, .T. ) ;
#12335 = ORIENTED_EDGE ( 'NONE', *, *, #4624, .F. ) ;
#12336 = ADVANCED_FACE ( 'NONE', ( #6192 ), #157, .T. ) ;
#12337 = DIRECTION ( 'NONE',  ( 0.000000000000000000, 0.000000000000000000, -1.000000000000000000 ) ) ;
#12338 = CARTESIAN_POINT ( 'NONE',  ( -3.174999999999999822, -12.69999999999999929, 1.000000000000000000 ) ) ;
#12339 = CARTESIAN_POINT ( 'NONE',  ( -12.69999999999999929, 0.000000000000000000, 1.000000000000000000 ) ) ;
#12340 = DIRECTION ( 'NONE',  ( -0.7071067811865474617, -0.7071067811865474617, 0.000000000000000000 ) ) ;
#12341 = ORIENTED_EDGE ( 'NONE', *, *, #11629, .F. ) ;
#12342 = LINE ( 'NONE', #3734, #2360 ) ;
#12343 = FACE_OUTER_BOUND ( 'NONE', #6957, .T. ) ;
#12344 = DIRECTION ( 'NONE',  ( -0.7071067811865467956, 0.7071067811865483499, 0.000000000000000000 ) ) ;
#12345 = ORIENTED_EDGE ( 'NONE', *, *, #8531, .T. ) ;
#12346 = CARTESIAN_POINT ( 'NONE',  ( -7.895584412271571928, 5.199999999999999289, -2.286000000000000032 ) ) ;
#12347 = DIRECTION ( 'NONE',  ( 0.000000000000000000, -1.000000000000000000, 0.000000000000000000 ) ) ;
#12348 = DIRECTION ( 'NONE',  ( -1.000000000000000000, 0.000000000000000000, 0.000000000000000000 ) ) ;
#12349 = ADVANCED_FACE ( 'NONE', ( #10892 ), #4193, .T. ) ;
#12350 = CARTESIAN_POINT ( 'NONE',  ( 1.879848193585305971, -10.14132929647559678, -1.000000000000000000 ) ) ;
#12351 = CARTESIAN_POINT ( 'NONE',  ( -17.22117749006090293, 5.199999999999999289, -2.286000000000000920 ) ) ;
#12352 = CARTESIAN_POINT ( 'NONE',  ( -19.38941125496954143, -19.38941125496962314, -1.000000000000000000 ) ) ;
#12353 = CARTESIAN_POINT ( 'NONE',  ( 1.879848193585309524, -15.25867070352439825, 1.000000000000000000 ) ) ;
#12354 = CARTESIAN_POINT ( 'NONE',  ( -1.879848193585312632, -2.558670703524398515, -2.286000000000000032 ) ) ;
#12355 = CARTESIAN_POINT ( 'NONE',  ( 2.558670703524388745, -1.879848193585325289, 2.286000000000000032 ) ) ;
#12356 = ORIENTED_EDGE ( 'NONE', *, *, #71, .F. ) ;
#12357 = CARTESIAN_POINT ( 'NONE',  ( -25.39999999999999858, 5.199999999999999289, 3.049999999999999822 ) ) ;
#12358 = DIRECTION ( 'NONE',  ( -5.463695987328531367E-16, -1.000000000000000000, 0.000000000000000000 ) ) ;
#12359 = AXIS2_PLACEMENT_3D ( 'NONE', #3399, #2444, #6363 ) ;
#12360 = VERTEX_POINT ( 'NONE', #11135 ) ;
#12361 = ORIENTED_EDGE ( 'NONE', *, *, #12159, .F. ) ;
#12362 = EDGE_CURVE ( 'NONE', #11673, #3976, #3165, .T. ) ;
#12363 = ADVANCED_FACE ( 'NONE', ( #2270 ), #7094, .F. ) ;
#12364 = LINE ( 'NONE', #9477, #4854 ) ;
#12365 = CARTESIAN_POINT ( 'NONE',  ( 3.174999999999999822, -25.39999999999999858, -1.000000000000000000 ) ) ;
#12366 = VECTOR ( 'NONE', #5128, 1000.000000000000000 ) ;
#12367 = ORIENTED_EDGE ( 'NONE', *, *, #8139, .F. ) ;
#12368 = DIRECTION ( 'NONE',  ( -1.000000000000000000, 0.000000000000000000, 0.000000000000000000 ) ) ;
#12369 = AXIS2_PLACEMENT_3D ( 'NONE', #5552, #2784, #669 ) ;
#12370 = ORIENTED_EDGE ( 'NONE', *, *, #3563, .T. ) ;
#12371 = DIRECTION ( 'NONE',  ( 1.000000000000000000, 0.000000000000000000, 0.000000000000000000 ) ) ;
#12372 = DIRECTION ( 'NONE',  ( -0.7071067811865465735, -0.7071067811865483499, 0.000000000000000000 ) ) ;
#12373 = ORIENTED_EDGE ( 'NONE', *, *, #12560, .T. ) ;
#12374 = DIRECTION ( 'NONE',  ( -0.7071067811865474617, -0.7071067811865474617, 0.000000000000000000 ) ) ;
#12375 = EDGE_LOOP ( 'NONE', ( #11693, #7381, #3010, #10104 ) ) ;
#12376 = CIRCLE ( 'NONE', #9304, 3.174999999999999822 ) ;
#12377 = EDGE_CURVE ( 'NONE', #216, #9239, #346, .T. ) ;
#12378 = DIRECTION ( 'NONE',  ( -0.7071067811865492381, 0.7071067811865457964, 0.000000000000000000 ) ) ;
#12379 = ORIENTED_EDGE ( 'NONE', *, *, #8877, .F. ) ;
#12380 = CIRCLE ( 'NONE', #3774, 2.100000000000000089 ) ;
#12381 = ADVANCED_FACE ( 'NONE', ( #8051 ), #9210, .T. ) ;
#12382 = EDGE_LOOP ( 'NONE', ( #6227, #11219, #9230, #8722 ) ) ;
#12383 = CARTESIAN_POINT ( 'NONE',  ( 1.879848193585305971, -10.14132929647559678, 1.000000000000000000 ) ) ;
#12384 = CYLINDRICAL_SURFACE ( 'NONE', #11886, 0.5000000000000004441 ) ;
#12385 = DIRECTION ( 'NONE',  ( 0.7071067811865483499, -0.7071067811865466846, -0.000000000000000000 ) ) ;
#12386 = ORIENTED_EDGE ( 'NONE', *, *, #613, .F. ) ;
#12387 = VECTOR ( 'NONE', #12313, 1000.000000000000000 ) ;
#12388 = LINE ( 'NONE', #1533, #11807 ) ;
#12389 = CARTESIAN_POINT ( 'NONE',  ( 4.662796538894681042, -7.358380951166239470, -2.286000000000000920 ) ) ;
#12390 = CIRCLE ( 'NONE', #6858, 2.100000000000000977 ) ;
#12391 = EDGE_LOOP ( 'NONE', ( #3000, #2876, #5343, #10192 ) ) ;
#12392 = DIRECTION ( 'NONE',  ( -0.7071067811865489050, 0.7071067811865462405, 0.000000000000000000 ) ) ;
#12393 = ORIENTED_EDGE ( 'NONE', *, *, #3115, .T. ) ;
#12394 = ORIENTED_EDGE ( 'NONE', *, *, #8223, .F. ) ;
#12395 = EDGE_CURVE ( 'NONE', #9739, #5824, #11010, .T. ) ;
#12396 = ORIENTED_EDGE ( 'NONE', *, *, #8292, .F. ) ;
#12397 = EDGE_CURVE ( 'NONE', #9022, #2341, #12196, .T. ) ;
#12398 = ORIENTED_EDGE ( 'NONE', *, *, #12466, .T. ) ;
#12399 = EDGE_CURVE ( 'NONE', #8026, #5932, #8184, .T. ) ;
#12400 = AXIS2_PLACEMENT_3D ( 'NONE', #6719, #8641, #10569 ) ;
#12401 = VERTEX_POINT ( 'NONE', #5161 ) ;
#12402 = DIRECTION ( 'NONE',  ( 0.000000000000000000, 1.000000000000000000, -0.000000000000000000 ) ) ;
#12403 = LINE ( 'NONE', #6373, #6750 ) ;
#12404 = CARTESIAN_POINT ( 'NONE',  ( 3.654415587728450543, -31.75000000000000000, -1.000000000000000000 ) ) ;
#12405 = LINE ( 'NONE', #11445, #1986 ) ;
#12406 = ORIENTED_EDGE ( 'NONE', *, *, #6101, .F. ) ;
#12407 = DIRECTION ( 'NONE',  ( -0.7071067811865483499, -0.7071067811865466846, 0.000000000000000000 ) ) ;
#12408 = DIRECTION ( 'NONE',  ( 3.756290991288361679E-16, 1.000000000000000000, -0.000000000000000000 ) ) ;
#12409 = CARTESIAN_POINT ( 'NONE',  ( 0.000000000000000000, -38.09999999999999432, -2.286000000000000032 ) ) ;
#12410 = ORIENTED_EDGE ( 'NONE', *, *, #1582, .T. ) ;
#12411 = CARTESIAN_POINT ( 'NONE',  ( -4.662796538894677489, -32.75838095116624515, 2.286000000000000032 ) ) ;
#12412 = AXIS2_PLACEMENT_3D ( 'NONE', #2775, #7794, #12603 ) ;
#12413 = CARTESIAN_POINT ( 'NONE',  ( 5.200000000000000178, 6.368163355566235395E-16, 3.049999999999999822 ) ) ;
#12414 = ORIENTED_EDGE ( 'NONE', *, *, #9844, .T. ) ;
#12415 = EDGE_CURVE ( 'NONE', #4323, #327, #4327, .T. ) ;
#12416 = AXIS2_PLACEMENT_3D ( 'NONE', #7344, #458, #1176 ) ;
#12417 = EDGE_CURVE ( 'NONE', #5511, #10796, #9919, .T. ) ;
#12418 = ADVANCED_FACE ( 'NONE', ( #5602 ), #11455, .T. ) ;
#12419 = CARTESIAN_POINT ( 'NONE',  ( -18.04161904883374845, 4.662796538894674825, 2.286000000000000032 ) ) ;
#12420 = EDGE_CURVE ( 'NONE', #9311, #9239, #2567, .T. ) ;
#12421 = CARTESIAN_POINT ( 'NONE',  ( -10.82015180641468888, -2.558670703524400736, 2.286000000000000032 ) ) ;
#12422 = FACE_OUTER_BOUND ( 'NONE', #8226, .T. ) ;
#12423 = DIRECTION ( 'NONE',  ( -0.000000000000000000, -0.000000000000000000, -1.000000000000000000 ) ) ;
#12424 = VECTOR ( 'NONE', #2331, 1000.000000000000000 ) ;
#12425 = VECTOR ( 'NONE', #1665, 1000.000000000000000 ) ;
#12426 = CARTESIAN_POINT ( 'NONE',  ( -2.100000000000000089, -50.79999999999999716, -2.286000000000000032 ) ) ;
#12427 = CARTESIAN_POINT ( 'NONE',  ( -25.39999999999999858, 6.199999999999999289, 3.049999999999999822 ) ) ;
#12428 = DIRECTION ( 'NONE',  ( 1.000000000000000000, 0.000000000000000000, 0.000000000000000000 ) ) ;
#12429 = CARTESIAN_POINT ( 'NONE',  ( 4.662796538894679266, -30.74161904883377616, -1.000000000000000000 ) ) ;
#12430 = DIRECTION ( 'NONE',  ( -0.7071067811865491270, -0.7071067811865459074, 0.000000000000000000 ) ) ;
#12431 = VECTOR ( 'NONE', #5762, 1000.000000000000000 ) ;
#12432 = EDGE_CURVE ( 'NONE', #12559, #11548, #1685, .T. ) ;
#12433 = ORIENTED_EDGE ( 'NONE', *, *, #4464, .F. ) ;
#12434 = VECTOR ( 'NONE', #12220, 1000.000000000000000 ) ;
#12435 = ORIENTED_EDGE ( 'NONE', *, *, #1753, .F. ) ;
#12436 = AXIS2_PLACEMENT_3D ( 'NONE', #212, #11959, #4964 ) ;
#12437 = DIRECTION ( 'NONE',  ( 0.000000000000000000, 0.000000000000000000, 1.000000000000000000 ) ) ;
#12438 = AXIS2_PLACEMENT_3D ( 'NONE', #6179, #4116, #1353 ) ;
#12439 = CARTESIAN_POINT ( 'NONE',  ( -3.174999999999998934, -50.79999999999999716, 1.000000000000000000 ) ) ;
#12440 = ORIENTED_EDGE ( 'NONE', *, *, #12696, .F. ) ;
#12441 = FACE_OUTER_BOUND ( 'NONE', #9931, .T. ) ;
#12442 = ORIENTED_EDGE ( 'NONE', *, *, #3892, .T. ) ;
#12443 = CARTESIAN_POINT ( 'NONE',  ( -5.200000000000005507, -46.27882250993906155, 3.049999999999999822 ) ) ;
#12444 = DIRECTION ( 'NONE',  ( 0.000000000000000000, 0.000000000000000000, 1.000000000000000000 ) ) ;
#12445 = VERTEX_POINT ( 'NONE', #4382 ) ;
#12446 = EDGE_CURVE ( 'NONE', #586, #10859, #3421, .T. ) ;
#12447 = CARTESIAN_POINT ( 'NONE',  ( 0.000000000000000000, -50.79999999999999716, -2.286000000000000032 ) ) ;
#12448 = VECTOR ( 'NONE', #1741, 1000.000000000000000 ) ;
#12449 = CIRCLE ( 'NONE', #9787, 3.174999999999999822 ) ;
#12450 = EDGE_LOOP ( 'NONE', ( #194, #8498, #6741, #1254 ) ) ;
#12451 = CARTESIAN_POINT ( 'NONE',  ( -25.39999999999999858, 5.199999999999999289, -2.286000000000000032 ) ) ;
#12452 = ORIENTED_EDGE ( 'NONE', *, *, #12100, .T. ) ;
#12453 = VECTOR ( 'NONE', #11035, 1000.000000000000114 ) ;
#12454 = VERTEX_POINT ( 'NONE', #463 ) ;
#12455 = CARTESIAN_POINT ( 'NONE',  ( -2.558670703524398515, -1.879848193585312632, -2.286000000000000032 ) ) ;
#12456 = VECTOR ( 'NONE', #5522, 1000.000000000000000 ) ;
#12457 = LINE ( 'NONE', #5577, #5118 ) ;
#12458 = FACE_OUTER_BOUND ( 'NONE', #5757, .T. ) ;
#12459 = AXIS2_PLACEMENT_3D ( 'NONE', #97, #3057, #5167 ) ;
#12460 = ORIENTED_EDGE ( 'NONE', *, *, #3390, .F. ) ;
#12461 = LINE ( 'NONE', #1471, #4420 ) ;
#12462 = DIRECTION ( 'NONE',  ( 0.7071067811865451302, -0.7071067811865500152, 0.000000000000000000 ) ) ;
#12463 = ORIENTED_EDGE ( 'NONE', *, *, #12124, .F. ) ;
#12464 = EDGE_CURVE ( 'NONE', #10957, #5489, #1946, .T. ) ;
#12465 = DIRECTION ( 'NONE',  ( 0.7071067811865493491, 0.7071067811865456854, -0.000000000000000000 ) ) ;
#12466 = EDGE_CURVE ( 'NONE', #7077, #7312, #4409, .T. ) ;
#12467 = ORIENTED_EDGE ( 'NONE', *, *, #5545, .T. ) ;
#12468 = ORIENTED_EDGE ( 'NONE', *, *, #10231, .F. ) ;
#12469 = ORIENTED_EDGE ( 'NONE', *, *, #6299, .T. ) ;
#12470 = ORIENTED_EDGE ( 'NONE', *, *, #9640, .F. ) ;
#12471 = VECTOR ( 'NONE', #8381, 1000.000000000000000 ) ;
#12472 = VERTEX_POINT ( 'NONE', #7352 ) ;
#12473 = LINE ( 'NONE', #9645, #477 ) ;
#12474 = FACE_OUTER_BOUND ( 'NONE', #2229, .T. ) ;
#12475 = DIRECTION ( 'NONE',  ( -1.000000000000000000, 0.000000000000000000, 0.000000000000000000 ) ) ;
#12476 = CARTESIAN_POINT ( 'NONE',  ( 1.879848193585296423, -48.24132929647558399, 2.286000000000000032 ) ) ;
#12477 = ORIENTED_EDGE ( 'NONE', *, *, #8951, .T. ) ;
#12478 = ADVANCED_FACE ( 'NONE', ( #1491 ), #12156, .T. ) ;
#12479 = DIRECTION ( 'NONE',  ( -1.000000000000000000, 0.000000000000000000, 0.000000000000000000 ) ) ;
#12480 = LINE ( 'NONE', #8626, #8901 ) ;
#12481 = ORIENTED_EDGE ( 'NONE', *, *, #8717, .F. ) ;
#12482 = AXIS2_PLACEMENT_3D ( 'NONE', #5091, #9016, #210 ) ;
#12483 = PLANE ( 'NONE',  #2016 ) ;
#12484 = AXIS2_PLACEMENT_3D ( 'NONE', #11761, #1040, #7726 ) ;
#12485 = CARTESIAN_POINT ( 'NONE',  ( -22.26149318942908550, -0.4799999999999999822, 2.286000000000000032 ) ) ;
#12486 = CARTESIAN_POINT ( 'NONE',  ( -4.662796538894679266, -18.04161904883375200, -2.286000000000000032 ) ) ;
#12487 = ORIENTED_EDGE ( 'NONE', *, *, #1099, .F. ) ;
#12488 = LINE ( 'NONE', #10559, #2857 ) ;
#12489 = VECTOR ( 'NONE', #8854, 1000.000000000000114 ) ;
#12490 = VECTOR ( 'NONE', #2387, 1000.000000000000000 ) ;
#12491 = LINE ( 'NONE', #3806, #3236 ) ;
#12492 = CYLINDRICAL_SURFACE ( 'NONE', #9404, 3.175000000000000711 ) ;
#12493 = CARTESIAN_POINT ( 'NONE',  ( -4.521177490060923176, 5.199999999999999289, -2.286000000000000920 ) ) ;
#12494 = ADVANCED_FACE ( 'NONE', ( #4574 ), #9400, .T. ) ;
#12495 = EDGE_CURVE ( 'NONE', #8259, #12088, #9463, .T. ) ;
#12496 = DIRECTION ( 'NONE',  ( 1.000000000000000000, 0.000000000000000000, 0.000000000000000000 ) ) ;
#12497 = LINE ( 'NONE', #5612, #1918 ) ;
#12498 = DIRECTION ( 'NONE',  ( -1.000000000000000000, 0.000000000000000000, 0.000000000000000000 ) ) ;
#12499 = EDGE_CURVE ( 'NONE', #274, #4058, #11263, .T. ) ;
#12500 = VECTOR ( 'NONE', #6669, 1000.000000000000000 ) ;
#12501 = EDGE_CURVE ( 'NONE', #2847, #9744, #12291, .T. ) ;
#12502 = CARTESIAN_POINT ( 'NONE',  ( -0.4800000000000017031, -9.561493189429087991, 2.286000000000000032 ) ) ;
#12503 = DIRECTION ( 'NONE',  ( -0.000000000000000000, -0.000000000000000000, 1.000000000000000000 ) ) ;
#12504 = VECTOR ( 'NONE', #1279, 1000.000000000000000 ) ;
#12505 = CARTESIAN_POINT ( 'NONE',  ( 3.654415587728450543, -19.04999999999999716, 3.049999999999999822 ) ) ;
#12506 = EDGE_LOOP ( 'NONE', ( #11150, #10170, #5907, #1074 ) ) ;
#12507 = AXIS2_PLACEMENT_3D ( 'NONE', #5052, #1203, #297 ) ;
#12508 = LINE ( 'NONE', #11592, #7323 ) ;
#12509 = CYLINDRICAL_SURFACE ( 'NONE', #8765, 2.100000000000000977 ) ;
#12510 = EDGE_CURVE ( 'NONE', #2895, #3590, #3800, .T. ) ;
#12511 = EDGE_LOOP ( 'NONE', ( #10971, #4738, #10347, #12574 ) ) ;
#12512 = CARTESIAN_POINT ( 'NONE',  ( 5.200000000000000178, 6.368163355566235395E-16, -3.049999999999999822 ) ) ;
#12513 = VERTEX_POINT ( 'NONE', #528 ) ;
#12514 = PLANE ( 'NONE',  #8908 ) ;
#12515 = CARTESIAN_POINT ( 'NONE',  ( -2.558670703524396739, -10.82015180641468532, -2.286000000000000032 ) ) ;
#12516 = VERTEX_POINT ( 'NONE', #4448 ) ;
#12517 = ORIENTED_EDGE ( 'NONE', *, *, #10215, .F. ) ;
#12518 = CARTESIAN_POINT ( 'NONE',  ( 0.4799999999999937650, -28.53850681057091521, -2.286000000000000032 ) ) ;
#12519 = ORIENTED_EDGE ( 'NONE', *, *, #2756, .F. ) ;
#12520 = DIRECTION ( 'NONE',  ( -0.000000000000000000, -0.000000000000000000, 1.000000000000000000 ) ) ;
#12521 = ADVANCED_FACE ( 'NONE', ( #6439 ), #8372, .T. ) ;
#12522 = LINE ( 'NONE', #9561, #2937 ) ;
#12523 = DIRECTION ( 'NONE',  ( 0.7071067811865451302, -0.7071067811865500152, 0.000000000000000000 ) ) ;
#12524 = ORIENTED_EDGE ( 'NONE', *, *, #5581, .T. ) ;
#12525 = DIRECTION ( 'NONE',  ( -0.7071067811865472397, -0.7071067811865479058, 0.000000000000000000 ) ) ;
#12526 = CARTESIAN_POINT ( 'NONE',  ( 0.000000000000000000, 5.199999999999999289, -1.000000000000000000 ) ) ;
#12527 = EDGE_LOOP ( 'NONE', ( #2671, #11794, #424, #10679 ) ) ;
#12528 = CARTESIAN_POINT ( 'NONE',  ( -15.25867070352440180, 1.879848193585310190, -2.286000000000000032 ) ) ;
#12529 = EDGE_LOOP ( 'NONE', ( #7041, #11502, #3906, #17 ) ) ;
#12530 = ORIENTED_EDGE ( 'NONE', *, *, #5992, .F. ) ;
#12531 = ORIENTED_EDGE ( 'NONE', *, *, #8430, .T. ) ;
#12532 = ORIENTED_EDGE ( 'NONE', *, *, #1817, .F. ) ;
#12533 = EDGE_CURVE ( 'NONE', #8315, #694, #10364, .T. ) ;
#12534 = DIRECTION ( 'NONE',  ( -0.000000000000000000, -0.000000000000000000, 1.000000000000000000 ) ) ;
#12535 = ADVANCED_FACE ( 'NONE', ( #1556 ), #7544, .T. ) ;
#12536 = LINE ( 'NONE', #3907, #9414 ) ;
#12537 = DIRECTION ( 'NONE',  ( 0.7071067811865479058, -0.7071067811865471286, -0.000000000000000000 ) ) ;
#12538 = CARTESIAN_POINT ( 'NONE',  ( -25.39999999999999858, 0.000000000000000000, 1.000000000000000000 ) ) ;
#12539 = ORIENTED_EDGE ( 'NONE', *, *, #209, .F. ) ;
#12540 = PLANE ( 'NONE',  #1951 ) ;
#12541 = DIRECTION ( 'NONE',  ( 1.000000000000000000, 0.000000000000000000, 0.000000000000000000 ) ) ;
#12542 = ORIENTED_EDGE ( 'NONE', *, *, #10423, .T. ) ;
#12543 = LINE ( 'NONE', #2583, #1602 ) ;
#12544 = LINE ( 'NONE', #7659, #9764 ) ;
#12545 = CARTESIAN_POINT ( 'NONE',  ( 2.558670703524392742, -10.82015180641467822, 2.286000000000000032 ) ) ;
#12546 = EDGE_LOOP ( 'NONE', ( #8065, #3790, #8664, #4446 ) ) ;
#12547 = CARTESIAN_POINT ( 'NONE',  ( 0.4799999999999990941, -3.174999999999998934, -2.286000000000000032 ) ) ;
#12548 = EDGE_CURVE ( 'NONE', #12137, #8081, #5475, .T. ) ;
#12549 = CARTESIAN_POINT ( 'NONE',  ( 1.879848193585297089, -27.95867070352440820, 2.286000000000000032 ) ) ;
#12550 = CARTESIAN_POINT ( 'NONE',  ( -3.174999999999998934, -50.79999999999999716, -2.286000000000000032 ) ) ;
#12551 = DIRECTION ( 'NONE',  ( -0.000000000000000000, -0.000000000000000000, 1.000000000000000000 ) ) ;
#12552 = DIRECTION ( 'NONE',  ( 0.7071067811865479058, -0.7071067811865470176, -0.000000000000000000 ) ) ;
#12553 = PLANE ( 'NONE',  #2534 ) ;
#12554 = CARTESIAN_POINT ( 'NONE',  ( -6.199999999999976197, -20.18137084989848518, -3.049999999999999822 ) ) ;
#12555 = CARTESIAN_POINT ( 'NONE',  ( -0.4800000000000287370, -3.798235001099383556E-16, 1.000000000000000000 ) ) ;
#12556 = LINE ( 'NONE', #7864, #6049 ) ;
#12557 = CARTESIAN_POINT ( 'NONE',  ( 0.4799999999999960965, -47.66149318942908053, 1.000000000000000000 ) ) ;
#12558 = ADVANCED_FACE ( 'NONE', ( #10493 ), #3685, .T. ) ;
#12559 = VERTEX_POINT ( 'NONE', #2711 ) ;
#12560 = EDGE_CURVE ( 'NONE', #11190, #5562, #6888, .T. ) ;
#12561 = EDGE_CURVE ( 'NONE', #6394, #5879, #1328, .T. ) ;
#12562 = DIRECTION ( 'NONE',  ( 0.000000000000000000, 0.000000000000000000, 1.000000000000000000 ) ) ;
#12563 = CYLINDRICAL_SURFACE ( 'NONE', #1578, 5.200000000000000178 ) ;
#12564 = VERTEX_POINT ( 'NONE', #9591 ) ;
#12565 = CARTESIAN_POINT ( 'NONE',  ( -18.04161904883375200, 4.662796538894677489, -2.286000000000000032 ) ) ;
#12566 = ORIENTED_EDGE ( 'NONE', *, *, #10612, .T. ) ;
#12567 = CARTESIAN_POINT ( 'NONE',  ( -0.4800000000000008149, -3.174999999999998934, -2.286000000000000032 ) ) ;
#12568 = FACE_OUTER_BOUND ( 'NONE', #8627, .T. ) ;
#12569 = ORIENTED_EDGE ( 'NONE', *, *, #1767, .F. ) ;
#12570 = ORIENTED_EDGE ( 'NONE', *, *, #2905, .T. ) ;
#12571 = EDGE_CURVE ( 'NONE', #3913, #2690, #7493, .T. ) ;
#12572 = EDGE_CURVE ( 'NONE', #4348, #7627, #8514, .T. ) ;
#12573 = CARTESIAN_POINT ( 'NONE',  ( -25.39999999999999858, 0.000000000000000000, 3.049999999999999822 ) ) ;
#12574 = ORIENTED_EDGE ( 'NONE', *, *, #11912, .T. ) ;
#12575 = EDGE_CURVE ( 'NONE', #2246, #11302, #9655, .T. ) ;
#12576 = DIRECTION ( 'NONE',  ( -0.000000000000000000, -0.000000000000000000, 1.000000000000000000 ) ) ;
#12577 = AXIS2_PLACEMENT_3D ( 'NONE', #120, #3193, #10974 ) ;
#12578 = ORIENTED_EDGE ( 'NONE', *, *, #8633, .T. ) ;
#12579 = DIRECTION ( 'NONE',  ( 0.7071067811865502373, -0.7071067811865449082, 0.000000000000000000 ) ) ;
#12580 = CARTESIAN_POINT ( 'NONE',  ( -19.04999999999999716, 5.068629150101524594, -3.049999999999999822 ) ) ;
#12581 = EDGE_LOOP ( 'NONE', ( #7948, #3788, #9095, #12370 ) ) ;
#12582 = CARTESIAN_POINT ( 'NONE',  ( -1.879848193585312188, -35.54132929647559536, -2.286000000000000032 ) ) ;
#12583 = PLANE ( 'NONE',  #3336 ) ;
#12584 = ORIENTED_EDGE ( 'NONE', *, *, #10795, .F. ) ;
#12585 = FACE_OUTER_BOUND ( 'NONE', #5379, .T. ) ;
#12586 = ORIENTED_EDGE ( 'NONE', *, *, #6922, .F. ) ;
#12587 = AXIS2_PLACEMENT_3D ( 'NONE', #1849, #826, #12579 ) ;
#12588 = ORIENTED_EDGE ( 'NONE', *, *, #9747, .F. ) ;
#12589 = EDGE_CURVE ( 'NONE', #7686, #4408, #5929, .T. ) ;
#12590 = ORIENTED_EDGE ( 'NONE', *, *, #12399, .T. ) ;
#12591 = ORIENTED_EDGE ( 'NONE', *, *, #5652, .F. ) ;
#12592 = VECTOR ( 'NONE', #2978, 1000.000000000000000 ) ;
#12593 = CARTESIAN_POINT ( 'NONE',  ( 0.000000000000000000, -50.79999999999999716, 2.286000000000000032 ) ) ;
#12594 = VECTOR ( 'NONE', #9707, 1000.000000000000114 ) ;
#12595 = CARTESIAN_POINT ( 'NONE',  ( 0.000000000000000000, -25.39999999999999858, 1.000000000000000000 ) ) ;
#12596 = DIRECTION ( 'NONE',  ( -0.000000000000000000, -0.000000000000000000, 1.000000000000000000 ) ) ;
#12597 = ORIENTED_EDGE ( 'NONE', *, *, #9196, .F. ) ;
#12598 = DIRECTION ( 'NONE',  ( -0.7071067811865473507, 0.7071067811865477948, 0.000000000000000000 ) ) ;
#12599 = LINE ( 'NONE', #3796, #11781 ) ;
#12600 = VERTEX_POINT ( 'NONE', #4640 ) ;
#12601 = CARTESIAN_POINT ( 'NONE',  ( 5.200000000000000178, 6.368163355566235395E-16, 3.049999999999999822 ) ) ;
#12602 = DIRECTION ( 'NONE',  ( -0.7071067811865456854, 0.7071067811865493491, 0.000000000000000000 ) ) ;
#12603 = DIRECTION ( 'NONE',  ( -0.7071067811865479058, 0.7071067811865472397, 0.000000000000000000 ) ) ;
#12604 = ORIENTED_EDGE ( 'NONE', *, *, #10109, .F. ) ;
#12605 = EDGE_CURVE ( 'NONE', #6566, #6394, #104, .T. ) ;
#12606 = DIRECTION ( 'NONE',  ( 1.000000000000000000, 0.000000000000000000, 0.000000000000000000 ) ) ;
#12607 = LINE ( 'NONE', #5935, #9403 ) ;
#12608 = LINE ( 'NONE', #3807, #9620 ) ;
#12609 = CARTESIAN_POINT ( 'NONE',  ( 24.05220779386420205, -24.05220779386436902, 1.000000000000000000 ) ) ;
#12610 = AXIS2_PLACEMENT_3D ( 'NONE', #10379, #1573, #9413 ) ;
#12611 = CARTESIAN_POINT ( 'NONE',  ( -6.010588745030483793, 6.010588745030448266, 1.000000000000000000 ) ) ;
#12612 = DIRECTION ( 'NONE',  ( -0.7071067811865465735, -0.7071067811865485719, 0.000000000000000000 ) ) ;
#12613 = CARTESIAN_POINT ( 'NONE',  ( 5.200000000000000178, 6.368163355566235395E-16, 1.000000000000000000 ) ) ;
#12614 = DIRECTION ( 'NONE',  ( -0.7071067811865451302, 0.7071067811865500152, 0.000000000000000000 ) ) ;
#12615 = FACE_OUTER_BOUND ( 'NONE', #785, .T. ) ;
#12616 = EDGE_CURVE ( 'NONE', #8652, #11057, #7608, .T. ) ;
#12617 = DIRECTION ( 'NONE',  ( -0.7071067811865451302, 0.7071067811865500152, 0.000000000000000000 ) ) ;
#12618 = VECTOR ( 'NONE', #9077, 1000.000000000000000 ) ;
#12619 = ORIENTED_EDGE ( 'NONE', *, *, #3390, .T. ) ;
#12620 = VECTOR ( 'NONE', #9801, 1000.000000000000000 ) ;
#12621 = AXIS2_PLACEMENT_3D ( 'NONE', #3607, #1743, #10551 ) ;
#12622 = CARTESIAN_POINT ( 'NONE',  ( -14.57984819358530970, -2.558670703524399848, -1.000000000000000000 ) ) ;
#12623 = DIRECTION ( 'NONE',  ( -0.000000000000000000, -0.000000000000000000, 1.000000000000000000 ) ) ;
#12624 = ORIENTED_EDGE ( 'NONE', *, *, #10354, .F. ) ;
#12625 = LINE ( 'NONE', #1839, #12699 ) ;
#12626 = VECTOR ( 'NONE', #11922, 1000.000000000000114 ) ;
#12627 = EDGE_LOOP ( 'NONE', ( #1295, #4620, #1026, #2731 ) ) ;
#12628 = ADVANCED_FACE ( 'NONE', ( #8566 ), #11513, .F. ) ;
#12629 = PLANE ( 'NONE',  #6242 ) ;
#12630 = DIRECTION ( 'NONE',  ( -0.7071067811865489050, -0.7071067811865461294, 0.000000000000000000 ) ) ;
#12631 = VERTEX_POINT ( 'NONE', #1936 ) ;
#12632 = AXIS2_PLACEMENT_3D ( 'NONE', #7788, #6819, #10737 ) ;
#12633 = ORIENTED_EDGE ( 'NONE', *, *, #8565, .T. ) ;
#12634 = VECTOR ( 'NONE', #9792, 1000.000000000000000 ) ;
#12635 = DIRECTION ( 'NONE',  ( -0.000000000000000000, -0.000000000000000000, 1.000000000000000000 ) ) ;
#12636 = VERTEX_POINT ( 'NONE', #2006 ) ;
#12637 = VECTOR ( 'NONE', #2446, 1000.000000000000000 ) ;
#12638 = CARTESIAN_POINT ( 'NONE',  ( 5.068629150101533476, -6.349999999999994316, -3.049999999999999822 ) ) ;
#12639 = AXIS2_PLACEMENT_3D ( 'NONE', #9982, #10695, #6903 ) ;
#12640 = ORIENTED_EDGE ( 'NONE', *, *, #8593, .F. ) ;
#12641 = LINE ( 'NONE', #5115, #9505 ) ;
#12642 = DIRECTION ( 'NONE',  ( -0.7071067811865454633, -0.7071067811865495711, -0.000000000000000000 ) ) ;
#12643 = ORIENTED_EDGE ( 'NONE', *, *, #6438, .T. ) ;
#12644 = ADVANCED_FACE ( 'NONE', ( #12672 ), #8683, .F. ) ;
#12645 = EDGE_CURVE ( 'NONE', #2698, #6358, #10623, .T. ) ;
#12646 = DIRECTION ( 'NONE',  ( 1.000000000000000000, 0.000000000000000000, 0.000000000000000000 ) ) ;
#12647 = LINE ( 'NONE', #187, #7261 ) ;
#12648 = CARTESIAN_POINT ( 'NONE',  ( 6.200000000000007283, -5.218629150101512515, -3.049999999999999822 ) ) ;
#12649 = VECTOR ( 'NONE', #254, 1000.000000000000000 ) ;
#12650 = ADVANCED_FACE ( 'NONE', ( #5856 ), #1749, .T. ) ;
#12651 = EDGE_LOOP ( 'NONE', ( #12460, #10258, #12000, #5963 ) ) ;
#12652 = CIRCLE ( 'NONE', #7531, 3.175000000000000711 ) ;
#12653 = EDGE_CURVE ( 'NONE', #10389, #8085, #305, .T. ) ;
#12654 = LINE ( 'NONE', #7775, #4850 ) ;
#12655 = AXIS2_PLACEMENT_3D ( 'NONE', #163, #6787, #6843 ) ;
#12656 = ORIENTED_EDGE ( 'NONE', *, *, #4152, .T. ) ;
#12657 = ORIENTED_EDGE ( 'NONE', *, *, #3531, .F. ) ;
#12658 = ORIENTED_EDGE ( 'NONE', *, *, #1146, .F. ) ;
#12659 = AXIS2_PLACEMENT_3D ( 'NONE', #764, #9440, #574 ) ;
#12660 = AXIS2_PLACEMENT_3D ( 'NONE', #5427, #9351, #4918 ) ;
#12661 = CARTESIAN_POINT ( 'NONE',  ( 0.000000000000000000, 5.199999999999999289, 3.049999999999999822 ) ) ;
#12662 = VECTOR ( 'NONE', #6019, 1000.000000000000114 ) ;
#12663 = LINE ( 'NONE', #1998, #10864 ) ;
#12664 = LINE ( 'NONE', #3865, #142 ) ;
#12665 = ORIENTED_EDGE ( 'NONE', *, *, #9213, .F. ) ;
#12666 = EDGE_CURVE ( 'NONE', #2511, #294, #2845, .T. ) ;
#12667 = DIRECTION ( 'NONE',  ( -0.7071067811865483499, -0.7071067811865466846, 0.000000000000000000 ) ) ;
#12668 = DIRECTION ( 'NONE',  ( -1.000000000000000000, 0.000000000000000000, 0.000000000000000000 ) ) ;
#12669 = ORIENTED_EDGE ( 'NONE', *, *, #5891, .F. ) ;
#12670 = CARTESIAN_POINT ( 'NONE',  ( 5.200000000000000178, -29.92117749006092353, -1.000000000000000000 ) ) ;
#12671 = LINE ( 'NONE', #4056, #6707 ) ;
#12672 = FACE_OUTER_BOUND ( 'NONE', #3519, .T. ) ;
#12673 = VERTEX_POINT ( 'NONE', #9850 ) ;
#12674 = VECTOR ( 'NONE', #5609, 1000.000000000000000 ) ;
#12675 = VECTOR ( 'NONE', #4275, 1000.000000000000000 ) ;
#12676 = ORIENTED_EDGE ( 'NONE', *, *, #6112, .F. ) ;
#12677 = DIRECTION ( 'NONE',  ( -0.7071067811865464625, -0.7071067811865486830, 0.000000000000000000 ) ) ;
#12678 = CARTESIAN_POINT ( 'NONE',  ( -6.199999999999995737, -50.79999999999999716, -3.049999999999999822 ) ) ;
#12679 = CARTESIAN_POINT ( 'NONE',  ( -18.04161904883375200, -4.662796538894676601, -2.286000000000000032 ) ) ;
#12680 = FACE_OUTER_BOUND ( 'NONE', #10160, .T. ) ;
#12681 = VECTOR ( 'NONE', #2972, 1000.000000000000000 ) ;
#12682 = VECTOR ( 'NONE', #6953, 1000.000000000000000 ) ;
#12683 = CARTESIAN_POINT ( 'NONE',  ( 0.000000000000000000, -12.69999999999999929, 2.286000000000000032 ) ) ;
#12684 = CARTESIAN_POINT ( 'NONE',  ( 5.200000000000000178, -45.99558441227160444, 3.049999999999999822 ) ) ;
#12685 = CARTESIAN_POINT ( 'NONE',  ( -23.49434722470224202, 2.584475285236820241, 2.286000000000000032 ) ) ;
#12686 = CARTESIAN_POINT ( 'NONE',  ( -12.69999999999999929, 0.000000000000000000, -2.286000000000000032 ) ) ;
#12687 = DIRECTION ( 'NONE',  ( -0.7071067811865497932, -0.7071067811865452413, 0.000000000000000000 ) ) ;
#12688 = VECTOR ( 'NONE', #9882, 1000.000000000000114 ) ;
#12689 = LINE ( 'NONE', #8771, #5436 ) ;
#12690 = VECTOR ( 'NONE', #535, 1000.000000000000000 ) ;
#12691 = VERTEX_POINT ( 'NONE', #5792 ) ;
#12692 = CARTESIAN_POINT ( 'NONE',  ( 0.000000000000000000, -12.69999999999999929, 2.286000000000000032 ) ) ;
#12693 = VECTOR ( 'NONE', #7548, 1000.000000000000114 ) ;
#12694 = CARTESIAN_POINT ( 'NONE',  ( -2.558670703524395851, -14.57984819358531681, -1.000000000000000000 ) ) ;
#12695 = EDGE_CURVE ( 'NONE', #10200, #10670, #8823, .T. ) ;
#12696 = EDGE_CURVE ( 'NONE', #6889, #11290, #3999, .T. ) ;
#12697 = VERTEX_POINT ( 'NONE', #2126 ) ;
#12698 = CARTESIAN_POINT ( 'NONE',  ( -3.654415587728437220, -44.44999999999998863, 3.049999999999999822 ) ) ;
#12699 = VECTOR ( 'NONE', #681, 1000.000000000000000 ) ;
#12700 = VERTEX_POINT ( 'NONE', #7914 ) ;
#12701 = DIRECTION ( 'NONE',  ( -0.000000000000000000, -0.000000000000000000, 1.000000000000000000 ) ) ;
#12702 = AXIS2_PLACEMENT_3D ( 'NONE', #5847, #4887, #2835 ) ;
#12703 = PLANE ( 'NONE',  #12014 ) ;
#12704 = ORIENTED_EDGE ( 'NONE', *, *, #12415, .F. ) ;
#12705 = CIRCLE ( 'NONE', #7583, 3.174999999999999822 ) ;
#12706 = EDGE_LOOP ( 'NONE', ( #3988, #48, #7787, #11249, #5148, #5429, #9769 ) ) ;
#12707 = CARTESIAN_POINT ( 'NONE',  ( -3.654415587728408799, -19.05000000000000426, 3.049999999999999822 ) ) ;
#12708 = ORIENTED_EDGE ( 'NONE', *, *, #335, .F. ) ;
#12709 = EDGE_CURVE ( 'NONE', #1610, #7012, #10878, .T. ) ;
#12710 = FACE_OUTER_BOUND ( 'NONE', #1659, .T. ) ;
#12711 = ORIENTED_EDGE ( 'NONE', *, *, #11058, .T. ) ;
#12712 = DIRECTION ( 'NONE',  ( -1.000000000000000000, 0.000000000000000000, 0.000000000000000000 ) ) ;
#12713 = VERTEX_POINT ( 'NONE', #5016 ) ;
#12714 = DIRECTION ( 'NONE',  ( -0.7071067811865500152, -0.7071067811865451302, 0.000000000000000000 ) ) ;
#12715 = CARTESIAN_POINT ( 'NONE',  ( -25.39999999999999858, 6.199999999999999289, -1.000000000000000000 ) ) ;
#12716 = DIRECTION ( 'NONE',  ( 0.7071067811865464625, 0.7071067811865486830, 0.000000000000000000 ) ) ;
#12717 = ORIENTED_EDGE ( 'NONE', *, *, #12003, .T. ) ;
#12718 = DIRECTION ( 'NONE',  ( 1.000000000000000000, 0.000000000000000000, 0.000000000000000000 ) ) ;
#12719 = ORIENTED_EDGE ( 'NONE', *, *, #6103, .T. ) ;
ENDSEC;
END-ISO-10303-21;
