ISO-10303-21;
HEADER;
FILE_DESCRIPTION (( 'STEP AP203' ),
    '1' );
FILE_NAME ('228-2500-157.step',
    '2022-06-06T19:18:16',
    ( '' ),
    ( '' ),
    'SwSTEP 2.0',
    'SolidWorks 2021',
    '' );
FILE_SCHEMA (( 'CONFIG_CONTROL_DESIGN' ));
ENDSEC;

DATA;
#1 = DIRECTION ( 'NONE',  ( -0.000000000000000000, -0.000000000000000000, -1.000000000000000000 ) ) ;
#2 = AXIS2_PLACEMENT_3D ( 'NONE', #364, #1729, #1317 ) ;
#3 = EDGE_LOOP ( 'NONE', ( #1865, #968, #1165, #2017 ) ) ;
#4 = AXIS2_PLACEMENT_3D ( 'NONE', #1464, #2348, #523 ) ;
#5 = DIRECTION ( 'NONE',  ( -0.000000000000000000, -0.000000000000000000, -1.000000000000000000 ) ) ;
#6 = CARTESIAN_POINT ( 'NONE',  ( -0.2997721874950043386, 0.4779408252742900487, 0.1200787401574803098 ) ) ;
#7 = APPLICATION_CONTEXT ( 'configuration controlled 3d designs of mechanical parts and assemblies' ) ;
#8 = ORIENTED_EDGE ( 'NONE', *, *, #446, .T. ) ;
#9 = APPLICATION_PROTOCOL_DEFINITION ( 'international standard', 'config_control_design', 1994, #1560 ) ;
#10 = DIRECTION ( 'NONE',  ( -1.000000000000000000, -3.333337173756828983E-17, 0.000000000000000000 ) ) ;
#11 = VECTOR ( 'NONE', #975, 39.37007874015748143 ) ;
#12 = CARTESIAN_POINT ( 'NONE',  ( 0.7440944881889763884, 2.989295336501414316E-17, 0.1200787401574803098 ) ) ;
#13 = EDGE_CURVE ( 'NONE', #1443, #1410, #573, .T. ) ;
#14 = VERTEX_POINT ( 'NONE', #1003 ) ;
#15 = DIRECTION ( 'NONE',  ( -1.000000000000000000, 0.000000000000000000, 0.000000000000000000 ) ) ;
#16 = AXIS2_PLACEMENT_3D ( 'NONE', #1044, #2602, #355 ) ;
#17 = DIRECTION ( 'NONE',  ( 0.000000000000000000, 0.000000000000000000, 1.000000000000000000 ) ) ;
#18 = FACE_OUTER_BOUND ( 'NONE', #999, .T. ) ;
#19 = AXIS2_PLACEMENT_3D ( 'NONE', #2205, #847, #2277 ) ;
#20 = EDGE_CURVE ( 'NONE', #691, #2513, #1295, .T. ) ;
#21 = ORIENTED_EDGE ( 'NONE', *, *, #210, .F. ) ;
#22 = FACE_OUTER_BOUND ( 'NONE', #2899, .T. ) ;
#23 = DIRECTION ( 'NONE',  ( -0.000000000000000000, -0.000000000000000000, -1.000000000000000000 ) ) ;
#24 = ORIENTED_EDGE ( 'NONE', *, *, #611, .T. ) ;
#25 = DESIGN_CONTEXT ( 'detailed design', #7, 'design' ) ;
#26 = ORIENTED_EDGE ( 'NONE', *, *, #2685, .F. ) ;
#27 = ORIENTED_EDGE ( 'NONE', *, *, #1196, .F. ) ;
#28 = CARTESIAN_POINT ( 'NONE',  ( 0.03062497185959546855, 0.2991794000960412703, -0.08999999999999985789 ) ) ;
#29 = CARTESIAN_POINT ( 'NONE',  ( -0.2552300280501832441, 0.6115673036087559966, 0.1200787401574803098 ) ) ;
#30 = CARTESIAN_POINT ( 'NONE',  ( -0.1383068595075236384, 0.2607977979807841740, -0.1200787401574803098 ) ) ;
#31 = DIRECTION ( 'NONE',  ( -1.000000000000000000, 3.333337173756828983E-17, 0.000000000000000000 ) ) ;
#32 = VERTEX_POINT ( 'NONE', #527 ) ;
#33 = DIRECTION ( 'NONE',  ( 0.7071067811865516806, -0.7071067811865433539, 0.000000000000000000 ) ) ;
#34 = EDGE_CURVE ( 'NONE', #2833, #711, #1047, .T. ) ;
#35 = CARTESIAN_POINT ( 'NONE',  ( 0.3765597341828912925, 0.01968503937007873641, 0.08999999999999985789 ) ) ;
#36 = ORIENTED_EDGE ( 'NONE', *, *, #2162, .T. ) ;
#37 = EDGE_LOOP ( 'NONE', ( #1524, #2790, #2730, #2690 ) ) ;
#38 = DIRECTION ( 'NONE',  ( 0.000000000000000000, 0.000000000000000000, -1.000000000000000000 ) ) ;
#39 = EDGE_LOOP ( 'NONE', ( #1492, #2203, #645, #2770 ) ) ;
#40 = DIRECTION ( 'NONE',  ( -0.000000000000000000, -0.000000000000000000, -1.000000000000000000 ) ) ;
#41 = CARTESIAN_POINT ( 'NONE',  ( 0.5000000000000000000, 0.000000000000000000, 0.08999999999999999667 ) ) ;
#42 = DIRECTION ( 'NONE',  ( -0.000000000000000000, -0.000000000000000000, -1.000000000000000000 ) ) ;
#43 = VECTOR ( 'NONE', #119, 39.37007874015748143 ) ;
#44 = VERTEX_POINT ( 'NONE', #2392 ) ;
#45 = CIRCLE ( 'NONE', #1705, 0.1023622047244094474 ) ;
#46 = LINE ( 'NONE', #946, #938 ) ;
#47 = EDGE_LOOP ( 'NONE', ( #1853, #2420, #264, #1393 ) ) ;
#48 = EDGE_CURVE ( 'NONE', #1316, #2613, #1648, .T. ) ;
#49 = ORIENTED_EDGE ( 'NONE', *, *, #2429, .F. ) ;
#50 = VECTOR ( 'NONE', #646, 39.37007874015748143 ) ;
#51 = CARTESIAN_POINT ( 'NONE',  ( -0.2106878686053615946, 0.6561094630535780903, 0.1200787401574803098 ) ) ;
#52 = ADVANCED_FACE ( 'NONE', ( #2778 ), #2334, .F. ) ;
#53 = EDGE_LOOP ( 'NONE', ( #2268, #741, #1188, #2209 ) ) ;
#54 = DIRECTION ( 'NONE',  ( -0.000000000000000000, -0.000000000000000000, 1.000000000000000000 ) ) ;
#55 = CIRCLE ( 'NONE', #389, 0.2834645669291337988 ) ;
#56 = VERTEX_POINT ( 'NONE', #1439 ) ;
#57 = CARTESIAN_POINT ( 'NONE',  ( -0.1383068595075236107, 0.2607977979807841740, 0.03937007874015751446 ) ) ;
#58 = AXIS2_PLACEMENT_3D ( 'NONE', #2166, #835, #2620 ) ;
#59 = CARTESIAN_POINT ( 'NONE',  ( 0.3765597341828912925, 0.01968503937007873641, 1.328707901096514821 ) ) ;
#60 = AXIS2_PLACEMENT_3D ( 'NONE', #1538, #2447, #410 ) ;
#61 = ORIENTED_EDGE ( 'NONE', *, *, #446, .F. ) ;
#62 = FACE_OUTER_BOUND ( 'NONE', #1370, .T. ) ;
#63 = ORIENTED_EDGE ( 'NONE', *, *, #1774, .F. ) ;
#64 = LINE ( 'NONE', #1009, #1378 ) ;
#65 = VERTEX_POINT ( 'NONE', #1217 ) ;
#66 = EDGE_CURVE ( 'NONE', #2848, #2112, #55, .T. ) ;
#67 = DIRECTION ( 'NONE',  ( 0.000000000000000000, 0.000000000000000000, -1.000000000000000000 ) ) ;
#68 = ORIENTED_EDGE ( 'NONE', *, *, #232, .T. ) ;
#69 = VECTOR ( 'NONE', #2313, 39.37007874015748143 ) ;
#70 = CARTESIAN_POINT ( 'NONE',  ( 0.5000000000000000000, 0.000000000000000000, 1.328707901096514821 ) ) ;
#71 = CARTESIAN_POINT ( 'NONE',  ( 0.3765597341828912925, -0.01968503937007873641, -0.03937007874015751446 ) ) ;
#72 = DIRECTION ( 'NONE',  ( -1.000000000000000000, 0.000000000000000000, 0.000000000000000000 ) ) ;
#73 = CARTESIAN_POINT ( 'NONE',  ( 0.000000000000000000, 0.000000000000000000, -0.08999999999999999667 ) ) ;
#74 = CARTESIAN_POINT ( 'NONE',  ( 0.4173228346456692162, 0.000000000000000000, -0.08999999999999999667 ) ) ;
#75 = ORIENTED_EDGE ( 'NONE', *, *, #660, .F. ) ;
#76 = ORIENTED_EDGE ( 'NONE', *, *, #1227, .T. ) ;
#77 = CARTESIAN_POINT ( 'NONE',  ( -3.414809992080329023E-17, -3.414809992080329023E-17, -0.1200787401574803098 ) ) ;
#78 = ORIENTED_EDGE ( 'NONE', *, *, #379, .T. ) ;
#79 = FACE_OUTER_BOUND ( 'NONE', #641, .T. ) ;
#80 = EDGE_LOOP ( 'NONE', ( #1613, #1118, #608, #2840 ) ) ;
#81 = ADVANCED_FACE ( 'NONE', ( #1692 ), #2593, .T. ) ;
#82 = EDGE_CURVE ( 'NONE', #1841, #602, #2155, .T. ) ;
#83 = CARTESIAN_POINT ( 'NONE',  ( 0.4173228346456692162, 0.000000000000000000, 0.08999999999999999667 ) ) ;
#84 = CARTESIAN_POINT ( 'NONE',  ( -0.06573824511970957629, 0.2308167742720317883, 1.328707901096514821 ) ) ;
#85 = ADVANCED_FACE ( 'NONE', ( #116 ), #1424, .F. ) ;
#86 = ORIENTED_EDGE ( 'NONE', *, *, #2326, .T. ) ;
#87 = DIRECTION ( 'NONE',  ( 1.000000000000000000, 0.000000000000000000, 0.000000000000000000 ) ) ;
#88 = FACE_OUTER_BOUND ( 'NONE', #2698, .T. ) ;
#89 = AXIS2_PLACEMENT_3D ( 'NONE', #2335, #315, #976 ) ;
#90 = ORIENTED_EDGE ( 'NONE', *, *, #175, .F. ) ;
#91 = VERTEX_POINT ( 'NONE', #1750 ) ;
#92 = AXIS2_PLACEMENT_3D ( 'NONE', #1816, #2677, #1798 ) ;
#93 = DIRECTION ( 'NONE',  ( 0.000000000000000000, 0.000000000000000000, 1.000000000000000000 ) ) ;
#94 = PLANE ( 'NONE',  #349 ) ;
#95 = VECTOR ( 'NONE', #2364, 39.37007874015748143 ) ;
#96 = ORIENTED_EDGE ( 'NONE', *, *, #1598, .T. ) ;
#97 = CARTESIAN_POINT ( 'NONE',  ( -3.414809992080329023E-17, -3.414809992080329023E-17, 0.1200787401574803098 ) ) ;
#98 = CARTESIAN_POINT ( 'NONE',  ( -0.02138369096486643015, 0.2886366476337985376, 0.1200787401574803098 ) ) ;
#99 = ORIENTED_EDGE ( 'NONE', *, *, #1611, .F. ) ;
#100 = DIRECTION ( 'NONE',  ( -0.000000000000000000, -0.000000000000000000, -1.000000000000000000 ) ) ;
#101 = CC_DESIGN_DATE_AND_TIME_ASSIGNMENT ( #1806, #421, ( #935 ) ) ;
#102 = VECTOR ( 'NONE', #1796, 39.37007874015748143 ) ;
#103 = DIRECTION ( 'NONE',  ( -0.7071067811865514585, 0.7071067811865435759, -0.000000000000000000 ) ) ;
#104 = DIRECTION ( 'NONE',  ( -0.000000000000000000, -0.000000000000000000, -1.000000000000000000 ) ) ;
#105 = ADVANCED_FACE ( 'NONE', ( #1528 ), #2852, .T. ) ;
#106 = DIRECTION ( 'NONE',  ( -0.000000000000000000, -0.000000000000000000, -1.000000000000000000 ) ) ;
#107 = CIRCLE ( 'NONE', #58, 0.1250000000000000278 ) ;
#108 = ORIENTED_EDGE ( 'NONE', *, *, #698, .T. ) ;
#109 = VERTEX_POINT ( 'NONE', #2911 ) ;
#110 = CARTESIAN_POINT ( 'NONE',  ( -0.1661457091605394176, 0.6115673036087564407, -0.1200787401574803098 ) ) ;
#111 = ORIENTED_EDGE ( 'NONE', *, *, #13, .F. ) ;
#112 = DIRECTION ( 'NONE',  ( -1.000000000000000000, 0.000000000000000000, 0.000000000000000000 ) ) ;
#113 = CYLINDRICAL_SURFACE ( 'NONE', #2012, 0.02362204724409441500 ) ;
#114 = VERTEX_POINT ( 'NONE', #1298 ) ;
#115 = CARTESIAN_POINT ( 'NONE',  ( -0.06592585040968858279, 0.3331788070786201872, -0.1200787401574803098 ) ) ;
#116 = FACE_OUTER_BOUND ( 'NONE', #1306, .T. ) ;
#117 = DIRECTION ( 'NONE',  ( -1.000000000000000000, 0.000000000000000000, 0.000000000000000000 ) ) ;
#118 = AXIS2_PLACEMENT_3D ( 'NONE', #1947, #1045, #1276 ) ;
#119 = DIRECTION ( 'NONE',  ( -1.000000000000000000, 6.829619984160656814E-17, 0.000000000000000000 ) ) ;
#120 = ORIENTED_EDGE ( 'NONE', *, *, #862, .F. ) ;
#121 = ORIENTED_EDGE ( 'NONE', *, *, #1233, .T. ) ;
#122 = ADVANCED_FACE ( 'NONE', ( #812 ), #1078, .F. ) ;
#123 = EDGE_CURVE ( 'NONE', #598, #1275, #2054, .T. ) ;
#124 = PLANE ( 'NONE',  #2605 ) ;
#125 = CARTESIAN_POINT ( 'NONE',  ( -0.1444655987972096600, 0.6408635055518038248, -1.328707901096514821 ) ) ;
#126 = ORIENTED_EDGE ( 'NONE', *, *, #1756, .F. ) ;
#127 = COORDINATED_UNIVERSAL_TIME_OFFSET ( 6, 0, .BEHIND. ) ;
#128 = DIRECTION ( 'NONE',  ( -1.000000000000000000, 0.000000000000000000, 0.000000000000000000 ) ) ;
#129 = CARTESIAN_POINT ( 'NONE',  ( -0.1444655987972096600, 0.6408635055518038248, 0.03937007874015751446 ) ) ;
#130 = ORIENTED_EDGE ( 'NONE', *, *, #2033, .F. ) ;
#131 = FACE_BOUND ( 'NONE', #740, .T. ) ;
#132 = CARTESIAN_POINT ( 'NONE',  ( -0.1237066153832972054, 0.6743159749319124208, 0.1200787401574803098 ) ) ;
#133 = ORIENTED_EDGE ( 'NONE', *, *, #2287, .F. ) ;
#134 = DIRECTION ( 'NONE',  ( 0.7071067811865512365, -0.7071067811865437980, 0.000000000000000000 ) ) ;
#135 = ORIENTED_EDGE ( 'NONE', *, *, #660, .T. ) ;
#136 = CARTESIAN_POINT ( 'NONE',  ( -0.2047244094488188948, 0.1429872406805822449, 0.03937007874015751446 ) ) ;
#137 = DIRECTION ( 'NONE',  ( -1.000000000000000000, 0.000000000000000000, 0.000000000000000000 ) ) ;
#138 = EDGE_CURVE ( 'NONE', #657, #1053, #2216, .T. ) ;
#139 = ORIENTED_EDGE ( 'NONE', *, *, #2123, .T. ) ;
#140 = DIRECTION ( 'NONE',  ( -0.000000000000000000, -0.000000000000000000, -1.000000000000000000 ) ) ;
#141 = AXIS2_PLACEMENT_3D ( 'NONE', #883, #692, #679 ) ;
#142 = CARTESIAN_POINT ( 'NONE',  ( -0.2440944881889763329, -0.2440944881889763329, 0.1200787401574803098 ) ) ;
#143 = EDGE_CURVE ( 'NONE', #1505, #2255, #2244, .T. ) ;
#144 = PERSON ( 'UNSPECIFIED', 'UNSPECIFIED', 'UNSPECIFIED', ('UNSPECIFIED'), ('UNSPECIFIED'), ('UNSPECIFIED') ) ;
#145 = ORIENTED_EDGE ( 'NONE', *, *, #808, .T. ) ;
#146 = DIRECTION ( 'NONE',  ( -0.000000000000000000, -0.000000000000000000, 1.000000000000000000 ) ) ;
#147 = VECTOR ( 'NONE', #1659, 39.37007874015748143 ) ;
#148 = LINE ( 'NONE', #387, #196 ) ;
#149 = CARTESIAN_POINT ( 'NONE',  ( -0.3443143469398259326, 0.4333986658294679550, 0.1200787401574803098 ) ) ;
#150 = AXIS2_PLACEMENT_3D ( 'NONE', #2537, #2314, #2923 ) ;
#151 = ORIENTED_EDGE ( 'NONE', *, *, #2775, .F. ) ;
#152 = LINE ( 'NONE', #1054, #1516 ) ;
#153 = DIRECTION ( 'NONE',  ( 0.000000000000000000, 0.000000000000000000, -1.000000000000000000 ) ) ;
#154 = VECTOR ( 'NONE', #153, 39.37007874015748143 ) ;
#155 = FACE_OUTER_BOUND ( 'NONE', #1021, .T. ) ;
#156 = AXIS2_PLACEMENT_3D ( 'NONE', #1581, #2902, #2709 ) ;
#157 = CARTESIAN_POINT ( 'NONE',  ( -0.1661457091605399727, 0.7006516224984001839, -0.1200787401574803098 ) ) ;
#158 = ORIENTED_EDGE ( 'NONE', *, *, #309, .T. ) ;
#159 = FACE_OUTER_BOUND ( 'NONE', #1177, .T. ) ;
#160 = ADVANCED_FACE ( 'NONE', ( #1951 ), #1313, .F. ) ;
#161 = EDGE_CURVE ( 'NONE', #1151, #2503, #1573, .T. ) ;
#162 = CARTESIAN_POINT ( 'NONE',  ( -0.04269055951131190546, 0.1143374213443295317, 1.328707901096514821 ) ) ;
#163 = LINE ( 'NONE', #177, #1147 ) ;
#164 = DIRECTION ( 'NONE',  ( -1.000000000000000000, 0.000000000000000000, 0.000000000000000000 ) ) ;
#165 = ORIENTED_EDGE ( 'NONE', *, *, #845, .T. ) ;
#166 = CARTESIAN_POINT ( 'NONE',  ( -3.414809992080329023E-17, -3.414809992080329023E-17, -0.03937007874015751446 ) ) ;
#167 = CARTESIAN_POINT ( 'NONE',  ( -0.3443143469398259326, 0.4333986658294679550, -0.1200787401574803098 ) ) ;
#168 = CC_DESIGN_APPROVAL ( #2213, ( #313 ) ) ;
#169 = ORIENTED_EDGE ( 'NONE', *, *, #736, .F. ) ;
#170 = DIRECTION ( 'NONE',  ( -0.000000000000000000, -0.000000000000000000, -1.000000000000000000 ) ) ;
#171 = ORIENTED_EDGE ( 'NONE', *, *, #1536, .T. ) ;
#172 = CARTESIAN_POINT ( 'NONE',  ( -0.1444655987972096323, 0.6408635055518038248, -1.328707901096514821 ) ) ;
#173 = DIRECTION ( 'NONE',  ( -0.000000000000000000, -0.000000000000000000, 1.000000000000000000 ) ) ;
#174 = ADVANCED_FACE ( 'NONE', ( #600 ), #2659, .F. ) ;
#175 = EDGE_CURVE ( 'NONE', #243, #1198, #163, .T. ) ;
#176 = CARTESIAN_POINT ( 'NONE',  ( -0.1828490189523474529, 0.5948639938169482111, 0.03937007874015751446 ) ) ;
#177 = CARTESIAN_POINT ( 'NONE',  ( 0.5000000000000001110, -0.2047244094488188948, -0.1200787401574803098 ) ) ;
#178 = DIRECTION ( 'NONE',  ( 0.000000000000000000, 0.000000000000000000, 1.000000000000000000 ) ) ;
#179 = EDGE_CURVE ( 'NONE', #2591, #1577, #1860, .T. ) ;
#180 = ORIENTED_EDGE ( 'NONE', *, *, #736, .T. ) ;
#181 = FACE_OUTER_BOUND ( 'NONE', #2531, .T. ) ;
#182 = FACE_OUTER_BOUND ( 'NONE', #1377, .T. ) ;
#183 = CARTESIAN_POINT ( 'NONE',  ( 0.3765597341828912925, -0.01968503937007873641, 1.328707901096514821 ) ) ;
#184 = AXIS2_PLACEMENT_3D ( 'NONE', #2336, #1163, #2115 ) ;
#185 = ORIENTED_EDGE ( 'NONE', *, *, #361, .T. ) ;
#186 = VECTOR ( 'NONE', #296, 39.37007874015748143 ) ;
#187 = CARTESIAN_POINT ( 'NONE',  ( -0.2440944881889764162, 0.1429872406805823282, -0.1200787401574803098 ) ) ;
#188 = EDGE_LOOP ( 'NONE', ( #2298, #2047, #905, #2710 ) ) ;
#189 = LINE ( 'NONE', #132, #2070 ) ;
#190 = DIRECTION ( 'NONE',  ( -0.000000000000000000, -0.000000000000000000, 1.000000000000000000 ) ) ;
#191 = CYLINDRICAL_SURFACE ( 'NONE', #2939, 0.1220472440944882775 ) ;
#192 = ORIENTED_EDGE ( 'NONE', *, *, #48, .T. ) ;
#193 = CARTESIAN_POINT ( 'NONE',  ( -0.2106878686053610672, 0.5670251441639343470, 0.1200787401574803098 ) ) ;
#194 = EDGE_CURVE ( 'NONE', #592, #1463, #840, .T. ) ;
#195 = DIRECTION ( 'NONE',  ( -0.8617469981601502127, 0.5073382610862007258, 0.000000000000000000 ) ) ;
#196 = VECTOR ( 'NONE', #1066, 39.37007874015748143 ) ;
#197 = DATE_AND_TIME ( #2253, #969 ) ;
#198 = VECTOR ( 'NONE', #1858, 39.37007874015748143 ) ;
#199 = AXIS2_PLACEMENT_3D ( 'NONE', #2559, #719, #1435 ) ;
#200 = ORIENTED_EDGE ( 'NONE', *, *, #1005, .F. ) ;
#201 = CIRCLE ( 'NONE', #1868, 0.02362204724409444970 ) ;
#202 = CARTESIAN_POINT ( 'NONE',  ( 0.3765597341828912925, -0.01968503937007873641, 0.03937007874015751446 ) ) ;
#203 = ORIENTED_EDGE ( 'NONE', *, *, #1192, .T. ) ;
#204 = DIRECTION ( 'NONE',  ( 0.000000000000000000, 0.000000000000000000, 1.000000000000000000 ) ) ;
#205 = DIRECTION ( 'NONE',  ( 0.000000000000000000, 0.000000000000000000, 1.000000000000000000 ) ) ;
#206 = DIRECTION ( 'NONE',  ( 0.8617469981601501017, -0.5073382610862007258, 0.000000000000000000 ) ) ;
#207 = VERTEX_POINT ( 'NONE', #2688 ) ;
#208 = DIRECTION ( 'NONE',  ( 0.7071067811865513475, -0.7071067811865435759, 0.000000000000000000 ) ) ;
#209 = CARTESIAN_POINT ( 'NONE',  ( -0.1661457091605392788, 0.6115673036087564407, 1.328707901096514821 ) ) ;
#210 = EDGE_CURVE ( 'NONE', #451, #2503, #2897, .T. ) ;
#211 = ORIENTED_EDGE ( 'NONE', *, *, #2932, .T. ) ;
#212 = VECTOR ( 'NONE', #2560, 39.37007874015748143 ) ;
#213 = EDGE_CURVE ( 'NONE', #275, #2057, #2185, .T. ) ;
#214 = VERTEX_POINT ( 'NONE', #1340 ) ;
#215 = PERSON_AND_ORGANIZATION ( #144, #2636 ) ;
#216 = AXIS2_PLACEMENT_3D ( 'NONE', #554, #760, #1675 ) ;
#217 = ADVANCED_FACE ( 'NONE', ( #1557 ), #2464, .F. ) ;
#218 = ORIENTED_EDGE ( 'NONE', *, *, #2379, .F. ) ;
#219 = CYLINDRICAL_SURFACE ( 'NONE', #524, 0.1220472440944882775 ) ;
#220 = ORIENTED_EDGE ( 'NONE', *, *, #161, .F. ) ;
#221 = PLANE ( 'NONE',  #1187 ) ;
#222 = CARTESIAN_POINT ( 'NONE',  ( 0.02315846847995518473, 0.3331788070786206313, 0.1200787401574803098 ) ) ;
#223 = DIRECTION ( 'NONE',  ( 0.000000000000000000, 0.000000000000000000, 1.000000000000000000 ) ) ;
#224 = VERTEX_POINT ( 'NONE', #1278 ) ;
#225 = DIRECTION ( 'NONE',  ( -0.000000000000000000, -0.000000000000000000, 1.000000000000000000 ) ) ;
#226 = DIRECTION ( 'NONE',  ( 1.000000000000000000, 8.673617379884062293E-15, 0.000000000000000000 ) ) ;
#227 = ORIENTED_EDGE ( 'NONE', *, *, #2416, .F. ) ;
#228 = CALENDAR_DATE ( 2022, 6, 6 ) ;
#229 = FACE_OUTER_BOUND ( 'NONE', #1458, .T. ) ;
#230 = EDGE_CURVE ( 'NONE', #2489, #560, #148, .T. ) ;
#231 = ORIENTED_EDGE ( 'NONE', *, *, #34, .T. ) ;
#232 = EDGE_CURVE ( 'NONE', #324, #1134, #1981, .T. ) ;
#233 = VECTOR ( 'NONE', #796, 39.37007874015748143 ) ;
#234 = DIRECTION ( 'NONE',  ( -0.000000000000000000, -0.000000000000000000, -1.000000000000000000 ) ) ;
#235 = ORIENTED_EDGE ( 'NONE', *, *, #1907, .F. ) ;
#236 = LINE ( 'NONE', #1588, #2707 ) ;
#237 = CYLINDRICAL_SURFACE ( 'NONE', #150, 0.2047244094488188393 ) ;
#238 = CARTESIAN_POINT ( 'NONE',  ( 0.5000000000000001110, -0.2440944881889763884, 0.1200787401574803098 ) ) ;
#239 = VECTOR ( 'NONE', #510, 39.37007874015748143 ) ;
#240 = ORIENTED_EDGE ( 'NONE', *, *, #1212, .F. ) ;
#241 = CARTESIAN_POINT ( 'NONE',  ( -0.2877492588762555203, 0.3434269581822820272, 0.03937007874015751446 ) ) ;
#242 = LINE ( 'NONE', #35, #2061 ) ;
#243 = VERTEX_POINT ( 'NONE', #2746 ) ;
#244 = ORIENTED_EDGE ( 'NONE', *, *, #2645, .F. ) ;
#245 = VECTOR ( 'NONE', #458, 39.37007874015748143 ) ;
#246 = ORIENTED_EDGE ( 'NONE', *, *, #1080, .T. ) ;
#247 = AXIS2_PLACEMENT_3D ( 'NONE', #597, #1057, #128 ) ;
#248 = DIRECTION ( 'NONE',  ( -1.000000000000000000, 0.000000000000000000, 0.000000000000000000 ) ) ;
#249 = VERTEX_POINT ( 'NONE', #2762 ) ;
#250 = ADVANCED_FACE ( 'NONE', ( #915 ), #237, .F. ) ;
#251 = EDGE_CURVE ( 'NONE', #565, #925, #884, .T. ) ;
#252 = CYLINDRICAL_SURFACE ( 'NONE', #288, 0.06299212598425196763 ) ;
#253 = CIRCLE ( 'NONE', #1002, 0.1220472440944882775 ) ;
#254 = LINE ( 'NONE', #1843, #102 ) ;
#255 = LINE ( 'NONE', #84, #239 ) ;
#256 = VECTOR ( 'NONE', #1863, 39.37007874015748143 ) ;
#257 = ORIENTED_EDGE ( 'NONE', *, *, #532, .F. ) ;
#258 = CARTESIAN_POINT ( 'NONE',  ( 0.000000000000000000, 0.000000000000000000, -0.03937007874015750059 ) ) ;
#259 = DIRECTION ( 'NONE',  ( -0.000000000000000000, -0.000000000000000000, -1.000000000000000000 ) ) ;
#260 = ORIENTED_EDGE ( 'NONE', *, *, #1740, .F. ) ;
#261 = EDGE_LOOP ( 'NONE', ( #363, #2501, #2390, #1587 ) ) ;
#262 = ORIENTED_EDGE ( 'NONE', *, *, #2757, .F. ) ;
#263 = DIRECTION ( 'NONE',  ( -1.000000000000000000, 0.000000000000000000, 0.000000000000000000 ) ) ;
#264 = ORIENTED_EDGE ( 'NONE', *, *, #2517, .F. ) ;
#265 = CARTESIAN_POINT ( 'NONE',  ( 0.5000000000000001110, -0.2047244094488188948, 1.328707901096514821 ) ) ;
#266 = CARTESIAN_POINT ( 'NONE',  ( -0.2440944881889764162, 0.1429872406805823282, 0.1200787401574803098 ) ) ;
#267 = DIRECTION ( 'NONE',  ( 0.1941059196546583709, -0.9809805767470727300, 0.000000000000000000 ) ) ;
#268 = EDGE_CURVE ( 'NONE', #2833, #109, #2938, .T. ) ;
#269 = ORIENTED_EDGE ( 'NONE', *, *, #2737, .T. ) ;
#270 = CARTESIAN_POINT ( 'NONE',  ( -0.1444655987972096323, 0.6408635055518038248, 1.328707901096514821 ) ) ;
#271 = EDGE_CURVE ( 'NONE', #1402, #2824, #342, .T. ) ;
#272 = CARTESIAN_POINT ( 'NONE',  ( 0.01065102457273716177, 0.2652523529243818179, 0.03937007874015751446 ) ) ;
#273 = ORIENTED_EDGE ( 'NONE', *, *, #2568, .T. ) ;
#274 = ORIENTED_EDGE ( 'NONE', *, *, #1887, .T. ) ;
#275 = VERTEX_POINT ( 'NONE', #2286 ) ;
#276 = CARTESIAN_POINT ( 'NONE',  ( -0.06592585040968856891, 0.3331788070786201872, -0.03937007874015751446 ) ) ;
#277 = FACE_OUTER_BOUND ( 'NONE', #1256, .T. ) ;
#278 = DIRECTION ( 'NONE',  ( -0.000000000000000000, -0.000000000000000000, -1.000000000000000000 ) ) ;
#279 = VECTOR ( 'NONE', #767, 39.37007874015748854 ) ;
#280 = DIRECTION ( 'NONE',  ( -0.9809805767470727300, -0.1941059196546583709, 0.000000000000000000 ) ) ;
#281 = CIRCLE ( 'NONE', #2703, 0.02362204724409441500 ) ;
#282 = ORIENTED_EDGE ( 'NONE', *, *, #13, .T. ) ;
#283 = DIRECTION ( 'NONE',  ( -0.000000000000000000, -0.000000000000000000, -1.000000000000000000 ) ) ;
#284 = CIRCLE ( 'NONE', #1563, 0.06299212598425196763 ) ;
#285 = CARTESIAN_POINT ( 'NONE',  ( 0.6287056971662580152, 0.2074053101566732948, -0.1200787401574803098 ) ) ;
#286 = ORIENTED_EDGE ( 'NONE', *, *, #251, .F. ) ;
#287 = VERTEX_POINT ( 'NONE', #2719 ) ;
#288 = AXIS2_PLACEMENT_3D ( 'NONE', #1382, #427, #2910 ) ;
#289 = ADVANCED_FACE ( 'NONE', ( #1572 ), #2479, .F. ) ;
#290 = ORIENTED_EDGE ( 'NONE', *, *, #1575, .T. ) ;
#291 = DIRECTION ( 'NONE',  ( -0.8496927222547580039, 0.5272781787133795639, -0.000000000000000000 ) ) ;
#292 = AXIS2_PLACEMENT_3D ( 'NONE', #372, #205, #618 ) ;
#293 = ORIENTED_EDGE ( 'NONE', *, *, #2177, .F. ) ;
#294 = DIRECTION ( 'NONE',  ( -0.1941059196546583709, 0.9809805767470727300, 0.000000000000000000 ) ) ;
#295 = CIRCLE ( 'NONE', #2434, 0.2047244094488188948 ) ;
#296 = DIRECTION ( 'NONE',  ( 1.000000000000000000, 3.333337173756828983E-17, 0.000000000000000000 ) ) ;
#297 = VECTOR ( 'NONE', #1701, 39.37007874015748143 ) ;
#298 = ORIENTED_EDGE ( 'NONE', *, *, #831, .F. ) ;
#299 = CYLINDRICAL_SURFACE ( 'NONE', #89, 0.1250000000000000278 ) ;
#300 = VECTOR ( 'NONE', #2485, 39.37007874015748143 ) ;
#301 = CARTESIAN_POINT ( 'NONE',  ( 0.5000000000000000000, 0.000000000000000000, 0.03937007874015751446 ) ) ;
#302 = VERTEX_POINT ( 'NONE', #30 ) ;
#303 = ORIENTED_EDGE ( 'NONE', *, *, #2625, .T. ) ;
#304 = LINE ( 'NONE', #2117, #2797 ) ;
#305 = EDGE_CURVE ( 'NONE', #706, #1191, #1125, .T. ) ;
#306 = EDGE_CURVE ( 'NONE', #764, #1494, #1354, .T. ) ;
#307 = ORIENTED_EDGE ( 'NONE', *, *, #1519, .T. ) ;
#308 = FACE_OUTER_BOUND ( 'NONE', #37, .T. ) ;
#309 = EDGE_CURVE ( 'NONE', #965, #2400, #254, .T. ) ;
#310 = CIRCLE ( 'NONE', #1973, 0.02362204724409444970 ) ;
#311 = CARTESIAN_POINT ( 'NONE',  ( -0.2877492588762555203, 0.3434269581822819717, -0.1200787401574803098 ) ) ;
#312 = CARTESIAN_POINT ( 'NONE',  ( -0.2877492588762555203, 0.3434269581822820272, -0.03937007874015751446 ) ) ;
#313 = PRODUCT_DEFINITION_FORMATION_WITH_SPECIFIED_SOURCE ( 'ANY', '', #783, .NOT_KNOWN. ) ;
#314 = DIRECTION ( 'NONE',  ( -0.000000000000000000, -0.000000000000000000, -1.000000000000000000 ) ) ;
#315 = DIRECTION ( 'NONE',  ( -0.000000000000000000, -0.000000000000000000, 1.000000000000000000 ) ) ;
#316 = CARTESIAN_POINT ( 'NONE',  ( -0.04269055951131190546, 0.1143374213443295317, -1.328707901096514821 ) ) ;
#317 = ORIENTED_EDGE ( 'NONE', *, *, #2074, .F. ) ;
#318 = VERTEX_POINT ( 'NONE', #1814 ) ;
#319 = CARTESIAN_POINT ( 'NONE',  ( -3.414809992080329023E-17, -3.414809992080329023E-17, -0.08999999999999985789 ) ) ;
#320 = LINE ( 'NONE', #1240, #1483 ) ;
#321 = ORIENTED_EDGE ( 'NONE', *, *, #1482, .F. ) ;
#322 = EDGE_CURVE ( 'NONE', #2057, #699, #723, .T. ) ;
#323 = DIRECTION ( 'NONE',  ( -0.000000000000000000, -0.000000000000000000, 1.000000000000000000 ) ) ;
#324 = VERTEX_POINT ( 'NONE', #1407 ) ;
#325 = CARTESIAN_POINT ( 'NONE',  ( 0.006455158688146582155, 0.4055598161764562004, -0.1200787401574803098 ) ) ;
#326 = EDGE_CURVE ( 'NONE', #2754, #2650, #479, .T. ) ;
#327 = CARTESIAN_POINT ( 'NONE',  ( -0.2047244094488188948, -5.854665251265082284E-17, -0.1200787401574803098 ) ) ;
#328 = VERTEX_POINT ( 'NONE', #2522 ) ;
#329 = LINE ( 'NONE', #270, #890 ) ;
#330 = CARTESIAN_POINT ( 'NONE',  ( -0.1897677564046337251, 0.6115673036087564407, 1.328707901096514821 ) ) ;
#331 = AXIS2_PLACEMENT_3D ( 'NONE', #696, #1594, #2040 ) ;
#332 = ORIENTED_EDGE ( 'NONE', *, *, #1925, .F. ) ;
#333 = VERTEX_POINT ( 'NONE', #708 ) ;
#334 = AXIS2_PLACEMENT_3D ( 'NONE', #2026, #2704, #2466 ) ;
#335 = CYLINDRICAL_SURFACE ( 'NONE', #2246, 0.1220472440944882775 ) ;
#336 = CIRCLE ( 'NONE', #658, 0.2047244094488188393 ) ;
#337 = ORIENTED_EDGE ( 'NONE', *, *, #179, .T. ) ;
#338 = LINE ( 'NONE', #1242, #2808 ) ;
#339 = DIRECTION ( 'NONE',  ( -1.000000000000000000, 0.000000000000000000, 0.000000000000000000 ) ) ;
#340 = EDGE_CURVE ( 'NONE', #1841, #699, #2523, .T. ) ;
#341 = EDGE_CURVE ( 'NONE', #2885, #964, #1368, .T. ) ;
#342 = CIRCLE ( 'NONE', #2288, 0.1250000000000000278 ) ;
#343 = CARTESIAN_POINT ( 'NONE',  ( -0.3443143469398259326, 0.4333986658294679550, 0.1200787401574803098 ) ) ;
#344 = DIRECTION ( 'NONE',  ( -0.000000000000000000, -0.000000000000000000, 1.000000000000000000 ) ) ;
#345 = FACE_OUTER_BOUND ( 'NONE', #2297, .T. ) ;
#346 = AXIS2_PLACEMENT_3D ( 'NONE', #1632, #1273, #1943 ) ;
#347 = ORIENTED_EDGE ( 'NONE', *, *, #2198, .T. ) ;
#348 = ORIENTED_EDGE ( 'NONE', *, *, #2104, .F. ) ;
#349 = AXIS2_PLACEMENT_3D ( 'NONE', #125, #1684, #1939 ) ;
#350 = DIRECTION ( 'NONE',  ( -1.000000000000000000, 0.000000000000000000, 0.000000000000000000 ) ) ;
#351 = CARTESIAN_POINT ( 'NONE',  ( -0.1897677564046337251, 0.6115673036087564407, 0.1200787401574803098 ) ) ;
#352 = EDGE_LOOP ( 'NONE', ( #130, #390, #321, #2086 ) ) ;
#353 = APPROVAL_ROLE ( '' ) ;
#354 = CARTESIAN_POINT ( 'NONE',  ( -0.3443143469398259326, 0.4333986658294679550, -0.03937007874015751446 ) ) ;
#355 = DIRECTION ( 'NONE',  ( 1.000000000000000000, 0.000000000000000000, 0.000000000000000000 ) ) ;
#356 = EDGE_LOOP ( 'NONE', ( #2173, #384 ) ) ;
#357 = CARTESIAN_POINT ( 'NONE',  ( -0.2440944881889763329, -0.2440944881889763329, -0.1200787401574803098 ) ) ;
#358 = CARTESIAN_POINT ( 'NONE',  ( -0.1661457091605392788, 0.6115673036087564407, -0.1200787401574803098 ) ) ;
#359 = DIRECTION ( 'NONE',  ( 0.7071067811865436870, 0.7071067811865513475, 0.000000000000000000 ) ) ;
#360 = VECTOR ( 'NONE', #2536, 39.37007874015748143 ) ;
#361 = EDGE_CURVE ( 'NONE', #1220, #1166, #715, .T. ) ;
#362 = VERTEX_POINT ( 'NONE', #1397 ) ;
#363 = ORIENTED_EDGE ( 'NONE', *, *, #230, .F. ) ;
#364 = CARTESIAN_POINT ( 'NONE',  ( -0.4881889763779527769, 0.1429872406805822171, 0.03937007874015751446 ) ) ;
#365 = EDGE_CURVE ( 'NONE', #91, #1324, #663, .T. ) ;
#366 = DIRECTION ( 'NONE',  ( 0.000000000000000000, 0.000000000000000000, 1.000000000000000000 ) ) ;
#367 = ORIENTED_EDGE ( 'NONE', *, *, #2020, .T. ) ;
#368 = LINE ( 'NONE', #2133, #1671 ) ;
#369 = CARTESIAN_POINT ( 'NONE',  ( -0.1736242986373653374, 0.6374953337155470079, -1.328707901096514821 ) ) ;
#370 = DIRECTION ( 'NONE',  ( 1.000000000000000000, 0.000000000000000000, 0.000000000000000000 ) ) ;
#371 = LINE ( 'NONE', #1766, #1929 ) ;
#372 = CARTESIAN_POINT ( 'NONE',  ( -0.06592585040968858279, 0.3331788070786201872, 0.1200787401574803098 ) ) ;
#373 = DIRECTION ( 'NONE',  ( -0.000000000000000000, -0.000000000000000000, 1.000000000000000000 ) ) ;
#374 = VERTEX_POINT ( 'NONE', #266 ) ;
#375 = FACE_OUTER_BOUND ( 'NONE', #1489, .T. ) ;
#376 = VECTOR ( 'NONE', #1386, 39.37007874015748143 ) ;
#377 = FACE_OUTER_BOUND ( 'NONE', #1627, .T. ) ;
#378 = ORIENTED_EDGE ( 'NONE', *, *, #1136, .F. ) ;
#379 = EDGE_CURVE ( 'NONE', #876, #922, #2082, .T. ) ;
#380 = ORIENTED_EDGE ( 'NONE', *, *, #1379, .T. ) ;
#381 = VECTOR ( 'NONE', #1264, 39.37007874015748143 ) ;
#382 = DIRECTION ( 'NONE',  ( -1.000000000000000000, 0.000000000000000000, 0.000000000000000000 ) ) ;
#383 = CYLINDRICAL_SURFACE ( 'NONE', #1770, 0.2047244094488188948 ) ;
#384 = ORIENTED_EDGE ( 'NONE', *, *, #1740, .T. ) ;
#385 = DIRECTION ( 'NONE',  ( 0.7071067811865516806, -0.7071067811865433539, -0.000000000000000000 ) ) ;
#386 = DIRECTION ( 'NONE',  ( 0.5073382610862008368, 0.8617469981601502127, 0.000000000000000000 ) ) ;
#387 = CARTESIAN_POINT ( 'NONE',  ( -0.06573824511970957629, 0.2308167742720317883, -1.328707901096514821 ) ) ;
#388 = DIRECTION ( 'NONE',  ( 0.000000000000000000, 0.000000000000000000, 1.000000000000000000 ) ) ;
#389 = AXIS2_PLACEMENT_3D ( 'NONE', #1921, #2125, #2821 ) ;
#390 = ORIENTED_EDGE ( 'NONE', *, *, #1429, .F. ) ;
#391 = LINE ( 'NONE', #562, #2705 ) ;
#392 = CARTESIAN_POINT ( 'NONE',  ( 2.410722045565655762E-18, -0.2047244094488188670, -0.1200787401574803098 ) ) ;
#393 = VECTOR ( 'NONE', #2330, 39.37007874015748143 ) ;
#394 = EDGE_CURVE ( 'NONE', #1008, #1463, #2525, .T. ) ;
#395 = ADVANCED_FACE ( 'NONE', ( #2601, #155 ), #2638, .T. ) ;
#396 = CIRCLE ( 'NONE', #766, 0.2047244094488188393 ) ;
#397 = CARTESIAN_POINT ( 'NONE',  ( -0.3443143469398259326, 0.4333986658294679550, -1.328707901096514821 ) ) ;
#398 = ORIENTED_EDGE ( 'NONE', *, *, #986, .T. ) ;
#399 = CARTESIAN_POINT ( 'NONE',  ( -0.1444655987972096600, 0.6408635055518038248, 0.1200787401574803098 ) ) ;
#400 = ADVANCED_FACE ( 'NONE', ( #1732 ), #2588, .F. ) ;
#401 = CARTESIAN_POINT ( 'NONE',  ( 0.5000000000000001110, -0.2047244094488188948, -0.03937007874015751446 ) ) ;
#402 = DIRECTION ( 'NONE',  ( -1.000000000000000000, 0.000000000000000000, 0.000000000000000000 ) ) ;
#403 = CARTESIAN_POINT ( 'NONE',  ( 0.3765597341828912925, -0.01968503937007873641, -1.328707901096514821 ) ) ;
#404 = CARTESIAN_POINT ( 'NONE',  ( -0.2552300280501832441, 0.6115673036087559966, 0.1200787401574803098 ) ) ;
#405 = EDGE_LOOP ( 'NONE', ( #2744, #1102, #2878, #2771 ) ) ;
#406 = AXIS2_PLACEMENT_3D ( 'NONE', #1510, #2423, #1065 ) ;
#407 = PLANE ( 'NONE',  #1854 ) ;
#408 = CARTESIAN_POINT ( 'NONE',  ( -0.2440944881889764162, 0.2440944881889763884, 0.1200787401574803098 ) ) ;
#409 = CARTESIAN_POINT ( 'NONE',  ( 0.000000000000000000, 0.000000000000000000, 0.000000000000000000 ) ) ;
#410 = DIRECTION ( 'NONE',  ( -1.000000000000000000, 0.000000000000000000, 0.000000000000000000 ) ) ;
#411 = CARTESIAN_POINT ( 'NONE',  ( -0.1220472440944883052, -3.414809992080329023E-17, 0.08999999999999985789 ) ) ;
#412 = ORIENTED_EDGE ( 'NONE', *, *, #2194, .T. ) ;
#413 = EDGE_CURVE ( 'NONE', #1035, #681, #1001, .T. ) ;
#414 = DIRECTION ( 'NONE',  ( -0.1941059196546582044, 0.9809805767470727300, 0.000000000000000000 ) ) ;
#415 = DIRECTION ( 'NONE',  ( 0.000000000000000000, 0.000000000000000000, -1.000000000000000000 ) ) ;
#416 = CARTESIAN_POINT ( 'NONE',  ( -3.414809992080329023E-17, -3.414809992080329023E-17, 1.328707901096514821 ) ) ;
#417 = ORIENTED_EDGE ( 'NONE', *, *, #2119, .T. ) ;
#418 = LINE ( 'NONE', #1345, #1704 ) ;
#419 = CARTESIAN_POINT ( 'NONE',  ( -0.3443143469398259326, 0.4333986658294679550, 0.1200787401574803098 ) ) ;
#420 = ORIENTED_EDGE ( 'NONE', *, *, #306, .T. ) ;
#421 = DATE_TIME_ROLE ( 'creation_date' ) ;
#422 = CIRCLE ( 'NONE', #797, 0.02362204724409441500 ) ;
#423 = ORIENTED_EDGE ( 'NONE', *, *, #2722, .T. ) ;
#424 = AXIS2_PLACEMENT_3D ( 'NONE', #813, #795, #134 ) ;
#425 = CARTESIAN_POINT ( 'NONE',  ( 0.5000000000000001110, -0.2047244094488188948, -0.03937007874015751446 ) ) ;
#426 = ORIENTED_EDGE ( 'NONE', *, *, #2737, .F. ) ;
#427 = DIRECTION ( 'NONE',  ( 0.000000000000000000, 0.000000000000000000, 1.000000000000000000 ) ) ;
#428 = DIRECTION ( 'NONE',  ( -3.333337173756828983E-17, -1.000000000000000000, 0.000000000000000000 ) ) ;
#429 = DIRECTION ( 'NONE',  ( -0.000000000000000000, -0.000000000000000000, -1.000000000000000000 ) ) ;
#430 = EDGE_CURVE ( 'NONE', #2044, #1109, #804, .T. ) ;
#431 = EDGE_CURVE ( 'NONE', #2650, #1475, #338, .T. ) ;
#432 = VERTEX_POINT ( 'NONE', #1689 ) ;
#433 = DIRECTION ( 'NONE',  ( -0.7071067811865436870, -0.7071067811865514585, 0.000000000000000000 ) ) ;
#434 = ADVANCED_FACE ( 'NONE', ( #2179 ), #2192, .F. ) ;
#435 = CYLINDRICAL_SURFACE ( 'NONE', #911, 0.02362204724409444970 ) ;
#436 = ORIENTED_EDGE ( 'NONE', *, *, #2305, .T. ) ;
#437 =( NAMED_UNIT ( * ) SI_UNIT ( $, .STERADIAN. ) SOLID_ANGLE_UNIT ( ) );
#438 = VECTOR ( 'NONE', #690, 39.37007874015748143 ) ;
#439 = VECTOR ( 'NONE', #2768, 39.37007874015748143 ) ;
#440 = DIRECTION ( 'NONE',  ( -0.000000000000000000, -0.000000000000000000, -1.000000000000000000 ) ) ;
#441 = ORIENTED_EDGE ( 'NONE', *, *, #700, .T. ) ;
#442 = LINE ( 'NONE', #2259, #1660 ) ;
#443 = DIRECTION ( 'NONE',  ( 0.8496927222547580039, -0.5272781787133795639, 0.000000000000000000 ) ) ;
#444 = DIRECTION ( 'NONE',  ( 1.000000000000000000, 0.000000000000000000, 0.000000000000000000 ) ) ;
#445 = EDGE_LOOP ( 'NONE', ( #269, #927 ) ) ;
#446 = EDGE_CURVE ( 'NONE', #1731, #32, #1961, .T. ) ;
#447 = DIRECTION ( 'NONE',  ( 0.000000000000000000, 0.000000000000000000, 1.000000000000000000 ) ) ;
#448 = DIRECTION ( 'NONE',  ( 1.000000000000000000, 0.000000000000000000, -0.000000000000000000 ) ) ;
#449 = ORIENTED_EDGE ( 'NONE', *, *, #2123, .F. ) ;
#450 = VECTOR ( 'NONE', #940, 39.37007874015748143 ) ;
#451 = VERTEX_POINT ( 'NONE', #2401 ) ;
#452 = ADVANCED_FACE ( 'NONE', ( #2862 ), #789, .F. ) ;
#453 = DIRECTION ( 'NONE',  ( -3.333337173756828983E-17, 1.000000000000000000, 0.000000000000000000 ) ) ;
#454 = EDGE_LOOP ( 'NONE', ( #2252, #192, #547, #720 ) ) ;
#455 = CARTESIAN_POINT ( 'NONE',  ( 0.5000000000000000000, 0.000000000000000000, -0.03937007874015751446 ) ) ;
#456 = ORIENTED_EDGE ( 'NONE', *, *, #1309, .F. ) ;
#457 = DIRECTION ( 'NONE',  ( -1.000000000000000000, 0.000000000000000000, 0.000000000000000000 ) ) ;
#458 = DIRECTION ( 'NONE',  ( -0.000000000000000000, -0.000000000000000000, -1.000000000000000000 ) ) ;
#459 = DIRECTION ( 'NONE',  ( 1.000000000000000000, 0.000000000000000000, 0.000000000000000000 ) ) ;
#460 = ORIENTED_EDGE ( 'NONE', *, *, #1835, .T. ) ;
#461 = CARTESIAN_POINT ( 'NONE',  ( -0.1736242986373653374, 0.6374953337155470079, 0.1200787401574803098 ) ) ;
#462 = DIRECTION ( 'NONE',  ( -0.000000000000000000, -0.000000000000000000, -1.000000000000000000 ) ) ;
#463 = EDGE_LOOP ( 'NONE', ( #2753, #502, #2039, #2270 ) ) ;
#464 = ADVANCED_FACE ( 'NONE', ( #2417 ), #2876, .F. ) ;
#465 = EDGE_CURVE ( 'NONE', #2462, #1731, #550, .T. ) ;
#466 = ORIENTED_EDGE ( 'NONE', *, *, #2267, .F. ) ;
#467 = VECTOR ( 'NONE', #2249, 39.37007874015748143 ) ;
#468 = CYLINDRICAL_SURFACE ( 'NONE', #1343, 0.02362204724409444970 ) ;
#469 = ORIENTED_EDGE ( 'NONE', *, *, #1848, .T. ) ;
#470 = DIRECTION ( 'NONE',  ( -0.000000000000000000, -0.000000000000000000, 1.000000000000000000 ) ) ;
#471 = CARTESIAN_POINT ( 'NONE',  ( -0.08267716535433072833, 0.000000000000000000, 0.1200787401574803098 ) ) ;
#472 = AXIS2_PLACEMENT_3D ( 'NONE', #404, #1693, #359 ) ;
#473 = DIRECTION ( 'NONE',  ( -1.000000000000000000, 0.000000000000000000, 0.000000000000000000 ) ) ;
#474 = CIRCLE ( 'NONE', #1036, 0.1220472440944882775 ) ;
#475 = ORIENTED_EDGE ( 'NONE', *, *, #322, .T. ) ;
#476 = FACE_OUTER_BOUND ( 'NONE', #1059, .T. ) ;
#477 = CARTESIAN_POINT ( 'NONE',  ( -0.04269055951131190546, 0.1143374213443295317, -0.03937007874015751446 ) ) ;
#478 = ORIENTED_EDGE ( 'NONE', *, *, #591, .T. ) ;
#479 = CIRCLE ( 'NONE', #2146, 0.08267716535433075609 ) ;
#480 = VERTEX_POINT ( 'NONE', #2388 ) ;
#481 = EDGE_CURVE ( 'NONE', #324, #14, #2337, .T. ) ;
#482 = AXIS2_PLACEMENT_3D ( 'NONE', #183, #453, #10 ) ;
#483 = DIRECTION ( 'NONE',  ( -1.000000000000000000, 0.000000000000000000, 0.000000000000000000 ) ) ;
#484 = VERTEX_POINT ( 'NONE', #1716 ) ;
#485 = FACE_OUTER_BOUND ( 'NONE', #1366, .T. ) ;
#486 = DIRECTION ( 'NONE',  ( -0.000000000000000000, -0.000000000000000000, 1.000000000000000000 ) ) ;
#487 = EDGE_CURVE ( 'NONE', #1053, #56, #107, .T. ) ;
#488 = DIRECTION ( 'NONE',  ( 1.000000000000000000, 0.000000000000000000, 0.000000000000000000 ) ) ;
#489 = ORIENTED_EDGE ( 'NONE', *, *, #1272, .T. ) ;
#490 = DIRECTION ( 'NONE',  ( 1.000000000000000000, 0.000000000000000000, 0.000000000000000000 ) ) ;
#491 = DIRECTION ( 'NONE',  ( 1.000000000000000000, 0.000000000000000000, 0.000000000000000000 ) ) ;
#492 = EDGE_LOOP ( 'NONE', ( #1839, #1389, #2144, #2160 ) ) ;
#493 = ORIENTED_EDGE ( 'NONE', *, *, #514, .T. ) ;
#494 = VERTEX_POINT ( 'NONE', #1746 ) ;
#495 = CIRCLE ( 'NONE', #118, 0.02362204724409444970 ) ;
#496 = CARTESIAN_POINT ( 'NONE',  ( -0.1569209888455571633, 0.6207920239237387783, 0.1200787401574803098 ) ) ;
#497 = ORIENTED_EDGE ( 'NONE', *, *, #1848, .F. ) ;
#498 = LINE ( 'NONE', #1644, #69 ) ;
#499 = DIRECTION ( 'NONE',  ( 0.000000000000000000, 0.000000000000000000, 1.000000000000000000 ) ) ;
#500 = DIRECTION ( 'NONE',  ( 0.8617469981601501017, -0.5073382610862007258, 0.000000000000000000 ) ) ;
#501 = EDGE_CURVE ( 'NONE', #1404, #539, #622, .T. ) ;
#502 = ORIENTED_EDGE ( 'NONE', *, *, #2606, .T. ) ;
#503 = LINE ( 'NONE', #1878, #439 ) ;
#504 = ORIENTED_EDGE ( 'NONE', *, *, #2500, .F. ) ;
#505 = ORIENTED_EDGE ( 'NONE', *, *, #48, .F. ) ;
#506 = CARTESIAN_POINT ( 'NONE',  ( 0.006455158688146582155, 0.4055598161764562004, 1.328707901096514821 ) ) ;
#507 = ORIENTED_EDGE ( 'NONE', *, *, #2071, .F. ) ;
#508 = CARTESIAN_POINT ( 'NONE',  ( -0.3155881085292689958, 0.3155881085292681631, 0.1200787401574803098 ) ) ;
#509 = AXIS2_PLACEMENT_3D ( 'NONE', #1846, #2563, #2113 ) ;
#510 = DIRECTION ( 'NONE',  ( -0.000000000000000000, -0.000000000000000000, -1.000000000000000000 ) ) ;
#511 = AXIS2_PLACEMENT_3D ( 'NONE', #2245, #1574, #2924 ) ;
#512 = CARTESIAN_POINT ( 'NONE',  ( -0.04269055951131190546, 0.1143374213443295317, -0.08999999999999985789 ) ) ;
#513 = EDGE_CURVE ( 'NONE', #910, #1131, #368, .T. ) ;
#514 = EDGE_CURVE ( 'NONE', #1592, #1220, #1915, .T. ) ;
#515 = AXIS2_PLACEMENT_3D ( 'NONE', #1617, #2521, #204 ) ;
#516 = DIRECTION ( 'NONE',  ( 0.7071067811865436870, 0.7071067811865514585, -0.000000000000000000 ) ) ;
#517 = ORIENTED_EDGE ( 'NONE', *, *, #2105, .T. ) ;
#518 = CYLINDRICAL_SURFACE ( 'NONE', #1137, 0.2440944881889764440 ) ;
#519 = EDGE_CURVE ( 'NONE', #559, #2848, #1988, .T. ) ;
#520 = ORIENTED_EDGE ( 'NONE', *, *, #1080, .F. ) ;
#521 = DIRECTION ( 'NONE',  ( -1.000000000000000000, 0.000000000000000000, 0.000000000000000000 ) ) ;
#522 = AXIS2_PLACEMENT_3D ( 'NONE', #1468, #2576, #1248 ) ;
#523 = DIRECTION ( 'NONE',  ( 0.8617469981601502127, -0.5073382610862007258, 0.000000000000000000 ) ) ;
#524 = AXIS2_PLACEMENT_3D ( 'NONE', #1365, #926, #2686 ) ;
#525 = LINE ( 'NONE', #1634, #2184 ) ;
#526 = CIRCLE ( 'NONE', #1103, 0.06299212598425199539 ) ;
#527 = CARTESIAN_POINT ( 'NONE',  ( -0.1444655987972096323, 0.6408635055518038248, 0.03937007874015751446 ) ) ;
#528 = FACE_OUTER_BOUND ( 'NONE', #1984, .T. ) ;
#529 = AXIS2_PLACEMENT_3D ( 'NONE', #1359, #2263, #226 ) ;
#530 = CARTESIAN_POINT ( 'NONE',  ( -0.004069276962214534756, 0.1219793866850640979, -1.328707901096514821 ) ) ;
#531 = ORIENTED_EDGE ( 'NONE', *, *, #896, .T. ) ;
#532 = EDGE_CURVE ( 'NONE', #2284, #1109, #672, .T. ) ;
#533 = ORIENTED_EDGE ( 'NONE', *, *, #2756, .F. ) ;
#534 = CARTESIAN_POINT ( 'NONE',  ( 2.410722045565655762E-18, -0.2047244094488188670, 0.1200787401574803098 ) ) ;
#535 = ADVANCED_FACE ( 'NONE', ( #229 ), #2237, .F. ) ;
#536 = ADVANCED_FACE ( 'NONE', ( #907 ), #1088, .T. ) ;
#537 = VERTEX_POINT ( 'NONE', #187 ) ;
#538 = CYLINDRICAL_SURFACE ( 'NONE', #909, 0.2834645669291338543 ) ;
#539 = VERTEX_POINT ( 'NONE', #1122 ) ;
#540 = VECTOR ( 'NONE', #745, 39.37007874015748143 ) ;
#541 = CARTESIAN_POINT ( 'NONE',  ( 2.410722045565655762E-18, -0.2047244094488188670, -1.328707901096514821 ) ) ;
#542 = CARTESIAN_POINT ( 'NONE',  ( -0.4881889763779527769, 0.1429872406805822171, 1.328707901096514821 ) ) ;
#543 = CC_DESIGN_APPROVAL ( #1776, ( #935 ) ) ;
#544 = EDGE_LOOP ( 'NONE', ( #1012, #1652, #1414, #1207 ) ) ;
#545 = DIRECTION ( 'NONE',  ( 1.000000000000000000, 0.000000000000000000, 0.000000000000000000 ) ) ;
#546 = CARTESIAN_POINT ( 'NONE',  ( -0.2877492588762555203, 0.3434269581822819717, 1.328707901096514821 ) ) ;
#547 = ORIENTED_EDGE ( 'NONE', *, *, #878, .T. ) ;
#548 = PLANE ( 'NONE',  #1434 ) ;
#549 = ORIENTED_EDGE ( 'NONE', *, *, #123, .T. ) ;
#550 = LINE ( 'NONE', #821, #1913 ) ;
#551 = EDGE_CURVE ( 'NONE', #1838, #1034, #811, .T. ) ;
#552 = ADVANCED_FACE ( 'NONE', ( #659 ), #2034, .T. ) ;
#553 = ORIENTED_EDGE ( 'NONE', *, *, #1411, .F. ) ;
#554 = CARTESIAN_POINT ( 'NONE',  ( -0.06592585040968856891, 0.3331788070786201872, -1.328707901096514821 ) ) ;
#555 = DIRECTION ( 'NONE',  ( -1.000000000000000000, 0.000000000000000000, 0.000000000000000000 ) ) ;
#556 = LINE ( 'NONE', #2038, #2467 ) ;
#557 = CARTESIAN_POINT ( 'NONE',  ( -0.1828490189523476195, 0.6282706134005645593, -0.1200787401574803098 ) ) ;
#558 = VECTOR ( 'NONE', #2498, 39.37007874015748854 ) ;
#559 = VERTEX_POINT ( 'NONE', #912 ) ;
#560 = VERTEX_POINT ( 'NONE', #2240 ) ;
#561 = AXIS2_PLACEMENT_3D ( 'NONE', #601, #2609, #117 ) ;
#562 = CARTESIAN_POINT ( 'NONE',  ( -0.2552300280501832441, 0.6115673036087559966, -0.1200787401574803098 ) ) ;
#563 = CARTESIAN_POINT ( 'NONE',  ( -0.02711696257061217002, 0.2384587396127663406, -1.328707901096514821 ) ) ;
#564 = AXIS2_PLACEMENT_3D ( 'NONE', #2444, #2662, #350 ) ;
#565 = VERTEX_POINT ( 'NONE', #12 ) ;
#566 = DIRECTION ( 'NONE',  ( 1.000000000000000000, 5.782411586589366711E-15, 0.000000000000000000 ) ) ;
#567 = CARTESIAN_POINT ( 'NONE',  ( -0.2440944881889763884, 0.000000000000000000, 0.1200787401574803098 ) ) ;
#568 = ORIENTED_EDGE ( 'NONE', *, *, #2590, .T. ) ;
#569 = EDGE_CURVE ( 'NONE', #1624, #2473, #2021, .T. ) ;
#570 = CARTESIAN_POINT ( 'NONE',  ( -0.004069276962214533888, 0.1219793866850640562, 0.03937007874015751446 ) ) ;
#571 = EDGE_CURVE ( 'NONE', #1672, #1275, #2920, .T. ) ;
#572 = DIRECTION ( 'NONE',  ( -1.000000000000000000, 6.829619984160656814E-17, 0.000000000000000000 ) ) ;
#573 = LINE ( 'NONE', #1485, #858 ) ;
#574 = CARTESIAN_POINT ( 'NONE',  ( 0.03062497185959546855, 0.2991794000960412703, 0.03937007874015751446 ) ) ;
#575 = DIRECTION ( 'NONE',  ( 0.000000000000000000, 0.000000000000000000, 1.000000000000000000 ) ) ;
#576 = VECTOR ( 'NONE', #2257, 39.37007874015748143 ) ;
#577 = ORIENTED_EDGE ( 'NONE', *, *, #431, .F. ) ;
#578 = VECTOR ( 'NONE', #2015, 39.37007874015748143 ) ;
#579 = PLANE ( 'NONE',  #2094 ) ;
#580 = FACE_OUTER_BOUND ( 'NONE', #2143, .T. ) ;
#581 = ORIENTED_EDGE ( 'NONE', *, *, #1979, .T. ) ;
#582 = DIRECTION ( 'NONE',  ( -1.000000000000000000, 0.000000000000000000, 0.000000000000000000 ) ) ;
#583 = PLANE ( 'NONE',  #2860 ) ;
#584 = VERTEX_POINT ( 'NONE', #1153 ) ;
#585 = CYLINDRICAL_SURFACE ( 'NONE', #1685, 0.02362204724409441500 ) ;
#586 = AXIS2_PLACEMENT_3D ( 'NONE', #616, #2436, #1307 ) ;
#587 = DIRECTION ( 'NONE',  ( -0.000000000000000000, -0.000000000000000000, 1.000000000000000000 ) ) ;
#588 = CARTESIAN_POINT ( 'NONE',  ( -3.414809992080329023E-17, -3.414809992080329023E-17, 0.03937007874015751446 ) ) ;
#589 = CARTESIAN_POINT ( 'NONE',  ( -0.2047244094488188670, -3.414809992080329023E-17, 0.03937007874015751446 ) ) ;
#590 = LOCAL_TIME ( 14, 18, 16.00000000000000000, #127 ) ;
#591 = EDGE_CURVE ( 'NONE', #2116, #631, #1246, .T. ) ;
#592 = VERTEX_POINT ( 'NONE', #893 ) ;
#593 = ORIENTED_EDGE ( 'NONE', *, *, #2567, .F. ) ;
#594 = DIRECTION ( 'NONE',  ( -0.000000000000000000, -0.000000000000000000, -1.000000000000000000 ) ) ;
#595 = DIRECTION ( 'NONE',  ( -1.000000000000000000, -3.333337173756828983E-17, -0.000000000000000000 ) ) ;
#596 = ORIENTED_EDGE ( 'NONE', *, *, #394, .F. ) ;
#597 = CARTESIAN_POINT ( 'NONE',  ( 0.5000000000000000000, 0.000000000000000000, -0.1200787401574803098 ) ) ;
#598 = VERTEX_POINT ( 'NONE', #1337 ) ;
#599 = CARTESIAN_POINT ( 'NONE',  ( -0.06592585040968856891, 0.3331788070786201872, 0.03937007874015751446 ) ) ;
#600 = FACE_OUTER_BOUND ( 'NONE', #1031, .T. ) ;
#601 = CARTESIAN_POINT ( 'NONE',  ( -3.414809992080329023E-17, -3.414809992080329023E-17, -1.328707901096514821 ) ) ;
#602 = VERTEX_POINT ( 'NONE', #2935 ) ;
#603 = EDGE_CURVE ( 'NONE', #2044, #652, #2905, .T. ) ;
#604 = EDGE_CURVE ( 'NONE', #560, #1253, #2908, .T. ) ;
#605 = DIRECTION ( 'NONE',  ( -1.000000000000000000, 0.000000000000000000, 0.000000000000000000 ) ) ;
#606 = CIRCLE ( 'NONE', #1751, 0.1220472440944882775 ) ;
#607 = DIRECTION ( 'NONE',  ( -0.000000000000000000, -0.000000000000000000, -1.000000000000000000 ) ) ;
#608 = ORIENTED_EDGE ( 'NONE', *, *, #1628, .T. ) ;
#609 = AXIS2_PLACEMENT_3D ( 'NONE', #899, #1079, #459 ) ;
#610 = DATE_AND_TIME ( #1942, #590 ) ;
#611 = EDGE_CURVE ( 'NONE', #1253, #1472, #2009, .T. ) ;
#612 = CARTESIAN_POINT ( 'NONE',  ( -0.3443143469398259326, 0.4333986658294679550, 0.1200787401574803098 ) ) ;
#613 = CIRCLE ( 'NONE', #944, 0.1220472440944882775 ) ;
#614 = LINE ( 'NONE', #1258, #1390 ) ;
#615 = ORIENTED_EDGE ( 'NONE', *, *, #1811, .F. ) ;
#616 = CARTESIAN_POINT ( 'NONE',  ( -0.1828490189523476195, 0.6282706134005645593, -1.328707901096514821 ) ) ;
#617 = LINE ( 'NONE', #1030, #2872 ) ;
#618 = DIRECTION ( 'NONE',  ( 1.000000000000000000, 0.000000000000000000, 0.000000000000000000 ) ) ;
#619 = CARTESIAN_POINT ( 'NONE',  ( -0.2047244094488188948, -5.854665251265082284E-17, 0.1200787401574803098 ) ) ;
#620 = AXIS2_PLACEMENT_3D ( 'NONE', #2053, #2734, #443 ) ;
#621 = DIRECTION ( 'NONE',  ( 0.000000000000000000, 0.000000000000000000, -1.000000000000000000 ) ) ;
#622 = CIRCLE ( 'NONE', #1149, 0.02362204724409441500 ) ;
#623 = DIRECTION ( 'NONE',  ( 0.000000000000000000, 0.000000000000000000, -1.000000000000000000 ) ) ;
#624 = EDGE_CURVE ( 'NONE', #2323, #2044, #2697, .T. ) ;
#625 = ORIENTED_EDGE ( 'NONE', *, *, #2001, .F. ) ;
#626 = EDGE_LOOP ( 'NONE', ( #1391, #1210, #731, #2678, #868, #2566 ) ) ;
#627 = DATE_AND_TIME ( #2619, #1976 ) ;
#628 = CIRCLE ( 'NONE', #1822, 0.1023622047244094335 ) ;
#629 = LINE ( 'NONE', #818, #722 ) ;
#630 = EDGE_CURVE ( 'NONE', #2824, #1463, #2064, .T. ) ;
#631 = VERTEX_POINT ( 'NONE', #677 ) ;
#632 = LINE ( 'NONE', #1934, #923 ) ;
#633 = DIRECTION ( 'NONE',  ( -1.000000000000000000, 0.000000000000000000, 0.000000000000000000 ) ) ;
#634 = DIRECTION ( 'NONE',  ( -0.000000000000000000, -0.000000000000000000, -1.000000000000000000 ) ) ;
#635 = DIRECTION ( 'NONE',  ( -1.000000000000000000, 6.829619984160656814E-17, 0.000000000000000000 ) ) ;
#636 = CARTESIAN_POINT ( 'NONE',  ( -0.02711696257061221860, 0.2384587396127663406, -0.03937007874015751446 ) ) ;
#637 = ORIENTED_EDGE ( 'NONE', *, *, #2449, .F. ) ;
#638 = DIRECTION ( 'NONE',  ( -0.000000000000000000, -0.000000000000000000, 1.000000000000000000 ) ) ;
#639 = DIRECTION ( 'NONE',  ( -0.000000000000000000, -0.000000000000000000, 1.000000000000000000 ) ) ;
#640 = ORIENTED_EDGE ( 'NONE', *, *, #365, .F. ) ;
#641 = EDGE_LOOP ( 'NONE', ( #1241, #816, #1413, #2291 ) ) ;
#642 = ADVANCED_FACE ( 'NONE', ( #881 ), #219, .T. ) ;
#643 = EDGE_CURVE ( 'NONE', #2695, #1034, #1553, .T. ) ;
#644 = CARTESIAN_POINT ( 'NONE',  ( -0.1661457091605392788, 0.6115673036087564407, 0.1200787401574803098 ) ) ;
#645 = ORIENTED_EDGE ( 'NONE', *, *, #2379, .T. ) ;
#646 = DIRECTION ( 'NONE',  ( -0.7071067811865436870, -0.7071067811865513475, -0.000000000000000000 ) ) ;
#647 = DIRECTION ( 'NONE',  ( -0.1941059196546583709, 0.9809805767470727300, 0.000000000000000000 ) ) ;
#648 = CARTESIAN_POINT ( 'NONE',  ( -0.1220472440944883052, -3.414809992080329023E-17, -0.08999999999999985789 ) ) ;
#649 = ORIENTED_EDGE ( 'NONE', *, *, #896, .F. ) ;
#650 = DIRECTION ( 'NONE',  ( 1.000000000000000000, 0.000000000000000000, 0.000000000000000000 ) ) ;
#651 = CARTESIAN_POINT ( 'NONE',  ( -0.1661457091605394176, 0.6115673036087564407, -0.1200787401574803098 ) ) ;
#652 = VERTEX_POINT ( 'NONE', #425 ) ;
#653 = ORIENTED_EDGE ( 'NONE', *, *, #603, .T. ) ;
#654 = PERSON_AND_ORGANIZATION ( #144, #2636 ) ;
#655 = VECTOR ( 'NONE', #887, 39.37007874015748143 ) ;
#656 = VECTOR ( 'NONE', #500, 39.37007874015748854 ) ;
#657 = VERTEX_POINT ( 'NONE', #202 ) ;
#658 = AXIS2_PLACEMENT_3D ( 'NONE', #77, #2091, #2782 ) ;
#659 = FACE_OUTER_BOUND ( 'NONE', #1427, .T. ) ;
#660 = EDGE_CURVE ( 'NONE', #1086, #2032, #2743, .T. ) ;
#661 = ORIENTED_EDGE ( 'NONE', *, *, #1555, .F. ) ;
#662 = CARTESIAN_POINT ( 'NONE',  ( -0.06573824511970957629, 0.2308167742720317883, 0.03937007874015751446 ) ) ;
#663 = LINE ( 'NONE', #471, #2763 ) ;
#664 = CARTESIAN_POINT ( 'NONE',  ( 0.6079467137523457687, 0.1739528407765645879, -0.03937007874015751446 ) ) ;
#665 = EDGE_CURVE ( 'NONE', #1812, #333, #705, .T. ) ;
#666 = ORIENTED_EDGE ( 'NONE', *, *, #1835, .F. ) ;
#667 = DIRECTION ( 'NONE',  ( 0.000000000000000000, 0.000000000000000000, -1.000000000000000000 ) ) ;
#668 = CARTESIAN_POINT ( 'NONE',  ( 0.006455158688146582155, 0.4055598161764562004, -0.03937007874015751446 ) ) ;
#669 = VECTOR ( 'NONE', #898, 39.37007874015748143 ) ;
#670 = ORIENTED_EDGE ( 'NONE', *, *, #1487, .F. ) ;
#671 = PERSON_AND_ORGANIZATION_ROLE ( 'classification_officer' ) ;
#672 = LINE ( 'NONE', #2668, #1767 ) ;
#673 = AXIS2_PLACEMENT_3D ( 'NONE', #1972, #1698, #1959 ) ;
#674 = VECTOR ( 'NONE', #2818, 39.37007874015748143 ) ;
#675 = ORIENTED_EDGE ( 'NONE', *, *, #2051, .T. ) ;
#676 = CIRCLE ( 'NONE', #529, 0.02362204724409441500 ) ;
#677 = CARTESIAN_POINT ( 'NONE',  ( 0.4036126951234447757, 0.07958949339350007701, -0.03937007874015751446 ) ) ;
#678 = ORIENTED_EDGE ( 'NONE', *, *, #1135, .F. ) ;
#679 = DIRECTION ( 'NONE',  ( -1.000000000000000000, 0.000000000000000000, 0.000000000000000000 ) ) ;
#680 = CARTESIAN_POINT ( 'NONE',  ( 0.01065102457273716177, 0.2652523529243818179, -0.03937007874015751446 ) ) ;
#681 = VERTEX_POINT ( 'NONE', #1600 ) ;
#682 = DIRECTION ( 'NONE',  ( -1.000000000000000000, -2.168404344971008079E-15, 0.000000000000000000 ) ) ;
#683 = ADVANCED_FACE ( 'NONE', ( #2504 ), #468, .F. ) ;
#684 = EDGE_CURVE ( 'NONE', #2027, #876, #295, .T. ) ;
#685 = CARTESIAN_POINT ( 'NONE',  ( -0.08267716535433072833, 0.000000000000000000, -0.08999999999999999667 ) ) ;
#686 = CIRCLE ( 'NONE', #1447, 0.02362204724409444970 ) ;
#687 = EDGE_LOOP ( 'NONE', ( #121, #2278, #449, #2206 ) ) ;
#688 = APPROVAL_PERSON_ORGANIZATION ( #820, #1964, #353 ) ;
#689 = ORIENTED_EDGE ( 'NONE', *, *, #2500, .T. ) ;
#690 = DIRECTION ( 'NONE',  ( -0.000000000000000000, -0.000000000000000000, 1.000000000000000000 ) ) ;
#691 = VERTEX_POINT ( 'NONE', #2095 ) ;
#692 = DIRECTION ( 'NONE',  ( 0.000000000000000000, 0.000000000000000000, 1.000000000000000000 ) ) ;
#693 = DIRECTION ( 'NONE',  ( 1.000000000000000000, 0.000000000000000000, 0.000000000000000000 ) ) ;
#694 = DIRECTION ( 'NONE',  ( -1.000000000000000000, 0.000000000000000000, 0.000000000000000000 ) ) ;
#695 = ORIENTED_EDGE ( 'NONE', *, *, #2805, .F. ) ;
#696 = CARTESIAN_POINT ( 'NONE',  ( 0.5000000000000000000, 8.434988825058975650E-18, -0.1200787401574803098 ) ) ;
#697 = CARTESIAN_POINT ( 'NONE',  ( -0.3276110371480178696, 0.4501019756212761846, 0.03937007874015751446 ) ) ;
#698 = EDGE_CURVE ( 'NONE', #1599, #2181, #1100, .T. ) ;
#699 = VERTEX_POINT ( 'NONE', #971 ) ;
#700 = EDGE_CURVE ( 'NONE', #592, #1127, #2765, .T. ) ;
#701 = ORIENTED_EDGE ( 'NONE', *, *, #1888, .F. ) ;
#702 = ADVANCED_FACE ( 'NONE', ( #1213 ), #1419, .F. ) ;
#703 = ORIENTED_EDGE ( 'NONE', *, *, #2845, .F. ) ;
#704 = CIRCLE ( 'NONE', #2090, 0.02362204724409441500 ) ;
#705 = LINE ( 'NONE', #1138, #438 ) ;
#706 = VERTEX_POINT ( 'NONE', #2079 ) ;
#707 = CYLINDRICAL_SURFACE ( 'NONE', #1805, 0.1250000000000000278 ) ;
#708 = CARTESIAN_POINT ( 'NONE',  ( 0.006455158688146538787, 0.4055598161764562004, 0.1200787401574802127 ) ) ;
#709 = VECTOR ( 'NONE', #762, 39.37007874015748143 ) ;
#710 = DIRECTION ( 'NONE',  ( 0.000000000000000000, 0.000000000000000000, 1.000000000000000000 ) ) ;
#711 = VERTEX_POINT ( 'NONE', #1200 ) ;
#712 = CARTESIAN_POINT ( 'NONE',  ( -0.04269055951131188464, 0.1143374213443294901, 0.08999999999999985789 ) ) ;
#713 = PRODUCT_DEFINITION_SHAPE ( 'NONE', 'NONE',  #935 ) ;
#714 = ORIENTED_EDGE ( 'NONE', *, *, #1323, .F. ) ;
#715 = CIRCLE ( 'NONE', #1096, 0.1250000000000000278 ) ;
#716 = ORIENTED_EDGE ( 'NONE', *, *, #2416, .T. ) ;
#717 = ADVANCED_FACE ( 'NONE', ( #79 ), #1182, .F. ) ;
#718 = VECTOR ( 'NONE', #2491, 39.37007874015748143 ) ;
#719 = DIRECTION ( 'NONE',  ( -3.333337173756828983E-17, -1.000000000000000000, 0.000000000000000000 ) ) ;
#720 = ORIENTED_EDGE ( 'NONE', *, *, #845, .F. ) ;
#721 = CARTESIAN_POINT ( 'NONE',  ( -0.2047244094488188670, -3.414809992080329023E-17, 1.328707901096514821 ) ) ;
#722 = VECTOR ( 'NONE', #802, 39.37007874015748143 ) ;
#723 = LINE ( 'NONE', #1157, #1764 ) ;
#724 = DIRECTION ( 'NONE',  ( 0.000000000000000000, 0.000000000000000000, 1.000000000000000000 ) ) ;
#725 = ORIENTED_EDGE ( 'NONE', *, *, #1978, .T. ) ;
#726 = CARTESIAN_POINT ( 'NONE',  ( -0.06592585040968856891, 0.3331788070786201872, 0.03937007874015751446 ) ) ;
#727 = ORIENTED_EDGE ( 'NONE', *, *, #2001, .T. ) ;
#728 = ORIENTED_EDGE ( 'NONE', *, *, #769, .T. ) ;
#729 = VECTOR ( 'NONE', #1017, 39.37007874015748143 ) ;
#730 = DIRECTION ( 'NONE',  ( -1.000000000000000000, 0.000000000000000000, 0.000000000000000000 ) ) ;
#731 = ORIENTED_EDGE ( 'NONE', *, *, #2534, .F. ) ;
#732 = EDGE_CURVE ( 'NONE', #2251, #2529, #2196, .T. ) ;
#733 = ADVANCED_FACE ( 'NONE', ( #2108 ), #775, .T. ) ;
#734 = CARTESIAN_POINT ( 'NONE',  ( -0.1897677564046337251, 0.6115673036087564407, 0.03937007874015751446 ) ) ;
#735 = DIRECTION ( 'NONE',  ( -0.000000000000000000, -0.000000000000000000, 1.000000000000000000 ) ) ;
#736 = EDGE_CURVE ( 'NONE', #631, #592, #2311, .T. ) ;
#737 = ORIENTED_EDGE ( 'NONE', *, *, #748, .F. ) ;
#738 = CARTESIAN_POINT ( 'NONE',  ( 0.000000000000000000, 0.000000000000000000, 0.03937007874015750059 ) ) ;
#739 = FACE_OUTER_BOUND ( 'NONE', #1373, .T. ) ;
#740 = EDGE_LOOP ( 'NONE', ( #139, #2072, #165, #743, #307, #2587, #2810, #469, #108, #423, #2728, #1416, #768, #2541, #549, #806 ) ) ;
#741 = ORIENTED_EDGE ( 'NONE', *, *, #643, .T. ) ;
#742 = DIRECTION ( 'NONE',  ( -0.000000000000000000, -0.000000000000000000, -1.000000000000000000 ) ) ;
#743 = ORIENTED_EDGE ( 'NONE', *, *, #1175, .T. ) ;
#744 = DIRECTION ( 'NONE',  ( -0.000000000000000000, -0.000000000000000000, -1.000000000000000000 ) ) ;
#745 = DIRECTION ( 'NONE',  ( -0.000000000000000000, -0.000000000000000000, 1.000000000000000000 ) ) ;
#746 = AXIS2_PLACEMENT_3D ( 'NONE', #258, #1162, #2708 ) ;
#747 = DIRECTION ( 'NONE',  ( 0.000000000000000000, 0.000000000000000000, -1.000000000000000000 ) ) ;
#748 = EDGE_CURVE ( 'NONE', #2300, #109, #526, .T. ) ;
#749 = AXIS2_PLACEMENT_3D ( 'NONE', #2495, #2507, #444 ) ;
#750 = ORIENTED_EDGE ( 'NONE', *, *, #1309, .T. ) ;
#751 = DIRECTION ( 'NONE',  ( 1.000000000000000000, 0.000000000000000000, 0.000000000000000000 ) ) ;
#752 = AXIS2_PLACEMENT_3D ( 'NONE', #785, #2812, #771 ) ;
#753 = EDGE_CURVE ( 'NONE', #1127, #2681, #2545, .T. ) ;
#754 = CARTESIAN_POINT ( 'NONE',  ( 0.000000000000000000, 0.000000000000000000, -0.08999999999999999667 ) ) ;
#755 = ORIENTED_EDGE ( 'NONE', *, *, #501, .F. ) ;
#756 = DIRECTION ( 'NONE',  ( 0.000000000000000000, 0.000000000000000000, -1.000000000000000000 ) ) ;
#757 = ORIENTED_EDGE ( 'NONE', *, *, #1042, .T. ) ;
#758 = CARTESIAN_POINT ( 'NONE',  ( -0.1661457091605394176, 0.6115673036087564407, 0.1200787401574803098 ) ) ;
#759 = AXIS2_PLACEMENT_3D ( 'NONE', #2201, #1768, #2676 ) ;
#760 = DIRECTION ( 'NONE',  ( -0.000000000000000000, -0.000000000000000000, 1.000000000000000000 ) ) ;
#761 = VECTOR ( 'NONE', #234, 39.37007874015748143 ) ;
#762 = DIRECTION ( 'NONE',  ( -1.000000000000000000, 3.333337173756828983E-17, 0.000000000000000000 ) ) ;
#763 = VECTOR ( 'NONE', #1944, 39.37007874015748143 ) ;
#764 = VERTEX_POINT ( 'NONE', #2361 ) ;
#765 = CARTESIAN_POINT ( 'NONE',  ( 0.000000000000000000, 0.000000000000000000, 0.08999999999999999667 ) ) ;
#766 = AXIS2_PLACEMENT_3D ( 'NONE', #1146, #462, #2739 ) ;
#767 = DIRECTION ( 'NONE',  ( -0.7071067811865511255, 0.7071067811865437980, 0.000000000000000000 ) ) ;
#768 = ORIENTED_EDGE ( 'NONE', *, *, #413, .T. ) ;
#769 = EDGE_CURVE ( 'NONE', #2925, #207, #1900, .T. ) ;
#770 = ADVANCED_FACE ( 'NONE', ( #308 ), #2799, .T. ) ;
#771 = DIRECTION ( 'NONE',  ( -1.000000000000000000, 0.000000000000000000, 0.000000000000000000 ) ) ;
#772 = CARTESIAN_POINT ( 'NONE',  ( -0.1828490189523476195, 0.6282706134005645593, 1.328707901096514821 ) ) ;
#773 = ORIENTED_EDGE ( 'NONE', *, *, #1005, .T. ) ;
#774 = DIRECTION ( 'NONE',  ( -0.000000000000000000, -0.000000000000000000, 1.000000000000000000 ) ) ;
#775 = CYLINDRICAL_SURFACE ( 'NONE', #2437, 0.2440944881889763884 ) ;
#776 = ORIENTED_EDGE ( 'NONE', *, *, #1379, .F. ) ;
#777 = VECTOR ( 'NONE', #2866, 39.37007874015748854 ) ;
#778 = LINE ( 'NONE', #311, #450 ) ;
#779 = LOCAL_TIME ( 14, 18, 16.00000000000000000, #877 ) ;
#780 = ORIENTED_EDGE ( 'NONE', *, *, #1580, .F. ) ;
#781 = PLANE ( 'NONE',  #472 ) ;
#782 = PLANE ( 'NONE',  #1230 ) ;
#783 = PRODUCT ( '228-2500-157', '228-2500-157', '', ( #865 ) ) ;
#784 = ORIENTED_EDGE ( 'NONE', *, *, #1978, .F. ) ;
#785 = CARTESIAN_POINT ( 'NONE',  ( 0.5000000000000000000, 0.000000000000000000, -0.1200787401574803098 ) ) ;
#786 = LINE ( 'NONE', #1928, #2718 ) ;
#787 = ADVANCED_FACE ( 'NONE', ( #2573 ), #538, .T. ) ;
#788 = ORIENTED_EDGE ( 'NONE', *, *, #825, .T. ) ;
#789 = PLANE ( 'NONE',  #673 ) ;
#790 = CARTESIAN_POINT ( 'NONE',  ( 0.03062497185959547896, 0.2991794000960412703, 0.08999999999999999667 ) ) ;
#791 = EDGE_CURVE ( 'NONE', #1688, #318, #2135, .T. ) ;
#792 = ORIENTED_EDGE ( 'NONE', *, *, #305, .F. ) ;
#793 = DIRECTION ( 'NONE',  ( -1.000000000000000000, 0.000000000000000000, 0.000000000000000000 ) ) ;
#794 = ORIENTED_EDGE ( 'NONE', *, *, #2016, .T. ) ;
#795 = DIRECTION ( 'NONE',  ( -0.7071067811865437980, -0.7071067811865512365, 0.000000000000000000 ) ) ;
#796 = DIRECTION ( 'NONE',  ( -0.000000000000000000, -0.000000000000000000, 1.000000000000000000 ) ) ;
#797 = AXIS2_PLACEMENT_3D ( 'NONE', #2275, #1819, #2232 ) ;
#798 = ORIENTED_EDGE ( 'NONE', *, *, #2450, .T. ) ;
#799 = ORIENTED_EDGE ( 'NONE', *, *, #365, .T. ) ;
#800 = VECTOR ( 'NONE', #2644, 39.37007874015748143 ) ;
#801 = CARTESIAN_POINT ( 'NONE',  ( 0.006455158688146573481, 0.4055598161764562004, -0.03937007874015751446 ) ) ;
#802 = DIRECTION ( 'NONE',  ( -0.000000000000000000, -0.000000000000000000, 1.000000000000000000 ) ) ;
#803 = CIRCLE ( 'NONE', #1421, 0.2440944881889763884 ) ;
#804 = LINE ( 'NONE', #1026, #2100 ) ;
#805 = CARTESIAN_POINT ( 'NONE',  ( 0.5000000000000000000, 0.000000000000000000, 1.328707901096514821 ) ) ;
#806 = ORIENTED_EDGE ( 'NONE', *, *, #2664, .T. ) ;
#807 = DIRECTION ( 'NONE',  ( 1.000000000000000000, 0.000000000000000000, 0.000000000000000000 ) ) ;
#808 = EDGE_CURVE ( 'NONE', #1443, #1624, #2532, .T. ) ;
#809 = AXIS2_PLACEMENT_3D ( 'NONE', #2424, #428, #2406 ) ;
#810 = CARTESIAN_POINT ( 'NONE',  ( 0.5000000000000001110, -0.2047244094488188948, 0.03937007874015751446 ) ) ;
#811 = CIRCLE ( 'NONE', #1049, 0.02362204724409444970 ) ;
#812 = FACE_OUTER_BOUND ( 'NONE', #1707, .T. ) ;
#813 = CARTESIAN_POINT ( 'NONE',  ( 0.006455158688146573481, 0.4055598161764562004, -1.328707901096514821 ) ) ;
#814 = AXIS2_PLACEMENT_3D ( 'NONE', #2589, #1392, #263 ) ;
#815 = EDGE_LOOP ( 'NONE', ( #1500, #2368, #1501, #1381 ) ) ;
#816 = ORIENTED_EDGE ( 'NONE', *, *, #920, .T. ) ;
#817 = CARTESIAN_POINT ( 'NONE',  ( -0.3443143469398259882, 0.4333986658294678440, 0.1200787401574803098 ) ) ;
#818 = CARTESIAN_POINT ( 'NONE',  ( -0.3679363941839203789, 0.4333986658294679550, -1.328707901096514821 ) ) ;
#819 = ORIENTED_EDGE ( 'NONE', *, *, #268, .T. ) ;
#820 = PERSON_AND_ORGANIZATION ( #144, #2636 ) ;
#821 = CARTESIAN_POINT ( 'NONE',  ( -0.1828490189523476195, 0.6282706134005645593, 0.03937007874015751446 ) ) ;
#822 = LINE ( 'NONE', #157, #2341 ) ;
#823 = ORIENTED_EDGE ( 'NONE', *, *, #20, .F. ) ;
#824 = DIRECTION ( 'NONE',  ( -0.000000000000000000, -0.000000000000000000, 1.000000000000000000 ) ) ;
#825 = EDGE_CURVE ( 'NONE', #1624, #1688, #1916, .T. ) ;
#826 = CIRCLE ( 'NONE', #1780, 0.1023622047244094196 ) ;
#827 = EDGE_CURVE ( 'NONE', #2848, #2640, #1167, .T. ) ;
#828 = CARTESIAN_POINT ( 'NONE',  ( -0.3443143469398259326, 0.4333986658294679550, -0.1200787401574803098 ) ) ;
#829 = CARTESIAN_POINT ( 'NONE',  ( -0.06592585040968858279, 0.3331788070786201872, -0.1200787401574803098 ) ) ;
#830 = DIRECTION ( 'NONE',  ( -0.000000000000000000, -0.000000000000000000, 1.000000000000000000 ) ) ;
#831 = EDGE_CURVE ( 'NONE', #2338, #328, #2059, .T. ) ;
#832 = ORIENTED_EDGE ( 'NONE', *, *, #2850, .T. ) ;
#833 = DIRECTION ( 'NONE',  ( 0.000000000000000000, 0.000000000000000000, 1.000000000000000000 ) ) ;
#834 = CARTESIAN_POINT ( 'NONE',  ( 0.01065102457273716177, 0.2652523529243818179, -0.08999999999999985789 ) ) ;
#835 = DIRECTION ( 'NONE',  ( -0.000000000000000000, -0.000000000000000000, 1.000000000000000000 ) ) ;
#836 = LINE ( 'NONE', #1523, #1579 ) ;
#837 = ORIENTED_EDGE ( 'NONE', *, *, #341, .T. ) ;
#838 = CARTESIAN_POINT ( 'NONE',  ( -0.2440944881889764162, 0.2440944881889763884, -0.1200787401574803098 ) ) ;
#839 = CARTESIAN_POINT ( 'NONE',  ( 0.3765597341828912925, 0.01968503937007873988, 0.03937007874015751446 ) ) ;
#840 = LINE ( 'NONE', #1967, #2333 ) ;
#841 = CARTESIAN_POINT ( 'NONE',  ( 0.01065102457273716177, 0.2652523529243818179, -1.328707901096514821 ) ) ;
#842 = ADVANCED_FACE ( 'NONE', ( #1747 ), #113, .F. ) ;
#843 = ORIENTED_EDGE ( 'NONE', *, *, #973, .T. ) ;
#844 = CARTESIAN_POINT ( 'NONE',  ( -0.06592585040968856891, 0.3331788070786201872, -0.03937007874015751446 ) ) ;
#845 = EDGE_CURVE ( 'NONE', #539, #2516, #836, .T. ) ;
#846 = AXIS2_PLACEMENT_3D ( 'NONE', #1322, #173, #2895 ) ;
#847 = DIRECTION ( 'NONE',  ( 0.000000000000000000, 0.000000000000000000, -1.000000000000000000 ) ) ;
#848 = ORIENTED_EDGE ( 'NONE', *, *, #361, .F. ) ;
#849 = VECTOR ( 'NONE', #2735, 39.37007874015748143 ) ;
#850 = VECTOR ( 'NONE', #1677, 39.37007874015748143 ) ;
#851 = CARTESIAN_POINT ( 'NONE',  ( 0.7440944881889763884, 2.989295336501414316E-17, -0.1200787401574803098 ) ) ;
#852 = EDGE_LOOP ( 'NONE', ( #1155, #649, #61, #2612, #1695, #1550, #872, #1093, #1987, #1056, #1364, #1238, #615, #1823, #894, #505, #1172, #1790, #982, #1605, #2693, #784, #2819 ) ) ;
#853 = LINE ( 'NONE', #357, #2207 ) ;
#854 = CARTESIAN_POINT ( 'NONE',  ( 0.03062497185959547896, 0.2991794000960412703, -0.08999999999999999667 ) ) ;
#855 = FACE_OUTER_BOUND ( 'NONE', #2435, .T. ) ;
#856 = DIRECTION ( 'NONE',  ( 1.000000000000000000, 0.000000000000000000, 0.000000000000000000 ) ) ;
#857 = CARTESIAN_POINT ( 'NONE',  ( -0.02138369096486692975, 0.3777209665234422808, 0.1200787401574803098 ) ) ;
#858 = VECTOR ( 'NONE', #103, 39.37007874015748143 ) ;
#859 = ORIENTED_EDGE ( 'NONE', *, *, #1555, .T. ) ;
#860 = FACE_OUTER_BOUND ( 'NONE', #2929, .T. ) ;
#861 = CARTESIAN_POINT ( 'NONE',  ( 0.3765597341828912925, 0.01968503937007873641, 0.08999999999999985789 ) ) ;
#862 = EDGE_CURVE ( 'NONE', #1577, #2514, #614, .T. ) ;
#863 = EDGE_CURVE ( 'NONE', #1731, #1599, #1734, .T. ) ;
#864 = VECTOR ( 'NONE', #1629, 39.37007874015748143 ) ;
#865 = MECHANICAL_CONTEXT ( 'NONE', #1560, 'mechanical' ) ;
#866 = VERTEX_POINT ( 'NONE', #1305 ) ;
#867 = CARTESIAN_POINT ( 'NONE',  ( -0.04269055951131190546, 0.1143374213443295317, 0.08999999999999985789 ) ) ;
#868 = ORIENTED_EDGE ( 'NONE', *, *, #2932, .F. ) ;
#869 = CARTESIAN_POINT ( 'NONE',  ( 0.3765597341828912925, -0.01968503937007873641, -0.08999999999999985789 ) ) ;
#870 = DIRECTION ( 'NONE',  ( -1.000000000000000000, 0.000000000000000000, 0.000000000000000000 ) ) ;
#871 = DIRECTION ( 'NONE',  ( 0.000000000000000000, 0.000000000000000000, -1.000000000000000000 ) ) ;
#872 = ORIENTED_EDGE ( 'NONE', *, *, #880, .F. ) ;
#873 = CIRCLE ( 'NONE', #406, 0.08267716535433072833 ) ;
#874 = CARTESIAN_POINT ( 'NONE',  ( -0.2877492588762555203, 0.3434269581822819717, -1.328707901096514821 ) ) ;
#875 = PLANE ( 'NONE',  #2106 ) ;
#876 = VERTEX_POINT ( 'NONE', #2890 ) ;
#877 = COORDINATED_UNIVERSAL_TIME_OFFSET ( 6, 0, .BEHIND. ) ;
#878 = EDGE_CURVE ( 'NONE', #2613, #2516, #1027, .T. ) ;
#879 = EDGE_LOOP ( 'NONE', ( #2078, #460, #2684, #670 ) ) ;
#880 = EDGE_CURVE ( 'NONE', #1812, #2921, #1761, .T. ) ;
#881 = FACE_OUTER_BOUND ( 'NONE', #2306, .T. ) ;
#882 = ORIENTED_EDGE ( 'NONE', *, *, #2722, .F. ) ;
#883 = CARTESIAN_POINT ( 'NONE',  ( 0.5000000000000000000, 0.000000000000000000, 0.1200787401574803098 ) ) ;
#884 = LINE ( 'NONE', #1141, #669 ) ;
#885 = DIRECTION ( 'NONE',  ( -0.000000000000000000, -0.000000000000000000, 1.000000000000000000 ) ) ;
#886 = VERTEX_POINT ( 'NONE', #1014 ) ;
#887 = DIRECTION ( 'NONE',  ( -0.000000000000000000, -0.000000000000000000, 1.000000000000000000 ) ) ;
#888 = CARTESIAN_POINT ( 'NONE',  ( -0.04269055951131190546, 0.1143374213443295317, 1.328707901096514821 ) ) ;
#889 = AXIS2_PLACEMENT_3D ( 'NONE', #874, #433, #208 ) ;
#890 = VECTOR ( 'NONE', #1173, 39.37007874015748143 ) ;
#891 = ORIENTED_EDGE ( 'NONE', *, *, #514, .F. ) ;
#892 = VECTOR ( 'NONE', #1985, 39.37007874015748143 ) ;
#893 = CARTESIAN_POINT ( 'NONE',  ( 0.03062497185959546855, 0.2991794000960412703, -0.03937007874015751446 ) ) ;
#894 = ORIENTED_EDGE ( 'NONE', *, *, #2789, .F. ) ;
#895 = CIRCLE ( 'NONE', #2558, 0.2047244094488188948 ) ;
#896 = EDGE_CURVE ( 'NONE', #32, #2027, #1073, .T. ) ;
#897 = CARTESIAN_POINT ( 'NONE',  ( 0.5000000000000000000, 0.000000000000000000, -1.328707901096514821 ) ) ;
#898 = DIRECTION ( 'NONE',  ( -0.000000000000000000, -0.000000000000000000, -1.000000000000000000 ) ) ;
#899 = CARTESIAN_POINT ( 'NONE',  ( -3.414809992080329023E-17, -3.414809992080329023E-17, 0.08999999999999985789 ) ) ;
#900 = ORIENTED_EDGE ( 'NONE', *, *, #413, .F. ) ;
#901 = CARTESIAN_POINT ( 'NONE',  ( -0.1661457091605392788, 0.6115673036087564407, 0.03937007874015751446 ) ) ;
#902 = DIRECTION ( 'NONE',  ( -0.000000000000000000, -0.000000000000000000, -1.000000000000000000 ) ) ;
#903 = CLOSED_SHELL ( 'NONE', ( #434, #842, #536, #1228, #1010, #2344, #1965, #81, #770, #1363, #464, #2813, #395, #2229, #85, #2254, #289, #1904, #1267, #1983, #160, #1360, #1174, #1791, #105, #2318, #1142, #2499, #174, #122, #733, #1836, #1665, #2540, #2468, #2518, #2214, #1409, #2721, #2394, #552, #2883, #642, #535, #2586, #2360, #1465, #52, #1098, #683, #2411, #917, #1211, #1720, #1699, #702, #1940, #2088, #2193, #2359, #2940, #1024, #1755, #2551, #1724, #452, #1448, #1541, #787, #1537, #250, #2484, #400, #1064, #1346, #2828, #717, #1817, #950, #2867, #2502, #217, #1852, #1520, #2666, #1760 ) ) ;
#904 = ORIENTED_EDGE ( 'NONE', *, *, #513, .T. ) ;
#905 = ORIENTED_EDGE ( 'NONE', *, *, #591, .F. ) ;
#906 = COORDINATED_UNIVERSAL_TIME_OFFSET ( 6, 0, .BEHIND. ) ;
#907 = FACE_OUTER_BOUND ( 'NONE', #879, .T. ) ;
#908 = AXIS2_PLACEMENT_3D ( 'NONE', #1824, #2729, #2004 ) ;
#909 = AXIS2_PLACEMENT_3D ( 'NONE', #1450, #323, #1225 ) ;
#910 = VERTEX_POINT ( 'NONE', #2374 ) ;
#911 = AXIS2_PLACEMENT_3D ( 'NONE', #209, #2029, #2927 ) ;
#912 = CARTESIAN_POINT ( 'NONE',  ( -0.2047244094488188670, -3.414809992080329023E-17, -0.03937007874015751446 ) ) ;
#913 = ORIENTED_EDGE ( 'NONE', *, *, #2845, .T. ) ;
#914 = FACE_OUTER_BOUND ( 'NONE', #80, .T. ) ;
#915 = FACE_OUTER_BOUND ( 'NONE', #1583, .T. ) ;
#916 = PLANE ( 'NONE',  #334 ) ;
#917 = ADVANCED_FACE ( 'NONE', ( #1274 ), #383, .F. ) ;
#918 = ORIENTED_EDGE ( 'NONE', *, *, #1375, .F. ) ;
#919 = LINE ( 'NONE', #1834, #1133 ) ;
#920 = EDGE_CURVE ( 'NONE', #2695, #2462, #2621, .T. ) ;
#921 = CYLINDRICAL_SURFACE ( 'NONE', #2696, 0.08267716535433072833 ) ;
#922 = VERTEX_POINT ( 'NONE', #2195 ) ;
#923 = VECTOR ( 'NONE', #2849, 39.37007874015748143 ) ;
#924 = VERTEX_POINT ( 'NONE', #790 ) ;
#925 = VERTEX_POINT ( 'NONE', #851 ) ;
#926 = DIRECTION ( 'NONE',  ( -0.000000000000000000, -0.000000000000000000, -1.000000000000000000 ) ) ;
#927 = ORIENTED_EDGE ( 'NONE', *, *, #1043, .T. ) ;
#928 = DIRECTION ( 'NONE',  ( -6.829619984160656814E-17, -1.000000000000000000, 0.000000000000000000 ) ) ;
#929 = DIRECTION ( 'NONE',  ( 0.7071067811865514585, -0.7071067811865435759, -0.000000000000000000 ) ) ;
#930 = LINE ( 'NONE', #1438, #2230 ) ;
#931 = EDGE_LOOP ( 'NONE', ( #220, #581, #1864, #1678 ) ) ;
#932 = FACE_OUTER_BOUND ( 'NONE', #2496, .T. ) ;
#933 = ORIENTED_EDGE ( 'NONE', *, *, #1394, .T. ) ;
#934 = ORIENTED_EDGE ( 'NONE', *, *, #1135, .T. ) ;
#935 = PRODUCT_DEFINITION ( 'UNKNOWN', '', #313, #25 ) ;
#936 = EDGE_CURVE ( 'NONE', #1336, #2667, #822, .T. ) ;
#937 = VERTEX_POINT ( 'NONE', #567 ) ;
#938 = VECTOR ( 'NONE', #1237, 39.37007874015748143 ) ;
#939 = CARTESIAN_POINT ( 'NONE',  ( 0.5000000000000000000, 0.000000000000000000, 0.03937007874015751446 ) ) ;
#940 = DIRECTION ( 'NONE',  ( -0.7071067811865514585, 0.7071067811865435759, 0.000000000000000000 ) ) ;
#941 = CARTESIAN_POINT ( 'NONE',  ( 0.5000000000000001110, -0.2047244094488188948, -1.328707901096514821 ) ) ;
#942 = VECTOR ( 'NONE', #830, 39.37007874015748143 ) ;
#943 = LINE ( 'NONE', #2764, #850 ) ;
#944 = AXIS2_PLACEMENT_3D ( 'NONE', #166, #1490, #1022 ) ;
#945 = ORIENTED_EDGE ( 'NONE', *, *, #1446, .T. ) ;
#946 = CARTESIAN_POINT ( 'NONE',  ( -0.4073064729240779558, 0.4333986658294679550, 0.1200787401574803098 ) ) ;
#947 = EDGE_LOOP ( 'NONE', ( #2830, #2769, #2825, #1193 ) ) ;
#948 = EDGE_LOOP ( 'NONE', ( #2509, #1234, #1214, #2168 ) ) ;
#949 = LINE ( 'NONE', #1882, #2556 ) ;
#950 = ADVANCED_FACE ( 'NONE', ( #1717 ), #583, .F. ) ;
#951 = EDGE_CURVE ( 'NONE', #2274, #1338, #2877, .T. ) ;
#952 = AXIS2_PLACEMENT_3D ( 'NONE', #1224, #2831, #1476 ) ;
#953 = VERTEX_POINT ( 'NONE', #2639 ) ;
#954 = AXIS2_PLACEMENT_3D ( 'NONE', #167, #2649, #2457 ) ;
#955 = DIRECTION ( 'NONE',  ( 1.000000000000000000, 0.000000000000000000, 0.000000000000000000 ) ) ;
#956 = EDGE_CURVE ( 'NONE', #1191, #2543, #2907, .T. ) ;
#957 = ORIENTED_EDGE ( 'NONE', *, *, #143, .F. ) ;
#958 = CARTESIAN_POINT ( 'NONE',  ( -0.3276110371480178696, 0.4501019756212761846, -0.1200787401574803098 ) ) ;
#959 = CIRCLE ( 'NONE', #954, 0.02362204724409441500 ) ;
#960 = CARTESIAN_POINT ( 'NONE',  ( 0.5000000000000000000, 0.000000000000000000, -0.1200787401574803098 ) ) ;
#961 = ORIENTED_EDGE ( 'NONE', *, *, #2228, .T. ) ;
#962 = DIRECTION ( 'NONE',  ( 0.5073382610862008368, 0.8617469981601502127, -0.000000000000000000 ) ) ;
#963 = DIRECTION ( 'NONE',  ( -0.000000000000000000, -0.000000000000000000, 1.000000000000000000 ) ) ;
#964 = VERTEX_POINT ( 'NONE', #1320 ) ;
#965 = VERTEX_POINT ( 'NONE', #2670 ) ;
#966 = CARTESIAN_POINT ( 'NONE',  ( -0.3610176567316340512, 0.4166953560376596144, -0.1200787401574803098 ) ) ;
#967 = AXIS2_PLACEMENT_3D ( 'NONE', #828, #1749, #402 ) ;
#968 = ORIENTED_EDGE ( 'NONE', *, *, #2287, .T. ) ;
#969 = LOCAL_TIME ( 14, 18, 16.00000000000000000, #2236 ) ;
#970 = EDGE_CURVE ( 'NONE', #2395, #1404, #629, .T. ) ;
#971 = CARTESIAN_POINT ( 'NONE',  ( -0.02711696257061218043, 0.2384587396127663406, -0.08999999999999999667 ) ) ;
#972 = DIRECTION ( 'NONE',  ( -0.000000000000000000, -0.000000000000000000, -1.000000000000000000 ) ) ;
#973 = EDGE_CURVE ( 'NONE', #1472, #2514, #253, .T. ) ;
#974 = DIRECTION ( 'NONE',  ( 0.000000000000000000, 0.000000000000000000, 1.000000000000000000 ) ) ;
#975 = DIRECTION ( 'NONE',  ( 0.1941059196546582044, -0.9809805767470727300, 0.000000000000000000 ) ) ;
#976 = DIRECTION ( 'NONE',  ( -1.000000000000000000, 0.000000000000000000, 0.000000000000000000 ) ) ;
#977 = CYLINDRICAL_SURFACE ( 'NONE', #846, 0.02362204724409441500 ) ;
#978 = ORIENTED_EDGE ( 'NONE', *, *, #1682, .T. ) ;
#979 = ORIENTED_EDGE ( 'NONE', *, *, #1328, .T. ) ;
#980 = ORIENTED_EDGE ( 'NONE', *, *, #1272, .F. ) ;
#981 = CARTESIAN_POINT ( 'NONE',  ( 0.5000000000000000000, 8.434988825058975650E-18, 0.1200787401574803098 ) ) ;
#982 = ORIENTED_EDGE ( 'NONE', *, *, #1926, .F. ) ;
#983 = LINE ( 'NONE', #541, #540 ) ;
#984 = VECTOR ( 'NONE', #638, 39.37007874015748143 ) ;
#985 = CARTESIAN_POINT ( 'NONE',  ( -0.1444655987972096323, 0.6408635055518038248, 0.1200787401574803098 ) ) ;
#986 = EDGE_CURVE ( 'NONE', #2736, #2667, #1199, .T. ) ;
#987 = EDGE_CURVE ( 'NONE', #886, #2043, #2386, .T. ) ;
#988 = ORIENTED_EDGE ( 'NONE', *, *, #2904, .T. ) ;
#989 = FACE_OUTER_BOUND ( 'NONE', #2241, .T. ) ;
#990 = CIRCLE ( 'NONE', #1335, 0.1023622047244094196 ) ;
#991 = DIRECTION ( 'NONE',  ( -0.000000000000000000, -0.000000000000000000, 1.000000000000000000 ) ) ;
#992 = ORIENTED_EDGE ( 'NONE', *, *, #1682, .F. ) ;
#993 = DIRECTION ( 'NONE',  ( 1.000000000000000000, 0.000000000000000000, 0.000000000000000000 ) ) ;
#994 = LINE ( 'NONE', #2370, #2151 ) ;
#995 = ORIENTED_EDGE ( 'NONE', *, *, #1664, .F. ) ;
#996 = DIRECTION ( 'NONE',  ( -0.000000000000000000, -0.000000000000000000, -1.000000000000000000 ) ) ;
#997 = DIRECTION ( 'NONE',  ( -0.000000000000000000, -0.000000000000000000, 1.000000000000000000 ) ) ;
#998 = AXIS2_PLACEMENT_3D ( 'NONE', #358, #1662, #555 ) ;
#999 = EDGE_LOOP ( 'NONE', ( #2080, #934, #111, #145 ) ) ;
#1000 = DIRECTION ( 'NONE',  ( -0.000000000000000000, -0.000000000000000000, 1.000000000000000000 ) ) ;
#1001 = CIRCLE ( 'NONE', #2148, 0.2047244094488188393 ) ;
#1002 = AXIS2_PLACEMENT_3D ( 'NONE', #2616, #1474, #1460 ) ;
#1003 = CARTESIAN_POINT ( 'NONE',  ( -0.3276110371480178696, 0.4501019756212761846, -0.03937007874015751446 ) ) ;
#1004 = DIRECTION ( 'NONE',  ( -1.000000000000000000, 0.000000000000000000, 0.000000000000000000 ) ) ;
#1005 = EDGE_CURVE ( 'NONE', #1008, #2430, #1957, .T. ) ;
#1006 = DIRECTION ( 'NONE',  ( -0.000000000000000000, -0.000000000000000000, -1.000000000000000000 ) ) ;
#1007 = ORIENTED_EDGE ( 'NONE', *, *, #194, .F. ) ;
#1008 = VERTEX_POINT ( 'NONE', #1011 ) ;
#1009 = CARTESIAN_POINT ( 'NONE',  ( 0.3765597341828912925, -0.01968503937007873641, 1.328707901096514821 ) ) ;
#1010 = ADVANCED_FACE ( 'NONE', ( #2874 ), #335, .T. ) ;
#1011 = CARTESIAN_POINT ( 'NONE',  ( 0.01065102457273719473, 0.2652523529243818179, -0.08999999999999999667 ) ) ;
#1012 = ORIENTED_EDGE ( 'NONE', *, *, #379, .F. ) ;
#1013 = DIRECTION ( 'NONE',  ( -1.000000000000000000, 0.000000000000000000, 0.000000000000000000 ) ) ;
#1014 = CARTESIAN_POINT ( 'NONE',  ( -0.02711696257061221860, 0.2384587396127663406, 0.03937007874015751446 ) ) ;
#1015 = ORIENTED_EDGE ( 'NONE', *, *, #808, .F. ) ;
#1016 = CIRCLE ( 'NONE', #1114, 0.06299212598425198151 ) ;
#1017 = DIRECTION ( 'NONE',  ( -0.000000000000000000, -0.000000000000000000, 1.000000000000000000 ) ) ;
#1018 = CARTESIAN_POINT ( 'NONE',  ( -0.2440944881889763329, -0.2440944881889763329, 0.1200787401574803098 ) ) ;
#1019 = LINE ( 'NONE', #2156, #381 ) ;
#1020 = DIRECTION ( 'NONE',  ( -0.9809805767470727300, -0.1941059196546583709, 0.000000000000000000 ) ) ;
#1021 = EDGE_LOOP ( 'NONE', ( #2065, #2665, #1954, #1827, #1319, #96, #2362, #1282, #2328, #2355, #2487, #788, #1727, #2128, #21, #1252, #76, #218, #398, #1121 ) ) ;
#1022 = DIRECTION ( 'NONE',  ( 1.000000000000000000, 0.000000000000000000, 0.000000000000000000 ) ) ;
#1023 = DIRECTION ( 'NONE',  ( -0.000000000000000000, -0.000000000000000000, -1.000000000000000000 ) ) ;
#1024 = ADVANCED_FACE ( 'NONE', ( #580 ), #1491, .F. ) ;
#1025 = APPROVAL_STATUS ( 'not_yet_approved' ) ;
#1026 = CARTESIAN_POINT ( 'NONE',  ( 0.6079467137523455467, 0.1739528407765645601, 1.328707901096514821 ) ) ;
#1027 = LINE ( 'NONE', #2167, #763 ) ;
#1028 = ORIENTED_EDGE ( 'NONE', *, *, #2071, .T. ) ;
#1029 = CARTESIAN_POINT ( 'NONE',  ( -0.2014631482903793958, 0.6653341833685604279, -0.1200787401574803098 ) ) ;
#1030 = CARTESIAN_POINT ( 'NONE',  ( 0.000000000000000000, -0.2440944881889763329, 0.1200787401574803098 ) ) ;
#1031 = EDGE_LOOP ( 'NONE', ( #1641, #1585, #2919, #2322 ) ) ;
#1032 = VECTOR ( 'NONE', #1006, 39.37007874015748143 ) ;
#1033 = DIRECTION ( 'NONE',  ( 0.000000000000000000, 0.000000000000000000, -1.000000000000000000 ) ) ;
#1034 = VERTEX_POINT ( 'NONE', #351 ) ;
#1035 = VERTEX_POINT ( 'NONE', #534 ) ;
#1036 = AXIS2_PLACEMENT_3D ( 'NONE', #319, #1221, #993 ) ;
#1037 = DIRECTION ( 'NONE',  ( 0.8617469981601502127, -0.5073382610862007258, 0.000000000000000000 ) ) ;
#1038 = LINE ( 'NONE', #2584, #2767 ) ;
#1039 = AXIS2_PLACEMENT_3D ( 'NONE', #2477, #470, #1140 ) ;
#1040 = ORIENTED_EDGE ( 'NONE', *, *, #2031, .F. ) ;
#1041 = CARTESIAN_POINT ( 'NONE',  ( -0.1569209888455571633, 0.6207920239237387783, 0.03937007874015751446 ) ) ;
#1042 = EDGE_CURVE ( 'NONE', #2112, #1352, #994, .T. ) ;
#1043 = EDGE_CURVE ( 'NONE', #362, #1475, #1722, .T. ) ;
#1044 = CARTESIAN_POINT ( 'NONE',  ( 0.5000000000000000000, 0.000000000000000000, -0.03937007874015751446 ) ) ;
#1045 = DIRECTION ( 'NONE',  ( 0.000000000000000000, 0.000000000000000000, -1.000000000000000000 ) ) ;
#1046 = EDGE_CURVE ( 'NONE', #537, #2809, #320, .T. ) ;
#1047 = CIRCLE ( 'NONE', #522, 0.06299212598425199539 ) ;
#1048 =( NAMED_UNIT ( * ) PLANE_ANGLE_UNIT ( ) SI_UNIT ( $, .RADIAN. ) );
#1049 = AXIS2_PLACEMENT_3D ( 'NONE', #644, #1092, #483 ) ;
#1050 = DIRECTION ( 'NONE',  ( -1.000000000000000000, 3.455624454137066554E-17, 0.000000000000000000 ) ) ;
#1051 = CYLINDRICAL_SURFACE ( 'NONE', #1997, 0.2440944881889763884 ) ;
#1052 = VECTOR ( 'NONE', #2839, 39.37007874015748854 ) ;
#1053 = VERTEX_POINT ( 'NONE', #2413 ) ;
#1054 = CARTESIAN_POINT ( 'NONE',  ( 0.1204492798486485189, -0.01968503937007873988, 1.328707901096514821 ) ) ;
#1055 = DIRECTION ( 'NONE',  ( -0.7071067811865410224, -0.7071067811865540120, 0.000000000000000000 ) ) ;
#1056 = ORIENTED_EDGE ( 'NONE', *, *, #1268, .F. ) ;
#1057 = DIRECTION ( 'NONE',  ( -0.000000000000000000, 0.000000000000000000, -1.000000000000000000 ) ) ;
#1058 = DIRECTION ( 'NONE',  ( -0.8496927222547580039, 0.5272781787133795639, -0.000000000000000000 ) ) ;
#1059 = EDGE_LOOP ( 'NONE', ( #2178, #1428, #158, #2354 ) ) ;
#1060 = EDGE_CURVE ( 'NONE', #451, #494, #2389, .T. ) ;
#1061 = DIRECTION ( 'NONE',  ( -1.000000000000000000, 2.168404344971008474E-15, 0.000000000000000000 ) ) ;
#1062 = VECTOR ( 'NONE', #572, 39.37007874015748143 ) ;
#1063 = EDGE_CURVE ( 'NONE', #1781, #2312, #786, .T. ) ;
#1064 = ADVANCED_FACE ( 'NONE', ( #1445 ), #94, .F. ) ;
#1065 = DIRECTION ( 'NONE',  ( -1.000000000000000000, 0.000000000000000000, 0.000000000000000000 ) ) ;
#1066 = DIRECTION ( 'NONE',  ( -0.000000000000000000, -0.000000000000000000, 1.000000000000000000 ) ) ;
#1067 = DIRECTION ( 'NONE',  ( -1.000000000000000000, 0.000000000000000000, 0.000000000000000000 ) ) ;
#1068 = CC_DESIGN_APPROVAL ( #1964, ( #1357 ) ) ;
#1069 = ORIENTED_EDGE ( 'NONE', *, *, #630, .T. ) ;
#1070 = DIRECTION ( 'NONE',  ( 0.9809805767470727300, 0.1941059196546582044, 0.000000000000000000 ) ) ;
#1071 = CARTESIAN_POINT ( 'NONE',  ( -0.002933724425436606918, 0.3331788070786201872, -0.1200787401574803098 ) ) ;
#1072 = DATE_TIME_ROLE ( 'classification_date' ) ;
#1073 = LINE ( 'NONE', #129, #2478 ) ;
#1074 = ORIENTED_EDGE ( 'NONE', *, *, #2376, .T. ) ;
#1075 = CARTESIAN_POINT ( 'NONE',  ( -0.1661457091605392788, 0.6115673036087564407, 0.1200787401574803098 ) ) ;
#1076 = CARTESIAN_POINT ( 'NONE',  ( 0.3765597341828912925, -0.01968503937007873641, -0.08999999999999985789 ) ) ;
#1077 = CARTESIAN_POINT ( 'NONE',  ( 0.5000000000000000000, 0.000000000000000000, 0.03937007874015751446 ) ) ;
#1078 = CYLINDRICAL_SURFACE ( 'NONE', #1622, 0.2440944881889763884 ) ;
#1079 = DIRECTION ( 'NONE',  ( -0.000000000000000000, -0.000000000000000000, 1.000000000000000000 ) ) ;
#1080 = EDGE_CURVE ( 'NONE', #2885, #1166, #1038, .T. ) ;
#1081 = EDGE_CURVE ( 'NONE', #1601, #224, #201, .T. ) ;
#1082 = ORIENTED_EDGE ( 'NONE', *, *, #326, .F. ) ;
#1083 = DIRECTION ( 'NONE',  ( 1.000000000000000000, 0.000000000000000000, 0.000000000000000000 ) ) ;
#1084 = AXIS2_PLACEMENT_3D ( 'NONE', #2292, #225, #2014 ) ;
#1085 = FACE_OUTER_BOUND ( 'NONE', #2062, .T. ) ;
#1086 = VERTEX_POINT ( 'NONE', #1730 ) ;
#1087 = VECTOR ( 'NONE', #2853, 39.37007874015748143 ) ;
#1088 = CYLINDRICAL_SURFACE ( 'NONE', #908, 0.1220472440944882775 ) ;
#1089 = DIMENSIONAL_EXPONENTS ( 1.000000000000000000, 0.000000000000000000, 0.000000000000000000, 0.000000000000000000, 0.000000000000000000, 0.000000000000000000, 0.000000000000000000 ) ;
#1090 = CIRCLE ( 'NONE', #1949, 0.1220472440944882775 ) ;
#1091 = EDGE_LOOP ( 'NONE', ( #904, #436, #1552, #1123 ) ) ;
#1092 = DIRECTION ( 'NONE',  ( -0.000000000000000000, -0.000000000000000000, -1.000000000000000000 ) ) ;
#1093 = ORIENTED_EDGE ( 'NONE', *, *, #1777, .F. ) ;
#1094 = CARTESIAN_POINT ( 'NONE',  ( -0.004069276962214534756, 0.1219793866850640979, -0.03937007874015751446 ) ) ;
#1095 = FACE_OUTER_BOUND ( 'NONE', #1091, .T. ) ;
#1096 = AXIS2_PLACEMENT_3D ( 'NONE', #2506, #486, #2702 ) ;
#1097 = ORIENTED_EDGE ( 'NONE', *, *, #138, .T. ) ;
#1098 = ADVANCED_FACE ( 'NONE', ( #377 ), #548, .F. ) ;
#1099 = LINE ( 'NONE', #2926, #467 ) ;
#1100 = CIRCLE ( 'NONE', #1432, 0.02362204724409444970 ) ;
#1101 = DIRECTION ( 'NONE',  ( 1.398970545142586541E-16, -1.000000000000000000, 0.000000000000000000 ) ) ;
#1102 = ORIENTED_EDGE ( 'NONE', *, *, #138, .F. ) ;
#1103 = AXIS2_PLACEMENT_3D ( 'NONE', #1690, #1642, #521 ) ;
#1104 = ORIENTED_EDGE ( 'NONE', *, *, #630, .F. ) ;
#1105 = DATE_AND_TIME ( #2003, #2581 ) ;
#1106 = EDGE_CURVE ( 'NONE', #1849, #2736, #1285, .T. ) ;
#1107 = ORIENTED_EDGE ( 'NONE', *, *, #2198, .F. ) ;
#1108 = CARTESIAN_POINT ( 'NONE',  ( -0.06592585040968856891, 0.3331788070786201872, 1.328707901096514821 ) ) ;
#1109 = VERTEX_POINT ( 'NONE', #1971 ) ;
#1110 = DIRECTION ( 'NONE',  ( -6.829619984160656814E-17, -1.000000000000000000, 0.000000000000000000 ) ) ;
#1111 = CARTESIAN_POINT ( 'NONE',  ( -0.3888565063846481928, 0.4779408252742894936, 0.1200787401574803098 ) ) ;
#1112 = CARTESIAN_POINT ( 'NONE',  ( -0.2047244094488188670, -3.414809992080329023E-17, -0.1200787401574803098 ) ) ;
#1113 = ORIENTED_EDGE ( 'NONE', *, *, #1797, .F. ) ;
#1114 = AXIS2_PLACEMENT_3D ( 'NONE', #115, #1525, #1061 ) ;
#1115 = LINE ( 'NONE', #1128, #655 ) ;
#1116 = LINE ( 'NONE', #6, #578 ) ;
#1117 = ORIENTED_EDGE ( 'NONE', *, *, #1308, .F. ) ;
#1118 = ORIENTED_EDGE ( 'NONE', *, *, #1154, .T. ) ;
#1119 = APPLICATION_PROTOCOL_DEFINITION ( 'international standard', 'config_control_design', 1994, #7 ) ;
#1120 = EDGE_CURVE ( 'NONE', #1134, #2889, #1820, .T. ) ;
#1121 = ORIENTED_EDGE ( 'NONE', *, *, #936, .F. ) ;
#1122 = CARTESIAN_POINT ( 'NONE',  ( -0.3276110371480178696, 0.4501019756212761846, 0.1200787401574803098 ) ) ;
#1123 = ORIENTED_EDGE ( 'NONE', *, *, #2282, .F. ) ;
#1124 = DIRECTION ( 'NONE',  ( 1.000000000000000000, -6.829619984160656814E-17, 0.000000000000000000 ) ) ;
#1125 = LINE ( 'NONE', #222, #2669 ) ;
#1126 = LINE ( 'NONE', #680, #1899 ) ;
#1127 = VERTEX_POINT ( 'NONE', #668 ) ;
#1128 = CARTESIAN_POINT ( 'NONE',  ( 0.1204492798486485050, 0.01968503937007875723, -1.328707901096514821 ) ) ;
#1129 = DIRECTION ( 'NONE',  ( 0.000000000000000000, 0.000000000000000000, -1.000000000000000000 ) ) ;
#1130 = EDGE_LOOP ( 'NONE', ( #317, #1266, #2121, #1654 ) ) ;
#1131 = VERTEX_POINT ( 'NONE', #2042 ) ;
#1132 = APPROVAL_ROLE ( '' ) ;
#1133 = VECTOR ( 'NONE', #1772, 39.37007874015748143 ) ;
#1134 = VERTEX_POINT ( 'NONE', #1518 ) ;
#1135 = EDGE_CURVE ( 'NONE', #2473, #1410, #1116, .T. ) ;
#1136 = EDGE_CURVE ( 'NONE', #2255, #1134, #959, .T. ) ;
#1137 = AXIS2_PLACEMENT_3D ( 'NONE', #2826, #1430, #1896 ) ;
#1138 = CARTESIAN_POINT ( 'NONE',  ( 0.006455158688146582155, 0.4055598161764562004, -1.328707901096514821 ) ) ;
#1139 = ORIENTED_EDGE ( 'NONE', *, *, #2645, .T. ) ;
#1140 = DIRECTION ( 'NONE',  ( 1.000000000000000000, 0.000000000000000000, 0.000000000000000000 ) ) ;
#1141 = CARTESIAN_POINT ( 'NONE',  ( 0.7440944881889763884, 2.989295336501414316E-17, 0.1200787401574803098 ) ) ;
#1142 = ADVANCED_FACE ( 'NONE', ( #2002 ), #1803, .T. ) ;
#1143 = CARTESIAN_POINT ( 'NONE',  ( 0.6079467137523455467, 0.1739528407765645601, -1.328707901096514821 ) ) ;
#1144 = VERTEX_POINT ( 'NONE', #2915 ) ;
#1145 = CARTESIAN_POINT ( 'NONE',  ( 0.1204492798486485189, -0.01968503937007873988, -0.03937007874015751446 ) ) ;
#1146 = CARTESIAN_POINT ( 'NONE',  ( -3.414809992080329023E-17, -3.414809992080329023E-17, -0.03937007874015751446 ) ) ;
#1147 = VECTOR ( 'NONE', #635, 39.37007874015748143 ) ;
#1148 = ORIENTED_EDGE ( 'NONE', *, *, #2177, .T. ) ;
#1149 = AXIS2_PLACEMENT_3D ( 'NONE', #612, #278, #582 ) ;
#1150 = VECTOR ( 'NONE', #291, 39.37007874015748143 ) ;
#1151 = VERTEX_POINT ( 'NONE', #1071 ) ;
#1152 = AXIS2_PLACEMENT_3D ( 'NONE', #726, #2542, #2727 ) ;
#1153 = CARTESIAN_POINT ( 'NONE',  ( -0.2106878686053615946, 0.6561094630535780903, -0.1200787401574803098 ) ) ;
#1154 = EDGE_CURVE ( 'NONE', #1361, #1861, #1773, .T. ) ;
#1155 = ORIENTED_EDGE ( 'NONE', *, *, #684, .F. ) ;
#1156 = FACE_OUTER_BOUND ( 'NONE', #544, .T. ) ;
#1157 = CARTESIAN_POINT ( 'NONE',  ( -0.02711696257061217002, 0.2384587396127663406, 1.328707901096514821 ) ) ;
#1158 = DIRECTION ( 'NONE',  ( -0.000000000000000000, -0.000000000000000000, -1.000000000000000000 ) ) ;
#1159 = CC_DESIGN_PERSON_AND_ORGANIZATION_ASSIGNMENT ( #2916, #2903, ( #935 ) ) ;
#1160 = EDGE_CURVE ( 'NONE', #2543, #318, #1532, .T. ) ;
#1161 = ORIENTED_EDGE ( 'NONE', *, *, #2210, .T. ) ;
#1162 = DIRECTION ( 'NONE',  ( 0.000000000000000000, 0.000000000000000000, 1.000000000000000000 ) ) ;
#1163 = DIRECTION ( 'NONE',  ( 0.000000000000000000, 0.000000000000000000, 1.000000000000000000 ) ) ;
#1164 = AXIS2_PLACEMENT_3D ( 'NONE', #1262, #386, #2851 ) ;
#1165 = ORIENTED_EDGE ( 'NONE', *, *, #1046, .T. ) ;
#1166 = VERTEX_POINT ( 'NONE', #861 ) ;
#1167 = LINE ( 'NONE', #1243, #1673 ) ;
#1168 = ORIENTED_EDGE ( 'NONE', *, *, #1481, .T. ) ;
#1169 = CARTESIAN_POINT ( 'NONE',  ( -3.414809992080329023E-17, -3.414809992080329023E-17, 1.328707901096514821 ) ) ;
#1170 = DIRECTION ( 'NONE',  ( 1.000000000000000000, 0.000000000000000000, 0.000000000000000000 ) ) ;
#1171 = LINE ( 'NONE', #1203, #656 ) ;
#1172 = ORIENTED_EDGE ( 'NONE', *, *, #1481, .F. ) ;
#1173 = DIRECTION ( 'NONE',  ( -0.000000000000000000, -0.000000000000000000, -1.000000000000000000 ) ) ;
#1174 = ADVANCED_FACE ( 'NONE', ( #1986 ), #2428, .F. ) ;
#1175 = EDGE_CURVE ( 'NONE', #2516, #333, #2723, .T. ) ;
#1176 = CARTESIAN_POINT ( 'NONE',  ( 0.5000000000000000000, 0.000000000000000000, 0.1200787401574803098 ) ) ;
#1177 = EDGE_LOOP ( 'NONE', ( #2063, #1771, #2403, #497 ) ) ;
#1178 = ORIENTED_EDGE ( 'NONE', *, *, #2016, .F. ) ;
#1179 = ORIENTED_EDGE ( 'NONE', *, *, #1628, .F. ) ;
#1180 = AXIS2_PLACEMENT_3D ( 'NONE', #1801, #2471, #667 ) ;
#1181 = VECTOR ( 'NONE', #1425, 39.37007874015748143 ) ;
#1182 = CYLINDRICAL_SURFACE ( 'NONE', #2565, 0.02362204724409444970 ) ;
#1183 = ORIENTED_EDGE ( 'NONE', *, *, #624, .T. ) ;
#1184 = LINE ( 'NONE', #958, #212 ) ;
#1185 = VECTOR ( 'NONE', #1784, 39.37007874015748143 ) ;
#1186 = PLANE ( 'NONE',  #2751 ) ;
#1187 = AXIS2_PLACEMENT_3D ( 'NONE', #1842, #928, #1556 ) ;
#1188 = ORIENTED_EDGE ( 'NONE', *, *, #551, .F. ) ;
#1189 = PLANE ( 'NONE',  #2793 ) ;
#1190 = CYLINDRICAL_SURFACE ( 'NONE', #1202, 0.02362204724409444970 ) ;
#1191 = VERTEX_POINT ( 'NONE', #2445 ) ;
#1192 = EDGE_CURVE ( 'NONE', #374, #937, #2233, .T. ) ;
#1193 = ORIENTED_EDGE ( 'NONE', *, *, #213, .F. ) ;
#1194 = PLANE ( 'NONE',  #1236 ) ;
#1195 = VECTOR ( 'NONE', #1738, 39.37007874015748143 ) ;
#1196 = EDGE_CURVE ( 'NONE', #2798, #602, #1318, .T. ) ;
#1197 = AXIS2_PLACEMENT_3D ( 'NONE', #1041, #2843, #566 ) ;
#1198 = VERTEX_POINT ( 'NONE', #392 ) ;
#1199 = CIRCLE ( 'NONE', #2673, 0.06299212598425196763 ) ;
#1200 = CARTESIAN_POINT ( 'NONE',  ( -0.4073064729240779558, 0.4333986658294679550, 0.1200787401574803098 ) ) ;
#1201 = CARTESIAN_POINT ( 'NONE',  ( -0.004069276962214534756, 0.1219793866850640979, 0.03937007874015751446 ) ) ;
#1202 = AXIS2_PLACEMENT_3D ( 'NONE', #2099, #1595, #2752 ) ;
#1203 = CARTESIAN_POINT ( 'NONE',  ( 0.01065102457273716177, 0.2652523529243818179, 0.08999999999999985789 ) ) ;
#1204 = ORIENTED_EDGE ( 'NONE', *, *, #2775, .T. ) ;
#1205 = FACE_OUTER_BOUND ( 'NONE', #405, .T. ) ;
#1206 = DIRECTION ( 'NONE',  ( -0.000000000000000000, -0.000000000000000000, -1.000000000000000000 ) ) ;
#1207 = ORIENTED_EDGE ( 'NONE', *, *, #2140, .F. ) ;
#1208 = EDGE_LOOP ( 'NONE', ( #2632, #2093, #78, #593 ) ) ;
#1209 = VECTOR ( 'NONE', #1889, 39.37007874015748143 ) ;
#1210 = ORIENTED_EDGE ( 'NONE', *, *, #2568, .F. ) ;
#1211 = ADVANCED_FACE ( 'NONE', ( #182 ), #875, .F. ) ;
#1212 = EDGE_CURVE ( 'NONE', #1535, #2513, #2250, .T. ) ;
#1213 = FACE_OUTER_BOUND ( 'NONE', #492, .T. ) ;
#1214 = ORIENTED_EDGE ( 'NONE', *, *, #430, .F. ) ;
#1215 = CARTESIAN_POINT ( 'NONE',  ( -0.3443143469398259882, 0.4333986658294678440, -0.1200787401574803098 ) ) ;
#1216 = LINE ( 'NONE', #59, #1418 ) ;
#1217 = CARTESIAN_POINT ( 'NONE',  ( -0.06573824511970957629, 0.2308167742720317883, -0.03937007874015751446 ) ) ;
#1218 = FACE_BOUND ( 'NONE', #1667, .T. ) ;
#1219 = PLANE ( 'NONE',  #2372 ) ;
#1220 = VERTEX_POINT ( 'NONE', #1304 ) ;
#1221 = DIRECTION ( 'NONE',  ( 0.000000000000000000, 0.000000000000000000, 1.000000000000000000 ) ) ;
#1222 = DIRECTION ( 'NONE',  ( -0.000000000000000000, -0.000000000000000000, -1.000000000000000000 ) ) ;
#1223 = ORIENTED_EDGE ( 'NONE', *, *, #1741, .T. ) ;
#1224 = CARTESIAN_POINT ( 'NONE',  ( 0.000000000000000000, 0.000000000000000000, 0.1200787401574803098 ) ) ;
#1225 = DIRECTION ( 'NONE',  ( -1.000000000000000000, 0.000000000000000000, 0.000000000000000000 ) ) ;
#1226 = ORIENTED_EDGE ( 'NONE', *, *, #2685, .T. ) ;
#1227 = EDGE_CURVE ( 'NONE', #494, #584, #2296, .T. ) ;
#1228 = ADVANCED_FACE ( 'NONE', ( #1085 ), #435, .F. ) ;
#1229 = LINE ( 'NONE', #2136, #2304 ) ;
#1230 = AXIS2_PLACEMENT_3D ( 'NONE', #546, #2127, #2579 ) ;
#1231 = CYLINDRICAL_SURFACE ( 'NONE', #2515, 0.2834645669291338543 ) ;
#1232 = AXIS2_PLACEMENT_3D ( 'NONE', #2822, #104, #1067 ) ;
#1233 = EDGE_CURVE ( 'NONE', #965, #2395, #676, .T. ) ;
#1234 = ORIENTED_EDGE ( 'NONE', *, *, #532, .T. ) ;
#1235 = LINE ( 'NONE', #2550, #1181 ) ;
#1236 = AXIS2_PLACEMENT_3D ( 'NONE', #2555, #2145, #2103 ) ;
#1237 = DIRECTION ( 'NONE',  ( 0.000000000000000000, 0.000000000000000000, -1.000000000000000000 ) ) ;
#1238 = ORIENTED_EDGE ( 'NONE', *, *, #179, .F. ) ;
#1239 = ORIENTED_EDGE ( 'NONE', *, *, #2228, .F. ) ;
#1240 = CARTESIAN_POINT ( 'NONE',  ( -0.2440944881889764162, 0.2440944881889763884, -0.1200787401574803098 ) ) ;
#1241 = ORIENTED_EDGE ( 'NONE', *, *, #643, .F. ) ;
#1242 = CARTESIAN_POINT ( 'NONE',  ( 0.4173228346456692162, 0.000000000000000000, 0.1200787401574803098 ) ) ;
#1243 = CARTESIAN_POINT ( 'NONE',  ( -0.2047244094488188948, 0.1429872406805822449, 1.328707901096514821 ) ) ;
#1244 = AXIS2_PLACEMENT_3D ( 'NONE', #2494, #17, #693 ) ;
#1245 = CARTESIAN_POINT ( 'NONE',  ( -0.2877492588762555203, 0.3434269581822819717, -0.03937007874015751446 ) ) ;
#1246 = CIRCLE ( 'NONE', #2239, 0.1250000000000000278 ) ;
#1247 = AXIS2_PLACEMENT_3D ( 'NONE', #2570, #366, #1270 ) ;
#1248 = DIRECTION ( 'NONE',  ( -1.000000000000000000, 2.168404344971008079E-15, 0.000000000000000000 ) ) ;
#1249 = DIRECTION ( 'NONE',  ( -1.000000000000000000, 0.000000000000000000, 0.000000000000000000 ) ) ;
#1250 = EDGE_CURVE ( 'NONE', #1459, #691, #1302, .T. ) ;
#1251 = LINE ( 'NONE', #401, #43 ) ;
#1252 = ORIENTED_EDGE ( 'NONE', *, *, #1060, .T. ) ;
#1253 = VERTEX_POINT ( 'NONE', #712 ) ;
#1254 = DIRECTION ( 'NONE',  ( -0.1941059196546582044, 0.9809805767470727300, 0.000000000000000000 ) ) ;
#1255 = DIRECTION ( 'NONE',  ( -0.000000000000000000, -0.000000000000000000, -1.000000000000000000 ) ) ;
#1256 = EDGE_LOOP ( 'NONE', ( #1554, #1800, #1856, #2554 ) ) ;
#1257 = DIRECTION ( 'NONE',  ( -0.000000000000000000, -0.000000000000000000, -1.000000000000000000 ) ) ;
#1258 = CARTESIAN_POINT ( 'NONE',  ( 0.1204492798486485189, -0.01968503937007873988, -1.328707901096514821 ) ) ;
#1259 = ORIENTED_EDGE ( 'NONE', *, *, #268, .F. ) ;
#1260 = AXIS2_PLACEMENT_3D ( 'NONE', #409, #1584, #2488 ) ;
#1261 = DIRECTION ( 'NONE',  ( 1.000000000000000000, -3.455624454137066554E-17, 0.000000000000000000 ) ) ;
#1262 = CARTESIAN_POINT ( 'NONE',  ( 0.01065102457273716177, 0.2652523529243818179, -1.328707901096514821 ) ) ;
#1263 = DIRECTION ( 'NONE',  ( 0.000000000000000000, 0.000000000000000000, -1.000000000000000000 ) ) ;
#1264 = DIRECTION ( 'NONE',  ( 0.7071067811865410224, 0.7071067811865541231, 0.000000000000000000 ) ) ;
#1265 = ORIENTED_EDGE ( 'NONE', *, *, #340, .F. ) ;
#1266 = ORIENTED_EDGE ( 'NONE', *, *, #732, .F. ) ;
#1267 = ADVANCED_FACE ( 'NONE', ( #1847 ), #1621, .F. ) ;
#1268 = EDGE_CURVE ( 'NONE', #657, #1361, #2439, .T. ) ;
#1269 = DIRECTION ( 'NONE',  ( -0.7071067811865516806, 0.7071067811865433539, 0.000000000000000000 ) ) ;
#1270 = DIRECTION ( 'NONE',  ( 1.000000000000000000, 0.000000000000000000, 0.000000000000000000 ) ) ;
#1271 = ORIENTED_EDGE ( 'NONE', *, *, #2884, .T. ) ;
#1272 = EDGE_CURVE ( 'NONE', #287, #559, #396, .T. ) ;
#1273 = DIRECTION ( 'NONE',  ( 0.000000000000000000, 0.000000000000000000, 1.000000000000000000 ) ) ;
#1274 = FACE_OUTER_BOUND ( 'NONE', #2871, .T. ) ;
#1275 = VERTEX_POINT ( 'NONE', #2512 ) ;
#1276 = DIRECTION ( 'NONE',  ( -1.000000000000000000, 0.000000000000000000, 0.000000000000000000 ) ) ;
#1277 = CARTESIAN_POINT ( 'NONE',  ( 0.1204492798486485050, -0.01968503937007874682, -0.08999999999999985789 ) ) ;
#1278 = CARTESIAN_POINT ( 'NONE',  ( -0.1897677564046337251, 0.6115673036087564407, -0.03937007874015751446 ) ) ;
#1279 = AXIS2_PLACEMENT_3D ( 'NONE', #2836, #1992, #2212 ) ;
#1280 = LINE ( 'NONE', #2393, #800 ) ;
#1281 = CIRCLE ( 'NONE', #609, 0.1220472440944882775 ) ;
#1282 = ORIENTED_EDGE ( 'NONE', *, *, #2900, .T. ) ;
#1283 = CIRCLE ( 'NONE', #2, 0.2834645669291337988 ) ;
#1284 = DIRECTION ( 'NONE',  ( 0.7071067811865433539, 0.7071067811865516806, -0.000000000000000000 ) ) ;
#1285 = LINE ( 'NONE', #2190, #154 ) ;
#1286 = EDGE_CURVE ( 'NONE', #1601, #1459, #503, .T. ) ;
#1287 = AXIS2_PLACEMENT_3D ( 'NONE', #265, #1110, #1124 ) ;
#1288 = ORIENTED_EDGE ( 'NONE', *, *, #753, .F. ) ;
#1289 = ORIENTED_EDGE ( 'NONE', *, *, #987, .T. ) ;
#1290 = CARTESIAN_POINT ( 'NONE',  ( 0.5000000000000000000, 0.000000000000000000, -1.328707901096514821 ) ) ;
#1291 = DIRECTION ( 'NONE',  ( -1.000000000000000000, 0.000000000000000000, 0.000000000000000000 ) ) ;
#1292 = EDGE_CURVE ( 'NONE', #886, #249, #2343, .T. ) ;
#1293 = ORIENTED_EDGE ( 'NONE', *, *, #2900, .F. ) ;
#1294 = CARTESIAN_POINT ( 'NONE',  ( 0.5000000000000001110, -0.2440944881889763884, -0.1200787401574803098 ) ) ;
#1295 = CIRCLE ( 'NONE', #998, 0.02362204724409444970 ) ;
#1296 = DIRECTION ( 'NONE',  ( 0.9809805767470727300, 0.1941059196546582044, -0.000000000000000000 ) ) ;
#1297 = AXIS2_PLACEMENT_3D ( 'NONE', #2773, #2759, #730 ) ;
#1298 = CARTESIAN_POINT ( 'NONE',  ( -0.3888565063846475267, 0.3888565063846458059, -0.1200787401574803098 ) ) ;
#1299 = CARTESIAN_POINT ( 'NONE',  ( -0.1736242986373653374, 0.6374953337155470079, -0.03937007874015751446 ) ) ;
#1300 = AXIS2_PLACEMENT_3D ( 'NONE', #1744, #1129, #1549 ) ;
#1301 = ORIENTED_EDGE ( 'NONE', *, *, #700, .F. ) ;
#1302 = CIRCLE ( 'NONE', #19, 0.02362204724409444970 ) ;
#1303 = FACE_OUTER_BOUND ( 'NONE', #261, .T. ) ;
#1304 = CARTESIAN_POINT ( 'NONE',  ( 0.3836387478365864134, 0.04566244622184056912, 0.08999999999999985789 ) ) ;
#1305 = CARTESIAN_POINT ( 'NONE',  ( 0.01065102457273719473, 0.2652523529243818179, 0.08999999999999999667 ) ) ;
#1306 = EDGE_LOOP ( 'NONE', ( #2153, #2129, #2295, #2631 ) ) ;
#1307 = DIRECTION ( 'NONE',  ( -0.7071067811865410224, -0.7071067811865540120, -0.000000000000000000 ) ) ;
#1308 = EDGE_CURVE ( 'NONE', #65, #2798, #2075, .T. ) ;
#1309 = EDGE_CURVE ( 'NONE', #1166, #2223, #242, .T. ) ;
#1310 = CARTESIAN_POINT ( 'NONE',  ( -0.2997721874950042831, 0.4779408252742900487, 0.1200787401574803098 ) ) ;
#1311 = AXIS2_PLACEMENT_3D ( 'NONE', #1215, #2377, #2363 ) ;
#1312 = CARTESIAN_POINT ( 'NONE',  ( 0.6287056971662580152, 0.2074053101566732948, 0.1200787401574803098 ) ) ;
#1313 = PLANE ( 'NONE',  #759 ) ;
#1314 = CARTESIAN_POINT ( 'NONE',  ( -3.414809992080329023E-17, -3.414809992080329023E-17, 0.03937007874015751446 ) ) ;
#1315 = APPROVAL_PERSON_ORGANIZATION ( #2458, #2213, #1132 ) ;
#1316 = VERTEX_POINT ( 'NONE', #697 ) ;
#1317 = DIRECTION ( 'NONE',  ( 1.000000000000000000, 0.000000000000000000, 0.000000000000000000 ) ) ;
#1318 = LINE ( 'NONE', #888, #300 ) ;
#1319 = ORIENTED_EDGE ( 'NONE', *, *, #1046, .F. ) ;
#1320 = CARTESIAN_POINT ( 'NONE',  ( 0.1204492798486484634, 0.01968503937007874682, 0.03937007874015751446 ) ) ;
#1321 = ORIENTED_EDGE ( 'NONE', *, *, #1323, .T. ) ;
#1322 = CARTESIAN_POINT ( 'NONE',  ( -0.3443143469398259326, 0.4333986658294679550, -1.328707901096514821 ) ) ;
#1323 = EDGE_CURVE ( 'NONE', #2057, #1144, #628, .T. ) ;
#1324 = VERTEX_POINT ( 'NONE', #685 ) ;
#1325 = LINE ( 'NONE', #810, #1062 ) ;
#1326 = CARTESIAN_POINT ( 'NONE',  ( -0.4881889763779527769, 0.1429872406805822171, 0.1200787401574803098 ) ) ;
#1327 = DIRECTION ( 'NONE',  ( 0.000000000000000000, 0.000000000000000000, -1.000000000000000000 ) ) ;
#1328 = EDGE_CURVE ( 'NONE', #1494, #374, #1349, .T. ) ;
#1329 = EDGE_LOOP ( 'NONE', ( #792, #290, #1635, #675 ) ) ;
#1330 = CARTESIAN_POINT ( 'NONE',  ( -0.1104680098545101352, 0.2886366476337979270, -0.1200787401574803098 ) ) ;
#1331 = VECTOR ( 'NONE', #991, 39.37007874015748143 ) ;
#1332 = CARTESIAN_POINT ( 'NONE',  ( -0.06592585040968858279, 0.3331788070786201872, 0.1200787401574803098 ) ) ;
#1333 = AXIS2_PLACEMENT_3D ( 'NONE', #765, #2577, #545 ) ;
#1334 = APPROVAL_STATUS ( 'not_yet_approved' ) ;
#1335 = AXIS2_PLACEMENT_3D ( 'NONE', #844, #1757, #1083 ) ;
#1336 = VERTEX_POINT ( 'NONE', #285 ) ;
#1337 = CARTESIAN_POINT ( 'NONE',  ( -0.2047244094488188948, 0.1429872406805822449, 0.1200787401574803098 ) ) ;
#1338 = VERTEX_POINT ( 'NONE', #1837 ) ;
#1339 = DIRECTION ( 'NONE',  ( -0.7071067811865511255, 0.7071067811865437980, 0.000000000000000000 ) ) ;
#1340 = CARTESIAN_POINT ( 'NONE',  ( -0.3155881085292689958, 0.3155881085292681631, -0.1200787401574803098 ) ) ;
#1341 = VECTOR ( 'NONE', #2225, 39.37007874015748143 ) ;
#1342 = FACE_OUTER_BOUND ( 'NONE', #931, .T. ) ;
#1343 = AXIS2_PLACEMENT_3D ( 'NONE', #1380, #2283, #248 ) ;
#1344 = ORIENTED_EDGE ( 'NONE', *, *, #2210, .F. ) ;
#1345 = CARTESIAN_POINT ( 'NONE',  ( -0.1383068595075236384, 0.2607977979807841740, 1.328707901096514821 ) ) ;
#1346 = ADVANCED_FACE ( 'NONE', ( #932 ), #1190, .F. ) ;
#1347 = VECTOR ( 'NONE', #997, 39.37007874015748143 ) ;
#1348 = DIRECTION ( 'NONE',  ( -1.000000000000000000, 0.000000000000000000, 0.000000000000000000 ) ) ;
#1349 = CIRCLE ( 'NONE', #1920, 0.2440944881889764162 ) ;
#1350 = EDGE_LOOP ( 'NONE', ( #2409, #2098, #2264, #2369, #1461, #2553, #1969, #1845, #1179, #2651, #1449, #1794 ) ) ;
#1351 = DIRECTION ( 'NONE',  ( -0.000000000000000000, -0.000000000000000000, 1.000000000000000000 ) ) ;
#1352 = VERTEX_POINT ( 'NONE', #1387 ) ;
#1353 = DIRECTION ( 'NONE',  ( 0.7071067811865410224, 0.7071067811865540120, -0.000000000000000000 ) ) ;
#1354 = LINE ( 'NONE', #1383, #1388 ) ;
#1355 = LINE ( 'NONE', #2720, #1612 ) ;
#1356 = ORIENTED_EDGE ( 'NONE', *, *, #827, .F. ) ;
#1357 = SECURITY_CLASSIFICATION ( '', '', #2030 ) ;
#1358 = CARTESIAN_POINT ( 'NONE',  ( -0.4881889763779528324, 0.1429872406805823004, -0.1200787401574803098 ) ) ;
#1359 = CARTESIAN_POINT ( 'NONE',  ( -0.3443143469398259326, 0.4333986658294679550, 0.03937007874015751446 ) ) ;
#1360 = ADVANCED_FACE ( 'NONE', ( #739 ), #921, .F. ) ;
#1361 = VERTEX_POINT ( 'NONE', #1426 ) ;
#1362 = COORDINATED_UNIVERSAL_TIME_OFFSET ( 6, 0, .BEHIND. ) ;
#1363 = ADVANCED_FACE ( 'NONE', ( #62 ), #1650, .F. ) ;
#1364 = ORIENTED_EDGE ( 'NONE', *, *, #1741, .F. ) ;
#1365 = CARTESIAN_POINT ( 'NONE',  ( -3.414809992080329023E-17, -3.414809992080329023E-17, 1.328707901096514821 ) ) ;
#1366 = EDGE_LOOP ( 'NONE', ( #2572, #1596, #2469, #1895 ) ) ;
#1367 = FACE_OUTER_BOUND ( 'NONE', #2459, .T. ) ;
#1368 = LINE ( 'NONE', #2260, #2005 ) ;
#1369 = CARTESIAN_POINT ( 'NONE',  ( -0.3888565063846475267, 0.3888565063846458059, 0.1200787401574803098 ) ) ;
#1370 = EDGE_LOOP ( 'NONE', ( #1082, #2141, #426, #577 ) ) ;
#1371 = DIRECTION ( 'NONE',  ( 0.000000000000000000, 0.000000000000000000, -1.000000000000000000 ) ) ;
#1372 = DIRECTION ( 'NONE',  ( 0.000000000000000000, 0.000000000000000000, 1.000000000000000000 ) ) ;
#1373 = EDGE_LOOP ( 'NONE', ( #1785, #703, #799, #260 ) ) ;
#1374 = VECTOR ( 'NONE', #283, 39.37007874015748143 ) ;
#1375 = EDGE_CURVE ( 'NONE', #1086, #1547, #1417, .T. ) ;
#1376 = AXIS2_PLACEMENT_3D ( 'NONE', #2011, #871, #1996 ) ;
#1377 = EDGE_LOOP ( 'NONE', ( #1321, #1403, #2107, #412, #2310, #2101 ) ) ;
#1378 = VECTOR ( 'NONE', #2325, 39.37007874015748143 ) ;
#1379 = EDGE_CURVE ( 'NONE', #2338, #2430, #2085, .T. ) ;
#1380 = CARTESIAN_POINT ( 'NONE',  ( -0.1569209888455571633, 0.6207920239237387783, 1.328707901096514821 ) ) ;
#1381 = ORIENTED_EDGE ( 'NONE', *, *, #1519, .F. ) ;
#1382 = CARTESIAN_POINT ( 'NONE',  ( -0.06592585040968856891, 0.3331788070786201872, 0.1200787401574803098 ) ) ;
#1383 = CARTESIAN_POINT ( 'NONE',  ( -0.2440944881889764162, 0.2440944881889763884, 0.1200787401574803098 ) ) ;
#1384 = DIRECTION ( 'NONE',  ( -1.000000000000000000, 0.000000000000000000, 0.000000000000000000 ) ) ;
#1385 = ORIENTED_EDGE ( 'NONE', *, *, #1647, .T. ) ;
#1386 = DIRECTION ( 'NONE',  ( -0.000000000000000000, -0.000000000000000000, 1.000000000000000000 ) ) ;
#1387 = CARTESIAN_POINT ( 'NONE',  ( -0.2877492588762555203, 0.3434269581822819717, -0.1200787401574803098 ) ) ;
#1388 = VECTOR ( 'NONE', #2025, 39.37007874015748143 ) ;
#1389 = ORIENTED_EDGE ( 'NONE', *, *, #2069, .T. ) ;
#1390 = VECTOR ( 'NONE', #2432, 39.37007874015748143 ) ;
#1391 = ORIENTED_EDGE ( 'NONE', *, *, #1292, .F. ) ;
#1392 = DIRECTION ( 'NONE',  ( 0.000000000000000000, 0.000000000000000000, 1.000000000000000000 ) ) ;
#1393 = ORIENTED_EDGE ( 'NONE', *, *, #251, .T. ) ;
#1394 = EDGE_CURVE ( 'NONE', #249, #1592, #1821, .T. ) ;
#1395 = EDGE_CURVE ( 'NONE', #711, #2300, #46, .T. ) ;
#1396 = PLANE ( 'NONE',  #1287 ) ;
#1397 = CARTESIAN_POINT ( 'NONE',  ( 0.5826771653543307838, 1.012503259137575851E-17, -0.08999999999999999667 ) ) ;
#1398 = DIRECTION ( 'NONE',  ( -0.000000000000000000, -0.000000000000000000, 1.000000000000000000 ) ) ;
#1399 = ORIENTED_EDGE ( 'NONE', *, *, #1411, .T. ) ;
#1400 = CARTESIAN_POINT ( 'NONE',  ( -3.414809992080329023E-17, -3.414809992080329023E-17, -0.08999999999999985789 ) ) ;
#1401 = DIRECTION ( 'NONE',  ( -1.000000000000000000, 0.000000000000000000, 0.000000000000000000 ) ) ;
#1402 = VERTEX_POINT ( 'NONE', #1076 ) ;
#1403 = ORIENTED_EDGE ( 'NONE', *, *, #1945, .T. ) ;
#1404 = VERTEX_POINT ( 'NONE', #1441 ) ;
#1405 = CARTESIAN_POINT ( 'NONE',  ( -0.1661457091605392788, 0.6115673036087564407, -1.328707901096514821 ) ) ;
#1406 = FACE_OUTER_BOUND ( 'NONE', #1350, .T. ) ;
#1407 = CARTESIAN_POINT ( 'NONE',  ( -0.3679363941839203789, 0.4333986658294679550, -0.03937007874015751446 ) ) ;
#1408 = FACE_OUTER_BOUND ( 'NONE', #947, .T. ) ;
#1409 = ADVANCED_FACE ( 'NONE', ( #1457 ), #782, .F. ) ;
#1410 = VERTEX_POINT ( 'NONE', #1310 ) ;
#1411 = EDGE_CURVE ( 'NONE', #2430, #2892, #1995, .T. ) ;
#1412 = CARTESIAN_POINT ( 'NONE',  ( -0.06592585040968856891, 0.3331788070786201872, -0.03937007874015751446 ) ) ;
#1413 = ORIENTED_EDGE ( 'NONE', *, *, #2461, .T. ) ;
#1414 = ORIENTED_EDGE ( 'NONE', *, *, #2648, .T. ) ;
#1415 = DIRECTION ( 'NONE',  ( -1.000000000000000000, 0.000000000000000000, 0.000000000000000000 ) ) ;
#1416 = ORIENTED_EDGE ( 'NONE', *, *, #2140, .T. ) ;
#1417 = CIRCLE ( 'NONE', #184, 0.1220472440944882775 ) ;
#1418 = VECTOR ( 'NONE', #42, 39.37007874015748143 ) ;
#1419 = PLANE ( 'NONE',  #199 ) ;
#1420 = LINE ( 'NONE', #2331, #1209 ) ;
#1421 = AXIS2_PLACEMENT_3D ( 'NONE', #2873, #833, #2647 ) ;
#1422 = CARTESIAN_POINT ( 'NONE',  ( -0.004069276962214534756, 0.1219793866850640979, 1.328707901096514821 ) ) ;
#1423 = CIRCLE ( 'NONE', #2187, 0.08267716535433072833 ) ;
#1424 = PLANE ( 'NONE',  #1670 ) ;
#1425 = DIRECTION ( 'NONE',  ( 1.000000000000000000, 3.333337173756828983E-17, 0.000000000000000000 ) ) ;
#1426 = CARTESIAN_POINT ( 'NONE',  ( 0.4036126951234447757, 0.07958949339350007701, 0.03937007874015751446 ) ) ;
#1427 = EDGE_LOOP ( 'NONE', ( #1941, #1515, #1288, #1301, #1735, #596, #151, #714, #475, #1265, #1909, #1818 ) ) ;
#1428 = ORIENTED_EDGE ( 'NONE', *, *, #1926, .T. ) ;
#1429 = EDGE_CURVE ( 'NONE', #2809, #937, #2367, .T. ) ;
#1430 = DIRECTION ( 'NONE',  ( -0.000000000000000000, -0.000000000000000000, -1.000000000000000000 ) ) ;
#1431 = VECTOR ( 'NONE', #1994, 39.37007874015748143 ) ;
#1432 = AXIS2_PLACEMENT_3D ( 'NONE', #496, #744, #2120 ) ;
#1433 = ORIENTED_EDGE ( 'NONE', *, *, #2410, .T. ) ;
#1434 = AXIS2_PLACEMENT_3D ( 'NONE', #772, #1696, #1055 ) ;
#1435 = DIRECTION ( 'NONE',  ( 1.000000000000000000, -3.333337173756828983E-17, 0.000000000000000000 ) ) ;
#1436 = DIRECTION ( 'NONE',  ( -1.000000000000000000, 0.000000000000000000, 0.000000000000000000 ) ) ;
#1437 = AXIS2_PLACEMENT_3D ( 'NONE', #1607, #516, #1637 ) ;
#1438 = CARTESIAN_POINT ( 'NONE',  ( -0.3276110371480178696, 0.4501019756212761846, 1.328707901096514821 ) ) ;
#1439 = CARTESIAN_POINT ( 'NONE',  ( 0.4036126951234447757, 0.07958949339350002150, 0.08999999999999985789 ) ) ;
#1440 = DIRECTION ( 'NONE',  ( -1.000000000000000000, 0.000000000000000000, 0.000000000000000000 ) ) ;
#1441 = CARTESIAN_POINT ( 'NONE',  ( -0.3679363941839203789, 0.4333986658294679550, 0.1200787401574803098 ) ) ;
#1442 = ORIENTED_EDGE ( 'NONE', *, *, #1669, .T. ) ;
#1443 = VERTEX_POINT ( 'NONE', #2610 ) ;
#1444 = DIRECTION ( 'NONE',  ( 1.000000000000000000, 0.000000000000000000, 0.000000000000000000 ) ) ;
#1445 = FACE_OUTER_BOUND ( 'NONE', #1869, .T. ) ;
#1446 = EDGE_CURVE ( 'NONE', #652, #287, #1251, .T. ) ;
#1447 = AXIS2_PLACEMENT_3D ( 'NONE', #2880, #634, #2607 ) ;
#1448 = ADVANCED_FACE ( 'NONE', ( #88 ), #977, .F. ) ;
#1449 = ORIENTED_EDGE ( 'NONE', *, *, #665, .T. ) ;
#1450 = CARTESIAN_POINT ( 'NONE',  ( -0.4881889763779527769, 0.1429872406805822171, -1.328707901096514821 ) ) ;
#1451 = EDGE_CURVE ( 'NONE', #224, #691, #2142, .T. ) ;
#1452 = ORIENTED_EDGE ( 'NONE', *, *, #2281, .T. ) ;
#1453 = PLANE ( 'NONE',  #4 ) ;
#1454 = DIRECTION ( 'NONE',  ( -0.000000000000000000, -0.000000000000000000, -1.000000000000000000 ) ) ;
#1455 = CARTESIAN_POINT ( 'NONE',  ( -0.1661457091605392788, 0.6115673036087564407, 1.328707901096514821 ) ) ;
#1456 = DIRECTION ( 'NONE',  ( 0.000000000000000000, 0.000000000000000000, 1.000000000000000000 ) ) ;
#1457 = FACE_OUTER_BOUND ( 'NONE', #1683, .T. ) ;
#1458 = EDGE_LOOP ( 'NONE', ( #716, #689, #2913, #992 ) ) ;
#1459 = VERTEX_POINT ( 'NONE', #2353 ) ;
#1460 = DIRECTION ( 'NONE',  ( 1.000000000000000000, 0.000000000000000000, 0.000000000000000000 ) ) ;
#1461 = ORIENTED_EDGE ( 'NONE', *, *, #987, .F. ) ;
#1462 = DIRECTION ( 'NONE',  ( 1.000000000000000000, 0.000000000000000000, 0.000000000000000000 ) ) ;
#1463 = VERTEX_POINT ( 'NONE', #854 ) ;
#1464 = CARTESIAN_POINT ( 'NONE',  ( 0.03062497185959546855, 0.2991794000960412703, -1.328707901096514821 ) ) ;
#1465 = ADVANCED_FACE ( 'NONE', ( #2823 ), #2451, .F. ) ;
#1466 = CIRCLE ( 'NONE', #2226, 0.08267716535433072833 ) ;
#1467 = VECTOR ( 'NONE', #1398, 39.37007874015748143 ) ;
#1468 = CARTESIAN_POINT ( 'NONE',  ( -0.3443143469398259326, 0.4333986658294679550, 0.1200787401574803098 ) ) ;
#1469 = LINE ( 'NONE', #2660, #1087 ) ;
#1470 = VECTOR ( 'NONE', #594, 39.37007874015748143 ) ;
#1471 = DIRECTION ( 'NONE',  ( 0.7071067811865410224, 0.7071067811865541231, 0.000000000000000000 ) ) ;
#1472 = VERTEX_POINT ( 'NONE', #411 ) ;
#1473 = PLANE ( 'NONE',  #2279 ) ;
#1474 = DIRECTION ( 'NONE',  ( -0.000000000000000000, -0.000000000000000000, 1.000000000000000000 ) ) ;
#1475 = VERTEX_POINT ( 'NONE', #74 ) ;
#1476 = DIRECTION ( 'NONE',  ( -1.000000000000000000, 0.000000000000000000, 0.000000000000000000 ) ) ;
#1477 = VECTOR ( 'NONE', #647, 39.37007874015748143 ) ;
#1478 = EDGE_LOOP ( 'NONE', ( #1561, #2007, #1914, #2580 ) ) ;
#1479 = CARTESIAN_POINT ( 'NONE',  ( -0.04269055951131190546, 0.1143374213443295317, -0.03937007874015751446 ) ) ;
#1480 = AXIS2_PLACEMENT_3D ( 'NONE', #276, #2346, #1885 ) ;
#1481 = EDGE_CURVE ( 'NONE', #2395, #1316, #704, .T. ) ;
#1482 = EDGE_CURVE ( 'NONE', #2371, #2809, #2273, .T. ) ;
#1483 = VECTOR ( 'NONE', #2176, 39.37007874015748143 ) ;
#1484 =( LENGTH_UNIT ( ) NAMED_UNIT ( * ) SI_UNIT ( $, .METRE. ) );
#1485 = CARTESIAN_POINT ( 'NONE',  ( -0.3443143469398264878, 0.5224829847191116983, 0.1200787401574803098 ) ) ;
#1486 = FACE_OUTER_BOUND ( 'NONE', #352, .T. ) ;
#1487 = EDGE_CURVE ( 'NONE', #480, #1253, #1666, .T. ) ;
#1488 = ORIENTED_EDGE ( 'NONE', *, *, #1700, .F. ) ;
#1489 = EDGE_LOOP ( 'NONE', ( #517, #568, #99, #661 ) ) ;
#1490 = DIRECTION ( 'NONE',  ( 0.000000000000000000, 0.000000000000000000, 1.000000000000000000 ) ) ;
#1491 = PLANE ( 'NONE',  #2527 ) ;
#1492 = ORIENTED_EDGE ( 'NONE', *, *, #2450, .F. ) ;
#1493 = DIRECTION ( 'NONE',  ( -0.000000000000000000, -0.000000000000000000, -1.000000000000000000 ) ) ;
#1494 = VERTEX_POINT ( 'NONE', #1923 ) ;
#1495 = AXIS2_PLACEMENT_3D ( 'NONE', #2642, #1544, #2452 ) ;
#1496 = DIRECTION ( 'NONE',  ( -0.000000000000000000, -0.000000000000000000, -1.000000000000000000 ) ) ;
#1497 = DIRECTION ( 'NONE',  ( -0.000000000000000000, -0.000000000000000000, -1.000000000000000000 ) ) ;
#1498 = DIRECTION ( 'NONE',  ( 1.000000000000000000, 0.000000000000000000, 0.000000000000000000 ) ) ;
#1499 = EDGE_CURVE ( 'NONE', #1324, #44, #2508, .T. ) ;
#1500 = ORIENTED_EDGE ( 'NONE', *, *, #665, .F. ) ;
#1501 = ORIENTED_EDGE ( 'NONE', *, *, #2700, .T. ) ;
#1502 = CARTESIAN_POINT ( 'NONE',  ( -0.1444655987972096323, 0.6408635055518038248, -0.03937007874015751446 ) ) ;
#1503 = EDGE_CURVE ( 'NONE', #2513, #484, #2595, .T. ) ;
#1504 = DIRECTION ( 'NONE',  ( 1.000000000000000000, 0.000000000000000000, 0.000000000000000000 ) ) ;
#1505 = VERTEX_POINT ( 'NONE', #2381 ) ;
#1506 = CARTESIAN_POINT ( 'NONE',  ( -0.1661457091605392788, 0.6115673036087564407, -1.328707901096514821 ) ) ;
#1507 = DIRECTION ( 'NONE',  ( 0.7071067811865516806, -0.7071067811865434649, 0.000000000000000000 ) ) ;
#1508 = ORIENTED_EDGE ( 'NONE', *, *, #1891, .F. ) ;
#1509 = CARTESIAN_POINT ( 'NONE',  ( 0.5826771653543307838, 1.012503259137575851E-17, 0.08999999999999999667 ) ) ;
#1510 = CARTESIAN_POINT ( 'NONE',  ( 0.000000000000000000, 0.000000000000000000, 0.08999999999999999667 ) ) ;
#1511 = CARTESIAN_POINT ( 'NONE',  ( 0.02315846847995518473, 0.3331788070786206313, -0.1200787401574803098 ) ) ;
#1512 = AXIS2_PLACEMENT_3D ( 'NONE', #738, #2366, #490 ) ;
#1513 = CARTESIAN_POINT ( 'NONE',  ( 0.000000000000000000, 2.571311109574431150E-17, 0.1200787401574803098 ) ) ;
#1514 = VECTOR ( 'NONE', #1327, 39.37007874015748143 ) ;
#1515 = ORIENTED_EDGE ( 'NONE', *, *, #1687, .T. ) ;
#1516 = VECTOR ( 'NONE', #1970, 39.37007874015748143 ) ;
#1517 = CARTESIAN_POINT ( 'NONE',  ( -0.1736242986373653374, 0.6374953337155470079, 1.328707901096514821 ) ) ;
#1518 = CARTESIAN_POINT ( 'NONE',  ( -0.3679363941839203789, 0.4333986658294679550, -0.1200787401574803098 ) ) ;
#1519 = EDGE_CURVE ( 'NONE', #333, #1838, #1542, .T. ) ;
#1520 = ADVANCED_FACE ( 'NONE', ( #345 ), #1219, .F. ) ;
#1521 = ORIENTED_EDGE ( 'NONE', *, *, #1328, .F. ) ;
#1522 = DIRECTION ( 'NONE',  ( 0.7071067811865410224, 0.7071067811865540120, 0.000000000000000000 ) ) ;
#1523 = CARTESIAN_POINT ( 'NONE',  ( -0.3276110371480178696, 0.4501019756212761846, 0.1200787401574803098 ) ) ;
#1524 = ORIENTED_EDGE ( 'NONE', *, *, #2119, .F. ) ;
#1525 = DIRECTION ( 'NONE',  ( 0.000000000000000000, 0.000000000000000000, 1.000000000000000000 ) ) ;
#1526 = AXIS2_PLACEMENT_3D ( 'NONE', #588, #190, #2010 ) ;
#1527 = LINE ( 'NONE', #2438, #984 ) ;
#1528 = FACE_OUTER_BOUND ( 'NONE', #1130, .T. ) ;
#1529 = DIRECTION ( 'NONE',  ( 0.000000000000000000, 1.000000000000000000, 0.000000000000000000 ) ) ;
#1530 = AXIS2_PLACEMENT_3D ( 'NONE', #2418, #2832, #1989 ) ;
#1531 = EDGE_LOOP ( 'NONE', ( #2235, #1658, #1883, #728, #2316, #798, #2345, #417, #1804, #2035, #2618, #2174, #282, #1442, #231, #274, #420, #979, #203, #1886 ) ) ;
#1532 = CIRCLE ( 'NONE', #2571, 0.06299212598425198151 ) ;
#1533 = CYLINDRICAL_SURFACE ( 'NONE', #1709, 0.06299212598425199539 ) ;
#1534 = CARTESIAN_POINT ( 'NONE',  ( -0.06592585040968856891, 0.3331788070786201872, 0.1200787401574803098 ) ) ;
#1535 = VERTEX_POINT ( 'NONE', #1937 ) ;
#1536 = EDGE_CURVE ( 'NONE', #2312, #598, #1527, .T. ) ;
#1537 = ADVANCED_FACE ( 'NONE', ( #1562 ), #1548, .F. ) ;
#1538 = CARTESIAN_POINT ( 'NONE',  ( -0.06592585040968858279, 0.3331788070786201872, 0.1200787401574803098 ) ) ;
#1539 = EDGE_LOOP ( 'NONE', ( #995, #1924, #1226, #332 ) ) ;
#1540 = PLANE ( 'NONE',  #586 ) ;
#1541 = ADVANCED_FACE ( 'NONE', ( #476 ), #2738, .F. ) ;
#1542 = LINE ( 'NONE', #2564, #279 ) ;
#1543 = AXIS2_PLACEMENT_3D ( 'NONE', #2405, #2675, #2224 ) ;
#1544 = DIRECTION ( 'NONE',  ( 0.000000000000000000, 0.000000000000000000, 1.000000000000000000 ) ) ;
#1545 = CARTESIAN_POINT ( 'NONE',  ( -0.4881889763779528324, 0.1429872406805823004, 0.1200787401574803098 ) ) ;
#1546 = LINE ( 'NONE', #1369, #1514 ) ;
#1547 = VERTEX_POINT ( 'NONE', #1145 ) ;
#1548 = PLANE ( 'NONE',  #1180 ) ;
#1549 = DIRECTION ( 'NONE',  ( -1.000000000000000000, 0.000000000000000000, 0.000000000000000000 ) ) ;
#1550 = ORIENTED_EDGE ( 'NONE', *, *, #1610, .F. ) ;
#1551 = APPROVAL_DATE_TIME ( #1105, #1776 ) ;
#1552 = ORIENTED_EDGE ( 'NONE', *, *, #2339, .F. ) ;
#1553 = LINE ( 'NONE', #1840, #2056 ) ;
#1554 = ORIENTED_EDGE ( 'NONE', *, *, #232, .F. ) ;
#1555 = EDGE_CURVE ( 'NONE', #14, #1597, #2497, .T. ) ;
#1556 = DIRECTION ( 'NONE',  ( 1.000000000000000000, -6.829619984160656814E-17, 0.000000000000000000 ) ) ;
#1557 = FACE_OUTER_BOUND ( 'NONE', #1962, .T. ) ;
#1558 = CARTESIAN_POINT ( 'NONE',  ( -0.02711696257061218043, 0.2384587396127663406, 0.08999999999999999667 ) ) ;
#1559 = AXIS2_PLACEMENT_3D ( 'NONE', #2792, #106, #633 ) ;
#1560 = APPLICATION_CONTEXT ( 'configuration controlled 3d designs of mechanical parts and assemblies' ) ;
#1561 = ORIENTED_EDGE ( 'NONE', *, *, #2918, .F. ) ;
#1562 = FACE_OUTER_BOUND ( 'NONE', #2191, .T. ) ;
#1563 = AXIS2_PLACEMENT_3D ( 'NONE', #1859, #974, #2097 ) ;
#1564 = DIRECTION ( 'NONE',  ( -0.000000000000000000, -0.000000000000000000, -1.000000000000000000 ) ) ;
#1565 = ORIENTED_EDGE ( 'NONE', *, *, #2548, .T. ) ;
#1566 = VECTOR ( 'NONE', #747, 39.37007874015748143 ) ;
#1567 = PERSON_AND_ORGANIZATION_ROLE ( 'creator' ) ;
#1568 = VECTOR ( 'NONE', #2745, 39.37007874015748143 ) ;
#1569 = DIRECTION ( 'NONE',  ( -0.000000000000000000, -0.000000000000000000, 1.000000000000000000 ) ) ;
#1570 = EDGE_LOOP ( 'NONE', ( #2582, #2794, #2218, #1892 ) ) ;
#1571 = CARTESIAN_POINT ( 'NONE',  ( -0.2291378351447914130, 0.6115673036087564407, 0.1200787401574803098 ) ) ;
#1572 = FACE_OUTER_BOUND ( 'NONE', #1651, .T. ) ;
#1573 = CIRCLE ( 'NONE', #2431, 0.06299212598425198151 ) ;
#1574 = DIRECTION ( 'NONE',  ( -0.000000000000000000, -0.000000000000000000, 1.000000000000000000 ) ) ;
#1575 = EDGE_CURVE ( 'NONE', #706, #451, #1786, .T. ) ;
#1576 = VECTOR ( 'NONE', #2731, 39.37007874015748143 ) ;
#1577 = VERTEX_POINT ( 'NONE', #2028 ) ;
#1578 = CARTESIAN_POINT ( 'NONE',  ( -0.1828490189523475917, 0.6282706134005645593, 0.1200787401574803098 ) ) ;
#1579 = VECTOR ( 'NONE', #1507, 39.37007874015748143 ) ;
#1580 = EDGE_CURVE ( 'NONE', #925, #2758, #1655, .T. ) ;
#1581 = CARTESIAN_POINT ( 'NONE',  ( 0.5000000000000000000, 0.000000000000000000, 0.1200787401574803098 ) ) ;
#1582 = EDGE_LOOP ( 'NONE', ( #1958, #1113, #2766, #2382, #553, #200, #2455, #1104, #1975, #504, #1107, #126, #1616 ) ) ;
#1583 = EDGE_LOOP ( 'NONE', ( #1754, #725, #988, #900 ) ) ;
#1584 = DIRECTION ( 'NONE',  ( 0.000000000000000000, 0.000000000000000000, 1.000000000000000000 ) ) ;
#1585 = ORIENTED_EDGE ( 'NONE', *, *, #2726, .F. ) ;
#1586 = CARTESIAN_POINT ( 'NONE',  ( -0.3443143469398264878, 0.5224829847191116983, -0.1200787401574803098 ) ) ;
#1587 = ORIENTED_EDGE ( 'NONE', *, *, #604, .F. ) ;
#1588 = CARTESIAN_POINT ( 'NONE',  ( -0.1828490189523476195, 0.6282706134005645593, -0.03937007874015751446 ) ) ;
#1589 = DIRECTION ( 'NONE',  ( -1.000000000000000000, 0.000000000000000000, 0.000000000000000000 ) ) ;
#1590 = DIRECTION ( 'NONE',  ( -0.7071067811865513475, 0.7071067811865435759, 0.000000000000000000 ) ) ;
#1591 = AXIS2_PLACEMENT_3D ( 'NONE', #70, #972, #1436 ) ;
#1592 = VERTEX_POINT ( 'NONE', #2262 ) ;
#1593 = EDGE_CURVE ( 'NONE', #560, #2043, #1898, .T. ) ;
#1594 = DIRECTION ( 'NONE',  ( -0.000000000000000000, -0.000000000000000000, -1.000000000000000000 ) ) ;
#1595 = DIRECTION ( 'NONE',  ( -0.000000000000000000, -0.000000000000000000, 1.000000000000000000 ) ) ;
#1596 = ORIENTED_EDGE ( 'NONE', *, *, #175, .T. ) ;
#1597 = VERTEX_POINT ( 'NONE', #2456 ) ;
#1598 = EDGE_CURVE ( 'NONE', #537, #214, #2748, .T. ) ;
#1599 = VERTEX_POINT ( 'NONE', #461 ) ;
#1600 = CARTESIAN_POINT ( 'NONE',  ( -0.2047244094488188670, -3.414809992080329023E-17, 0.1200787401574803098 ) ) ;
#1601 = VERTEX_POINT ( 'NONE', #2914 ) ;
#1602 = CARTESIAN_POINT ( 'NONE',  ( -0.1383068595075236384, 0.2607977979807841740, 0.1200787401574803098 ) ) ;
#1603 = DIRECTION ( 'NONE',  ( -0.000000000000000000, -0.000000000000000000, -1.000000000000000000 ) ) ;
#1604 = CYLINDRICAL_SURFACE ( 'NONE', #92, 0.06299212598425196763 ) ;
#1605 = ORIENTED_EDGE ( 'NONE', *, *, #2376, .F. ) ;
#1606 = LINE ( 'NONE', #2510, #376 ) ;
#1607 = CARTESIAN_POINT ( 'NONE',  ( 0.02315846847995518473, 0.3331788070786206313, 0.1200787401574803098 ) ) ;
#1608 = EDGE_LOOP ( 'NONE', ( #49, #1040, #780, #286 ) ) ;
#1609 = CIRCLE ( 'NONE', #509, 0.1023622047244094196 ) ;
#1610 = EDGE_CURVE ( 'NONE', #2921, #2695, #2891, .T. ) ;
#1611 = EDGE_CURVE ( 'NONE', #1597, #302, #418, .T. ) ;
#1612 = VECTOR ( 'NONE', #178, 39.37007874015748143 ) ;
#1613 = ORIENTED_EDGE ( 'NONE', *, *, #2089, .F. ) ;
#1614 = VECTOR ( 'NONE', #1661, 39.37007874015748143 ) ;
#1615 = DIRECTION ( 'NONE',  ( -1.000000000000000000, 0.000000000000000000, 0.000000000000000000 ) ) ;
#1616 = ORIENTED_EDGE ( 'NONE', *, *, #82, .F. ) ;
#1617 = CARTESIAN_POINT ( 'NONE',  ( -0.2047244094488188948, -5.854665251265082284E-17, 1.328707901096514821 ) ) ;
#1618 = DIRECTION ( 'NONE',  ( -1.000000000000000000, 3.333337173756828983E-17, 0.000000000000000000 ) ) ;
#1619 = CARTESIAN_POINT ( 'NONE',  ( -3.414809992080329023E-17, -3.414809992080329023E-17, -0.08999999999999985789 ) ) ;
#1620 = ORIENTED_EDGE ( 'NONE', *, *, #1451, .T. ) ;
#1621 = PLANE ( 'NONE',  #1437 ) ;
#1622 = AXIS2_PLACEMENT_3D ( 'NONE', #1545, #2869, #856 ) ;
#1623 = ORIENTED_EDGE ( 'NONE', *, *, #603, .F. ) ;
#1624 = VERTEX_POINT ( 'NONE', #1330 ) ;
#1625 = AXIS2_PLACEMENT_3D ( 'NONE', #1810, #440, #2475 ) ;
#1626 = VECTOR ( 'NONE', #2827, 39.37007874015748143 ) ;
#1627 = EDGE_LOOP ( 'NONE', ( #2476, #1998, #2909, #2654 ) ) ;
#1628 = EDGE_CURVE ( 'NONE', #1861, #924, #1606, .T. ) ;
#1629 = DIRECTION ( 'NONE',  ( -0.8617469981601502127, 0.5073382610862007258, 0.000000000000000000 ) ) ;
#1630 = ORIENTED_EDGE ( 'NONE', *, *, #1063, .T. ) ;
#1631 = CARTESIAN_POINT ( 'NONE',  ( -0.004069276962214534756, 0.1219793866850640979, -1.328707901096514821 ) ) ;
#1632 = CARTESIAN_POINT ( 'NONE',  ( -0.06592585040968856891, 0.3331788070786201872, -0.08999999999999999667 ) ) ;
#1633 = EDGE_CURVE ( 'NONE', #631, #2824, #1099, .T. ) ;
#1634 = CARTESIAN_POINT ( 'NONE',  ( 0.3765597341828912925, 0.01968503937007873641, -0.03937007874015751446 ) ) ;
#1635 = ORIENTED_EDGE ( 'NONE', *, *, #210, .T. ) ;
#1636 = FACE_OUTER_BOUND ( 'NONE', #852, .T. ) ;
#1637 = DIRECTION ( 'NONE',  ( -0.7071067811865513475, 0.7071067811865435759, 0.000000000000000000 ) ) ;
#1638 = MANIFOLD_SOLID_BREP ( '228-2500-157', #903 ) ;
#1639 = CIRCLE ( 'NONE', #2777, 0.1250000000000000278 ) ;
#1640 = VERTEX_POINT ( 'NONE', #1578 ) ;
#1641 = ORIENTED_EDGE ( 'NONE', *, *, #1979, .F. ) ;
#1642 = DIRECTION ( 'NONE',  ( -0.000000000000000000, -0.000000000000000000, -1.000000000000000000 ) ) ;
#1643 = ORIENTED_EDGE ( 'NONE', *, *, #2805, .T. ) ;
#1644 = CARTESIAN_POINT ( 'NONE',  ( -0.1828490189523474529, 0.5948639938169483221, -1.328707901096514821 ) ) ;
#1645 = LINE ( 'NONE', #1844, #1467 ) ;
#1646 = CC_DESIGN_PERSON_AND_ORGANIZATION_ASSIGNMENT ( #2711, #671, ( #1357 ) ) ;
#1647 = EDGE_CURVE ( 'NONE', #1505, #324, #422, .T. ) ;
#1648 = LINE ( 'NONE', #2365, #2385 ) ;
#1649 = FACE_OUTER_BOUND ( 'NONE', #2599, .T. ) ;
#1650 = CYLINDRICAL_SURFACE ( 'NONE', #1850, 0.08267716535433075609 ) ;
#1651 = EDGE_LOOP ( 'NONE', ( #2795, #832, #2492, #2861 ) ) ;
#1652 = ORIENTED_EDGE ( 'NONE', *, *, #2933, .T. ) ;
#1653 = CARTESIAN_POINT ( 'NONE',  ( -0.1444655987972096323, 0.6408635055518038248, -0.1200787401574803098 ) ) ;
#1654 = ORIENTED_EDGE ( 'NONE', *, *, #1227, .F. ) ;
#1655 = CIRCLE ( 'NONE', #331, 0.2440944881889763884 ) ;
#1656 = CIRCLE ( 'NONE', #1851, 0.1220472440944882775 ) ;
#1657 = CARTESIAN_POINT ( 'NONE',  ( -0.1661457091605399727, 0.7006516224984001839, 0.1200787401574803098 ) ) ;
#1658 = ORIENTED_EDGE ( 'NONE', *, *, #2429, .T. ) ;
#1659 = DIRECTION ( 'NONE',  ( -0.000000000000000000, -0.000000000000000000, -1.000000000000000000 ) ) ;
#1660 = VECTOR ( 'NONE', #2937, 39.37007874015748143 ) ;
#1661 = DIRECTION ( 'NONE',  ( -0.1941059196546583709, 0.9809805767470727300, 0.000000000000000000 ) ) ;
#1662 = DIRECTION ( 'NONE',  ( 0.000000000000000000, 0.000000000000000000, -1.000000000000000000 ) ) ;
#1663 = CYLINDRICAL_SURFACE ( 'NONE', #2653, 0.1250000000000000278 ) ;
#1664 = EDGE_CURVE ( 'NONE', #964, #2223, #1115, .T. ) ;
#1665 = ADVANCED_FACE ( 'NONE', ( #22 ), #2483, .F. ) ;
#1666 = LINE ( 'NONE', #316, #1331 ) ;
#1667 = EDGE_LOOP ( 'NONE', ( #913, #1565 ) ) ;
#1668 = EDGE_LOOP ( 'NONE', ( #637, #2785, #1881, #2414, #378, #2415, #1178, #1344, #1239, #90, #466, #257, #2013, #2623, #823, #2760 ) ) ;
#1669 = EDGE_CURVE ( 'NONE', #1410, #2833, #1799, .T. ) ;
#1670 = AXIS2_PLACEMENT_3D ( 'NONE', #1018, #1935, #1050 ) ;
#1671 = VECTOR ( 'NONE', #996, 39.37007874015748143 ) ;
#1672 = VERTEX_POINT ( 'NONE', #241 ) ;
#1673 = VECTOR ( 'NONE', #1932, 39.37007874015748143 ) ;
#1674 = DIRECTION ( 'NONE',  ( -1.000000000000000000, 0.000000000000000000, 0.000000000000000000 ) ) ;
#1675 = DIRECTION ( 'NONE',  ( -1.000000000000000000, 0.000000000000000000, 0.000000000000000000 ) ) ;
#1676 = AXIS2_PLACEMENT_3D ( 'NONE', #301, #963, #2528 ) ;
#1677 = DIRECTION ( 'NONE',  ( -1.000000000000000000, 6.829619984160656814E-17, 0.000000000000000000 ) ) ;
#1678 = ORIENTED_EDGE ( 'NONE', *, *, #2051, .F. ) ;
#1679 = CARTESIAN_POINT ( 'NONE',  ( 0.01065102457273716177, 0.2652523529243818179, 1.328707901096514821 ) ) ;
#1680 = DIRECTION ( 'NONE',  ( 0.1941059196546583709, -0.9809805767470727300, 0.000000000000000000 ) ) ;
#1681 = ORIENTED_EDGE ( 'NONE', *, *, #1945, .F. ) ;
#1682 = EDGE_CURVE ( 'NONE', #1547, #2116, #919, .T. ) ;
#1683 = EDGE_LOOP ( 'NONE', ( #757, #303, #957, #695 ) ) ;
#1684 = DIRECTION ( 'NONE',  ( 0.5272781787133796749, 0.8496927222547580039, 0.000000000000000000 ) ) ;
#1685 = AXIS2_PLACEMENT_3D ( 'NONE', #2672, #1977, #793 ) ;
#1686 = CC_DESIGN_PERSON_AND_ORGANIZATION_ASSIGNMENT ( #215, #2930, ( #313 ) ) ;
#1687 = EDGE_CURVE ( 'NONE', #302, #2681, #1609, .T. ) ;
#1688 = VERTEX_POINT ( 'NONE', #2317 ) ;
#1689 = CARTESIAN_POINT ( 'NONE',  ( -0.004069276962214533888, 0.1219793866850640979, 0.08999999999999985789 ) ) ;
#1690 = CARTESIAN_POINT ( 'NONE',  ( -0.3443143469398259326, 0.4333986658294679550, -0.1200787401574803098 ) ) ;
#1691 = LINE ( 'NONE', #2800, #2114 ) ;
#1692 = FACE_OUTER_BOUND ( 'NONE', #2864, .T. ) ;
#1693 = DIRECTION ( 'NONE',  ( 0.7071067811865513475, -0.7071067811865436870, 0.000000000000000000 ) ) ;
#1694 = DIRECTION ( 'NONE',  ( -0.7071067811865437980, -0.7071067811865512365, 0.000000000000000000 ) ) ;
#1695 = ORIENTED_EDGE ( 'NONE', *, *, #920, .F. ) ;
#1696 = DIRECTION ( 'NONE',  ( -0.7071067811865540120, 0.7071067811865410224, 0.000000000000000000 ) ) ;
#1697 = ORIENTED_EDGE ( 'NONE', *, *, #1871, .T. ) ;
#1698 = DIRECTION ( 'NONE',  ( 0.7071067811865433539, 0.7071067811865516806, 0.000000000000000000 ) ) ;
#1699 = ADVANCED_FACE ( 'NONE', ( #1649 ), #1663, .T. ) ;
#1700 = EDGE_CURVE ( 'NONE', #2754, #362, #1862, .T. ) ;
#1701 = DIRECTION ( 'NONE',  ( -0.7071067811865512365, 0.7071067811865437980, 0.000000000000000000 ) ) ;
#1702 = ORIENTED_EDGE ( 'NONE', *, *, #1792, .F. ) ;
#1703 = LINE ( 'NONE', #399, #777 ) ;
#1704 = VECTOR ( 'NONE', #5, 39.37007874015748143 ) ;
#1705 = AXIS2_PLACEMENT_3D ( 'NONE', #2870, #373, #2594 ) ;
#1706 = CARTESIAN_POINT ( 'NONE',  ( -0.2047244094488188948, 0.1429872406805822449, -0.03937007874015751446 ) ) ;
#1707 = EDGE_LOOP ( 'NONE', ( #1521, #1897, #2530, #133 ) ) ;
#1708 = CYLINDRICAL_SURFACE ( 'NONE', #2796, 0.06299212598425196763 ) ;
#1709 = AXIS2_PLACEMENT_3D ( 'NONE', #817, #621, #605 ) ;
#1710 = DIRECTION ( 'NONE',  ( 1.000000000000000000, 0.000000000000000000, 0.000000000000000000 ) ) ;
#1711 = ORIENTED_EDGE ( 'NONE', *, *, #973, .F. ) ;
#1712 = ORIENTED_EDGE ( 'NONE', *, *, #791, .F. ) ;
#1713 = LINE ( 'NONE', #2397, #2327 ) ;
#1714 = DIRECTION ( 'NONE',  ( -0.000000000000000000, -0.000000000000000000, -1.000000000000000000 ) ) ;
#1715 = ORIENTED_EDGE ( 'NONE', *, *, #519, .T. ) ;
#1716 = CARTESIAN_POINT ( 'NONE',  ( -0.1736242986373653374, 0.6374953337155470079, -0.1200787401574803098 ) ) ;
#1717 = FACE_OUTER_BOUND ( 'NONE', #626, .T. ) ;
#1718 = AXIS2_PLACEMENT_3D ( 'NONE', #2519, #1569, #1779 ) ;
#1719 = ORIENTED_EDGE ( 'NONE', *, *, #2548, .F. ) ;
#1720 = ADVANCED_FACE ( 'NONE', ( #528 ), #1189, .F. ) ;
#1721 = CARTESIAN_POINT ( 'NONE',  ( 0.5000000000000000000, 0.000000000000000000, -0.08999999999999999667 ) ) ;
#1722 = CIRCLE ( 'NONE', #1247, 0.08267716535433075609 ) ;
#1723 = AXIS2_PLACEMENT_3D ( 'NONE', #651, #1564, #1348 ) ;
#1724 = ADVANCED_FACE ( 'NONE', ( #1636 ), #2779, .F. ) ;
#1725 = DIRECTION ( 'NONE',  ( 0.000000000000000000, 0.000000000000000000, -1.000000000000000000 ) ) ;
#1726 = DIRECTION ( 'NONE',  ( -1.000000000000000000, 2.168404344971008474E-15, 0.000000000000000000 ) ) ;
#1727 = ORIENTED_EDGE ( 'NONE', *, *, #2726, .T. ) ;
#1728 = ORIENTED_EDGE ( 'NONE', *, *, #2104, .T. ) ;
#1729 = DIRECTION ( 'NONE',  ( -0.000000000000000000, -0.000000000000000000, 1.000000000000000000 ) ) ;
#1730 = CARTESIAN_POINT ( 'NONE',  ( -0.1220472440944883052, -3.414809992080329023E-17, -0.03937007874015751446 ) ) ;
#1731 = VERTEX_POINT ( 'NONE', #1906 ) ;
#1732 = FACE_OUTER_BOUND ( 'NONE', #1208, .T. ) ;
#1733 = CIRCLE ( 'NONE', #2399, 0.1023622047244094474 ) ;
#1734 = LINE ( 'NONE', #369, #2811 ) ;
#1735 = ORIENTED_EDGE ( 'NONE', *, *, #194, .T. ) ;
#1736 = CARTESIAN_POINT ( 'NONE',  ( 0.4036126951234447757, 0.07958949339350002150, -0.08999999999999985789 ) ) ;
#1737 = DIRECTION ( 'NONE',  ( 1.000000000000000000, 0.000000000000000000, 0.000000000000000000 ) ) ;
#1738 = DIRECTION ( 'NONE',  ( -0.000000000000000000, -0.000000000000000000, 1.000000000000000000 ) ) ;
#1739 = FACE_OUTER_BOUND ( 'NONE', #1539, .T. ) ;
#1740 = EDGE_CURVE ( 'NONE', #44, #1324, #1466, .T. ) ;
#1741 = EDGE_CURVE ( 'NONE', #1577, #657, #1235, .T. ) ;
#1742 = ORIENTED_EDGE ( 'NONE', *, *, #123, .F. ) ;
#1743 = DIRECTION ( 'NONE',  ( 0.5272781787133796749, 0.8496927222547580039, -0.000000000000000000 ) ) ;
#1744 = CARTESIAN_POINT ( 'NONE',  ( -0.3443143469398259326, 0.4333986658294679550, -0.1200787401574803098 ) ) ;
#1745 = EDGE_LOOP ( 'NONE', ( #2856, #794, #2637, #2740 ) ) ;
#1746 = CARTESIAN_POINT ( 'NONE',  ( -0.2291378351447914130, 0.6115673036087564407, -0.1200787401574803098 ) ) ;
#1747 = FACE_OUTER_BOUND ( 'NONE', #687, .T. ) ;
#1748 = CARTESIAN_POINT ( 'NONE',  ( 0.5000000000000000000, 0.000000000000000000, 0.1200787401574803098 ) ) ;
#1749 = DIRECTION ( 'NONE',  ( -0.000000000000000000, -0.000000000000000000, -1.000000000000000000 ) ) ;
#1750 = CARTESIAN_POINT ( 'NONE',  ( -0.08267716535433072833, 0.000000000000000000, 0.08999999999999999667 ) ) ;
#1751 = AXIS2_PLACEMENT_3D ( 'NONE', #1400, #2791, #751 ) ;
#1752 = FACE_OUTER_BOUND ( 'NONE', #815, .T. ) ;
#1753 = CIRCLE ( 'NONE', #511, 0.2834645669291338543 ) ;
#1754 = ORIENTED_EDGE ( 'NONE', *, *, #2648, .F. ) ;
#1755 = ADVANCED_FACE ( 'NONE', ( #1205 ), #299, .T. ) ;
#1756 = EDGE_CURVE ( 'NONE', #602, #2032, #606, .T. ) ;
#1757 = DIRECTION ( 'NONE',  ( 0.000000000000000000, 0.000000000000000000, 1.000000000000000000 ) ) ;
#1758 = DIRECTION ( 'NONE',  ( 0.000000000000000000, 0.000000000000000000, 1.000000000000000000 ) ) ;
#1759 = ORIENTED_EDGE ( 'NONE', *, *, #20, .T. ) ;
#1760 = ADVANCED_FACE ( 'NONE', ( #1218, #2126, #989 ), #2804, .F. ) ;
#1761 = LINE ( 'NONE', #2208, #297 ) ;
#1762 = ORIENTED_EDGE ( 'NONE', *, *, #1081, .F. ) ;
#1763 = LINE ( 'NONE', #172, #729 ) ;
#1764 = VECTOR ( 'NONE', #1603, 39.37007874015748143 ) ;
#1765 = CARTESIAN_POINT ( 'NONE',  ( 0.006455158688146573481, 0.4055598161764562004, 1.328707901096514821 ) ) ;
#1766 = CARTESIAN_POINT ( 'NONE',  ( -0.2047244094488188670, -3.414809992080329023E-17, -1.328707901096514821 ) ) ;
#1767 = VECTOR ( 'NONE', #2046, 39.37007874015748854 ) ;
#1768 = DIRECTION ( 'NONE',  ( 0.7071067811865433539, 0.7071067811865517916, -0.000000000000000000 ) ) ;
#1769 = DIRECTION ( 'NONE',  ( -0.000000000000000000, -0.000000000000000000, 1.000000000000000000 ) ) ;
#1770 = AXIS2_PLACEMENT_3D ( 'NONE', #805, #170, #1291 ) ;
#1771 = ORIENTED_EDGE ( 'NONE', *, *, #465, .T. ) ;
#1772 = DIRECTION ( 'NONE',  ( 1.000000000000000000, 3.333337173756828983E-17, -0.000000000000000000 ) ) ;
#1773 = LINE ( 'NONE', #2472, #2102 ) ;
#1774 = EDGE_CURVE ( 'NONE', #2323, #2284, #329, .T. ) ;
#1775 = APPROVAL_STATUS ( 'not_yet_approved' ) ;
#1776 = APPROVAL ( #1775, 'UNSPECIFIED' ) ;
#1777 = EDGE_CURVE ( 'NONE', #1861, #1812, #45, .T. ) ;
#1778 = ORIENTED_EDGE ( 'NONE', *, *, #481, .T. ) ;
#1779 = DIRECTION ( 'NONE',  ( 1.000000000000000000, 0.000000000000000000, 0.000000000000000000 ) ) ;
#1780 = AXIS2_PLACEMENT_3D ( 'NONE', #599, #824, #807 ) ;
#1781 = VERTEX_POINT ( 'NONE', #589 ) ;
#1782 = PLANE ( 'NONE',  #515 ) ;
#1783 = CARTESIAN_POINT ( 'NONE',  ( -0.3610176567316340512, 0.4166953560376596144, 1.328707901096514821 ) ) ;
#1784 = DIRECTION ( 'NONE',  ( -0.000000000000000000, -0.000000000000000000, 1.000000000000000000 ) ) ;
#1785 = ORIENTED_EDGE ( 'NONE', *, *, #2281, .F. ) ;
#1786 = LINE ( 'NONE', #193, #1946 ) ;
#1787 = CARTESIAN_POINT ( 'NONE',  ( 0.000000000000000000, 0.000000000000000000, -0.03937007874015750059 ) ) ;
#1788 = EDGE_LOOP ( 'NONE', ( #2741, #1074, #2149, #1742 ) ) ;
#1789 = APPROVAL_ROLE ( '' ) ;
#1790 = ORIENTED_EDGE ( 'NONE', *, *, #1233, .F. ) ;
#1791 = ADVANCED_FACE ( 'NONE', ( #1936 ), #1708, .T. ) ;
#1792 = EDGE_CURVE ( 'NONE', #249, #866, #2380, .T. ) ;
#1793 = DIRECTION ( 'NONE',  ( 0.8496927222547580039, -0.5272781787133796749, 0.000000000000000000 ) ) ;
#1794 = ORIENTED_EDGE ( 'NONE', *, *, #1175, .F. ) ;
#1795 = FACE_OUTER_BOUND ( 'NONE', #2383, .T. ) ;
#1796 = DIRECTION ( 'NONE',  ( -0.000000000000000000, -0.000000000000000000, 1.000000000000000000 ) ) ;
#1797 = EDGE_CURVE ( 'NONE', #2131, #699, #1469, .T. ) ;
#1798 = DIRECTION ( 'NONE',  ( 1.000000000000000000, 0.000000000000000000, 0.000000000000000000 ) ) ;
#1799 = CIRCLE ( 'NONE', #2465, 0.06299212598425199539 ) ;
#1800 = ORIENTED_EDGE ( 'NONE', *, *, #1647, .F. ) ;
#1801 = CARTESIAN_POINT ( 'NONE',  ( -0.2047244094488188948, -5.854665251265082284E-17, -1.328707901096514821 ) ) ;
#1802 = AXIS2_PLACEMENT_3D ( 'NONE', #149, #388, #164 ) ;
#1803 = CYLINDRICAL_SURFACE ( 'NONE', #2815, 0.06299212598425199539 ) ;
#1804 = ORIENTED_EDGE ( 'NONE', *, *, #305, .T. ) ;
#1805 = AXIS2_PLACEMENT_3D ( 'NONE', #897, #2271, #2922 ) ;
#1806 = DATE_AND_TIME ( #228, #779 ) ;
#1807 = CARTESIAN_POINT ( 'NONE',  ( -0.2047244094488188948, -5.854665251265082284E-17, -0.03937007874015751446 ) ) ;
#1808 = CIRCLE ( 'NONE', #1039, 0.1220472440944882775 ) ;
#1809 = ORIENTED_EDGE ( 'NONE', *, *, #2109, .T. ) ;
#1810 = CARTESIAN_POINT ( 'NONE',  ( 0.5000000000000000000, 0.000000000000000000, -0.03937007874015751446 ) ) ;
#1811 = EDGE_CURVE ( 'NONE', #480, #2591, #1656, .T. ) ;
#1812 = VERTEX_POINT ( 'NONE', #1952 ) ;
#1813 = CARTESIAN_POINT ( 'NONE',  ( -0.002933724425436606918, 0.3331788070786201872, 0.1200787401574803098 ) ) ;
#1814 = CARTESIAN_POINT ( 'NONE',  ( -0.02138369096486644055, 0.2886366476337985376, 0.1200787401574803098 ) ) ;
#1815 = AXIS2_PLACEMENT_3D ( 'NONE', #343, #1263, #2171 ) ;
#1816 = CARTESIAN_POINT ( 'NONE',  ( -0.06592585040968858279, 0.3331788070786201872, 0.1200787401574803098 ) ) ;
#1817 = ADVANCED_FACE ( 'NONE', ( #1752 ), #1968, .F. ) ;
#1818 = ORIENTED_EDGE ( 'NONE', *, *, #2433, .F. ) ;
#1819 = DIRECTION ( 'NONE',  ( -0.000000000000000000, -0.000000000000000000, -1.000000000000000000 ) ) ;
#1820 = CIRCLE ( 'NONE', #1300, 0.02362204724409441500 ) ;
#1821 = LINE ( 'NONE', #272, #558 ) ;
#1822 = AXIS2_PLACEMENT_3D ( 'NONE', #1412, #1372, #491 ) ;
#1823 = ORIENTED_EDGE ( 'NONE', *, *, #2626, .F. ) ;
#1824 = CARTESIAN_POINT ( 'NONE',  ( -3.414809992080329023E-17, -3.414809992080329023E-17, -1.328707901096514821 ) ) ;
#1825 = ORIENTED_EDGE ( 'NONE', *, *, #2139, .F. ) ;
#1826 = DIRECTION ( 'NONE',  ( 1.000000000000000000, 0.000000000000000000, 0.000000000000000000 ) ) ;
#1827 = ORIENTED_EDGE ( 'NONE', *, *, #1482, .T. ) ;
#1828 = CARTESIAN_POINT ( 'NONE',  ( -0.1828490189523475917, 0.6282706134005645593, -0.1200787401574803098 ) ) ;
#1829 = DIRECTION ( 'NONE',  ( 0.000000000000000000, 0.000000000000000000, -1.000000000000000000 ) ) ;
#1830 = LINE ( 'NONE', #2217, #849 ) ;
#1831 = VECTOR ( 'NONE', #385, 39.37007874015748143 ) ;
#1832 = EDGE_LOOP ( 'NONE', ( #86, #2482, #63, #533 ) ) ;
#1833 = APPROVAL_PERSON_ORGANIZATION ( #2221, #1776, #1789 ) ;
#1834 = CARTESIAN_POINT ( 'NONE',  ( 0.3765597341828912925, -0.01968503937007873641, -0.03937007874015751446 ) ) ;
#1835 = EDGE_CURVE ( 'NONE', #2591, #1472, #2407, .T. ) ;
#1836 = ADVANCED_FACE ( 'NONE', ( #1486 ), #1051, .T. ) ;
#1837 = CARTESIAN_POINT ( 'NONE',  ( 0.5000000000000001110, -0.2440944881889763884, 0.1200787401574803098 ) ) ;
#1838 = VERTEX_POINT ( 'NONE', #2202 ) ;
#1839 = ORIENTED_EDGE ( 'NONE', *, *, #2139, .T. ) ;
#1840 = CARTESIAN_POINT ( 'NONE',  ( -0.1897677564046337251, 0.6115673036087564407, -1.328707901096514821 ) ) ;
#1841 = VERTEX_POINT ( 'NONE', #2835 ) ;
#1842 = CARTESIAN_POINT ( 'NONE',  ( 0.5000000000000001110, -0.2047244094488188948, -1.328707901096514821 ) ) ;
#1843 = CARTESIAN_POINT ( 'NONE',  ( -0.3610176567316340512, 0.4166953560376596144, -1.328707901096514821 ) ) ;
#1844 = CARTESIAN_POINT ( 'NONE',  ( 0.4036126951234447757, 0.07958949339350007701, -1.328707901096514821 ) ) ;
#1845 = ORIENTED_EDGE ( 'NONE', *, *, #2757, .T. ) ;
#1846 = CARTESIAN_POINT ( 'NONE',  ( -0.06592585040968856891, 0.3331788070786201872, -0.1200787401574803098 ) ) ;
#1847 = FACE_OUTER_BOUND ( 'NONE', #1329, .T. ) ;
#1848 = EDGE_CURVE ( 'NONE', #1640, #1599, #1019, .T. ) ;
#1849 = VERTEX_POINT ( 'NONE', #2425 ) ;
#1850 = AXIS2_PLACEMENT_3D ( 'NONE', #1176, #259, #2552 ) ;
#1851 = AXIS2_PLACEMENT_3D ( 'NONE', #1314, #344, #1498 ) ;
#1852 = ADVANCED_FACE ( 'NONE', ( #1739 ), #2629, .T. ) ;
#1853 = ORIENTED_EDGE ( 'NONE', *, *, #2157, .T. ) ;
#1854 = AXIS2_PLACEMENT_3D ( 'NONE', #2412, #2597, #1037 ) ;
#1855 = DIRECTION ( 'NONE',  ( 0.000000000000000000, 0.000000000000000000, -1.000000000000000000 ) ) ;
#1856 = ORIENTED_EDGE ( 'NONE', *, *, #143, .T. ) ;
#1857 = DIRECTION ( 'NONE',  ( -0.7071067811865514585, 0.7071067811865435759, 0.000000000000000000 ) ) ;
#1858 = DIRECTION ( 'NONE',  ( -0.000000000000000000, -0.000000000000000000, 1.000000000000000000 ) ) ;
#1859 = CARTESIAN_POINT ( 'NONE',  ( -0.1661457091605394176, 0.6115673036087564407, 0.1200787401574803098 ) ) ;
#1860 = CIRCLE ( 'NONE', #1526, 0.1220472440944882775 ) ;
#1861 = VERTEX_POINT ( 'NONE', #574 ) ;
#1862 = LINE ( 'NONE', #1893, #1374 ) ;
#1863 = DIRECTION ( 'NONE',  ( 0.1941059196546582044, -0.9809805767470727300, 0.000000000000000000 ) ) ;
#1864 = ORIENTED_EDGE ( 'NONE', *, *, #956, .F. ) ;
#1865 = ORIENTED_EDGE ( 'NONE', *, *, #1192, .F. ) ;
#1866 = AXIS2_PLACEMENT_3D ( 'NONE', #354, #1493, #1462 ) ;
#1867 = CARTESIAN_POINT ( 'NONE',  ( -3.414809992080329023E-17, -3.414809992080329023E-17, -0.03937007874015751446 ) ) ;
#1868 = AXIS2_PLACEMENT_3D ( 'NONE', #2635, #1222, #1504 ) ;
#1869 = EDGE_LOOP ( 'NONE', ( #2661, #531, #367, #882 ) ) ;
#1870 = PRODUCT_RELATED_PRODUCT_CATEGORY ( 'detail', '', ( #783 ) ) ;
#1871 = EDGE_CURVE ( 'NONE', #56, #924, #1280, .T. ) ;
#1872 = DIRECTION ( 'NONE',  ( -1.000000000000000000, 0.000000000000000000, 0.000000000000000000 ) ) ;
#1873 = CYLINDRICAL_SURFACE ( 'NONE', #1591, 0.1250000000000000278 ) ;
#1874 = LINE ( 'NONE', #2776, #186 ) ;
#1875 = ORIENTED_EDGE ( 'NONE', *, *, #1250, .T. ) ;
#1876 = CARTESIAN_POINT ( 'NONE',  ( 0.5000000000000000000, 0.000000000000000000, 1.328707901096514821 ) ) ;
#1877 = VECTOR ( 'NONE', #2834, 39.37007874015748854 ) ;
#1878 = CARTESIAN_POINT ( 'NONE',  ( -0.1828490189523474529, 0.5948639938169483221, 1.328707901096514821 ) ) ;
#1879 = VERTEX_POINT ( 'NONE', #1299 ) ;
#1880 = VECTOR ( 'NONE', #100, 39.37007874015748143 ) ;
#1881 = ORIENTED_EDGE ( 'NONE', *, *, #2590, .F. ) ;
#1882 = CARTESIAN_POINT ( 'NONE',  ( 0.08267716535433072833, 1.012503259137575543E-17, 0.1200787401574803098 ) ) ;
#1883 = ORIENTED_EDGE ( 'NONE', *, *, #2517, .T. ) ;
#1884 = ADVANCED_BREP_SHAPE_REPRESENTATION ( '228-2500-157', ( #1638, #1260 ), #2682 ) ;
#1885 = DIRECTION ( 'NONE',  ( 1.000000000000000000, 0.000000000000000000, 0.000000000000000000 ) ) ;
#1886 = ORIENTED_EDGE ( 'NONE', *, *, #2033, .T. ) ;
#1887 = EDGE_CURVE ( 'NONE', #711, #764, #2846, .T. ) ;
#1888 = EDGE_CURVE ( 'NONE', #318, #1443, #2092, .T. ) ;
#1889 = DIRECTION ( 'NONE',  ( 0.1941059196546582044, -0.9809805767470727300, 0.000000000000000000 ) ) ;
#1890 = LINE ( 'NONE', #2787, #1614 ) ;
#1891 = EDGE_CURVE ( 'NONE', #681, #598, #1982, .T. ) ;
#1892 = ORIENTED_EDGE ( 'NONE', *, *, #2410, .F. ) ;
#1893 = CARTESIAN_POINT ( 'NONE',  ( 0.5826771653543307838, 1.012503259137576005E-17, 0.1200787401574803098 ) ) ;
#1894 = CARTESIAN_POINT ( 'NONE',  ( -0.3443143469398259326, 0.4333986658294679550, 0.03937007874015751446 ) ) ;
#1895 = ORIENTED_EDGE ( 'NONE', *, *, #1446, .F. ) ;
#1896 = DIRECTION ( 'NONE',  ( -1.000000000000000000, 0.000000000000000000, 0.000000000000000000 ) ) ;
#1897 = ORIENTED_EDGE ( 'NONE', *, *, #2606, .F. ) ;
#1898 = CIRCLE ( 'NONE', #1084, 0.1023622047244094474 ) ;
#1899 = VECTOR ( 'NONE', #206, 39.37007874015748854 ) ;
#1900 = LINE ( 'NONE', #1657, #1150 ) ;
#1901 = LINE ( 'NONE', #721, #1880 ) ;
#1902 = VECTOR ( 'NONE', #1339, 39.37007874015748854 ) ;
#1903 = FACE_BOUND ( 'NONE', #445, .T. ) ;
#1904 = ADVANCED_FACE ( 'NONE', ( #2442 ), #781, .F. ) ;
#1905 = ORIENTED_EDGE ( 'NONE', *, *, #2018, .F. ) ;
#1906 = CARTESIAN_POINT ( 'NONE',  ( -0.1736242986373653374, 0.6374953337155470079, 0.03937007874015751446 ) ) ;
#1907 = EDGE_CURVE ( 'NONE', #652, #243, #556, .T. ) ;
#1908 = DIRECTION ( 'NONE',  ( 0.7071067811865512365, -0.7071067811865437980, 0.000000000000000000 ) ) ;
#1909 = ORIENTED_EDGE ( 'NONE', *, *, #2162, .F. ) ;
#1910 = ORIENTED_EDGE ( 'NONE', *, *, #1669, .F. ) ;
#1911 = VECTOR ( 'NONE', #1829, 39.37007874015748143 ) ;
#1912 = DIRECTION ( 'NONE',  ( -1.000000000000000000, 0.000000000000000000, 0.000000000000000000 ) ) ;
#1913 = VECTOR ( 'NONE', #1522, 39.37007874015748143 ) ;
#1914 = ORIENTED_EDGE ( 'NONE', *, *, #986, .F. ) ;
#1915 = LINE ( 'NONE', #2817, #2290 ) ;
#1916 = CIRCLE ( 'NONE', #814, 0.06299212598425196763 ) ;
#1917 = CARTESIAN_POINT ( 'NONE',  ( -0.1104680098545102046, 0.2886366476337980380, -0.1200787401574803098 ) ) ;
#1918 = ORIENTED_EDGE ( 'NONE', *, *, #604, .T. ) ;
#1919 = CARTESIAN_POINT ( 'NONE',  ( 0.5000000000000000000, 0.000000000000000000, 0.1200787401574803098 ) ) ;
#1920 = AXIS2_PLACEMENT_3D ( 'NONE', #2320, #23, #2780 ) ;
#1921 = CARTESIAN_POINT ( 'NONE',  ( -0.4881889763779527769, 0.1429872406805822171, -0.03937007874015751446 ) ) ;
#1922 = DIRECTION ( 'NONE',  ( -0.000000000000000000, -0.000000000000000000, 1.000000000000000000 ) ) ;
#1923 = CARTESIAN_POINT ( 'NONE',  ( -0.3155881085292689958, 0.3155881085292681631, 0.1200787401574803098 ) ) ;
#1924 = ORIENTED_EDGE ( 'NONE', *, *, #2534, .T. ) ;
#1925 = EDGE_CURVE ( 'NONE', #2223, #432, #1281, .T. ) ;
#1926 = EDGE_CURVE ( 'NONE', #1672, #965, #2480, .T. ) ;
#1927 = FACE_OUTER_BOUND ( 'NONE', #47, .T. ) ;
#1928 = CARTESIAN_POINT ( 'NONE',  ( -0.2047244094488188948, -5.854665251265082284E-17, 0.03937007874015751446 ) ) ;
#1929 = VECTOR ( 'NONE', #2658, 39.37007874015748143 ) ;
#1930 = EDGE_LOOP ( 'NONE', ( #1259, #1910, #678, #2280 ) ) ;
#1931 = DIRECTION ( 'NONE',  ( -0.000000000000000000, -0.000000000000000000, -1.000000000000000000 ) ) ;
#1932 = DIRECTION ( 'NONE',  ( -0.000000000000000000, -0.000000000000000000, -1.000000000000000000 ) ) ;
#1933 = ORIENTED_EDGE ( 'NONE', *, *, #1633, .T. ) ;
#1934 = CARTESIAN_POINT ( 'NONE',  ( 0.01065102457273716177, 0.2652523529243818179, 1.328707901096514821 ) ) ;
#1935 = DIRECTION ( 'NONE',  ( 3.455624454137066554E-17, 1.000000000000000000, -0.000000000000000000 ) ) ;
#1936 = FACE_OUTER_BOUND ( 'NONE', #1478, .T. ) ;
#1937 = CARTESIAN_POINT ( 'NONE',  ( -0.1828490189523475917, 0.6282706134005645593, -0.03937007874015751446 ) ) ;
#1938 = CARTESIAN_POINT ( 'NONE',  ( -0.3679363941839203789, 0.4333986658294679550, 0.03937007874015751446 ) ) ;
#1939 = DIRECTION ( 'NONE',  ( -0.8496927222547580039, 0.5272781787133796749, 0.000000000000000000 ) ) ;
#1940 = ADVANCED_FACE ( 'NONE', ( #1095 ), #191, .T. ) ;
#1941 = ORIENTED_EDGE ( 'NONE', *, *, #1611, .T. ) ;
#1942 = CALENDAR_DATE ( 2022, 6, 6 ) ;
#1943 = DIRECTION ( 'NONE',  ( 1.000000000000000000, 0.000000000000000000, 0.000000000000000000 ) ) ;
#1944 = DIRECTION ( 'NONE',  ( -0.000000000000000000, -0.000000000000000000, 1.000000000000000000 ) ) ;
#1945 = EDGE_CURVE ( 'NONE', #1144, #2338, #1126, .T. ) ;
#1946 = VECTOR ( 'NONE', #2073, 39.37007874015748143 ) ;
#1947 = CARTESIAN_POINT ( 'NONE',  ( -0.1569209888455571633, 0.6207920239237387783, -0.1200787401574803098 ) ) ;
#1948 = VECTOR ( 'NONE', #885, 39.37007874015748143 ) ;
#1949 = AXIS2_PLACEMENT_3D ( 'NONE', #1867, #93, #1444 ) ;
#1950 =( CONVERSION_BASED_UNIT ( 'INCH', #2170 ) LENGTH_UNIT ( ) NAMED_UNIT ( #1089 ) );
#1951 = FACE_OUTER_BOUND ( 'NONE', #463, .T. ) ;
#1952 = CARTESIAN_POINT ( 'NONE',  ( 0.006455158688146582155, 0.4055598161764562004, 0.03937007874015751446 ) ) ;
#1953 = CIRCLE ( 'NONE', #141, 0.2440944881889764440 ) ;
#1954 = ORIENTED_EDGE ( 'NONE', *, *, #2844, .F. ) ;
#1955 = ORIENTED_EDGE ( 'NONE', *, *, #1043, .F. ) ;
#1956 = CYLINDRICAL_SURFACE ( 'NONE', #564, 0.02362204724409441500 ) ;
#1957 = LINE ( 'NONE', #834, #1052 ) ;
#1958 = ORIENTED_EDGE ( 'NONE', *, *, #340, .T. ) ;
#1959 = DIRECTION ( 'NONE',  ( -0.7071067811865516806, 0.7071067811865433539, 0.000000000000000000 ) ) ;
#1960 = DIRECTION ( 'NONE',  ( 1.000000000000000000, -3.455624454137066554E-17, 0.000000000000000000 ) ) ;
#1961 = CIRCLE ( 'NONE', #1197, 0.02362204724409444970 ) ;
#1962 = EDGE_LOOP ( 'NONE', ( #520, #837, #2350, #456 ) ) ;
#1963 = LINE ( 'NONE', #838, #1831 ) ;
#1964 = APPROVAL ( #1025, 'UNSPECIFIED' ) ;
#1965 = ADVANCED_FACE ( 'NONE', ( #1342 ), #1604, .F. ) ;
#1966 = AXIS2_PLACEMENT_3D ( 'NONE', #1534, #639, #2680 ) ;
#1967 = CARTESIAN_POINT ( 'NONE',  ( 0.03062497185959546855, 0.2991794000960412703, 1.328707901096514821 ) ) ;
#1968 = PLANE ( 'NONE',  #424 ) ;
#1969 = ORIENTED_EDGE ( 'NONE', *, *, #1792, .T. ) ;
#1970 = DIRECTION ( 'NONE',  ( -0.000000000000000000, -0.000000000000000000, -1.000000000000000000 ) ) ;
#1971 = CARTESIAN_POINT ( 'NONE',  ( 0.6079467137523455467, 0.1739528407765645324, -0.1200787401574802127 ) ) ;
#1972 = CARTESIAN_POINT ( 'NONE',  ( -0.3276110371480178696, 0.4501019756212761846, -1.328707901096514821 ) ) ;
#1973 = AXIS2_PLACEMENT_3D ( 'NONE', #2182, #1496, #2641 ) ;
#1974 = CARTESIAN_POINT ( 'NONE',  ( 0.000000000000000000, 0.000000000000000000, 0.03937007874015750059 ) ) ;
#1975 = ORIENTED_EDGE ( 'NONE', *, *, #271, .F. ) ;
#1976 = LOCAL_TIME ( 14, 18, 16.00000000000000000, #1362 ) ;
#1977 = DIRECTION ( 'NONE',  ( -0.000000000000000000, -0.000000000000000000, -1.000000000000000000 ) ) ;
#1978 = EDGE_CURVE ( 'NONE', #2781, #1781, #2041, .T. ) ;
#1979 = EDGE_CURVE ( 'NONE', #1151, #2543, #1355, .T. ) ;
#1980 = PLANE ( 'NONE',  #2446 ) ;
#1981 = LINE ( 'NONE', #2881, #245 ) ;
#1982 = LINE ( 'NONE', #619, #2894 ) ;
#1983 = ADVANCED_FACE ( 'NONE', ( #18 ), #916, .F. ) ;
#1984 = EDGE_LOOP ( 'NONE', ( #1204, #773, #776, #1681 ) ) ;
#1985 = DIRECTION ( 'NONE',  ( -0.7071067811865512365, 0.7071067811865437980, 0.000000000000000000 ) ) ;
#1986 = FACE_OUTER_BOUND ( 'NONE', #2549, .T. ) ;
#1987 = ORIENTED_EDGE ( 'NONE', *, *, #1154, .F. ) ;
#1988 = LINE ( 'NONE', #1807, #2474 ) ;
#1989 = DIRECTION ( 'NONE',  ( 1.000000000000000000, 0.000000000000000000, 0.000000000000000000 ) ) ;
#1990 = ORIENTED_EDGE ( 'NONE', *, *, #487, .T. ) ;
#1991 = DIRECTION ( 'NONE',  ( -1.000000000000000000, 0.000000000000000000, 0.000000000000000000 ) ) ;
#1992 = DIRECTION ( 'NONE',  ( 0.000000000000000000, 0.000000000000000000, 1.000000000000000000 ) ) ;
#1993 = CYLINDRICAL_SURFACE ( 'NONE', #1543, 0.1220472440944882775 ) ;
#1994 = DIRECTION ( 'NONE',  ( -0.000000000000000000, -0.000000000000000000, -1.000000000000000000 ) ) ;
#1995 = CIRCLE ( 'NONE', #1279, 0.1250000000000000278 ) ;
#1996 = DIRECTION ( 'NONE',  ( -1.000000000000000000, 0.000000000000000000, 0.000000000000000000 ) ) ;
#1997 = AXIS2_PLACEMENT_3D ( 'NONE', #1513, #1033, #1249 ) ;
#1998 = ORIENTED_EDGE ( 'NONE', *, *, #1503, .T. ) ;
#1999 = CIRCLE ( 'NONE', #752, 0.2047244094488188948 ) ;
#2000 = DIRECTION ( 'NONE',  ( -0.000000000000000000, -0.000000000000000000, -1.000000000000000000 ) ) ;
#2001 = EDGE_CURVE ( 'NONE', #2650, #2754, #2422, .T. ) ;
#2002 = FACE_OUTER_BOUND ( 'NONE', #2855, .T. ) ;
#2003 = CALENDAR_DATE ( 2022, 6, 6 ) ;
#2004 = DIRECTION ( 'NONE',  ( -1.000000000000000000, 0.000000000000000000, 0.000000000000000000 ) ) ;
#2005 = VECTOR ( 'NONE', #1618, 39.37007874015748143 ) ;
#2006 = DIRECTION ( 'NONE',  ( 0.000000000000000000, 0.000000000000000000, 1.000000000000000000 ) ) ;
#2007 = ORIENTED_EDGE ( 'NONE', *, *, #2850, .F. ) ;
#2008 = FACE_OUTER_BOUND ( 'NONE', #2084, .T. ) ;
#2009 = CIRCLE ( 'NONE', #1718, 0.1220472440944882775 ) ;
#2010 = DIRECTION ( 'NONE',  ( 1.000000000000000000, 0.000000000000000000, 0.000000000000000000 ) ) ;
#2011 = CARTESIAN_POINT ( 'NONE',  ( 0.5000000000000000000, 0.000000000000000000, 0.08999999999999999667 ) ) ;
#2012 = AXIS2_PLACEMENT_3D ( 'NONE', #397, #2152, #2863 ) ;
#2013 = ORIENTED_EDGE ( 'NONE', *, *, #2772, .F. ) ;
#2014 = DIRECTION ( 'NONE',  ( 1.000000000000000000, 0.000000000000000000, 0.000000000000000000 ) ) ;
#2015 = DIRECTION ( 'NONE',  ( -0.000000000000000000, -0.000000000000000000, 1.000000000000000000 ) ) ;
#2016 = EDGE_CURVE ( 'NONE', #2640, #1352, #1753, .T. ) ;
#2017 = ORIENTED_EDGE ( 'NONE', *, *, #1429, .T. ) ;
#2018 = EDGE_CURVE ( 'NONE', #764, #114, #1546, .T. ) ;
#2019 = PERSON_AND_ORGANIZATION ( #144, #2636 ) ;
#2020 = EDGE_CURVE ( 'NONE', #2027, #2188, #2261, .T. ) ;
#2021 = LINE ( 'NONE', #1586, #576 ) ;
#2022 = CIRCLE ( 'NONE', #2578, 0.08267716535433075609 ) ;
#2023 = VERTEX_POINT ( 'NONE', #1112 ) ;
#2024 = CARTESIAN_POINT ( 'NONE',  ( -0.2997721874950042831, 0.4779408252742900487, -0.1200787401574803098 ) ) ;
#2025 = DIRECTION ( 'NONE',  ( 0.7071067811865516806, -0.7071067811865433539, -0.000000000000000000 ) ) ;
#2026 = CARTESIAN_POINT ( 'NONE',  ( -0.3443143469398264878, 0.5224829847191116983, 0.1200787401574803098 ) ) ;
#2027 = VERTEX_POINT ( 'NONE', #2272 ) ;
#2028 = CARTESIAN_POINT ( 'NONE',  ( 0.1204492798486485189, -0.01968503937007873988, 0.03937007874015751446 ) ) ;
#2029 = DIRECTION ( 'NONE',  ( -0.000000000000000000, -0.000000000000000000, -1.000000000000000000 ) ) ;
#2030 = SECURITY_CLASSIFICATION_LEVEL ( 'unclassified' ) ;
#2031 = EDGE_CURVE ( 'NONE', #2758, #1338, #2689, .T. ) ;
#2032 = VERTEX_POINT ( 'NONE', #648 ) ;
#2033 = EDGE_CURVE ( 'NONE', #937, #2274, #2134, .T. ) ;
#2034 = CYLINDRICAL_SURFACE ( 'NONE', #2858, 0.1023622047244094196 ) ;
#2035 = ORIENTED_EDGE ( 'NONE', *, *, #956, .T. ) ;
#2036 = FACE_OUTER_BOUND ( 'NONE', #2608, .T. ) ;
#2037 = DIRECTION ( 'NONE',  ( 0.000000000000000000, 0.000000000000000000, -1.000000000000000000 ) ) ;
#2038 = CARTESIAN_POINT ( 'NONE',  ( 0.5000000000000001110, -0.2047244094488188948, 1.328707901096514821 ) ) ;
#2039 = ORIENTED_EDGE ( 'NONE', *, *, #306, .F. ) ;
#2040 = DIRECTION ( 'NONE',  ( -1.000000000000000000, 0.000000000000000000, 0.000000000000000000 ) ) ;
#2041 = CIRCLE ( 'NONE', #749, 0.2047244094488188393 ) ;
#2042 = CARTESIAN_POINT ( 'NONE',  ( 0.1204492798486485328, 0.01968503937007876417, -0.08999999999999985789 ) ) ;
#2043 = VERTEX_POINT ( 'NONE', #1558 ) ;
#2044 = VERTEX_POINT ( 'NONE', #664 ) ;
#2045 = PERSON_AND_ORGANIZATION_ROLE ( 'design_owner' ) ;
#2046 = DIRECTION ( 'NONE',  ( 0.8496927222547577818, -0.5272781787133796749, 0.000000000000000000 ) ) ;
#2047 = ORIENTED_EDGE ( 'NONE', *, *, #1633, .F. ) ;
#2048 = CARTESIAN_POINT ( 'NONE',  ( -0.2877492588762555203, 0.3434269581822819717, -1.328707901096514821 ) ) ;
#2049 = ORIENTED_EDGE ( 'NONE', *, *, #481, .F. ) ;
#2050 = EDGE_CURVE ( 'NONE', #287, #1198, #1830, .T. ) ;
#2051 = EDGE_CURVE ( 'NONE', #2503, #1191, #2898, .T. ) ;
#2052 = DIRECTION ( 'NONE',  ( 0.000000000000000000, 0.000000000000000000, -1.000000000000000000 ) ) ;
#2053 = CARTESIAN_POINT ( 'NONE',  ( -0.1661457091605399727, 0.7006516224984001839, 0.1200787401574803098 ) ) ;
#2054 = CIRCLE ( 'NONE', #2802, 0.2834645669291338543 ) ;
#2055 = CARTESIAN_POINT ( 'NONE',  ( 0.000000000000000000, 2.571311109574431150E-17, 0.1200787401574803098 ) ) ;
#2056 = VECTOR ( 'NONE', #2460, 39.37007874015748143 ) ;
#2057 = VERTEX_POINT ( 'NONE', #636 ) ;
#2058 = DIRECTION ( 'NONE',  ( -1.000000000000000000, 0.000000000000000000, 0.000000000000000000 ) ) ;
#2059 = CIRCLE ( 'NONE', #16, 0.1250000000000000278 ) ;
#2060 = DIRECTION ( 'NONE',  ( -1.000000000000000000, 3.333337173756828983E-17, 0.000000000000000000 ) ) ;
#2061 = VECTOR ( 'NONE', #2060, 39.37007874015748143 ) ;
#2062 = EDGE_LOOP ( 'NONE', ( #2238, #1620, #1759, #240 ) ) ;
#2063 = ORIENTED_EDGE ( 'NONE', *, *, #2461, .F. ) ;
#2064 = LINE ( 'NONE', #28, #718 ) ;
#2065 = ORIENTED_EDGE ( 'NONE', *, *, #2157, .F. ) ;
#2066 = CARTESIAN_POINT ( 'NONE',  ( 0.1204492798486485050, -0.01968503937007874682, 0.08999999999999985789 ) ) ;
#2067 = DIRECTION ( 'NONE',  ( -0.000000000000000000, -0.000000000000000000, -1.000000000000000000 ) ) ;
#2068 = DIRECTION ( 'NONE',  ( 1.000000000000000000, 0.000000000000000000, -0.000000000000000000 ) ) ;
#2069 = EDGE_CURVE ( 'NONE', #2892, #1131, #2454, .T. ) ;
#2070 = VECTOR ( 'NONE', #2200, 39.37007874015748143 ) ;
#2071 = EDGE_CURVE ( 'NONE', #866, #1220, #1171, .T. ) ;
#2072 = ORIENTED_EDGE ( 'NONE', *, *, #501, .T. ) ;
#2073 = DIRECTION ( 'NONE',  ( 0.000000000000000000, 0.000000000000000000, -1.000000000000000000 ) ) ;
#2074 = EDGE_CURVE ( 'NONE', #2529, #494, #2349, .T. ) ;
#2075 = LINE ( 'NONE', #477, #256 ) ;
#2076 = UNCERTAINTY_MEASURE_WITH_UNIT (LENGTH_MEASURE( 1.000000000000000082E-05 ), #1950, 'distance_accuracy_value', 'NONE');
#2077 = ORIENTED_EDGE ( 'NONE', *, *, #863, .F. ) ;
#2078 = ORIENTED_EDGE ( 'NONE', *, *, #1811, .T. ) ;
#2079 = CARTESIAN_POINT ( 'NONE',  ( -0.2106878686053611505, 0.5670251441639343470, 0.1200787401574803098 ) ) ;
#2080 = ORIENTED_EDGE ( 'NONE', *, *, #569, .T. ) ;
#2081 = LINE ( 'NONE', #2820, #147 ) ;
#2082 = LINE ( 'NONE', #941, #198 ) ;
#2083 = DIRECTION ( 'NONE',  ( -1.000000000000000000, 0.000000000000000000, 0.000000000000000000 ) ) ;
#2084 = EDGE_LOOP ( 'NONE', ( #666, #337, #2087, #1711 ) ) ;
#2085 = LINE ( 'NONE', #2307, #2600 ) ;
#2086 = ORIENTED_EDGE ( 'NONE', *, *, #2865, .F. ) ;
#2087 = ORIENTED_EDGE ( 'NONE', *, *, #862, .T. ) ;
#2088 = ADVANCED_FACE ( 'NONE', ( #1408 ), #1186, .F. ) ;
#2089 = EDGE_CURVE ( 'NONE', #1361, #56, #1645, .T. ) ;
#2090 = AXIS2_PLACEMENT_3D ( 'NONE', #1894, #2674, #1710 ) ;
#2091 = DIRECTION ( 'NONE',  ( 0.000000000000000000, 0.000000000000000000, -1.000000000000000000 ) ) ;
#2092 = CIRCLE ( 'NONE', #1232, 0.06299212598425196763 ) ;
#2093 = ORIENTED_EDGE ( 'NONE', *, *, #684, .T. ) ;
#2094 = AXIS2_PLACEMENT_3D ( 'NONE', #2175, #1743, #2189 ) ;
#2095 = CARTESIAN_POINT ( 'NONE',  ( -0.1897677564046337251, 0.6115673036087564407, -0.1200787401574803098 ) ) ;
#2096 = CARTESIAN_POINT ( 'NONE',  ( -0.1220472440944883052, -3.414809992080329023E-17, 0.03937007874015751446 ) ) ;
#2097 = DIRECTION ( 'NONE',  ( -1.000000000000000000, 0.000000000000000000, 0.000000000000000000 ) ) ;
#2098 = ORIENTED_EDGE ( 'NONE', *, *, #2789, .T. ) ;
#2099 = CARTESIAN_POINT ( 'NONE',  ( -0.1569209888455571633, 0.6207920239237387783, -1.328707901096514821 ) ) ;
#2100 = VECTOR ( 'NONE', #1931, 39.37007874015748143 ) ;
#2101 = ORIENTED_EDGE ( 'NONE', *, *, #213, .T. ) ;
#2102 = VECTOR ( 'NONE', #195, 39.37007874015748143 ) ;
#2103 = DIRECTION ( 'NONE',  ( -1.398970545142586541E-16, 1.000000000000000000, 0.000000000000000000 ) ) ;
#2104 = EDGE_CURVE ( 'NONE', #2514, #1053, #1874, .T. ) ;
#2105 = EDGE_CURVE ( 'NONE', #14, #2889, #930, .T. ) ;
#2106 = AXIS2_PLACEMENT_3D ( 'NONE', #1787, #1758, #448 ) ;
#2107 = ORIENTED_EDGE ( 'NONE', *, *, #831, .T. ) ;
#2108 = FACE_OUTER_BOUND ( 'NONE', #1608, .T. ) ;
#2109 = EDGE_CURVE ( 'NONE', #1316, #539, #2315, .T. ) ;
#2110 = FACE_OUTER_BOUND ( 'NONE', #188, .T. ) ;
#2111 = CARTESIAN_POINT ( 'NONE',  ( -0.3276110371480178696, 0.4501019756212761846, -1.328707901096514821 ) ) ;
#2112 = VERTEX_POINT ( 'NONE', #312 ) ;
#2113 = DIRECTION ( 'NONE',  ( -1.000000000000000000, 0.000000000000000000, 0.000000000000000000 ) ) ;
#2114 = VECTOR ( 'NONE', #1857, 39.37007874015748143 ) ;
#2115 = DIRECTION ( 'NONE',  ( 1.000000000000000000, 0.000000000000000000, 0.000000000000000000 ) ) ;
#2116 = VERTEX_POINT ( 'NONE', #71 ) ;
#2117 = CARTESIAN_POINT ( 'NONE',  ( -0.2440944881889764162, 0.1429872406805823282, -0.1200787401574803098 ) ) ;
#2118 = ORIENTED_EDGE ( 'NONE', *, *, #431, .T. ) ;
#2119 = EDGE_CURVE ( 'NONE', #2529, #706, #284, .T. ) ;
#2120 = DIRECTION ( 'NONE',  ( -1.000000000000000000, 0.000000000000000000, 0.000000000000000000 ) ) ;
#2121 = ORIENTED_EDGE ( 'NONE', *, *, #2683, .F. ) ;
#2122 = LINE ( 'NONE', #508, #2490 ) ;
#2123 = EDGE_CURVE ( 'NONE', #2400, #1404, #281, .T. ) ;
#2124 = CARTESIAN_POINT ( 'NONE',  ( -0.3443143469398259326, 0.4333986658294679550, 0.1200787401574803098 ) ) ;
#2125 = DIRECTION ( 'NONE',  ( 0.000000000000000000, 0.000000000000000000, 1.000000000000000000 ) ) ;
#2126 = FACE_BOUND ( 'NONE', #2231, .T. ) ;
#2127 = DIRECTION ( 'NONE',  ( -0.7071067811865436870, -0.7071067811865514585, 0.000000000000000000 ) ) ;
#2128 = ORIENTED_EDGE ( 'NONE', *, *, #161, .T. ) ;
#2129 = ORIENTED_EDGE ( 'NONE', *, *, #2031, .T. ) ;
#2130 = CARTESIAN_POINT ( 'NONE',  ( -0.1569209888455572743, 0.6207920239237387783, -0.1200787401574803098 ) ) ;
#2131 = VERTEX_POINT ( 'NONE', #2575 ) ;
#2132 = AXIS2_PLACEMENT_3D ( 'NONE', #1358, #2691, #2058 ) ;
#2133 = CARTESIAN_POINT ( 'NONE',  ( 0.1204492798486485050, 0.01968503937007875723, 1.328707901096514821 ) ) ;
#2134 = CIRCLE ( 'NONE', #2183, 0.2440944881889763884 ) ;
#2135 = LINE ( 'NONE', #98, #1347 ) ;
#2136 = CARTESIAN_POINT ( 'NONE',  ( -0.2106878686053615946, 0.6561094630535780903, 0.1200787401574803098 ) ) ;
#2137 = AXIS2_PLACEMENT_3D ( 'NONE', #960, #724, #1384 ) ;
#2138 = FACE_OUTER_BOUND ( 'NONE', #1745, .T. ) ;
#2139 = EDGE_CURVE ( 'NONE', #328, #2892, #1216, .T. ) ;
#2140 = EDGE_CURVE ( 'NONE', #922, #1035, #943, .T. ) ;
#2141 = ORIENTED_EDGE ( 'NONE', *, *, #1700, .T. ) ;
#2142 = LINE ( 'NONE', #330, #1032 ) ;
#2143 = EDGE_LOOP ( 'NONE', ( #120, #1223, #1097, #348 ) ) ;
#2144 = ORIENTED_EDGE ( 'NONE', *, *, #513, .F. ) ;
#2145 = DIRECTION ( 'NONE',  ( 1.000000000000000000, 1.398970545142586541E-16, -0.000000000000000000 ) ) ;
#2146 = AXIS2_PLACEMENT_3D ( 'NONE', #41, #2037, #1589 ) ;
#2147 = DIRECTION ( 'NONE',  ( -1.000000000000000000, 0.000000000000000000, 0.000000000000000000 ) ) ;
#2148 = AXIS2_PLACEMENT_3D ( 'NONE', #97, #1257, #112 ) ;
#2149 = ORIENTED_EDGE ( 'NONE', *, *, #571, .T. ) ;
#2150 = APPROVAL_DATE_TIME ( #610, #1964 ) ;
#2151 = VECTOR ( 'NONE', #1023, 39.37007874015748143 ) ;
#2152 = DIRECTION ( 'NONE',  ( -0.000000000000000000, -0.000000000000000000, 1.000000000000000000 ) ) ;
#2153 = ORIENTED_EDGE ( 'NONE', *, *, #2844, .T. ) ;
#2154 = PLANE ( 'NONE',  #2633 ) ;
#2155 = LINE ( 'NONE', #512, #11 ) ;
#2156 = CARTESIAN_POINT ( 'NONE',  ( -0.1828490189523476195, 0.6282706134005645593, 0.1200787401574803098 ) ) ;
#2157 = EDGE_CURVE ( 'NONE', #925, #1336, #2896, .T. ) ;
#2158 = DIRECTION ( 'NONE',  ( 1.000000000000000000, 0.000000000000000000, 0.000000000000000000 ) ) ;
#2159 = ORIENTED_EDGE ( 'NONE', *, *, #1081, .T. ) ;
#2160 = ORIENTED_EDGE ( 'NONE', *, *, #2194, .F. ) ;
#2161 = DIRECTION ( 'NONE',  ( -0.7071067811865436870, -0.7071067811865513475, -0.000000000000000000 ) ) ;
#2162 = EDGE_CURVE ( 'NONE', #65, #1841, #255, .T. ) ;
#2163 = DIRECTION ( 'NONE',  ( 0.000000000000000000, 1.000000000000000000, 0.000000000000000000 ) ) ;
#2164 = CIRCLE ( 'NONE', #2256, 0.02362204724409444970 ) ;
#2165 = ORIENTED_EDGE ( 'NONE', *, *, #2267, .T. ) ;
#2166 = CARTESIAN_POINT ( 'NONE',  ( 0.5000000000000000000, 0.000000000000000000, 0.08999999999999985789 ) ) ;
#2167 = CARTESIAN_POINT ( 'NONE',  ( -0.1383068595075236384, 0.2607977979807841740, -1.328707901096514821 ) ) ;
#2168 = ORIENTED_EDGE ( 'NONE', *, *, #624, .F. ) ;
#2169 = CARTESIAN_POINT ( 'NONE',  ( 2.410722045565655762E-18, -0.2047244094488188670, 0.03937007874015751446 ) ) ;
#2170 = LENGTH_MEASURE_WITH_UNIT ( LENGTH_MEASURE( 0.02539999999999999897 ), #1484 );
#2171 = DIRECTION ( 'NONE',  ( -1.000000000000000000, 0.000000000000000000, 0.000000000000000000 ) ) ;
#2172 = CARTESIAN_POINT ( 'NONE',  ( -0.1220472440944883052, -3.414809992080329023E-17, -1.328707901096514821 ) ) ;
#2173 = ORIENTED_EDGE ( 'NONE', *, *, #1499, .T. ) ;
#2174 = ORIENTED_EDGE ( 'NONE', *, *, #1888, .T. ) ;
#2175 = CARTESIAN_POINT ( 'NONE',  ( -0.1444655987972096600, 0.6408635055518038248, 1.328707901096514821 ) ) ;
#2176 = DIRECTION ( 'NONE',  ( 1.398970545142586541E-16, -1.000000000000000000, 0.000000000000000000 ) ) ;
#2177 = EDGE_CURVE ( 'NONE', #432, #2043, #1890, .T. ) ;
#2178 = ORIENTED_EDGE ( 'NONE', *, *, #571, .F. ) ;
#2179 = FACE_OUTER_BOUND ( 'NONE', #53, .T. ) ;
#2180 = DIRECTION ( 'NONE',  ( 1.000000000000000000, 0.000000000000000000, 0.000000000000000000 ) ) ;
#2181 = VERTEX_POINT ( 'NONE', #985 ) ;
#2182 = CARTESIAN_POINT ( 'NONE',  ( -0.1569209888455571633, 0.6207920239237387783, -0.03937007874015751446 ) ) ;
#2183 = AXIS2_PLACEMENT_3D ( 'NONE', #2055, #223, #473 ) ;
#2184 = VECTOR ( 'NONE', #31, 39.37007874015748143 ) ;
#2185 = LINE ( 'NONE', #1094, #1477 ) ;
#2186 = CARTESIAN_POINT ( 'NONE',  ( -0.1569209888455572743, 0.6207920239237387783, 0.1200787401574803098 ) ) ;
#2187 = AXIS2_PLACEMENT_3D ( 'NONE', #2493, #2052, #15 ) ;
#2188 = VERTEX_POINT ( 'NONE', #2547 ) ;
#2189 = DIRECTION ( 'NONE',  ( -0.8496927222547580039, 0.5272781787133796749, 0.000000000000000000 ) ) ;
#2190 = CARTESIAN_POINT ( 'NONE',  ( -0.2014631482903793958, 0.6653341833685604279, 0.1200787401574803098 ) ) ;
#2191 = EDGE_LOOP ( 'NONE', ( #2732, #1630, #171, #1508 ) ) ;
#2192 = CYLINDRICAL_SURFACE ( 'NONE', #2671, 0.02362204724409444970 ) ;
#2193 = ADVANCED_FACE ( 'NONE', ( #2801, #1903, #2332 ), #2561, .F. ) ;
#2194 = EDGE_CURVE ( 'NONE', #328, #910, #525, .T. ) ;
#2195 = CARTESIAN_POINT ( 'NONE',  ( 0.5000000000000001110, -0.2047244094488188948, 0.1200787401574803098 ) ) ;
#2196 = CIRCLE ( 'NONE', #1297, 0.06299212598425196763 ) ;
#2197 = CARTESIAN_POINT ( 'NONE',  ( -0.06592585040968856891, 0.3331788070786201872, 0.08999999999999999667 ) ) ;
#2198 = EDGE_CURVE ( 'NONE', #2032, #2888, #2378, .T. ) ;
#2199 = VECTOR ( 'NONE', #2692, 39.37007874015748143 ) ;
#2200 = DIRECTION ( 'NONE',  ( -0.000000000000000000, -0.000000000000000000, 1.000000000000000000 ) ) ;
#2201 = CARTESIAN_POINT ( 'NONE',  ( -0.2440944881889764162, 0.2440944881889763884, 0.1200787401574803098 ) ) ;
#2202 = CARTESIAN_POINT ( 'NONE',  ( -0.1828490189523474529, 0.5948639938169483221, 0.1200787401574803098 ) ) ;
#2203 = ORIENTED_EDGE ( 'NONE', *, *, #1106, .T. ) ;
#2204 = CARTESIAN_POINT ( 'NONE',  ( 0.3836387478365864134, 0.04566244622184056912, -0.08999999999999985789 ) ) ;
#2205 = CARTESIAN_POINT ( 'NONE',  ( -0.1661457091605392788, 0.6115673036087564407, -0.1200787401574803098 ) ) ;
#2206 = ORIENTED_EDGE ( 'NONE', *, *, #309, .F. ) ;
#2207 = VECTOR ( 'NONE', #1261, 39.37007874015748143 ) ;
#2208 = CARTESIAN_POINT ( 'NONE',  ( 0.006455158688146573481, 0.4055598161764562004, 0.03937007874015751446 ) ) ;
#2209 = ORIENTED_EDGE ( 'NONE', *, *, #2700, .F. ) ;
#2210 = EDGE_CURVE ( 'NONE', #2023, #2640, #2303, .T. ) ;
#2211 = DIRECTION ( 'NONE',  ( -1.000000000000000000, 0.000000000000000000, 0.000000000000000000 ) ) ;
#2212 = DIRECTION ( 'NONE',  ( 1.000000000000000000, 0.000000000000000000, 0.000000000000000000 ) ) ;
#2213 = APPROVAL ( #1334, 'UNSPECIFIED' ) ;
#2214 = ADVANCED_FACE ( 'NONE', ( #2138 ), #1231, .T. ) ;
#2215 = CARTESIAN_POINT ( 'NONE',  ( 0.3765597341828912925, 0.01968503937007873641, -0.08999999999999985789 ) ) ;
#2216 = LINE ( 'NONE', #403, #1195 ) ;
#2217 = CARTESIAN_POINT ( 'NONE',  ( 2.410722045565655762E-18, -0.2047244094488188670, 1.328707901096514821 ) ) ;
#2218 = ORIENTED_EDGE ( 'NONE', *, *, #1286, .F. ) ;
#2219 = LINE ( 'NONE', #1517, #1470 ) ;
#2220 = DIRECTION ( 'NONE',  ( -1.000000000000000000, 0.000000000000000000, 0.000000000000000000 ) ) ;
#2221 = PERSON_AND_ORGANIZATION ( #144, #2636 ) ;
#2222 = DIRECTION ( 'NONE',  ( -0.000000000000000000, -0.000000000000000000, -1.000000000000000000 ) ) ;
#2223 = VERTEX_POINT ( 'NONE', #2583 ) ;
#2224 = DIRECTION ( 'NONE',  ( -1.000000000000000000, 0.000000000000000000, 0.000000000000000000 ) ) ;
#2225 = DIRECTION ( 'NONE',  ( 0.7071067811865514585, -0.7071067811865435759, -0.000000000000000000 ) ) ;
#2226 = AXIS2_PLACEMENT_3D ( 'NONE', #73, #1456, #87 ) ;
#2227 = CARTESIAN_POINT ( 'NONE',  ( 0.3765597341828912925, 0.01968503937007873641, -0.08999999999999985789 ) ) ;
#2228 = EDGE_CURVE ( 'NONE', #1198, #2023, #336, .T. ) ;
#2229 = ADVANCED_FACE ( 'NONE', ( #2309 ), #1194, .F. ) ;
#2230 = VECTOR ( 'NONE', #1158, 39.37007874015748143 ) ;
#2231 = EDGE_LOOP ( 'NONE', ( #727, #2544 ) ) ;
#2232 = DIRECTION ( 'NONE',  ( 1.000000000000000000, 8.673617379884062293E-15, 0.000000000000000000 ) ) ;
#2233 = LINE ( 'NONE', #408, #2481 ) ;
#2234 = EDGE_LOOP ( 'NONE', ( #1702, #933, #493, #507 ) ) ;
#2235 = ORIENTED_EDGE ( 'NONE', *, *, #951, .T. ) ;
#2236 = COORDINATED_UNIVERSAL_TIME_OFFSET ( 6, 0, .BEHIND. ) ;
#2237 = PLANE ( 'NONE',  #482 ) ;
#2238 = ORIENTED_EDGE ( 'NONE', *, *, #2884, .F. ) ;
#2239 = AXIS2_PLACEMENT_3D ( 'NONE', #455, #2006, #1826 ) ;
#2240 = CARTESIAN_POINT ( 'NONE',  ( -0.06573824511970959017, 0.2308167742720317606, 0.08999999999999999667 ) ) ;
#2241 = EDGE_LOOP ( 'NONE', ( #2308, #1918, #24, #843, #1728, #1990, #1697, #262, #1028, #185, #750, #2358, #1148 ) ) ;
#2242 = DIRECTION ( 'NONE',  ( -0.000000000000000000, -0.000000000000000000, -1.000000000000000000 ) ) ;
#2243 = AXIS2_PLACEMENT_3D ( 'NONE', #1290, #2373, #1013 ) ;
#2244 = LINE ( 'NONE', #1783, #1431 ) ;
#2245 = CARTESIAN_POINT ( 'NONE',  ( -0.4881889763779527769, 0.1429872406805822171, -0.1200787401574803098 ) ) ;
#2246 = AXIS2_PLACEMENT_3D ( 'NONE', #2598, #1714, #1912 ) ;
#2247 = EDGE_LOOP ( 'NONE', ( #918, #135, #347, #227 ) ) ;
#2248 = EDGE_CURVE ( 'NONE', #2116, #1402, #64, .T. ) ;
#2249 = DIRECTION ( 'NONE',  ( -0.000000000000000000, -0.000000000000000000, -1.000000000000000000 ) ) ;
#2250 = LINE ( 'NONE', #2887, #2199 ) ;
#2251 = VERTEX_POINT ( 'NONE', #51 ) ;
#2252 = ORIENTED_EDGE ( 'NONE', *, *, #2109, .F. ) ;
#2253 = CALENDAR_DATE ( 2022, 6, 6 ) ;
#2254 = ADVANCED_FACE ( 'NONE', ( #1927 ), #518, .T. ) ;
#2255 = VERTEX_POINT ( 'NONE', #966 ) ;
#2256 = AXIS2_PLACEMENT_3D ( 'NONE', #1075, #2391, #1991 ) ;
#2257 = DIRECTION ( 'NONE',  ( -0.7071067811865514585, 0.7071067811865435759, -0.000000000000000000 ) ) ;
#2258 = ORIENTED_EDGE ( 'NONE', *, *, #82, .T. ) ;
#2259 = CARTESIAN_POINT ( 'NONE',  ( -0.1828490189523475917, 0.6282706134005645593, -1.328707901096514821 ) ) ;
#2260 = CARTESIAN_POINT ( 'NONE',  ( 0.3765597341828912925, 0.01968503937007873641, 0.03937007874015751446 ) ) ;
#2261 = LINE ( 'NONE', #1143, #1185 ) ;
#2262 = CARTESIAN_POINT ( 'NONE',  ( 0.3836387478365864134, 0.04566244622184056912, 0.03937007874015751446 ) ) ;
#2263 = DIRECTION ( 'NONE',  ( 0.000000000000000000, 0.000000000000000000, -1.000000000000000000 ) ) ;
#2264 = ORIENTED_EDGE ( 'NONE', *, *, #230, .T. ) ;
#2265 = ORIENTED_EDGE ( 'NONE', *, *, #1451, .F. ) ;
#2266 = CC_DESIGN_DATE_AND_TIME_ASSIGNMENT ( #627, #1072, ( #1357 ) ) ;
#2267 = EDGE_CURVE ( 'NONE', #1109, #243, #1999, .T. ) ;
#2268 = ORIENTED_EDGE ( 'NONE', *, *, #1610, .T. ) ;
#2269 = CARTESIAN_POINT ( 'NONE',  ( -0.1220472440944883052, -3.414809992080329023E-17, 1.328707901096514821 ) ) ;
#2270 = ORIENTED_EDGE ( 'NONE', *, *, #2018, .T. ) ;
#2271 = DIRECTION ( 'NONE',  ( -0.000000000000000000, -0.000000000000000000, 1.000000000000000000 ) ) ;
#2272 = CARTESIAN_POINT ( 'NONE',  ( 0.6079467137523457687, 0.1739528407765645879, 0.03937007874015751446 ) ) ;
#2273 = CIRCLE ( 'NONE', #1559, 0.2440944881889763884 ) ;
#2274 = VERTEX_POINT ( 'NONE', #2342 ) ;
#2275 = CARTESIAN_POINT ( 'NONE',  ( -0.3443143469398259326, 0.4333986658294679550, -0.03937007874015751446 ) ) ;
#2276 = VECTOR ( 'NONE', #1590, 39.37007874015748854 ) ;
#2277 = DIRECTION ( 'NONE',  ( -1.000000000000000000, 0.000000000000000000, 0.000000000000000000 ) ) ;
#2278 = ORIENTED_EDGE ( 'NONE', *, *, #970, .T. ) ;
#2279 = AXIS2_PLACEMENT_3D ( 'NONE', #2886, #1070, #1254 ) ;
#2280 = ORIENTED_EDGE ( 'NONE', *, *, #2630, .F. ) ;
#2281 = EDGE_CURVE ( 'NONE', #953, #44, #949, .T. ) ;
#2282 = EDGE_CURVE ( 'NONE', #910, #275, #1090, .T. ) ;
#2283 = DIRECTION ( 'NONE',  ( -0.000000000000000000, -0.000000000000000000, -1.000000000000000000 ) ) ;
#2284 = VERTEX_POINT ( 'NONE', #1653 ) ;
#2285 = LINE ( 'NONE', #869, #1568 ) ;
#2286 = CARTESIAN_POINT ( 'NONE',  ( -0.004069276962214533888, 0.1219793866850640562, -0.03937007874015751446 ) ) ;
#2287 = EDGE_CURVE ( 'NONE', #374, #537, #304, .T. ) ;
#2288 = AXIS2_PLACEMENT_3D ( 'NONE', #2302, #499, #1170 ) ;
#2289 = DIRECTION ( 'NONE',  ( -0.000000000000000000, -0.000000000000000000, -1.000000000000000000 ) ) ;
#2290 = VECTOR ( 'NONE', #774, 39.37007874015748143 ) ;
#2291 = ORIENTED_EDGE ( 'NONE', *, *, #2829, .F. ) ;
#2292 = CARTESIAN_POINT ( 'NONE',  ( -0.06592585040968856891, 0.3331788070786201872, 0.08999999999999999667 ) ) ;
#2293 = VECTOR ( 'NONE', #1960, 39.37007874015748143 ) ;
#2294 = CARTESIAN_POINT ( 'NONE',  ( 0.000000000000000000, 0.000000000000000000, 0.1200787401574803098 ) ) ;
#2295 = ORIENTED_EDGE ( 'NONE', *, *, #951, .F. ) ;
#2296 = CIRCLE ( 'NONE', #1723, 0.06299212598425196763 ) ;
#2297 = EDGE_LOOP ( 'NONE', ( #26, #273, #1289, #293 ) ) ;
#2298 = ORIENTED_EDGE ( 'NONE', *, *, #271, .T. ) ;
#2299 = CARTESIAN_POINT ( 'NONE',  ( 0.03062497185959546855, 0.2991794000960412703, -0.03937007874015751446 ) ) ;
#2300 = VERTEX_POINT ( 'NONE', #2356 ) ;
#2301 = CARTESIAN_POINT ( 'NONE',  ( -0.02138369096486694015, 0.3777209665234422808, -0.1200787401574803098 ) ) ;
#2302 = CARTESIAN_POINT ( 'NONE',  ( 0.5000000000000000000, 0.000000000000000000, -0.08999999999999985789 ) ) ;
#2303 = LINE ( 'NONE', #327, #95 ) ;
#2304 = VECTOR ( 'NONE', #1000, 39.37007874015748143 ) ;
#2305 = EDGE_CURVE ( 'NONE', #1131, #2131, #474, .T. ) ;
#2306 = EDGE_LOOP ( 'NONE', ( #75, #2716, #2520, #2533 ) ) ;
#2307 = CARTESIAN_POINT ( 'NONE',  ( 0.3836387478365864134, 0.04566244622184056912, 1.328707901096514821 ) ) ;
#2308 = ORIENTED_EDGE ( 'NONE', *, *, #1593, .F. ) ;
#2309 = FACE_OUTER_BOUND ( 'NONE', #3, .T. ) ;
#2310 = ORIENTED_EDGE ( 'NONE', *, *, #2282, .T. ) ;
#2311 = LINE ( 'NONE', #2299, #864 ) ;
#2312 = VERTEX_POINT ( 'NONE', #136 ) ;
#2313 = DIRECTION ( 'NONE',  ( -0.000000000000000000, -0.000000000000000000, 1.000000000000000000 ) ) ;
#2314 = DIRECTION ( 'NONE',  ( -0.000000000000000000, -0.000000000000000000, 1.000000000000000000 ) ) ;
#2315 = LINE ( 'NONE', #2111, #2324 ) ;
#2316 = ORIENTED_EDGE ( 'NONE', *, *, #2918, .T. ) ;
#2317 = CARTESIAN_POINT ( 'NONE',  ( -0.02138369096486644055, 0.2886366476337985376, -0.1200787401574803098 ) ) ;
#2318 = ADVANCED_FACE ( 'NONE', ( #2634 ), #1533, .T. ) ;
#2319 = EDGE_CURVE ( 'NONE', #2798, #1086, #613, .T. ) ;
#2320 = CARTESIAN_POINT ( 'NONE',  ( -0.4881889763779528324, 0.1429872406805823004, 0.1200787401574803098 ) ) ;
#2321 = AXIS2_PLACEMENT_3D ( 'NONE', #1765, #1694, #1908 ) ;
#2322 = ORIENTED_EDGE ( 'NONE', *, *, #1160, .F. ) ;
#2323 = VERTEX_POINT ( 'NONE', #1502 ) ;
#2324 = VECTOR ( 'NONE', #735, 39.37007874015748143 ) ;
#2325 = DIRECTION ( 'NONE',  ( -0.000000000000000000, -0.000000000000000000, -1.000000000000000000 ) ) ;
#2326 = EDGE_CURVE ( 'NONE', #1879, #484, #2219, .T. ) ;
#2327 = VECTOR ( 'NONE', #2000, 39.37007874015748143 ) ;
#2328 = ORIENTED_EDGE ( 'NONE', *, *, #748, .T. ) ;
#2329 = VECTOR ( 'NONE', #294, 39.37007874015748143 ) ;
#2330 = DIRECTION ( 'NONE',  ( -0.000000000000000000, -0.000000000000000000, -1.000000000000000000 ) ) ;
#2331 = CARTESIAN_POINT ( 'NONE',  ( -0.04269055951131190546, 0.1143374213443295317, 0.03937007874015751446 ) ) ;
#2332 = FACE_OUTER_BOUND ( 'NONE', #1582, .T. ) ;
#2333 = VECTOR ( 'NONE', #1497, 39.37007874015748143 ) ;
#2334 = CYLINDRICAL_SURFACE ( 'NONE', #2854, 0.02362204724409444970 ) ;
#2335 = CARTESIAN_POINT ( 'NONE',  ( 0.5000000000000000000, 0.000000000000000000, -1.328707901096514821 ) ) ;
#2336 = CARTESIAN_POINT ( 'NONE',  ( -3.414809992080329023E-17, -3.414809992080329023E-17, -0.03937007874015751446 ) ) ;
#2337 = CIRCLE ( 'NONE', #1866, 0.02362204724409441500 ) ;
#2338 = VERTEX_POINT ( 'NONE', #2384 ) ;
#2339 = EDGE_CURVE ( 'NONE', #275, #2131, #1713, .T. ) ;
#2340 = ORIENTED_EDGE ( 'NONE', *, *, #34, .F. ) ;
#2341 = VECTOR ( 'NONE', #1058, 39.37007874015748143 ) ;
#2342 = CARTESIAN_POINT ( 'NONE',  ( 0.000000000000000000, -0.2440944881889763329, 0.1200787401574803098 ) ) ;
#2343 = CIRCLE ( 'NONE', #1152, 0.1023622047244094335 ) ;
#2344 = ADVANCED_FACE ( 'NONE', ( #181 ), #1956, .F. ) ;
#2345 = ORIENTED_EDGE ( 'NONE', *, *, #732, .T. ) ;
#2346 = DIRECTION ( 'NONE',  ( 0.000000000000000000, 0.000000000000000000, 1.000000000000000000 ) ) ;
#2347 = ORIENTED_EDGE ( 'NONE', *, *, #1395, .T. ) ;
#2348 = DIRECTION ( 'NONE',  ( -0.5073382610862007258, -0.8617469981601502127, 0.000000000000000000 ) ) ;
#2349 = LINE ( 'NONE', #2538, #1566 ) ;
#2350 = ORIENTED_EDGE ( 'NONE', *, *, #1664, .T. ) ;
#2351 = DIRECTION ( 'NONE',  ( -0.8617469981601501017, 0.5073382610862007258, 0.000000000000000000 ) ) ;
#2352 = CIRCLE ( 'NONE', #1495, 0.06299212598425196763 ) ;
#2353 = CARTESIAN_POINT ( 'NONE',  ( -0.1828490189523474529, 0.5948639938169483221, -0.1200787401574803098 ) ) ;
#2354 = ORIENTED_EDGE ( 'NONE', *, *, #2664, .F. ) ;
#2355 = ORIENTED_EDGE ( 'NONE', *, *, #2630, .T. ) ;
#2356 = CARTESIAN_POINT ( 'NONE',  ( -0.4073064729240779558, 0.4333986658294679550, -0.1200787401574803098 ) ) ;
#2357 = DIRECTION ( 'NONE',  ( -0.000000000000000000, -0.000000000000000000, 1.000000000000000000 ) ) ;
#2358 = ORIENTED_EDGE ( 'NONE', *, *, #1925, .T. ) ;
#2359 = ADVANCED_FACE ( 'NONE', ( #1303 ), #1473, .F. ) ;
#2360 = ADVANCED_FACE ( 'NONE', ( #860 ), #407, .F. ) ;
#2361 = CARTESIAN_POINT ( 'NONE',  ( -0.3888565063846475267, 0.3888565063846458059, 0.1200787401574803098 ) ) ;
#2362 = ORIENTED_EDGE ( 'NONE', *, *, #2806, .F. ) ;
#2363 = DIRECTION ( 'NONE',  ( -1.000000000000000000, 0.000000000000000000, 0.000000000000000000 ) ) ;
#2364 = DIRECTION ( 'NONE',  ( 0.000000000000000000, 1.000000000000000000, 0.000000000000000000 ) ) ;
#2365 = CARTESIAN_POINT ( 'NONE',  ( -0.3276110371480178696, 0.4501019756212761846, 0.03937007874015751446 ) ) ;
#2366 = DIRECTION ( 'NONE',  ( 0.000000000000000000, 0.000000000000000000, -1.000000000000000000 ) ) ;
#2367 = LINE ( 'NONE', #2807, #233 ) ;
#2368 = ORIENTED_EDGE ( 'NONE', *, *, #880, .T. ) ;
#2369 = ORIENTED_EDGE ( 'NONE', *, *, #1593, .T. ) ;
#2370 = CARTESIAN_POINT ( 'NONE',  ( -0.2877492588762555203, 0.3434269581822819717, 1.328707901096514821 ) ) ;
#2371 = VERTEX_POINT ( 'NONE', #2857 ) ;
#2372 = AXIS2_PLACEMENT_3D ( 'NONE', #530, #1020, #1680 ) ;
#2373 = DIRECTION ( 'NONE',  ( -0.000000000000000000, -0.000000000000000000, 1.000000000000000000 ) ) ;
#2374 = CARTESIAN_POINT ( 'NONE',  ( 0.1204492798486484634, 0.01968503937007874682, -0.03937007874015751446 ) ) ;
#2375 = ORIENTED_EDGE ( 'NONE', *, *, #970, .F. ) ;
#2376 = EDGE_CURVE ( 'NONE', #2312, #1672, #1283, .T. ) ;
#2377 = DIRECTION ( 'NONE',  ( -0.000000000000000000, -0.000000000000000000, -1.000000000000000000 ) ) ;
#2378 = CIRCLE ( 'NONE', #2755, 0.1220472440944882775 ) ;
#2379 = EDGE_CURVE ( 'NONE', #2736, #584, #391, .T. ) ;
#2380 = LINE ( 'NONE', #841, #2656 ) ;
#2381 = CARTESIAN_POINT ( 'NONE',  ( -0.3610176567316340512, 0.4166953560376596144, -0.03937007874015751446 ) ) ;
#2382 = ORIENTED_EDGE ( 'NONE', *, *, #2069, .F. ) ;
#2383 = EDGE_LOOP ( 'NONE', ( #2713, #961, #244, #980 ) ) ;
#2384 = CARTESIAN_POINT ( 'NONE',  ( 0.3836387478365864134, 0.04566244622184056912, -0.03937007874015751446 ) ) ;
#2385 = VECTOR ( 'NONE', #2562, 39.37007874015748143 ) ;
#2386 = LINE ( 'NONE', #563, #1626 ) ;
#2387 = ORIENTED_EDGE ( 'NONE', *, *, #1887, .F. ) ;
#2388 = CARTESIAN_POINT ( 'NONE',  ( -0.04269055951131190546, 0.1143374213443295317, 0.03937007874015751446 ) ) ;
#2389 = CIRCLE ( 'NONE', #2569, 0.06299212598425196763 ) ;
#2390 = ORIENTED_EDGE ( 'NONE', *, *, #1487, .T. ) ;
#2391 = DIRECTION ( 'NONE',  ( -0.000000000000000000, -0.000000000000000000, -1.000000000000000000 ) ) ;
#2392 = CARTESIAN_POINT ( 'NONE',  ( 0.08267716535433072833, 1.012503259137575543E-17, -0.08999999999999999667 ) ) ;
#2393 = CARTESIAN_POINT ( 'NONE',  ( 0.03062497185959546855, 0.2991794000960412703, 0.08999999999999985789 ) ) ;
#2394 = ADVANCED_FACE ( 'NONE', ( #375 ), #124, .F. ) ;
#2395 = VERTEX_POINT ( 'NONE', #1938 ) ;
#2396 = ORIENTED_EDGE ( 'NONE', *, *, #2105, .F. ) ;
#2397 = CARTESIAN_POINT ( 'NONE',  ( -0.004069276962214534756, 0.1219793866850640979, 1.328707901096514821 ) ) ;
#2398 = CARTESIAN_POINT ( 'NONE',  ( 0.3765597341828912925, -0.01968503937007873641, -1.328707901096514821 ) ) ;
#2399 = AXIS2_PLACEMENT_3D ( 'NONE', #2197, #146, #370 ) ;
#2400 = VERTEX_POINT ( 'NONE', #2427 ) ;
#2401 = CARTESIAN_POINT ( 'NONE',  ( -0.2106878686053611505, 0.5670251441639343470, -0.1200787401574803098 ) ) ;
#2402 = DIRECTION ( 'NONE',  ( 0.000000000000000000, 0.000000000000000000, -1.000000000000000000 ) ) ;
#2403 = ORIENTED_EDGE ( 'NONE', *, *, #863, .T. ) ;
#2404 = DIRECTION ( 'NONE',  ( 1.000000000000000000, 0.000000000000000000, 0.000000000000000000 ) ) ;
#2405 = CARTESIAN_POINT ( 'NONE',  ( -3.414809992080329023E-17, -3.414809992080329023E-17, -1.328707901096514821 ) ) ;
#2406 = DIRECTION ( 'NONE',  ( 1.000000000000000000, -3.333337173756828983E-17, 0.000000000000000000 ) ) ;
#2407 = LINE ( 'NONE', #2172, #942 ) ;
#2408 = ORIENTED_EDGE ( 'NONE', *, *, #1375, .T. ) ;
#2409 = ORIENTED_EDGE ( 'NONE', *, *, #878, .F. ) ;
#2410 = EDGE_CURVE ( 'NONE', #1127, #1601, #2837, .T. ) ;
#2411 = ADVANCED_FACE ( 'NONE', ( #2614 ), #579, .F. ) ;
#2412 = CARTESIAN_POINT ( 'NONE',  ( 0.03062497185959546855, 0.2991794000960412703, 1.328707901096514821 ) ) ;
#2413 = CARTESIAN_POINT ( 'NONE',  ( 0.3765597341828912925, -0.01968503937007873641, 0.08999999999999985789 ) ) ;
#2414 = ORIENTED_EDGE ( 'NONE', *, *, #1120, .F. ) ;
#2415 = ORIENTED_EDGE ( 'NONE', *, *, #2625, .F. ) ;
#2416 = EDGE_CURVE ( 'NONE', #1547, #2888, #152, .T. ) ;
#2417 = FACE_OUTER_BOUND ( 'NONE', #2646, .T. ) ;
#2418 = CARTESIAN_POINT ( 'NONE',  ( -0.1661457091605392788, 0.6115673036087564407, 0.03937007874015751446 ) ) ;
#2419 = AXIS2_PLACEMENT_3D ( 'NONE', #901, #1371, #650 ) ;
#2420 = ORIENTED_EDGE ( 'NONE', *, *, #2585, .F. ) ;
#2421 = LINE ( 'NONE', #1245, #1877 ) ;
#2422 = CIRCLE ( 'NONE', #1376, 0.08267716535433075609 ) ;
#2423 = DIRECTION ( 'NONE',  ( 0.000000000000000000, 0.000000000000000000, -1.000000000000000000 ) ) ;
#2424 = CARTESIAN_POINT ( 'NONE',  ( 0.3765597341828912925, 0.01968503937007873641, -1.328707901096514821 ) ) ;
#2425 = CARTESIAN_POINT ( 'NONE',  ( -0.2014631482903793958, 0.6653341833685604279, 0.1200787401574803098 ) ) ;
#2426 = ORIENTED_EDGE ( 'NONE', *, *, #1499, .F. ) ;
#2427 = CARTESIAN_POINT ( 'NONE',  ( -0.3610176567316340512, 0.4166953560376596144, 0.1200787401574803098 ) ) ;
#2428 = CYLINDRICAL_SURFACE ( 'NONE', #156, 0.08267716535433075609 ) ;
#2429 = EDGE_CURVE ( 'NONE', #1338, #565, #803, .T. ) ;
#2430 = VERTEX_POINT ( 'NONE', #2204 ) ;
#2431 = AXIS2_PLACEMENT_3D ( 'NONE', #829, #2643, #1726 ) ;
#2432 = DIRECTION ( 'NONE',  ( -0.000000000000000000, -0.000000000000000000, 1.000000000000000000 ) ) ;
#2433 = EDGE_CURVE ( 'NONE', #1597, #65, #990, .T. ) ;
#2434 = AXIS2_PLACEMENT_3D ( 'NONE', #939, #67, #955 ) ;
#2435 = EDGE_LOOP ( 'NONE', ( #36, #2258, #27, #1117 ) ) ;
#2436 = DIRECTION ( 'NONE',  ( -0.7071067811865540120, 0.7071067811865410224, 0.000000000000000000 ) ) ;
#2437 = AXIS2_PLACEMENT_3D ( 'NONE', #981, #1855, #2784 ) ;
#2438 = CARTESIAN_POINT ( 'NONE',  ( -0.2047244094488188948, 0.1429872406805822449, -1.328707901096514821 ) ) ;
#2439 = CIRCLE ( 'NONE', #1676, 0.1250000000000000278 ) ;
#2440 = PLANE ( 'NONE',  #1164 ) ;
#2441 = DIRECTION ( 'NONE',  ( -1.000000000000000000, 0.000000000000000000, 0.000000000000000000 ) ) ;
#2442 = FACE_OUTER_BOUND ( 'NONE', #39, .T. ) ;
#2443 = EDGE_LOOP ( 'NONE', ( #1139, #1161, #1356, #2749 ) ) ;
#2444 = CARTESIAN_POINT ( 'NONE',  ( -0.3443143469398259326, 0.4333986658294679550, 1.328707901096514821 ) ) ;
#2445 = CARTESIAN_POINT ( 'NONE',  ( -0.02138369096486694015, 0.3777209665234422808, 0.1200787401574803098 ) ) ;
#2446 = AXIS2_PLACEMENT_3D ( 'NONE', #162, #1296, #414 ) ;
#2447 = DIRECTION ( 'NONE',  ( -0.000000000000000000, -0.000000000000000000, -1.000000000000000000 ) ) ;
#2448 = ORIENTED_EDGE ( 'NONE', *, *, #1286, .T. ) ;
#2449 = EDGE_CURVE ( 'NONE', #2681, #1459, #2687, .T. ) ;
#2450 = EDGE_CURVE ( 'NONE', #1849, #2251, #2463, .T. ) ;
#2451 = PLANE ( 'NONE',  #2321 ) ;
#2452 = DIRECTION ( 'NONE',  ( -1.000000000000000000, -4.336808689942017736E-15, 0.000000000000000000 ) ) ;
#2453 = CARTESIAN_POINT ( 'NONE',  ( -0.1661457091605394176, 0.6115673036087564407, 0.1200787401574803098 ) ) ;
#2454 = LINE ( 'NONE', #2227, #709 ) ;
#2455 = ORIENTED_EDGE ( 'NONE', *, *, #394, .T. ) ;
#2456 = CARTESIAN_POINT ( 'NONE',  ( -0.1383068595075236107, 0.2607977979807841740, -0.03937007874015751446 ) ) ;
#2457 = DIRECTION ( 'NONE',  ( -1.000000000000000000, 0.000000000000000000, 0.000000000000000000 ) ) ;
#2458 = PERSON_AND_ORGANIZATION ( #144, #2636 ) ;
#2459 = EDGE_LOOP ( 'NONE', ( #891, #211, #246, #848 ) ) ;
#2460 = DIRECTION ( 'NONE',  ( -0.000000000000000000, -0.000000000000000000, 1.000000000000000000 ) ) ;
#2461 = EDGE_CURVE ( 'NONE', #2462, #1640, #442, .T. ) ;
#2462 = VERTEX_POINT ( 'NONE', #2733 ) ;
#2463 = LINE ( 'NONE', #29, #50 ) ;
#2464 = PLANE ( 'NONE',  #809 ) ;
#2465 = AXIS2_PLACEMENT_3D ( 'NONE', #2725, #447, #682 ) ;
#2466 = DIRECTION ( 'NONE',  ( 0.7071067811865513475, -0.7071067811865435759, 0.000000000000000000 ) ) ;
#2467 = VECTOR ( 'NONE', #1, 39.37007874015748143 ) ;
#2468 = ADVANCED_FACE ( 'NONE', ( #1795 ), #2701, .F. ) ;
#2469 = ORIENTED_EDGE ( 'NONE', *, *, #2050, .F. ) ;
#2470 = AXIS2_PLACEMENT_3D ( 'NONE', #1169, #2242, #457 ) ;
#2471 = DIRECTION ( 'NONE',  ( -1.000000000000000000, 0.000000000000000000, 0.000000000000000000 ) ) ;
#2472 = CARTESIAN_POINT ( 'NONE',  ( 0.03062497185959546855, 0.2991794000960412703, 0.03937007874015751446 ) ) ;
#2473 = VERTEX_POINT ( 'NONE', #2024 ) ;
#2474 = VECTOR ( 'NONE', #2712, 39.37007874015748143 ) ;
#2475 = DIRECTION ( 'NONE',  ( 1.000000000000000000, 0.000000000000000000, 0.000000000000000000 ) ) ;
#2476 = ORIENTED_EDGE ( 'NONE', *, *, #1212, .T. ) ;
#2477 = CARTESIAN_POINT ( 'NONE',  ( -3.414809992080329023E-17, -3.414809992080329023E-17, 0.03937007874015751446 ) ) ;
#2478 = VECTOR ( 'NONE', #2847, 39.37007874015748143 ) ;
#2479 = PLANE ( 'NONE',  #620 ) ;
#2480 = LINE ( 'NONE', #2912, #2276 ) ;
#2481 = VECTOR ( 'NONE', #1101, 39.37007874015748143 ) ;
#2482 = ORIENTED_EDGE ( 'NONE', *, *, #2772, .T. ) ;
#2483 = PLANE ( 'NONE',  #746 ) ;
#2484 = ADVANCED_FACE ( 'NONE', ( #1156 ), #221, .F. ) ;
#2485 = DIRECTION ( 'NONE',  ( -0.000000000000000000, -0.000000000000000000, -1.000000000000000000 ) ) ;
#2486 = ORIENTED_EDGE ( 'NONE', *, *, #2319, .T. ) ;
#2487 = ORIENTED_EDGE ( 'NONE', *, *, #569, .F. ) ;
#2488 = DIRECTION ( 'NONE',  ( 1.000000000000000000, 0.000000000000000000, 0.000000000000000000 ) ) ;
#2489 = VERTEX_POINT ( 'NONE', #662 ) ;
#2490 = VECTOR ( 'NONE', #2774, 39.37007874015748143 ) ;
#2491 = DIRECTION ( 'NONE',  ( -0.8617469981601502127, 0.5073382610862007258, 0.000000000000000000 ) ) ;
#2492 = ORIENTED_EDGE ( 'NONE', *, *, #769, .F. ) ;
#2493 = CARTESIAN_POINT ( 'NONE',  ( 0.000000000000000000, 0.000000000000000000, 0.08999999999999999667 ) ) ;
#2494 = CARTESIAN_POINT ( 'NONE',  ( -0.06592585040968856891, 0.3331788070786201872, -0.08999999999999999667 ) ) ;
#2495 = CARTESIAN_POINT ( 'NONE',  ( -3.414809992080329023E-17, -3.414809992080329023E-17, 0.03937007874015751446 ) ) ;
#2496 = EDGE_LOOP ( 'NONE', ( #2077, #8, #2526, #2928 ) ) ;
#2497 = LINE ( 'NONE', #2679, #2838 ) ;
#2498 = DIRECTION ( 'NONE',  ( 0.8617469981601501017, -0.5073382610862007258, 0.000000000000000000 ) ) ;
#2499 = ADVANCED_FACE ( 'NONE', ( #2036 ), #252, .F. ) ;
#2500 = EDGE_CURVE ( 'NONE', #2888, #1402, #2285, .T. ) ;
#2501 = ORIENTED_EDGE ( 'NONE', *, *, #2626, .T. ) ;
#2502 = ADVANCED_FACE ( 'NONE', ( #1367 ), #707, .T. ) ;
#2503 = VERTEX_POINT ( 'NONE', #2301 ) ;
#2504 = FACE_OUTER_BOUND ( 'NONE', #1832, .T. ) ;
#2505 = FACE_OUTER_BOUND ( 'NONE', #2443, .T. ) ;
#2506 = CARTESIAN_POINT ( 'NONE',  ( 0.5000000000000000000, 0.000000000000000000, 0.08999999999999985789 ) ) ;
#2507 = DIRECTION ( 'NONE',  ( 0.000000000000000000, 0.000000000000000000, -1.000000000000000000 ) ) ;
#2508 = CIRCLE ( 'NONE', #2841, 0.08267716535433072833 ) ;
#2509 = ORIENTED_EDGE ( 'NONE', *, *, #1774, .T. ) ;
#2510 = CARTESIAN_POINT ( 'NONE',  ( 0.03062497185959546855, 0.2991794000960412703, -1.328707901096514821 ) ) ;
#2511 = VECTOR ( 'NONE', #1769, 39.37007874015748143 ) ;
#2512 = CARTESIAN_POINT ( 'NONE',  ( -0.2877492588762555203, 0.3434269581822819717, 0.1200787401574803098 ) ) ;
#2513 = VERTEX_POINT ( 'NONE', #1828 ) ;
#2514 = VERTEX_POINT ( 'NONE', #2066 ) ;
#2515 = AXIS2_PLACEMENT_3D ( 'NONE', #542, #1454, #1415 ) ;
#2516 = VERTEX_POINT ( 'NONE', #1602 ) ;
#2517 = EDGE_CURVE ( 'NONE', #565, #2925, #1953, .T. ) ;
#2518 = ADVANCED_FACE ( 'NONE', ( #2505 ), #1782, .F. ) ;
#2519 = CARTESIAN_POINT ( 'NONE',  ( -3.414809992080329023E-17, -3.414809992080329023E-17, 0.08999999999999985789 ) ) ;
#2520 = ORIENTED_EDGE ( 'NONE', *, *, #1196, .T. ) ;
#2521 = DIRECTION ( 'NONE',  ( -1.000000000000000000, 0.000000000000000000, 0.000000000000000000 ) ) ;
#2522 = CARTESIAN_POINT ( 'NONE',  ( 0.3765597341828912925, 0.01968503937007873988, -0.03937007874015751446 ) ) ;
#2523 = CIRCLE ( 'NONE', #1244, 0.1023622047244094474 ) ;
#2524 = DIRECTION ( 'NONE',  ( 0.000000000000000000, 0.000000000000000000, 1.000000000000000000 ) ) ;
#2525 = CIRCLE ( 'NONE', #346, 0.1023622047244094474 ) ;
#2526 = ORIENTED_EDGE ( 'NONE', *, *, #2742, .T. ) ;
#2527 = AXIS2_PLACEMENT_3D ( 'NONE', #2398, #2814, #595 ) ;
#2528 = DIRECTION ( 'NONE',  ( 1.000000000000000000, 0.000000000000000000, 0.000000000000000000 ) ) ;
#2529 = VERTEX_POINT ( 'NONE', #1571 ) ;
#2530 = ORIENTED_EDGE ( 'NONE', *, *, #1598, .F. ) ;
#2531 = EDGE_LOOP ( 'NONE', ( #2049, #68, #2931, #2396 ) ) ;
#2532 = LINE ( 'NONE', #1917, #674 ) ;
#2533 = ORIENTED_EDGE ( 'NONE', *, *, #1756, .T. ) ;
#2534 = EDGE_CURVE ( 'NONE', #964, #2816, #1808, .T. ) ;
#2535 = EDGE_CURVE ( 'NONE', #1535, #1879, #236, .T. ) ;
#2536 = DIRECTION ( 'NONE',  ( -0.000000000000000000, -0.000000000000000000, 1.000000000000000000 ) ) ;
#2537 = CARTESIAN_POINT ( 'NONE',  ( -3.414809992080329023E-17, -3.414809992080329023E-17, -1.328707901096514821 ) ) ;
#2538 = CARTESIAN_POINT ( 'NONE',  ( -0.2291378351447913853, 0.6115673036087564407, 0.1200787401574803098 ) ) ;
#2539 = CIRCLE ( 'NONE', #967, 0.06299212598425199539 ) ;
#2540 = ADVANCED_FACE ( 'NONE', ( #485 ), #1396, .F. ) ;
#2541 = ORIENTED_EDGE ( 'NONE', *, *, #1891, .T. ) ;
#2542 = DIRECTION ( 'NONE',  ( -0.000000000000000000, -0.000000000000000000, 1.000000000000000000 ) ) ;
#2543 = VERTEX_POINT ( 'NONE', #1813 ) ;
#2544 = ORIENTED_EDGE ( 'NONE', *, *, #326, .T. ) ;
#2545 = LINE ( 'NONE', #506, #393 ) ;
#2546 = LINE ( 'NONE', #1201, #2329 ) ;
#2547 = CARTESIAN_POINT ( 'NONE',  ( 0.6079467137523455467, 0.1739528407765645324, 0.1200787401574802127 ) ) ;
#2548 = EDGE_CURVE ( 'NONE', #953, #91, #1423, .T. ) ;
#2549 = EDGE_LOOP ( 'NONE', ( #1488, #625, #2118, #1955 ) ) ;
#2550 = CARTESIAN_POINT ( 'NONE',  ( 0.3765597341828912925, -0.01968503937007873641, 0.03937007874015751446 ) ) ;
#2551 = ADVANCED_FACE ( 'NONE', ( #914 ), #1453, .F. ) ;
#2552 = DIRECTION ( 'NONE',  ( -1.000000000000000000, 0.000000000000000000, 0.000000000000000000 ) ) ;
#2553 = ORIENTED_EDGE ( 'NONE', *, *, #1292, .T. ) ;
#2554 = ORIENTED_EDGE ( 'NONE', *, *, #1136, .T. ) ;
#2555 = CARTESIAN_POINT ( 'NONE',  ( -0.2440944881889764162, 0.2440944881889763884, 0.1200787401574803098 ) ) ;
#2556 = VECTOR ( 'NONE', #742, 39.37007874015748143 ) ;
#2557 = ORIENTED_EDGE ( 'NONE', *, *, #1308, .T. ) ;
#2558 = AXIS2_PLACEMENT_3D ( 'NONE', #1919, #40, #339 ) ;
#2559 = CARTESIAN_POINT ( 'NONE',  ( 0.3765597341828912925, 0.01968503937007873641, 1.328707901096514821 ) ) ;
#2560 = DIRECTION ( 'NONE',  ( 0.7071067811865516806, -0.7071067811865434649, 0.000000000000000000 ) ) ;
#2561 = PLANE ( 'NONE',  #2657 ) ;
#2562 = DIRECTION ( 'NONE',  ( 0.7071067811865516806, -0.7071067811865433539, 0.000000000000000000 ) ) ;
#2563 = DIRECTION ( 'NONE',  ( -0.000000000000000000, -0.000000000000000000, 1.000000000000000000 ) ) ;
#2564 = CARTESIAN_POINT ( 'NONE',  ( 0.006455158688146573481, 0.4055598161764562004, 0.1200787401574803098 ) ) ;
#2565 = AXIS2_PLACEMENT_3D ( 'NONE', #1405, #54, #1872 ) ;
#2566 = ORIENTED_EDGE ( 'NONE', *, *, #1394, .F. ) ;
#2567 = EDGE_CURVE ( 'NONE', #2188, #922, #895, .T. ) ;
#2568 = EDGE_CURVE ( 'NONE', #2816, #886, #2546, .T. ) ;
#2569 = AXIS2_PLACEMENT_3D ( 'NONE', #110, #2859, #137 ) ;
#2570 = CARTESIAN_POINT ( 'NONE',  ( 0.5000000000000000000, 0.000000000000000000, -0.08999999999999999667 ) ) ;
#2571 = AXIS2_PLACEMENT_3D ( 'NONE', #1332, #607, #2220 ) ;
#2572 = ORIENTED_EDGE ( 'NONE', *, *, #1907, .T. ) ;
#2573 = FACE_OUTER_BOUND ( 'NONE', #1788, .T. ) ;
#2574 = CARTESIAN_POINT ( 'NONE',  ( -0.1237066153832972054, 0.6743159749319124208, -0.1200787401574803098 ) ) ;
#2575 = CARTESIAN_POINT ( 'NONE',  ( -0.004069276962214533888, 0.1219793866850640979, -0.08999999999999985789 ) ) ;
#2576 = DIRECTION ( 'NONE',  ( 0.000000000000000000, 0.000000000000000000, 1.000000000000000000 ) ) ;
#2577 = DIRECTION ( 'NONE',  ( 0.000000000000000000, 0.000000000000000000, -1.000000000000000000 ) ) ;
#2578 = AXIS2_PLACEMENT_3D ( 'NONE', #1721, #2879, #2404 ) ;
#2579 = DIRECTION ( 'NONE',  ( 0.7071067811865513475, -0.7071067811865435759, 0.000000000000000000 ) ) ;
#2580 = ORIENTED_EDGE ( 'NONE', *, *, #1106, .F. ) ;
#2581 = LOCAL_TIME ( 14, 18, 16.00000000000000000, #906 ) ;
#2582 = ORIENTED_EDGE ( 'NONE', *, *, #753, .T. ) ;
#2583 = CARTESIAN_POINT ( 'NONE',  ( 0.1204492798486485328, 0.01968503937007876417, 0.08999999999999985789 ) ) ;
#2584 = CARTESIAN_POINT ( 'NONE',  ( 0.3765597341828912925, 0.01968503937007873641, -1.328707901096514821 ) ) ;
#2585 = EDGE_CURVE ( 'NONE', #2925, #1336, #2081, .T. ) ;
#2586 = ADVANCED_FACE ( 'NONE', ( #2110 ), #1873, .T. ) ;
#2587 = ORIENTED_EDGE ( 'NONE', *, *, #551, .T. ) ;
#2588 = CYLINDRICAL_SURFACE ( 'NONE', #2243, 0.2047244094488188948 ) ;
#2589 = CARTESIAN_POINT ( 'NONE',  ( -0.06592585040968856891, 0.3331788070786201872, -0.1200787401574803098 ) ) ;
#2590 = EDGE_CURVE ( 'NONE', #2889, #302, #1184, .T. ) ;
#2591 = VERTEX_POINT ( 'NONE', #2096 ) ;
#2592 = CYLINDRICAL_SURFACE ( 'NONE', #216, 0.1023622047244094196 ) ;
#2593 = CYLINDRICAL_SURFACE ( 'NONE', #1815, 0.06299212598425199539 ) ;
#2594 = DIRECTION ( 'NONE',  ( 1.000000000000000000, 0.000000000000000000, 0.000000000000000000 ) ) ;
#2595 = LINE ( 'NONE', #557, #2934 ) ;
#2596 = EDGE_LOOP ( 'NONE', ( #2265, #1762, #2448, #1875 ) ) ;
#2597 = DIRECTION ( 'NONE',  ( -0.5073382610862007258, -0.8617469981601502127, 0.000000000000000000 ) ) ;
#2598 = CARTESIAN_POINT ( 'NONE',  ( -3.414809992080329023E-17, -3.414809992080329023E-17, 1.328707901096514821 ) ) ;
#2599 = EDGE_LOOP ( 'NONE', ( #380, #1399, #1825, #298 ) ) ;
#2600 = VECTOR ( 'NONE', #902, 39.37007874015748143 ) ;
#2601 = FACE_BOUND ( 'NONE', #1668, .T. ) ;
#2602 = DIRECTION ( 'NONE',  ( 0.000000000000000000, 0.000000000000000000, 1.000000000000000000 ) ) ;
#2603 = ORIENTED_EDGE ( 'NONE', *, *, #2756, .T. ) ;
#2604 = CARTESIAN_POINT ( 'NONE',  ( -0.2440944881889763884, 0.000000000000000000, -0.1200787401574803098 ) ) ;
#2605 = AXIS2_PLACEMENT_3D ( 'NONE', #2901, #1284, #1269 ) ;
#2606 = EDGE_CURVE ( 'NONE', #214, #1494, #2122, .T. ) ;
#2607 = DIRECTION ( 'NONE',  ( 1.000000000000000000, 0.000000000000000000, 0.000000000000000000 ) ) ;
#2608 = EDGE_LOOP ( 'NONE', ( #1015, #701, #1712, #2803 ) ) ;
#2609 = DIRECTION ( 'NONE',  ( -0.000000000000000000, -0.000000000000000000, 1.000000000000000000 ) ) ;
#2610 = CARTESIAN_POINT ( 'NONE',  ( -0.1104680098545101352, 0.2886366476337979270, 0.1200787401574803098 ) ) ;
#2611 = AXIS2_PLACEMENT_3D ( 'NONE', #2453, #415, #2441 ) ;
#2612 = ORIENTED_EDGE ( 'NONE', *, *, #465, .F. ) ;
#2613 = VERTEX_POINT ( 'NONE', #57 ) ;
#2614 = FACE_OUTER_BOUND ( 'NONE', #948, .T. ) ;
#2615 = VECTOR ( 'NONE', #1351, 39.37007874015748143 ) ;
#2616 = CARTESIAN_POINT ( 'NONE',  ( -3.414809992080329023E-17, -3.414809992080329023E-17, 0.08999999999999985789 ) ) ;
#2617 = AXIS2_PLACEMENT_3D ( 'NONE', #758, #38, #1674 ) ;
#2618 = ORIENTED_EDGE ( 'NONE', *, *, #1160, .T. ) ;
#2619 = CALENDAR_DATE ( 2022, 6, 6 ) ;
#2620 = DIRECTION ( 'NONE',  ( 1.000000000000000000, 0.000000000000000000, 0.000000000000000000 ) ) ;
#2621 = CIRCLE ( 'NONE', #1530, 0.02362204724409444970 ) ;
#2622 = DIRECTION ( 'NONE',  ( -0.000000000000000000, -0.000000000000000000, 1.000000000000000000 ) ) ;
#2623 = ORIENTED_EDGE ( 'NONE', *, *, #1503, .F. ) ;
#2624 = FACE_OUTER_BOUND ( 'NONE', #1531, .T. ) ;
#2625 = EDGE_CURVE ( 'NONE', #1352, #2255, #778, .T. ) ;
#2626 = EDGE_CURVE ( 'NONE', #2489, #480, #1420, .T. ) ;
#2627 = FACE_OUTER_BOUND ( 'NONE', #2234, .T. ) ;
#2628 = DIRECTION ( 'NONE',  ( -0.000000000000000000, -0.000000000000000000, 1.000000000000000000 ) ) ;
#2629 = CYLINDRICAL_SURFACE ( 'NONE', #561, 0.1220472440944882775 ) ;
#2630 = EDGE_CURVE ( 'NONE', #109, #2473, #2917, .T. ) ;
#2631 = ORIENTED_EDGE ( 'NONE', *, *, #2865, .T. ) ;
#2632 = ORIENTED_EDGE ( 'NONE', *, *, #2020, .F. ) ;
#2633 = AXIS2_PLACEMENT_3D ( 'NONE', #1748, #2655, #2211 ) ;
#2634 = FACE_OUTER_BOUND ( 'NONE', #1930, .T. ) ;
#2635 = CARTESIAN_POINT ( 'NONE',  ( -0.1661457091605392788, 0.6115673036087564407, -0.03937007874015751446 ) ) ;
#2636 = ORGANIZATION ( 'UNSPECIFIED', 'UNSPECIFIED', '' ) ;
#2637 = ORIENTED_EDGE ( 'NONE', *, *, #1042, .F. ) ;
#2638 = PLANE ( 'NONE',  #247 ) ;
#2639 = CARTESIAN_POINT ( 'NONE',  ( 0.08267716535433072833, 1.012503259137575543E-17, 0.08999999999999999667 ) ) ;
#2640 = VERTEX_POINT ( 'NONE', #2786 ) ;
#2641 = DIRECTION ( 'NONE',  ( 1.000000000000000000, 5.782411586589366711E-15, 0.000000000000000000 ) ) ;
#2642 = CARTESIAN_POINT ( 'NONE',  ( -0.1569209888455572743, 0.6207920239237387783, 0.1200787401574803098 ) ) ;
#2643 = DIRECTION ( 'NONE',  ( 0.000000000000000000, 0.000000000000000000, 1.000000000000000000 ) ) ;
#2644 = DIRECTION ( 'NONE',  ( -0.8617469981601502127, 0.5073382610862007258, 0.000000000000000000 ) ) ;
#2645 = EDGE_CURVE ( 'NONE', #559, #2023, #1901, .T. ) ;
#2646 = EDGE_LOOP ( 'NONE', ( #1719, #1452, #2426, #640 ) ) ;
#2647 = DIRECTION ( 'NONE',  ( -1.000000000000000000, 8.881784197001252323E-16, 0.000000000000000000 ) ) ;
#2648 = EDGE_CURVE ( 'NONE', #2781, #1035, #983, .T. ) ;
#2649 = DIRECTION ( 'NONE',  ( 0.000000000000000000, 0.000000000000000000, -1.000000000000000000 ) ) ;
#2650 = VERTEX_POINT ( 'NONE', #83 ) ;
#2651 = ORIENTED_EDGE ( 'NONE', *, *, #1777, .T. ) ;
#2652 = DIRECTION ( 'NONE',  ( -0.000000000000000000, -0.000000000000000000, 1.000000000000000000 ) ) ;
#2653 = AXIS2_PLACEMENT_3D ( 'NONE', #1876, #2750, #1440 ) ;
#2654 = ORIENTED_EDGE ( 'NONE', *, *, #2535, .F. ) ;
#2655 = DIRECTION ( 'NONE',  ( -0.000000000000000000, 0.000000000000000000, -1.000000000000000000 ) ) ;
#2656 = VECTOR ( 'NONE', #1922, 39.37007874015748143 ) ;
#2657 = AXIS2_PLACEMENT_3D ( 'NONE', #2747, #710, #2068 ) ;
#2658 = DIRECTION ( 'NONE',  ( -0.000000000000000000, -0.000000000000000000, 1.000000000000000000 ) ) ;
#2659 = CYLINDRICAL_SURFACE ( 'NONE', #292, 0.06299212598425196763 ) ;
#2660 = CARTESIAN_POINT ( 'NONE',  ( -0.004069276962214534756, 0.1219793866850640979, -0.08999999999999985789 ) ) ;
#2661 = ORIENTED_EDGE ( 'NONE', *, *, #2742, .F. ) ;
#2662 = DIRECTION ( 'NONE',  ( -0.000000000000000000, -0.000000000000000000, -1.000000000000000000 ) ) ;
#2663 = DIRECTION ( 'NONE',  ( -1.000000000000000000, 0.000000000000000000, 0.000000000000000000 ) ) ;
#2664 = EDGE_CURVE ( 'NONE', #1275, #2400, #1691, .T. ) ;
#2665 = ORIENTED_EDGE ( 'NONE', *, *, #1580, .T. ) ;
#2666 = ADVANCED_FACE ( 'NONE', ( #1406 ), #2592, .T. ) ;
#2667 = VERTEX_POINT ( 'NONE', #2574 ) ;
#2668 = CARTESIAN_POINT ( 'NONE',  ( -0.1444655987972096600, 0.6408635055518038248, -0.1200787401574803098 ) ) ;
#2669 = VECTOR ( 'NONE', #929, 39.37007874015748143 ) ;
#2670 = CARTESIAN_POINT ( 'NONE',  ( -0.3610176567316340512, 0.4166953560376596144, 0.03937007874015751446 ) ) ;
#2671 = AXIS2_PLACEMENT_3D ( 'NONE', #1506, #2652, #382 ) ;
#2672 = CARTESIAN_POINT ( 'NONE',  ( -0.3443143469398259326, 0.4333986658294679550, 1.328707901096514821 ) ) ;
#2673 = AXIS2_PLACEMENT_3D ( 'NONE', #2130, #1255, #2147 ) ;
#2674 = DIRECTION ( 'NONE',  ( 0.000000000000000000, 0.000000000000000000, -1.000000000000000000 ) ) ;
#2675 = DIRECTION ( 'NONE',  ( -0.000000000000000000, -0.000000000000000000, 1.000000000000000000 ) ) ;
#2676 = DIRECTION ( 'NONE',  ( -0.7071067811865516806, 0.7071067811865432429, 0.000000000000000000 ) ) ;
#2677 = DIRECTION ( 'NONE',  ( 0.000000000000000000, 0.000000000000000000, 1.000000000000000000 ) ) ;
#2678 = ORIENTED_EDGE ( 'NONE', *, *, #341, .F. ) ;
#2679 = CARTESIAN_POINT ( 'NONE',  ( -0.3276110371480178696, 0.4501019756212761846, -0.03937007874015751446 ) ) ;
#2680 = DIRECTION ( 'NONE',  ( -1.000000000000000000, 0.000000000000000000, 0.000000000000000000 ) ) ;
#2681 = VERTEX_POINT ( 'NONE', #325 ) ;
#2682 =( GEOMETRIC_REPRESENTATION_CONTEXT ( 3 ) GLOBAL_UNCERTAINTY_ASSIGNED_CONTEXT ( ( #2076 ) ) GLOBAL_UNIT_ASSIGNED_CONTEXT ( ( #1950, #1048, #437 ) ) REPRESENTATION_CONTEXT ( 'NONE', 'WORKASPACE' ) );
#2683 = EDGE_CURVE ( 'NONE', #584, #2251, #1229, .T. ) ;
#2684 = ORIENTED_EDGE ( 'NONE', *, *, #611, .F. ) ;
#2685 = EDGE_CURVE ( 'NONE', #2816, #432, #2761, .T. ) ;
#2686 = DIRECTION ( 'NONE',  ( -1.000000000000000000, 0.000000000000000000, 0.000000000000000000 ) ) ;
#2687 = LINE ( 'NONE', #2717, #1902 ) ;
#2688 = CARTESIAN_POINT ( 'NONE',  ( -0.1237066153832972054, 0.6743159749319124208, 0.1200787401574803098 ) ) ;
#2689 = LINE ( 'NONE', #238, #1948 ) ;
#2690 = ORIENTED_EDGE ( 'NONE', *, *, #1575, .F. ) ;
#2691 = DIRECTION ( 'NONE',  ( 0.000000000000000000, 0.000000000000000000, 1.000000000000000000 ) ) ;
#2692 = DIRECTION ( 'NONE',  ( -0.000000000000000000, -0.000000000000000000, -1.000000000000000000 ) ) ;
#2693 = ORIENTED_EDGE ( 'NONE', *, *, #1063, .F. ) ;
#2694 = APPROVAL_DATE_TIME ( #197, #2213 ) ;
#2695 = VERTEX_POINT ( 'NONE', #734 ) ;
#2696 = AXIS2_PLACEMENT_3D ( 'NONE', #2294, #1206, #1401 ) ;
#2697 = LINE ( 'NONE', #2715, #2714 ) ;
#2698 = EDGE_LOOP ( 'NONE', ( #2375, #1168, #1809, #755 ) ) ;
#2699 = CC_DESIGN_PERSON_AND_ORGANIZATION_ASSIGNMENT ( #654, #1567, ( #313 ) ) ;
#2700 = EDGE_CURVE ( 'NONE', #2921, #1838, #498, .T. ) ;
#2701 = CYLINDRICAL_SURFACE ( 'NONE', #2470, 0.2047244094488188393 ) ;
#2702 = DIRECTION ( 'NONE',  ( 1.000000000000000000, 0.000000000000000000, 0.000000000000000000 ) ) ;
#2703 = AXIS2_PLACEMENT_3D ( 'NONE', #2124, #2289, #2083 ) ;
#2704 = DIRECTION ( 'NONE',  ( -0.7071067811865436870, -0.7071067811865514585, 0.000000000000000000 ) ) ;
#2705 = VECTOR ( 'NONE', #2161, 39.37007874015748143 ) ;
#2706 = ORIENTED_EDGE ( 'NONE', *, *, #430, .T. ) ;
#2707 = VECTOR ( 'NONE', #1353, 39.37007874015748143 ) ;
#2708 = DIRECTION ( 'NONE',  ( 1.000000000000000000, 0.000000000000000000, -0.000000000000000000 ) ) ;
#2709 = DIRECTION ( 'NONE',  ( -1.000000000000000000, 0.000000000000000000, 0.000000000000000000 ) ) ;
#2710 = ORIENTED_EDGE ( 'NONE', *, *, #2248, .T. ) ;
#2711 = PERSON_AND_ORGANIZATION ( #144, #2636 ) ;
#2712 = DIRECTION ( 'NONE',  ( 0.000000000000000000, 1.000000000000000000, -0.000000000000000000 ) ) ;
#2713 = ORIENTED_EDGE ( 'NONE', *, *, #2050, .T. ) ;
#2714 = VECTOR ( 'NONE', #1793, 39.37007874015748143 ) ;
#2715 = CARTESIAN_POINT ( 'NONE',  ( -0.1444655987972096600, 0.6408635055518038248, -0.03937007874015751446 ) ) ;
#2716 = ORIENTED_EDGE ( 'NONE', *, *, #2319, .F. ) ;
#2717 = CARTESIAN_POINT ( 'NONE',  ( 0.006455158688146573481, 0.4055598161764562004, -0.1200787401574803098 ) ) ;
#2718 = VECTOR ( 'NONE', #2163, 39.37007874015748143 ) ;
#2719 = CARTESIAN_POINT ( 'NONE',  ( 2.410722045565655762E-18, -0.2047244094488188670, -0.03937007874015751446 ) ) ;
#2720 = CARTESIAN_POINT ( 'NONE',  ( -0.002933724425436606918, 0.3331788070786201872, 0.1200787401574803098 ) ) ;
#2721 = ADVANCED_FACE ( 'NONE', ( #277 ), #585, .F. ) ;
#2722 = EDGE_CURVE ( 'NONE', #2181, #2188, #1703, .T. ) ;
#2723 = CIRCLE ( 'NONE', #1966, 0.1023622047244094196 ) ;
#2724 = ORIENTED_EDGE ( 'NONE', *, *, #1395, .F. ) ;
#2725 = CARTESIAN_POINT ( 'NONE',  ( -0.3443143469398259882, 0.4333986658294678440, 0.1200787401574803098 ) ) ;
#2726 = EDGE_CURVE ( 'NONE', #1688, #1151, #1016, .T. ) ;
#2727 = DIRECTION ( 'NONE',  ( 1.000000000000000000, 0.000000000000000000, 0.000000000000000000 ) ) ;
#2728 = ORIENTED_EDGE ( 'NONE', *, *, #2567, .T. ) ;
#2729 = DIRECTION ( 'NONE',  ( -0.000000000000000000, -0.000000000000000000, 1.000000000000000000 ) ) ;
#2730 = ORIENTED_EDGE ( 'NONE', *, *, #1060, .F. ) ;
#2731 = DIRECTION ( 'NONE',  ( 0.1941059196546582044, -0.9809805767470727300, 0.000000000000000000 ) ) ;
#2732 = ORIENTED_EDGE ( 'NONE', *, *, #2904, .F. ) ;
#2733 = CARTESIAN_POINT ( 'NONE',  ( -0.1828490189523475917, 0.6282706134005645593, 0.03937007874015751446 ) ) ;
#2734 = DIRECTION ( 'NONE',  ( -0.5272781787133795639, -0.8496927222547580039, 0.000000000000000000 ) ) ;
#2735 = DIRECTION ( 'NONE',  ( -0.000000000000000000, -0.000000000000000000, -1.000000000000000000 ) ) ;
#2736 = VERTEX_POINT ( 'NONE', #1029 ) ;
#2737 = EDGE_CURVE ( 'NONE', #1475, #362, #2022, .T. ) ;
#2738 = PLANE ( 'NONE',  #889 ) ;
#2739 = DIRECTION ( 'NONE',  ( 1.000000000000000000, 0.000000000000000000, 0.000000000000000000 ) ) ;
#2740 = ORIENTED_EDGE ( 'NONE', *, *, #66, .F. ) ;
#2741 = ORIENTED_EDGE ( 'NONE', *, *, #1536, .F. ) ;
#2742 = EDGE_CURVE ( 'NONE', #32, #2181, #1763, .T. ) ;
#2743 = LINE ( 'NONE', #2269, #761 ) ;
#2744 = ORIENTED_EDGE ( 'NONE', *, *, #487, .F. ) ;
#2745 = DIRECTION ( 'NONE',  ( 1.000000000000000000, 3.333337173756828983E-17, -0.000000000000000000 ) ) ;
#2746 = CARTESIAN_POINT ( 'NONE',  ( 0.5000000000000001110, -0.2047244094488188948, -0.1200787401574803098 ) ) ;
#2747 = CARTESIAN_POINT ( 'NONE',  ( 0.000000000000000000, 0.000000000000000000, -0.08999999999999999667 ) ) ;
#2748 = CIRCLE ( 'NONE', #2132, 0.2440944881889764162 ) ;
#2749 = ORIENTED_EDGE ( 'NONE', *, *, #519, .F. ) ;
#2750 = DIRECTION ( 'NONE',  ( -0.000000000000000000, -0.000000000000000000, -1.000000000000000000 ) ) ;
#2751 = AXIS2_PLACEMENT_3D ( 'NONE', #1422, #280, #267 ) ;
#2752 = DIRECTION ( 'NONE',  ( -1.000000000000000000, 0.000000000000000000, 0.000000000000000000 ) ) ;
#2753 = ORIENTED_EDGE ( 'NONE', *, *, #2806, .T. ) ;
#2754 = VERTEX_POINT ( 'NONE', #1509 ) ;
#2755 = AXIS2_PLACEMENT_3D ( 'NONE', #1619, #2524, #488 ) ;
#2756 = EDGE_CURVE ( 'NONE', #1879, #2323, #310, .T. ) ;
#2757 = EDGE_CURVE ( 'NONE', #866, #924, #1733, .T. ) ;
#2758 = VERTEX_POINT ( 'NONE', #1294 ) ;
#2759 = DIRECTION ( 'NONE',  ( 0.000000000000000000, 0.000000000000000000, 1.000000000000000000 ) ) ;
#2760 = ORIENTED_EDGE ( 'NONE', *, *, #1250, .F. ) ;
#2761 = LINE ( 'NONE', #1631, #360 ) ;
#2762 = CARTESIAN_POINT ( 'NONE',  ( 0.01065102457273716177, 0.2652523529243818179, 0.03937007874015751446 ) ) ;
#2763 = VECTOR ( 'NONE', #2067, 39.37007874015748143 ) ;
#2764 = CARTESIAN_POINT ( 'NONE',  ( 0.5000000000000001110, -0.2047244094488188948, 0.1200787401574803098 ) ) ;
#2765 = CIRCLE ( 'NONE', #1480, 0.1023622047244094474 ) ;
#2766 = ORIENTED_EDGE ( 'NONE', *, *, #2305, .F. ) ;
#2767 = VECTOR ( 'NONE', #2357, 39.37007874015748143 ) ;
#2768 = DIRECTION ( 'NONE',  ( -0.000000000000000000, -0.000000000000000000, -1.000000000000000000 ) ) ;
#2769 = ORIENTED_EDGE ( 'NONE', *, *, #1797, .T. ) ;
#2770 = ORIENTED_EDGE ( 'NONE', *, *, #2683, .T. ) ;
#2771 = ORIENTED_EDGE ( 'NONE', *, *, #2089, .T. ) ;
#2772 = EDGE_CURVE ( 'NONE', #484, #2284, #495, .T. ) ;
#2773 = CARTESIAN_POINT ( 'NONE',  ( -0.1661457091605394176, 0.6115673036087564407, 0.1200787401574803098 ) ) ;
#2774 = DIRECTION ( 'NONE',  ( -0.000000000000000000, -0.000000000000000000, 1.000000000000000000 ) ) ;
#2775 = EDGE_CURVE ( 'NONE', #1144, #1008, #632, .T. ) ;
#2776 = CARTESIAN_POINT ( 'NONE',  ( 0.3765597341828912925, -0.01968503937007873641, 0.08999999999999985789 ) ) ;
#2777 = AXIS2_PLACEMENT_3D ( 'NONE', #1077, #587, #1737 ) ;
#2778 = FACE_OUTER_BOUND ( 'NONE', #2596, .T. ) ;
#2779 = PLANE ( 'NONE',  #1512 ) ;
#2780 = DIRECTION ( 'NONE',  ( -1.000000000000000000, 0.000000000000000000, 0.000000000000000000 ) ) ;
#2781 = VERTEX_POINT ( 'NONE', #2169 ) ;
#2782 = DIRECTION ( 'NONE',  ( -1.000000000000000000, 0.000000000000000000, 0.000000000000000000 ) ) ;
#2783 = ORIENTED_EDGE ( 'NONE', *, *, #2535, .T. ) ;
#2784 = DIRECTION ( 'NONE',  ( -1.000000000000000000, 0.000000000000000000, 0.000000000000000000 ) ) ;
#2785 = ORIENTED_EDGE ( 'NONE', *, *, #1687, .F. ) ;
#2786 = CARTESIAN_POINT ( 'NONE',  ( -0.2047244094488188948, 0.1429872406805822449, -0.1200787401574803098 ) ) ;
#2787 = CARTESIAN_POINT ( 'NONE',  ( -0.004069276962214534756, 0.1219793866850640979, 0.08999999999999985789 ) ) ;
#2788 = CC_DESIGN_PERSON_AND_ORGANIZATION_ASSIGNMENT ( #2019, #2045, ( #783 ) ) ;
#2789 = EDGE_CURVE ( 'NONE', #2613, #2489, #826, .T. ) ;
#2790 = ORIENTED_EDGE ( 'NONE', *, *, #2074, .T. ) ;
#2791 = DIRECTION ( 'NONE',  ( 0.000000000000000000, 0.000000000000000000, 1.000000000000000000 ) ) ;
#2792 = CARTESIAN_POINT ( 'NONE',  ( 0.000000000000000000, 2.571311109574431150E-17, -0.1200787401574803098 ) ) ;
#2793 = AXIS2_PLACEMENT_3D ( 'NONE', #1679, #962, #2351 ) ;
#2794 = ORIENTED_EDGE ( 'NONE', *, *, #2449, .T. ) ;
#2795 = ORIENTED_EDGE ( 'NONE', *, *, #936, .T. ) ;
#2796 = AXIS2_PLACEMENT_3D ( 'NONE', #2186, #2882, #1004 ) ;
#2797 = VECTOR ( 'NONE', #756, 39.37007874015748143 ) ;
#2798 = VERTEX_POINT ( 'NONE', #1479 ) ;
#2799 = CYLINDRICAL_SURFACE ( 'NONE', #2617, 0.06299212598425196763 ) ;
#2800 = CARTESIAN_POINT ( 'NONE',  ( -0.2877492588762555203, 0.3434269581822819717, 0.1200787401574803098 ) ) ;
#2801 = FACE_BOUND ( 'NONE', #356, .T. ) ;
#2802 = AXIS2_PLACEMENT_3D ( 'NONE', #1326, #2628, #870 ) ;
#2803 = ORIENTED_EDGE ( 'NONE', *, *, #825, .F. ) ;
#2804 = PLANE ( 'NONE',  #1333 ) ;
#2805 = EDGE_CURVE ( 'NONE', #2112, #1505, #2421, .T. ) ;
#2806 = EDGE_CURVE ( 'NONE', #114, #214, #1963, .T. ) ;
#2807 = CARTESIAN_POINT ( 'NONE',  ( -0.2440944881889763884, 0.000000000000000000, 0.1200787401574803098 ) ) ;
#2808 = VECTOR ( 'NONE', #140, 39.37007874015748143 ) ;
#2809 = VERTEX_POINT ( 'NONE', #2604 ) ;
#2810 = ORIENTED_EDGE ( 'NONE', *, *, #2829, .T. ) ;
#2811 = VECTOR ( 'NONE', #2622, 39.37007874015748143 ) ;
#2812 = DIRECTION ( 'NONE',  ( 0.000000000000000000, 0.000000000000000000, -1.000000000000000000 ) ) ;
#2813 = ADVANCED_FACE ( 'NONE', ( #131, #2624 ), #2154, .F. ) ;
#2814 = DIRECTION ( 'NONE',  ( -3.333337173756828983E-17, 1.000000000000000000, 0.000000000000000000 ) ) ;
#2815 = AXIS2_PLACEMENT_3D ( 'NONE', #419, #623, #2663 ) ;
#2816 = VERTEX_POINT ( 'NONE', #570 ) ;
#2817 = CARTESIAN_POINT ( 'NONE',  ( 0.3836387478365864134, 0.04566244622184056912, -1.328707901096514821 ) ) ;
#2818 = DIRECTION ( 'NONE',  ( 0.000000000000000000, 0.000000000000000000, -1.000000000000000000 ) ) ;
#2819 = ORIENTED_EDGE ( 'NONE', *, *, #2933, .F. ) ;
#2820 = CARTESIAN_POINT ( 'NONE',  ( 0.6287056971662580152, 0.2074053101566732948, 0.1200787401574803098 ) ) ;
#2821 = DIRECTION ( 'NONE',  ( 1.000000000000000000, 0.000000000000000000, 0.000000000000000000 ) ) ;
#2822 = CARTESIAN_POINT ( 'NONE',  ( -0.06592585040968856891, 0.3331788070786201872, 0.1200787401574803098 ) ) ;
#2823 = FACE_OUTER_BOUND ( 'NONE', #1570, .T. ) ;
#2824 = VERTEX_POINT ( 'NONE', #1736 ) ;
#2825 = ORIENTED_EDGE ( 'NONE', *, *, #322, .F. ) ;
#2826 = CARTESIAN_POINT ( 'NONE',  ( 0.5000000000000000000, 0.000000000000000000, 0.1200787401574803098 ) ) ;
#2827 = DIRECTION ( 'NONE',  ( -0.000000000000000000, -0.000000000000000000, 1.000000000000000000 ) ) ;
#2828 = ADVANCED_FACE ( 'NONE', ( #159 ), #1540, .F. ) ;
#2829 = EDGE_CURVE ( 'NONE', #1034, #1640, #2164, .T. ) ;
#2830 = ORIENTED_EDGE ( 'NONE', *, *, #2339, .T. ) ;
#2831 = DIRECTION ( 'NONE',  ( -0.000000000000000000, -0.000000000000000000, -1.000000000000000000 ) ) ;
#2832 = DIRECTION ( 'NONE',  ( 0.000000000000000000, 0.000000000000000000, -1.000000000000000000 ) ) ;
#2833 = VERTEX_POINT ( 'NONE', #2893 ) ;
#2834 = DIRECTION ( 'NONE',  ( -0.7071067811865513475, 0.7071067811865435759, 0.000000000000000000 ) ) ;
#2835 = CARTESIAN_POINT ( 'NONE',  ( -0.06573824511970959017, 0.2308167742720317606, -0.08999999999999999667 ) ) ;
#2836 = CARTESIAN_POINT ( 'NONE',  ( 0.5000000000000000000, 0.000000000000000000, -0.08999999999999985789 ) ) ;
#2837 = LINE ( 'NONE', #801, #892 ) ;
#2838 = VECTOR ( 'NONE', #33, 39.37007874015748143 ) ;
#2839 = DIRECTION ( 'NONE',  ( 0.8617469981601501017, -0.5073382610862007258, 0.000000000000000000 ) ) ;
#2840 = ORIENTED_EDGE ( 'NONE', *, *, #1871, .F. ) ;
#2841 = AXIS2_PLACEMENT_3D ( 'NONE', #754, #575, #2158 ) ;
#2842 = SHAPE_DEFINITION_REPRESENTATION ( #713, #1884 ) ;
#2843 = DIRECTION ( 'NONE',  ( 0.000000000000000000, 0.000000000000000000, -1.000000000000000000 ) ) ;
#2844 = EDGE_CURVE ( 'NONE', #2371, #2758, #853, .T. ) ;
#2845 = EDGE_CURVE ( 'NONE', #91, #953, #873, .T. ) ;
#2846 = CIRCLE ( 'NONE', #1802, 0.06299212598425199539 ) ;
#2847 = DIRECTION ( 'NONE',  ( 0.8496927222547580039, -0.5272781787133796749, 0.000000000000000000 ) ) ;
#2848 = VERTEX_POINT ( 'NONE', #1706 ) ;
#2849 = DIRECTION ( 'NONE',  ( -0.000000000000000000, -0.000000000000000000, -1.000000000000000000 ) ) ;
#2850 = EDGE_CURVE ( 'NONE', #2667, #207, #189, .T. ) ;
#2851 = DIRECTION ( 'NONE',  ( -0.8617469981601501017, 0.5073382610862007258, 0.000000000000000000 ) ) ;
#2852 = CYLINDRICAL_SURFACE ( 'NONE', #2611, 0.06299212598425196763 ) ;
#2853 = DIRECTION ( 'NONE',  ( -0.1941059196546583709, 0.9809805767470727300, 0.000000000000000000 ) ) ;
#2854 = AXIS2_PLACEMENT_3D ( 'NONE', #1455, #314, #72 ) ;
#2855 = EDGE_LOOP ( 'NONE', ( #2724, #2340, #819, #737 ) ) ;
#2856 = ORIENTED_EDGE ( 'NONE', *, *, #827, .T. ) ;
#2857 = CARTESIAN_POINT ( 'NONE',  ( 0.000000000000000000, -0.2440944881889763329, -0.1200787401574803098 ) ) ;
#2858 = AXIS2_PLACEMENT_3D ( 'NONE', #1108, #2222, #1615 ) ;
#2859 = DIRECTION ( 'NONE',  ( -0.000000000000000000, -0.000000000000000000, -1.000000000000000000 ) ) ;
#2860 = AXIS2_PLACEMENT_3D ( 'NONE', #1974, #2402, #2180 ) ;
#2861 = ORIENTED_EDGE ( 'NONE', *, *, #2585, .T. ) ;
#2862 = FACE_OUTER_BOUND ( 'NONE', #454, .T. ) ;
#2863 = DIRECTION ( 'NONE',  ( -1.000000000000000000, 0.000000000000000000, 0.000000000000000000 ) ) ;
#2864 = EDGE_LOOP ( 'NONE', ( #2387, #2347, #1293, #1905 ) ) ;
#2865 = EDGE_CURVE ( 'NONE', #2274, #2371, #617, .T. ) ;
#2866 = DIRECTION ( 'NONE',  ( 0.8496927222547577818, -0.5272781787133796749, 0.000000000000000000 ) ) ;
#2867 = ADVANCED_FACE ( 'NONE', ( #2627 ), #2440, .F. ) ;
#2868 = CARTESIAN_POINT ( 'NONE',  ( -0.3276110371480178696, 0.4501019756212761846, -0.1200787401574803098 ) ) ;
#2869 = DIRECTION ( 'NONE',  ( 0.000000000000000000, 0.000000000000000000, 1.000000000000000000 ) ) ;
#2870 = CARTESIAN_POINT ( 'NONE',  ( -0.06592585040968856891, 0.3331788070786201872, 0.03937007874015751446 ) ) ;
#2871 = EDGE_LOOP ( 'NONE', ( #2706, #2165, #235, #1623 ) ) ;
#2872 = VECTOR ( 'NONE', #1725, 39.37007874015748143 ) ;
#2873 = CARTESIAN_POINT ( 'NONE',  ( 0.5000000000000000000, 8.434988825058975650E-18, 0.1200787401574803098 ) ) ;
#2874 = FACE_OUTER_BOUND ( 'NONE', #2247, .T. ) ;
#2875 = CC_DESIGN_SECURITY_CLASSIFICATION ( #1357, ( #313 ) ) ;
#2876 = CYLINDRICAL_SURFACE ( 'NONE', #952, 0.08267716535433072833 ) ;
#2877 = LINE ( 'NONE', #142, #2293 ) ;
#2878 = ORIENTED_EDGE ( 'NONE', *, *, #1268, .T. ) ;
#2879 = DIRECTION ( 'NONE',  ( 0.000000000000000000, 0.000000000000000000, 1.000000000000000000 ) ) ;
#2880 = CARTESIAN_POINT ( 'NONE',  ( -0.1661457091605392788, 0.6115673036087564407, -0.03937007874015751446 ) ) ;
#2881 = CARTESIAN_POINT ( 'NONE',  ( -0.3679363941839203789, 0.4333986658294679550, 1.328707901096514821 ) ) ;
#2882 = DIRECTION ( 'NONE',  ( 0.000000000000000000, 0.000000000000000000, -1.000000000000000000 ) ) ;
#2883 = ADVANCED_FACE ( 'NONE', ( #855 ), #1980, .F. ) ;
#2884 = EDGE_CURVE ( 'NONE', #224, #1535, #686, .T. ) ;
#2885 = VERTEX_POINT ( 'NONE', #839 ) ;
#2886 = CARTESIAN_POINT ( 'NONE',  ( -0.04269055951131190546, 0.1143374213443295317, -1.328707901096514821 ) ) ;
#2887 = CARTESIAN_POINT ( 'NONE',  ( -0.1828490189523475917, 0.6282706134005645593, 1.328707901096514821 ) ) ;
#2888 = VERTEX_POINT ( 'NONE', #1277 ) ;
#2889 = VERTEX_POINT ( 'NONE', #2868 ) ;
#2890 = CARTESIAN_POINT ( 'NONE',  ( 0.5000000000000001110, -0.2047244094488188948, 0.03937007874015751446 ) ) ;
#2891 = CIRCLE ( 'NONE', #2419, 0.02362204724409444970 ) ;
#2892 = VERTEX_POINT ( 'NONE', #2215 ) ;
#2893 = CARTESIAN_POINT ( 'NONE',  ( -0.3888565063846481928, 0.4779408252742894936, 0.1200787401574803098 ) ) ;
#2894 = VECTOR ( 'NONE', #1529, 39.37007874015748143 ) ;
#2895 = DIRECTION ( 'NONE',  ( -1.000000000000000000, 0.000000000000000000, 0.000000000000000000 ) ) ;
#2896 = CIRCLE ( 'NONE', #2137, 0.2440944881889764440 ) ;
#2897 = LINE ( 'NONE', #1511, #1341 ) ;
#2898 = LINE ( 'NONE', #857, #2511 ) ;
#2899 = EDGE_LOOP ( 'NONE', ( #653, #945, #489, #1715, #2906, #1643, #1385, #1778, #859, #2936, #2557, #2486, #2408, #978, #478, #180, #441, #1433, #2159, #1271, #2783, #2603, #1183 ) ) ;
#2900 = EDGE_CURVE ( 'NONE', #114, #2300, #2539, .T. ) ;
#2901 = CARTESIAN_POINT ( 'NONE',  ( -0.3276110371480178696, 0.4501019756212761846, 1.328707901096514821 ) ) ;
#2902 = DIRECTION ( 'NONE',  ( -0.000000000000000000, -0.000000000000000000, -1.000000000000000000 ) ) ;
#2903 = PERSON_AND_ORGANIZATION_ROLE ( 'creator' ) ;
#2904 = EDGE_CURVE ( 'NONE', #1781, #681, #371, .T. ) ;
#2905 = CIRCLE ( 'NONE', #1625, 0.2047244094488188948 ) ;
#2906 = ORIENTED_EDGE ( 'NONE', *, *, #66, .T. ) ;
#2907 = CIRCLE ( 'NONE', #60, 0.06299212598425198151 ) ;
#2908 = LINE ( 'NONE', #867, #1576 ) ;
#2909 = ORIENTED_EDGE ( 'NONE', *, *, #2326, .F. ) ;
#2910 = DIRECTION ( 'NONE',  ( 1.000000000000000000, 0.000000000000000000, 0.000000000000000000 ) ) ;
#2911 = CARTESIAN_POINT ( 'NONE',  ( -0.3888565063846481928, 0.4779408252742894936, -0.1200787401574803098 ) ) ;
#2912 = CARTESIAN_POINT ( 'NONE',  ( -0.2877492588762555203, 0.3434269581822819717, 0.03937007874015751446 ) ) ;
#2913 = ORIENTED_EDGE ( 'NONE', *, *, #2248, .F. ) ;
#2914 = CARTESIAN_POINT ( 'NONE',  ( -0.1828490189523474529, 0.5948639938169482111, -0.03937007874015751446 ) ) ;
#2915 = CARTESIAN_POINT ( 'NONE',  ( 0.01065102457273716177, 0.2652523529243818179, -0.03937007874015751446 ) ) ;
#2916 = PERSON_AND_ORGANIZATION ( #144, #2636 ) ;
#2917 = CIRCLE ( 'NONE', #1311, 0.06299212598425199539 ) ;
#2918 = EDGE_CURVE ( 'NONE', #207, #1849, #2352, .T. ) ;
#2919 = ORIENTED_EDGE ( 'NONE', *, *, #791, .T. ) ;
#2920 = LINE ( 'NONE', #2048, #2615 ) ;
#2921 = VERTEX_POINT ( 'NONE', #176 ) ;
#2922 = DIRECTION ( 'NONE',  ( -1.000000000000000000, 0.000000000000000000, 0.000000000000000000 ) ) ;
#2923 = DIRECTION ( 'NONE',  ( -1.000000000000000000, 0.000000000000000000, 0.000000000000000000 ) ) ;
#2924 = DIRECTION ( 'NONE',  ( -1.000000000000000000, 0.000000000000000000, 0.000000000000000000 ) ) ;
#2925 = VERTEX_POINT ( 'NONE', #1312 ) ;
#2926 = CARTESIAN_POINT ( 'NONE',  ( 0.4036126951234447757, 0.07958949339350007701, 1.328707901096514821 ) ) ;
#2927 = DIRECTION ( 'NONE',  ( -1.000000000000000000, 0.000000000000000000, 0.000000000000000000 ) ) ;
#2928 = ORIENTED_EDGE ( 'NONE', *, *, #698, .F. ) ;
#2929 = EDGE_LOOP ( 'NONE', ( #1933, #1069, #1007, #169 ) ) ;
#2930 = PERSON_AND_ORGANIZATION_ROLE ( 'design_supplier' ) ;
#2931 = ORIENTED_EDGE ( 'NONE', *, *, #1120, .T. ) ;
#2932 = EDGE_CURVE ( 'NONE', #1592, #2885, #1639, .T. ) ;
#2933 = EDGE_CURVE ( 'NONE', #876, #2781, #1325, .T. ) ;
#2934 = VECTOR ( 'NONE', #1471, 39.37007874015748143 ) ;
#2935 = CARTESIAN_POINT ( 'NONE',  ( -0.04269055951131188464, 0.1143374213443294901, -0.08999999999999985789 ) ) ;
#2936 = ORIENTED_EDGE ( 'NONE', *, *, #2433, .T. ) ;
#2937 = DIRECTION ( 'NONE',  ( -0.000000000000000000, -0.000000000000000000, 1.000000000000000000 ) ) ;
#2938 = LINE ( 'NONE', #1111, #1911 ) ;
#2939 = AXIS2_PLACEMENT_3D ( 'NONE', #416, #429, #694 ) ;
#2940 = ADVANCED_FACE ( 'NONE', ( #2008 ), #1993, .T. ) ;
ENDSEC;
END-ISO-10303-21;
