ISO-10303-21;
HEADER;
/* Generated by software containing ST-Developer
 * from STEP Tools, Inc. (www.steptools.com) 
 */

FILE_DESCRIPTION(
/* description */ (''),
/* implementation_level */ '2;1');

FILE_NAME(
/* name */ 'Dura Block Text.step',
/* time_stamp */ '2023-04-07T18:47:28-04:00',
/* author */ (''),
/* organization */ (''),
/* preprocessor_version */ 'ST-DEVELOPER v19.2',
/* originating_system */ 'Autodesk Translation Framework v11.17.0.187',

/* authorisation */ '');

FILE_SCHEMA (('AUTOMOTIVE_DESIGN { 1 0 10303 214 3 1 1 }'));
ENDSEC;

DATA;
#10=MECHANICAL_DESIGN_GEOMETRIC_PRESENTATION_REPRESENTATION('',(#23,#24,
#25,#26,#27,#28,#29,#30,#31,#32,#33),#6990);
#11=SHAPE_REPRESENTATION_RELATIONSHIP('SRR','None',#6997,#12);
#12=ADVANCED_BREP_SHAPE_REPRESENTATION('',(#34,#35,#36,#37,#38,#39,#40,
#41,#42,#43,#44),#6989);
#13=FACE_BOUND('',#395,.T.);
#14=FACE_BOUND('',#397,.T.);
#15=FACE_BOUND('',#431,.T.);
#16=FACE_BOUND('',#433,.T.);
#17=FACE_BOUND('',#462,.T.);
#18=FACE_BOUND('',#464,.T.);
#19=FACE_BOUND('',#499,.T.);
#20=FACE_BOUND('',#500,.T.);
#21=FACE_BOUND('',#502,.T.);
#22=FACE_BOUND('',#503,.T.);
#23=STYLED_ITEM('',(#7006),#34);
#24=STYLED_ITEM('',(#7006),#35);
#25=STYLED_ITEM('',(#7006),#36);
#26=STYLED_ITEM('',(#7006),#37);
#27=STYLED_ITEM('',(#7006),#38);
#28=STYLED_ITEM('',(#7006),#39);
#29=STYLED_ITEM('',(#7006),#40);
#30=STYLED_ITEM('',(#7006),#41);
#31=STYLED_ITEM('',(#7006),#42);
#32=STYLED_ITEM('',(#7006),#43);
#33=STYLED_ITEM('',(#7006),#44);
#34=MANIFOLD_SOLID_BREP('C',#3756);
#35=MANIFOLD_SOLID_BREP('-',#3757);
#36=MANIFOLD_SOLID_BREP('D',#3758);
#37=MANIFOLD_SOLID_BREP('A',#3759);
#38=MANIFOLD_SOLID_BREP('O',#3760);
#39=MANIFOLD_SOLID_BREP('Underline',#3761);
#40=MANIFOLD_SOLID_BREP('B',#3762);
#41=MANIFOLD_SOLID_BREP('U',#3763);
#42=MANIFOLD_SOLID_BREP('R',#3764);
#43=MANIFOLD_SOLID_BREP('L',#3765);
#44=MANIFOLD_SOLID_BREP('K',#3766);
#45=PLANE('',#3780);
#46=PLANE('',#3781);
#47=PLANE('',#3782);
#48=PLANE('',#3783);
#49=PLANE('',#3784);
#50=PLANE('',#3785);
#51=PLANE('',#3786);
#52=PLANE('',#3787);
#53=PLANE('',#3788);
#54=PLANE('',#3789);
#55=PLANE('',#3790);
#56=PLANE('',#3791);
#57=PLANE('',#3792);
#58=PLANE('',#3793);
#59=PLANE('',#3794);
#60=PLANE('',#3795);
#61=PLANE('',#3796);
#62=PLANE('',#3797);
#63=PLANE('',#3798);
#64=PLANE('',#3799);
#65=PLANE('',#3800);
#66=PLANE('',#3801);
#67=PLANE('',#3802);
#68=PLANE('',#3803);
#69=PLANE('',#3804);
#70=PLANE('',#3805);
#71=PLANE('',#3806);
#72=PLANE('',#3807);
#73=PLANE('',#3808);
#74=PLANE('',#3809);
#75=PLANE('',#3810);
#76=PLANE('',#3811);
#77=PLANE('',#3812);
#78=PLANE('',#3813);
#79=PLANE('',#3814);
#80=PLANE('',#3815);
#81=PLANE('',#3816);
#82=PLANE('',#3817);
#83=PLANE('',#3818);
#84=PLANE('',#3819);
#85=PLANE('',#3820);
#86=PLANE('',#3821);
#87=PLANE('',#3822);
#88=PLANE('',#3823);
#89=PLANE('',#3824);
#90=PLANE('',#3825);
#91=PLANE('',#3826);
#92=PLANE('',#3827);
#93=PLANE('',#3828);
#94=PLANE('',#3829);
#95=PLANE('',#3830);
#96=PLANE('',#3831);
#97=PLANE('',#3832);
#98=PLANE('',#3833);
#99=PLANE('',#3834);
#100=PLANE('',#3835);
#101=PLANE('',#3836);
#102=PLANE('',#3837);
#103=PLANE('',#3838);
#104=PLANE('',#3839);
#105=PLANE('',#3840);
#106=PLANE('',#3841);
#107=PLANE('',#3842);
#108=PLANE('',#3843);
#109=PLANE('',#3844);
#110=PLANE('',#3845);
#111=PLANE('',#3846);
#112=PLANE('',#3847);
#113=PLANE('',#3848);
#114=PLANE('',#3849);
#115=PLANE('',#3850);
#116=PLANE('',#3851);
#117=PLANE('',#3852);
#118=PLANE('',#3853);
#119=PLANE('',#3854);
#120=PLANE('',#3855);
#121=PLANE('',#3856);
#122=PLANE('',#3857);
#123=PLANE('',#3858);
#124=PLANE('',#3859);
#125=PLANE('',#3860);
#126=PLANE('',#3861);
#127=PLANE('',#3862);
#128=PLANE('',#3863);
#129=PLANE('',#3864);
#130=PLANE('',#3865);
#131=PLANE('',#3866);
#132=PLANE('',#3867);
#133=PLANE('',#3868);
#134=PLANE('',#3869);
#135=FACE_OUTER_BOUND('',#340,.T.);
#136=FACE_OUTER_BOUND('',#341,.T.);
#137=FACE_OUTER_BOUND('',#342,.T.);
#138=FACE_OUTER_BOUND('',#343,.T.);
#139=FACE_OUTER_BOUND('',#344,.T.);
#140=FACE_OUTER_BOUND('',#345,.T.);
#141=FACE_OUTER_BOUND('',#346,.T.);
#142=FACE_OUTER_BOUND('',#347,.T.);
#143=FACE_OUTER_BOUND('',#348,.T.);
#144=FACE_OUTER_BOUND('',#349,.T.);
#145=FACE_OUTER_BOUND('',#350,.T.);
#146=FACE_OUTER_BOUND('',#351,.T.);
#147=FACE_OUTER_BOUND('',#352,.T.);
#148=FACE_OUTER_BOUND('',#353,.T.);
#149=FACE_OUTER_BOUND('',#354,.T.);
#150=FACE_OUTER_BOUND('',#355,.T.);
#151=FACE_OUTER_BOUND('',#356,.T.);
#152=FACE_OUTER_BOUND('',#357,.T.);
#153=FACE_OUTER_BOUND('',#358,.T.);
#154=FACE_OUTER_BOUND('',#359,.T.);
#155=FACE_OUTER_BOUND('',#360,.T.);
#156=FACE_OUTER_BOUND('',#361,.T.);
#157=FACE_OUTER_BOUND('',#362,.T.);
#158=FACE_OUTER_BOUND('',#363,.T.);
#159=FACE_OUTER_BOUND('',#364,.T.);
#160=FACE_OUTER_BOUND('',#365,.T.);
#161=FACE_OUTER_BOUND('',#366,.T.);
#162=FACE_OUTER_BOUND('',#367,.T.);
#163=FACE_OUTER_BOUND('',#368,.T.);
#164=FACE_OUTER_BOUND('',#369,.T.);
#165=FACE_OUTER_BOUND('',#370,.T.);
#166=FACE_OUTER_BOUND('',#371,.T.);
#167=FACE_OUTER_BOUND('',#372,.T.);
#168=FACE_OUTER_BOUND('',#373,.T.);
#169=FACE_OUTER_BOUND('',#374,.T.);
#170=FACE_OUTER_BOUND('',#375,.T.);
#171=FACE_OUTER_BOUND('',#376,.T.);
#172=FACE_OUTER_BOUND('',#377,.T.);
#173=FACE_OUTER_BOUND('',#378,.T.);
#174=FACE_OUTER_BOUND('',#379,.T.);
#175=FACE_OUTER_BOUND('',#380,.T.);
#176=FACE_OUTER_BOUND('',#381,.T.);
#177=FACE_OUTER_BOUND('',#382,.T.);
#178=FACE_OUTER_BOUND('',#383,.T.);
#179=FACE_OUTER_BOUND('',#384,.T.);
#180=FACE_OUTER_BOUND('',#385,.T.);
#181=FACE_OUTER_BOUND('',#386,.T.);
#182=FACE_OUTER_BOUND('',#387,.T.);
#183=FACE_OUTER_BOUND('',#388,.T.);
#184=FACE_OUTER_BOUND('',#389,.T.);
#185=FACE_OUTER_BOUND('',#390,.T.);
#186=FACE_OUTER_BOUND('',#391,.T.);
#187=FACE_OUTER_BOUND('',#392,.T.);
#188=FACE_OUTER_BOUND('',#393,.T.);
#189=FACE_OUTER_BOUND('',#394,.T.);
#190=FACE_OUTER_BOUND('',#396,.T.);
#191=FACE_OUTER_BOUND('',#398,.T.);
#192=FACE_OUTER_BOUND('',#399,.T.);
#193=FACE_OUTER_BOUND('',#400,.T.);
#194=FACE_OUTER_BOUND('',#401,.T.);
#195=FACE_OUTER_BOUND('',#402,.T.);
#196=FACE_OUTER_BOUND('',#403,.T.);
#197=FACE_OUTER_BOUND('',#404,.T.);
#198=FACE_OUTER_BOUND('',#405,.T.);
#199=FACE_OUTER_BOUND('',#406,.T.);
#200=FACE_OUTER_BOUND('',#407,.T.);
#201=FACE_OUTER_BOUND('',#408,.T.);
#202=FACE_OUTER_BOUND('',#409,.T.);
#203=FACE_OUTER_BOUND('',#410,.T.);
#204=FACE_OUTER_BOUND('',#411,.T.);
#205=FACE_OUTER_BOUND('',#412,.T.);
#206=FACE_OUTER_BOUND('',#413,.T.);
#207=FACE_OUTER_BOUND('',#414,.T.);
#208=FACE_OUTER_BOUND('',#415,.T.);
#209=FACE_OUTER_BOUND('',#416,.T.);
#210=FACE_OUTER_BOUND('',#417,.T.);
#211=FACE_OUTER_BOUND('',#418,.T.);
#212=FACE_OUTER_BOUND('',#419,.T.);
#213=FACE_OUTER_BOUND('',#420,.T.);
#214=FACE_OUTER_BOUND('',#421,.T.);
#215=FACE_OUTER_BOUND('',#422,.T.);
#216=FACE_OUTER_BOUND('',#423,.T.);
#217=FACE_OUTER_BOUND('',#424,.T.);
#218=FACE_OUTER_BOUND('',#425,.T.);
#219=FACE_OUTER_BOUND('',#426,.T.);
#220=FACE_OUTER_BOUND('',#427,.T.);
#221=FACE_OUTER_BOUND('',#428,.T.);
#222=FACE_OUTER_BOUND('',#429,.T.);
#223=FACE_OUTER_BOUND('',#430,.T.);
#224=FACE_OUTER_BOUND('',#432,.T.);
#225=FACE_OUTER_BOUND('',#434,.T.);
#226=FACE_OUTER_BOUND('',#435,.T.);
#227=FACE_OUTER_BOUND('',#436,.T.);
#228=FACE_OUTER_BOUND('',#437,.T.);
#229=FACE_OUTER_BOUND('',#438,.T.);
#230=FACE_OUTER_BOUND('',#439,.T.);
#231=FACE_OUTER_BOUND('',#440,.T.);
#232=FACE_OUTER_BOUND('',#441,.T.);
#233=FACE_OUTER_BOUND('',#442,.T.);
#234=FACE_OUTER_BOUND('',#443,.T.);
#235=FACE_OUTER_BOUND('',#444,.T.);
#236=FACE_OUTER_BOUND('',#445,.T.);
#237=FACE_OUTER_BOUND('',#446,.T.);
#238=FACE_OUTER_BOUND('',#447,.T.);
#239=FACE_OUTER_BOUND('',#448,.T.);
#240=FACE_OUTER_BOUND('',#449,.T.);
#241=FACE_OUTER_BOUND('',#450,.T.);
#242=FACE_OUTER_BOUND('',#451,.T.);
#243=FACE_OUTER_BOUND('',#452,.T.);
#244=FACE_OUTER_BOUND('',#453,.T.);
#245=FACE_OUTER_BOUND('',#454,.T.);
#246=FACE_OUTER_BOUND('',#455,.T.);
#247=FACE_OUTER_BOUND('',#456,.T.);
#248=FACE_OUTER_BOUND('',#457,.T.);
#249=FACE_OUTER_BOUND('',#458,.T.);
#250=FACE_OUTER_BOUND('',#459,.T.);
#251=FACE_OUTER_BOUND('',#460,.T.);
#252=FACE_OUTER_BOUND('',#461,.T.);
#253=FACE_OUTER_BOUND('',#463,.T.);
#254=FACE_OUTER_BOUND('',#465,.T.);
#255=FACE_OUTER_BOUND('',#466,.T.);
#256=FACE_OUTER_BOUND('',#467,.T.);
#257=FACE_OUTER_BOUND('',#468,.T.);
#258=FACE_OUTER_BOUND('',#469,.T.);
#259=FACE_OUTER_BOUND('',#470,.T.);
#260=FACE_OUTER_BOUND('',#471,.T.);
#261=FACE_OUTER_BOUND('',#472,.T.);
#262=FACE_OUTER_BOUND('',#473,.T.);
#263=FACE_OUTER_BOUND('',#474,.T.);
#264=FACE_OUTER_BOUND('',#475,.T.);
#265=FACE_OUTER_BOUND('',#476,.T.);
#266=FACE_OUTER_BOUND('',#477,.T.);
#267=FACE_OUTER_BOUND('',#478,.T.);
#268=FACE_OUTER_BOUND('',#479,.T.);
#269=FACE_OUTER_BOUND('',#480,.T.);
#270=FACE_OUTER_BOUND('',#481,.T.);
#271=FACE_OUTER_BOUND('',#482,.T.);
#272=FACE_OUTER_BOUND('',#483,.T.);
#273=FACE_OUTER_BOUND('',#484,.T.);
#274=FACE_OUTER_BOUND('',#485,.T.);
#275=FACE_OUTER_BOUND('',#486,.T.);
#276=FACE_OUTER_BOUND('',#487,.T.);
#277=FACE_OUTER_BOUND('',#488,.T.);
#278=FACE_OUTER_BOUND('',#489,.T.);
#279=FACE_OUTER_BOUND('',#490,.T.);
#280=FACE_OUTER_BOUND('',#491,.T.);
#281=FACE_OUTER_BOUND('',#492,.T.);
#282=FACE_OUTER_BOUND('',#493,.T.);
#283=FACE_OUTER_BOUND('',#494,.T.);
#284=FACE_OUTER_BOUND('',#495,.T.);
#285=FACE_OUTER_BOUND('',#496,.T.);
#286=FACE_OUTER_BOUND('',#497,.T.);
#287=FACE_OUTER_BOUND('',#498,.T.);
#288=FACE_OUTER_BOUND('',#501,.T.);
#289=FACE_OUTER_BOUND('',#504,.T.);
#290=FACE_OUTER_BOUND('',#505,.T.);
#291=FACE_OUTER_BOUND('',#506,.T.);
#292=FACE_OUTER_BOUND('',#507,.T.);
#293=FACE_OUTER_BOUND('',#508,.T.);
#294=FACE_OUTER_BOUND('',#509,.T.);
#295=FACE_OUTER_BOUND('',#510,.T.);
#296=FACE_OUTER_BOUND('',#511,.T.);
#297=FACE_OUTER_BOUND('',#512,.T.);
#298=FACE_OUTER_BOUND('',#513,.T.);
#299=FACE_OUTER_BOUND('',#514,.T.);
#300=FACE_OUTER_BOUND('',#515,.T.);
#301=FACE_OUTER_BOUND('',#516,.T.);
#302=FACE_OUTER_BOUND('',#517,.T.);
#303=FACE_OUTER_BOUND('',#518,.T.);
#304=FACE_OUTER_BOUND('',#519,.T.);
#305=FACE_OUTER_BOUND('',#520,.T.);
#306=FACE_OUTER_BOUND('',#521,.T.);
#307=FACE_OUTER_BOUND('',#522,.T.);
#308=FACE_OUTER_BOUND('',#523,.T.);
#309=FACE_OUTER_BOUND('',#524,.T.);
#310=FACE_OUTER_BOUND('',#525,.T.);
#311=FACE_OUTER_BOUND('',#526,.T.);
#312=FACE_OUTER_BOUND('',#527,.T.);
#313=FACE_OUTER_BOUND('',#528,.T.);
#314=FACE_OUTER_BOUND('',#529,.T.);
#315=FACE_OUTER_BOUND('',#530,.T.);
#316=FACE_OUTER_BOUND('',#531,.T.);
#317=FACE_OUTER_BOUND('',#532,.T.);
#318=FACE_OUTER_BOUND('',#533,.T.);
#319=FACE_OUTER_BOUND('',#534,.T.);
#320=FACE_OUTER_BOUND('',#535,.T.);
#321=FACE_OUTER_BOUND('',#536,.T.);
#322=FACE_OUTER_BOUND('',#537,.T.);
#323=FACE_OUTER_BOUND('',#538,.T.);
#324=FACE_OUTER_BOUND('',#539,.T.);
#325=FACE_OUTER_BOUND('',#540,.T.);
#326=FACE_OUTER_BOUND('',#541,.T.);
#327=FACE_OUTER_BOUND('',#542,.T.);
#328=FACE_OUTER_BOUND('',#543,.T.);
#329=FACE_OUTER_BOUND('',#544,.T.);
#330=FACE_OUTER_BOUND('',#545,.T.);
#331=FACE_OUTER_BOUND('',#546,.T.);
#332=FACE_OUTER_BOUND('',#547,.T.);
#333=FACE_OUTER_BOUND('',#548,.T.);
#334=FACE_OUTER_BOUND('',#549,.T.);
#335=FACE_OUTER_BOUND('',#550,.T.);
#336=FACE_OUTER_BOUND('',#551,.T.);
#337=FACE_OUTER_BOUND('',#552,.T.);
#338=FACE_OUTER_BOUND('',#553,.T.);
#339=FACE_OUTER_BOUND('',#554,.T.);
#340=EDGE_LOOP('',(#2338,#2339,#2340,#2341));
#341=EDGE_LOOP('',(#2342,#2343,#2344,#2345));
#342=EDGE_LOOP('',(#2346,#2347,#2348,#2349));
#343=EDGE_LOOP('',(#2350,#2351,#2352,#2353));
#344=EDGE_LOOP('',(#2354,#2355,#2356,#2357));
#345=EDGE_LOOP('',(#2358,#2359,#2360,#2361));
#346=EDGE_LOOP('',(#2362,#2363,#2364,#2365));
#347=EDGE_LOOP('',(#2366,#2367,#2368,#2369));
#348=EDGE_LOOP('',(#2370,#2371,#2372,#2373));
#349=EDGE_LOOP('',(#2374,#2375,#2376,#2377));
#350=EDGE_LOOP('',(#2378,#2379,#2380,#2381));
#351=EDGE_LOOP('',(#2382,#2383,#2384,#2385));
#352=EDGE_LOOP('',(#2386,#2387,#2388,#2389));
#353=EDGE_LOOP('',(#2390,#2391,#2392,#2393));
#354=EDGE_LOOP('',(#2394,#2395,#2396,#2397));
#355=EDGE_LOOP('',(#2398,#2399,#2400,#2401));
#356=EDGE_LOOP('',(#2402,#2403,#2404,#2405));
#357=EDGE_LOOP('',(#2406,#2407,#2408,#2409));
#358=EDGE_LOOP('',(#2410,#2411,#2412,#2413));
#359=EDGE_LOOP('',(#2414,#2415,#2416,#2417));
#360=EDGE_LOOP('',(#2418,#2419,#2420,#2421));
#361=EDGE_LOOP('',(#2422,#2423,#2424,#2425));
#362=EDGE_LOOP('',(#2426,#2427,#2428,#2429));
#363=EDGE_LOOP('',(#2430,#2431,#2432,#2433));
#364=EDGE_LOOP('',(#2434,#2435,#2436,#2437));
#365=EDGE_LOOP('',(#2438,#2439,#2440,#2441));
#366=EDGE_LOOP('',(#2442,#2443,#2444,#2445));
#367=EDGE_LOOP('',(#2446,#2447,#2448,#2449,#2450,#2451,#2452,#2453,#2454,
#2455,#2456,#2457,#2458,#2459,#2460,#2461,#2462,#2463,#2464,#2465,#2466,
#2467,#2468,#2469,#2470,#2471,#2472));
#368=EDGE_LOOP('',(#2473,#2474,#2475,#2476,#2477,#2478,#2479,#2480,#2481,
#2482,#2483,#2484,#2485,#2486,#2487,#2488,#2489,#2490,#2491,#2492,#2493,
#2494,#2495,#2496,#2497,#2498,#2499));
#369=EDGE_LOOP('',(#2500,#2501,#2502,#2503));
#370=EDGE_LOOP('',(#2504,#2505,#2506,#2507));
#371=EDGE_LOOP('',(#2508,#2509,#2510,#2511));
#372=EDGE_LOOP('',(#2512,#2513,#2514,#2515));
#373=EDGE_LOOP('',(#2516,#2517,#2518,#2519));
#374=EDGE_LOOP('',(#2520,#2521,#2522,#2523));
#375=EDGE_LOOP('',(#2524,#2525,#2526,#2527));
#376=EDGE_LOOP('',(#2528,#2529,#2530,#2531));
#377=EDGE_LOOP('',(#2532,#2533,#2534,#2535));
#378=EDGE_LOOP('',(#2536,#2537,#2538,#2539));
#379=EDGE_LOOP('',(#2540,#2541,#2542,#2543));
#380=EDGE_LOOP('',(#2544,#2545,#2546,#2547));
#381=EDGE_LOOP('',(#2548,#2549,#2550,#2551));
#382=EDGE_LOOP('',(#2552,#2553,#2554,#2555));
#383=EDGE_LOOP('',(#2556,#2557,#2558,#2559));
#384=EDGE_LOOP('',(#2560,#2561,#2562,#2563));
#385=EDGE_LOOP('',(#2564,#2565,#2566,#2567));
#386=EDGE_LOOP('',(#2568,#2569,#2570,#2571));
#387=EDGE_LOOP('',(#2572,#2573,#2574,#2575));
#388=EDGE_LOOP('',(#2576,#2577,#2578,#2579));
#389=EDGE_LOOP('',(#2580,#2581,#2582,#2583));
#390=EDGE_LOOP('',(#2584,#2585,#2586,#2587));
#391=EDGE_LOOP('',(#2588,#2589,#2590,#2591));
#392=EDGE_LOOP('',(#2592,#2593,#2594,#2595));
#393=EDGE_LOOP('',(#2596,#2597,#2598,#2599));
#394=EDGE_LOOP('',(#2600,#2601,#2602,#2603,#2604,#2605,#2606,#2607,#2608,
#2609,#2610,#2611));
#395=EDGE_LOOP('',(#2612,#2613,#2614,#2615,#2616,#2617,#2618));
#396=EDGE_LOOP('',(#2619,#2620,#2621,#2622,#2623,#2624,#2625,#2626,#2627,
#2628,#2629,#2630));
#397=EDGE_LOOP('',(#2631,#2632,#2633,#2634,#2635,#2636,#2637));
#398=EDGE_LOOP('',(#2638,#2639,#2640,#2641));
#399=EDGE_LOOP('',(#2642,#2643,#2644,#2645));
#400=EDGE_LOOP('',(#2646,#2647,#2648,#2649));
#401=EDGE_LOOP('',(#2650,#2651,#2652,#2653));
#402=EDGE_LOOP('',(#2654,#2655,#2656,#2657));
#403=EDGE_LOOP('',(#2658,#2659,#2660,#2661));
#404=EDGE_LOOP('',(#2662,#2663,#2664,#2665));
#405=EDGE_LOOP('',(#2666,#2667,#2668,#2669));
#406=EDGE_LOOP('',(#2670,#2671,#2672,#2673));
#407=EDGE_LOOP('',(#2674,#2675,#2676,#2677));
#408=EDGE_LOOP('',(#2678,#2679,#2680,#2681));
#409=EDGE_LOOP('',(#2682,#2683,#2684,#2685));
#410=EDGE_LOOP('',(#2686,#2687,#2688,#2689));
#411=EDGE_LOOP('',(#2690,#2691,#2692,#2693));
#412=EDGE_LOOP('',(#2694,#2695,#2696,#2697));
#413=EDGE_LOOP('',(#2698,#2699,#2700,#2701));
#414=EDGE_LOOP('',(#2702,#2703,#2704,#2705));
#415=EDGE_LOOP('',(#2706,#2707,#2708,#2709));
#416=EDGE_LOOP('',(#2710,#2711,#2712,#2713));
#417=EDGE_LOOP('',(#2714,#2715,#2716,#2717));
#418=EDGE_LOOP('',(#2718,#2719,#2720,#2721));
#419=EDGE_LOOP('',(#2722,#2723,#2724,#2725));
#420=EDGE_LOOP('',(#2726,#2727,#2728,#2729));
#421=EDGE_LOOP('',(#2730,#2731,#2732,#2733));
#422=EDGE_LOOP('',(#2734,#2735,#2736,#2737));
#423=EDGE_LOOP('',(#2738,#2739,#2740,#2741));
#424=EDGE_LOOP('',(#2742,#2743,#2744,#2745));
#425=EDGE_LOOP('',(#2746,#2747,#2748,#2749));
#426=EDGE_LOOP('',(#2750,#2751,#2752,#2753));
#427=EDGE_LOOP('',(#2754,#2755,#2756,#2757));
#428=EDGE_LOOP('',(#2758,#2759,#2760,#2761));
#429=EDGE_LOOP('',(#2762,#2763,#2764,#2765));
#430=EDGE_LOOP('',(#2766,#2767,#2768,#2769,#2770,#2771,#2772,#2773,#2774,
#2775,#2776,#2777,#2778,#2779,#2780,#2781,#2782,#2783,#2784,#2785,#2786,
#2787,#2788,#2789,#2790));
#431=EDGE_LOOP('',(#2791,#2792,#2793,#2794,#2795,#2796,#2797));
#432=EDGE_LOOP('',(#2798,#2799,#2800,#2801,#2802,#2803,#2804,#2805,#2806,
#2807,#2808,#2809,#2810,#2811,#2812,#2813,#2814,#2815,#2816,#2817,#2818,
#2819,#2820,#2821,#2822));
#433=EDGE_LOOP('',(#2823,#2824,#2825,#2826,#2827,#2828,#2829));
#434=EDGE_LOOP('',(#2830,#2831,#2832,#2833));
#435=EDGE_LOOP('',(#2834,#2835,#2836,#2837));
#436=EDGE_LOOP('',(#2838,#2839,#2840,#2841));
#437=EDGE_LOOP('',(#2842,#2843,#2844,#2845));
#438=EDGE_LOOP('',(#2846,#2847,#2848,#2849));
#439=EDGE_LOOP('',(#2850,#2851,#2852,#2853));
#440=EDGE_LOOP('',(#2854,#2855,#2856,#2857));
#441=EDGE_LOOP('',(#2858,#2859,#2860,#2861));
#442=EDGE_LOOP('',(#2862,#2863,#2864,#2865));
#443=EDGE_LOOP('',(#2866,#2867,#2868,#2869));
#444=EDGE_LOOP('',(#2870,#2871,#2872,#2873));
#445=EDGE_LOOP('',(#2874,#2875,#2876,#2877));
#446=EDGE_LOOP('',(#2878,#2879,#2880,#2881));
#447=EDGE_LOOP('',(#2882,#2883,#2884,#2885));
#448=EDGE_LOOP('',(#2886,#2887,#2888,#2889));
#449=EDGE_LOOP('',(#2890,#2891,#2892,#2893));
#450=EDGE_LOOP('',(#2894,#2895,#2896,#2897));
#451=EDGE_LOOP('',(#2898,#2899,#2900,#2901));
#452=EDGE_LOOP('',(#2902,#2903,#2904,#2905));
#453=EDGE_LOOP('',(#2906,#2907,#2908,#2909));
#454=EDGE_LOOP('',(#2910,#2911,#2912,#2913));
#455=EDGE_LOOP('',(#2914,#2915,#2916,#2917));
#456=EDGE_LOOP('',(#2918,#2919,#2920,#2921));
#457=EDGE_LOOP('',(#2922,#2923,#2924,#2925));
#458=EDGE_LOOP('',(#2926,#2927,#2928,#2929));
#459=EDGE_LOOP('',(#2930,#2931,#2932,#2933));
#460=EDGE_LOOP('',(#2934,#2935,#2936,#2937));
#461=EDGE_LOOP('',(#2938,#2939,#2940,#2941,#2942,#2943,#2944,#2945,#2946,
#2947,#2948,#2949,#2950,#2951,#2952,#2953,#2954));
#462=EDGE_LOOP('',(#2955,#2956,#2957,#2958,#2959,#2960,#2961,#2962,#2963,
#2964));
#463=EDGE_LOOP('',(#2965,#2966,#2967,#2968,#2969,#2970,#2971,#2972,#2973,
#2974,#2975,#2976,#2977,#2978,#2979,#2980,#2981));
#464=EDGE_LOOP('',(#2982,#2983,#2984,#2985,#2986,#2987,#2988,#2989,#2990,
#2991));
#465=EDGE_LOOP('',(#2992,#2993,#2994,#2995));
#466=EDGE_LOOP('',(#2996,#2997,#2998,#2999));
#467=EDGE_LOOP('',(#3000,#3001,#3002,#3003));
#468=EDGE_LOOP('',(#3004,#3005,#3006,#3007));
#469=EDGE_LOOP('',(#3008,#3009,#3010,#3011));
#470=EDGE_LOOP('',(#3012,#3013,#3014,#3015));
#471=EDGE_LOOP('',(#3016,#3017,#3018,#3019));
#472=EDGE_LOOP('',(#3020,#3021,#3022,#3023));
#473=EDGE_LOOP('',(#3024,#3025,#3026,#3027));
#474=EDGE_LOOP('',(#3028,#3029,#3030,#3031));
#475=EDGE_LOOP('',(#3032,#3033,#3034,#3035));
#476=EDGE_LOOP('',(#3036,#3037,#3038,#3039));
#477=EDGE_LOOP('',(#3040,#3041,#3042,#3043));
#478=EDGE_LOOP('',(#3044,#3045,#3046,#3047));
#479=EDGE_LOOP('',(#3048,#3049,#3050,#3051));
#480=EDGE_LOOP('',(#3052,#3053,#3054,#3055));
#481=EDGE_LOOP('',(#3056,#3057,#3058,#3059));
#482=EDGE_LOOP('',(#3060,#3061,#3062,#3063));
#483=EDGE_LOOP('',(#3064,#3065,#3066,#3067));
#484=EDGE_LOOP('',(#3068,#3069,#3070,#3071));
#485=EDGE_LOOP('',(#3072,#3073,#3074,#3075));
#486=EDGE_LOOP('',(#3076,#3077,#3078,#3079));
#487=EDGE_LOOP('',(#3080,#3081,#3082,#3083));
#488=EDGE_LOOP('',(#3084,#3085,#3086,#3087));
#489=EDGE_LOOP('',(#3088,#3089,#3090,#3091));
#490=EDGE_LOOP('',(#3092,#3093,#3094,#3095));
#491=EDGE_LOOP('',(#3096,#3097,#3098,#3099));
#492=EDGE_LOOP('',(#3100,#3101,#3102,#3103));
#493=EDGE_LOOP('',(#3104,#3105,#3106,#3107));
#494=EDGE_LOOP('',(#3108,#3109,#3110,#3111));
#495=EDGE_LOOP('',(#3112,#3113,#3114,#3115));
#496=EDGE_LOOP('',(#3116,#3117,#3118,#3119));
#497=EDGE_LOOP('',(#3120,#3121,#3122,#3123));
#498=EDGE_LOOP('',(#3124,#3125,#3126,#3127,#3128,#3129,#3130,#3131,#3132,
#3133,#3134,#3135,#3136,#3137));
#499=EDGE_LOOP('',(#3138,#3139,#3140,#3141,#3142,#3143,#3144));
#500=EDGE_LOOP('',(#3145,#3146,#3147,#3148,#3149,#3150));
#501=EDGE_LOOP('',(#3151,#3152,#3153,#3154,#3155,#3156,#3157,#3158,#3159,
#3160,#3161,#3162,#3163,#3164));
#502=EDGE_LOOP('',(#3165,#3166,#3167,#3168,#3169,#3170,#3171));
#503=EDGE_LOOP('',(#3172,#3173,#3174,#3175,#3176,#3177));
#504=EDGE_LOOP('',(#3178,#3179,#3180,#3181));
#505=EDGE_LOOP('',(#3182,#3183,#3184,#3185));
#506=EDGE_LOOP('',(#3186,#3187,#3188,#3189));
#507=EDGE_LOOP('',(#3190,#3191,#3192,#3193));
#508=EDGE_LOOP('',(#3194,#3195,#3196,#3197));
#509=EDGE_LOOP('',(#3198,#3199,#3200,#3201));
#510=EDGE_LOOP('',(#3202,#3203,#3204,#3205));
#511=EDGE_LOOP('',(#3206,#3207,#3208,#3209));
#512=EDGE_LOOP('',(#3210,#3211,#3212,#3213));
#513=EDGE_LOOP('',(#3214,#3215,#3216,#3217));
#514=EDGE_LOOP('',(#3218,#3219,#3220,#3221));
#515=EDGE_LOOP('',(#3222,#3223,#3224,#3225));
#516=EDGE_LOOP('',(#3226,#3227,#3228,#3229));
#517=EDGE_LOOP('',(#3230,#3231,#3232,#3233));
#518=EDGE_LOOP('',(#3234,#3235,#3236,#3237));
#519=EDGE_LOOP('',(#3238,#3239,#3240,#3241));
#520=EDGE_LOOP('',(#3242,#3243,#3244,#3245));
#521=EDGE_LOOP('',(#3246,#3247,#3248,#3249));
#522=EDGE_LOOP('',(#3250,#3251,#3252,#3253,#3254,#3255,#3256,#3257,#3258,
#3259,#3260,#3261,#3262,#3263,#3264,#3265,#3266,#3267));
#523=EDGE_LOOP('',(#3268,#3269,#3270,#3271,#3272,#3273,#3274,#3275,#3276,
#3277,#3278,#3279,#3280,#3281,#3282,#3283,#3284,#3285));
#524=EDGE_LOOP('',(#3286,#3287,#3288,#3289));
#525=EDGE_LOOP('',(#3290,#3291,#3292,#3293));
#526=EDGE_LOOP('',(#3294,#3295,#3296,#3297));
#527=EDGE_LOOP('',(#3298,#3299,#3300,#3301));
#528=EDGE_LOOP('',(#3302,#3303,#3304,#3305));
#529=EDGE_LOOP('',(#3306,#3307,#3308,#3309));
#530=EDGE_LOOP('',(#3310,#3311,#3312,#3313));
#531=EDGE_LOOP('',(#3314,#3315,#3316,#3317));
#532=EDGE_LOOP('',(#3318,#3319,#3320,#3321));
#533=EDGE_LOOP('',(#3322,#3323,#3324,#3325));
#534=EDGE_LOOP('',(#3326,#3327,#3328,#3329,#3330,#3331,#3332,#3333,#3334,
#3335));
#535=EDGE_LOOP('',(#3336,#3337,#3338,#3339,#3340,#3341,#3342,#3343,#3344,
#3345));
#536=EDGE_LOOP('',(#3346,#3347,#3348,#3349));
#537=EDGE_LOOP('',(#3350,#3351,#3352,#3353));
#538=EDGE_LOOP('',(#3354,#3355,#3356,#3357));
#539=EDGE_LOOP('',(#3358,#3359,#3360,#3361));
#540=EDGE_LOOP('',(#3362,#3363,#3364,#3365));
#541=EDGE_LOOP('',(#3366,#3367,#3368,#3369));
#542=EDGE_LOOP('',(#3370,#3371,#3372,#3373));
#543=EDGE_LOOP('',(#3374,#3375,#3376,#3377));
#544=EDGE_LOOP('',(#3378,#3379,#3380,#3381));
#545=EDGE_LOOP('',(#3382,#3383,#3384,#3385));
#546=EDGE_LOOP('',(#3386,#3387,#3388,#3389));
#547=EDGE_LOOP('',(#3390,#3391,#3392,#3393));
#548=EDGE_LOOP('',(#3394,#3395,#3396,#3397));
#549=EDGE_LOOP('',(#3398,#3399,#3400,#3401));
#550=EDGE_LOOP('',(#3402,#3403,#3404,#3405));
#551=EDGE_LOOP('',(#3406,#3407,#3408,#3409));
#552=EDGE_LOOP('',(#3410,#3411,#3412,#3413));
#553=EDGE_LOOP('',(#3414,#3415,#3416,#3417,#3418,#3419,#3420,#3421,#3422,
#3423,#3424));
#554=EDGE_LOOP('',(#3425,#3426,#3427,#3428,#3429,#3430,#3431,#3432,#3433,
#3434,#3435));
#555=LINE('',#4387,#874);
#556=LINE('',#4393,#875);
#557=LINE('',#4396,#876);
#558=LINE('',#4398,#877);
#559=LINE('',#4399,#878);
#560=LINE('',#4402,#879);
#561=LINE('',#4404,#880);
#562=LINE('',#4405,#881);
#563=LINE('',#4424,#882);
#564=LINE('',#4443,#883);
#565=LINE('',#4462,#884);
#566=LINE('',#4481,#885);
#567=LINE('',#4484,#886);
#568=LINE('',#4486,#887);
#569=LINE('',#4487,#888);
#570=LINE('',#4506,#889);
#571=LINE('',#4525,#890);
#572=LINE('',#4544,#891);
#573=LINE('',#4563,#892);
#574=LINE('',#4566,#893);
#575=LINE('',#4568,#894);
#576=LINE('',#4569,#895);
#577=LINE('',#4572,#896);
#578=LINE('',#4574,#897);
#579=LINE('',#4575,#898);
#580=LINE('',#4594,#899);
#581=LINE('',#4613,#900);
#582=LINE('',#4632,#901);
#583=LINE('',#4651,#902);
#584=LINE('',#4670,#903);
#585=LINE('',#4689,#904);
#586=LINE('',#4708,#905);
#587=LINE('',#4711,#906);
#588=LINE('',#4713,#907);
#589=LINE('',#4714,#908);
#590=LINE('',#4733,#909);
#591=LINE('',#4752,#910);
#592=LINE('',#4771,#911);
#593=LINE('',#4790,#912);
#594=LINE('',#4812,#913);
#595=LINE('',#4814,#914);
#596=LINE('',#4816,#915);
#597=LINE('',#4817,#916);
#598=LINE('',#4820,#917);
#599=LINE('',#4822,#918);
#600=LINE('',#4823,#919);
#601=LINE('',#4826,#920);
#602=LINE('',#4828,#921);
#603=LINE('',#4829,#922);
#604=LINE('',#4831,#923);
#605=LINE('',#4832,#924);
#606=LINE('',#4838,#925);
#607=LINE('',#4840,#926);
#608=LINE('',#4842,#927);
#609=LINE('',#4843,#928);
#610=LINE('',#4862,#929);
#611=LINE('',#4881,#930);
#612=LINE('',#4884,#931);
#613=LINE('',#4886,#932);
#614=LINE('',#4887,#933);
#615=LINE('',#4906,#934);
#616=LINE('',#4925,#935);
#617=LINE('',#4945,#936);
#618=LINE('',#4947,#937);
#619=LINE('',#4949,#938);
#620=LINE('',#4950,#939);
#621=LINE('',#4953,#940);
#622=LINE('',#4955,#941);
#623=LINE('',#4956,#942);
#624=LINE('',#4975,#943);
#625=LINE('',#4994,#944);
#626=LINE('',#5013,#945);
#627=LINE('',#5032,#946);
#628=LINE('',#5035,#947);
#629=LINE('',#5037,#948);
#630=LINE('',#5038,#949);
#631=LINE('',#5057,#950);
#632=LINE('',#5076,#951);
#633=LINE('',#5095,#952);
#634=LINE('',#5114,#953);
#635=LINE('',#5116,#954);
#636=LINE('',#5117,#955);
#637=LINE('',#5135,#956);
#638=LINE('',#5141,#957);
#639=LINE('',#5160,#958);
#640=LINE('',#5179,#959);
#641=LINE('',#5198,#960);
#642=LINE('',#5217,#961);
#643=LINE('',#5236,#962);
#644=LINE('',#5238,#963);
#645=LINE('',#5239,#964);
#646=LINE('',#5243,#965);
#647=LINE('',#5245,#966);
#648=LINE('',#5247,#967);
#649=LINE('',#5248,#968);
#650=LINE('',#5251,#969);
#651=LINE('',#5253,#970);
#652=LINE('',#5254,#971);
#653=LINE('',#5257,#972);
#654=LINE('',#5259,#973);
#655=LINE('',#5260,#974);
#656=LINE('',#5279,#975);
#657=LINE('',#5298,#976);
#658=LINE('',#5317,#977);
#659=LINE('',#5336,#978);
#660=LINE('',#5355,#979);
#661=LINE('',#5374,#980);
#662=LINE('',#5377,#981);
#663=LINE('',#5379,#982);
#664=LINE('',#5380,#983);
#665=LINE('',#5383,#984);
#666=LINE('',#5385,#985);
#667=LINE('',#5386,#986);
#668=LINE('',#5389,#987);
#669=LINE('',#5391,#988);
#670=LINE('',#5392,#989);
#671=LINE('',#5411,#990);
#672=LINE('',#5430,#991);
#673=LINE('',#5449,#992);
#674=LINE('',#5468,#993);
#675=LINE('',#5471,#994);
#676=LINE('',#5473,#995);
#677=LINE('',#5474,#996);
#678=LINE('',#5493,#997);
#679=LINE('',#5512,#998);
#680=LINE('',#5531,#999);
#681=LINE('',#5550,#1000);
#682=LINE('',#5569,#1001);
#683=LINE('',#5588,#1002);
#684=LINE('',#5607,#1003);
#685=LINE('',#5641,#1004);
#686=LINE('',#5647,#1005);
#687=LINE('',#5666,#1006);
#688=LINE('',#5685,#1007);
#689=LINE('',#5704,#1008);
#690=LINE('',#5707,#1009);
#691=LINE('',#5709,#1010);
#692=LINE('',#5710,#1011);
#693=LINE('',#5729,#1012);
#694=LINE('',#5748,#1013);
#695=LINE('',#5767,#1014);
#696=LINE('',#5786,#1015);
#697=LINE('',#5788,#1016);
#698=LINE('',#5789,#1017);
#699=LINE('',#5805,#1018);
#700=LINE('',#5811,#1019);
#701=LINE('',#5814,#1020);
#702=LINE('',#5816,#1021);
#703=LINE('',#5817,#1022);
#704=LINE('',#5836,#1023);
#705=LINE('',#5855,#1024);
#706=LINE('',#5874,#1025);
#707=LINE('',#5893,#1026);
#708=LINE('',#5912,#1027);
#709=LINE('',#5931,#1028);
#710=LINE('',#5950,#1029);
#711=LINE('',#5969,#1030);
#712=LINE('',#5972,#1031);
#713=LINE('',#5974,#1032);
#714=LINE('',#5975,#1033);
#715=LINE('',#5994,#1034);
#716=LINE('',#6013,#1035);
#717=LINE('',#6032,#1036);
#718=LINE('',#6051,#1037);
#719=LINE('',#6070,#1038);
#720=LINE('',#6092,#1039);
#721=LINE('',#6094,#1040);
#722=LINE('',#6096,#1041);
#723=LINE('',#6097,#1042);
#724=LINE('',#6100,#1043);
#725=LINE('',#6102,#1044);
#726=LINE('',#6103,#1045);
#727=LINE('',#6106,#1046);
#728=LINE('',#6108,#1047);
#729=LINE('',#6109,#1048);
#730=LINE('',#6111,#1049);
#731=LINE('',#6112,#1050);
#732=LINE('',#6118,#1051);
#733=LINE('',#6120,#1052);
#734=LINE('',#6122,#1053);
#735=LINE('',#6123,#1054);
#736=LINE('',#6142,#1055);
#737=LINE('',#6161,#1056);
#738=LINE('',#6164,#1057);
#739=LINE('',#6166,#1058);
#740=LINE('',#6167,#1059);
#741=LINE('',#6186,#1060);
#742=LINE('',#6206,#1061);
#743=LINE('',#6208,#1062);
#744=LINE('',#6210,#1063);
#745=LINE('',#6211,#1064);
#746=LINE('',#6230,#1065);
#747=LINE('',#6249,#1066);
#748=LINE('',#6268,#1067);
#749=LINE('',#6287,#1068);
#750=LINE('',#6306,#1069);
#751=LINE('',#6326,#1070);
#752=LINE('',#6328,#1071);
#753=LINE('',#6330,#1072);
#754=LINE('',#6331,#1073);
#755=LINE('',#6334,#1074);
#756=LINE('',#6336,#1075);
#757=LINE('',#6337,#1076);
#758=LINE('',#6356,#1077);
#759=LINE('',#6375,#1078);
#760=LINE('',#6394,#1079);
#761=LINE('',#6413,#1080);
#762=LINE('',#6432,#1081);
#763=LINE('',#6451,#1082);
#764=LINE('',#6470,#1083);
#765=LINE('',#6473,#1084);
#766=LINE('',#6475,#1085);
#767=LINE('',#6476,#1086);
#768=LINE('',#6495,#1087);
#769=LINE('',#6514,#1088);
#770=LINE('',#6533,#1089);
#771=LINE('',#6535,#1090);
#772=LINE('',#6536,#1091);
#773=LINE('',#6542,#1092);
#774=LINE('',#6544,#1093);
#775=LINE('',#6546,#1094);
#776=LINE('',#6547,#1095);
#777=LINE('',#6550,#1096);
#778=LINE('',#6552,#1097);
#779=LINE('',#6553,#1098);
#780=LINE('',#6556,#1099);
#781=LINE('',#6558,#1100);
#782=LINE('',#6559,#1101);
#783=LINE('',#6562,#1102);
#784=LINE('',#6564,#1103);
#785=LINE('',#6565,#1104);
#786=LINE('',#6584,#1105);
#787=LINE('',#6603,#1106);
#788=LINE('',#6622,#1107);
#789=LINE('',#6641,#1108);
#790=LINE('',#6660,#1109);
#791=LINE('',#6679,#1110);
#792=LINE('',#6682,#1111);
#793=LINE('',#6684,#1112);
#794=LINE('',#6685,#1113);
#795=LINE('',#6688,#1114);
#796=LINE('',#6690,#1115);
#797=LINE('',#6691,#1116);
#798=LINE('',#6694,#1117);
#799=LINE('',#6696,#1118);
#800=LINE('',#6697,#1119);
#801=LINE('',#6716,#1120);
#802=LINE('',#6735,#1121);
#803=LINE('',#6754,#1122);
#804=LINE('',#6773,#1123);
#805=LINE('',#6775,#1124);
#806=LINE('',#6776,#1125);
#807=LINE('',#6782,#1126);
#808=LINE('',#6784,#1127);
#809=LINE('',#6786,#1128);
#810=LINE('',#6787,#1129);
#811=LINE('',#6790,#1130);
#812=LINE('',#6792,#1131);
#813=LINE('',#6793,#1132);
#814=LINE('',#6812,#1133);
#815=LINE('',#6815,#1134);
#816=LINE('',#6817,#1135);
#817=LINE('',#6818,#1136);
#818=LINE('',#6837,#1137);
#819=LINE('',#6856,#1138);
#820=LINE('',#6875,#1139);
#821=LINE('',#6878,#1140);
#822=LINE('',#6880,#1141);
#823=LINE('',#6881,#1142);
#824=LINE('',#6884,#1143);
#825=LINE('',#6886,#1144);
#826=LINE('',#6887,#1145);
#827=LINE('',#6889,#1146);
#828=LINE('',#6890,#1147);
#829=LINE('',#6896,#1148);
#830=LINE('',#6898,#1149);
#831=LINE('',#6900,#1150);
#832=LINE('',#6901,#1151);
#833=LINE('',#6904,#1152);
#834=LINE('',#6906,#1153);
#835=LINE('',#6907,#1154);
#836=LINE('',#6910,#1155);
#837=LINE('',#6912,#1156);
#838=LINE('',#6913,#1157);
#839=LINE('',#6915,#1158);
#840=LINE('',#6916,#1159);
#841=LINE('',#6922,#1160);
#842=LINE('',#6924,#1161);
#843=LINE('',#6926,#1162);
#844=LINE('',#6927,#1163);
#845=LINE('',#6930,#1164);
#846=LINE('',#6932,#1165);
#847=LINE('',#6933,#1166);
#848=LINE('',#6936,#1167);
#849=LINE('',#6938,#1168);
#850=LINE('',#6939,#1169);
#851=LINE('',#6942,#1170);
#852=LINE('',#6944,#1171);
#853=LINE('',#6945,#1172);
#854=LINE('',#6948,#1173);
#855=LINE('',#6950,#1174);
#856=LINE('',#6951,#1175);
#857=LINE('',#6954,#1176);
#858=LINE('',#6956,#1177);
#859=LINE('',#6957,#1178);
#860=LINE('',#6960,#1179);
#861=LINE('',#6962,#1180);
#862=LINE('',#6963,#1181);
#863=LINE('',#6966,#1182);
#864=LINE('',#6968,#1183);
#865=LINE('',#6969,#1184);
#866=LINE('',#6972,#1185);
#867=LINE('',#6974,#1186);
#868=LINE('',#6975,#1187);
#869=LINE('',#6978,#1188);
#870=LINE('',#6980,#1189);
#871=LINE('',#6981,#1190);
#872=LINE('',#6983,#1191);
#873=LINE('',#6984,#1192);
#874=VECTOR('',#3872,10.);
#875=VECTOR('',#3873,10.);
#876=VECTOR('',#3876,10.);
#877=VECTOR('',#3877,10.);
#878=VECTOR('',#3878,10.);
#879=VECTOR('',#3881,10.);
#880=VECTOR('',#3882,10.);
#881=VECTOR('',#3883,10.);
#882=VECTOR('',#3884,10.);
#883=VECTOR('',#3885,10.);
#884=VECTOR('',#3886,10.);
#885=VECTOR('',#3887,10.);
#886=VECTOR('',#3890,10.);
#887=VECTOR('',#3891,10.);
#888=VECTOR('',#3892,10.);
#889=VECTOR('',#3893,10.);
#890=VECTOR('',#3894,10.);
#891=VECTOR('',#3895,10.);
#892=VECTOR('',#3896,10.);
#893=VECTOR('',#3899,10.);
#894=VECTOR('',#3900,10.);
#895=VECTOR('',#3901,10.);
#896=VECTOR('',#3904,10.);
#897=VECTOR('',#3905,10.);
#898=VECTOR('',#3906,10.);
#899=VECTOR('',#3907,10.);
#900=VECTOR('',#3908,10.);
#901=VECTOR('',#3909,10.);
#902=VECTOR('',#3910,10.);
#903=VECTOR('',#3911,10.);
#904=VECTOR('',#3912,10.);
#905=VECTOR('',#3913,10.);
#906=VECTOR('',#3916,10.);
#907=VECTOR('',#3917,10.);
#908=VECTOR('',#3918,10.);
#909=VECTOR('',#3919,10.);
#910=VECTOR('',#3920,10.);
#911=VECTOR('',#3921,10.);
#912=VECTOR('',#3922,10.);
#913=VECTOR('',#3929,10.);
#914=VECTOR('',#3930,10.);
#915=VECTOR('',#3931,10.);
#916=VECTOR('',#3932,10.);
#917=VECTOR('',#3935,10.);
#918=VECTOR('',#3936,10.);
#919=VECTOR('',#3937,10.);
#920=VECTOR('',#3940,10.);
#921=VECTOR('',#3941,10.);
#922=VECTOR('',#3942,10.);
#923=VECTOR('',#3945,10.);
#924=VECTOR('',#3946,10.);
#925=VECTOR('',#3953,10.);
#926=VECTOR('',#3954,10.);
#927=VECTOR('',#3955,10.);
#928=VECTOR('',#3956,10.);
#929=VECTOR('',#3957,10.);
#930=VECTOR('',#3958,10.);
#931=VECTOR('',#3961,10.);
#932=VECTOR('',#3962,10.);
#933=VECTOR('',#3963,10.);
#934=VECTOR('',#3964,10.);
#935=VECTOR('',#3965,10.);
#936=VECTOR('',#3968,10.);
#937=VECTOR('',#3969,10.);
#938=VECTOR('',#3970,10.);
#939=VECTOR('',#3971,10.);
#940=VECTOR('',#3974,10.);
#941=VECTOR('',#3975,10.);
#942=VECTOR('',#3976,10.);
#943=VECTOR('',#3977,10.);
#944=VECTOR('',#3978,10.);
#945=VECTOR('',#3979,10.);
#946=VECTOR('',#3980,10.);
#947=VECTOR('',#3983,10.);
#948=VECTOR('',#3984,10.);
#949=VECTOR('',#3985,10.);
#950=VECTOR('',#3986,10.);
#951=VECTOR('',#3987,10.);
#952=VECTOR('',#3988,10.);
#953=VECTOR('',#3989,10.);
#954=VECTOR('',#3992,10.);
#955=VECTOR('',#3993,10.);
#956=VECTOR('',#3998,10.);
#957=VECTOR('',#3999,10.);
#958=VECTOR('',#4000,10.);
#959=VECTOR('',#4001,10.);
#960=VECTOR('',#4002,10.);
#961=VECTOR('',#4003,10.);
#962=VECTOR('',#4004,10.);
#963=VECTOR('',#4007,10.);
#964=VECTOR('',#4008,10.);
#965=VECTOR('',#4011,10.);
#966=VECTOR('',#4012,10.);
#967=VECTOR('',#4013,10.);
#968=VECTOR('',#4014,10.);
#969=VECTOR('',#4017,10.);
#970=VECTOR('',#4018,10.);
#971=VECTOR('',#4019,10.);
#972=VECTOR('',#4022,10.);
#973=VECTOR('',#4023,10.);
#974=VECTOR('',#4024,10.);
#975=VECTOR('',#4025,10.);
#976=VECTOR('',#4026,10.);
#977=VECTOR('',#4027,10.);
#978=VECTOR('',#4028,10.);
#979=VECTOR('',#4029,10.);
#980=VECTOR('',#4030,10.);
#981=VECTOR('',#4033,10.);
#982=VECTOR('',#4034,10.);
#983=VECTOR('',#4035,10.);
#984=VECTOR('',#4038,10.);
#985=VECTOR('',#4039,10.);
#986=VECTOR('',#4040,10.);
#987=VECTOR('',#4043,10.);
#988=VECTOR('',#4044,10.);
#989=VECTOR('',#4045,10.);
#990=VECTOR('',#4046,10.);
#991=VECTOR('',#4047,10.);
#992=VECTOR('',#4048,10.);
#993=VECTOR('',#4049,10.);
#994=VECTOR('',#4052,10.);
#995=VECTOR('',#4053,10.);
#996=VECTOR('',#4054,10.);
#997=VECTOR('',#4055,10.);
#998=VECTOR('',#4056,10.);
#999=VECTOR('',#4057,10.);
#1000=VECTOR('',#4058,10.);
#1001=VECTOR('',#4059,10.);
#1002=VECTOR('',#4060,10.);
#1003=VECTOR('',#4061,10.);
#1004=VECTOR('',#4066,10.);
#1005=VECTOR('',#4067,10.);
#1006=VECTOR('',#4068,10.);
#1007=VECTOR('',#4069,10.);
#1008=VECTOR('',#4070,10.);
#1009=VECTOR('',#4073,10.);
#1010=VECTOR('',#4074,10.);
#1011=VECTOR('',#4075,10.);
#1012=VECTOR('',#4076,10.);
#1013=VECTOR('',#4077,10.);
#1014=VECTOR('',#4078,10.);
#1015=VECTOR('',#4079,10.);
#1016=VECTOR('',#4082,10.);
#1017=VECTOR('',#4083,10.);
#1018=VECTOR('',#4084,10.);
#1019=VECTOR('',#4085,10.);
#1020=VECTOR('',#4088,10.);
#1021=VECTOR('',#4089,10.);
#1022=VECTOR('',#4090,10.);
#1023=VECTOR('',#4091,10.);
#1024=VECTOR('',#4092,10.);
#1025=VECTOR('',#4093,10.);
#1026=VECTOR('',#4094,10.);
#1027=VECTOR('',#4095,10.);
#1028=VECTOR('',#4096,10.);
#1029=VECTOR('',#4097,10.);
#1030=VECTOR('',#4098,10.);
#1031=VECTOR('',#4101,10.);
#1032=VECTOR('',#4102,10.);
#1033=VECTOR('',#4103,10.);
#1034=VECTOR('',#4104,10.);
#1035=VECTOR('',#4105,10.);
#1036=VECTOR('',#4106,10.);
#1037=VECTOR('',#4107,10.);
#1038=VECTOR('',#4108,10.);
#1039=VECTOR('',#4115,10.);
#1040=VECTOR('',#4116,10.);
#1041=VECTOR('',#4117,10.);
#1042=VECTOR('',#4118,10.);
#1043=VECTOR('',#4121,10.);
#1044=VECTOR('',#4122,10.);
#1045=VECTOR('',#4123,10.);
#1046=VECTOR('',#4126,10.);
#1047=VECTOR('',#4127,10.);
#1048=VECTOR('',#4128,10.);
#1049=VECTOR('',#4131,10.);
#1050=VECTOR('',#4132,10.);
#1051=VECTOR('',#4139,10.);
#1052=VECTOR('',#4140,10.);
#1053=VECTOR('',#4141,10.);
#1054=VECTOR('',#4142,10.);
#1055=VECTOR('',#4143,10.);
#1056=VECTOR('',#4144,10.);
#1057=VECTOR('',#4147,10.);
#1058=VECTOR('',#4148,10.);
#1059=VECTOR('',#4149,10.);
#1060=VECTOR('',#4150,10.);
#1061=VECTOR('',#4153,10.);
#1062=VECTOR('',#4154,10.);
#1063=VECTOR('',#4155,10.);
#1064=VECTOR('',#4156,10.);
#1065=VECTOR('',#4157,10.);
#1066=VECTOR('',#4158,10.);
#1067=VECTOR('',#4159,10.);
#1068=VECTOR('',#4160,10.);
#1069=VECTOR('',#4161,10.);
#1070=VECTOR('',#4164,10.);
#1071=VECTOR('',#4165,10.);
#1072=VECTOR('',#4166,10.);
#1073=VECTOR('',#4167,10.);
#1074=VECTOR('',#4170,10.);
#1075=VECTOR('',#4171,10.);
#1076=VECTOR('',#4172,10.);
#1077=VECTOR('',#4173,10.);
#1078=VECTOR('',#4174,10.);
#1079=VECTOR('',#4175,10.);
#1080=VECTOR('',#4176,10.);
#1081=VECTOR('',#4177,10.);
#1082=VECTOR('',#4178,10.);
#1083=VECTOR('',#4179,10.);
#1084=VECTOR('',#4182,10.);
#1085=VECTOR('',#4183,10.);
#1086=VECTOR('',#4184,10.);
#1087=VECTOR('',#4185,10.);
#1088=VECTOR('',#4186,10.);
#1089=VECTOR('',#4187,10.);
#1090=VECTOR('',#4190,10.);
#1091=VECTOR('',#4191,10.);
#1092=VECTOR('',#4198,10.);
#1093=VECTOR('',#4199,10.);
#1094=VECTOR('',#4200,10.);
#1095=VECTOR('',#4201,10.);
#1096=VECTOR('',#4204,10.);
#1097=VECTOR('',#4205,10.);
#1098=VECTOR('',#4206,10.);
#1099=VECTOR('',#4209,10.);
#1100=VECTOR('',#4210,10.);
#1101=VECTOR('',#4211,10.);
#1102=VECTOR('',#4214,10.);
#1103=VECTOR('',#4215,10.);
#1104=VECTOR('',#4216,10.);
#1105=VECTOR('',#4217,10.);
#1106=VECTOR('',#4218,10.);
#1107=VECTOR('',#4219,10.);
#1108=VECTOR('',#4220,10.);
#1109=VECTOR('',#4221,10.);
#1110=VECTOR('',#4222,10.);
#1111=VECTOR('',#4225,10.);
#1112=VECTOR('',#4226,10.);
#1113=VECTOR('',#4227,10.);
#1114=VECTOR('',#4230,10.);
#1115=VECTOR('',#4231,10.);
#1116=VECTOR('',#4232,10.);
#1117=VECTOR('',#4235,10.);
#1118=VECTOR('',#4236,10.);
#1119=VECTOR('',#4237,10.);
#1120=VECTOR('',#4238,10.);
#1121=VECTOR('',#4239,10.);
#1122=VECTOR('',#4240,10.);
#1123=VECTOR('',#4241,10.);
#1124=VECTOR('',#4244,10.);
#1125=VECTOR('',#4245,10.);
#1126=VECTOR('',#4252,10.);
#1127=VECTOR('',#4253,10.);
#1128=VECTOR('',#4254,10.);
#1129=VECTOR('',#4255,10.);
#1130=VECTOR('',#4258,10.);
#1131=VECTOR('',#4259,10.);
#1132=VECTOR('',#4260,10.);
#1133=VECTOR('',#4261,10.);
#1134=VECTOR('',#4264,10.);
#1135=VECTOR('',#4265,10.);
#1136=VECTOR('',#4266,10.);
#1137=VECTOR('',#4267,10.);
#1138=VECTOR('',#4268,10.);
#1139=VECTOR('',#4269,10.);
#1140=VECTOR('',#4272,10.);
#1141=VECTOR('',#4273,10.);
#1142=VECTOR('',#4274,10.);
#1143=VECTOR('',#4277,10.);
#1144=VECTOR('',#4278,10.);
#1145=VECTOR('',#4279,10.);
#1146=VECTOR('',#4282,10.);
#1147=VECTOR('',#4283,10.);
#1148=VECTOR('',#4290,10.);
#1149=VECTOR('',#4291,10.);
#1150=VECTOR('',#4292,10.);
#1151=VECTOR('',#4293,10.);
#1152=VECTOR('',#4296,10.);
#1153=VECTOR('',#4297,10.);
#1154=VECTOR('',#4298,10.);
#1155=VECTOR('',#4301,10.);
#1156=VECTOR('',#4302,10.);
#1157=VECTOR('',#4303,10.);
#1158=VECTOR('',#4306,10.);
#1159=VECTOR('',#4307,10.);
#1160=VECTOR('',#4314,10.);
#1161=VECTOR('',#4315,10.);
#1162=VECTOR('',#4316,10.);
#1163=VECTOR('',#4317,10.);
#1164=VECTOR('',#4320,10.);
#1165=VECTOR('',#4321,10.);
#1166=VECTOR('',#4322,10.);
#1167=VECTOR('',#4325,10.);
#1168=VECTOR('',#4326,10.);
#1169=VECTOR('',#4327,10.);
#1170=VECTOR('',#4330,10.);
#1171=VECTOR('',#4331,10.);
#1172=VECTOR('',#4332,10.);
#1173=VECTOR('',#4335,10.);
#1174=VECTOR('',#4336,10.);
#1175=VECTOR('',#4337,10.);
#1176=VECTOR('',#4340,10.);
#1177=VECTOR('',#4341,10.);
#1178=VECTOR('',#4342,10.);
#1179=VECTOR('',#4345,10.);
#1180=VECTOR('',#4346,10.);
#1181=VECTOR('',#4347,10.);
#1182=VECTOR('',#4350,10.);
#1183=VECTOR('',#4351,10.);
#1184=VECTOR('',#4352,10.);
#1185=VECTOR('',#4355,10.);
#1186=VECTOR('',#4356,10.);
#1187=VECTOR('',#4357,10.);
#1188=VECTOR('',#4360,10.);
#1189=VECTOR('',#4361,10.);
#1190=VECTOR('',#4362,10.);
#1191=VECTOR('',#4365,10.);
#1192=VECTOR('',#4366,10.);
#1193=(
BOUNDED_CURVE()
B_SPLINE_CURVE(3,(#4382,#4383,#4384,#4385),.UNSPECIFIED.,.F.,.F.)
B_SPLINE_CURVE_WITH_KNOTS((4,4),(0.,1.),.UNSPECIFIED.)
CURVE()
GEOMETRIC_REPRESENTATION_ITEM()
RATIONAL_B_SPLINE_CURVE((1.,1.,1.,1.))
REPRESENTATION_ITEM('')
);
#1194=(
BOUNDED_CURVE()
B_SPLINE_CURVE(3,(#4389,#4390,#4391,#4392),.UNSPECIFIED.,.F.,.F.)
B_SPLINE_CURVE_WITH_KNOTS((4,4),(-1.,0.),.UNSPECIFIED.)
CURVE()
GEOMETRIC_REPRESENTATION_ITEM()
RATIONAL_B_SPLINE_CURVE((1.,1.,1.,1.))
REPRESENTATION_ITEM('')
);
#1195=(
BOUNDED_CURVE()
B_SPLINE_CURVE(3,(#4415,#4416,#4417,#4418),.UNSPECIFIED.,.F.,.F.)
B_SPLINE_CURVE_WITH_KNOTS((4,4),(0.,1.),.UNSPECIFIED.)
CURVE()
GEOMETRIC_REPRESENTATION_ITEM()
RATIONAL_B_SPLINE_CURVE((1.,1.,1.,1.))
REPRESENTATION_ITEM('')
);
#1196=(
BOUNDED_CURVE()
B_SPLINE_CURVE(3,(#4420,#4421,#4422,#4423),.UNSPECIFIED.,.F.,.F.)
B_SPLINE_CURVE_WITH_KNOTS((4,4),(-1.,0.),.UNSPECIFIED.)
CURVE()
GEOMETRIC_REPRESENTATION_ITEM()
RATIONAL_B_SPLINE_CURVE((1.,1.,1.,1.))
REPRESENTATION_ITEM('')
);
#1197=(
BOUNDED_CURVE()
B_SPLINE_CURVE(3,(#4434,#4435,#4436,#4437),.UNSPECIFIED.,.F.,.F.)
B_SPLINE_CURVE_WITH_KNOTS((4,4),(0.,1.),.UNSPECIFIED.)
CURVE()
GEOMETRIC_REPRESENTATION_ITEM()
RATIONAL_B_SPLINE_CURVE((1.,1.,1.,1.))
REPRESENTATION_ITEM('')
);
#1198=(
BOUNDED_CURVE()
B_SPLINE_CURVE(3,(#4439,#4440,#4441,#4442),.UNSPECIFIED.,.F.,.F.)
B_SPLINE_CURVE_WITH_KNOTS((4,4),(-1.,0.),.UNSPECIFIED.)
CURVE()
GEOMETRIC_REPRESENTATION_ITEM()
RATIONAL_B_SPLINE_CURVE((1.,1.,1.,1.))
REPRESENTATION_ITEM('')
);
#1199=(
BOUNDED_CURVE()
B_SPLINE_CURVE(3,(#4453,#4454,#4455,#4456),.UNSPECIFIED.,.F.,.F.)
B_SPLINE_CURVE_WITH_KNOTS((4,4),(0.,1.),.UNSPECIFIED.)
CURVE()
GEOMETRIC_REPRESENTATION_ITEM()
RATIONAL_B_SPLINE_CURVE((1.,1.,1.,1.))
REPRESENTATION_ITEM('')
);
#1200=(
BOUNDED_CURVE()
B_SPLINE_CURVE(3,(#4458,#4459,#4460,#4461),.UNSPECIFIED.,.F.,.F.)
B_SPLINE_CURVE_WITH_KNOTS((4,4),(-1.,0.),.UNSPECIFIED.)
CURVE()
GEOMETRIC_REPRESENTATION_ITEM()
RATIONAL_B_SPLINE_CURVE((1.,1.,1.,1.))
REPRESENTATION_ITEM('')
);
#1201=(
BOUNDED_CURVE()
B_SPLINE_CURVE(3,(#4472,#4473,#4474,#4475),.UNSPECIFIED.,.F.,.F.)
B_SPLINE_CURVE_WITH_KNOTS((4,4),(0.,1.),.UNSPECIFIED.)
CURVE()
GEOMETRIC_REPRESENTATION_ITEM()
RATIONAL_B_SPLINE_CURVE((1.,1.,1.,1.))
REPRESENTATION_ITEM('')
);
#1202=(
BOUNDED_CURVE()
B_SPLINE_CURVE(3,(#4477,#4478,#4479,#4480),.UNSPECIFIED.,.F.,.F.)
B_SPLINE_CURVE_WITH_KNOTS((4,4),(-1.,0.),.UNSPECIFIED.)
CURVE()
GEOMETRIC_REPRESENTATION_ITEM()
RATIONAL_B_SPLINE_CURVE((1.,1.,1.,1.))
REPRESENTATION_ITEM('')
);
#1203=(
BOUNDED_CURVE()
B_SPLINE_CURVE(3,(#4497,#4498,#4499,#4500),.UNSPECIFIED.,.F.,.F.)
B_SPLINE_CURVE_WITH_KNOTS((4,4),(0.,1.),.UNSPECIFIED.)
CURVE()
GEOMETRIC_REPRESENTATION_ITEM()
RATIONAL_B_SPLINE_CURVE((1.,1.,1.,1.))
REPRESENTATION_ITEM('')
);
#1204=(
BOUNDED_CURVE()
B_SPLINE_CURVE(3,(#4502,#4503,#4504,#4505),.UNSPECIFIED.,.F.,.F.)
B_SPLINE_CURVE_WITH_KNOTS((4,4),(-1.,0.),.UNSPECIFIED.)
CURVE()
GEOMETRIC_REPRESENTATION_ITEM()
RATIONAL_B_SPLINE_CURVE((1.,1.,1.,1.))
REPRESENTATION_ITEM('')
);
#1205=(
BOUNDED_CURVE()
B_SPLINE_CURVE(3,(#4516,#4517,#4518,#4519),.UNSPECIFIED.,.F.,.F.)
B_SPLINE_CURVE_WITH_KNOTS((4,4),(0.,1.),.UNSPECIFIED.)
CURVE()
GEOMETRIC_REPRESENTATION_ITEM()
RATIONAL_B_SPLINE_CURVE((1.,1.,1.,1.))
REPRESENTATION_ITEM('')
);
#1206=(
BOUNDED_CURVE()
B_SPLINE_CURVE(3,(#4521,#4522,#4523,#4524),.UNSPECIFIED.,.F.,.F.)
B_SPLINE_CURVE_WITH_KNOTS((4,4),(-1.,0.),.UNSPECIFIED.)
CURVE()
GEOMETRIC_REPRESENTATION_ITEM()
RATIONAL_B_SPLINE_CURVE((1.,1.,1.,1.))
REPRESENTATION_ITEM('')
);
#1207=(
BOUNDED_CURVE()
B_SPLINE_CURVE(3,(#4535,#4536,#4537,#4538),.UNSPECIFIED.,.F.,.F.)
B_SPLINE_CURVE_WITH_KNOTS((4,4),(0.,1.),.UNSPECIFIED.)
CURVE()
GEOMETRIC_REPRESENTATION_ITEM()
RATIONAL_B_SPLINE_CURVE((1.,1.,1.,1.))
REPRESENTATION_ITEM('')
);
#1208=(
BOUNDED_CURVE()
B_SPLINE_CURVE(3,(#4540,#4541,#4542,#4543),.UNSPECIFIED.,.F.,.F.)
B_SPLINE_CURVE_WITH_KNOTS((4,4),(-1.,0.),.UNSPECIFIED.)
CURVE()
GEOMETRIC_REPRESENTATION_ITEM()
RATIONAL_B_SPLINE_CURVE((1.,1.,1.,1.))
REPRESENTATION_ITEM('')
);
#1209=(
BOUNDED_CURVE()
B_SPLINE_CURVE(3,(#4554,#4555,#4556,#4557),.UNSPECIFIED.,.F.,.F.)
B_SPLINE_CURVE_WITH_KNOTS((4,4),(0.,1.),.UNSPECIFIED.)
CURVE()
GEOMETRIC_REPRESENTATION_ITEM()
RATIONAL_B_SPLINE_CURVE((1.,1.,1.,1.))
REPRESENTATION_ITEM('')
);
#1210=(
BOUNDED_CURVE()
B_SPLINE_CURVE(3,(#4559,#4560,#4561,#4562),.UNSPECIFIED.,.F.,.F.)
B_SPLINE_CURVE_WITH_KNOTS((4,4),(-1.,0.),.UNSPECIFIED.)
CURVE()
GEOMETRIC_REPRESENTATION_ITEM()
RATIONAL_B_SPLINE_CURVE((1.,1.,1.,1.))
REPRESENTATION_ITEM('')
);
#1211=(
BOUNDED_CURVE()
B_SPLINE_CURVE(3,(#4585,#4586,#4587,#4588),.UNSPECIFIED.,.F.,.F.)
B_SPLINE_CURVE_WITH_KNOTS((4,4),(0.,1.),.UNSPECIFIED.)
CURVE()
GEOMETRIC_REPRESENTATION_ITEM()
RATIONAL_B_SPLINE_CURVE((1.,1.,1.,1.))
REPRESENTATION_ITEM('')
);
#1212=(
BOUNDED_CURVE()
B_SPLINE_CURVE(3,(#4590,#4591,#4592,#4593),.UNSPECIFIED.,.F.,.F.)
B_SPLINE_CURVE_WITH_KNOTS((4,4),(-1.,0.),.UNSPECIFIED.)
CURVE()
GEOMETRIC_REPRESENTATION_ITEM()
RATIONAL_B_SPLINE_CURVE((1.,1.,1.,1.))
REPRESENTATION_ITEM('')
);
#1213=(
BOUNDED_CURVE()
B_SPLINE_CURVE(3,(#4604,#4605,#4606,#4607),.UNSPECIFIED.,.F.,.F.)
B_SPLINE_CURVE_WITH_KNOTS((4,4),(0.,1.),.UNSPECIFIED.)
CURVE()
GEOMETRIC_REPRESENTATION_ITEM()
RATIONAL_B_SPLINE_CURVE((1.,1.,1.,1.))
REPRESENTATION_ITEM('')
);
#1214=(
BOUNDED_CURVE()
B_SPLINE_CURVE(3,(#4609,#4610,#4611,#4612),.UNSPECIFIED.,.F.,.F.)
B_SPLINE_CURVE_WITH_KNOTS((4,4),(-1.,0.),.UNSPECIFIED.)
CURVE()
GEOMETRIC_REPRESENTATION_ITEM()
RATIONAL_B_SPLINE_CURVE((1.,1.,1.,1.))
REPRESENTATION_ITEM('')
);
#1215=(
BOUNDED_CURVE()
B_SPLINE_CURVE(3,(#4623,#4624,#4625,#4626),.UNSPECIFIED.,.F.,.F.)
B_SPLINE_CURVE_WITH_KNOTS((4,4),(0.,1.),.UNSPECIFIED.)
CURVE()
GEOMETRIC_REPRESENTATION_ITEM()
RATIONAL_B_SPLINE_CURVE((1.,1.,1.,1.))
REPRESENTATION_ITEM('')
);
#1216=(
BOUNDED_CURVE()
B_SPLINE_CURVE(3,(#4628,#4629,#4630,#4631),.UNSPECIFIED.,.F.,.F.)
B_SPLINE_CURVE_WITH_KNOTS((4,4),(-1.,0.),.UNSPECIFIED.)
CURVE()
GEOMETRIC_REPRESENTATION_ITEM()
RATIONAL_B_SPLINE_CURVE((1.,1.,1.,1.))
REPRESENTATION_ITEM('')
);
#1217=(
BOUNDED_CURVE()
B_SPLINE_CURVE(3,(#4642,#4643,#4644,#4645),.UNSPECIFIED.,.F.,.F.)
B_SPLINE_CURVE_WITH_KNOTS((4,4),(0.,1.),.UNSPECIFIED.)
CURVE()
GEOMETRIC_REPRESENTATION_ITEM()
RATIONAL_B_SPLINE_CURVE((1.,1.,1.,1.))
REPRESENTATION_ITEM('')
);
#1218=(
BOUNDED_CURVE()
B_SPLINE_CURVE(3,(#4647,#4648,#4649,#4650),.UNSPECIFIED.,.F.,.F.)
B_SPLINE_CURVE_WITH_KNOTS((4,4),(-1.,0.),.UNSPECIFIED.)
CURVE()
GEOMETRIC_REPRESENTATION_ITEM()
RATIONAL_B_SPLINE_CURVE((1.,1.,1.,1.))
REPRESENTATION_ITEM('')
);
#1219=(
BOUNDED_CURVE()
B_SPLINE_CURVE(3,(#4661,#4662,#4663,#4664),.UNSPECIFIED.,.F.,.F.)
B_SPLINE_CURVE_WITH_KNOTS((4,4),(0.,1.),.UNSPECIFIED.)
CURVE()
GEOMETRIC_REPRESENTATION_ITEM()
RATIONAL_B_SPLINE_CURVE((1.,1.,1.,1.))
REPRESENTATION_ITEM('')
);
#1220=(
BOUNDED_CURVE()
B_SPLINE_CURVE(3,(#4666,#4667,#4668,#4669),.UNSPECIFIED.,.F.,.F.)
B_SPLINE_CURVE_WITH_KNOTS((4,4),(-1.,0.),.UNSPECIFIED.)
CURVE()
GEOMETRIC_REPRESENTATION_ITEM()
RATIONAL_B_SPLINE_CURVE((1.,1.,1.,1.))
REPRESENTATION_ITEM('')
);
#1221=(
BOUNDED_CURVE()
B_SPLINE_CURVE(3,(#4680,#4681,#4682,#4683),.UNSPECIFIED.,.F.,.F.)
B_SPLINE_CURVE_WITH_KNOTS((4,4),(0.,1.),.UNSPECIFIED.)
CURVE()
GEOMETRIC_REPRESENTATION_ITEM()
RATIONAL_B_SPLINE_CURVE((1.,1.,1.,1.))
REPRESENTATION_ITEM('')
);
#1222=(
BOUNDED_CURVE()
B_SPLINE_CURVE(3,(#4685,#4686,#4687,#4688),.UNSPECIFIED.,.F.,.F.)
B_SPLINE_CURVE_WITH_KNOTS((4,4),(-1.,0.),.UNSPECIFIED.)
CURVE()
GEOMETRIC_REPRESENTATION_ITEM()
RATIONAL_B_SPLINE_CURVE((1.,1.,1.,1.))
REPRESENTATION_ITEM('')
);
#1223=(
BOUNDED_CURVE()
B_SPLINE_CURVE(3,(#4699,#4700,#4701,#4702),.UNSPECIFIED.,.F.,.F.)
B_SPLINE_CURVE_WITH_KNOTS((4,4),(0.,1.),.UNSPECIFIED.)
CURVE()
GEOMETRIC_REPRESENTATION_ITEM()
RATIONAL_B_SPLINE_CURVE((1.,1.,1.,1.))
REPRESENTATION_ITEM('')
);
#1224=(
BOUNDED_CURVE()
B_SPLINE_CURVE(3,(#4704,#4705,#4706,#4707),.UNSPECIFIED.,.F.,.F.)
B_SPLINE_CURVE_WITH_KNOTS((4,4),(-1.,0.),.UNSPECIFIED.)
CURVE()
GEOMETRIC_REPRESENTATION_ITEM()
RATIONAL_B_SPLINE_CURVE((1.,1.,1.,1.))
REPRESENTATION_ITEM('')
);
#1225=(
BOUNDED_CURVE()
B_SPLINE_CURVE(3,(#4724,#4725,#4726,#4727),.UNSPECIFIED.,.F.,.F.)
B_SPLINE_CURVE_WITH_KNOTS((4,4),(0.,1.),.UNSPECIFIED.)
CURVE()
GEOMETRIC_REPRESENTATION_ITEM()
RATIONAL_B_SPLINE_CURVE((1.,1.,1.,1.))
REPRESENTATION_ITEM('')
);
#1226=(
BOUNDED_CURVE()
B_SPLINE_CURVE(3,(#4729,#4730,#4731,#4732),.UNSPECIFIED.,.F.,.F.)
B_SPLINE_CURVE_WITH_KNOTS((4,4),(-1.,0.),.UNSPECIFIED.)
CURVE()
GEOMETRIC_REPRESENTATION_ITEM()
RATIONAL_B_SPLINE_CURVE((1.,1.,1.,1.))
REPRESENTATION_ITEM('')
);
#1227=(
BOUNDED_CURVE()
B_SPLINE_CURVE(3,(#4743,#4744,#4745,#4746),.UNSPECIFIED.,.F.,.F.)
B_SPLINE_CURVE_WITH_KNOTS((4,4),(0.,1.),.UNSPECIFIED.)
CURVE()
GEOMETRIC_REPRESENTATION_ITEM()
RATIONAL_B_SPLINE_CURVE((1.,1.,1.,1.))
REPRESENTATION_ITEM('')
);
#1228=(
BOUNDED_CURVE()
B_SPLINE_CURVE(3,(#4748,#4749,#4750,#4751),.UNSPECIFIED.,.F.,.F.)
B_SPLINE_CURVE_WITH_KNOTS((4,4),(-1.,0.),.UNSPECIFIED.)
CURVE()
GEOMETRIC_REPRESENTATION_ITEM()
RATIONAL_B_SPLINE_CURVE((1.,1.,1.,1.))
REPRESENTATION_ITEM('')
);
#1229=(
BOUNDED_CURVE()
B_SPLINE_CURVE(3,(#4762,#4763,#4764,#4765),.UNSPECIFIED.,.F.,.F.)
B_SPLINE_CURVE_WITH_KNOTS((4,4),(0.,1.),.UNSPECIFIED.)
CURVE()
GEOMETRIC_REPRESENTATION_ITEM()
RATIONAL_B_SPLINE_CURVE((1.,1.,1.,1.))
REPRESENTATION_ITEM('')
);
#1230=(
BOUNDED_CURVE()
B_SPLINE_CURVE(3,(#4767,#4768,#4769,#4770),.UNSPECIFIED.,.F.,.F.)
B_SPLINE_CURVE_WITH_KNOTS((4,4),(-1.,0.),.UNSPECIFIED.)
CURVE()
GEOMETRIC_REPRESENTATION_ITEM()
RATIONAL_B_SPLINE_CURVE((1.,1.,1.,1.))
REPRESENTATION_ITEM('')
);
#1231=(
BOUNDED_CURVE()
B_SPLINE_CURVE(3,(#4781,#4782,#4783,#4784),.UNSPECIFIED.,.F.,.F.)
B_SPLINE_CURVE_WITH_KNOTS((4,4),(0.,1.),.UNSPECIFIED.)
CURVE()
GEOMETRIC_REPRESENTATION_ITEM()
RATIONAL_B_SPLINE_CURVE((1.,1.,1.,1.))
REPRESENTATION_ITEM('')
);
#1232=(
BOUNDED_CURVE()
B_SPLINE_CURVE(3,(#4786,#4787,#4788,#4789),.UNSPECIFIED.,.F.,.F.)
B_SPLINE_CURVE_WITH_KNOTS((4,4),(-1.,0.),.UNSPECIFIED.)
CURVE()
GEOMETRIC_REPRESENTATION_ITEM()
RATIONAL_B_SPLINE_CURVE((1.,1.,1.,1.))
REPRESENTATION_ITEM('')
);
#1233=(
BOUNDED_CURVE()
B_SPLINE_CURVE(3,(#4799,#4800,#4801,#4802),.UNSPECIFIED.,.F.,.F.)
B_SPLINE_CURVE_WITH_KNOTS((4,4),(0.,1.),.UNSPECIFIED.)
CURVE()
GEOMETRIC_REPRESENTATION_ITEM()
RATIONAL_B_SPLINE_CURVE((1.,1.,1.,1.))
REPRESENTATION_ITEM('')
);
#1234=(
BOUNDED_CURVE()
B_SPLINE_CURVE(3,(#4803,#4804,#4805,#4806),.UNSPECIFIED.,.F.,.F.)
B_SPLINE_CURVE_WITH_KNOTS((4,4),(-1.,0.),.UNSPECIFIED.)
CURVE()
GEOMETRIC_REPRESENTATION_ITEM()
RATIONAL_B_SPLINE_CURVE((1.,1.,1.,1.))
REPRESENTATION_ITEM('')
);
#1235=(
BOUNDED_CURVE()
B_SPLINE_CURVE(3,(#4853,#4854,#4855,#4856),.UNSPECIFIED.,.F.,.F.)
B_SPLINE_CURVE_WITH_KNOTS((4,4),(-1.,0.),.UNSPECIFIED.)
CURVE()
GEOMETRIC_REPRESENTATION_ITEM()
RATIONAL_B_SPLINE_CURVE((1.,1.,1.,1.))
REPRESENTATION_ITEM('')
);
#1236=(
BOUNDED_CURVE()
B_SPLINE_CURVE(3,(#4858,#4859,#4860,#4861),.UNSPECIFIED.,.F.,.F.)
B_SPLINE_CURVE_WITH_KNOTS((4,4),(-1.,0.),.UNSPECIFIED.)
CURVE()
GEOMETRIC_REPRESENTATION_ITEM()
RATIONAL_B_SPLINE_CURVE((1.,1.,1.,1.))
REPRESENTATION_ITEM('')
);
#1237=(
BOUNDED_CURVE()
B_SPLINE_CURVE(3,(#4872,#4873,#4874,#4875),.UNSPECIFIED.,.F.,.F.)
B_SPLINE_CURVE_WITH_KNOTS((4,4),(-1.,0.),.UNSPECIFIED.)
CURVE()
GEOMETRIC_REPRESENTATION_ITEM()
RATIONAL_B_SPLINE_CURVE((1.,1.,1.,1.))
REPRESENTATION_ITEM('')
);
#1238=(
BOUNDED_CURVE()
B_SPLINE_CURVE(3,(#4877,#4878,#4879,#4880),.UNSPECIFIED.,.F.,.F.)
B_SPLINE_CURVE_WITH_KNOTS((4,4),(-1.,0.),.UNSPECIFIED.)
CURVE()
GEOMETRIC_REPRESENTATION_ITEM()
RATIONAL_B_SPLINE_CURVE((1.,1.,1.,1.))
REPRESENTATION_ITEM('')
);
#1239=(
BOUNDED_CURVE()
B_SPLINE_CURVE(3,(#4897,#4898,#4899,#4900),.UNSPECIFIED.,.F.,.F.)
B_SPLINE_CURVE_WITH_KNOTS((4,4),(-1.,0.),.UNSPECIFIED.)
CURVE()
GEOMETRIC_REPRESENTATION_ITEM()
RATIONAL_B_SPLINE_CURVE((1.,1.,1.,1.))
REPRESENTATION_ITEM('')
);
#1240=(
BOUNDED_CURVE()
B_SPLINE_CURVE(3,(#4902,#4903,#4904,#4905),.UNSPECIFIED.,.F.,.F.)
B_SPLINE_CURVE_WITH_KNOTS((4,4),(-1.,0.),.UNSPECIFIED.)
CURVE()
GEOMETRIC_REPRESENTATION_ITEM()
RATIONAL_B_SPLINE_CURVE((1.,1.,1.,1.))
REPRESENTATION_ITEM('')
);
#1241=(
BOUNDED_CURVE()
B_SPLINE_CURVE(3,(#4916,#4917,#4918,#4919),.UNSPECIFIED.,.F.,.F.)
B_SPLINE_CURVE_WITH_KNOTS((4,4),(-1.,0.),.UNSPECIFIED.)
CURVE()
GEOMETRIC_REPRESENTATION_ITEM()
RATIONAL_B_SPLINE_CURVE((1.,1.,1.,1.))
REPRESENTATION_ITEM('')
);
#1242=(
BOUNDED_CURVE()
B_SPLINE_CURVE(3,(#4921,#4922,#4923,#4924),.UNSPECIFIED.,.F.,.F.)
B_SPLINE_CURVE_WITH_KNOTS((4,4),(-1.,0.),.UNSPECIFIED.)
CURVE()
GEOMETRIC_REPRESENTATION_ITEM()
RATIONAL_B_SPLINE_CURVE((1.,1.,1.,1.))
REPRESENTATION_ITEM('')
);
#1243=(
BOUNDED_CURVE()
B_SPLINE_CURVE(3,(#4934,#4935,#4936,#4937),.UNSPECIFIED.,.F.,.F.)
B_SPLINE_CURVE_WITH_KNOTS((4,4),(-1.,0.),.UNSPECIFIED.)
CURVE()
GEOMETRIC_REPRESENTATION_ITEM()
RATIONAL_B_SPLINE_CURVE((1.,1.,1.,1.))
REPRESENTATION_ITEM('')
);
#1244=(
BOUNDED_CURVE()
B_SPLINE_CURVE(3,(#4938,#4939,#4940,#4941),.UNSPECIFIED.,.F.,.F.)
B_SPLINE_CURVE_WITH_KNOTS((4,4),(-1.,0.),.UNSPECIFIED.)
CURVE()
GEOMETRIC_REPRESENTATION_ITEM()
RATIONAL_B_SPLINE_CURVE((1.,1.,1.,1.))
REPRESENTATION_ITEM('')
);
#1245=(
BOUNDED_CURVE()
B_SPLINE_CURVE(3,(#4966,#4967,#4968,#4969),.UNSPECIFIED.,.F.,.F.)
B_SPLINE_CURVE_WITH_KNOTS((4,4),(0.,1.),.UNSPECIFIED.)
CURVE()
GEOMETRIC_REPRESENTATION_ITEM()
RATIONAL_B_SPLINE_CURVE((1.,1.,1.,1.))
REPRESENTATION_ITEM('')
);
#1246=(
BOUNDED_CURVE()
B_SPLINE_CURVE(3,(#4971,#4972,#4973,#4974),.UNSPECIFIED.,.F.,.F.)
B_SPLINE_CURVE_WITH_KNOTS((4,4),(-1.,0.),.UNSPECIFIED.)
CURVE()
GEOMETRIC_REPRESENTATION_ITEM()
RATIONAL_B_SPLINE_CURVE((1.,1.,1.,1.))
REPRESENTATION_ITEM('')
);
#1247=(
BOUNDED_CURVE()
B_SPLINE_CURVE(3,(#4985,#4986,#4987,#4988),.UNSPECIFIED.,.F.,.F.)
B_SPLINE_CURVE_WITH_KNOTS((4,4),(0.,1.),.UNSPECIFIED.)
CURVE()
GEOMETRIC_REPRESENTATION_ITEM()
RATIONAL_B_SPLINE_CURVE((1.,1.,1.,1.))
REPRESENTATION_ITEM('')
);
#1248=(
BOUNDED_CURVE()
B_SPLINE_CURVE(3,(#4990,#4991,#4992,#4993),.UNSPECIFIED.,.F.,.F.)
B_SPLINE_CURVE_WITH_KNOTS((4,4),(-1.,0.),.UNSPECIFIED.)
CURVE()
GEOMETRIC_REPRESENTATION_ITEM()
RATIONAL_B_SPLINE_CURVE((1.,1.,1.,1.))
REPRESENTATION_ITEM('')
);
#1249=(
BOUNDED_CURVE()
B_SPLINE_CURVE(3,(#5004,#5005,#5006,#5007),.UNSPECIFIED.,.F.,.F.)
B_SPLINE_CURVE_WITH_KNOTS((4,4),(0.,1.),.UNSPECIFIED.)
CURVE()
GEOMETRIC_REPRESENTATION_ITEM()
RATIONAL_B_SPLINE_CURVE((1.,1.,1.,1.))
REPRESENTATION_ITEM('')
);
#1250=(
BOUNDED_CURVE()
B_SPLINE_CURVE(3,(#5009,#5010,#5011,#5012),.UNSPECIFIED.,.F.,.F.)
B_SPLINE_CURVE_WITH_KNOTS((4,4),(-1.,0.),.UNSPECIFIED.)
CURVE()
GEOMETRIC_REPRESENTATION_ITEM()
RATIONAL_B_SPLINE_CURVE((1.,1.,1.,1.))
REPRESENTATION_ITEM('')
);
#1251=(
BOUNDED_CURVE()
B_SPLINE_CURVE(3,(#5023,#5024,#5025,#5026),.UNSPECIFIED.,.F.,.F.)
B_SPLINE_CURVE_WITH_KNOTS((4,4),(0.,1.),.UNSPECIFIED.)
CURVE()
GEOMETRIC_REPRESENTATION_ITEM()
RATIONAL_B_SPLINE_CURVE((1.,1.,1.,1.))
REPRESENTATION_ITEM('')
);
#1252=(
BOUNDED_CURVE()
B_SPLINE_CURVE(3,(#5028,#5029,#5030,#5031),.UNSPECIFIED.,.F.,.F.)
B_SPLINE_CURVE_WITH_KNOTS((4,4),(-1.,0.),.UNSPECIFIED.)
CURVE()
GEOMETRIC_REPRESENTATION_ITEM()
RATIONAL_B_SPLINE_CURVE((1.,1.,1.,1.))
REPRESENTATION_ITEM('')
);
#1253=(
BOUNDED_CURVE()
B_SPLINE_CURVE(3,(#5048,#5049,#5050,#5051),.UNSPECIFIED.,.F.,.F.)
B_SPLINE_CURVE_WITH_KNOTS((4,4),(0.,1.),.UNSPECIFIED.)
CURVE()
GEOMETRIC_REPRESENTATION_ITEM()
RATIONAL_B_SPLINE_CURVE((1.,1.,1.,1.))
REPRESENTATION_ITEM('')
);
#1254=(
BOUNDED_CURVE()
B_SPLINE_CURVE(3,(#5053,#5054,#5055,#5056),.UNSPECIFIED.,.F.,.F.)
B_SPLINE_CURVE_WITH_KNOTS((4,4),(-1.,0.),.UNSPECIFIED.)
CURVE()
GEOMETRIC_REPRESENTATION_ITEM()
RATIONAL_B_SPLINE_CURVE((1.,1.,1.,1.))
REPRESENTATION_ITEM('')
);
#1255=(
BOUNDED_CURVE()
B_SPLINE_CURVE(3,(#5067,#5068,#5069,#5070),.UNSPECIFIED.,.F.,.F.)
B_SPLINE_CURVE_WITH_KNOTS((4,4),(0.,1.),.UNSPECIFIED.)
CURVE()
GEOMETRIC_REPRESENTATION_ITEM()
RATIONAL_B_SPLINE_CURVE((1.,1.,1.,1.))
REPRESENTATION_ITEM('')
);
#1256=(
BOUNDED_CURVE()
B_SPLINE_CURVE(3,(#5072,#5073,#5074,#5075),.UNSPECIFIED.,.F.,.F.)
B_SPLINE_CURVE_WITH_KNOTS((4,4),(-1.,0.),.UNSPECIFIED.)
CURVE()
GEOMETRIC_REPRESENTATION_ITEM()
RATIONAL_B_SPLINE_CURVE((1.,1.,1.,1.))
REPRESENTATION_ITEM('')
);
#1257=(
BOUNDED_CURVE()
B_SPLINE_CURVE(3,(#5086,#5087,#5088,#5089),.UNSPECIFIED.,.F.,.F.)
B_SPLINE_CURVE_WITH_KNOTS((4,4),(0.,1.),.UNSPECIFIED.)
CURVE()
GEOMETRIC_REPRESENTATION_ITEM()
RATIONAL_B_SPLINE_CURVE((1.,1.,1.,1.))
REPRESENTATION_ITEM('')
);
#1258=(
BOUNDED_CURVE()
B_SPLINE_CURVE(3,(#5091,#5092,#5093,#5094),.UNSPECIFIED.,.F.,.F.)
B_SPLINE_CURVE_WITH_KNOTS((4,4),(-1.,0.),.UNSPECIFIED.)
CURVE()
GEOMETRIC_REPRESENTATION_ITEM()
RATIONAL_B_SPLINE_CURVE((1.,1.,1.,1.))
REPRESENTATION_ITEM('')
);
#1259=(
BOUNDED_CURVE()
B_SPLINE_CURVE(3,(#5105,#5106,#5107,#5108),.UNSPECIFIED.,.F.,.F.)
B_SPLINE_CURVE_WITH_KNOTS((4,4),(0.,1.),.UNSPECIFIED.)
CURVE()
GEOMETRIC_REPRESENTATION_ITEM()
RATIONAL_B_SPLINE_CURVE((1.,1.,1.,1.))
REPRESENTATION_ITEM('')
);
#1260=(
BOUNDED_CURVE()
B_SPLINE_CURVE(3,(#5110,#5111,#5112,#5113),.UNSPECIFIED.,.F.,.F.)
B_SPLINE_CURVE_WITH_KNOTS((4,4),(-1.,0.),.UNSPECIFIED.)
CURVE()
GEOMETRIC_REPRESENTATION_ITEM()
RATIONAL_B_SPLINE_CURVE((1.,1.,1.,1.))
REPRESENTATION_ITEM('')
);
#1261=(
BOUNDED_CURVE()
B_SPLINE_CURVE(3,(#5130,#5131,#5132,#5133),.UNSPECIFIED.,.F.,.F.)
B_SPLINE_CURVE_WITH_KNOTS((4,4),(-1.,0.),.UNSPECIFIED.)
CURVE()
GEOMETRIC_REPRESENTATION_ITEM()
RATIONAL_B_SPLINE_CURVE((1.,1.,1.,1.))
REPRESENTATION_ITEM('')
);
#1262=(
BOUNDED_CURVE()
B_SPLINE_CURVE(3,(#5137,#5138,#5139,#5140),.UNSPECIFIED.,.F.,.F.)
B_SPLINE_CURVE_WITH_KNOTS((4,4),(-1.,0.),.UNSPECIFIED.)
CURVE()
GEOMETRIC_REPRESENTATION_ITEM()
RATIONAL_B_SPLINE_CURVE((1.,1.,1.,1.))
REPRESENTATION_ITEM('')
);
#1263=(
BOUNDED_CURVE()
B_SPLINE_CURVE(3,(#5151,#5152,#5153,#5154),.UNSPECIFIED.,.F.,.F.)
B_SPLINE_CURVE_WITH_KNOTS((4,4),(-1.,0.),.UNSPECIFIED.)
CURVE()
GEOMETRIC_REPRESENTATION_ITEM()
RATIONAL_B_SPLINE_CURVE((1.,1.,1.,1.))
REPRESENTATION_ITEM('')
);
#1264=(
BOUNDED_CURVE()
B_SPLINE_CURVE(3,(#5156,#5157,#5158,#5159),.UNSPECIFIED.,.F.,.F.)
B_SPLINE_CURVE_WITH_KNOTS((4,4),(-1.,0.),.UNSPECIFIED.)
CURVE()
GEOMETRIC_REPRESENTATION_ITEM()
RATIONAL_B_SPLINE_CURVE((1.,1.,1.,1.))
REPRESENTATION_ITEM('')
);
#1265=(
BOUNDED_CURVE()
B_SPLINE_CURVE(3,(#5170,#5171,#5172,#5173),.UNSPECIFIED.,.F.,.F.)
B_SPLINE_CURVE_WITH_KNOTS((4,4),(-1.,0.),.UNSPECIFIED.)
CURVE()
GEOMETRIC_REPRESENTATION_ITEM()
RATIONAL_B_SPLINE_CURVE((1.,1.,1.,1.))
REPRESENTATION_ITEM('')
);
#1266=(
BOUNDED_CURVE()
B_SPLINE_CURVE(3,(#5175,#5176,#5177,#5178),.UNSPECIFIED.,.F.,.F.)
B_SPLINE_CURVE_WITH_KNOTS((4,4),(-1.,0.),.UNSPECIFIED.)
CURVE()
GEOMETRIC_REPRESENTATION_ITEM()
RATIONAL_B_SPLINE_CURVE((1.,1.,1.,1.))
REPRESENTATION_ITEM('')
);
#1267=(
BOUNDED_CURVE()
B_SPLINE_CURVE(3,(#5189,#5190,#5191,#5192),.UNSPECIFIED.,.F.,.F.)
B_SPLINE_CURVE_WITH_KNOTS((4,4),(-1.,0.),.UNSPECIFIED.)
CURVE()
GEOMETRIC_REPRESENTATION_ITEM()
RATIONAL_B_SPLINE_CURVE((1.,1.,1.,1.))
REPRESENTATION_ITEM('')
);
#1268=(
BOUNDED_CURVE()
B_SPLINE_CURVE(3,(#5194,#5195,#5196,#5197),.UNSPECIFIED.,.F.,.F.)
B_SPLINE_CURVE_WITH_KNOTS((4,4),(-1.,0.),.UNSPECIFIED.)
CURVE()
GEOMETRIC_REPRESENTATION_ITEM()
RATIONAL_B_SPLINE_CURVE((1.,1.,1.,1.))
REPRESENTATION_ITEM('')
);
#1269=(
BOUNDED_CURVE()
B_SPLINE_CURVE(3,(#5208,#5209,#5210,#5211),.UNSPECIFIED.,.F.,.F.)
B_SPLINE_CURVE_WITH_KNOTS((4,4),(-1.,0.),.UNSPECIFIED.)
CURVE()
GEOMETRIC_REPRESENTATION_ITEM()
RATIONAL_B_SPLINE_CURVE((1.,1.,1.,1.))
REPRESENTATION_ITEM('')
);
#1270=(
BOUNDED_CURVE()
B_SPLINE_CURVE(3,(#5213,#5214,#5215,#5216),.UNSPECIFIED.,.F.,.F.)
B_SPLINE_CURVE_WITH_KNOTS((4,4),(-1.,0.),.UNSPECIFIED.)
CURVE()
GEOMETRIC_REPRESENTATION_ITEM()
RATIONAL_B_SPLINE_CURVE((1.,1.,1.,1.))
REPRESENTATION_ITEM('')
);
#1271=(
BOUNDED_CURVE()
B_SPLINE_CURVE(3,(#5227,#5228,#5229,#5230),.UNSPECIFIED.,.F.,.F.)
B_SPLINE_CURVE_WITH_KNOTS((4,4),(-1.,0.),.UNSPECIFIED.)
CURVE()
GEOMETRIC_REPRESENTATION_ITEM()
RATIONAL_B_SPLINE_CURVE((1.,1.,1.,1.))
REPRESENTATION_ITEM('')
);
#1272=(
BOUNDED_CURVE()
B_SPLINE_CURVE(3,(#5232,#5233,#5234,#5235),.UNSPECIFIED.,.F.,.F.)
B_SPLINE_CURVE_WITH_KNOTS((4,4),(-1.,0.),.UNSPECIFIED.)
CURVE()
GEOMETRIC_REPRESENTATION_ITEM()
RATIONAL_B_SPLINE_CURVE((1.,1.,1.,1.))
REPRESENTATION_ITEM('')
);
#1273=(
BOUNDED_CURVE()
B_SPLINE_CURVE(3,(#5270,#5271,#5272,#5273),.UNSPECIFIED.,.F.,.F.)
B_SPLINE_CURVE_WITH_KNOTS((4,4),(0.,1.),.UNSPECIFIED.)
CURVE()
GEOMETRIC_REPRESENTATION_ITEM()
RATIONAL_B_SPLINE_CURVE((1.,1.,1.,1.))
REPRESENTATION_ITEM('')
);
#1274=(
BOUNDED_CURVE()
B_SPLINE_CURVE(3,(#5275,#5276,#5277,#5278),.UNSPECIFIED.,.F.,.F.)
B_SPLINE_CURVE_WITH_KNOTS((4,4),(-1.,0.),.UNSPECIFIED.)
CURVE()
GEOMETRIC_REPRESENTATION_ITEM()
RATIONAL_B_SPLINE_CURVE((1.,1.,1.,1.))
REPRESENTATION_ITEM('')
);
#1275=(
BOUNDED_CURVE()
B_SPLINE_CURVE(3,(#5289,#5290,#5291,#5292),.UNSPECIFIED.,.F.,.F.)
B_SPLINE_CURVE_WITH_KNOTS((4,4),(0.,1.),.UNSPECIFIED.)
CURVE()
GEOMETRIC_REPRESENTATION_ITEM()
RATIONAL_B_SPLINE_CURVE((1.,1.,1.,1.))
REPRESENTATION_ITEM('')
);
#1276=(
BOUNDED_CURVE()
B_SPLINE_CURVE(3,(#5294,#5295,#5296,#5297),.UNSPECIFIED.,.F.,.F.)
B_SPLINE_CURVE_WITH_KNOTS((4,4),(-1.,0.),.UNSPECIFIED.)
CURVE()
GEOMETRIC_REPRESENTATION_ITEM()
RATIONAL_B_SPLINE_CURVE((1.,1.,1.,1.))
REPRESENTATION_ITEM('')
);
#1277=(
BOUNDED_CURVE()
B_SPLINE_CURVE(3,(#5308,#5309,#5310,#5311),.UNSPECIFIED.,.F.,.F.)
B_SPLINE_CURVE_WITH_KNOTS((4,4),(0.,1.),.UNSPECIFIED.)
CURVE()
GEOMETRIC_REPRESENTATION_ITEM()
RATIONAL_B_SPLINE_CURVE((1.,1.,1.,1.))
REPRESENTATION_ITEM('')
);
#1278=(
BOUNDED_CURVE()
B_SPLINE_CURVE(3,(#5313,#5314,#5315,#5316),.UNSPECIFIED.,.F.,.F.)
B_SPLINE_CURVE_WITH_KNOTS((4,4),(-1.,0.),.UNSPECIFIED.)
CURVE()
GEOMETRIC_REPRESENTATION_ITEM()
RATIONAL_B_SPLINE_CURVE((1.,1.,1.,1.))
REPRESENTATION_ITEM('')
);
#1279=(
BOUNDED_CURVE()
B_SPLINE_CURVE(3,(#5327,#5328,#5329,#5330),.UNSPECIFIED.,.F.,.F.)
B_SPLINE_CURVE_WITH_KNOTS((4,4),(0.,1.),.UNSPECIFIED.)
CURVE()
GEOMETRIC_REPRESENTATION_ITEM()
RATIONAL_B_SPLINE_CURVE((1.,1.,1.,1.))
REPRESENTATION_ITEM('')
);
#1280=(
BOUNDED_CURVE()
B_SPLINE_CURVE(3,(#5332,#5333,#5334,#5335),.UNSPECIFIED.,.F.,.F.)
B_SPLINE_CURVE_WITH_KNOTS((4,4),(-1.,0.),.UNSPECIFIED.)
CURVE()
GEOMETRIC_REPRESENTATION_ITEM()
RATIONAL_B_SPLINE_CURVE((1.,1.,1.,1.))
REPRESENTATION_ITEM('')
);
#1281=(
BOUNDED_CURVE()
B_SPLINE_CURVE(3,(#5346,#5347,#5348,#5349),.UNSPECIFIED.,.F.,.F.)
B_SPLINE_CURVE_WITH_KNOTS((4,4),(0.,1.),.UNSPECIFIED.)
CURVE()
GEOMETRIC_REPRESENTATION_ITEM()
RATIONAL_B_SPLINE_CURVE((1.,1.,1.,1.))
REPRESENTATION_ITEM('')
);
#1282=(
BOUNDED_CURVE()
B_SPLINE_CURVE(3,(#5351,#5352,#5353,#5354),.UNSPECIFIED.,.F.,.F.)
B_SPLINE_CURVE_WITH_KNOTS((4,4),(-1.,0.),.UNSPECIFIED.)
CURVE()
GEOMETRIC_REPRESENTATION_ITEM()
RATIONAL_B_SPLINE_CURVE((1.,1.,1.,1.))
REPRESENTATION_ITEM('')
);
#1283=(
BOUNDED_CURVE()
B_SPLINE_CURVE(3,(#5365,#5366,#5367,#5368),.UNSPECIFIED.,.F.,.F.)
B_SPLINE_CURVE_WITH_KNOTS((4,4),(0.,1.),.UNSPECIFIED.)
CURVE()
GEOMETRIC_REPRESENTATION_ITEM()
RATIONAL_B_SPLINE_CURVE((1.,1.,1.,1.))
REPRESENTATION_ITEM('')
);
#1284=(
BOUNDED_CURVE()
B_SPLINE_CURVE(3,(#5370,#5371,#5372,#5373),.UNSPECIFIED.,.F.,.F.)
B_SPLINE_CURVE_WITH_KNOTS((4,4),(-1.,0.),.UNSPECIFIED.)
CURVE()
GEOMETRIC_REPRESENTATION_ITEM()
RATIONAL_B_SPLINE_CURVE((1.,1.,1.,1.))
REPRESENTATION_ITEM('')
);
#1285=(
BOUNDED_CURVE()
B_SPLINE_CURVE(3,(#5402,#5403,#5404,#5405),.UNSPECIFIED.,.F.,.F.)
B_SPLINE_CURVE_WITH_KNOTS((4,4),(0.,1.),.UNSPECIFIED.)
CURVE()
GEOMETRIC_REPRESENTATION_ITEM()
RATIONAL_B_SPLINE_CURVE((1.,1.,1.,1.))
REPRESENTATION_ITEM('')
);
#1286=(
BOUNDED_CURVE()
B_SPLINE_CURVE(3,(#5407,#5408,#5409,#5410),.UNSPECIFIED.,.F.,.F.)
B_SPLINE_CURVE_WITH_KNOTS((4,4),(-1.,0.),.UNSPECIFIED.)
CURVE()
GEOMETRIC_REPRESENTATION_ITEM()
RATIONAL_B_SPLINE_CURVE((1.,1.,1.,1.))
REPRESENTATION_ITEM('')
);
#1287=(
BOUNDED_CURVE()
B_SPLINE_CURVE(3,(#5421,#5422,#5423,#5424),.UNSPECIFIED.,.F.,.F.)
B_SPLINE_CURVE_WITH_KNOTS((4,4),(0.,1.),.UNSPECIFIED.)
CURVE()
GEOMETRIC_REPRESENTATION_ITEM()
RATIONAL_B_SPLINE_CURVE((1.,1.,1.,1.))
REPRESENTATION_ITEM('')
);
#1288=(
BOUNDED_CURVE()
B_SPLINE_CURVE(3,(#5426,#5427,#5428,#5429),.UNSPECIFIED.,.F.,.F.)
B_SPLINE_CURVE_WITH_KNOTS((4,4),(-1.,0.),.UNSPECIFIED.)
CURVE()
GEOMETRIC_REPRESENTATION_ITEM()
RATIONAL_B_SPLINE_CURVE((1.,1.,1.,1.))
REPRESENTATION_ITEM('')
);
#1289=(
BOUNDED_CURVE()
B_SPLINE_CURVE(3,(#5440,#5441,#5442,#5443),.UNSPECIFIED.,.F.,.F.)
B_SPLINE_CURVE_WITH_KNOTS((4,4),(0.,1.),.UNSPECIFIED.)
CURVE()
GEOMETRIC_REPRESENTATION_ITEM()
RATIONAL_B_SPLINE_CURVE((1.,1.,1.,1.))
REPRESENTATION_ITEM('')
);
#1290=(
BOUNDED_CURVE()
B_SPLINE_CURVE(3,(#5445,#5446,#5447,#5448),.UNSPECIFIED.,.F.,.F.)
B_SPLINE_CURVE_WITH_KNOTS((4,4),(-1.,0.),.UNSPECIFIED.)
CURVE()
GEOMETRIC_REPRESENTATION_ITEM()
RATIONAL_B_SPLINE_CURVE((1.,1.,1.,1.))
REPRESENTATION_ITEM('')
);
#1291=(
BOUNDED_CURVE()
B_SPLINE_CURVE(3,(#5459,#5460,#5461,#5462),.UNSPECIFIED.,.F.,.F.)
B_SPLINE_CURVE_WITH_KNOTS((4,4),(0.,1.),.UNSPECIFIED.)
CURVE()
GEOMETRIC_REPRESENTATION_ITEM()
RATIONAL_B_SPLINE_CURVE((1.,1.,1.,1.))
REPRESENTATION_ITEM('')
);
#1292=(
BOUNDED_CURVE()
B_SPLINE_CURVE(3,(#5464,#5465,#5466,#5467),.UNSPECIFIED.,.F.,.F.)
B_SPLINE_CURVE_WITH_KNOTS((4,4),(-1.,0.),.UNSPECIFIED.)
CURVE()
GEOMETRIC_REPRESENTATION_ITEM()
RATIONAL_B_SPLINE_CURVE((1.,1.,1.,1.))
REPRESENTATION_ITEM('')
);
#1293=(
BOUNDED_CURVE()
B_SPLINE_CURVE(3,(#5484,#5485,#5486,#5487),.UNSPECIFIED.,.F.,.F.)
B_SPLINE_CURVE_WITH_KNOTS((4,4),(0.,1.),.UNSPECIFIED.)
CURVE()
GEOMETRIC_REPRESENTATION_ITEM()
RATIONAL_B_SPLINE_CURVE((1.,1.,1.,1.))
REPRESENTATION_ITEM('')
);
#1294=(
BOUNDED_CURVE()
B_SPLINE_CURVE(3,(#5489,#5490,#5491,#5492),.UNSPECIFIED.,.F.,.F.)
B_SPLINE_CURVE_WITH_KNOTS((4,4),(-1.,0.),.UNSPECIFIED.)
CURVE()
GEOMETRIC_REPRESENTATION_ITEM()
RATIONAL_B_SPLINE_CURVE((1.,1.,1.,1.))
REPRESENTATION_ITEM('')
);
#1295=(
BOUNDED_CURVE()
B_SPLINE_CURVE(3,(#5503,#5504,#5505,#5506),.UNSPECIFIED.,.F.,.F.)
B_SPLINE_CURVE_WITH_KNOTS((4,4),(0.,1.),.UNSPECIFIED.)
CURVE()
GEOMETRIC_REPRESENTATION_ITEM()
RATIONAL_B_SPLINE_CURVE((1.,1.,1.,1.))
REPRESENTATION_ITEM('')
);
#1296=(
BOUNDED_CURVE()
B_SPLINE_CURVE(3,(#5508,#5509,#5510,#5511),.UNSPECIFIED.,.F.,.F.)
B_SPLINE_CURVE_WITH_KNOTS((4,4),(-1.,0.),.UNSPECIFIED.)
CURVE()
GEOMETRIC_REPRESENTATION_ITEM()
RATIONAL_B_SPLINE_CURVE((1.,1.,1.,1.))
REPRESENTATION_ITEM('')
);
#1297=(
BOUNDED_CURVE()
B_SPLINE_CURVE(3,(#5522,#5523,#5524,#5525),.UNSPECIFIED.,.F.,.F.)
B_SPLINE_CURVE_WITH_KNOTS((4,4),(0.,1.),.UNSPECIFIED.)
CURVE()
GEOMETRIC_REPRESENTATION_ITEM()
RATIONAL_B_SPLINE_CURVE((1.,1.,1.,1.))
REPRESENTATION_ITEM('')
);
#1298=(
BOUNDED_CURVE()
B_SPLINE_CURVE(3,(#5527,#5528,#5529,#5530),.UNSPECIFIED.,.F.,.F.)
B_SPLINE_CURVE_WITH_KNOTS((4,4),(-1.,0.),.UNSPECIFIED.)
CURVE()
GEOMETRIC_REPRESENTATION_ITEM()
RATIONAL_B_SPLINE_CURVE((1.,1.,1.,1.))
REPRESENTATION_ITEM('')
);
#1299=(
BOUNDED_CURVE()
B_SPLINE_CURVE(3,(#5541,#5542,#5543,#5544),.UNSPECIFIED.,.F.,.F.)
B_SPLINE_CURVE_WITH_KNOTS((4,4),(0.,1.),.UNSPECIFIED.)
CURVE()
GEOMETRIC_REPRESENTATION_ITEM()
RATIONAL_B_SPLINE_CURVE((1.,1.,1.,1.))
REPRESENTATION_ITEM('')
);
#1300=(
BOUNDED_CURVE()
B_SPLINE_CURVE(3,(#5546,#5547,#5548,#5549),.UNSPECIFIED.,.F.,.F.)
B_SPLINE_CURVE_WITH_KNOTS((4,4),(-1.,0.),.UNSPECIFIED.)
CURVE()
GEOMETRIC_REPRESENTATION_ITEM()
RATIONAL_B_SPLINE_CURVE((1.,1.,1.,1.))
REPRESENTATION_ITEM('')
);
#1301=(
BOUNDED_CURVE()
B_SPLINE_CURVE(3,(#5560,#5561,#5562,#5563),.UNSPECIFIED.,.F.,.F.)
B_SPLINE_CURVE_WITH_KNOTS((4,4),(0.,1.),.UNSPECIFIED.)
CURVE()
GEOMETRIC_REPRESENTATION_ITEM()
RATIONAL_B_SPLINE_CURVE((1.,1.,1.,1.))
REPRESENTATION_ITEM('')
);
#1302=(
BOUNDED_CURVE()
B_SPLINE_CURVE(3,(#5565,#5566,#5567,#5568),.UNSPECIFIED.,.F.,.F.)
B_SPLINE_CURVE_WITH_KNOTS((4,4),(-1.,0.),.UNSPECIFIED.)
CURVE()
GEOMETRIC_REPRESENTATION_ITEM()
RATIONAL_B_SPLINE_CURVE((1.,1.,1.,1.))
REPRESENTATION_ITEM('')
);
#1303=(
BOUNDED_CURVE()
B_SPLINE_CURVE(3,(#5579,#5580,#5581,#5582),.UNSPECIFIED.,.F.,.F.)
B_SPLINE_CURVE_WITH_KNOTS((4,4),(0.,1.),.UNSPECIFIED.)
CURVE()
GEOMETRIC_REPRESENTATION_ITEM()
RATIONAL_B_SPLINE_CURVE((1.,1.,1.,1.))
REPRESENTATION_ITEM('')
);
#1304=(
BOUNDED_CURVE()
B_SPLINE_CURVE(3,(#5584,#5585,#5586,#5587),.UNSPECIFIED.,.F.,.F.)
B_SPLINE_CURVE_WITH_KNOTS((4,4),(-1.,0.),.UNSPECIFIED.)
CURVE()
GEOMETRIC_REPRESENTATION_ITEM()
RATIONAL_B_SPLINE_CURVE((1.,1.,1.,1.))
REPRESENTATION_ITEM('')
);
#1305=(
BOUNDED_CURVE()
B_SPLINE_CURVE(3,(#5598,#5599,#5600,#5601),.UNSPECIFIED.,.F.,.F.)
B_SPLINE_CURVE_WITH_KNOTS((4,4),(0.,1.),.UNSPECIFIED.)
CURVE()
GEOMETRIC_REPRESENTATION_ITEM()
RATIONAL_B_SPLINE_CURVE((1.,1.,1.,1.))
REPRESENTATION_ITEM('')
);
#1306=(
BOUNDED_CURVE()
B_SPLINE_CURVE(3,(#5603,#5604,#5605,#5606),.UNSPECIFIED.,.F.,.F.)
B_SPLINE_CURVE_WITH_KNOTS((4,4),(-1.,0.),.UNSPECIFIED.)
CURVE()
GEOMETRIC_REPRESENTATION_ITEM()
RATIONAL_B_SPLINE_CURVE((1.,1.,1.,1.))
REPRESENTATION_ITEM('')
);
#1307=(
BOUNDED_CURVE()
B_SPLINE_CURVE(3,(#5616,#5617,#5618,#5619),.UNSPECIFIED.,.F.,.F.)
B_SPLINE_CURVE_WITH_KNOTS((4,4),(0.,1.),.UNSPECIFIED.)
CURVE()
GEOMETRIC_REPRESENTATION_ITEM()
RATIONAL_B_SPLINE_CURVE((1.,1.,1.,1.))
REPRESENTATION_ITEM('')
);
#1308=(
BOUNDED_CURVE()
B_SPLINE_CURVE(3,(#5620,#5621,#5622,#5623),.UNSPECIFIED.,.F.,.F.)
B_SPLINE_CURVE_WITH_KNOTS((4,4),(-1.,0.),.UNSPECIFIED.)
CURVE()
GEOMETRIC_REPRESENTATION_ITEM()
RATIONAL_B_SPLINE_CURVE((1.,1.,1.,1.))
REPRESENTATION_ITEM('')
);
#1309=(
BOUNDED_CURVE()
B_SPLINE_CURVE(3,(#5636,#5637,#5638,#5639),.UNSPECIFIED.,.F.,.F.)
B_SPLINE_CURVE_WITH_KNOTS((4,4),(-1.,0.),.UNSPECIFIED.)
CURVE()
GEOMETRIC_REPRESENTATION_ITEM()
RATIONAL_B_SPLINE_CURVE((1.,1.,1.,1.))
REPRESENTATION_ITEM('')
);
#1310=(
BOUNDED_CURVE()
B_SPLINE_CURVE(3,(#5643,#5644,#5645,#5646),.UNSPECIFIED.,.F.,.F.)
B_SPLINE_CURVE_WITH_KNOTS((4,4),(-1.,0.),.UNSPECIFIED.)
CURVE()
GEOMETRIC_REPRESENTATION_ITEM()
RATIONAL_B_SPLINE_CURVE((1.,1.,1.,1.))
REPRESENTATION_ITEM('')
);
#1311=(
BOUNDED_CURVE()
B_SPLINE_CURVE(3,(#5657,#5658,#5659,#5660),.UNSPECIFIED.,.F.,.F.)
B_SPLINE_CURVE_WITH_KNOTS((4,4),(-1.,0.),.UNSPECIFIED.)
CURVE()
GEOMETRIC_REPRESENTATION_ITEM()
RATIONAL_B_SPLINE_CURVE((1.,1.,1.,1.))
REPRESENTATION_ITEM('')
);
#1312=(
BOUNDED_CURVE()
B_SPLINE_CURVE(3,(#5662,#5663,#5664,#5665),.UNSPECIFIED.,.F.,.F.)
B_SPLINE_CURVE_WITH_KNOTS((4,4),(-1.,0.),.UNSPECIFIED.)
CURVE()
GEOMETRIC_REPRESENTATION_ITEM()
RATIONAL_B_SPLINE_CURVE((1.,1.,1.,1.))
REPRESENTATION_ITEM('')
);
#1313=(
BOUNDED_CURVE()
B_SPLINE_CURVE(3,(#5676,#5677,#5678,#5679),.UNSPECIFIED.,.F.,.F.)
B_SPLINE_CURVE_WITH_KNOTS((4,4),(-1.,0.),.UNSPECIFIED.)
CURVE()
GEOMETRIC_REPRESENTATION_ITEM()
RATIONAL_B_SPLINE_CURVE((1.,1.,1.,1.))
REPRESENTATION_ITEM('')
);
#1314=(
BOUNDED_CURVE()
B_SPLINE_CURVE(3,(#5681,#5682,#5683,#5684),.UNSPECIFIED.,.F.,.F.)
B_SPLINE_CURVE_WITH_KNOTS((4,4),(-1.,0.),.UNSPECIFIED.)
CURVE()
GEOMETRIC_REPRESENTATION_ITEM()
RATIONAL_B_SPLINE_CURVE((1.,1.,1.,1.))
REPRESENTATION_ITEM('')
);
#1315=(
BOUNDED_CURVE()
B_SPLINE_CURVE(3,(#5695,#5696,#5697,#5698),.UNSPECIFIED.,.F.,.F.)
B_SPLINE_CURVE_WITH_KNOTS((4,4),(-1.,0.),.UNSPECIFIED.)
CURVE()
GEOMETRIC_REPRESENTATION_ITEM()
RATIONAL_B_SPLINE_CURVE((1.,1.,1.,1.))
REPRESENTATION_ITEM('')
);
#1316=(
BOUNDED_CURVE()
B_SPLINE_CURVE(3,(#5700,#5701,#5702,#5703),.UNSPECIFIED.,.F.,.F.)
B_SPLINE_CURVE_WITH_KNOTS((4,4),(-1.,0.),.UNSPECIFIED.)
CURVE()
GEOMETRIC_REPRESENTATION_ITEM()
RATIONAL_B_SPLINE_CURVE((1.,1.,1.,1.))
REPRESENTATION_ITEM('')
);
#1317=(
BOUNDED_CURVE()
B_SPLINE_CURVE(3,(#5720,#5721,#5722,#5723),.UNSPECIFIED.,.F.,.F.)
B_SPLINE_CURVE_WITH_KNOTS((4,4),(-1.,0.),.UNSPECIFIED.)
CURVE()
GEOMETRIC_REPRESENTATION_ITEM()
RATIONAL_B_SPLINE_CURVE((1.,1.,1.,1.))
REPRESENTATION_ITEM('')
);
#1318=(
BOUNDED_CURVE()
B_SPLINE_CURVE(3,(#5725,#5726,#5727,#5728),.UNSPECIFIED.,.F.,.F.)
B_SPLINE_CURVE_WITH_KNOTS((4,4),(-1.,0.),.UNSPECIFIED.)
CURVE()
GEOMETRIC_REPRESENTATION_ITEM()
RATIONAL_B_SPLINE_CURVE((1.,1.,1.,1.))
REPRESENTATION_ITEM('')
);
#1319=(
BOUNDED_CURVE()
B_SPLINE_CURVE(3,(#5739,#5740,#5741,#5742),.UNSPECIFIED.,.F.,.F.)
B_SPLINE_CURVE_WITH_KNOTS((4,4),(-1.,0.),.UNSPECIFIED.)
CURVE()
GEOMETRIC_REPRESENTATION_ITEM()
RATIONAL_B_SPLINE_CURVE((1.,1.,1.,1.))
REPRESENTATION_ITEM('')
);
#1320=(
BOUNDED_CURVE()
B_SPLINE_CURVE(3,(#5744,#5745,#5746,#5747),.UNSPECIFIED.,.F.,.F.)
B_SPLINE_CURVE_WITH_KNOTS((4,4),(-1.,0.),.UNSPECIFIED.)
CURVE()
GEOMETRIC_REPRESENTATION_ITEM()
RATIONAL_B_SPLINE_CURVE((1.,1.,1.,1.))
REPRESENTATION_ITEM('')
);
#1321=(
BOUNDED_CURVE()
B_SPLINE_CURVE(3,(#5758,#5759,#5760,#5761),.UNSPECIFIED.,.F.,.F.)
B_SPLINE_CURVE_WITH_KNOTS((4,4),(-1.,0.),.UNSPECIFIED.)
CURVE()
GEOMETRIC_REPRESENTATION_ITEM()
RATIONAL_B_SPLINE_CURVE((1.,1.,1.,1.))
REPRESENTATION_ITEM('')
);
#1322=(
BOUNDED_CURVE()
B_SPLINE_CURVE(3,(#5763,#5764,#5765,#5766),.UNSPECIFIED.,.F.,.F.)
B_SPLINE_CURVE_WITH_KNOTS((4,4),(-1.,0.),.UNSPECIFIED.)
CURVE()
GEOMETRIC_REPRESENTATION_ITEM()
RATIONAL_B_SPLINE_CURVE((1.,1.,1.,1.))
REPRESENTATION_ITEM('')
);
#1323=(
BOUNDED_CURVE()
B_SPLINE_CURVE(3,(#5777,#5778,#5779,#5780),.UNSPECIFIED.,.F.,.F.)
B_SPLINE_CURVE_WITH_KNOTS((4,4),(-1.,0.),.UNSPECIFIED.)
CURVE()
GEOMETRIC_REPRESENTATION_ITEM()
RATIONAL_B_SPLINE_CURVE((1.,1.,1.,1.))
REPRESENTATION_ITEM('')
);
#1324=(
BOUNDED_CURVE()
B_SPLINE_CURVE(3,(#5782,#5783,#5784,#5785),.UNSPECIFIED.,.F.,.F.)
B_SPLINE_CURVE_WITH_KNOTS((4,4),(-1.,0.),.UNSPECIFIED.)
CURVE()
GEOMETRIC_REPRESENTATION_ITEM()
RATIONAL_B_SPLINE_CURVE((1.,1.,1.,1.))
REPRESENTATION_ITEM('')
);
#1325=(
BOUNDED_CURVE()
B_SPLINE_CURVE(3,(#5800,#5801,#5802,#5803),.UNSPECIFIED.,.F.,.F.)
B_SPLINE_CURVE_WITH_KNOTS((4,4),(0.,1.),.UNSPECIFIED.)
CURVE()
GEOMETRIC_REPRESENTATION_ITEM()
RATIONAL_B_SPLINE_CURVE((1.,1.,1.,1.))
REPRESENTATION_ITEM('')
);
#1326=(
BOUNDED_CURVE()
B_SPLINE_CURVE(3,(#5807,#5808,#5809,#5810),.UNSPECIFIED.,.F.,.F.)
B_SPLINE_CURVE_WITH_KNOTS((4,4),(-1.,0.),.UNSPECIFIED.)
CURVE()
GEOMETRIC_REPRESENTATION_ITEM()
RATIONAL_B_SPLINE_CURVE((1.,1.,1.,1.))
REPRESENTATION_ITEM('')
);
#1327=(
BOUNDED_CURVE()
B_SPLINE_CURVE(3,(#5827,#5828,#5829,#5830),.UNSPECIFIED.,.F.,.F.)
B_SPLINE_CURVE_WITH_KNOTS((4,4),(0.,1.),.UNSPECIFIED.)
CURVE()
GEOMETRIC_REPRESENTATION_ITEM()
RATIONAL_B_SPLINE_CURVE((1.,1.,1.,1.))
REPRESENTATION_ITEM('')
);
#1328=(
BOUNDED_CURVE()
B_SPLINE_CURVE(3,(#5832,#5833,#5834,#5835),.UNSPECIFIED.,.F.,.F.)
B_SPLINE_CURVE_WITH_KNOTS((4,4),(-1.,0.),.UNSPECIFIED.)
CURVE()
GEOMETRIC_REPRESENTATION_ITEM()
RATIONAL_B_SPLINE_CURVE((1.,1.,1.,1.))
REPRESENTATION_ITEM('')
);
#1329=(
BOUNDED_CURVE()
B_SPLINE_CURVE(3,(#5846,#5847,#5848,#5849),.UNSPECIFIED.,.F.,.F.)
B_SPLINE_CURVE_WITH_KNOTS((4,4),(0.,1.),.UNSPECIFIED.)
CURVE()
GEOMETRIC_REPRESENTATION_ITEM()
RATIONAL_B_SPLINE_CURVE((1.,1.,1.,1.))
REPRESENTATION_ITEM('')
);
#1330=(
BOUNDED_CURVE()
B_SPLINE_CURVE(3,(#5851,#5852,#5853,#5854),.UNSPECIFIED.,.F.,.F.)
B_SPLINE_CURVE_WITH_KNOTS((4,4),(-1.,0.),.UNSPECIFIED.)
CURVE()
GEOMETRIC_REPRESENTATION_ITEM()
RATIONAL_B_SPLINE_CURVE((1.,1.,1.,1.))
REPRESENTATION_ITEM('')
);
#1331=(
BOUNDED_CURVE()
B_SPLINE_CURVE(3,(#5865,#5866,#5867,#5868),.UNSPECIFIED.,.F.,.F.)
B_SPLINE_CURVE_WITH_KNOTS((4,4),(0.,1.),.UNSPECIFIED.)
CURVE()
GEOMETRIC_REPRESENTATION_ITEM()
RATIONAL_B_SPLINE_CURVE((1.,1.,1.,1.))
REPRESENTATION_ITEM('')
);
#1332=(
BOUNDED_CURVE()
B_SPLINE_CURVE(3,(#5870,#5871,#5872,#5873),.UNSPECIFIED.,.F.,.F.)
B_SPLINE_CURVE_WITH_KNOTS((4,4),(-1.,0.),.UNSPECIFIED.)
CURVE()
GEOMETRIC_REPRESENTATION_ITEM()
RATIONAL_B_SPLINE_CURVE((1.,1.,1.,1.))
REPRESENTATION_ITEM('')
);
#1333=(
BOUNDED_CURVE()
B_SPLINE_CURVE(3,(#5884,#5885,#5886,#5887),.UNSPECIFIED.,.F.,.F.)
B_SPLINE_CURVE_WITH_KNOTS((4,4),(0.,1.),.UNSPECIFIED.)
CURVE()
GEOMETRIC_REPRESENTATION_ITEM()
RATIONAL_B_SPLINE_CURVE((1.,1.,1.,1.))
REPRESENTATION_ITEM('')
);
#1334=(
BOUNDED_CURVE()
B_SPLINE_CURVE(3,(#5889,#5890,#5891,#5892),.UNSPECIFIED.,.F.,.F.)
B_SPLINE_CURVE_WITH_KNOTS((4,4),(-1.,0.),.UNSPECIFIED.)
CURVE()
GEOMETRIC_REPRESENTATION_ITEM()
RATIONAL_B_SPLINE_CURVE((1.,1.,1.,1.))
REPRESENTATION_ITEM('')
);
#1335=(
BOUNDED_CURVE()
B_SPLINE_CURVE(3,(#5903,#5904,#5905,#5906),.UNSPECIFIED.,.F.,.F.)
B_SPLINE_CURVE_WITH_KNOTS((4,4),(0.,1.),.UNSPECIFIED.)
CURVE()
GEOMETRIC_REPRESENTATION_ITEM()
RATIONAL_B_SPLINE_CURVE((1.,1.,1.,1.))
REPRESENTATION_ITEM('')
);
#1336=(
BOUNDED_CURVE()
B_SPLINE_CURVE(3,(#5908,#5909,#5910,#5911),.UNSPECIFIED.,.F.,.F.)
B_SPLINE_CURVE_WITH_KNOTS((4,4),(-1.,0.),.UNSPECIFIED.)
CURVE()
GEOMETRIC_REPRESENTATION_ITEM()
RATIONAL_B_SPLINE_CURVE((1.,1.,1.,1.))
REPRESENTATION_ITEM('')
);
#1337=(
BOUNDED_CURVE()
B_SPLINE_CURVE(3,(#5922,#5923,#5924,#5925),.UNSPECIFIED.,.F.,.F.)
B_SPLINE_CURVE_WITH_KNOTS((4,4),(0.,1.),.UNSPECIFIED.)
CURVE()
GEOMETRIC_REPRESENTATION_ITEM()
RATIONAL_B_SPLINE_CURVE((1.,1.,1.,1.))
REPRESENTATION_ITEM('')
);
#1338=(
BOUNDED_CURVE()
B_SPLINE_CURVE(3,(#5927,#5928,#5929,#5930),.UNSPECIFIED.,.F.,.F.)
B_SPLINE_CURVE_WITH_KNOTS((4,4),(-1.,0.),.UNSPECIFIED.)
CURVE()
GEOMETRIC_REPRESENTATION_ITEM()
RATIONAL_B_SPLINE_CURVE((1.,1.,1.,1.))
REPRESENTATION_ITEM('')
);
#1339=(
BOUNDED_CURVE()
B_SPLINE_CURVE(3,(#5941,#5942,#5943,#5944),.UNSPECIFIED.,.F.,.F.)
B_SPLINE_CURVE_WITH_KNOTS((4,4),(0.,1.),.UNSPECIFIED.)
CURVE()
GEOMETRIC_REPRESENTATION_ITEM()
RATIONAL_B_SPLINE_CURVE((1.,1.,1.,1.))
REPRESENTATION_ITEM('')
);
#1340=(
BOUNDED_CURVE()
B_SPLINE_CURVE(3,(#5946,#5947,#5948,#5949),.UNSPECIFIED.,.F.,.F.)
B_SPLINE_CURVE_WITH_KNOTS((4,4),(-1.,0.),.UNSPECIFIED.)
CURVE()
GEOMETRIC_REPRESENTATION_ITEM()
RATIONAL_B_SPLINE_CURVE((1.,1.,1.,1.))
REPRESENTATION_ITEM('')
);
#1341=(
BOUNDED_CURVE()
B_SPLINE_CURVE(3,(#5960,#5961,#5962,#5963),.UNSPECIFIED.,.F.,.F.)
B_SPLINE_CURVE_WITH_KNOTS((4,4),(0.,1.),.UNSPECIFIED.)
CURVE()
GEOMETRIC_REPRESENTATION_ITEM()
RATIONAL_B_SPLINE_CURVE((1.,1.,1.,1.))
REPRESENTATION_ITEM('')
);
#1342=(
BOUNDED_CURVE()
B_SPLINE_CURVE(3,(#5965,#5966,#5967,#5968),.UNSPECIFIED.,.F.,.F.)
B_SPLINE_CURVE_WITH_KNOTS((4,4),(-1.,0.),.UNSPECIFIED.)
CURVE()
GEOMETRIC_REPRESENTATION_ITEM()
RATIONAL_B_SPLINE_CURVE((1.,1.,1.,1.))
REPRESENTATION_ITEM('')
);
#1343=(
BOUNDED_CURVE()
B_SPLINE_CURVE(3,(#5985,#5986,#5987,#5988),.UNSPECIFIED.,.F.,.F.)
B_SPLINE_CURVE_WITH_KNOTS((4,4),(0.,1.),.UNSPECIFIED.)
CURVE()
GEOMETRIC_REPRESENTATION_ITEM()
RATIONAL_B_SPLINE_CURVE((1.,1.,1.,1.))
REPRESENTATION_ITEM('')
);
#1344=(
BOUNDED_CURVE()
B_SPLINE_CURVE(3,(#5990,#5991,#5992,#5993),.UNSPECIFIED.,.F.,.F.)
B_SPLINE_CURVE_WITH_KNOTS((4,4),(-1.,0.),.UNSPECIFIED.)
CURVE()
GEOMETRIC_REPRESENTATION_ITEM()
RATIONAL_B_SPLINE_CURVE((1.,1.,1.,1.))
REPRESENTATION_ITEM('')
);
#1345=(
BOUNDED_CURVE()
B_SPLINE_CURVE(3,(#6004,#6005,#6006,#6007),.UNSPECIFIED.,.F.,.F.)
B_SPLINE_CURVE_WITH_KNOTS((4,4),(0.,1.),.UNSPECIFIED.)
CURVE()
GEOMETRIC_REPRESENTATION_ITEM()
RATIONAL_B_SPLINE_CURVE((1.,1.,1.,1.))
REPRESENTATION_ITEM('')
);
#1346=(
BOUNDED_CURVE()
B_SPLINE_CURVE(3,(#6009,#6010,#6011,#6012),.UNSPECIFIED.,.F.,.F.)
B_SPLINE_CURVE_WITH_KNOTS((4,4),(-1.,0.),.UNSPECIFIED.)
CURVE()
GEOMETRIC_REPRESENTATION_ITEM()
RATIONAL_B_SPLINE_CURVE((1.,1.,1.,1.))
REPRESENTATION_ITEM('')
);
#1347=(
BOUNDED_CURVE()
B_SPLINE_CURVE(3,(#6023,#6024,#6025,#6026),.UNSPECIFIED.,.F.,.F.)
B_SPLINE_CURVE_WITH_KNOTS((4,4),(0.,1.),.UNSPECIFIED.)
CURVE()
GEOMETRIC_REPRESENTATION_ITEM()
RATIONAL_B_SPLINE_CURVE((1.,1.,1.,1.))
REPRESENTATION_ITEM('')
);
#1348=(
BOUNDED_CURVE()
B_SPLINE_CURVE(3,(#6028,#6029,#6030,#6031),.UNSPECIFIED.,.F.,.F.)
B_SPLINE_CURVE_WITH_KNOTS((4,4),(-1.,0.),.UNSPECIFIED.)
CURVE()
GEOMETRIC_REPRESENTATION_ITEM()
RATIONAL_B_SPLINE_CURVE((1.,1.,1.,1.))
REPRESENTATION_ITEM('')
);
#1349=(
BOUNDED_CURVE()
B_SPLINE_CURVE(3,(#6042,#6043,#6044,#6045),.UNSPECIFIED.,.F.,.F.)
B_SPLINE_CURVE_WITH_KNOTS((4,4),(0.,1.),.UNSPECIFIED.)
CURVE()
GEOMETRIC_REPRESENTATION_ITEM()
RATIONAL_B_SPLINE_CURVE((1.,1.,1.,1.))
REPRESENTATION_ITEM('')
);
#1350=(
BOUNDED_CURVE()
B_SPLINE_CURVE(3,(#6047,#6048,#6049,#6050),.UNSPECIFIED.,.F.,.F.)
B_SPLINE_CURVE_WITH_KNOTS((4,4),(-1.,0.),.UNSPECIFIED.)
CURVE()
GEOMETRIC_REPRESENTATION_ITEM()
RATIONAL_B_SPLINE_CURVE((1.,1.,1.,1.))
REPRESENTATION_ITEM('')
);
#1351=(
BOUNDED_CURVE()
B_SPLINE_CURVE(3,(#6061,#6062,#6063,#6064),.UNSPECIFIED.,.F.,.F.)
B_SPLINE_CURVE_WITH_KNOTS((4,4),(0.,1.),.UNSPECIFIED.)
CURVE()
GEOMETRIC_REPRESENTATION_ITEM()
RATIONAL_B_SPLINE_CURVE((1.,1.,1.,1.))
REPRESENTATION_ITEM('')
);
#1352=(
BOUNDED_CURVE()
B_SPLINE_CURVE(3,(#6066,#6067,#6068,#6069),.UNSPECIFIED.,.F.,.F.)
B_SPLINE_CURVE_WITH_KNOTS((4,4),(-1.,0.),.UNSPECIFIED.)
CURVE()
GEOMETRIC_REPRESENTATION_ITEM()
RATIONAL_B_SPLINE_CURVE((1.,1.,1.,1.))
REPRESENTATION_ITEM('')
);
#1353=(
BOUNDED_CURVE()
B_SPLINE_CURVE(3,(#6079,#6080,#6081,#6082),.UNSPECIFIED.,.F.,.F.)
B_SPLINE_CURVE_WITH_KNOTS((4,4),(0.,1.),.UNSPECIFIED.)
CURVE()
GEOMETRIC_REPRESENTATION_ITEM()
RATIONAL_B_SPLINE_CURVE((1.,1.,1.,1.))
REPRESENTATION_ITEM('')
);
#1354=(
BOUNDED_CURVE()
B_SPLINE_CURVE(3,(#6083,#6084,#6085,#6086),.UNSPECIFIED.,.F.,.F.)
B_SPLINE_CURVE_WITH_KNOTS((4,4),(-1.,0.),.UNSPECIFIED.)
CURVE()
GEOMETRIC_REPRESENTATION_ITEM()
RATIONAL_B_SPLINE_CURVE((1.,1.,1.,1.))
REPRESENTATION_ITEM('')
);
#1355=(
BOUNDED_CURVE()
B_SPLINE_CURVE(3,(#6133,#6134,#6135,#6136),.UNSPECIFIED.,.F.,.F.)
B_SPLINE_CURVE_WITH_KNOTS((4,4),(-1.,0.),.UNSPECIFIED.)
CURVE()
GEOMETRIC_REPRESENTATION_ITEM()
RATIONAL_B_SPLINE_CURVE((1.,1.,1.,1.))
REPRESENTATION_ITEM('')
);
#1356=(
BOUNDED_CURVE()
B_SPLINE_CURVE(3,(#6138,#6139,#6140,#6141),.UNSPECIFIED.,.F.,.F.)
B_SPLINE_CURVE_WITH_KNOTS((4,4),(-1.,0.),.UNSPECIFIED.)
CURVE()
GEOMETRIC_REPRESENTATION_ITEM()
RATIONAL_B_SPLINE_CURVE((1.,1.,1.,1.))
REPRESENTATION_ITEM('')
);
#1357=(
BOUNDED_CURVE()
B_SPLINE_CURVE(3,(#6152,#6153,#6154,#6155),.UNSPECIFIED.,.F.,.F.)
B_SPLINE_CURVE_WITH_KNOTS((4,4),(-1.,0.),.UNSPECIFIED.)
CURVE()
GEOMETRIC_REPRESENTATION_ITEM()
RATIONAL_B_SPLINE_CURVE((1.,1.,1.,1.))
REPRESENTATION_ITEM('')
);
#1358=(
BOUNDED_CURVE()
B_SPLINE_CURVE(3,(#6157,#6158,#6159,#6160),.UNSPECIFIED.,.F.,.F.)
B_SPLINE_CURVE_WITH_KNOTS((4,4),(-1.,0.),.UNSPECIFIED.)
CURVE()
GEOMETRIC_REPRESENTATION_ITEM()
RATIONAL_B_SPLINE_CURVE((1.,1.,1.,1.))
REPRESENTATION_ITEM('')
);
#1359=(
BOUNDED_CURVE()
B_SPLINE_CURVE(3,(#6177,#6178,#6179,#6180),.UNSPECIFIED.,.F.,.F.)
B_SPLINE_CURVE_WITH_KNOTS((4,4),(-1.,0.),.UNSPECIFIED.)
CURVE()
GEOMETRIC_REPRESENTATION_ITEM()
RATIONAL_B_SPLINE_CURVE((1.,1.,1.,1.))
REPRESENTATION_ITEM('')
);
#1360=(
BOUNDED_CURVE()
B_SPLINE_CURVE(3,(#6182,#6183,#6184,#6185),.UNSPECIFIED.,.F.,.F.)
B_SPLINE_CURVE_WITH_KNOTS((4,4),(-1.,0.),.UNSPECIFIED.)
CURVE()
GEOMETRIC_REPRESENTATION_ITEM()
RATIONAL_B_SPLINE_CURVE((1.,1.,1.,1.))
REPRESENTATION_ITEM('')
);
#1361=(
BOUNDED_CURVE()
B_SPLINE_CURVE(3,(#6195,#6196,#6197,#6198),.UNSPECIFIED.,.F.,.F.)
B_SPLINE_CURVE_WITH_KNOTS((4,4),(-1.,0.),.UNSPECIFIED.)
CURVE()
GEOMETRIC_REPRESENTATION_ITEM()
RATIONAL_B_SPLINE_CURVE((1.,1.,1.,1.))
REPRESENTATION_ITEM('')
);
#1362=(
BOUNDED_CURVE()
B_SPLINE_CURVE(3,(#6199,#6200,#6201,#6202),.UNSPECIFIED.,.F.,.F.)
B_SPLINE_CURVE_WITH_KNOTS((4,4),(-1.,0.),.UNSPECIFIED.)
CURVE()
GEOMETRIC_REPRESENTATION_ITEM()
RATIONAL_B_SPLINE_CURVE((1.,1.,1.,1.))
REPRESENTATION_ITEM('')
);
#1363=(
BOUNDED_CURVE()
B_SPLINE_CURVE(3,(#6221,#6222,#6223,#6224),.UNSPECIFIED.,.F.,.F.)
B_SPLINE_CURVE_WITH_KNOTS((4,4),(-1.,0.),.UNSPECIFIED.)
CURVE()
GEOMETRIC_REPRESENTATION_ITEM()
RATIONAL_B_SPLINE_CURVE((1.,1.,1.,1.))
REPRESENTATION_ITEM('')
);
#1364=(
BOUNDED_CURVE()
B_SPLINE_CURVE(3,(#6226,#6227,#6228,#6229),.UNSPECIFIED.,.F.,.F.)
B_SPLINE_CURVE_WITH_KNOTS((4,4),(-1.,0.),.UNSPECIFIED.)
CURVE()
GEOMETRIC_REPRESENTATION_ITEM()
RATIONAL_B_SPLINE_CURVE((1.,1.,1.,1.))
REPRESENTATION_ITEM('')
);
#1365=(
BOUNDED_CURVE()
B_SPLINE_CURVE(3,(#6240,#6241,#6242,#6243),.UNSPECIFIED.,.F.,.F.)
B_SPLINE_CURVE_WITH_KNOTS((4,4),(-1.,0.),.UNSPECIFIED.)
CURVE()
GEOMETRIC_REPRESENTATION_ITEM()
RATIONAL_B_SPLINE_CURVE((1.,1.,1.,1.))
REPRESENTATION_ITEM('')
);
#1366=(
BOUNDED_CURVE()
B_SPLINE_CURVE(3,(#6245,#6246,#6247,#6248),.UNSPECIFIED.,.F.,.F.)
B_SPLINE_CURVE_WITH_KNOTS((4,4),(-1.,0.),.UNSPECIFIED.)
CURVE()
GEOMETRIC_REPRESENTATION_ITEM()
RATIONAL_B_SPLINE_CURVE((1.,1.,1.,1.))
REPRESENTATION_ITEM('')
);
#1367=(
BOUNDED_CURVE()
B_SPLINE_CURVE(3,(#6259,#6260,#6261,#6262),.UNSPECIFIED.,.F.,.F.)
B_SPLINE_CURVE_WITH_KNOTS((4,4),(-1.,0.),.UNSPECIFIED.)
CURVE()
GEOMETRIC_REPRESENTATION_ITEM()
RATIONAL_B_SPLINE_CURVE((1.,1.,1.,1.))
REPRESENTATION_ITEM('')
);
#1368=(
BOUNDED_CURVE()
B_SPLINE_CURVE(3,(#6264,#6265,#6266,#6267),.UNSPECIFIED.,.F.,.F.)
B_SPLINE_CURVE_WITH_KNOTS((4,4),(-1.,0.),.UNSPECIFIED.)
CURVE()
GEOMETRIC_REPRESENTATION_ITEM()
RATIONAL_B_SPLINE_CURVE((1.,1.,1.,1.))
REPRESENTATION_ITEM('')
);
#1369=(
BOUNDED_CURVE()
B_SPLINE_CURVE(3,(#6278,#6279,#6280,#6281),.UNSPECIFIED.,.F.,.F.)
B_SPLINE_CURVE_WITH_KNOTS((4,4),(-1.,0.),.UNSPECIFIED.)
CURVE()
GEOMETRIC_REPRESENTATION_ITEM()
RATIONAL_B_SPLINE_CURVE((1.,1.,1.,1.))
REPRESENTATION_ITEM('')
);
#1370=(
BOUNDED_CURVE()
B_SPLINE_CURVE(3,(#6283,#6284,#6285,#6286),.UNSPECIFIED.,.F.,.F.)
B_SPLINE_CURVE_WITH_KNOTS((4,4),(-1.,0.),.UNSPECIFIED.)
CURVE()
GEOMETRIC_REPRESENTATION_ITEM()
RATIONAL_B_SPLINE_CURVE((1.,1.,1.,1.))
REPRESENTATION_ITEM('')
);
#1371=(
BOUNDED_CURVE()
B_SPLINE_CURVE(3,(#6297,#6298,#6299,#6300),.UNSPECIFIED.,.F.,.F.)
B_SPLINE_CURVE_WITH_KNOTS((4,4),(-1.,0.),.UNSPECIFIED.)
CURVE()
GEOMETRIC_REPRESENTATION_ITEM()
RATIONAL_B_SPLINE_CURVE((1.,1.,1.,1.))
REPRESENTATION_ITEM('')
);
#1372=(
BOUNDED_CURVE()
B_SPLINE_CURVE(3,(#6302,#6303,#6304,#6305),.UNSPECIFIED.,.F.,.F.)
B_SPLINE_CURVE_WITH_KNOTS((4,4),(-1.,0.),.UNSPECIFIED.)
CURVE()
GEOMETRIC_REPRESENTATION_ITEM()
RATIONAL_B_SPLINE_CURVE((1.,1.,1.,1.))
REPRESENTATION_ITEM('')
);
#1373=(
BOUNDED_CURVE()
B_SPLINE_CURVE(3,(#6315,#6316,#6317,#6318),.UNSPECIFIED.,.F.,.F.)
B_SPLINE_CURVE_WITH_KNOTS((4,4),(-1.,0.),.UNSPECIFIED.)
CURVE()
GEOMETRIC_REPRESENTATION_ITEM()
RATIONAL_B_SPLINE_CURVE((1.,1.,1.,1.))
REPRESENTATION_ITEM('')
);
#1374=(
BOUNDED_CURVE()
B_SPLINE_CURVE(3,(#6319,#6320,#6321,#6322),.UNSPECIFIED.,.F.,.F.)
B_SPLINE_CURVE_WITH_KNOTS((4,4),(-1.,0.),.UNSPECIFIED.)
CURVE()
GEOMETRIC_REPRESENTATION_ITEM()
RATIONAL_B_SPLINE_CURVE((1.,1.,1.,1.))
REPRESENTATION_ITEM('')
);
#1375=(
BOUNDED_CURVE()
B_SPLINE_CURVE(3,(#6347,#6348,#6349,#6350),.UNSPECIFIED.,.F.,.F.)
B_SPLINE_CURVE_WITH_KNOTS((4,4),(0.,1.),.UNSPECIFIED.)
CURVE()
GEOMETRIC_REPRESENTATION_ITEM()
RATIONAL_B_SPLINE_CURVE((1.,1.,1.,1.))
REPRESENTATION_ITEM('')
);
#1376=(
BOUNDED_CURVE()
B_SPLINE_CURVE(3,(#6352,#6353,#6354,#6355),.UNSPECIFIED.,.F.,.F.)
B_SPLINE_CURVE_WITH_KNOTS((4,4),(-1.,0.),.UNSPECIFIED.)
CURVE()
GEOMETRIC_REPRESENTATION_ITEM()
RATIONAL_B_SPLINE_CURVE((1.,1.,1.,1.))
REPRESENTATION_ITEM('')
);
#1377=(
BOUNDED_CURVE()
B_SPLINE_CURVE(3,(#6366,#6367,#6368,#6369),.UNSPECIFIED.,.F.,.F.)
B_SPLINE_CURVE_WITH_KNOTS((4,4),(0.,1.),.UNSPECIFIED.)
CURVE()
GEOMETRIC_REPRESENTATION_ITEM()
RATIONAL_B_SPLINE_CURVE((1.,1.,1.,1.))
REPRESENTATION_ITEM('')
);
#1378=(
BOUNDED_CURVE()
B_SPLINE_CURVE(3,(#6371,#6372,#6373,#6374),.UNSPECIFIED.,.F.,.F.)
B_SPLINE_CURVE_WITH_KNOTS((4,4),(-1.,0.),.UNSPECIFIED.)
CURVE()
GEOMETRIC_REPRESENTATION_ITEM()
RATIONAL_B_SPLINE_CURVE((1.,1.,1.,1.))
REPRESENTATION_ITEM('')
);
#1379=(
BOUNDED_CURVE()
B_SPLINE_CURVE(3,(#6385,#6386,#6387,#6388),.UNSPECIFIED.,.F.,.F.)
B_SPLINE_CURVE_WITH_KNOTS((4,4),(0.,1.),.UNSPECIFIED.)
CURVE()
GEOMETRIC_REPRESENTATION_ITEM()
RATIONAL_B_SPLINE_CURVE((1.,1.,1.,1.))
REPRESENTATION_ITEM('')
);
#1380=(
BOUNDED_CURVE()
B_SPLINE_CURVE(3,(#6390,#6391,#6392,#6393),.UNSPECIFIED.,.F.,.F.)
B_SPLINE_CURVE_WITH_KNOTS((4,4),(-1.,0.),.UNSPECIFIED.)
CURVE()
GEOMETRIC_REPRESENTATION_ITEM()
RATIONAL_B_SPLINE_CURVE((1.,1.,1.,1.))
REPRESENTATION_ITEM('')
);
#1381=(
BOUNDED_CURVE()
B_SPLINE_CURVE(3,(#6404,#6405,#6406,#6407),.UNSPECIFIED.,.F.,.F.)
B_SPLINE_CURVE_WITH_KNOTS((4,4),(0.,1.),.UNSPECIFIED.)
CURVE()
GEOMETRIC_REPRESENTATION_ITEM()
RATIONAL_B_SPLINE_CURVE((1.,1.,1.,1.))
REPRESENTATION_ITEM('')
);
#1382=(
BOUNDED_CURVE()
B_SPLINE_CURVE(3,(#6409,#6410,#6411,#6412),.UNSPECIFIED.,.F.,.F.)
B_SPLINE_CURVE_WITH_KNOTS((4,4),(-1.,0.),.UNSPECIFIED.)
CURVE()
GEOMETRIC_REPRESENTATION_ITEM()
RATIONAL_B_SPLINE_CURVE((1.,1.,1.,1.))
REPRESENTATION_ITEM('')
);
#1383=(
BOUNDED_CURVE()
B_SPLINE_CURVE(3,(#6423,#6424,#6425,#6426),.UNSPECIFIED.,.F.,.F.)
B_SPLINE_CURVE_WITH_KNOTS((4,4),(0.,1.),.UNSPECIFIED.)
CURVE()
GEOMETRIC_REPRESENTATION_ITEM()
RATIONAL_B_SPLINE_CURVE((1.,1.,1.,1.))
REPRESENTATION_ITEM('')
);
#1384=(
BOUNDED_CURVE()
B_SPLINE_CURVE(3,(#6428,#6429,#6430,#6431),.UNSPECIFIED.,.F.,.F.)
B_SPLINE_CURVE_WITH_KNOTS((4,4),(-1.,0.),.UNSPECIFIED.)
CURVE()
GEOMETRIC_REPRESENTATION_ITEM()
RATIONAL_B_SPLINE_CURVE((1.,1.,1.,1.))
REPRESENTATION_ITEM('')
);
#1385=(
BOUNDED_CURVE()
B_SPLINE_CURVE(3,(#6442,#6443,#6444,#6445),.UNSPECIFIED.,.F.,.F.)
B_SPLINE_CURVE_WITH_KNOTS((4,4),(0.,1.),.UNSPECIFIED.)
CURVE()
GEOMETRIC_REPRESENTATION_ITEM()
RATIONAL_B_SPLINE_CURVE((1.,1.,1.,1.))
REPRESENTATION_ITEM('')
);
#1386=(
BOUNDED_CURVE()
B_SPLINE_CURVE(3,(#6447,#6448,#6449,#6450),.UNSPECIFIED.,.F.,.F.)
B_SPLINE_CURVE_WITH_KNOTS((4,4),(-1.,0.),.UNSPECIFIED.)
CURVE()
GEOMETRIC_REPRESENTATION_ITEM()
RATIONAL_B_SPLINE_CURVE((1.,1.,1.,1.))
REPRESENTATION_ITEM('')
);
#1387=(
BOUNDED_CURVE()
B_SPLINE_CURVE(3,(#6461,#6462,#6463,#6464),.UNSPECIFIED.,.F.,.F.)
B_SPLINE_CURVE_WITH_KNOTS((4,4),(0.,1.),.UNSPECIFIED.)
CURVE()
GEOMETRIC_REPRESENTATION_ITEM()
RATIONAL_B_SPLINE_CURVE((1.,1.,1.,1.))
REPRESENTATION_ITEM('')
);
#1388=(
BOUNDED_CURVE()
B_SPLINE_CURVE(3,(#6466,#6467,#6468,#6469),.UNSPECIFIED.,.F.,.F.)
B_SPLINE_CURVE_WITH_KNOTS((4,4),(-1.,0.),.UNSPECIFIED.)
CURVE()
GEOMETRIC_REPRESENTATION_ITEM()
RATIONAL_B_SPLINE_CURVE((1.,1.,1.,1.))
REPRESENTATION_ITEM('')
);
#1389=(
BOUNDED_CURVE()
B_SPLINE_CURVE(3,(#6486,#6487,#6488,#6489),.UNSPECIFIED.,.F.,.F.)
B_SPLINE_CURVE_WITH_KNOTS((4,4),(0.,1.),.UNSPECIFIED.)
CURVE()
GEOMETRIC_REPRESENTATION_ITEM()
RATIONAL_B_SPLINE_CURVE((1.,1.,1.,1.))
REPRESENTATION_ITEM('')
);
#1390=(
BOUNDED_CURVE()
B_SPLINE_CURVE(3,(#6491,#6492,#6493,#6494),.UNSPECIFIED.,.F.,.F.)
B_SPLINE_CURVE_WITH_KNOTS((4,4),(-1.,0.),.UNSPECIFIED.)
CURVE()
GEOMETRIC_REPRESENTATION_ITEM()
RATIONAL_B_SPLINE_CURVE((1.,1.,1.,1.))
REPRESENTATION_ITEM('')
);
#1391=(
BOUNDED_CURVE()
B_SPLINE_CURVE(3,(#6505,#6506,#6507,#6508),.UNSPECIFIED.,.F.,.F.)
B_SPLINE_CURVE_WITH_KNOTS((4,4),(0.,1.),.UNSPECIFIED.)
CURVE()
GEOMETRIC_REPRESENTATION_ITEM()
RATIONAL_B_SPLINE_CURVE((1.,1.,1.,1.))
REPRESENTATION_ITEM('')
);
#1392=(
BOUNDED_CURVE()
B_SPLINE_CURVE(3,(#6510,#6511,#6512,#6513),.UNSPECIFIED.,.F.,.F.)
B_SPLINE_CURVE_WITH_KNOTS((4,4),(-1.,0.),.UNSPECIFIED.)
CURVE()
GEOMETRIC_REPRESENTATION_ITEM()
RATIONAL_B_SPLINE_CURVE((1.,1.,1.,1.))
REPRESENTATION_ITEM('')
);
#1393=(
BOUNDED_CURVE()
B_SPLINE_CURVE(3,(#6524,#6525,#6526,#6527),.UNSPECIFIED.,.F.,.F.)
B_SPLINE_CURVE_WITH_KNOTS((4,4),(0.,1.),.UNSPECIFIED.)
CURVE()
GEOMETRIC_REPRESENTATION_ITEM()
RATIONAL_B_SPLINE_CURVE((1.,1.,1.,1.))
REPRESENTATION_ITEM('')
);
#1394=(
BOUNDED_CURVE()
B_SPLINE_CURVE(3,(#6529,#6530,#6531,#6532),.UNSPECIFIED.,.F.,.F.)
B_SPLINE_CURVE_WITH_KNOTS((4,4),(-1.,0.),.UNSPECIFIED.)
CURVE()
GEOMETRIC_REPRESENTATION_ITEM()
RATIONAL_B_SPLINE_CURVE((1.,1.,1.,1.))
REPRESENTATION_ITEM('')
);
#1395=(
BOUNDED_CURVE()
B_SPLINE_CURVE(3,(#6575,#6576,#6577,#6578),.UNSPECIFIED.,.F.,.F.)
B_SPLINE_CURVE_WITH_KNOTS((4,4),(0.,1.),.UNSPECIFIED.)
CURVE()
GEOMETRIC_REPRESENTATION_ITEM()
RATIONAL_B_SPLINE_CURVE((1.,1.,1.,1.))
REPRESENTATION_ITEM('')
);
#1396=(
BOUNDED_CURVE()
B_SPLINE_CURVE(3,(#6580,#6581,#6582,#6583),.UNSPECIFIED.,.F.,.F.)
B_SPLINE_CURVE_WITH_KNOTS((4,4),(-1.,0.),.UNSPECIFIED.)
CURVE()
GEOMETRIC_REPRESENTATION_ITEM()
RATIONAL_B_SPLINE_CURVE((1.,1.,1.,1.))
REPRESENTATION_ITEM('')
);
#1397=(
BOUNDED_CURVE()
B_SPLINE_CURVE(3,(#6594,#6595,#6596,#6597),.UNSPECIFIED.,.F.,.F.)
B_SPLINE_CURVE_WITH_KNOTS((4,4),(0.,1.),.UNSPECIFIED.)
CURVE()
GEOMETRIC_REPRESENTATION_ITEM()
RATIONAL_B_SPLINE_CURVE((1.,1.,1.,1.))
REPRESENTATION_ITEM('')
);
#1398=(
BOUNDED_CURVE()
B_SPLINE_CURVE(3,(#6599,#6600,#6601,#6602),.UNSPECIFIED.,.F.,.F.)
B_SPLINE_CURVE_WITH_KNOTS((4,4),(-1.,0.),.UNSPECIFIED.)
CURVE()
GEOMETRIC_REPRESENTATION_ITEM()
RATIONAL_B_SPLINE_CURVE((1.,1.,1.,1.))
REPRESENTATION_ITEM('')
);
#1399=(
BOUNDED_CURVE()
B_SPLINE_CURVE(3,(#6613,#6614,#6615,#6616),.UNSPECIFIED.,.F.,.F.)
B_SPLINE_CURVE_WITH_KNOTS((4,4),(0.,1.),.UNSPECIFIED.)
CURVE()
GEOMETRIC_REPRESENTATION_ITEM()
RATIONAL_B_SPLINE_CURVE((1.,1.,1.,1.))
REPRESENTATION_ITEM('')
);
#1400=(
BOUNDED_CURVE()
B_SPLINE_CURVE(3,(#6618,#6619,#6620,#6621),.UNSPECIFIED.,.F.,.F.)
B_SPLINE_CURVE_WITH_KNOTS((4,4),(-1.,0.),.UNSPECIFIED.)
CURVE()
GEOMETRIC_REPRESENTATION_ITEM()
RATIONAL_B_SPLINE_CURVE((1.,1.,1.,1.))
REPRESENTATION_ITEM('')
);
#1401=(
BOUNDED_CURVE()
B_SPLINE_CURVE(3,(#6632,#6633,#6634,#6635),.UNSPECIFIED.,.F.,.F.)
B_SPLINE_CURVE_WITH_KNOTS((4,4),(0.,1.),.UNSPECIFIED.)
CURVE()
GEOMETRIC_REPRESENTATION_ITEM()
RATIONAL_B_SPLINE_CURVE((1.,1.,1.,1.))
REPRESENTATION_ITEM('')
);
#1402=(
BOUNDED_CURVE()
B_SPLINE_CURVE(3,(#6637,#6638,#6639,#6640),.UNSPECIFIED.,.F.,.F.)
B_SPLINE_CURVE_WITH_KNOTS((4,4),(-1.,0.),.UNSPECIFIED.)
CURVE()
GEOMETRIC_REPRESENTATION_ITEM()
RATIONAL_B_SPLINE_CURVE((1.,1.,1.,1.))
REPRESENTATION_ITEM('')
);
#1403=(
BOUNDED_CURVE()
B_SPLINE_CURVE(3,(#6651,#6652,#6653,#6654),.UNSPECIFIED.,.F.,.F.)
B_SPLINE_CURVE_WITH_KNOTS((4,4),(0.,1.),.UNSPECIFIED.)
CURVE()
GEOMETRIC_REPRESENTATION_ITEM()
RATIONAL_B_SPLINE_CURVE((1.,1.,1.,1.))
REPRESENTATION_ITEM('')
);
#1404=(
BOUNDED_CURVE()
B_SPLINE_CURVE(3,(#6656,#6657,#6658,#6659),.UNSPECIFIED.,.F.,.F.)
B_SPLINE_CURVE_WITH_KNOTS((4,4),(-1.,0.),.UNSPECIFIED.)
CURVE()
GEOMETRIC_REPRESENTATION_ITEM()
RATIONAL_B_SPLINE_CURVE((1.,1.,1.,1.))
REPRESENTATION_ITEM('')
);
#1405=(
BOUNDED_CURVE()
B_SPLINE_CURVE(3,(#6670,#6671,#6672,#6673),.UNSPECIFIED.,.F.,.F.)
B_SPLINE_CURVE_WITH_KNOTS((4,4),(0.,1.),.UNSPECIFIED.)
CURVE()
GEOMETRIC_REPRESENTATION_ITEM()
RATIONAL_B_SPLINE_CURVE((1.,1.,1.,1.))
REPRESENTATION_ITEM('')
);
#1406=(
BOUNDED_CURVE()
B_SPLINE_CURVE(3,(#6675,#6676,#6677,#6678),.UNSPECIFIED.,.F.,.F.)
B_SPLINE_CURVE_WITH_KNOTS((4,4),(-1.,0.),.UNSPECIFIED.)
CURVE()
GEOMETRIC_REPRESENTATION_ITEM()
RATIONAL_B_SPLINE_CURVE((1.,1.,1.,1.))
REPRESENTATION_ITEM('')
);
#1407=(
BOUNDED_CURVE()
B_SPLINE_CURVE(3,(#6707,#6708,#6709,#6710),.UNSPECIFIED.,.F.,.F.)
B_SPLINE_CURVE_WITH_KNOTS((4,4),(0.,1.),.UNSPECIFIED.)
CURVE()
GEOMETRIC_REPRESENTATION_ITEM()
RATIONAL_B_SPLINE_CURVE((1.,1.,1.,1.))
REPRESENTATION_ITEM('')
);
#1408=(
BOUNDED_CURVE()
B_SPLINE_CURVE(3,(#6712,#6713,#6714,#6715),.UNSPECIFIED.,.F.,.F.)
B_SPLINE_CURVE_WITH_KNOTS((4,4),(-1.,0.),.UNSPECIFIED.)
CURVE()
GEOMETRIC_REPRESENTATION_ITEM()
RATIONAL_B_SPLINE_CURVE((1.,1.,1.,1.))
REPRESENTATION_ITEM('')
);
#1409=(
BOUNDED_CURVE()
B_SPLINE_CURVE(3,(#6726,#6727,#6728,#6729),.UNSPECIFIED.,.F.,.F.)
B_SPLINE_CURVE_WITH_KNOTS((4,4),(0.,1.),.UNSPECIFIED.)
CURVE()
GEOMETRIC_REPRESENTATION_ITEM()
RATIONAL_B_SPLINE_CURVE((1.,1.,1.,1.))
REPRESENTATION_ITEM('')
);
#1410=(
BOUNDED_CURVE()
B_SPLINE_CURVE(3,(#6731,#6732,#6733,#6734),.UNSPECIFIED.,.F.,.F.)
B_SPLINE_CURVE_WITH_KNOTS((4,4),(-1.,0.),.UNSPECIFIED.)
CURVE()
GEOMETRIC_REPRESENTATION_ITEM()
RATIONAL_B_SPLINE_CURVE((1.,1.,1.,1.))
REPRESENTATION_ITEM('')
);
#1411=(
BOUNDED_CURVE()
B_SPLINE_CURVE(3,(#6745,#6746,#6747,#6748),.UNSPECIFIED.,.F.,.F.)
B_SPLINE_CURVE_WITH_KNOTS((4,4),(0.,1.),.UNSPECIFIED.)
CURVE()
GEOMETRIC_REPRESENTATION_ITEM()
RATIONAL_B_SPLINE_CURVE((1.,1.,1.,1.))
REPRESENTATION_ITEM('')
);
#1412=(
BOUNDED_CURVE()
B_SPLINE_CURVE(3,(#6750,#6751,#6752,#6753),.UNSPECIFIED.,.F.,.F.)
B_SPLINE_CURVE_WITH_KNOTS((4,4),(-1.,0.),.UNSPECIFIED.)
CURVE()
GEOMETRIC_REPRESENTATION_ITEM()
RATIONAL_B_SPLINE_CURVE((1.,1.,1.,1.))
REPRESENTATION_ITEM('')
);
#1413=(
BOUNDED_CURVE()
B_SPLINE_CURVE(3,(#6764,#6765,#6766,#6767),.UNSPECIFIED.,.F.,.F.)
B_SPLINE_CURVE_WITH_KNOTS((4,4),(0.,1.),.UNSPECIFIED.)
CURVE()
GEOMETRIC_REPRESENTATION_ITEM()
RATIONAL_B_SPLINE_CURVE((1.,1.,1.,1.))
REPRESENTATION_ITEM('')
);
#1414=(
BOUNDED_CURVE()
B_SPLINE_CURVE(3,(#6769,#6770,#6771,#6772),.UNSPECIFIED.,.F.,.F.)
B_SPLINE_CURVE_WITH_KNOTS((4,4),(-1.,0.),.UNSPECIFIED.)
CURVE()
GEOMETRIC_REPRESENTATION_ITEM()
RATIONAL_B_SPLINE_CURVE((1.,1.,1.,1.))
REPRESENTATION_ITEM('')
);
#1415=(
BOUNDED_CURVE()
B_SPLINE_CURVE(3,(#6803,#6804,#6805,#6806),.UNSPECIFIED.,.F.,.F.)
B_SPLINE_CURVE_WITH_KNOTS((4,4),(0.,1.),.UNSPECIFIED.)
CURVE()
GEOMETRIC_REPRESENTATION_ITEM()
RATIONAL_B_SPLINE_CURVE((1.,1.,1.,1.))
REPRESENTATION_ITEM('')
);
#1416=(
BOUNDED_CURVE()
B_SPLINE_CURVE(3,(#6808,#6809,#6810,#6811),.UNSPECIFIED.,.F.,.F.)
B_SPLINE_CURVE_WITH_KNOTS((4,4),(-1.,0.),.UNSPECIFIED.)
CURVE()
GEOMETRIC_REPRESENTATION_ITEM()
RATIONAL_B_SPLINE_CURVE((1.,1.,1.,1.))
REPRESENTATION_ITEM('')
);
#1417=(
BOUNDED_CURVE()
B_SPLINE_CURVE(3,(#6828,#6829,#6830,#6831),.UNSPECIFIED.,.F.,.F.)
B_SPLINE_CURVE_WITH_KNOTS((4,4),(0.,1.),.UNSPECIFIED.)
CURVE()
GEOMETRIC_REPRESENTATION_ITEM()
RATIONAL_B_SPLINE_CURVE((1.,1.,1.,1.))
REPRESENTATION_ITEM('')
);
#1418=(
BOUNDED_CURVE()
B_SPLINE_CURVE(3,(#6833,#6834,#6835,#6836),.UNSPECIFIED.,.F.,.F.)
B_SPLINE_CURVE_WITH_KNOTS((4,4),(-1.,0.),.UNSPECIFIED.)
CURVE()
GEOMETRIC_REPRESENTATION_ITEM()
RATIONAL_B_SPLINE_CURVE((1.,1.,1.,1.))
REPRESENTATION_ITEM('')
);
#1419=(
BOUNDED_CURVE()
B_SPLINE_CURVE(3,(#6847,#6848,#6849,#6850),.UNSPECIFIED.,.F.,.F.)
B_SPLINE_CURVE_WITH_KNOTS((4,4),(0.,1.),.UNSPECIFIED.)
CURVE()
GEOMETRIC_REPRESENTATION_ITEM()
RATIONAL_B_SPLINE_CURVE((1.,1.,1.,1.))
REPRESENTATION_ITEM('')
);
#1420=(
BOUNDED_CURVE()
B_SPLINE_CURVE(3,(#6852,#6853,#6854,#6855),.UNSPECIFIED.,.F.,.F.)
B_SPLINE_CURVE_WITH_KNOTS((4,4),(-1.,0.),.UNSPECIFIED.)
CURVE()
GEOMETRIC_REPRESENTATION_ITEM()
RATIONAL_B_SPLINE_CURVE((1.,1.,1.,1.))
REPRESENTATION_ITEM('')
);
#1421=(
BOUNDED_CURVE()
B_SPLINE_CURVE(3,(#6866,#6867,#6868,#6869),.UNSPECIFIED.,.F.,.F.)
B_SPLINE_CURVE_WITH_KNOTS((4,4),(0.,1.),.UNSPECIFIED.)
CURVE()
GEOMETRIC_REPRESENTATION_ITEM()
RATIONAL_B_SPLINE_CURVE((1.,1.,1.,1.))
REPRESENTATION_ITEM('')
);
#1422=(
BOUNDED_CURVE()
B_SPLINE_CURVE(3,(#6871,#6872,#6873,#6874),.UNSPECIFIED.,.F.,.F.)
B_SPLINE_CURVE_WITH_KNOTS((4,4),(-1.,0.),.UNSPECIFIED.)
CURVE()
GEOMETRIC_REPRESENTATION_ITEM()
RATIONAL_B_SPLINE_CURVE((1.,1.,1.,1.))
REPRESENTATION_ITEM('')
);
#1423=VERTEX_POINT('',#4380);
#1424=VERTEX_POINT('',#4381);
#1425=VERTEX_POINT('',#4386);
#1426=VERTEX_POINT('',#4388);
#1427=VERTEX_POINT('',#4395);
#1428=VERTEX_POINT('',#4397);
#1429=VERTEX_POINT('',#4401);
#1430=VERTEX_POINT('',#4403);
#1431=VERTEX_POINT('',#4414);
#1432=VERTEX_POINT('',#4419);
#1433=VERTEX_POINT('',#4433);
#1434=VERTEX_POINT('',#4438);
#1435=VERTEX_POINT('',#4452);
#1436=VERTEX_POINT('',#4457);
#1437=VERTEX_POINT('',#4471);
#1438=VERTEX_POINT('',#4476);
#1439=VERTEX_POINT('',#4483);
#1440=VERTEX_POINT('',#4485);
#1441=VERTEX_POINT('',#4496);
#1442=VERTEX_POINT('',#4501);
#1443=VERTEX_POINT('',#4515);
#1444=VERTEX_POINT('',#4520);
#1445=VERTEX_POINT('',#4534);
#1446=VERTEX_POINT('',#4539);
#1447=VERTEX_POINT('',#4553);
#1448=VERTEX_POINT('',#4558);
#1449=VERTEX_POINT('',#4565);
#1450=VERTEX_POINT('',#4567);
#1451=VERTEX_POINT('',#4571);
#1452=VERTEX_POINT('',#4573);
#1453=VERTEX_POINT('',#4584);
#1454=VERTEX_POINT('',#4589);
#1455=VERTEX_POINT('',#4603);
#1456=VERTEX_POINT('',#4608);
#1457=VERTEX_POINT('',#4622);
#1458=VERTEX_POINT('',#4627);
#1459=VERTEX_POINT('',#4641);
#1460=VERTEX_POINT('',#4646);
#1461=VERTEX_POINT('',#4660);
#1462=VERTEX_POINT('',#4665);
#1463=VERTEX_POINT('',#4679);
#1464=VERTEX_POINT('',#4684);
#1465=VERTEX_POINT('',#4698);
#1466=VERTEX_POINT('',#4703);
#1467=VERTEX_POINT('',#4710);
#1468=VERTEX_POINT('',#4712);
#1469=VERTEX_POINT('',#4723);
#1470=VERTEX_POINT('',#4728);
#1471=VERTEX_POINT('',#4742);
#1472=VERTEX_POINT('',#4747);
#1473=VERTEX_POINT('',#4761);
#1474=VERTEX_POINT('',#4766);
#1475=VERTEX_POINT('',#4780);
#1476=VERTEX_POINT('',#4785);
#1477=VERTEX_POINT('',#4810);
#1478=VERTEX_POINT('',#4811);
#1479=VERTEX_POINT('',#4813);
#1480=VERTEX_POINT('',#4815);
#1481=VERTEX_POINT('',#4819);
#1482=VERTEX_POINT('',#4821);
#1483=VERTEX_POINT('',#4825);
#1484=VERTEX_POINT('',#4827);
#1485=VERTEX_POINT('',#4836);
#1486=VERTEX_POINT('',#4837);
#1487=VERTEX_POINT('',#4839);
#1488=VERTEX_POINT('',#4841);
#1489=VERTEX_POINT('',#4852);
#1490=VERTEX_POINT('',#4857);
#1491=VERTEX_POINT('',#4871);
#1492=VERTEX_POINT('',#4876);
#1493=VERTEX_POINT('',#4883);
#1494=VERTEX_POINT('',#4885);
#1495=VERTEX_POINT('',#4896);
#1496=VERTEX_POINT('',#4901);
#1497=VERTEX_POINT('',#4915);
#1498=VERTEX_POINT('',#4920);
#1499=VERTEX_POINT('',#4943);
#1500=VERTEX_POINT('',#4944);
#1501=VERTEX_POINT('',#4946);
#1502=VERTEX_POINT('',#4948);
#1503=VERTEX_POINT('',#4952);
#1504=VERTEX_POINT('',#4954);
#1505=VERTEX_POINT('',#4965);
#1506=VERTEX_POINT('',#4970);
#1507=VERTEX_POINT('',#4984);
#1508=VERTEX_POINT('',#4989);
#1509=VERTEX_POINT('',#5003);
#1510=VERTEX_POINT('',#5008);
#1511=VERTEX_POINT('',#5022);
#1512=VERTEX_POINT('',#5027);
#1513=VERTEX_POINT('',#5034);
#1514=VERTEX_POINT('',#5036);
#1515=VERTEX_POINT('',#5047);
#1516=VERTEX_POINT('',#5052);
#1517=VERTEX_POINT('',#5066);
#1518=VERTEX_POINT('',#5071);
#1519=VERTEX_POINT('',#5085);
#1520=VERTEX_POINT('',#5090);
#1521=VERTEX_POINT('',#5104);
#1522=VERTEX_POINT('',#5109);
#1523=VERTEX_POINT('',#5128);
#1524=VERTEX_POINT('',#5129);
#1525=VERTEX_POINT('',#5134);
#1526=VERTEX_POINT('',#5136);
#1527=VERTEX_POINT('',#5150);
#1528=VERTEX_POINT('',#5155);
#1529=VERTEX_POINT('',#5169);
#1530=VERTEX_POINT('',#5174);
#1531=VERTEX_POINT('',#5188);
#1532=VERTEX_POINT('',#5193);
#1533=VERTEX_POINT('',#5207);
#1534=VERTEX_POINT('',#5212);
#1535=VERTEX_POINT('',#5226);
#1536=VERTEX_POINT('',#5231);
#1537=VERTEX_POINT('',#5241);
#1538=VERTEX_POINT('',#5242);
#1539=VERTEX_POINT('',#5244);
#1540=VERTEX_POINT('',#5246);
#1541=VERTEX_POINT('',#5250);
#1542=VERTEX_POINT('',#5252);
#1543=VERTEX_POINT('',#5256);
#1544=VERTEX_POINT('',#5258);
#1545=VERTEX_POINT('',#5269);
#1546=VERTEX_POINT('',#5274);
#1547=VERTEX_POINT('',#5288);
#1548=VERTEX_POINT('',#5293);
#1549=VERTEX_POINT('',#5307);
#1550=VERTEX_POINT('',#5312);
#1551=VERTEX_POINT('',#5326);
#1552=VERTEX_POINT('',#5331);
#1553=VERTEX_POINT('',#5345);
#1554=VERTEX_POINT('',#5350);
#1555=VERTEX_POINT('',#5364);
#1556=VERTEX_POINT('',#5369);
#1557=VERTEX_POINT('',#5376);
#1558=VERTEX_POINT('',#5378);
#1559=VERTEX_POINT('',#5382);
#1560=VERTEX_POINT('',#5384);
#1561=VERTEX_POINT('',#5388);
#1562=VERTEX_POINT('',#5390);
#1563=VERTEX_POINT('',#5401);
#1564=VERTEX_POINT('',#5406);
#1565=VERTEX_POINT('',#5420);
#1566=VERTEX_POINT('',#5425);
#1567=VERTEX_POINT('',#5439);
#1568=VERTEX_POINT('',#5444);
#1569=VERTEX_POINT('',#5458);
#1570=VERTEX_POINT('',#5463);
#1571=VERTEX_POINT('',#5470);
#1572=VERTEX_POINT('',#5472);
#1573=VERTEX_POINT('',#5483);
#1574=VERTEX_POINT('',#5488);
#1575=VERTEX_POINT('',#5502);
#1576=VERTEX_POINT('',#5507);
#1577=VERTEX_POINT('',#5521);
#1578=VERTEX_POINT('',#5526);
#1579=VERTEX_POINT('',#5540);
#1580=VERTEX_POINT('',#5545);
#1581=VERTEX_POINT('',#5559);
#1582=VERTEX_POINT('',#5564);
#1583=VERTEX_POINT('',#5578);
#1584=VERTEX_POINT('',#5583);
#1585=VERTEX_POINT('',#5597);
#1586=VERTEX_POINT('',#5602);
#1587=VERTEX_POINT('',#5634);
#1588=VERTEX_POINT('',#5635);
#1589=VERTEX_POINT('',#5640);
#1590=VERTEX_POINT('',#5642);
#1591=VERTEX_POINT('',#5656);
#1592=VERTEX_POINT('',#5661);
#1593=VERTEX_POINT('',#5675);
#1594=VERTEX_POINT('',#5680);
#1595=VERTEX_POINT('',#5694);
#1596=VERTEX_POINT('',#5699);
#1597=VERTEX_POINT('',#5706);
#1598=VERTEX_POINT('',#5708);
#1599=VERTEX_POINT('',#5719);
#1600=VERTEX_POINT('',#5724);
#1601=VERTEX_POINT('',#5738);
#1602=VERTEX_POINT('',#5743);
#1603=VERTEX_POINT('',#5757);
#1604=VERTEX_POINT('',#5762);
#1605=VERTEX_POINT('',#5776);
#1606=VERTEX_POINT('',#5781);
#1607=VERTEX_POINT('',#5798);
#1608=VERTEX_POINT('',#5799);
#1609=VERTEX_POINT('',#5804);
#1610=VERTEX_POINT('',#5806);
#1611=VERTEX_POINT('',#5813);
#1612=VERTEX_POINT('',#5815);
#1613=VERTEX_POINT('',#5826);
#1614=VERTEX_POINT('',#5831);
#1615=VERTEX_POINT('',#5845);
#1616=VERTEX_POINT('',#5850);
#1617=VERTEX_POINT('',#5864);
#1618=VERTEX_POINT('',#5869);
#1619=VERTEX_POINT('',#5883);
#1620=VERTEX_POINT('',#5888);
#1621=VERTEX_POINT('',#5902);
#1622=VERTEX_POINT('',#5907);
#1623=VERTEX_POINT('',#5921);
#1624=VERTEX_POINT('',#5926);
#1625=VERTEX_POINT('',#5940);
#1626=VERTEX_POINT('',#5945);
#1627=VERTEX_POINT('',#5959);
#1628=VERTEX_POINT('',#5964);
#1629=VERTEX_POINT('',#5971);
#1630=VERTEX_POINT('',#5973);
#1631=VERTEX_POINT('',#5984);
#1632=VERTEX_POINT('',#5989);
#1633=VERTEX_POINT('',#6003);
#1634=VERTEX_POINT('',#6008);
#1635=VERTEX_POINT('',#6022);
#1636=VERTEX_POINT('',#6027);
#1637=VERTEX_POINT('',#6041);
#1638=VERTEX_POINT('',#6046);
#1639=VERTEX_POINT('',#6060);
#1640=VERTEX_POINT('',#6065);
#1641=VERTEX_POINT('',#6090);
#1642=VERTEX_POINT('',#6091);
#1643=VERTEX_POINT('',#6093);
#1644=VERTEX_POINT('',#6095);
#1645=VERTEX_POINT('',#6099);
#1646=VERTEX_POINT('',#6101);
#1647=VERTEX_POINT('',#6105);
#1648=VERTEX_POINT('',#6107);
#1649=VERTEX_POINT('',#6116);
#1650=VERTEX_POINT('',#6117);
#1651=VERTEX_POINT('',#6119);
#1652=VERTEX_POINT('',#6121);
#1653=VERTEX_POINT('',#6132);
#1654=VERTEX_POINT('',#6137);
#1655=VERTEX_POINT('',#6151);
#1656=VERTEX_POINT('',#6156);
#1657=VERTEX_POINT('',#6163);
#1658=VERTEX_POINT('',#6165);
#1659=VERTEX_POINT('',#6176);
#1660=VERTEX_POINT('',#6181);
#1661=VERTEX_POINT('',#6204);
#1662=VERTEX_POINT('',#6205);
#1663=VERTEX_POINT('',#6207);
#1664=VERTEX_POINT('',#6209);
#1665=VERTEX_POINT('',#6220);
#1666=VERTEX_POINT('',#6225);
#1667=VERTEX_POINT('',#6239);
#1668=VERTEX_POINT('',#6244);
#1669=VERTEX_POINT('',#6258);
#1670=VERTEX_POINT('',#6263);
#1671=VERTEX_POINT('',#6277);
#1672=VERTEX_POINT('',#6282);
#1673=VERTEX_POINT('',#6296);
#1674=VERTEX_POINT('',#6301);
#1675=VERTEX_POINT('',#6324);
#1676=VERTEX_POINT('',#6325);
#1677=VERTEX_POINT('',#6327);
#1678=VERTEX_POINT('',#6329);
#1679=VERTEX_POINT('',#6333);
#1680=VERTEX_POINT('',#6335);
#1681=VERTEX_POINT('',#6346);
#1682=VERTEX_POINT('',#6351);
#1683=VERTEX_POINT('',#6365);
#1684=VERTEX_POINT('',#6370);
#1685=VERTEX_POINT('',#6384);
#1686=VERTEX_POINT('',#6389);
#1687=VERTEX_POINT('',#6403);
#1688=VERTEX_POINT('',#6408);
#1689=VERTEX_POINT('',#6422);
#1690=VERTEX_POINT('',#6427);
#1691=VERTEX_POINT('',#6441);
#1692=VERTEX_POINT('',#6446);
#1693=VERTEX_POINT('',#6460);
#1694=VERTEX_POINT('',#6465);
#1695=VERTEX_POINT('',#6472);
#1696=VERTEX_POINT('',#6474);
#1697=VERTEX_POINT('',#6485);
#1698=VERTEX_POINT('',#6490);
#1699=VERTEX_POINT('',#6504);
#1700=VERTEX_POINT('',#6509);
#1701=VERTEX_POINT('',#6523);
#1702=VERTEX_POINT('',#6528);
#1703=VERTEX_POINT('',#6540);
#1704=VERTEX_POINT('',#6541);
#1705=VERTEX_POINT('',#6543);
#1706=VERTEX_POINT('',#6545);
#1707=VERTEX_POINT('',#6549);
#1708=VERTEX_POINT('',#6551);
#1709=VERTEX_POINT('',#6555);
#1710=VERTEX_POINT('',#6557);
#1711=VERTEX_POINT('',#6561);
#1712=VERTEX_POINT('',#6563);
#1713=VERTEX_POINT('',#6574);
#1714=VERTEX_POINT('',#6579);
#1715=VERTEX_POINT('',#6593);
#1716=VERTEX_POINT('',#6598);
#1717=VERTEX_POINT('',#6612);
#1718=VERTEX_POINT('',#6617);
#1719=VERTEX_POINT('',#6631);
#1720=VERTEX_POINT('',#6636);
#1721=VERTEX_POINT('',#6650);
#1722=VERTEX_POINT('',#6655);
#1723=VERTEX_POINT('',#6669);
#1724=VERTEX_POINT('',#6674);
#1725=VERTEX_POINT('',#6681);
#1726=VERTEX_POINT('',#6683);
#1727=VERTEX_POINT('',#6687);
#1728=VERTEX_POINT('',#6689);
#1729=VERTEX_POINT('',#6693);
#1730=VERTEX_POINT('',#6695);
#1731=VERTEX_POINT('',#6706);
#1732=VERTEX_POINT('',#6711);
#1733=VERTEX_POINT('',#6725);
#1734=VERTEX_POINT('',#6730);
#1735=VERTEX_POINT('',#6744);
#1736=VERTEX_POINT('',#6749);
#1737=VERTEX_POINT('',#6763);
#1738=VERTEX_POINT('',#6768);
#1739=VERTEX_POINT('',#6780);
#1740=VERTEX_POINT('',#6781);
#1741=VERTEX_POINT('',#6783);
#1742=VERTEX_POINT('',#6785);
#1743=VERTEX_POINT('',#6789);
#1744=VERTEX_POINT('',#6791);
#1745=VERTEX_POINT('',#6802);
#1746=VERTEX_POINT('',#6807);
#1747=VERTEX_POINT('',#6814);
#1748=VERTEX_POINT('',#6816);
#1749=VERTEX_POINT('',#6827);
#1750=VERTEX_POINT('',#6832);
#1751=VERTEX_POINT('',#6846);
#1752=VERTEX_POINT('',#6851);
#1753=VERTEX_POINT('',#6865);
#1754=VERTEX_POINT('',#6870);
#1755=VERTEX_POINT('',#6877);
#1756=VERTEX_POINT('',#6879);
#1757=VERTEX_POINT('',#6883);
#1758=VERTEX_POINT('',#6885);
#1759=VERTEX_POINT('',#6894);
#1760=VERTEX_POINT('',#6895);
#1761=VERTEX_POINT('',#6897);
#1762=VERTEX_POINT('',#6899);
#1763=VERTEX_POINT('',#6903);
#1764=VERTEX_POINT('',#6905);
#1765=VERTEX_POINT('',#6909);
#1766=VERTEX_POINT('',#6911);
#1767=VERTEX_POINT('',#6920);
#1768=VERTEX_POINT('',#6921);
#1769=VERTEX_POINT('',#6923);
#1770=VERTEX_POINT('',#6925);
#1771=VERTEX_POINT('',#6929);
#1772=VERTEX_POINT('',#6931);
#1773=VERTEX_POINT('',#6935);
#1774=VERTEX_POINT('',#6937);
#1775=VERTEX_POINT('',#6941);
#1776=VERTEX_POINT('',#6943);
#1777=VERTEX_POINT('',#6947);
#1778=VERTEX_POINT('',#6949);
#1779=VERTEX_POINT('',#6953);
#1780=VERTEX_POINT('',#6955);
#1781=VERTEX_POINT('',#6959);
#1782=VERTEX_POINT('',#6961);
#1783=VERTEX_POINT('',#6965);
#1784=VERTEX_POINT('',#6967);
#1785=VERTEX_POINT('',#6971);
#1786=VERTEX_POINT('',#6973);
#1787=VERTEX_POINT('',#6977);
#1788=VERTEX_POINT('',#6979);
#1789=EDGE_CURVE('',#1423,#1424,#1193,.T.);
#1790=EDGE_CURVE('',#1423,#1425,#555,.T.);
#1791=EDGE_CURVE('',#1426,#1425,#1194,.T.);
#1792=EDGE_CURVE('',#1424,#1426,#556,.T.);
#1793=EDGE_CURVE('',#1424,#1427,#557,.T.);
#1794=EDGE_CURVE('',#1428,#1426,#558,.T.);
#1795=EDGE_CURVE('',#1427,#1428,#559,.T.);
#1796=EDGE_CURVE('',#1427,#1429,#560,.T.);
#1797=EDGE_CURVE('',#1430,#1428,#561,.T.);
#1798=EDGE_CURVE('',#1429,#1430,#562,.T.);
#1799=EDGE_CURVE('',#1429,#1431,#1195,.T.);
#1800=EDGE_CURVE('',#1432,#1430,#1196,.T.);
#1801=EDGE_CURVE('',#1431,#1432,#563,.T.);
#1802=EDGE_CURVE('',#1431,#1433,#1197,.T.);
#1803=EDGE_CURVE('',#1434,#1432,#1198,.T.);
#1804=EDGE_CURVE('',#1433,#1434,#564,.T.);
#1805=EDGE_CURVE('',#1433,#1435,#1199,.T.);
#1806=EDGE_CURVE('',#1436,#1434,#1200,.T.);
#1807=EDGE_CURVE('',#1435,#1436,#565,.T.);
#1808=EDGE_CURVE('',#1435,#1437,#1201,.T.);
#1809=EDGE_CURVE('',#1438,#1436,#1202,.T.);
#1810=EDGE_CURVE('',#1437,#1438,#566,.T.);
#1811=EDGE_CURVE('',#1437,#1439,#567,.T.);
#1812=EDGE_CURVE('',#1440,#1438,#568,.T.);
#1813=EDGE_CURVE('',#1439,#1440,#569,.T.);
#1814=EDGE_CURVE('',#1439,#1441,#1203,.T.);
#1815=EDGE_CURVE('',#1442,#1440,#1204,.T.);
#1816=EDGE_CURVE('',#1441,#1442,#570,.T.);
#1817=EDGE_CURVE('',#1441,#1443,#1205,.T.);
#1818=EDGE_CURVE('',#1444,#1442,#1206,.T.);
#1819=EDGE_CURVE('',#1443,#1444,#571,.T.);
#1820=EDGE_CURVE('',#1443,#1445,#1207,.T.);
#1821=EDGE_CURVE('',#1446,#1444,#1208,.T.);
#1822=EDGE_CURVE('',#1445,#1446,#572,.T.);
#1823=EDGE_CURVE('',#1445,#1447,#1209,.T.);
#1824=EDGE_CURVE('',#1448,#1446,#1210,.T.);
#1825=EDGE_CURVE('',#1447,#1448,#573,.T.);
#1826=EDGE_CURVE('',#1447,#1449,#574,.T.);
#1827=EDGE_CURVE('',#1450,#1448,#575,.T.);
#1828=EDGE_CURVE('',#1449,#1450,#576,.T.);
#1829=EDGE_CURVE('',#1449,#1451,#577,.T.);
#1830=EDGE_CURVE('',#1452,#1450,#578,.T.);
#1831=EDGE_CURVE('',#1451,#1452,#579,.T.);
#1832=EDGE_CURVE('',#1451,#1453,#1211,.T.);
#1833=EDGE_CURVE('',#1454,#1452,#1212,.T.);
#1834=EDGE_CURVE('',#1453,#1454,#580,.T.);
#1835=EDGE_CURVE('',#1453,#1455,#1213,.T.);
#1836=EDGE_CURVE('',#1456,#1454,#1214,.T.);
#1837=EDGE_CURVE('',#1455,#1456,#581,.T.);
#1838=EDGE_CURVE('',#1455,#1457,#1215,.T.);
#1839=EDGE_CURVE('',#1458,#1456,#1216,.T.);
#1840=EDGE_CURVE('',#1457,#1458,#582,.T.);
#1841=EDGE_CURVE('',#1457,#1459,#1217,.T.);
#1842=EDGE_CURVE('',#1460,#1458,#1218,.T.);
#1843=EDGE_CURVE('',#1459,#1460,#583,.T.);
#1844=EDGE_CURVE('',#1459,#1461,#1219,.T.);
#1845=EDGE_CURVE('',#1462,#1460,#1220,.T.);
#1846=EDGE_CURVE('',#1461,#1462,#584,.T.);
#1847=EDGE_CURVE('',#1461,#1463,#1221,.T.);
#1848=EDGE_CURVE('',#1464,#1462,#1222,.T.);
#1849=EDGE_CURVE('',#1463,#1464,#585,.T.);
#1850=EDGE_CURVE('',#1463,#1465,#1223,.T.);
#1851=EDGE_CURVE('',#1466,#1464,#1224,.T.);
#1852=EDGE_CURVE('',#1465,#1466,#586,.T.);
#1853=EDGE_CURVE('',#1465,#1467,#587,.T.);
#1854=EDGE_CURVE('',#1468,#1466,#588,.T.);
#1855=EDGE_CURVE('',#1467,#1468,#589,.T.);
#1856=EDGE_CURVE('',#1467,#1469,#1225,.T.);
#1857=EDGE_CURVE('',#1470,#1468,#1226,.T.);
#1858=EDGE_CURVE('',#1469,#1470,#590,.T.);
#1859=EDGE_CURVE('',#1469,#1471,#1227,.T.);
#1860=EDGE_CURVE('',#1472,#1470,#1228,.T.);
#1861=EDGE_CURVE('',#1471,#1472,#591,.T.);
#1862=EDGE_CURVE('',#1471,#1473,#1229,.T.);
#1863=EDGE_CURVE('',#1474,#1472,#1230,.T.);
#1864=EDGE_CURVE('',#1473,#1474,#592,.T.);
#1865=EDGE_CURVE('',#1473,#1475,#1231,.T.);
#1866=EDGE_CURVE('',#1476,#1474,#1232,.T.);
#1867=EDGE_CURVE('',#1475,#1476,#593,.T.);
#1868=EDGE_CURVE('',#1475,#1423,#1233,.T.);
#1869=EDGE_CURVE('',#1425,#1476,#1234,.T.);
#1870=EDGE_CURVE('',#1477,#1478,#594,.T.);
#1871=EDGE_CURVE('',#1477,#1479,#595,.T.);
#1872=EDGE_CURVE('',#1480,#1479,#596,.T.);
#1873=EDGE_CURVE('',#1478,#1480,#597,.T.);
#1874=EDGE_CURVE('',#1478,#1481,#598,.T.);
#1875=EDGE_CURVE('',#1482,#1480,#599,.T.);
#1876=EDGE_CURVE('',#1481,#1482,#600,.T.);
#1877=EDGE_CURVE('',#1481,#1483,#601,.T.);
#1878=EDGE_CURVE('',#1484,#1482,#602,.T.);
#1879=EDGE_CURVE('',#1483,#1484,#603,.T.);
#1880=EDGE_CURVE('',#1483,#1477,#604,.T.);
#1881=EDGE_CURVE('',#1479,#1484,#605,.T.);
#1882=EDGE_CURVE('',#1485,#1486,#606,.T.);
#1883=EDGE_CURVE('',#1486,#1487,#607,.T.);
#1884=EDGE_CURVE('',#1488,#1487,#608,.T.);
#1885=EDGE_CURVE('',#1485,#1488,#609,.T.);
#1886=EDGE_CURVE('',#1489,#1485,#1235,.T.);
#1887=EDGE_CURVE('',#1490,#1488,#1236,.T.);
#1888=EDGE_CURVE('',#1489,#1490,#610,.T.);
#1889=EDGE_CURVE('',#1491,#1489,#1237,.T.);
#1890=EDGE_CURVE('',#1492,#1490,#1238,.T.);
#1891=EDGE_CURVE('',#1491,#1492,#611,.T.);
#1892=EDGE_CURVE('',#1493,#1491,#612,.T.);
#1893=EDGE_CURVE('',#1494,#1492,#613,.T.);
#1894=EDGE_CURVE('',#1493,#1494,#614,.T.);
#1895=EDGE_CURVE('',#1495,#1493,#1239,.T.);
#1896=EDGE_CURVE('',#1496,#1494,#1240,.T.);
#1897=EDGE_CURVE('',#1495,#1496,#615,.T.);
#1898=EDGE_CURVE('',#1497,#1495,#1241,.T.);
#1899=EDGE_CURVE('',#1498,#1496,#1242,.T.);
#1900=EDGE_CURVE('',#1497,#1498,#616,.T.);
#1901=EDGE_CURVE('',#1486,#1497,#1243,.T.);
#1902=EDGE_CURVE('',#1487,#1498,#1244,.T.);
#1903=EDGE_CURVE('',#1499,#1500,#617,.T.);
#1904=EDGE_CURVE('',#1499,#1501,#618,.T.);
#1905=EDGE_CURVE('',#1502,#1501,#619,.T.);
#1906=EDGE_CURVE('',#1500,#1502,#620,.T.);
#1907=EDGE_CURVE('',#1500,#1503,#621,.T.);
#1908=EDGE_CURVE('',#1504,#1502,#622,.T.);
#1909=EDGE_CURVE('',#1503,#1504,#623,.T.);
#1910=EDGE_CURVE('',#1503,#1505,#1245,.T.);
#1911=EDGE_CURVE('',#1506,#1504,#1246,.T.);
#1912=EDGE_CURVE('',#1505,#1506,#624,.T.);
#1913=EDGE_CURVE('',#1505,#1507,#1247,.T.);
#1914=EDGE_CURVE('',#1508,#1506,#1248,.T.);
#1915=EDGE_CURVE('',#1507,#1508,#625,.T.);
#1916=EDGE_CURVE('',#1507,#1509,#1249,.T.);
#1917=EDGE_CURVE('',#1510,#1508,#1250,.T.);
#1918=EDGE_CURVE('',#1509,#1510,#626,.T.);
#1919=EDGE_CURVE('',#1509,#1511,#1251,.T.);
#1920=EDGE_CURVE('',#1512,#1510,#1252,.T.);
#1921=EDGE_CURVE('',#1511,#1512,#627,.T.);
#1922=EDGE_CURVE('',#1511,#1513,#628,.T.);
#1923=EDGE_CURVE('',#1514,#1512,#629,.T.);
#1924=EDGE_CURVE('',#1513,#1514,#630,.T.);
#1925=EDGE_CURVE('',#1513,#1515,#1253,.T.);
#1926=EDGE_CURVE('',#1516,#1514,#1254,.T.);
#1927=EDGE_CURVE('',#1515,#1516,#631,.T.);
#1928=EDGE_CURVE('',#1515,#1517,#1255,.T.);
#1929=EDGE_CURVE('',#1518,#1516,#1256,.T.);
#1930=EDGE_CURVE('',#1517,#1518,#632,.T.);
#1931=EDGE_CURVE('',#1517,#1519,#1257,.T.);
#1932=EDGE_CURVE('',#1520,#1518,#1258,.T.);
#1933=EDGE_CURVE('',#1519,#1520,#633,.T.);
#1934=EDGE_CURVE('',#1519,#1521,#1259,.T.);
#1935=EDGE_CURVE('',#1522,#1520,#1260,.T.);
#1936=EDGE_CURVE('',#1521,#1522,#634,.T.);
#1937=EDGE_CURVE('',#1521,#1499,#635,.T.);
#1938=EDGE_CURVE('',#1501,#1522,#636,.T.);
#1939=EDGE_CURVE('',#1523,#1524,#1261,.T.);
#1940=EDGE_CURVE('',#1524,#1525,#637,.T.);
#1941=EDGE_CURVE('',#1526,#1525,#1262,.T.);
#1942=EDGE_CURVE('',#1523,#1526,#638,.T.);
#1943=EDGE_CURVE('',#1527,#1523,#1263,.T.);
#1944=EDGE_CURVE('',#1528,#1526,#1264,.T.);
#1945=EDGE_CURVE('',#1527,#1528,#639,.T.);
#1946=EDGE_CURVE('',#1529,#1527,#1265,.T.);
#1947=EDGE_CURVE('',#1530,#1528,#1266,.T.);
#1948=EDGE_CURVE('',#1529,#1530,#640,.T.);
#1949=EDGE_CURVE('',#1531,#1529,#1267,.T.);
#1950=EDGE_CURVE('',#1532,#1530,#1268,.T.);
#1951=EDGE_CURVE('',#1531,#1532,#641,.T.);
#1952=EDGE_CURVE('',#1533,#1531,#1269,.T.);
#1953=EDGE_CURVE('',#1534,#1532,#1270,.T.);
#1954=EDGE_CURVE('',#1533,#1534,#642,.T.);
#1955=EDGE_CURVE('',#1535,#1533,#1271,.T.);
#1956=EDGE_CURVE('',#1536,#1534,#1272,.T.);
#1957=EDGE_CURVE('',#1535,#1536,#643,.T.);
#1958=EDGE_CURVE('',#1524,#1535,#644,.T.);
#1959=EDGE_CURVE('',#1525,#1536,#645,.T.);
#1960=EDGE_CURVE('',#1537,#1538,#646,.T.);
#1961=EDGE_CURVE('',#1537,#1539,#647,.T.);
#1962=EDGE_CURVE('',#1540,#1539,#648,.T.);
#1963=EDGE_CURVE('',#1538,#1540,#649,.T.);
#1964=EDGE_CURVE('',#1538,#1541,#650,.T.);
#1965=EDGE_CURVE('',#1542,#1540,#651,.T.);
#1966=EDGE_CURVE('',#1541,#1542,#652,.T.);
#1967=EDGE_CURVE('',#1541,#1543,#653,.T.);
#1968=EDGE_CURVE('',#1544,#1542,#654,.T.);
#1969=EDGE_CURVE('',#1543,#1544,#655,.T.);
#1970=EDGE_CURVE('',#1543,#1545,#1273,.T.);
#1971=EDGE_CURVE('',#1546,#1544,#1274,.T.);
#1972=EDGE_CURVE('',#1545,#1546,#656,.T.);
#1973=EDGE_CURVE('',#1545,#1547,#1275,.T.);
#1974=EDGE_CURVE('',#1548,#1546,#1276,.T.);
#1975=EDGE_CURVE('',#1547,#1548,#657,.T.);
#1976=EDGE_CURVE('',#1547,#1549,#1277,.T.);
#1977=EDGE_CURVE('',#1550,#1548,#1278,.T.);
#1978=EDGE_CURVE('',#1549,#1550,#658,.T.);
#1979=EDGE_CURVE('',#1549,#1551,#1279,.T.);
#1980=EDGE_CURVE('',#1552,#1550,#1280,.T.);
#1981=EDGE_CURVE('',#1551,#1552,#659,.T.);
#1982=EDGE_CURVE('',#1551,#1553,#1281,.T.);
#1983=EDGE_CURVE('',#1554,#1552,#1282,.T.);
#1984=EDGE_CURVE('',#1553,#1554,#660,.T.);
#1985=EDGE_CURVE('',#1553,#1555,#1283,.T.);
#1986=EDGE_CURVE('',#1556,#1554,#1284,.T.);
#1987=EDGE_CURVE('',#1555,#1556,#661,.T.);
#1988=EDGE_CURVE('',#1555,#1557,#662,.T.);
#1989=EDGE_CURVE('',#1558,#1556,#663,.T.);
#1990=EDGE_CURVE('',#1557,#1558,#664,.T.);
#1991=EDGE_CURVE('',#1557,#1559,#665,.T.);
#1992=EDGE_CURVE('',#1560,#1558,#666,.T.);
#1993=EDGE_CURVE('',#1559,#1560,#667,.T.);
#1994=EDGE_CURVE('',#1559,#1561,#668,.T.);
#1995=EDGE_CURVE('',#1562,#1560,#669,.T.);
#1996=EDGE_CURVE('',#1561,#1562,#670,.T.);
#1997=EDGE_CURVE('',#1561,#1563,#1285,.T.);
#1998=EDGE_CURVE('',#1564,#1562,#1286,.T.);
#1999=EDGE_CURVE('',#1563,#1564,#671,.T.);
#2000=EDGE_CURVE('',#1563,#1565,#1287,.T.);
#2001=EDGE_CURVE('',#1566,#1564,#1288,.T.);
#2002=EDGE_CURVE('',#1565,#1566,#672,.T.);
#2003=EDGE_CURVE('',#1565,#1567,#1289,.T.);
#2004=EDGE_CURVE('',#1568,#1566,#1290,.T.);
#2005=EDGE_CURVE('',#1567,#1568,#673,.T.);
#2006=EDGE_CURVE('',#1567,#1569,#1291,.T.);
#2007=EDGE_CURVE('',#1570,#1568,#1292,.T.);
#2008=EDGE_CURVE('',#1569,#1570,#674,.T.);
#2009=EDGE_CURVE('',#1569,#1571,#675,.T.);
#2010=EDGE_CURVE('',#1572,#1570,#676,.T.);
#2011=EDGE_CURVE('',#1571,#1572,#677,.T.);
#2012=EDGE_CURVE('',#1571,#1573,#1293,.T.);
#2013=EDGE_CURVE('',#1574,#1572,#1294,.T.);
#2014=EDGE_CURVE('',#1573,#1574,#678,.T.);
#2015=EDGE_CURVE('',#1573,#1575,#1295,.T.);
#2016=EDGE_CURVE('',#1576,#1574,#1296,.T.);
#2017=EDGE_CURVE('',#1575,#1576,#679,.T.);
#2018=EDGE_CURVE('',#1575,#1577,#1297,.T.);
#2019=EDGE_CURVE('',#1578,#1576,#1298,.T.);
#2020=EDGE_CURVE('',#1577,#1578,#680,.T.);
#2021=EDGE_CURVE('',#1577,#1579,#1299,.T.);
#2022=EDGE_CURVE('',#1580,#1578,#1300,.T.);
#2023=EDGE_CURVE('',#1579,#1580,#681,.T.);
#2024=EDGE_CURVE('',#1579,#1581,#1301,.T.);
#2025=EDGE_CURVE('',#1582,#1580,#1302,.T.);
#2026=EDGE_CURVE('',#1581,#1582,#682,.T.);
#2027=EDGE_CURVE('',#1581,#1583,#1303,.T.);
#2028=EDGE_CURVE('',#1584,#1582,#1304,.T.);
#2029=EDGE_CURVE('',#1583,#1584,#683,.T.);
#2030=EDGE_CURVE('',#1583,#1585,#1305,.T.);
#2031=EDGE_CURVE('',#1586,#1584,#1306,.T.);
#2032=EDGE_CURVE('',#1585,#1586,#684,.T.);
#2033=EDGE_CURVE('',#1585,#1537,#1307,.T.);
#2034=EDGE_CURVE('',#1539,#1586,#1308,.T.);
#2035=EDGE_CURVE('',#1587,#1588,#1309,.T.);
#2036=EDGE_CURVE('',#1588,#1589,#685,.T.);
#2037=EDGE_CURVE('',#1590,#1589,#1310,.T.);
#2038=EDGE_CURVE('',#1587,#1590,#686,.T.);
#2039=EDGE_CURVE('',#1591,#1587,#1311,.T.);
#2040=EDGE_CURVE('',#1592,#1590,#1312,.T.);
#2041=EDGE_CURVE('',#1591,#1592,#687,.T.);
#2042=EDGE_CURVE('',#1593,#1591,#1313,.T.);
#2043=EDGE_CURVE('',#1594,#1592,#1314,.T.);
#2044=EDGE_CURVE('',#1593,#1594,#688,.T.);
#2045=EDGE_CURVE('',#1595,#1593,#1315,.T.);
#2046=EDGE_CURVE('',#1596,#1594,#1316,.T.);
#2047=EDGE_CURVE('',#1595,#1596,#689,.T.);
#2048=EDGE_CURVE('',#1597,#1595,#690,.T.);
#2049=EDGE_CURVE('',#1598,#1596,#691,.T.);
#2050=EDGE_CURVE('',#1597,#1598,#692,.T.);
#2051=EDGE_CURVE('',#1599,#1597,#1317,.T.);
#2052=EDGE_CURVE('',#1600,#1598,#1318,.T.);
#2053=EDGE_CURVE('',#1599,#1600,#693,.T.);
#2054=EDGE_CURVE('',#1601,#1599,#1319,.T.);
#2055=EDGE_CURVE('',#1602,#1600,#1320,.T.);
#2056=EDGE_CURVE('',#1601,#1602,#694,.T.);
#2057=EDGE_CURVE('',#1603,#1601,#1321,.T.);
#2058=EDGE_CURVE('',#1604,#1602,#1322,.T.);
#2059=EDGE_CURVE('',#1603,#1604,#695,.T.);
#2060=EDGE_CURVE('',#1605,#1603,#1323,.T.);
#2061=EDGE_CURVE('',#1606,#1604,#1324,.T.);
#2062=EDGE_CURVE('',#1605,#1606,#696,.T.);
#2063=EDGE_CURVE('',#1588,#1605,#697,.T.);
#2064=EDGE_CURVE('',#1589,#1606,#698,.T.);
#2065=EDGE_CURVE('',#1607,#1608,#1325,.T.);
#2066=EDGE_CURVE('',#1607,#1609,#699,.T.);
#2067=EDGE_CURVE('',#1610,#1609,#1326,.T.);
#2068=EDGE_CURVE('',#1608,#1610,#700,.T.);
#2069=EDGE_CURVE('',#1608,#1611,#701,.T.);
#2070=EDGE_CURVE('',#1612,#1610,#702,.T.);
#2071=EDGE_CURVE('',#1611,#1612,#703,.T.);
#2072=EDGE_CURVE('',#1611,#1613,#1327,.T.);
#2073=EDGE_CURVE('',#1614,#1612,#1328,.T.);
#2074=EDGE_CURVE('',#1613,#1614,#704,.T.);
#2075=EDGE_CURVE('',#1613,#1615,#1329,.T.);
#2076=EDGE_CURVE('',#1616,#1614,#1330,.T.);
#2077=EDGE_CURVE('',#1615,#1616,#705,.T.);
#2078=EDGE_CURVE('',#1615,#1617,#1331,.T.);
#2079=EDGE_CURVE('',#1618,#1616,#1332,.T.);
#2080=EDGE_CURVE('',#1617,#1618,#706,.T.);
#2081=EDGE_CURVE('',#1617,#1619,#1333,.T.);
#2082=EDGE_CURVE('',#1620,#1618,#1334,.T.);
#2083=EDGE_CURVE('',#1619,#1620,#707,.T.);
#2084=EDGE_CURVE('',#1619,#1621,#1335,.T.);
#2085=EDGE_CURVE('',#1622,#1620,#1336,.T.);
#2086=EDGE_CURVE('',#1621,#1622,#708,.T.);
#2087=EDGE_CURVE('',#1621,#1623,#1337,.T.);
#2088=EDGE_CURVE('',#1624,#1622,#1338,.T.);
#2089=EDGE_CURVE('',#1623,#1624,#709,.T.);
#2090=EDGE_CURVE('',#1623,#1625,#1339,.T.);
#2091=EDGE_CURVE('',#1626,#1624,#1340,.T.);
#2092=EDGE_CURVE('',#1625,#1626,#710,.T.);
#2093=EDGE_CURVE('',#1625,#1627,#1341,.T.);
#2094=EDGE_CURVE('',#1628,#1626,#1342,.T.);
#2095=EDGE_CURVE('',#1627,#1628,#711,.T.);
#2096=EDGE_CURVE('',#1627,#1629,#712,.T.);
#2097=EDGE_CURVE('',#1630,#1628,#713,.T.);
#2098=EDGE_CURVE('',#1629,#1630,#714,.T.);
#2099=EDGE_CURVE('',#1629,#1631,#1343,.T.);
#2100=EDGE_CURVE('',#1632,#1630,#1344,.T.);
#2101=EDGE_CURVE('',#1631,#1632,#715,.T.);
#2102=EDGE_CURVE('',#1631,#1633,#1345,.T.);
#2103=EDGE_CURVE('',#1634,#1632,#1346,.T.);
#2104=EDGE_CURVE('',#1633,#1634,#716,.T.);
#2105=EDGE_CURVE('',#1633,#1635,#1347,.T.);
#2106=EDGE_CURVE('',#1636,#1634,#1348,.T.);
#2107=EDGE_CURVE('',#1635,#1636,#717,.T.);
#2108=EDGE_CURVE('',#1635,#1637,#1349,.T.);
#2109=EDGE_CURVE('',#1638,#1636,#1350,.T.);
#2110=EDGE_CURVE('',#1637,#1638,#718,.T.);
#2111=EDGE_CURVE('',#1637,#1639,#1351,.T.);
#2112=EDGE_CURVE('',#1640,#1638,#1352,.T.);
#2113=EDGE_CURVE('',#1639,#1640,#719,.T.);
#2114=EDGE_CURVE('',#1639,#1607,#1353,.T.);
#2115=EDGE_CURVE('',#1609,#1640,#1354,.T.);
#2116=EDGE_CURVE('',#1641,#1642,#720,.T.);
#2117=EDGE_CURVE('',#1642,#1643,#721,.T.);
#2118=EDGE_CURVE('',#1644,#1643,#722,.T.);
#2119=EDGE_CURVE('',#1641,#1644,#723,.T.);
#2120=EDGE_CURVE('',#1645,#1641,#724,.T.);
#2121=EDGE_CURVE('',#1646,#1644,#725,.T.);
#2122=EDGE_CURVE('',#1645,#1646,#726,.T.);
#2123=EDGE_CURVE('',#1647,#1645,#727,.T.);
#2124=EDGE_CURVE('',#1648,#1646,#728,.T.);
#2125=EDGE_CURVE('',#1647,#1648,#729,.T.);
#2126=EDGE_CURVE('',#1642,#1647,#730,.T.);
#2127=EDGE_CURVE('',#1643,#1648,#731,.T.);
#2128=EDGE_CURVE('',#1649,#1650,#732,.T.);
#2129=EDGE_CURVE('',#1650,#1651,#733,.T.);
#2130=EDGE_CURVE('',#1652,#1651,#734,.T.);
#2131=EDGE_CURVE('',#1649,#1652,#735,.T.);
#2132=EDGE_CURVE('',#1653,#1649,#1355,.T.);
#2133=EDGE_CURVE('',#1654,#1652,#1356,.T.);
#2134=EDGE_CURVE('',#1653,#1654,#736,.T.);
#2135=EDGE_CURVE('',#1655,#1653,#1357,.T.);
#2136=EDGE_CURVE('',#1656,#1654,#1358,.T.);
#2137=EDGE_CURVE('',#1655,#1656,#737,.T.);
#2138=EDGE_CURVE('',#1657,#1655,#738,.T.);
#2139=EDGE_CURVE('',#1658,#1656,#739,.T.);
#2140=EDGE_CURVE('',#1657,#1658,#740,.T.);
#2141=EDGE_CURVE('',#1659,#1657,#1359,.T.);
#2142=EDGE_CURVE('',#1660,#1658,#1360,.T.);
#2143=EDGE_CURVE('',#1659,#1660,#741,.T.);
#2144=EDGE_CURVE('',#1650,#1659,#1361,.T.);
#2145=EDGE_CURVE('',#1651,#1660,#1362,.T.);
#2146=EDGE_CURVE('',#1661,#1662,#742,.T.);
#2147=EDGE_CURVE('',#1662,#1663,#743,.T.);
#2148=EDGE_CURVE('',#1664,#1663,#744,.T.);
#2149=EDGE_CURVE('',#1661,#1664,#745,.T.);
#2150=EDGE_CURVE('',#1665,#1661,#1363,.T.);
#2151=EDGE_CURVE('',#1666,#1664,#1364,.T.);
#2152=EDGE_CURVE('',#1665,#1666,#746,.T.);
#2153=EDGE_CURVE('',#1667,#1665,#1365,.T.);
#2154=EDGE_CURVE('',#1668,#1666,#1366,.T.);
#2155=EDGE_CURVE('',#1667,#1668,#747,.T.);
#2156=EDGE_CURVE('',#1669,#1667,#1367,.T.);
#2157=EDGE_CURVE('',#1670,#1668,#1368,.T.);
#2158=EDGE_CURVE('',#1669,#1670,#748,.T.);
#2159=EDGE_CURVE('',#1671,#1669,#1369,.T.);
#2160=EDGE_CURVE('',#1672,#1670,#1370,.T.);
#2161=EDGE_CURVE('',#1671,#1672,#749,.T.);
#2162=EDGE_CURVE('',#1673,#1671,#1371,.T.);
#2163=EDGE_CURVE('',#1674,#1672,#1372,.T.);
#2164=EDGE_CURVE('',#1673,#1674,#750,.T.);
#2165=EDGE_CURVE('',#1662,#1673,#1373,.T.);
#2166=EDGE_CURVE('',#1663,#1674,#1374,.T.);
#2167=EDGE_CURVE('',#1675,#1676,#751,.T.);
#2168=EDGE_CURVE('',#1675,#1677,#752,.T.);
#2169=EDGE_CURVE('',#1678,#1677,#753,.T.);
#2170=EDGE_CURVE('',#1676,#1678,#754,.T.);
#2171=EDGE_CURVE('',#1676,#1679,#755,.T.);
#2172=EDGE_CURVE('',#1680,#1678,#756,.T.);
#2173=EDGE_CURVE('',#1679,#1680,#757,.T.);
#2174=EDGE_CURVE('',#1679,#1681,#1375,.T.);
#2175=EDGE_CURVE('',#1682,#1680,#1376,.T.);
#2176=EDGE_CURVE('',#1681,#1682,#758,.T.);
#2177=EDGE_CURVE('',#1681,#1683,#1377,.T.);
#2178=EDGE_CURVE('',#1684,#1682,#1378,.T.);
#2179=EDGE_CURVE('',#1683,#1684,#759,.T.);
#2180=EDGE_CURVE('',#1683,#1685,#1379,.T.);
#2181=EDGE_CURVE('',#1686,#1684,#1380,.T.);
#2182=EDGE_CURVE('',#1685,#1686,#760,.T.);
#2183=EDGE_CURVE('',#1685,#1687,#1381,.T.);
#2184=EDGE_CURVE('',#1688,#1686,#1382,.T.);
#2185=EDGE_CURVE('',#1687,#1688,#761,.T.);
#2186=EDGE_CURVE('',#1687,#1689,#1383,.T.);
#2187=EDGE_CURVE('',#1690,#1688,#1384,.T.);
#2188=EDGE_CURVE('',#1689,#1690,#762,.T.);
#2189=EDGE_CURVE('',#1689,#1691,#1385,.T.);
#2190=EDGE_CURVE('',#1692,#1690,#1386,.T.);
#2191=EDGE_CURVE('',#1691,#1692,#763,.T.);
#2192=EDGE_CURVE('',#1691,#1693,#1387,.T.);
#2193=EDGE_CURVE('',#1694,#1692,#1388,.T.);
#2194=EDGE_CURVE('',#1693,#1694,#764,.T.);
#2195=EDGE_CURVE('',#1693,#1695,#765,.T.);
#2196=EDGE_CURVE('',#1696,#1694,#766,.T.);
#2197=EDGE_CURVE('',#1695,#1696,#767,.T.);
#2198=EDGE_CURVE('',#1695,#1697,#1389,.T.);
#2199=EDGE_CURVE('',#1698,#1696,#1390,.T.);
#2200=EDGE_CURVE('',#1697,#1698,#768,.T.);
#2201=EDGE_CURVE('',#1697,#1699,#1391,.T.);
#2202=EDGE_CURVE('',#1700,#1698,#1392,.T.);
#2203=EDGE_CURVE('',#1699,#1700,#769,.T.);
#2204=EDGE_CURVE('',#1699,#1701,#1393,.T.);
#2205=EDGE_CURVE('',#1702,#1700,#1394,.T.);
#2206=EDGE_CURVE('',#1701,#1702,#770,.T.);
#2207=EDGE_CURVE('',#1701,#1675,#771,.T.);
#2208=EDGE_CURVE('',#1677,#1702,#772,.T.);
#2209=EDGE_CURVE('',#1703,#1704,#773,.T.);
#2210=EDGE_CURVE('',#1703,#1705,#774,.T.);
#2211=EDGE_CURVE('',#1706,#1705,#775,.T.);
#2212=EDGE_CURVE('',#1704,#1706,#776,.T.);
#2213=EDGE_CURVE('',#1704,#1707,#777,.T.);
#2214=EDGE_CURVE('',#1708,#1706,#778,.T.);
#2215=EDGE_CURVE('',#1707,#1708,#779,.T.);
#2216=EDGE_CURVE('',#1707,#1709,#780,.T.);
#2217=EDGE_CURVE('',#1710,#1708,#781,.T.);
#2218=EDGE_CURVE('',#1709,#1710,#782,.T.);
#2219=EDGE_CURVE('',#1709,#1711,#783,.T.);
#2220=EDGE_CURVE('',#1712,#1710,#784,.T.);
#2221=EDGE_CURVE('',#1711,#1712,#785,.T.);
#2222=EDGE_CURVE('',#1711,#1713,#1395,.T.);
#2223=EDGE_CURVE('',#1714,#1712,#1396,.T.);
#2224=EDGE_CURVE('',#1713,#1714,#786,.T.);
#2225=EDGE_CURVE('',#1713,#1715,#1397,.T.);
#2226=EDGE_CURVE('',#1716,#1714,#1398,.T.);
#2227=EDGE_CURVE('',#1715,#1716,#787,.T.);
#2228=EDGE_CURVE('',#1715,#1717,#1399,.T.);
#2229=EDGE_CURVE('',#1718,#1716,#1400,.T.);
#2230=EDGE_CURVE('',#1717,#1718,#788,.T.);
#2231=EDGE_CURVE('',#1717,#1719,#1401,.T.);
#2232=EDGE_CURVE('',#1720,#1718,#1402,.T.);
#2233=EDGE_CURVE('',#1719,#1720,#789,.T.);
#2234=EDGE_CURVE('',#1719,#1721,#1403,.T.);
#2235=EDGE_CURVE('',#1722,#1720,#1404,.T.);
#2236=EDGE_CURVE('',#1721,#1722,#790,.T.);
#2237=EDGE_CURVE('',#1721,#1723,#1405,.T.);
#2238=EDGE_CURVE('',#1724,#1722,#1406,.T.);
#2239=EDGE_CURVE('',#1723,#1724,#791,.T.);
#2240=EDGE_CURVE('',#1723,#1725,#792,.T.);
#2241=EDGE_CURVE('',#1726,#1724,#793,.T.);
#2242=EDGE_CURVE('',#1725,#1726,#794,.T.);
#2243=EDGE_CURVE('',#1725,#1727,#795,.T.);
#2244=EDGE_CURVE('',#1728,#1726,#796,.T.);
#2245=EDGE_CURVE('',#1727,#1728,#797,.T.);
#2246=EDGE_CURVE('',#1727,#1729,#798,.T.);
#2247=EDGE_CURVE('',#1730,#1728,#799,.T.);
#2248=EDGE_CURVE('',#1729,#1730,#800,.T.);
#2249=EDGE_CURVE('',#1729,#1731,#1407,.T.);
#2250=EDGE_CURVE('',#1732,#1730,#1408,.T.);
#2251=EDGE_CURVE('',#1731,#1732,#801,.T.);
#2252=EDGE_CURVE('',#1731,#1733,#1409,.T.);
#2253=EDGE_CURVE('',#1734,#1732,#1410,.T.);
#2254=EDGE_CURVE('',#1733,#1734,#802,.T.);
#2255=EDGE_CURVE('',#1733,#1735,#1411,.T.);
#2256=EDGE_CURVE('',#1736,#1734,#1412,.T.);
#2257=EDGE_CURVE('',#1735,#1736,#803,.T.);
#2258=EDGE_CURVE('',#1735,#1737,#1413,.T.);
#2259=EDGE_CURVE('',#1738,#1736,#1414,.T.);
#2260=EDGE_CURVE('',#1737,#1738,#804,.T.);
#2261=EDGE_CURVE('',#1737,#1703,#805,.T.);
#2262=EDGE_CURVE('',#1705,#1738,#806,.T.);
#2263=EDGE_CURVE('',#1739,#1740,#807,.T.);
#2264=EDGE_CURVE('',#1739,#1741,#808,.T.);
#2265=EDGE_CURVE('',#1742,#1741,#809,.T.);
#2266=EDGE_CURVE('',#1740,#1742,#810,.T.);
#2267=EDGE_CURVE('',#1740,#1743,#811,.T.);
#2268=EDGE_CURVE('',#1744,#1742,#812,.T.);
#2269=EDGE_CURVE('',#1743,#1744,#813,.T.);
#2270=EDGE_CURVE('',#1743,#1745,#1415,.T.);
#2271=EDGE_CURVE('',#1746,#1744,#1416,.T.);
#2272=EDGE_CURVE('',#1745,#1746,#814,.T.);
#2273=EDGE_CURVE('',#1745,#1747,#815,.T.);
#2274=EDGE_CURVE('',#1748,#1746,#816,.T.);
#2275=EDGE_CURVE('',#1747,#1748,#817,.T.);
#2276=EDGE_CURVE('',#1747,#1749,#1417,.T.);
#2277=EDGE_CURVE('',#1750,#1748,#1418,.T.);
#2278=EDGE_CURVE('',#1749,#1750,#818,.T.);
#2279=EDGE_CURVE('',#1749,#1751,#1419,.T.);
#2280=EDGE_CURVE('',#1752,#1750,#1420,.T.);
#2281=EDGE_CURVE('',#1751,#1752,#819,.T.);
#2282=EDGE_CURVE('',#1751,#1753,#1421,.T.);
#2283=EDGE_CURVE('',#1754,#1752,#1422,.T.);
#2284=EDGE_CURVE('',#1753,#1754,#820,.T.);
#2285=EDGE_CURVE('',#1753,#1755,#821,.T.);
#2286=EDGE_CURVE('',#1756,#1754,#822,.T.);
#2287=EDGE_CURVE('',#1755,#1756,#823,.T.);
#2288=EDGE_CURVE('',#1755,#1757,#824,.T.);
#2289=EDGE_CURVE('',#1758,#1756,#825,.T.);
#2290=EDGE_CURVE('',#1757,#1758,#826,.T.);
#2291=EDGE_CURVE('',#1757,#1739,#827,.T.);
#2292=EDGE_CURVE('',#1741,#1758,#828,.T.);
#2293=EDGE_CURVE('',#1759,#1760,#829,.T.);
#2294=EDGE_CURVE('',#1759,#1761,#830,.T.);
#2295=EDGE_CURVE('',#1762,#1761,#831,.T.);
#2296=EDGE_CURVE('',#1760,#1762,#832,.T.);
#2297=EDGE_CURVE('',#1760,#1763,#833,.T.);
#2298=EDGE_CURVE('',#1764,#1762,#834,.T.);
#2299=EDGE_CURVE('',#1763,#1764,#835,.T.);
#2300=EDGE_CURVE('',#1763,#1765,#836,.T.);
#2301=EDGE_CURVE('',#1766,#1764,#837,.T.);
#2302=EDGE_CURVE('',#1765,#1766,#838,.T.);
#2303=EDGE_CURVE('',#1765,#1759,#839,.T.);
#2304=EDGE_CURVE('',#1761,#1766,#840,.T.);
#2305=EDGE_CURVE('',#1767,#1768,#841,.T.);
#2306=EDGE_CURVE('',#1767,#1769,#842,.T.);
#2307=EDGE_CURVE('',#1770,#1769,#843,.T.);
#2308=EDGE_CURVE('',#1768,#1770,#844,.T.);
#2309=EDGE_CURVE('',#1768,#1771,#845,.T.);
#2310=EDGE_CURVE('',#1772,#1770,#846,.T.);
#2311=EDGE_CURVE('',#1771,#1772,#847,.T.);
#2312=EDGE_CURVE('',#1771,#1773,#848,.T.);
#2313=EDGE_CURVE('',#1774,#1772,#849,.T.);
#2314=EDGE_CURVE('',#1773,#1774,#850,.T.);
#2315=EDGE_CURVE('',#1773,#1775,#851,.T.);
#2316=EDGE_CURVE('',#1776,#1774,#852,.T.);
#2317=EDGE_CURVE('',#1775,#1776,#853,.T.);
#2318=EDGE_CURVE('',#1775,#1777,#854,.T.);
#2319=EDGE_CURVE('',#1778,#1776,#855,.T.);
#2320=EDGE_CURVE('',#1777,#1778,#856,.T.);
#2321=EDGE_CURVE('',#1777,#1779,#857,.T.);
#2322=EDGE_CURVE('',#1780,#1778,#858,.T.);
#2323=EDGE_CURVE('',#1779,#1780,#859,.T.);
#2324=EDGE_CURVE('',#1779,#1781,#860,.T.);
#2325=EDGE_CURVE('',#1782,#1780,#861,.T.);
#2326=EDGE_CURVE('',#1781,#1782,#862,.T.);
#2327=EDGE_CURVE('',#1781,#1783,#863,.T.);
#2328=EDGE_CURVE('',#1784,#1782,#864,.T.);
#2329=EDGE_CURVE('',#1783,#1784,#865,.T.);
#2330=EDGE_CURVE('',#1783,#1785,#866,.T.);
#2331=EDGE_CURVE('',#1786,#1784,#867,.T.);
#2332=EDGE_CURVE('',#1785,#1786,#868,.T.);
#2333=EDGE_CURVE('',#1785,#1787,#869,.T.);
#2334=EDGE_CURVE('',#1788,#1786,#870,.T.);
#2335=EDGE_CURVE('',#1787,#1788,#871,.T.);
#2336=EDGE_CURVE('',#1787,#1767,#872,.T.);
#2337=EDGE_CURVE('',#1769,#1788,#873,.T.);
#2338=ORIENTED_EDGE('',*,*,#1789,.F.);
#2339=ORIENTED_EDGE('',*,*,#1790,.T.);
#2340=ORIENTED_EDGE('',*,*,#1791,.F.);
#2341=ORIENTED_EDGE('',*,*,#1792,.F.);
#2342=ORIENTED_EDGE('',*,*,#1793,.F.);
#2343=ORIENTED_EDGE('',*,*,#1792,.T.);
#2344=ORIENTED_EDGE('',*,*,#1794,.F.);
#2345=ORIENTED_EDGE('',*,*,#1795,.F.);
#2346=ORIENTED_EDGE('',*,*,#1796,.F.);
#2347=ORIENTED_EDGE('',*,*,#1795,.T.);
#2348=ORIENTED_EDGE('',*,*,#1797,.F.);
#2349=ORIENTED_EDGE('',*,*,#1798,.F.);
#2350=ORIENTED_EDGE('',*,*,#1799,.F.);
#2351=ORIENTED_EDGE('',*,*,#1798,.T.);
#2352=ORIENTED_EDGE('',*,*,#1800,.F.);
#2353=ORIENTED_EDGE('',*,*,#1801,.F.);
#2354=ORIENTED_EDGE('',*,*,#1802,.F.);
#2355=ORIENTED_EDGE('',*,*,#1801,.T.);
#2356=ORIENTED_EDGE('',*,*,#1803,.F.);
#2357=ORIENTED_EDGE('',*,*,#1804,.F.);
#2358=ORIENTED_EDGE('',*,*,#1805,.F.);
#2359=ORIENTED_EDGE('',*,*,#1804,.T.);
#2360=ORIENTED_EDGE('',*,*,#1806,.F.);
#2361=ORIENTED_EDGE('',*,*,#1807,.F.);
#2362=ORIENTED_EDGE('',*,*,#1808,.F.);
#2363=ORIENTED_EDGE('',*,*,#1807,.T.);
#2364=ORIENTED_EDGE('',*,*,#1809,.F.);
#2365=ORIENTED_EDGE('',*,*,#1810,.F.);
#2366=ORIENTED_EDGE('',*,*,#1811,.F.);
#2367=ORIENTED_EDGE('',*,*,#1810,.T.);
#2368=ORIENTED_EDGE('',*,*,#1812,.F.);
#2369=ORIENTED_EDGE('',*,*,#1813,.F.);
#2370=ORIENTED_EDGE('',*,*,#1814,.F.);
#2371=ORIENTED_EDGE('',*,*,#1813,.T.);
#2372=ORIENTED_EDGE('',*,*,#1815,.F.);
#2373=ORIENTED_EDGE('',*,*,#1816,.F.);
#2374=ORIENTED_EDGE('',*,*,#1817,.F.);
#2375=ORIENTED_EDGE('',*,*,#1816,.T.);
#2376=ORIENTED_EDGE('',*,*,#1818,.F.);
#2377=ORIENTED_EDGE('',*,*,#1819,.F.);
#2378=ORIENTED_EDGE('',*,*,#1820,.F.);
#2379=ORIENTED_EDGE('',*,*,#1819,.T.);
#2380=ORIENTED_EDGE('',*,*,#1821,.F.);
#2381=ORIENTED_EDGE('',*,*,#1822,.F.);
#2382=ORIENTED_EDGE('',*,*,#1823,.F.);
#2383=ORIENTED_EDGE('',*,*,#1822,.T.);
#2384=ORIENTED_EDGE('',*,*,#1824,.F.);
#2385=ORIENTED_EDGE('',*,*,#1825,.F.);
#2386=ORIENTED_EDGE('',*,*,#1826,.F.);
#2387=ORIENTED_EDGE('',*,*,#1825,.T.);
#2388=ORIENTED_EDGE('',*,*,#1827,.F.);
#2389=ORIENTED_EDGE('',*,*,#1828,.F.);
#2390=ORIENTED_EDGE('',*,*,#1829,.F.);
#2391=ORIENTED_EDGE('',*,*,#1828,.T.);
#2392=ORIENTED_EDGE('',*,*,#1830,.F.);
#2393=ORIENTED_EDGE('',*,*,#1831,.F.);
#2394=ORIENTED_EDGE('',*,*,#1832,.F.);
#2395=ORIENTED_EDGE('',*,*,#1831,.T.);
#2396=ORIENTED_EDGE('',*,*,#1833,.F.);
#2397=ORIENTED_EDGE('',*,*,#1834,.F.);
#2398=ORIENTED_EDGE('',*,*,#1835,.F.);
#2399=ORIENTED_EDGE('',*,*,#1834,.T.);
#2400=ORIENTED_EDGE('',*,*,#1836,.F.);
#2401=ORIENTED_EDGE('',*,*,#1837,.F.);
#2402=ORIENTED_EDGE('',*,*,#1838,.F.);
#2403=ORIENTED_EDGE('',*,*,#1837,.T.);
#2404=ORIENTED_EDGE('',*,*,#1839,.F.);
#2405=ORIENTED_EDGE('',*,*,#1840,.F.);
#2406=ORIENTED_EDGE('',*,*,#1841,.F.);
#2407=ORIENTED_EDGE('',*,*,#1840,.T.);
#2408=ORIENTED_EDGE('',*,*,#1842,.F.);
#2409=ORIENTED_EDGE('',*,*,#1843,.F.);
#2410=ORIENTED_EDGE('',*,*,#1844,.F.);
#2411=ORIENTED_EDGE('',*,*,#1843,.T.);
#2412=ORIENTED_EDGE('',*,*,#1845,.F.);
#2413=ORIENTED_EDGE('',*,*,#1846,.F.);
#2414=ORIENTED_EDGE('',*,*,#1847,.F.);
#2415=ORIENTED_EDGE('',*,*,#1846,.T.);
#2416=ORIENTED_EDGE('',*,*,#1848,.F.);
#2417=ORIENTED_EDGE('',*,*,#1849,.F.);
#2418=ORIENTED_EDGE('',*,*,#1850,.F.);
#2419=ORIENTED_EDGE('',*,*,#1849,.T.);
#2420=ORIENTED_EDGE('',*,*,#1851,.F.);
#2421=ORIENTED_EDGE('',*,*,#1852,.F.);
#2422=ORIENTED_EDGE('',*,*,#1853,.F.);
#2423=ORIENTED_EDGE('',*,*,#1852,.T.);
#2424=ORIENTED_EDGE('',*,*,#1854,.F.);
#2425=ORIENTED_EDGE('',*,*,#1855,.F.);
#2426=ORIENTED_EDGE('',*,*,#1856,.F.);
#2427=ORIENTED_EDGE('',*,*,#1855,.T.);
#2428=ORIENTED_EDGE('',*,*,#1857,.F.);
#2429=ORIENTED_EDGE('',*,*,#1858,.F.);
#2430=ORIENTED_EDGE('',*,*,#1859,.F.);
#2431=ORIENTED_EDGE('',*,*,#1858,.T.);
#2432=ORIENTED_EDGE('',*,*,#1860,.F.);
#2433=ORIENTED_EDGE('',*,*,#1861,.F.);
#2434=ORIENTED_EDGE('',*,*,#1862,.F.);
#2435=ORIENTED_EDGE('',*,*,#1861,.T.);
#2436=ORIENTED_EDGE('',*,*,#1863,.F.);
#2437=ORIENTED_EDGE('',*,*,#1864,.F.);
#2438=ORIENTED_EDGE('',*,*,#1865,.F.);
#2439=ORIENTED_EDGE('',*,*,#1864,.T.);
#2440=ORIENTED_EDGE('',*,*,#1866,.F.);
#2441=ORIENTED_EDGE('',*,*,#1867,.F.);
#2442=ORIENTED_EDGE('',*,*,#1868,.F.);
#2443=ORIENTED_EDGE('',*,*,#1867,.T.);
#2444=ORIENTED_EDGE('',*,*,#1869,.F.);
#2445=ORIENTED_EDGE('',*,*,#1790,.F.);
#2446=ORIENTED_EDGE('',*,*,#1869,.T.);
#2447=ORIENTED_EDGE('',*,*,#1866,.T.);
#2448=ORIENTED_EDGE('',*,*,#1863,.T.);
#2449=ORIENTED_EDGE('',*,*,#1860,.T.);
#2450=ORIENTED_EDGE('',*,*,#1857,.T.);
#2451=ORIENTED_EDGE('',*,*,#1854,.T.);
#2452=ORIENTED_EDGE('',*,*,#1851,.T.);
#2453=ORIENTED_EDGE('',*,*,#1848,.T.);
#2454=ORIENTED_EDGE('',*,*,#1845,.T.);
#2455=ORIENTED_EDGE('',*,*,#1842,.T.);
#2456=ORIENTED_EDGE('',*,*,#1839,.T.);
#2457=ORIENTED_EDGE('',*,*,#1836,.T.);
#2458=ORIENTED_EDGE('',*,*,#1833,.T.);
#2459=ORIENTED_EDGE('',*,*,#1830,.T.);
#2460=ORIENTED_EDGE('',*,*,#1827,.T.);
#2461=ORIENTED_EDGE('',*,*,#1824,.T.);
#2462=ORIENTED_EDGE('',*,*,#1821,.T.);
#2463=ORIENTED_EDGE('',*,*,#1818,.T.);
#2464=ORIENTED_EDGE('',*,*,#1815,.T.);
#2465=ORIENTED_EDGE('',*,*,#1812,.T.);
#2466=ORIENTED_EDGE('',*,*,#1809,.T.);
#2467=ORIENTED_EDGE('',*,*,#1806,.T.);
#2468=ORIENTED_EDGE('',*,*,#1803,.T.);
#2469=ORIENTED_EDGE('',*,*,#1800,.T.);
#2470=ORIENTED_EDGE('',*,*,#1797,.T.);
#2471=ORIENTED_EDGE('',*,*,#1794,.T.);
#2472=ORIENTED_EDGE('',*,*,#1791,.T.);
#2473=ORIENTED_EDGE('',*,*,#1868,.T.);
#2474=ORIENTED_EDGE('',*,*,#1789,.T.);
#2475=ORIENTED_EDGE('',*,*,#1793,.T.);
#2476=ORIENTED_EDGE('',*,*,#1796,.T.);
#2477=ORIENTED_EDGE('',*,*,#1799,.T.);
#2478=ORIENTED_EDGE('',*,*,#1802,.T.);
#2479=ORIENTED_EDGE('',*,*,#1805,.T.);
#2480=ORIENTED_EDGE('',*,*,#1808,.T.);
#2481=ORIENTED_EDGE('',*,*,#1811,.T.);
#2482=ORIENTED_EDGE('',*,*,#1814,.T.);
#2483=ORIENTED_EDGE('',*,*,#1817,.T.);
#2484=ORIENTED_EDGE('',*,*,#1820,.T.);
#2485=ORIENTED_EDGE('',*,*,#1823,.T.);
#2486=ORIENTED_EDGE('',*,*,#1826,.T.);
#2487=ORIENTED_EDGE('',*,*,#1829,.T.);
#2488=ORIENTED_EDGE('',*,*,#1832,.T.);
#2489=ORIENTED_EDGE('',*,*,#1835,.T.);
#2490=ORIENTED_EDGE('',*,*,#1838,.T.);
#2491=ORIENTED_EDGE('',*,*,#1841,.T.);
#2492=ORIENTED_EDGE('',*,*,#1844,.T.);
#2493=ORIENTED_EDGE('',*,*,#1847,.T.);
#2494=ORIENTED_EDGE('',*,*,#1850,.T.);
#2495=ORIENTED_EDGE('',*,*,#1853,.T.);
#2496=ORIENTED_EDGE('',*,*,#1856,.T.);
#2497=ORIENTED_EDGE('',*,*,#1859,.T.);
#2498=ORIENTED_EDGE('',*,*,#1862,.T.);
#2499=ORIENTED_EDGE('',*,*,#1865,.T.);
#2500=ORIENTED_EDGE('',*,*,#1870,.F.);
#2501=ORIENTED_EDGE('',*,*,#1871,.T.);
#2502=ORIENTED_EDGE('',*,*,#1872,.F.);
#2503=ORIENTED_EDGE('',*,*,#1873,.F.);
#2504=ORIENTED_EDGE('',*,*,#1874,.F.);
#2505=ORIENTED_EDGE('',*,*,#1873,.T.);
#2506=ORIENTED_EDGE('',*,*,#1875,.F.);
#2507=ORIENTED_EDGE('',*,*,#1876,.F.);
#2508=ORIENTED_EDGE('',*,*,#1877,.F.);
#2509=ORIENTED_EDGE('',*,*,#1876,.T.);
#2510=ORIENTED_EDGE('',*,*,#1878,.F.);
#2511=ORIENTED_EDGE('',*,*,#1879,.F.);
#2512=ORIENTED_EDGE('',*,*,#1880,.F.);
#2513=ORIENTED_EDGE('',*,*,#1879,.T.);
#2514=ORIENTED_EDGE('',*,*,#1881,.F.);
#2515=ORIENTED_EDGE('',*,*,#1871,.F.);
#2516=ORIENTED_EDGE('',*,*,#1881,.T.);
#2517=ORIENTED_EDGE('',*,*,#1878,.T.);
#2518=ORIENTED_EDGE('',*,*,#1875,.T.);
#2519=ORIENTED_EDGE('',*,*,#1872,.T.);
#2520=ORIENTED_EDGE('',*,*,#1880,.T.);
#2521=ORIENTED_EDGE('',*,*,#1870,.T.);
#2522=ORIENTED_EDGE('',*,*,#1874,.T.);
#2523=ORIENTED_EDGE('',*,*,#1877,.T.);
#2524=ORIENTED_EDGE('',*,*,#1882,.T.);
#2525=ORIENTED_EDGE('',*,*,#1883,.T.);
#2526=ORIENTED_EDGE('',*,*,#1884,.F.);
#2527=ORIENTED_EDGE('',*,*,#1885,.F.);
#2528=ORIENTED_EDGE('',*,*,#1886,.T.);
#2529=ORIENTED_EDGE('',*,*,#1885,.T.);
#2530=ORIENTED_EDGE('',*,*,#1887,.F.);
#2531=ORIENTED_EDGE('',*,*,#1888,.F.);
#2532=ORIENTED_EDGE('',*,*,#1889,.T.);
#2533=ORIENTED_EDGE('',*,*,#1888,.T.);
#2534=ORIENTED_EDGE('',*,*,#1890,.F.);
#2535=ORIENTED_EDGE('',*,*,#1891,.F.);
#2536=ORIENTED_EDGE('',*,*,#1892,.T.);
#2537=ORIENTED_EDGE('',*,*,#1891,.T.);
#2538=ORIENTED_EDGE('',*,*,#1893,.F.);
#2539=ORIENTED_EDGE('',*,*,#1894,.F.);
#2540=ORIENTED_EDGE('',*,*,#1895,.T.);
#2541=ORIENTED_EDGE('',*,*,#1894,.T.);
#2542=ORIENTED_EDGE('',*,*,#1896,.F.);
#2543=ORIENTED_EDGE('',*,*,#1897,.F.);
#2544=ORIENTED_EDGE('',*,*,#1898,.T.);
#2545=ORIENTED_EDGE('',*,*,#1897,.T.);
#2546=ORIENTED_EDGE('',*,*,#1899,.F.);
#2547=ORIENTED_EDGE('',*,*,#1900,.F.);
#2548=ORIENTED_EDGE('',*,*,#1901,.T.);
#2549=ORIENTED_EDGE('',*,*,#1900,.T.);
#2550=ORIENTED_EDGE('',*,*,#1902,.F.);
#2551=ORIENTED_EDGE('',*,*,#1883,.F.);
#2552=ORIENTED_EDGE('',*,*,#1903,.F.);
#2553=ORIENTED_EDGE('',*,*,#1904,.T.);
#2554=ORIENTED_EDGE('',*,*,#1905,.F.);
#2555=ORIENTED_EDGE('',*,*,#1906,.F.);
#2556=ORIENTED_EDGE('',*,*,#1907,.F.);
#2557=ORIENTED_EDGE('',*,*,#1906,.T.);
#2558=ORIENTED_EDGE('',*,*,#1908,.F.);
#2559=ORIENTED_EDGE('',*,*,#1909,.F.);
#2560=ORIENTED_EDGE('',*,*,#1910,.F.);
#2561=ORIENTED_EDGE('',*,*,#1909,.T.);
#2562=ORIENTED_EDGE('',*,*,#1911,.F.);
#2563=ORIENTED_EDGE('',*,*,#1912,.F.);
#2564=ORIENTED_EDGE('',*,*,#1913,.F.);
#2565=ORIENTED_EDGE('',*,*,#1912,.T.);
#2566=ORIENTED_EDGE('',*,*,#1914,.F.);
#2567=ORIENTED_EDGE('',*,*,#1915,.F.);
#2568=ORIENTED_EDGE('',*,*,#1916,.F.);
#2569=ORIENTED_EDGE('',*,*,#1915,.T.);
#2570=ORIENTED_EDGE('',*,*,#1917,.F.);
#2571=ORIENTED_EDGE('',*,*,#1918,.F.);
#2572=ORIENTED_EDGE('',*,*,#1919,.F.);
#2573=ORIENTED_EDGE('',*,*,#1918,.T.);
#2574=ORIENTED_EDGE('',*,*,#1920,.F.);
#2575=ORIENTED_EDGE('',*,*,#1921,.F.);
#2576=ORIENTED_EDGE('',*,*,#1922,.F.);
#2577=ORIENTED_EDGE('',*,*,#1921,.T.);
#2578=ORIENTED_EDGE('',*,*,#1923,.F.);
#2579=ORIENTED_EDGE('',*,*,#1924,.F.);
#2580=ORIENTED_EDGE('',*,*,#1925,.F.);
#2581=ORIENTED_EDGE('',*,*,#1924,.T.);
#2582=ORIENTED_EDGE('',*,*,#1926,.F.);
#2583=ORIENTED_EDGE('',*,*,#1927,.F.);
#2584=ORIENTED_EDGE('',*,*,#1928,.F.);
#2585=ORIENTED_EDGE('',*,*,#1927,.T.);
#2586=ORIENTED_EDGE('',*,*,#1929,.F.);
#2587=ORIENTED_EDGE('',*,*,#1930,.F.);
#2588=ORIENTED_EDGE('',*,*,#1931,.F.);
#2589=ORIENTED_EDGE('',*,*,#1930,.T.);
#2590=ORIENTED_EDGE('',*,*,#1932,.F.);
#2591=ORIENTED_EDGE('',*,*,#1933,.F.);
#2592=ORIENTED_EDGE('',*,*,#1934,.F.);
#2593=ORIENTED_EDGE('',*,*,#1933,.T.);
#2594=ORIENTED_EDGE('',*,*,#1935,.F.);
#2595=ORIENTED_EDGE('',*,*,#1936,.F.);
#2596=ORIENTED_EDGE('',*,*,#1937,.F.);
#2597=ORIENTED_EDGE('',*,*,#1936,.T.);
#2598=ORIENTED_EDGE('',*,*,#1938,.F.);
#2599=ORIENTED_EDGE('',*,*,#1904,.F.);
#2600=ORIENTED_EDGE('',*,*,#1938,.T.);
#2601=ORIENTED_EDGE('',*,*,#1935,.T.);
#2602=ORIENTED_EDGE('',*,*,#1932,.T.);
#2603=ORIENTED_EDGE('',*,*,#1929,.T.);
#2604=ORIENTED_EDGE('',*,*,#1926,.T.);
#2605=ORIENTED_EDGE('',*,*,#1923,.T.);
#2606=ORIENTED_EDGE('',*,*,#1920,.T.);
#2607=ORIENTED_EDGE('',*,*,#1917,.T.);
#2608=ORIENTED_EDGE('',*,*,#1914,.T.);
#2609=ORIENTED_EDGE('',*,*,#1911,.T.);
#2610=ORIENTED_EDGE('',*,*,#1908,.T.);
#2611=ORIENTED_EDGE('',*,*,#1905,.T.);
#2612=ORIENTED_EDGE('',*,*,#1902,.T.);
#2613=ORIENTED_EDGE('',*,*,#1899,.T.);
#2614=ORIENTED_EDGE('',*,*,#1896,.T.);
#2615=ORIENTED_EDGE('',*,*,#1893,.T.);
#2616=ORIENTED_EDGE('',*,*,#1890,.T.);
#2617=ORIENTED_EDGE('',*,*,#1887,.T.);
#2618=ORIENTED_EDGE('',*,*,#1884,.T.);
#2619=ORIENTED_EDGE('',*,*,#1937,.T.);
#2620=ORIENTED_EDGE('',*,*,#1903,.T.);
#2621=ORIENTED_EDGE('',*,*,#1907,.T.);
#2622=ORIENTED_EDGE('',*,*,#1910,.T.);
#2623=ORIENTED_EDGE('',*,*,#1913,.T.);
#2624=ORIENTED_EDGE('',*,*,#1916,.T.);
#2625=ORIENTED_EDGE('',*,*,#1919,.T.);
#2626=ORIENTED_EDGE('',*,*,#1922,.T.);
#2627=ORIENTED_EDGE('',*,*,#1925,.T.);
#2628=ORIENTED_EDGE('',*,*,#1928,.T.);
#2629=ORIENTED_EDGE('',*,*,#1931,.T.);
#2630=ORIENTED_EDGE('',*,*,#1934,.T.);
#2631=ORIENTED_EDGE('',*,*,#1901,.F.);
#2632=ORIENTED_EDGE('',*,*,#1882,.F.);
#2633=ORIENTED_EDGE('',*,*,#1886,.F.);
#2634=ORIENTED_EDGE('',*,*,#1889,.F.);
#2635=ORIENTED_EDGE('',*,*,#1892,.F.);
#2636=ORIENTED_EDGE('',*,*,#1895,.F.);
#2637=ORIENTED_EDGE('',*,*,#1898,.F.);
#2638=ORIENTED_EDGE('',*,*,#1939,.T.);
#2639=ORIENTED_EDGE('',*,*,#1940,.T.);
#2640=ORIENTED_EDGE('',*,*,#1941,.F.);
#2641=ORIENTED_EDGE('',*,*,#1942,.F.);
#2642=ORIENTED_EDGE('',*,*,#1943,.T.);
#2643=ORIENTED_EDGE('',*,*,#1942,.T.);
#2644=ORIENTED_EDGE('',*,*,#1944,.F.);
#2645=ORIENTED_EDGE('',*,*,#1945,.F.);
#2646=ORIENTED_EDGE('',*,*,#1946,.T.);
#2647=ORIENTED_EDGE('',*,*,#1945,.T.);
#2648=ORIENTED_EDGE('',*,*,#1947,.F.);
#2649=ORIENTED_EDGE('',*,*,#1948,.F.);
#2650=ORIENTED_EDGE('',*,*,#1949,.T.);
#2651=ORIENTED_EDGE('',*,*,#1948,.T.);
#2652=ORIENTED_EDGE('',*,*,#1950,.F.);
#2653=ORIENTED_EDGE('',*,*,#1951,.F.);
#2654=ORIENTED_EDGE('',*,*,#1952,.T.);
#2655=ORIENTED_EDGE('',*,*,#1951,.T.);
#2656=ORIENTED_EDGE('',*,*,#1953,.F.);
#2657=ORIENTED_EDGE('',*,*,#1954,.F.);
#2658=ORIENTED_EDGE('',*,*,#1955,.T.);
#2659=ORIENTED_EDGE('',*,*,#1954,.T.);
#2660=ORIENTED_EDGE('',*,*,#1956,.F.);
#2661=ORIENTED_EDGE('',*,*,#1957,.F.);
#2662=ORIENTED_EDGE('',*,*,#1958,.T.);
#2663=ORIENTED_EDGE('',*,*,#1957,.T.);
#2664=ORIENTED_EDGE('',*,*,#1959,.F.);
#2665=ORIENTED_EDGE('',*,*,#1940,.F.);
#2666=ORIENTED_EDGE('',*,*,#1960,.F.);
#2667=ORIENTED_EDGE('',*,*,#1961,.T.);
#2668=ORIENTED_EDGE('',*,*,#1962,.F.);
#2669=ORIENTED_EDGE('',*,*,#1963,.F.);
#2670=ORIENTED_EDGE('',*,*,#1964,.F.);
#2671=ORIENTED_EDGE('',*,*,#1963,.T.);
#2672=ORIENTED_EDGE('',*,*,#1965,.F.);
#2673=ORIENTED_EDGE('',*,*,#1966,.F.);
#2674=ORIENTED_EDGE('',*,*,#1967,.F.);
#2675=ORIENTED_EDGE('',*,*,#1966,.T.);
#2676=ORIENTED_EDGE('',*,*,#1968,.F.);
#2677=ORIENTED_EDGE('',*,*,#1969,.F.);
#2678=ORIENTED_EDGE('',*,*,#1970,.F.);
#2679=ORIENTED_EDGE('',*,*,#1969,.T.);
#2680=ORIENTED_EDGE('',*,*,#1971,.F.);
#2681=ORIENTED_EDGE('',*,*,#1972,.F.);
#2682=ORIENTED_EDGE('',*,*,#1973,.F.);
#2683=ORIENTED_EDGE('',*,*,#1972,.T.);
#2684=ORIENTED_EDGE('',*,*,#1974,.F.);
#2685=ORIENTED_EDGE('',*,*,#1975,.F.);
#2686=ORIENTED_EDGE('',*,*,#1976,.F.);
#2687=ORIENTED_EDGE('',*,*,#1975,.T.);
#2688=ORIENTED_EDGE('',*,*,#1977,.F.);
#2689=ORIENTED_EDGE('',*,*,#1978,.F.);
#2690=ORIENTED_EDGE('',*,*,#1979,.F.);
#2691=ORIENTED_EDGE('',*,*,#1978,.T.);
#2692=ORIENTED_EDGE('',*,*,#1980,.F.);
#2693=ORIENTED_EDGE('',*,*,#1981,.F.);
#2694=ORIENTED_EDGE('',*,*,#1982,.F.);
#2695=ORIENTED_EDGE('',*,*,#1981,.T.);
#2696=ORIENTED_EDGE('',*,*,#1983,.F.);
#2697=ORIENTED_EDGE('',*,*,#1984,.F.);
#2698=ORIENTED_EDGE('',*,*,#1985,.F.);
#2699=ORIENTED_EDGE('',*,*,#1984,.T.);
#2700=ORIENTED_EDGE('',*,*,#1986,.F.);
#2701=ORIENTED_EDGE('',*,*,#1987,.F.);
#2702=ORIENTED_EDGE('',*,*,#1988,.F.);
#2703=ORIENTED_EDGE('',*,*,#1987,.T.);
#2704=ORIENTED_EDGE('',*,*,#1989,.F.);
#2705=ORIENTED_EDGE('',*,*,#1990,.F.);
#2706=ORIENTED_EDGE('',*,*,#1991,.F.);
#2707=ORIENTED_EDGE('',*,*,#1990,.T.);
#2708=ORIENTED_EDGE('',*,*,#1992,.F.);
#2709=ORIENTED_EDGE('',*,*,#1993,.F.);
#2710=ORIENTED_EDGE('',*,*,#1994,.F.);
#2711=ORIENTED_EDGE('',*,*,#1993,.T.);
#2712=ORIENTED_EDGE('',*,*,#1995,.F.);
#2713=ORIENTED_EDGE('',*,*,#1996,.F.);
#2714=ORIENTED_EDGE('',*,*,#1997,.F.);
#2715=ORIENTED_EDGE('',*,*,#1996,.T.);
#2716=ORIENTED_EDGE('',*,*,#1998,.F.);
#2717=ORIENTED_EDGE('',*,*,#1999,.F.);
#2718=ORIENTED_EDGE('',*,*,#2000,.F.);
#2719=ORIENTED_EDGE('',*,*,#1999,.T.);
#2720=ORIENTED_EDGE('',*,*,#2001,.F.);
#2721=ORIENTED_EDGE('',*,*,#2002,.F.);
#2722=ORIENTED_EDGE('',*,*,#2003,.F.);
#2723=ORIENTED_EDGE('',*,*,#2002,.T.);
#2724=ORIENTED_EDGE('',*,*,#2004,.F.);
#2725=ORIENTED_EDGE('',*,*,#2005,.F.);
#2726=ORIENTED_EDGE('',*,*,#2006,.F.);
#2727=ORIENTED_EDGE('',*,*,#2005,.T.);
#2728=ORIENTED_EDGE('',*,*,#2007,.F.);
#2729=ORIENTED_EDGE('',*,*,#2008,.F.);
#2730=ORIENTED_EDGE('',*,*,#2009,.F.);
#2731=ORIENTED_EDGE('',*,*,#2008,.T.);
#2732=ORIENTED_EDGE('',*,*,#2010,.F.);
#2733=ORIENTED_EDGE('',*,*,#2011,.F.);
#2734=ORIENTED_EDGE('',*,*,#2012,.F.);
#2735=ORIENTED_EDGE('',*,*,#2011,.T.);
#2736=ORIENTED_EDGE('',*,*,#2013,.F.);
#2737=ORIENTED_EDGE('',*,*,#2014,.F.);
#2738=ORIENTED_EDGE('',*,*,#2015,.F.);
#2739=ORIENTED_EDGE('',*,*,#2014,.T.);
#2740=ORIENTED_EDGE('',*,*,#2016,.F.);
#2741=ORIENTED_EDGE('',*,*,#2017,.F.);
#2742=ORIENTED_EDGE('',*,*,#2018,.F.);
#2743=ORIENTED_EDGE('',*,*,#2017,.T.);
#2744=ORIENTED_EDGE('',*,*,#2019,.F.);
#2745=ORIENTED_EDGE('',*,*,#2020,.F.);
#2746=ORIENTED_EDGE('',*,*,#2021,.F.);
#2747=ORIENTED_EDGE('',*,*,#2020,.T.);
#2748=ORIENTED_EDGE('',*,*,#2022,.F.);
#2749=ORIENTED_EDGE('',*,*,#2023,.F.);
#2750=ORIENTED_EDGE('',*,*,#2024,.F.);
#2751=ORIENTED_EDGE('',*,*,#2023,.T.);
#2752=ORIENTED_EDGE('',*,*,#2025,.F.);
#2753=ORIENTED_EDGE('',*,*,#2026,.F.);
#2754=ORIENTED_EDGE('',*,*,#2027,.F.);
#2755=ORIENTED_EDGE('',*,*,#2026,.T.);
#2756=ORIENTED_EDGE('',*,*,#2028,.F.);
#2757=ORIENTED_EDGE('',*,*,#2029,.F.);
#2758=ORIENTED_EDGE('',*,*,#2030,.F.);
#2759=ORIENTED_EDGE('',*,*,#2029,.T.);
#2760=ORIENTED_EDGE('',*,*,#2031,.F.);
#2761=ORIENTED_EDGE('',*,*,#2032,.F.);
#2762=ORIENTED_EDGE('',*,*,#2033,.F.);
#2763=ORIENTED_EDGE('',*,*,#2032,.T.);
#2764=ORIENTED_EDGE('',*,*,#2034,.F.);
#2765=ORIENTED_EDGE('',*,*,#1961,.F.);
#2766=ORIENTED_EDGE('',*,*,#2034,.T.);
#2767=ORIENTED_EDGE('',*,*,#2031,.T.);
#2768=ORIENTED_EDGE('',*,*,#2028,.T.);
#2769=ORIENTED_EDGE('',*,*,#2025,.T.);
#2770=ORIENTED_EDGE('',*,*,#2022,.T.);
#2771=ORIENTED_EDGE('',*,*,#2019,.T.);
#2772=ORIENTED_EDGE('',*,*,#2016,.T.);
#2773=ORIENTED_EDGE('',*,*,#2013,.T.);
#2774=ORIENTED_EDGE('',*,*,#2010,.T.);
#2775=ORIENTED_EDGE('',*,*,#2007,.T.);
#2776=ORIENTED_EDGE('',*,*,#2004,.T.);
#2777=ORIENTED_EDGE('',*,*,#2001,.T.);
#2778=ORIENTED_EDGE('',*,*,#1998,.T.);
#2779=ORIENTED_EDGE('',*,*,#1995,.T.);
#2780=ORIENTED_EDGE('',*,*,#1992,.T.);
#2781=ORIENTED_EDGE('',*,*,#1989,.T.);
#2782=ORIENTED_EDGE('',*,*,#1986,.T.);
#2783=ORIENTED_EDGE('',*,*,#1983,.T.);
#2784=ORIENTED_EDGE('',*,*,#1980,.T.);
#2785=ORIENTED_EDGE('',*,*,#1977,.T.);
#2786=ORIENTED_EDGE('',*,*,#1974,.T.);
#2787=ORIENTED_EDGE('',*,*,#1971,.T.);
#2788=ORIENTED_EDGE('',*,*,#1968,.T.);
#2789=ORIENTED_EDGE('',*,*,#1965,.T.);
#2790=ORIENTED_EDGE('',*,*,#1962,.T.);
#2791=ORIENTED_EDGE('',*,*,#1959,.T.);
#2792=ORIENTED_EDGE('',*,*,#1956,.T.);
#2793=ORIENTED_EDGE('',*,*,#1953,.T.);
#2794=ORIENTED_EDGE('',*,*,#1950,.T.);
#2795=ORIENTED_EDGE('',*,*,#1947,.T.);
#2796=ORIENTED_EDGE('',*,*,#1944,.T.);
#2797=ORIENTED_EDGE('',*,*,#1941,.T.);
#2798=ORIENTED_EDGE('',*,*,#2033,.T.);
#2799=ORIENTED_EDGE('',*,*,#1960,.T.);
#2800=ORIENTED_EDGE('',*,*,#1964,.T.);
#2801=ORIENTED_EDGE('',*,*,#1967,.T.);
#2802=ORIENTED_EDGE('',*,*,#1970,.T.);
#2803=ORIENTED_EDGE('',*,*,#1973,.T.);
#2804=ORIENTED_EDGE('',*,*,#1976,.T.);
#2805=ORIENTED_EDGE('',*,*,#1979,.T.);
#2806=ORIENTED_EDGE('',*,*,#1982,.T.);
#2807=ORIENTED_EDGE('',*,*,#1985,.T.);
#2808=ORIENTED_EDGE('',*,*,#1988,.T.);
#2809=ORIENTED_EDGE('',*,*,#1991,.T.);
#2810=ORIENTED_EDGE('',*,*,#1994,.T.);
#2811=ORIENTED_EDGE('',*,*,#1997,.T.);
#2812=ORIENTED_EDGE('',*,*,#2000,.T.);
#2813=ORIENTED_EDGE('',*,*,#2003,.T.);
#2814=ORIENTED_EDGE('',*,*,#2006,.T.);
#2815=ORIENTED_EDGE('',*,*,#2009,.T.);
#2816=ORIENTED_EDGE('',*,*,#2012,.T.);
#2817=ORIENTED_EDGE('',*,*,#2015,.T.);
#2818=ORIENTED_EDGE('',*,*,#2018,.T.);
#2819=ORIENTED_EDGE('',*,*,#2021,.T.);
#2820=ORIENTED_EDGE('',*,*,#2024,.T.);
#2821=ORIENTED_EDGE('',*,*,#2027,.T.);
#2822=ORIENTED_EDGE('',*,*,#2030,.T.);
#2823=ORIENTED_EDGE('',*,*,#1958,.F.);
#2824=ORIENTED_EDGE('',*,*,#1939,.F.);
#2825=ORIENTED_EDGE('',*,*,#1943,.F.);
#2826=ORIENTED_EDGE('',*,*,#1946,.F.);
#2827=ORIENTED_EDGE('',*,*,#1949,.F.);
#2828=ORIENTED_EDGE('',*,*,#1952,.F.);
#2829=ORIENTED_EDGE('',*,*,#1955,.F.);
#2830=ORIENTED_EDGE('',*,*,#2035,.T.);
#2831=ORIENTED_EDGE('',*,*,#2036,.T.);
#2832=ORIENTED_EDGE('',*,*,#2037,.F.);
#2833=ORIENTED_EDGE('',*,*,#2038,.F.);
#2834=ORIENTED_EDGE('',*,*,#2039,.T.);
#2835=ORIENTED_EDGE('',*,*,#2038,.T.);
#2836=ORIENTED_EDGE('',*,*,#2040,.F.);
#2837=ORIENTED_EDGE('',*,*,#2041,.F.);
#2838=ORIENTED_EDGE('',*,*,#2042,.T.);
#2839=ORIENTED_EDGE('',*,*,#2041,.T.);
#2840=ORIENTED_EDGE('',*,*,#2043,.F.);
#2841=ORIENTED_EDGE('',*,*,#2044,.F.);
#2842=ORIENTED_EDGE('',*,*,#2045,.T.);
#2843=ORIENTED_EDGE('',*,*,#2044,.T.);
#2844=ORIENTED_EDGE('',*,*,#2046,.F.);
#2845=ORIENTED_EDGE('',*,*,#2047,.F.);
#2846=ORIENTED_EDGE('',*,*,#2048,.T.);
#2847=ORIENTED_EDGE('',*,*,#2047,.T.);
#2848=ORIENTED_EDGE('',*,*,#2049,.F.);
#2849=ORIENTED_EDGE('',*,*,#2050,.F.);
#2850=ORIENTED_EDGE('',*,*,#2051,.T.);
#2851=ORIENTED_EDGE('',*,*,#2050,.T.);
#2852=ORIENTED_EDGE('',*,*,#2052,.F.);
#2853=ORIENTED_EDGE('',*,*,#2053,.F.);
#2854=ORIENTED_EDGE('',*,*,#2054,.T.);
#2855=ORIENTED_EDGE('',*,*,#2053,.T.);
#2856=ORIENTED_EDGE('',*,*,#2055,.F.);
#2857=ORIENTED_EDGE('',*,*,#2056,.F.);
#2858=ORIENTED_EDGE('',*,*,#2057,.T.);
#2859=ORIENTED_EDGE('',*,*,#2056,.T.);
#2860=ORIENTED_EDGE('',*,*,#2058,.F.);
#2861=ORIENTED_EDGE('',*,*,#2059,.F.);
#2862=ORIENTED_EDGE('',*,*,#2060,.T.);
#2863=ORIENTED_EDGE('',*,*,#2059,.T.);
#2864=ORIENTED_EDGE('',*,*,#2061,.F.);
#2865=ORIENTED_EDGE('',*,*,#2062,.F.);
#2866=ORIENTED_EDGE('',*,*,#2063,.T.);
#2867=ORIENTED_EDGE('',*,*,#2062,.T.);
#2868=ORIENTED_EDGE('',*,*,#2064,.F.);
#2869=ORIENTED_EDGE('',*,*,#2036,.F.);
#2870=ORIENTED_EDGE('',*,*,#2065,.F.);
#2871=ORIENTED_EDGE('',*,*,#2066,.T.);
#2872=ORIENTED_EDGE('',*,*,#2067,.F.);
#2873=ORIENTED_EDGE('',*,*,#2068,.F.);
#2874=ORIENTED_EDGE('',*,*,#2069,.F.);
#2875=ORIENTED_EDGE('',*,*,#2068,.T.);
#2876=ORIENTED_EDGE('',*,*,#2070,.F.);
#2877=ORIENTED_EDGE('',*,*,#2071,.F.);
#2878=ORIENTED_EDGE('',*,*,#2072,.F.);
#2879=ORIENTED_EDGE('',*,*,#2071,.T.);
#2880=ORIENTED_EDGE('',*,*,#2073,.F.);
#2881=ORIENTED_EDGE('',*,*,#2074,.F.);
#2882=ORIENTED_EDGE('',*,*,#2075,.F.);
#2883=ORIENTED_EDGE('',*,*,#2074,.T.);
#2884=ORIENTED_EDGE('',*,*,#2076,.F.);
#2885=ORIENTED_EDGE('',*,*,#2077,.F.);
#2886=ORIENTED_EDGE('',*,*,#2078,.F.);
#2887=ORIENTED_EDGE('',*,*,#2077,.T.);
#2888=ORIENTED_EDGE('',*,*,#2079,.F.);
#2889=ORIENTED_EDGE('',*,*,#2080,.F.);
#2890=ORIENTED_EDGE('',*,*,#2081,.F.);
#2891=ORIENTED_EDGE('',*,*,#2080,.T.);
#2892=ORIENTED_EDGE('',*,*,#2082,.F.);
#2893=ORIENTED_EDGE('',*,*,#2083,.F.);
#2894=ORIENTED_EDGE('',*,*,#2084,.F.);
#2895=ORIENTED_EDGE('',*,*,#2083,.T.);
#2896=ORIENTED_EDGE('',*,*,#2085,.F.);
#2897=ORIENTED_EDGE('',*,*,#2086,.F.);
#2898=ORIENTED_EDGE('',*,*,#2087,.F.);
#2899=ORIENTED_EDGE('',*,*,#2086,.T.);
#2900=ORIENTED_EDGE('',*,*,#2088,.F.);
#2901=ORIENTED_EDGE('',*,*,#2089,.F.);
#2902=ORIENTED_EDGE('',*,*,#2090,.F.);
#2903=ORIENTED_EDGE('',*,*,#2089,.T.);
#2904=ORIENTED_EDGE('',*,*,#2091,.F.);
#2905=ORIENTED_EDGE('',*,*,#2092,.F.);
#2906=ORIENTED_EDGE('',*,*,#2093,.F.);
#2907=ORIENTED_EDGE('',*,*,#2092,.T.);
#2908=ORIENTED_EDGE('',*,*,#2094,.F.);
#2909=ORIENTED_EDGE('',*,*,#2095,.F.);
#2910=ORIENTED_EDGE('',*,*,#2096,.F.);
#2911=ORIENTED_EDGE('',*,*,#2095,.T.);
#2912=ORIENTED_EDGE('',*,*,#2097,.F.);
#2913=ORIENTED_EDGE('',*,*,#2098,.F.);
#2914=ORIENTED_EDGE('',*,*,#2099,.F.);
#2915=ORIENTED_EDGE('',*,*,#2098,.T.);
#2916=ORIENTED_EDGE('',*,*,#2100,.F.);
#2917=ORIENTED_EDGE('',*,*,#2101,.F.);
#2918=ORIENTED_EDGE('',*,*,#2102,.F.);
#2919=ORIENTED_EDGE('',*,*,#2101,.T.);
#2920=ORIENTED_EDGE('',*,*,#2103,.F.);
#2921=ORIENTED_EDGE('',*,*,#2104,.F.);
#2922=ORIENTED_EDGE('',*,*,#2105,.F.);
#2923=ORIENTED_EDGE('',*,*,#2104,.T.);
#2924=ORIENTED_EDGE('',*,*,#2106,.F.);
#2925=ORIENTED_EDGE('',*,*,#2107,.F.);
#2926=ORIENTED_EDGE('',*,*,#2108,.F.);
#2927=ORIENTED_EDGE('',*,*,#2107,.T.);
#2928=ORIENTED_EDGE('',*,*,#2109,.F.);
#2929=ORIENTED_EDGE('',*,*,#2110,.F.);
#2930=ORIENTED_EDGE('',*,*,#2111,.F.);
#2931=ORIENTED_EDGE('',*,*,#2110,.T.);
#2932=ORIENTED_EDGE('',*,*,#2112,.F.);
#2933=ORIENTED_EDGE('',*,*,#2113,.F.);
#2934=ORIENTED_EDGE('',*,*,#2114,.F.);
#2935=ORIENTED_EDGE('',*,*,#2113,.T.);
#2936=ORIENTED_EDGE('',*,*,#2115,.F.);
#2937=ORIENTED_EDGE('',*,*,#2066,.F.);
#2938=ORIENTED_EDGE('',*,*,#2115,.T.);
#2939=ORIENTED_EDGE('',*,*,#2112,.T.);
#2940=ORIENTED_EDGE('',*,*,#2109,.T.);
#2941=ORIENTED_EDGE('',*,*,#2106,.T.);
#2942=ORIENTED_EDGE('',*,*,#2103,.T.);
#2943=ORIENTED_EDGE('',*,*,#2100,.T.);
#2944=ORIENTED_EDGE('',*,*,#2097,.T.);
#2945=ORIENTED_EDGE('',*,*,#2094,.T.);
#2946=ORIENTED_EDGE('',*,*,#2091,.T.);
#2947=ORIENTED_EDGE('',*,*,#2088,.T.);
#2948=ORIENTED_EDGE('',*,*,#2085,.T.);
#2949=ORIENTED_EDGE('',*,*,#2082,.T.);
#2950=ORIENTED_EDGE('',*,*,#2079,.T.);
#2951=ORIENTED_EDGE('',*,*,#2076,.T.);
#2952=ORIENTED_EDGE('',*,*,#2073,.T.);
#2953=ORIENTED_EDGE('',*,*,#2070,.T.);
#2954=ORIENTED_EDGE('',*,*,#2067,.T.);
#2955=ORIENTED_EDGE('',*,*,#2064,.T.);
#2956=ORIENTED_EDGE('',*,*,#2061,.T.);
#2957=ORIENTED_EDGE('',*,*,#2058,.T.);
#2958=ORIENTED_EDGE('',*,*,#2055,.T.);
#2959=ORIENTED_EDGE('',*,*,#2052,.T.);
#2960=ORIENTED_EDGE('',*,*,#2049,.T.);
#2961=ORIENTED_EDGE('',*,*,#2046,.T.);
#2962=ORIENTED_EDGE('',*,*,#2043,.T.);
#2963=ORIENTED_EDGE('',*,*,#2040,.T.);
#2964=ORIENTED_EDGE('',*,*,#2037,.T.);
#2965=ORIENTED_EDGE('',*,*,#2114,.T.);
#2966=ORIENTED_EDGE('',*,*,#2065,.T.);
#2967=ORIENTED_EDGE('',*,*,#2069,.T.);
#2968=ORIENTED_EDGE('',*,*,#2072,.T.);
#2969=ORIENTED_EDGE('',*,*,#2075,.T.);
#2970=ORIENTED_EDGE('',*,*,#2078,.T.);
#2971=ORIENTED_EDGE('',*,*,#2081,.T.);
#2972=ORIENTED_EDGE('',*,*,#2084,.T.);
#2973=ORIENTED_EDGE('',*,*,#2087,.T.);
#2974=ORIENTED_EDGE('',*,*,#2090,.T.);
#2975=ORIENTED_EDGE('',*,*,#2093,.T.);
#2976=ORIENTED_EDGE('',*,*,#2096,.T.);
#2977=ORIENTED_EDGE('',*,*,#2099,.T.);
#2978=ORIENTED_EDGE('',*,*,#2102,.T.);
#2979=ORIENTED_EDGE('',*,*,#2105,.T.);
#2980=ORIENTED_EDGE('',*,*,#2108,.T.);
#2981=ORIENTED_EDGE('',*,*,#2111,.T.);
#2982=ORIENTED_EDGE('',*,*,#2063,.F.);
#2983=ORIENTED_EDGE('',*,*,#2035,.F.);
#2984=ORIENTED_EDGE('',*,*,#2039,.F.);
#2985=ORIENTED_EDGE('',*,*,#2042,.F.);
#2986=ORIENTED_EDGE('',*,*,#2045,.F.);
#2987=ORIENTED_EDGE('',*,*,#2048,.F.);
#2988=ORIENTED_EDGE('',*,*,#2051,.F.);
#2989=ORIENTED_EDGE('',*,*,#2054,.F.);
#2990=ORIENTED_EDGE('',*,*,#2057,.F.);
#2991=ORIENTED_EDGE('',*,*,#2060,.F.);
#2992=ORIENTED_EDGE('',*,*,#2116,.T.);
#2993=ORIENTED_EDGE('',*,*,#2117,.T.);
#2994=ORIENTED_EDGE('',*,*,#2118,.F.);
#2995=ORIENTED_EDGE('',*,*,#2119,.F.);
#2996=ORIENTED_EDGE('',*,*,#2120,.T.);
#2997=ORIENTED_EDGE('',*,*,#2119,.T.);
#2998=ORIENTED_EDGE('',*,*,#2121,.F.);
#2999=ORIENTED_EDGE('',*,*,#2122,.F.);
#3000=ORIENTED_EDGE('',*,*,#2123,.T.);
#3001=ORIENTED_EDGE('',*,*,#2122,.T.);
#3002=ORIENTED_EDGE('',*,*,#2124,.F.);
#3003=ORIENTED_EDGE('',*,*,#2125,.F.);
#3004=ORIENTED_EDGE('',*,*,#2126,.T.);
#3005=ORIENTED_EDGE('',*,*,#2125,.T.);
#3006=ORIENTED_EDGE('',*,*,#2127,.F.);
#3007=ORIENTED_EDGE('',*,*,#2117,.F.);
#3008=ORIENTED_EDGE('',*,*,#2127,.T.);
#3009=ORIENTED_EDGE('',*,*,#2124,.T.);
#3010=ORIENTED_EDGE('',*,*,#2121,.T.);
#3011=ORIENTED_EDGE('',*,*,#2118,.T.);
#3012=ORIENTED_EDGE('',*,*,#2126,.F.);
#3013=ORIENTED_EDGE('',*,*,#2116,.F.);
#3014=ORIENTED_EDGE('',*,*,#2120,.F.);
#3015=ORIENTED_EDGE('',*,*,#2123,.F.);
#3016=ORIENTED_EDGE('',*,*,#2128,.T.);
#3017=ORIENTED_EDGE('',*,*,#2129,.T.);
#3018=ORIENTED_EDGE('',*,*,#2130,.F.);
#3019=ORIENTED_EDGE('',*,*,#2131,.F.);
#3020=ORIENTED_EDGE('',*,*,#2132,.T.);
#3021=ORIENTED_EDGE('',*,*,#2131,.T.);
#3022=ORIENTED_EDGE('',*,*,#2133,.F.);
#3023=ORIENTED_EDGE('',*,*,#2134,.F.);
#3024=ORIENTED_EDGE('',*,*,#2135,.T.);
#3025=ORIENTED_EDGE('',*,*,#2134,.T.);
#3026=ORIENTED_EDGE('',*,*,#2136,.F.);
#3027=ORIENTED_EDGE('',*,*,#2137,.F.);
#3028=ORIENTED_EDGE('',*,*,#2138,.T.);
#3029=ORIENTED_EDGE('',*,*,#2137,.T.);
#3030=ORIENTED_EDGE('',*,*,#2139,.F.);
#3031=ORIENTED_EDGE('',*,*,#2140,.F.);
#3032=ORIENTED_EDGE('',*,*,#2141,.T.);
#3033=ORIENTED_EDGE('',*,*,#2140,.T.);
#3034=ORIENTED_EDGE('',*,*,#2142,.F.);
#3035=ORIENTED_EDGE('',*,*,#2143,.F.);
#3036=ORIENTED_EDGE('',*,*,#2144,.T.);
#3037=ORIENTED_EDGE('',*,*,#2143,.T.);
#3038=ORIENTED_EDGE('',*,*,#2145,.F.);
#3039=ORIENTED_EDGE('',*,*,#2129,.F.);
#3040=ORIENTED_EDGE('',*,*,#2146,.T.);
#3041=ORIENTED_EDGE('',*,*,#2147,.T.);
#3042=ORIENTED_EDGE('',*,*,#2148,.F.);
#3043=ORIENTED_EDGE('',*,*,#2149,.F.);
#3044=ORIENTED_EDGE('',*,*,#2150,.T.);
#3045=ORIENTED_EDGE('',*,*,#2149,.T.);
#3046=ORIENTED_EDGE('',*,*,#2151,.F.);
#3047=ORIENTED_EDGE('',*,*,#2152,.F.);
#3048=ORIENTED_EDGE('',*,*,#2153,.T.);
#3049=ORIENTED_EDGE('',*,*,#2152,.T.);
#3050=ORIENTED_EDGE('',*,*,#2154,.F.);
#3051=ORIENTED_EDGE('',*,*,#2155,.F.);
#3052=ORIENTED_EDGE('',*,*,#2156,.T.);
#3053=ORIENTED_EDGE('',*,*,#2155,.T.);
#3054=ORIENTED_EDGE('',*,*,#2157,.F.);
#3055=ORIENTED_EDGE('',*,*,#2158,.F.);
#3056=ORIENTED_EDGE('',*,*,#2159,.T.);
#3057=ORIENTED_EDGE('',*,*,#2158,.T.);
#3058=ORIENTED_EDGE('',*,*,#2160,.F.);
#3059=ORIENTED_EDGE('',*,*,#2161,.F.);
#3060=ORIENTED_EDGE('',*,*,#2162,.T.);
#3061=ORIENTED_EDGE('',*,*,#2161,.T.);
#3062=ORIENTED_EDGE('',*,*,#2163,.F.);
#3063=ORIENTED_EDGE('',*,*,#2164,.F.);
#3064=ORIENTED_EDGE('',*,*,#2165,.T.);
#3065=ORIENTED_EDGE('',*,*,#2164,.T.);
#3066=ORIENTED_EDGE('',*,*,#2166,.F.);
#3067=ORIENTED_EDGE('',*,*,#2147,.F.);
#3068=ORIENTED_EDGE('',*,*,#2167,.F.);
#3069=ORIENTED_EDGE('',*,*,#2168,.T.);
#3070=ORIENTED_EDGE('',*,*,#2169,.F.);
#3071=ORIENTED_EDGE('',*,*,#2170,.F.);
#3072=ORIENTED_EDGE('',*,*,#2171,.F.);
#3073=ORIENTED_EDGE('',*,*,#2170,.T.);
#3074=ORIENTED_EDGE('',*,*,#2172,.F.);
#3075=ORIENTED_EDGE('',*,*,#2173,.F.);
#3076=ORIENTED_EDGE('',*,*,#2174,.F.);
#3077=ORIENTED_EDGE('',*,*,#2173,.T.);
#3078=ORIENTED_EDGE('',*,*,#2175,.F.);
#3079=ORIENTED_EDGE('',*,*,#2176,.F.);
#3080=ORIENTED_EDGE('',*,*,#2177,.F.);
#3081=ORIENTED_EDGE('',*,*,#2176,.T.);
#3082=ORIENTED_EDGE('',*,*,#2178,.F.);
#3083=ORIENTED_EDGE('',*,*,#2179,.F.);
#3084=ORIENTED_EDGE('',*,*,#2180,.F.);
#3085=ORIENTED_EDGE('',*,*,#2179,.T.);
#3086=ORIENTED_EDGE('',*,*,#2181,.F.);
#3087=ORIENTED_EDGE('',*,*,#2182,.F.);
#3088=ORIENTED_EDGE('',*,*,#2183,.F.);
#3089=ORIENTED_EDGE('',*,*,#2182,.T.);
#3090=ORIENTED_EDGE('',*,*,#2184,.F.);
#3091=ORIENTED_EDGE('',*,*,#2185,.F.);
#3092=ORIENTED_EDGE('',*,*,#2186,.F.);
#3093=ORIENTED_EDGE('',*,*,#2185,.T.);
#3094=ORIENTED_EDGE('',*,*,#2187,.F.);
#3095=ORIENTED_EDGE('',*,*,#2188,.F.);
#3096=ORIENTED_EDGE('',*,*,#2189,.F.);
#3097=ORIENTED_EDGE('',*,*,#2188,.T.);
#3098=ORIENTED_EDGE('',*,*,#2190,.F.);
#3099=ORIENTED_EDGE('',*,*,#2191,.F.);
#3100=ORIENTED_EDGE('',*,*,#2192,.F.);
#3101=ORIENTED_EDGE('',*,*,#2191,.T.);
#3102=ORIENTED_EDGE('',*,*,#2193,.F.);
#3103=ORIENTED_EDGE('',*,*,#2194,.F.);
#3104=ORIENTED_EDGE('',*,*,#2195,.F.);
#3105=ORIENTED_EDGE('',*,*,#2194,.T.);
#3106=ORIENTED_EDGE('',*,*,#2196,.F.);
#3107=ORIENTED_EDGE('',*,*,#2197,.F.);
#3108=ORIENTED_EDGE('',*,*,#2198,.F.);
#3109=ORIENTED_EDGE('',*,*,#2197,.T.);
#3110=ORIENTED_EDGE('',*,*,#2199,.F.);
#3111=ORIENTED_EDGE('',*,*,#2200,.F.);
#3112=ORIENTED_EDGE('',*,*,#2201,.F.);
#3113=ORIENTED_EDGE('',*,*,#2200,.T.);
#3114=ORIENTED_EDGE('',*,*,#2202,.F.);
#3115=ORIENTED_EDGE('',*,*,#2203,.F.);
#3116=ORIENTED_EDGE('',*,*,#2204,.F.);
#3117=ORIENTED_EDGE('',*,*,#2203,.T.);
#3118=ORIENTED_EDGE('',*,*,#2205,.F.);
#3119=ORIENTED_EDGE('',*,*,#2206,.F.);
#3120=ORIENTED_EDGE('',*,*,#2207,.F.);
#3121=ORIENTED_EDGE('',*,*,#2206,.T.);
#3122=ORIENTED_EDGE('',*,*,#2208,.F.);
#3123=ORIENTED_EDGE('',*,*,#2168,.F.);
#3124=ORIENTED_EDGE('',*,*,#2208,.T.);
#3125=ORIENTED_EDGE('',*,*,#2205,.T.);
#3126=ORIENTED_EDGE('',*,*,#2202,.T.);
#3127=ORIENTED_EDGE('',*,*,#2199,.T.);
#3128=ORIENTED_EDGE('',*,*,#2196,.T.);
#3129=ORIENTED_EDGE('',*,*,#2193,.T.);
#3130=ORIENTED_EDGE('',*,*,#2190,.T.);
#3131=ORIENTED_EDGE('',*,*,#2187,.T.);
#3132=ORIENTED_EDGE('',*,*,#2184,.T.);
#3133=ORIENTED_EDGE('',*,*,#2181,.T.);
#3134=ORIENTED_EDGE('',*,*,#2178,.T.);
#3135=ORIENTED_EDGE('',*,*,#2175,.T.);
#3136=ORIENTED_EDGE('',*,*,#2172,.T.);
#3137=ORIENTED_EDGE('',*,*,#2169,.T.);
#3138=ORIENTED_EDGE('',*,*,#2166,.T.);
#3139=ORIENTED_EDGE('',*,*,#2163,.T.);
#3140=ORIENTED_EDGE('',*,*,#2160,.T.);
#3141=ORIENTED_EDGE('',*,*,#2157,.T.);
#3142=ORIENTED_EDGE('',*,*,#2154,.T.);
#3143=ORIENTED_EDGE('',*,*,#2151,.T.);
#3144=ORIENTED_EDGE('',*,*,#2148,.T.);
#3145=ORIENTED_EDGE('',*,*,#2145,.T.);
#3146=ORIENTED_EDGE('',*,*,#2142,.T.);
#3147=ORIENTED_EDGE('',*,*,#2139,.T.);
#3148=ORIENTED_EDGE('',*,*,#2136,.T.);
#3149=ORIENTED_EDGE('',*,*,#2133,.T.);
#3150=ORIENTED_EDGE('',*,*,#2130,.T.);
#3151=ORIENTED_EDGE('',*,*,#2207,.T.);
#3152=ORIENTED_EDGE('',*,*,#2167,.T.);
#3153=ORIENTED_EDGE('',*,*,#2171,.T.);
#3154=ORIENTED_EDGE('',*,*,#2174,.T.);
#3155=ORIENTED_EDGE('',*,*,#2177,.T.);
#3156=ORIENTED_EDGE('',*,*,#2180,.T.);
#3157=ORIENTED_EDGE('',*,*,#2183,.T.);
#3158=ORIENTED_EDGE('',*,*,#2186,.T.);
#3159=ORIENTED_EDGE('',*,*,#2189,.T.);
#3160=ORIENTED_EDGE('',*,*,#2192,.T.);
#3161=ORIENTED_EDGE('',*,*,#2195,.T.);
#3162=ORIENTED_EDGE('',*,*,#2198,.T.);
#3163=ORIENTED_EDGE('',*,*,#2201,.T.);
#3164=ORIENTED_EDGE('',*,*,#2204,.T.);
#3165=ORIENTED_EDGE('',*,*,#2165,.F.);
#3166=ORIENTED_EDGE('',*,*,#2146,.F.);
#3167=ORIENTED_EDGE('',*,*,#2150,.F.);
#3168=ORIENTED_EDGE('',*,*,#2153,.F.);
#3169=ORIENTED_EDGE('',*,*,#2156,.F.);
#3170=ORIENTED_EDGE('',*,*,#2159,.F.);
#3171=ORIENTED_EDGE('',*,*,#2162,.F.);
#3172=ORIENTED_EDGE('',*,*,#2144,.F.);
#3173=ORIENTED_EDGE('',*,*,#2128,.F.);
#3174=ORIENTED_EDGE('',*,*,#2132,.F.);
#3175=ORIENTED_EDGE('',*,*,#2135,.F.);
#3176=ORIENTED_EDGE('',*,*,#2138,.F.);
#3177=ORIENTED_EDGE('',*,*,#2141,.F.);
#3178=ORIENTED_EDGE('',*,*,#2209,.F.);
#3179=ORIENTED_EDGE('',*,*,#2210,.T.);
#3180=ORIENTED_EDGE('',*,*,#2211,.F.);
#3181=ORIENTED_EDGE('',*,*,#2212,.F.);
#3182=ORIENTED_EDGE('',*,*,#2213,.F.);
#3183=ORIENTED_EDGE('',*,*,#2212,.T.);
#3184=ORIENTED_EDGE('',*,*,#2214,.F.);
#3185=ORIENTED_EDGE('',*,*,#2215,.F.);
#3186=ORIENTED_EDGE('',*,*,#2216,.F.);
#3187=ORIENTED_EDGE('',*,*,#2215,.T.);
#3188=ORIENTED_EDGE('',*,*,#2217,.F.);
#3189=ORIENTED_EDGE('',*,*,#2218,.F.);
#3190=ORIENTED_EDGE('',*,*,#2219,.F.);
#3191=ORIENTED_EDGE('',*,*,#2218,.T.);
#3192=ORIENTED_EDGE('',*,*,#2220,.F.);
#3193=ORIENTED_EDGE('',*,*,#2221,.F.);
#3194=ORIENTED_EDGE('',*,*,#2222,.F.);
#3195=ORIENTED_EDGE('',*,*,#2221,.T.);
#3196=ORIENTED_EDGE('',*,*,#2223,.F.);
#3197=ORIENTED_EDGE('',*,*,#2224,.F.);
#3198=ORIENTED_EDGE('',*,*,#2225,.F.);
#3199=ORIENTED_EDGE('',*,*,#2224,.T.);
#3200=ORIENTED_EDGE('',*,*,#2226,.F.);
#3201=ORIENTED_EDGE('',*,*,#2227,.F.);
#3202=ORIENTED_EDGE('',*,*,#2228,.F.);
#3203=ORIENTED_EDGE('',*,*,#2227,.T.);
#3204=ORIENTED_EDGE('',*,*,#2229,.F.);
#3205=ORIENTED_EDGE('',*,*,#2230,.F.);
#3206=ORIENTED_EDGE('',*,*,#2231,.F.);
#3207=ORIENTED_EDGE('',*,*,#2230,.T.);
#3208=ORIENTED_EDGE('',*,*,#2232,.F.);
#3209=ORIENTED_EDGE('',*,*,#2233,.F.);
#3210=ORIENTED_EDGE('',*,*,#2234,.F.);
#3211=ORIENTED_EDGE('',*,*,#2233,.T.);
#3212=ORIENTED_EDGE('',*,*,#2235,.F.);
#3213=ORIENTED_EDGE('',*,*,#2236,.F.);
#3214=ORIENTED_EDGE('',*,*,#2237,.F.);
#3215=ORIENTED_EDGE('',*,*,#2236,.T.);
#3216=ORIENTED_EDGE('',*,*,#2238,.F.);
#3217=ORIENTED_EDGE('',*,*,#2239,.F.);
#3218=ORIENTED_EDGE('',*,*,#2240,.F.);
#3219=ORIENTED_EDGE('',*,*,#2239,.T.);
#3220=ORIENTED_EDGE('',*,*,#2241,.F.);
#3221=ORIENTED_EDGE('',*,*,#2242,.F.);
#3222=ORIENTED_EDGE('',*,*,#2243,.F.);
#3223=ORIENTED_EDGE('',*,*,#2242,.T.);
#3224=ORIENTED_EDGE('',*,*,#2244,.F.);
#3225=ORIENTED_EDGE('',*,*,#2245,.F.);
#3226=ORIENTED_EDGE('',*,*,#2246,.F.);
#3227=ORIENTED_EDGE('',*,*,#2245,.T.);
#3228=ORIENTED_EDGE('',*,*,#2247,.F.);
#3229=ORIENTED_EDGE('',*,*,#2248,.F.);
#3230=ORIENTED_EDGE('',*,*,#2249,.F.);
#3231=ORIENTED_EDGE('',*,*,#2248,.T.);
#3232=ORIENTED_EDGE('',*,*,#2250,.F.);
#3233=ORIENTED_EDGE('',*,*,#2251,.F.);
#3234=ORIENTED_EDGE('',*,*,#2252,.F.);
#3235=ORIENTED_EDGE('',*,*,#2251,.T.);
#3236=ORIENTED_EDGE('',*,*,#2253,.F.);
#3237=ORIENTED_EDGE('',*,*,#2254,.F.);
#3238=ORIENTED_EDGE('',*,*,#2255,.F.);
#3239=ORIENTED_EDGE('',*,*,#2254,.T.);
#3240=ORIENTED_EDGE('',*,*,#2256,.F.);
#3241=ORIENTED_EDGE('',*,*,#2257,.F.);
#3242=ORIENTED_EDGE('',*,*,#2258,.F.);
#3243=ORIENTED_EDGE('',*,*,#2257,.T.);
#3244=ORIENTED_EDGE('',*,*,#2259,.F.);
#3245=ORIENTED_EDGE('',*,*,#2260,.F.);
#3246=ORIENTED_EDGE('',*,*,#2261,.F.);
#3247=ORIENTED_EDGE('',*,*,#2260,.T.);
#3248=ORIENTED_EDGE('',*,*,#2262,.F.);
#3249=ORIENTED_EDGE('',*,*,#2210,.F.);
#3250=ORIENTED_EDGE('',*,*,#2262,.T.);
#3251=ORIENTED_EDGE('',*,*,#2259,.T.);
#3252=ORIENTED_EDGE('',*,*,#2256,.T.);
#3253=ORIENTED_EDGE('',*,*,#2253,.T.);
#3254=ORIENTED_EDGE('',*,*,#2250,.T.);
#3255=ORIENTED_EDGE('',*,*,#2247,.T.);
#3256=ORIENTED_EDGE('',*,*,#2244,.T.);
#3257=ORIENTED_EDGE('',*,*,#2241,.T.);
#3258=ORIENTED_EDGE('',*,*,#2238,.T.);
#3259=ORIENTED_EDGE('',*,*,#2235,.T.);
#3260=ORIENTED_EDGE('',*,*,#2232,.T.);
#3261=ORIENTED_EDGE('',*,*,#2229,.T.);
#3262=ORIENTED_EDGE('',*,*,#2226,.T.);
#3263=ORIENTED_EDGE('',*,*,#2223,.T.);
#3264=ORIENTED_EDGE('',*,*,#2220,.T.);
#3265=ORIENTED_EDGE('',*,*,#2217,.T.);
#3266=ORIENTED_EDGE('',*,*,#2214,.T.);
#3267=ORIENTED_EDGE('',*,*,#2211,.T.);
#3268=ORIENTED_EDGE('',*,*,#2261,.T.);
#3269=ORIENTED_EDGE('',*,*,#2209,.T.);
#3270=ORIENTED_EDGE('',*,*,#2213,.T.);
#3271=ORIENTED_EDGE('',*,*,#2216,.T.);
#3272=ORIENTED_EDGE('',*,*,#2219,.T.);
#3273=ORIENTED_EDGE('',*,*,#2222,.T.);
#3274=ORIENTED_EDGE('',*,*,#2225,.T.);
#3275=ORIENTED_EDGE('',*,*,#2228,.T.);
#3276=ORIENTED_EDGE('',*,*,#2231,.T.);
#3277=ORIENTED_EDGE('',*,*,#2234,.T.);
#3278=ORIENTED_EDGE('',*,*,#2237,.T.);
#3279=ORIENTED_EDGE('',*,*,#2240,.T.);
#3280=ORIENTED_EDGE('',*,*,#2243,.T.);
#3281=ORIENTED_EDGE('',*,*,#2246,.T.);
#3282=ORIENTED_EDGE('',*,*,#2249,.T.);
#3283=ORIENTED_EDGE('',*,*,#2252,.T.);
#3284=ORIENTED_EDGE('',*,*,#2255,.T.);
#3285=ORIENTED_EDGE('',*,*,#2258,.T.);
#3286=ORIENTED_EDGE('',*,*,#2263,.F.);
#3287=ORIENTED_EDGE('',*,*,#2264,.T.);
#3288=ORIENTED_EDGE('',*,*,#2265,.F.);
#3289=ORIENTED_EDGE('',*,*,#2266,.F.);
#3290=ORIENTED_EDGE('',*,*,#2267,.F.);
#3291=ORIENTED_EDGE('',*,*,#2266,.T.);
#3292=ORIENTED_EDGE('',*,*,#2268,.F.);
#3293=ORIENTED_EDGE('',*,*,#2269,.F.);
#3294=ORIENTED_EDGE('',*,*,#2270,.F.);
#3295=ORIENTED_EDGE('',*,*,#2269,.T.);
#3296=ORIENTED_EDGE('',*,*,#2271,.F.);
#3297=ORIENTED_EDGE('',*,*,#2272,.F.);
#3298=ORIENTED_EDGE('',*,*,#2273,.F.);
#3299=ORIENTED_EDGE('',*,*,#2272,.T.);
#3300=ORIENTED_EDGE('',*,*,#2274,.F.);
#3301=ORIENTED_EDGE('',*,*,#2275,.F.);
#3302=ORIENTED_EDGE('',*,*,#2276,.F.);
#3303=ORIENTED_EDGE('',*,*,#2275,.T.);
#3304=ORIENTED_EDGE('',*,*,#2277,.F.);
#3305=ORIENTED_EDGE('',*,*,#2278,.F.);
#3306=ORIENTED_EDGE('',*,*,#2279,.F.);
#3307=ORIENTED_EDGE('',*,*,#2278,.T.);
#3308=ORIENTED_EDGE('',*,*,#2280,.F.);
#3309=ORIENTED_EDGE('',*,*,#2281,.F.);
#3310=ORIENTED_EDGE('',*,*,#2282,.F.);
#3311=ORIENTED_EDGE('',*,*,#2281,.T.);
#3312=ORIENTED_EDGE('',*,*,#2283,.F.);
#3313=ORIENTED_EDGE('',*,*,#2284,.F.);
#3314=ORIENTED_EDGE('',*,*,#2285,.F.);
#3315=ORIENTED_EDGE('',*,*,#2284,.T.);
#3316=ORIENTED_EDGE('',*,*,#2286,.F.);
#3317=ORIENTED_EDGE('',*,*,#2287,.F.);
#3318=ORIENTED_EDGE('',*,*,#2288,.F.);
#3319=ORIENTED_EDGE('',*,*,#2287,.T.);
#3320=ORIENTED_EDGE('',*,*,#2289,.F.);
#3321=ORIENTED_EDGE('',*,*,#2290,.F.);
#3322=ORIENTED_EDGE('',*,*,#2291,.F.);
#3323=ORIENTED_EDGE('',*,*,#2290,.T.);
#3324=ORIENTED_EDGE('',*,*,#2292,.F.);
#3325=ORIENTED_EDGE('',*,*,#2264,.F.);
#3326=ORIENTED_EDGE('',*,*,#2292,.T.);
#3327=ORIENTED_EDGE('',*,*,#2289,.T.);
#3328=ORIENTED_EDGE('',*,*,#2286,.T.);
#3329=ORIENTED_EDGE('',*,*,#2283,.T.);
#3330=ORIENTED_EDGE('',*,*,#2280,.T.);
#3331=ORIENTED_EDGE('',*,*,#2277,.T.);
#3332=ORIENTED_EDGE('',*,*,#2274,.T.);
#3333=ORIENTED_EDGE('',*,*,#2271,.T.);
#3334=ORIENTED_EDGE('',*,*,#2268,.T.);
#3335=ORIENTED_EDGE('',*,*,#2265,.T.);
#3336=ORIENTED_EDGE('',*,*,#2291,.T.);
#3337=ORIENTED_EDGE('',*,*,#2263,.T.);
#3338=ORIENTED_EDGE('',*,*,#2267,.T.);
#3339=ORIENTED_EDGE('',*,*,#2270,.T.);
#3340=ORIENTED_EDGE('',*,*,#2273,.T.);
#3341=ORIENTED_EDGE('',*,*,#2276,.T.);
#3342=ORIENTED_EDGE('',*,*,#2279,.T.);
#3343=ORIENTED_EDGE('',*,*,#2282,.T.);
#3344=ORIENTED_EDGE('',*,*,#2285,.T.);
#3345=ORIENTED_EDGE('',*,*,#2288,.T.);
#3346=ORIENTED_EDGE('',*,*,#2293,.F.);
#3347=ORIENTED_EDGE('',*,*,#2294,.T.);
#3348=ORIENTED_EDGE('',*,*,#2295,.F.);
#3349=ORIENTED_EDGE('',*,*,#2296,.F.);
#3350=ORIENTED_EDGE('',*,*,#2297,.F.);
#3351=ORIENTED_EDGE('',*,*,#2296,.T.);
#3352=ORIENTED_EDGE('',*,*,#2298,.F.);
#3353=ORIENTED_EDGE('',*,*,#2299,.F.);
#3354=ORIENTED_EDGE('',*,*,#2300,.F.);
#3355=ORIENTED_EDGE('',*,*,#2299,.T.);
#3356=ORIENTED_EDGE('',*,*,#2301,.F.);
#3357=ORIENTED_EDGE('',*,*,#2302,.F.);
#3358=ORIENTED_EDGE('',*,*,#2303,.F.);
#3359=ORIENTED_EDGE('',*,*,#2302,.T.);
#3360=ORIENTED_EDGE('',*,*,#2304,.F.);
#3361=ORIENTED_EDGE('',*,*,#2294,.F.);
#3362=ORIENTED_EDGE('',*,*,#2304,.T.);
#3363=ORIENTED_EDGE('',*,*,#2301,.T.);
#3364=ORIENTED_EDGE('',*,*,#2298,.T.);
#3365=ORIENTED_EDGE('',*,*,#2295,.T.);
#3366=ORIENTED_EDGE('',*,*,#2303,.T.);
#3367=ORIENTED_EDGE('',*,*,#2293,.T.);
#3368=ORIENTED_EDGE('',*,*,#2297,.T.);
#3369=ORIENTED_EDGE('',*,*,#2300,.T.);
#3370=ORIENTED_EDGE('',*,*,#2305,.F.);
#3371=ORIENTED_EDGE('',*,*,#2306,.T.);
#3372=ORIENTED_EDGE('',*,*,#2307,.F.);
#3373=ORIENTED_EDGE('',*,*,#2308,.F.);
#3374=ORIENTED_EDGE('',*,*,#2309,.F.);
#3375=ORIENTED_EDGE('',*,*,#2308,.T.);
#3376=ORIENTED_EDGE('',*,*,#2310,.F.);
#3377=ORIENTED_EDGE('',*,*,#2311,.F.);
#3378=ORIENTED_EDGE('',*,*,#2312,.F.);
#3379=ORIENTED_EDGE('',*,*,#2311,.T.);
#3380=ORIENTED_EDGE('',*,*,#2313,.F.);
#3381=ORIENTED_EDGE('',*,*,#2314,.F.);
#3382=ORIENTED_EDGE('',*,*,#2315,.F.);
#3383=ORIENTED_EDGE('',*,*,#2314,.T.);
#3384=ORIENTED_EDGE('',*,*,#2316,.F.);
#3385=ORIENTED_EDGE('',*,*,#2317,.F.);
#3386=ORIENTED_EDGE('',*,*,#2318,.F.);
#3387=ORIENTED_EDGE('',*,*,#2317,.T.);
#3388=ORIENTED_EDGE('',*,*,#2319,.F.);
#3389=ORIENTED_EDGE('',*,*,#2320,.F.);
#3390=ORIENTED_EDGE('',*,*,#2321,.F.);
#3391=ORIENTED_EDGE('',*,*,#2320,.T.);
#3392=ORIENTED_EDGE('',*,*,#2322,.F.);
#3393=ORIENTED_EDGE('',*,*,#2323,.F.);
#3394=ORIENTED_EDGE('',*,*,#2324,.F.);
#3395=ORIENTED_EDGE('',*,*,#2323,.T.);
#3396=ORIENTED_EDGE('',*,*,#2325,.F.);
#3397=ORIENTED_EDGE('',*,*,#2326,.F.);
#3398=ORIENTED_EDGE('',*,*,#2327,.F.);
#3399=ORIENTED_EDGE('',*,*,#2326,.T.);
#3400=ORIENTED_EDGE('',*,*,#2328,.F.);
#3401=ORIENTED_EDGE('',*,*,#2329,.F.);
#3402=ORIENTED_EDGE('',*,*,#2330,.F.);
#3403=ORIENTED_EDGE('',*,*,#2329,.T.);
#3404=ORIENTED_EDGE('',*,*,#2331,.F.);
#3405=ORIENTED_EDGE('',*,*,#2332,.F.);
#3406=ORIENTED_EDGE('',*,*,#2333,.F.);
#3407=ORIENTED_EDGE('',*,*,#2332,.T.);
#3408=ORIENTED_EDGE('',*,*,#2334,.F.);
#3409=ORIENTED_EDGE('',*,*,#2335,.F.);
#3410=ORIENTED_EDGE('',*,*,#2336,.F.);
#3411=ORIENTED_EDGE('',*,*,#2335,.T.);
#3412=ORIENTED_EDGE('',*,*,#2337,.F.);
#3413=ORIENTED_EDGE('',*,*,#2306,.F.);
#3414=ORIENTED_EDGE('',*,*,#2337,.T.);
#3415=ORIENTED_EDGE('',*,*,#2334,.T.);
#3416=ORIENTED_EDGE('',*,*,#2331,.T.);
#3417=ORIENTED_EDGE('',*,*,#2328,.T.);
#3418=ORIENTED_EDGE('',*,*,#2325,.T.);
#3419=ORIENTED_EDGE('',*,*,#2322,.T.);
#3420=ORIENTED_EDGE('',*,*,#2319,.T.);
#3421=ORIENTED_EDGE('',*,*,#2316,.T.);
#3422=ORIENTED_EDGE('',*,*,#2313,.T.);
#3423=ORIENTED_EDGE('',*,*,#2310,.T.);
#3424=ORIENTED_EDGE('',*,*,#2307,.T.);
#3425=ORIENTED_EDGE('',*,*,#2336,.T.);
#3426=ORIENTED_EDGE('',*,*,#2305,.T.);
#3427=ORIENTED_EDGE('',*,*,#2309,.T.);
#3428=ORIENTED_EDGE('',*,*,#2312,.T.);
#3429=ORIENTED_EDGE('',*,*,#2315,.T.);
#3430=ORIENTED_EDGE('',*,*,#2318,.T.);
#3431=ORIENTED_EDGE('',*,*,#2321,.T.);
#3432=ORIENTED_EDGE('',*,*,#2324,.T.);
#3433=ORIENTED_EDGE('',*,*,#2327,.T.);
#3434=ORIENTED_EDGE('',*,*,#2330,.T.);
#3435=ORIENTED_EDGE('',*,*,#2333,.T.);
#3436=(
BOUNDED_SURFACE()
B_SPLINE_SURFACE(3,1,((#4372,#4373),(#4374,#4375),(#4376,#4377),(#4378,
#4379)),.UNSPECIFIED.,.F.,.F.,.F.)
B_SPLINE_SURFACE_WITH_KNOTS((4,4),(2,2),(-1.,0.),(0.,0.0800000000000001),
 .UNSPECIFIED.)
GEOMETRIC_REPRESENTATION_ITEM()
RATIONAL_B_SPLINE_SURFACE(((1.,1.),(1.,1.),(1.,1.),(1.,1.)))
REPRESENTATION_ITEM('')
SURFACE()
);
#3437=(
BOUNDED_SURFACE()
B_SPLINE_SURFACE(3,1,((#4406,#4407),(#4408,#4409),(#4410,#4411),(#4412,
#4413)),.UNSPECIFIED.,.F.,.F.,.F.)
B_SPLINE_SURFACE_WITH_KNOTS((4,4),(2,2),(-1.,0.),(0.,0.0800000000000001),
 .UNSPECIFIED.)
GEOMETRIC_REPRESENTATION_ITEM()
RATIONAL_B_SPLINE_SURFACE(((1.,1.),(1.,1.),(1.,1.),(1.,1.)))
REPRESENTATION_ITEM('')
SURFACE()
);
#3438=(
BOUNDED_SURFACE()
B_SPLINE_SURFACE(3,1,((#4425,#4426),(#4427,#4428),(#4429,#4430),(#4431,
#4432)),.UNSPECIFIED.,.F.,.F.,.F.)
B_SPLINE_SURFACE_WITH_KNOTS((4,4),(2,2),(-1.,0.),(0.,0.0800000000000001),
 .UNSPECIFIED.)
GEOMETRIC_REPRESENTATION_ITEM()
RATIONAL_B_SPLINE_SURFACE(((1.,1.),(1.,1.),(1.,1.),(1.,1.)))
REPRESENTATION_ITEM('')
SURFACE()
);
#3439=(
BOUNDED_SURFACE()
B_SPLINE_SURFACE(3,1,((#4444,#4445),(#4446,#4447),(#4448,#4449),(#4450,
#4451)),.UNSPECIFIED.,.F.,.F.,.F.)
B_SPLINE_SURFACE_WITH_KNOTS((4,4),(2,2),(-1.,0.),(0.,0.0800000000000001),
 .UNSPECIFIED.)
GEOMETRIC_REPRESENTATION_ITEM()
RATIONAL_B_SPLINE_SURFACE(((1.,1.),(1.,1.),(1.,1.),(1.,1.)))
REPRESENTATION_ITEM('')
SURFACE()
);
#3440=(
BOUNDED_SURFACE()
B_SPLINE_SURFACE(3,1,((#4463,#4464),(#4465,#4466),(#4467,#4468),(#4469,
#4470)),.UNSPECIFIED.,.F.,.F.,.F.)
B_SPLINE_SURFACE_WITH_KNOTS((4,4),(2,2),(-1.,0.),(0.,0.0800000000000001),
 .UNSPECIFIED.)
GEOMETRIC_REPRESENTATION_ITEM()
RATIONAL_B_SPLINE_SURFACE(((1.,1.),(1.,1.),(1.,1.),(1.,1.)))
REPRESENTATION_ITEM('')
SURFACE()
);
#3441=(
BOUNDED_SURFACE()
B_SPLINE_SURFACE(3,1,((#4488,#4489),(#4490,#4491),(#4492,#4493),(#4494,
#4495)),.UNSPECIFIED.,.F.,.F.,.F.)
B_SPLINE_SURFACE_WITH_KNOTS((4,4),(2,2),(-1.,0.),(0.,0.0800000000000001),
 .UNSPECIFIED.)
GEOMETRIC_REPRESENTATION_ITEM()
RATIONAL_B_SPLINE_SURFACE(((1.,1.),(1.,1.),(1.,1.),(1.,1.)))
REPRESENTATION_ITEM('')
SURFACE()
);
#3442=(
BOUNDED_SURFACE()
B_SPLINE_SURFACE(3,1,((#4507,#4508),(#4509,#4510),(#4511,#4512),(#4513,
#4514)),.UNSPECIFIED.,.F.,.F.,.F.)
B_SPLINE_SURFACE_WITH_KNOTS((4,4),(2,2),(-1.,0.),(0.,0.0800000000000001),
 .UNSPECIFIED.)
GEOMETRIC_REPRESENTATION_ITEM()
RATIONAL_B_SPLINE_SURFACE(((1.,1.),(1.,1.),(1.,1.),(1.,1.)))
REPRESENTATION_ITEM('')
SURFACE()
);
#3443=(
BOUNDED_SURFACE()
B_SPLINE_SURFACE(3,1,((#4526,#4527),(#4528,#4529),(#4530,#4531),(#4532,
#4533)),.UNSPECIFIED.,.F.,.F.,.F.)
B_SPLINE_SURFACE_WITH_KNOTS((4,4),(2,2),(-1.,0.),(0.,0.0800000000000001),
 .UNSPECIFIED.)
GEOMETRIC_REPRESENTATION_ITEM()
RATIONAL_B_SPLINE_SURFACE(((1.,1.),(1.,1.),(1.,1.),(1.,1.)))
REPRESENTATION_ITEM('')
SURFACE()
);
#3444=(
BOUNDED_SURFACE()
B_SPLINE_SURFACE(3,1,((#4545,#4546),(#4547,#4548),(#4549,#4550),(#4551,
#4552)),.UNSPECIFIED.,.F.,.F.,.F.)
B_SPLINE_SURFACE_WITH_KNOTS((4,4),(2,2),(-1.,0.),(0.,0.0800000000000001),
 .UNSPECIFIED.)
GEOMETRIC_REPRESENTATION_ITEM()
RATIONAL_B_SPLINE_SURFACE(((1.,1.),(1.,1.),(1.,1.),(1.,1.)))
REPRESENTATION_ITEM('')
SURFACE()
);
#3445=(
BOUNDED_SURFACE()
B_SPLINE_SURFACE(3,1,((#4576,#4577),(#4578,#4579),(#4580,#4581),(#4582,
#4583)),.UNSPECIFIED.,.F.,.F.,.F.)
B_SPLINE_SURFACE_WITH_KNOTS((4,4),(2,2),(-1.,0.),(0.,0.0800000000000001),
 .UNSPECIFIED.)
GEOMETRIC_REPRESENTATION_ITEM()
RATIONAL_B_SPLINE_SURFACE(((1.,1.),(1.,1.),(1.,1.),(1.,1.)))
REPRESENTATION_ITEM('')
SURFACE()
);
#3446=(
BOUNDED_SURFACE()
B_SPLINE_SURFACE(3,1,((#4595,#4596),(#4597,#4598),(#4599,#4600),(#4601,
#4602)),.UNSPECIFIED.,.F.,.F.,.F.)
B_SPLINE_SURFACE_WITH_KNOTS((4,4),(2,2),(-1.,0.),(0.,0.0800000000000001),
 .UNSPECIFIED.)
GEOMETRIC_REPRESENTATION_ITEM()
RATIONAL_B_SPLINE_SURFACE(((1.,1.),(1.,1.),(1.,1.),(1.,1.)))
REPRESENTATION_ITEM('')
SURFACE()
);
#3447=(
BOUNDED_SURFACE()
B_SPLINE_SURFACE(3,1,((#4614,#4615),(#4616,#4617),(#4618,#4619),(#4620,
#4621)),.UNSPECIFIED.,.F.,.F.,.F.)
B_SPLINE_SURFACE_WITH_KNOTS((4,4),(2,2),(-1.,0.),(0.,0.0800000000000001),
 .UNSPECIFIED.)
GEOMETRIC_REPRESENTATION_ITEM()
RATIONAL_B_SPLINE_SURFACE(((1.,1.),(1.,1.),(1.,1.),(1.,1.)))
REPRESENTATION_ITEM('')
SURFACE()
);
#3448=(
BOUNDED_SURFACE()
B_SPLINE_SURFACE(3,1,((#4633,#4634),(#4635,#4636),(#4637,#4638),(#4639,
#4640)),.UNSPECIFIED.,.F.,.F.,.F.)
B_SPLINE_SURFACE_WITH_KNOTS((4,4),(2,2),(-1.,0.),(0.,0.0800000000000001),
 .UNSPECIFIED.)
GEOMETRIC_REPRESENTATION_ITEM()
RATIONAL_B_SPLINE_SURFACE(((1.,1.),(1.,1.),(1.,1.),(1.,1.)))
REPRESENTATION_ITEM('')
SURFACE()
);
#3449=(
BOUNDED_SURFACE()
B_SPLINE_SURFACE(3,1,((#4652,#4653),(#4654,#4655),(#4656,#4657),(#4658,
#4659)),.UNSPECIFIED.,.F.,.F.,.F.)
B_SPLINE_SURFACE_WITH_KNOTS((4,4),(2,2),(-1.,0.),(0.,0.0800000000000001),
 .UNSPECIFIED.)
GEOMETRIC_REPRESENTATION_ITEM()
RATIONAL_B_SPLINE_SURFACE(((1.,1.),(1.,1.),(1.,1.),(1.,1.)))
REPRESENTATION_ITEM('')
SURFACE()
);
#3450=(
BOUNDED_SURFACE()
B_SPLINE_SURFACE(3,1,((#4671,#4672),(#4673,#4674),(#4675,#4676),(#4677,
#4678)),.UNSPECIFIED.,.F.,.F.,.F.)
B_SPLINE_SURFACE_WITH_KNOTS((4,4),(2,2),(-1.,0.),(0.,0.0800000000000001),
 .UNSPECIFIED.)
GEOMETRIC_REPRESENTATION_ITEM()
RATIONAL_B_SPLINE_SURFACE(((1.,1.),(1.,1.),(1.,1.),(1.,1.)))
REPRESENTATION_ITEM('')
SURFACE()
);
#3451=(
BOUNDED_SURFACE()
B_SPLINE_SURFACE(3,1,((#4690,#4691),(#4692,#4693),(#4694,#4695),(#4696,
#4697)),.UNSPECIFIED.,.F.,.F.,.F.)
B_SPLINE_SURFACE_WITH_KNOTS((4,4),(2,2),(-1.,0.),(0.,0.0800000000000001),
 .UNSPECIFIED.)
GEOMETRIC_REPRESENTATION_ITEM()
RATIONAL_B_SPLINE_SURFACE(((1.,1.),(1.,1.),(1.,1.),(1.,1.)))
REPRESENTATION_ITEM('')
SURFACE()
);
#3452=(
BOUNDED_SURFACE()
B_SPLINE_SURFACE(3,1,((#4715,#4716),(#4717,#4718),(#4719,#4720),(#4721,
#4722)),.UNSPECIFIED.,.F.,.F.,.F.)
B_SPLINE_SURFACE_WITH_KNOTS((4,4),(2,2),(-1.,0.),(0.,0.0800000000000001),
 .UNSPECIFIED.)
GEOMETRIC_REPRESENTATION_ITEM()
RATIONAL_B_SPLINE_SURFACE(((1.,1.),(1.,1.),(1.,1.),(1.,1.)))
REPRESENTATION_ITEM('')
SURFACE()
);
#3453=(
BOUNDED_SURFACE()
B_SPLINE_SURFACE(3,1,((#4734,#4735),(#4736,#4737),(#4738,#4739),(#4740,
#4741)),.UNSPECIFIED.,.F.,.F.,.F.)
B_SPLINE_SURFACE_WITH_KNOTS((4,4),(2,2),(-1.,0.),(0.,0.0800000000000001),
 .UNSPECIFIED.)
GEOMETRIC_REPRESENTATION_ITEM()
RATIONAL_B_SPLINE_SURFACE(((1.,1.),(1.,1.),(1.,1.),(1.,1.)))
REPRESENTATION_ITEM('')
SURFACE()
);
#3454=(
BOUNDED_SURFACE()
B_SPLINE_SURFACE(3,1,((#4753,#4754),(#4755,#4756),(#4757,#4758),(#4759,
#4760)),.UNSPECIFIED.,.F.,.F.,.F.)
B_SPLINE_SURFACE_WITH_KNOTS((4,4),(2,2),(-1.,0.),(0.,0.0800000000000001),
 .UNSPECIFIED.)
GEOMETRIC_REPRESENTATION_ITEM()
RATIONAL_B_SPLINE_SURFACE(((1.,1.),(1.,1.),(1.,1.),(1.,1.)))
REPRESENTATION_ITEM('')
SURFACE()
);
#3455=(
BOUNDED_SURFACE()
B_SPLINE_SURFACE(3,1,((#4772,#4773),(#4774,#4775),(#4776,#4777),(#4778,
#4779)),.UNSPECIFIED.,.F.,.F.,.F.)
B_SPLINE_SURFACE_WITH_KNOTS((4,4),(2,2),(-1.,0.),(0.,0.0800000000000001),
 .UNSPECIFIED.)
GEOMETRIC_REPRESENTATION_ITEM()
RATIONAL_B_SPLINE_SURFACE(((1.,1.),(1.,1.),(1.,1.),(1.,1.)))
REPRESENTATION_ITEM('')
SURFACE()
);
#3456=(
BOUNDED_SURFACE()
B_SPLINE_SURFACE(3,1,((#4791,#4792),(#4793,#4794),(#4795,#4796),(#4797,
#4798)),.UNSPECIFIED.,.F.,.F.,.F.)
B_SPLINE_SURFACE_WITH_KNOTS((4,4),(2,2),(-1.,0.),(0.,0.0800000000000001),
 .UNSPECIFIED.)
GEOMETRIC_REPRESENTATION_ITEM()
RATIONAL_B_SPLINE_SURFACE(((1.,1.),(1.,1.),(1.,1.),(1.,1.)))
REPRESENTATION_ITEM('')
SURFACE()
);
#3457=(
BOUNDED_SURFACE()
B_SPLINE_SURFACE(3,1,((#4844,#4845),(#4846,#4847),(#4848,#4849),(#4850,
#4851)),.UNSPECIFIED.,.F.,.F.,.F.)
B_SPLINE_SURFACE_WITH_KNOTS((4,4),(2,2),(-1.,0.),(0.,0.0800000000000001),
 .UNSPECIFIED.)
GEOMETRIC_REPRESENTATION_ITEM()
RATIONAL_B_SPLINE_SURFACE(((1.,1.),(1.,1.),(1.,1.),(1.,1.)))
REPRESENTATION_ITEM('')
SURFACE()
);
#3458=(
BOUNDED_SURFACE()
B_SPLINE_SURFACE(3,1,((#4863,#4864),(#4865,#4866),(#4867,#4868),(#4869,
#4870)),.UNSPECIFIED.,.F.,.F.,.F.)
B_SPLINE_SURFACE_WITH_KNOTS((4,4),(2,2),(-1.,0.),(0.,0.0800000000000001),
 .UNSPECIFIED.)
GEOMETRIC_REPRESENTATION_ITEM()
RATIONAL_B_SPLINE_SURFACE(((1.,1.),(1.,1.),(1.,1.),(1.,1.)))
REPRESENTATION_ITEM('')
SURFACE()
);
#3459=(
BOUNDED_SURFACE()
B_SPLINE_SURFACE(3,1,((#4888,#4889),(#4890,#4891),(#4892,#4893),(#4894,
#4895)),.UNSPECIFIED.,.F.,.F.,.F.)
B_SPLINE_SURFACE_WITH_KNOTS((4,4),(2,2),(-1.,0.),(0.,0.0800000000000001),
 .UNSPECIFIED.)
GEOMETRIC_REPRESENTATION_ITEM()
RATIONAL_B_SPLINE_SURFACE(((1.,1.),(1.,1.),(1.,1.),(1.,1.)))
REPRESENTATION_ITEM('')
SURFACE()
);
#3460=(
BOUNDED_SURFACE()
B_SPLINE_SURFACE(3,1,((#4907,#4908),(#4909,#4910),(#4911,#4912),(#4913,
#4914)),.UNSPECIFIED.,.F.,.F.,.F.)
B_SPLINE_SURFACE_WITH_KNOTS((4,4),(2,2),(-1.,0.),(0.,0.0800000000000001),
 .UNSPECIFIED.)
GEOMETRIC_REPRESENTATION_ITEM()
RATIONAL_B_SPLINE_SURFACE(((1.,1.),(1.,1.),(1.,1.),(1.,1.)))
REPRESENTATION_ITEM('')
SURFACE()
);
#3461=(
BOUNDED_SURFACE()
B_SPLINE_SURFACE(3,1,((#4926,#4927),(#4928,#4929),(#4930,#4931),(#4932,
#4933)),.UNSPECIFIED.,.F.,.F.,.F.)
B_SPLINE_SURFACE_WITH_KNOTS((4,4),(2,2),(-1.,0.),(0.,0.0800000000000001),
 .UNSPECIFIED.)
GEOMETRIC_REPRESENTATION_ITEM()
RATIONAL_B_SPLINE_SURFACE(((1.,1.),(1.,1.),(1.,1.),(1.,1.)))
REPRESENTATION_ITEM('')
SURFACE()
);
#3462=(
BOUNDED_SURFACE()
B_SPLINE_SURFACE(3,1,((#4957,#4958),(#4959,#4960),(#4961,#4962),(#4963,
#4964)),.UNSPECIFIED.,.F.,.F.,.F.)
B_SPLINE_SURFACE_WITH_KNOTS((4,4),(2,2),(-1.,0.),(0.,0.0800000000000001),
 .UNSPECIFIED.)
GEOMETRIC_REPRESENTATION_ITEM()
RATIONAL_B_SPLINE_SURFACE(((1.,1.),(1.,1.),(1.,1.),(1.,1.)))
REPRESENTATION_ITEM('')
SURFACE()
);
#3463=(
BOUNDED_SURFACE()
B_SPLINE_SURFACE(3,1,((#4976,#4977),(#4978,#4979),(#4980,#4981),(#4982,
#4983)),.UNSPECIFIED.,.F.,.F.,.F.)
B_SPLINE_SURFACE_WITH_KNOTS((4,4),(2,2),(-1.,0.),(0.,0.0800000000000001),
 .UNSPECIFIED.)
GEOMETRIC_REPRESENTATION_ITEM()
RATIONAL_B_SPLINE_SURFACE(((1.,1.),(1.,1.),(1.,1.),(1.,1.)))
REPRESENTATION_ITEM('')
SURFACE()
);
#3464=(
BOUNDED_SURFACE()
B_SPLINE_SURFACE(3,1,((#4995,#4996),(#4997,#4998),(#4999,#5000),(#5001,
#5002)),.UNSPECIFIED.,.F.,.F.,.F.)
B_SPLINE_SURFACE_WITH_KNOTS((4,4),(2,2),(-1.,0.),(0.,0.0800000000000001),
 .UNSPECIFIED.)
GEOMETRIC_REPRESENTATION_ITEM()
RATIONAL_B_SPLINE_SURFACE(((1.,1.),(1.,1.),(1.,1.),(1.,1.)))
REPRESENTATION_ITEM('')
SURFACE()
);
#3465=(
BOUNDED_SURFACE()
B_SPLINE_SURFACE(3,1,((#5014,#5015),(#5016,#5017),(#5018,#5019),(#5020,
#5021)),.UNSPECIFIED.,.F.,.F.,.F.)
B_SPLINE_SURFACE_WITH_KNOTS((4,4),(2,2),(-1.,0.),(0.,0.0800000000000001),
 .UNSPECIFIED.)
GEOMETRIC_REPRESENTATION_ITEM()
RATIONAL_B_SPLINE_SURFACE(((1.,1.),(1.,1.),(1.,1.),(1.,1.)))
REPRESENTATION_ITEM('')
SURFACE()
);
#3466=(
BOUNDED_SURFACE()
B_SPLINE_SURFACE(3,1,((#5039,#5040),(#5041,#5042),(#5043,#5044),(#5045,
#5046)),.UNSPECIFIED.,.F.,.F.,.F.)
B_SPLINE_SURFACE_WITH_KNOTS((4,4),(2,2),(-1.,0.),(0.,0.0800000000000001),
 .UNSPECIFIED.)
GEOMETRIC_REPRESENTATION_ITEM()
RATIONAL_B_SPLINE_SURFACE(((1.,1.),(1.,1.),(1.,1.),(1.,1.)))
REPRESENTATION_ITEM('')
SURFACE()
);
#3467=(
BOUNDED_SURFACE()
B_SPLINE_SURFACE(3,1,((#5058,#5059),(#5060,#5061),(#5062,#5063),(#5064,
#5065)),.UNSPECIFIED.,.F.,.F.,.F.)
B_SPLINE_SURFACE_WITH_KNOTS((4,4),(2,2),(-1.,0.),(0.,0.0800000000000001),
 .UNSPECIFIED.)
GEOMETRIC_REPRESENTATION_ITEM()
RATIONAL_B_SPLINE_SURFACE(((1.,1.),(1.,1.),(1.,1.),(1.,1.)))
REPRESENTATION_ITEM('')
SURFACE()
);
#3468=(
BOUNDED_SURFACE()
B_SPLINE_SURFACE(3,1,((#5077,#5078),(#5079,#5080),(#5081,#5082),(#5083,
#5084)),.UNSPECIFIED.,.F.,.F.,.F.)
B_SPLINE_SURFACE_WITH_KNOTS((4,4),(2,2),(-1.,0.),(0.,0.0800000000000001),
 .UNSPECIFIED.)
GEOMETRIC_REPRESENTATION_ITEM()
RATIONAL_B_SPLINE_SURFACE(((1.,1.),(1.,1.),(1.,1.),(1.,1.)))
REPRESENTATION_ITEM('')
SURFACE()
);
#3469=(
BOUNDED_SURFACE()
B_SPLINE_SURFACE(3,1,((#5096,#5097),(#5098,#5099),(#5100,#5101),(#5102,
#5103)),.UNSPECIFIED.,.F.,.F.,.F.)
B_SPLINE_SURFACE_WITH_KNOTS((4,4),(2,2),(-1.,0.),(0.,0.0800000000000001),
 .UNSPECIFIED.)
GEOMETRIC_REPRESENTATION_ITEM()
RATIONAL_B_SPLINE_SURFACE(((1.,1.),(1.,1.),(1.,1.),(1.,1.)))
REPRESENTATION_ITEM('')
SURFACE()
);
#3470=(
BOUNDED_SURFACE()
B_SPLINE_SURFACE(3,1,((#5120,#5121),(#5122,#5123),(#5124,#5125),(#5126,
#5127)),.UNSPECIFIED.,.F.,.F.,.F.)
B_SPLINE_SURFACE_WITH_KNOTS((4,4),(2,2),(-1.,0.),(0.,0.0800000000000001),
 .UNSPECIFIED.)
GEOMETRIC_REPRESENTATION_ITEM()
RATIONAL_B_SPLINE_SURFACE(((1.,1.),(1.,1.),(1.,1.),(1.,1.)))
REPRESENTATION_ITEM('')
SURFACE()
);
#3471=(
BOUNDED_SURFACE()
B_SPLINE_SURFACE(3,1,((#5142,#5143),(#5144,#5145),(#5146,#5147),(#5148,
#5149)),.UNSPECIFIED.,.F.,.F.,.F.)
B_SPLINE_SURFACE_WITH_KNOTS((4,4),(2,2),(-1.,0.),(0.,0.0800000000000001),
 .UNSPECIFIED.)
GEOMETRIC_REPRESENTATION_ITEM()
RATIONAL_B_SPLINE_SURFACE(((1.,1.),(1.,1.),(1.,1.),(1.,1.)))
REPRESENTATION_ITEM('')
SURFACE()
);
#3472=(
BOUNDED_SURFACE()
B_SPLINE_SURFACE(3,1,((#5161,#5162),(#5163,#5164),(#5165,#5166),(#5167,
#5168)),.UNSPECIFIED.,.F.,.F.,.F.)
B_SPLINE_SURFACE_WITH_KNOTS((4,4),(2,2),(-1.,0.),(0.,0.0800000000000001),
 .UNSPECIFIED.)
GEOMETRIC_REPRESENTATION_ITEM()
RATIONAL_B_SPLINE_SURFACE(((1.,1.),(1.,1.),(1.,1.),(1.,1.)))
REPRESENTATION_ITEM('')
SURFACE()
);
#3473=(
BOUNDED_SURFACE()
B_SPLINE_SURFACE(3,1,((#5180,#5181),(#5182,#5183),(#5184,#5185),(#5186,
#5187)),.UNSPECIFIED.,.F.,.F.,.F.)
B_SPLINE_SURFACE_WITH_KNOTS((4,4),(2,2),(-1.,0.),(0.,0.0800000000000001),
 .UNSPECIFIED.)
GEOMETRIC_REPRESENTATION_ITEM()
RATIONAL_B_SPLINE_SURFACE(((1.,1.),(1.,1.),(1.,1.),(1.,1.)))
REPRESENTATION_ITEM('')
SURFACE()
);
#3474=(
BOUNDED_SURFACE()
B_SPLINE_SURFACE(3,1,((#5199,#5200),(#5201,#5202),(#5203,#5204),(#5205,
#5206)),.UNSPECIFIED.,.F.,.F.,.F.)
B_SPLINE_SURFACE_WITH_KNOTS((4,4),(2,2),(-1.,0.),(0.,0.0800000000000001),
 .UNSPECIFIED.)
GEOMETRIC_REPRESENTATION_ITEM()
RATIONAL_B_SPLINE_SURFACE(((1.,1.),(1.,1.),(1.,1.),(1.,1.)))
REPRESENTATION_ITEM('')
SURFACE()
);
#3475=(
BOUNDED_SURFACE()
B_SPLINE_SURFACE(3,1,((#5218,#5219),(#5220,#5221),(#5222,#5223),(#5224,
#5225)),.UNSPECIFIED.,.F.,.F.,.F.)
B_SPLINE_SURFACE_WITH_KNOTS((4,4),(2,2),(-1.,0.),(0.,0.0800000000000001),
 .UNSPECIFIED.)
GEOMETRIC_REPRESENTATION_ITEM()
RATIONAL_B_SPLINE_SURFACE(((1.,1.),(1.,1.),(1.,1.),(1.,1.)))
REPRESENTATION_ITEM('')
SURFACE()
);
#3476=(
BOUNDED_SURFACE()
B_SPLINE_SURFACE(3,1,((#5261,#5262),(#5263,#5264),(#5265,#5266),(#5267,
#5268)),.UNSPECIFIED.,.F.,.F.,.F.)
B_SPLINE_SURFACE_WITH_KNOTS((4,4),(2,2),(-1.,0.),(0.,0.0800000000000001),
 .UNSPECIFIED.)
GEOMETRIC_REPRESENTATION_ITEM()
RATIONAL_B_SPLINE_SURFACE(((1.,1.),(1.,1.),(1.,1.),(1.,1.)))
REPRESENTATION_ITEM('')
SURFACE()
);
#3477=(
BOUNDED_SURFACE()
B_SPLINE_SURFACE(3,1,((#5280,#5281),(#5282,#5283),(#5284,#5285),(#5286,
#5287)),.UNSPECIFIED.,.F.,.F.,.F.)
B_SPLINE_SURFACE_WITH_KNOTS((4,4),(2,2),(-1.,0.),(0.,0.0800000000000001),
 .UNSPECIFIED.)
GEOMETRIC_REPRESENTATION_ITEM()
RATIONAL_B_SPLINE_SURFACE(((1.,1.),(1.,1.),(1.,1.),(1.,1.)))
REPRESENTATION_ITEM('')
SURFACE()
);
#3478=(
BOUNDED_SURFACE()
B_SPLINE_SURFACE(3,1,((#5299,#5300),(#5301,#5302),(#5303,#5304),(#5305,
#5306)),.UNSPECIFIED.,.F.,.F.,.F.)
B_SPLINE_SURFACE_WITH_KNOTS((4,4),(2,2),(-1.,0.),(0.,0.0800000000000001),
 .UNSPECIFIED.)
GEOMETRIC_REPRESENTATION_ITEM()
RATIONAL_B_SPLINE_SURFACE(((1.,1.),(1.,1.),(1.,1.),(1.,1.)))
REPRESENTATION_ITEM('')
SURFACE()
);
#3479=(
BOUNDED_SURFACE()
B_SPLINE_SURFACE(3,1,((#5318,#5319),(#5320,#5321),(#5322,#5323),(#5324,
#5325)),.UNSPECIFIED.,.F.,.F.,.F.)
B_SPLINE_SURFACE_WITH_KNOTS((4,4),(2,2),(-1.,0.),(0.,0.0800000000000001),
 .UNSPECIFIED.)
GEOMETRIC_REPRESENTATION_ITEM()
RATIONAL_B_SPLINE_SURFACE(((1.,1.),(1.,1.),(1.,1.),(1.,1.)))
REPRESENTATION_ITEM('')
SURFACE()
);
#3480=(
BOUNDED_SURFACE()
B_SPLINE_SURFACE(3,1,((#5337,#5338),(#5339,#5340),(#5341,#5342),(#5343,
#5344)),.UNSPECIFIED.,.F.,.F.,.F.)
B_SPLINE_SURFACE_WITH_KNOTS((4,4),(2,2),(-1.,0.),(0.,0.0800000000000001),
 .UNSPECIFIED.)
GEOMETRIC_REPRESENTATION_ITEM()
RATIONAL_B_SPLINE_SURFACE(((1.,1.),(1.,1.),(1.,1.),(1.,1.)))
REPRESENTATION_ITEM('')
SURFACE()
);
#3481=(
BOUNDED_SURFACE()
B_SPLINE_SURFACE(3,1,((#5356,#5357),(#5358,#5359),(#5360,#5361),(#5362,
#5363)),.UNSPECIFIED.,.F.,.F.,.F.)
B_SPLINE_SURFACE_WITH_KNOTS((4,4),(2,2),(-1.,0.),(0.,0.0800000000000001),
 .UNSPECIFIED.)
GEOMETRIC_REPRESENTATION_ITEM()
RATIONAL_B_SPLINE_SURFACE(((1.,1.),(1.,1.),(1.,1.),(1.,1.)))
REPRESENTATION_ITEM('')
SURFACE()
);
#3482=(
BOUNDED_SURFACE()
B_SPLINE_SURFACE(3,1,((#5393,#5394),(#5395,#5396),(#5397,#5398),(#5399,
#5400)),.UNSPECIFIED.,.F.,.F.,.F.)
B_SPLINE_SURFACE_WITH_KNOTS((4,4),(2,2),(-1.,0.),(0.,0.0800000000000001),
 .UNSPECIFIED.)
GEOMETRIC_REPRESENTATION_ITEM()
RATIONAL_B_SPLINE_SURFACE(((1.,1.),(1.,1.),(1.,1.),(1.,1.)))
REPRESENTATION_ITEM('')
SURFACE()
);
#3483=(
BOUNDED_SURFACE()
B_SPLINE_SURFACE(3,1,((#5412,#5413),(#5414,#5415),(#5416,#5417),(#5418,
#5419)),.UNSPECIFIED.,.F.,.F.,.F.)
B_SPLINE_SURFACE_WITH_KNOTS((4,4),(2,2),(-1.,0.),(0.,0.0800000000000001),
 .UNSPECIFIED.)
GEOMETRIC_REPRESENTATION_ITEM()
RATIONAL_B_SPLINE_SURFACE(((1.,1.),(1.,1.),(1.,1.),(1.,1.)))
REPRESENTATION_ITEM('')
SURFACE()
);
#3484=(
BOUNDED_SURFACE()
B_SPLINE_SURFACE(3,1,((#5431,#5432),(#5433,#5434),(#5435,#5436),(#5437,
#5438)),.UNSPECIFIED.,.F.,.F.,.F.)
B_SPLINE_SURFACE_WITH_KNOTS((4,4),(2,2),(-1.,0.),(0.,0.0800000000000001),
 .UNSPECIFIED.)
GEOMETRIC_REPRESENTATION_ITEM()
RATIONAL_B_SPLINE_SURFACE(((1.,1.),(1.,1.),(1.,1.),(1.,1.)))
REPRESENTATION_ITEM('')
SURFACE()
);
#3485=(
BOUNDED_SURFACE()
B_SPLINE_SURFACE(3,1,((#5450,#5451),(#5452,#5453),(#5454,#5455),(#5456,
#5457)),.UNSPECIFIED.,.F.,.F.,.F.)
B_SPLINE_SURFACE_WITH_KNOTS((4,4),(2,2),(-1.,0.),(0.,0.0800000000000001),
 .UNSPECIFIED.)
GEOMETRIC_REPRESENTATION_ITEM()
RATIONAL_B_SPLINE_SURFACE(((1.,1.),(1.,1.),(1.,1.),(1.,1.)))
REPRESENTATION_ITEM('')
SURFACE()
);
#3486=(
BOUNDED_SURFACE()
B_SPLINE_SURFACE(3,1,((#5475,#5476),(#5477,#5478),(#5479,#5480),(#5481,
#5482)),.UNSPECIFIED.,.F.,.F.,.F.)
B_SPLINE_SURFACE_WITH_KNOTS((4,4),(2,2),(-1.,0.),(0.,0.0800000000000001),
 .UNSPECIFIED.)
GEOMETRIC_REPRESENTATION_ITEM()
RATIONAL_B_SPLINE_SURFACE(((1.,1.),(1.,1.),(1.,1.),(1.,1.)))
REPRESENTATION_ITEM('')
SURFACE()
);
#3487=(
BOUNDED_SURFACE()
B_SPLINE_SURFACE(3,1,((#5494,#5495),(#5496,#5497),(#5498,#5499),(#5500,
#5501)),.UNSPECIFIED.,.F.,.F.,.F.)
B_SPLINE_SURFACE_WITH_KNOTS((4,4),(2,2),(-1.,0.),(0.,0.0800000000000001),
 .UNSPECIFIED.)
GEOMETRIC_REPRESENTATION_ITEM()
RATIONAL_B_SPLINE_SURFACE(((1.,1.),(1.,1.),(1.,1.),(1.,1.)))
REPRESENTATION_ITEM('')
SURFACE()
);
#3488=(
BOUNDED_SURFACE()
B_SPLINE_SURFACE(3,1,((#5513,#5514),(#5515,#5516),(#5517,#5518),(#5519,
#5520)),.UNSPECIFIED.,.F.,.F.,.F.)
B_SPLINE_SURFACE_WITH_KNOTS((4,4),(2,2),(-1.,0.),(0.,0.0800000000000001),
 .UNSPECIFIED.)
GEOMETRIC_REPRESENTATION_ITEM()
RATIONAL_B_SPLINE_SURFACE(((1.,1.),(1.,1.),(1.,1.),(1.,1.)))
REPRESENTATION_ITEM('')
SURFACE()
);
#3489=(
BOUNDED_SURFACE()
B_SPLINE_SURFACE(3,1,((#5532,#5533),(#5534,#5535),(#5536,#5537),(#5538,
#5539)),.UNSPECIFIED.,.F.,.F.,.F.)
B_SPLINE_SURFACE_WITH_KNOTS((4,4),(2,2),(-1.,0.),(0.,0.0800000000000001),
 .UNSPECIFIED.)
GEOMETRIC_REPRESENTATION_ITEM()
RATIONAL_B_SPLINE_SURFACE(((1.,1.),(1.,1.),(1.,1.),(1.,1.)))
REPRESENTATION_ITEM('')
SURFACE()
);
#3490=(
BOUNDED_SURFACE()
B_SPLINE_SURFACE(3,1,((#5551,#5552),(#5553,#5554),(#5555,#5556),(#5557,
#5558)),.UNSPECIFIED.,.F.,.F.,.F.)
B_SPLINE_SURFACE_WITH_KNOTS((4,4),(2,2),(-1.,0.),(0.,0.0800000000000001),
 .UNSPECIFIED.)
GEOMETRIC_REPRESENTATION_ITEM()
RATIONAL_B_SPLINE_SURFACE(((1.,1.),(1.,1.),(1.,1.),(1.,1.)))
REPRESENTATION_ITEM('')
SURFACE()
);
#3491=(
BOUNDED_SURFACE()
B_SPLINE_SURFACE(3,1,((#5570,#5571),(#5572,#5573),(#5574,#5575),(#5576,
#5577)),.UNSPECIFIED.,.F.,.F.,.F.)
B_SPLINE_SURFACE_WITH_KNOTS((4,4),(2,2),(-1.,0.),(0.,0.0800000000000001),
 .UNSPECIFIED.)
GEOMETRIC_REPRESENTATION_ITEM()
RATIONAL_B_SPLINE_SURFACE(((1.,1.),(1.,1.),(1.,1.),(1.,1.)))
REPRESENTATION_ITEM('')
SURFACE()
);
#3492=(
BOUNDED_SURFACE()
B_SPLINE_SURFACE(3,1,((#5589,#5590),(#5591,#5592),(#5593,#5594),(#5595,
#5596)),.UNSPECIFIED.,.F.,.F.,.F.)
B_SPLINE_SURFACE_WITH_KNOTS((4,4),(2,2),(-1.,0.),(0.,0.0800000000000001),
 .UNSPECIFIED.)
GEOMETRIC_REPRESENTATION_ITEM()
RATIONAL_B_SPLINE_SURFACE(((1.,1.),(1.,1.),(1.,1.),(1.,1.)))
REPRESENTATION_ITEM('')
SURFACE()
);
#3493=(
BOUNDED_SURFACE()
B_SPLINE_SURFACE(3,1,((#5608,#5609),(#5610,#5611),(#5612,#5613),(#5614,
#5615)),.UNSPECIFIED.,.F.,.F.,.F.)
B_SPLINE_SURFACE_WITH_KNOTS((4,4),(2,2),(-1.,0.),(0.,0.0800000000000001),
 .UNSPECIFIED.)
GEOMETRIC_REPRESENTATION_ITEM()
RATIONAL_B_SPLINE_SURFACE(((1.,1.),(1.,1.),(1.,1.),(1.,1.)))
REPRESENTATION_ITEM('')
SURFACE()
);
#3494=(
BOUNDED_SURFACE()
B_SPLINE_SURFACE(3,1,((#5626,#5627),(#5628,#5629),(#5630,#5631),(#5632,
#5633)),.UNSPECIFIED.,.F.,.F.,.F.)
B_SPLINE_SURFACE_WITH_KNOTS((4,4),(2,2),(-1.,0.),(0.,0.0800000000000001),
 .UNSPECIFIED.)
GEOMETRIC_REPRESENTATION_ITEM()
RATIONAL_B_SPLINE_SURFACE(((1.,1.),(1.,1.),(1.,1.),(1.,1.)))
REPRESENTATION_ITEM('')
SURFACE()
);
#3495=(
BOUNDED_SURFACE()
B_SPLINE_SURFACE(3,1,((#5648,#5649),(#5650,#5651),(#5652,#5653),(#5654,
#5655)),.UNSPECIFIED.,.F.,.F.,.F.)
B_SPLINE_SURFACE_WITH_KNOTS((4,4),(2,2),(-1.,0.),(0.,0.0800000000000001),
 .UNSPECIFIED.)
GEOMETRIC_REPRESENTATION_ITEM()
RATIONAL_B_SPLINE_SURFACE(((1.,1.),(1.,1.),(1.,1.),(1.,1.)))
REPRESENTATION_ITEM('')
SURFACE()
);
#3496=(
BOUNDED_SURFACE()
B_SPLINE_SURFACE(3,1,((#5667,#5668),(#5669,#5670),(#5671,#5672),(#5673,
#5674)),.UNSPECIFIED.,.F.,.F.,.F.)
B_SPLINE_SURFACE_WITH_KNOTS((4,4),(2,2),(-1.,0.),(0.,0.0800000000000001),
 .UNSPECIFIED.)
GEOMETRIC_REPRESENTATION_ITEM()
RATIONAL_B_SPLINE_SURFACE(((1.,1.),(1.,1.),(1.,1.),(1.,1.)))
REPRESENTATION_ITEM('')
SURFACE()
);
#3497=(
BOUNDED_SURFACE()
B_SPLINE_SURFACE(3,1,((#5686,#5687),(#5688,#5689),(#5690,#5691),(#5692,
#5693)),.UNSPECIFIED.,.F.,.F.,.F.)
B_SPLINE_SURFACE_WITH_KNOTS((4,4),(2,2),(-1.,0.),(0.,0.0800000000000001),
 .UNSPECIFIED.)
GEOMETRIC_REPRESENTATION_ITEM()
RATIONAL_B_SPLINE_SURFACE(((1.,1.),(1.,1.),(1.,1.),(1.,1.)))
REPRESENTATION_ITEM('')
SURFACE()
);
#3498=(
BOUNDED_SURFACE()
B_SPLINE_SURFACE(3,1,((#5711,#5712),(#5713,#5714),(#5715,#5716),(#5717,
#5718)),.UNSPECIFIED.,.F.,.F.,.F.)
B_SPLINE_SURFACE_WITH_KNOTS((4,4),(2,2),(-1.,0.),(0.,0.0800000000000001),
 .UNSPECIFIED.)
GEOMETRIC_REPRESENTATION_ITEM()
RATIONAL_B_SPLINE_SURFACE(((1.,1.),(1.,1.),(1.,1.),(1.,1.)))
REPRESENTATION_ITEM('')
SURFACE()
);
#3499=(
BOUNDED_SURFACE()
B_SPLINE_SURFACE(3,1,((#5730,#5731),(#5732,#5733),(#5734,#5735),(#5736,
#5737)),.UNSPECIFIED.,.F.,.F.,.F.)
B_SPLINE_SURFACE_WITH_KNOTS((4,4),(2,2),(-1.,0.),(0.,0.0800000000000001),
 .UNSPECIFIED.)
GEOMETRIC_REPRESENTATION_ITEM()
RATIONAL_B_SPLINE_SURFACE(((1.,1.),(1.,1.),(1.,1.),(1.,1.)))
REPRESENTATION_ITEM('')
SURFACE()
);
#3500=(
BOUNDED_SURFACE()
B_SPLINE_SURFACE(3,1,((#5749,#5750),(#5751,#5752),(#5753,#5754),(#5755,
#5756)),.UNSPECIFIED.,.F.,.F.,.F.)
B_SPLINE_SURFACE_WITH_KNOTS((4,4),(2,2),(-1.,0.),(0.,0.0800000000000001),
 .UNSPECIFIED.)
GEOMETRIC_REPRESENTATION_ITEM()
RATIONAL_B_SPLINE_SURFACE(((1.,1.),(1.,1.),(1.,1.),(1.,1.)))
REPRESENTATION_ITEM('')
SURFACE()
);
#3501=(
BOUNDED_SURFACE()
B_SPLINE_SURFACE(3,1,((#5768,#5769),(#5770,#5771),(#5772,#5773),(#5774,
#5775)),.UNSPECIFIED.,.F.,.F.,.F.)
B_SPLINE_SURFACE_WITH_KNOTS((4,4),(2,2),(-1.,0.),(0.,0.0800000000000001),
 .UNSPECIFIED.)
GEOMETRIC_REPRESENTATION_ITEM()
RATIONAL_B_SPLINE_SURFACE(((1.,1.),(1.,1.),(1.,1.),(1.,1.)))
REPRESENTATION_ITEM('')
SURFACE()
);
#3502=(
BOUNDED_SURFACE()
B_SPLINE_SURFACE(3,1,((#5790,#5791),(#5792,#5793),(#5794,#5795),(#5796,
#5797)),.UNSPECIFIED.,.F.,.F.,.F.)
B_SPLINE_SURFACE_WITH_KNOTS((4,4),(2,2),(-1.,0.),(0.,0.0800000000000001),
 .UNSPECIFIED.)
GEOMETRIC_REPRESENTATION_ITEM()
RATIONAL_B_SPLINE_SURFACE(((1.,1.),(1.,1.),(1.,1.),(1.,1.)))
REPRESENTATION_ITEM('')
SURFACE()
);
#3503=(
BOUNDED_SURFACE()
B_SPLINE_SURFACE(3,1,((#5818,#5819),(#5820,#5821),(#5822,#5823),(#5824,
#5825)),.UNSPECIFIED.,.F.,.F.,.F.)
B_SPLINE_SURFACE_WITH_KNOTS((4,4),(2,2),(-1.,0.),(0.,0.0800000000000001),
 .UNSPECIFIED.)
GEOMETRIC_REPRESENTATION_ITEM()
RATIONAL_B_SPLINE_SURFACE(((1.,1.),(1.,1.),(1.,1.),(1.,1.)))
REPRESENTATION_ITEM('')
SURFACE()
);
#3504=(
BOUNDED_SURFACE()
B_SPLINE_SURFACE(3,1,((#5837,#5838),(#5839,#5840),(#5841,#5842),(#5843,
#5844)),.UNSPECIFIED.,.F.,.F.,.F.)
B_SPLINE_SURFACE_WITH_KNOTS((4,4),(2,2),(-1.,0.),(0.,0.0800000000000001),
 .UNSPECIFIED.)
GEOMETRIC_REPRESENTATION_ITEM()
RATIONAL_B_SPLINE_SURFACE(((1.,1.),(1.,1.),(1.,1.),(1.,1.)))
REPRESENTATION_ITEM('')
SURFACE()
);
#3505=(
BOUNDED_SURFACE()
B_SPLINE_SURFACE(3,1,((#5856,#5857),(#5858,#5859),(#5860,#5861),(#5862,
#5863)),.UNSPECIFIED.,.F.,.F.,.F.)
B_SPLINE_SURFACE_WITH_KNOTS((4,4),(2,2),(-1.,0.),(0.,0.0800000000000001),
 .UNSPECIFIED.)
GEOMETRIC_REPRESENTATION_ITEM()
RATIONAL_B_SPLINE_SURFACE(((1.,1.),(1.,1.),(1.,1.),(1.,1.)))
REPRESENTATION_ITEM('')
SURFACE()
);
#3506=(
BOUNDED_SURFACE()
B_SPLINE_SURFACE(3,1,((#5875,#5876),(#5877,#5878),(#5879,#5880),(#5881,
#5882)),.UNSPECIFIED.,.F.,.F.,.F.)
B_SPLINE_SURFACE_WITH_KNOTS((4,4),(2,2),(-1.,0.),(0.,0.0800000000000001),
 .UNSPECIFIED.)
GEOMETRIC_REPRESENTATION_ITEM()
RATIONAL_B_SPLINE_SURFACE(((1.,1.),(1.,1.),(1.,1.),(1.,1.)))
REPRESENTATION_ITEM('')
SURFACE()
);
#3507=(
BOUNDED_SURFACE()
B_SPLINE_SURFACE(3,1,((#5894,#5895),(#5896,#5897),(#5898,#5899),(#5900,
#5901)),.UNSPECIFIED.,.F.,.F.,.F.)
B_SPLINE_SURFACE_WITH_KNOTS((4,4),(2,2),(-1.,0.),(0.,0.0800000000000001),
 .UNSPECIFIED.)
GEOMETRIC_REPRESENTATION_ITEM()
RATIONAL_B_SPLINE_SURFACE(((1.,1.),(1.,1.),(1.,1.),(1.,1.)))
REPRESENTATION_ITEM('')
SURFACE()
);
#3508=(
BOUNDED_SURFACE()
B_SPLINE_SURFACE(3,1,((#5913,#5914),(#5915,#5916),(#5917,#5918),(#5919,
#5920)),.UNSPECIFIED.,.F.,.F.,.F.)
B_SPLINE_SURFACE_WITH_KNOTS((4,4),(2,2),(-1.,0.),(0.,0.0800000000000001),
 .UNSPECIFIED.)
GEOMETRIC_REPRESENTATION_ITEM()
RATIONAL_B_SPLINE_SURFACE(((1.,1.),(1.,1.),(1.,1.),(1.,1.)))
REPRESENTATION_ITEM('')
SURFACE()
);
#3509=(
BOUNDED_SURFACE()
B_SPLINE_SURFACE(3,1,((#5932,#5933),(#5934,#5935),(#5936,#5937),(#5938,
#5939)),.UNSPECIFIED.,.F.,.F.,.F.)
B_SPLINE_SURFACE_WITH_KNOTS((4,4),(2,2),(-1.,0.),(0.,0.0800000000000001),
 .UNSPECIFIED.)
GEOMETRIC_REPRESENTATION_ITEM()
RATIONAL_B_SPLINE_SURFACE(((1.,1.),(1.,1.),(1.,1.),(1.,1.)))
REPRESENTATION_ITEM('')
SURFACE()
);
#3510=(
BOUNDED_SURFACE()
B_SPLINE_SURFACE(3,1,((#5951,#5952),(#5953,#5954),(#5955,#5956),(#5957,
#5958)),.UNSPECIFIED.,.F.,.F.,.F.)
B_SPLINE_SURFACE_WITH_KNOTS((4,4),(2,2),(-1.,0.),(0.,0.0800000000000001),
 .UNSPECIFIED.)
GEOMETRIC_REPRESENTATION_ITEM()
RATIONAL_B_SPLINE_SURFACE(((1.,1.),(1.,1.),(1.,1.),(1.,1.)))
REPRESENTATION_ITEM('')
SURFACE()
);
#3511=(
BOUNDED_SURFACE()
B_SPLINE_SURFACE(3,1,((#5976,#5977),(#5978,#5979),(#5980,#5981),(#5982,
#5983)),.UNSPECIFIED.,.F.,.F.,.F.)
B_SPLINE_SURFACE_WITH_KNOTS((4,4),(2,2),(-1.,0.),(0.,0.0800000000000001),
 .UNSPECIFIED.)
GEOMETRIC_REPRESENTATION_ITEM()
RATIONAL_B_SPLINE_SURFACE(((1.,1.),(1.,1.),(1.,1.),(1.,1.)))
REPRESENTATION_ITEM('')
SURFACE()
);
#3512=(
BOUNDED_SURFACE()
B_SPLINE_SURFACE(3,1,((#5995,#5996),(#5997,#5998),(#5999,#6000),(#6001,
#6002)),.UNSPECIFIED.,.F.,.F.,.F.)
B_SPLINE_SURFACE_WITH_KNOTS((4,4),(2,2),(-1.,0.),(0.,0.0800000000000001),
 .UNSPECIFIED.)
GEOMETRIC_REPRESENTATION_ITEM()
RATIONAL_B_SPLINE_SURFACE(((1.,1.),(1.,1.),(1.,1.),(1.,1.)))
REPRESENTATION_ITEM('')
SURFACE()
);
#3513=(
BOUNDED_SURFACE()
B_SPLINE_SURFACE(3,1,((#6014,#6015),(#6016,#6017),(#6018,#6019),(#6020,
#6021)),.UNSPECIFIED.,.F.,.F.,.F.)
B_SPLINE_SURFACE_WITH_KNOTS((4,4),(2,2),(-1.,0.),(0.,0.0800000000000001),
 .UNSPECIFIED.)
GEOMETRIC_REPRESENTATION_ITEM()
RATIONAL_B_SPLINE_SURFACE(((1.,1.),(1.,1.),(1.,1.),(1.,1.)))
REPRESENTATION_ITEM('')
SURFACE()
);
#3514=(
BOUNDED_SURFACE()
B_SPLINE_SURFACE(3,1,((#6033,#6034),(#6035,#6036),(#6037,#6038),(#6039,
#6040)),.UNSPECIFIED.,.F.,.F.,.F.)
B_SPLINE_SURFACE_WITH_KNOTS((4,4),(2,2),(-1.,0.),(0.,0.0800000000000001),
 .UNSPECIFIED.)
GEOMETRIC_REPRESENTATION_ITEM()
RATIONAL_B_SPLINE_SURFACE(((1.,1.),(1.,1.),(1.,1.),(1.,1.)))
REPRESENTATION_ITEM('')
SURFACE()
);
#3515=(
BOUNDED_SURFACE()
B_SPLINE_SURFACE(3,1,((#6052,#6053),(#6054,#6055),(#6056,#6057),(#6058,
#6059)),.UNSPECIFIED.,.F.,.F.,.F.)
B_SPLINE_SURFACE_WITH_KNOTS((4,4),(2,2),(-1.,0.),(0.,0.0800000000000001),
 .UNSPECIFIED.)
GEOMETRIC_REPRESENTATION_ITEM()
RATIONAL_B_SPLINE_SURFACE(((1.,1.),(1.,1.),(1.,1.),(1.,1.)))
REPRESENTATION_ITEM('')
SURFACE()
);
#3516=(
BOUNDED_SURFACE()
B_SPLINE_SURFACE(3,1,((#6071,#6072),(#6073,#6074),(#6075,#6076),(#6077,
#6078)),.UNSPECIFIED.,.F.,.F.,.F.)
B_SPLINE_SURFACE_WITH_KNOTS((4,4),(2,2),(-1.,0.),(0.,0.0800000000000001),
 .UNSPECIFIED.)
GEOMETRIC_REPRESENTATION_ITEM()
RATIONAL_B_SPLINE_SURFACE(((1.,1.),(1.,1.),(1.,1.),(1.,1.)))
REPRESENTATION_ITEM('')
SURFACE()
);
#3517=(
BOUNDED_SURFACE()
B_SPLINE_SURFACE(3,1,((#6124,#6125),(#6126,#6127),(#6128,#6129),(#6130,
#6131)),.UNSPECIFIED.,.F.,.F.,.F.)
B_SPLINE_SURFACE_WITH_KNOTS((4,4),(2,2),(-1.,0.),(0.,0.0800000000000001),
 .UNSPECIFIED.)
GEOMETRIC_REPRESENTATION_ITEM()
RATIONAL_B_SPLINE_SURFACE(((1.,1.),(1.,1.),(1.,1.),(1.,1.)))
REPRESENTATION_ITEM('')
SURFACE()
);
#3518=(
BOUNDED_SURFACE()
B_SPLINE_SURFACE(3,1,((#6143,#6144),(#6145,#6146),(#6147,#6148),(#6149,
#6150)),.UNSPECIFIED.,.F.,.F.,.F.)
B_SPLINE_SURFACE_WITH_KNOTS((4,4),(2,2),(-1.,0.),(0.,0.0800000000000001),
 .UNSPECIFIED.)
GEOMETRIC_REPRESENTATION_ITEM()
RATIONAL_B_SPLINE_SURFACE(((1.,1.),(1.,1.),(1.,1.),(1.,1.)))
REPRESENTATION_ITEM('')
SURFACE()
);
#3519=(
BOUNDED_SURFACE()
B_SPLINE_SURFACE(3,1,((#6168,#6169),(#6170,#6171),(#6172,#6173),(#6174,
#6175)),.UNSPECIFIED.,.F.,.F.,.F.)
B_SPLINE_SURFACE_WITH_KNOTS((4,4),(2,2),(-1.,0.),(0.,0.0800000000000001),
 .UNSPECIFIED.)
GEOMETRIC_REPRESENTATION_ITEM()
RATIONAL_B_SPLINE_SURFACE(((1.,1.),(1.,1.),(1.,1.),(1.,1.)))
REPRESENTATION_ITEM('')
SURFACE()
);
#3520=(
BOUNDED_SURFACE()
B_SPLINE_SURFACE(3,1,((#6187,#6188),(#6189,#6190),(#6191,#6192),(#6193,
#6194)),.UNSPECIFIED.,.F.,.F.,.F.)
B_SPLINE_SURFACE_WITH_KNOTS((4,4),(2,2),(-1.,0.),(0.,0.0800000000000001),
 .UNSPECIFIED.)
GEOMETRIC_REPRESENTATION_ITEM()
RATIONAL_B_SPLINE_SURFACE(((1.,1.),(1.,1.),(1.,1.),(1.,1.)))
REPRESENTATION_ITEM('')
SURFACE()
);
#3521=(
BOUNDED_SURFACE()
B_SPLINE_SURFACE(3,1,((#6212,#6213),(#6214,#6215),(#6216,#6217),(#6218,
#6219)),.UNSPECIFIED.,.F.,.F.,.F.)
B_SPLINE_SURFACE_WITH_KNOTS((4,4),(2,2),(-1.,0.),(0.,0.0800000000000001),
 .UNSPECIFIED.)
GEOMETRIC_REPRESENTATION_ITEM()
RATIONAL_B_SPLINE_SURFACE(((1.,1.),(1.,1.),(1.,1.),(1.,1.)))
REPRESENTATION_ITEM('')
SURFACE()
);
#3522=(
BOUNDED_SURFACE()
B_SPLINE_SURFACE(3,1,((#6231,#6232),(#6233,#6234),(#6235,#6236),(#6237,
#6238)),.UNSPECIFIED.,.F.,.F.,.F.)
B_SPLINE_SURFACE_WITH_KNOTS((4,4),(2,2),(-1.,0.),(0.,0.0800000000000001),
 .UNSPECIFIED.)
GEOMETRIC_REPRESENTATION_ITEM()
RATIONAL_B_SPLINE_SURFACE(((1.,1.),(1.,1.),(1.,1.),(1.,1.)))
REPRESENTATION_ITEM('')
SURFACE()
);
#3523=(
BOUNDED_SURFACE()
B_SPLINE_SURFACE(3,1,((#6250,#6251),(#6252,#6253),(#6254,#6255),(#6256,
#6257)),.UNSPECIFIED.,.F.,.F.,.F.)
B_SPLINE_SURFACE_WITH_KNOTS((4,4),(2,2),(-1.,0.),(0.,0.0800000000000001),
 .UNSPECIFIED.)
GEOMETRIC_REPRESENTATION_ITEM()
RATIONAL_B_SPLINE_SURFACE(((1.,1.),(1.,1.),(1.,1.),(1.,1.)))
REPRESENTATION_ITEM('')
SURFACE()
);
#3524=(
BOUNDED_SURFACE()
B_SPLINE_SURFACE(3,1,((#6269,#6270),(#6271,#6272),(#6273,#6274),(#6275,
#6276)),.UNSPECIFIED.,.F.,.F.,.F.)
B_SPLINE_SURFACE_WITH_KNOTS((4,4),(2,2),(-1.,0.),(0.,0.0800000000000001),
 .UNSPECIFIED.)
GEOMETRIC_REPRESENTATION_ITEM()
RATIONAL_B_SPLINE_SURFACE(((1.,1.),(1.,1.),(1.,1.),(1.,1.)))
REPRESENTATION_ITEM('')
SURFACE()
);
#3525=(
BOUNDED_SURFACE()
B_SPLINE_SURFACE(3,1,((#6288,#6289),(#6290,#6291),(#6292,#6293),(#6294,
#6295)),.UNSPECIFIED.,.F.,.F.,.F.)
B_SPLINE_SURFACE_WITH_KNOTS((4,4),(2,2),(-1.,0.),(0.,0.0800000000000001),
 .UNSPECIFIED.)
GEOMETRIC_REPRESENTATION_ITEM()
RATIONAL_B_SPLINE_SURFACE(((1.,1.),(1.,1.),(1.,1.),(1.,1.)))
REPRESENTATION_ITEM('')
SURFACE()
);
#3526=(
BOUNDED_SURFACE()
B_SPLINE_SURFACE(3,1,((#6307,#6308),(#6309,#6310),(#6311,#6312),(#6313,
#6314)),.UNSPECIFIED.,.F.,.F.,.F.)
B_SPLINE_SURFACE_WITH_KNOTS((4,4),(2,2),(-1.,0.),(0.,0.0800000000000001),
 .UNSPECIFIED.)
GEOMETRIC_REPRESENTATION_ITEM()
RATIONAL_B_SPLINE_SURFACE(((1.,1.),(1.,1.),(1.,1.),(1.,1.)))
REPRESENTATION_ITEM('')
SURFACE()
);
#3527=(
BOUNDED_SURFACE()
B_SPLINE_SURFACE(3,1,((#6338,#6339),(#6340,#6341),(#6342,#6343),(#6344,
#6345)),.UNSPECIFIED.,.F.,.F.,.F.)
B_SPLINE_SURFACE_WITH_KNOTS((4,4),(2,2),(-1.,0.),(0.,0.0800000000000001),
 .UNSPECIFIED.)
GEOMETRIC_REPRESENTATION_ITEM()
RATIONAL_B_SPLINE_SURFACE(((1.,1.),(1.,1.),(1.,1.),(1.,1.)))
REPRESENTATION_ITEM('')
SURFACE()
);
#3528=(
BOUNDED_SURFACE()
B_SPLINE_SURFACE(3,1,((#6357,#6358),(#6359,#6360),(#6361,#6362),(#6363,
#6364)),.UNSPECIFIED.,.F.,.F.,.F.)
B_SPLINE_SURFACE_WITH_KNOTS((4,4),(2,2),(-1.,0.),(0.,0.0800000000000001),
 .UNSPECIFIED.)
GEOMETRIC_REPRESENTATION_ITEM()
RATIONAL_B_SPLINE_SURFACE(((1.,1.),(1.,1.),(1.,1.),(1.,1.)))
REPRESENTATION_ITEM('')
SURFACE()
);
#3529=(
BOUNDED_SURFACE()
B_SPLINE_SURFACE(3,1,((#6376,#6377),(#6378,#6379),(#6380,#6381),(#6382,
#6383)),.UNSPECIFIED.,.F.,.F.,.F.)
B_SPLINE_SURFACE_WITH_KNOTS((4,4),(2,2),(-1.,0.),(0.,0.0800000000000001),
 .UNSPECIFIED.)
GEOMETRIC_REPRESENTATION_ITEM()
RATIONAL_B_SPLINE_SURFACE(((1.,1.),(1.,1.),(1.,1.),(1.,1.)))
REPRESENTATION_ITEM('')
SURFACE()
);
#3530=(
BOUNDED_SURFACE()
B_SPLINE_SURFACE(3,1,((#6395,#6396),(#6397,#6398),(#6399,#6400),(#6401,
#6402)),.UNSPECIFIED.,.F.,.F.,.F.)
B_SPLINE_SURFACE_WITH_KNOTS((4,4),(2,2),(-1.,0.),(0.,0.0800000000000001),
 .UNSPECIFIED.)
GEOMETRIC_REPRESENTATION_ITEM()
RATIONAL_B_SPLINE_SURFACE(((1.,1.),(1.,1.),(1.,1.),(1.,1.)))
REPRESENTATION_ITEM('')
SURFACE()
);
#3531=(
BOUNDED_SURFACE()
B_SPLINE_SURFACE(3,1,((#6414,#6415),(#6416,#6417),(#6418,#6419),(#6420,
#6421)),.UNSPECIFIED.,.F.,.F.,.F.)
B_SPLINE_SURFACE_WITH_KNOTS((4,4),(2,2),(-1.,0.),(0.,0.0800000000000001),
 .UNSPECIFIED.)
GEOMETRIC_REPRESENTATION_ITEM()
RATIONAL_B_SPLINE_SURFACE(((1.,1.),(1.,1.),(1.,1.),(1.,1.)))
REPRESENTATION_ITEM('')
SURFACE()
);
#3532=(
BOUNDED_SURFACE()
B_SPLINE_SURFACE(3,1,((#6433,#6434),(#6435,#6436),(#6437,#6438),(#6439,
#6440)),.UNSPECIFIED.,.F.,.F.,.F.)
B_SPLINE_SURFACE_WITH_KNOTS((4,4),(2,2),(-1.,0.),(0.,0.0800000000000001),
 .UNSPECIFIED.)
GEOMETRIC_REPRESENTATION_ITEM()
RATIONAL_B_SPLINE_SURFACE(((1.,1.),(1.,1.),(1.,1.),(1.,1.)))
REPRESENTATION_ITEM('')
SURFACE()
);
#3533=(
BOUNDED_SURFACE()
B_SPLINE_SURFACE(3,1,((#6452,#6453),(#6454,#6455),(#6456,#6457),(#6458,
#6459)),.UNSPECIFIED.,.F.,.F.,.F.)
B_SPLINE_SURFACE_WITH_KNOTS((4,4),(2,2),(-1.,0.),(0.,0.0800000000000001),
 .UNSPECIFIED.)
GEOMETRIC_REPRESENTATION_ITEM()
RATIONAL_B_SPLINE_SURFACE(((1.,1.),(1.,1.),(1.,1.),(1.,1.)))
REPRESENTATION_ITEM('')
SURFACE()
);
#3534=(
BOUNDED_SURFACE()
B_SPLINE_SURFACE(3,1,((#6477,#6478),(#6479,#6480),(#6481,#6482),(#6483,
#6484)),.UNSPECIFIED.,.F.,.F.,.F.)
B_SPLINE_SURFACE_WITH_KNOTS((4,4),(2,2),(-1.,0.),(0.,0.0800000000000001),
 .UNSPECIFIED.)
GEOMETRIC_REPRESENTATION_ITEM()
RATIONAL_B_SPLINE_SURFACE(((1.,1.),(1.,1.),(1.,1.),(1.,1.)))
REPRESENTATION_ITEM('')
SURFACE()
);
#3535=(
BOUNDED_SURFACE()
B_SPLINE_SURFACE(3,1,((#6496,#6497),(#6498,#6499),(#6500,#6501),(#6502,
#6503)),.UNSPECIFIED.,.F.,.F.,.F.)
B_SPLINE_SURFACE_WITH_KNOTS((4,4),(2,2),(-1.,0.),(0.,0.0800000000000001),
 .UNSPECIFIED.)
GEOMETRIC_REPRESENTATION_ITEM()
RATIONAL_B_SPLINE_SURFACE(((1.,1.),(1.,1.),(1.,1.),(1.,1.)))
REPRESENTATION_ITEM('')
SURFACE()
);
#3536=(
BOUNDED_SURFACE()
B_SPLINE_SURFACE(3,1,((#6515,#6516),(#6517,#6518),(#6519,#6520),(#6521,
#6522)),.UNSPECIFIED.,.F.,.F.,.F.)
B_SPLINE_SURFACE_WITH_KNOTS((4,4),(2,2),(-1.,0.),(0.,0.0800000000000001),
 .UNSPECIFIED.)
GEOMETRIC_REPRESENTATION_ITEM()
RATIONAL_B_SPLINE_SURFACE(((1.,1.),(1.,1.),(1.,1.),(1.,1.)))
REPRESENTATION_ITEM('')
SURFACE()
);
#3537=(
BOUNDED_SURFACE()
B_SPLINE_SURFACE(3,1,((#6566,#6567),(#6568,#6569),(#6570,#6571),(#6572,
#6573)),.UNSPECIFIED.,.F.,.F.,.F.)
B_SPLINE_SURFACE_WITH_KNOTS((4,4),(2,2),(-1.,0.),(0.,0.0800000000000001),
 .UNSPECIFIED.)
GEOMETRIC_REPRESENTATION_ITEM()
RATIONAL_B_SPLINE_SURFACE(((1.,1.),(1.,1.),(1.,1.),(1.,1.)))
REPRESENTATION_ITEM('')
SURFACE()
);
#3538=(
BOUNDED_SURFACE()
B_SPLINE_SURFACE(3,1,((#6585,#6586),(#6587,#6588),(#6589,#6590),(#6591,
#6592)),.UNSPECIFIED.,.F.,.F.,.F.)
B_SPLINE_SURFACE_WITH_KNOTS((4,4),(2,2),(-1.,0.),(0.,0.0800000000000001),
 .UNSPECIFIED.)
GEOMETRIC_REPRESENTATION_ITEM()
RATIONAL_B_SPLINE_SURFACE(((1.,1.),(1.,1.),(1.,1.),(1.,1.)))
REPRESENTATION_ITEM('')
SURFACE()
);
#3539=(
BOUNDED_SURFACE()
B_SPLINE_SURFACE(3,1,((#6604,#6605),(#6606,#6607),(#6608,#6609),(#6610,
#6611)),.UNSPECIFIED.,.F.,.F.,.F.)
B_SPLINE_SURFACE_WITH_KNOTS((4,4),(2,2),(-1.,0.),(0.,0.0800000000000001),
 .UNSPECIFIED.)
GEOMETRIC_REPRESENTATION_ITEM()
RATIONAL_B_SPLINE_SURFACE(((1.,1.),(1.,1.),(1.,1.),(1.,1.)))
REPRESENTATION_ITEM('')
SURFACE()
);
#3540=(
BOUNDED_SURFACE()
B_SPLINE_SURFACE(3,1,((#6623,#6624),(#6625,#6626),(#6627,#6628),(#6629,
#6630)),.UNSPECIFIED.,.F.,.F.,.F.)
B_SPLINE_SURFACE_WITH_KNOTS((4,4),(2,2),(-1.,0.),(0.,0.0800000000000001),
 .UNSPECIFIED.)
GEOMETRIC_REPRESENTATION_ITEM()
RATIONAL_B_SPLINE_SURFACE(((1.,1.),(1.,1.),(1.,1.),(1.,1.)))
REPRESENTATION_ITEM('')
SURFACE()
);
#3541=(
BOUNDED_SURFACE()
B_SPLINE_SURFACE(3,1,((#6642,#6643),(#6644,#6645),(#6646,#6647),(#6648,
#6649)),.UNSPECIFIED.,.F.,.F.,.F.)
B_SPLINE_SURFACE_WITH_KNOTS((4,4),(2,2),(-1.,0.),(0.,0.0800000000000001),
 .UNSPECIFIED.)
GEOMETRIC_REPRESENTATION_ITEM()
RATIONAL_B_SPLINE_SURFACE(((1.,1.),(1.,1.),(1.,1.),(1.,1.)))
REPRESENTATION_ITEM('')
SURFACE()
);
#3542=(
BOUNDED_SURFACE()
B_SPLINE_SURFACE(3,1,((#6661,#6662),(#6663,#6664),(#6665,#6666),(#6667,
#6668)),.UNSPECIFIED.,.F.,.F.,.F.)
B_SPLINE_SURFACE_WITH_KNOTS((4,4),(2,2),(-1.,0.),(0.,0.0800000000000001),
 .UNSPECIFIED.)
GEOMETRIC_REPRESENTATION_ITEM()
RATIONAL_B_SPLINE_SURFACE(((1.,1.),(1.,1.),(1.,1.),(1.,1.)))
REPRESENTATION_ITEM('')
SURFACE()
);
#3543=(
BOUNDED_SURFACE()
B_SPLINE_SURFACE(3,1,((#6698,#6699),(#6700,#6701),(#6702,#6703),(#6704,
#6705)),.UNSPECIFIED.,.F.,.F.,.F.)
B_SPLINE_SURFACE_WITH_KNOTS((4,4),(2,2),(-1.,0.),(0.,0.0800000000000001),
 .UNSPECIFIED.)
GEOMETRIC_REPRESENTATION_ITEM()
RATIONAL_B_SPLINE_SURFACE(((1.,1.),(1.,1.),(1.,1.),(1.,1.)))
REPRESENTATION_ITEM('')
SURFACE()
);
#3544=(
BOUNDED_SURFACE()
B_SPLINE_SURFACE(3,1,((#6717,#6718),(#6719,#6720),(#6721,#6722),(#6723,
#6724)),.UNSPECIFIED.,.F.,.F.,.F.)
B_SPLINE_SURFACE_WITH_KNOTS((4,4),(2,2),(-1.,0.),(0.,0.0800000000000001),
 .UNSPECIFIED.)
GEOMETRIC_REPRESENTATION_ITEM()
RATIONAL_B_SPLINE_SURFACE(((1.,1.),(1.,1.),(1.,1.),(1.,1.)))
REPRESENTATION_ITEM('')
SURFACE()
);
#3545=(
BOUNDED_SURFACE()
B_SPLINE_SURFACE(3,1,((#6736,#6737),(#6738,#6739),(#6740,#6741),(#6742,
#6743)),.UNSPECIFIED.,.F.,.F.,.F.)
B_SPLINE_SURFACE_WITH_KNOTS((4,4),(2,2),(-1.,0.),(0.,0.0800000000000001),
 .UNSPECIFIED.)
GEOMETRIC_REPRESENTATION_ITEM()
RATIONAL_B_SPLINE_SURFACE(((1.,1.),(1.,1.),(1.,1.),(1.,1.)))
REPRESENTATION_ITEM('')
SURFACE()
);
#3546=(
BOUNDED_SURFACE()
B_SPLINE_SURFACE(3,1,((#6755,#6756),(#6757,#6758),(#6759,#6760),(#6761,
#6762)),.UNSPECIFIED.,.F.,.F.,.F.)
B_SPLINE_SURFACE_WITH_KNOTS((4,4),(2,2),(-1.,0.),(0.,0.0800000000000001),
 .UNSPECIFIED.)
GEOMETRIC_REPRESENTATION_ITEM()
RATIONAL_B_SPLINE_SURFACE(((1.,1.),(1.,1.),(1.,1.),(1.,1.)))
REPRESENTATION_ITEM('')
SURFACE()
);
#3547=(
BOUNDED_SURFACE()
B_SPLINE_SURFACE(3,1,((#6794,#6795),(#6796,#6797),(#6798,#6799),(#6800,
#6801)),.UNSPECIFIED.,.F.,.F.,.F.)
B_SPLINE_SURFACE_WITH_KNOTS((4,4),(2,2),(-1.,0.),(0.,0.0800000000000001),
 .UNSPECIFIED.)
GEOMETRIC_REPRESENTATION_ITEM()
RATIONAL_B_SPLINE_SURFACE(((1.,1.),(1.,1.),(1.,1.),(1.,1.)))
REPRESENTATION_ITEM('')
SURFACE()
);
#3548=(
BOUNDED_SURFACE()
B_SPLINE_SURFACE(3,1,((#6819,#6820),(#6821,#6822),(#6823,#6824),(#6825,
#6826)),.UNSPECIFIED.,.F.,.F.,.F.)
B_SPLINE_SURFACE_WITH_KNOTS((4,4),(2,2),(-1.,0.),(0.,0.0800000000000001),
 .UNSPECIFIED.)
GEOMETRIC_REPRESENTATION_ITEM()
RATIONAL_B_SPLINE_SURFACE(((1.,1.),(1.,1.),(1.,1.),(1.,1.)))
REPRESENTATION_ITEM('')
SURFACE()
);
#3549=(
BOUNDED_SURFACE()
B_SPLINE_SURFACE(3,1,((#6838,#6839),(#6840,#6841),(#6842,#6843),(#6844,
#6845)),.UNSPECIFIED.,.F.,.F.,.F.)
B_SPLINE_SURFACE_WITH_KNOTS((4,4),(2,2),(-1.,0.),(0.,0.0800000000000001),
 .UNSPECIFIED.)
GEOMETRIC_REPRESENTATION_ITEM()
RATIONAL_B_SPLINE_SURFACE(((1.,1.),(1.,1.),(1.,1.),(1.,1.)))
REPRESENTATION_ITEM('')
SURFACE()
);
#3550=(
BOUNDED_SURFACE()
B_SPLINE_SURFACE(3,1,((#6857,#6858),(#6859,#6860),(#6861,#6862),(#6863,
#6864)),.UNSPECIFIED.,.F.,.F.,.F.)
B_SPLINE_SURFACE_WITH_KNOTS((4,4),(2,2),(-1.,0.),(0.,0.0800000000000001),
 .UNSPECIFIED.)
GEOMETRIC_REPRESENTATION_ITEM()
RATIONAL_B_SPLINE_SURFACE(((1.,1.),(1.,1.),(1.,1.),(1.,1.)))
REPRESENTATION_ITEM('')
SURFACE()
);
#3551=ADVANCED_FACE('',(#135),#3436,.T.);
#3552=ADVANCED_FACE('',(#136),#45,.T.);
#3553=ADVANCED_FACE('',(#137),#46,.T.);
#3554=ADVANCED_FACE('',(#138),#3437,.T.);
#3555=ADVANCED_FACE('',(#139),#3438,.T.);
#3556=ADVANCED_FACE('',(#140),#3439,.T.);
#3557=ADVANCED_FACE('',(#141),#3440,.T.);
#3558=ADVANCED_FACE('',(#142),#47,.T.);
#3559=ADVANCED_FACE('',(#143),#3441,.T.);
#3560=ADVANCED_FACE('',(#144),#3442,.T.);
#3561=ADVANCED_FACE('',(#145),#3443,.T.);
#3562=ADVANCED_FACE('',(#146),#3444,.T.);
#3563=ADVANCED_FACE('',(#147),#48,.T.);
#3564=ADVANCED_FACE('',(#148),#49,.T.);
#3565=ADVANCED_FACE('',(#149),#3445,.T.);
#3566=ADVANCED_FACE('',(#150),#3446,.T.);
#3567=ADVANCED_FACE('',(#151),#3447,.T.);
#3568=ADVANCED_FACE('',(#152),#3448,.T.);
#3569=ADVANCED_FACE('',(#153),#3449,.T.);
#3570=ADVANCED_FACE('',(#154),#3450,.T.);
#3571=ADVANCED_FACE('',(#155),#3451,.T.);
#3572=ADVANCED_FACE('',(#156),#50,.T.);
#3573=ADVANCED_FACE('',(#157),#3452,.T.);
#3574=ADVANCED_FACE('',(#158),#3453,.T.);
#3575=ADVANCED_FACE('',(#159),#3454,.T.);
#3576=ADVANCED_FACE('',(#160),#3455,.T.);
#3577=ADVANCED_FACE('',(#161),#3456,.T.);
#3578=ADVANCED_FACE('',(#162),#51,.T.);
#3579=ADVANCED_FACE('',(#163),#52,.F.);
#3580=ADVANCED_FACE('',(#164),#53,.T.);
#3581=ADVANCED_FACE('',(#165),#54,.T.);
#3582=ADVANCED_FACE('',(#166),#55,.T.);
#3583=ADVANCED_FACE('',(#167),#56,.T.);
#3584=ADVANCED_FACE('',(#168),#57,.T.);
#3585=ADVANCED_FACE('',(#169),#58,.F.);
#3586=ADVANCED_FACE('',(#170),#59,.T.);
#3587=ADVANCED_FACE('',(#171),#3457,.T.);
#3588=ADVANCED_FACE('',(#172),#3458,.T.);
#3589=ADVANCED_FACE('',(#173),#60,.T.);
#3590=ADVANCED_FACE('',(#174),#3459,.T.);
#3591=ADVANCED_FACE('',(#175),#3460,.T.);
#3592=ADVANCED_FACE('',(#176),#3461,.T.);
#3593=ADVANCED_FACE('',(#177),#61,.T.);
#3594=ADVANCED_FACE('',(#178),#62,.T.);
#3595=ADVANCED_FACE('',(#179),#3462,.T.);
#3596=ADVANCED_FACE('',(#180),#3463,.T.);
#3597=ADVANCED_FACE('',(#181),#3464,.T.);
#3598=ADVANCED_FACE('',(#182),#3465,.T.);
#3599=ADVANCED_FACE('',(#183),#63,.T.);
#3600=ADVANCED_FACE('',(#184),#3466,.T.);
#3601=ADVANCED_FACE('',(#185),#3467,.T.);
#3602=ADVANCED_FACE('',(#186),#3468,.T.);
#3603=ADVANCED_FACE('',(#187),#3469,.T.);
#3604=ADVANCED_FACE('',(#188),#64,.T.);
#3605=ADVANCED_FACE('',(#189,#13),#65,.T.);
#3606=ADVANCED_FACE('',(#190,#14),#66,.F.);
#3607=ADVANCED_FACE('',(#191),#3470,.T.);
#3608=ADVANCED_FACE('',(#192),#3471,.T.);
#3609=ADVANCED_FACE('',(#193),#3472,.T.);
#3610=ADVANCED_FACE('',(#194),#3473,.T.);
#3611=ADVANCED_FACE('',(#195),#3474,.T.);
#3612=ADVANCED_FACE('',(#196),#3475,.T.);
#3613=ADVANCED_FACE('',(#197),#67,.T.);
#3614=ADVANCED_FACE('',(#198),#68,.T.);
#3615=ADVANCED_FACE('',(#199),#69,.T.);
#3616=ADVANCED_FACE('',(#200),#70,.T.);
#3617=ADVANCED_FACE('',(#201),#3476,.T.);
#3618=ADVANCED_FACE('',(#202),#3477,.T.);
#3619=ADVANCED_FACE('',(#203),#3478,.T.);
#3620=ADVANCED_FACE('',(#204),#3479,.T.);
#3621=ADVANCED_FACE('',(#205),#3480,.T.);
#3622=ADVANCED_FACE('',(#206),#3481,.T.);
#3623=ADVANCED_FACE('',(#207),#71,.T.);
#3624=ADVANCED_FACE('',(#208),#72,.T.);
#3625=ADVANCED_FACE('',(#209),#73,.T.);
#3626=ADVANCED_FACE('',(#210),#3482,.T.);
#3627=ADVANCED_FACE('',(#211),#3483,.T.);
#3628=ADVANCED_FACE('',(#212),#3484,.T.);
#3629=ADVANCED_FACE('',(#213),#3485,.T.);
#3630=ADVANCED_FACE('',(#214),#74,.T.);
#3631=ADVANCED_FACE('',(#215),#3486,.T.);
#3632=ADVANCED_FACE('',(#216),#3487,.T.);
#3633=ADVANCED_FACE('',(#217),#3488,.T.);
#3634=ADVANCED_FACE('',(#218),#3489,.T.);
#3635=ADVANCED_FACE('',(#219),#3490,.T.);
#3636=ADVANCED_FACE('',(#220),#3491,.T.);
#3637=ADVANCED_FACE('',(#221),#3492,.T.);
#3638=ADVANCED_FACE('',(#222),#3493,.T.);
#3639=ADVANCED_FACE('',(#223,#15),#75,.T.);
#3640=ADVANCED_FACE('',(#224,#16),#76,.F.);
#3641=ADVANCED_FACE('',(#225),#3494,.T.);
#3642=ADVANCED_FACE('',(#226),#3495,.T.);
#3643=ADVANCED_FACE('',(#227),#3496,.T.);
#3644=ADVANCED_FACE('',(#228),#3497,.T.);
#3645=ADVANCED_FACE('',(#229),#77,.T.);
#3646=ADVANCED_FACE('',(#230),#3498,.T.);
#3647=ADVANCED_FACE('',(#231),#3499,.T.);
#3648=ADVANCED_FACE('',(#232),#3500,.T.);
#3649=ADVANCED_FACE('',(#233),#3501,.T.);
#3650=ADVANCED_FACE('',(#234),#78,.T.);
#3651=ADVANCED_FACE('',(#235),#3502,.T.);
#3652=ADVANCED_FACE('',(#236),#79,.T.);
#3653=ADVANCED_FACE('',(#237),#3503,.T.);
#3654=ADVANCED_FACE('',(#238),#3504,.T.);
#3655=ADVANCED_FACE('',(#239),#3505,.T.);
#3656=ADVANCED_FACE('',(#240),#3506,.T.);
#3657=ADVANCED_FACE('',(#241),#3507,.T.);
#3658=ADVANCED_FACE('',(#242),#3508,.T.);
#3659=ADVANCED_FACE('',(#243),#3509,.T.);
#3660=ADVANCED_FACE('',(#244),#3510,.T.);
#3661=ADVANCED_FACE('',(#245),#80,.T.);
#3662=ADVANCED_FACE('',(#246),#3511,.T.);
#3663=ADVANCED_FACE('',(#247),#3512,.T.);
#3664=ADVANCED_FACE('',(#248),#3513,.T.);
#3665=ADVANCED_FACE('',(#249),#3514,.T.);
#3666=ADVANCED_FACE('',(#250),#3515,.T.);
#3667=ADVANCED_FACE('',(#251),#3516,.T.);
#3668=ADVANCED_FACE('',(#252,#17),#81,.T.);
#3669=ADVANCED_FACE('',(#253,#18),#82,.F.);
#3670=ADVANCED_FACE('',(#254),#83,.T.);
#3671=ADVANCED_FACE('',(#255),#84,.T.);
#3672=ADVANCED_FACE('',(#256),#85,.T.);
#3673=ADVANCED_FACE('',(#257),#86,.T.);
#3674=ADVANCED_FACE('',(#258),#87,.T.);
#3675=ADVANCED_FACE('',(#259),#88,.F.);
#3676=ADVANCED_FACE('',(#260),#89,.T.);
#3677=ADVANCED_FACE('',(#261),#3517,.T.);
#3678=ADVANCED_FACE('',(#262),#3518,.T.);
#3679=ADVANCED_FACE('',(#263),#90,.T.);
#3680=ADVANCED_FACE('',(#264),#3519,.T.);
#3681=ADVANCED_FACE('',(#265),#3520,.T.);
#3682=ADVANCED_FACE('',(#266),#91,.T.);
#3683=ADVANCED_FACE('',(#267),#3521,.T.);
#3684=ADVANCED_FACE('',(#268),#3522,.T.);
#3685=ADVANCED_FACE('',(#269),#3523,.T.);
#3686=ADVANCED_FACE('',(#270),#3524,.T.);
#3687=ADVANCED_FACE('',(#271),#3525,.T.);
#3688=ADVANCED_FACE('',(#272),#3526,.T.);
#3689=ADVANCED_FACE('',(#273),#92,.T.);
#3690=ADVANCED_FACE('',(#274),#93,.T.);
#3691=ADVANCED_FACE('',(#275),#3527,.T.);
#3692=ADVANCED_FACE('',(#276),#3528,.T.);
#3693=ADVANCED_FACE('',(#277),#3529,.T.);
#3694=ADVANCED_FACE('',(#278),#3530,.T.);
#3695=ADVANCED_FACE('',(#279),#3531,.T.);
#3696=ADVANCED_FACE('',(#280),#3532,.T.);
#3697=ADVANCED_FACE('',(#281),#3533,.T.);
#3698=ADVANCED_FACE('',(#282),#94,.T.);
#3699=ADVANCED_FACE('',(#283),#3534,.T.);
#3700=ADVANCED_FACE('',(#284),#3535,.T.);
#3701=ADVANCED_FACE('',(#285),#3536,.T.);
#3702=ADVANCED_FACE('',(#286),#95,.T.);
#3703=ADVANCED_FACE('',(#287,#19,#20),#96,.T.);
#3704=ADVANCED_FACE('',(#288,#21,#22),#97,.F.);
#3705=ADVANCED_FACE('',(#289),#98,.T.);
#3706=ADVANCED_FACE('',(#290),#99,.T.);
#3707=ADVANCED_FACE('',(#291),#100,.T.);
#3708=ADVANCED_FACE('',(#292),#101,.T.);
#3709=ADVANCED_FACE('',(#293),#3537,.T.);
#3710=ADVANCED_FACE('',(#294),#3538,.T.);
#3711=ADVANCED_FACE('',(#295),#3539,.T.);
#3712=ADVANCED_FACE('',(#296),#3540,.T.);
#3713=ADVANCED_FACE('',(#297),#3541,.T.);
#3714=ADVANCED_FACE('',(#298),#3542,.T.);
#3715=ADVANCED_FACE('',(#299),#102,.T.);
#3716=ADVANCED_FACE('',(#300),#103,.T.);
#3717=ADVANCED_FACE('',(#301),#104,.T.);
#3718=ADVANCED_FACE('',(#302),#3543,.T.);
#3719=ADVANCED_FACE('',(#303),#3544,.T.);
#3720=ADVANCED_FACE('',(#304),#3545,.T.);
#3721=ADVANCED_FACE('',(#305),#3546,.T.);
#3722=ADVANCED_FACE('',(#306),#105,.T.);
#3723=ADVANCED_FACE('',(#307),#106,.T.);
#3724=ADVANCED_FACE('',(#308),#107,.F.);
#3725=ADVANCED_FACE('',(#309),#108,.T.);
#3726=ADVANCED_FACE('',(#310),#109,.T.);
#3727=ADVANCED_FACE('',(#311),#3547,.T.);
#3728=ADVANCED_FACE('',(#312),#110,.T.);
#3729=ADVANCED_FACE('',(#313),#3548,.T.);
#3730=ADVANCED_FACE('',(#314),#3549,.T.);
#3731=ADVANCED_FACE('',(#315),#3550,.T.);
#3732=ADVANCED_FACE('',(#316),#111,.T.);
#3733=ADVANCED_FACE('',(#317),#112,.T.);
#3734=ADVANCED_FACE('',(#318),#113,.T.);
#3735=ADVANCED_FACE('',(#319),#114,.T.);
#3736=ADVANCED_FACE('',(#320),#115,.F.);
#3737=ADVANCED_FACE('',(#321),#116,.T.);
#3738=ADVANCED_FACE('',(#322),#117,.T.);
#3739=ADVANCED_FACE('',(#323),#118,.T.);
#3740=ADVANCED_FACE('',(#324),#119,.T.);
#3741=ADVANCED_FACE('',(#325),#120,.T.);
#3742=ADVANCED_FACE('',(#326),#121,.F.);
#3743=ADVANCED_FACE('',(#327),#122,.T.);
#3744=ADVANCED_FACE('',(#328),#123,.T.);
#3745=ADVANCED_FACE('',(#329),#124,.T.);
#3746=ADVANCED_FACE('',(#330),#125,.T.);
#3747=ADVANCED_FACE('',(#331),#126,.T.);
#3748=ADVANCED_FACE('',(#332),#127,.T.);
#3749=ADVANCED_FACE('',(#333),#128,.T.);
#3750=ADVANCED_FACE('',(#334),#129,.T.);
#3751=ADVANCED_FACE('',(#335),#130,.T.);
#3752=ADVANCED_FACE('',(#336),#131,.T.);
#3753=ADVANCED_FACE('',(#337),#132,.T.);
#3754=ADVANCED_FACE('',(#338),#133,.T.);
#3755=ADVANCED_FACE('',(#339),#134,.F.);
#3756=CLOSED_SHELL('',(#3551,#3552,#3553,#3554,#3555,#3556,#3557,#3558,
#3559,#3560,#3561,#3562,#3563,#3564,#3565,#3566,#3567,#3568,#3569,#3570,
#3571,#3572,#3573,#3574,#3575,#3576,#3577,#3578,#3579));
#3757=CLOSED_SHELL('',(#3580,#3581,#3582,#3583,#3584,#3585));
#3758=CLOSED_SHELL('',(#3586,#3587,#3588,#3589,#3590,#3591,#3592,#3593,
#3594,#3595,#3596,#3597,#3598,#3599,#3600,#3601,#3602,#3603,#3604,#3605,
#3606));
#3759=CLOSED_SHELL('',(#3607,#3608,#3609,#3610,#3611,#3612,#3613,#3614,
#3615,#3616,#3617,#3618,#3619,#3620,#3621,#3622,#3623,#3624,#3625,#3626,
#3627,#3628,#3629,#3630,#3631,#3632,#3633,#3634,#3635,#3636,#3637,#3638,
#3639,#3640));
#3760=CLOSED_SHELL('',(#3641,#3642,#3643,#3644,#3645,#3646,#3647,#3648,
#3649,#3650,#3651,#3652,#3653,#3654,#3655,#3656,#3657,#3658,#3659,#3660,
#3661,#3662,#3663,#3664,#3665,#3666,#3667,#3668,#3669));
#3761=CLOSED_SHELL('',(#3670,#3671,#3672,#3673,#3674,#3675));
#3762=CLOSED_SHELL('',(#3676,#3677,#3678,#3679,#3680,#3681,#3682,#3683,
#3684,#3685,#3686,#3687,#3688,#3689,#3690,#3691,#3692,#3693,#3694,#3695,
#3696,#3697,#3698,#3699,#3700,#3701,#3702,#3703,#3704));
#3763=CLOSED_SHELL('',(#3705,#3706,#3707,#3708,#3709,#3710,#3711,#3712,
#3713,#3714,#3715,#3716,#3717,#3718,#3719,#3720,#3721,#3722,#3723,#3724));
#3764=CLOSED_SHELL('',(#3725,#3726,#3727,#3728,#3729,#3730,#3731,#3732,
#3733,#3734,#3735,#3736));
#3765=CLOSED_SHELL('',(#3737,#3738,#3739,#3740,#3741,#3742));
#3766=CLOSED_SHELL('',(#3743,#3744,#3745,#3746,#3747,#3748,#3749,#3750,
#3751,#3752,#3753,#3754,#3755));
#3767=DERIVED_UNIT_ELEMENT(#3769,1.);
#3768=DERIVED_UNIT_ELEMENT(#6992,-3.);
#3769=(
MASS_UNIT()
NAMED_UNIT(*)
SI_UNIT(.KILO.,.GRAM.)
);
#3770=DERIVED_UNIT((#3767,#3768));
#3771=MEASURE_REPRESENTATION_ITEM('density measure',
POSITIVE_RATIO_MEASURE(7850.),#3770);
#3772=PROPERTY_DEFINITION_REPRESENTATION(#3777,#3774);
#3773=PROPERTY_DEFINITION_REPRESENTATION(#3778,#3775);
#3774=REPRESENTATION('material name',(#3776),#6989);
#3775=REPRESENTATION('density',(#3771),#6989);
#3776=DESCRIPTIVE_REPRESENTATION_ITEM('Steel','Steel');
#3777=PROPERTY_DEFINITION('material property','material name',#6999);
#3778=PROPERTY_DEFINITION('material property','density of part',#6999);
#3779=AXIS2_PLACEMENT_3D('placement',#4371,#3870,#3871);
#3780=AXIS2_PLACEMENT_3D('',#4394,#3874,#3875);
#3781=AXIS2_PLACEMENT_3D('',#4400,#3879,#3880);
#3782=AXIS2_PLACEMENT_3D('',#4482,#3888,#3889);
#3783=AXIS2_PLACEMENT_3D('',#4564,#3897,#3898);
#3784=AXIS2_PLACEMENT_3D('',#4570,#3902,#3903);
#3785=AXIS2_PLACEMENT_3D('',#4709,#3914,#3915);
#3786=AXIS2_PLACEMENT_3D('',#4807,#3923,#3924);
#3787=AXIS2_PLACEMENT_3D('',#4808,#3925,#3926);
#3788=AXIS2_PLACEMENT_3D('',#4809,#3927,#3928);
#3789=AXIS2_PLACEMENT_3D('',#4818,#3933,#3934);
#3790=AXIS2_PLACEMENT_3D('',#4824,#3938,#3939);
#3791=AXIS2_PLACEMENT_3D('',#4830,#3943,#3944);
#3792=AXIS2_PLACEMENT_3D('',#4833,#3947,#3948);
#3793=AXIS2_PLACEMENT_3D('',#4834,#3949,#3950);
#3794=AXIS2_PLACEMENT_3D('',#4835,#3951,#3952);
#3795=AXIS2_PLACEMENT_3D('',#4882,#3959,#3960);
#3796=AXIS2_PLACEMENT_3D('',#4942,#3966,#3967);
#3797=AXIS2_PLACEMENT_3D('',#4951,#3972,#3973);
#3798=AXIS2_PLACEMENT_3D('',#5033,#3981,#3982);
#3799=AXIS2_PLACEMENT_3D('',#5115,#3990,#3991);
#3800=AXIS2_PLACEMENT_3D('',#5118,#3994,#3995);
#3801=AXIS2_PLACEMENT_3D('',#5119,#3996,#3997);
#3802=AXIS2_PLACEMENT_3D('',#5237,#4005,#4006);
#3803=AXIS2_PLACEMENT_3D('',#5240,#4009,#4010);
#3804=AXIS2_PLACEMENT_3D('',#5249,#4015,#4016);
#3805=AXIS2_PLACEMENT_3D('',#5255,#4020,#4021);
#3806=AXIS2_PLACEMENT_3D('',#5375,#4031,#4032);
#3807=AXIS2_PLACEMENT_3D('',#5381,#4036,#4037);
#3808=AXIS2_PLACEMENT_3D('',#5387,#4041,#4042);
#3809=AXIS2_PLACEMENT_3D('',#5469,#4050,#4051);
#3810=AXIS2_PLACEMENT_3D('',#5624,#4062,#4063);
#3811=AXIS2_PLACEMENT_3D('',#5625,#4064,#4065);
#3812=AXIS2_PLACEMENT_3D('',#5705,#4071,#4072);
#3813=AXIS2_PLACEMENT_3D('',#5787,#4080,#4081);
#3814=AXIS2_PLACEMENT_3D('',#5812,#4086,#4087);
#3815=AXIS2_PLACEMENT_3D('',#5970,#4099,#4100);
#3816=AXIS2_PLACEMENT_3D('',#6087,#4109,#4110);
#3817=AXIS2_PLACEMENT_3D('',#6088,#4111,#4112);
#3818=AXIS2_PLACEMENT_3D('',#6089,#4113,#4114);
#3819=AXIS2_PLACEMENT_3D('',#6098,#4119,#4120);
#3820=AXIS2_PLACEMENT_3D('',#6104,#4124,#4125);
#3821=AXIS2_PLACEMENT_3D('',#6110,#4129,#4130);
#3822=AXIS2_PLACEMENT_3D('',#6113,#4133,#4134);
#3823=AXIS2_PLACEMENT_3D('',#6114,#4135,#4136);
#3824=AXIS2_PLACEMENT_3D('',#6115,#4137,#4138);
#3825=AXIS2_PLACEMENT_3D('',#6162,#4145,#4146);
#3826=AXIS2_PLACEMENT_3D('',#6203,#4151,#4152);
#3827=AXIS2_PLACEMENT_3D('',#6323,#4162,#4163);
#3828=AXIS2_PLACEMENT_3D('',#6332,#4168,#4169);
#3829=AXIS2_PLACEMENT_3D('',#6471,#4180,#4181);
#3830=AXIS2_PLACEMENT_3D('',#6534,#4188,#4189);
#3831=AXIS2_PLACEMENT_3D('',#6537,#4192,#4193);
#3832=AXIS2_PLACEMENT_3D('',#6538,#4194,#4195);
#3833=AXIS2_PLACEMENT_3D('',#6539,#4196,#4197);
#3834=AXIS2_PLACEMENT_3D('',#6548,#4202,#4203);
#3835=AXIS2_PLACEMENT_3D('',#6554,#4207,#4208);
#3836=AXIS2_PLACEMENT_3D('',#6560,#4212,#4213);
#3837=AXIS2_PLACEMENT_3D('',#6680,#4223,#4224);
#3838=AXIS2_PLACEMENT_3D('',#6686,#4228,#4229);
#3839=AXIS2_PLACEMENT_3D('',#6692,#4233,#4234);
#3840=AXIS2_PLACEMENT_3D('',#6774,#4242,#4243);
#3841=AXIS2_PLACEMENT_3D('',#6777,#4246,#4247);
#3842=AXIS2_PLACEMENT_3D('',#6778,#4248,#4249);
#3843=AXIS2_PLACEMENT_3D('',#6779,#4250,#4251);
#3844=AXIS2_PLACEMENT_3D('',#6788,#4256,#4257);
#3845=AXIS2_PLACEMENT_3D('',#6813,#4262,#4263);
#3846=AXIS2_PLACEMENT_3D('',#6876,#4270,#4271);
#3847=AXIS2_PLACEMENT_3D('',#6882,#4275,#4276);
#3848=AXIS2_PLACEMENT_3D('',#6888,#4280,#4281);
#3849=AXIS2_PLACEMENT_3D('',#6891,#4284,#4285);
#3850=AXIS2_PLACEMENT_3D('',#6892,#4286,#4287);
#3851=AXIS2_PLACEMENT_3D('',#6893,#4288,#4289);
#3852=AXIS2_PLACEMENT_3D('',#6902,#4294,#4295);
#3853=AXIS2_PLACEMENT_3D('',#6908,#4299,#4300);
#3854=AXIS2_PLACEMENT_3D('',#6914,#4304,#4305);
#3855=AXIS2_PLACEMENT_3D('',#6917,#4308,#4309);
#3856=AXIS2_PLACEMENT_3D('',#6918,#4310,#4311);
#3857=AXIS2_PLACEMENT_3D('',#6919,#4312,#4313);
#3858=AXIS2_PLACEMENT_3D('',#6928,#4318,#4319);
#3859=AXIS2_PLACEMENT_3D('',#6934,#4323,#4324);
#3860=AXIS2_PLACEMENT_3D('',#6940,#4328,#4329);
#3861=AXIS2_PLACEMENT_3D('',#6946,#4333,#4334);
#3862=AXIS2_PLACEMENT_3D('',#6952,#4338,#4339);
#3863=AXIS2_PLACEMENT_3D('',#6958,#4343,#4344);
#3864=AXIS2_PLACEMENT_3D('',#6964,#4348,#4349);
#3865=AXIS2_PLACEMENT_3D('',#6970,#4353,#4354);
#3866=AXIS2_PLACEMENT_3D('',#6976,#4358,#4359);
#3867=AXIS2_PLACEMENT_3D('',#6982,#4363,#4364);
#3868=AXIS2_PLACEMENT_3D('',#6985,#4367,#4368);
#3869=AXIS2_PLACEMENT_3D('',#6986,#4369,#4370);
#3870=DIRECTION('axis',(0.,0.,1.));
#3871=DIRECTION('refdir',(1.,0.,0.));
#3872=DIRECTION('',(0.,0.,1.));
#3873=DIRECTION('',(0.,0.,1.));
#3874=DIRECTION('center_axis',(1.,0.,0.));
#3875=DIRECTION('ref_axis',(0.,1.,0.));
#3876=DIRECTION('',(0.,-1.,0.));
#3877=DIRECTION('',(0.,1.,0.));
#3878=DIRECTION('',(0.,0.,1.));
#3879=DIRECTION('center_axis',(-0.295056158536896,-0.955479912561981,0.));
#3880=DIRECTION('ref_axis',(0.955479912561981,-0.295056158536896,0.));
#3881=DIRECTION('',(-0.955479912561981,0.295056158536896,0.));
#3882=DIRECTION('',(0.955479912561981,-0.295056158536896,0.));
#3883=DIRECTION('',(0.,0.,1.));
#3884=DIRECTION('',(0.,0.,1.));
#3885=DIRECTION('',(0.,0.,1.));
#3886=DIRECTION('',(0.,0.,1.));
#3887=DIRECTION('',(0.,0.,1.));
#3888=DIRECTION('center_axis',(0.295057261499155,0.955479571961965,0.));
#3889=DIRECTION('ref_axis',(-0.955479571961965,0.295057261499155,0.));
#3890=DIRECTION('',(0.955479571961965,-0.295057261499155,0.));
#3891=DIRECTION('',(-0.955479571961965,0.295057261499155,0.));
#3892=DIRECTION('',(0.,0.,1.));
#3893=DIRECTION('',(0.,0.,1.));
#3894=DIRECTION('',(0.,0.,1.));
#3895=DIRECTION('',(0.,0.,1.));
#3896=DIRECTION('',(0.,0.,1.));
#3897=DIRECTION('center_axis',(-0.295036162458465,-0.955486087204718,0.));
#3898=DIRECTION('ref_axis',(0.955486087204718,-0.295036162458465,0.));
#3899=DIRECTION('',(-0.955486087204718,0.295036162458465,0.));
#3900=DIRECTION('',(0.955486087204718,-0.295036162458465,0.));
#3901=DIRECTION('',(0.,0.,1.));
#3902=DIRECTION('center_axis',(-1.,0.,0.));
#3903=DIRECTION('ref_axis',(0.,-1.,0.));
#3904=DIRECTION('',(0.,1.,0.));
#3905=DIRECTION('',(0.,-1.,0.));
#3906=DIRECTION('',(0.,0.,1.));
#3907=DIRECTION('',(0.,0.,1.));
#3908=DIRECTION('',(0.,0.,1.));
#3909=DIRECTION('',(0.,0.,1.));
#3910=DIRECTION('',(0.,0.,1.));
#3911=DIRECTION('',(0.,0.,1.));
#3912=DIRECTION('',(0.,0.,1.));
#3913=DIRECTION('',(0.,0.,1.));
#3914=DIRECTION('center_axis',(-0.295065983822896,-0.955476878417592,0.));
#3915=DIRECTION('ref_axis',(0.955476878417592,-0.295065983822896,0.));
#3916=DIRECTION('',(-0.955476878417592,0.295065983822896,0.));
#3917=DIRECTION('',(0.955476878417592,-0.295065983822896,0.));
#3918=DIRECTION('',(0.,0.,1.));
#3919=DIRECTION('',(0.,0.,1.));
#3920=DIRECTION('',(0.,0.,1.));
#3921=DIRECTION('',(0.,0.,1.));
#3922=DIRECTION('',(0.,0.,1.));
#3923=DIRECTION('center_axis',(0.,0.,1.));
#3924=DIRECTION('ref_axis',(-1.,0.,0.));
#3925=DIRECTION('center_axis',(0.,0.,1.));
#3926=DIRECTION('ref_axis',(-1.,0.,0.));
#3927=DIRECTION('center_axis',(-0.999999999999791,6.46920076965179E-7,0.));
#3928=DIRECTION('ref_axis',(-6.46920076965179E-7,-0.999999999999791,0.));
#3929=DIRECTION('',(6.46920076965179E-7,0.999999999999791,0.));
#3930=DIRECTION('',(0.,0.,1.));
#3931=DIRECTION('',(-6.46920076965179E-7,-0.999999999999791,0.));
#3932=DIRECTION('',(0.,0.,1.));
#3933=DIRECTION('center_axis',(0.295061687879106,0.955478205060656,0.));
#3934=DIRECTION('ref_axis',(-0.955478205060656,0.295061687879106,0.));
#3935=DIRECTION('',(0.955478205060656,-0.295061687879106,0.));
#3936=DIRECTION('',(-0.955478205060656,0.295061687879106,0.));
#3937=DIRECTION('',(0.,0.,1.));
#3938=DIRECTION('center_axis',(1.,3.69064812721488E-15,0.));
#3939=DIRECTION('ref_axis',(-3.69064812721488E-15,1.,0.));
#3940=DIRECTION('',(3.69064812721488E-15,-1.,0.));
#3941=DIRECTION('',(-3.69064812721488E-15,1.,0.));
#3942=DIRECTION('',(0.,0.,1.));
#3943=DIRECTION('center_axis',(-0.295061339570393,-0.955478312621969,0.));
#3944=DIRECTION('ref_axis',(0.955478312621969,-0.295061339570393,0.));
#3945=DIRECTION('',(-0.955478312621969,0.295061339570393,0.));
#3946=DIRECTION('',(0.955478312621969,-0.295061339570393,0.));
#3947=DIRECTION('center_axis',(0.,0.,1.));
#3948=DIRECTION('ref_axis',(1.,0.,0.));
#3949=DIRECTION('center_axis',(0.,0.,1.));
#3950=DIRECTION('ref_axis',(-1.,0.,0.));
#3951=DIRECTION('center_axis',(0.295058905299306,0.955479064346035,0.));
#3952=DIRECTION('ref_axis',(-0.955479064346035,0.295058905299306,0.));
#3953=DIRECTION('',(-0.955479064346035,0.295058905299306,0.));
#3954=DIRECTION('',(0.,0.,1.));
#3955=DIRECTION('',(-0.955479064346035,0.295058905299306,0.));
#3956=DIRECTION('',(0.,0.,1.));
#3957=DIRECTION('',(0.,0.,1.));
#3958=DIRECTION('',(0.,0.,1.));
#3959=DIRECTION('center_axis',(-0.295059411491458,-0.95547890803006,0.));
#3960=DIRECTION('ref_axis',(0.955478908030059,-0.295059411491458,0.));
#3961=DIRECTION('',(0.955478908030059,-0.295059411491458,0.));
#3962=DIRECTION('',(0.955478908030059,-0.295059411491458,0.));
#3963=DIRECTION('',(0.,0.,1.));
#3964=DIRECTION('',(0.,0.,1.));
#3965=DIRECTION('',(0.,0.,1.));
#3966=DIRECTION('center_axis',(-0.295057931493976,-0.955479365063682,0.));
#3967=DIRECTION('ref_axis',(0.955479365063682,-0.295057931493976,0.));
#3968=DIRECTION('',(-0.955479365063682,0.295057931493976,0.));
#3969=DIRECTION('',(0.,0.,1.));
#3970=DIRECTION('',(0.955479365063682,-0.295057931493976,0.));
#3971=DIRECTION('',(0.,0.,1.));
#3972=DIRECTION('center_axis',(-1.,0.,0.));
#3973=DIRECTION('ref_axis',(0.,-1.,0.));
#3974=DIRECTION('',(0.,1.,0.));
#3975=DIRECTION('',(0.,-1.,0.));
#3976=DIRECTION('',(0.,0.,1.));
#3977=DIRECTION('',(0.,0.,1.));
#3978=DIRECTION('',(0.,0.,1.));
#3979=DIRECTION('',(0.,0.,1.));
#3980=DIRECTION('',(0.,0.,1.));
#3981=DIRECTION('center_axis',(0.295055918900818,0.955479986562562,0.));
#3982=DIRECTION('ref_axis',(-0.955479986562562,0.295055918900818,0.));
#3983=DIRECTION('',(0.955479986562562,-0.295055918900818,0.));
#3984=DIRECTION('',(-0.955479986562562,0.295055918900818,0.));
#3985=DIRECTION('',(0.,0.,1.));
#3986=DIRECTION('',(0.,0.,1.));
#3987=DIRECTION('',(0.,0.,1.));
#3988=DIRECTION('',(0.,0.,1.));
#3989=DIRECTION('',(0.,0.,1.));
#3990=DIRECTION('center_axis',(1.,7.38130341709988E-15,0.));
#3991=DIRECTION('ref_axis',(-7.38130341709988E-15,1.,0.));
#3992=DIRECTION('',(7.38130341709988E-15,-1.,0.));
#3993=DIRECTION('',(-7.38130341709988E-15,1.,0.));
#3994=DIRECTION('center_axis',(0.,0.,1.));
#3995=DIRECTION('ref_axis',(-1.,0.,0.));
#3996=DIRECTION('center_axis',(0.,0.,1.));
#3997=DIRECTION('ref_axis',(-1.,0.,0.));
#3998=DIRECTION('',(0.,0.,1.));
#3999=DIRECTION('',(0.,0.,1.));
#4000=DIRECTION('',(0.,0.,1.));
#4001=DIRECTION('',(0.,0.,1.));
#4002=DIRECTION('',(0.,0.,1.));
#4003=DIRECTION('',(0.,0.,1.));
#4004=DIRECTION('',(0.,0.,1.));
#4005=DIRECTION('center_axis',(-0.295072829079803,-0.955474764469916,0.));
#4006=DIRECTION('ref_axis',(0.955474764469916,-0.295072829079803,0.));
#4007=DIRECTION('',(0.955474764469916,-0.295072829079803,0.));
#4008=DIRECTION('',(0.955474764469916,-0.295072829079803,0.));
#4009=DIRECTION('center_axis',(0.295060648414693,0.955478526057546,0.));
#4010=DIRECTION('ref_axis',(-0.955478526057546,0.295060648414693,0.));
#4011=DIRECTION('',(0.955478526057546,-0.295060648414693,0.));
#4012=DIRECTION('',(0.,0.,1.));
#4013=DIRECTION('',(-0.955478526057546,0.295060648414693,0.));
#4014=DIRECTION('',(0.,0.,1.));
#4015=DIRECTION('center_axis',(1.,0.,0.));
#4016=DIRECTION('ref_axis',(0.,1.,0.));
#4017=DIRECTION('',(0.,-1.,0.));
#4018=DIRECTION('',(0.,1.,0.));
#4019=DIRECTION('',(0.,0.,1.));
#4020=DIRECTION('center_axis',(-0.295044519682202,-0.955483506610919,0.));
#4021=DIRECTION('ref_axis',(0.955483506610919,-0.295044519682202,0.));
#4022=DIRECTION('',(-0.955483506610919,0.295044519682202,0.));
#4023=DIRECTION('',(0.955483506610919,-0.295044519682202,0.));
#4024=DIRECTION('',(0.,0.,1.));
#4025=DIRECTION('',(0.,0.,1.));
#4026=DIRECTION('',(0.,0.,1.));
#4027=DIRECTION('',(0.,0.,1.));
#4028=DIRECTION('',(0.,0.,1.));
#4029=DIRECTION('',(0.,0.,1.));
#4030=DIRECTION('',(0.,0.,1.));
#4031=DIRECTION('center_axis',(0.29505725174355,0.955479574974548,0.));
#4032=DIRECTION('ref_axis',(-0.955479574974548,0.29505725174355,0.));
#4033=DIRECTION('',(0.955479574974548,-0.29505725174355,0.));
#4034=DIRECTION('',(-0.955479574974548,0.29505725174355,0.));
#4035=DIRECTION('',(0.,0.,1.));
#4036=DIRECTION('center_axis',(1.,0.,0.));
#4037=DIRECTION('ref_axis',(0.,1.,0.));
#4038=DIRECTION('',(0.,-1.,0.));
#4039=DIRECTION('',(0.,1.,0.));
#4040=DIRECTION('',(0.,0.,1.));
#4041=DIRECTION('center_axis',(-0.295071970624963,-0.955475029580313,0.));
#4042=DIRECTION('ref_axis',(0.955475029580313,-0.295071970624963,0.));
#4043=DIRECTION('',(-0.955475029580313,0.295071970624963,0.));
#4044=DIRECTION('',(0.955475029580313,-0.295071970624963,0.));
#4045=DIRECTION('',(0.,0.,1.));
#4046=DIRECTION('',(0.,0.,1.));
#4047=DIRECTION('',(0.,0.,1.));
#4048=DIRECTION('',(0.,0.,1.));
#4049=DIRECTION('',(0.,0.,1.));
#4050=DIRECTION('center_axis',(-0.295017409876943,-0.955491877448207,0.));
#4051=DIRECTION('ref_axis',(0.955491877448207,-0.295017409876943,0.));
#4052=DIRECTION('',(-0.955491877448207,0.295017409876943,0.));
#4053=DIRECTION('',(0.955491877448207,-0.295017409876943,0.));
#4054=DIRECTION('',(0.,0.,1.));
#4055=DIRECTION('',(0.,0.,1.));
#4056=DIRECTION('',(0.,0.,1.));
#4057=DIRECTION('',(0.,0.,1.));
#4058=DIRECTION('',(0.,0.,1.));
#4059=DIRECTION('',(0.,0.,1.));
#4060=DIRECTION('',(0.,0.,1.));
#4061=DIRECTION('',(0.,0.,1.));
#4062=DIRECTION('center_axis',(0.,0.,1.));
#4063=DIRECTION('ref_axis',(-1.,0.,0.));
#4064=DIRECTION('center_axis',(0.,0.,1.));
#4065=DIRECTION('ref_axis',(-1.,0.,0.));
#4066=DIRECTION('',(0.,0.,1.));
#4067=DIRECTION('',(0.,0.,1.));
#4068=DIRECTION('',(0.,0.,1.));
#4069=DIRECTION('',(0.,0.,1.));
#4070=DIRECTION('',(0.,0.,1.));
#4071=DIRECTION('center_axis',(0.295059484829535,0.955478885382681,0.));
#4072=DIRECTION('ref_axis',(-0.955478885382681,0.295059484829535,0.));
#4073=DIRECTION('',(-0.955478885382681,0.295059484829535,0.));
#4074=DIRECTION('',(-0.955478885382681,0.295059484829535,0.));
#4075=DIRECTION('',(0.,0.,1.));
#4076=DIRECTION('',(0.,0.,1.));
#4077=DIRECTION('',(0.,0.,1.));
#4078=DIRECTION('',(0.,0.,1.));
#4079=DIRECTION('',(0.,0.,1.));
#4080=DIRECTION('center_axis',(-0.295054086915593,-0.955480552284768,0.));
#4081=DIRECTION('ref_axis',(0.955480552284768,-0.295054086915593,0.));
#4082=DIRECTION('',(0.955480552284768,-0.295054086915593,0.));
#4083=DIRECTION('',(0.955480552284768,-0.295054086915593,0.));
#4084=DIRECTION('',(0.,0.,1.));
#4085=DIRECTION('',(0.,0.,1.));
#4086=DIRECTION('center_axis',(0.295055153843302,0.95548022281495,0.));
#4087=DIRECTION('ref_axis',(-0.95548022281495,0.295055153843302,0.));
#4088=DIRECTION('',(0.95548022281495,-0.295055153843302,0.));
#4089=DIRECTION('',(-0.95548022281495,0.295055153843302,0.));
#4090=DIRECTION('',(0.,0.,1.));
#4091=DIRECTION('',(0.,0.,1.));
#4092=DIRECTION('',(0.,0.,1.));
#4093=DIRECTION('',(0.,0.,1.));
#4094=DIRECTION('',(0.,0.,1.));
#4095=DIRECTION('',(0.,0.,1.));
#4096=DIRECTION('',(0.,0.,1.));
#4097=DIRECTION('',(0.,0.,1.));
#4098=DIRECTION('',(0.,0.,1.));
#4099=DIRECTION('center_axis',(-0.295060394856686,-0.955478604358578,0.));
#4100=DIRECTION('ref_axis',(0.955478604358578,-0.295060394856686,0.));
#4101=DIRECTION('',(-0.955478604358578,0.295060394856686,0.));
#4102=DIRECTION('',(0.955478604358578,-0.295060394856686,0.));
#4103=DIRECTION('',(0.,0.,1.));
#4104=DIRECTION('',(0.,0.,1.));
#4105=DIRECTION('',(0.,0.,1.));
#4106=DIRECTION('',(0.,0.,1.));
#4107=DIRECTION('',(0.,0.,1.));
#4108=DIRECTION('',(0.,0.,1.));
#4109=DIRECTION('center_axis',(0.,0.,1.));
#4110=DIRECTION('ref_axis',(-1.,0.,0.));
#4111=DIRECTION('center_axis',(0.,0.,1.));
#4112=DIRECTION('ref_axis',(-1.,0.,0.));
#4113=DIRECTION('center_axis',(1.,0.,0.));
#4114=DIRECTION('ref_axis',(0.,1.,0.));
#4115=DIRECTION('',(0.,1.,0.));
#4116=DIRECTION('',(0.,0.,1.));
#4117=DIRECTION('',(0.,1.,0.));
#4118=DIRECTION('',(0.,0.,1.));
#4119=DIRECTION('center_axis',(0.,-1.,0.));
#4120=DIRECTION('ref_axis',(1.,0.,0.));
#4121=DIRECTION('',(1.,0.,0.));
#4122=DIRECTION('',(1.,0.,0.));
#4123=DIRECTION('',(0.,0.,1.));
#4124=DIRECTION('center_axis',(-1.,0.,0.));
#4125=DIRECTION('ref_axis',(0.,-1.,0.));
#4126=DIRECTION('',(0.,-1.,0.));
#4127=DIRECTION('',(0.,-1.,0.));
#4128=DIRECTION('',(0.,0.,1.));
#4129=DIRECTION('center_axis',(0.,1.,0.));
#4130=DIRECTION('ref_axis',(-1.,0.,0.));
#4131=DIRECTION('',(-1.,0.,0.));
#4132=DIRECTION('',(-1.,0.,0.));
#4133=DIRECTION('center_axis',(0.,0.,1.));
#4134=DIRECTION('ref_axis',(1.,0.,0.));
#4135=DIRECTION('center_axis',(0.,0.,1.));
#4136=DIRECTION('ref_axis',(-1.,0.,0.));
#4137=DIRECTION('center_axis',(0.295055423933791,0.955480139410156,0.));
#4138=DIRECTION('ref_axis',(-0.955480139410156,0.295055423933791,0.));
#4139=DIRECTION('',(-0.955480139410156,0.295055423933791,0.));
#4140=DIRECTION('',(0.,0.,1.));
#4141=DIRECTION('',(-0.955480139410156,0.295055423933791,0.));
#4142=DIRECTION('',(0.,0.,1.));
#4143=DIRECTION('',(0.,0.,1.));
#4144=DIRECTION('',(0.,0.,1.));
#4145=DIRECTION('center_axis',(-0.295065435593958,-0.955477047718964,0.));
#4146=DIRECTION('ref_axis',(0.955477047718964,-0.295065435593958,0.));
#4147=DIRECTION('',(0.955477047718964,-0.295065435593958,0.));
#4148=DIRECTION('',(0.955477047718964,-0.295065435593958,0.));
#4149=DIRECTION('',(0.,0.,1.));
#4150=DIRECTION('',(0.,0.,1.));
#4151=DIRECTION('center_axis',(0.295059941842692,0.95547874425326,0.));
#4152=DIRECTION('ref_axis',(-0.95547874425326,0.295059941842692,0.));
#4153=DIRECTION('',(-0.95547874425326,0.295059941842692,0.));
#4154=DIRECTION('',(0.,0.,1.));
#4155=DIRECTION('',(-0.95547874425326,0.295059941842692,0.));
#4156=DIRECTION('',(0.,0.,1.));
#4157=DIRECTION('',(0.,0.,1.));
#4158=DIRECTION('',(0.,0.,1.));
#4159=DIRECTION('',(0.,0.,1.));
#4160=DIRECTION('',(0.,0.,1.));
#4161=DIRECTION('',(0.,0.,1.));
#4162=DIRECTION('center_axis',(-0.295055576211189,-0.955480092386379,0.));
#4163=DIRECTION('ref_axis',(0.955480092386379,-0.295055576211189,0.));
#4164=DIRECTION('',(-0.955480092386379,0.295055576211189,0.));
#4165=DIRECTION('',(0.,0.,1.));
#4166=DIRECTION('',(0.955480092386379,-0.295055576211189,0.));
#4167=DIRECTION('',(0.,0.,1.));
#4168=DIRECTION('center_axis',(-0.999999999998662,1.63578843520976E-6,0.));
#4169=DIRECTION('ref_axis',(-1.63578843520976E-6,-0.999999999998662,0.));
#4170=DIRECTION('',(1.63578843520976E-6,0.999999999998662,0.));
#4171=DIRECTION('',(-1.63578843520976E-6,-0.999999999998662,0.));
#4172=DIRECTION('',(0.,0.,1.));
#4173=DIRECTION('',(0.,0.,1.));
#4174=DIRECTION('',(0.,0.,1.));
#4175=DIRECTION('',(0.,0.,1.));
#4176=DIRECTION('',(0.,0.,1.));
#4177=DIRECTION('',(0.,0.,1.));
#4178=DIRECTION('',(0.,0.,1.));
#4179=DIRECTION('',(0.,0.,1.));
#4180=DIRECTION('center_axis',(0.295045006912079,0.955483356158678,0.));
#4181=DIRECTION('ref_axis',(-0.955483356158678,0.295045006912079,0.));
#4182=DIRECTION('',(0.955483356158678,-0.295045006912079,0.));
#4183=DIRECTION('',(-0.955483356158678,0.295045006912079,0.));
#4184=DIRECTION('',(0.,0.,1.));
#4185=DIRECTION('',(0.,0.,1.));
#4186=DIRECTION('',(0.,0.,1.));
#4187=DIRECTION('',(0.,0.,1.));
#4188=DIRECTION('center_axis',(1.,0.,0.));
#4189=DIRECTION('ref_axis',(0.,1.,0.));
#4190=DIRECTION('',(0.,-1.,0.));
#4191=DIRECTION('',(0.,1.,0.));
#4192=DIRECTION('center_axis',(0.,0.,1.));
#4193=DIRECTION('ref_axis',(-1.,0.,0.));
#4194=DIRECTION('center_axis',(0.,0.,1.));
#4195=DIRECTION('ref_axis',(-1.,0.,0.));
#4196=DIRECTION('center_axis',(-1.,4.85083222099832E-15,0.));
#4197=DIRECTION('ref_axis',(-4.85083222099832E-15,-1.,0.));
#4198=DIRECTION('',(4.85083222099832E-15,1.,0.));
#4199=DIRECTION('',(0.,0.,1.));
#4200=DIRECTION('',(-4.85083222099832E-15,-1.,0.));
#4201=DIRECTION('',(0.,0.,1.));
#4202=DIRECTION('center_axis',(0.295058262803098,0.955479262753315,0.));
#4203=DIRECTION('ref_axis',(-0.955479262753315,0.295058262803098,0.));
#4204=DIRECTION('',(0.955479262753315,-0.295058262803098,0.));
#4205=DIRECTION('',(-0.955479262753315,0.295058262803098,0.));
#4206=DIRECTION('',(0.,0.,1.));
#4207=DIRECTION('center_axis',(1.,9.53643383861819E-15,0.));
#4208=DIRECTION('ref_axis',(-9.53643383861819E-15,1.,0.));
#4209=DIRECTION('',(9.53643383861819E-15,-1.,0.));
#4210=DIRECTION('',(-9.53643383861819E-15,1.,0.));
#4211=DIRECTION('',(0.,0.,1.));
#4212=DIRECTION('center_axis',(-0.351519540720571,-0.936180544815795,0.));
#4213=DIRECTION('ref_axis',(0.936180544815795,-0.351519540720571,0.));
#4214=DIRECTION('',(-0.936180544815795,0.351519540720571,0.));
#4215=DIRECTION('',(0.936180544815795,-0.351519540720571,0.));
#4216=DIRECTION('',(0.,0.,1.));
#4217=DIRECTION('',(0.,0.,1.));
#4218=DIRECTION('',(0.,0.,1.));
#4219=DIRECTION('',(0.,0.,1.));
#4220=DIRECTION('',(0.,0.,1.));
#4221=DIRECTION('',(0.,0.,1.));
#4222=DIRECTION('',(0.,0.,1.));
#4223=DIRECTION('center_axis',(-0.295057942484821,-0.955479361669641,0.));
#4224=DIRECTION('ref_axis',(0.955479361669641,-0.295057942484821,0.));
#4225=DIRECTION('',(-0.955479361669641,0.295057942484821,0.));
#4226=DIRECTION('',(0.955479361669641,-0.295057942484821,0.));
#4227=DIRECTION('',(0.,0.,1.));
#4228=DIRECTION('center_axis',(-1.,4.85082397183778E-15,0.));
#4229=DIRECTION('ref_axis',(-4.85082397183778E-15,-1.,0.));
#4230=DIRECTION('',(4.85082397183778E-15,1.,0.));
#4231=DIRECTION('',(-4.85082397183778E-15,-1.,0.));
#4232=DIRECTION('',(0.,0.,1.));
#4233=DIRECTION('center_axis',(0.295056457170598,0.955479820342604,0.));
#4234=DIRECTION('ref_axis',(-0.955479820342604,0.295056457170598,0.));
#4235=DIRECTION('',(0.955479820342604,-0.295056457170598,0.));
#4236=DIRECTION('',(-0.955479820342604,0.295056457170598,0.));
#4237=DIRECTION('',(0.,0.,1.));
#4238=DIRECTION('',(0.,0.,1.));
#4239=DIRECTION('',(0.,0.,1.));
#4240=DIRECTION('',(0.,0.,1.));
#4241=DIRECTION('',(0.,0.,1.));
#4242=DIRECTION('center_axis',(-0.295057048485505,-0.955479637741706,0.));
#4243=DIRECTION('ref_axis',(0.955479637741706,-0.295057048485505,0.));
#4244=DIRECTION('',(-0.955479637741706,0.295057048485505,0.));
#4245=DIRECTION('',(0.955479637741706,-0.295057048485505,0.));
#4246=DIRECTION('center_axis',(0.,0.,1.));
#4247=DIRECTION('ref_axis',(-1.,0.,0.));
#4248=DIRECTION('center_axis',(0.,0.,1.));
#4249=DIRECTION('ref_axis',(-1.,0.,0.));
#4250=DIRECTION('center_axis',(-1.,-4.85080747360096E-15,0.));
#4251=DIRECTION('ref_axis',(4.85080747360096E-15,-1.,0.));
#4252=DIRECTION('',(-4.85080747360096E-15,1.,0.));
#4253=DIRECTION('',(0.,0.,1.));
#4254=DIRECTION('',(4.85080747360096E-15,-1.,0.));
#4255=DIRECTION('',(0.,0.,1.));
#4256=DIRECTION('center_axis',(0.375462744706874,0.926837487015486,0.));
#4257=DIRECTION('ref_axis',(-0.926837487015486,0.375462744706874,0.));
#4258=DIRECTION('',(0.926837487015486,-0.375462744706874,0.));
#4259=DIRECTION('',(-0.926837487015486,0.375462744706874,0.));
#4260=DIRECTION('',(0.,0.,1.));
#4261=DIRECTION('',(0.,0.,1.));
#4262=DIRECTION('center_axis',(0.295058291615924,0.955479253855725,0.));
#4263=DIRECTION('ref_axis',(-0.955479253855725,0.295058291615924,0.));
#4264=DIRECTION('',(0.955479253855725,-0.295058291615924,0.));
#4265=DIRECTION('',(-0.955479253855725,0.295058291615924,0.));
#4266=DIRECTION('',(0.,0.,1.));
#4267=DIRECTION('',(0.,0.,1.));
#4268=DIRECTION('',(0.,0.,1.));
#4269=DIRECTION('',(0.,0.,1.));
#4270=DIRECTION('center_axis',(0.295053125121648,0.955480849287912,0.));
#4271=DIRECTION('ref_axis',(-0.955480849287912,0.295053125121648,0.));
#4272=DIRECTION('',(0.955480849287912,-0.295053125121648,0.));
#4273=DIRECTION('',(-0.955480849287912,0.295053125121648,0.));
#4274=DIRECTION('',(0.,0.,1.));
#4275=DIRECTION('center_axis',(1.,0.,0.));
#4276=DIRECTION('ref_axis',(0.,1.,0.));
#4277=DIRECTION('',(0.,-1.,0.));
#4278=DIRECTION('',(0.,1.,0.));
#4279=DIRECTION('',(0.,0.,1.));
#4280=DIRECTION('center_axis',(-0.295056676064241,-0.955479752747237,0.));
#4281=DIRECTION('ref_axis',(0.955479752747237,-0.295056676064241,0.));
#4282=DIRECTION('',(-0.955479752747237,0.295056676064241,0.));
#4283=DIRECTION('',(0.955479752747237,-0.295056676064241,0.));
#4284=DIRECTION('center_axis',(0.,0.,1.));
#4285=DIRECTION('ref_axis',(-1.,0.,0.));
#4286=DIRECTION('center_axis',(0.,0.,1.));
#4287=DIRECTION('ref_axis',(-1.,0.,0.));
#4288=DIRECTION('center_axis',(-1.,0.,0.));
#4289=DIRECTION('ref_axis',(0.,-1.,0.));
#4290=DIRECTION('',(0.,1.,0.));
#4291=DIRECTION('',(0.,0.,1.));
#4292=DIRECTION('',(0.,-1.,0.));
#4293=DIRECTION('',(0.,0.,1.));
#4294=DIRECTION('center_axis',(0.295058417414909,0.95547921500816,0.));
#4295=DIRECTION('ref_axis',(-0.95547921500816,0.295058417414909,0.));
#4296=DIRECTION('',(0.95547921500816,-0.295058417414909,0.));
#4297=DIRECTION('',(-0.95547921500816,0.295058417414909,0.));
#4298=DIRECTION('',(0.,0.,1.));
#4299=DIRECTION('center_axis',(1.,0.,0.));
#4300=DIRECTION('ref_axis',(0.,1.,0.));
#4301=DIRECTION('',(0.,-1.,0.));
#4302=DIRECTION('',(0.,1.,0.));
#4303=DIRECTION('',(0.,0.,1.));
#4304=DIRECTION('center_axis',(-0.295058028678182,-0.955479335052593,0.));
#4305=DIRECTION('ref_axis',(0.955479335052593,-0.295058028678182,0.));
#4306=DIRECTION('',(-0.955479335052593,0.295058028678182,0.));
#4307=DIRECTION('',(0.955479335052593,-0.295058028678182,0.));
#4308=DIRECTION('center_axis',(0.,0.,1.));
#4309=DIRECTION('ref_axis',(1.,0.,0.));
#4310=DIRECTION('center_axis',(0.,0.,1.));
#4311=DIRECTION('ref_axis',(-1.,0.,0.));
#4312=DIRECTION('center_axis',(-1.,5.77236184763159E-15,0.));
#4313=DIRECTION('ref_axis',(-5.77236184763159E-15,-1.,0.));
#4314=DIRECTION('',(5.77236184763159E-15,1.,0.));
#4315=DIRECTION('',(0.,0.,1.));
#4316=DIRECTION('',(-5.77236184763159E-15,-1.,0.));
#4317=DIRECTION('',(0.,0.,1.));
#4318=DIRECTION('center_axis',(0.535873251187827,0.84429844170257,0.));
#4319=DIRECTION('ref_axis',(-0.84429844170257,0.535873251187827,0.));
#4320=DIRECTION('',(0.84429844170257,-0.535873251187827,0.));
#4321=DIRECTION('',(-0.84429844170257,0.535873251187827,0.));
#4322=DIRECTION('',(0.,0.,1.));
#4323=DIRECTION('center_axis',(0.0286612493162544,0.999589182008105,0.));
#4324=DIRECTION('ref_axis',(-0.999589182008105,0.0286612493162544,0.));
#4325=DIRECTION('',(0.999589182008105,-0.0286612493162544,0.));
#4326=DIRECTION('',(-0.999589182008105,0.0286612493162544,0.));
#4327=DIRECTION('',(0.,0.,1.));
#4328=DIRECTION('center_axis',(1.,0.,0.));
#4329=DIRECTION('ref_axis',(0.,1.,0.));
#4330=DIRECTION('',(0.,-1.,0.));
#4331=DIRECTION('',(0.,1.,0.));
#4332=DIRECTION('',(0.,0.,1.));
#4333=DIRECTION('center_axis',(-0.0797595554076107,-0.99681413178244,0.));
#4334=DIRECTION('ref_axis',(0.99681413178244,-0.0797595554076107,0.));
#4335=DIRECTION('',(-0.99681413178244,0.0797595554076107,0.));
#4336=DIRECTION('',(0.99681413178244,-0.0797595554076107,0.));
#4337=DIRECTION('',(0.,0.,1.));
#4338=DIRECTION('center_axis',(0.295851374675219,0.955233983955127,0.));
#4339=DIRECTION('ref_axis',(-0.955233983955127,0.295851374675219,0.));
#4340=DIRECTION('',(0.955233983955127,-0.295851374675219,0.));
#4341=DIRECTION('',(-0.955233983955127,0.295851374675219,0.));
#4342=DIRECTION('',(0.,0.,1.));
#4343=DIRECTION('center_axis',(1.,0.,0.));
#4344=DIRECTION('ref_axis',(0.,1.,0.));
#4345=DIRECTION('',(0.,-1.,0.));
#4346=DIRECTION('',(0.,1.,0.));
#4347=DIRECTION('',(0.,0.,1.));
#4348=DIRECTION('center_axis',(-0.295057968656009,-0.955479353587815,0.));
#4349=DIRECTION('ref_axis',(0.955479353587815,-0.295057968656009,0.));
#4350=DIRECTION('',(-0.955479353587815,0.295057968656009,0.));
#4351=DIRECTION('',(0.955479353587815,-0.295057968656009,0.));
#4352=DIRECTION('',(0.,0.,1.));
#4353=DIRECTION('center_axis',(-1.,4.85086109328099E-15,0.));
#4354=DIRECTION('ref_axis',(-4.85086109328099E-15,-1.,0.));
#4355=DIRECTION('',(4.85086109328099E-15,1.,0.));
#4356=DIRECTION('',(-4.85086109328099E-15,-1.,0.));
#4357=DIRECTION('',(0.,0.,1.));
#4358=DIRECTION('center_axis',(0.294382911393337,0.955687554318661,0.));
#4359=DIRECTION('ref_axis',(-0.955687554318661,0.294382911393337,0.));
#4360=DIRECTION('',(0.955687554318661,-0.294382911393337,0.));
#4361=DIRECTION('',(-0.955687554318661,0.294382911393337,0.));
#4362=DIRECTION('',(0.,0.,1.));
#4363=DIRECTION('center_axis',(-0.545077038300509,-0.838385962619572,0.));
#4364=DIRECTION('ref_axis',(0.838385962619572,-0.545077038300509,0.));
#4365=DIRECTION('',(-0.838385962619572,0.545077038300509,0.));
#4366=DIRECTION('',(0.838385962619572,-0.545077038300509,0.));
#4367=DIRECTION('center_axis',(0.,0.,1.));
#4368=DIRECTION('ref_axis',(1.,0.,0.));
#4369=DIRECTION('center_axis',(0.,0.,1.));
#4370=DIRECTION('ref_axis',(-1.,0.,0.));
#4371=CARTESIAN_POINT('',(0.,0.,0.));
#4372=CARTESIAN_POINT('Ctrl Pts',(249.298570842241,427.224214739356,35.2));
#4373=CARTESIAN_POINT('Ctrl Pts',(249.298570842241,427.224214739356,36.));
#4374=CARTESIAN_POINT('Ctrl Pts',(248.222600227757,427.556503674202,35.2));
#4375=CARTESIAN_POINT('Ctrl Pts',(248.222600227757,427.556503674202,36.));
#4376=CARTESIAN_POINT('Ctrl Pts',(247.3911088042,427.701471797935,35.2));
#4377=CARTESIAN_POINT('Ctrl Pts',(247.3911088042,427.701471797935,36.));
#4378=CARTESIAN_POINT('Ctrl Pts',(246.804193096589,427.659106655714,35.2));
#4379=CARTESIAN_POINT('Ctrl Pts',(246.804193096589,427.659106655714,36.));
#4380=CARTESIAN_POINT('',(246.804193096589,427.659106655714,35.2));
#4381=CARTESIAN_POINT('',(249.298570842241,427.224214739356,35.2));
#4382=CARTESIAN_POINT('Ctrl Pts',(246.804193096589,427.659106655714,35.2));
#4383=CARTESIAN_POINT('Ctrl Pts',(247.3911088042,427.701471797935,35.2));
#4384=CARTESIAN_POINT('Ctrl Pts',(248.222600227757,427.556503674202,35.2));
#4385=CARTESIAN_POINT('Ctrl Pts',(249.298570842241,427.224214739356,35.2));
#4386=CARTESIAN_POINT('',(246.804193096589,427.659106655714,36.));
#4387=CARTESIAN_POINT('',(246.804193096589,427.659106655714,35.2));
#4388=CARTESIAN_POINT('',(249.298570842241,427.224214739356,36.));
#4389=CARTESIAN_POINT('Ctrl Pts',(249.298570842241,427.224214739356,36.));
#4390=CARTESIAN_POINT('Ctrl Pts',(248.222600227757,427.556503674202,36.));
#4391=CARTESIAN_POINT('Ctrl Pts',(247.3911088042,427.701471797935,36.));
#4392=CARTESIAN_POINT('Ctrl Pts',(246.804193096589,427.659106655714,36.));
#4393=CARTESIAN_POINT('',(249.298570842241,427.224214739356,35.2));
#4394=CARTESIAN_POINT('Origin',(249.298570842241,423.770742608707,35.2));
#4395=CARTESIAN_POINT('',(249.298570842241,423.770742608707,35.2));
#4396=CARTESIAN_POINT('',(249.298570842241,427.224214739356,35.2));
#4397=CARTESIAN_POINT('',(249.298570842241,423.770742608707,36.));
#4398=CARTESIAN_POINT('',(249.298570842241,427.224214739356,36.));
#4399=CARTESIAN_POINT('',(249.298570842241,423.770742608707,35.2));
#4400=CARTESIAN_POINT('Origin',(247.978024511811,424.178532790692,35.2));
#4401=CARTESIAN_POINT('',(247.978024511811,424.178532790692,35.2));
#4402=CARTESIAN_POINT('',(249.298570842241,423.770742608707,35.2));
#4403=CARTESIAN_POINT('',(247.978024511811,424.178532790692,36.));
#4404=CARTESIAN_POINT('',(249.298570842241,423.770742608707,36.));
#4405=CARTESIAN_POINT('',(247.978024511811,424.178532790692,35.2));
#4406=CARTESIAN_POINT('Ctrl Pts',(247.04155434579,424.349905177693,35.2));
#4407=CARTESIAN_POINT('Ctrl Pts',(247.04155434579,424.349905177693,36.));
#4408=CARTESIAN_POINT('Ctrl Pts',(247.205547239402,424.377779112219,35.2));
#4409=CARTESIAN_POINT('Ctrl Pts',(247.205547239402,424.377779112219,36.));
#4410=CARTESIAN_POINT('Ctrl Pts',(247.517718492057,424.320686120322,35.2));
#4411=CARTESIAN_POINT('Ctrl Pts',(247.517718492057,424.320686120322,36.));
#4412=CARTESIAN_POINT('Ctrl Pts',(247.978024511811,424.178532790692,35.2));
#4413=CARTESIAN_POINT('Ctrl Pts',(247.978024511811,424.178532790692,36.));
#4414=CARTESIAN_POINT('',(247.04155434579,424.349905177693,35.2));
#4415=CARTESIAN_POINT('Ctrl Pts',(247.978024511811,424.178532790692,35.2));
#4416=CARTESIAN_POINT('Ctrl Pts',(247.517718492057,424.320686120322,35.2));
#4417=CARTESIAN_POINT('Ctrl Pts',(247.205547239402,424.377779112219,35.2));
#4418=CARTESIAN_POINT('Ctrl Pts',(247.04155434579,424.349905177693,35.2));
#4419=CARTESIAN_POINT('',(247.04155434579,424.349905177693,36.));
#4420=CARTESIAN_POINT('Ctrl Pts',(247.04155434579,424.349905177693,36.));
#4421=CARTESIAN_POINT('Ctrl Pts',(247.205547239402,424.377779112219,36.));
#4422=CARTESIAN_POINT('Ctrl Pts',(247.517718492057,424.320686120322,36.));
#4423=CARTESIAN_POINT('Ctrl Pts',(247.978024511811,424.178532790692,36.));
#4424=CARTESIAN_POINT('',(247.04155434579,424.349905177693,35.2));
#4425=CARTESIAN_POINT('Ctrl Pts',(246.795555664241,423.990757377876,35.2));
#4426=CARTESIAN_POINT('Ctrl Pts',(246.795555664241,423.990757377876,36.));
#4427=CARTESIAN_POINT('Ctrl Pts',(246.795555664241,424.202246808269,35.2));
#4428=CARTESIAN_POINT('Ctrl Pts',(246.795555664241,424.202246808269,36.));
#4429=CARTESIAN_POINT('Ctrl Pts',(246.877555224757,424.321987651223,35.2));
#4430=CARTESIAN_POINT('Ctrl Pts',(246.877555224757,424.321987651223,36.));
#4431=CARTESIAN_POINT('Ctrl Pts',(247.04155434579,424.349905177693,35.2));
#4432=CARTESIAN_POINT('Ctrl Pts',(247.04155434579,424.349905177693,36.));
#4433=CARTESIAN_POINT('',(246.795555664241,423.990757377876,35.2));
#4434=CARTESIAN_POINT('Ctrl Pts',(247.04155434579,424.349905177693,35.2));
#4435=CARTESIAN_POINT('Ctrl Pts',(246.877555224757,424.321987651223,35.2));
#4436=CARTESIAN_POINT('Ctrl Pts',(246.795555664241,424.202246808269,35.2));
#4437=CARTESIAN_POINT('Ctrl Pts',(246.795555664241,423.990757377876,35.2));
#4438=CARTESIAN_POINT('',(246.795555664241,423.990757377876,36.));
#4439=CARTESIAN_POINT('Ctrl Pts',(246.795555664241,423.990757377876,36.));
#4440=CARTESIAN_POINT('Ctrl Pts',(246.795555664241,424.202246808269,36.));
#4441=CARTESIAN_POINT('Ctrl Pts',(246.877555224757,424.321987651223,36.));
#4442=CARTESIAN_POINT('Ctrl Pts',(247.04155434579,424.349905177693,36.));
#4443=CARTESIAN_POINT('',(246.795555664241,423.990757377876,35.2));
#4444=CARTESIAN_POINT('Ctrl Pts',(247.011351355966,423.498118590459,35.2));
#4445=CARTESIAN_POINT('Ctrl Pts',(247.011351355966,423.498118590459,36.));
#4446=CARTESIAN_POINT('Ctrl Pts',(246.867497940517,423.61504463931,35.2));
#4447=CARTESIAN_POINT('Ctrl Pts',(246.867497940517,423.61504463931,36.));
#4448=CARTESIAN_POINT('Ctrl Pts',(246.795555664241,423.779274174904,35.2));
#4449=CARTESIAN_POINT('Ctrl Pts',(246.795555664241,423.779274174904,36.));
#4450=CARTESIAN_POINT('Ctrl Pts',(246.795555664241,423.990757377876,35.2));
#4451=CARTESIAN_POINT('Ctrl Pts',(246.795555664241,423.990757377876,36.));
#4452=CARTESIAN_POINT('',(247.011351355966,423.498118590459,35.2));
#4453=CARTESIAN_POINT('Ctrl Pts',(246.795555664241,423.990757377876,35.2));
#4454=CARTESIAN_POINT('Ctrl Pts',(246.795555664241,423.779274174904,35.2));
#4455=CARTESIAN_POINT('Ctrl Pts',(246.867497940517,423.61504463931,35.2));
#4456=CARTESIAN_POINT('Ctrl Pts',(247.011351355966,423.498118590459,35.2));
#4457=CARTESIAN_POINT('',(247.011351355966,423.498118590459,36.));
#4458=CARTESIAN_POINT('Ctrl Pts',(247.011351355966,423.498118590459,36.));
#4459=CARTESIAN_POINT('Ctrl Pts',(246.867497940517,423.61504463931,36.));
#4460=CARTESIAN_POINT('Ctrl Pts',(246.795555664241,423.779274174904,36.));
#4461=CARTESIAN_POINT('Ctrl Pts',(246.795555664241,423.990757377876,36.));
#4462=CARTESIAN_POINT('',(247.011351355966,423.498118590459,35.2));
#4463=CARTESIAN_POINT('Ctrl Pts',(247.978024511811,423.09081414728,35.2));
#4464=CARTESIAN_POINT('Ctrl Pts',(247.978024511811,423.09081414728,36.));
#4465=CARTESIAN_POINT('Ctrl Pts',(247.47742708089,423.245409863233,35.2));
#4466=CARTESIAN_POINT('Ctrl Pts',(247.47742708089,423.245409863233,36.));
#4467=CARTESIAN_POINT('Ctrl Pts',(247.155201657705,423.381148949663,35.2));
#4468=CARTESIAN_POINT('Ctrl Pts',(247.155201657705,423.381148949663,36.));
#4469=CARTESIAN_POINT('Ctrl Pts',(247.011351355966,423.498118590459,35.2));
#4470=CARTESIAN_POINT('Ctrl Pts',(247.011351355966,423.498118590459,36.));
#4471=CARTESIAN_POINT('',(247.978024511811,423.09081414728,35.2));
#4472=CARTESIAN_POINT('Ctrl Pts',(247.011351355966,423.498118590459,35.2));
#4473=CARTESIAN_POINT('Ctrl Pts',(247.155201657705,423.381148949663,35.2));
#4474=CARTESIAN_POINT('Ctrl Pts',(247.47742708089,423.245409863233,35.2));
#4475=CARTESIAN_POINT('Ctrl Pts',(247.978024511811,423.09081414728,35.2));
#4476=CARTESIAN_POINT('',(247.978024511811,423.09081414728,36.));
#4477=CARTESIAN_POINT('Ctrl Pts',(247.978024511811,423.09081414728,36.));
#4478=CARTESIAN_POINT('Ctrl Pts',(247.47742708089,423.245409863233,36.));
#4479=CARTESIAN_POINT('Ctrl Pts',(247.155201657705,423.381148949663,36.));
#4480=CARTESIAN_POINT('Ctrl Pts',(247.011351355966,423.498118590459,36.));
#4481=CARTESIAN_POINT('',(247.978024511811,423.09081414728,35.2));
#4482=CARTESIAN_POINT('Origin',(253.381165023497,421.422295123268,35.2));
#4483=CARTESIAN_POINT('',(253.381165023497,421.422295123268,35.2));
#4484=CARTESIAN_POINT('',(247.978024511811,423.09081414728,35.2));
#4485=CARTESIAN_POINT('',(253.381165023497,421.422295123268,36.));
#4486=CARTESIAN_POINT('',(247.978024511811,423.09081414728,36.));
#4487=CARTESIAN_POINT('',(253.381165023497,421.422295123268,35.2));
#4488=CARTESIAN_POINT('Ctrl Pts',(254.300363438534,421.301613939805,35.2));
#4489=CARTESIAN_POINT('Ctrl Pts',(254.300363438534,421.301613939805,36.));
#4490=CARTESIAN_POINT('Ctrl Pts',(254.096076020045,421.255904672732,35.2));
#4491=CARTESIAN_POINT('Ctrl Pts',(254.096076020045,421.255904672732,36.));
#4492=CARTESIAN_POINT('Ctrl Pts',(253.789677586269,421.296146264534,35.2));
#4493=CARTESIAN_POINT('Ctrl Pts',(253.789677586269,421.296146264534,36.));
#4494=CARTESIAN_POINT('Ctrl Pts',(253.381165023497,421.422295123268,35.2));
#4495=CARTESIAN_POINT('Ctrl Pts',(253.381165023497,421.422295123268,36.));
#4496=CARTESIAN_POINT('',(254.300363438534,421.301613939805,35.2));
#4497=CARTESIAN_POINT('Ctrl Pts',(253.381165023497,421.422295123268,35.2));
#4498=CARTESIAN_POINT('Ctrl Pts',(253.789677586269,421.296146264534,35.2));
#4499=CARTESIAN_POINT('Ctrl Pts',(254.096076020045,421.255904672732,35.2));
#4500=CARTESIAN_POINT('Ctrl Pts',(254.300363438534,421.301613939805,35.2));
#4501=CARTESIAN_POINT('',(254.300363438534,421.301613939805,36.));
#4502=CARTESIAN_POINT('Ctrl Pts',(254.300363438534,421.301613939805,36.));
#4503=CARTESIAN_POINT('Ctrl Pts',(254.096076020045,421.255904672732,36.));
#4504=CARTESIAN_POINT('Ctrl Pts',(253.789677586269,421.296146264534,36.));
#4505=CARTESIAN_POINT('Ctrl Pts',(253.381165023497,421.422295123268,36.));
#4506=CARTESIAN_POINT('',(254.300363438534,421.301613939805,35.2));
#4507=CARTESIAN_POINT('Ctrl Pts',(254.60676498602,421.68737150777,35.2));
#4508=CARTESIAN_POINT('Ctrl Pts',(254.60676498602,421.68737150777,36.));
#4509=CARTESIAN_POINT('Ctrl Pts',(254.60676498602,421.475882077378,35.2));
#4510=CARTESIAN_POINT('Ctrl Pts',(254.60676498602,421.475882077378,36.));
#4511=CARTESIAN_POINT('Ctrl Pts',(254.504650857023,421.347285842355,35.2));
#4512=CARTESIAN_POINT('Ctrl Pts',(254.504650857023,421.347285842355,36.));
#4513=CARTESIAN_POINT('Ctrl Pts',(254.300363438534,421.301613939805,35.2));
#4514=CARTESIAN_POINT('Ctrl Pts',(254.300363438534,421.301613939805,36.));
#4515=CARTESIAN_POINT('',(254.60676498602,421.68737150777,35.2));
#4516=CARTESIAN_POINT('Ctrl Pts',(254.300363438534,421.301613939805,35.2));
#4517=CARTESIAN_POINT('Ctrl Pts',(254.504650857023,421.347285842355,35.2));
#4518=CARTESIAN_POINT('Ctrl Pts',(254.60676498602,421.475882077378,35.2));
#4519=CARTESIAN_POINT('Ctrl Pts',(254.60676498602,421.68737150777,35.2));
#4520=CARTESIAN_POINT('',(254.60676498602,421.68737150777,36.));
#4521=CARTESIAN_POINT('Ctrl Pts',(254.60676498602,421.68737150777,36.));
#4522=CARTESIAN_POINT('Ctrl Pts',(254.60676498602,421.475882077378,36.));
#4523=CARTESIAN_POINT('Ctrl Pts',(254.504650857023,421.347285842355,36.));
#4524=CARTESIAN_POINT('Ctrl Pts',(254.300363438534,421.301613939805,36.));
#4525=CARTESIAN_POINT('',(254.60676498602,421.68737150777,35.2));
#4526=CARTESIAN_POINT('Ctrl Pts',(254.287404176302,422.289058657002,35.2));
#4527=CARTESIAN_POINT('Ctrl Pts',(254.287404176302,422.289058657002,36.));
#4528=CARTESIAN_POINT('Ctrl Pts',(254.50033525456,422.135689742904,35.2));
#4529=CARTESIAN_POINT('Ctrl Pts',(254.50033525456,422.135689742904,36.));
#4530=CARTESIAN_POINT('Ctrl Pts',(254.60676498602,421.935141890474,35.2));
#4531=CARTESIAN_POINT('Ctrl Pts',(254.60676498602,421.935141890474,36.));
#4532=CARTESIAN_POINT('Ctrl Pts',(254.60676498602,421.68737150777,35.2));
#4533=CARTESIAN_POINT('Ctrl Pts',(254.60676498602,421.68737150777,36.));
#4534=CARTESIAN_POINT('',(254.287404176302,422.289058657002,35.2));
#4535=CARTESIAN_POINT('Ctrl Pts',(254.60676498602,421.68737150777,35.2));
#4536=CARTESIAN_POINT('Ctrl Pts',(254.60676498602,421.935141890474,35.2));
#4537=CARTESIAN_POINT('Ctrl Pts',(254.50033525456,422.135689742904,35.2));
#4538=CARTESIAN_POINT('Ctrl Pts',(254.287404176302,422.289058657002,35.2));
#4539=CARTESIAN_POINT('',(254.287404176302,422.289058657002,36.));
#4540=CARTESIAN_POINT('Ctrl Pts',(254.287404176302,422.289058657002,36.));
#4541=CARTESIAN_POINT('Ctrl Pts',(254.50033525456,422.135689742904,36.));
#4542=CARTESIAN_POINT('Ctrl Pts',(254.60676498602,421.935141890474,36.));
#4543=CARTESIAN_POINT('Ctrl Pts',(254.60676498602,421.68737150777,36.));
#4544=CARTESIAN_POINT('',(254.287404176302,422.289058657002,35.2));
#4545=CARTESIAN_POINT('Ctrl Pts',(253.079085305895,422.793660319358,35.2));
#4546=CARTESIAN_POINT('Ctrl Pts',(253.079085305895,422.793660319358,36.));
#4547=CARTESIAN_POINT('Ctrl Pts',(253.67170221705,422.610617746185,35.2));
#4548=CARTESIAN_POINT('Ctrl Pts',(253.67170221705,422.610617746185,36.));
#4549=CARTESIAN_POINT('Ctrl Pts',(254.074547827092,422.442433798522,35.2));
#4550=CARTESIAN_POINT('Ctrl Pts',(254.074547827092,422.442433798522,36.));
#4551=CARTESIAN_POINT('Ctrl Pts',(254.287404176302,422.289058657002,35.2));
#4552=CARTESIAN_POINT('Ctrl Pts',(254.287404176302,422.289058657002,36.));
#4553=CARTESIAN_POINT('',(253.079085305895,422.793660319358,35.2));
#4554=CARTESIAN_POINT('Ctrl Pts',(254.287404176302,422.289058657002,35.2));
#4555=CARTESIAN_POINT('Ctrl Pts',(254.074547827092,422.442433798522,35.2));
#4556=CARTESIAN_POINT('Ctrl Pts',(253.67170221705,422.610617746185,35.2));
#4557=CARTESIAN_POINT('Ctrl Pts',(253.079085305895,422.793660319358,35.2));
#4558=CARTESIAN_POINT('',(253.079085305895,422.793660319358,36.));
#4559=CARTESIAN_POINT('Ctrl Pts',(253.079085305895,422.793660319358,36.));
#4560=CARTESIAN_POINT('Ctrl Pts',(253.67170221705,422.610617746185,36.));
#4561=CARTESIAN_POINT('Ctrl Pts',(254.074547827092,422.442433798522,36.));
#4562=CARTESIAN_POINT('Ctrl Pts',(254.287404176302,422.289058657002,36.));
#4563=CARTESIAN_POINT('',(253.079085305895,422.793660319358,35.2));
#4564=CARTESIAN_POINT('Origin',(251.715342472597,423.214758499127,35.2));
#4565=CARTESIAN_POINT('',(251.715342472597,423.214758499127,35.2));
#4566=CARTESIAN_POINT('',(253.079085305895,422.793660319358,35.2));
#4567=CARTESIAN_POINT('',(251.715342472597,423.214758499127,36.));
#4568=CARTESIAN_POINT('',(253.079085305895,422.793660319358,36.));
#4569=CARTESIAN_POINT('',(251.715342472597,423.214758499127,35.2));
#4570=CARTESIAN_POINT('Origin',(251.715342472597,426.477926884205,35.2));
#4571=CARTESIAN_POINT('',(251.715342472597,426.477926884205,35.2));
#4572=CARTESIAN_POINT('',(251.715342472597,423.214758499127,35.2));
#4573=CARTESIAN_POINT('',(251.715342472597,426.477926884205,36.));
#4574=CARTESIAN_POINT('',(251.715342472597,423.214758499127,36.));
#4575=CARTESIAN_POINT('',(251.715342472597,426.477926884205,35.2));
#4576=CARTESIAN_POINT('Ctrl Pts',(253.773884847673,425.738003452888,35.2));
#4577=CARTESIAN_POINT('Ctrl Pts',(253.773884847673,425.738003452888,36.));
#4578=CARTESIAN_POINT('Ctrl Pts',(253.316446555096,425.942717449687,35.2));
#4579=CARTESIAN_POINT('Ctrl Pts',(253.316446555096,425.942717449687,36.));
#4580=CARTESIAN_POINT('Ctrl Pts',(252.630222171461,426.189341987004,35.2));
#4581=CARTESIAN_POINT('Ctrl Pts',(252.630222171461,426.189341987004,36.));
#4582=CARTESIAN_POINT('Ctrl Pts',(251.715342472597,426.477926884205,35.2));
#4583=CARTESIAN_POINT('Ctrl Pts',(251.715342472597,426.477926884205,36.));
#4584=CARTESIAN_POINT('',(253.773884847673,425.738003452888,35.2));
#4585=CARTESIAN_POINT('Ctrl Pts',(251.715342472597,426.477926884205,35.2));
#4586=CARTESIAN_POINT('Ctrl Pts',(252.630222171461,426.189341987004,35.2));
#4587=CARTESIAN_POINT('Ctrl Pts',(253.316446555096,425.942717449687,35.2));
#4588=CARTESIAN_POINT('Ctrl Pts',(253.773884847673,425.738003452888,35.2));
#4589=CARTESIAN_POINT('',(253.773884847673,425.738003452888,36.));
#4590=CARTESIAN_POINT('Ctrl Pts',(253.773884847673,425.738003452888,36.));
#4591=CARTESIAN_POINT('Ctrl Pts',(253.316446555096,425.942717449687,36.));
#4592=CARTESIAN_POINT('Ctrl Pts',(252.630222171461,426.189341987004,36.));
#4593=CARTESIAN_POINT('Ctrl Pts',(251.715342472597,426.477926884205,36.));
#4594=CARTESIAN_POINT('',(253.773884847673,425.738003452888,35.2));
#4595=CARTESIAN_POINT('Ctrl Pts',(255.180755682213,424.696236945952,35.2));
#4596=CARTESIAN_POINT('Ctrl Pts',(255.180755682213,424.696236945952,36.));
#4597=CARTESIAN_POINT('Ctrl Pts',(254.700303956875,425.186023574743,35.2));
#4598=CARTESIAN_POINT('Ctrl Pts',(254.700303956875,425.186023574743,36.));
#4599=CARTESIAN_POINT('Ctrl Pts',(254.231323140249,425.533289456089,35.2));
#4600=CARTESIAN_POINT('Ctrl Pts',(254.231323140249,425.533289456089,36.));
#4601=CARTESIAN_POINT('Ctrl Pts',(253.773884847673,425.738003452888,35.2));
#4602=CARTESIAN_POINT('Ctrl Pts',(253.773884847673,425.738003452888,36.));
#4603=CARTESIAN_POINT('',(255.180755682213,424.696236945952,35.2));
#4604=CARTESIAN_POINT('Ctrl Pts',(253.773884847673,425.738003452888,35.2));
#4605=CARTESIAN_POINT('Ctrl Pts',(254.231323140249,425.533289456089,35.2));
#4606=CARTESIAN_POINT('Ctrl Pts',(254.700303956875,425.186023574743,35.2));
#4607=CARTESIAN_POINT('Ctrl Pts',(255.180755682213,424.696236945952,35.2));
#4608=CARTESIAN_POINT('',(255.180755682213,424.696236945952,36.));
#4609=CARTESIAN_POINT('Ctrl Pts',(255.180755682213,424.696236945952,36.));
#4610=CARTESIAN_POINT('Ctrl Pts',(254.700303956875,425.186023574743,36.));
#4611=CARTESIAN_POINT('Ctrl Pts',(254.231323140249,425.533289456089,36.));
#4612=CARTESIAN_POINT('Ctrl Pts',(253.773884847673,425.738003452888,36.));
#4613=CARTESIAN_POINT('',(255.180755682213,424.696236945952,35.2));
#4614=CARTESIAN_POINT('Ctrl Pts',(256.268262593325,423.02343345658,35.2));
#4615=CARTESIAN_POINT('Ctrl Pts',(256.268262593325,423.02343345658,36.));
#4616=CARTESIAN_POINT('Ctrl Pts',(256.023752265296,423.648834623389,35.2));
#4617=CARTESIAN_POINT('Ctrl Pts',(256.023752265296,423.648834623389,36.));
#4618=CARTESIAN_POINT('Ctrl Pts',(255.661207407551,424.206450317162,35.2));
#4619=CARTESIAN_POINT('Ctrl Pts',(255.661207407551,424.206450317162,36.));
#4620=CARTESIAN_POINT('Ctrl Pts',(255.180755682213,424.696236945952,35.2));
#4621=CARTESIAN_POINT('Ctrl Pts',(255.180755682213,424.696236945952,36.));
#4622=CARTESIAN_POINT('',(256.268262593325,423.02343345658,35.2));
#4623=CARTESIAN_POINT('Ctrl Pts',(255.180755682213,424.696236945952,35.2));
#4624=CARTESIAN_POINT('Ctrl Pts',(255.661207407551,424.206450317162,35.2));
#4625=CARTESIAN_POINT('Ctrl Pts',(256.023752265296,423.648834623389,35.2));
#4626=CARTESIAN_POINT('Ctrl Pts',(256.268262593325,423.02343345658,35.2));
#4627=CARTESIAN_POINT('',(256.268262593325,423.02343345658,36.));
#4628=CARTESIAN_POINT('Ctrl Pts',(256.268262593325,423.02343345658,36.));
#4629=CARTESIAN_POINT('Ctrl Pts',(256.023752265296,423.648834623389,36.));
#4630=CARTESIAN_POINT('Ctrl Pts',(255.661207407551,424.206450317162,36.));
#4631=CARTESIAN_POINT('Ctrl Pts',(255.180755682213,424.696236945952,36.));
#4632=CARTESIAN_POINT('',(256.268262593325,423.02343345658,35.2));
#4633=CARTESIAN_POINT('Ctrl Pts',(256.635132394664,420.870682662937,35.2));
#4634=CARTESIAN_POINT('Ctrl Pts',(256.635132394664,420.870682662937,36.));
#4635=CARTESIAN_POINT('Ctrl Pts',(256.635132394664,421.680434161241,35.2));
#4636=CARTESIAN_POINT('Ctrl Pts',(256.635132394664,421.680434161241,36.));
#4637=CARTESIAN_POINT('Ctrl Pts',(256.512841422981,422.397988697826,35.2));
#4638=CARTESIAN_POINT('Ctrl Pts',(256.512841422981,422.397988697826,36.));
#4639=CARTESIAN_POINT('Ctrl Pts',(256.268262593325,423.02343345658,35.2));
#4640=CARTESIAN_POINT('Ctrl Pts',(256.268262593325,423.02343345658,36.));
#4641=CARTESIAN_POINT('',(256.635132394664,420.870682662937,35.2));
#4642=CARTESIAN_POINT('Ctrl Pts',(256.268262593325,423.02343345658,35.2));
#4643=CARTESIAN_POINT('Ctrl Pts',(256.512841422981,422.397988697826,35.2));
#4644=CARTESIAN_POINT('Ctrl Pts',(256.635132394664,421.680434161241,35.2));
#4645=CARTESIAN_POINT('Ctrl Pts',(256.635132394664,420.870682662937,35.2));
#4646=CARTESIAN_POINT('',(256.635132394664,420.870682662937,36.));
#4647=CARTESIAN_POINT('Ctrl Pts',(256.635132394664,420.870682662937,36.));
#4648=CARTESIAN_POINT('Ctrl Pts',(256.635132394664,421.680434161241,36.));
#4649=CARTESIAN_POINT('Ctrl Pts',(256.512841422981,422.397988697826,36.));
#4650=CARTESIAN_POINT('Ctrl Pts',(256.268262593325,423.02343345658,36.));
#4651=CARTESIAN_POINT('',(256.635132394664,420.870682662937,35.2));
#4652=CARTESIAN_POINT('Ctrl Pts',(256.130181996756,418.570186315981,35.2));
#4653=CARTESIAN_POINT('Ctrl Pts',(256.130181996756,418.570186315981,36.));
#4654=CARTESIAN_POINT('Ctrl Pts',(256.466817671168,419.070503512976,35.2));
#4655=CARTESIAN_POINT('Ctrl Pts',(256.466817671168,419.070503512976,36.));
#4656=CARTESIAN_POINT('Ctrl Pts',(256.635132394664,419.83736053831,35.2));
#4657=CARTESIAN_POINT('Ctrl Pts',(256.635132394664,419.83736053831,36.));
#4658=CARTESIAN_POINT('Ctrl Pts',(256.635132394664,420.870682662937,35.2));
#4659=CARTESIAN_POINT('Ctrl Pts',(256.635132394664,420.870682662937,36.));
#4660=CARTESIAN_POINT('',(256.130181996756,418.570186315981,35.2));
#4661=CARTESIAN_POINT('Ctrl Pts',(256.635132394664,420.870682662937,35.2));
#4662=CARTESIAN_POINT('Ctrl Pts',(256.635132394664,419.83736053831,35.2));
#4663=CARTESIAN_POINT('Ctrl Pts',(256.466817671168,419.070503512976,35.2));
#4664=CARTESIAN_POINT('Ctrl Pts',(256.130181996756,418.570186315981,35.2));
#4665=CARTESIAN_POINT('',(256.130181996756,418.570186315981,36.));
#4666=CARTESIAN_POINT('Ctrl Pts',(256.130181996756,418.570186315981,36.));
#4667=CARTESIAN_POINT('Ctrl Pts',(256.466817671168,419.070503512976,36.));
#4668=CARTESIAN_POINT('Ctrl Pts',(256.635132394664,419.83736053831,36.));
#4669=CARTESIAN_POINT('Ctrl Pts',(256.635132394664,420.870682662937,36.));
#4670=CARTESIAN_POINT('',(256.130181996756,418.570186315981,35.2));
#4671=CARTESIAN_POINT('Ctrl Pts',(254.714679957289,417.724726788058,35.2));
#4672=CARTESIAN_POINT('Ctrl Pts',(254.714679957289,417.724726788058,36.));
#4673=CARTESIAN_POINT('Ctrl Pts',(255.321738256773,417.788028518276,35.2));
#4674=CARTESIAN_POINT('Ctrl Pts',(255.321738256773,417.788028518276,36.));
#4675=CARTESIAN_POINT('Ctrl Pts',(255.793549436054,418.069831754462,35.2));
#4676=CARTESIAN_POINT('Ctrl Pts',(255.793549436054,418.069831754462,36.));
#4677=CARTESIAN_POINT('Ctrl Pts',(256.130181996756,418.570186315981,35.2));
#4678=CARTESIAN_POINT('Ctrl Pts',(256.130181996756,418.570186315981,36.));
#4679=CARTESIAN_POINT('',(254.714679957289,417.724726788058,35.2));
#4680=CARTESIAN_POINT('Ctrl Pts',(256.130181996756,418.570186315981,35.2));
#4681=CARTESIAN_POINT('Ctrl Pts',(255.793549436054,418.069831754462,35.2));
#4682=CARTESIAN_POINT('Ctrl Pts',(255.321738256773,417.788028518276,35.2));
#4683=CARTESIAN_POINT('Ctrl Pts',(254.714679957289,417.724726788058,35.2));
#4684=CARTESIAN_POINT('',(254.714679957289,417.724726788058,36.));
#4685=CARTESIAN_POINT('Ctrl Pts',(254.714679957289,417.724726788058,36.));
#4686=CARTESIAN_POINT('Ctrl Pts',(255.321738256773,417.788028518276,36.));
#4687=CARTESIAN_POINT('Ctrl Pts',(255.793549436054,418.069831754462,36.));
#4688=CARTESIAN_POINT('Ctrl Pts',(256.130181996756,418.570186315981,36.));
#4689=CARTESIAN_POINT('',(254.714679957289,417.724726788058,35.2));
#4690=CARTESIAN_POINT('Ctrl Pts',(252.129658991352,418.146802672858,35.2));
#4691=CARTESIAN_POINT('Ctrl Pts',(252.129658991352,418.146802672858,36.));
#4692=CARTESIAN_POINT('Ctrl Pts',(253.245917903293,417.802108716212,35.2));
#4693=CARTESIAN_POINT('Ctrl Pts',(253.245917903293,417.802108716212,36.));
#4694=CARTESIAN_POINT('Ctrl Pts',(254.107621657804,417.661387693316,35.2));
#4695=CARTESIAN_POINT('Ctrl Pts',(254.107621657804,417.661387693316,36.));
#4696=CARTESIAN_POINT('Ctrl Pts',(254.714679957289,417.724726788058,35.2));
#4697=CARTESIAN_POINT('Ctrl Pts',(254.714679957289,417.724726788058,36.));
#4698=CARTESIAN_POINT('',(252.129658991352,418.146802672858,35.2));
#4699=CARTESIAN_POINT('Ctrl Pts',(254.714679957289,417.724726788058,35.2));
#4700=CARTESIAN_POINT('Ctrl Pts',(254.107621657804,417.661387693316,35.2));
#4701=CARTESIAN_POINT('Ctrl Pts',(253.245917903293,417.802108716212,35.2));
#4702=CARTESIAN_POINT('Ctrl Pts',(252.129658991352,418.146802672858,35.2));
#4703=CARTESIAN_POINT('',(252.129658991352,418.146802672858,36.));
#4704=CARTESIAN_POINT('Ctrl Pts',(252.129658991352,418.146802672858,36.));
#4705=CARTESIAN_POINT('Ctrl Pts',(253.245917903293,417.802108716212,36.));
#4706=CARTESIAN_POINT('Ctrl Pts',(254.107621657804,417.661387693316,36.));
#4707=CARTESIAN_POINT('Ctrl Pts',(254.714679957289,417.724726788058,36.));
#4708=CARTESIAN_POINT('',(252.129658991352,418.146802672858,35.2));
#4709=CARTESIAN_POINT('Origin',(248.875691620185,419.151677940265,35.2));
#4710=CARTESIAN_POINT('',(248.875691620185,419.151677940265,35.2));
#4711=CARTESIAN_POINT('',(252.129658991352,418.146802672858,35.2));
#4712=CARTESIAN_POINT('',(248.875691620185,419.151677940265,36.));
#4713=CARTESIAN_POINT('',(252.129658991352,418.146802672858,36.));
#4714=CARTESIAN_POINT('',(248.875691620185,419.151677940265,35.2));
#4715=CARTESIAN_POINT('Ctrl Pts',(246.674718795264,420.139490075277,35.2));
#4716=CARTESIAN_POINT('Ctrl Pts',(246.674718795264,420.139490075277,36.));
#4717=CARTESIAN_POINT('Ctrl Pts',(247.169580771829,419.781245251444,35.2));
#4718=CARTESIAN_POINT('Ctrl Pts',(247.169580771829,419.781245251444,36.));
#4719=CARTESIAN_POINT('Ctrl Pts',(247.90324564546,419.45197038816,35.2));
#4720=CARTESIAN_POINT('Ctrl Pts',(247.90324564546,419.45197038816,36.));
#4721=CARTESIAN_POINT('Ctrl Pts',(248.875691620185,419.151677940265,35.2));
#4722=CARTESIAN_POINT('Ctrl Pts',(248.875691620185,419.151677940265,36.));
#4723=CARTESIAN_POINT('',(246.674718795264,420.139490075277,35.2));
#4724=CARTESIAN_POINT('Ctrl Pts',(248.875691620185,419.151677940265,35.2));
#4725=CARTESIAN_POINT('Ctrl Pts',(247.90324564546,419.45197038816,35.2));
#4726=CARTESIAN_POINT('Ctrl Pts',(247.169580771829,419.781245251444,35.2));
#4727=CARTESIAN_POINT('Ctrl Pts',(246.674718795264,420.139490075277,35.2));
#4728=CARTESIAN_POINT('',(246.674718795264,420.139490075277,36.));
#4729=CARTESIAN_POINT('Ctrl Pts',(246.674718795264,420.139490075277,36.));
#4730=CARTESIAN_POINT('Ctrl Pts',(247.169580771829,419.781245251444,36.));
#4731=CARTESIAN_POINT('Ctrl Pts',(247.90324564546,419.45197038816,36.));
#4732=CARTESIAN_POINT('Ctrl Pts',(248.875691620185,419.151677940265,36.));
#4733=CARTESIAN_POINT('',(246.674718795264,420.139490075277,35.2));
#4734=CARTESIAN_POINT('Ctrl Pts',(245.34985063495,421.862941176244,35.2));
#4735=CARTESIAN_POINT('Ctrl Pts',(245.34985063495,421.862941176244,36.));
#4736=CARTESIAN_POINT('Ctrl Pts',(245.738248629242,421.072251812342,35.2));
#4737=CARTESIAN_POINT('Ctrl Pts',(245.738248629242,421.072251812342,36.));
#4738=CARTESIAN_POINT('Ctrl Pts',(246.179894183222,420.497778491054,35.2));
#4739=CARTESIAN_POINT('Ctrl Pts',(246.179894183222,420.497778491054,36.));
#4740=CARTESIAN_POINT('Ctrl Pts',(246.674718795264,420.139490075277,35.2));
#4741=CARTESIAN_POINT('Ctrl Pts',(246.674718795264,420.139490075277,36.));
#4742=CARTESIAN_POINT('',(245.34985063495,421.862941176244,35.2));
#4743=CARTESIAN_POINT('Ctrl Pts',(246.674718795264,420.139490075277,35.2));
#4744=CARTESIAN_POINT('Ctrl Pts',(246.179894183222,420.497778491054,35.2));
#4745=CARTESIAN_POINT('Ctrl Pts',(245.738248629242,421.072251812342,35.2));
#4746=CARTESIAN_POINT('Ctrl Pts',(245.34985063495,421.862941176244,35.2));
#4747=CARTESIAN_POINT('',(245.34985063495,421.862941176244,36.));
#4748=CARTESIAN_POINT('Ctrl Pts',(245.34985063495,421.862941176244,36.));
#4749=CARTESIAN_POINT('Ctrl Pts',(245.738248629242,421.072251812342,36.));
#4750=CARTESIAN_POINT('Ctrl Pts',(246.179894183222,420.497778491054,36.));
#4751=CARTESIAN_POINT('Ctrl Pts',(246.674718795264,420.139490075277,36.));
#4752=CARTESIAN_POINT('',(245.34985063495,421.862941176244,35.2));
#4753=CARTESIAN_POINT('Ctrl Pts',(244.767256757223,424.490215190831,35.2));
#4754=CARTESIAN_POINT('Ctrl Pts',(244.767256757223,424.490215190831,36.));
#4755=CARTESIAN_POINT('Ctrl Pts',(244.767256757223,423.529417606305,35.2));
#4756=CARTESIAN_POINT('Ctrl Pts',(244.767256757223,423.529417606305,36.));
#4757=CARTESIAN_POINT('Ctrl Pts',(244.961452640659,422.653636767567,35.2));
#4758=CARTESIAN_POINT('Ctrl Pts',(244.961452640659,422.653636767567,36.));
#4759=CARTESIAN_POINT('Ctrl Pts',(245.34985063495,421.862941176244,35.2));
#4760=CARTESIAN_POINT('Ctrl Pts',(245.34985063495,421.862941176244,36.));
#4761=CARTESIAN_POINT('',(244.767256757223,424.490215190831,35.2));
#4762=CARTESIAN_POINT('Ctrl Pts',(245.34985063495,421.862941176244,35.2));
#4763=CARTESIAN_POINT('Ctrl Pts',(244.961452640659,422.653636767567,35.2));
#4764=CARTESIAN_POINT('Ctrl Pts',(244.767256757223,423.529417606305,35.2));
#4765=CARTESIAN_POINT('Ctrl Pts',(244.767256757223,424.490215190831,35.2));
#4766=CARTESIAN_POINT('',(244.767256757223,424.490215190831,36.));
#4767=CARTESIAN_POINT('Ctrl Pts',(244.767256757223,424.490215190831,36.));
#4768=CARTESIAN_POINT('Ctrl Pts',(244.767256757223,423.529417606305,36.));
#4769=CARTESIAN_POINT('Ctrl Pts',(244.961452640659,422.653636767567,36.));
#4770=CARTESIAN_POINT('Ctrl Pts',(245.34985063495,421.862941176244,36.));
#4771=CARTESIAN_POINT('',(244.767256757223,424.490215190831,35.2));
#4772=CARTESIAN_POINT('Ctrl Pts',(245.345531918777,426.759001512182,35.2));
#4773=CARTESIAN_POINT('Ctrl Pts',(245.345531918777,426.759001512182,36.));
#4774=CARTESIAN_POINT('Ctrl Pts',(244.960004765373,426.201261269999,35.2));
#4775=CARTESIAN_POINT('Ctrl Pts',(244.960004765373,426.201261269999,36.));
#4776=CARTESIAN_POINT('Ctrl Pts',(244.767256757223,425.444972177392,35.2));
#4777=CARTESIAN_POINT('Ctrl Pts',(244.767256757223,425.444972177392,36.));
#4778=CARTESIAN_POINT('Ctrl Pts',(244.767256757223,424.490215190831,35.2));
#4779=CARTESIAN_POINT('Ctrl Pts',(244.767256757223,424.490215190831,36.));
#4780=CARTESIAN_POINT('',(245.345531918777,426.759001512182,35.2));
#4781=CARTESIAN_POINT('Ctrl Pts',(244.767256757223,424.490215190831,35.2));
#4782=CARTESIAN_POINT('Ctrl Pts',(244.767256757223,425.444972177392,35.2));
#4783=CARTESIAN_POINT('Ctrl Pts',(244.960004765373,426.201261269999,35.2));
#4784=CARTESIAN_POINT('Ctrl Pts',(245.345531918777,426.759001512182,35.2));
#4785=CARTESIAN_POINT('',(245.345531918777,426.759001512182,36.));
#4786=CARTESIAN_POINT('Ctrl Pts',(245.345531918777,426.759001512182,36.));
#4787=CARTESIAN_POINT('Ctrl Pts',(244.960004765373,426.201261269999,36.));
#4788=CARTESIAN_POINT('Ctrl Pts',(244.767256757223,425.444972177392,36.));
#4789=CARTESIAN_POINT('Ctrl Pts',(244.767256757223,424.490215190831,36.));
#4790=CARTESIAN_POINT('',(245.345531918777,426.759001512182,35.2));
#4791=CARTESIAN_POINT('Ctrl Pts',(246.804193096589,427.659106655714,35.2));
#4792=CARTESIAN_POINT('Ctrl Pts',(246.804193096589,427.659106655714,36.));
#4793=CARTESIAN_POINT('Ctrl Pts',(246.217277388977,427.616785105438,35.2));
#4794=CARTESIAN_POINT('Ctrl Pts',(246.217277388977,427.616785105438,36.));
#4795=CARTESIAN_POINT('Ctrl Pts',(245.73105907218,427.316735526946,35.2));
#4796=CARTESIAN_POINT('Ctrl Pts',(245.73105907218,427.316735526946,36.));
#4797=CARTESIAN_POINT('Ctrl Pts',(245.345531918777,426.759001512182,35.2));
#4798=CARTESIAN_POINT('Ctrl Pts',(245.345531918777,426.759001512182,36.));
#4799=CARTESIAN_POINT('Ctrl Pts',(245.345531918777,426.759001512182,35.2));
#4800=CARTESIAN_POINT('Ctrl Pts',(245.73105907218,427.316735526946,35.2));
#4801=CARTESIAN_POINT('Ctrl Pts',(246.217277388977,427.616785105438,35.2));
#4802=CARTESIAN_POINT('Ctrl Pts',(246.804193096589,427.659106655714,35.2));
#4803=CARTESIAN_POINT('Ctrl Pts',(246.804193096589,427.659106655714,36.));
#4804=CARTESIAN_POINT('Ctrl Pts',(246.217277388977,427.616785105438,36.));
#4805=CARTESIAN_POINT('Ctrl Pts',(245.73105907218,427.316735526946,36.));
#4806=CARTESIAN_POINT('Ctrl Pts',(245.345531918777,426.759001512182,36.));
#4807=CARTESIAN_POINT('Origin',(250.701194575944,422.681429745626,36.));
#4808=CARTESIAN_POINT('Origin',(250.701194575944,422.681429745626,35.2));
#4809=CARTESIAN_POINT('Origin',(249.497125920084,394.971413384225,35.2));
#4810=CARTESIAN_POINT('',(249.497122806374,390.15828360818,35.2));
#4811=CARTESIAN_POINT('',(249.497125920084,394.971413384225,35.2));
#4812=CARTESIAN_POINT('',(249.497122806374,390.15828360818,35.2));
#4813=CARTESIAN_POINT('',(249.497122806374,390.15828360818,36.));
#4814=CARTESIAN_POINT('',(249.497122806374,390.15828360818,35.2));
#4815=CARTESIAN_POINT('',(249.497125920084,394.971413384225,36.));
#4816=CARTESIAN_POINT('',(249.497122806374,390.15828360818,36.));
#4817=CARTESIAN_POINT('',(249.497125920084,394.971413384225,35.2));
#4818=CARTESIAN_POINT('Origin',(251.905188502756,394.227778410242,35.2));
#4819=CARTESIAN_POINT('',(251.905188502756,394.227778410242,35.2));
#4820=CARTESIAN_POINT('',(249.497125920084,394.971413384225,35.2));
#4821=CARTESIAN_POINT('',(251.905188502756,394.227778410242,36.));
#4822=CARTESIAN_POINT('',(249.497125920084,394.971413384225,36.));
#4823=CARTESIAN_POINT('',(251.905188502756,394.227778410242,35.2));
#4824=CARTESIAN_POINT('Origin',(251.905188502756,389.414648634197,35.2));
#4825=CARTESIAN_POINT('',(251.905188502756,389.414648634197,35.2));
#4826=CARTESIAN_POINT('',(251.905188502756,394.227778410242,35.2));
#4827=CARTESIAN_POINT('',(251.905188502756,389.414648634197,36.));
#4828=CARTESIAN_POINT('',(251.905188502756,394.227778410242,36.));
#4829=CARTESIAN_POINT('',(251.905188502756,389.414648634197,35.2));
#4830=CARTESIAN_POINT('Origin',(249.497122806374,390.15828360818,35.2));
#4831=CARTESIAN_POINT('',(251.905188502756,389.414648634197,35.2));
#4832=CARTESIAN_POINT('',(251.905188502756,389.414648634197,36.));
#4833=CARTESIAN_POINT('Origin',(250.701155654565,392.193031009211,36.));
#4834=CARTESIAN_POINT('Origin',(250.701155654565,392.193031009211,35.2));
#4835=CARTESIAN_POINT('Origin',(254.03708366487,358.758396003409,35.2));
#4836=CARTESIAN_POINT('',(254.03708366487,358.758396003409,35.2));
#4837=CARTESIAN_POINT('',(244.844928260435,361.597000649163,35.2));
#4838=CARTESIAN_POINT('',(244.844928260435,361.597000649163,35.2));
#4839=CARTESIAN_POINT('',(244.844928260435,361.597000649163,36.));
#4840=CARTESIAN_POINT('',(244.844928260435,361.597000649163,35.2));
#4841=CARTESIAN_POINT('',(254.03708366487,358.758396003409,36.));
#4842=CARTESIAN_POINT('',(244.844928260435,361.597000649163,36.));
#4843=CARTESIAN_POINT('',(254.03708366487,358.758396003409,35.2));
#4844=CARTESIAN_POINT('Ctrl Pts',(253.722044685036,359.870879541621,35.2));
#4845=CARTESIAN_POINT('Ctrl Pts',(253.722044685036,359.870879541621,36.));
#4846=CARTESIAN_POINT('Ctrl Pts',(253.932070671592,359.679120136489,35.2));
#4847=CARTESIAN_POINT('Ctrl Pts',(253.932070671592,359.679120136489,36.));
#4848=CARTESIAN_POINT('Ctrl Pts',(254.03708366487,359.308294366225,35.2));
#4849=CARTESIAN_POINT('Ctrl Pts',(254.03708366487,359.308294366225,36.));
#4850=CARTESIAN_POINT('Ctrl Pts',(254.03708366487,358.758396003409,35.2));
#4851=CARTESIAN_POINT('Ctrl Pts',(254.03708366487,358.758396003409,36.));
#4852=CARTESIAN_POINT('',(253.722044685036,359.870879541621,35.2));
#4853=CARTESIAN_POINT('Ctrl Pts',(253.722044685036,359.870879541621,35.2));
#4854=CARTESIAN_POINT('Ctrl Pts',(253.932070671592,359.679120136489,35.2));
#4855=CARTESIAN_POINT('Ctrl Pts',(254.03708366487,359.308294366225,35.2));
#4856=CARTESIAN_POINT('Ctrl Pts',(254.03708366487,358.758396003409,35.2));
#4857=CARTESIAN_POINT('',(253.722044685036,359.870879541621,36.));
#4858=CARTESIAN_POINT('Ctrl Pts',(253.722044685036,359.870879541621,36.));
#4859=CARTESIAN_POINT('Ctrl Pts',(253.932070671592,359.679120136489,36.));
#4860=CARTESIAN_POINT('Ctrl Pts',(254.03708366487,359.308294366225,36.));
#4861=CARTESIAN_POINT('Ctrl Pts',(254.03708366487,358.758396003409,36.));
#4862=CARTESIAN_POINT('',(253.722044685036,359.870879541621,35.2));
#4863=CARTESIAN_POINT('Ctrl Pts',(252.008781644141,360.590300747526,35.2));
#4864=CARTESIAN_POINT('Ctrl Pts',(252.008781644141,360.590300747526,36.));
#4865=CARTESIAN_POINT('Ctrl Pts',(252.940929980279,360.302441344824,35.2));
#4866=CARTESIAN_POINT('Ctrl Pts',(252.940929980279,360.302441344824,36.));
#4867=CARTESIAN_POINT('Ctrl Pts',(253.512018698481,360.062634276189,35.2));
#4868=CARTESIAN_POINT('Ctrl Pts',(253.512018698481,360.062634276189,36.));
#4869=CARTESIAN_POINT('Ctrl Pts',(253.722044685036,359.870879541621,35.2));
#4870=CARTESIAN_POINT('Ctrl Pts',(253.722044685036,359.870879541621,36.));
#4871=CARTESIAN_POINT('',(252.008781644141,360.590300747526,35.2));
#4872=CARTESIAN_POINT('Ctrl Pts',(252.008781644141,360.590300747526,35.2));
#4873=CARTESIAN_POINT('Ctrl Pts',(252.940929980279,360.302441344824,35.2));
#4874=CARTESIAN_POINT('Ctrl Pts',(253.512018698481,360.062634276189,35.2));
#4875=CARTESIAN_POINT('Ctrl Pts',(253.722044685036,359.870879541621,35.2));
#4876=CARTESIAN_POINT('',(252.008781644141,360.590300747526,36.));
#4877=CARTESIAN_POINT('Ctrl Pts',(252.008781644141,360.590300747526,36.));
#4878=CARTESIAN_POINT('Ctrl Pts',(252.940929980279,360.302441344824,36.));
#4879=CARTESIAN_POINT('Ctrl Pts',(253.512018698481,360.062634276189,36.));
#4880=CARTESIAN_POINT('Ctrl Pts',(253.722044685036,359.870879541621,36.));
#4881=CARTESIAN_POINT('',(252.008781644141,360.590300747526,35.2));
#4882=CARTESIAN_POINT('Origin',(246.579791109619,362.266815779565,35.2));
#4883=CARTESIAN_POINT('',(246.579791109619,362.266815779565,35.2));
#4884=CARTESIAN_POINT('',(252.008781644141,360.590300747526,35.2));
#4885=CARTESIAN_POINT('',(246.579791109619,362.266815779565,36.));
#4886=CARTESIAN_POINT('',(252.008781644141,360.590300747526,36.));
#4887=CARTESIAN_POINT('',(246.579791109619,362.266815779565,35.2));
#4888=CARTESIAN_POINT('Ctrl Pts',(245.362800556051,362.579180082258,35.2));
#4889=CARTESIAN_POINT('Ctrl Pts',(245.362800556051,362.579180082258,36.));
#4890=CARTESIAN_POINT('Ctrl Pts',(245.541172563787,362.566395187803,35.2));
#4891=CARTESIAN_POINT('Ctrl Pts',(245.541172563787,362.566395187803,36.));
#4892=CARTESIAN_POINT('Ctrl Pts',(245.946811171961,362.462272715669,35.2));
#4893=CARTESIAN_POINT('Ctrl Pts',(245.946811171961,362.462272715669,36.));
#4894=CARTESIAN_POINT('Ctrl Pts',(246.579791109619,362.266815779565,35.2));
#4895=CARTESIAN_POINT('Ctrl Pts',(246.579791109619,362.266815779565,36.));
#4896=CARTESIAN_POINT('',(245.362800556051,362.579180082258,35.2));
#4897=CARTESIAN_POINT('Ctrl Pts',(245.362800556051,362.579180082258,35.2));
#4898=CARTESIAN_POINT('Ctrl Pts',(245.541172563787,362.566395187803,35.2));
#4899=CARTESIAN_POINT('Ctrl Pts',(245.946811171961,362.462272715669,35.2));
#4900=CARTESIAN_POINT('Ctrl Pts',(246.579791109619,362.266815779565,35.2));
#4901=CARTESIAN_POINT('',(245.362800556051,362.579180082258,36.));
#4902=CARTESIAN_POINT('Ctrl Pts',(245.362800556051,362.579180082258,36.));
#4903=CARTESIAN_POINT('Ctrl Pts',(245.541172563787,362.566395187803,36.));
#4904=CARTESIAN_POINT('Ctrl Pts',(245.946811171961,362.462272715669,36.));
#4905=CARTESIAN_POINT('Ctrl Pts',(246.579791109619,362.266815779565,36.));
#4906=CARTESIAN_POINT('',(245.362800556051,362.579180082258,35.2));
#4907=CARTESIAN_POINT('Ctrl Pts',(244.970049594772,362.410395188509,35.2));
#4908=CARTESIAN_POINT('Ctrl Pts',(244.970049594772,362.410395188509,36.));
#4909=CARTESIAN_POINT('Ctrl Pts',(245.053497030574,362.535700231753,35.2));
#4910=CARTESIAN_POINT('Ctrl Pts',(245.053497030574,362.535700231753,36.));
#4911=CARTESIAN_POINT('Ctrl Pts',(245.184394297502,362.591964976714,35.2));
#4912=CARTESIAN_POINT('Ctrl Pts',(245.184394297502,362.591964976714,36.));
#4913=CARTESIAN_POINT('Ctrl Pts',(245.362800556051,362.579180082258,35.2));
#4914=CARTESIAN_POINT('Ctrl Pts',(245.362800556051,362.579180082258,36.));
#4915=CARTESIAN_POINT('',(244.970049594772,362.410395188509,35.2));
#4916=CARTESIAN_POINT('Ctrl Pts',(244.970049594772,362.410395188509,35.2));
#4917=CARTESIAN_POINT('Ctrl Pts',(245.053497030574,362.535700231753,35.2));
#4918=CARTESIAN_POINT('Ctrl Pts',(245.184394297502,362.591964976714,35.2));
#4919=CARTESIAN_POINT('Ctrl Pts',(245.362800556051,362.579180082258,35.2));
#4920=CARTESIAN_POINT('',(244.970049594772,362.410395188509,36.));
#4921=CARTESIAN_POINT('Ctrl Pts',(244.970049594772,362.410395188509,36.));
#4922=CARTESIAN_POINT('Ctrl Pts',(245.053497030574,362.535700231753,36.));
#4923=CARTESIAN_POINT('Ctrl Pts',(245.184394297502,362.591964976714,36.));
#4924=CARTESIAN_POINT('Ctrl Pts',(245.362800556051,362.579180082258,36.));
#4925=CARTESIAN_POINT('',(244.970049594772,362.410395188509,35.2));
#4926=CARTESIAN_POINT('Ctrl Pts',(244.844928260435,361.597000649163,35.2));
#4927=CARTESIAN_POINT('Ctrl Pts',(244.844928260435,361.597000649163,36.));
#4928=CARTESIAN_POINT('Ctrl Pts',(244.844928260435,362.013960707955,35.2));
#4929=CARTESIAN_POINT('Ctrl Pts',(244.844928260435,362.013960707955,36.));
#4930=CARTESIAN_POINT('Ctrl Pts',(244.886633296074,362.285090145264,35.2));
#4931=CARTESIAN_POINT('Ctrl Pts',(244.886633296074,362.285090145264,36.));
#4932=CARTESIAN_POINT('Ctrl Pts',(244.970049594772,362.410395188509,35.2));
#4933=CARTESIAN_POINT('Ctrl Pts',(244.970049594772,362.410395188509,36.));
#4934=CARTESIAN_POINT('Ctrl Pts',(244.844928260435,361.597000649163,35.2));
#4935=CARTESIAN_POINT('Ctrl Pts',(244.844928260435,362.013960707955,35.2));
#4936=CARTESIAN_POINT('Ctrl Pts',(244.886633296074,362.285090145264,35.2));
#4937=CARTESIAN_POINT('Ctrl Pts',(244.970049594772,362.410395188509,35.2));
#4938=CARTESIAN_POINT('Ctrl Pts',(244.844928260435,361.597000649163,36.));
#4939=CARTESIAN_POINT('Ctrl Pts',(244.844928260435,362.013960707955,36.));
#4940=CARTESIAN_POINT('Ctrl Pts',(244.886633296074,362.285090145264,36.));
#4941=CARTESIAN_POINT('Ctrl Pts',(244.970049594772,362.410395188509,36.));
#4942=CARTESIAN_POINT('Origin',(242.454072040831,358.519250598211,35.2));
#4943=CARTESIAN_POINT('',(256.427933657053,354.204035791672,35.2));
#4944=CARTESIAN_POINT('',(242.454072040831,358.519250598211,35.2));
#4945=CARTESIAN_POINT('',(256.427933657053,354.204035791672,35.2));
#4946=CARTESIAN_POINT('',(256.427933657053,354.204035791672,36.));
#4947=CARTESIAN_POINT('',(256.427933657053,354.204035791672,35.2));
#4948=CARTESIAN_POINT('',(242.454072040831,358.519250598211,36.));
#4949=CARTESIAN_POINT('',(256.427933657053,354.204035791672,36.));
#4950=CARTESIAN_POINT('',(242.454072040831,358.519250598211,35.2));
#4951=CARTESIAN_POINT('Origin',(242.454072040831,361.374494911761,35.2));
#4952=CARTESIAN_POINT('',(242.454072040831,361.374494911761,35.2));
#4953=CARTESIAN_POINT('',(242.454072040831,358.519250598211,35.2));
#4954=CARTESIAN_POINT('',(242.454072040831,361.374494911761,36.));
#4955=CARTESIAN_POINT('',(242.454072040831,358.519250598211,36.));
#4956=CARTESIAN_POINT('',(242.454072040831,361.374494911761,35.2));
#4957=CARTESIAN_POINT('Ctrl Pts',(242.695748892495,365.038874208978,35.2));
#4958=CARTESIAN_POINT('Ctrl Pts',(242.695748892495,365.038874208978,36.));
#4959=CARTESIAN_POINT('Ctrl Pts',(242.534617498641,364.439021035107,35.2));
#4960=CARTESIAN_POINT('Ctrl Pts',(242.534617498641,364.439021035107,36.));
#4961=CARTESIAN_POINT('Ctrl Pts',(242.454072040831,363.217562307271,35.2));
#4962=CARTESIAN_POINT('Ctrl Pts',(242.454072040831,363.217562307271,36.));
#4963=CARTESIAN_POINT('Ctrl Pts',(242.454072040831,361.374494911761,35.2));
#4964=CARTESIAN_POINT('Ctrl Pts',(242.454072040831,361.374494911761,36.));
#4965=CARTESIAN_POINT('',(242.695748892495,365.038874208978,35.2));
#4966=CARTESIAN_POINT('Ctrl Pts',(242.454072040831,361.374494911761,35.2));
#4967=CARTESIAN_POINT('Ctrl Pts',(242.454072040831,363.217562307271,35.2));
#4968=CARTESIAN_POINT('Ctrl Pts',(242.534617498641,364.439021035107,35.2));
#4969=CARTESIAN_POINT('Ctrl Pts',(242.695748892495,365.038874208978,35.2));
#4970=CARTESIAN_POINT('',(242.695748892495,365.038874208978,36.));
#4971=CARTESIAN_POINT('Ctrl Pts',(242.695748892495,365.038874208978,36.));
#4972=CARTESIAN_POINT('Ctrl Pts',(242.534617498641,364.439021035107,36.));
#4973=CARTESIAN_POINT('Ctrl Pts',(242.454072040831,363.217562307271,36.));
#4974=CARTESIAN_POINT('Ctrl Pts',(242.454072040831,361.374494911761,36.));
#4975=CARTESIAN_POINT('',(242.695748892495,365.038874208978,35.2));
#4976=CARTESIAN_POINT('Ctrl Pts',(243.489822859484,366.275667959997,35.2));
#4977=CARTESIAN_POINT('Ctrl Pts',(243.489822859484,366.275667959997,36.));
#4978=CARTESIAN_POINT('Ctrl Pts',(243.121570570776,366.050985739101,35.2));
#4979=CARTESIAN_POINT('Ctrl Pts',(243.121570570776,366.050985739101,36.));
#4980=CARTESIAN_POINT('Ctrl Pts',(242.85688028635,365.638724269139,35.2));
#4981=CARTESIAN_POINT('Ctrl Pts',(242.85688028635,365.638724269139,36.));
#4982=CARTESIAN_POINT('Ctrl Pts',(242.695748892495,365.038874208978,35.2));
#4983=CARTESIAN_POINT('Ctrl Pts',(242.695748892495,365.038874208978,36.));
#4984=CARTESIAN_POINT('',(243.489822859484,366.275667959997,35.2));
#4985=CARTESIAN_POINT('Ctrl Pts',(242.695748892495,365.038874208978,35.2));
#4986=CARTESIAN_POINT('Ctrl Pts',(242.85688028635,365.638724269139,35.2));
#4987=CARTESIAN_POINT('Ctrl Pts',(243.121570570776,366.050985739101,35.2));
#4988=CARTESIAN_POINT('Ctrl Pts',(243.489822859484,366.275667959997,35.2));
#4989=CARTESIAN_POINT('',(243.489822859484,366.275667959997,36.));
#4990=CARTESIAN_POINT('Ctrl Pts',(243.489822859484,366.275667959997,36.));
#4991=CARTESIAN_POINT('Ctrl Pts',(243.121570570776,366.050985739101,36.));
#4992=CARTESIAN_POINT('Ctrl Pts',(242.85688028635,365.638724269139,36.));
#4993=CARTESIAN_POINT('Ctrl Pts',(242.695748892495,365.038874208978,36.));
#4994=CARTESIAN_POINT('',(243.489822859484,366.275667959997,35.2));
#4995=CARTESIAN_POINT('Ctrl Pts',(244.719769561573,366.530353893258,35.2));
#4996=CARTESIAN_POINT('Ctrl Pts',(244.719769561573,366.530353893258,36.));
#4997=CARTESIAN_POINT('Ctrl Pts',(244.268069837063,366.58524237827,35.2));
#4998=CARTESIAN_POINT('Ctrl Pts',(244.268069837063,366.58524237827,36.));
#4999=CARTESIAN_POINT('Ctrl Pts',(243.858075148193,366.500347067183,35.2));
#5000=CARTESIAN_POINT('Ctrl Pts',(243.858075148193,366.500347067183,36.));
#5001=CARTESIAN_POINT('Ctrl Pts',(243.489822859484,366.275667959997,35.2));
#5002=CARTESIAN_POINT('Ctrl Pts',(243.489822859484,366.275667959997,36.));
#5003=CARTESIAN_POINT('',(244.719769561573,366.530353893258,35.2));
#5004=CARTESIAN_POINT('Ctrl Pts',(243.489822859484,366.275667959997,35.2));
#5005=CARTESIAN_POINT('Ctrl Pts',(243.858075148193,366.500347067183,35.2));
#5006=CARTESIAN_POINT('Ctrl Pts',(244.268069837063,366.58524237827,35.2));
#5007=CARTESIAN_POINT('Ctrl Pts',(244.719769561573,366.530353893258,35.2));
#5008=CARTESIAN_POINT('',(244.719769561573,366.530353893258,36.));
#5009=CARTESIAN_POINT('Ctrl Pts',(244.719769561573,366.530353893258,36.));
#5010=CARTESIAN_POINT('Ctrl Pts',(244.268069837063,366.58524237827,36.));
#5011=CARTESIAN_POINT('Ctrl Pts',(243.858075148193,366.500347067183,36.));
#5012=CARTESIAN_POINT('Ctrl Pts',(243.489822859484,366.275667959997,36.));
#5013=CARTESIAN_POINT('',(244.719769561573,366.530353893258,35.2));
#5014=CARTESIAN_POINT('Ctrl Pts',(247.382465144432,365.834990769918,35.2));
#5015=CARTESIAN_POINT('Ctrl Pts',(247.382465144432,365.834990769918,36.));
#5016=CARTESIAN_POINT('Ctrl Pts',(246.059044859404,366.243677700466,35.2));
#5017=CARTESIAN_POINT('Ctrl Pts',(246.059044859404,366.243677700466,36.));
#5018=CARTESIAN_POINT('Ctrl Pts',(245.171469286083,366.475468521957,35.2));
#5019=CARTESIAN_POINT('Ctrl Pts',(245.171469286083,366.475468521957,36.));
#5020=CARTESIAN_POINT('Ctrl Pts',(244.719769561573,366.530353893258,35.2));
#5021=CARTESIAN_POINT('Ctrl Pts',(244.719769561573,366.530353893258,36.));
#5022=CARTESIAN_POINT('',(247.382465144432,365.834990769918,35.2));
#5023=CARTESIAN_POINT('Ctrl Pts',(244.719769561573,366.530353893258,35.2));
#5024=CARTESIAN_POINT('Ctrl Pts',(245.171469286083,366.475468521957,35.2));
#5025=CARTESIAN_POINT('Ctrl Pts',(246.059044859404,366.243677700466,35.2));
#5026=CARTESIAN_POINT('Ctrl Pts',(247.382465144432,365.834990769918,35.2));
#5027=CARTESIAN_POINT('',(247.382465144432,365.834990769918,36.));
#5028=CARTESIAN_POINT('Ctrl Pts',(247.382465144432,365.834990769918,36.));
#5029=CARTESIAN_POINT('Ctrl Pts',(246.059044859404,366.243677700466,36.));
#5030=CARTESIAN_POINT('Ctrl Pts',(245.171469286083,366.475468521957,36.));
#5031=CARTESIAN_POINT('Ctrl Pts',(244.719769561573,366.530353893258,36.));
#5032=CARTESIAN_POINT('',(247.382465144432,365.834990769918,35.2));
#5033=CARTESIAN_POINT('Origin',(252.276373906559,364.323732797869,35.2));
#5034=CARTESIAN_POINT('',(252.276373906559,364.323732797869,35.2));
#5035=CARTESIAN_POINT('',(247.382465144432,365.834990769918,35.2));
#5036=CARTESIAN_POINT('',(252.276373906559,364.323732797869,36.));
#5037=CARTESIAN_POINT('',(247.382465144432,365.834990769918,36.));
#5038=CARTESIAN_POINT('',(252.276373906559,364.323732797869,35.2));
#5039=CARTESIAN_POINT('Ctrl Pts',(254.79234834679,363.360964234728,35.2));
#5040=CARTESIAN_POINT('Ctrl Pts',(254.79234834679,363.360964234728,36.));
#5041=CARTESIAN_POINT('Ctrl Pts',(254.369397509398,363.61544466311,35.2));
#5042=CARTESIAN_POINT('Ctrl Pts',(254.369397509398,363.61544466311,36.));
#5043=CARTESIAN_POINT('Ctrl Pts',(253.530781916695,363.936368555393,35.2));
#5044=CARTESIAN_POINT('Ctrl Pts',(253.530781916695,363.936368555393,36.));
#5045=CARTESIAN_POINT('Ctrl Pts',(252.276373906559,364.323732797869,35.2));
#5046=CARTESIAN_POINT('Ctrl Pts',(252.276373906559,364.323732797869,36.));
#5047=CARTESIAN_POINT('',(254.79234834679,363.360964234728,35.2));
#5048=CARTESIAN_POINT('Ctrl Pts',(252.276373906559,364.323732797869,35.2));
#5049=CARTESIAN_POINT('Ctrl Pts',(253.530781916695,363.936368555393,35.2));
#5050=CARTESIAN_POINT('Ctrl Pts',(254.369397509398,363.61544466311,35.2));
#5051=CARTESIAN_POINT('Ctrl Pts',(254.79234834679,363.360964234728,35.2));
#5052=CARTESIAN_POINT('',(254.79234834679,363.360964234728,36.));
#5053=CARTESIAN_POINT('Ctrl Pts',(254.79234834679,363.360964234728,36.));
#5054=CARTESIAN_POINT('Ctrl Pts',(254.369397509398,363.61544466311,36.));
#5055=CARTESIAN_POINT('Ctrl Pts',(253.530781916695,363.936368555393,36.));
#5056=CARTESIAN_POINT('Ctrl Pts',(252.276373906559,364.323732797869,36.));
#5057=CARTESIAN_POINT('',(254.79234834679,363.360964234728,35.2));
#5058=CARTESIAN_POINT('Ctrl Pts',(255.784899548865,362.40635047884,35.2));
#5059=CARTESIAN_POINT('Ctrl Pts',(255.784899548865,362.40635047884,36.));
#5060=CARTESIAN_POINT('Ctrl Pts',(255.546124675192,362.788278183147,35.2));
#5061=CARTESIAN_POINT('Ctrl Pts',(255.546124675192,362.788278183147,36.));
#5062=CARTESIAN_POINT('Ctrl Pts',(255.215299184182,363.106483806347,35.2));
#5063=CARTESIAN_POINT('Ctrl Pts',(255.215299184182,363.106483806347,36.));
#5064=CARTESIAN_POINT('Ctrl Pts',(254.79234834679,363.360964234728,35.2));
#5065=CARTESIAN_POINT('Ctrl Pts',(254.79234834679,363.360964234728,36.));
#5066=CARTESIAN_POINT('',(255.784899548865,362.40635047884,35.2));
#5067=CARTESIAN_POINT('Ctrl Pts',(254.79234834679,363.360964234728,35.2));
#5068=CARTESIAN_POINT('Ctrl Pts',(255.215299184182,363.106483806347,35.2));
#5069=CARTESIAN_POINT('Ctrl Pts',(255.546124675192,362.788278183147,35.2));
#5070=CARTESIAN_POINT('Ctrl Pts',(255.784899548865,362.40635047884,35.2));
#5071=CARTESIAN_POINT('',(255.784899548865,362.40635047884,36.));
#5072=CARTESIAN_POINT('Ctrl Pts',(255.784899548865,362.40635047884,36.));
#5073=CARTESIAN_POINT('Ctrl Pts',(255.546124675192,362.788278183147,36.));
#5074=CARTESIAN_POINT('Ctrl Pts',(255.215299184182,363.106483806347,36.));
#5075=CARTESIAN_POINT('Ctrl Pts',(254.79234834679,363.360964234728,36.));
#5076=CARTESIAN_POINT('',(255.784899548865,362.40635047884,35.2));
#5077=CARTESIAN_POINT('Ctrl Pts',(256.28553434431,361.109662953517,35.2));
#5078=CARTESIAN_POINT('Ctrl Pts',(256.28553434431,361.109662953517,36.));
#5079=CARTESIAN_POINT('Ctrl Pts',(256.190581748983,361.592193080474,35.2));
#5080=CARTESIAN_POINT('Ctrl Pts',(256.190581748983,361.592193080474,36.));
#5081=CARTESIAN_POINT('Ctrl Pts',(256.023746037875,362.024422774533,35.2));
#5082=CARTESIAN_POINT('Ctrl Pts',(256.023746037875,362.024422774533,36.));
#5083=CARTESIAN_POINT('Ctrl Pts',(255.784899548865,362.40635047884,35.2));
#5084=CARTESIAN_POINT('Ctrl Pts',(255.784899548865,362.40635047884,36.));
#5085=CARTESIAN_POINT('',(256.28553434431,361.109662953517,35.2));
#5086=CARTESIAN_POINT('Ctrl Pts',(255.784899548865,362.40635047884,35.2));
#5087=CARTESIAN_POINT('Ctrl Pts',(256.023746037875,362.024422774533,35.2));
#5088=CARTESIAN_POINT('Ctrl Pts',(256.190581748983,361.592193080474,35.2));
#5089=CARTESIAN_POINT('Ctrl Pts',(256.28553434431,361.109662953517,35.2));
#5090=CARTESIAN_POINT('',(256.28553434431,361.109662953517,36.));
#5091=CARTESIAN_POINT('Ctrl Pts',(256.28553434431,361.109662953517,36.));
#5092=CARTESIAN_POINT('Ctrl Pts',(256.190581748983,361.592193080474,36.));
#5093=CARTESIAN_POINT('Ctrl Pts',(256.023746037875,362.024422774533,36.));
#5094=CARTESIAN_POINT('Ctrl Pts',(255.784899548865,362.40635047884,36.));
#5095=CARTESIAN_POINT('',(256.28553434431,361.109662953517,35.2));
#5096=CARTESIAN_POINT('Ctrl Pts',(256.427933657053,359.017160897151,35.2));
#5097=CARTESIAN_POINT('Ctrl Pts',(256.427933657053,359.017160897151,36.));
#5098=CARTESIAN_POINT('Ctrl Pts',(256.427933657053,359.929632141104,35.2));
#5099=CARTESIAN_POINT('Ctrl Pts',(256.427933657053,359.929632141104,36.));
#5100=CARTESIAN_POINT('Ctrl Pts',(256.380490053347,360.627129712849,35.2));
#5101=CARTESIAN_POINT('Ctrl Pts',(256.380490053347,360.627129712849,36.));
#5102=CARTESIAN_POINT('Ctrl Pts',(256.28553434431,361.109662953517,35.2));
#5103=CARTESIAN_POINT('Ctrl Pts',(256.28553434431,361.109662953517,36.));
#5104=CARTESIAN_POINT('',(256.427933657053,359.017160897151,35.2));
#5105=CARTESIAN_POINT('Ctrl Pts',(256.28553434431,361.109662953517,35.2));
#5106=CARTESIAN_POINT('Ctrl Pts',(256.380490053347,360.627129712849,35.2));
#5107=CARTESIAN_POINT('Ctrl Pts',(256.427933657053,359.929632141104,35.2));
#5108=CARTESIAN_POINT('Ctrl Pts',(256.427933657053,359.017160897151,35.2));
#5109=CARTESIAN_POINT('',(256.427933657053,359.017160897151,36.));
#5110=CARTESIAN_POINT('Ctrl Pts',(256.427933657053,359.017160897151,36.));
#5111=CARTESIAN_POINT('Ctrl Pts',(256.427933657053,359.929632141104,36.));
#5112=CARTESIAN_POINT('Ctrl Pts',(256.380490053347,360.627129712849,36.));
#5113=CARTESIAN_POINT('Ctrl Pts',(256.28553434431,361.109662953517,36.));
#5114=CARTESIAN_POINT('',(256.427933657053,359.017160897151,35.2));
#5115=CARTESIAN_POINT('Origin',(256.427933657053,354.204035791672,35.2));
#5116=CARTESIAN_POINT('',(256.427933657053,359.017160897151,35.2));
#5117=CARTESIAN_POINT('',(256.427933657053,359.017160897151,36.));
#5118=CARTESIAN_POINT('Origin',(249.441002848942,360.394639084971,36.));
#5119=CARTESIAN_POINT('Origin',(249.441002848942,360.394639084971,35.2));
#5120=CARTESIAN_POINT('Ctrl Pts',(252.008781644141,384.194588060207,35.2));
#5121=CARTESIAN_POINT('Ctrl Pts',(252.008781644141,384.194588060207,36.));
#5122=CARTESIAN_POINT('Ctrl Pts',(251.732617337292,384.373548559189,35.2));
#5123=CARTESIAN_POINT('Ctrl Pts',(251.732617337292,384.373548559189,36.));
#5124=CARTESIAN_POINT('Ctrl Pts',(251.390249322234,384.819176548631,35.2));
#5125=CARTESIAN_POINT('Ctrl Pts',(251.390249322234,384.819176548631,36.));
#5126=CARTESIAN_POINT('Ctrl Pts',(250.981671371546,385.531509393058,35.2));
#5127=CARTESIAN_POINT('Ctrl Pts',(250.981671371546,385.531509393058,36.));
#5128=CARTESIAN_POINT('',(252.008781644141,384.194588060207,35.2));
#5129=CARTESIAN_POINT('',(250.981671371546,385.531509393058,35.2));
#5130=CARTESIAN_POINT('Ctrl Pts',(252.008781644141,384.194588060207,35.2));
#5131=CARTESIAN_POINT('Ctrl Pts',(251.732617337292,384.373548559189,35.2));
#5132=CARTESIAN_POINT('Ctrl Pts',(251.390249322234,384.819176548631,35.2));
#5133=CARTESIAN_POINT('Ctrl Pts',(250.981671371546,385.531509393058,35.2));
#5134=CARTESIAN_POINT('',(250.981671371546,385.531509393058,36.));
#5135=CARTESIAN_POINT('',(250.981671371546,385.531509393058,35.2));
#5136=CARTESIAN_POINT('',(252.008781644141,384.194588060207,36.));
#5137=CARTESIAN_POINT('Ctrl Pts',(252.008781644141,384.194588060207,36.));
#5138=CARTESIAN_POINT('Ctrl Pts',(251.732617337292,384.373548559189,36.));
#5139=CARTESIAN_POINT('Ctrl Pts',(251.390249322234,384.819176548631,36.));
#5140=CARTESIAN_POINT('Ctrl Pts',(250.981671371546,385.531509393058,36.));
#5141=CARTESIAN_POINT('',(252.008781644141,384.194588060207,35.2));
#5142=CARTESIAN_POINT('Ctrl Pts',(253.199887924059,383.686274855185,35.2));
#5143=CARTESIAN_POINT('Ctrl Pts',(253.199887924059,383.686274855185,36.));
#5144=CARTESIAN_POINT('Ctrl Pts',(252.682046765546,383.846176333474,35.2));
#5145=CARTESIAN_POINT('Ctrl Pts',(252.682046765546,383.846176333474,36.));
#5146=CARTESIAN_POINT('Ctrl Pts',(252.285011338906,384.015627561226,35.2));
#5147=CARTESIAN_POINT('Ctrl Pts',(252.285011338906,384.015627561226,36.));
#5148=CARTESIAN_POINT('Ctrl Pts',(252.008781644141,384.194588060207,35.2));
#5149=CARTESIAN_POINT('Ctrl Pts',(252.008781644141,384.194588060207,36.));
#5150=CARTESIAN_POINT('',(253.199887924059,383.686274855185,35.2));
#5151=CARTESIAN_POINT('Ctrl Pts',(253.199887924059,383.686274855185,35.2));
#5152=CARTESIAN_POINT('Ctrl Pts',(252.682046765546,383.846176333474,35.2));
#5153=CARTESIAN_POINT('Ctrl Pts',(252.285011338906,384.015627561226,35.2));
#5154=CARTESIAN_POINT('Ctrl Pts',(252.008781644141,384.194588060207,35.2));
#5155=CARTESIAN_POINT('',(253.199887924059,383.686274855185,36.));
#5156=CARTESIAN_POINT('Ctrl Pts',(253.199887924059,383.686274855185,36.));
#5157=CARTESIAN_POINT('Ctrl Pts',(252.682046765546,383.846176333474,36.));
#5158=CARTESIAN_POINT('Ctrl Pts',(252.285011338906,384.015627561226,36.));
#5159=CARTESIAN_POINT('Ctrl Pts',(252.008781644141,384.194588060207,36.));
#5160=CARTESIAN_POINT('',(253.199887924059,383.686274855185,35.2));
#5161=CARTESIAN_POINT('Ctrl Pts',(254.347872430156,383.454135298142,35.2));
#5162=CARTESIAN_POINT('Ctrl Pts',(254.347872430156,383.454135298142,36.));
#5163=CARTESIAN_POINT('Ctrl Pts',(254.175238990486,383.425853467567,35.2));
#5164=CARTESIAN_POINT('Ctrl Pts',(254.175238990486,383.425853467567,36.));
#5165=CARTESIAN_POINT('Ctrl Pts',(253.79257333684,383.503232282012,35.2));
#5166=CARTESIAN_POINT('Ctrl Pts',(253.79257333684,383.503232282012,36.));
#5167=CARTESIAN_POINT('Ctrl Pts',(253.199887924059,383.686274855185,35.2));
#5168=CARTESIAN_POINT('Ctrl Pts',(253.199887924059,383.686274855185,36.));
#5169=CARTESIAN_POINT('',(254.347872430156,383.454135298142,35.2));
#5170=CARTESIAN_POINT('Ctrl Pts',(254.347872430156,383.454135298142,35.2));
#5171=CARTESIAN_POINT('Ctrl Pts',(254.175238990486,383.425853467567,35.2));
#5172=CARTESIAN_POINT('Ctrl Pts',(253.79257333684,383.503232282012,35.2));
#5173=CARTESIAN_POINT('Ctrl Pts',(253.199887924059,383.686274855185,35.2));
#5174=CARTESIAN_POINT('',(254.347872430156,383.454135298142,36.));
#5175=CARTESIAN_POINT('Ctrl Pts',(254.347872430156,383.454135298142,36.));
#5176=CARTESIAN_POINT('Ctrl Pts',(254.175238990486,383.425853467567,36.));
#5177=CARTESIAN_POINT('Ctrl Pts',(253.79257333684,383.503232282012,36.));
#5178=CARTESIAN_POINT('Ctrl Pts',(253.199887924059,383.686274855185,36.));
#5179=CARTESIAN_POINT('',(254.347872430156,383.454135298142,35.2));
#5180=CARTESIAN_POINT('Ctrl Pts',(254.606758758599,383.859113799733,35.2));
#5181=CARTESIAN_POINT('Ctrl Pts',(254.606758758599,383.859113799733,36.));
#5182=CARTESIAN_POINT('Ctrl Pts',(254.606758758599,383.617384014994,35.2));
#5183=CARTESIAN_POINT('Ctrl Pts',(254.606758758599,383.617384014994,36.));
#5184=CARTESIAN_POINT('Ctrl Pts',(254.52044359562,383.482417128716,35.2));
#5185=CARTESIAN_POINT('Ctrl Pts',(254.52044359562,383.482417128716,36.));
#5186=CARTESIAN_POINT('Ctrl Pts',(254.347872430156,383.454135298142,35.2));
#5187=CARTESIAN_POINT('Ctrl Pts',(254.347872430156,383.454135298142,36.));
#5188=CARTESIAN_POINT('',(254.606758758599,383.859113799733,35.2));
#5189=CARTESIAN_POINT('Ctrl Pts',(254.606758758599,383.859113799733,35.2));
#5190=CARTESIAN_POINT('Ctrl Pts',(254.606758758599,383.617384014994,35.2));
#5191=CARTESIAN_POINT('Ctrl Pts',(254.52044359562,383.482417128716,35.2));
#5192=CARTESIAN_POINT('Ctrl Pts',(254.347872430156,383.454135298142,35.2));
#5193=CARTESIAN_POINT('',(254.606758758599,383.859113799733,36.));
#5194=CARTESIAN_POINT('Ctrl Pts',(254.606758758599,383.859113799733,36.));
#5195=CARTESIAN_POINT('Ctrl Pts',(254.606758758599,383.617384014994,36.));
#5196=CARTESIAN_POINT('Ctrl Pts',(254.52044359562,383.482417128716,36.));
#5197=CARTESIAN_POINT('Ctrl Pts',(254.347872430156,383.454135298142,36.));
#5198=CARTESIAN_POINT('',(254.606758758599,383.859113799733,35.2));
#5199=CARTESIAN_POINT('Ctrl Pts',(254.403956579919,384.370447303739,35.2));
#5200=CARTESIAN_POINT('Ctrl Pts',(254.403956579919,384.370447303739,36.));
#5201=CARTESIAN_POINT('Ctrl Pts',(254.539135198497,384.259194435037,35.2));
#5202=CARTESIAN_POINT('Ctrl Pts',(254.539135198497,384.259194435037,36.));
#5203=CARTESIAN_POINT('Ctrl Pts',(254.606758758599,384.088762388544,35.2));
#5204=CARTESIAN_POINT('Ctrl Pts',(254.606758758599,384.088762388544,36.));
#5205=CARTESIAN_POINT('Ctrl Pts',(254.606758758599,383.859113799733,35.2));
#5206=CARTESIAN_POINT('Ctrl Pts',(254.606758758599,383.859113799733,36.));
#5207=CARTESIAN_POINT('',(254.403956579919,384.370447303739,35.2));
#5208=CARTESIAN_POINT('Ctrl Pts',(254.403956579919,384.370447303739,35.2));
#5209=CARTESIAN_POINT('Ctrl Pts',(254.539135198497,384.259194435037,35.2));
#5210=CARTESIAN_POINT('Ctrl Pts',(254.606758758599,384.088762388544,35.2));
#5211=CARTESIAN_POINT('Ctrl Pts',(254.606758758599,383.859113799733,35.2));
#5212=CARTESIAN_POINT('',(254.403956579919,384.370447303739,36.));
#5213=CARTESIAN_POINT('Ctrl Pts',(254.403956579919,384.370447303739,36.));
#5214=CARTESIAN_POINT('Ctrl Pts',(254.539135198497,384.259194435037,36.));
#5215=CARTESIAN_POINT('Ctrl Pts',(254.606758758599,384.088762388544,36.));
#5216=CARTESIAN_POINT('Ctrl Pts',(254.606758758599,383.859113799733,36.));
#5217=CARTESIAN_POINT('',(254.403956579919,384.370447303739,35.2));
#5218=CARTESIAN_POINT('Ctrl Pts',(253.337971634339,384.803829070606,35.2));
#5219=CARTESIAN_POINT('Ctrl Pts',(253.337971634339,384.803829070606,36.));
#5220=CARTESIAN_POINT('Ctrl Pts',(253.913379068714,384.626135851713,35.2));
#5221=CARTESIAN_POINT('Ctrl Pts',(253.913379068714,384.626135851713,36.));
#5222=CARTESIAN_POINT('Ctrl Pts',(254.268709459715,384.48170017244,35.2));
#5223=CARTESIAN_POINT('Ctrl Pts',(254.268709459715,384.48170017244,36.));
#5224=CARTESIAN_POINT('Ctrl Pts',(254.403956579919,384.370447303739,35.2));
#5225=CARTESIAN_POINT('Ctrl Pts',(254.403956579919,384.370447303739,36.));
#5226=CARTESIAN_POINT('',(253.337971634339,384.803829070606,35.2));
#5227=CARTESIAN_POINT('Ctrl Pts',(253.337971634339,384.803829070606,35.2));
#5228=CARTESIAN_POINT('Ctrl Pts',(253.913379068714,384.626135851713,35.2));
#5229=CARTESIAN_POINT('Ctrl Pts',(254.268709459715,384.48170017244,35.2));
#5230=CARTESIAN_POINT('Ctrl Pts',(254.403956579919,384.370447303739,35.2));
#5231=CARTESIAN_POINT('',(253.337971634339,384.803829070606,36.));
#5232=CARTESIAN_POINT('Ctrl Pts',(253.337971634339,384.803829070606,36.));
#5233=CARTESIAN_POINT('Ctrl Pts',(253.913379068714,384.626135851713,36.));
#5234=CARTESIAN_POINT('Ctrl Pts',(254.268709459715,384.48170017244,36.));
#5235=CARTESIAN_POINT('Ctrl Pts',(254.403956579919,384.370447303739,36.));
#5236=CARTESIAN_POINT('',(253.337971634339,384.803829070606,35.2));
#5237=CARTESIAN_POINT('Origin',(250.981671371546,385.531509393058,35.2));
#5238=CARTESIAN_POINT('',(253.337971634339,384.803829070606,35.2));
#5239=CARTESIAN_POINT('',(253.337971634339,384.803829070606,36.));
#5240=CARTESIAN_POINT('Origin',(249.410804529684,384.856354249507,35.2));
#5241=CARTESIAN_POINT('',(248.211063931128,385.226845295914,35.2));
#5242=CARTESIAN_POINT('',(249.410804529684,384.856354249507,35.2));
#5243=CARTESIAN_POINT('',(248.211063931128,385.226845295914,35.2));
#5244=CARTESIAN_POINT('',(248.211063931128,385.226845295914,36.));
#5245=CARTESIAN_POINT('',(248.211063931128,385.226845295914,35.2));
#5246=CARTESIAN_POINT('',(249.410804529684,384.856354249507,36.));
#5247=CARTESIAN_POINT('',(248.211063931128,385.226845295914,36.));
#5248=CARTESIAN_POINT('',(249.410804529684,384.856354249507,35.2));
#5249=CARTESIAN_POINT('Origin',(249.410804529684,381.421003912752,35.2));
#5250=CARTESIAN_POINT('',(249.410804529684,381.421003912752,35.2));
#5251=CARTESIAN_POINT('',(249.410804529684,384.856354249507,35.2));
#5252=CARTESIAN_POINT('',(249.410804529684,381.421003912752,36.));
#5253=CARTESIAN_POINT('',(249.410804529684,384.856354249507,36.));
#5254=CARTESIAN_POINT('',(249.410804529684,381.421003912752,35.2));
#5255=CARTESIAN_POINT('Origin',(248.642649087158,381.658203249018,35.2));
#5256=CARTESIAN_POINT('',(248.642649087158,381.658203249018,35.2));
#5257=CARTESIAN_POINT('',(249.410804529684,381.421003912752,35.2));
#5258=CARTESIAN_POINT('',(248.642649087158,381.658203249018,36.));
#5259=CARTESIAN_POINT('',(249.410804529684,381.421003912752,36.));
#5260=CARTESIAN_POINT('',(248.642649087158,381.658203249018,35.2));
#5261=CARTESIAN_POINT('Ctrl Pts',(246.592716121037,382.613041192047,35.2));
#5262=CARTESIAN_POINT('Ctrl Pts',(246.592716121037,382.613041192047,36.));
#5263=CARTESIAN_POINT('Ctrl Pts',(247.073208324609,382.250141371329,35.2));
#5264=CARTESIAN_POINT('Ctrl Pts',(247.073208324609,382.250141371329,36.));
#5265=CARTESIAN_POINT('Ctrl Pts',(247.75649025202,381.931848564241,35.2));
#5266=CARTESIAN_POINT('Ctrl Pts',(247.75649025202,381.931848564241,36.));
#5267=CARTESIAN_POINT('Ctrl Pts',(248.642649087158,381.658203249018,35.2));
#5268=CARTESIAN_POINT('Ctrl Pts',(248.642649087158,381.658203249018,36.));
#5269=CARTESIAN_POINT('',(246.592716121037,382.613041192047,35.2));
#5270=CARTESIAN_POINT('Ctrl Pts',(248.642649087158,381.658203249018,35.2));
#5271=CARTESIAN_POINT('Ctrl Pts',(247.75649025202,381.931848564241,35.2));
#5272=CARTESIAN_POINT('Ctrl Pts',(247.073208324609,382.250141371329,35.2));
#5273=CARTESIAN_POINT('Ctrl Pts',(246.592716121037,382.613041192047,35.2));
#5274=CARTESIAN_POINT('',(246.592716121037,382.613041192047,36.));
#5275=CARTESIAN_POINT('Ctrl Pts',(246.592716121037,382.613041192047,36.));
#5276=CARTESIAN_POINT('Ctrl Pts',(247.073208324609,382.250141371329,36.));
#5277=CARTESIAN_POINT('Ctrl Pts',(247.75649025202,381.931848564241,36.));
#5278=CARTESIAN_POINT('Ctrl Pts',(248.642649087158,381.658203249018,36.));
#5279=CARTESIAN_POINT('',(246.592716121037,382.613041192047,35.2));
#5280=CARTESIAN_POINT('Ctrl Pts',(245.319644531416,384.297801328937,35.2));
#5281=CARTESIAN_POINT('Ctrl Pts',(245.319644531416,384.297801328937,36.));
#5282=CARTESIAN_POINT('Ctrl Pts',(245.687896820125,383.537514232317,35.2));
#5283=CARTESIAN_POINT('Ctrl Pts',(245.687896820125,383.537514232317,36.));
#5284=CARTESIAN_POINT('Ctrl Pts',(246.112264395699,382.975900534531,35.2));
#5285=CARTESIAN_POINT('Ctrl Pts',(246.112264395699,382.975900534531,36.));
#5286=CARTESIAN_POINT('Ctrl Pts',(246.592716121037,382.613041192047,35.2));
#5287=CARTESIAN_POINT('Ctrl Pts',(246.592716121037,382.613041192047,36.));
#5288=CARTESIAN_POINT('',(245.319644531416,384.297801328937,35.2));
#5289=CARTESIAN_POINT('Ctrl Pts',(246.592716121037,382.613041192047,35.2));
#5290=CARTESIAN_POINT('Ctrl Pts',(246.112264395699,382.975900534531,35.2));
#5291=CARTESIAN_POINT('Ctrl Pts',(245.687896820125,383.537514232317,35.2));
#5292=CARTESIAN_POINT('Ctrl Pts',(245.319644531416,384.297801328937,35.2));
#5293=CARTESIAN_POINT('',(245.319644531416,384.297801328937,36.));
#5294=CARTESIAN_POINT('Ctrl Pts',(245.319644531416,384.297801328937,36.));
#5295=CARTESIAN_POINT('Ctrl Pts',(245.687896820125,383.537514232317,36.));
#5296=CARTESIAN_POINT('Ctrl Pts',(246.112264395699,382.975900534531,36.));
#5297=CARTESIAN_POINT('Ctrl Pts',(246.592716121037,382.613041192047,36.));
#5298=CARTESIAN_POINT('',(245.319644531416,384.297801328937,35.2));
#5299=CARTESIAN_POINT('Ctrl Pts',(244.767247416092,386.98825252533,35.2));
#5300=CARTESIAN_POINT('Ctrl Pts',(244.767247416092,386.98825252533,36.));
#5301=CARTESIAN_POINT('Ctrl Pts',(244.767247416092,385.954933514414,35.2));
#5302=CARTESIAN_POINT('Ctrl Pts',(244.767247416092,385.954933514414,36.));
#5303=CARTESIAN_POINT('Ctrl Pts',(244.951361105605,385.058128903791,35.2));
#5304=CARTESIAN_POINT('Ctrl Pts',(244.951361105605,385.058128903791,36.));
#5305=CARTESIAN_POINT('Ctrl Pts',(245.319644531416,384.297801328937,35.2));
#5306=CARTESIAN_POINT('Ctrl Pts',(245.319644531416,384.297801328937,36.));
#5307=CARTESIAN_POINT('',(244.767247416092,386.98825252533,35.2));
#5308=CARTESIAN_POINT('Ctrl Pts',(245.319644531416,384.297801328937,35.2));
#5309=CARTESIAN_POINT('Ctrl Pts',(244.951361105605,385.058128903791,35.2));
#5310=CARTESIAN_POINT('Ctrl Pts',(244.767247416092,385.954933514414,35.2));
#5311=CARTESIAN_POINT('Ctrl Pts',(244.767247416092,386.98825252533,35.2));
#5312=CARTESIAN_POINT('',(244.767247416092,386.98825252533,36.));
#5313=CARTESIAN_POINT('Ctrl Pts',(244.767247416092,386.98825252533,36.));
#5314=CARTESIAN_POINT('Ctrl Pts',(244.767247416092,385.954933514414,36.));
#5315=CARTESIAN_POINT('Ctrl Pts',(244.951361105605,385.058128903791,36.));
#5316=CARTESIAN_POINT('Ctrl Pts',(245.319644531416,384.297801328937,36.));
#5317=CARTESIAN_POINT('',(244.767247416092,386.98825252533,35.2));
#5318=CARTESIAN_POINT('Ctrl Pts',(245.393003545875,389.595897710242,35.2));
#5319=CARTESIAN_POINT('Ctrl Pts',(245.393003545875,389.595897710242,36.));
#5320=CARTESIAN_POINT('Ctrl Pts',(244.975825527362,389.096277984352,35.2));
#5321=CARTESIAN_POINT('Ctrl Pts',(244.975825527362,389.096277984352,36.));
#5322=CARTESIAN_POINT('Ctrl Pts',(244.767247416092,388.227060846908,35.2));
#5323=CARTESIAN_POINT('Ctrl Pts',(244.767247416092,388.227060846908,36.));
#5324=CARTESIAN_POINT('Ctrl Pts',(244.767247416092,386.98825252533,35.2));
#5325=CARTESIAN_POINT('Ctrl Pts',(244.767247416092,386.98825252533,36.));
#5326=CARTESIAN_POINT('',(245.393003545875,389.595897710242,35.2));
#5327=CARTESIAN_POINT('Ctrl Pts',(244.767247416092,386.98825252533,35.2));
#5328=CARTESIAN_POINT('Ctrl Pts',(244.767247416092,388.227060846908,35.2));
#5329=CARTESIAN_POINT('Ctrl Pts',(244.975825527362,389.096277984352,35.2));
#5330=CARTESIAN_POINT('Ctrl Pts',(245.393003545875,389.595897710242,35.2));
#5331=CARTESIAN_POINT('',(245.393003545875,389.595897710242,36.));
#5332=CARTESIAN_POINT('Ctrl Pts',(245.393003545875,389.595897710242,36.));
#5333=CARTESIAN_POINT('Ctrl Pts',(244.975825527362,389.096277984352,36.));
#5334=CARTESIAN_POINT('Ctrl Pts',(244.767247416092,388.227060846908,36.));
#5335=CARTESIAN_POINT('Ctrl Pts',(244.767247416092,386.98825252533,36.));
#5336=CARTESIAN_POINT('',(245.393003545875,389.595897710242,35.2));
#5337=CARTESIAN_POINT('Ctrl Pts',(246.929348681739,390.254478573913,35.2));
#5338=CARTESIAN_POINT('Ctrl Pts',(246.929348681739,390.254478573913,36.));
#5339=CARTESIAN_POINT('Ctrl Pts',(246.322287268545,390.315046466496,35.2));
#5340=CARTESIAN_POINT('Ctrl Pts',(246.322287268545,390.315046466496,36.));
#5341=CARTESIAN_POINT('Ctrl Pts',(245.810184678098,390.095517436132,35.2));
#5342=CARTESIAN_POINT('Ctrl Pts',(245.810184678098,390.095517436132,36.));
#5343=CARTESIAN_POINT('Ctrl Pts',(245.393003545875,389.595897710242,35.2));
#5344=CARTESIAN_POINT('Ctrl Pts',(245.393003545875,389.595897710242,36.));
#5345=CARTESIAN_POINT('',(246.929348681739,390.254478573913,35.2));
#5346=CARTESIAN_POINT('Ctrl Pts',(245.393003545875,389.595897710242,35.2));
#5347=CARTESIAN_POINT('Ctrl Pts',(245.810184678098,390.095517436132,35.2));
#5348=CARTESIAN_POINT('Ctrl Pts',(246.322287268545,390.315046466496,35.2));
#5349=CARTESIAN_POINT('Ctrl Pts',(246.929348681739,390.254478573913,35.2));
#5350=CARTESIAN_POINT('',(246.929348681739,390.254478573913,36.));
#5351=CARTESIAN_POINT('Ctrl Pts',(246.929348681739,390.254478573913,36.));
#5352=CARTESIAN_POINT('Ctrl Pts',(246.322287268545,390.315046466496,36.));
#5353=CARTESIAN_POINT('Ctrl Pts',(245.810184678098,390.095517436132,36.));
#5354=CARTESIAN_POINT('Ctrl Pts',(245.393003545875,389.595897710242,36.));
#5355=CARTESIAN_POINT('',(246.929348681739,390.254478573913,35.2));
#5356=CARTESIAN_POINT('Ctrl Pts',(250.679588540234,389.286743642859,35.2));
#5357=CARTESIAN_POINT('Ctrl Pts',(250.679588540234,389.286743642859,36.));
#5358=CARTESIAN_POINT('Ctrl Pts',(248.786499388897,389.871336522593,35.2));
#5359=CARTESIAN_POINT('Ctrl Pts',(248.786499388897,389.871336522593,36.));
#5360=CARTESIAN_POINT('Ctrl Pts',(247.536410094934,390.193916908751,35.2));
#5361=CARTESIAN_POINT('Ctrl Pts',(247.536410094934,390.193916908751,36.));
#5362=CARTESIAN_POINT('Ctrl Pts',(246.929348681739,390.254478573913,35.2));
#5363=CARTESIAN_POINT('Ctrl Pts',(246.929348681739,390.254478573913,36.));
#5364=CARTESIAN_POINT('',(250.679588540234,389.286743642859,35.2));
#5365=CARTESIAN_POINT('Ctrl Pts',(246.929348681739,390.254478573913,35.2));
#5366=CARTESIAN_POINT('Ctrl Pts',(247.536410094934,390.193916908751,35.2));
#5367=CARTESIAN_POINT('Ctrl Pts',(248.786499388897,389.871336522593,35.2));
#5368=CARTESIAN_POINT('Ctrl Pts',(250.679588540234,389.286743642859,35.2));
#5369=CARTESIAN_POINT('',(250.679588540234,389.286743642859,36.));
#5370=CARTESIAN_POINT('Ctrl Pts',(250.679588540234,389.286743642859,36.));
#5371=CARTESIAN_POINT('Ctrl Pts',(248.786499388897,389.871336522593,36.));
#5372=CARTESIAN_POINT('Ctrl Pts',(247.536410094934,390.193916908751,36.));
#5373=CARTESIAN_POINT('Ctrl Pts',(246.929348681739,390.254478573913,36.));
#5374=CARTESIAN_POINT('',(250.679588540234,389.286743642859,35.2));
#5375=CARTESIAN_POINT('Origin',(256.427933657053,387.511623633321,35.2));
#5376=CARTESIAN_POINT('',(256.427933657053,387.511623633321,35.2));
#5377=CARTESIAN_POINT('',(250.679588540234,389.286743642859,35.2));
#5378=CARTESIAN_POINT('',(256.427933657053,387.511623633321,36.));
#5379=CARTESIAN_POINT('',(250.679588540234,389.286743642859,36.));
#5380=CARTESIAN_POINT('',(256.427933657053,387.511623633321,35.2));
#5381=CARTESIAN_POINT('Origin',(256.427933657053,383.94934912397,35.2));
#5382=CARTESIAN_POINT('',(256.427933657053,383.94934912397,35.2));
#5383=CARTESIAN_POINT('',(256.427933657053,387.511623633321,35.2));
#5384=CARTESIAN_POINT('',(256.427933657053,383.94934912397,36.));
#5385=CARTESIAN_POINT('',(256.427933657053,387.511623633321,36.));
#5386=CARTESIAN_POINT('',(256.427933657053,383.94934912397,35.2));
#5387=CARTESIAN_POINT('Origin',(255.407309242994,384.264540675607,35.2));
#5388=CARTESIAN_POINT('',(255.407309242994,384.264540675607,35.2));
#5389=CARTESIAN_POINT('',(256.427933657053,383.94934912397,35.2));
#5390=CARTESIAN_POINT('',(255.407309242994,384.264540675607,36.));
#5391=CARTESIAN_POINT('',(256.427933657053,383.94934912397,36.));
#5392=CARTESIAN_POINT('',(255.407309242994,384.264540675607,35.2));
#5393=CARTESIAN_POINT('Ctrl Pts',(256.328120559961,383.114538485242,35.2));
#5394=CARTESIAN_POINT('Ctrl Pts',(256.328120559961,383.114538485242,36.));
#5395=CARTESIAN_POINT('Ctrl Pts',(256.123496860761,383.531230764949,35.2));
#5396=CARTESIAN_POINT('Ctrl Pts',(256.123496860761,383.531230764949,36.));
#5397=CARTESIAN_POINT('Ctrl Pts',(255.816559755105,383.914578321149,35.2));
#5398=CARTESIAN_POINT('Ctrl Pts',(255.816559755105,383.914578321149,36.));
#5399=CARTESIAN_POINT('Ctrl Pts',(255.407309242994,384.264540675607,35.2));
#5400=CARTESIAN_POINT('Ctrl Pts',(255.407309242994,384.264540675607,36.));
#5401=CARTESIAN_POINT('',(256.328120559961,383.114538485242,35.2));
#5402=CARTESIAN_POINT('Ctrl Pts',(255.407309242994,384.264540675607,35.2));
#5403=CARTESIAN_POINT('Ctrl Pts',(255.816559755105,383.914578321149,35.2));
#5404=CARTESIAN_POINT('Ctrl Pts',(256.123496860761,383.531230764949,35.2));
#5405=CARTESIAN_POINT('Ctrl Pts',(256.328120559961,383.114538485242,35.2));
#5406=CARTESIAN_POINT('',(256.328120559961,383.114538485242,36.));
#5407=CARTESIAN_POINT('Ctrl Pts',(256.328120559961,383.114538485242,36.));
#5408=CARTESIAN_POINT('Ctrl Pts',(256.123496860761,383.531230764949,36.));
#5409=CARTESIAN_POINT('Ctrl Pts',(255.816559755105,383.914578321149,36.));
#5410=CARTESIAN_POINT('Ctrl Pts',(255.407309242994,384.264540675607,36.));
#5411=CARTESIAN_POINT('',(256.328120559961,383.114538485242,35.2));
#5412=CARTESIAN_POINT('Ctrl Pts',(256.635129280954,381.755294963315,35.2));
#5413=CARTESIAN_POINT('Ctrl Pts',(256.635129280954,381.755294963315,36.));
#5414=CARTESIAN_POINT('Ctrl Pts',(256.635129280954,382.244751538815,35.2));
#5415=CARTESIAN_POINT('Ctrl Pts',(256.635129280954,382.244751538815,36.));
#5416=CARTESIAN_POINT('Ctrl Pts',(256.532812760788,382.697849319246,35.2));
#5417=CARTESIAN_POINT('Ctrl Pts',(256.532812760788,382.697849319246,36.));
#5418=CARTESIAN_POINT('Ctrl Pts',(256.328120559961,383.114538485242,35.2));
#5419=CARTESIAN_POINT('Ctrl Pts',(256.328120559961,383.114538485242,36.));
#5420=CARTESIAN_POINT('',(256.635129280954,381.755294963315,35.2));
#5421=CARTESIAN_POINT('Ctrl Pts',(256.328120559961,383.114538485242,35.2));
#5422=CARTESIAN_POINT('Ctrl Pts',(256.532812760788,382.697849319246,35.2));
#5423=CARTESIAN_POINT('Ctrl Pts',(256.635129280954,382.244751538815,35.2));
#5424=CARTESIAN_POINT('Ctrl Pts',(256.635129280954,381.755294963315,35.2));
#5425=CARTESIAN_POINT('',(256.635129280954,381.755294963315,36.));
#5426=CARTESIAN_POINT('Ctrl Pts',(256.635129280954,381.755294963315,36.));
#5427=CARTESIAN_POINT('Ctrl Pts',(256.635129280954,382.244751538815,36.));
#5428=CARTESIAN_POINT('Ctrl Pts',(256.532812760788,382.697849319246,36.));
#5429=CARTESIAN_POINT('Ctrl Pts',(256.328120559961,383.114538485242,36.));
#5430=CARTESIAN_POINT('',(256.635129280954,381.755294963315,35.2));
#5431=CARTESIAN_POINT('Ctrl Pts',(256.121538336988,380.150893461618,35.2));
#5432=CARTESIAN_POINT('Ctrl Pts',(256.121538336988,380.150893461618,36.));
#5433=CARTESIAN_POINT('Ctrl Pts',(256.463909465756,380.579950284891,35.2));
#5434=CARTESIAN_POINT('Ctrl Pts',(256.463909465756,380.579950284891,36.));
#5435=CARTESIAN_POINT('Ctrl Pts',(256.635129280954,381.11474870965,35.2));
#5436=CARTESIAN_POINT('Ctrl Pts',(256.635129280954,381.11474870965,36.));
#5437=CARTESIAN_POINT('Ctrl Pts',(256.635129280954,381.755294963315,35.2));
#5438=CARTESIAN_POINT('Ctrl Pts',(256.635129280954,381.755294963315,36.));
#5439=CARTESIAN_POINT('',(256.121538336988,380.150893461618,35.2));
#5440=CARTESIAN_POINT('Ctrl Pts',(256.635129280954,381.755294963315,35.2));
#5441=CARTESIAN_POINT('Ctrl Pts',(256.635129280954,381.11474870965,35.2));
#5442=CARTESIAN_POINT('Ctrl Pts',(256.463909465756,380.579950284891,35.2));
#5443=CARTESIAN_POINT('Ctrl Pts',(256.121538336988,380.150893461618,35.2));
#5444=CARTESIAN_POINT('',(256.121538336988,380.150893461618,36.));
#5445=CARTESIAN_POINT('Ctrl Pts',(256.121538336988,380.150893461618,36.));
#5446=CARTESIAN_POINT('Ctrl Pts',(256.463909465756,380.579950284891,36.));
#5447=CARTESIAN_POINT('Ctrl Pts',(256.635129280954,381.11474870965,36.));
#5448=CARTESIAN_POINT('Ctrl Pts',(256.635129280954,381.755294963315,36.));
#5449=CARTESIAN_POINT('',(256.121538336988,380.150893461618,35.2));
#5450=CARTESIAN_POINT('Ctrl Pts',(253.873156159174,380.043025196003,35.2));
#5451=CARTESIAN_POINT('Ctrl Pts',(253.873156159174,380.043025196003,36.));
#5452=CARTESIAN_POINT('Ctrl Pts',(255.029709595991,379.685839033669,35.2));
#5453=CARTESIAN_POINT('Ctrl Pts',(255.029709595991,379.685839033669,36.));
#5454=CARTESIAN_POINT('Ctrl Pts',(255.779167208219,379.721793046401,35.2));
#5455=CARTESIAN_POINT('Ctrl Pts',(255.779167208219,379.721793046401,36.));
#5456=CARTESIAN_POINT('Ctrl Pts',(256.121538336988,380.150893461618,35.2));
#5457=CARTESIAN_POINT('Ctrl Pts',(256.121538336988,380.150893461618,36.));
#5458=CARTESIAN_POINT('',(253.873156159174,380.043025196003,35.2));
#5459=CARTESIAN_POINT('Ctrl Pts',(256.121538336988,380.150893461618,35.2));
#5460=CARTESIAN_POINT('Ctrl Pts',(255.779167208219,379.721793046401,35.2));
#5461=CARTESIAN_POINT('Ctrl Pts',(255.029709595991,379.685839033669,35.2));
#5462=CARTESIAN_POINT('Ctrl Pts',(253.873156159174,380.043025196003,35.2));
#5463=CARTESIAN_POINT('',(253.873156159174,380.043025196003,36.));
#5464=CARTESIAN_POINT('Ctrl Pts',(253.873156159174,380.043025196003,36.));
#5465=CARTESIAN_POINT('Ctrl Pts',(255.029709595991,379.685839033669,36.));
#5466=CARTESIAN_POINT('Ctrl Pts',(255.779167208219,379.721793046401,36.));
#5467=CARTESIAN_POINT('Ctrl Pts',(256.121538336988,380.150893461618,36.));
#5468=CARTESIAN_POINT('',(253.873156159174,380.043025196003,35.2));
#5469=CARTESIAN_POINT('Origin',(252.932295661642,380.333525025032,35.2));
#5470=CARTESIAN_POINT('',(252.932295661642,380.333525025032,35.2));
#5471=CARTESIAN_POINT('',(253.873156159174,380.043025196003,35.2));
#5472=CARTESIAN_POINT('',(252.932295661642,380.333525025032,36.));
#5473=CARTESIAN_POINT('',(253.873156159174,380.043025196003,36.));
#5474=CARTESIAN_POINT('',(252.932295661642,380.333525025032,35.2));
#5475=CARTESIAN_POINT('Ctrl Pts',(251.180220221968,381.300609190636,35.2));
#5476=CARTESIAN_POINT('Ctrl Pts',(251.180220221968,381.300609190636,36.));
#5477=CARTESIAN_POINT('Ctrl Pts',(251.490940485628,380.920646237523,35.2));
#5478=CARTESIAN_POINT('Ctrl Pts',(251.490940485628,380.920646237523,36.));
#5479=CARTESIAN_POINT('Ctrl Pts',(252.074985352351,380.598274469954,35.2));
#5480=CARTESIAN_POINT('Ctrl Pts',(252.074985352351,380.598274469954,36.));
#5481=CARTESIAN_POINT('Ctrl Pts',(252.932295661642,380.333525025032,35.2));
#5482=CARTESIAN_POINT('Ctrl Pts',(252.932295661642,380.333525025032,36.));
#5483=CARTESIAN_POINT('',(251.180220221968,381.300609190636,35.2));
#5484=CARTESIAN_POINT('Ctrl Pts',(252.932295661642,380.333525025032,35.2));
#5485=CARTESIAN_POINT('Ctrl Pts',(252.074985352351,380.598274469954,35.2));
#5486=CARTESIAN_POINT('Ctrl Pts',(251.490940485628,380.920646237523,35.2));
#5487=CARTESIAN_POINT('Ctrl Pts',(251.180220221968,381.300609190636,35.2));
#5488=CARTESIAN_POINT('',(251.180220221968,381.300609190636,36.));
#5489=CARTESIAN_POINT('Ctrl Pts',(251.180220221968,381.300609190636,36.));
#5490=CARTESIAN_POINT('Ctrl Pts',(251.490940485628,380.920646237523,36.));
#5491=CARTESIAN_POINT('Ctrl Pts',(252.074985352351,380.598274469954,36.));
#5492=CARTESIAN_POINT('Ctrl Pts',(252.932295661642,380.333525025032,36.));
#5493=CARTESIAN_POINT('',(251.180220221968,381.300609190636,35.2));
#5494=CARTESIAN_POINT('Ctrl Pts',(250.09264480923,383.748430740016,35.2));
#5495=CARTESIAN_POINT('Ctrl Pts',(250.09264480923,383.748430740016,36.));
#5496=CARTESIAN_POINT('Ctrl Pts',(250.506955100564,382.496523039243,35.2));
#5497=CARTESIAN_POINT('Ctrl Pts',(250.506955100564,382.496523039243,36.));
#5498=CARTESIAN_POINT('Ctrl Pts',(250.869506185729,381.680609508273,35.2));
#5499=CARTESIAN_POINT('Ctrl Pts',(250.869506185729,381.680609508273,36.));
#5500=CARTESIAN_POINT('Ctrl Pts',(251.180220221968,381.300609190636,35.2));
#5501=CARTESIAN_POINT('Ctrl Pts',(251.180220221968,381.300609190636,36.));
#5502=CARTESIAN_POINT('',(250.09264480923,383.748430740016,35.2));
#5503=CARTESIAN_POINT('Ctrl Pts',(251.180220221968,381.300609190636,35.2));
#5504=CARTESIAN_POINT('Ctrl Pts',(250.869506185729,381.680609508273,35.2));
#5505=CARTESIAN_POINT('Ctrl Pts',(250.506955100564,382.496523039243,35.2));
#5506=CARTESIAN_POINT('Ctrl Pts',(250.09264480923,383.748430740016,35.2));
#5507=CARTESIAN_POINT('',(250.09264480923,383.748430740016,36.));
#5508=CARTESIAN_POINT('Ctrl Pts',(250.09264480923,383.748430740016,36.));
#5509=CARTESIAN_POINT('Ctrl Pts',(250.506955100564,382.496523039243,36.));
#5510=CARTESIAN_POINT('Ctrl Pts',(250.869506185729,381.680609508273,36.));
#5511=CARTESIAN_POINT('Ctrl Pts',(251.180220221968,381.300609190636,36.));
#5512=CARTESIAN_POINT('',(250.09264480923,383.748430740016,35.2));
#5513=CARTESIAN_POINT('Ctrl Pts',(249.186405656424,385.958975110372,35.2));
#5514=CARTESIAN_POINT('Ctrl Pts',(249.186405656424,385.958975110372,36.));
#5515=CARTESIAN_POINT('Ctrl Pts',(249.341764231399,385.826415122149,35.2));
#5516=CARTESIAN_POINT('Ctrl Pts',(249.341764231399,385.826415122149,36.));
#5517=CARTESIAN_POINT('Ctrl Pts',(249.64384083529,385.089555581759,35.2));
#5518=CARTESIAN_POINT('Ctrl Pts',(249.64384083529,385.089555581759,36.));
#5519=CARTESIAN_POINT('Ctrl Pts',(250.09264480923,383.748430740016,35.2));
#5520=CARTESIAN_POINT('Ctrl Pts',(250.09264480923,383.748430740016,36.));
#5521=CARTESIAN_POINT('',(249.186405656424,385.958975110372,35.2));
#5522=CARTESIAN_POINT('Ctrl Pts',(250.09264480923,383.748430740016,35.2));
#5523=CARTESIAN_POINT('Ctrl Pts',(249.64384083529,385.089555581759,35.2));
#5524=CARTESIAN_POINT('Ctrl Pts',(249.341764231399,385.826415122149,35.2));
#5525=CARTESIAN_POINT('Ctrl Pts',(249.186405656424,385.958975110372,35.2));
#5526=CARTESIAN_POINT('',(249.186405656424,385.958975110372,36.));
#5527=CARTESIAN_POINT('Ctrl Pts',(249.186405656424,385.958975110372,36.));
#5528=CARTESIAN_POINT('Ctrl Pts',(249.341764231399,385.826415122149,36.));
#5529=CARTESIAN_POINT('Ctrl Pts',(249.64384083529,385.089555581759,36.));
#5530=CARTESIAN_POINT('Ctrl Pts',(250.09264480923,383.748430740016,36.));
#5531=CARTESIAN_POINT('',(249.186405656424,385.958975110372,35.2));
#5532=CARTESIAN_POINT('Ctrl Pts',(248.236979341881,386.379092471399,35.2));
#5533=CARTESIAN_POINT('Ctrl Pts',(248.236979341881,386.379092471399,36.));
#5534=CARTESIAN_POINT('Ctrl Pts',(248.714560226331,386.23159912862,35.2));
#5535=CARTESIAN_POINT('Ctrl Pts',(248.714560226331,386.23159912862,36.));
#5536=CARTESIAN_POINT('Ctrl Pts',(249.031043967739,386.091572463118,35.2));
#5537=CARTESIAN_POINT('Ctrl Pts',(249.031043967739,386.091572463118,36.));
#5538=CARTESIAN_POINT('Ctrl Pts',(249.186405656424,385.958975110372,35.2));
#5539=CARTESIAN_POINT('Ctrl Pts',(249.186405656424,385.958975110372,36.));
#5540=CARTESIAN_POINT('',(248.236979341881,386.379092471399,35.2));
#5541=CARTESIAN_POINT('Ctrl Pts',(249.186405656424,385.958975110372,35.2));
#5542=CARTESIAN_POINT('Ctrl Pts',(249.031043967739,386.091572463118,35.2));
#5543=CARTESIAN_POINT('Ctrl Pts',(248.714560226331,386.23159912862,35.2));
#5544=CARTESIAN_POINT('Ctrl Pts',(248.236979341881,386.379092471399,35.2));
#5545=CARTESIAN_POINT('',(248.236979341881,386.379092471399,36.));
#5546=CARTESIAN_POINT('Ctrl Pts',(248.236979341881,386.379092471399,36.));
#5547=CARTESIAN_POINT('Ctrl Pts',(248.714560226331,386.23159912862,36.));
#5548=CARTESIAN_POINT('Ctrl Pts',(249.031043967739,386.091572463118,36.));
#5549=CARTESIAN_POINT('Ctrl Pts',(249.186405656424,385.958975110372,36.));
#5550=CARTESIAN_POINT('',(248.236979341881,386.379092471399,35.2));
#5551=CARTESIAN_POINT('Ctrl Pts',(247.067432392019,386.599723755206,35.2));
#5552=CARTESIAN_POINT('Ctrl Pts',(247.067432392019,386.599723755206,36.));
#5553=CARTESIAN_POINT('Ctrl Pts',(247.248706377747,386.637433900542,35.2));
#5554=CARTESIAN_POINT('Ctrl Pts',(247.248706377747,386.637433900542,36.));
#5555=CARTESIAN_POINT('Ctrl Pts',(247.638555361034,386.563888063466,35.2));
#5556=CARTESIAN_POINT('Ctrl Pts',(247.638555361034,386.563888063466,36.));
#5557=CARTESIAN_POINT('Ctrl Pts',(248.236979341881,386.379092471399,35.2));
#5558=CARTESIAN_POINT('Ctrl Pts',(248.236979341881,386.379092471399,36.));
#5559=CARTESIAN_POINT('',(247.067432392019,386.599723755206,35.2));
#5560=CARTESIAN_POINT('Ctrl Pts',(248.236979341881,386.379092471399,35.2));
#5561=CARTESIAN_POINT('Ctrl Pts',(247.638555361034,386.563888063466,35.2));
#5562=CARTESIAN_POINT('Ctrl Pts',(247.248706377747,386.637433900542,35.2));
#5563=CARTESIAN_POINT('Ctrl Pts',(247.067432392019,386.599723755206,35.2));
#5564=CARTESIAN_POINT('',(247.067432392019,386.599723755206,36.));
#5565=CARTESIAN_POINT('Ctrl Pts',(247.067432392019,386.599723755206,36.));
#5566=CARTESIAN_POINT('Ctrl Pts',(247.248706377747,386.637433900542,36.));
#5567=CARTESIAN_POINT('Ctrl Pts',(247.638555361034,386.563888063466,36.));
#5568=CARTESIAN_POINT('Ctrl Pts',(248.236979341881,386.379092471399,36.));
#5569=CARTESIAN_POINT('',(247.067432392019,386.599723755206,35.2));
#5570=CARTESIAN_POINT('Ctrl Pts',(246.79554943682,386.216865051522,35.2));
#5571=CARTESIAN_POINT('Ctrl Pts',(246.79554943682,386.216865051522,36.));
#5572=CARTESIAN_POINT('Ctrl Pts',(246.79554943682,386.434432444403,35.2));
#5573=CARTESIAN_POINT('Ctrl Pts',(246.79554943682,386.434432444403,36.));
#5574=CARTESIAN_POINT('Ctrl Pts',(246.886192657105,386.562054088104,35.2));
#5575=CARTESIAN_POINT('Ctrl Pts',(246.886192657105,386.562054088104,36.));
#5576=CARTESIAN_POINT('Ctrl Pts',(247.067432392019,386.599723755206,35.2));
#5577=CARTESIAN_POINT('Ctrl Pts',(247.067432392019,386.599723755206,36.));
#5578=CARTESIAN_POINT('',(246.79554943682,386.216865051522,35.2));
#5579=CARTESIAN_POINT('Ctrl Pts',(247.067432392019,386.599723755206,35.2));
#5580=CARTESIAN_POINT('Ctrl Pts',(246.886192657105,386.562054088104,35.2));
#5581=CARTESIAN_POINT('Ctrl Pts',(246.79554943682,386.434432444403,35.2));
#5582=CARTESIAN_POINT('Ctrl Pts',(246.79554943682,386.216865051522,35.2));
#5583=CARTESIAN_POINT('',(246.79554943682,386.216865051522,36.));
#5584=CARTESIAN_POINT('Ctrl Pts',(246.79554943682,386.216865051522,36.));
#5585=CARTESIAN_POINT('Ctrl Pts',(246.79554943682,386.434432444403,36.));
#5586=CARTESIAN_POINT('Ctrl Pts',(246.886192657105,386.562054088104,36.));
#5587=CARTESIAN_POINT('Ctrl Pts',(247.067432392019,386.599723755206,36.));
#5588=CARTESIAN_POINT('',(246.79554943682,386.216865051522,35.2));
#5589=CARTESIAN_POINT('Ctrl Pts',(247.024273253674,385.683981558592,35.2));
#5590=CARTESIAN_POINT('Ctrl Pts',(247.024273253674,385.683981558592,36.));
#5591=CARTESIAN_POINT('Ctrl Pts',(246.871816656691,385.791482406393,35.2));
#5592=CARTESIAN_POINT('Ctrl Pts',(246.871816656691,385.791482406393,36.));
#5593=CARTESIAN_POINT('Ctrl Pts',(246.79554943682,385.969135147052,35.2));
#5594=CARTESIAN_POINT('Ctrl Pts',(246.79554943682,385.969135147052,36.));
#5595=CARTESIAN_POINT('Ctrl Pts',(246.79554943682,386.216865051522,35.2));
#5596=CARTESIAN_POINT('Ctrl Pts',(246.79554943682,386.216865051522,36.));
#5597=CARTESIAN_POINT('',(247.024273253674,385.683981558592,35.2));
#5598=CARTESIAN_POINT('Ctrl Pts',(246.79554943682,386.216865051522,35.2));
#5599=CARTESIAN_POINT('Ctrl Pts',(246.79554943682,385.969135147052,35.2));
#5600=CARTESIAN_POINT('Ctrl Pts',(246.871816656691,385.791482406393,35.2));
#5601=CARTESIAN_POINT('Ctrl Pts',(247.024273253674,385.683981558592,35.2));
#5602=CARTESIAN_POINT('',(247.024273253674,385.683981558592,36.));
#5603=CARTESIAN_POINT('Ctrl Pts',(247.024273253674,385.683981558592,36.));
#5604=CARTESIAN_POINT('Ctrl Pts',(246.871816656691,385.791482406393,36.));
#5605=CARTESIAN_POINT('Ctrl Pts',(246.79554943682,385.969135147052,36.));
#5606=CARTESIAN_POINT('Ctrl Pts',(246.79554943682,386.216865051522,36.));
#5607=CARTESIAN_POINT('',(247.024273253674,385.683981558592,35.2));
#5608=CARTESIAN_POINT('Ctrl Pts',(248.211063931128,385.226845295914,35.2));
#5609=CARTESIAN_POINT('Ctrl Pts',(248.211063931128,385.226845295914,36.));
#5610=CARTESIAN_POINT('Ctrl Pts',(247.572379676217,385.424092615435,35.2));
#5611=CARTESIAN_POINT('Ctrl Pts',(247.572379676217,385.424092615435,36.));
#5612=CARTESIAN_POINT('Ctrl Pts',(247.176764101471,385.576443346269,35.2));
#5613=CARTESIAN_POINT('Ctrl Pts',(247.176764101471,385.576443346269,36.));
#5614=CARTESIAN_POINT('Ctrl Pts',(247.024273253674,385.683981558592,35.2));
#5615=CARTESIAN_POINT('Ctrl Pts',(247.024273253674,385.683981558592,36.));
#5616=CARTESIAN_POINT('Ctrl Pts',(247.024273253674,385.683981558592,35.2));
#5617=CARTESIAN_POINT('Ctrl Pts',(247.176764101471,385.576443346269,35.2));
#5618=CARTESIAN_POINT('Ctrl Pts',(247.572379676217,385.424092615435,35.2));
#5619=CARTESIAN_POINT('Ctrl Pts',(248.211063931128,385.226845295914,35.2));
#5620=CARTESIAN_POINT('Ctrl Pts',(248.211063931128,385.226845295914,36.));
#5621=CARTESIAN_POINT('Ctrl Pts',(247.572379676217,385.424092615435,36.));
#5622=CARTESIAN_POINT('Ctrl Pts',(247.176764101471,385.576443346269,36.));
#5623=CARTESIAN_POINT('Ctrl Pts',(247.024273253674,385.683981558592,36.));
#5624=CARTESIAN_POINT('Origin',(250.701188348523,385.000442750083,36.));
#5625=CARTESIAN_POINT('Origin',(250.701188348523,385.000442750083,35.2));
#5626=CARTESIAN_POINT('Ctrl Pts',(247.024276367384,415.292128168292,35.2));
#5627=CARTESIAN_POINT('Ctrl Pts',(247.024276367384,415.292128168292,36.));
#5628=CARTESIAN_POINT('Ctrl Pts',(247.176767215181,415.311514128564,35.2));
#5629=CARTESIAN_POINT('Ctrl Pts',(247.176767215181,415.311514128564,36.));
#5630=CARTESIAN_POINT('Ctrl Pts',(247.546470492885,415.230582570678,35.2));
#5631=CARTESIAN_POINT('Ctrl Pts',(247.546470492885,415.230582570678,36.));
#5632=CARTESIAN_POINT('Ctrl Pts',(248.133386200496,415.049333494632,35.2));
#5633=CARTESIAN_POINT('Ctrl Pts',(248.133386200496,415.049333494632,36.));
#5634=CARTESIAN_POINT('',(247.024276367384,415.292128168292,35.2));
#5635=CARTESIAN_POINT('',(248.133386200496,415.049333494632,35.2));
#5636=CARTESIAN_POINT('Ctrl Pts',(247.024276367384,415.292128168292,35.2));
#5637=CARTESIAN_POINT('Ctrl Pts',(247.176767215181,415.311514128564,35.2));
#5638=CARTESIAN_POINT('Ctrl Pts',(247.546470492885,415.230582570678,35.2));
#5639=CARTESIAN_POINT('Ctrl Pts',(248.133386200496,415.049333494632,35.2));
#5640=CARTESIAN_POINT('',(248.133386200496,415.049333494632,36.));
#5641=CARTESIAN_POINT('',(248.133386200496,415.049333494632,35.2));
#5642=CARTESIAN_POINT('',(247.024276367384,415.292128168292,36.));
#5643=CARTESIAN_POINT('Ctrl Pts',(247.024276367384,415.292128168292,36.));
#5644=CARTESIAN_POINT('Ctrl Pts',(247.176767215181,415.311514128564,36.));
#5645=CARTESIAN_POINT('Ctrl Pts',(247.546470492885,415.230582570678,36.));
#5646=CARTESIAN_POINT('Ctrl Pts',(248.133386200496,415.049333494632,36.));
#5647=CARTESIAN_POINT('',(247.024276367384,415.292128168292,35.2));
#5648=CARTESIAN_POINT('Ctrl Pts',(246.795555664241,414.936735503085,35.2));
#5649=CARTESIAN_POINT('Ctrl Pts',(246.795555664241,414.936735503085,36.));
#5650=CARTESIAN_POINT('Ctrl Pts',(246.795555664241,415.154302895966,35.2));
#5651=CARTESIAN_POINT('Ctrl Pts',(246.795555664241,415.154302895966,36.));
#5652=CARTESIAN_POINT('Ctrl Pts',(246.871819770401,415.272779572543,35.2));
#5653=CARTESIAN_POINT('Ctrl Pts',(246.871819770401,415.272779572543,36.));
#5654=CARTESIAN_POINT('Ctrl Pts',(247.024276367384,415.292128168292,35.2));
#5655=CARTESIAN_POINT('Ctrl Pts',(247.024276367384,415.292128168292,36.));
#5656=CARTESIAN_POINT('',(246.795555664241,414.936735503085,35.2));
#5657=CARTESIAN_POINT('Ctrl Pts',(246.795555664241,414.936735503085,35.2));
#5658=CARTESIAN_POINT('Ctrl Pts',(246.795555664241,415.154302895966,35.2));
#5659=CARTESIAN_POINT('Ctrl Pts',(246.871819770401,415.272779572543,35.2));
#5660=CARTESIAN_POINT('Ctrl Pts',(247.024276367384,415.292128168292,35.2));
#5661=CARTESIAN_POINT('',(246.795555664241,414.936735503085,36.));
#5662=CARTESIAN_POINT('Ctrl Pts',(246.795555664241,414.936735503085,36.));
#5663=CARTESIAN_POINT('Ctrl Pts',(246.795555664241,415.154302895966,36.));
#5664=CARTESIAN_POINT('Ctrl Pts',(246.871819770401,415.272779572543,36.));
#5665=CARTESIAN_POINT('Ctrl Pts',(247.024276367384,415.292128168292,36.));
#5666=CARTESIAN_POINT('',(246.795555664241,414.936735503085,35.2));
#5667=CARTESIAN_POINT('Ctrl Pts',(247.024276367384,414.431031587287,35.2));
#5668=CARTESIAN_POINT('Ctrl Pts',(247.024276367384,414.431031587287,36.));
#5669=CARTESIAN_POINT('Ctrl Pts',(246.871819770401,414.55065410925,35.2));
#5670=CARTESIAN_POINT('Ctrl Pts',(246.871819770401,414.55065410925,36.));
#5671=CARTESIAN_POINT('Ctrl Pts',(246.795555664241,414.719205474728,35.2));
#5672=CARTESIAN_POINT('Ctrl Pts',(246.795555664241,414.719205474728,36.));
#5673=CARTESIAN_POINT('Ctrl Pts',(246.795555664241,414.936735503085,35.2));
#5674=CARTESIAN_POINT('Ctrl Pts',(246.795555664241,414.936735503085,36.));
#5675=CARTESIAN_POINT('',(247.024276367384,414.431031587287,35.2));
#5676=CARTESIAN_POINT('Ctrl Pts',(247.024276367384,414.431031587287,35.2));
#5677=CARTESIAN_POINT('Ctrl Pts',(246.871819770401,414.55065410925,35.2));
#5678=CARTESIAN_POINT('Ctrl Pts',(246.795555664241,414.719205474728,35.2));
#5679=CARTESIAN_POINT('Ctrl Pts',(246.795555664241,414.936735503085,35.2));
#5680=CARTESIAN_POINT('',(247.024276367384,414.431031587287,36.));
#5681=CARTESIAN_POINT('Ctrl Pts',(247.024276367384,414.431031587287,36.));
#5682=CARTESIAN_POINT('Ctrl Pts',(246.871819770401,414.55065410925,36.));
#5683=CARTESIAN_POINT('Ctrl Pts',(246.795555664241,414.719205474728,36.));
#5684=CARTESIAN_POINT('Ctrl Pts',(246.795555664241,414.936735503085,36.));
#5685=CARTESIAN_POINT('',(247.024276367384,414.431031587287,35.2));
#5686=CARTESIAN_POINT('Ctrl Pts',(248.133386200496,413.979774009638,35.2));
#5687=CARTESIAN_POINT('Ctrl Pts',(248.133386200496,413.979774009638,36.));
#5688=CARTESIAN_POINT('Ctrl Pts',(247.546470492885,414.161023085683,35.2));
#5689=CARTESIAN_POINT('Ctrl Pts',(247.546470492885,414.161023085683,36.));
#5690=CARTESIAN_POINT('Ctrl Pts',(247.176767215181,414.311452657267,35.2));
#5691=CARTESIAN_POINT('Ctrl Pts',(247.176767215181,414.311452657267,36.));
#5692=CARTESIAN_POINT('Ctrl Pts',(247.024276367384,414.431031587287,35.2));
#5693=CARTESIAN_POINT('Ctrl Pts',(247.024276367384,414.431031587287,36.));
#5694=CARTESIAN_POINT('',(248.133386200496,413.979774009638,35.2));
#5695=CARTESIAN_POINT('Ctrl Pts',(248.133386200496,413.979774009638,35.2));
#5696=CARTESIAN_POINT('Ctrl Pts',(247.546470492885,414.161023085683,35.2));
#5697=CARTESIAN_POINT('Ctrl Pts',(247.176767215181,414.311452657267,35.2));
#5698=CARTESIAN_POINT('Ctrl Pts',(247.024276367384,414.431031587287,35.2));
#5699=CARTESIAN_POINT('',(248.133386200496,413.979774009638,36.));
#5700=CARTESIAN_POINT('Ctrl Pts',(248.133386200496,413.979774009638,36.));
#5701=CARTESIAN_POINT('Ctrl Pts',(247.546470492885,414.161023085683,36.));
#5702=CARTESIAN_POINT('Ctrl Pts',(247.176767215181,414.311452657267,36.));
#5703=CARTESIAN_POINT('Ctrl Pts',(247.024276367384,414.431031587287,36.));
#5704=CARTESIAN_POINT('',(248.133386200496,413.979774009638,35.2));
#5705=CARTESIAN_POINT('Origin',(253.303484179155,412.383206603033,35.2));
#5706=CARTESIAN_POINT('',(253.303484179155,412.383206603033,35.2));
#5707=CARTESIAN_POINT('',(248.133386200496,413.979774009638,35.2));
#5708=CARTESIAN_POINT('',(253.303484179155,412.383206603033,36.));
#5709=CARTESIAN_POINT('',(248.133386200496,413.979774009638,36.));
#5710=CARTESIAN_POINT('',(253.303484179155,412.383206603033,35.2));
#5711=CARTESIAN_POINT('Ctrl Pts',(254.360766304471,412.165477297217,35.2));
#5712=CARTESIAN_POINT('Ctrl Pts',(254.360766304471,412.165477297217,36.));
#5713=CARTESIAN_POINT('Ctrl Pts',(254.196767183439,412.143600368712,35.2));
#5714=CARTESIAN_POINT('Ctrl Pts',(254.196767183439,412.143600368712,36.));
#5715=CARTESIAN_POINT('Ctrl Pts',(253.84433877043,412.216162273336,35.2));
#5716=CARTESIAN_POINT('Ctrl Pts',(253.84433877043,412.216162273336,36.));
#5717=CARTESIAN_POINT('Ctrl Pts',(253.303484179155,412.383206603033,35.2));
#5718=CARTESIAN_POINT('Ctrl Pts',(253.303484179155,412.383206603033,36.));
#5719=CARTESIAN_POINT('',(254.360766304471,412.165477297217,35.2));
#5720=CARTESIAN_POINT('Ctrl Pts',(254.360766304471,412.165477297217,35.2));
#5721=CARTESIAN_POINT('Ctrl Pts',(254.196767183439,412.143600368712,35.2));
#5722=CARTESIAN_POINT('Ctrl Pts',(253.84433877043,412.216162273336,35.2));
#5723=CARTESIAN_POINT('Ctrl Pts',(253.303484179155,412.383206603033,35.2));
#5724=CARTESIAN_POINT('',(254.360766304471,412.165477297217,36.));
#5725=CARTESIAN_POINT('Ctrl Pts',(254.360766304471,412.165477297217,36.));
#5726=CARTESIAN_POINT('Ctrl Pts',(254.196767183439,412.143600368712,36.));
#5727=CARTESIAN_POINT('Ctrl Pts',(253.84433877043,412.216162273336,36.));
#5728=CARTESIAN_POINT('Ctrl Pts',(253.303484179155,412.383206603033,36.));
#5729=CARTESIAN_POINT('',(254.360766304471,412.165477297217,35.2));
#5730=CARTESIAN_POINT('Ctrl Pts',(254.606758758599,412.515520608143,35.2));
#5731=CARTESIAN_POINT('Ctrl Pts',(254.606758758599,412.515520608143,36.));
#5732=CARTESIAN_POINT('Ctrl Pts',(254.606758758599,412.304031177751,35.2));
#5733=CARTESIAN_POINT('Ctrl Pts',(254.606758758599,412.304031177751,36.));
#5734=CARTESIAN_POINT('Ctrl Pts',(254.524765425504,412.187354225723,35.2));
#5735=CARTESIAN_POINT('Ctrl Pts',(254.524765425504,412.187354225723,36.));
#5736=CARTESIAN_POINT('Ctrl Pts',(254.360766304471,412.165477297217,35.2));
#5737=CARTESIAN_POINT('Ctrl Pts',(254.360766304471,412.165477297217,36.));
#5738=CARTESIAN_POINT('',(254.606758758599,412.515520608143,35.2));
#5739=CARTESIAN_POINT('Ctrl Pts',(254.606758758599,412.515520608143,35.2));
#5740=CARTESIAN_POINT('Ctrl Pts',(254.606758758599,412.304031177751,35.2));
#5741=CARTESIAN_POINT('Ctrl Pts',(254.524765425504,412.187354225723,35.2));
#5742=CARTESIAN_POINT('Ctrl Pts',(254.360766304471,412.165477297217,35.2));
#5743=CARTESIAN_POINT('',(254.606758758599,412.515520608143,36.));
#5744=CARTESIAN_POINT('Ctrl Pts',(254.606758758599,412.515520608143,36.));
#5745=CARTESIAN_POINT('Ctrl Pts',(254.606758758599,412.304031177751,36.));
#5746=CARTESIAN_POINT('Ctrl Pts',(254.524765425504,412.187354225723,36.));
#5747=CARTESIAN_POINT('Ctrl Pts',(254.360766304471,412.165477297217,36.));
#5748=CARTESIAN_POINT('',(254.606758758599,412.515520608143,35.2));
#5749=CARTESIAN_POINT('Ctrl Pts',(254.38235988534,413.015389430857,35.2));
#5750=CARTESIAN_POINT('Ctrl Pts',(254.38235988534,413.015389430857,36.));
#5751=CARTESIAN_POINT('Ctrl Pts',(254.531983005958,412.899683956439,35.2));
#5752=CARTESIAN_POINT('Ctrl Pts',(254.531983005958,412.899683956439,36.));
#5753=CARTESIAN_POINT('Ctrl Pts',(254.606758758599,412.733088001024,35.2));
#5754=CARTESIAN_POINT('Ctrl Pts',(254.606758758599,412.733088001024,36.));
#5755=CARTESIAN_POINT('Ctrl Pts',(254.606758758599,412.515520608143,35.2));
#5756=CARTESIAN_POINT('Ctrl Pts',(254.606758758599,412.515520608143,36.));
#5757=CARTESIAN_POINT('',(254.38235988534,413.015389430857,35.2));
#5758=CARTESIAN_POINT('Ctrl Pts',(254.38235988534,413.015389430857,35.2));
#5759=CARTESIAN_POINT('Ctrl Pts',(254.531983005958,412.899683956439,35.2));
#5760=CARTESIAN_POINT('Ctrl Pts',(254.606758758599,412.733088001024,35.2));
#5761=CARTESIAN_POINT('Ctrl Pts',(254.606758758599,412.515520608143,35.2));
#5762=CARTESIAN_POINT('',(254.38235988534,413.015389430857,36.));
#5763=CARTESIAN_POINT('Ctrl Pts',(254.38235988534,413.015389430857,36.));
#5764=CARTESIAN_POINT('Ctrl Pts',(254.531983005958,412.899683956439,36.));
#5765=CARTESIAN_POINT('Ctrl Pts',(254.606758758599,412.733088001024,36.));
#5766=CARTESIAN_POINT('Ctrl Pts',(254.606758758599,412.515520608143,36.));
#5767=CARTESIAN_POINT('',(254.38235988534,413.015389430857,35.2));
#5768=CARTESIAN_POINT('Ctrl Pts',(253.415652478681,413.418160311852,35.2));
#5769=CARTESIAN_POINT('Ctrl Pts',(253.415652478681,413.418160311852,36.));
#5770=CARTESIAN_POINT('Ctrl Pts',(253.91054870606,413.265320728503,35.2));
#5771=CARTESIAN_POINT('Ctrl Pts',(253.91054870606,413.265320728503,36.));
#5772=CARTESIAN_POINT('Ctrl Pts',(254.232736764721,413.131088677853,35.2));
#5773=CARTESIAN_POINT('Ctrl Pts',(254.232736764721,413.131088677853,36.));
#5774=CARTESIAN_POINT('Ctrl Pts',(254.38235988534,413.015389430857,35.2));
#5775=CARTESIAN_POINT('Ctrl Pts',(254.38235988534,413.015389430857,36.));
#5776=CARTESIAN_POINT('',(253.415652478681,413.418160311852,35.2));
#5777=CARTESIAN_POINT('Ctrl Pts',(253.415652478681,413.418160311852,35.2));
#5778=CARTESIAN_POINT('Ctrl Pts',(253.91054870606,413.265320728503,35.2));
#5779=CARTESIAN_POINT('Ctrl Pts',(254.232736764721,413.131088677853,35.2));
#5780=CARTESIAN_POINT('Ctrl Pts',(254.38235988534,413.015389430857,35.2));
#5781=CARTESIAN_POINT('',(253.415652478681,413.418160311852,36.));
#5782=CARTESIAN_POINT('Ctrl Pts',(253.415652478681,413.418160311852,36.));
#5783=CARTESIAN_POINT('Ctrl Pts',(253.91054870606,413.265320728503,36.));
#5784=CARTESIAN_POINT('Ctrl Pts',(254.232736764721,413.131088677853,36.));
#5785=CARTESIAN_POINT('Ctrl Pts',(254.38235988534,413.015389430857,36.));
#5786=CARTESIAN_POINT('',(253.415652478681,413.418160311852,35.2));
#5787=CARTESIAN_POINT('Origin',(248.133386200496,415.049333494632,35.2));
#5788=CARTESIAN_POINT('',(253.415652478681,413.418160311852,35.2));
#5789=CARTESIAN_POINT('',(253.415652478681,413.418160311852,36.));
#5790=CARTESIAN_POINT('Ctrl Pts',(248.996525375452,418.444772292876,35.2));
#5791=CARTESIAN_POINT('Ctrl Pts',(248.996525375452,418.444772292876,36.));
#5792=CARTESIAN_POINT('Ctrl Pts',(248.185179657479,418.69532010516,35.2));
#5793=CARTESIAN_POINT('Ctrl Pts',(248.185179657479,418.69532010516,36.));
#5794=CARTESIAN_POINT('Ctrl Pts',(247.580989085172,418.822975999674,35.2));
#5795=CARTESIAN_POINT('Ctrl Pts',(247.580989085172,418.822975999674,36.));
#5796=CARTESIAN_POINT('Ctrl Pts',(247.183953658533,418.827752431261,35.2));
#5797=CARTESIAN_POINT('Ctrl Pts',(247.183953658533,418.827752431261,36.));
#5798=CARTESIAN_POINT('',(247.183953658533,418.827752431261,35.2));
#5799=CARTESIAN_POINT('',(248.996525375452,418.444772292876,35.2));
#5800=CARTESIAN_POINT('Ctrl Pts',(247.183953658533,418.827752431261,35.2));
#5801=CARTESIAN_POINT('Ctrl Pts',(247.580989085172,418.822975999674,35.2));
#5802=CARTESIAN_POINT('Ctrl Pts',(248.185179657479,418.69532010516,35.2));
#5803=CARTESIAN_POINT('Ctrl Pts',(248.996525375452,418.444772292876,35.2));
#5804=CARTESIAN_POINT('',(247.183953658533,418.827752431261,36.));
#5805=CARTESIAN_POINT('',(247.183953658533,418.827752431261,35.2));
#5806=CARTESIAN_POINT('',(248.996525375452,418.444772292876,36.));
#5807=CARTESIAN_POINT('Ctrl Pts',(248.996525375452,418.444772292876,36.));
#5808=CARTESIAN_POINT('Ctrl Pts',(248.185179657479,418.69532010516,36.));
#5809=CARTESIAN_POINT('Ctrl Pts',(247.580989085172,418.822975999674,36.));
#5810=CARTESIAN_POINT('Ctrl Pts',(247.183953658533,418.827752431261,36.));
#5811=CARTESIAN_POINT('',(248.996525375452,418.444772292876,35.2));
#5812=CARTESIAN_POINT('Origin',(251.801660749287,417.578538089891,35.2));
#5813=CARTESIAN_POINT('',(251.801660749287,417.578538089891,35.2));
#5814=CARTESIAN_POINT('',(248.996525375452,418.444772292876,35.2));
#5815=CARTESIAN_POINT('',(251.801660749287,417.578538089891,36.));
#5816=CARTESIAN_POINT('',(248.996525375452,418.444772292876,36.));
#5817=CARTESIAN_POINT('',(251.801660749287,417.578538089891,35.2));
#5818=CARTESIAN_POINT('Ctrl Pts',(254.067327132927,416.715728968226,35.2));
#5819=CARTESIAN_POINT('Ctrl Pts',(254.067327132927,416.715728968226,36.));
#5820=CARTESIAN_POINT('Ctrl Pts',(253.586875407589,416.972846709224,35.2));
#5821=CARTESIAN_POINT('Ctrl Pts',(253.586875407589,416.972846709224,36.));
#5822=CARTESIAN_POINT('Ctrl Pts',(252.831604498248,417.260447673972,35.2));
#5823=CARTESIAN_POINT('Ctrl Pts',(252.831604498248,417.260447673972,36.));
#5824=CARTESIAN_POINT('Ctrl Pts',(251.801660749287,417.578538089891,35.2));
#5825=CARTESIAN_POINT('Ctrl Pts',(251.801660749287,417.578538089891,36.));
#5826=CARTESIAN_POINT('',(254.067327132927,416.715728968226,35.2));
#5827=CARTESIAN_POINT('Ctrl Pts',(251.801660749287,417.578538089891,35.2));
#5828=CARTESIAN_POINT('Ctrl Pts',(252.831604498248,417.260447673972,35.2));
#5829=CARTESIAN_POINT('Ctrl Pts',(253.586875407589,416.972846709224,35.2));
#5830=CARTESIAN_POINT('Ctrl Pts',(254.067327132927,416.715728968226,35.2));
#5831=CARTESIAN_POINT('',(254.067327132927,416.715728968226,36.));
#5832=CARTESIAN_POINT('Ctrl Pts',(254.067327132927,416.715728968226,36.));
#5833=CARTESIAN_POINT('Ctrl Pts',(253.586875407589,416.972846709224,36.));
#5834=CARTESIAN_POINT('Ctrl Pts',(252.831604498248,417.260447673972,36.));
#5835=CARTESIAN_POINT('Ctrl Pts',(251.801660749287,417.578538089891,36.));
#5836=CARTESIAN_POINT('',(254.067327132927,416.715728968226,35.2));
#5837=CARTESIAN_POINT('Ctrl Pts',(255.41379198782,415.601973479359,35.2));
#5838=CARTESIAN_POINT('Ctrl Pts',(255.41379198782,415.601973479359,36.));
#5839=CARTESIAN_POINT('Ctrl Pts',(254.99664510641,416.087307502434,35.2));
#5840=CARTESIAN_POINT('Ctrl Pts',(254.99664510641,416.087307502434,36.));
#5841=CARTESIAN_POINT('Ctrl Pts',(254.547778858265,416.458573862704,35.2));
#5842=CARTESIAN_POINT('Ctrl Pts',(254.547778858265,416.458573862704,36.));
#5843=CARTESIAN_POINT('Ctrl Pts',(254.067327132927,416.715728968226,35.2));
#5844=CARTESIAN_POINT('Ctrl Pts',(254.067327132927,416.715728968226,36.));
#5845=CARTESIAN_POINT('',(255.41379198782,415.601973479359,35.2));
#5846=CARTESIAN_POINT('Ctrl Pts',(254.067327132927,416.715728968226,35.2));
#5847=CARTESIAN_POINT('Ctrl Pts',(254.547778858265,416.458573862704,35.2));
#5848=CARTESIAN_POINT('Ctrl Pts',(254.99664510641,416.087307502434,35.2));
#5849=CARTESIAN_POINT('Ctrl Pts',(255.41379198782,415.601973479359,35.2));
#5850=CARTESIAN_POINT('',(255.41379198782,415.601973479359,36.));
#5851=CARTESIAN_POINT('Ctrl Pts',(255.41379198782,415.601973479359,36.));
#5852=CARTESIAN_POINT('Ctrl Pts',(254.99664510641,416.087307502434,36.));
#5853=CARTESIAN_POINT('Ctrl Pts',(254.547778858265,416.458573862704,36.));
#5854=CARTESIAN_POINT('Ctrl Pts',(254.067327132927,416.715728968226,36.));
#5855=CARTESIAN_POINT('',(255.41379198782,415.601973479359,35.2));
#5856=CARTESIAN_POINT('Ctrl Pts',(256.33730289161,413.94353042185,35.2));
#5857=CARTESIAN_POINT('Ctrl Pts',(256.33730289161,413.94353042185,36.));
#5858=CARTESIAN_POINT('Ctrl Pts',(256.138819429103,414.563837558623,35.2));
#5859=CARTESIAN_POINT('Ctrl Pts',(256.138819429103,414.563837558623,36.));
#5860=CARTESIAN_POINT('Ctrl Pts',(255.830941982939,415.116633228864,35.2));
#5861=CARTESIAN_POINT('Ctrl Pts',(255.830941982939,415.116633228864,36.));
#5862=CARTESIAN_POINT('Ctrl Pts',(255.41379198782,415.601973479359,35.2));
#5863=CARTESIAN_POINT('Ctrl Pts',(255.41379198782,415.601973479359,36.));
#5864=CARTESIAN_POINT('',(256.33730289161,413.94353042185,35.2));
#5865=CARTESIAN_POINT('Ctrl Pts',(255.41379198782,415.601973479359,35.2));
#5866=CARTESIAN_POINT('Ctrl Pts',(255.830941982939,415.116633228864,35.2));
#5867=CARTESIAN_POINT('Ctrl Pts',(256.138819429103,414.563837558623,35.2));
#5868=CARTESIAN_POINT('Ctrl Pts',(256.33730289161,413.94353042185,35.2));
#5869=CARTESIAN_POINT('',(256.33730289161,413.94353042185,36.));
#5870=CARTESIAN_POINT('Ctrl Pts',(256.33730289161,413.94353042185,36.));
#5871=CARTESIAN_POINT('Ctrl Pts',(256.138819429103,414.563837558623,36.));
#5872=CARTESIAN_POINT('Ctrl Pts',(255.830941982939,415.116633228864,36.));
#5873=CARTESIAN_POINT('Ctrl Pts',(255.41379198782,415.601973479359,36.));
#5874=CARTESIAN_POINT('',(256.33730289161,413.94353042185,35.2));
#5875=CARTESIAN_POINT('Ctrl Pts',(256.635129280954,411.925422688614,35.2));
#5876=CARTESIAN_POINT('Ctrl Pts',(256.635129280954,411.925422688614,36.));
#5877=CARTESIAN_POINT('Ctrl Pts',(256.635129280954,412.650568450889,35.2));
#5878=CARTESIAN_POINT('Ctrl Pts',(256.635129280954,412.650568450889,36.));
#5879=CARTESIAN_POINT('Ctrl Pts',(256.535854855743,413.323273104441,35.2));
#5880=CARTESIAN_POINT('Ctrl Pts',(256.535854855743,413.323273104441,36.));
#5881=CARTESIAN_POINT('Ctrl Pts',(256.33730289161,413.94353042185,35.2));
#5882=CARTESIAN_POINT('Ctrl Pts',(256.33730289161,413.94353042185,36.));
#5883=CARTESIAN_POINT('',(256.635129280954,411.925422688614,35.2));
#5884=CARTESIAN_POINT('Ctrl Pts',(256.33730289161,413.94353042185,35.2));
#5885=CARTESIAN_POINT('Ctrl Pts',(256.535854855743,413.323273104441,35.2));
#5886=CARTESIAN_POINT('Ctrl Pts',(256.635129280954,412.650568450889,35.2));
#5887=CARTESIAN_POINT('Ctrl Pts',(256.635129280954,411.925422688614,35.2));
#5888=CARTESIAN_POINT('',(256.635129280954,411.925422688614,36.));
#5889=CARTESIAN_POINT('Ctrl Pts',(256.635129280954,411.925422688614,36.));
#5890=CARTESIAN_POINT('Ctrl Pts',(256.635129280954,412.650568450889,36.));
#5891=CARTESIAN_POINT('Ctrl Pts',(256.535854855743,413.323273104441,36.));
#5892=CARTESIAN_POINT('Ctrl Pts',(256.33730289161,413.94353042185,36.));
#5893=CARTESIAN_POINT('',(256.635129280954,411.925422688614,35.2));
#5894=CARTESIAN_POINT('Ctrl Pts',(256.380496280768,409.946485430841,35.2));
#5895=CARTESIAN_POINT('Ctrl Pts',(256.380496280768,409.946485430841,36.));
#5896=CARTESIAN_POINT('Ctrl Pts',(256.550230856157,410.456025437719,35.2));
#5897=CARTESIAN_POINT('Ctrl Pts',(256.550230856157,410.456025437719,36.));
#5898=CARTESIAN_POINT('Ctrl Pts',(256.635129280954,411.11567119031,35.2));
#5899=CARTESIAN_POINT('Ctrl Pts',(256.635129280954,411.11567119031,36.));
#5900=CARTESIAN_POINT('Ctrl Pts',(256.635129280954,411.925422688614,35.2));
#5901=CARTESIAN_POINT('Ctrl Pts',(256.635129280954,411.925422688614,36.));
#5902=CARTESIAN_POINT('',(256.380496280768,409.946485430841,35.2));
#5903=CARTESIAN_POINT('Ctrl Pts',(256.635129280954,411.925422688614,35.2));
#5904=CARTESIAN_POINT('Ctrl Pts',(256.635129280954,411.11567119031,35.2));
#5905=CARTESIAN_POINT('Ctrl Pts',(256.550230856157,410.456025437719,35.2));
#5906=CARTESIAN_POINT('Ctrl Pts',(256.380496280768,409.946485430841,35.2));
#5907=CARTESIAN_POINT('',(256.380496280768,409.946485430841,36.));
#5908=CARTESIAN_POINT('Ctrl Pts',(256.380496280768,409.946485430841,36.));
#5909=CARTESIAN_POINT('Ctrl Pts',(256.550230856157,410.456025437719,36.));
#5910=CARTESIAN_POINT('Ctrl Pts',(256.635129280954,411.11567119031,36.));
#5911=CARTESIAN_POINT('Ctrl Pts',(256.635129280954,411.925422688614,36.));
#5912=CARTESIAN_POINT('',(256.380496280768,409.946485430841,35.2));
#5913=CARTESIAN_POINT('Ctrl Pts',(255.612337724532,408.873905646865,35.2));
#5914=CARTESIAN_POINT('Ctrl Pts',(255.612337724532,408.873905646865,36.));
#5915=CARTESIAN_POINT('Ctrl Pts',(255.954711967011,409.079391843816,35.2));
#5916=CARTESIAN_POINT('Ctrl Pts',(255.954711967011,409.079391843816,36.));
#5917=CARTESIAN_POINT('Ctrl Pts',(256.210761705379,409.43690805944,35.2));
#5918=CARTESIAN_POINT('Ctrl Pts',(256.210761705379,409.43690805944,36.));
#5919=CARTESIAN_POINT('Ctrl Pts',(256.380496280768,409.946485430841,35.2));
#5920=CARTESIAN_POINT('Ctrl Pts',(256.380496280768,409.946485430841,36.));
#5921=CARTESIAN_POINT('',(255.612337724532,408.873905646865,35.2));
#5922=CARTESIAN_POINT('Ctrl Pts',(256.380496280768,409.946485430841,35.2));
#5923=CARTESIAN_POINT('Ctrl Pts',(256.210761705379,409.43690805944,35.2));
#5924=CARTESIAN_POINT('Ctrl Pts',(255.954711967011,409.079391843816,35.2));
#5925=CARTESIAN_POINT('Ctrl Pts',(255.612337724532,408.873905646865,35.2));
#5926=CARTESIAN_POINT('',(255.612337724532,408.873905646865,36.));
#5927=CARTESIAN_POINT('Ctrl Pts',(255.612337724532,408.873905646865,36.));
#5928=CARTESIAN_POINT('Ctrl Pts',(255.954711967011,409.079391843816,36.));
#5929=CARTESIAN_POINT('Ctrl Pts',(256.210761705379,409.43690805944,36.));
#5930=CARTESIAN_POINT('Ctrl Pts',(256.380496280768,409.946485430841,36.));
#5931=CARTESIAN_POINT('',(255.612337724532,408.873905646865,35.2));
#5932=CARTESIAN_POINT('Ctrl Pts',(254.369400623108,408.591485896041,35.2));
#5933=CARTESIAN_POINT('Ctrl Pts',(254.369400623108,408.591485896041,36.));
#5934=CARTESIAN_POINT('Ctrl Pts',(254.855656304429,408.574260850711,35.2));
#5935=CARTESIAN_POINT('Ctrl Pts',(254.855656304429,408.574260850711,36.));
#5936=CARTESIAN_POINT('Ctrl Pts',(255.269972823184,408.668413222493,35.2));
#5937=CARTESIAN_POINT('Ctrl Pts',(255.269972823184,408.668413222493,36.));
#5938=CARTESIAN_POINT('Ctrl Pts',(255.612337724532,408.873905646865,35.2));
#5939=CARTESIAN_POINT('Ctrl Pts',(255.612337724532,408.873905646865,36.));
#5940=CARTESIAN_POINT('',(254.369400623108,408.591485896041,35.2));
#5941=CARTESIAN_POINT('Ctrl Pts',(255.612337724532,408.873905646865,35.2));
#5942=CARTESIAN_POINT('Ctrl Pts',(255.269972823184,408.668413222493,35.2));
#5943=CARTESIAN_POINT('Ctrl Pts',(254.855656304429,408.574260850711,35.2));
#5944=CARTESIAN_POINT('Ctrl Pts',(254.369400623108,408.591485896041,35.2));
#5945=CARTESIAN_POINT('',(254.369400623108,408.591485896041,36.));
#5946=CARTESIAN_POINT('Ctrl Pts',(254.369400623108,408.591485896041,36.));
#5947=CARTESIAN_POINT('Ctrl Pts',(254.855656304429,408.574260850711,36.));
#5948=CARTESIAN_POINT('Ctrl Pts',(255.269972823184,408.668413222493,36.));
#5949=CARTESIAN_POINT('Ctrl Pts',(255.612337724532,408.873905646865,36.));
#5950=CARTESIAN_POINT('',(254.369400623108,408.591485896041,35.2));
#5951=CARTESIAN_POINT('Ctrl Pts',(252.181418197521,409.067721657645,35.2));
#5952=CARTESIAN_POINT('Ctrl Pts',(252.181418197521,409.067721657645,36.));
#5953=CARTESIAN_POINT('Ctrl Pts',(253.153861058536,408.767422982329,35.2));
#5954=CARTESIAN_POINT('Ctrl Pts',(253.153861058536,408.767422982329,36.));
#5955=CARTESIAN_POINT('Ctrl Pts',(253.883216557124,408.608667349427,35.2));
#5956=CARTESIAN_POINT('Ctrl Pts',(253.883216557124,408.608667349427,36.));
#5957=CARTESIAN_POINT('Ctrl Pts',(254.369400623108,408.591485896041,35.2));
#5958=CARTESIAN_POINT('Ctrl Pts',(254.369400623108,408.591485896041,36.));
#5959=CARTESIAN_POINT('',(252.181418197521,409.067721657645,35.2));
#5960=CARTESIAN_POINT('Ctrl Pts',(254.369400623108,408.591485896041,35.2));
#5961=CARTESIAN_POINT('Ctrl Pts',(253.883216557124,408.608667349427,35.2));
#5962=CARTESIAN_POINT('Ctrl Pts',(253.153861058536,408.767422982329,35.2));
#5963=CARTESIAN_POINT('Ctrl Pts',(252.181418197521,409.067721657645,35.2));
#5964=CARTESIAN_POINT('',(252.181418197521,409.067721657645,36.));
#5965=CARTESIAN_POINT('Ctrl Pts',(252.181418197521,409.067721657645,36.));
#5966=CARTESIAN_POINT('Ctrl Pts',(253.153861058536,408.767422982329,36.));
#5967=CARTESIAN_POINT('Ctrl Pts',(253.883216557124,408.608667349427,36.));
#5968=CARTESIAN_POINT('Ctrl Pts',(254.369400623108,408.591485896041,36.));
#5969=CARTESIAN_POINT('',(252.181418197521,409.067721657645,35.2));
#5970=CARTESIAN_POINT('Origin',(249.246811636072,409.973954583029,35.2));
#5971=CARTESIAN_POINT('',(249.246811636072,409.973954583029,35.2));
#5972=CARTESIAN_POINT('',(252.181418197521,409.067721657645,35.2));
#5973=CARTESIAN_POINT('',(249.246811636072,409.973954583029,36.));
#5974=CARTESIAN_POINT('',(252.181418197521,409.067721657645,36.));
#5975=CARTESIAN_POINT('',(249.246811636072,409.973954583029,35.2));
#5976=CARTESIAN_POINT('Ctrl Pts',(246.752390298475,411.106809570821,35.2));
#5977=CARTESIAN_POINT('Ctrl Pts',(246.752390298475,411.106809570821,36.));
#5978=CARTESIAN_POINT('Ctrl Pts',(247.350851643846,410.680287307725,35.2));
#5979=CARTESIAN_POINT('Ctrl Pts',(247.350851643846,410.680287307725,36.));
#5980=CARTESIAN_POINT('Ctrl Pts',(248.1823119303,410.302693888144,35.2));
#5981=CARTESIAN_POINT('Ctrl Pts',(248.1823119303,410.302693888144,36.));
#5982=CARTESIAN_POINT('Ctrl Pts',(249.246811636072,409.973954583029,35.2));
#5983=CARTESIAN_POINT('Ctrl Pts',(249.246811636072,409.973954583029,36.));
#5984=CARTESIAN_POINT('',(246.752390298475,411.106809570821,35.2));
#5985=CARTESIAN_POINT('Ctrl Pts',(249.246811636072,409.973954583029,35.2));
#5986=CARTESIAN_POINT('Ctrl Pts',(248.1823119303,410.302693888144,35.2));
#5987=CARTESIAN_POINT('Ctrl Pts',(247.350851643846,410.680287307725,35.2));
#5988=CARTESIAN_POINT('Ctrl Pts',(246.752390298475,411.106809570821,35.2));
#5989=CARTESIAN_POINT('',(246.752390298475,411.106809570821,36.));
#5990=CARTESIAN_POINT('Ctrl Pts',(246.752390298475,411.106809570821,36.));
#5991=CARTESIAN_POINT('Ctrl Pts',(247.350851643846,410.680287307725,36.));
#5992=CARTESIAN_POINT('Ctrl Pts',(248.1823119303,410.302693888144,36.));
#5993=CARTESIAN_POINT('Ctrl Pts',(249.246811636072,409.973954583029,36.));
#5994=CARTESIAN_POINT('',(246.752390298475,411.106809570821,35.2));
#5995=CARTESIAN_POINT('Ctrl Pts',(245.311010212779,412.857200493227,35.2));
#5996=CARTESIAN_POINT('Ctrl Pts',(245.311010212779,412.857200493227,36.));
#5997=CARTESIAN_POINT('Ctrl Pts',(245.673527047131,412.116785095685,35.2));
#5998=CARTESIAN_POINT('Ctrl Pts',(245.673527047131,412.116785095685,36.));
#5999=CARTESIAN_POINT('Ctrl Pts',(246.153972545049,411.533338061338,35.2));
#6000=CARTESIAN_POINT('Ctrl Pts',(246.153972545049,411.533338061338,36.));
#6001=CARTESIAN_POINT('Ctrl Pts',(246.752390298475,411.106809570821,35.2));
#6002=CARTESIAN_POINT('Ctrl Pts',(246.752390298475,411.106809570821,36.));
#6003=CARTESIAN_POINT('',(245.311010212779,412.857200493227,35.2));
#6004=CARTESIAN_POINT('Ctrl Pts',(246.752390298475,411.106809570821,35.2));
#6005=CARTESIAN_POINT('Ctrl Pts',(246.153972545049,411.533338061338,35.2));
#6006=CARTESIAN_POINT('Ctrl Pts',(245.673527047131,412.116785095685,35.2));
#6007=CARTESIAN_POINT('Ctrl Pts',(245.311010212779,412.857200493227,35.2));
#6008=CARTESIAN_POINT('',(245.311010212779,412.857200493227,36.));
#6009=CARTESIAN_POINT('Ctrl Pts',(245.311010212779,412.857200493227,36.));
#6010=CARTESIAN_POINT('Ctrl Pts',(245.673527047131,412.116785095685,36.));
#6011=CARTESIAN_POINT('Ctrl Pts',(246.153972545049,411.533338061338,36.));
#6012=CARTESIAN_POINT('Ctrl Pts',(246.752390298475,411.106809570821,36.));
#6013=CARTESIAN_POINT('',(245.311010212779,412.857200493227,35.2));
#6014=CARTESIAN_POINT('Ctrl Pts',(244.767253643513,415.43619331604,35.2));
#6015=CARTESIAN_POINT('Ctrl Pts',(244.767253643513,415.43619331604,36.));
#6016=CARTESIAN_POINT('Ctrl Pts',(244.767253643513,414.45727393762,35.2));
#6017=CARTESIAN_POINT('Ctrl Pts',(244.767253643513,414.45727393762,36.));
#6018=CARTESIAN_POINT('Ctrl Pts',(244.948493378427,413.597572298826,35.2));
#6019=CARTESIAN_POINT('Ctrl Pts',(244.948493378427,413.597572298826,36.));
#6020=CARTESIAN_POINT('Ctrl Pts',(245.311010212779,412.857200493227,35.2));
#6021=CARTESIAN_POINT('Ctrl Pts',(245.311010212779,412.857200493227,36.));
#6022=CARTESIAN_POINT('',(244.767253643513,415.43619331604,35.2));
#6023=CARTESIAN_POINT('Ctrl Pts',(245.311010212779,412.857200493227,35.2));
#6024=CARTESIAN_POINT('Ctrl Pts',(244.948493378427,413.597572298826,35.2));
#6025=CARTESIAN_POINT('Ctrl Pts',(244.767253643513,414.45727393762,35.2));
#6026=CARTESIAN_POINT('Ctrl Pts',(244.767253643513,415.43619331604,35.2));
#6027=CARTESIAN_POINT('',(244.767253643513,415.43619331604,36.));
#6028=CARTESIAN_POINT('Ctrl Pts',(244.767253643513,415.43619331604,36.));
#6029=CARTESIAN_POINT('Ctrl Pts',(244.767253643513,414.45727393762,36.));
#6030=CARTESIAN_POINT('Ctrl Pts',(244.948493378427,413.597572298826,36.));
#6031=CARTESIAN_POINT('Ctrl Pts',(245.311010212779,412.857200493227,36.));
#6032=CARTESIAN_POINT('',(244.767253643513,415.43619331604,35.2));
#6033=CARTESIAN_POINT('Ctrl Pts',(245.116814329344,417.444754413523,35.2));
#6034=CARTESIAN_POINT('Ctrl Pts',(245.116814329344,417.444754413523,36.));
#6035=CARTESIAN_POINT('Ctrl Pts',(244.883778023737,416.927542224488,35.2));
#6036=CARTESIAN_POINT('Ctrl Pts',(244.883778023737,416.927542224488,36.));
#6037=CARTESIAN_POINT('Ctrl Pts',(244.767253643513,416.258026010274,35.2));
#6038=CARTESIAN_POINT('Ctrl Pts',(244.767253643513,416.258026010274,36.));
#6039=CARTESIAN_POINT('Ctrl Pts',(244.767253643513,415.43619331604,35.2));
#6040=CARTESIAN_POINT('Ctrl Pts',(244.767253643513,415.43619331604,36.));
#6041=CARTESIAN_POINT('',(245.116814329344,417.444754413523,35.2));
#6042=CARTESIAN_POINT('Ctrl Pts',(244.767253643513,415.43619331604,35.2));
#6043=CARTESIAN_POINT('Ctrl Pts',(244.767253643513,416.258026010274,35.2));
#6044=CARTESIAN_POINT('Ctrl Pts',(244.883778023737,416.927542224488,35.2));
#6045=CARTESIAN_POINT('Ctrl Pts',(245.116814329344,417.444754413523,35.2));
#6046=CARTESIAN_POINT('',(245.116814329344,417.444754413523,36.));
#6047=CARTESIAN_POINT('Ctrl Pts',(245.116814329344,417.444754413523,36.));
#6048=CARTESIAN_POINT('Ctrl Pts',(244.883778023737,416.927542224488,36.));
#6049=CARTESIAN_POINT('Ctrl Pts',(244.767253643513,416.258026010274,36.));
#6050=CARTESIAN_POINT('Ctrl Pts',(244.767253643513,415.43619331604,36.));
#6051=CARTESIAN_POINT('',(245.116814329344,417.444754413523,35.2));
#6052=CARTESIAN_POINT('Ctrl Pts',(246.027400221715,418.527746444713,35.2));
#6053=CARTESIAN_POINT('Ctrl Pts',(246.027400221715,418.527746444713,36.));
#6054=CARTESIAN_POINT('Ctrl Pts',(245.653378227838,418.32298885597,35.2));
#6055=CARTESIAN_POINT('Ctrl Pts',(245.653378227838,418.32298885597,36.));
#6056=CARTESIAN_POINT('Ctrl Pts',(245.34984440753,417.961966602558,35.2));
#6057=CARTESIAN_POINT('Ctrl Pts',(245.34984440753,417.961966602558,36.));
#6058=CARTESIAN_POINT('Ctrl Pts',(245.116814329344,417.444754413523,35.2));
#6059=CARTESIAN_POINT('Ctrl Pts',(245.116814329344,417.444754413523,36.));
#6060=CARTESIAN_POINT('',(246.027400221715,418.527746444713,35.2));
#6061=CARTESIAN_POINT('Ctrl Pts',(245.116814329344,417.444754413523,35.2));
#6062=CARTESIAN_POINT('Ctrl Pts',(245.34984440753,417.961966602558,35.2));
#6063=CARTESIAN_POINT('Ctrl Pts',(245.653378227838,418.32298885597,35.2));
#6064=CARTESIAN_POINT('Ctrl Pts',(246.027400221715,418.527746444713,35.2));
#6065=CARTESIAN_POINT('',(246.027400221715,418.527746444713,36.));
#6066=CARTESIAN_POINT('Ctrl Pts',(246.027400221715,418.527746444713,36.));
#6067=CARTESIAN_POINT('Ctrl Pts',(245.653378227838,418.32298885597,36.));
#6068=CARTESIAN_POINT('Ctrl Pts',(245.34984440753,417.961966602558,36.));
#6069=CARTESIAN_POINT('Ctrl Pts',(245.116814329344,417.444754413523,36.));
#6070=CARTESIAN_POINT('',(246.027400221715,418.527746444713,35.2));
#6071=CARTESIAN_POINT('Ctrl Pts',(247.183953658533,418.827752431261,35.2));
#6072=CARTESIAN_POINT('Ctrl Pts',(247.183953658533,418.827752431261,36.));
#6073=CARTESIAN_POINT('Ctrl Pts',(246.786915118183,418.832528862848,35.2));
#6074=CARTESIAN_POINT('Ctrl Pts',(246.786915118183,418.832528862848,36.));
#6075=CARTESIAN_POINT('Ctrl Pts',(246.401419101883,418.732497806036,35.2));
#6076=CARTESIAN_POINT('Ctrl Pts',(246.401419101883,418.732497806036,36.));
#6077=CARTESIAN_POINT('Ctrl Pts',(246.027400221715,418.527746444713,35.2));
#6078=CARTESIAN_POINT('Ctrl Pts',(246.027400221715,418.527746444713,36.));
#6079=CARTESIAN_POINT('Ctrl Pts',(246.027400221715,418.527746444713,35.2));
#6080=CARTESIAN_POINT('Ctrl Pts',(246.401419101883,418.732497806036,35.2));
#6081=CARTESIAN_POINT('Ctrl Pts',(246.786915118183,418.832528862848,35.2));
#6082=CARTESIAN_POINT('Ctrl Pts',(247.183953658533,418.827752431261,35.2));
#6083=CARTESIAN_POINT('Ctrl Pts',(247.183953658533,418.827752431261,36.));
#6084=CARTESIAN_POINT('Ctrl Pts',(246.786915118183,418.832528862848,36.));
#6085=CARTESIAN_POINT('Ctrl Pts',(246.401419101883,418.732497806036,36.));
#6086=CARTESIAN_POINT('Ctrl Pts',(246.027400221715,418.527746444713,36.));
#6087=CARTESIAN_POINT('Origin',(250.701191462233,413.703394856779,36.));
#6088=CARTESIAN_POINT('Origin',(250.701191462233,413.703394856779,35.2));
#6089=CARTESIAN_POINT('Origin',(258.779494852783,354.204035791672,35.2));
#6090=CARTESIAN_POINT('',(258.779494852783,354.204035791672,35.2));
#6091=CARTESIAN_POINT('',(258.779494852783,434.01088882695,35.2));
#6092=CARTESIAN_POINT('',(258.779494852783,354.204035791672,35.2));
#6093=CARTESIAN_POINT('',(258.779494852783,434.01088882695,36.));
#6094=CARTESIAN_POINT('',(258.779494852783,434.01088882695,35.2));
#6095=CARTESIAN_POINT('',(258.779494852783,354.204035791672,36.));
#6096=CARTESIAN_POINT('',(258.779494852783,354.204035791672,36.));
#6097=CARTESIAN_POINT('',(258.779494852783,354.204035791672,35.2));
#6098=CARTESIAN_POINT('Origin',(257.683568469044,354.204035791672,35.2));
#6099=CARTESIAN_POINT('',(257.683568469044,354.204035791672,35.2));
#6100=CARTESIAN_POINT('',(257.683568469044,354.204035791672,35.2));
#6101=CARTESIAN_POINT('',(257.683568469044,354.204035791672,36.));
#6102=CARTESIAN_POINT('',(257.683568469044,354.204035791672,36.));
#6103=CARTESIAN_POINT('',(257.683568469044,354.204035791672,35.2));
#6104=CARTESIAN_POINT('Origin',(257.683568469044,434.01088882695,35.2));
#6105=CARTESIAN_POINT('',(257.683568469044,434.01088882695,35.2));
#6106=CARTESIAN_POINT('',(257.683568469044,434.01088882695,35.2));
#6107=CARTESIAN_POINT('',(257.683568469044,434.01088882695,36.));
#6108=CARTESIAN_POINT('',(257.683568469044,434.01088882695,36.));
#6109=CARTESIAN_POINT('',(257.683568469044,434.01088882695,35.2));
#6110=CARTESIAN_POINT('Origin',(258.779494852783,434.01088882695,35.2));
#6111=CARTESIAN_POINT('',(258.779494852783,434.01088882695,35.2));
#6112=CARTESIAN_POINT('',(258.779494852783,434.01088882695,36.));
#6113=CARTESIAN_POINT('Origin',(258.231531660913,394.107462309311,36.));
#6114=CARTESIAN_POINT('Origin',(258.231531660913,394.107462309311,35.2));
#6115=CARTESIAN_POINT('Origin',(254.03708366487,398.04598433697,35.2));
#6116=CARTESIAN_POINT('',(254.03708366487,398.04598433697,35.2));
#6117=CARTESIAN_POINT('',(250.12720076604,399.25336909429,35.2));
#6118=CARTESIAN_POINT('',(250.12720076604,399.25336909429,35.2));
#6119=CARTESIAN_POINT('',(250.12720076604,399.25336909429,36.));
#6120=CARTESIAN_POINT('',(250.12720076604,399.25336909429,35.2));
#6121=CARTESIAN_POINT('',(254.03708366487,398.04598433697,36.));
#6122=CARTESIAN_POINT('',(250.12720076604,399.25336909429,36.));
#6123=CARTESIAN_POINT('',(254.03708366487,398.04598433697,35.2));
#6124=CARTESIAN_POINT('Ctrl Pts',(253.795472201121,399.149420989932,35.2));
#6125=CARTESIAN_POINT('Ctrl Pts',(253.795472201121,399.149420989932,36.));
#6126=CARTESIAN_POINT('Ctrl Pts',(253.939294479467,398.956950101997,35.2));
#6127=CARTESIAN_POINT('Ctrl Pts',(253.939294479467,398.956950101997,36.));
#6128=CARTESIAN_POINT('Ctrl Pts',(254.019877301801,398.589108823047,35.2));
#6129=CARTESIAN_POINT('Ctrl Pts',(254.019877301801,398.589108823047,36.));
#6130=CARTESIAN_POINT('Ctrl Pts',(254.03708366487,398.04598433697,35.2));
#6131=CARTESIAN_POINT('Ctrl Pts',(254.03708366487,398.04598433697,36.));
#6132=CARTESIAN_POINT('',(253.795472201121,399.149420989932,35.2));
#6133=CARTESIAN_POINT('Ctrl Pts',(253.795472201121,399.149420989932,35.2));
#6134=CARTESIAN_POINT('Ctrl Pts',(253.939294479467,398.956950101997,35.2));
#6135=CARTESIAN_POINT('Ctrl Pts',(254.019877301801,398.589108823047,35.2));
#6136=CARTESIAN_POINT('Ctrl Pts',(254.03708366487,398.04598433697,35.2));
#6137=CARTESIAN_POINT('',(253.795472201121,399.149420989932,36.));
#6138=CARTESIAN_POINT('Ctrl Pts',(253.795472201121,399.149420989932,36.));
#6139=CARTESIAN_POINT('Ctrl Pts',(253.939294479467,398.956950101997,36.));
#6140=CARTESIAN_POINT('Ctrl Pts',(254.019877301801,398.589108823047,36.));
#6141=CARTESIAN_POINT('Ctrl Pts',(254.03708366487,398.04598433697,36.));
#6142=CARTESIAN_POINT('',(253.795472201121,399.149420989932,35.2));
#6143=CARTESIAN_POINT('Ctrl Pts',(252.733815312846,399.699320909602,35.2));
#6144=CARTESIAN_POINT('Ctrl Pts',(252.733815312846,399.699320909602,36.));
#6145=CARTESIAN_POINT('Ctrl Pts',(253.297751838509,399.525177320441,35.2));
#6146=CARTESIAN_POINT('Ctrl Pts',(253.297751838509,399.525177320441,36.));
#6147=CARTESIAN_POINT('Ctrl Pts',(253.65159076228,399.341891877866,35.2));
#6148=CARTESIAN_POINT('Ctrl Pts',(253.65159076228,399.341891877866,36.));
#6149=CARTESIAN_POINT('Ctrl Pts',(253.795472201121,399.149420989932,35.2));
#6150=CARTESIAN_POINT('Ctrl Pts',(253.795472201121,399.149420989932,36.));
#6151=CARTESIAN_POINT('',(252.733815312846,399.699320909602,35.2));
#6152=CARTESIAN_POINT('Ctrl Pts',(252.733815312846,399.699320909602,35.2));
#6153=CARTESIAN_POINT('Ctrl Pts',(253.297751838509,399.525177320441,35.2));
#6154=CARTESIAN_POINT('Ctrl Pts',(253.65159076228,399.341891877866,35.2));
#6155=CARTESIAN_POINT('Ctrl Pts',(253.795472201121,399.149420989932,35.2));
#6156=CARTESIAN_POINT('',(252.733815312846,399.699320909602,36.));
#6157=CARTESIAN_POINT('Ctrl Pts',(252.733815312846,399.699320909602,36.));
#6158=CARTESIAN_POINT('Ctrl Pts',(253.297751838509,399.525177320441,36.));
#6159=CARTESIAN_POINT('Ctrl Pts',(253.65159076228,399.341891877866,36.));
#6160=CARTESIAN_POINT('Ctrl Pts',(253.795472201121,399.149420989932,36.));
#6161=CARTESIAN_POINT('',(252.733815312846,399.699320909602,35.2));
#6162=CARTESIAN_POINT('Origin',(251.430475345485,400.101811556672,35.2));
#6163=CARTESIAN_POINT('',(251.430475345485,400.101811556672,35.2));
#6164=CARTESIAN_POINT('',(252.733815312846,399.699320909602,35.2));
#6165=CARTESIAN_POINT('',(251.430475345485,400.101811556672,36.));
#6166=CARTESIAN_POINT('',(252.733815312846,399.699320909602,36.));
#6167=CARTESIAN_POINT('',(251.430475345485,400.101811556672,35.2));
#6168=CARTESIAN_POINT('Ctrl Pts',(250.342959093242,400.238204522263,35.2));
#6169=CARTESIAN_POINT('Ctrl Pts',(250.342959093242,400.238204522263,36.));
#6170=CARTESIAN_POINT('Ctrl Pts',(250.469565667388,400.332070432699,35.2));
#6171=CARTESIAN_POINT('Ctrl Pts',(250.469565667388,400.332070432699,36.));
#6172=CARTESIAN_POINT('Ctrl Pts',(250.832048250927,400.286604035028,35.2));
#6173=CARTESIAN_POINT('Ctrl Pts',(250.832048250927,400.286604035028,36.));
#6174=CARTESIAN_POINT('Ctrl Pts',(251.430475345485,400.101811556672,35.2));
#6175=CARTESIAN_POINT('Ctrl Pts',(251.430475345485,400.101811556672,36.));
#6176=CARTESIAN_POINT('',(250.342959093242,400.238204522263,35.2));
#6177=CARTESIAN_POINT('Ctrl Pts',(250.342959093242,400.238204522263,35.2));
#6178=CARTESIAN_POINT('Ctrl Pts',(250.469565667388,400.332070432699,35.2));
#6179=CARTESIAN_POINT('Ctrl Pts',(250.832048250927,400.286604035028,35.2));
#6180=CARTESIAN_POINT('Ctrl Pts',(251.430475345485,400.101811556672,35.2));
#6181=CARTESIAN_POINT('',(250.342959093242,400.238204522263,36.));
#6182=CARTESIAN_POINT('Ctrl Pts',(250.342959093242,400.238204522263,36.));
#6183=CARTESIAN_POINT('Ctrl Pts',(250.469565667388,400.332070432699,36.));
#6184=CARTESIAN_POINT('Ctrl Pts',(250.832048250927,400.286604035028,36.));
#6185=CARTESIAN_POINT('Ctrl Pts',(251.430475345485,400.101811556672,36.));
#6186=CARTESIAN_POINT('',(250.342959093242,400.238204522263,35.2));
#6187=CARTESIAN_POINT('Ctrl Pts',(250.12720076604,399.25336909429,35.2));
#6188=CARTESIAN_POINT('Ctrl Pts',(250.12720076604,399.25336909429,36.));
#6189=CARTESIAN_POINT('Ctrl Pts',(250.144475630735,399.816085045519,35.2));
#6190=CARTESIAN_POINT('Ctrl Pts',(250.144475630735,399.816085045519,36.));
#6191=CARTESIAN_POINT('Ctrl Pts',(250.216417907011,400.144375976351,35.2));
#6192=CARTESIAN_POINT('Ctrl Pts',(250.216417907011,400.144375976351,36.));
#6193=CARTESIAN_POINT('Ctrl Pts',(250.342959093242,400.238204522263,35.2));
#6194=CARTESIAN_POINT('Ctrl Pts',(250.342959093242,400.238204522263,36.));
#6195=CARTESIAN_POINT('Ctrl Pts',(250.12720076604,399.25336909429,35.2));
#6196=CARTESIAN_POINT('Ctrl Pts',(250.144475630735,399.816085045519,35.2));
#6197=CARTESIAN_POINT('Ctrl Pts',(250.216417907011,400.144375976351,35.2));
#6198=CARTESIAN_POINT('Ctrl Pts',(250.342959093242,400.238204522263,35.2));
#6199=CARTESIAN_POINT('Ctrl Pts',(250.12720076604,399.25336909429,36.));
#6200=CARTESIAN_POINT('Ctrl Pts',(250.144475630735,399.816085045519,36.));
#6201=CARTESIAN_POINT('Ctrl Pts',(250.216417907011,400.144375976351,36.));
#6202=CARTESIAN_POINT('Ctrl Pts',(250.342959093242,400.238204522263,36.));
#6203=CARTESIAN_POINT('Origin',(247.952140238161,399.925052450866,35.2));
#6204=CARTESIAN_POINT('',(247.952140238161,399.925052450866,35.2));
#6205=CARTESIAN_POINT('',(244.844928260435,400.884585869014,35.2));
#6206=CARTESIAN_POINT('',(244.844928260435,400.884585869014,35.2));
#6207=CARTESIAN_POINT('',(244.844928260435,400.884585869014,36.));
#6208=CARTESIAN_POINT('',(244.844928260435,400.884585869014,35.2));
#6209=CARTESIAN_POINT('',(247.952140238161,399.925052450866,36.));
#6210=CARTESIAN_POINT('',(244.844928260435,400.884585869014,36.));
#6211=CARTESIAN_POINT('',(247.952140238161,399.925052450866,35.2));
#6212=CARTESIAN_POINT('Ctrl Pts',(247.943502805814,400.308437371589,35.2));
#6213=CARTESIAN_POINT('Ctrl Pts',(247.943502805814,400.308437371589,36.));
#6214=CARTESIAN_POINT('Ctrl Pts',(247.943502805814,400.217797265015,35.2));
#6215=CARTESIAN_POINT('Ctrl Pts',(247.943502805814,400.217797265015,36.));
#6216=CARTESIAN_POINT('Ctrl Pts',(247.946370532992,400.089973230145,35.2));
#6217=CARTESIAN_POINT('Ctrl Pts',(247.946370532992,400.089973230145,36.));
#6218=CARTESIAN_POINT('Ctrl Pts',(247.952140238161,399.925052450866,35.2));
#6219=CARTESIAN_POINT('Ctrl Pts',(247.952140238161,399.925052450866,36.));
#6220=CARTESIAN_POINT('',(247.943502805814,400.308437371589,35.2));
#6221=CARTESIAN_POINT('Ctrl Pts',(247.943502805814,400.308437371589,35.2));
#6222=CARTESIAN_POINT('Ctrl Pts',(247.943502805814,400.217797265015,35.2));
#6223=CARTESIAN_POINT('Ctrl Pts',(247.946370532992,400.089973230145,35.2));
#6224=CARTESIAN_POINT('Ctrl Pts',(247.952140238161,399.925052450866,35.2));
#6225=CARTESIAN_POINT('',(247.943502805814,400.308437371589,36.));
#6226=CARTESIAN_POINT('Ctrl Pts',(247.943502805814,400.308437371589,36.));
#6227=CARTESIAN_POINT('Ctrl Pts',(247.943502805814,400.217797265015,36.));
#6228=CARTESIAN_POINT('Ctrl Pts',(247.946370532992,400.089973230145,36.));
#6229=CARTESIAN_POINT('Ctrl Pts',(247.952140238161,399.925052450866,36.));
#6230=CARTESIAN_POINT('',(247.943502805814,400.308437371589,35.2));
#6231=CARTESIAN_POINT('Ctrl Pts',(247.680260396673,401.105783848094,35.2));
#6232=CARTESIAN_POINT('Ctrl Pts',(247.680260396673,401.105783848094,36.));
#6233=CARTESIAN_POINT('Ctrl Pts',(247.855764677231,400.948865304264,35.2));
#6234=CARTESIAN_POINT('Ctrl Pts',(247.855764677231,400.948865304264,36.));
#6235=CARTESIAN_POINT('Ctrl Pts',(247.943502805814,400.683097676077,35.2));
#6236=CARTESIAN_POINT('Ctrl Pts',(247.943502805814,400.683097676077,36.));
#6237=CARTESIAN_POINT('Ctrl Pts',(247.943502805814,400.308437371589,35.2));
#6238=CARTESIAN_POINT('Ctrl Pts',(247.943502805814,400.308437371589,36.));
#6239=CARTESIAN_POINT('',(247.680260396673,401.105783848094,35.2));
#6240=CARTESIAN_POINT('Ctrl Pts',(247.680260396673,401.105783848094,35.2));
#6241=CARTESIAN_POINT('Ctrl Pts',(247.855764677231,400.948865304264,35.2));
#6242=CARTESIAN_POINT('Ctrl Pts',(247.943502805814,400.683097676077,35.2));
#6243=CARTESIAN_POINT('Ctrl Pts',(247.943502805814,400.308437371589,35.2));
#6244=CARTESIAN_POINT('',(247.680260396673,401.105783848094,36.));
#6245=CARTESIAN_POINT('Ctrl Pts',(247.680260396673,401.105783848094,36.));
#6246=CARTESIAN_POINT('Ctrl Pts',(247.855764677231,400.948865304264,36.));
#6247=CARTESIAN_POINT('Ctrl Pts',(247.943502805814,400.683097676077,36.));
#6248=CARTESIAN_POINT('Ctrl Pts',(247.943502805814,400.308437371589,36.));
#6249=CARTESIAN_POINT('',(247.680260396673,401.105783848094,35.2));
#6250=CARTESIAN_POINT('Ctrl Pts',(246.174121364342,401.724982504004,35.2));
#6251=CARTESIAN_POINT('Ctrl Pts',(246.174121364342,401.724982504004,36.));
#6252=CARTESIAN_POINT('Ctrl Pts',(247.002710809908,401.469135156804,35.2));
#6253=CARTESIAN_POINT('Ctrl Pts',(247.002710809908,401.469135156804,36.));
#6254=CARTESIAN_POINT('Ctrl Pts',(247.504756116115,401.262708619345,35.2));
#6255=CARTESIAN_POINT('Ctrl Pts',(247.504756116115,401.262708619345,36.));
#6256=CARTESIAN_POINT('Ctrl Pts',(247.680260396673,401.105783848094,35.2));
#6257=CARTESIAN_POINT('Ctrl Pts',(247.680260396673,401.105783848094,36.));
#6258=CARTESIAN_POINT('',(246.174121364342,401.724982504004,35.2));
#6259=CARTESIAN_POINT('Ctrl Pts',(246.174121364342,401.724982504004,35.2));
#6260=CARTESIAN_POINT('Ctrl Pts',(247.002710809908,401.469135156804,35.2));
#6261=CARTESIAN_POINT('Ctrl Pts',(247.504756116115,401.262708619345,35.2));
#6262=CARTESIAN_POINT('Ctrl Pts',(247.680260396673,401.105783848094,35.2));
#6263=CARTESIAN_POINT('',(246.174121364342,401.724982504004,36.));
#6264=CARTESIAN_POINT('Ctrl Pts',(246.174121364342,401.724982504004,36.));
#6265=CARTESIAN_POINT('Ctrl Pts',(247.002710809908,401.469135156804,36.));
#6266=CARTESIAN_POINT('Ctrl Pts',(247.504756116115,401.262708619345,36.));
#6267=CARTESIAN_POINT('Ctrl Pts',(247.680260396673,401.105783848094,36.));
#6268=CARTESIAN_POINT('',(246.174121364342,401.724982504004,35.2));
#6269=CARTESIAN_POINT('Ctrl Pts',(245.254891812203,401.881950867199,35.2));
#6270=CARTESIAN_POINT('Ctrl Pts',(245.254891812203,401.881950867199,36.));
#6271=CARTESIAN_POINT('Ctrl Pts',(245.430396092761,401.912353134481,35.2));
#6272=CARTESIAN_POINT('Ctrl Pts',(245.430396092761,401.912353134481,36.));
#6273=CARTESIAN_POINT('Ctrl Pts',(245.736791412826,401.86003034675,35.2));
#6274=CARTESIAN_POINT('Ctrl Pts',(245.736791412826,401.86003034675,36.));
#6275=CARTESIAN_POINT('Ctrl Pts',(246.174121364342,401.724982504004,35.2));
#6276=CARTESIAN_POINT('Ctrl Pts',(246.174121364342,401.724982504004,36.));
#6277=CARTESIAN_POINT('',(245.254891812203,401.881950867199,35.2));
#6278=CARTESIAN_POINT('Ctrl Pts',(245.254891812203,401.881950867199,35.2));
#6279=CARTESIAN_POINT('Ctrl Pts',(245.430396092761,401.912353134481,35.2));
#6280=CARTESIAN_POINT('Ctrl Pts',(245.736791412826,401.86003034675,35.2));
#6281=CARTESIAN_POINT('Ctrl Pts',(246.174121364342,401.724982504004,35.2));
#6282=CARTESIAN_POINT('',(245.254891812203,401.881950867199,36.));
#6283=CARTESIAN_POINT('Ctrl Pts',(245.254891812203,401.881950867199,36.));
#6284=CARTESIAN_POINT('Ctrl Pts',(245.430396092761,401.912353134481,36.));
#6285=CARTESIAN_POINT('Ctrl Pts',(245.736791412826,401.86003034675,36.));
#6286=CARTESIAN_POINT('Ctrl Pts',(246.174121364342,401.724982504004,36.));
#6287=CARTESIAN_POINT('',(245.254891812203,401.881950867199,35.2));
#6288=CARTESIAN_POINT('Ctrl Pts',(244.922609104777,401.653728357702,35.2));
#6289=CARTESIAN_POINT('Ctrl Pts',(244.922609104777,401.653728357702,36.));
#6290=CARTESIAN_POINT('Ctrl Pts',(244.9686359703,401.775468202664,35.2));
#6291=CARTESIAN_POINT('Ctrl Pts',(244.9686359703,401.775468202664,36.));
#6292=CARTESIAN_POINT('Ctrl Pts',(245.079393759065,401.851542372496,35.2));
#6293=CARTESIAN_POINT('Ctrl Pts',(245.079393759065,401.851542372496,36.));
#6294=CARTESIAN_POINT('Ctrl Pts',(245.254891812203,401.881950867199,35.2));
#6295=CARTESIAN_POINT('Ctrl Pts',(245.254891812203,401.881950867199,36.));
#6296=CARTESIAN_POINT('',(244.922609104777,401.653728357702,35.2));
#6297=CARTESIAN_POINT('Ctrl Pts',(244.922609104777,401.653728357702,35.2));
#6298=CARTESIAN_POINT('Ctrl Pts',(244.9686359703,401.775468202664,35.2));
#6299=CARTESIAN_POINT('Ctrl Pts',(245.079393759065,401.851542372496,35.2));
#6300=CARTESIAN_POINT('Ctrl Pts',(245.254891812203,401.881950867199,35.2));
#6301=CARTESIAN_POINT('',(244.922609104777,401.653728357702,36.));
#6302=CARTESIAN_POINT('Ctrl Pts',(244.922609104777,401.653728357702,36.));
#6303=CARTESIAN_POINT('Ctrl Pts',(244.9686359703,401.775468202664,36.));
#6304=CARTESIAN_POINT('Ctrl Pts',(245.079393759065,401.851542372496,36.));
#6305=CARTESIAN_POINT('Ctrl Pts',(245.254891812203,401.881950867199,36.));
#6306=CARTESIAN_POINT('',(244.922609104777,401.653728357702,35.2));
#6307=CARTESIAN_POINT('Ctrl Pts',(244.844928260435,400.884585869014,35.2));
#6308=CARTESIAN_POINT('Ctrl Pts',(244.844928260435,400.884585869014,36.));
#6309=CARTESIAN_POINT('Ctrl Pts',(244.850660601081,401.275605607371,35.2));
#6310=CARTESIAN_POINT('Ctrl Pts',(244.850660601081,401.275605607371,36.));
#6311=CARTESIAN_POINT('Ctrl Pts',(244.876582239254,401.53198228532,35.2));
#6312=CARTESIAN_POINT('Ctrl Pts',(244.876582239254,401.53198228532,36.));
#6313=CARTESIAN_POINT('Ctrl Pts',(244.922609104777,401.653728357702,35.2));
#6314=CARTESIAN_POINT('Ctrl Pts',(244.922609104777,401.653728357702,36.));
#6315=CARTESIAN_POINT('Ctrl Pts',(244.844928260435,400.884585869014,35.2));
#6316=CARTESIAN_POINT('Ctrl Pts',(244.850660601081,401.275605607371,35.2));
#6317=CARTESIAN_POINT('Ctrl Pts',(244.876582239254,401.53198228532,35.2));
#6318=CARTESIAN_POINT('Ctrl Pts',(244.922609104777,401.653728357702,35.2));
#6319=CARTESIAN_POINT('Ctrl Pts',(244.844928260435,400.884585869014,36.));
#6320=CARTESIAN_POINT('Ctrl Pts',(244.850660601081,401.275605607371,36.));
#6321=CARTESIAN_POINT('Ctrl Pts',(244.876582239254,401.53198228532,36.));
#6322=CARTESIAN_POINT('Ctrl Pts',(244.922609104777,401.653728357702,36.));
#6323=CARTESIAN_POINT('Origin',(242.454072040831,397.806826476931,35.2));
#6324=CARTESIAN_POINT('',(256.427939884474,393.49164747806,35.2));
#6325=CARTESIAN_POINT('',(242.454072040831,397.806826476931,35.2));
#6326=CARTESIAN_POINT('',(256.427939884474,393.49164747806,35.2));
#6327=CARTESIAN_POINT('',(256.427939884474,393.49164747806,36.));
#6328=CARTESIAN_POINT('',(256.427939884474,393.49164747806,35.2));
#6329=CARTESIAN_POINT('',(242.454072040831,397.806826476931,36.));
#6330=CARTESIAN_POINT('',(256.427939884474,393.49164747806,36.));
#6331=CARTESIAN_POINT('',(242.454072040831,397.806826476931,35.2));
#6332=CARTESIAN_POINT('Origin',(242.454078268251,401.61381059177,35.2));
#6333=CARTESIAN_POINT('',(242.454078268251,401.61381059177,35.2));
#6334=CARTESIAN_POINT('',(242.454072040831,397.806826476931,35.2));
#6335=CARTESIAN_POINT('',(242.454078268251,401.61381059177,36.));
#6336=CARTESIAN_POINT('',(242.454072040831,397.806826476931,36.));
#6337=CARTESIAN_POINT('',(242.454078268251,401.61381059177,35.2));
#6338=CARTESIAN_POINT('Ctrl Pts',(242.721433888687,404.264144744773,35.2));
#6339=CARTESIAN_POINT('Ctrl Pts',(242.721433888687,404.264144744773,36.));
#6340=CARTESIAN_POINT('Ctrl Pts',(242.543195770493,403.699797209351,35.2));
#6341=CARTESIAN_POINT('Ctrl Pts',(242.543195770493,403.699797209351,36.));
#6342=CARTESIAN_POINT('Ctrl Pts',(242.454078268251,402.816337961036,35.2));
#6343=CARTESIAN_POINT('Ctrl Pts',(242.454078268251,402.816337961036,36.));
#6344=CARTESIAN_POINT('Ctrl Pts',(242.454078268251,401.61381059177,35.2));
#6345=CARTESIAN_POINT('Ctrl Pts',(242.454078268251,401.61381059177,36.));
#6346=CARTESIAN_POINT('',(242.721433888687,404.264144744773,35.2));
#6347=CARTESIAN_POINT('Ctrl Pts',(242.454078268251,401.61381059177,35.2));
#6348=CARTESIAN_POINT('Ctrl Pts',(242.454078268251,402.816337961036,35.2));
#6349=CARTESIAN_POINT('Ctrl Pts',(242.543195770493,403.699797209351,35.2));
#6350=CARTESIAN_POINT('Ctrl Pts',(242.721433888687,404.264144744773,35.2));
#6351=CARTESIAN_POINT('',(242.721433888687,404.264144744773,36.));
#6352=CARTESIAN_POINT('Ctrl Pts',(242.721433888687,404.264144744773,36.));
#6353=CARTESIAN_POINT('Ctrl Pts',(242.543195770493,403.699797209351,36.));
#6354=CARTESIAN_POINT('Ctrl Pts',(242.454078268251,402.816337961036,36.));
#6355=CARTESIAN_POINT('Ctrl Pts',(242.454078268251,401.61381059177,36.));
#6356=CARTESIAN_POINT('',(242.721433888687,404.264144744773,35.2));
#6357=CARTESIAN_POINT('Ctrl Pts',(243.80392461252,405.430023743912,35.2));
#6358=CARTESIAN_POINT('Ctrl Pts',(243.80392461252,405.430023743912,36.));
#6359=CARTESIAN_POINT('Ctrl Pts',(243.260498096544,405.217108234206,35.2));
#6360=CARTESIAN_POINT('Ctrl Pts',(243.260498096544,405.217108234206,36.));
#6361=CARTESIAN_POINT('Ctrl Pts',(242.899709371404,404.828492280194,35.2));
#6362=CARTESIAN_POINT('Ctrl Pts',(242.899709371404,404.828492280194,36.));
#6363=CARTESIAN_POINT('Ctrl Pts',(242.721433888687,404.264144744773,35.2));
#6364=CARTESIAN_POINT('Ctrl Pts',(242.721433888687,404.264144744773,36.));
#6365=CARTESIAN_POINT('',(243.80392461252,405.430023743912,35.2));
#6366=CARTESIAN_POINT('Ctrl Pts',(242.721433888687,404.264144744773,35.2));
#6367=CARTESIAN_POINT('Ctrl Pts',(242.899709371404,404.828492280194,35.2));
#6368=CARTESIAN_POINT('Ctrl Pts',(243.260498096544,405.217108234206,35.2));
#6369=CARTESIAN_POINT('Ctrl Pts',(243.80392461252,405.430023743912,35.2));
#6370=CARTESIAN_POINT('',(243.80392461252,405.430023743912,36.));
#6371=CARTESIAN_POINT('Ctrl Pts',(243.80392461252,405.430023743912,36.));
#6372=CARTESIAN_POINT('Ctrl Pts',(243.260498096544,405.217108234206,36.));
#6373=CARTESIAN_POINT('Ctrl Pts',(242.899709371404,404.828492280194,36.));
#6374=CARTESIAN_POINT('Ctrl Pts',(242.721433888687,404.264144744773,36.));
#6375=CARTESIAN_POINT('',(243.80392461252,405.430023743912,35.2));
#6376=CARTESIAN_POINT('Ctrl Pts',(246.43037349388,405.190006499833,35.2));
#6377=CARTESIAN_POINT('Ctrl Pts',(246.43037349388,405.190006499833,36.));
#6378=CARTESIAN_POINT('Ctrl Pts',(245.222798800232,405.562904444295,35.2));
#6379=CARTESIAN_POINT('Ctrl Pts',(245.222798800232,405.562904444295,36.));
#6380=CARTESIAN_POINT('Ctrl Pts',(244.347338673654,405.642895661674,35.2));
#6381=CARTESIAN_POINT('Ctrl Pts',(244.347338673654,405.642895661674,36.));
#6382=CARTESIAN_POINT('Ctrl Pts',(243.80392461252,405.430023743912,35.2));
#6383=CARTESIAN_POINT('Ctrl Pts',(243.80392461252,405.430023743912,36.));
#6384=CARTESIAN_POINT('',(246.43037349388,405.190006499833,35.2));
#6385=CARTESIAN_POINT('Ctrl Pts',(243.80392461252,405.430023743912,35.2));
#6386=CARTESIAN_POINT('Ctrl Pts',(244.347338673654,405.642895661674,35.2));
#6387=CARTESIAN_POINT('Ctrl Pts',(245.222798800232,405.562904444295,35.2));
#6388=CARTESIAN_POINT('Ctrl Pts',(246.43037349388,405.190006499833,35.2));
#6389=CARTESIAN_POINT('',(246.43037349388,405.190006499833,36.));
#6390=CARTESIAN_POINT('Ctrl Pts',(246.43037349388,405.190006499833,36.));
#6391=CARTESIAN_POINT('Ctrl Pts',(245.222798800232,405.562904444295,36.));
#6392=CARTESIAN_POINT('Ctrl Pts',(244.347338673654,405.642895661674,36.));
#6393=CARTESIAN_POINT('Ctrl Pts',(243.80392461252,405.430023743912,36.));
#6394=CARTESIAN_POINT('',(246.43037349388,405.190006499833,35.2));
#6395=CARTESIAN_POINT('Ctrl Pts',(248.138175086924,404.259249992195,35.2));
#6396=CARTESIAN_POINT('Ctrl Pts',(248.138175086924,404.259249992195,36.));
#6397=CARTESIAN_POINT('Ctrl Pts',(247.816186305721,404.627577009951,35.2));
#6398=CARTESIAN_POINT('Ctrl Pts',(247.816186305721,404.627577009951,36.));
#6399=CARTESIAN_POINT('Ctrl Pts',(247.246919108039,404.937827103356,35.2));
#6400=CARTESIAN_POINT('Ctrl Pts',(247.246919108039,404.937827103356,36.));
#6401=CARTESIAN_POINT('Ctrl Pts',(246.43037349388,405.190006499833,35.2));
#6402=CARTESIAN_POINT('Ctrl Pts',(246.43037349388,405.190006499833,36.));
#6403=CARTESIAN_POINT('',(248.138175086924,404.259249992195,35.2));
#6404=CARTESIAN_POINT('Ctrl Pts',(246.43037349388,405.190006499833,35.2));
#6405=CARTESIAN_POINT('Ctrl Pts',(247.246919108039,404.937827103356,35.2));
#6406=CARTESIAN_POINT('Ctrl Pts',(247.816186305721,404.627577009951,35.2));
#6407=CARTESIAN_POINT('Ctrl Pts',(248.138175086924,404.259249992195,35.2));
#6408=CARTESIAN_POINT('',(248.138175086924,404.259249992195,36.));
#6409=CARTESIAN_POINT('Ctrl Pts',(248.138175086924,404.259249992195,36.));
#6410=CARTESIAN_POINT('Ctrl Pts',(247.816186305721,404.627577009951,36.));
#6411=CARTESIAN_POINT('Ctrl Pts',(247.246919108039,404.937827103356,36.));
#6412=CARTESIAN_POINT('Ctrl Pts',(246.43037349388,405.190006499833,36.));
#6413=CARTESIAN_POINT('',(248.138175086924,404.259249992195,35.2));
#6414=CARTESIAN_POINT('Ctrl Pts',(248.880007222649,402.439398420615,35.2));
#6415=CARTESIAN_POINT('Ctrl Pts',(248.880007222649,402.439398420615,36.));
#6416=CARTESIAN_POINT('Ctrl Pts',(248.707476535419,403.284291253265,35.2));
#6417=CARTESIAN_POINT('Ctrl Pts',(248.707476535419,403.284291253265,36.));
#6418=CARTESIAN_POINT('Ctrl Pts',(248.46019811894,403.890916747019,35.2));
#6419=CARTESIAN_POINT('Ctrl Pts',(248.46019811894,403.890916747019,36.));
#6420=CARTESIAN_POINT('Ctrl Pts',(248.138175086924,404.259249992195,35.2));
#6421=CARTESIAN_POINT('Ctrl Pts',(248.138175086924,404.259249992195,36.));
#6422=CARTESIAN_POINT('',(248.880007222649,402.439398420615,35.2));
#6423=CARTESIAN_POINT('Ctrl Pts',(248.138175086924,404.259249992195,35.2));
#6424=CARTESIAN_POINT('Ctrl Pts',(248.46019811894,403.890916747019,35.2));
#6425=CARTESIAN_POINT('Ctrl Pts',(248.707476535419,403.284291253265,35.2));
#6426=CARTESIAN_POINT('Ctrl Pts',(248.880007222649,402.439398420615,35.2));
#6427=CARTESIAN_POINT('',(248.880007222649,402.439398420615,36.));
#6428=CARTESIAN_POINT('Ctrl Pts',(248.880007222649,402.439398420615,36.));
#6429=CARTESIAN_POINT('Ctrl Pts',(248.707476535419,403.284291253265,36.));
#6430=CARTESIAN_POINT('Ctrl Pts',(248.46019811894,403.890916747019,36.));
#6431=CARTESIAN_POINT('Ctrl Pts',(248.138175086924,404.259249992195,36.));
#6432=CARTESIAN_POINT('',(248.880007222649,402.439398420615,35.2));
#6433=CARTESIAN_POINT('Ctrl Pts',(249.825659720319,403.942099916785,35.2));
#6434=CARTESIAN_POINT('Ctrl Pts',(249.825659720319,403.942099916785,36.));
#6435=CARTESIAN_POINT('Ctrl Pts',(249.385160011726,403.763871139722,35.2));
#6436=CARTESIAN_POINT('Ctrl Pts',(249.385160011726,403.763871139722,36.));
#6437=CARTESIAN_POINT('Ctrl Pts',(249.06998714235,403.262987247454,35.2));
#6438=CARTESIAN_POINT('Ctrl Pts',(249.06998714235,403.262987247454,36.));
#6439=CARTESIAN_POINT('Ctrl Pts',(248.880007222649,402.439398420615,35.2));
#6440=CARTESIAN_POINT('Ctrl Pts',(248.880007222649,402.439398420615,36.));
#6441=CARTESIAN_POINT('',(249.825659720319,403.942099916785,35.2));
#6442=CARTESIAN_POINT('Ctrl Pts',(248.880007222649,402.439398420615,35.2));
#6443=CARTESIAN_POINT('Ctrl Pts',(249.06998714235,403.262987247454,35.2));
#6444=CARTESIAN_POINT('Ctrl Pts',(249.385160011726,403.763871139722,35.2));
#6445=CARTESIAN_POINT('Ctrl Pts',(249.825659720319,403.942099916785,35.2));
#6446=CARTESIAN_POINT('',(249.825659720319,403.942099916785,36.));
#6447=CARTESIAN_POINT('Ctrl Pts',(249.825659720319,403.942099916785,36.));
#6448=CARTESIAN_POINT('Ctrl Pts',(249.385160011726,403.763871139722,36.));
#6449=CARTESIAN_POINT('Ctrl Pts',(249.06998714235,403.262987247454,36.));
#6450=CARTESIAN_POINT('Ctrl Pts',(248.880007222649,402.439398420615,36.));
#6451=CARTESIAN_POINT('',(249.825659720319,403.942099916785,35.2));
#6452=CARTESIAN_POINT('Ctrl Pts',(251.850863599307,403.788033531581,35.2));
#6453=CARTESIAN_POINT('Ctrl Pts',(251.850863599307,403.788033531581,36.));
#6454=CARTESIAN_POINT('Ctrl Pts',(250.94117756921,404.068940019203,35.2));
#6455=CARTESIAN_POINT('Ctrl Pts',(250.94117756921,404.068940019203,36.));
#6456=CARTESIAN_POINT('Ctrl Pts',(250.266090927285,404.120322466427,35.2));
#6457=CARTESIAN_POINT('Ctrl Pts',(250.266090927285,404.120322466427,36.));
#6458=CARTESIAN_POINT('Ctrl Pts',(249.825659720319,403.942099916785,35.2));
#6459=CARTESIAN_POINT('Ctrl Pts',(249.825659720319,403.942099916785,36.));
#6460=CARTESIAN_POINT('',(251.850863599307,403.788033531581,35.2));
#6461=CARTESIAN_POINT('Ctrl Pts',(249.825659720319,403.942099916785,35.2));
#6462=CARTESIAN_POINT('Ctrl Pts',(250.266090927285,404.120322466427,35.2));
#6463=CARTESIAN_POINT('Ctrl Pts',(250.94117756921,404.068940019203,35.2));
#6464=CARTESIAN_POINT('Ctrl Pts',(251.850863599307,403.788033531581,35.2));
#6465=CARTESIAN_POINT('',(251.850863599307,403.788033531581,36.));
#6466=CARTESIAN_POINT('Ctrl Pts',(251.850863599307,403.788033531581,36.));
#6467=CARTESIAN_POINT('Ctrl Pts',(250.94117756921,404.068940019203,36.));
#6468=CARTESIAN_POINT('Ctrl Pts',(250.266090927285,404.120322466427,36.));
#6469=CARTESIAN_POINT('Ctrl Pts',(249.825659720319,403.942099916785,36.));
#6470=CARTESIAN_POINT('',(251.850863599307,403.788033531581,35.2));
#6471=CARTESIAN_POINT('Origin',(253.146235582033,403.388033852744,35.2));
#6472=CARTESIAN_POINT('',(253.146235582033,403.388033852744,35.2));
#6473=CARTESIAN_POINT('',(251.850863599307,403.788033531581,35.2));
#6474=CARTESIAN_POINT('',(253.146235582033,403.388033852744,36.));
#6475=CARTESIAN_POINT('',(251.850863599307,403.788033531581,36.));
#6476=CARTESIAN_POINT('',(253.146235582033,403.388033852744,35.2));
#6477=CARTESIAN_POINT('Ctrl Pts',(255.24479847548,402.400053577377,35.2));
#6478=CARTESIAN_POINT('Ctrl Pts',(255.24479847548,402.400053577377,36.));
#6479=CARTESIAN_POINT('Ctrl Pts',(254.78998815439,402.767122656175,35.2));
#6480=CARTESIAN_POINT('Ctrl Pts',(254.78998815439,402.767122656175,36.));
#6481=CARTESIAN_POINT('Ctrl Pts',(254.090402839895,403.096434883982,35.2));
#6482=CARTESIAN_POINT('Ctrl Pts',(254.090402839895,403.096434883982,36.));
#6483=CARTESIAN_POINT('Ctrl Pts',(253.146235582033,403.388033852744,35.2));
#6484=CARTESIAN_POINT('Ctrl Pts',(253.146235582033,403.388033852744,36.));
#6485=CARTESIAN_POINT('',(255.24479847548,402.400053577377,35.2));
#6486=CARTESIAN_POINT('Ctrl Pts',(253.146235582033,403.388033852744,35.2));
#6487=CARTESIAN_POINT('Ctrl Pts',(254.090402839895,403.096434883982,35.2));
#6488=CARTESIAN_POINT('Ctrl Pts',(254.78998815439,402.767122656175,35.2));
#6489=CARTESIAN_POINT('Ctrl Pts',(255.24479847548,402.400053577377,35.2));
#6490=CARTESIAN_POINT('',(255.24479847548,402.400053577377,36.));
#6491=CARTESIAN_POINT('Ctrl Pts',(255.24479847548,402.400053577377,36.));
#6492=CARTESIAN_POINT('Ctrl Pts',(254.78998815439,402.767122656175,36.));
#6493=CARTESIAN_POINT('Ctrl Pts',(254.090402839895,403.096434883982,36.));
#6494=CARTESIAN_POINT('Ctrl Pts',(253.146235582033,403.388033852744,36.));
#6495=CARTESIAN_POINT('',(255.24479847548,402.400053577377,35.2));
#6496=CARTESIAN_POINT('Ctrl Pts',(256.177488597209,401.028856521642,35.2));
#6497=CARTESIAN_POINT('Ctrl Pts',(256.177488597209,401.028856521642,36.));
#6498=CARTESIAN_POINT('Ctrl Pts',(256.010522110269,401.57594164721,35.2));
#6499=CARTESIAN_POINT('Ctrl Pts',(256.010522110269,401.57594164721,36.));
#6500=CARTESIAN_POINT('Ctrl Pts',(255.699674184487,402.032990726,35.2));
#6501=CARTESIAN_POINT('Ctrl Pts',(255.699674184487,402.032990726,36.));
#6502=CARTESIAN_POINT('Ctrl Pts',(255.24479847548,402.400053577377,35.2));
#6503=CARTESIAN_POINT('Ctrl Pts',(255.24479847548,402.400053577377,36.));
#6504=CARTESIAN_POINT('',(256.177488597209,401.028856521642,35.2));
#6505=CARTESIAN_POINT('Ctrl Pts',(255.24479847548,402.400053577377,35.2));
#6506=CARTESIAN_POINT('Ctrl Pts',(255.699674184487,402.032990726,35.2));
#6507=CARTESIAN_POINT('Ctrl Pts',(256.010522110269,401.57594164721,35.2));
#6508=CARTESIAN_POINT('Ctrl Pts',(256.177488597209,401.028856521642,35.2));
#6509=CARTESIAN_POINT('',(256.177488597209,401.028856521642,36.));
#6510=CARTESIAN_POINT('Ctrl Pts',(256.177488597209,401.028856521642,36.));
#6511=CARTESIAN_POINT('Ctrl Pts',(256.010522110269,401.57594164721,36.));
#6512=CARTESIAN_POINT('Ctrl Pts',(255.699674184487,402.032990726,36.));
#6513=CARTESIAN_POINT('Ctrl Pts',(255.24479847548,402.400053577377,36.));
#6514=CARTESIAN_POINT('',(256.177488597209,401.028856521642,35.2));
#6515=CARTESIAN_POINT('Ctrl Pts',(256.427939884474,397.905917193235,35.2));
#6516=CARTESIAN_POINT('Ctrl Pts',(256.427939884474,397.905917193235,36.));
#6517=CARTESIAN_POINT('Ctrl Pts',(256.427939884474,399.440814453814,35.2));
#6518=CARTESIAN_POINT('Ctrl Pts',(256.427939884474,399.440814453814,36.));
#6519=CARTESIAN_POINT('Ctrl Pts',(256.344455084148,400.481808760598,35.2));
#6520=CARTESIAN_POINT('Ctrl Pts',(256.344455084148,400.481808760598,36.));
#6521=CARTESIAN_POINT('Ctrl Pts',(256.177488597209,401.028856521642,35.2));
#6522=CARTESIAN_POINT('Ctrl Pts',(256.177488597209,401.028856521642,36.));
#6523=CARTESIAN_POINT('',(256.427939884474,397.905917193235,35.2));
#6524=CARTESIAN_POINT('Ctrl Pts',(256.177488597209,401.028856521642,35.2));
#6525=CARTESIAN_POINT('Ctrl Pts',(256.344455084148,400.481808760598,35.2));
#6526=CARTESIAN_POINT('Ctrl Pts',(256.427939884474,399.440814453814,35.2));
#6527=CARTESIAN_POINT('Ctrl Pts',(256.427939884474,397.905917193235,35.2));
#6528=CARTESIAN_POINT('',(256.427939884474,397.905917193235,36.));
#6529=CARTESIAN_POINT('Ctrl Pts',(256.427939884474,397.905917193235,36.));
#6530=CARTESIAN_POINT('Ctrl Pts',(256.427939884474,399.440814453814,36.));
#6531=CARTESIAN_POINT('Ctrl Pts',(256.344455084148,400.481808760598,36.));
#6532=CARTESIAN_POINT('Ctrl Pts',(256.177488597209,401.028856521642,36.));
#6533=CARTESIAN_POINT('',(256.427939884474,397.905917193235,35.2));
#6534=CARTESIAN_POINT('Origin',(256.427939884474,393.49164747806,35.2));
#6535=CARTESIAN_POINT('',(256.427939884474,397.905917193235,35.2));
#6536=CARTESIAN_POINT('',(256.427939884474,397.905917193235,36.));
#6537=CARTESIAN_POINT('Origin',(249.441005962652,399.567271569867,36.));
#6538=CARTESIAN_POINT('Origin',(249.441005962652,399.567271569867,35.2));
#6539=CARTESIAN_POINT('Origin',(244.974371424656,375.850171419628,35.2));
#6540=CARTESIAN_POINT('',(244.974371424656,372.188208361597,35.2));
#6541=CARTESIAN_POINT('',(244.974371424656,375.850171419628,35.2));
#6542=CARTESIAN_POINT('',(244.974371424656,372.188208361597,35.2));
#6543=CARTESIAN_POINT('',(244.974371424656,372.188208361597,36.));
#6544=CARTESIAN_POINT('',(244.974371424656,372.188208361597,35.2));
#6545=CARTESIAN_POINT('',(244.974371424656,375.850171419628,36.));
#6546=CARTESIAN_POINT('',(244.974371424656,372.188208361597,36.));
#6547=CARTESIAN_POINT('',(244.974371424656,375.850171419628,35.2));
#6548=CARTESIAN_POINT('Origin',(256.427933657053,372.313236284626,35.2));
#6549=CARTESIAN_POINT('',(256.427933657053,372.313236284626,35.2));
#6550=CARTESIAN_POINT('',(244.974371424656,375.850171419628,35.2));
#6551=CARTESIAN_POINT('',(256.427933657053,372.313236284626,36.));
#6552=CARTESIAN_POINT('',(244.974371424656,375.850171419628,36.));
#6553=CARTESIAN_POINT('',(256.427933657053,372.313236284626,35.2));
#6554=CARTESIAN_POINT('Origin',(256.427933657053,368.587825151993,35.2));
#6555=CARTESIAN_POINT('',(256.427933657053,368.587825151993,35.2));
#6556=CARTESIAN_POINT('',(256.427933657053,372.313236284626,35.2));
#6557=CARTESIAN_POINT('',(256.427933657053,368.587825151993,36.));
#6558=CARTESIAN_POINT('',(256.427933657053,372.313236284626,36.));
#6559=CARTESIAN_POINT('',(256.427933657053,368.587825151993,35.2));
#6560=CARTESIAN_POINT('Origin',(255.476346427568,368.945129635318,35.2));
#6561=CARTESIAN_POINT('',(255.476346427568,368.945129635318,35.2));
#6562=CARTESIAN_POINT('',(256.427933657053,368.587825151993,35.2));
#6563=CARTESIAN_POINT('',(255.476346427568,368.945129635318,36.));
#6564=CARTESIAN_POINT('',(256.427933657053,368.587825151993,36.));
#6565=CARTESIAN_POINT('',(255.476346427568,368.945129635318,35.2));
#6566=CARTESIAN_POINT('Ctrl Pts',(256.345395424656,367.738610489459,35.2));
#6567=CARTESIAN_POINT('Ctrl Pts',(256.345395424656,367.738610489459,36.));
#6568=CARTESIAN_POINT('Ctrl Pts',(256.152314249505,368.16988738817,35.2));
#6569=CARTESIAN_POINT('Ctrl Pts',(256.152314249505,368.16988738817,36.));
#6570=CARTESIAN_POINT('Ctrl Pts',(255.862583506918,368.572057323079,35.2));
#6571=CARTESIAN_POINT('Ctrl Pts',(255.862583506918,368.572057323079,36.));
#6572=CARTESIAN_POINT('Ctrl Pts',(255.476346427568,368.945129635318,35.2));
#6573=CARTESIAN_POINT('Ctrl Pts',(255.476346427568,368.945129635318,36.));
#6574=CARTESIAN_POINT('',(256.345395424656,367.738610489459,35.2));
#6575=CARTESIAN_POINT('Ctrl Pts',(255.476346427568,368.945129635318,35.2));
#6576=CARTESIAN_POINT('Ctrl Pts',(255.862583506918,368.572057323079,35.2));
#6577=CARTESIAN_POINT('Ctrl Pts',(256.152314249505,368.16988738817,35.2));
#6578=CARTESIAN_POINT('Ctrl Pts',(256.345395424656,367.738610489459,35.2));
#6579=CARTESIAN_POINT('',(256.345395424656,367.738610489459,36.));
#6580=CARTESIAN_POINT('Ctrl Pts',(256.345395424656,367.738610489459,36.));
#6581=CARTESIAN_POINT('Ctrl Pts',(256.152314249505,368.16988738817,36.));
#6582=CARTESIAN_POINT('Ctrl Pts',(255.862583506918,368.572057323079,36.));
#6583=CARTESIAN_POINT('Ctrl Pts',(255.476346427568,368.945129635318,36.));
#6584=CARTESIAN_POINT('',(256.345395424656,367.738610489459,35.2));
#6585=CARTESIAN_POINT('Ctrl Pts',(256.635126167244,366.366563390815,35.2));
#6586=CARTESIAN_POINT('Ctrl Pts',(256.635126167244,366.366563390815,36.));
#6587=CARTESIAN_POINT('Ctrl Pts',(256.635126167244,366.849988709481,35.2));
#6588=CARTESIAN_POINT('Ctrl Pts',(256.635126167244,366.849988709481,36.));
#6589=CARTESIAN_POINT('Ctrl Pts',(256.538551328855,367.307336704459,35.2));
#6590=CARTESIAN_POINT('Ctrl Pts',(256.538551328855,367.307336704459,36.));
#6591=CARTESIAN_POINT('Ctrl Pts',(256.345395424656,367.738610489459,35.2));
#6592=CARTESIAN_POINT('Ctrl Pts',(256.345395424656,367.738610489459,36.));
#6593=CARTESIAN_POINT('',(256.635126167244,366.366563390815,35.2));
#6594=CARTESIAN_POINT('Ctrl Pts',(256.345395424656,367.738610489459,35.2));
#6595=CARTESIAN_POINT('Ctrl Pts',(256.538551328855,367.307336704459,35.2));
#6596=CARTESIAN_POINT('Ctrl Pts',(256.635126167244,366.849988709481,35.2));
#6597=CARTESIAN_POINT('Ctrl Pts',(256.635126167244,366.366563390815,35.2));
#6598=CARTESIAN_POINT('',(256.635126167244,366.366563390815,36.));
#6599=CARTESIAN_POINT('Ctrl Pts',(256.635126167244,366.366563390815,36.));
#6600=CARTESIAN_POINT('Ctrl Pts',(256.635126167244,366.849988709481,36.));
#6601=CARTESIAN_POINT('Ctrl Pts',(256.538551328855,367.307336704459,36.));
#6602=CARTESIAN_POINT('Ctrl Pts',(256.345395424656,367.738610489459,36.));
#6603=CARTESIAN_POINT('',(256.635126167244,366.366563390815,35.2));
#6604=CARTESIAN_POINT('Ctrl Pts',(256.358896472479,365.083144941897,35.2));
#6605=CARTESIAN_POINT('Ctrl Pts',(256.358896472479,365.083144941897,36.));
#6606=CARTESIAN_POINT('Ctrl Pts',(256.543007048281,365.388855245698,35.2));
#6607=CARTESIAN_POINT('Ctrl Pts',(256.543007048281,365.388855245698,36.));
#6608=CARTESIAN_POINT('Ctrl Pts',(256.635126167244,365.816660357434,35.2));
#6609=CARTESIAN_POINT('Ctrl Pts',(256.635126167244,365.816660357434,36.));
#6610=CARTESIAN_POINT('Ctrl Pts',(256.635126167244,366.366563390815,35.2));
#6611=CARTESIAN_POINT('Ctrl Pts',(256.635126167244,366.366563390815,36.));
#6612=CARTESIAN_POINT('',(256.358896472479,365.083144941897,35.2));
#6613=CARTESIAN_POINT('Ctrl Pts',(256.635126167244,366.366563390815,35.2));
#6614=CARTESIAN_POINT('Ctrl Pts',(256.635126167244,365.816660357434,35.2));
#6615=CARTESIAN_POINT('Ctrl Pts',(256.543007048281,365.388855245698,35.2));
#6616=CARTESIAN_POINT('Ctrl Pts',(256.358896472479,365.083144941897,35.2));
#6617=CARTESIAN_POINT('',(256.358896472479,365.083144941897,36.));
#6618=CARTESIAN_POINT('Ctrl Pts',(256.358896472479,365.083144941897,36.));
#6619=CARTESIAN_POINT('Ctrl Pts',(256.543007048281,365.388855245698,36.));
#6620=CARTESIAN_POINT('Ctrl Pts',(256.635126167244,365.816660357434,36.));
#6621=CARTESIAN_POINT('Ctrl Pts',(256.635126167244,366.366563390815,36.));
#6622=CARTESIAN_POINT('',(256.358896472479,365.083144941897,35.2));
#6623=CARTESIAN_POINT('Ctrl Pts',(255.625222257717,364.50751332038,35.2));
#6624=CARTESIAN_POINT('Ctrl Pts',(255.625222257717,364.50751332038,36.));
#6625=CARTESIAN_POINT('Ctrl Pts',(255.93020706702,364.585561582537,35.2));
#6626=CARTESIAN_POINT('Ctrl Pts',(255.93020706702,364.585561582537,36.));
#6627=CARTESIAN_POINT('Ctrl Pts',(256.174785896676,364.777440865516,35.2));
#6628=CARTESIAN_POINT('Ctrl Pts',(256.174785896676,364.777440865516,36.));
#6629=CARTESIAN_POINT('Ctrl Pts',(256.358896472479,365.083144941897,35.2));
#6630=CARTESIAN_POINT('Ctrl Pts',(256.358896472479,365.083144941897,36.));
#6631=CARTESIAN_POINT('',(255.625222257717,364.50751332038,35.2));
#6632=CARTESIAN_POINT('Ctrl Pts',(256.358896472479,365.083144941897,35.2));
#6633=CARTESIAN_POINT('Ctrl Pts',(256.174785896676,364.777440865516,35.2));
#6634=CARTESIAN_POINT('Ctrl Pts',(255.93020706702,364.585561582537,35.2));
#6635=CARTESIAN_POINT('Ctrl Pts',(255.625222257717,364.50751332038,35.2));
#6636=CARTESIAN_POINT('',(255.625222257717,364.50751332038,36.));
#6637=CARTESIAN_POINT('Ctrl Pts',(255.625222257717,364.50751332038,36.));
#6638=CARTESIAN_POINT('Ctrl Pts',(255.93020706702,364.585561582537,36.));
#6639=CARTESIAN_POINT('Ctrl Pts',(256.174785896676,364.777440865516,36.));
#6640=CARTESIAN_POINT('Ctrl Pts',(256.358896472479,365.083144941897,36.));
#6641=CARTESIAN_POINT('',(255.625222257717,364.50751332038,35.2));
#6642=CARTESIAN_POINT('Ctrl Pts',(254.67148034071,364.480255900492,35.2));
#6643=CARTESIAN_POINT('Ctrl Pts',(254.67148034071,364.480255900492,36.));
#6644=CARTESIAN_POINT('Ctrl Pts',(255.002380560766,364.420388592725,35.2));
#6645=CARTESIAN_POINT('Ctrl Pts',(255.002380560766,364.420388592725,36.));
#6646=CARTESIAN_POINT('Ctrl Pts',(255.32031217746,364.429468171934,35.2));
#6647=CARTESIAN_POINT('Ctrl Pts',(255.32031217746,364.429468171934,36.));
#6648=CARTESIAN_POINT('Ctrl Pts',(255.625222257717,364.50751332038,35.2));
#6649=CARTESIAN_POINT('Ctrl Pts',(255.625222257717,364.50751332038,36.));
#6650=CARTESIAN_POINT('',(254.67148034071,364.480255900492,35.2));
#6651=CARTESIAN_POINT('Ctrl Pts',(255.625222257717,364.50751332038,35.2));
#6652=CARTESIAN_POINT('Ctrl Pts',(255.32031217746,364.429468171934,35.2));
#6653=CARTESIAN_POINT('Ctrl Pts',(255.002380560766,364.420388592725,35.2));
#6654=CARTESIAN_POINT('Ctrl Pts',(254.67148034071,364.480255900492,35.2));
#6655=CARTESIAN_POINT('',(254.67148034071,364.480255900492,36.));
#6656=CARTESIAN_POINT('Ctrl Pts',(254.67148034071,364.480255900492,36.));
#6657=CARTESIAN_POINT('Ctrl Pts',(255.002380560766,364.420388592725,36.));
#6658=CARTESIAN_POINT('Ctrl Pts',(255.32031217746,364.429468171934,36.));
#6659=CARTESIAN_POINT('Ctrl Pts',(255.625222257717,364.50751332038,36.));
#6660=CARTESIAN_POINT('',(254.67148034071,364.480255900492,35.2));
#6661=CARTESIAN_POINT('Ctrl Pts',(252.699253128614,365.02584333141,35.2));
#6662=CARTESIAN_POINT('Ctrl Pts',(252.699253128614,365.02584333141,36.));
#6663=CARTESIAN_POINT('Ctrl Pts',(253.683241627389,364.721988798942,35.2));
#6664=CARTESIAN_POINT('Ctrl Pts',(253.683241627389,364.721988798942,36.));
#6665=CARTESIAN_POINT('Ctrl Pts',(254.340651735991,364.54012632197,35.2));
#6666=CARTESIAN_POINT('Ctrl Pts',(254.340651735991,364.54012632197,36.));
#6667=CARTESIAN_POINT('Ctrl Pts',(254.67148034071,364.480255900492,35.2));
#6668=CARTESIAN_POINT('Ctrl Pts',(254.67148034071,364.480255900492,36.));
#6669=CARTESIAN_POINT('',(252.699253128614,365.02584333141,35.2));
#6670=CARTESIAN_POINT('Ctrl Pts',(254.67148034071,364.480255900492,35.2));
#6671=CARTESIAN_POINT('Ctrl Pts',(254.340651735991,364.54012632197,35.2));
#6672=CARTESIAN_POINT('Ctrl Pts',(253.683241627389,364.721988798942,35.2));
#6673=CARTESIAN_POINT('Ctrl Pts',(252.699253128614,365.02584333141,35.2));
#6674=CARTESIAN_POINT('',(252.699253128614,365.02584333141,36.));
#6675=CARTESIAN_POINT('Ctrl Pts',(252.699253128614,365.02584333141,36.));
#6676=CARTESIAN_POINT('Ctrl Pts',(253.683241627389,364.721988798942,36.));
#6677=CARTESIAN_POINT('Ctrl Pts',(254.340651735991,364.54012632197,36.));
#6678=CARTESIAN_POINT('Ctrl Pts',(254.67148034071,364.480255900492,36.));
#6679=CARTESIAN_POINT('',(252.699253128614,365.02584333141,35.2));
#6680=CARTESIAN_POINT('Origin',(244.974371424656,367.411334628182,35.2));
#6681=CARTESIAN_POINT('',(244.974371424656,367.411334628182,35.2));
#6682=CARTESIAN_POINT('',(252.699253128614,365.02584333141,35.2));
#6683=CARTESIAN_POINT('',(244.974371424656,367.411334628182,36.));
#6684=CARTESIAN_POINT('',(252.699253128614,365.02584333141,36.));
#6685=CARTESIAN_POINT('',(244.974371424656,367.411334628182,35.2));
#6686=CARTESIAN_POINT('Origin',(244.974371424656,371.073303913634,35.2));
#6687=CARTESIAN_POINT('',(244.974371424656,371.073303913634,35.2));
#6688=CARTESIAN_POINT('',(244.974371424656,367.411334628182,35.2));
#6689=CARTESIAN_POINT('',(244.974371424656,371.073303913634,36.));
#6690=CARTESIAN_POINT('',(244.974371424656,367.411334628182,36.));
#6691=CARTESIAN_POINT('',(244.974371424656,371.073303913634,35.2));
#6692=CARTESIAN_POINT('Origin',(252.768365042236,368.666483701367,35.2));
#6693=CARTESIAN_POINT('',(252.768365042236,368.666483701367,35.2));
#6694=CARTESIAN_POINT('',(244.974371424656,371.073303913634,35.2));
#6695=CARTESIAN_POINT('',(252.768365042236,368.666483701367,36.));
#6696=CARTESIAN_POINT('',(244.974371424656,371.073303913634,36.));
#6697=CARTESIAN_POINT('',(252.768365042236,368.666483701367,35.2));
#6698=CARTESIAN_POINT('Ctrl Pts',(254.356444474587,368.262162192647,35.2));
#6699=CARTESIAN_POINT('Ctrl Pts',(254.356444474587,368.262162192647,36.));
#6700=CARTESIAN_POINT('Ctrl Pts',(254.189608763479,368.256286621327,35.2));
#6701=CARTESIAN_POINT('Ctrl Pts',(254.189608763479,368.256286621327,36.));
#6702=CARTESIAN_POINT('Ctrl Pts',(253.660228194627,368.391066684988,35.2));
#6703=CARTESIAN_POINT('Ctrl Pts',(253.660228194627,368.391066684988,36.));
#6704=CARTESIAN_POINT('Ctrl Pts',(252.768365042236,368.666483701367,35.2));
#6705=CARTESIAN_POINT('Ctrl Pts',(252.768365042236,368.666483701367,36.));
#6706=CARTESIAN_POINT('',(254.356444474587,368.262162192647,35.2));
#6707=CARTESIAN_POINT('Ctrl Pts',(252.768365042236,368.666483701367,35.2));
#6708=CARTESIAN_POINT('Ctrl Pts',(253.660228194627,368.391066684988,35.2));
#6709=CARTESIAN_POINT('Ctrl Pts',(254.189608763479,368.256286621327,35.2));
#6710=CARTESIAN_POINT('Ctrl Pts',(254.356444474587,368.262162192647,35.2));
#6711=CARTESIAN_POINT('',(254.356444474587,368.262162192647,36.));
#6712=CARTESIAN_POINT('Ctrl Pts',(254.356444474587,368.262162192647,36.));
#6713=CARTESIAN_POINT('Ctrl Pts',(254.189608763479,368.256286621327,36.));
#6714=CARTESIAN_POINT('Ctrl Pts',(253.660228194627,368.391066684988,36.));
#6715=CARTESIAN_POINT('Ctrl Pts',(252.768365042236,368.666483701367,36.));
#6716=CARTESIAN_POINT('',(254.356444474587,368.262162192647,35.2));
#6717=CARTESIAN_POINT('Ctrl Pts',(254.606758758599,368.651681122643,35.2));
#6718=CARTESIAN_POINT('Ctrl Pts',(254.606758758599,368.651681122643,36.));
#6719=CARTESIAN_POINT('Ctrl Pts',(254.606758758599,368.397882596815,35.2));
#6720=CARTESIAN_POINT('Ctrl Pts',(254.606758758599,368.397882596815,36.));
#6721=CARTESIAN_POINT('Ctrl Pts',(254.523342459901,368.268037763966,35.2));
#6722=CARTESIAN_POINT('Ctrl Pts',(254.523342459901,368.268037763966,36.));
#6723=CARTESIAN_POINT('Ctrl Pts',(254.356444474587,368.262162192647,35.2));
#6724=CARTESIAN_POINT('Ctrl Pts',(254.356444474587,368.262162192647,36.));
#6725=CARTESIAN_POINT('',(254.606758758599,368.651681122643,35.2));
#6726=CARTESIAN_POINT('Ctrl Pts',(254.356444474587,368.262162192647,35.2));
#6727=CARTESIAN_POINT('Ctrl Pts',(254.523342459901,368.268037763966,35.2));
#6728=CARTESIAN_POINT('Ctrl Pts',(254.606758758599,368.397882596815,35.2));
#6729=CARTESIAN_POINT('Ctrl Pts',(254.606758758599,368.651681122643,35.2));
#6730=CARTESIAN_POINT('',(254.606758758599,368.651681122643,36.));
#6731=CARTESIAN_POINT('Ctrl Pts',(254.606758758599,368.651681122643,36.));
#6732=CARTESIAN_POINT('Ctrl Pts',(254.606758758599,368.397882596815,36.));
#6733=CARTESIAN_POINT('Ctrl Pts',(254.523342459901,368.268037763966,36.));
#6734=CARTESIAN_POINT('Ctrl Pts',(254.356444474587,368.262162192647,36.));
#6735=CARTESIAN_POINT('',(254.606758758599,368.651681122643,35.2));
#6736=CARTESIAN_POINT('Ctrl Pts',(254.347872430156,369.216582898497,35.2));
#6737=CARTESIAN_POINT('Ctrl Pts',(254.347872430156,369.216582898497,36.));
#6738=CARTESIAN_POINT('Ctrl Pts',(254.52044359562,369.111909299641,35.2));
#6739=CARTESIAN_POINT('Ctrl Pts',(254.52044359562,369.111909299641,36.));
#6740=CARTESIAN_POINT('Ctrl Pts',(254.606758758599,368.923607669786,35.2));
#6741=CARTESIAN_POINT('Ctrl Pts',(254.606758758599,368.923607669786,36.));
#6742=CARTESIAN_POINT('Ctrl Pts',(254.606758758599,368.651681122643,35.2));
#6743=CARTESIAN_POINT('Ctrl Pts',(254.606758758599,368.651681122643,36.));
#6744=CARTESIAN_POINT('',(254.347872430156,369.216582898497,35.2));
#6745=CARTESIAN_POINT('Ctrl Pts',(254.606758758599,368.651681122643,35.2));
#6746=CARTESIAN_POINT('Ctrl Pts',(254.606758758599,368.923607669786,35.2));
#6747=CARTESIAN_POINT('Ctrl Pts',(254.52044359562,369.111909299641,35.2));
#6748=CARTESIAN_POINT('Ctrl Pts',(254.347872430156,369.216582898497,35.2));
#6749=CARTESIAN_POINT('',(254.347872430156,369.216582898497,36.));
#6750=CARTESIAN_POINT('Ctrl Pts',(254.347872430156,369.216582898497,36.));
#6751=CARTESIAN_POINT('Ctrl Pts',(254.52044359562,369.111909299641,36.));
#6752=CARTESIAN_POINT('Ctrl Pts',(254.606758758599,368.923607669786,36.));
#6753=CARTESIAN_POINT('Ctrl Pts',(254.606758758599,368.651681122643,36.));
#6754=CARTESIAN_POINT('',(254.347872430156,369.216582898497,35.2));
#6755=CARTESIAN_POINT('Ctrl Pts',(252.682046765546,369.808038395713,35.2));
#6756=CARTESIAN_POINT('Ctrl Pts',(252.682046765546,369.808038395713,36.));
#6757=CARTESIAN_POINT('Ctrl Pts',(253.61993678346,369.518404178144,35.2));
#6758=CARTESIAN_POINT('Ctrl Pts',(253.61993678346,369.518404178144,36.));
#6759=CARTESIAN_POINT('Ctrl Pts',(254.175238990486,369.321253383642,35.2));
#6760=CARTESIAN_POINT('Ctrl Pts',(254.175238990486,369.321253383642,36.));
#6761=CARTESIAN_POINT('Ctrl Pts',(254.347872430156,369.216582898497,35.2));
#6762=CARTESIAN_POINT('Ctrl Pts',(254.347872430156,369.216582898497,36.));
#6763=CARTESIAN_POINT('',(252.682046765546,369.808038395713,35.2));
#6764=CARTESIAN_POINT('Ctrl Pts',(254.347872430156,369.216582898497,35.2));
#6765=CARTESIAN_POINT('Ctrl Pts',(254.175238990486,369.321253383642,35.2));
#6766=CARTESIAN_POINT('Ctrl Pts',(253.61993678346,369.518404178144,35.2));
#6767=CARTESIAN_POINT('Ctrl Pts',(252.682046765546,369.808038395713,35.2));
#6768=CARTESIAN_POINT('',(252.682046765546,369.808038395713,36.));
#6769=CARTESIAN_POINT('Ctrl Pts',(252.682046765546,369.808038395713,36.));
#6770=CARTESIAN_POINT('Ctrl Pts',(253.61993678346,369.518404178144,36.));
#6771=CARTESIAN_POINT('Ctrl Pts',(254.175238990486,369.321253383642,36.));
#6772=CARTESIAN_POINT('Ctrl Pts',(254.347872430156,369.216582898497,36.));
#6773=CARTESIAN_POINT('',(252.682046765546,369.808038395713,35.2));
#6774=CARTESIAN_POINT('Origin',(244.974371424656,372.188208361597,35.2));
#6775=CARTESIAN_POINT('',(252.682046765546,369.808038395713,35.2));
#6776=CARTESIAN_POINT('',(252.682046765546,369.808038395713,36.));
#6777=CARTESIAN_POINT('Origin',(250.80474879595,370.135280006177,36.));
#6778=CARTESIAN_POINT('Origin',(250.80474879595,370.135280006177,35.2));
#6779=CARTESIAN_POINT('Origin',(244.974374538367,380.399233653305,35.2));
#6780=CARTESIAN_POINT('',(244.974374538367,376.737251913013,35.2));
#6781=CARTESIAN_POINT('',(244.974374538367,380.399233653305,35.2));
#6782=CARTESIAN_POINT('',(244.974374538367,376.737251913013,35.2));
#6783=CARTESIAN_POINT('',(244.974374538367,376.737251913013,36.));
#6784=CARTESIAN_POINT('',(244.974374538367,376.737251913013,35.2));
#6785=CARTESIAN_POINT('',(244.974374538367,380.399233653305,36.));
#6786=CARTESIAN_POINT('',(244.974374538367,376.737251913013,36.));
#6787=CARTESIAN_POINT('',(244.974374538367,380.399233653305,35.2));
#6788=CARTESIAN_POINT('Origin',(246.480519798118,379.789092780633,35.2));
#6789=CARTESIAN_POINT('',(246.480519798118,379.789092780633,35.2));
#6790=CARTESIAN_POINT('',(244.974374538367,380.399233653305,35.2));
#6791=CARTESIAN_POINT('',(246.480519798118,379.789092780633,36.));
#6792=CARTESIAN_POINT('',(244.974374538367,380.399233653305,36.));
#6793=CARTESIAN_POINT('',(246.480519798118,379.789092780633,35.2));
#6794=CARTESIAN_POINT('Ctrl Pts',(244.767250529802,382.629568766272,35.2));
#6795=CARTESIAN_POINT('Ctrl Pts',(244.767250529802,382.629568766272,36.));
#6796=CARTESIAN_POINT('Ctrl Pts',(244.830723514087,381.600780203829,35.2));
#6797=CARTESIAN_POINT('Ctrl Pts',(244.830723514087,381.600780203829,36.));
#6798=CARTESIAN_POINT('Ctrl Pts',(245.401815345999,380.653981860772,35.2));
#6799=CARTESIAN_POINT('Ctrl Pts',(245.401815345999,380.653981860772,36.));
#6800=CARTESIAN_POINT('Ctrl Pts',(246.480519798118,379.789092780633,35.2));
#6801=CARTESIAN_POINT('Ctrl Pts',(246.480519798118,379.789092780633,36.));
#6802=CARTESIAN_POINT('',(244.767250529802,382.629568766272,35.2));
#6803=CARTESIAN_POINT('Ctrl Pts',(246.480519798118,379.789092780633,35.2));
#6804=CARTESIAN_POINT('Ctrl Pts',(245.401815345999,380.653981860772,35.2));
#6805=CARTESIAN_POINT('Ctrl Pts',(244.830723514087,381.600780203829,35.2));
#6806=CARTESIAN_POINT('Ctrl Pts',(244.767250529802,382.629568766272,35.2));
#6807=CARTESIAN_POINT('',(244.767250529802,382.629568766272,36.));
#6808=CARTESIAN_POINT('Ctrl Pts',(244.767250529802,382.629568766272,36.));
#6809=CARTESIAN_POINT('Ctrl Pts',(244.830723514087,381.600780203829,36.));
#6810=CARTESIAN_POINT('Ctrl Pts',(245.401815345999,380.653981860772,36.));
#6811=CARTESIAN_POINT('Ctrl Pts',(246.480519798118,379.789092780633,36.));
#6812=CARTESIAN_POINT('',(244.767250529802,382.629568766272,35.2));
#6813=CARTESIAN_POINT('Origin',(248.798007662133,381.384844395141,35.2));
#6814=CARTESIAN_POINT('',(248.798007662133,381.384844395141,35.2));
#6815=CARTESIAN_POINT('',(244.767250529802,382.629568766272,35.2));
#6816=CARTESIAN_POINT('',(248.798007662133,381.384844395141,36.));
#6817=CARTESIAN_POINT('',(244.767250529802,382.629568766272,36.));
#6818=CARTESIAN_POINT('',(248.798007662133,381.384844395141,35.2));
#6819=CARTESIAN_POINT('Ctrl Pts',(249.056962492203,379.827416326896,35.2));
#6820=CARTESIAN_POINT('Ctrl Pts',(249.056962492203,379.827416326896,36.));
#6821=CARTESIAN_POINT('Ctrl Pts',(248.88429480172,380.194927552555,35.2));
#6822=CARTESIAN_POINT('Ctrl Pts',(248.88429480172,380.194927552555,36.));
#6823=CARTESIAN_POINT('Ctrl Pts',(248.798007662133,380.714098265362,35.2));
#6824=CARTESIAN_POINT('Ctrl Pts',(248.798007662133,380.714098265362,36.));
#6825=CARTESIAN_POINT('Ctrl Pts',(248.798007662133,381.384844395141,35.2));
#6826=CARTESIAN_POINT('Ctrl Pts',(248.798007662133,381.384844395141,36.));
#6827=CARTESIAN_POINT('',(249.056962492203,379.827416326896,35.2));
#6828=CARTESIAN_POINT('Ctrl Pts',(248.798007662133,381.384844395141,35.2));
#6829=CARTESIAN_POINT('Ctrl Pts',(248.798007662133,380.714098265362,35.2));
#6830=CARTESIAN_POINT('Ctrl Pts',(248.88429480172,380.194927552555,35.2));
#6831=CARTESIAN_POINT('Ctrl Pts',(249.056962492203,379.827416326896,35.2));
#6832=CARTESIAN_POINT('',(249.056962492203,379.827416326896,36.));
#6833=CARTESIAN_POINT('Ctrl Pts',(249.056962492203,379.827416326896,36.));
#6834=CARTESIAN_POINT('Ctrl Pts',(248.88429480172,380.194927552555,36.));
#6835=CARTESIAN_POINT('Ctrl Pts',(248.798007662133,380.714098265362,36.));
#6836=CARTESIAN_POINT('Ctrl Pts',(248.798007662133,381.384844395141,36.));
#6837=CARTESIAN_POINT('',(249.056962492203,379.827416326896,35.2));
#6838=CARTESIAN_POINT('Ctrl Pts',(249.777608943107,379.024726723531,35.2));
#6839=CARTESIAN_POINT('Ctrl Pts',(249.777608943107,379.024726723531,36.));
#6840=CARTESIAN_POINT('Ctrl Pts',(249.469790657438,379.192300383978,35.2));
#6841=CARTESIAN_POINT('Ctrl Pts',(249.469790657438,379.192300383978,36.));
#6842=CARTESIAN_POINT('Ctrl Pts',(249.229530543956,379.459861509292,35.2));
#6843=CARTESIAN_POINT('Ctrl Pts',(249.229530543956,379.459861509292,36.));
#6844=CARTESIAN_POINT('Ctrl Pts',(249.056962492203,379.827416326896,35.2));
#6845=CARTESIAN_POINT('Ctrl Pts',(249.056962492203,379.827416326896,36.));
#6846=CARTESIAN_POINT('',(249.777608943107,379.024726723531,35.2));
#6847=CARTESIAN_POINT('Ctrl Pts',(249.056962492203,379.827416326896,35.2));
#6848=CARTESIAN_POINT('Ctrl Pts',(249.229530543956,379.459861509292,35.2));
#6849=CARTESIAN_POINT('Ctrl Pts',(249.469790657438,379.192300383978,35.2));
#6850=CARTESIAN_POINT('Ctrl Pts',(249.777608943107,379.024726723531,35.2));
#6851=CARTESIAN_POINT('',(249.777608943107,379.024726723531,36.));
#6852=CARTESIAN_POINT('Ctrl Pts',(249.777608943107,379.024726723531,36.));
#6853=CARTESIAN_POINT('Ctrl Pts',(249.469790657438,379.192300383978,36.));
#6854=CARTESIAN_POINT('Ctrl Pts',(249.229530543956,379.459861509292,36.));
#6855=CARTESIAN_POINT('Ctrl Pts',(249.056962492203,379.827416326896,36.));
#6856=CARTESIAN_POINT('',(249.777608943107,379.024726723531,35.2));
#6857=CARTESIAN_POINT('Ctrl Pts',(251.905188502756,378.258928359696,35.2));
#6858=CARTESIAN_POINT('Ctrl Pts',(251.905188502756,378.258928359696,36.));
#6859=CARTESIAN_POINT('Ctrl Pts',(250.794665045172,378.601872411158,35.2));
#6860=CARTESIAN_POINT('Ctrl Pts',(250.794665045172,378.601872411158,36.));
#6861=CARTESIAN_POINT('Ctrl Pts',(250.085489502981,378.857149949374,35.2));
#6862=CARTESIAN_POINT('Ctrl Pts',(250.085489502981,378.857149949374,36.));
#6863=CARTESIAN_POINT('Ctrl Pts',(249.777608943107,379.024726723531,35.2));
#6864=CARTESIAN_POINT('Ctrl Pts',(249.777608943107,379.024726723531,36.));
#6865=CARTESIAN_POINT('',(251.905188502756,378.258928359696,35.2));
#6866=CARTESIAN_POINT('Ctrl Pts',(249.777608943107,379.024726723531,35.2));
#6867=CARTESIAN_POINT('Ctrl Pts',(250.085489502981,378.857149949374,35.2));
#6868=CARTESIAN_POINT('Ctrl Pts',(250.794665045172,378.601872411158,35.2));
#6869=CARTESIAN_POINT('Ctrl Pts',(251.905188502756,378.258928359696,35.2));
#6870=CARTESIAN_POINT('',(251.905188502756,378.258928359696,36.));
#6871=CARTESIAN_POINT('Ctrl Pts',(251.905188502756,378.258928359696,36.));
#6872=CARTESIAN_POINT('Ctrl Pts',(250.794665045172,378.601872411158,36.));
#6873=CARTESIAN_POINT('Ctrl Pts',(250.085489502981,378.857149949374,36.));
#6874=CARTESIAN_POINT('Ctrl Pts',(249.777608943107,379.024726723531,36.));
#6875=CARTESIAN_POINT('',(251.905188502756,378.258928359696,35.2));
#6876=CARTESIAN_POINT('Origin',(256.427933657053,376.862301632014,35.2));
#6877=CARTESIAN_POINT('',(256.427933657053,376.862301632014,35.2));
#6878=CARTESIAN_POINT('',(251.905188502756,378.258928359696,35.2));
#6879=CARTESIAN_POINT('',(256.427933657053,376.862301632014,36.));
#6880=CARTESIAN_POINT('',(251.905188502756,378.258928359696,36.));
#6881=CARTESIAN_POINT('',(256.427933657053,376.862301632014,35.2));
#6882=CARTESIAN_POINT('Origin',(256.427933657053,373.200338573982,35.2));
#6883=CARTESIAN_POINT('',(256.427933657053,373.200338573982,35.2));
#6884=CARTESIAN_POINT('',(256.427933657053,376.862301632014,35.2));
#6885=CARTESIAN_POINT('',(256.427933657053,373.200338573982,36.));
#6886=CARTESIAN_POINT('',(256.427933657053,376.862301632014,36.));
#6887=CARTESIAN_POINT('',(256.427933657053,373.200338573982,35.2));
#6888=CARTESIAN_POINT('Origin',(244.974374538367,376.737251913013,35.2));
#6889=CARTESIAN_POINT('',(256.427933657053,373.200338573982,35.2));
#6890=CARTESIAN_POINT('',(256.427933657053,373.200338573982,36.));
#6891=CARTESIAN_POINT('Origin',(250.597592093428,377.914953670127,36.));
#6892=CARTESIAN_POINT('Origin',(250.597592093428,377.914953670127,35.2));
#6893=CARTESIAN_POINT('Origin',(242.454078268251,411.293283452735,35.2));
#6894=CARTESIAN_POINT('',(242.454078268251,407.522536698264,35.2));
#6895=CARTESIAN_POINT('',(242.454078268251,411.293283452735,35.2));
#6896=CARTESIAN_POINT('',(242.454078268251,407.522536698264,35.2));
#6897=CARTESIAN_POINT('',(242.454078268251,407.522536698264,36.));
#6898=CARTESIAN_POINT('',(242.454078268251,407.522536698264,35.2));
#6899=CARTESIAN_POINT('',(242.454078268251,411.293283452735,36.));
#6900=CARTESIAN_POINT('',(242.454078268251,407.522536698264,36.));
#6901=CARTESIAN_POINT('',(242.454078268251,411.293283452735,35.2));
#6902=CARTESIAN_POINT('Origin',(256.427939884474,406.97806086192,35.2));
#6903=CARTESIAN_POINT('',(256.427939884474,406.97806086192,35.2));
#6904=CARTESIAN_POINT('',(242.454078268251,411.293283452735,35.2));
#6905=CARTESIAN_POINT('',(256.427939884474,406.97806086192,36.));
#6906=CARTESIAN_POINT('',(242.454078268251,411.293283452735,36.));
#6907=CARTESIAN_POINT('',(256.427939884474,406.97806086192,35.2));
#6908=CARTESIAN_POINT('Origin',(256.427939884474,403.207320334869,35.2));
#6909=CARTESIAN_POINT('',(256.427939884474,403.207320334869,35.2));
#6910=CARTESIAN_POINT('',(256.427939884474,406.97806086192,35.2));
#6911=CARTESIAN_POINT('',(256.427939884474,403.207320334869,36.));
#6912=CARTESIAN_POINT('',(256.427939884474,406.97806086192,36.));
#6913=CARTESIAN_POINT('',(256.427939884474,403.207320334869,35.2));
#6914=CARTESIAN_POINT('Origin',(242.454078268251,407.522536698264,35.2));
#6915=CARTESIAN_POINT('',(256.427939884474,403.207320334869,35.2));
#6916=CARTESIAN_POINT('',(256.427939884474,403.207320334869,36.));
#6917=CARTESIAN_POINT('Origin',(249.441009076362,407.250301893802,36.));
#6918=CARTESIAN_POINT('Origin',(249.441009076362,407.250301893802,35.2));
#6919=CARTESIAN_POINT('Origin',(244.974380765787,437.10594799341,35.2));
#6920=CARTESIAN_POINT('',(244.974380765787,434.028599611085,35.2));
#6921=CARTESIAN_POINT('',(244.974380765787,437.10594799341,35.2));
#6922=CARTESIAN_POINT('',(244.974380765787,434.028599611085,35.2));
#6923=CARTESIAN_POINT('',(244.974380765787,434.028599611085,36.));
#6924=CARTESIAN_POINT('',(244.974380765787,434.028599611085,35.2));
#6925=CARTESIAN_POINT('',(244.974380765787,437.10594799341,36.));
#6926=CARTESIAN_POINT('',(244.974380765787,434.028599611085,36.));
#6927=CARTESIAN_POINT('',(244.974380765787,437.10594799341,35.2));
#6928=CARTESIAN_POINT('Origin',(249.535935205152,434.210745435694,35.2));
#6929=CARTESIAN_POINT('',(249.535935205152,434.210745435694,35.2));
#6930=CARTESIAN_POINT('',(244.974380765787,437.10594799341,35.2));
#6931=CARTESIAN_POINT('',(249.535935205152,434.210745435694,36.));
#6932=CARTESIAN_POINT('',(244.974380765787,437.10594799341,36.));
#6933=CARTESIAN_POINT('',(249.535935205152,434.210745435694,35.2));
#6934=CARTESIAN_POINT('Origin',(256.427942998184,434.013130698359,35.2));
#6935=CARTESIAN_POINT('',(256.427942998184,434.013130698359,35.2));
#6936=CARTESIAN_POINT('',(249.535935205152,434.210745435694,35.2));
#6937=CARTESIAN_POINT('',(256.427942998184,434.013130698359,36.));
#6938=CARTESIAN_POINT('',(249.535935205152,434.210745435694,36.));
#6939=CARTESIAN_POINT('',(256.427942998184,434.013130698359,35.2));
#6940=CARTESIAN_POINT('Origin',(256.427942998184,430.491704954317,35.2));
#6941=CARTESIAN_POINT('',(256.427942998184,430.491704954317,35.2));
#6942=CARTESIAN_POINT('',(256.427942998184,434.013130698359,35.2));
#6943=CARTESIAN_POINT('',(256.427942998184,430.491704954317,36.));
#6944=CARTESIAN_POINT('',(256.427942998184,434.013130698359,36.));
#6945=CARTESIAN_POINT('',(256.427942998184,430.491704954317,35.2));
#6946=CARTESIAN_POINT('Origin',(251.436011522382,430.89113171046,35.2));
#6947=CARTESIAN_POINT('',(251.436011522382,430.89113171046,35.2));
#6948=CARTESIAN_POINT('',(256.427942998184,430.491704954317,35.2));
#6949=CARTESIAN_POINT('',(251.436011522382,430.89113171046,36.));
#6950=CARTESIAN_POINT('',(256.427942998184,430.491704954317,36.));
#6951=CARTESIAN_POINT('',(251.436011522382,430.89113171046,35.2));
#6952=CARTESIAN_POINT('Origin',(256.427942998184,429.345050002515,35.2));
#6953=CARTESIAN_POINT('',(256.427942998184,429.345050002515,35.2));
#6954=CARTESIAN_POINT('',(251.436011522382,430.89113171046,35.2));
#6955=CARTESIAN_POINT('',(256.427942998184,429.345050002515,36.));
#6956=CARTESIAN_POINT('',(251.436011522382,430.89113171046,36.));
#6957=CARTESIAN_POINT('',(256.427942998184,429.345050002515,35.2));
#6958=CARTESIAN_POINT('Origin',(256.427942998184,425.683114967877,35.2));
#6959=CARTESIAN_POINT('',(256.427942998184,425.683114967877,35.2));
#6960=CARTESIAN_POINT('',(256.427942998184,429.345050002515,35.2));
#6961=CARTESIAN_POINT('',(256.427942998184,425.683114967877,36.));
#6962=CARTESIAN_POINT('',(256.427942998184,429.345050002515,36.));
#6963=CARTESIAN_POINT('',(256.427942998184,425.683114967877,35.2));
#6964=CARTESIAN_POINT('Origin',(242.454078268251,429.998331331271,35.2));
#6965=CARTESIAN_POINT('',(242.454078268251,429.998331331271,35.2));
#6966=CARTESIAN_POINT('',(256.427942998184,425.683114967877,35.2));
#6967=CARTESIAN_POINT('',(242.454078268251,429.998331331271,36.));
#6968=CARTESIAN_POINT('',(256.427942998184,425.683114967877,36.));
#6969=CARTESIAN_POINT('',(242.454078268251,429.998331331271,35.2));
#6970=CARTESIAN_POINT('Origin',(242.454078268251,433.66027259333,35.2));
#6971=CARTESIAN_POINT('',(242.454078268251,433.66027259333,35.2));
#6972=CARTESIAN_POINT('',(242.454078268251,429.998331331271,35.2));
#6973=CARTESIAN_POINT('',(242.454078268251,433.66027259333,36.));
#6974=CARTESIAN_POINT('',(242.454078268251,429.998331331271,36.));
#6975=CARTESIAN_POINT('',(242.454078268251,433.66027259333,35.2));
#6976=CARTESIAN_POINT('Origin',(248.320193249411,431.853318009776,35.2));
#6977=CARTESIAN_POINT('',(248.320193249411,431.853318009776,35.2));
#6978=CARTESIAN_POINT('',(242.454078268251,433.66027259333,35.2));
#6979=CARTESIAN_POINT('',(248.320193249411,431.853318009776,36.));
#6980=CARTESIAN_POINT('',(242.454078268251,433.66027259333,36.));
#6981=CARTESIAN_POINT('',(248.320193249411,431.853318009776,35.2));
#6982=CARTESIAN_POINT('Origin',(244.974380765787,434.028599611085,35.2));
#6983=CARTESIAN_POINT('',(248.320193249411,431.853318009776,35.2));
#6984=CARTESIAN_POINT('',(248.320193249411,431.853318009776,36.));
#6985=CARTESIAN_POINT('Origin',(249.441010633218,431.394531480643,36.));
#6986=CARTESIAN_POINT('Origin',(249.441010633218,431.394531480643,35.2));
#6987=UNCERTAINTY_MEASURE_WITH_UNIT(LENGTH_MEASURE(0.01),#6991,
'DISTANCE_ACCURACY_VALUE',
'Maximum model space distance between geometric entities at asserted c
onnectivities');
#6988=UNCERTAINTY_MEASURE_WITH_UNIT(LENGTH_MEASURE(0.01),#6991,
'DISTANCE_ACCURACY_VALUE',
'Maximum model space distance between geometric entities at asserted c
onnectivities');
#6989=(
GEOMETRIC_REPRESENTATION_CONTEXT(3)
GLOBAL_UNCERTAINTY_ASSIGNED_CONTEXT((#6987))
GLOBAL_UNIT_ASSIGNED_CONTEXT((#6991,#6993,#6994))
REPRESENTATION_CONTEXT('','3D')
);
#6990=(
GEOMETRIC_REPRESENTATION_CONTEXT(3)
GLOBAL_UNCERTAINTY_ASSIGNED_CONTEXT((#6988))
GLOBAL_UNIT_ASSIGNED_CONTEXT((#6991,#6993,#6994))
REPRESENTATION_CONTEXT('','3D')
);
#6991=(
LENGTH_UNIT()
NAMED_UNIT(*)
SI_UNIT(.MILLI.,.METRE.)
);
#6992=(
LENGTH_UNIT()
NAMED_UNIT(*)
SI_UNIT($,.METRE.)
);
#6993=(
NAMED_UNIT(*)
PLANE_ANGLE_UNIT()
SI_UNIT($,.RADIAN.)
);
#6994=(
NAMED_UNIT(*)
SI_UNIT($,.STERADIAN.)
SOLID_ANGLE_UNIT()
);
#6995=SHAPE_DEFINITION_REPRESENTATION(#6996,#6997);
#6996=PRODUCT_DEFINITION_SHAPE('',$,#6999);
#6997=SHAPE_REPRESENTATION('',(#3779),#6989);
#6998=PRODUCT_DEFINITION_CONTEXT('part definition',#7003,'design');
#6999=PRODUCT_DEFINITION('3M PPS Lid Dispenser Top',
'3M PPS Lid Dispenser Top v9',#7000,#6998);
#7000=PRODUCT_DEFINITION_FORMATION('',$,#7005);
#7001=PRODUCT_RELATED_PRODUCT_CATEGORY('3M PPS Lid Dispenser Top v9',
'3M PPS Lid Dispenser Top v9',(#7005));
#7002=APPLICATION_PROTOCOL_DEFINITION('international standard',
'automotive_design',2009,#7003);
#7003=APPLICATION_CONTEXT(
'Core Data for Automotive Mechanical Design Process');
#7004=PRODUCT_CONTEXT('part definition',#7003,'mechanical');
#7005=PRODUCT('3M PPS Lid Dispenser Top','3M PPS Lid Dispenser Top v9',
$,(#7004));
#7006=PRESENTATION_STYLE_ASSIGNMENT((#7008));
#7007=PRESENTATION_STYLE_ASSIGNMENT((#7009));
#7008=SURFACE_STYLE_USAGE(.BOTH.,#7010);
#7009=SURFACE_STYLE_USAGE(.BOTH.,#7011);
#7010=SURFACE_SIDE_STYLE('',(#7012));
#7011=SURFACE_SIDE_STYLE('',(#7013));
#7012=SURFACE_STYLE_FILL_AREA(#7014);
#7013=SURFACE_STYLE_FILL_AREA(#7015);
#7014=FILL_AREA_STYLE('Steel - Satin',(#7016));
#7015=FILL_AREA_STYLE('Paint - Metal Flake (Dark Grey)',(#7017));
#7016=FILL_AREA_STYLE_COLOUR('Steel - Satin',#7018);
#7017=FILL_AREA_STYLE_COLOUR('Paint - Metal Flake (Dark Grey)',#7019);
#7018=COLOUR_RGB('Steel - Satin',0.627450980392157,0.627450980392157,0.627450980392157);
#7019=COLOUR_RGB('Paint - Metal Flake (Dark Grey)',0.349019607843137,0.349019607843137,
0.349019607843137);
ENDSEC;
END-ISO-10303-21;
